return_id;receipt_no;store_code;sku;qty;reason;return_date
RT-000001;R-0036170;ST-005;SKU-00094;1;Qadoq shikastlangan;24.01.2026
RT-000002;R-0039227;ST-009;SKU-00465;2;Qadoq shikastlangan;11.02.2026
RT-000003;R-0045404;ST-002;SKU-00101;1;Sifatsiz mahsulot;07.03.2026
RT-000004;R-0034205;ST-005;SKU-00279;3;Sifatsiz mahsulot;01.02.2026
RT-000005;R-0047882;ST-005;SKU-00421;2;Noto'g'ri tovar berilgan;15.02.2026
RT-000006;R-0048864;ST-006;SKU-00410;1;Kafolat holati;08.03.2026
RT-000007;R-0031048;ST-002;SKU-00007;1;Muddati o'tgan;19.01.2026
RT-000008;R-0034039;ST-011;SKU-00011;1;Kafolat holati;12.01.2026
RT-000009;R-0039618;ST-001;SKU-00345;2;Muddati o'tgan;30.01.2026
RT-000010;R-0038404;ST-012;SKU-00419;1;Noto'g'ri tovar berilgan;27.01.2026
RT-000011;R-0032564;ST-010;SKU-00153;2;Kafolat holati;23.01.2026
RT-000012;R-0046943;ST-001;SKU-00461;1;Noto'g'ri tovar berilgan;09.03.2026
RT-000013;R-0034846;ST-007;SKU-00129;1;Noto'g'ri tovar berilgan;20.01.2026
RT-000014;R-0050872;ST-007;SKU-00177;1;Qadoq shikastlangan;07.03.2026
RT-000015;R-0045036;ST-003;SKU-00157;1;Muddati o'tgan;15.02.2026
RT-000016;R-0030792;ST-006;SKU-00458;2;Sifatsiz mahsulot;04.01.2026
RT-000017;R-0030395;ST-005;SKU-00139;1;Muddati o'tgan;20.01.2026
RT-000018;R-0048977;ST-011;SKU-00255;1;Sifatsiz mahsulot;27.02.2026
RT-000019;R-0048836;ST-005;SKU-00114;5;Noto'g'ri tovar berilgan;15.03.2026
RT-000020;R-0038512;ST-005;SKU-00336;1;Noto'g'ri tovar berilgan;28.01.2026
RT-000021;R-0042140;ST-009;SKU-00372;1;Muddati o'tgan;25.02.2026
RT-000022;R-0042868;ST-008;SKU-00361;1;Noto'g'ri tovar berilgan;09.02.2026
RT-000023;R-0048268;ST-007;SKU-00301;2;Noto'g'ri tovar berilgan;13.03.2026
RT-000024;R-0045449;ST-004;SKU-00187;1;Sifatsiz mahsulot;06.03.2026
RT-000025;R-0032884;ST-011;SKU-00253;3;Qadoq shikastlangan;18.01.2026
RT-000026;R-0048543;ST-006;SKU-00278;2;Xaridor fikri o'zgardi;05.03.2026
RT-000027;R-0036305;;SKU-00480;2;Qadoq shikastlangan;02.02.2026
RT-000028;R-0046314;ST-001;SKU-00297;1;Noto'g'ri tovar berilgan;27.02.2026
RT-000029;R-0044291;ST-003;SKU-00023;1;Sifatsiz mahsulot;01.03.2026
RT-000030;R-0034932;ST-011;SKU-00319;1;Kafolat holati;19.01.2026
RT-000031;R-0035631;ST-011;SKU-00343;1;Muddati o'tgan;02.02.2026
RT-000032;R-0043572;ST-011;SKU-00251;1;Kafolat holati;14.02.2026
RT-000033;R-0041795;ST-007;SKU-00052;1;Sifatsiz mahsulot;07.02.2026
RT-000034;R-0046654;ST-002;SKU-00016;2;Noto'g'ri tovar berilgan;04.03.2026
RT-000035;R-0036045;ST-012;SKU-00344;4;Sifatsiz mahsulot;18.01.2026
RT-000036;R-0048966;ST-010;SKU-00064;1;;13.03.2026
RT-000037;R-0033141;ST-006;SKU-00469;1;Qadoq shikastlangan;24.01.2026
RT-000038;R-0034485;ST-006;SKU-00198;2;Kafolat holati;23.01.2026
RT-000039;R-0034770;ST-004;SKU-00478;2;Noto'g'ri tovar berilgan;24.01.2026
RT-000040;R-0048144;ST-003;SKU-00290;1;Kafolat holati;08.03.2026
RT-000041;R-0038294;ST-009;SKU-00176;3;Sifatsiz mahsulot;08.02.2026
RT-000042;R-0046130;ST-005;SKU-00031;3;Noto'g'ri tovar berilgan;04.03.2026
RT-000043;R-0031456;ST-003;SKU-00378;1;Muddati o'tgan;11.01.2026
RT-000044;R-0045319;ST-011;SKU-00395;1;Kafolat holati;07.03.2026
RT-000045;R-0049132;ST-005;SKU-00115;1;Noto'g'ri tovar berilgan;16.03.2026
RT-000046;R-0034222;ST-006;SKU-00224;1;Muddati o'tgan;31.01.2026
RT-000047;R-0035920;ST-008;SKU-00074;4;Sifatsiz mahsulot;26.01.2026
RT-000048;R-0031931;ST-009;SKU-00472;1;Sifatsiz mahsulot;29.12.2025
RT-000049;R-0043317;ST-001;SKU-00042;1;Kafolat holati;11.02.2026
RT-000050;R-0033919;ST-007;SKU-00010;2;Qadoq shikastlangan;20.01.2026
RT-000051;R-0044539;ST-001;SKU-00347;1;Sifatsiz mahsulot;24.02.2026
RT-000052;R-0040867;ST-006;SKU-00419;2;Noto'g'ri tovar berilgan;30.01.2026
RT-000053;R-0030510;ST-009;SKU-00015;1;Kafolat holati;09.01.2026
RT-000054;R-0032293;ST-011;SKU-00014;1;Noto'g'ri tovar berilgan;07.01.2026
RT-000055;R-0050800;ST-004;SKU-00160;1;Qadoq shikastlangan;14.03.2026
RT-000056;R-0047662;ST-010;SKU-00184;2;Kafolat holati;27.02.2026
RT-000057;R-0045096;ST-005;SKU-00343;2;;15.02.2026
RT-000058;R-0048801;ST-004;SKU-00321;2;Qadoq shikastlangan;06.03.2026
RT-000059;R-0043106;ST-004;SKU-00388;1;Sifatsiz mahsulot;13.02.2026
RT-000060;R-0051110;ST-004;SKU-00344;1;Noto'g'ri tovar berilgan;11.03.2026
RT-000061;R-0040281;ST-012;SKU-00183;1;Muddati o'tgan;06.02.2026
RT-000062;R-0049458;ST-005;SKU-00008;1;Noto'g'ri tovar berilgan;20.03.2026
RT-000063;R-0035627;ST-011;SKU-00397;2;Xaridor fikri o'zgardi;23.01.2026
RT-000064;R-0050105;ST-001;SKU-00114;1;Qadoq shikastlangan;18.03.2026
RT-000065;R-0032870;ST-010;SKU-00441;1;Noto'g'ri tovar berilgan;14.01.2026
RT-000066;R-0048343;ST-010;SKU-00152;1;Xaridor fikri o'zgardi;01.03.2026
RT-000067;R-0050911;ST-009;SKU-00359;1;Noto'g'ri tovar berilgan;10.03.2026
RT-000068;R-0045782;ST-005;SKU-00454;1;Noto'g'ri tovar berilgan;05.03.2026
RT-000069;R-0042850;ST-007;SKU-00279;1;Muddati o'tgan;19.02.2026
RT-000070;R-0034679;ST-001;SKU-00396;1;;22.01.2026
RT-000071;R-0040003;ST-004;SKU-00472;1;Qadoq shikastlangan;02.02.2026
RT-000072;R-0045518;ST-007;SKU-00278;3;Kafolat holati;28.02.2026
RT-000073;R-0046492;ST-008;SKU-00185;1;Kafolat holati;25.02.2026
RT-000074;R-0044609;ST-003;SKU-00065;1;Xaridor fikri o'zgardi;26.02.2026
RT-000075;R-0042539;ST-010;SKU-00248;2;Qadoq shikastlangan;14.02.2026
RT-000076;R-0038629;ST-009;SKU-00377;1;Noto'g'ri tovar berilgan;06.02.2026
RT-000077;R-0030275;ST-012;SKU-00355;1;Muddati o'tgan;06.01.2026
RT-000078;R-0049410;ST-004;SKU-00367;2;Xaridor fikri o'zgardi;18.03.2026
RT-000079;R-0034833;ST-007;SKU-00227;1;Qadoq shikastlangan;23.01.2026
RT-000080;R-0047149;ST-007;SKU-00492;2;Muddati o'tgan;24.02.2026
RT-000081;R-0043094;ST-003;SKU-00175;2;Muddati o'tgan;01.03.2026
RT-000082;R-0032704;ST-003;SKU-00426;1;Qadoq shikastlangan;26.01.2026
RT-000083;R-0046270;ST-011;SKU-00111;1;Sifatsiz mahsulot;03.03.2026
RT-000084;R-0047825;ST-003;SKU-00023;2;Sifatsiz mahsulot;04.03.2026
RT-000085;R-0045123;ST-006;SKU-00268;1;Qadoq shikastlangan;24.02.2026
RT-000086;R-0043228;ST-009;SKU-00073;3;Xaridor fikri o'zgardi;14.02.2026
RT-000087;R-0032422;ST-005;SKU-00097;1;Muddati o'tgan;26.01.2026
RT-000088;R-0033305;ST-011;SKU-00153;1;Xaridor fikri o'zgardi;17.01.2026
RT-000089;R-0039921;ST-001;SKU-00197;1;Sifatsiz mahsulot;13.02.2026
RT-000090;R-0033373;ST-002;SKU-00094;1;Noto'g'ri tovar berilgan;31.01.2026
RT-000091;R-0034694;ST-002;SKU-00341;1;Qadoq shikastlangan;04.02.2026
RT-000092;R-0040123;ST-007;SKU-00403;3;Kafolat holati;01.02.2026
RT-000093;R-0034236;ST-006;SKU-00277;2;Xaridor fikri o'zgardi;29.01.2026
RT-000094;R-0045053;ST-004;SKU-00426;1;Muddati o'tgan;16.02.2026
RT-000095;R-0034098;ST-001;SKU-00358;2;Kafolat holati;31.01.2026
RT-000096;R-0033655;ST-010;SKU-00163;2;Xaridor fikri o'zgardi;13.01.2026
RT-000097;R-0045137;ST-006;SKU-00133;8;Kafolat holati;21.02.2026
RT-000098;R-0045914;ST-010;SKU-00254;1;;02.03.2026
RT-000099;R-0049578;ST-008;SKU-00248;1;Kafolat holati;07.03.2026
RT-000100;R-0033942;ST-008;SKU-00135;1;Qadoq shikastlangan;20.01.2026
RT-000101;R-0037892;ST-009;SKU-00468;3;Sifatsiz mahsulot;02.02.2026
RT-000102;R-0032552;ST-009;SKU-00181;2;Xaridor fikri o'zgardi;12.01.2026
RT-000103;R-0032649;ST-001;SKU-00327;1;Sifatsiz mahsulot;10.01.2026
RT-000104;R-0035244;ST-012;SKU-00450;1;Noto'g'ri tovar berilgan;18.01.2026
RT-000105;R-0033858;ST-005;SKU-00023;1;Xaridor fikri o'zgardi;24.01.2026
RT-000106;R-0040025;ST-004;SKU-00152;1;Sifatsiz mahsulot;31.01.2026
RT-000107;R-0036422;ST-003;SKU-00405;1;Xaridor fikri o'zgardi;03.02.2026
RT-000108;R-0036324;ST-011;SKU-00441;2;Muddati o'tgan;30.01.2026
RT-000109;R-0040866;ST-006;SKU-00313;1;Noto'g'ri tovar berilgan;06.02.2026
RT-000110;R-0031969;ST-011;SKU-00176;1;Noto'g'ri tovar berilgan;09.01.2026
RT-000111;R-0032192;ST-008;SKU-00493;1;Sifatsiz mahsulot;08.01.2026
RT-000112;R-0047625;;SKU-00088;1;Sifatsiz mahsulot;19.02.2026
RT-000113;R-0041650;ST-001;SKU-00057;1;Qadoq shikastlangan;17.02.2026
RT-000114;R-0042545;ST-010;SKU-00020;2;Noto'g'ri tovar berilgan;14.02.2026
RT-000115;R-0041847;ST-010;SKU-00452;1;Muddati o'tgan;05.02.2026
RT-000116;R-0052021;ST-001;SKU-00338;1;Sifatsiz mahsulot;23.03.2026
RT-000117;R-0033597;ST-008;SKU-00427;2;Muddati o'tgan;23.01.2026
RT-000118;R-0044726;ST-007;SKU-00303;1;Qadoq shikastlangan;25.02.2026
RT-000119;R-0043600;ST-012;SKU-00396;1;Kafolat holati;20.02.2026
RT-000120;R-0045884;ST-009;SKU-00382;6;Sifatsiz mahsulot;05.03.2026
RT-000121;R-0047004;ST-002;SKU-00203;1;Xaridor fikri o'zgardi;28.02.2026
RT-000122;R-0032950;ST-001;SKU-00211;1;Qadoq shikastlangan;30.01.2026
RT-000123;R-0050092;ST-001;SKU-00210;2;Muddati o'tgan;15.03.2026
RT-000124;R-0044976;ST-002;SKU-00448;1;Xaridor fikri o'zgardi;04.03.2026
RT-000125;R-0042367;ST-004;SKU-00210;1;Muddati o'tgan;23.02.2026
RT-000126;R-0049905;ST-007;SKU-00353;1;Xaridor fikri o'zgardi;08.03.2026
RT-000127;R-0030295;ST-001;SKU-00041;1;Xaridor fikri o'zgardi;28.12.2025
RT-000128;R-0037196;ST-008;SKU-00092;1;Muddati o'tgan;31.01.2026
RT-000129;R-0030503;ST-009;SKU-00235;4;Qadoq shikastlangan;19.01.2026
RT-000130;R-0048469;ST-003;SKU-00165;1;Kafolat holati;07.03.2026
RT-000131;R-0034504;ST-006;SKU-00170;2;Qadoq shikastlangan;22.01.2026
RT-000132;R-0032516;ST-008;SKU-00367;1;Sifatsiz mahsulot;16.01.2026
RT-000133;R-0048896;ST-007;SKU-00084;1;Sifatsiz mahsulot;28.02.2026
RT-000134;R-0040197;ST-010;SKU-00210;2;Sifatsiz mahsulot;02.02.2026
RT-000135;R-0042046;ST-006;SKU-00412;2;Qadoq shikastlangan;14.02.2026
RT-000136;R-0045556;;SKU-00367;2;Kafolat holati;23.02.2026
RT-000137;R-0050425;ST-002;SKU-00492;1;Noto'g'ri tovar berilgan;04.03.2026
RT-000138;R-0037201;ST-008;SKU-00437;2;Qadoq shikastlangan;22.01.2026
RT-000139;R-0051262;ST-011;SKU-00399;1;Kafolat holati;13.03.2026
RT-000140;R-0049543;ST-008;SKU-00051;1;Xaridor fikri o'zgardi;15.03.2026
RT-000141;R-0044838;ST-010;SKU-00230;1;Noto'g'ri tovar berilgan;25.02.2026
RT-000142;R-0037994;ST-012;SKU-00271;1;Kafolat holati;03.02.2026
RT-000143;R-0050848;ST-006;SKU-00134;5;Noto'g'ri tovar berilgan;10.03.2026
RT-000144;R-0051870;ST-008;SKU-00318;4;Muddati o'tgan;14.03.2026
RT-000145;R-0033124;ST-006;SKU-00396;1;Muddati o'tgan;30.01.2026
RT-000146;R-0047426;ST-003;SKU-00233;1;Qadoq shikastlangan;10.03.2026
RT-000147;R-0034929;ST-011;SKU-00146;2;Noto'g'ri tovar berilgan;03.02.2026
RT-000148;R-0047768;ST-001;SKU-00039;2;Muddati o'tgan;10.03.2026
RT-000149;R-0043681;ST-003;SKU-00459;1;Xaridor fikri o'zgardi;23.02.2026
RT-000150;R-0047808;ST-002;SKU-00168;1;Sifatsiz mahsulot;06.03.2026
RT-000151;R-0046716;ST-004;SKU-00367;1;Qadoq shikastlangan;07.03.2026
RT-000152;R-0047150;ST-007;SKU-00417;3;Qadoq shikastlangan;26.02.2026
RT-000153;R-0030830;ST-007;SKU-00011;3;Noto'g'ri tovar berilgan;16.01.2026
RT-000154;R-0048865;ST-006;SKU-00007;1;Noto'g'ri tovar berilgan;11.03.2026
RT-000155;R-0048356;ST-010;SKU-00063;1;Sifatsiz mahsulot;11.03.2026
RT-000156;R-0042854;ST-007;SKU-00340;2;Noto'g'ri tovar berilgan;13.02.2026
RT-000157;R-0037006;ST-001;SKU-00180;1;Qadoq shikastlangan;25.01.2026
RT-000158;R-0038944;ST-010;SKU-00428;1;Sifatsiz mahsulot;29.01.2026
RT-000159;R-0044132;ST-009;SKU-00230;1;Noto'g'ri tovar berilgan;21.02.2026
RT-000160;R-0034958;ST-012;SKU-00297;1;Muddati o'tgan;28.01.2026
RT-000161;R-0050173;ST-004;SKU-00291;2;Muddati o'tgan;12.03.2026
RT-000162;R-0040195;ST-010;SKU-00074;1;Noto'g'ri tovar berilgan;08.02.2026
RT-000163;R-0043136;ST-005;SKU-00090;2;Qadoq shikastlangan;27.02.2026
RT-000164;R-0048168;ST-004;SKU-00408;1;Xaridor fikri o'zgardi;13.03.2026
RT-000165;R-0036655;ST-012;SKU-00054;1;Muddati o'tgan;21.01.2026
RT-000166;R-0035436;ST-005;SKU-00482;1;Kafolat holati;03.02.2026
RT-000167;R-0036403;ST-003;SKU-00346;4;Noto'g'ri tovar berilgan;04.02.2026
RT-000168;R-0042916;ST-009;SKU-00421;2;Sifatsiz mahsulot;20.02.2026
RT-000169;R-0035522;ST-008;SKU-00218;1;Muddati o'tgan;31.01.2026
RT-000170;R-0037869;ST-008;SKU-00107;3;Qadoq shikastlangan;09.02.2026
RT-000171;R-0040817;ST-004;SKU-00231;2;Noto'g'ri tovar berilgan;14.02.2026
RT-000172;R-0039005;ST-012;SKU-00339;1;Qadoq shikastlangan;07.02.2026
RT-000173;R-0033865;ST-005;SKU-00288;1;Qadoq shikastlangan;25.01.2026
RT-000174;R-0039694;ST-005;SKU-00342;1;Muddati o'tgan;13.02.2026
RT-000175;R-0043898;ST-012;SKU-00462;1;Noto'g'ri tovar berilgan;12.02.2026
RT-000176;R-0037455;ST-006;SKU-00257;1;Qadoq shikastlangan;23.01.2026
RT-000177;R-0038902;ST-008;SKU-00099;1;Muddati o'tgan;12.02.2026
RT-000178;R-0043876;ST-011;SKU-00110;1;Kafolat holati;23.02.2026
RT-000179;R-0032852;ST-009;SKU-00184;3;Sifatsiz mahsulot;17.01.2026
RT-000180;R-0051463;ST-007;SKU-00171;1;Noto'g'ri tovar berilgan;07.03.2026
RT-000181;R-0045153;ST-006;SKU-00371;3;Xaridor fikri o'zgardi;17.02.2026
RT-000182;R-0046581;ST-011;SKU-00201;1;Kafolat holati;25.02.2026
RT-000183;R-0044150;ST-010;SKU-00407;1;Kafolat holati;27.02.2026
RT-000184;R-0036185;ST-006;SKU-00346;2;Xaridor fikri o'zgardi;02.02.2026
RT-000185;R-0040595;ST-009;SKU-00224;1;Noto'g'ri tovar berilgan;03.02.2026
RT-000186;R-0037782;ST-006;SKU-00373;1;Muddati o'tgan;03.02.2026
RT-000187;R-0037729;ST-004;SKU-00134;1;Noto'g'ri tovar berilgan;31.01.2026
RT-000188;R-0039349;ST-003;SKU-00339;1;Qadoq shikastlangan;13.02.2026
RT-000189;R-0051780;ST-006;SKU-00446;3;Sifatsiz mahsulot;12.03.2026
RT-000190;R-0032173;ST-007;SKU-00482;2;Qadoq shikastlangan;07.01.2026
RT-000191;R-0030184;ST-008;SKU-00471;1;Muddati o'tgan;18.01.2026
RT-000192;R-0050309;ST-009;SKU-00178;1;Xaridor fikri o'zgardi;16.03.2026
RT-000193;R-0036833;ST-006;SKU-00167;8;Xaridor fikri o'zgardi;04.02.2026
RT-000194;R-0037149;ST-006;SKU-00285;1;Qadoq shikastlangan;31.01.2026
RT-000195;R-0050547;ST-006;SKU-00264;1;Qadoq shikastlangan;23.02.2026
RT-000196;R-0036739;ST-003;SKU-00212;1;Sifatsiz mahsulot;30.01.2026
RT-000197;R-0044017;ST-005;SKU-00295;2;Xaridor fikri o'zgardi;25.02.2026
RT-000198;R-0040412;ST-004;SKU-00437;2;Sifatsiz mahsulot;10.02.2026
RT-000199;R-0042618;ST-001;SKU-00260;1;Kafolat holati;22.02.2026
RT-000200;R-0036999;ST-001;SKU-00312;2;Xaridor fikri o'zgardi;27.01.2026
RT-000201;R-0048973;ST-011;SKU-00165;1;Kafolat holati;04.03.2026
RT-000202;R-0031684;ST-012;SKU-00008;1;Sifatsiz mahsulot;21.01.2026
RT-000203;R-0050201;ST-005;SKU-00165;1;Kafolat holati;19.03.2026
RT-000204;R-0050714;ST-001;SKU-00232;1;;02.03.2026
RT-000205;R-0044779;ST-008;SKU-00077;2;Muddati o'tgan;05.03.2026
RT-000206;R-0036578;ST-009;SKU-00488;2;Muddati o'tgan;31.01.2026
RT-000207;R-0035012;ST-002;SKU-00055;2;Muddati o'tgan;04.02.2026
RT-000208;R-0042749;ST-005;SKU-00150;3;Noto'g'ri tovar berilgan;24.02.2026
RT-000209;R-0032573;ST-010;SKU-00490;2;Xaridor fikri o'zgardi;19.01.2026
RT-000210;R-0037612;ST-001;SKU-00312;1;Xaridor fikri o'zgardi;06.02.2026
RT-000211;R-0033968;ST-008;SKU-00164;2;Noto'g'ri tovar berilgan;31.01.2026
RT-000212;R-0036308;ST-011;SKU-00348;1;Xaridor fikri o'zgardi;28.01.2026
RT-000213;R-0042015;ST-004;SKU-00340;2;Sifatsiz mahsulot;21.02.2026
RT-000214;R-0042889;ST-009;SKU-00120;8;Noto'g'ri tovar berilgan;25.02.2026
RT-000215;R-0033540;ST-006;SKU-00048;1;Qadoq shikastlangan;12.01.2026
RT-000216;R-0052015;ST-001;SKU-00469;2;Sifatsiz mahsulot;28.03.2026
RT-000217;R-0036651;ST-012;SKU-00371;1;Xaridor fikri o'zgardi;25.01.2026
RT-000218;R-0049818;ST-004;SKU-00389;1;Xaridor fikri o'zgardi;09.03.2026
RT-000219;R-0044418;ST-009;SKU-00373;4;Xaridor fikri o'zgardi;21.02.2026
RT-000220;R-0030659;ST-002;SKU-00475;1;Kafolat holati;21.01.2026
RT-000221;R-0050016;ST-010;SKU-00265;7;Xaridor fikri o'zgardi;18.03.2026
RT-000222;R-0032924;ST-012;SKU-00220;1;Xaridor fikri o'zgardi;09.01.2026
RT-000223;R-0045025;ST-003;SKU-00101;1;Qadoq shikastlangan;21.02.2026
RT-000224;R-0032979;ST-002;SKU-00017;1;Kafolat holati;16.01.2026
RT-000225;R-0040769;ST-003;SKU-00243;4;Muddati o'tgan;09.02.2026
RT-000226;R-0042216;ST-012;SKU-00310;1;Noto'g'ri tovar berilgan;11.02.2026
RT-000227;R-0041016;ST-012;SKU-00194;1;Sifatsiz mahsulot;16.02.2026
RT-000228;R-0042104;ST-008;SKU-00477;4;Sifatsiz mahsulot;23.02.2026
RT-000229;R-0035763;;SKU-00440;1;Xaridor fikri o'zgardi;18.01.2026
RT-000230;R-0050040;ST-011;SKU-00218;1;Muddati o'tgan;17.03.2026
RT-000231;R-0039790;ST-008;SKU-00175;1;Muddati o'tgan;15.02.2026
RT-000232;R-0049181;ST-007;SKU-00103;1;Noto'g'ri tovar berilgan;06.03.2026
RT-000233;R-0036110;ST-002;SKU-00425;2;Xaridor fikri o'zgardi;27.01.2026
RT-000234;R-0042395;ST-005;SKU-00379;1;Muddati o'tgan;09.02.2026
RT-000235;R-0035913;ST-008;SKU-00072;1;Noto'g'ri tovar berilgan;18.01.2026
RT-000236;R-0031091;ST-003;SKU-00324;4;Muddati o'tgan;17.01.2026
RT-000237;R-0038693;ST-011;SKU-00089;1;Noto'g'ri tovar berilgan;03.02.2026
RT-000238;R-0039554;ST-011;SKU-00343;1;Qadoq shikastlangan;14.02.2026
RT-000239;R-0042897;ST-009;SKU-00442;1;Sifatsiz mahsulot;28.02.2026
RT-000240;R-0031846;ST-006;SKU-00003;1;Kafolat holati;14.01.2026
RT-000241;R-0051725;ST-004;SKU-00294;1;Xaridor fikri o'zgardi;20.03.2026
RT-000242;R-0032753;ST-005;SKU-00142;1;Qadoq shikastlangan;18.01.2026
RT-000243;R-0034326;ST-011;SKU-00361;1;Kafolat holati;21.01.2026
RT-000244;R-0041037;ST-001;SKU-00067;1;Muddati o'tgan;06.02.2026
RT-000245;R-0045913;ST-010;SKU-00240;1;Qadoq shikastlangan;06.03.2026
RT-000246;R-0046212;ST-009;SKU-00185;1;Sifatsiz mahsulot;09.03.2026
RT-000247;R-0039713;ST-005;SKU-00330;2;Muddati o'tgan;03.02.2026
RT-000248;R-0045200;ST-008;SKU-00487;1;Muddati o'tgan;02.03.2026
RT-000249;R-0031391;ST-012;SKU-00049;1;Sifatsiz mahsulot;23.01.2026
RT-000250;R-0040577;ST-009;SKU-00294;1;Kafolat holati;09.02.2026
RT-000251;R-0038741;ST-001;SKU-00407;1;Noto'g'ri tovar berilgan;05.02.2026
RT-000252;R-9597561;ST-006;SKU-00424;2;Xaridor fikri o'zgardi;13.02.2026
RT-000253;R-0031268;ST-008;SKU-00224;1;Xaridor fikri o'zgardi;08.01.2026
RT-000254;R-0034069;ST-012;SKU-00412;1;Qadoq shikastlangan;12.01.2026
RT-000255;R-0040919;ST-009;SKU-00474;1;Xaridor fikri o'zgardi;02.02.2026
RT-000256;R-0036314;ST-011;SKU-00491;1;Kafolat holati;21.01.2026
RT-000257;R-0048928;ST-009;SKU-00404;1;Xaridor fikri o'zgardi;11.03.2026
RT-000258;R-0049909;ST-007;SKU-00170;1;Muddati o'tgan;02.03.2026
RT-000259;R-0038769;ST-002;SKU-00407;1;Muddati o'tgan;29.01.2026
RT-000260;R-0048192;ST-005;SKU-00395;5;Qadoq shikastlangan;10.03.2026
RT-000261;R-0031952;ST-010;SKU-00471;1;Noto'g'ri tovar berilgan;10.01.2026
RT-000262;R-0031152;ST-004;SKU-00474;1;Kafolat holati;22.01.2026
RT-000263;R-0038076;ST-002;SKU-00415;2;Noto'g'ri tovar berilgan;10.02.2026
RT-000264;R-0047273;ST-011;SKU-00086;2;Xaridor fikri o'zgardi;25.02.2026
RT-000265;R-0051774;ST-006;SKU-00486;1;Kafolat holati;16.03.2026
RT-000266;R-0039542;ST-010;SKU-00198;2;Muddati o'tgan;15.02.2026
RT-000267;R-0042126;ST-009;SKU-00003;1;Xaridor fikri o'zgardi;12.02.2026
RT-000268;R-0040202;ST-010;SKU-00278;1;Noto'g'ri tovar berilgan;12.02.2026
RT-000269;R-0033235;ST-009;SKU-00196;2;Kafolat holati;29.01.2026
RT-000270;R-0045584;ST-010;SKU-00064;1;Noto'g'ri tovar berilgan;01.03.2026
RT-000271;R-0039451;ST-006;SKU-00155;1;Qadoq shikastlangan;13.02.2026
RT-000272;R-0045355;ST-012;SKU-00005;3;Xaridor fikri o'zgardi;26.02.2026
RT-000273;R-9431552;ST-005;SKU-00318;3;Noto'g'ri tovar berilgan;23.02.2026
RT-000274;R-0041893;ST-011;SKU-00408;1;Noto'g'ri tovar berilgan;23.02.2026
RT-000275;R-0051273;ST-012;SKU-00288;1;Xaridor fikri o'zgardi;20.03.2026
RT-000276;R-0036743;ST-003;SKU-00257;1;Qadoq shikastlangan;27.01.2026
RT-000277;R-0041467;;SKU-00368;3;Noto'g'ri tovar berilgan;06.02.2026
RT-000278;R-0035074;ST-005;SKU-00475;1;;05.02.2026
RT-000279;R-0037324;ST-012;SKU-00301;7;Xaridor fikri o'zgardi;31.01.2026
RT-000280;R-0035643;ST-011;SKU-00439;2;Muddati o'tgan;02.02.2026
RT-000281;R-0032083;ST-003;SKU-00309;1;Kafolat holati;16.01.2026
RT-000282;R-0038800;ST-004;SKU-00343;1;Kafolat holati;06.02.2026
RT-000283;R-0032569;ST-010;SKU-00389;2;Qadoq shikastlangan;09.01.2026
RT-000284;R-0043090;ST-003;SKU-00147;3;Kafolat holati;04.02.2026
RT-000285;R-0033652;ST-010;SKU-00035;1;Muddati o'tgan;23.01.2026
RT-000286;R-0036978;ST-012;SKU-00287;2;Muddati o'tgan;07.02.2026
RT-000287;R-0051188;ST-008;SKU-00358;1;;07.03.2026
RT-000288;R-0051627;ST-002;SKU-00346;1;Xaridor fikri o'zgardi;21.03.2026
RT-000289;R-0044683;ST-005;SKU-00150;2;Noto'g'ri tovar berilgan;23.02.2026
RT-000290;R-0048777;ST-003;SKU-00464;2;Muddati o'tgan;11.03.2026
RT-000291;R-0042287;ST-002;SKU-00310;2;;13.02.2026
RT-000292;R-0046997;ST-002;SKU-00354;1;Noto'g'ri tovar berilgan;01.03.2026
RT-000293;R-0033355;ST-001;SKU-00031;1;Kafolat holati;27.01.2026
RT-000294;R-0042763;ST-005;SKU-00126;2;Kafolat holati;20.02.2026
RT-000295;R-0050099;ST-001;SKU-00461;1;Noto'g'ri tovar berilgan;13.03.2026
RT-000296;R-0031786;ST-004;SKU-00229;3;Noto'g'ri tovar berilgan;23.01.2026
RT-000297;R-0038033;ST-001;SKU-00065;1;Muddati o'tgan;30.01.2026
RT-000298;R-0035375;ST-004;SKU-00385;2;Xaridor fikri o'zgardi;17.01.2026
RT-000299;R-0052182;ST-006;SKU-00142;1;Xaridor fikri o'zgardi;21.03.2026
RT-000300;R-0031000;ST-012;SKU-00499;1;Sifatsiz mahsulot;28.12.2025
RT-000301;R-0043983;ST-004;SKU-00122;2;Noto'g'ri tovar berilgan;17.02.2026
RT-000302;R-0039539;ST-010;SKU-00137;2;Qadoq shikastlangan;17.02.2026
RT-000303;R-0031015;ST-001;SKU-00109;1;Kafolat holati;20.01.2026
RT-000304;R-0040802;ST-004;SKU-00349;1;;02.02.2026
RT-000305;R-0042631;ST-001;SKU-00437;2;Sifatsiz mahsulot;14.02.2026
RT-000306;R-0038569;ST-007;SKU-00323;1;Kafolat holati;13.02.2026
RT-000307;R-0047721;ST-011;SKU-00118;4;Qadoq shikastlangan;05.03.2026
RT-000308;R-0042331;ST-003;SKU-00375;2;Kafolat holati;07.02.2026
RT-000309;R-0030299;ST-001;SKU-00273;1;Xaridor fikri o'zgardi;12.01.2026
RT-000310;R-0040780;ST-003;SKU-00178;2;Kafolat holati;05.02.2026
RT-000311;R-0036003;ST-011;SKU-00260;5;Sifatsiz mahsulot;28.01.2026
RT-000312;R-0048974;ST-011;SKU-00384;1;Kafolat holati;09.03.2026
RT-000313;R-0033211;ST-009;SKU-00451;2;Muddati o'tgan;29.01.2026
RT-000314;R-0043939;ST-002;SKU-00228;1;;19.02.2026
RT-000315;R-0032596;ST-011;SKU-00116;1;Qadoq shikastlangan;03.01.2026
RT-000316;R-0041663;ST-001;SKU-00267;1;Sifatsiz mahsulot;23.02.2026
RT-000317;R-0033450;ST-004;SKU-00108;2;Xaridor fikri o'zgardi;21.01.2026
RT-000318;R-0038607;ST-008;SKU-00366;1;Qadoq shikastlangan;31.01.2026
RT-000319;R-0041548;ST-009;SKU-00172;1;Kafolat holati;10.02.2026
RT-000320;R-0039292;ST-012;SKU-00239;1;Muddati o'tgan;06.02.2026
RT-000321;R-0046300;ST-001;SKU-00406;1;Sifatsiz mahsulot;21.02.2026
RT-000322;R-0040932;ST-009;SKU-00350;1;Qadoq shikastlangan;16.02.2026
RT-000323;R-0039429;ST-005;SKU-00343;4;Muddati o'tgan;11.02.2026
RT-000324;R-0044226;ST-001;SKU-00129;1;Xaridor fikri o'zgardi;03.03.2026
RT-000325;R-0030092;ST-004;SKU-00413;1;Noto'g'ri tovar berilgan;16.01.2026
RT-000326;R-0037366;ST-002;SKU-00299;11;Qadoq shikastlangan;31.01.2026
RT-000327;R-0035317;ST-002;SKU-00162;2;Xaridor fikri o'zgardi;06.02.2026
RT-000328;R-0052152;ST-006;SKU-00393;1;Kafolat holati;24.03.2026
RT-000329;R-0046912;ST-012;SKU-00141;1;Kafolat holati;10.03.2026
RT-000330;R-0042247;ST-001;SKU-00302;1;Xaridor fikri o'zgardi;10.02.2026
RT-000331;R-0044425;ST-009;SKU-00226;1;Sifatsiz mahsulot;18.02.2026
RT-000332;R-0032661;ST-002;SKU-00207;1;Kafolat holati;23.01.2026
RT-000333;R-0049871;ST-005;SKU-00392;1;Muddati o'tgan;08.03.2026
RT-000334;R-0038629;ST-009;SKU-00308;3;Noto'g'ri tovar berilgan;06.02.2026
RT-000335;R-0048494;ST-004;SKU-00368;1;Sifatsiz mahsulot;27.02.2026
RT-000336;R-0046578;ST-011;SKU-00356;1;Kafolat holati;23.02.2026
RT-000337;R-0041823;ST-008;SKU-00395;1;Xaridor fikri o'zgardi;22.02.2026
RT-000338;R-0031562;ST-006;SKU-00467;2;Noto'g'ri tovar berilgan;21.01.2026
RT-000339;R-0030865;ST-008;SKU-00112;4;Muddati o'tgan;13.01.2026
RT-000340;R-9333088;ST-004;SKU-00464;2;Kafolat holati;28.02.2026
RT-000341;R-0046380;ST-003;SKU-00274;2;Noto'g'ri tovar berilgan;19.02.2026
RT-000342;R-0045977;ST-012;SKU-00229;1;Kafolat holati;23.02.2026
RT-000343;R-0032619;ST-012;SKU-00492;2;Sifatsiz mahsulot;25.01.2026
RT-000344;R-0045709;ST-003;SKU-00325;1;Xaridor fikri o'zgardi;09.03.2026
RT-000345;R-0046693;ST-003;SKU-00474;1;Muddati o'tgan;07.03.2026
RT-000346;R-0035116;ST-007;SKU-00238;1;Sifatsiz mahsulot;05.02.2026
RT-000347;R-0032499;ST-008;SKU-00187;1;Kafolat holati;23.01.2026
RT-000348;R-0042885;ST-009;SKU-00298;1;Muddati o'tgan;21.02.2026
RT-000349;R-0046176;ST-007;SKU-00168;1;Muddati o'tgan;03.03.2026
RT-000350;R-0030211;ST-010;SKU-00183;3;Kafolat holati;14.01.2026
RT-000351;R-0043768;ST-006;SKU-00486;3;Sifatsiz mahsulot;11.02.2026
RT-000352;R-0045397;ST-002;SKU-00246;1;Xaridor fikri o'zgardi;19.02.2026
RT-000353;R-0038026;ST-001;SKU-00353;1;Xaridor fikri o'zgardi;12.02.2026
RT-000354;R-0049226;ST-009;SKU-00349;4;Qadoq shikastlangan;11.03.2026
RT-000355;R-0037144;ST-006;SKU-00215;1;Sifatsiz mahsulot;30.01.2026
RT-000356;R-0041655;ST-001;SKU-00121;1;Sifatsiz mahsulot;14.02.2026
RT-000357;R-0038892;ST-008;SKU-00437;1;Qadoq shikastlangan;14.02.2026
RT-000358;R-0030449;ST-006;SKU-00402;4;Sifatsiz mahsulot;19.01.2026
RT-000359;R-0049915;ST-007;SKU-00123;1;Qadoq shikastlangan;08.03.2026
RT-000360;R-0049466;ST-005;SKU-00078;1;Muddati o'tgan;02.03.2026
RT-000361;R-0046207;ST-008;SKU-00199;1;Noto'g'ri tovar berilgan;22.02.2026
RT-000362;R-0047820;ST-003;SKU-00277;3;Kafolat holati;02.03.2026
RT-000363;R-0031697;ST-001;SKU-00302;2;Noto'g'ri tovar berilgan;11.01.2026
RT-000364;R-0036810;ST-006;SKU-00489;1;Qadoq shikastlangan;29.01.2026
RT-000365;R-0041844;ST-009;SKU-00440;2;Sifatsiz mahsulot;08.02.2026
RT-000366;R-0037444;ST-006;SKU-00058;1;Qadoq shikastlangan;10.02.2026
RT-000367;R-0051646;ST-002;SKU-00346;1;Xaridor fikri o'zgardi;27.03.2026
RT-000368;R-0051281;ST-012;SKU-00473;1;Sifatsiz mahsulot;22.03.2026
RT-000369;R-9491894;ST-009;SKU-00472;4;Xaridor fikri o'zgardi;26.02.2026
RT-000370;R-0037752;ST-005;SKU-00153;1;Muddati o'tgan;07.02.2026
RT-000371;R-0044783;;SKU-00267;2;Qadoq shikastlangan;18.02.2026
RT-000372;R-0041012;ST-012;SKU-00487;2;Noto'g'ri tovar berilgan;11.02.2026
RT-000373;R-0030694;ST-003;SKU-00029;4;Sifatsiz mahsulot;22.01.2026
RT-000374;R-0031796;ST-004;SKU-00077;3;Qadoq shikastlangan;09.01.2026
RT-000375;R-0039323;ST-002;SKU-00300;2;Xaridor fikri o'zgardi;05.02.2026
RT-000376;R-0048518;ST-005;SKU-00355;1;;11.03.2026
RT-000377;R-0048759;ST-003;SKU-00231;1;Qadoq shikastlangan;16.03.2026
RT-000378;R-0048607;ST-008;SKU-00109;4;Qadoq shikastlangan;16.03.2026
RT-000379;R-0041006;ST-012;SKU-00019;2;Qadoq shikastlangan;30.01.2026
RT-000380;R-0050240;ST-006;SKU-00326;1;Kafolat holati;02.03.2026
RT-000381;R-0038535;ST-006;SKU-00198;1;Muddati o'tgan;04.02.2026
RT-000382;R-0045218;ST-008;SKU-00398;1;Noto'g'ri tovar berilgan;27.02.2026
RT-000383;R-0034009;ST-010;SKU-00166;1;Xaridor fikri o'zgardi;31.01.2026
RT-000384;R-0030702;ST-003;SKU-00371;4;Kafolat holati;11.01.2026
RT-000385;R-0035688;ST-001;SKU-00224;1;Kafolat holati;27.01.2026
RT-000386;R-0048019;ST-010;SKU-00105;2;Noto'g'ri tovar berilgan;14.03.2026
RT-000387;R-0046654;ST-002;SKU-00457;1;Muddati o'tgan;06.03.2026
RT-000388;R-0031862;ST-007;SKU-00093;2;Noto'g'ri tovar berilgan;06.01.2026
RT-000389;R-0037278;ST-011;SKU-00088;1;Kafolat holati;06.02.2026
RT-000390;R-0049430;ST-004;SKU-00003;2;Noto'g'ri tovar berilgan;02.03.2026
RT-000391;R-0030179;ST-008;SKU-00077;1;Xaridor fikri o'zgardi;20.01.2026
RT-000392;R-0031489;ST-004;SKU-00243;1;Qadoq shikastlangan;12.01.2026
RT-000393;R-0046190;ST-008;SKU-00122;1;Sifatsiz mahsulot;25.02.2026
RT-000394;R-0040947;ST-009;SKU-00231;1;Qadoq shikastlangan;12.02.2026
RT-000395;R-0036961;ST-011;SKU-00005;4;Kafolat holati;08.02.2026
RT-000396;R-0046683;ST-003;SKU-00451;1;Muddati o'tgan;25.02.2026
RT-000397;R-0034124;ST-002;SKU-00046;1;Xaridor fikri o'zgardi;28.01.2026
RT-000398;R-0042760;ST-005;SKU-00329;2;Sifatsiz mahsulot;10.02.2026
RT-000399;R-0041444;ST-005;SKU-00482;1;Noto'g'ri tovar berilgan;08.02.2026
RT-000400;R-0041105;ST-004;SKU-00235;2;Xaridor fikri o'zgardi;17.02.2026
RT-000401;R-0034283;ST-009;SKU-00067;1;Qadoq shikastlangan;14.01.2026
RT-000402;R-0038058;ST-002;SKU-00095;2;Noto'g'ri tovar berilgan;01.02.2026
RT-000403;R-0051897;ST-009;SKU-00118;1;Sifatsiz mahsulot;08.03.2026
RT-000404;R-0041049;ST-001;SKU-00059;2;Qadoq shikastlangan;06.02.2026
RT-000405;R-0041490;ST-006;SKU-00462;1;Muddati o'tgan;05.02.2026
RT-000406;R-0035536;ST-008;SKU-00412;1;Sifatsiz mahsulot;03.02.2026
RT-000407;R-0042408;ST-006;SKU-00149;1;Qadoq shikastlangan;16.02.2026
RT-000408;R-0050037;ST-011;SKU-00477;1;Sifatsiz mahsulot;09.03.2026
RT-000409;R-0049775;ST-003;SKU-00331;1;Kafolat holati;07.03.2026
RT-000410;R-0030722;ST-004;SKU-00384;1;Xaridor fikri o'zgardi;03.01.2026
RT-000411;R-0036281;ST-009;SKU-00369;1;Noto'g'ri tovar berilgan;24.01.2026
RT-000412;R-9101985;ST-008;SKU-00406;2;Xaridor fikri o'zgardi;06.01.2026
RT-000413;R-0042580;ST-012;SKU-00423;1;Noto'g'ri tovar berilgan;09.02.2026
RT-000414;R-0049732;ST-001;SKU-00061;2;Sifatsiz mahsulot;17.03.2026
RT-000415;R-0048135;ST-003;SKU-00021;1;Sifatsiz mahsulot;05.03.2026
RT-000416;R-0037838;ST-008;SKU-00246;1;Xaridor fikri o'zgardi;04.02.2026
RT-000417;R-0040939;ST-009;SKU-00207;1;Kafolat holati;13.02.2026
RT-000418;R-0043552;ST-010;SKU-00463;1;Kafolat holati;15.02.2026
RT-000419;R-0032596;ST-011;SKU-00090;2;Qadoq shikastlangan;16.01.2026
RT-000420;R-0044168;ST-011;SKU-00361;1;Qadoq shikastlangan;13.02.2026
RT-000421;R-0039857;ST-011;SKU-00046;1;Sifatsiz mahsulot;19.02.2026
RT-000422;R-0031484;ST-004;SKU-00097;4;Xaridor fikri o'zgardi;20.01.2026
RT-000423;R-0049009;ST-012;SKU-00459;3;Noto'g'ri tovar berilgan;08.03.2026
RT-000424;R-0033880;;SKU-00172;2;Qadoq shikastlangan;27.01.2026
RT-000425;R-0036097;ST-001;SKU-00114;2;Kafolat holati;20.01.2026
RT-000426;R-0036954;ST-011;SKU-00325;2;Sifatsiz mahsulot;27.01.2026
RT-000427;R-0035250;ST-012;SKU-00147;2;Sifatsiz mahsulot;20.01.2026
RT-000428;R-0030681;ST-002;SKU-00008;1;Qadoq shikastlangan;15.01.2026
RT-000429;R-0040506;ST-007;SKU-00356;1;Muddati o'tgan;19.02.2026
RT-000430;R-0049418;ST-004;SKU-00317;1;Xaridor fikri o'zgardi;10.03.2026
RT-000431;R-0042694;ST-003;SKU-00028;1;Xaridor fikri o'zgardi;15.02.2026
RT-000432;R-0033835;ST-004;SKU-00043;2;Kafolat holati;01.02.2026
RT-000433;R-0034111;ST-001;SKU-00186;1;Qadoq shikastlangan;02.02.2026
RT-000434;R-0051228;ST-009;SKU-00315;1;Sifatsiz mahsulot;24.03.2026
RT-000435;R-0047271;ST-010;SKU-00188;1;Xaridor fikri o'zgardi;27.02.2026
RT-000436;R-0042886;ST-009;SKU-00300;2;Muddati o'tgan;17.02.2026
RT-000437;R-0031648;ST-010;SKU-00189;1;Sifatsiz mahsulot;01.01.2026
RT-000438;R-0041156;ST-006;SKU-00427;1;Qadoq shikastlangan;19.02.2026
RT-000439;R-9115547;ST-006;SKU-00217;3;Xaridor fikri o'zgardi;25.02.2026
RT-000440;R-0040472;ST-006;SKU-00385;1;Sifatsiz mahsulot;13.02.2026
RT-000441;R-0046510;ST-008;SKU-00433;3;Noto'g'ri tovar berilgan;10.03.2026
RT-000442;R-0048083;ST-001;SKU-00473;1;Kafolat holati;16.03.2026
RT-000443;R-0044617;ST-004;SKU-00053;1;Qadoq shikastlangan;06.03.2026
RT-000444;R-0033544;ST-006;SKU-00178;1;Sifatsiz mahsulot;15.01.2026
RT-000445;R-0038557;ST-006;SKU-00080;2;Muddati o'tgan;31.01.2026
RT-000446;R-0048238;ST-006;SKU-00223;1;Muddati o'tgan;14.03.2026
RT-000447;R-0035028;ST-003;SKU-00482;1;Sifatsiz mahsulot;01.02.2026
RT-000448;R-0046757;ST-006;SKU-00418;1;Xaridor fikri o'zgardi;08.03.2026
RT-000449;R-0036551;;SKU-00244;1;Qadoq shikastlangan;03.02.2026
RT-000450;R-0044697;ST-006;SKU-00369;3;Sifatsiz mahsulot;27.02.2026
RT-000451;R-0042397;ST-005;SKU-00206;4;Kafolat holati;21.02.2026
RT-000452;R-0050633;ST-010;SKU-00027;1;Xaridor fikri o'zgardi;10.03.2026
RT-000453;R-0036698;ST-002;SKU-00237;1;Kafolat holati;08.02.2026
RT-000454;R-0038953;ST-010;SKU-00043;3;Xaridor fikri o'zgardi;07.02.2026
RT-000455;R-0032354;ST-002;SKU-00207;1;Qadoq shikastlangan;28.01.2026
RT-000456;R-0035178;ST-009;SKU-00405;1;Sifatsiz mahsulot;02.02.2026
RT-000457;R-0033428;ST-003;SKU-00103;2;Sifatsiz mahsulot;13.01.2026
RT-000458;R-0050619;ST-009;SKU-00094;2;Noto'g'ri tovar berilgan;17.03.2026
RT-000459;R-0040709;ST-012;SKU-00262;1;Sifatsiz mahsulot;14.02.2026
RT-000460;R-0036928;ST-010;SKU-00045;1;;23.01.2026
RT-000461;R-0045494;ST-006;SKU-00496;1;Kafolat holati;21.02.2026
RT-000462;R-0045338;ST-012;SKU-00033;1;Xaridor fikri o'zgardi;04.03.2026
RT-000463;R-0042038;ST-005;SKU-00140;1;Xaridor fikri o'zgardi;08.02.2026
RT-000464;R-0052142;ST-005;SKU-00328;1;Sifatsiz mahsulot;25.03.2026
RT-000465;R-0030062;ST-003;SKU-00366;1;Noto'g'ri tovar berilgan;18.01.2026
RT-000466;R-0043570;ST-011;SKU-00107;2;Xaridor fikri o'zgardi;12.02.2026
RT-000467;R-0050046;ST-011;SKU-00142;1;Qadoq shikastlangan;07.03.2026
RT-000468;R-0040309;ST-001;SKU-00102;3;Xaridor fikri o'zgardi;12.02.2026
RT-000469;R-0045075;ST-004;SKU-00191;1;Sifatsiz mahsulot;28.02.2026
RT-000470;R-0038953;ST-010;SKU-00397;4;Noto'g'ri tovar berilgan;30.01.2026
RT-000471;R-0036540;ST-008;SKU-00179;1;Qadoq shikastlangan;01.02.2026
RT-000472;R-0040328;ST-001;SKU-00266;1;Qadoq shikastlangan;08.02.2026
RT-000473;R-0038623;ST-009;SKU-00488;3;Muddati o'tgan;06.02.2026
RT-000474;R-0051961;ST-011;SKU-00245;1;Muddati o'tgan;12.03.2026
RT-000475;R-0047003;ST-002;SKU-00485;1;Sifatsiz mahsulot;07.03.2026
RT-000476;R-0038077;ST-003;SKU-00143;1;Kafolat holati;04.02.2026
RT-000477;R-0050544;ST-006;SKU-00365;6;Kafolat holati;18.03.2026
RT-000478;R-0040932;ST-009;SKU-00098;2;Noto'g'ri tovar berilgan;18.02.2026
RT-000479;R-0038824;ST-005;SKU-00493;1;Xaridor fikri o'zgardi;03.02.2026
RT-000480;R-9535373;ST-001;SKU-00349;1;Xaridor fikri o'zgardi;17.03.2026
RT-000481;R-0034191;ST-004;SKU-00118;1;Noto'g'ri tovar berilgan;20.01.2026
RT-000482;R-0030340;;SKU-00350;1;;20.01.2026
RT-000483;R-0033824;ST-003;SKU-00340;1;Noto'g'ri tovar berilgan;19.01.2026
RT-000484;R-0030834;ST-007;SKU-00453;1;Kafolat holati;03.01.2026
RT-000485;R-0034278;ST-008;SKU-00148;1;Muddati o'tgan;30.01.2026
RT-000486;R-0035735;ST-002;SKU-00219;3;Xaridor fikri o'zgardi;29.01.2026
RT-000487;R-0049378;ST-003;SKU-00092;2;Sifatsiz mahsulot;11.03.2026
RT-000488;R-0033534;ST-006;SKU-00296;1;Muddati o'tgan;15.01.2026
RT-000489;R-0049966;ST-009;SKU-00198;2;Muddati o'tgan;21.02.2026
RT-000490;R-0037020;ST-001;SKU-00066;1;Sifatsiz mahsulot;26.01.2026
RT-000491;R-0046646;ST-001;SKU-00349;1;Qadoq shikastlangan;06.03.2026
RT-000492;R-0039464;ST-007;SKU-00263;2;Noto'g'ri tovar berilgan;05.02.2026
RT-000493;R-0048143;ST-003;SKU-00297;2;Sifatsiz mahsulot;25.02.2026
RT-000494;R-0031998;ST-012;SKU-00218;3;Noto'g'ri tovar berilgan;11.01.2026
RT-000495;R-0039173;ST-006;SKU-00035;1;Xaridor fikri o'zgardi;13.02.2026
RT-000496;R-0030622;ST-001;SKU-00173;3;Xaridor fikri o'zgardi;23.01.2026
RT-000497;R-0035183;ST-009;SKU-00242;1;Noto'g'ri tovar berilgan;27.01.2026
RT-000498;R-0039768;ST-007;SKU-00275;4;Xaridor fikri o'zgardi;14.02.2026
RT-000499;R-0031931;ST-009;SKU-00255;1;Qadoq shikastlangan;10.01.2026
RT-000500;R-0048699;ST-012;SKU-00375;1;Kafolat holati;06.03.2026
RT-000501;R-0041381;ST-002;SKU-00011;1;Sifatsiz mahsulot;05.02.2026
RT-000502;R-0039704;ST-005;SKU-00118;3;Xaridor fikri o'zgardi;15.02.2026
RT-000503;R-0047780;ST-001;SKU-00320;1;Sifatsiz mahsulot;24.02.2026
RT-000504;R-0050605;ST-009;SKU-00401;1;Xaridor fikri o'zgardi;06.03.2026
RT-000505;R-0037627;ST-001;SKU-00374;3;Muddati o'tgan;12.02.2026
RT-000506;R-0052260;ST-009;SKU-00216;1;Sifatsiz mahsulot;28.03.2026
RT-000507;R-0051909;ST-009;SKU-00380;1;Muddati o'tgan;19.03.2026
RT-000508;R-0046427;ST-005;SKU-00493;4;Noto'g'ri tovar berilgan;27.02.2026
RT-000509;R-0036542;ST-008;SKU-00434;1;Sifatsiz mahsulot;01.02.2026
RT-000510;R-0035161;ST-008;SKU-00375;1;Xaridor fikri o'zgardi;16.01.2026
RT-000511;R-0037910;ST-010;SKU-00253;2;Noto'g'ri tovar berilgan;11.02.2026
RT-000512;R-0045039;ST-003;SKU-00398;1;Muddati o'tgan;05.03.2026
RT-000513;R-0031278;ST-008;SKU-00110;2;Xaridor fikri o'zgardi;24.01.2026
RT-000514;R-0033249;ST-010;SKU-00145;1;Kafolat holati;28.01.2026
RT-000515;R-0030874;ST-008;SKU-00271;1;Sifatsiz mahsulot;09.01.2026
RT-000516;R-0038738;ST-001;SKU-00227;1;Kafolat holati;30.01.2026
RT-000517;R-0045348;ST-012;SKU-00025;2;;07.03.2026
RT-000518;R-9969137;ST-012;SKU-00457;1;Qadoq shikastlangan;20.02.2026
RT-000519;R-0042835;ST-007;SKU-00153;1;Muddati o'tgan;10.02.2026
RT-000520;R-0041866;ST-010;SKU-00416;3;Xaridor fikri o'zgardi;16.02.2026
RT-000521;R-0038264;ST-008;SKU-00140;3;;11.02.2026
RT-000522;R-0034725;ST-003;SKU-00132;2;Xaridor fikri o'zgardi;02.02.2026
RT-000523;R-0049602;ST-009;SKU-00461;1;Sifatsiz mahsulot;03.03.2026
RT-000524;R-0050475;ST-004;SKU-00290;1;Muddati o'tgan;11.03.2026
RT-000525;R-0037502;ST-008;SKU-00340;1;Xaridor fikri o'zgardi;07.02.2026
RT-000526;R-0033774;ST-002;SKU-00086;1;Muddati o'tgan;16.01.2026
RT-000527;R-0046610;ST-012;SKU-00342;1;Kafolat holati;05.03.2026
RT-000528;R-0047875;ST-005;SKU-00213;4;Qadoq shikastlangan;05.03.2026
RT-000529;R-0038013;ST-001;SKU-00408;1;Qadoq shikastlangan;29.01.2026
RT-000530;R-0037181;ST-007;SKU-00398;3;Muddati o'tgan;27.01.2026
RT-000531;R-0043427;ST-005;SKU-00444;2;Noto'g'ri tovar berilgan;21.02.2026
RT-000532;R-0039522;;SKU-00125;3;Noto'g'ri tovar berilgan;17.02.2026
RT-000533;R-0045703;ST-002;SKU-00242;1;Noto'g'ri tovar berilgan;11.02.2026
RT-000534;R-0044610;ST-003;SKU-00485;1;Xaridor fikri o'zgardi;27.02.2026
RT-000535;R-0046628;ST-001;SKU-00436;1;Xaridor fikri o'zgardi;05.03.2026
RT-000536;R-0037284;ST-011;SKU-00084;3;Kafolat holati;08.02.2026
RT-000537;R-0038282;ST-009;SKU-00107;1;Noto'g'ri tovar berilgan;04.02.2026
RT-000538;R-0031144;ST-004;SKU-00028;5;Xaridor fikri o'zgardi;11.01.2026
RT-000539;R-0045905;ST-010;SKU-00431;1;Xaridor fikri o'zgardi;07.03.2026
RT-000540;R-0035074;ST-005;SKU-00125;1;Noto'g'ri tovar berilgan;04.02.2026
RT-000541;R-0036295;ST-010;SKU-00291;7;Qadoq shikastlangan;02.02.2026
RT-000542;R-0032850;ST-009;SKU-00123;1;Sifatsiz mahsulot;21.01.2026
RT-000543;R-0050249;ST-007;SKU-00108;1;Qadoq shikastlangan;02.03.2026
RT-000544;R-9584894;ST-005;SKU-00331;1;Kafolat holati;17.03.2026
RT-000545;R-0035476;ST-006;SKU-00168;8;Xaridor fikri o'zgardi;29.01.2026
RT-000546;R-0052101;ST-004;SKU-00464;2;Noto'g'ri tovar berilgan;10.03.2026
RT-000547;R-0034037;ST-011;SKU-00446;1;Muddati o'tgan;18.01.2026
RT-000548;R-0043865;ST-011;SKU-00014;1;Noto'g'ri tovar berilgan;07.02.2026
RT-000549;R-0042940;ST-010;SKU-00367;1;Qadoq shikastlangan;09.02.2026
RT-000550;R-0038345;ST-010;SKU-00424;1;Muddati o'tgan;02.02.2026
RT-000551;R-0042716;ST-004;SKU-00004;1;Sifatsiz mahsulot;28.02.2026
RT-000552;R-0051728;ST-004;SKU-00288;1;Xaridor fikri o'zgardi;22.03.2026
RT-000553;R-0038970;ST-011;SKU-00379;4;Kafolat holati;31.01.2026
RT-000554;R-0039409;ST-005;SKU-00406;1;Noto'g'ri tovar berilgan;30.01.2026
RT-000555;R-0037512;ST-009;SKU-00476;2;Sifatsiz mahsulot;25.01.2026
RT-000556;R-0040377;ST-003;SKU-00257;2;Xaridor fikri o'zgardi;05.02.2026
RT-000557;R-0050186;ST-004;SKU-00280;1;Xaridor fikri o'zgardi;11.03.2026
RT-000558;R-0031047;ST-002;SKU-00026;3;Sifatsiz mahsulot;15.01.2026
RT-000559;R-0040176;ST-009;SKU-00167;1;Qadoq shikastlangan;19.02.2026
RT-000560;R-0042343;ST-004;SKU-00059;4;Muddati o'tgan;26.02.2026
RT-000561;R-0051662;ST-003;SKU-00056;1;Kafolat holati;09.03.2026
RT-000562;R-0045573;ST-009;SKU-00456;2;Kafolat holati;05.03.2026
RT-000563;R-0042760;ST-005;SKU-00291;3;Muddati o'tgan;14.02.2026
RT-000564;R-0050849;ST-006;SKU-00041;2;Kafolat holati;01.03.2026
RT-000565;R-0043145;ST-005;SKU-00394;2;Noto'g'ri tovar berilgan;13.02.2026
RT-000566;R-0050627;ST-009;SKU-00402;2;Noto'g'ri tovar berilgan;18.03.2026
RT-000567;R-0041200;ST-008;SKU-00313;1;Xaridor fikri o'zgardi;05.02.2026
RT-000568;R-0034615;ST-010;SKU-00382;1;Sifatsiz mahsulot;02.02.2026
RT-000569;R-0044157;ST-010;SKU-00407;1;Noto'g'ri tovar berilgan;25.02.2026
RT-000570;R-0036362;ST-001;SKU-00350;3;Qadoq shikastlangan;25.01.2026
RT-000571;R-0049523;ST-007;SKU-00359;1;Qadoq shikastlangan;06.03.2026
RT-000572;R-0032348;ST-002;SKU-00461;2;Xaridor fikri o'zgardi;16.01.2026
RT-000573;R-0033496;ST-005;SKU-00160;3;Noto'g'ri tovar berilgan;22.01.2026
RT-000574;R-0042995;ST-012;SKU-00444;1;Muddati o'tgan;21.02.2026
RT-000575;R-0031663;ST-011;SKU-00024;4;Qadoq shikastlangan;19.01.2026
RT-000576;R-0045358;ST-012;SKU-00289;1;Xaridor fikri o'zgardi;02.03.2026
RT-000577;R-0030148;ST-007;SKU-00340;1;Qadoq shikastlangan;04.01.2026
RT-000578;R-0041428;ST-004;SKU-00271;1;Xaridor fikri o'zgardi;21.02.2026
RT-000579;R-0033996;ST-009;SKU-00327;1;Sifatsiz mahsulot;14.01.2026
RT-000580;R-0043316;ST-001;SKU-00411;2;;28.02.2026
RT-000581;R-0045641;ST-012;SKU-00210;1;Noto'g'ri tovar berilgan;20.02.2026
RT-000582;R-0044925;ST-012;SKU-00248;1;Qadoq shikastlangan;01.03.2026
RT-000583;R-0041953;ST-002;SKU-00224;1;Muddati o'tgan;09.02.2026
RT-000584;R-0035224;ST-011;SKU-00474;1;Xaridor fikri o'zgardi;01.02.2026
RT-000585;R-0041525;ST-007;SKU-00060;1;Muddati o'tgan;20.02.2026
RT-000586;R-0040943;ST-009;SKU-00013;1;Noto'g'ri tovar berilgan;05.02.2026
RT-000587;R-0039327;ST-002;SKU-00482;1;Sifatsiz mahsulot;10.02.2026
RT-000588;R-0046339;ST-002;SKU-00439;1;Sifatsiz mahsulot;02.03.2026
RT-000589;R-0051290;ST-012;SKU-00398;1;Noto'g'ri tovar berilgan;17.03.2026
RT-000590;R-0038820;ST-004;SKU-00481;1;Sifatsiz mahsulot;30.01.2026
RT-000591;R-0050112;ST-001;SKU-00451;1;Qadoq shikastlangan;10.03.2026
RT-000592;R-0046050;ST-003;SKU-00465;1;Qadoq shikastlangan;06.03.2026
RT-000593;R-0037997;ST-012;SKU-00413;1;Kafolat holati;02.02.2026
RT-000594;R-0047804;ST-002;SKU-00322;2;Xaridor fikri o'zgardi;03.03.2026
RT-000595;R-0034933;ST-011;SKU-00186;1;Xaridor fikri o'zgardi;03.02.2026
RT-000596;R-0036654;ST-012;SKU-00253;1;Kafolat holati;28.01.2026
RT-000597;R-0051853;ST-008;SKU-00144;2;Xaridor fikri o'zgardi;07.03.2026
RT-000598;R-0044983;ST-002;SKU-00288;5;Noto'g'ri tovar berilgan;22.02.2026
RT-000599;R-0049721;ST-001;SKU-00036;1;Sifatsiz mahsulot;21.03.2026
RT-000600;R-0046675;ST-003;SKU-00403;1;Sifatsiz mahsulot;11.03.2026
RT-000601;R-0039979;ST-003;SKU-00269;3;Qadoq shikastlangan;11.02.2026
RT-000602;R-0035594;ST-010;SKU-00049;3;Noto'g'ri tovar berilgan;03.02.2026
RT-000603;R-0044033;ST-006;SKU-00082;1;Kafolat holati;28.02.2026
RT-000604;R-0045979;ST-012;SKU-00238;1;Kafolat holati;07.03.2026
RT-000605;R-0049348;ST-002;SKU-00255;1;Qadoq shikastlangan;08.03.2026
RT-000606;R-9172498;ST-012;SKU-00131;2;Kafolat holati;18.03.2026
RT-000607;R-0038160;ST-005;SKU-00293;1;Sifatsiz mahsulot;03.02.2026
RT-000608;R-0046296;ST-012;SKU-00258;1;Qadoq shikastlangan;02.03.2026
RT-000609;R-0041701;ST-003;SKU-00110;2;Sifatsiz mahsulot;08.02.2026
RT-000610;R-0040739;ST-001;SKU-00413;1;Kafolat holati;17.02.2026
RT-000611;R-0047590;ST-007;SKU-00486;1;Sifatsiz mahsulot;14.03.2026
RT-000612;R-0039659;ST-003;SKU-00400;9;Xaridor fikri o'zgardi;19.02.2026
RT-000613;R-0049768;ST-002;SKU-00395;1;Xaridor fikri o'zgardi;04.03.2026
RT-000614;R-0044366;ST-007;SKU-00473;5;Qadoq shikastlangan;17.02.2026
RT-000615;R-0048600;ST-008;SKU-00076;4;Muddati o'tgan;10.03.2026
RT-000616;R-0052118;ST-004;SKU-00057;1;Noto'g'ri tovar berilgan;08.03.2026
RT-000617;R-0030492;ST-008;SKU-00411;2;Qadoq shikastlangan;22.01.2026
RT-000618;R-0046703;ST-004;SKU-00284;1;Sifatsiz mahsulot;23.02.2026
RT-000619;R-0035809;ST-004;SKU-00459;1;Xaridor fikri o'zgardi;07.02.2026
RT-000620;R-0049775;ST-003;SKU-00428;1;Noto'g'ri tovar berilgan;03.03.2026
RT-000621;R-0030723;ST-004;SKU-00291;1;Sifatsiz mahsulot;04.01.2026
RT-000622;R-0039602;ST-001;SKU-00426;1;Sifatsiz mahsulot;18.02.2026
RT-000623;R-0033166;ST-007;SKU-00182;3;Sifatsiz mahsulot;12.01.2026
RT-000624;R-0044389;ST-008;SKU-00215;1;Qadoq shikastlangan;17.02.2026
RT-000625;R-0032103;ST-004;SKU-00354;1;Kafolat holati;09.01.2026
RT-000626;R-0043667;ST-002;SKU-00061;1;Sifatsiz mahsulot;14.02.2026
RT-000627;R-0050892;ST-008;SKU-00446;1;Xaridor fikri o'zgardi;12.03.2026
RT-000628;R-0032148;ST-006;SKU-00264;1;Muddati o'tgan;08.01.2026
RT-000629;R-0050091;ST-001;SKU-00440;1;Muddati o'tgan;09.03.2026
RT-000630;R-0035356;ST-003;SKU-00226;1;Xaridor fikri o'zgardi;06.02.2026
RT-000631;R-0039382;ST-004;SKU-00102;2;Muddati o'tgan;01.02.2026
RT-000632;R-0033151;ST-007;SKU-00305;2;Noto'g'ri tovar berilgan;21.01.2026
RT-000633;R-0036402;ST-003;SKU-00360;1;Muddati o'tgan;05.02.2026
RT-000634;R-0045446;ST-004;SKU-00111;3;Kafolat holati;08.03.2026
RT-000635;R-0051405;ST-005;SKU-00417;1;Sifatsiz mahsulot;21.03.2026
RT-000636;R-0043351;ST-002;SKU-00448;1;Qadoq shikastlangan;12.02.2026
RT-000637;R-0050555;ST-007;SKU-00491;1;Kafolat holati;14.03.2026
RT-000638;R-0038045;ST-002;SKU-00334;1;Kafolat holati;30.01.2026
RT-000639;R-0047997;ST-009;SKU-00142;2;Noto'g'ri tovar berilgan;06.03.2026
RT-000640;R-0050883;ST-008;SKU-00347;1;Qadoq shikastlangan;21.03.2026
RT-000641;R-0038835;ST-005;SKU-00458;2;;02.02.2026
RT-000642;R-0041815;ST-008;SKU-00390;1;Sifatsiz mahsulot;19.02.2026
RT-000643;R-0049495;ST-006;SKU-00124;1;Sifatsiz mahsulot;01.03.2026
RT-000644;R-0039649;ST-002;SKU-00305;1;Muddati o'tgan;17.02.2026
RT-000645;R-0050697;;SKU-00499;2;Noto'g'ri tovar berilgan;17.03.2026
RT-000646;R-0037059;ST-003;SKU-00222;1;Kafolat holati;02.02.2026
RT-000647;R-0043565;ST-011;SKU-00084;1;Muddati o'tgan;27.02.2026
RT-000648;R-0046467;ST-007;SKU-00305;2;Xaridor fikri o'zgardi;20.02.2026
RT-000649;R-0046763;ST-006;SKU-00182;8;Muddati o'tgan;02.03.2026
RT-000650;R-0050064;ST-012;SKU-00079;1;Sifatsiz mahsulot;07.03.2026
RT-000651;R-0049579;ST-008;SKU-00160;3;Sifatsiz mahsulot;03.03.2026
RT-000652;R-0049386;ST-003;SKU-00346;2;Xaridor fikri o'zgardi;09.03.2026
RT-000653;R-0050464;ST-003;SKU-00152;2;Muddati o'tgan;05.03.2026
RT-000654;R-0043279;ST-011;SKU-00118;1;Noto'g'ri tovar berilgan;26.02.2026
RT-000655;R-0037942;ST-011;SKU-00016;1;Noto'g'ri tovar berilgan;10.02.2026
RT-000656;R-0038207;ST-006;SKU-00158;4;Qadoq shikastlangan;25.01.2026
RT-000657;R-0036540;ST-008;SKU-00141;1;Qadoq shikastlangan;02.02.2026
RT-000658;R-0042239;ST-001;SKU-00229;1;Noto'g'ri tovar berilgan;08.02.2026
RT-000659;R-0039527;ST-009;SKU-00069;1;Qadoq shikastlangan;29.01.2026
RT-000660;R-0046832;ST-009;SKU-00411;5;Noto'g'ri tovar berilgan;25.02.2026
RT-000661;R-0036324;ST-011;SKU-00339;3;Qadoq shikastlangan;07.02.2026
RT-000662;R-0038505;ST-004;SKU-00377;1;Qadoq shikastlangan;02.02.2026
RT-000663;R-0041730;ST-004;SKU-00010;1;Xaridor fikri o'zgardi;23.02.2026
RT-000664;R-0051867;ST-008;SKU-00240;5;Kafolat holati;08.03.2026
RT-000665;R-0041027;ST-012;SKU-00203;2;Noto'g'ri tovar berilgan;20.02.2026
RT-000666;R-0050834;ST-005;SKU-00206;3;Kafolat holati;09.03.2026
RT-000667;R-0042988;ST-012;SKU-00481;1;;20.02.2026
RT-000668;R-0051176;ST-007;SKU-00053;1;Noto'g'ri tovar berilgan;19.03.2026
RT-000669;R-0045958;ST-012;SKU-00046;1;Sifatsiz mahsulot;25.02.2026
RT-000670;R-0030278;ST-012;SKU-00365;1;Noto'g'ri tovar berilgan;11.01.2026
RT-000671;R-0033932;ST-007;SKU-00347;1;Xaridor fikri o'zgardi;22.01.2026
RT-000672;R-0048274;ST-008;SKU-00074;1;Muddati o'tgan;27.02.2026
RT-000673;R-0051529;ST-009;SKU-00053;1;Kafolat holati;10.03.2026
RT-000674;R-0037488;ST-008;SKU-00258;1;Xaridor fikri o'zgardi;23.01.2026
RT-000675;R-0044017;ST-005;SKU-00043;1;Qadoq shikastlangan;10.02.2026
RT-000676;R-0038782;ST-003;SKU-00338;1;Qadoq shikastlangan;13.02.2026
RT-000677;R-0052092;ST-003;SKU-00302;1;Muddati o'tgan;12.03.2026
RT-000678;R-0037996;ST-012;SKU-00304;1;Muddati o'tgan;11.02.2026
RT-000679;R-9254735;ST-005;SKU-00186;2;;18.03.2026
RT-000680;R-0040327;ST-001;SKU-00396;1;Noto'g'ri tovar berilgan;09.02.2026
RT-000681;R-0040923;ST-009;SKU-00313;2;Noto'g'ri tovar berilgan;02.02.2026
RT-000682;R-0036932;ST-010;SKU-00390;1;Noto'g'ri tovar berilgan;28.01.2026
RT-000683;R-0045234;ST-009;SKU-00343;1;Qadoq shikastlangan;18.02.2026
RT-000684;R-0036896;ST-009;SKU-00444;1;Qadoq shikastlangan;10.02.2026
RT-000685;R-0049706;;SKU-00431;2;Xaridor fikri o'zgardi;07.03.2026
RT-000686;R-0048099;ST-002;SKU-00072;2;Qadoq shikastlangan;28.02.2026
RT-000687;R-0049999;ST-010;SKU-00064;2;Muddati o'tgan;14.03.2026
RT-000688;R-0033220;ST-009;SKU-00087;1;Kafolat holati;27.01.2026
RT-000689;R-0031262;ST-008;SKU-00266;1;Qadoq shikastlangan;07.01.2026
RT-000690;R-0031372;ST-011;SKU-00015;1;Sifatsiz mahsulot;22.01.2026
RT-000691;R-0031864;ST-007;SKU-00159;3;Sifatsiz mahsulot;03.01.2026
RT-000692;R-0051751;ST-005;SKU-00010;1;Sifatsiz mahsulot;20.03.2026
RT-000693;R-0044890;ST-011;SKU-00013;1;Muddati o'tgan;03.03.2026
RT-000694;R-0045936;ST-011;SKU-00239;1;Xaridor fikri o'zgardi;25.02.2026
RT-000695;R-0049032;ST-001;SKU-00117;4;Muddati o'tgan;27.02.2026
RT-000696;R-0051649;ST-002;SKU-00211;3;Muddati o'tgan;17.03.2026
RT-000697;R-0043050;ST-002;SKU-00078;1;Noto'g'ri tovar berilgan;09.02.2026
RT-000698;R-0048694;ST-012;SKU-00275;3;Muddati o'tgan;27.02.2026
RT-000699;R-0046111;;SKU-00384;1;Noto'g'ri tovar berilgan;19.02.2026
RT-000700;R-0051485;ST-008;SKU-00223;1;Kafolat holati;22.03.2026
RT-000701;R-0036339;ST-012;SKU-00406;2;Muddati o'tgan;05.02.2026
RT-000702;R-0033645;ST-009;SKU-00170;3;Kafolat holati;15.01.2026
RT-000703;R-0045551;ST-009;SKU-00438;1;Qadoq shikastlangan;25.02.2026
RT-000704;R-0046287;ST-012;SKU-00462;4;Muddati o'tgan;20.02.2026
RT-000705;R-0043429;ST-006;SKU-00071;2;Sifatsiz mahsulot;21.02.2026
RT-000706;R-0051931;ST-010;SKU-00262;1;Xaridor fikri o'zgardi;16.03.2026
RT-000707;R-0031141;ST-004;SKU-00334;4;Noto'g'ri tovar berilgan;06.01.2026
RT-000708;R-0038793;ST-004;SKU-00230;1;Qadoq shikastlangan;02.02.2026
RT-000709;R-0039411;ST-005;SKU-00260;3;Xaridor fikri o'zgardi;15.02.2026
RT-000710;R-0031030;ST-001;SKU-00192;2;Sifatsiz mahsulot;11.01.2026
RT-000711;R-0050796;ST-004;SKU-00442;1;Xaridor fikri o'zgardi;23.03.2026
RT-000712;R-0051786;ST-006;SKU-00040;2;Noto'g'ri tovar berilgan;13.03.2026
RT-000713;R-0036266;ST-009;SKU-00078;1;Sifatsiz mahsulot;31.01.2026
RT-000714;R-0048247;ST-007;SKU-00371;1;Qadoq shikastlangan;16.03.2026
RT-000715;R-0035984;ST-010;SKU-00003;2;Kafolat holati;28.01.2026
RT-000716;R-0035214;ST-010;SKU-00212;4;Muddati o'tgan;31.01.2026
RT-000717;R-0039450;ST-006;SKU-00057;1;Sifatsiz mahsulot;29.01.2026
RT-000718;R-0033912;ST-006;SKU-00201;2;Muddati o'tgan;23.01.2026
RT-000719;R-0043727;ST-005;SKU-00288;1;Muddati o'tgan;20.02.2026
RT-000720;R-0031121;ST-004;SKU-00467;1;Xaridor fikri o'zgardi;10.01.2026
RT-000721;R-0038920;ST-009;SKU-00046;1;Sifatsiz mahsulot;02.02.2026
RT-000722;R-0032461;ST-006;SKU-00257;1;Qadoq shikastlangan;23.01.2026
RT-000723;R-0049044;ST-001;SKU-00101;2;Xaridor fikri o'zgardi;03.03.2026
RT-000724;R-0042690;ST-003;SKU-00208;1;Noto'g'ri tovar berilgan;11.02.2026
RT-000725;R-0044552;ST-002;SKU-00036;1;Sifatsiz mahsulot;08.02.2026
RT-000726;R-0042350;ST-004;SKU-00073;1;;20.02.2026
RT-000727;R-0045922;ST-010;SKU-00328;2;Qadoq shikastlangan;05.03.2026
RT-000728;R-0051400;ST-005;SKU-00058;1;Qadoq shikastlangan;25.03.2026
RT-000729;R-0043476;ST-007;SKU-00077;1;Qadoq shikastlangan;19.02.2026
RT-000730;R-0031246;ST-007;SKU-00339;1;Xaridor fikri o'zgardi;22.01.2026
RT-000731;R-0041998;ST-003;SKU-00187;2;Qadoq shikastlangan;19.02.2026
RT-000732;R-0046764;ST-006;SKU-00295;1;Noto'g'ri tovar berilgan;07.03.2026
RT-000733;R-0031027;ST-001;SKU-00087;1;Noto'g'ri tovar berilgan;20.01.2026
RT-000734;R-0038166;ST-005;SKU-00005;1;Xaridor fikri o'zgardi;10.02.2026
RT-000735;R-0039689;ST-004;SKU-00030;3;Sifatsiz mahsulot;01.02.2026
RT-000736;R-0051330;ST-002;SKU-00070;1;Kafolat holati;18.03.2026
RT-000737;R-0040991;ST-011;SKU-00172;1;Sifatsiz mahsulot;20.02.2026
RT-000738;R-0044740;ST-007;SKU-00223;1;Muddati o'tgan;28.02.2026
RT-000739;R-0049708;ST-001;SKU-00377;2;Xaridor fikri o'zgardi;05.03.2026
RT-000740;R-0037314;ST-012;SKU-00461;2;Xaridor fikri o'zgardi;09.02.2026
RT-000741;R-0048692;ST-012;SKU-00148;1;Noto'g'ri tovar berilgan;12.03.2026
RT-000742;R-0050513;ST-005;SKU-00167;2;Noto'g'ri tovar berilgan;04.03.2026
RT-000743;R-0046287;ST-012;SKU-00009;1;Kafolat holati;06.03.2026
RT-000744;R-0049241;ST-009;SKU-00396;1;Kafolat holati;14.03.2026
RT-000745;R-0047970;ST-008;SKU-00001;1;Noto'g'ri tovar berilgan;24.02.2026
RT-000746;R-0041809;ST-008;SKU-00042;1;;13.02.2026
RT-000747;R-0037257;ST-010;SKU-00093;1;Muddati o'tgan;07.02.2026
RT-000748;R-0033910;ST-006;SKU-00019;1;Noto'g'ri tovar berilgan;01.02.2026
RT-000749;R-0040796;ST-004;SKU-00310;1;Sifatsiz mahsulot;08.02.2026
RT-000750;R-0045584;ST-010;SKU-00293;2;Xaridor fikri o'zgardi;26.02.2026
RT-000751;R-0048290;ST-008;SKU-00399;4;Qadoq shikastlangan;28.02.2026
RT-000752;R-0033539;ST-006;SKU-00171;1;Noto'g'ri tovar berilgan;26.01.2026
RT-000753;R-0037014;;SKU-00448;1;Noto'g'ri tovar berilgan;06.02.2026
RT-000754;R-0043067;ST-002;SKU-00157;2;Sifatsiz mahsulot;28.02.2026
RT-000755;R-0032218;ST-009;SKU-00477;3;Noto'g'ri tovar berilgan;10.01.2026
RT-000756;R-0048958;ST-010;SKU-00253;1;Kafolat holati;17.03.2026
RT-000757;R-0051473;ST-007;SKU-00265;1;Muddati o'tgan;21.03.2026
RT-000758;R-0051108;ST-004;SKU-00074;4;Muddati o'tgan;19.03.2026
RT-000759;R-0031531;ST-005;SKU-00102;1;Qadoq shikastlangan;24.01.2026
RT-000760;R-0030896;ST-009;SKU-00355;2;Noto'g'ri tovar berilgan;20.01.2026
RT-000761;R-0037069;ST-003;SKU-00396;6;Kafolat holati;03.02.2026
RT-000762;R-0040364;ST-002;SKU-00092;1;Kafolat holati;20.02.2026
RT-000763;R-0036997;ST-012;SKU-00466;1;Kafolat holati;26.01.2026
RT-000764;R-0051512;ST-009;SKU-00440;1;Qadoq shikastlangan;24.03.2026
RT-000765;R-0035588;ST-010;SKU-00429;1;Muddati o'tgan;17.01.2026
RT-000766;R-0033315;ST-012;SKU-00478;1;Xaridor fikri o'zgardi;30.01.2026
RT-000767;R-0050933;ST-010;SKU-00154;2;Kafolat holati;14.03.2026
RT-000768;R-0034641;ST-011;SKU-00052;1;Sifatsiz mahsulot;22.01.2026
RT-000769;R-0032686;ST-003;SKU-00139;1;Muddati o'tgan;12.01.2026
RT-000770;R-0041362;ST-002;SKU-00483;2;Noto'g'ri tovar berilgan;09.02.2026
RT-000771;R-0050715;ST-001;SKU-00047;1;Kafolat holati;18.03.2026
RT-000772;R-0038024;ST-001;SKU-00390;3;Sifatsiz mahsulot;25.01.2026
RT-000773;R-0050228;ST-006;SKU-00346;1;Xaridor fikri o'zgardi;07.03.2026
RT-000774;R-0033218;ST-009;SKU-00031;1;Qadoq shikastlangan;18.01.2026
RT-000775;R-0038830;ST-005;SKU-00238;1;Sifatsiz mahsulot;27.01.2026
RT-000776;R-0051417;ST-005;SKU-00083;1;Xaridor fikri o'zgardi;23.03.2026
RT-000777;R-0038276;ST-008;SKU-00223;1;Muddati o'tgan;28.01.2026
RT-000778;R-0041098;ST-003;SKU-00202;1;Qadoq shikastlangan;02.02.2026
RT-000779;R-0040135;ST-008;SKU-00237;1;Sifatsiz mahsulot;08.02.2026
RT-000780;R-0046573;ST-011;SKU-00090;1;Kafolat holati;08.03.2026
RT-000781;R-0044657;ST-005;SKU-00419;2;Kafolat holati;23.02.2026
RT-000782;R-0051906;ST-009;SKU-00256;4;Sifatsiz mahsulot;16.03.2026
RT-000783;R-0035060;ST-004;SKU-00300;1;Kafolat holati;17.01.2026
RT-000784;R-0032250;ST-010;SKU-00103;1;Qadoq shikastlangan;07.01.2026
RT-000785;R-0043238;ST-009;SKU-00221;1;Muddati o'tgan;17.02.2026
RT-000786;R-0048918;ST-008;SKU-00296;1;Qadoq shikastlangan;04.03.2026
RT-000787;R-0049565;ST-008;SKU-00087;1;Sifatsiz mahsulot;14.03.2026
RT-000788;R-0044214;ST-012;SKU-00324;2;Kafolat holati;13.02.2026
RT-000789;R-0050419;ST-002;SKU-00348;1;Kafolat holati;12.03.2026
RT-000790;R-0037458;ST-007;SKU-00448;4;Muddati o'tgan;29.01.2026
RT-000791;R-0041787;ST-007;SKU-00295;3;Xaridor fikri o'zgardi;05.02.2026
RT-000792;R-0048439;ST-002;SKU-00085;1;Noto'g'ri tovar berilgan;02.03.2026
RT-000793;R-0052247;ST-008;SKU-00229;1;Muddati o'tgan;27.03.2026
RT-000794;R-0050069;ST-012;SKU-00171;2;Sifatsiz mahsulot;11.03.2026
RT-000795;R-0048749;ST-002;SKU-00399;1;Qadoq shikastlangan;14.03.2026
RT-000796;R-0037849;ST-008;SKU-00314;1;Noto'g'ri tovar berilgan;29.01.2026
RT-000797;R-0034256;ST-007;SKU-00266;1;;31.01.2026
RT-000798;R-0051065;ST-002;SKU-00005;1;Xaridor fikri o'zgardi;12.03.2026
RT-000799;R-0033853;ST-004;SKU-00488;1;Sifatsiz mahsulot;27.01.2026
RT-000800;R-0051300;ST-001;SKU-00113;1;Kafolat holati;20.03.2026
RT-000801;R-0034963;ST-012;SKU-00397;1;Noto'g'ri tovar berilgan;16.01.2026
RT-000802;R-0034594;ST-010;SKU-00463;2;Muddati o'tgan;18.01.2026
RT-000803;R-0048179;ST-005;SKU-00188;1;Muddati o'tgan;01.03.2026
RT-000804;R-0046320;ST-001;SKU-00270;1;Kafolat holati;20.02.2026
RT-000805;R-0032714;ST-004;SKU-00428;1;Noto'g'ri tovar berilgan;20.01.2026
RT-000806;R-0031364;ST-011;SKU-00341;1;Xaridor fikri o'zgardi;16.01.2026
RT-000807;R-0042931;ST-010;SKU-00389;1;Qadoq shikastlangan;15.02.2026
RT-000808;R-0035838;ST-005;SKU-00198;1;Qadoq shikastlangan;18.01.2026
RT-000809;R-0046378;ST-003;SKU-00296;2;Noto'g'ri tovar berilgan;19.02.2026
RT-000810;R-0035728;ST-002;SKU-00128;1;Sifatsiz mahsulot;27.01.2026
RT-000811;R-0036713;ST-002;SKU-00339;1;Qadoq shikastlangan;01.02.2026
RT-000812;R-0030297;ST-001;SKU-00209;4;Xaridor fikri o'zgardi;10.01.2026
RT-000813;R-0044306;ST-004;SKU-00117;1;Sifatsiz mahsulot;02.03.2026
RT-000814;R-0038971;ST-011;SKU-00202;7;Xaridor fikri o'zgardi;12.02.2026
RT-000815;R-0050774;ST-003;SKU-00436;1;Muddati o'tgan;05.03.2026
RT-000816;R-0035822;ST-005;SKU-00351;8;Xaridor fikri o'zgardi;28.01.2026
RT-000817;R-0031995;ST-012;SKU-00325;1;Qadoq shikastlangan;12.01.2026
RT-000818;R-0037371;ST-002;SKU-00498;1;Kafolat holati;09.02.2026
RT-000819;R-0034301;ST-010;SKU-00418;2;Muddati o'tgan;27.01.2026
RT-000820;R-0044384;ST-007;SKU-00171;1;Muddati o'tgan;05.03.2026
RT-000821;R-0032060;ST-003;SKU-00299;1;Muddati o'tgan;16.01.2026
RT-000822;R-0046975;ST-002;SKU-00235;1;Qadoq shikastlangan;25.02.2026
RT-000823;R-0052005;ST-001;SKU-00447;1;Muddati o'tgan;09.03.2026
RT-000824;R-0049088;ST-003;SKU-00068;1;Qadoq shikastlangan;01.03.2026
RT-000825;R-0046160;ST-007;SKU-00325;2;Muddati o'tgan;05.03.2026
RT-000826;R-0039321;ST-001;SKU-00330;1;Qadoq shikastlangan;06.02.2026
RT-000827;R-0043643;ST-002;SKU-00226;1;Kafolat holati;22.02.2026
RT-000828;R-0048239;ST-006;SKU-00495;1;Muddati o'tgan;09.03.2026
RT-000829;R-0030012;ST-001;SKU-00407;2;Qadoq shikastlangan;02.01.2026
RT-000830;R-0047198;ST-009;SKU-00129;1;Kafolat holati;05.03.2026
RT-000831;R-0044362;ST-006;SKU-00193;1;Kafolat holati;21.02.2026
RT-000832;R-0041944;ST-001;SKU-00067;5;Noto'g'ri tovar berilgan;26.02.2026
RT-000833;R-0034589;ST-010;SKU-00470;1;Noto'g'ri tovar berilgan;01.02.2026
RT-000834;R-0046772;ST-006;SKU-00093;3;Noto'g'ri tovar berilgan;04.03.2026
RT-000835;R-0034572;ST-009;SKU-00288;1;Sifatsiz mahsulot;19.01.2026
RT-000836;R-0050887;ST-008;SKU-00471;4;Xaridor fikri o'zgardi;10.03.2026
RT-000837;R-0051342;ST-003;SKU-00164;1;Xaridor fikri o'zgardi;11.03.2026
RT-000838;R-0030204;ST-009;SKU-00297;1;Muddati o'tgan;04.01.2026
RT-000839;R-0038606;ST-008;SKU-00180;2;Xaridor fikri o'zgardi;05.02.2026
RT-000840;R-0044846;ST-010;SKU-00339;1;Noto'g'ri tovar berilgan;16.02.2026
RT-000841;R-0037266;ST-010;SKU-00101;2;Muddati o'tgan;22.01.2026
RT-000842;R-0032730;ST-004;SKU-00124;1;Noto'g'ri tovar berilgan;18.01.2026
RT-000843;R-0049854;ST-005;SKU-00114;6;Noto'g'ri tovar berilgan;19.03.2026
RT-000844;R-0034027;ST-010;SKU-00359;1;Sifatsiz mahsulot;01.02.2026
RT-000845;R-0030392;ST-004;SKU-00494;2;Xaridor fikri o'zgardi;14.01.2026
RT-000846;R-0051149;ST-006;SKU-00328;3;Qadoq shikastlangan;07.03.2026
RT-000847;R-0047529;ST-006;SKU-00466;2;Noto'g'ri tovar berilgan;23.02.2026
RT-000848;R-0034153;ST-003;SKU-00324;1;Kafolat holati;01.02.2026
RT-000849;R-0042371;ST-005;SKU-00333;1;Noto'g'ri tovar berilgan;13.02.2026
RT-000850;R-0044407;ST-009;SKU-00289;2;Xaridor fikri o'zgardi;05.03.2026
RT-000851;R-0037775;ST-006;SKU-00027;1;Qadoq shikastlangan;10.02.2026
RT-000852;R-0030814;ST-007;SKU-00308;4;Noto'g'ri tovar berilgan;11.01.2026
RT-000853;R-0035061;ST-004;SKU-00271;1;Sifatsiz mahsulot;04.02.2026
RT-000854;R-0046782;ST-007;SKU-00099;3;Kafolat holati;06.03.2026
RT-000855;R-0045337;ST-012;SKU-00051;1;Xaridor fikri o'zgardi;19.02.2026
RT-000856;R-0048802;ST-004;SKU-00196;2;Kafolat holati;11.03.2026
RT-000857;R-0034204;ST-005;SKU-00481;1;Noto'g'ri tovar berilgan;19.01.2026
RT-000858;R-0042064;ST-006;SKU-00073;1;Xaridor fikri o'zgardi;10.02.2026
RT-000859;R-0040288;ST-012;SKU-00499;1;Qadoq shikastlangan;01.02.2026
RT-000860;R-0036310;ST-011;SKU-00074;1;Qadoq shikastlangan;31.01.2026
RT-000861;R-0034295;ST-009;SKU-00003;1;Kafolat holati;31.01.2026
RT-000862;R-0051385;ST-004;SKU-00010;5;Noto'g'ri tovar berilgan;24.03.2026
RT-000863;R-0043138;ST-005;SKU-00417;1;Xaridor fikri o'zgardi;28.02.2026
RT-000864;R-0034519;ST-007;SKU-00212;1;Noto'g'ri tovar berilgan;24.01.2026
RT-000865;R-0039362;ST-003;SKU-00161;3;Noto'g'ri tovar berilgan;13.02.2026
RT-000866;R-0040365;ST-002;SKU-00232;1;Noto'g'ri tovar berilgan;16.02.2026
RT-000867;R-0041563;ST-009;SKU-00004;1;Xaridor fikri o'zgardi;10.02.2026
RT-000868;R-0042600;ST-012;SKU-00154;3;;19.02.2026
RT-000869;R-0043104;ST-004;SKU-00148;2;Sifatsiz mahsulot;05.02.2026
RT-000870;R-0037953;ST-011;SKU-00315;1;Xaridor fikri o'zgardi;24.01.2026
RT-000871;R-0040506;ST-007;SKU-00341;2;Qadoq shikastlangan;09.02.2026
RT-000872;R-0051373;ST-004;SKU-00407;4;Noto'g'ri tovar berilgan;09.03.2026
RT-000873;R-0048532;ST-005;SKU-00387;1;Xaridor fikri o'zgardi;15.03.2026
RT-000874;R-0038262;ST-008;SKU-00442;1;Qadoq shikastlangan;08.02.2026
RT-000875;R-0043943;ST-002;SKU-00428;1;Noto'g'ri tovar berilgan;13.02.2026
RT-000876;R-0050940;ST-010;SKU-00409;1;Sifatsiz mahsulot;21.03.2026
RT-000877;R-0046403;;SKU-00413;1;Xaridor fikri o'zgardi;20.02.2026
RT-000878;R-0047829;ST-003;SKU-00071;1;Kafolat holati;12.03.2026
RT-000879;R-0037163;ST-007;SKU-00420;2;Sifatsiz mahsulot;24.01.2026
RT-000880;R-0030683;ST-002;SKU-00097;1;Kafolat holati;12.01.2026
RT-000881;R-0041925;ST-001;SKU-00153;2;Kafolat holati;10.02.2026
RT-000882;R-0047854;ST-004;SKU-00141;2;;03.03.2026
RT-000883;R-0033834;ST-004;SKU-00009;1;Qadoq shikastlangan;28.01.2026
RT-000884;R-0044946;ST-001;SKU-00048;1;Muddati o'tgan;16.02.2026
RT-000885;R-0039056;ST-002;SKU-00270;2;Qadoq shikastlangan;15.02.2026
RT-000886;R-0031110;ST-003;SKU-00472;1;Kafolat holati;17.01.2026
RT-000887;R-0051762;ST-005;SKU-00133;1;Kafolat holati;05.03.2026
RT-000888;R-0045871;ST-009;SKU-00179;1;Noto'g'ri tovar berilgan;03.03.2026
RT-000889;R-0041317;ST-012;SKU-00002;4;Sifatsiz mahsulot;23.02.2026
RT-000890;R-0035356;ST-003;SKU-00270;1;Kafolat holati;09.01.2026
RT-000891;R-0042247;ST-001;SKU-00232;1;Xaridor fikri o'zgardi;21.02.2026
RT-000892;R-0038814;ST-004;SKU-00184;1;Noto'g'ri tovar berilgan;27.01.2026
RT-000893;R-0033710;ST-012;SKU-00053;1;Xaridor fikri o'zgardi;07.01.2026
RT-000894;R-0032150;ST-006;SKU-00176;1;Muddati o'tgan;22.01.2026
RT-000895;R-0030929;ST-010;SKU-00312;1;Kafolat holati;14.01.2026
RT-000896;R-0052089;ST-003;SKU-00452;1;Xaridor fikri o'zgardi;23.03.2026
RT-000897;R-0033726;ST-012;SKU-00472;1;Sifatsiz mahsulot;29.01.2026
RT-000898;R-0051218;ST-008;SKU-00228;1;Muddati o'tgan;15.03.2026
RT-000899;R-0032645;ST-001;SKU-00221;1;Qadoq shikastlangan;09.01.2026
RT-000900;R-0034569;ST-009;SKU-00332;2;Qadoq shikastlangan;15.01.2026
RT-000901;R-0030645;ST-002;SKU-00033;1;Kafolat holati;06.01.2026
RT-000902;R-0046128;ST-005;SKU-00183;1;Sifatsiz mahsulot;02.03.2026
RT-000903;R-0040113;ST-007;SKU-00438;1;Qadoq shikastlangan;18.02.2026
RT-000904;R-0041843;ST-009;SKU-00359;1;Kafolat holati;09.02.2026
RT-000905;R-0034652;ST-012;SKU-00321;1;Qadoq shikastlangan;25.01.2026
RT-000906;R-0033731;ST-012;SKU-00403;1;Sifatsiz mahsulot;15.01.2026
RT-000907;R-0034387;ST-001;SKU-00049;1;Kafolat holati;29.01.2026
RT-000908;R-0033439;ST-003;SKU-00283;2;Sifatsiz mahsulot;26.01.2026
RT-000909;R-0040840;;SKU-00073;1;Sifatsiz mahsulot;21.02.2026
RT-000910;R-0034719;ST-003;SKU-00407;2;Muddati o'tgan;12.01.2026
RT-000911;R-0041662;ST-001;SKU-00486;1;Muddati o'tgan;24.02.2026
RT-000912;R-0044373;ST-007;SKU-00277;1;Kafolat holati;24.02.2026
RT-000913;R-0047544;ST-006;SKU-00043;3;Sifatsiz mahsulot;01.03.2026
RT-000914;R-0033232;ST-009;SKU-00019;3;Muddati o'tgan;18.01.2026
RT-000915;R-0052236;ST-008;SKU-00337;2;Kafolat holati;08.03.2026
RT-000916;R-0049154;ST-006;SKU-00191;1;Muddati o'tgan;11.03.2026
RT-000917;R-0032136;ST-005;SKU-00051;1;Kafolat holati;16.01.2026
RT-000918;R-0032966;ST-002;SKU-00058;1;Muddati o'tgan;13.01.2026
RT-000919;R-0030086;ST-004;SKU-00044;2;Xaridor fikri o'zgardi;05.01.2026
RT-000920;R-0033090;ST-005;SKU-00217;1;Noto'g'ri tovar berilgan;26.01.2026
RT-000921;R-0039356;ST-003;SKU-00139;2;Xaridor fikri o'zgardi;30.01.2026
RT-000922;R-0051725;ST-004;SKU-00438;1;Noto'g'ri tovar berilgan;14.03.2026
RT-000923;R-0043319;ST-001;SKU-00408;1;Kafolat holati;14.02.2026
RT-000924;R-0036580;ST-010;SKU-00167;1;Muddati o'tgan;24.01.2026
RT-000925;R-0051112;ST-004;SKU-00458;1;Kafolat holati;08.03.2026
RT-000926;R-0040618;ST-010;SKU-00397;1;Sifatsiz mahsulot;20.02.2026
RT-000927;R-0047690;ST-010;SKU-00260;5;Noto'g'ri tovar berilgan;14.03.2026
RT-000928;R-0031495;ST-004;SKU-00164;1;Qadoq shikastlangan;05.01.2026
RT-000929;R-0045550;ST-009;SKU-00192;1;Muddati o'tgan;19.02.2026
RT-000930;R-0036673;ST-001;SKU-00086;1;Muddati o'tgan;20.01.2026
RT-000931;R-0035754;ST-003;SKU-00108;2;Xaridor fikri o'zgardi;20.01.2026
RT-000932;R-0038381;ST-011;SKU-00498;4;Xaridor fikri o'zgardi;12.02.2026
RT-000933;R-0049996;ST-010;SKU-00176;1;Qadoq shikastlangan;15.03.2026
RT-000934;R-0030212;ST-010;SKU-00479;1;Qadoq shikastlangan;10.01.2026
RT-000935;R-0044107;ST-008;SKU-00049;2;Xaridor fikri o'zgardi;24.02.2026
RT-000936;R-0048021;ST-010;SKU-00270;1;Muddati o'tgan;09.03.2026
RT-000937;R-0030575;ST-011;SKU-00423;1;Xaridor fikri o'zgardi;17.01.2026
RT-000938;R-0036184;ST-006;SKU-00016;1;Xaridor fikri o'zgardi;08.02.2026
RT-000939;R-0039873;ST-011;SKU-00458;1;Noto'g'ri tovar berilgan;13.02.2026
RT-000940;R-0049311;ST-001;SKU-00192;1;Kafolat holati;12.03.2026
RT-000941;R-0050745;ST-002;SKU-00303;1;Qadoq shikastlangan;16.03.2026
RT-000942;R-0049745;ST-002;SKU-00160;1;Kafolat holati;13.03.2026
RT-000943;R-0040496;ST-006;SKU-00309;1;Sifatsiz mahsulot;12.02.2026
RT-000944;R-0040633;ST-010;SKU-00275;1;Xaridor fikri o'zgardi;15.02.2026
RT-000945;R-0031637;ST-010;SKU-00266;2;Qadoq shikastlangan;18.01.2026
RT-000946;R-0046861;ST-010;SKU-00375;1;Sifatsiz mahsulot;26.02.2026
RT-000947;R-0038743;ST-001;SKU-00368;1;Qadoq shikastlangan;27.01.2026
RT-000948;R-0050609;ST-009;SKU-00272;2;Muddati o'tgan;18.03.2026
RT-000949;R-0051898;ST-009;SKU-00323;1;Xaridor fikri o'zgardi;08.03.2026
RT-000950;R-0041648;ST-001;SKU-00433;1;Muddati o'tgan;24.02.2026
RT-000951;R-0038839;ST-005;SKU-00090;1;Noto'g'ri tovar berilgan;09.02.2026
RT-000952;R-0035208;ST-010;SKU-00236;2;Sifatsiz mahsulot;30.01.2026
RT-000953;R-0036488;ST-006;SKU-00484;1;Sifatsiz mahsulot;09.02.2026
RT-000954;R-0052084;ST-003;SKU-00094;1;Muddati o'tgan;21.03.2026
RT-000955;R-0034607;ST-010;SKU-00486;1;Qadoq shikastlangan;22.01.2026
RT-000956;R-0036428;ST-003;SKU-00155;1;Qadoq shikastlangan;13.01.2026
RT-000957;R-0034364;ST-012;SKU-00205;2;Kafolat holati;23.01.2026
RT-000958;R-0051845;ST-007;SKU-00259;4;Muddati o'tgan;25.03.2026
RT-000959;R-0048142;ST-003;SKU-00496;1;Kafolat holati;16.03.2026
RT-000960;R-0033526;ST-006;SKU-00085;2;Qadoq shikastlangan;28.01.2026
RT-000961;R-0048094;ST-002;SKU-00108;1;Noto'g'ri tovar berilgan;26.02.2026
RT-000962;R-0048702;ST-012;SKU-00023;1;Noto'g'ri tovar berilgan;19.02.2026
RT-000963;R-0032108;ST-004;SKU-00234;3;Kafolat holati;10.01.2026
RT-000964;R-0039433;ST-006;SKU-00205;4;Muddati o'tgan;09.02.2026
RT-000965;R-0044726;ST-007;SKU-00063;1;Kafolat holati;15.02.2026
RT-000966;R-0039118;ST-004;SKU-00082;1;Muddati o'tgan;30.01.2026
RT-000967;R-0042234;ST-012;SKU-00356;1;Kafolat holati;14.02.2026
RT-000968;R-0032345;;SKU-00475;1;Noto'g'ri tovar berilgan;08.01.2026
RT-000969;R-0030369;ST-003;SKU-00419;1;Noto'g'ri tovar berilgan;14.01.2026
RT-000970;R-0031191;ST-006;SKU-00246;1;Xaridor fikri o'zgardi;10.01.2026
RT-000971;R-0050416;ST-002;SKU-00488;6;Muddati o'tgan;08.03.2026
RT-000972;R-0039775;ST-008;SKU-00020;1;Kafolat holati;01.02.2026
RT-000973;R-0037709;ST-003;SKU-00245;1;Sifatsiz mahsulot;11.02.2026
RT-000974;R-0031546;ST-006;SKU-00114;2;Sifatsiz mahsulot;13.01.2026
RT-000975;R-0050153;ST-003;SKU-00061;2;Kafolat holati;06.03.2026
RT-000976;R-0038248;ST-008;SKU-00348;1;Kafolat holati;03.02.2026
RT-000977;R-0035224;ST-011;SKU-00315;1;Noto'g'ri tovar berilgan;20.01.2026
RT-000978;R-0042192;ST-011;SKU-00341;1;Kafolat holati;19.02.2026
RT-000979;R-0035278;ST-001;SKU-00460;2;Qadoq shikastlangan;21.01.2026
RT-000980;R-0034603;ST-010;SKU-00152;4;Xaridor fikri o'zgardi;26.01.2026
RT-000981;R-0030002;ST-001;SKU-00256;5;Qadoq shikastlangan;16.01.2026
RT-000982;R-0033819;ST-003;SKU-00331;1;Qadoq shikastlangan;20.01.2026
RT-000983;R-0048329;ST-009;SKU-00460;2;Qadoq shikastlangan;25.02.2026
RT-000984;R-0050718;ST-001;SKU-00217;2;Noto'g'ri tovar berilgan;04.03.2026
RT-000985;R-0045439;ST-004;SKU-00034;2;Sifatsiz mahsulot;28.02.2026
RT-000986;R-0039375;ST-004;SKU-00030;3;Qadoq shikastlangan;15.02.2026
RT-000987;R-0033643;ST-009;SKU-00425;2;Qadoq shikastlangan;18.01.2026
RT-000988;R-0040306;ST-001;SKU-00329;1;Muddati o'tgan;19.02.2026
RT-000989;R-0044236;ST-001;SKU-00172;1;Sifatsiz mahsulot;14.02.2026
RT-000990;R-0034962;ST-012;SKU-00323;2;Muddati o'tgan;21.01.2026
RT-000991;R-0050907;ST-008;SKU-00157;2;Xaridor fikri o'zgardi;15.03.2026
RT-000992;R-0038651;ST-010;SKU-00357;1;Qadoq shikastlangan;07.02.2026
RT-000993;R-0050823;ST-005;SKU-00116;1;Kafolat holati;10.03.2026
RT-000994;R-0042887;ST-009;SKU-00102;1;Muddati o'tgan;10.02.2026
RT-000995;R-0047733;ST-012;SKU-00459;3;Qadoq shikastlangan;12.03.2026
RT-000996;R-9659318;ST-003;SKU-00458;1;Qadoq shikastlangan;02.02.2026
RT-000997;R-0049162;ST-006;SKU-00050;4;Kafolat holati;05.03.2026
RT-000998;R-0042935;ST-010;SKU-00194;4;Noto'g'ri tovar berilgan;21.02.2026
RT-000999;R-0052157;ST-006;SKU-00361;1;Sifatsiz mahsulot;02.03.2026
RT-001000;R-0034030;ST-011;SKU-00392;1;Sifatsiz mahsulot;18.01.2026
RT-001001;R-0044163;ST-010;SKU-00019;1;Sifatsiz mahsulot;03.03.2026
RT-001002;R-0052143;ST-005;SKU-00049;8;Muddati o'tgan;11.03.2026
RT-001003;R-0043380;ST-004;SKU-00245;1;Kafolat holati;25.02.2026
RT-001004;R-0042995;ST-012;SKU-00220;1;Qadoq shikastlangan;16.02.2026
RT-001005;R-0047860;ST-004;SKU-00248;1;Qadoq shikastlangan;05.03.2026
RT-001006;R-0030641;ST-001;SKU-00300;1;Kafolat holati;06.01.2026
RT-001007;R-0033570;ST-007;SKU-00450;1;Xaridor fikri o'zgardi;17.01.2026
RT-001008;R-0038696;ST-011;SKU-00139;2;Noto'g'ri tovar berilgan;30.01.2026
RT-001009;R-0042036;ST-005;SKU-00313;3;Kafolat holati;26.02.2026
RT-001010;R-0041708;ST-004;SKU-00320;1;Xaridor fikri o'zgardi;09.02.2026
RT-001011;R-0042218;ST-012;SKU-00006;1;Noto'g'ri tovar berilgan;11.02.2026
RT-001012;R-0034110;ST-001;SKU-00474;3;Noto'g'ri tovar berilgan;25.01.2026
RT-001013;R-0030890;ST-009;SKU-00107;2;Muddati o'tgan;07.01.2026
RT-001014;R-0044277;ST-003;SKU-00295;1;Qadoq shikastlangan;27.02.2026
RT-001015;R-0041102;ST-003;SKU-00208;1;Noto'g'ri tovar berilgan;17.02.2026
RT-001016;R-0044051;ST-006;SKU-00049;1;Noto'g'ri tovar berilgan;22.02.2026
RT-001017;R-0046909;ST-012;SKU-00267;1;Kafolat holati;08.03.2026
RT-001018;R-0046244;ST-010;SKU-00036;2;Qadoq shikastlangan;18.02.2026
RT-001019;R-0046882;ST-010;SKU-00031;1;Qadoq shikastlangan;08.03.2026
RT-001020;R-0041845;ST-010;SKU-00274;1;Qadoq shikastlangan;12.02.2026
RT-001021;R-0030236;ST-011;SKU-00082;1;Xaridor fikri o'zgardi;19.01.2026
RT-001022;R-0044451;ST-010;SKU-00042;2;Kafolat holati;20.02.2026
RT-001023;R-0032453;ST-006;SKU-00126;10;Xaridor fikri o'zgardi;13.01.2026
RT-001024;R-0033761;ST-001;SKU-00065;1;Noto'g'ri tovar berilgan;24.01.2026
RT-001025;R-0032703;ST-003;SKU-00170;2;Kafolat holati;29.01.2026
RT-001026;R-0033778;ST-002;SKU-00101;1;Xaridor fikri o'zgardi;28.01.2026
RT-001027;R-0044352;ST-006;SKU-00318;1;Noto'g'ri tovar berilgan;16.02.2026
RT-001028;R-0050934;ST-010;SKU-00158;1;Kafolat holati;18.03.2026
RT-001029;R-0052279;ST-009;SKU-00294;1;Xaridor fikri o'zgardi;12.03.2026
RT-001030;R-0040173;ST-009;SKU-00323;1;Sifatsiz mahsulot;15.02.2026
RT-001031;R-0045984;ST-012;SKU-00072;1;Noto'g'ri tovar berilgan;17.02.2026
RT-001032;R-0041901;ST-012;SKU-00387;1;Xaridor fikri o'zgardi;08.02.2026
RT-001033;R-0037327;ST-001;SKU-00274;1;Xaridor fikri o'zgardi;25.01.2026
RT-001034;R-0034531;ST-008;SKU-00064;4;Qadoq shikastlangan;03.02.2026
RT-001035;R-0034198;ST-005;SKU-00452;3;Muddati o'tgan;02.02.2026
RT-001036;R-0050094;;SKU-00267;1;Sifatsiz mahsulot;04.03.2026
RT-001037;R-0035608;ST-010;SKU-00162;3;Sifatsiz mahsulot;25.01.2026
RT-001038;R-0046803;ST-008;SKU-00213;1;Noto'g'ri tovar berilgan;06.03.2026
RT-001039;R-0036408;ST-003;SKU-00026;2;Kafolat holati;08.02.2026
RT-001040;R-0044260;ST-002;SKU-00047;1;Qadoq shikastlangan;27.02.2026
RT-001041;R-0031306;ST-009;SKU-00482;1;Sifatsiz mahsulot;21.01.2026
RT-001042;R-0030161;ST-008;SKU-00059;1;Xaridor fikri o'zgardi;26.12.2025
RT-001043;R-0045179;ST-007;SKU-00074;1;Noto'g'ri tovar berilgan;02.03.2026
RT-001044;R-0046677;ST-003;SKU-00137;1;Xaridor fikri o'zgardi;11.03.2026
RT-001045;R-0035272;ST-001;SKU-00086;1;Kafolat holati;06.02.2026
RT-001046;R-0049920;ST-007;SKU-00397;1;Kafolat holati;19.03.2026
RT-001047;R-0030678;ST-002;SKU-00241;2;Qadoq shikastlangan;05.01.2026
RT-001048;R-0041545;ST-008;SKU-00194;1;Muddati o'tgan;10.02.2026
RT-001049;R-0033256;ST-010;SKU-00093;6;Noto'g'ri tovar berilgan;23.01.2026
RT-001050;R-0039470;ST-007;SKU-00434;2;Sifatsiz mahsulot;07.02.2026
RT-001051;R-0038645;ST-010;SKU-00191;2;Xaridor fikri o'zgardi;10.02.2026
RT-001052;R-0036989;ST-012;SKU-00459;1;Kafolat holati;29.01.2026
RT-001053;R-0042363;ST-004;SKU-00404;2;Xaridor fikri o'zgardi;21.02.2026
RT-001054;R-0052025;ST-001;SKU-00273;2;Kafolat holati;09.03.2026
RT-001055;R-0038547;ST-006;SKU-00439;1;Kafolat holati;27.01.2026
RT-001056;R-0047711;ST-011;SKU-00243;2;;24.02.2026
RT-001057;R-0042979;ST-012;SKU-00235;1;Kafolat holati;14.02.2026
RT-001058;R-0037024;ST-001;SKU-00217;1;Sifatsiz mahsulot;05.02.2026
RT-001059;R-0041305;ST-012;SKU-00121;1;Muddati o'tgan;14.02.2026
RT-001060;R-0051100;ST-004;SKU-00376;1;Kafolat holati;16.03.2026
RT-001061;R-0041040;ST-001;SKU-00210;2;Sifatsiz mahsulot;23.02.2026
RT-001062;R-0038994;ST-011;SKU-00107;1;Qadoq shikastlangan;05.02.2026
RT-001063;R-0032657;;SKU-00261;5;Xaridor fikri o'zgardi;22.01.2026
RT-001064;R-0034482;ST-005;SKU-00024;1;Noto'g'ri tovar berilgan;20.01.2026
RT-001065;R-0051574;ST-012;SKU-00073;6;Xaridor fikri o'zgardi;17.03.2026
RT-001066;R-0040710;ST-012;SKU-00416;1;Kafolat holati;16.02.2026
RT-001067;R-0037451;ST-006;SKU-00474;1;Xaridor fikri o'zgardi;12.02.2026
RT-001068;R-0039926;ST-001;SKU-00194;1;Qadoq shikastlangan;16.02.2026
RT-001069;R-0051425;ST-006;SKU-00374;1;Xaridor fikri o'zgardi;26.03.2026
RT-001070;R-0034616;ST-011;SKU-00249;1;Noto'g'ri tovar berilgan;18.01.2026
RT-001071;R-0049294;ST-012;SKU-00314;1;Xaridor fikri o'zgardi;27.02.2026
RT-001072;R-0051902;ST-009;SKU-00290;1;Qadoq shikastlangan;13.03.2026
RT-001073;R-0038130;ST-004;SKU-00190;1;Muddati o'tgan;01.02.2026
RT-001074;R-0038887;ST-008;SKU-00181;3;Xaridor fikri o'zgardi;14.02.2026
RT-001075;R-0037153;ST-006;SKU-00336;2;Kafolat holati;09.02.2026
RT-001076;R-0037400;;SKU-00289;1;Sifatsiz mahsulot;30.01.2026
RT-001077;R-0049225;ST-009;SKU-00330;2;Sifatsiz mahsulot;08.03.2026
RT-001078;R-0043898;ST-012;SKU-00453;8;Kafolat holati;25.02.2026
RT-001079;R-0050564;ST-007;SKU-00120;1;Noto'g'ri tovar berilgan;11.03.2026
RT-001080;R-0046575;ST-011;SKU-00383;2;Qadoq shikastlangan;23.02.2026
RT-001081;R-0039655;ST-003;SKU-00169;1;Sifatsiz mahsulot;13.02.2026
RT-001082;R-0033163;ST-007;SKU-00076;3;Qadoq shikastlangan;29.01.2026
RT-001083;R-0042069;;SKU-00003;1;Qadoq shikastlangan;16.02.2026
RT-001084;R-0035464;ST-006;SKU-00158;3;Qadoq shikastlangan;01.02.2026
RT-001085;R-0030868;ST-008;SKU-00399;1;Kafolat holati;16.01.2026
RT-001086;R-0046210;ST-008;SKU-00054;1;Muddati o'tgan;22.02.2026
RT-001087;R-0034864;ST-008;SKU-00101;1;Sifatsiz mahsulot;04.02.2026
RT-001088;R-0036076;ST-001;SKU-00358;1;Kafolat holati;26.01.2026
RT-001089;R-0036647;;SKU-00332;1;Kafolat holati;27.01.2026
RT-001090;R-0046929;ST-001;SKU-00348;4;;21.02.2026
RT-001091;R-0052379;ST-012;SKU-00335;2;Noto'g'ri tovar berilgan;15.03.2026
RT-001092;R-0038486;ST-004;SKU-00399;1;Kafolat holati;29.01.2026
RT-001093;R-0045909;ST-010;SKU-00433;1;Kafolat holati;26.02.2026
RT-001094;R-0036405;ST-003;SKU-00320;3;Sifatsiz mahsulot;01.02.2026
RT-001095;R-0040213;ST-010;SKU-00413;1;Qadoq shikastlangan;18.02.2026
RT-001096;R-0037074;ST-003;SKU-00221;1;Xaridor fikri o'zgardi;29.01.2026
RT-001097;R-0046073;ST-003;SKU-00346;1;Xaridor fikri o'zgardi;28.02.2026
RT-001098;R-0046369;ST-003;SKU-00024;1;Muddati o'tgan;19.02.2026
RT-001099;R-0047732;ST-012;SKU-00056;1;Qadoq shikastlangan;10.03.2026
RT-001100;R-0042683;ST-003;SKU-00431;1;Sifatsiz mahsulot;22.02.2026
RT-001101;R-0035781;ST-004;SKU-00252;1;Xaridor fikri o'zgardi;21.01.2026
RT-001102;R-0050225;ST-006;SKU-00238;1;Noto'g'ri tovar berilgan;14.03.2026
RT-001103;R-0042937;ST-010;SKU-00245;1;Sifatsiz mahsulot;21.02.2026
RT-001104;R-0042902;ST-009;SKU-00120;2;Noto'g'ri tovar berilgan;17.02.2026
RT-001105;R-0030013;ST-001;SKU-00091;4;Xaridor fikri o'zgardi;16.01.2026
RT-001106;R-0052220;ST-008;SKU-00072;1;Muddati o'tgan;12.03.2026
RT-001107;R-0034617;;SKU-00118;1;Kafolat holati;20.01.2026
RT-001108;R-0051057;ST-002;SKU-00361;1;Noto'g'ri tovar berilgan;08.03.2026
RT-001109;R-0038468;ST-003;SKU-00289;1;Xaridor fikri o'zgardi;13.02.2026
RT-001110;R-0046656;ST-002;SKU-00152;2;Qadoq shikastlangan;06.03.2026
RT-001111;R-0046873;ST-010;SKU-00431;2;Noto'g'ri tovar berilgan;22.02.2026
RT-001112;R-0034237;ST-006;SKU-00286;2;Qadoq shikastlangan;01.02.2026
RT-001113;R-0046248;ST-010;SKU-00084;2;Kafolat holati;04.03.2026
RT-001114;R-0046705;ST-004;SKU-00192;1;Qadoq shikastlangan;22.02.2026
RT-001115;R-0041766;ST-006;SKU-00125;1;Muddati o'tgan;14.02.2026
RT-001116;R-0043473;ST-007;SKU-00172;1;Muddati o'tgan;17.02.2026
RT-001117;R-0034293;ST-009;SKU-00252;3;Kafolat holati;25.01.2026
RT-001118;R-0032277;ST-011;SKU-00354;2;Muddati o'tgan;25.01.2026
RT-001119;R-0051117;ST-004;SKU-00265;1;Xaridor fikri o'zgardi;13.03.2026
RT-001120;R-0033223;ST-009;SKU-00064;2;Sifatsiz mahsulot;24.01.2026
RT-001121;R-0034476;ST-005;SKU-00376;2;Noto'g'ri tovar berilgan;21.01.2026
RT-001122;R-0049366;ST-002;SKU-00060;1;Noto'g'ri tovar berilgan;08.03.2026
RT-001123;R-0043420;ST-005;SKU-00122;1;Kafolat holati;28.02.2026
RT-001124;R-0041162;ST-006;SKU-00052;1;Noto'g'ri tovar berilgan;21.02.2026
RT-001125;R-0033700;ST-011;SKU-00362;1;Xaridor fikri o'zgardi;25.01.2026
RT-001126;R-0048948;ST-009;SKU-00443;1;Noto'g'ri tovar berilgan;01.03.2026
RT-001127;R-0041084;ST-003;SKU-00214;1;Noto'g'ri tovar berilgan;26.01.2026
RT-001128;R-0030508;ST-009;SKU-00291;4;Kafolat holati;06.01.2026
RT-001129;R-0049533;ST-007;SKU-00245;2;Noto'g'ri tovar berilgan;11.03.2026
RT-001130;R-0044509;ST-012;SKU-00475;3;;27.02.2026
RT-001131;R-0040345;ST-002;SKU-00206;3;Muddati o'tgan;16.02.2026
RT-001132;R-0032711;ST-004;SKU-00496;1;Sifatsiz mahsulot;15.01.2026
RT-001133;R-0036398;ST-003;SKU-00326;1;Qadoq shikastlangan;29.01.2026
RT-001134;R-0043716;ST-004;SKU-00460;1;Qadoq shikastlangan;11.02.2026
RT-001135;R-0037917;ST-010;SKU-00474;1;Kafolat holati;27.01.2026
RT-001136;R-0045929;ST-010;SKU-00500;2;Qadoq shikastlangan;08.03.2026
RT-001137;R-0047473;ST-004;SKU-00202;1;Kafolat holati;02.03.2026
RT-001138;R-0032534;ST-009;SKU-00054;1;Muddati o'tgan;21.01.2026
RT-001139;R-0033721;ST-012;SKU-00242;1;Muddati o'tgan;31.01.2026
RT-001140;R-0040601;ST-009;SKU-00350;1;Kafolat holati;21.02.2026
RT-001141;R-0047881;ST-005;SKU-00089;3;Kafolat holati;19.02.2026
RT-001142;R-0049485;ST-006;SKU-00016;3;Muddati o'tgan;16.03.2026
RT-001143;R-0041955;ST-002;SKU-00035;1;Xaridor fikri o'zgardi;10.02.2026
RT-001144;R-0037964;ST-011;SKU-00193;1;Qadoq shikastlangan;31.01.2026
RT-001145;R-0045066;ST-004;SKU-00273;1;Qadoq shikastlangan;07.03.2026
RT-001146;R-0034985;ST-001;SKU-00014;1;Kafolat holati;28.01.2026
RT-001147;R-0043917;ST-001;SKU-00157;3;Qadoq shikastlangan;22.02.2026
RT-001148;R-0043415;ST-005;SKU-00486;2;Noto'g'ri tovar berilgan;12.02.2026
RT-001149;R-0038808;;SKU-00201;2;Sifatsiz mahsulot;08.02.2026
RT-001150;R-0035204;ST-010;SKU-00277;2;Qadoq shikastlangan;09.01.2026
RT-001151;R-0043211;ST-008;SKU-00010;1;Qadoq shikastlangan;16.02.2026
RT-001152;R-0031725;ST-002;SKU-00097;1;Muddati o'tgan;09.01.2026
RT-001153;R-0049717;ST-001;SKU-00161;1;Muddati o'tgan;05.03.2026
RT-001154;R-0030272;ST-012;SKU-00226;1;Noto'g'ri tovar berilgan;12.01.2026
RT-001155;R-0040242;ST-011;SKU-00047;1;Muddati o'tgan;12.02.2026
RT-001156;R-0044033;ST-006;SKU-00032;2;Muddati o'tgan;20.02.2026
RT-001157;R-0030928;ST-010;SKU-00370;2;Qadoq shikastlangan;16.01.2026
RT-001158;R-0036955;ST-011;SKU-00018;1;Sifatsiz mahsulot;28.01.2026
RT-001159;R-0041079;ST-003;SKU-00361;1;Kafolat holati;19.02.2026
RT-001160;R-0036549;ST-008;SKU-00312;2;Sifatsiz mahsulot;25.01.2026
RT-001161;R-0030062;ST-003;SKU-00491;1;Xaridor fikri o'zgardi;10.01.2026
RT-001162;R-0042809;ST-006;SKU-00034;2;Muddati o'tgan;18.02.2026
RT-001163;R-0041946;ST-002;SKU-00155;1;Sifatsiz mahsulot;25.02.2026
RT-001164;R-0047899;ST-006;SKU-00459;1;Kafolat holati;03.03.2026
RT-001165;R-0035381;ST-004;SKU-00294;3;Kafolat holati;03.02.2026
RT-001166;R-0051598;ST-001;SKU-00392;1;Muddati o'tgan;17.03.2026
RT-001167;R-0042599;ST-012;SKU-00242;1;Noto'g'ri tovar berilgan;22.02.2026
RT-001168;R-0034064;ST-012;SKU-00213;1;Noto'g'ri tovar berilgan;08.01.2026
RT-001169;R-0040395;ST-003;SKU-00399;1;Kafolat holati;01.02.2026
RT-001170;R-0036634;ST-011;SKU-00216;1;Kafolat holati;30.01.2026
RT-001171;R-0032723;ST-004;SKU-00308;1;Muddati o'tgan;29.01.2026
RT-001172;R-0035713;ST-002;SKU-00136;4;Sifatsiz mahsulot;20.01.2026
RT-001173;R-0040038;ST-005;SKU-00338;1;Muddati o'tgan;11.02.2026
RT-001174;R-0036868;ST-008;SKU-00270;1;Qadoq shikastlangan;01.02.2026
RT-001175;R-0034158;ST-003;SKU-00426;1;Xaridor fikri o'zgardi;16.01.2026
RT-001176;R-0031569;ST-007;SKU-00325;1;Xaridor fikri o'zgardi;12.01.2026
RT-001177;R-0035866;ST-006;SKU-00007;1;Kafolat holati;01.02.2026
RT-001178;R-0047204;ST-009;SKU-00441;2;Sifatsiz mahsulot;09.03.2026
RT-001179;R-0043144;ST-005;SKU-00380;2;Kafolat holati;01.03.2026
RT-001180;R-0034135;ST-002;SKU-00170;4;Qadoq shikastlangan;16.01.2026
RT-001181;R-0040571;ST-008;SKU-00414;1;Sifatsiz mahsulot;18.02.2026
RT-001182;R-0038745;ST-001;SKU-00309;3;Kafolat holati;31.01.2026
RT-001183;R-0033844;ST-004;SKU-00460;1;Qadoq shikastlangan;26.01.2026
RT-001184;R-0052076;ST-003;SKU-00007;2;Qadoq shikastlangan;17.03.2026
RT-001185;R-0038147;ST-005;SKU-00230;1;Qadoq shikastlangan;10.02.2026
RT-001186;R-0046933;ST-001;SKU-00399;1;Noto'g'ri tovar berilgan;20.02.2026
RT-001187;R-0034036;ST-011;SKU-00074;1;Sifatsiz mahsulot;19.01.2026
RT-001188;R-0049289;ST-011;SKU-00087;1;Qadoq shikastlangan;15.03.2026
RT-001189;R-0039082;ST-003;SKU-00056;1;Qadoq shikastlangan;17.02.2026
RT-001190;R-0047982;ST-009;SKU-00498;2;Noto'g'ri tovar berilgan;13.03.2026
RT-001191;R-0035563;ST-009;SKU-00249;4;Noto'g'ri tovar berilgan;17.01.2026
RT-001192;R-0048572;ST-007;SKU-00470;2;Xaridor fikri o'zgardi;16.03.2026
RT-001193;R-0038522;ST-005;SKU-00372;3;Sifatsiz mahsulot;27.01.2026
RT-001194;R-0032983;ST-002;SKU-00021;1;Kafolat holati;16.01.2026
RT-001195;R-0035314;ST-002;SKU-00349;1;Xaridor fikri o'zgardi;06.02.2026
RT-001196;R-0050062;ST-012;SKU-00125;2;Qadoq shikastlangan;13.03.2026
RT-001197;R-0038084;ST-003;SKU-00014;1;Noto'g'ri tovar berilgan;20.01.2026
RT-001198;R-0040000;ST-004;SKU-00100;1;Noto'g'ri tovar berilgan;02.02.2026
RT-001199;R-0043433;ST-006;SKU-00058;1;Kafolat holati;14.02.2026
RT-001200;R-0034284;ST-009;SKU-00497;2;Qadoq shikastlangan;22.01.2026
RT-001201;R-0051665;ST-003;SKU-00006;1;Xaridor fikri o'zgardi;22.03.2026
RT-001202;R-0037454;ST-006;SKU-00013;5;Noto'g'ri tovar berilgan;11.02.2026
RT-001203;R-9965277;ST-004;SKU-00022;7;Muddati o'tgan;04.03.2026
RT-001204;R-0042911;ST-009;SKU-00110;2;Muddati o'tgan;27.02.2026
RT-001205;R-9221186;ST-012;SKU-00332;2;Sifatsiz mahsulot;18.03.2026
RT-001206;R-0036566;ST-009;SKU-00440;6;Sifatsiz mahsulot;24.01.2026
RT-001207;R-0047968;ST-008;SKU-00232;1;Muddati o'tgan;27.02.2026
RT-001208;R-0048918;ST-008;SKU-00168;2;Qadoq shikastlangan;26.02.2026
RT-001209;R-0037843;ST-008;SKU-00021;2;Xaridor fikri o'zgardi;01.02.2026
RT-001210;R-0034503;ST-006;SKU-00498;3;Sifatsiz mahsulot;29.01.2026
RT-001211;R-0048407;ST-012;SKU-00122;1;Muddati o'tgan;15.03.2026
RT-001212;R-0033137;ST-006;SKU-00495;1;Kafolat holati;11.01.2026
RT-001213;R-0042512;ST-009;SKU-00305;4;Xaridor fikri o'zgardi;26.02.2026
RT-001214;R-0036453;ST-005;SKU-00049;1;Sifatsiz mahsulot;22.01.2026
RT-001215;R-0045869;ST-009;SKU-00245;2;Xaridor fikri o'zgardi;03.03.2026
RT-001216;R-0051466;ST-007;SKU-00028;1;Noto'g'ri tovar berilgan;17.03.2026
RT-001217;R-0030800;ST-006;SKU-00191;2;Xaridor fikri o'zgardi;13.01.2026
RT-001218;R-0048489;ST-003;SKU-00135;5;Sifatsiz mahsulot;25.02.2026
RT-001219;R-0049886;ST-006;SKU-00083;1;Qadoq shikastlangan;14.03.2026
RT-001220;R-0043804;ST-008;SKU-00003;3;Qadoq shikastlangan;11.02.2026
RT-001221;R-0033405;ST-002;SKU-00244;1;Qadoq shikastlangan;22.01.2026
RT-001222;R-0036942;ST-010;SKU-00213;1;Kafolat holati;02.02.2026
RT-001223;R-0041567;ST-010;SKU-00317;1;Qadoq shikastlangan;17.02.2026
RT-001224;R-0039834;ST-010;SKU-00304;1;Noto'g'ri tovar berilgan;11.02.2026
RT-001225;R-0048117;ST-002;SKU-00276;2;Sifatsiz mahsulot;05.03.2026
RT-001226;R-0050798;ST-004;SKU-00231;1;Xaridor fikri o'zgardi;14.03.2026
RT-001227;R-0036783;ST-005;SKU-00354;1;Qadoq shikastlangan;28.01.2026
RT-001228;R-0035700;ST-001;SKU-00125;1;Noto'g'ri tovar berilgan;04.02.2026
RT-001229;R-0035316;ST-002;SKU-00111;1;Muddati o'tgan;27.01.2026
RT-001230;R-0047366;ST-001;SKU-00005;4;Sifatsiz mahsulot;04.03.2026
RT-001231;R-0032924;ST-012;SKU-00349;4;Noto'g'ri tovar berilgan;29.01.2026
RT-001232;R-0050862;ST-007;SKU-00011;2;Xaridor fikri o'zgardi;13.03.2026
RT-001233;R-0048225;ST-006;SKU-00226;1;;03.03.2026
RT-001234;R-0036400;ST-003;SKU-00089;1;Sifatsiz mahsulot;22.01.2026
RT-001235;R-0031647;ST-010;SKU-00363;1;Muddati o'tgan;18.01.2026
RT-001236;R-0049231;ST-009;SKU-00303;2;Kafolat holati;14.03.2026
RT-001237;R-0042865;ST-008;SKU-00349;2;Kafolat holati;16.02.2026
RT-001238;R-0030182;ST-008;SKU-00221;1;Kafolat holati;21.01.2026
RT-001239;R-0049534;ST-007;SKU-00164;1;Xaridor fikri o'zgardi;14.03.2026
RT-001240;R-0050850;ST-006;SKU-00286;1;Muddati o'tgan;14.03.2026
RT-001241;R-0047462;ST-004;SKU-00387;1;Kafolat holati;11.03.2026
RT-001242;R-0042090;ST-007;SKU-00121;1;Muddati o'tgan;14.02.2026
RT-001243;R-0051205;ST-008;SKU-00105;1;Xaridor fikri o'zgardi;06.03.2026
RT-001244;R-0046955;ST-001;SKU-00045;1;Kafolat holati;12.03.2026
RT-001245;R-0047379;ST-001;SKU-00336;1;Muddati o'tgan;06.03.2026
RT-001246;R-0049587;ST-009;SKU-00175;1;Xaridor fikri o'zgardi;06.03.2026
RT-001247;R-0041197;ST-008;SKU-00321;1;Noto'g'ri tovar berilgan;05.02.2026
RT-001248;R-0049222;ST-009;SKU-00389;1;Sifatsiz mahsulot;09.03.2026
RT-001249;R-0046900;ST-011;SKU-00275;1;Muddati o'tgan;08.03.2026
RT-001250;R-0041283;ST-011;SKU-00330;2;Xaridor fikri o'zgardi;29.01.2026
RT-001251;R-0039428;ST-005;SKU-00164;1;;30.01.2026
RT-001252;R-0050699;ST-012;SKU-00230;1;Muddati o'tgan;21.03.2026
RT-001253;R-0045622;ST-011;SKU-00171;1;Xaridor fikri o'zgardi;25.02.2026
RT-001254;R-0047103;ST-006;SKU-00205;1;Sifatsiz mahsulot;24.02.2026
RT-001255;R-0037613;ST-001;SKU-00239;1;Noto'g'ri tovar berilgan;21.01.2026
RT-001256;R-0051357;ST-003;SKU-00059;1;Kafolat holati;20.03.2026
RT-001257;R-0033820;ST-003;SKU-00322;1;;24.01.2026
RT-001258;R-0031007;ST-012;SKU-00202;3;;03.01.2026
RT-001259;R-9647580;ST-010;SKU-00204;3;Sifatsiz mahsulot;26.02.2026
RT-001260;R-0041324;ST-012;SKU-00059;1;Sifatsiz mahsulot;03.02.2026
RT-001261;R-0052140;ST-005;SKU-00206;1;Muddati o'tgan;27.03.2026
RT-001262;R-0043039;ST-001;SKU-00181;1;Xaridor fikri o'zgardi;22.02.2026
RT-001263;R-0052080;ST-003;SKU-00312;1;Muddati o'tgan;16.03.2026
RT-001264;R-0052194;ST-007;SKU-00030;3;Muddati o'tgan;07.03.2026
RT-001265;R-0050679;ST-012;SKU-00302;2;Sifatsiz mahsulot;22.03.2026
RT-001266;R-0032677;ST-002;SKU-00225;1;Qadoq shikastlangan;28.01.2026
RT-001267;R-0051926;ST-010;SKU-00372;1;Muddati o'tgan;14.03.2026
RT-001268;R-0043914;ST-001;SKU-00296;2;Kafolat holati;12.02.2026
RT-001269;R-0050981;ST-011;SKU-00490;1;Noto'g'ri tovar berilgan;07.03.2026
RT-001270;R-0036464;ST-005;SKU-00375;1;Muddati o'tgan;06.02.2026
RT-001271;R-0041540;ST-008;SKU-00301;1;Sifatsiz mahsulot;07.02.2026
RT-001272;R-0044207;ST-012;SKU-00495;1;Noto'g'ri tovar berilgan;28.02.2026
RT-001273;R-0036250;ST-008;SKU-00400;1;Kafolat holati;24.01.2026
RT-001274;R-0035321;ST-002;SKU-00333;1;Kafolat holati;29.01.2026
RT-001275;R-0042953;ST-011;SKU-00018;2;Sifatsiz mahsulot;22.02.2026
RT-001276;R-0044086;ST-007;SKU-00317;3;Sifatsiz mahsulot;14.02.2026
RT-001277;R-0047003;ST-002;SKU-00068;3;Qadoq shikastlangan;28.02.2026
RT-001278;R-0038866;ST-007;SKU-00066;2;Muddati o'tgan;27.01.2026
RT-001279;R-0046404;ST-004;SKU-00256;4;Muddati o'tgan;09.03.2026
RT-001280;R-0046602;ST-012;SKU-00495;1;Noto'g'ri tovar berilgan;06.03.2026
RT-001281;R-0042771;ST-005;SKU-00460;1;Qadoq shikastlangan;11.02.2026
RT-001282;R-0031720;ST-002;SKU-00177;1;Noto'g'ri tovar berilgan;07.01.2026
RT-001283;R-0031697;ST-001;SKU-00496;1;Noto'g'ri tovar berilgan;21.01.2026
RT-001284;R-0049032;ST-001;SKU-00189;4;Sifatsiz mahsulot;15.03.2026
RT-001285;R-0039200;ST-007;SKU-00007;1;Muddati o'tgan;17.02.2026
RT-001286;R-0046515;ST-008;SKU-00027;1;Xaridor fikri o'zgardi;27.02.2026
RT-001287;R-0050026;ST-011;SKU-00318;1;Xaridor fikri o'zgardi;06.03.2026
RT-001288;R-0037134;ST-005;SKU-00218;1;Xaridor fikri o'zgardi;29.01.2026
RT-001289;R-0043133;ST-005;SKU-00399;1;Muddati o'tgan;23.02.2026
RT-001290;R-0047926;ST-007;SKU-00165;1;Muddati o'tgan;12.03.2026
RT-001291;R-0047387;ST-002;SKU-00355;1;Kafolat holati;01.03.2026
RT-001292;R-0036317;ST-011;SKU-00282;3;Qadoq shikastlangan;29.01.2026
RT-001293;R-0034893;ST-009;SKU-00419;1;Kafolat holati;24.01.2026
RT-001294;R-0045587;ST-010;SKU-00487;1;Sifatsiz mahsulot;05.03.2026
RT-001295;R-0041326;ST-001;SKU-00111;1;Kafolat holati;10.02.2026
RT-001296;R-0035775;ST-003;SKU-00260;1;Qadoq shikastlangan;21.01.2026
RT-001297;R-0036719;ST-002;SKU-00009;3;Kafolat holati;22.01.2026
RT-001298;R-0033477;ST-005;SKU-00099;1;Muddati o'tgan;16.01.2026
RT-001299;R-0033645;ST-009;SKU-00305;1;Xaridor fikri o'zgardi;21.01.2026
RT-001300;R-0033676;;SKU-00103;1;Xaridor fikri o'zgardi;28.01.2026
RT-001301;R-0043417;ST-005;SKU-00117;3;Sifatsiz mahsulot;12.02.2026
RT-001302;R-0039861;ST-011;SKU-00206;1;Kafolat holati;05.02.2026
RT-001303;R-0037701;ST-003;SKU-00298;1;Noto'g'ri tovar berilgan;20.01.2026
RT-001304;R-0045481;ST-006;SKU-00422;1;Noto'g'ri tovar berilgan;16.02.2026
RT-001305;R-0052348;ST-011;SKU-00195;2;Sifatsiz mahsulot;13.03.2026
RT-001306;R-0049847;ST-005;SKU-00362;1;Muddati o'tgan;18.03.2026
RT-001307;R-0039824;ST-009;SKU-00051;1;Sifatsiz mahsulot;07.02.2026
RT-001308;R-0048875;ST-007;SKU-00419;1;Xaridor fikri o'zgardi;14.03.2026
RT-001309;R-0038059;ST-002;SKU-00374;1;Muddati o'tgan;06.02.2026
RT-001310;R-0051908;ST-009;SKU-00499;2;Noto'g'ri tovar berilgan;21.03.2026
RT-001311;R-0033371;ST-002;SKU-00154;1;Sifatsiz mahsulot;25.01.2026
RT-001312;R-0041736;ST-004;SKU-00370;2;Kafolat holati;16.02.2026
RT-001313;R-0034526;ST-007;SKU-00406;2;Muddati o'tgan;31.01.2026
RT-001314;R-0035528;ST-008;SKU-00072;1;Qadoq shikastlangan;03.02.2026
RT-001315;R-0046841;ST-009;SKU-00399;5;Sifatsiz mahsulot;21.02.2026
RT-001316;R-0047666;ST-010;SKU-00418;1;Kafolat holati;01.03.2026
RT-001317;R-0033849;ST-004;SKU-00318;1;Sifatsiz mahsulot;17.01.2026
RT-001318;R-0046620;ST-001;SKU-00361;1;Xaridor fikri o'zgardi;12.03.2026
RT-001319;R-0047735;ST-012;SKU-00132;1;Noto'g'ri tovar berilgan;14.03.2026
RT-001320;R-0042728;ST-004;SKU-00046;1;Noto'g'ri tovar berilgan;05.02.2026
RT-001321;R-0033798;ST-002;SKU-00264;1;Sifatsiz mahsulot;14.01.2026
RT-001322;R-0048915;ST-008;SKU-00177;1;Muddati o'tgan;01.03.2026
RT-001323;R-0044117;ST-008;SKU-00488;1;Qadoq shikastlangan;03.03.2026
RT-001324;R-9820298;ST-011;SKU-00400;1;Kafolat holati;08.03.2026
RT-001325;R-0033539;ST-006;SKU-00075;1;Qadoq shikastlangan;22.01.2026
RT-001326;R-0030453;ST-006;SKU-00135;2;;18.01.2026
RT-001327;R-0045831;ST-007;SKU-00355;1;Muddati o'tgan;02.03.2026
RT-001328;R-0045993;ST-001;SKU-00026;2;Sifatsiz mahsulot;04.03.2026
RT-001329;R-0043974;ST-003;SKU-00018;1;Sifatsiz mahsulot;16.02.2026
RT-001330;R-0047856;ST-004;SKU-00289;4;Qadoq shikastlangan;13.03.2026
RT-001331;R-0051901;ST-009;SKU-00173;1;Sifatsiz mahsulot;22.03.2026
RT-001332;R-0034704;ST-002;SKU-00486;2;Noto'g'ri tovar berilgan;21.01.2026
RT-001333;R-0047823;ST-003;SKU-00224;1;Muddati o'tgan;23.02.2026
RT-001334;R-0048916;ST-008;SKU-00255;1;Kafolat holati;17.03.2026
RT-001335;R-0030655;ST-002;SKU-00318;3;Qadoq shikastlangan;23.01.2026
RT-001336;R-0033128;ST-006;SKU-00062;1;Sifatsiz mahsulot;12.01.2026
RT-001337;R-0044409;ST-009;SKU-00164;1;Xaridor fikri o'zgardi;16.02.2026
RT-001338;R-0047971;ST-008;SKU-00489;1;Kafolat holati;01.03.2026
RT-001339;R-0037940;ST-010;SKU-00344;1;Xaridor fikri o'zgardi;12.02.2026
RT-001340;R-0052143;ST-005;SKU-00008;1;Kafolat holati;22.03.2026
RT-001341;R-0048046;ST-011;SKU-00183;2;Noto'g'ri tovar berilgan;25.02.2026
RT-001342;R-0038953;ST-010;SKU-00203;2;Muddati o'tgan;13.02.2026
RT-001343;R-0032886;ST-011;SKU-00298;1;Kafolat holati;26.01.2026
RT-001344;R-0039260;ST-010;SKU-00009;1;Qadoq shikastlangan;29.01.2026
RT-001345;R-0041600;ST-011;SKU-00049;2;Sifatsiz mahsulot;18.02.2026
RT-001346;R-0050880;ST-008;SKU-00278;1;Qadoq shikastlangan;05.03.2026
RT-001347;R-0047204;ST-009;SKU-00022;1;Xaridor fikri o'zgardi;13.03.2026
RT-001348;R-0049711;ST-001;SKU-00379;1;Qadoq shikastlangan;11.03.2026
RT-001349;R-0043976;ST-003;SKU-00295;1;Qadoq shikastlangan;13.02.2026
RT-001350;R-0038262;ST-008;SKU-00095;1;Noto'g'ri tovar berilgan;28.01.2026
RT-001351;R-0031666;ST-011;SKU-00305;1;Noto'g'ri tovar berilgan;17.01.2026
RT-001352;R-0030106;ST-005;SKU-00205;1;Muddati o'tgan;16.01.2026
RT-001353;R-0034954;ST-012;SKU-00436;1;Sifatsiz mahsulot;15.01.2026
RT-001354;R-0051940;ST-011;SKU-00276;1;Xaridor fikri o'zgardi;13.03.2026
RT-001355;R-0042120;ST-008;SKU-00450;3;Muddati o'tgan;29.01.2026
RT-001356;R-0048733;ST-002;SKU-00376;1;Qadoq shikastlangan;06.03.2026
RT-001357;R-0043716;ST-004;SKU-00074;1;Qadoq shikastlangan;27.02.2026
RT-001358;R-0047906;ST-006;SKU-00013;1;Kafolat holati;07.03.2026
RT-001359;R-0033966;ST-008;SKU-00018;1;Sifatsiz mahsulot;20.01.2026
RT-001360;R-0050613;ST-009;SKU-00054;1;Sifatsiz mahsulot;23.03.2026
RT-001361;R-0051657;ST-002;SKU-00180;2;Sifatsiz mahsulot;08.03.2026
RT-001362;R-0044500;ST-012;SKU-00253;1;Kafolat holati;03.03.2026
RT-001363;R-0038186;ST-006;SKU-00120;1;Noto'g'ri tovar berilgan;25.01.2026
RT-001364;R-0046978;ST-002;SKU-00042;1;Xaridor fikri o'zgardi;02.03.2026
RT-001365;R-0040125;ST-008;SKU-00170;1;Qadoq shikastlangan;17.02.2026
RT-001366;R-0040462;ST-005;SKU-00403;2;Sifatsiz mahsulot;15.02.2026
RT-001367;R-0048892;ST-007;SKU-00085;1;Kafolat holati;15.03.2026
RT-001368;R-0032901;ST-011;SKU-00433;1;Xaridor fikri o'zgardi;20.01.2026
RT-001369;R-0043190;ST-007;SKU-00437;2;Xaridor fikri o'zgardi;02.02.2026
RT-001370;R-0033193;ST-008;SKU-00029;2;Muddati o'tgan;25.01.2026
RT-001371;R-0031807;ST-005;SKU-00235;1;Xaridor fikri o'zgardi;14.01.2026
RT-001372;R-0031929;ST-009;SKU-00417;2;Qadoq shikastlangan;14.01.2026
RT-001373;R-0037661;ST-002;SKU-00483;1;Noto'g'ri tovar berilgan;02.02.2026
RT-001374;R-0031802;ST-005;SKU-00080;1;Muddati o'tgan;12.01.2026
RT-001375;R-0037773;ST-006;SKU-00033;1;Sifatsiz mahsulot;19.01.2026
RT-001376;R-0049304;ST-012;SKU-00006;1;Muddati o'tgan;03.03.2026
RT-001377;R-0042736;ST-004;SKU-00345;3;Muddati o'tgan;11.02.2026
RT-001378;R-0041477;ST-006;SKU-00057;3;Xaridor fikri o'zgardi;12.02.2026
RT-001379;R-0048515;ST-004;SKU-00205;1;Sifatsiz mahsulot;10.03.2026
RT-001380;R-0049384;ST-003;SKU-00409;3;Muddati o'tgan;08.03.2026
RT-001381;R-9798540;ST-002;SKU-00180;1;Sifatsiz mahsulot;04.03.2026
RT-001382;R-0039097;ST-003;SKU-00236;2;Muddati o'tgan;07.02.2026
RT-001383;R-0035018;ST-003;SKU-00004;1;Noto'g'ri tovar berilgan;30.01.2026
RT-001384;R-0051133;ST-005;SKU-00361;1;Sifatsiz mahsulot;24.03.2026
RT-001385;R-0049446;ST-005;SKU-00002;1;Sifatsiz mahsulot;18.03.2026
RT-001386;R-0043149;ST-006;SKU-00291;1;;27.02.2026
RT-001387;R-0040363;ST-002;SKU-00172;1;Noto'g'ri tovar berilgan;06.02.2026
RT-001388;R-0049628;ST-010;SKU-00476;1;Muddati o'tgan;16.03.2026
RT-001389;R-0033722;ST-012;SKU-00038;3;Qadoq shikastlangan;26.01.2026
RT-001390;R-0041191;ST-007;SKU-00268;1;Noto'g'ri tovar berilgan;03.02.2026
RT-001391;R-0034982;ST-001;SKU-00262;1;Muddati o'tgan;26.01.2026
RT-001392;R-0034622;ST-011;SKU-00143;1;Xaridor fikri o'zgardi;02.02.2026
RT-001393;R-0038613;ST-008;SKU-00124;1;Sifatsiz mahsulot;09.02.2026
RT-001394;R-0051689;ST-003;SKU-00053;1;Noto'g'ri tovar berilgan;03.03.2026
RT-001395;R-0049365;ST-002;SKU-00291;1;Xaridor fikri o'zgardi;02.03.2026
RT-001396;R-0041247;ST-010;SKU-00267;2;Xaridor fikri o'zgardi;21.02.2026
RT-001397;R-9698840;ST-009;SKU-00283;2;Qadoq shikastlangan;09.03.2026
RT-001398;R-0034937;ST-011;SKU-00161;1;Qadoq shikastlangan;30.01.2026
RT-001399;R-0031883;ST-007;SKU-00238;1;Xaridor fikri o'zgardi;08.01.2026
RT-001400;R-0046053;ST-003;SKU-00420;4;Xaridor fikri o'zgardi;25.02.2026
RT-001401;R-0035562;ST-009;SKU-00441;1;Sifatsiz mahsulot;30.01.2026
RT-001402;R-0044356;ST-006;SKU-00235;3;Kafolat holati;02.03.2026
RT-001403;R-0041871;ST-011;SKU-00422;1;Kafolat holati;05.02.2026
RT-001404;R-0037358;ST-002;SKU-00406;1;Qadoq shikastlangan;21.01.2026
RT-001405;R-0030222;ST-010;SKU-00362;1;Sifatsiz mahsulot;10.01.2026
RT-001406;R-0041119;ST-004;SKU-00485;3;Xaridor fikri o'zgardi;17.02.2026
RT-001407;R-0050027;ST-011;SKU-00266;1;Sifatsiz mahsulot;14.03.2026
RT-001408;R-0047226;ST-009;SKU-00341;1;Muddati o'tgan;28.02.2026
RT-001409;R-0046970;ST-002;SKU-00075;2;Muddati o'tgan;02.03.2026
RT-001410;R-0048481;ST-003;SKU-00470;1;Sifatsiz mahsulot;01.03.2026
RT-001411;R-0033146;ST-007;SKU-00037;1;Xaridor fikri o'zgardi;19.01.2026
RT-001412;R-0046987;ST-002;SKU-00466;1;Sifatsiz mahsulot;21.02.2026
RT-001413;R-0049953;ST-008;SKU-00469;1;;14.03.2026
RT-001414;R-0036981;ST-012;SKU-00107;1;Kafolat holati;09.02.2026
RT-001415;R-0044304;ST-004;SKU-00300;2;Xaridor fikri o'zgardi;27.02.2026
RT-001416;R-0043516;ST-009;SKU-00157;1;Qadoq shikastlangan;28.02.2026
RT-001417;R-0040512;ST-007;SKU-00331;1;Sifatsiz mahsulot;08.02.2026
RT-001418;R-0051343;ST-003;SKU-00121;1;Xaridor fikri o'zgardi;04.03.2026
RT-001419;R-0042603;ST-012;SKU-00154;1;Xaridor fikri o'zgardi;26.02.2026
RT-001420;R-0032059;ST-003;SKU-00011;3;;24.01.2026
RT-001421;R-0031219;ST-007;SKU-00376;2;Xaridor fikri o'zgardi;13.01.2026
RT-001422;R-0049333;ST-001;SKU-00191;4;Muddati o'tgan;14.03.2026
RT-001423;R-0038730;ST-001;SKU-00196;1;Qadoq shikastlangan;07.02.2026
RT-001424;R-0033427;ST-003;SKU-00392;5;Sifatsiz mahsulot;27.01.2026
RT-001425;R-0044145;ST-010;SKU-00486;2;Kafolat holati;18.02.2026
RT-001426;R-0052239;ST-008;SKU-00226;1;Noto'g'ri tovar berilgan;15.03.2026
RT-001427;R-0050436;ST-002;SKU-00037;1;Xaridor fikri o'zgardi;03.03.2026
RT-001428;R-0037318;ST-012;SKU-00046;4;Muddati o'tgan;24.01.2026
RT-001429;R-0042660;ST-002;SKU-00420;3;Kafolat holati;08.02.2026
RT-001430;R-0037941;ST-011;SKU-00282;2;Muddati o'tgan;02.02.2026
RT-001431;R-0041397;ST-003;SKU-00162;2;Noto'g'ri tovar berilgan;18.02.2026
RT-001432;R-0052069;ST-003;SKU-00111;3;Kafolat holati;22.03.2026
RT-001433;R-0037104;ST-005;SKU-00315;1;Sifatsiz mahsulot;25.01.2026
RT-001434;R-0039094;ST-003;SKU-00089;1;Noto'g'ri tovar berilgan;15.02.2026
RT-001435;R-0048736;ST-002;SKU-00289;1;Muddati o'tgan;14.03.2026
RT-001436;R-0047583;ST-007;SKU-00142;1;Kafolat holati;05.03.2026
RT-001437;R-0044020;ST-005;SKU-00046;2;Xaridor fikri o'zgardi;20.02.2026
RT-001438;R-9597573;ST-001;SKU-00238;1;Xaridor fikri o'zgardi;15.01.2026
RT-001439;R-0044001;ST-004;SKU-00191;1;Muddati o'tgan;03.03.2026
RT-001440;R-0048535;ST-005;SKU-00046;2;Noto'g'ri tovar berilgan;15.03.2026
RT-001441;R-0037336;ST-001;SKU-00075;1;Noto'g'ri tovar berilgan;03.02.2026
RT-001442;R-0045526;ST-007;SKU-00333;1;Sifatsiz mahsulot;23.02.2026
RT-001443;R-0043744;ST-005;SKU-00243;1;Qadoq shikastlangan;21.02.2026
RT-001444;R-0050058;ST-012;SKU-00231;1;Qadoq shikastlangan;07.03.2026
RT-001445;R-0045372;ST-001;SKU-00263;5;Muddati o'tgan;24.02.2026
RT-001446;R-0037898;ST-009;SKU-00437;1;Xaridor fikri o'zgardi;29.01.2026
RT-001447;R-0037423;;SKU-00034;1;Noto'g'ri tovar berilgan;04.02.2026
RT-001448;R-0040250;ST-011;SKU-00180;1;Sifatsiz mahsulot;10.02.2026
RT-001449;R-0038907;ST-008;SKU-00264;1;Xaridor fikri o'zgardi;01.02.2026
RT-001450;R-0051377;ST-004;SKU-00069;3;Xaridor fikri o'zgardi;25.03.2026
RT-001451;R-0033074;ST-005;SKU-00247;4;Kafolat holati;30.01.2026
RT-001452;R-0037672;ST-002;SKU-00096;1;Xaridor fikri o'zgardi;30.01.2026
RT-001453;R-0042251;ST-001;SKU-00051;3;Qadoq shikastlangan;14.02.2026
RT-001454;R-0034019;ST-010;SKU-00446;3;Xaridor fikri o'zgardi;08.01.2026
RT-001455;R-0044811;ST-009;SKU-00460;2;Kafolat holati;15.02.2026
RT-001456;R-0030921;ST-010;SKU-00328;1;Qadoq shikastlangan;03.01.2026
RT-001457;R-0037871;ST-009;SKU-00311;1;Kafolat holati;08.02.2026
RT-001458;R-0048104;ST-002;SKU-00072;1;Xaridor fikri o'zgardi;06.03.2026
RT-001459;R-0032378;ST-003;SKU-00122;1;Muddati o'tgan;13.01.2026
RT-001460;R-0035450;ST-006;SKU-00289;2;Sifatsiz mahsulot;05.02.2026
RT-001461;R-0041236;ST-009;SKU-00387;2;Kafolat holati;15.02.2026
RT-001462;R-0050914;ST-009;SKU-00472;1;Muddati o'tgan;21.03.2026
RT-001463;R-0038680;ST-011;SKU-00452;1;Qadoq shikastlangan;29.01.2026
RT-001464;R-0042835;ST-007;SKU-00341;1;Kafolat holati;28.02.2026
RT-001465;R-0033126;ST-006;SKU-00273;3;Muddati o'tgan;17.01.2026
RT-001466;R-0031884;ST-008;SKU-00486;2;Kafolat holati;07.01.2026
RT-001467;R-0031180;ST-005;SKU-00367;1;Sifatsiz mahsulot;14.01.2026
RT-001468;R-0030369;ST-003;SKU-00390;1;Noto'g'ri tovar berilgan;06.01.2026
RT-001469;R-0037120;ST-005;SKU-00255;2;Muddati o'tgan;01.02.2026
RT-001470;R-0033022;ST-003;SKU-00431;2;Kafolat holati;24.01.2026
RT-001471;R-0039180;ST-006;SKU-00018;1;Xaridor fikri o'zgardi;04.02.2026
RT-001472;R-0035797;ST-004;SKU-00094;1;Muddati o'tgan;20.01.2026
RT-001473;R-0031844;ST-006;SKU-00100;1;Sifatsiz mahsulot;15.01.2026
RT-001474;R-0043813;ST-008;SKU-00174;1;Qadoq shikastlangan;04.02.2026
RT-001475;R-0040264;ST-011;SKU-00210;1;Qadoq shikastlangan;03.02.2026
RT-001476;R-0034638;ST-011;SKU-00299;2;Xaridor fikri o'zgardi;17.01.2026
RT-001477;R-0031709;ST-001;SKU-00217;1;Xaridor fikri o'zgardi;22.01.2026
RT-001478;R-0049947;ST-008;SKU-00359;1;Muddati o'tgan;21.03.2026
RT-001479;R-0035398;ST-004;SKU-00442;1;Muddati o'tgan;03.02.2026
RT-001480;R-0051388;ST-004;SKU-00363;1;Noto'g'ri tovar berilgan;21.03.2026
RT-001481;R-0038471;ST-003;SKU-00449;1;Qadoq shikastlangan;12.02.2026
RT-001482;R-0039992;ST-003;SKU-00267;1;Qadoq shikastlangan;16.02.2026
RT-001483;R-9411938;ST-004;SKU-00437;1;Qadoq shikastlangan;30.01.2026
RT-001484;R-0036807;ST-006;SKU-00439;1;Sifatsiz mahsulot;09.02.2026
RT-001485;R-0041019;ST-012;SKU-00192;1;Sifatsiz mahsulot;14.02.2026
RT-001486;R-0040024;;SKU-00265;2;Muddati o'tgan;15.02.2026
RT-001487;R-0035725;ST-002;SKU-00018;2;Xaridor fikri o'zgardi;25.01.2026
RT-001488;R-0047325;ST-012;SKU-00405;3;Xaridor fikri o'zgardi;06.03.2026
RT-001489;R-0034183;ST-004;SKU-00476;1;Xaridor fikri o'zgardi;20.01.2026
RT-001490;R-0037349;ST-002;SKU-00263;1;Kafolat holati;24.01.2026
RT-001491;R-0050696;ST-012;SKU-00282;1;Sifatsiz mahsulot;10.03.2026
RT-001492;R-0040739;ST-001;SKU-00079;1;Muddati o'tgan;30.01.2026
RT-001493;R-0039085;ST-003;SKU-00344;1;Noto'g'ri tovar berilgan;08.02.2026
RT-001494;R-0033244;ST-009;SKU-00206;4;Qadoq shikastlangan;16.01.2026
RT-001495;R-0052311;ST-010;SKU-00224;5;Kafolat holati;19.03.2026
RT-001496;R-0036558;ST-009;SKU-00347;1;Qadoq shikastlangan;28.01.2026
RT-001497;R-0035606;ST-010;SKU-00423;4;Sifatsiz mahsulot;05.02.2026
RT-001498;R-0042406;ST-006;SKU-00500;2;Kafolat holati;14.02.2026
RT-001499;R-0042780;ST-005;SKU-00362;1;Xaridor fikri o'zgardi;27.02.2026
RT-001500;R-0036106;ST-002;SKU-00481;1;Muddati o'tgan;28.01.2026
