receipt_no;store_code;cashier_id;sale_datetime_raw;sku;qty_raw;unit_price_raw;discount_raw;payment_type
REC-20260729-STORE_01-0001;STORE_01;CASH-03;2026-07-29 16:20:03;SKU-015;1;5000;1000;CARD
REC-20260729-STORE_01-0001;STORE_01;CASH-02;2026-07-29 16:20:03;SKU-018;4;5000;0;CARD
REC-20260729-STORE_01-0001;STORE_01;CASH-05;2026-07-29 16:20:03;SKU-010;2;25000;0;CARD
REC-20260729-STORE_01-0002;STORE_01;CASH-02;2026-07-29 15:39:01;SKU-002;3;12000;0;CARD
REC-20260729-STORE_01-0003;STORE_01;CASH-08;2026-07-29 14:36:58;SKU-006;1;45000;0;CASH
REC-20260729-STORE_01-0003;STORE_01;CASH-05;2026-07-29 14:36:58;SKU-036;2;45000;0;CARD
REC-20260729-STORE_01-0003;STORE_01;CASH-08;2026-07-29 14:36:58;SKU-025;3;5000;1000;CASH
REC-20260729-STORE_01-0003;STORE_01;CASH-02;2026-07-29 14:36:58;SKU-002;4;12000;500;CASH
REC-20260729-STORE_01-0004;STORE_01;CASH-07;2026-07-29 15:08:36;SKU-002;2;12000;1000;CASH
REC-20260729-STORE_01-0005;STORE_01;CASH-08;2026-07-29 19:52:29;SKU-005;3;5000;0;CASH
REC-20260729-STORE_01-0005;STORE_01;CASH-03;2026-07-29 19:52:29;SKU-018;3;5000;0;CARD
REC-20260729-STORE_01-0006;STORE_01;CASH-03;2026-07-29 14:33:42;SKU-011;3;5000;1000;CARD
REC-20260729-STORE_01-0007;STORE_01;CASH-06;2026-07-29 9:21:13;SKU-002;2;12000;500;CARD
REC-20260729-STORE_01-0008;STORE_01;CASH-10;2026-07-29 9:59:53;SKU-005;1;5000;1000;CARD
REC-20260729-STORE_01-0009;STORE_01;CASH-07;2026-07-29 18:28:23;SKU-008;2;12000;0;CASH
REC-20260729-STORE_01-0010;STORE_01;CASH-02;2026-07-29 18:47:07;SKU-001;1;45000;500;CARD
REC-20260729-STORE_01-0010;STORE_01;CASH-06;2026-07-29 18:47:07;SKU-018;3;5000;0;CASH
REC-20260729-STORE_01-0011;STORE_01;CASH-04;2026-07-29 19:33:18;SKU-017;4;12000;0;CARD
REC-20260729-STORE_01-0011;STORE_01;CASH-10;2026-07-29 19:33:18;SKU-001;2;45000;1000;CARD
REC-20260729-STORE_01-0011;STORE_01;CASH-08;2026-07-29 19:33:18;SKU-021;3;5000;0;CASH
REC-20260729-STORE_01-0011;STORE_01;CASH-10;2026-07-29 19:33:18;SKU-045;4;45000;0;CARD
REC-20260729-STORE_01-0012;STORE_01;CASH-10;2026-07-29 18:48:09;SKU-004;4;25000;0;CARD
REC-20260729-STORE_01-0012;STORE_01;CASH-04;2026-07-29 18:48:09;SKU-001;3;45000;500;CARD
REC-20260729-STORE_01-0012;STORE_01;CASH-08;2026-07-29 18:48:09;SKU-001;4;45000;0;CASH
REC-20260729-STORE_01-0012;STORE_01;CASH-10;2026-07-29 18:48:09;SKU-038;4;12000;0;CARD
REC-20260729-STORE_01-0013;STORE_01;CASH-04;2026-07-29 12:48:25;SKU-004;2;25000;1000;CASH
REC-20260729-STORE_01-0013;STORE_01;CASH-01;2026-07-29 12:48:25;SKU-002;4;12000;0;CASH
REC-20260729-STORE_01-0014;STORE_01;CASH-08;2026-07-29 15:28:42;SKU-035;1;5000;1000;CARD
REC-20260729-STORE_01-0014;STORE_01;CASH-02;2026-07-29 15:28:42;SKU-001;4;45000;0;CARD
REC-20260729-STORE_01-0014;STORE_01;CASH-06;2026-07-29 15:28:42;SKU-002;1;12000;500;CARD
REC-20260729-STORE_01-0014;STORE_01;CASH-06;2026-07-29 15:28:42;SKU-001;2;45000;500;CARD
REC-20260729-STORE_01-0014;STORE_01;CASH-09;2026-07-29 15:28:42;SKU-001;1;45000;0;CARD
REC-20260729-STORE_01-0015;STORE_01;CASH-07;2026-07-29 8:24:37;SKU-005;3;5000;0;CARD
REC-20260729-STORE_01-0015;STORE_01;CASH-06;2026-07-29 8:24:37;SKU-030;4;45000;1000;CASH
REC-20260729-STORE_01-0016;STORE_01;CASH-02;2026-07-29 12:46:19;SKU-001;3;45000;0;CARD
REC-20260729-STORE_01-0016;STORE_01;CASH-03;2026-07-29 12:46:19;SKU-015;4;5000;0;CARD
REC-20260729-STORE_01-0016;STORE_01;CASH-10;2026-07-29 12:46:19;SKU-019;2;25000;1000;CARD
REC-20260729-STORE_01-0017;STORE_01;CASH-07;2026-07-29 18:07:03;SKU-002;1;12000;0;CARD
REC-20260729-STORE_01-0018;STORE_01;CASH-07;2026-07-29 11:38:40;SKU-003;2;45000;500;CASH
REC-20260729-STORE_01-0018;STORE_01;CASH-07;2026-07-29 11:38:40;SKU-001;3;45000;0;CARD
REC-20260729-STORE_01-0018;STORE_01;CASH-10;2026-07-29 11:38:40;SKU-024;3;12000;500;CARD
REC-20260729-STORE_01-0018;STORE_01;CASH-04;2026-07-29 11:38:40;SKU-003;4;45000;0;CARD
REC-20260729-STORE_01-0019;STORE_01;CASH-09;2026-07-29 8:52:26;SKU-001;3;45000;0;CARD
REC-20260729-STORE_01-0020;STORE_01;CASH-09;2026-07-29 20:50:44;SKU-016;4;25000;0;CARD
REC-20260729-STORE_01-0021;STORE_01;CASH-02;2026-07-29 10:10:40;SKU-041;2;25000;0;CARD
REC-20260729-STORE_01-0022;STORE_01;CASH-05;2026-07-29 11:37:40;SKU-014;3;5000;0;CASH
REC-20260729-STORE_01-0022;STORE_01;CASH-10;2026-07-29 11:37:40;SKU-047;3;5000;0;CASH
REC-20260729-STORE_01-0022;STORE_01;CASH-02;2026-07-29 11:37:40;SKU-001;1;45000;0;CASH
REC-20260729-STORE_01-0022;STORE_01;CASH-03;2026-07-29 11:37:40;SKU-029;3;5000;1000;CARD
REC-20260729-STORE_01-0023;STORE_01;CASH-05;2026-07-29 17:14:24;SKU-025;1;5000;0;CARD
REC-20260729-STORE_01-0023;STORE_01;CASH-10;2026-07-29 17:14:24;SKU-001;3;45000;0;CARD
REC-20260729-STORE_01-0023;STORE_01;CASH-03;2026-07-29 17:14:24;SKU-002;4;12000;0;CASH
REC-20260729-STORE_01-0024;STORE_01;CASH-07;2026-07-29 19:22:48;SKU-004;4;25000;1000;CARD
REC-20260729-STORE_01-0024;STORE_01;CASH-09;2026-07-29 19:22:48;SKU-001;2;45000;500;CARD
REC-20260729-STORE_01-0024;STORE_01;CASH-07;2026-07-29 19:22:48;SKU-001;3;45000;500;CARD
REC-20260729-STORE_01-0024;STORE_01;CASH-08;2026-07-29 19:22:48;SKU-013;4;12000;0;CARD
REC-20260729-STORE_01-0024;STORE_01;CASH-09;2026-07-29 19:22:48;SKU-003;1;45000;0;CARD
REC-20260729-STORE_01-0025;STORE_01;CASH-03;2026-07-29 16:30:16;SKU-001;3;45000;500;CARD
REC-20260729-STORE_01-0025;STORE_01;CASH-03;2026-07-29 16:30:16;SKU-008;4;12000;0;CASH
REC-20260729-STORE_01-0025;STORE_01;CASH-09;2026-07-29 16:30:16;SKU-002;4;12000;500;CASH
REC-20260729-STORE_01-0025;STORE_01;CASH-09;2026-07-29 16:30:16;SKU-001;4;45000;0;CARD
REC-20260729-STORE_01-0026;STORE_01;CASH-09;2026-07-29 10:29:20;SKU-003;1;45000;0;CARD
REC-20260729-STORE_01-0026;STORE_01;CASH-08;2026-07-29 10:29:20;SKU-012;3;45000;500;CASH
REC-20260729-STORE_01-0027;STORE_01;CASH-03;2026-07-29 17:26:01;SKU-028;3;5000;0;CARD
REC-20260729-STORE_01-0028;STORE_01;CASH-08;2026-07-29 16:15:34;SKU-013;1;12000;0;CARD
REC-20260729-STORE_01-0028;STORE_01;CASH-07;2026-07-29 16:15:34;SKU-001;2;45000;1000;CARD
REC-20260729-STORE_01-0028;STORE_01;CASH-04;2026-07-29 16:15:34;SKU-002;3;12000;500;CASH
REC-20260729-STORE_01-0028;STORE_01;CASH-08;2026-07-29 16:15:34;SKU-001;2;45000;0;CASH
REC-20260729-STORE_01-0029;STORE_01;CASH-03;2026-07-29 17:41:42;SKU-004;2;25000;0;CARD
REC-20260729-STORE_01-0029;STORE_01;CASH-04;2026-07-29 17:41:42;SKU-001;1;45000;0;CASH
REC-20260729-STORE_01-0029;STORE_01;CASH-09;2026-07-29 17:41:42;SKU-006;2;45000;0;CARD
REC-20260729-STORE_01-0030;STORE_01;CASH-04;2026-07-29 14:15:32;SKU-007;1;12000;0;CASH
REC-20260729-STORE_01-0030;STORE_01;CASH-01;2026-07-29 14:15:32;SKU-003;1;45000;0;CASH
REC-20260729-STORE_01-0030;STORE_01;CASH-03;2026-07-29 14:15:32;SKU-001;2;45000;0;CARD
REC-20260729-STORE_01-0031;STORE_01;CASH-05;2026-07-29 9:40:31;SKU-019;3;25000;0;CASH
REC-20260729-STORE_01-0031;STORE_01;CASH-09;2026-07-29 9:40:31;SKU-006;4;45000;1000;CARD
REC-20260729-STORE_01-0032;STORE_01;CASH-10;2026-07-29 18:27:58;SKU-007;2;12000;0;CARD
REC-20260729-STORE_01-0032;STORE_01;CASH-09;2026-07-29 18:27:58;SKU-001;4;45000;1000;CARD
REC-20260729-STORE_01-0032;STORE_01;CASH-03;2026-07-29 18:27:58;SKU-002;3;12000;500;CASH
REC-20260729-STORE_01-0033;STORE_01;CASH-03;2026-07-29 20:17:50;SKU-024;2;12000;500;CASH
REC-20260729-STORE_01-0033;STORE_01;CASH-01;2026-07-29 20:17:50;SKU-022;4;12000;0;CARD
REC-20260729-STORE_01-0033;STORE_01;CASH-08;2026-07-29 20:17:50;SKU-014;4;5000;0;CARD
REC-20260729-STORE_01-0033;STORE_01;CASH-05;2026-07-29 20:17:50;SKU-002;3;12000;0;CASH
REC-20260729-STORE_01-0033;STORE_01;CASH-03;2026-07-29 20:17:50;SKU-009;3;25000;0;CARD
REC-20260729-STORE_01-0034;STORE_01;CASH-06;2026-07-29 18:23:13;SKU-004;4;25000;0;CARD
REC-20260729-STORE_01-0034;STORE_01;CASH-06;2026-07-29 18:23:13;SKU-047;3;5000;1000;CARD
REC-20260729-STORE_01-0035;STORE_01;CASH-06;2026-07-29 20:55:30;SKU-015;4;5000;0;CARD
REC-20260729-STORE_01-0035;STORE_01;CASH-05;2026-07-29 20:55:30;SKU-001;4;45000;500;CASH
REC-20260729-STORE_01-0035;STORE_01;CASH-04;2026-07-29 20:55:30;SKU-021;2;5000;0;CARD
REC-20260729-STORE_01-0036;STORE_01;CASH-10;2026-07-29 9:02:24;SKU-016;1;25000;0;CASH
REC-20260729-STORE_01-0036;STORE_01;CASH-06;2026-07-29 9:02:24;SKU-005;4;5000;1000;CARD
REC-20260729-STORE_01-0036;STORE_01;CASH-08;2026-07-29 9:02:24;SKU-001;4;45000;1000;CARD
REC-20260729-STORE_01-0036;STORE_01;CASH-03;2026-07-29 9:02:24;SKU-024;2;12000;0;CARD
REC-20260729-STORE_01-0037;STORE_01;CASH-03;2026-07-29 8:08:57;SKU-001;2;45000;0;CARD
REC-20260729-STORE_01-0037;STORE_01;CASH-03;2026-07-29 8:08:57;SKU-002;3;12000;0;CARD
REC-20260729-STORE_01-0037;STORE_01;CASH-06;2026-07-29 8:08:57;SKU-042;1;5000;0;CASH
REC-20260729-STORE_01-0037;STORE_01;CASH-02;2026-07-29 8:08:57;SKU-002;1;12000;0;CARD
REC-20260729-STORE_01-0038;STORE_01;CASH-04;2026-07-29 21:49:55;SKU-001;2;45000;1000;CARD
REC-20260729-STORE_01-0038;STORE_01;CASH-04;2026-07-29 21:49:55;SKU-038;3;12000;0;CASH
REC-20260729-STORE_01-0038;STORE_01;CASH-04;2026-07-29 21:49:55;SKU-001;3;45000;0;CARD
REC-20260729-STORE_01-0038;STORE_01;CASH-01;2026-07-29 21:49:55;SKU-002;4;12000;0;CASH
REC-20260729-STORE_01-0039;STORE_01;CASH-02;2026-07-29 9:41:14;SKU-001;2;45000;0;CASH
REC-20260729-STORE_01-0039;STORE_01;CASH-09;2026-07-29 9:41:14;SKU-001;1;45000;0;CASH
REC-20260729-STORE_01-0040;STORE_01;CASH-04;2026-07-29 20:27:49;SKU-008;4;12000;0;CARD
REC-20260729-STORE_01-0040;STORE_01;CASH-03;2026-07-29 20:27:49;SKU-001;2;45000;0;CARD
REC-20260729-STORE_01-0040;STORE_01;CASH-01;2026-07-29 20:27:49;SKU-004;4;25000;500;CASH
REC-20260729-STORE_01-0041;STORE_01;CASH-08;2026-07-29 20:27:30;SKU-001;2;45000;0;CARD
REC-20260729-STORE_01-0041;STORE_01;CASH-01;2026-07-29 20:27:30;SKU-002;1;12000;0;CARD
REC-20260729-STORE_01-0041;STORE_01;CASH-01;2026-07-29 20:27:30;SKU-019;1;25000;0;CARD
REC-20260729-STORE_01-0041;STORE_01;CASH-07;2026-07-29 20:27:30;SKU-014;1;5000;0;CARD
REC-20260729-STORE_01-0042;STORE_01;CASH-04;2026-07-29 13:22:58;SKU-005;3;5000;1000;CARD
REC-20260729-STORE_01-0042;STORE_01;CASH-02;2026-07-29 13:22:58;SKU-008;1;12000;500;CASH
REC-20260729-STORE_01-0042;STORE_01;CASH-10;2026-07-29 13:22:58;SKU-017;2;12000;0;CARD
REC-20260729-STORE_01-0042;STORE_01;CASH-10;2026-07-29 13:22:58;SKU-024;2;12000;0;CARD
REC-20260729-STORE_01-0042;STORE_01;CASH-09;2026-07-29 13:22:58;SKU-045;4;45000;500;CARD
REC-20260729-STORE_01-0043;STORE_01;CASH-05;2026-07-29 10:00:27;SKU-011;1;5000;0;CARD
REC-20260729-STORE_01-0043;STORE_01;CASH-01;2026-07-29 10:00:27;SKU-002;4;12000;1000;CASH
REC-20260729-STORE_01-0043;STORE_01;CASH-02;2026-07-29 10:00:27;SKU-002;1;12000;1000;CASH
REC-20260729-STORE_01-0043;STORE_01;CASH-03;2026-07-29 10:00:27;SKU-010;3;25000;0;CARD
REC-20260729-STORE_01-0043;STORE_01;CASH-02;2026-07-29 10:00:27;SKU-003;4;45000;0;CARD
REC-20260729-STORE_01-0044;STORE_01;CASH-02;2026-07-29 19:51:57;SKU-013;4;12000;500;CASH
REC-20260729-STORE_01-0044;STORE_01;CASH-07;2026-07-29 19:51:57;SKU-012;4;45000;1000;CARD
REC-20260729-STORE_01-0045;STORE_01;CASH-04;2026-07-29 9:02:32;SKU-016;1;25000;0;CARD
REC-20260729-STORE_01-0045;STORE_01;CASH-03;2026-07-29 9:02:32;SKU-009;4;25000;0;CARD
REC-20260729-STORE_01-0045;STORE_01;CASH-03;2026-07-29 9:02:32;SKU-007;1;12000;0;CARD
REC-20260729-STORE_01-0045;STORE_01;CASH-01;2026-07-29 9:02:32;SKU-001;2;45000;0;CASH
REC-20260729-STORE_01-0046;STORE_01;CASH-03;2026-07-29 15:18:14;SKU-001;2;45000;0;CASH
REC-20260729-STORE_01-0046;STORE_01;CASH-06;2026-07-29 15:18:14;SKU-003;3;45000;1000;CARD
REC-20260729-STORE_01-0046;STORE_01;CASH-01;2026-07-29 15:18:14;SKU-046;4;25000;0;CARD
REC-20260729-STORE_01-0046;STORE_01;CASH-07;2026-07-29 15:18:14;SKU-023;3;45000;0;CASH
REC-20260729-STORE_01-0047;STORE_01;CASH-09;2026-07-29 13:47:36;SKU-019;4;25000;0;CASH
REC-20260729-STORE_01-0047;STORE_01;CASH-02;2026-07-29 13:47:36;SKU-047;1;5000;0;CASH
REC-20260729-STORE_01-0047;STORE_01;CASH-02;2026-07-29 13:47:36;SKU-002;4;12000;0;CASH
REC-20260729-STORE_01-0047;STORE_01;CASH-03;2026-07-29 13:47:36;SKU-006;3;45000;500;CARD
REC-20260729-STORE_01-0048;STORE_01;CASH-06;2026-07-29 15:59:30;SKU-003;1;45000;0;CARD
REC-20260729-STORE_01-0048;STORE_01;CASH-03;2026-07-29 15:59:30;SKU-007;3;12000;0;CASH
REC-20260729-STORE_01-0049;STORE_01;CASH-05;2026-07-29 16:15:52;SKU-044;4;5000;0;CASH
REC-20260729-STORE_01-0049;STORE_01;CASH-06;2026-07-29 16:15:52;SKU-011;3;5000;0;CASH
REC-20260729-STORE_01-0050;STORE_01;CASH-02;2026-07-29 13:24:26;SKU-002;1;12000;0;CARD
REC-20260729-STORE_01-0051;STORE_01;CASH-06;2026-07-29 19:35:24;SKU-001;2;45000;1000;CARD
REC-20260729-STORE_01-0051;STORE_01;CASH-06;2026-07-29 19:35:24;SKU-004;2;25000;500;CARD
REC-20260729-STORE_01-0051;STORE_01;CASH-04;2026-07-29 19:35:24;SKU-013;3;12000;0;CARD
REC-20260729-STORE_01-0052;STORE_01;CASH-10;2026-07-29 9:56:24;SKU-013;4;12000;1000;CASH
REC-20260729-STORE_01-0053;STORE_01;CASH-05;2026-07-29 14:09:25;SKU-003;3;45000;0;CASH
REC-20260729-STORE_01-0053;STORE_01;CASH-09;2026-07-29 14:09:25;SKU-040;4;25000;1000;CASH
REC-20260729-STORE_01-0053;STORE_01;CASH-07;2026-07-29 14:09:25;SKU-002;1;12000;1000;CARD
REC-20260729-STORE_01-0054;STORE_01;CASH-08;2026-07-29 12:58:57;SKU-037;1;45000;1000;CASH
REC-20260729-STORE_01-0055;STORE_01;CASH-09;2026-07-29 13:47:51;SKU-001;2;45000;500;CARD
REC-20260729-STORE_01-0055;STORE_01;CASH-04;2026-07-29 13:47:51;SKU-039;3;5000;500;CASH
REC-20260729-STORE_01-0055;STORE_01;CASH-10;2026-07-29 13:47:51;SKU-011;3;5000;1000;CARD
REC-20260729-STORE_01-0055;STORE_01;CASH-04;2026-07-29 13:47:51;SKU-007;4;12000;0;CASH
REC-20260729-STORE_01-0055;STORE_01;CASH-08;2026-07-29 13:47:51;SKU-012;2;45000;1000;CARD
REC-20260729-STORE_01-0056;STORE_01;CASH-05;2026-07-29 21:09:34;SKU-001;4;45000;1000;CASH
REC-20260729-STORE_01-0056;STORE_01;CASH-08;2026-07-29 21:09:34;SKU-003;2;45000;0;CARD
REC-20260729-STORE_01-0056;STORE_01;CASH-04;2026-07-29 21:09:34;SKU-032;2;25000;500;CASH
REC-20260729-STORE_01-0056;STORE_01;CASH-07;2026-07-29 21:09:34;SKU-001;3;45000;1000;CARD
REC-20260729-STORE_01-0056;STORE_01;CASH-03;2026-07-29 21:09:34;SKU-010;1;25000;1000;CARD
REC-20260729-STORE_01-0057;STORE_01;CASH-07;2026-07-29 20:46:33;SKU-001;1;45000;0;CARD
REC-20260729-STORE_01-0057;STORE_01;CASH-09;2026-07-29 20:46:33;SKU-004;3;25000;0;CARD
REC-20260729-STORE_01-0058;STORE_01;CASH-08;2026-07-29 11:10:13;SKU-017;3;12000;0;CARD
REC-20260729-STORE_01-0058;STORE_01;CASH-09;2026-07-29 11:10:13;SKU-028;3;5000;1000;CARD
REC-20260729-STORE_01-0059;STORE_01;CASH-08;2026-07-29 18:07:43;SKU-001;1;45000;0;CASH
REC-20260729-STORE_01-0060;STORE_01;CASH-10;2026-07-29 10:39:59;SKU-037;2;45000;0;CASH
REC-20260729-STORE_01-0060;STORE_01;CASH-03;2026-07-29 10:39:59;SKU-002;3;12000;500;CARD
REC-20260729-STORE_01-0060;STORE_01;CASH-06;2026-07-29 10:39:59;SKU-003;2;45000;500;CASH
REC-20260729-STORE_01-0060;STORE_01;CASH-01;2026-07-29 10:39:59;SKU-024;2;12000;500;CARD
REC-20260729-STORE_01-0060;STORE_01;CASH-03;2026-07-29 10:39:59;SKU-004;4;25000;500;CASH
REC-20260729-STORE_01-0061;STORE_01;CASH-06;2026-07-29 9:13:58;SKU-012;1;45000;0;CASH
REC-20260729-STORE_01-0062;STORE_01;CASH-01;2026-07-29 9:48:11;SKU-038;4;12000;0;CASH
REC-20260729-STORE_01-0062;STORE_01;CASH-09;2026-07-29 9:48:11;SKU-001;3;45000;500;CARD
REC-20260729-STORE_01-0063;STORE_01;CASH-08;2026-07-29 14:39:55;SKU-025;3;5000;1000;CASH
REC-20260729-STORE_01-0063;STORE_01;CASH-09;2026-07-29 14:39:55;SKU-021;3;5000;1000;CASH
REC-20260729-STORE_01-0063;STORE_01;CASH-01;2026-07-29 14:39:55;SKU-020;4;12000;1000;CARD
REC-20260729-STORE_01-0063;STORE_01;CASH-04;2026-07-29 14:39:55;SKU-003;4;45000;500;CARD
REC-20260729-STORE_01-0064;STORE_01;CASH-08;2026-07-29 10:04:26;SKU-001;2;45000;0;CARD
REC-20260729-STORE_01-0064;STORE_01;CASH-10;2026-07-29 10:04:26;SKU-029;3;5000;0;CASH
REC-20260729-STORE_01-0064;STORE_01;CASH-10;2026-07-29 10:04:26;SKU-028;2;5000;0;CARD
REC-20260729-STORE_01-0064;STORE_01;CASH-09;2026-07-29 10:04:26;SKU-006;3;45000;0;CARD
REC-20260729-STORE_01-0065;STORE_01;CASH-07;2026-07-29 21:52:37;SKU-004;3;25000;1000;CARD
REC-20260729-STORE_01-0065;STORE_01;CASH-01;2026-07-29 21:52:37;SKU-017;1;12000;0;CARD
REC-20260729-STORE_01-0065;STORE_01;CASH-01;2026-07-29 21:52:37;SKU-006;1;45000;1000;CARD
REC-20260729-STORE_01-0065;STORE_01;CASH-10;2026-07-29 21:52:37;SKU-019;3;25000;500;CASH
REC-20260729-STORE_01-0066;STORE_01;CASH-06;2026-07-29 11:36:34;SKU-042;3;5000;1000;CARD
REC-20260729-STORE_01-0066;STORE_01;CASH-07;2026-07-29 11:36:34;SKU-030;4;45000;1000;CARD
REC-20260729-STORE_01-0066;STORE_01;CASH-09;2026-07-29 11:36:34;SKU-032;1;25000;0;CARD
REC-20260729-STORE_01-0067;STORE_01;CASH-08;2026-07-29 15:03:54;SKU-046;3;25000;500;CASH
REC-20260729-STORE_01-0068;STORE_01;CASH-05;2026-07-29 9:14:38;SKU-004;1;25000;1000;CARD
REC-20260729-STORE_01-0068;STORE_01;CASH-01;2026-07-29 9:14:38;SKU-002;2;12000;0;CASH
REC-20260729-STORE_01-0068;STORE_01;CASH-09;2026-07-29 9:14:38;SKU-001;2;45000;0;CARD
REC-20260729-STORE_01-0069;STORE_01;CASH-06;2026-07-29 12:18:59;SKU-001;2;45000;0;CARD
REC-20260729-STORE_01-0069;STORE_01;CASH-03;2026-07-29 12:18:59;SKU-023;2;45000;0;CARD
REC-20260729-STORE_01-0069;STORE_01;CASH-10;2026-07-29 12:18:59;SKU-001;4;45000;500;CARD
REC-20260729-STORE_01-0069;STORE_01;CASH-07;2026-07-29 12:18:59;SKU-008;4;12000;0;CARD
REC-20260729-STORE_01-0069;STORE_01;CASH-10;2026-07-29 12:18:59;SKU-031;1;45000;0;CARD
REC-20260729-STORE_01-0070;STORE_01;CASH-09;2026-07-29 17:43:24;SKU-006;1;45000;0;CARD
REC-20260729-STORE_01-0071;STORE_01;CASH-04;2026-07-29 11:05:31;SKU-002;2;12000;0;CARD
REC-20260729-STORE_01-0071;STORE_01;CASH-10;2026-07-29 11:05:31;SKU-001;2;45000;0;CARD
REC-20260729-STORE_01-0071;STORE_01;CASH-08;2026-07-29 11:05:31;SKU-031;1;45000;0;CARD
REC-20260729-STORE_01-0071;STORE_01;CASH-10;2026-07-29 11:05:31;SKU-001;4;45000;0;CARD
REC-20260729-STORE_01-0071;STORE_01;CASH-04;2026-07-29 11:05:31;SKU-001;1;45000;0;CARD
REC-20260729-STORE_01-0072;STORE_01;CASH-10;2026-07-29 10:02:46;SKU-002;2;12000;0;CASH
REC-20260729-STORE_01-0072;STORE_01;CASH-09;2026-07-29 10:02:46;SKU-035;2;5000;0;CARD
REC-20260729-STORE_01-0072;STORE_01;CASH-05;2026-07-29 10:02:46;SKU-004;1;25000;0;CARD
REC-20260729-STORE_01-0072;STORE_01;CASH-05;2026-07-29 10:02:46;SKU-037;4;45000;500;CARD
REC-20260729-STORE_01-0073;STORE_01;CASH-05;2026-07-29 12:42:45;SKU-001;1;45000;0;CARD
REC-20260729-STORE_01-0074;STORE_01;CASH-02;2026-07-29 19:02:31;SKU-028;3;5000;500;CARD
REC-20260729-STORE_01-0075;STORE_01;CASH-06;2026-07-29 17:56:29;SKU-021;4;5000;0;CASH
REC-20260729-STORE_01-0075;STORE_01;CASH-01;2026-07-29 17:56:29;SKU-006;2;45000;500;CARD
REC-20260729-STORE_01-0075;STORE_01;CASH-05;2026-07-29 17:56:29;SKU-001;3;45000;500;CARD
REC-20260729-STORE_01-0075;STORE_01;CASH-07;2026-07-29 17:56:29;SKU-009;2;25000;1000;CARD
REC-20260729-STORE_01-0075;STORE_01;CASH-05;2026-07-29 17:56:29;SKU-002;4;12000;0;CARD
REC-20260729-STORE_01-0076;STORE_01;CASH-04;2026-07-29 20:23:41;SKU-002;2;12000;0;CASH
REC-20260729-STORE_01-0077;STORE_01;CASH-09;2026-07-29 11:41:45;SKU-003;2;45000;0;CARD
REC-20260729-STORE_01-0077;STORE_01;CASH-01;2026-07-29 11:41:45;SKU-004;2;25000;1000;CARD
REC-20260729-STORE_01-0077;STORE_01;CASH-03;2026-07-29 11:41:45;SKU-002;1;12000;1000;CASH
REC-20260729-STORE_01-0077;STORE_01;CASH-04;2026-07-29 11:41:45;SKU-046;2;25000;0;CASH
REC-20260729-STORE_01-0078;STORE_01;CASH-03;2026-07-29 9:38:35;SKU-049;3;5000;0;CARD
REC-20260729-STORE_01-0078;STORE_01;CASH-09;2026-07-29 9:38:35;SKU-029;3;5000;500;CASH
REC-20260729-STORE_01-0079;STORE_01;CASH-03;2026-07-29 12:39:50;SKU-006;4;45000;0;CASH
REC-20260729-STORE_01-0079;STORE_01;CASH-04;2026-07-29 12:39:50;SKU-002;2;12000;0;CASH
REC-20260729-STORE_01-0079;STORE_01;CASH-04;2026-07-29 12:39:50;SKU-001;1;45000;1000;CASH
REC-20260729-STORE_01-0079;STORE_01;CASH-01;2026-07-29 12:39:50;SKU-035;1;5000;1000;CASH
REC-20260729-STORE_01-0080;STORE_01;CASH-02;2026-07-29 13:20:09;SKU-012;1;45000;0;CARD
REC-20260729-STORE_01-0080;STORE_01;CASH-07;2026-07-29 13:20:09;SKU-028;4;5000;0;CARD
REC-20260729-STORE_01-0080;STORE_01;CASH-05;2026-07-29 13:20:09;SKU-010;1;25000;0;CARD
REC-20260729-STORE_01-0080;STORE_01;CASH-02;2026-07-29 13:20:09;SKU-017;2;12000;0;CASH
REC-20260729-STORE_01-0080;STORE_01;CASH-08;2026-07-29 13:20:09;SKU-001;4;45000;0;CARD
REC-20260729-STORE_01-0081;STORE_01;CASH-10;2026-07-29 10:12:34;SKU-025;4;5000;0;CARD
REC-20260729-STORE_01-0081;STORE_01;CASH-05;2026-07-29 10:12:34;SKU-002;4;12000;0;CARD
REC-20260729-STORE_01-0081;STORE_01;CASH-08;2026-07-29 10:12:34;SKU-048;1;25000;0;CARD
REC-20260729-STORE_01-0081;STORE_01;CASH-08;2026-07-29 10:12:34;SKU-006;2;45000;1000;CARD
REC-20260729-STORE_01-0081;STORE_01;CASH-08;2026-07-29 10:12:34;SKU-003;4;45000;0;CARD
REC-20260729-STORE_01-0082;STORE_01;CASH-05;2026-07-29 14:59:52;SKU-011;1;5000;1000;CARD
REC-20260729-STORE_01-0082;STORE_01;CASH-04;2026-07-29 14:59:52;SKU-011;1;5000;1000;CASH
REC-20260729-STORE_01-0082;STORE_01;CASH-04;2026-07-29 14:59:52;SKU-005;3;5000;0;CARD
REC-20260729-STORE_01-0082;STORE_01;CASH-08;2026-07-29 14:59:52;SKU-014;4;5000;0;CARD
REC-20260729-STORE_01-0082;STORE_01;CASH-05;2026-07-29 14:59:52;SKU-004;2;25000;0;CARD
REC-20260729-STORE_01-0083;STORE_01;CASH-03;2026-07-29 19:51:20;SKU-008;3;12000;0;CASH
REC-20260729-STORE_01-0083;STORE_01;CASH-10;2026-07-29 19:51:20;SKU-006;2;45000;500;CASH
REC-20260729-STORE_01-0083;STORE_01;CASH-01;2026-07-29 19:51:20;SKU-002;1;12000;0;CASH
REC-20260729-STORE_01-0083;STORE_01;CASH-03;2026-07-29 19:51:20;SKU-001;2;45000;0;CARD
REC-20260729-STORE_01-0084;STORE_01;CASH-08;2026-07-29 12:09:51;SKU-016;4;25000;500;CARD
REC-20260729-STORE_01-0084;STORE_01;CASH-06;2026-07-29 12:09:51;SKU-034;3;25000;500;CARD
REC-20260729-STORE_01-0085;STORE_01;CASH-01;2026-07-29 11:37:21;SKU-021;1;5000;0;CARD
REC-20260729-STORE_01-0085;STORE_01;CASH-03;2026-07-29 11:37:21;SKU-013;4;12000;0;CASH
REC-20260729-STORE_01-0085;STORE_01;CASH-02;2026-07-29 11:37:21;SKU-005;4;5000;0;CASH
REC-20260729-STORE_01-0085;STORE_01;CASH-02;2026-07-29 11:37:21;SKU-001;2;45000;0;CASH
REC-20260729-STORE_01-0086;STORE_01;CASH-01;2026-07-29 11:52:24;SKU-003;4;45000;1000;CARD
REC-20260729-STORE_01-0086;STORE_01;CASH-05;2026-07-29 11:52:24;SKU-035;2;5000;0;CASH
REC-20260729-STORE_01-0086;STORE_01;CASH-04;2026-07-29 11:52:24;SKU-003;3;45000;0;CARD
REC-20260729-STORE_01-0086;STORE_01;CASH-08;2026-07-29 11:52:24;SKU-005;1;5000;1000;CARD
REC-20260729-STORE_01-0087;STORE_01;CASH-05;2026-07-29 16:21:47;SKU-001;2;45000;500;CARD
REC-20260729-STORE_01-0088;STORE_01;CASH-03;2026-07-29 18:46:19;SKU-006;3;45000;0;CASH
REC-20260729-STORE_01-0088;STORE_01;CASH-10;2026-07-29 18:46:19;SKU-001;3;45000;500;CARD
REC-20260729-STORE_01-0088;STORE_01;CASH-10;2026-07-29 18:46:19;SKU-019;2;25000;0;CARD
REC-20260729-STORE_01-0088;STORE_01;CASH-01;2026-07-29 18:46:19;SKU-015;3;5000;0;CASH
REC-20260729-STORE_01-0089;STORE_01;CASH-07;2026-07-29 15:06:52;SKU-002;4;12000;0;CARD
REC-20260729-STORE_01-0090;STORE_01;CASH-05;2026-07-29 9:22:24;SKU-013;2;12000;500;CARD
REC-20260729-STORE_01-0090;STORE_01;CASH-05;2026-07-29 9:22:24;SKU-035;4;5000;500;CARD
REC-20260729-STORE_01-0090;STORE_01;CASH-10;2026-07-29 9:22:24;SKU-007;1;12000;1000;CARD
REC-20260729-STORE_01-0090;STORE_01;CASH-10;2026-07-29 9:22:24;SKU-005;2;5000;0;CARD
REC-20260729-STORE_01-0091;STORE_01;CASH-01;2026-07-29 9:19:18;SKU-001;4;45000;1000;CARD
REC-20260729-STORE_01-0091;STORE_01;CASH-05;2026-07-29 9:19:18;SKU-015;1;5000;0;CARD
REC-20260729-STORE_01-0091;STORE_01;CASH-10;2026-07-29 9:19:18;SKU-002;2;12000;1000;CARD
REC-20260729-STORE_01-0091;STORE_01;CASH-03;2026-07-29 9:19:18;SKU-036;2;45000;1000;CARD
REC-20260729-STORE_01-0091;STORE_01;CASH-01;2026-07-29 9:19:18;SKU-002;4;12000;0;CARD
REC-20260729-STORE_01-0092;STORE_01;CASH-09;2026-07-29 8:03:57;SKU-021;2;5000;0;CARD
REC-20260729-STORE_01-0092;STORE_01;CASH-06;2026-07-29 8:03:57;SKU-039;4;5000;1000;CARD
REC-20260729-STORE_01-0092;STORE_01;CASH-10;2026-07-29 8:03:57;SKU-001;2;45000;0;CARD
REC-20260729-STORE_01-0092;STORE_01;CASH-06;2026-07-29 8:03:57;SKU-035;2;5000;1000;CARD
REC-20260729-STORE_01-0092;STORE_01;CASH-02;2026-07-29 8:03:57;SKU-043;1;25000;0;CASH
REC-20260729-STORE_01-0093;STORE_01;CASH-06;2026-07-29 17:05:00;SKU-006;1;45000;0;CARD
REC-20260729-STORE_01-0093;STORE_01;CASH-02;2026-07-29 17:05:00;SKU-008;4;12000;500;CARD
REC-20260729-STORE_01-0093;STORE_01;CASH-09;2026-07-29 17:05:00;SKU-008;3;12000;0;CARD
REC-20260729-STORE_01-0093;STORE_01;CASH-09;2026-07-29 17:05:00;SKU-004;1;25000;0;CARD
REC-20260729-STORE_01-0094;STORE_01;CASH-01;2026-07-29 21:00:43;SKU-014;3;5000;0;CARD
REC-20260729-STORE_01-0094;STORE_01;CASH-10;2026-07-29 21:00:43;SKU-001;1;45000;1000;CARD
REC-20260729-STORE_01-0095;STORE_01;CASH-02;2026-07-29 11:06:51;SKU-002;2;12000;0;CARD
REC-20260729-STORE_01-0095;STORE_01;CASH-01;2026-07-29 11:06:51;SKU-034;3;25000;1000;CARD
REC-20260729-STORE_01-0095;STORE_01;CASH-04;2026-07-29 11:06:51;SKU-006;3;45000;0;CASH
REC-20260729-STORE_01-0095;STORE_01;CASH-07;2026-07-29 11:06:51;SKU-007;1;12000;500;CARD
REC-20260729-STORE_01-0096;STORE_01;CASH-01;2026-07-29 18:42:01;SKU-001;3;45000;0;CARD
REC-20260729-STORE_01-0096;STORE_01;CASH-02;2026-07-29 18:42:01;SKU-008;1;12000;0;CASH
REC-20260729-STORE_01-0097;STORE_01;CASH-04;2026-07-29 10:35:28;SKU-001;4;45000;1000;CASH
REC-20260729-STORE_01-0097;STORE_01;CASH-03;2026-07-29 10:35:28;SKU-016;4;25000;500;CARD
REC-20260729-STORE_01-0098;STORE_01;CASH-06;2026-07-29 8:30:40;SKU-021;2;5000;500;CARD
REC-20260729-STORE_01-0098;STORE_01;CASH-04;2026-07-29 8:30:40;SKU-004;3;25000;0;CARD
REC-20260729-STORE_01-0099;STORE_01;CASH-02;2026-07-29 17:47:35;SKU-030;4;45000;0;CARD
REC-20260729-STORE_01-0099;STORE_01;CASH-02;2026-07-29 17:47:35;SKU-013;4;12000;1000;CARD
REC-20260729-STORE_01-0100;STORE_01;CASH-07;2026-07-29 16:03:12;SKU-038;2;12000;0;CARD
REC-20260729-STORE_01-0100;STORE_01;CASH-10;2026-07-29 16:03:12;SKU-046;1;25000;1000;CARD
REC-20260729-STORE_01-0101;STORE_01;CASH-10;2026-07-29 11:33:40;SKU-006;2;45000;0;CARD
REC-20260729-STORE_01-0102;STORE_01;CASH-06;2026-07-29 13:29:22;SKU-001;2;45000;1000;CASH
REC-20260729-STORE_01-0102;STORE_01;CASH-10;2026-07-29 13:29:22;SKU-002;1;12000;0;CASH
REC-20260729-STORE_01-0102;STORE_01;CASH-05;2026-07-29 13:29:22;SKU-017;2;12000;0;CASH
REC-20260729-STORE_01-0102;STORE_01;CASH-01;2026-07-29 13:29:22;SKU-039;2;5000;0;CARD
REC-20260729-STORE_01-0103;STORE_01;CASH-04;2026-07-29 13:15:49;SKU-011;3;5000;1000;CARD
REC-20260729-STORE_01-0104;STORE_01;CASH-01;2026-07-29 11:45:35;SKU-012;2;45000;0;CARD
REC-20260729-STORE_01-0104;STORE_01;CASH-08;2026-07-29 11:45:35;SKU-003;3;45000;1000;CARD
REC-20260729-STORE_01-0104;STORE_01;CASH-08;2026-07-29 11:45:35;SKU-004;2;25000;0;CARD
REC-20260729-STORE_01-0104;STORE_01;CASH-08;2026-07-29 11:45:35;SKU-013;1;12000;500;CARD
REC-20260729-STORE_01-0104;STORE_01;CASH-07;2026-07-29 11:45:35;SKU-008;1;12000;0;CASH
REC-20260729-STORE_01-0105;STORE_01;CASH-03;2026-07-29 10:47:02;SKU-001;4;45000;1000;CARD
REC-20260729-STORE_01-0105;STORE_01;CASH-03;2026-07-29 10:47:02;SKU-001;2;45000;0;CARD
REC-20260729-STORE_01-0105;STORE_01;CASH-03;2026-07-29 10:47:02;SKU-002;2;12000;1000;CARD
REC-20260729-STORE_01-0105;STORE_01;CASH-06;2026-07-29 10:47:02;SKU-030;4;45000;0;CARD
REC-20260729-STORE_01-0106;STORE_01;CASH-06;2026-07-29 15:59:52;SKU-025;1;5000;0;CARD
REC-20260729-STORE_01-0106;STORE_01;CASH-06;2026-07-29 15:59:52;SKU-004;1;25000;500;CASH
REC-20260729-STORE_01-0106;STORE_01;CASH-02;2026-07-29 15:59:52;SKU-026;4;12000;0;CASH
REC-20260729-STORE_01-0106;STORE_01;CASH-02;2026-07-29 15:59:52;SKU-043;2;25000;0;CARD
REC-20260729-STORE_01-0106;STORE_01;CASH-06;2026-07-29 15:59:52;SKU-008;3;12000;0;CARD
REC-20260729-STORE_01-0107;STORE_01;CASH-05;2026-07-29 13:12:03;SKU-026;2;12000;1000;CARD
REC-20260729-STORE_01-0107;STORE_01;CASH-10;2026-07-29 13:12:03;SKU-001;3;45000;0;CASH
REC-20260729-STORE_01-0107;STORE_01;CASH-07;2026-07-29 13:12:03;SKU-002;3;12000;1000;CARD
REC-20260729-STORE_01-0108;STORE_01;CASH-10;2026-07-29 19:03:41;SKU-004;3;25000;1000;CASH
REC-20260729-STORE_01-0108;STORE_01;CASH-06;2026-07-29 19:03:41;SKU-047;3;5000;1000;CARD
REC-20260729-STORE_01-0108;STORE_01;CASH-05;2026-07-29 19:03:41;SKU-025;4;5000;1000;CARD
REC-20260729-STORE_01-0108;STORE_01;CASH-04;2026-07-29 19:03:41;SKU-001;3;45000;500;CASH
REC-20260729-STORE_01-0109;STORE_01;CASH-01;2026-07-29 20:47:13;SKU-004;4;25000;0;CARD
REC-20260729-STORE_01-0109;STORE_01;CASH-09;2026-07-29 20:47:13;SKU-006;4;45000;0;CASH
REC-20260729-STORE_01-0109;STORE_01;CASH-08;2026-07-29 20:47:13;SKU-028;4;5000;0;CARD
REC-20260729-STORE_01-0109;STORE_01;CASH-04;2026-07-29 20:47:13;SKU-003;3;45000;1000;CASH
REC-20260729-STORE_01-0109;STORE_01;CASH-09;2026-07-29 20:47:13;SKU-005;2;5000;0;CASH
REC-20260729-STORE_01-0110;STORE_01;CASH-10;2026-07-29 14:35:01;SKU-003;4;45000;0;CARD
REC-20260729-STORE_01-0110;STORE_01;CASH-07;2026-07-29 14:35:01;SKU-019;4;25000;0;CASH
REC-20260729-STORE_01-0111;STORE_01;CASH-08;2026-07-29 11:23:29;SKU-003;2;45000;0;CASH
REC-20260729-STORE_01-0111;STORE_01;CASH-06;2026-07-29 11:23:29;SKU-002;2;12000;500;CARD
REC-20260729-STORE_01-0111;STORE_01;CASH-09;2026-07-29 11:23:29;SKU-006;2;45000;0;CARD
REC-20260729-STORE_01-0111;STORE_01;CASH-10;2026-07-29 11:23:29;SKU-009;1;25000;0;CASH
REC-20260729-STORE_01-0112;STORE_01;CASH-08;2026-07-29 14:32:44;SKU-001;2;45000;0;CASH
REC-20260729-STORE_01-0112;STORE_01;CASH-09;2026-07-29 14:32:44;SKU-013;2;12000;1000;CARD
REC-20260729-STORE_01-0112;STORE_01;CASH-03;2026-07-29 14:32:44;SKU-003;1;45000;500;CASH
REC-20260729-STORE_01-0112;STORE_01;CASH-09;2026-07-29 14:32:44;SKU-006;2;45000;500;CARD
REC-20260729-STORE_01-0112;STORE_01;CASH-02;2026-07-29 14:32:44;SKU-006;2;45000;500;CARD
REC-20260729-STORE_01-0113;STORE_01;CASH-02;2026-07-29 19:54:51;SKU-001;2;45000;1000;CARD
REC-20260729-STORE_01-0113;STORE_01;CASH-07;2026-07-29 19:54:51;SKU-002;1;12000;0;CASH
REC-20260729-STORE_01-0113;STORE_01;CASH-08;2026-07-29 19:54:51;SKU-008;4;12000;500;CARD
REC-20260729-STORE_01-0113;STORE_01;CASH-10;2026-07-29 19:54:51;SKU-001;1;45000;0;CARD
REC-20260729-STORE_01-0114;STORE_01;CASH-04;2026-07-29 16:56:47;SKU-001;1;45000;0;CARD
REC-20260729-STORE_01-0114;STORE_01;CASH-10;2026-07-29 16:56:47;SKU-009;4;25000;0;CARD
REC-20260729-STORE_01-0114;STORE_01;CASH-04;2026-07-29 16:56:47;SKU-005;4;5000;500;CARD
REC-20260729-STORE_01-0114;STORE_01;CASH-07;2026-07-29 16:56:47;SKU-005;1;5000;0;CARD
REC-20260729-STORE_01-0115;STORE_01;CASH-09;2026-07-29 16:10:08;SKU-004;1;25000;0;CARD
REC-20260729-STORE_01-0115;STORE_01;CASH-02;2026-07-29 16:10:08;SKU-013;2;12000;0;CASH
REC-20260729-STORE_01-0115;STORE_01;CASH-09;2026-07-29 16:10:08;SKU-002;1;12000;0;CASH
REC-20260729-STORE_01-0116;STORE_01;CASH-06;2026-07-29 9:40:50;SKU-032;4;25000;0;CASH
REC-20260729-STORE_01-0116;STORE_01;CASH-05;2026-07-29 9:40:50;SKU-014;3;5000;1000;CARD
REC-20260729-STORE_01-0116;STORE_01;CASH-09;2026-07-29 9:40:50;SKU-005;2;5000;1000;CARD
REC-20260729-STORE_01-0116;STORE_01;CASH-01;2026-07-29 9:40:50;SKU-012;2;45000;500;CARD
REC-20260729-STORE_01-0117;STORE_01;CASH-03;2026-07-29 19:51:59;SKU-026;3;12000;0;CARD
REC-20260729-STORE_01-0118;STORE_01;CASH-07;2026-07-29 11:23:40;SKU-001;2;45000;0;CASH
REC-20260729-STORE_01-0118;STORE_01;CASH-07;2026-07-29 11:23:40;SKU-002;2;12000;0;CARD
REC-20260729-STORE_01-0119;STORE_01;CASH-08;2026-07-29 17:52:24;SKU-001;4;45000;0;CASH
REC-20260729-STORE_01-0120;STORE_01;CASH-07;2026-07-29 10:14:02;SKU-008;3;12000;0;CASH
REC-20260729-STORE_01-0120;STORE_01;CASH-03;2026-07-29 10:14:02;SKU-007;1;12000;500;CARD
REC-20260729-STORE_01-0120;STORE_01;CASH-04;2026-07-29 10:14:02;SKU-008;1;12000;500;CARD
REC-20260729-STORE_01-0121;STORE_01;CASH-08;2026-07-29 9:37:43;SKU-010;4;25000;0;CARD
REC-20260729-STORE_01-0121;STORE_01;CASH-06;2026-07-29 9:37:43;SKU-008;2;12000;1000;CARD
REC-20260729-STORE_01-0121;STORE_01;CASH-09;2026-07-29 9:37:43;SKU-020;1;12000;0;CARD
REC-20260729-STORE_01-0121;STORE_01;CASH-03;2026-07-29 9:37:43;SKU-011;1;5000;0;CASH
REC-20260729-STORE_01-0122;STORE_01;CASH-04;2026-07-29 20:59:12;SKU-002;2;12000;0;CARD
REC-20260729-STORE_01-0122;STORE_01;CASH-05;2026-07-29 20:59:12;SKU-003;2;45000;0;CASH
REC-20260729-STORE_01-0122;STORE_01;CASH-05;2026-07-29 20:59:12;SKU-009;2;25000;1000;CARD
REC-20260729-STORE_01-0123;STORE_01;CASH-09;2026-07-29 10:00:43;SKU-009;3;25000;500;CASH
REC-20260729-STORE_01-0123;STORE_01;CASH-07;2026-07-29 10:00:43;SKU-011;2;5000;0;CARD
REC-20260729-STORE_01-0123;STORE_01;CASH-06;2026-07-29 10:00:43;SKU-002;2;12000;0;CARD
REC-20260729-STORE_01-0123;STORE_01;CASH-08;2026-07-29 10:00:43;SKU-012;1;45000;0;CARD
REC-20260729-STORE_01-0124;STORE_01;CASH-02;2026-07-29 12:02:26;SKU-018;3;5000;0;CARD
REC-20260729-STORE_01-0124;STORE_01;CASH-10;2026-07-29 12:02:26;SKU-001;1;45000;500;CASH
REC-20260729-STORE_01-0124;STORE_01;CASH-07;2026-07-29 12:02:26;SKU-023;1;45000;1000;CASH
REC-20260729-STORE_01-0124;STORE_01;CASH-04;2026-07-29 12:02:26;SKU-004;3;25000;0;CARD
REC-20260729-STORE_01-0124;STORE_01;CASH-06;2026-07-29 12:02:26;SKU-015;2;5000;1000;CARD
REC-20260729-STORE_01-0125;STORE_01;CASH-10;2026-07-29 10:59:37;SKU-002;2;12000;0;CARD
REC-20260729-STORE_01-0125;STORE_01;CASH-10;2026-07-29 10:59:37;SKU-001;3;45000;500;CARD
REC-20260729-STORE_01-0125;STORE_01;CASH-07;2026-07-29 10:59:37;SKU-019;3;25000;0;CARD
REC-20260729-STORE_01-0126;STORE_01;CASH-08;2026-07-29 12:26:46;SKU-020;3;12000;1000;CARD
REC-20260729-STORE_01-0126;STORE_01;CASH-02;2026-07-29 12:26:46;SKU-002;2;12000;0;CASH
REC-20260729-STORE_01-0127;STORE_01;CASH-09;2026-07-29 10:04:06;SKU-023;2;45000;1000;CASH
REC-20260729-STORE_01-0127;STORE_01;CASH-08;2026-07-29 10:04:06;SKU-001;2;45000;1000;CARD
REC-20260729-STORE_01-0127;STORE_01;CASH-02;2026-07-29 10:04:06;SKU-007;4;12000;1000;CARD
REC-20260729-STORE_01-0127;STORE_01;CASH-05;2026-07-29 10:04:06;SKU-001;2;45000;0;CASH
REC-20260729-STORE_01-0127;STORE_01;CASH-07;2026-07-29 10:04:06;SKU-034;1;25000;1000;CASH
REC-20260729-STORE_01-0128;STORE_01;CASH-02;2026-07-29 21:40:34;SKU-015;2;5000;500;CARD
REC-20260729-STORE_01-0128;STORE_01;CASH-06;2026-07-29 21:40:34;SKU-002;3;12000;0;CARD
REC-20260729-STORE_01-0129;STORE_01;CASH-01;2026-07-29 15:14:11;SKU-011;3;5000;1000;CARD
REC-20260729-STORE_01-0130;STORE_01;CASH-05;2026-07-29 12:42:37;SKU-002;3;12000;500;CARD
REC-20260729-STORE_01-0130;STORE_01;CASH-04;2026-07-29 12:42:37;SKU-001;2;45000;0;CARD
REC-20260729-STORE_01-0131;STORE_01;CASH-07;2026-07-29 21:10:32;SKU-008;2;12000;1000;CARD
REC-20260729-STORE_01-0131;STORE_01;CASH-09;2026-07-29 21:10:32;SKU-005;2;5000;500;CARD
REC-20260729-STORE_01-0131;STORE_01;CASH-07;2026-07-29 21:10:32;SKU-001;3;45000;0;CARD
REC-20260729-STORE_01-0131;STORE_01;CASH-10;2026-07-29 21:10:32;SKU-007;4;12000;1000;CARD
REC-20260729-STORE_01-0131;STORE_01;CASH-01;2026-07-29 21:10:32;SKU-013;1;12000;500;CARD
REC-20260729-STORE_01-0132;STORE_01;CASH-04;2026-07-29 21:06:58;SKU-002;2;12000;0;CARD
REC-20260729-STORE_01-0133;STORE_01;CASH-09;2026-07-29 18:56:12;SKU-002;1;12000;0;CARD
REC-20260729-STORE_01-0133;STORE_01;CASH-10;2026-07-29 18:56:12;SKU-004;1;25000;0;CASH
REC-20260729-STORE_01-0133;STORE_01;CASH-03;2026-07-29 18:56:12;SKU-010;2;25000;0;CASH
REC-20260729-STORE_01-0133;STORE_01;CASH-01;2026-07-29 18:56:12;SKU-017;3;12000;0;CARD
REC-20260729-STORE_01-0134;STORE_01;CASH-05;2026-07-29 21:14:39;SKU-005;1;5000;0;CASH
REC-20260729-STORE_01-0134;STORE_01;CASH-07;2026-07-29 21:14:39;SKU-001;2;45000;1000;CARD
REC-20260729-STORE_01-0135;STORE_01;CASH-10;2026-07-29 20:03:11;SKU-020;4;12000;1000;CARD
REC-20260729-STORE_01-0135;STORE_01;CASH-02;2026-07-29 20:03:11;SKU-007;3;12000;0;CASH
REC-20260729-STORE_01-0135;STORE_01;CASH-10;2026-07-29 20:03:11;SKU-040;1;25000;1000;CARD
REC-20260729-STORE_01-0136;STORE_01;CASH-06;2026-07-29 11:11:58;SKU-002;2;12000;1000;CARD
REC-20260729-STORE_01-0136;STORE_01;CASH-05;2026-07-29 11:11:58;SKU-011;4;5000;0;CARD
REC-20260729-STORE_01-0136;STORE_01;CASH-08;2026-07-29 11:11:58;SKU-001;1;45000;0;CASH
REC-20260729-STORE_01-0137;STORE_01;CASH-04;2026-07-29 14:07:28;SKU-005;2;5000;1000;CARD
REC-20260729-STORE_01-0137;STORE_01;CASH-03;2026-07-29 14:07:28;SKU-011;2;5000;500;CARD
REC-20260729-STORE_01-0138;STORE_01;CASH-05;2026-07-29 18:58:54;SKU-004;1;25000;0;CASH
REC-20260729-STORE_01-0139;STORE_01;CASH-03;2026-07-29 14:10:46;SKU-009;4;25000;500;CASH
REC-20260729-STORE_01-0139;STORE_01;CASH-08;2026-07-29 14:10:46;SKU-021;2;5000;1000;CARD
REC-20260729-STORE_01-0139;STORE_01;CASH-02;2026-07-29 14:10:46;SKU-036;2;45000;500;CARD
REC-20260729-STORE_01-0139;STORE_01;CASH-02;2026-07-29 14:10:46;SKU-048;4;25000;0;CARD
REC-20260729-STORE_01-0140;STORE_01;CASH-01;2026-07-29 10:59:45;SKU-002;4;12000;1000;CARD
REC-20260729-STORE_01-0140;STORE_01;CASH-09;2026-07-29 10:59:45;SKU-009;3;25000;0;CARD
REC-20260729-STORE_01-0140;STORE_01;CASH-02;2026-07-29 10:59:45;SKU-009;4;25000;0;CASH
REC-20260729-STORE_01-0140;STORE_01;CASH-04;2026-07-29 10:59:45;SKU-012;3;45000;0;CASH
REC-20260729-STORE_01-0141;STORE_01;CASH-01;2026-07-29 15:41:41;SKU-038;3;12000;500;CARD
REC-20260729-STORE_01-0141;STORE_01;CASH-05;2026-07-29 15:41:41;SKU-006;1;45000;1000;CARD
REC-20260729-STORE_01-0142;STORE_01;CASH-07;2026-07-29 8:08:27;SKU-001;4;45000;1000;CASH
REC-20260729-STORE_01-0142;STORE_01;CASH-04;2026-07-29 8:08:27;SKU-001;1;45000;0;CARD
REC-20260729-STORE_01-0142;STORE_01;CASH-01;2026-07-29 8:08:27;SKU-020;4;12000;0;CASH
REC-20260729-STORE_01-0142;STORE_01;CASH-01;2026-07-29 8:08:27;SKU-022;2;12000;0;CASH
REC-20260729-STORE_01-0142;STORE_01;CASH-05;2026-07-29 8:08:27;SKU-002;2;12000;0;CARD
REC-20260729-STORE_01-0143;STORE_01;CASH-01;2026-07-29 15:31:16;SKU-046;3;25000;0;CARD
REC-20260729-STORE_01-0143;STORE_01;CASH-02;2026-07-29 15:31:16;SKU-001;3;45000;1000;CARD
REC-20260729-STORE_01-0143;STORE_01;CASH-10;2026-07-29 15:31:16;SKU-021;2;5000;0;CARD
REC-20260729-STORE_01-0144;STORE_01;CASH-06;2026-07-29 10:15:48;SKU-004;2;25000;1000;CARD
REC-20260729-STORE_01-0144;STORE_01;CASH-03;2026-07-29 10:15:48;SKU-002;1;12000;1000;CASH
REC-20260729-STORE_01-0144;STORE_01;CASH-07;2026-07-29 10:15:48;SKU-005;3;5000;0;CASH
REC-20260729-STORE_01-0144;STORE_01;CASH-03;2026-07-29 10:15:48;SKU-019;3;25000;0;CARD
REC-20260729-STORE_01-0145;STORE_01;CASH-05;2026-07-29 21:18:10;SKU-018;2;5000;0;CARD
REC-20260729-STORE_01-0145;STORE_01;CASH-05;2026-07-29 21:18:10;SKU-023;3;45000;0;CARD
REC-20260729-STORE_01-0145;STORE_01;CASH-09;2026-07-29 21:18:10;SKU-040;2;25000;500;CASH
REC-20260729-STORE_01-0146;STORE_01;CASH-08;2026-07-29 13:19:12;SKU-027;4;5000;500;CARD
REC-20260729-STORE_01-0146;STORE_01;CASH-09;2026-07-29 13:19:12;SKU-031;4;45000;500;CASH
REC-20260729-STORE_01-0147;STORE_01;CASH-07;2026-07-29 19:41:58;SKU-001;2;45000;0;CASH
REC-20260729-STORE_01-0148;STORE_01;CASH-08;2026-07-29 21:57:54;SKU-002;3;12000;0;CASH
REC-20260729-STORE_01-0148;STORE_01;CASH-04;2026-07-29 21:57:54;SKU-010;3;25000;1000;CASH
REC-20260729-STORE_01-0148;STORE_01;CASH-10;2026-07-29 21:57:54;SKU-005;3;5000;0;CARD
REC-20260729-STORE_01-0148;STORE_01;CASH-06;2026-07-29 21:57:54;SKU-001;3;45000;1000;CARD
REC-20260729-STORE_01-0148;STORE_01;CASH-06;2026-07-29 21:57:54;SKU-001;4;45000;500;CARD
REC-20260729-STORE_01-0149;STORE_01;CASH-10;2026-07-29 8:05:25;SKU-001;1;45000;1000;CARD
REC-20260729-STORE_01-0149;STORE_01;CASH-10;2026-07-29 8:05:25;SKU-001;1;45000;500;CASH
REC-20260729-STORE_01-0149;STORE_01;CASH-07;2026-07-29 8:05:25;SKU-025;1;5000;1000;CARD
REC-20260729-STORE_01-0149;STORE_01;CASH-06;2026-07-29 8:05:25;SKU-001;1;45000;500;CARD
REC-20260729-STORE_01-0149;STORE_01;CASH-09;2026-07-29 8:05:25;SKU-003;2;45000;500;CASH
REC-20260729-STORE_01-0150;STORE_01;CASH-01;2026-07-29 9:46:12;SKU-001;2;45000;0;CARD
REC-20260729-STORE_01-0150;STORE_01;CASH-02;2026-07-29 9:46:12;SKU-022;2;12000;0;CARD
REC-20260729-STORE_01-0150;STORE_01;CASH-05;2026-07-29 9:46:12;SKU-004;4;25000;1000;CARD
REC-20260729-STORE_01-0150;STORE_01;CASH-06;2026-07-29 9:46:12;SKU-044;1;5000;0;CARD
REC-20260729-STORE_01-0151;STORE_01;CASH-10;2026-07-29 21:31:38;SKU-010;3;25000;500;CARD
REC-20260729-STORE_01-0151;STORE_01;CASH-06;2026-07-29 21:31:38;SKU-001;4;45000;0;CARD
REC-20260729-STORE_01-0151;STORE_01;CASH-08;2026-07-29 21:31:38;SKU-021;4;5000;500;CASH
REC-20260729-STORE_01-0151;STORE_01;CASH-03;2026-07-29 21:31:38;SKU-002;3;12000;0;CARD
REC-20260729-STORE_01-0151;STORE_01;CASH-02;2026-07-29 21:31:38;SKU-015;1;5000;500;CARD
REC-20260729-STORE_01-0152;STORE_01;CASH-02;2026-07-29 9:47:53;SKU-017;4;12000;500;CASH
REC-20260729-STORE_01-0152;STORE_01;CASH-01;2026-07-29 9:47:53;SKU-011;4;5000;1000;CARD
REC-20260729-STORE_01-0153;STORE_01;CASH-03;2026-07-29 10:31:08;SKU-002;2;12000;0;CARD
REC-20260729-STORE_01-0153;STORE_01;CASH-06;2026-07-29 10:31:08;SKU-003;4;45000;1000;CASH
REC-20260729-STORE_01-0153;STORE_01;CASH-04;2026-07-29 10:31:08;SKU-014;1;5000;1000;CARD
REC-20260729-STORE_01-0154;STORE_01;CASH-04;2026-07-29 20:15:37;SKU-043;4;25000;500;CARD
REC-20260729-STORE_01-0155;STORE_01;CASH-10;2026-07-29 10:29:55;SKU-001;4;45000;0;CASH
REC-20260729-STORE_01-0155;STORE_01;CASH-02;2026-07-29 10:29:55;SKU-032;3;25000;0;CARD
REC-20260729-STORE_01-0155;STORE_01;CASH-06;2026-07-29 10:29:55;SKU-033;1;5000;1000;CARD
REC-20260729-STORE_01-0156;STORE_01;CASH-09;2026-07-29 13:43:39;SKU-001;3;45000;0;CARD
REC-20260729-STORE_01-0157;STORE_01;CASH-04;2026-07-29 13:57:58;SKU-006;4;45000;0;CARD
REC-20260729-STORE_01-0158;STORE_01;CASH-01;2026-07-29 14:10:43;SKU-001;4;45000;0;CARD
REC-20260729-STORE_01-0158;STORE_01;CASH-07;2026-07-29 14:10:43;SKU-001;3;45000;1000;CASH
REC-20260729-STORE_01-0159;STORE_01;CASH-02;2026-07-29 13:32:47;SKU-002;4;12000;1000;CASH
REC-20260729-STORE_01-0159;STORE_01;CASH-01;2026-07-29 13:32:47;SKU-001;2;45000;0;CASH
REC-20260729-STORE_01-0159;STORE_01;CASH-03;2026-07-29 13:32:47;SKU-022;3;12000;0;CARD
REC-20260729-STORE_01-0159;STORE_01;CASH-09;2026-07-29 13:32:47;SKU-002;1;12000;0;CARD
REC-20260729-STORE_01-0159;STORE_01;CASH-06;2026-07-29 13:32:47;SKU-029;3;5000;500;CARD
REC-20260729-STORE_01-0160;STORE_01;CASH-09;2026-07-29 16:01:17;SKU-018;3;5000;1000;CARD
REC-20260729-STORE_01-0160;STORE_01;CASH-06;2026-07-29 16:01:17;SKU-002;4;12000;1000;CARD
REC-20260729-STORE_01-0160;STORE_01;CASH-04;2026-07-29 16:01:17;SKU-001;3;45000;0;CASH
REC-20260729-STORE_01-0160;STORE_01;CASH-01;2026-07-29 16:01:17;SKU-048;3;25000;500;CARD
REC-20260729-STORE_01-0160;STORE_01;CASH-03;2026-07-29 16:01:17;SKU-005;3;5000;0;CASH
REC-20260729-STORE_01-0161;STORE_01;CASH-03;2026-07-29 13:34:08;SKU-003;3;45000;500;CARD
REC-20260729-STORE_01-0161;STORE_01;CASH-08;2026-07-29 13:34:08;SKU-003;1;45000;0;CASH
REC-20260729-STORE_01-0161;STORE_01;CASH-08;2026-07-29 13:34:08;SKU-010;3;25000;500;CARD
REC-20260729-STORE_01-0161;STORE_01;CASH-05;2026-07-29 13:34:08;SKU-002;4;12000;500;CASH
REC-20260729-STORE_01-0161;STORE_01;CASH-08;2026-07-29 13:34:08;SKU-001;4;45000;500;CASH
REC-20260729-STORE_01-0162;STORE_01;CASH-09;2026-07-29 17:20:55;SKU-049;3;5000;500;CASH
REC-20260729-STORE_01-0162;STORE_01;CASH-10;2026-07-29 17:20:55;SKU-004;3;25000;0;CARD
REC-20260729-STORE_01-0162;STORE_01;CASH-03;2026-07-29 17:20:55;SKU-031;1;45000;0;CARD
REC-20260729-STORE_01-0162;STORE_01;CASH-02;2026-07-29 17:20:55;SKU-024;1;12000;500;CARD
REC-20260729-STORE_01-0163;STORE_01;CASH-05;2026-07-29 18:15:22;SKU-002;3;12000;0;CASH
REC-20260729-STORE_01-0163;STORE_01;CASH-08;2026-07-29 18:15:22;SKU-017;4;12000;1000;CARD
REC-20260729-STORE_01-0164;STORE_01;CASH-02;2026-07-29 21:09:28;SKU-013;2;12000;0;CASH
REC-20260729-STORE_01-0164;STORE_01;CASH-01;2026-07-29 21:09:28;SKU-004;2;25000;500;CASH
REC-20260729-STORE_01-0165;STORE_01;CASH-05;2026-07-29 13:29:40;SKU-029;3;5000;0;CASH
REC-20260729-STORE_01-0165;STORE_01;CASH-02;2026-07-29 13:29:40;SKU-001;2;45000;0;CARD
REC-20260729-STORE_01-0165;STORE_01;CASH-02;2026-07-29 13:29:40;SKU-005;4;5000;500;CARD
REC-20260729-STORE_01-0166;STORE_01;CASH-02;2026-07-29 21:32:41;SKU-006;4;45000;0;CARD
REC-20260729-STORE_01-0166;STORE_01;CASH-05;2026-07-29 21:32:41;SKU-013;2;12000;0;CARD
REC-20260729-STORE_01-0167;STORE_01;CASH-07;2026-07-29 17:21:34;SKU-001;4;45000;0;CASH
REC-20260729-STORE_01-0167;STORE_01;CASH-02;2026-07-29 17:21:34;SKU-010;4;25000;500;CASH
REC-20260729-STORE_01-0168;STORE_01;CASH-07;2026-07-29 17:29:44;SKU-001;3;45000;0;CASH
REC-20260729-STORE_01-0168;STORE_01;CASH-10;2026-07-29 17:29:44;SKU-017;2;12000;0;CARD
REC-20260729-STORE_01-0168;STORE_01;CASH-03;2026-07-29 17:29:44;SKU-004;2;25000;0;CASH
REC-20260729-STORE_01-0169;STORE_01;CASH-01;2026-07-29 14:33:21;SKU-001;4;45000;500;CASH
REC-20260729-STORE_01-0169;STORE_01;CASH-05;2026-07-29 14:33:21;SKU-001;3;45000;1000;CARD
REC-20260729-STORE_01-0170;STORE_01;CASH-07;2026-07-29 17:34:17;SKU-001;4;45000;0;CASH
REC-20260729-STORE_01-0171;STORE_01;CASH-06;2026-07-29 20:29:53;SKU-001;4;45000;1000;CASH
REC-20260729-STORE_01-0171;STORE_01;CASH-08;2026-07-29 20:29:53;SKU-006;4;45000;0;CASH
REC-20260729-STORE_01-0171;STORE_01;CASH-01;2026-07-29 20:29:53;SKU-006;1;45000;0;CARD
REC-20260729-STORE_01-0172;STORE_01;CASH-03;2026-07-29 10:51:36;SKU-003;4;45000;0;CASH
REC-20260729-STORE_01-0173;STORE_01;CASH-09;2026-07-29 10:13:09;SKU-038;4;12000;1000;CARD
REC-20260729-STORE_01-0174;STORE_01;CASH-10;2026-07-29 9:49:06;SKU-001;4;45000;0;CARD
REC-20260729-STORE_01-0174;STORE_01;CASH-09;2026-07-29 9:49:06;SKU-017;3;12000;500;CARD
REC-20260729-STORE_01-0174;STORE_01;CASH-02;2026-07-29 9:49:06;SKU-003;2;45000;500;CARD
REC-20260729-STORE_01-0174;STORE_01;CASH-01;2026-07-29 9:49:06;SKU-006;1;45000;1000;CARD
REC-20260729-STORE_01-0174;STORE_01;CASH-05;2026-07-29 9:49:06;SKU-001;3;45000;0;CARD
REC-20260729-STORE_01-0175;STORE_01;CASH-09;2026-07-29 8:38:02;SKU-028;4;5000;0;CASH
REC-20260729-STORE_01-0175;STORE_01;CASH-09;2026-07-29 8:38:02;SKU-014;3;5000;0;CARD
REC-20260729-STORE_01-0175;STORE_01;CASH-10;2026-07-29 8:38:02;SKU-001;3;45000;1000;CARD
REC-20260729-STORE_01-0175;STORE_01;CASH-08;2026-07-29 8:38:02;SKU-004;2;25000;0;CARD
REC-20260729-STORE_01-0175;STORE_01;CASH-05;2026-07-29 8:38:02;SKU-001;2;45000;0;CASH
REC-20260729-STORE_01-0176;STORE_01;CASH-02;2026-07-29 11:25:40;SKU-001;4;45000;1000;CARD
REC-20260729-STORE_01-0176;STORE_01;CASH-06;2026-07-29 11:25:40;SKU-041;3;25000;0;CASH
REC-20260729-STORE_01-0176;STORE_01;CASH-02;2026-07-29 11:25:40;SKU-003;1;45000;0;CASH
REC-20260729-STORE_01-0177;STORE_01;CASH-01;2026-07-29 9:51:39;SKU-001;4;45000;0;CARD
REC-20260729-STORE_01-0177;STORE_01;CASH-01;2026-07-29 9:51:39;SKU-001;1;45000;0;CARD
REC-20260729-STORE_01-0177;STORE_01;CASH-08;2026-07-29 9:51:39;SKU-005;1;5000;500;CASH
REC-20260729-STORE_01-0177;STORE_01;CASH-08;2026-07-29 9:51:39;SKU-046;4;25000;0;CARD
REC-20260729-STORE_01-0178;STORE_01;CASH-10;2026-07-29 10:56:24;SKU-044;2;5000;0;CARD
REC-20260729-STORE_01-0178;STORE_01;CASH-03;2026-07-29 10:56:24;SKU-002;3;12000;1000;CASH
REC-20260729-STORE_01-0179;STORE_01;CASH-01;2026-07-29 10:37:36;SKU-039;4;5000;0;CARD
REC-20260729-STORE_01-0179;STORE_01;CASH-03;2026-07-29 10:37:36;SKU-001;4;45000;500;CARD
REC-20260729-STORE_01-0179;STORE_01;CASH-01;2026-07-29 10:37:36;SKU-003;4;45000;1000;CARD
REC-20260729-STORE_01-0180;STORE_01;CASH-09;2026-07-29 13:54:22;SKU-036;1;45000;500;CASH
REC-20260729-STORE_01-0180;STORE_01;CASH-01;2026-07-29 13:54:22;SKU-027;3;5000;0;CASH
REC-20260729-STORE_01-0180;STORE_01;CASH-09;2026-07-29 13:54:22;SKU-004;1;25000;0;CARD
REC-20260729-STORE_01-0180;STORE_01;CASH-10;2026-07-29 13:54:22;SKU-044;2;5000;0;CARD
REC-20260729-STORE_01-0181;STORE_01;CASH-06;2026-07-29 19:53:45;SKU-032;4;25000;0;CARD
REC-20260729-STORE_01-0181;STORE_01;CASH-07;2026-07-29 19:53:45;SKU-011;1;5000;500;CARD
REC-20260729-STORE_01-0182;STORE_01;CASH-02;2026-07-29 20:13:09;SKU-001;3;45000;500;CARD
REC-20260729-STORE_01-0182;STORE_01;CASH-05;2026-07-29 20:13:09;SKU-035;1;5000;0;CARD
REC-20260729-STORE_01-0182;STORE_01;CASH-03;2026-07-29 20:13:09;SKU-004;2;25000;1000;CARD
REC-20260729-STORE_01-0182;STORE_01;CASH-01;2026-07-29 20:13:09;SKU-003;2;45000;0;CASH
REC-20260729-STORE_01-0183;STORE_01;CASH-07;2026-07-29 16:51:23;SKU-004;4;25000;0;CASH
REC-20260729-STORE_01-0183;STORE_01;CASH-03;2026-07-29 16:51:23;SKU-001;4;45000;0;CASH
REC-20260729-STORE_01-0183;STORE_01;CASH-03;2026-07-29 16:51:23;SKU-002;1;12000;500;CASH
REC-20260729-STORE_01-0183;STORE_01;CASH-09;2026-07-29 16:51:23;SKU-001;4;45000;0;CARD
REC-20260729-STORE_01-0184;STORE_01;CASH-07;2026-07-29 14:07:50;SKU-004;2;25000;0;CARD
REC-20260729-STORE_01-0185;STORE_01;CASH-08;2026-07-29 8:52:31;SKU-010;4;25000;0;CARD
REC-20260729-STORE_01-0185;STORE_01;CASH-09;2026-07-29 8:52:31;SKU-005;1;5000;0;CASH
REC-20260729-STORE_01-0186;STORE_01;CASH-02;2026-07-29 19:22:53;SKU-002;2;12000;500;CASH
REC-20260729-STORE_01-0186;STORE_01;CASH-06;2026-07-29 19:22:53;SKU-008;4;12000;500;CARD
REC-20260729-STORE_01-0186;STORE_01;CASH-07;2026-07-29 19:22:53;SKU-001;2;45000;500;CARD
REC-20260729-STORE_01-0186;STORE_01;CASH-07;2026-07-29 19:22:53;SKU-001;2;45000;0;CARD
REC-20260729-STORE_01-0186;STORE_01;CASH-03;2026-07-29 19:22:53;SKU-030;1;45000;0;CARD
REC-20260729-STORE_01-0187;STORE_01;CASH-02;2026-07-29 21:33:38;SKU-001;4;45000;1000;CARD
REC-20260729-STORE_01-0187;STORE_01;CASH-01;2026-07-29 21:33:38;SKU-005;4;5000;0;CASH
REC-20260729-STORE_01-0187;STORE_01;CASH-02;2026-07-29 21:33:38;SKU-050;4;25000;0;CARD
REC-20260729-STORE_01-0188;STORE_01;CASH-10;2026-07-29 9:41:28;SKU-020;4;12000;1000;CASH
REC-20260729-STORE_01-0188;STORE_01;CASH-03;2026-07-29 9:41:28;SKU-006;3;45000;0;CARD
REC-20260729-STORE_01-0188;STORE_01;CASH-02;2026-07-29 9:41:28;SKU-005;2;5000;1000;CARD
REC-20260729-STORE_01-0188;STORE_01;CASH-09;2026-07-29 9:41:28;SKU-042;2;5000;0;CARD
REC-20260729-STORE_01-0188;STORE_01;CASH-04;2026-07-29 9:41:28;SKU-045;1;45000;500;CARD
REC-20260729-STORE_01-0189;STORE_01;CASH-01;2026-07-29 14:44:17;SKU-030;1;45000;0;CASH
REC-20260729-STORE_01-0190;STORE_01;CASH-08;2026-07-29 12:08:35;SKU-001;3;45000;500;CARD
REC-20260729-STORE_01-0191;STORE_01;CASH-09;2026-07-29 18:34:10;SKU-004;4;25000;0;CARD
REC-20260729-STORE_01-0191;STORE_01;CASH-02;2026-07-29 18:34:10;SKU-002;2;12000;1000;CARD
REC-20260729-STORE_01-0192;STORE_01;CASH-09;2026-07-29 21:31:32;SKU-001;2;45000;0;CASH
REC-20260729-STORE_01-0193;STORE_01;CASH-06;2026-07-29 20:13:00;SKU-040;3;25000;0;CARD
REC-20260729-STORE_01-0193;STORE_01;CASH-03;2026-07-29 20:13:00;SKU-024;4;12000;500;CARD
REC-20260729-STORE_01-0193;STORE_01;CASH-03;2026-07-29 20:13:00;SKU-024;3;12000;0;CARD
REC-20260729-STORE_01-0193;STORE_01;CASH-01;2026-07-29 20:13:00;SKU-013;4;12000;1000;CARD
REC-20260729-STORE_01-0193;STORE_01;CASH-04;2026-07-29 20:13:00;SKU-022;3;12000;500;CARD
REC-20260729-STORE_01-0194;STORE_01;CASH-06;2026-07-29 17:25:26;SKU-001;3;45000;0;CASH
REC-20260729-STORE_01-0195;STORE_01;CASH-03;2026-07-29 12:15:26;SKU-003;3;45000;0;CARD
REC-20260729-STORE_01-0196;STORE_01;CASH-02;2026-07-29 21:50:33;SKU-009;1;25000;0;CARD
REC-20260729-STORE_01-0196;STORE_01;CASH-03;2026-07-29 21:50:33;SKU-005;4;5000;1000;CASH
REC-20260729-STORE_01-0197;STORE_01;CASH-02;2026-07-29 9:51:29;SKU-004;2;25000;1000;CARD
REC-20260729-STORE_01-0197;STORE_01;CASH-04;2026-07-29 9:51:29;SKU-009;4;25000;0;CARD
REC-20260729-STORE_01-0198;STORE_01;CASH-06;2026-07-29 16:33:46;SKU-009;3;25000;1000;CARD
REC-20260729-STORE_01-0198;STORE_01;CASH-06;2026-07-29 16:33:46;SKU-001;3;45000;0;CASH
REC-20260729-STORE_01-0198;STORE_01;CASH-10;2026-07-29 16:33:46;SKU-001;4;45000;1000;CASH
REC-20260729-STORE_01-0198;STORE_01;CASH-07;2026-07-29 16:33:46;SKU-001;3;45000;1000;CARD
REC-20260729-STORE_01-0198;STORE_01;CASH-06;2026-07-29 16:33:46;SKU-001;1;45000;0;CASH
REC-20260729-STORE_01-0199;STORE_01;CASH-05;2026-07-29 21:19:33;SKU-004;1;25000;0;CASH
REC-20260729-STORE_01-0199;STORE_01;CASH-10;2026-07-29 21:19:33;SKU-015;2;5000;1000;CARD
REC-20260729-STORE_01-0199;STORE_01;CASH-09;2026-07-29 21:19:33;SKU-036;1;45000;0;CASH
REC-20260729-STORE_01-0199;STORE_01;CASH-10;2026-07-29 21:19:33;SKU-003;2;45000;500;CARD
REC-20260729-STORE_01-0199;STORE_01;CASH-02;2026-07-29 21:19:33;SKU-001;2;45000;500;CARD
REC-20260729-STORE_01-0200;STORE_01;CASH-04;2026-07-29 13:03:40;SKU-015;4;5000;0;CASH
REC-20260729-STORE_01-0200;STORE_01;CASH-07;2026-07-29 13:03:40;SKU-011;4;5000;0;CASH
REC-20260729-STORE_01-0200;STORE_01;CASH-08;2026-07-29 13:03:40;SKU-003;1;45000;0;CASH
REC-20260729-STORE_01-0200;STORE_01;CASH-07;2026-07-29 13:03:40;SKU-001;2;45000;0;CARD
REC-20260729-STORE_01-0200;STORE_01;CASH-02;2026-07-29 13:03:40;SKU-001;4;45000;0;CARD
REC-20260729-STORE_01-0201;STORE_01;CASH-07;2026-07-29 12:30:02;SKU-002;2;12000;500;CARD
REC-20260729-STORE_01-0201;STORE_01;CASH-01;2026-07-29 12:30:02;SKU-011;2;5000;500;CARD
REC-20260729-STORE_01-0201;STORE_01;CASH-07;2026-07-29 12:30:02;SKU-007;1;12000;500;CARD
REC-20260729-STORE_01-0202;STORE_01;CASH-02;2026-07-29 9:24:06;SKU-002;3;12000;0;CASH
REC-20260729-STORE_01-0202;STORE_01;CASH-10;2026-07-29 9:24:06;SKU-026;3;12000;0;CARD
REC-20260729-STORE_01-0202;STORE_01;CASH-05;2026-07-29 9:24:06;SKU-023;3;45000;1000;CARD
REC-20260729-STORE_01-0203;STORE_01;CASH-09;2026-07-29 20:06:26;SKU-007;3;12000;0;CARD
REC-20260729-STORE_01-0204;STORE_01;CASH-07;2026-07-29 13:12:06;SKU-002;2;12000;500;CASH
REC-20260729-STORE_01-0204;STORE_01;CASH-03;2026-07-29 13:12:06;SKU-047;2;5000;0;CASH
REC-20260729-STORE_01-0205;STORE_01;CASH-08;2026-07-29 10:06:33;SKU-010;3;25000;0;CARD
REC-20260729-STORE_01-0205;STORE_01;CASH-06;2026-07-29 10:06:33;SKU-040;3;25000;500;CASH
REC-20260729-STORE_01-0205;STORE_01;CASH-01;2026-07-29 10:06:33;SKU-002;2;12000;1000;CARD
REC-20260729-STORE_01-0206;STORE_01;CASH-10;2026-07-29 21:29:56;SKU-003;3;45000;0;CARD
REC-20260729-STORE_01-0207;STORE_01;CASH-08;2026-07-29 17:06:49;SKU-004;4;25000;500;CARD
REC-20260729-STORE_01-0208;STORE_01;CASH-02;2026-07-29 16:08:55;SKU-030;1;45000;0;CARD
REC-20260729-STORE_01-0209;STORE_01;CASH-10;2026-07-29 18:33:02;SKU-031;4;45000;1000;CARD
REC-20260729-STORE_01-0209;STORE_01;CASH-02;2026-07-29 18:33:02;SKU-001;4;45000;0;CASH
REC-20260729-STORE_01-0209;STORE_01;CASH-06;2026-07-29 18:33:02;SKU-007;1;12000;1000;CASH
REC-20260729-STORE_01-0209;STORE_01;CASH-02;2026-07-29 18:33:02;SKU-029;4;5000;0;CARD
REC-20260729-STORE_01-0209;STORE_01;CASH-08;2026-07-29 18:33:02;SKU-002;3;12000;0;CASH
REC-20260729-STORE_01-0210;STORE_01;CASH-06;2026-07-29 9:59:28;SKU-001;2;45000;1000;CASH
REC-20260729-STORE_01-0210;STORE_01;CASH-01;2026-07-29 9:59:28;SKU-001;4;45000;0;CASH
REC-20260729-STORE_01-0210;STORE_01;CASH-04;2026-07-29 9:59:28;SKU-008;1;12000;500;CASH
REC-20260729-STORE_01-0210;STORE_01;CASH-03;2026-07-29 9:59:28;SKU-003;1;45000;0;CARD
REC-20260729-STORE_01-0211;STORE_01;CASH-08;2026-07-29 9:51:56;SKU-002;2;12000;0;CARD
REC-20260729-STORE_01-0212;STORE_01;CASH-10;2026-07-29 12:08:06;SKU-003;1;45000;1000;CARD
REC-20260729-STORE_01-0212;STORE_01;CASH-05;2026-07-29 12:08:06;SKU-033;1;5000;500;CASH
REC-20260729-STORE_01-0212;STORE_01;CASH-02;2026-07-29 12:08:06;SKU-014;4;5000;1000;CARD
REC-20260729-STORE_01-0213;STORE_01;CASH-10;2026-07-29 9:35:09;SKU-015;2;5000;0;CARD
REC-20260729-STORE_01-0213;STORE_01;CASH-02;2026-07-29 9:35:09;SKU-015;3;5000;500;CARD
REC-20260729-STORE_01-0213;STORE_01;CASH-05;2026-07-29 9:35:09;SKU-024;4;12000;500;CARD
REC-20260729-STORE_01-0213;STORE_01;CASH-02;2026-07-29 9:35:09;SKU-001;3;45000;0;CARD
REC-20260729-STORE_01-0214;STORE_01;CASH-04;2026-07-29 21:58:10;SKU-003;2;45000;0;CARD
REC-20260729-STORE_01-0214;STORE_01;CASH-02;2026-07-29 21:58:10;SKU-001;3;45000;0;CASH
REC-20260729-STORE_01-0214;STORE_01;CASH-03;2026-07-29 21:58:10;SKU-008;1;12000;0;CASH
REC-20260729-STORE_01-0215;STORE_01;CASH-04;2026-07-29 9:59:21;SKU-001;1;45000;500;CARD
REC-20260729-STORE_01-0216;STORE_01;CASH-08;2026-07-29 18:07:32;SKU-025;3;5000;500;CARD
REC-20260729-STORE_01-0216;STORE_01;CASH-02;2026-07-29 18:07:32;SKU-034;1;25000;0;CARD
REC-20260729-STORE_01-0217;STORE_01;CASH-04;2026-07-29 19:28:50;SKU-010;2;25000;0;CARD
REC-20260729-STORE_01-0217;STORE_01;CASH-08;2026-07-29 19:28:50;SKU-002;1;12000;0;CARD
REC-20260729-STORE_01-0217;STORE_01;CASH-10;2026-07-29 19:28:50;SKU-005;3;5000;0;CARD
REC-20260729-STORE_01-0218;STORE_01;CASH-06;2026-07-29 21:20:44;SKU-016;4;25000;0;CASH
REC-20260729-STORE_01-0218;STORE_01;CASH-09;2026-07-29 21:20:44;SKU-005;2;5000;0;CARD
REC-20260729-STORE_01-0218;STORE_01;CASH-10;2026-07-29 21:20:44;SKU-005;2;5000;1000;CARD
REC-20260729-STORE_01-0218;STORE_01;CASH-01;2026-07-29 21:20:44;SKU-020;1;12000;0;CARD
REC-20260729-STORE_01-0218;STORE_01;CASH-05;2026-07-29 21:20:44;SKU-013;4;12000;0;CARD
REC-20260729-STORE_01-0219;STORE_01;CASH-07;2026-07-29 18:13:03;SKU-002;3;12000;500;CARD
REC-20260729-STORE_01-0219;STORE_01;CASH-03;2026-07-29 18:13:03;SKU-009;4;25000;0;CASH
REC-20260729-STORE_01-0219;STORE_01;CASH-08;2026-07-29 18:13:03;SKU-006;2;45000;0;CASH
REC-20260729-STORE_01-0220;STORE_01;CASH-06;2026-07-29 21:50:26;SKU-005;4;5000;0;CARD
REC-20260729-STORE_01-0221;STORE_01;CASH-06;2026-07-29 14:03:45;SKU-023;3;45000;0;CASH
REC-20260729-STORE_01-0221;STORE_01;CASH-06;2026-07-29 14:03:45;SKU-003;3;45000;0;CARD
REC-20260729-STORE_01-0221;STORE_01;CASH-06;2026-07-29 14:03:45;SKU-021;1;5000;500;CASH
REC-20260729-STORE_01-0222;STORE_01;CASH-07;2026-07-29 11:41:16;SKU-001;3;45000;0;CASH
REC-20260729-STORE_01-0222;STORE_01;CASH-08;2026-07-29 11:41:16;SKU-013;1;12000;0;CARD
REC-20260729-STORE_01-0223;STORE_01;CASH-09;2026-07-29 17:44:10;SKU-004;1;25000;0;CARD
REC-20260729-STORE_01-0223;STORE_01;CASH-05;2026-07-29 17:44:10;SKU-001;2;45000;0;CARD
REC-20260729-STORE_01-0224;STORE_01;CASH-09;2026-07-29 13:52:50;SKU-002;4;12000;0;CARD
REC-20260729-STORE_01-0224;STORE_01;CASH-04;2026-07-29 13:52:50;SKU-006;2;45000;500;CARD
REC-20260729-STORE_01-0224;STORE_01;CASH-03;2026-07-29 13:52:50;SKU-007;3;12000;1000;CARD
REC-20260729-STORE_01-0225;STORE_01;CASH-04;2026-07-29 9:09:22;SKU-006;2;45000;500;CASH
REC-20260729-STORE_01-0226;STORE_01;CASH-10;2026-07-29 21:32:55;SKU-028;4;5000;500;CARD
REC-20260729-STORE_01-0226;STORE_01;CASH-09;2026-07-29 21:32:55;SKU-045;4;45000;0;CASH
REC-20260729-STORE_01-0226;STORE_01;CASH-10;2026-07-29 21:32:55;SKU-001;1;45000;0;CARD
REC-20260729-STORE_01-0226;STORE_01;CASH-07;2026-07-29 21:32:55;SKU-014;2;5000;0;CASH
REC-20260729-STORE_01-0227;STORE_01;CASH-03;2026-07-29 9:58:46;SKU-001;4;45000;0;CASH
REC-20260729-STORE_01-0228;STORE_01;CASH-07;2026-07-29 20:05:39;SKU-006;4;45000;0;CARD
REC-20260729-STORE_01-0228;STORE_01;CASH-05;2026-07-29 20:05:39;SKU-001;3;45000;0;CARD
REC-20260729-STORE_01-0228;STORE_01;CASH-09;2026-07-29 20:05:39;SKU-038;2;12000;500;CASH
REC-20260729-STORE_01-0229;STORE_01;CASH-07;2026-07-29 18:17:16;SKU-001;3;45000;500;CASH
REC-20260729-STORE_01-0229;STORE_01;CASH-08;2026-07-29 18:17:16;SKU-005;1;5000;0;CARD
REC-20260729-STORE_01-0229;STORE_01;CASH-08;2026-07-29 18:17:16;SKU-003;1;45000;0;CARD
REC-20260729-STORE_01-0229;STORE_01;CASH-06;2026-07-29 18:17:16;SKU-035;2;5000;0;CARD
REC-20260729-STORE_01-0229;STORE_01;CASH-08;2026-07-29 18:17:16;SKU-001;3;45000;500;CARD
REC-20260729-STORE_01-0230;STORE_01;CASH-01;2026-07-29 11:22:57;SKU-039;3;5000;500;CASH
REC-20260729-STORE_01-0230;STORE_01;CASH-10;2026-07-29 11:22:57;SKU-021;4;5000;1000;CARD
REC-20260729-STORE_01-0230;STORE_01;CASH-02;2026-07-29 11:22:57;SKU-009;3;25000;0;CASH
REC-20260729-STORE_01-0231;STORE_01;CASH-07;2026-07-29 9:20:22;SKU-004;2;25000;1000;CARD
REC-20260729-STORE_01-0231;STORE_01;CASH-04;2026-07-29 9:20:22;SKU-002;1;12000;0;CASH
REC-20260729-STORE_01-0232;STORE_01;CASH-07;2026-07-29 19:01:00;SKU-005;4;5000;1000;CARD
REC-20260729-STORE_01-0232;STORE_01;CASH-10;2026-07-29 19:01:00;SKU-027;2;5000;0;CASH
REC-20260729-STORE_01-0232;STORE_01;CASH-08;2026-07-29 19:01:00;SKU-001;1;45000;0;CASH
REC-20260729-STORE_01-0232;STORE_01;CASH-01;2026-07-29 19:01:00;SKU-030;2;45000;0;CASH
REC-20260729-STORE_01-0232;STORE_01;CASH-07;2026-07-29 19:01:00;SKU-001;3;45000;0;CARD
REC-20260729-STORE_01-0233;STORE_01;CASH-09;2026-07-29 19:19:36;SKU-001;3;45000;0;CARD
REC-20260729-STORE_01-0234;STORE_01;CASH-07;2026-07-29 17:13:11;SKU-010;4;25000;500;CARD
REC-20260729-STORE_01-0234;STORE_01;CASH-09;2026-07-29 17:13:11;SKU-023;4;45000;0;CARD
REC-20260729-STORE_01-0234;STORE_01;CASH-08;2026-07-29 17:13:11;SKU-002;4;12000;500;CASH
REC-20260729-STORE_01-0235;STORE_01;CASH-09;2026-07-29 17:52:25;SKU-004;1;25000;0;CASH
REC-20260729-STORE_01-0235;STORE_01;CASH-10;2026-07-29 17:52:25;SKU-001;2;45000;0;CASH
REC-20260729-STORE_01-0236;STORE_01;CASH-01;2026-07-29 11:53:34;SKU-002;3;12000;0;CARD
REC-20260729-STORE_01-0236;STORE_01;CASH-10;2026-07-29 11:53:34;SKU-022;3;12000;0;CASH
REC-20260729-STORE_01-0237;STORE_01;CASH-07;2026-07-29 20:32:34;SKU-018;2;5000;500;CARD
REC-20260729-STORE_01-0238;STORE_01;CASH-04;2026-07-29 8:23:23;SKU-010;4;25000;0;CARD
REC-20260729-STORE_01-0238;STORE_01;CASH-02;2026-07-29 8:23:23;SKU-001;3;45000;0;CASH
REC-20260729-STORE_01-0238;STORE_01;CASH-08;2026-07-29 8:23:23;SKU-014;3;5000;1000;CASH
REC-20260729-STORE_01-0239;STORE_01;CASH-07;2026-07-29 20:39:32;SKU-001;1;45000;0;CARD
REC-20260729-STORE_01-0240;STORE_01;CASH-09;2026-07-29 14:42:11;SKU-016;3;25000;0;CARD
REC-20260729-STORE_01-0240;STORE_01;CASH-01;2026-07-29 14:42:11;SKU-001;1;45000;500;CASH
REC-20260729-STORE_01-0240;STORE_01;CASH-09;2026-07-29 14:42:11;SKU-005;2;5000;0;CARD
REC-20260729-STORE_01-0240;STORE_01;CASH-10;2026-07-29 14:42:11;SKU-014;1;5000;1000;CARD
REC-20260729-STORE_01-0241;STORE_01;CASH-10;2026-07-29 16:20:17;SKU-037;1;45000;500;CARD
REC-20260729-STORE_01-0241;STORE_01;CASH-02;2026-07-29 16:20:17;SKU-018;1;5000;500;CARD
REC-20260729-STORE_01-0241;STORE_01;CASH-02;2026-07-29 16:20:17;SKU-015;2;5000;0;CASH
REC-20260729-STORE_01-0242;STORE_01;CASH-08;2026-07-29 20:28:41;SKU-001;2;45000;500;CARD
REC-20260729-STORE_01-0243;STORE_01;CASH-07;2026-07-29 18:08:05;SKU-024;2;12000;1000;CASH
REC-20260729-STORE_01-0243;STORE_01;CASH-03;2026-07-29 18:08:05;SKU-041;3;25000;0;CARD
REC-20260729-STORE_01-0243;STORE_01;CASH-10;2026-07-29 18:08:05;SKU-039;1;5000;500;CARD
REC-20260729-STORE_01-0244;STORE_01;CASH-05;2026-07-29 9:26:13;SKU-003;4;45000;0;CARD
REC-20260729-STORE_01-0244;STORE_01;CASH-08;2026-07-29 9:26:13;SKU-042;4;5000;1000;CARD
REC-20260729-STORE_01-0244;STORE_01;CASH-10;2026-07-29 9:26:13;SKU-002;4;12000;0;CARD
REC-20260729-STORE_01-0244;STORE_01;CASH-05;2026-07-29 9:26:13;SKU-007;3;12000;500;CARD
REC-20260729-STORE_01-0245;STORE_01;CASH-01;2026-07-29 11:44:47;SKU-001;3;45000;500;CARD
REC-20260729-STORE_01-0245;STORE_01;CASH-03;2026-07-29 11:44:47;SKU-044;4;5000;0;CASH
REC-20260729-STORE_01-0245;STORE_01;CASH-04;2026-07-29 11:44:47;SKU-013;1;12000;1000;CASH
REC-20260729-STORE_01-0246;STORE_01;CASH-07;2026-07-29 8:59:25;SKU-004;3;25000;500;CARD
REC-20260729-STORE_01-0246;STORE_01;CASH-04;2026-07-29 8:59:25;SKU-001;4;45000;0;CARD
REC-20260729-STORE_01-0246;STORE_01;CASH-04;2026-07-29 8:59:25;SKU-001;4;45000;0;CASH
REC-20260729-STORE_01-0246;STORE_01;CASH-01;2026-07-29 8:59:25;SKU-014;3;5000;500;CARD
REC-20260729-STORE_01-0246;STORE_01;CASH-04;2026-07-29 8:59:25;SKU-005;3;5000;0;CARD
REC-20260729-STORE_01-0247;STORE_01;CASH-04;2026-07-29 16:15:53;SKU-006;3;45000;0;CARD
REC-20260729-STORE_01-0247;STORE_01;CASH-02;2026-07-29 16:15:53;SKU-003;2;45000;0;CARD
REC-20260729-STORE_01-0247;STORE_01;CASH-07;2026-07-29 16:15:53;SKU-003;4;45000;0;CASH
REC-20260729-STORE_01-0247;STORE_01;CASH-09;2026-07-29 16:15:53;SKU-001;3;45000;0;CARD
REC-20260729-STORE_01-0247;STORE_01;CASH-09;2026-07-29 16:15:53;SKU-005;1;5000;0;CARD
REC-20260729-STORE_01-0248;STORE_01;CASH-01;2026-07-29 15:33:29;SKU-002;1;12000;0;CARD
REC-20260729-STORE_01-0248;STORE_01;CASH-08;2026-07-29 15:33:29;SKU-004;4;25000;0;CARD
REC-20260729-STORE_01-0248;STORE_01;CASH-09;2026-07-29 15:33:29;SKU-017;3;12000;500;CARD
REC-20260729-STORE_01-0249;STORE_01;CASH-08;2026-07-29 12:09:05;SKU-003;2;45000;0;CARD
REC-20260729-STORE_01-0249;STORE_01;CASH-06;2026-07-29 12:09:05;SKU-005;4;5000;500;CASH
REC-20260729-STORE_01-0250;STORE_01;CASH-06;2026-07-29 15:13:40;SKU-002;4;12000;500;CASH
REC-20260729-STORE_01-0251;STORE_01;CASH-04;2026-07-29 13:50:52;SKU-003;4;45000;0;CASH
REC-20260729-STORE_01-0251;STORE_01;CASH-01;2026-07-29 13:50:52;SKU-011;4;5000;0;CARD
REC-20260729-STORE_01-0251;STORE_01;CASH-02;2026-07-29 13:50:52;SKU-001;1;45000;0;CARD
REC-20260729-STORE_01-0252;STORE_01;CASH-05;2026-07-29 21:43:19;SKU-011;1;5000;0;CARD
REC-20260729-STORE_01-0252;STORE_01;CASH-03;2026-07-29 21:43:19;SKU-018;1;5000;0;CARD
REC-20260729-STORE_01-0252;STORE_01;CASH-05;2026-07-29 21:43:19;SKU-004;3;25000;0;CASH
REC-20260729-STORE_01-0252;STORE_01;CASH-03;2026-07-29 21:43:19;SKU-002;2;12000;0;CARD
REC-20260729-STORE_01-0253;STORE_01;CASH-10;2026-07-29 21:16:11;SKU-001;2;45000;500;CARD
REC-20260729-STORE_01-0253;STORE_01;CASH-08;2026-07-29 21:16:11;SKU-001;4;45000;500;CARD
REC-20260729-STORE_01-0253;STORE_01;CASH-08;2026-07-29 21:16:11;SKU-001;1;45000;500;CARD
REC-20260729-STORE_01-0253;STORE_01;CASH-02;2026-07-29 21:16:11;SKU-001;1;45000;0;CASH
REC-20260729-STORE_01-0253;STORE_01;CASH-03;2026-07-29 21:16:11;SKU-007;3;12000;500;CARD
REC-20260729-STORE_01-0254;STORE_01;CASH-04;2026-07-29 11:15:48;SKU-002;2;12000;0;CARD
REC-20260729-STORE_01-0255;STORE_01;CASH-10;2026-07-29 15:53:07;SKU-002;2;12000;500;CARD
REC-20260729-STORE_01-0255;STORE_01;CASH-10;2026-07-29 15:53:07;SKU-004;3;25000;0;CARD
REC-20260729-STORE_01-0255;STORE_01;CASH-09;2026-07-29 15:53:07;SKU-022;3;12000;1000;CARD
REC-20260729-STORE_01-0255;STORE_01;CASH-08;2026-07-29 15:53:07;SKU-015;2;5000;0;CARD
REC-20260729-STORE_01-0255;STORE_01;CASH-08;2026-07-29 15:53:07;SKU-012;2;45000;0;CARD
REC-20260729-STORE_01-0256;STORE_01;CASH-10;2026-07-29 8:56:02;SKU-002;3;12000;0;CARD
REC-20260729-STORE_01-0256;STORE_01;CASH-05;2026-07-29 8:56:02;SKU-002;2;12000;500;CARD
REC-20260729-STORE_01-0257;STORE_01;CASH-05;2026-07-29 13:48:12;SKU-007;2;12000;500;CARD
REC-20260729-STORE_01-0257;STORE_01;CASH-01;2026-07-29 13:48:12;SKU-003;1;45000;500;CASH
REC-20260729-STORE_01-0257;STORE_01;CASH-09;2026-07-29 13:48:12;SKU-012;3;45000;500;CARD
REC-20260729-STORE_01-0258;STORE_01;CASH-05;2026-07-29 13:36:16;SKU-015;2;5000;500;CARD
REC-20260729-STORE_01-0258;STORE_01;CASH-02;2026-07-29 13:36:16;SKU-029;1;5000;0;CARD
REC-20260729-STORE_01-0258;STORE_01;CASH-04;2026-07-29 13:36:16;SKU-030;4;45000;0;CASH
REC-20260729-STORE_01-0258;STORE_01;CASH-10;2026-07-29 13:36:16;SKU-032;4;25000;0;CARD
REC-20260729-STORE_01-0258;STORE_01;CASH-07;2026-07-29 13:36:16;SKU-025;1;5000;1000;CARD
REC-20260729-STORE_01-0259;STORE_01;CASH-01;2026-07-29 18:38:57;SKU-013;2;12000;1000;CARD
REC-20260729-STORE_01-0259;STORE_01;CASH-08;2026-07-29 18:38:57;SKU-018;2;5000;500;CASH
REC-20260729-STORE_01-0259;STORE_01;CASH-10;2026-07-29 18:38:57;SKU-003;3;45000;0;CARD
REC-20260729-STORE_01-0259;STORE_01;CASH-06;2026-07-29 18:38:57;SKU-016;3;25000;0;CARD
REC-20260729-STORE_01-0260;STORE_01;CASH-09;2026-07-29 15:00:47;SKU-001;4;45000;0;CASH
REC-20260729-STORE_01-0261;STORE_01;CASH-03;2026-07-29 21:59:02;SKU-001;1;45000;0;CASH
REC-20260729-STORE_01-0261;STORE_01;CASH-10;2026-07-29 21:59:02;SKU-001;2;45000;500;CASH
REC-20260729-STORE_01-0261;STORE_01;CASH-04;2026-07-29 21:59:02;SKU-006;3;45000;500;CASH
REC-20260729-STORE_01-0262;STORE_01;CASH-09;2026-07-29 9:18:58;SKU-004;1;25000;0;CARD
REC-20260729-STORE_01-0262;STORE_01;CASH-10;2026-07-29 9:18:58;SKU-010;4;25000;0;CARD
REC-20260729-STORE_01-0262;STORE_01;CASH-02;2026-07-29 9:18:58;SKU-006;3;45000;0;CASH
REC-20260729-STORE_01-0262;STORE_01;CASH-03;2026-07-29 9:18:58;SKU-012;1;45000;0;CASH
REC-20260729-STORE_01-0262;STORE_01;CASH-02;2026-07-29 9:18:58;SKU-031;3;45000;1000;CARD
REC-20260729-STORE_01-0263;STORE_01;CASH-02;2026-07-29 8:36:49;SKU-001;2;45000;0;CARD
REC-20260729-STORE_01-0263;STORE_01;CASH-09;2026-07-29 8:36:49;SKU-031;3;45000;0;CARD
REC-20260729-STORE_01-0264;STORE_01;CASH-01;2026-07-29 18:58:02;SKU-001;1;45000;0;CASH
REC-20260729-STORE_01-0264;STORE_01;CASH-07;2026-07-29 18:58:02;SKU-001;1;45000;1000;CARD
REC-20260729-STORE_01-0264;STORE_01;CASH-10;2026-07-29 18:58:02;SKU-007;2;12000;0;CASH
REC-20260729-STORE_01-0264;STORE_01;CASH-09;2026-07-29 18:58:02;SKU-001;4;45000;0;CASH
REC-20260729-STORE_01-0264;STORE_01;CASH-08;2026-07-29 18:58:02;SKU-013;3;12000;0;CARD
REC-20260729-STORE_01-0265;STORE_01;CASH-09;2026-07-29 12:37:40;SKU-039;3;5000;500;CARD
REC-20260729-STORE_01-0266;STORE_01;CASH-01;2026-07-29 18:18:45;SKU-016;2;25000;500;CARD
REC-20260729-STORE_01-0266;STORE_01;CASH-09;2026-07-29 18:18:45;SKU-004;3;25000;500;CASH
REC-20260729-STORE_01-0267;STORE_01;CASH-08;2026-07-29 18:41:03;SKU-001;4;45000;0;CARD
REC-20260729-STORE_01-0268;STORE_01;CASH-03;2026-07-29 11:45:55;SKU-002;1;12000;0;CARD
REC-20260729-STORE_01-0268;STORE_01;CASH-01;2026-07-29 11:45:55;SKU-003;2;45000;0;CASH
REC-20260729-STORE_01-0268;STORE_01;CASH-05;2026-07-29 11:45:55;SKU-013;1;12000;0;CARD
REC-20260729-STORE_01-0268;STORE_01;CASH-06;2026-07-29 11:45:55;SKU-006;3;45000;0;CARD
REC-20260729-STORE_01-0269;STORE_01;CASH-03;2026-07-29 18:38:13;SKU-005;2;5000;1000;CARD
REC-20260729-STORE_01-0269;STORE_01;CASH-03;2026-07-29 18:38:13;SKU-001;2;45000;0;CARD
REC-20260729-STORE_01-0269;STORE_01;CASH-05;2026-07-29 18:38:13;SKU-007;4;12000;0;CARD
REC-20260729-STORE_01-0269;STORE_01;CASH-02;2026-07-29 18:38:13;SKU-001;4;45000;1000;CASH
REC-20260729-STORE_01-0270;STORE_01;CASH-05;2026-07-29 14:32:51;SKU-001;3;45000;1000;CARD
REC-20260729-STORE_01-0270;STORE_01;CASH-09;2026-07-29 14:32:51;SKU-042;4;5000;0;CARD
REC-20260729-STORE_01-0270;STORE_01;CASH-01;2026-07-29 14:32:51;SKU-002;1;12000;0;CARD
REC-20260729-STORE_01-0270;STORE_01;CASH-05;2026-07-29 14:32:51;SKU-034;1;25000;500;CASH
REC-20260729-STORE_01-0271;STORE_01;CASH-09;2026-07-29 21:46:25;SKU-004;2;25000;500;CARD
REC-20260729-STORE_01-0271;STORE_01;CASH-10;2026-07-29 21:46:25;SKU-021;1;5000;1000;CARD
REC-20260729-STORE_01-0271;STORE_01;CASH-02;2026-07-29 21:46:25;SKU-038;2;12000;0;CARD
REC-20260729-STORE_01-0271;STORE_01;CASH-06;2026-07-29 21:46:25;SKU-003;3;45000;0;CARD
REC-20260729-STORE_01-0272;STORE_01;CASH-09;2026-07-29 8:48:05;SKU-008;1;12000;1000;CASH
REC-20260729-STORE_01-0272;STORE_01;CASH-02;2026-07-29 8:48:05;SKU-001;3;45000;1000;CARD
REC-20260729-STORE_01-0272;STORE_01;CASH-04;2026-07-29 8:48:05;SKU-011;4;5000;1000;CARD
REC-20260729-STORE_01-0272;STORE_01;CASH-08;2026-07-29 8:48:05;SKU-004;4;25000;500;CASH
REC-20260729-STORE_01-0273;STORE_01;CASH-06;2026-07-29 18:39:00;SKU-002;1;12000;500;CARD
REC-20260729-STORE_01-0273;STORE_01;CASH-10;2026-07-29 18:39:00;SKU-001;2;45000;0;CARD
REC-20260729-STORE_01-0273;STORE_01;CASH-08;2026-07-29 18:39:00;SKU-001;2;45000;1000;CARD
REC-20260729-STORE_01-0274;STORE_01;CASH-03;2026-07-29 11:18:02;SKU-001;2;45000;0;CASH
REC-20260729-STORE_01-0274;STORE_01;CASH-05;2026-07-29 11:18:02;SKU-001;2;45000;500;CASH
REC-20260729-STORE_01-0274;STORE_01;CASH-06;2026-07-29 11:18:02;SKU-019;4;25000;500;CARD
REC-20260729-STORE_01-0274;STORE_01;CASH-02;2026-07-29 11:18:02;SKU-008;3;12000;500;CARD
REC-20260729-STORE_01-0275;STORE_01;CASH-06;2026-07-29 19:08:05;SKU-017;2;12000;1000;CARD
REC-20260729-STORE_01-0275;STORE_01;CASH-07;2026-07-29 19:08:05;SKU-005;2;5000;0;CARD
REC-20260729-STORE_01-0276;STORE_01;CASH-02;2026-07-29 13:14:13;SKU-002;4;12000;1000;CASH
REC-20260729-STORE_01-0276;STORE_01;CASH-07;2026-07-29 13:14:13;SKU-003;4;45000;0;CARD
REC-20260729-STORE_01-0276;STORE_01;CASH-10;2026-07-29 13:14:13;SKU-001;3;45000;0;CARD
REC-20260729-STORE_01-0277;STORE_01;CASH-05;2026-07-29 9:31:47;SKU-013;3;12000;0;CARD
REC-20260729-STORE_01-0277;STORE_01;CASH-10;2026-07-29 9:31:47;SKU-004;2;25000;1000;CARD
REC-20260729-STORE_01-0277;STORE_01;CASH-09;2026-07-29 9:31:47;SKU-009;1;25000;500;CARD
REC-20260729-STORE_01-0277;STORE_01;CASH-08;2026-07-29 9:31:47;SKU-001;4;45000;0;CARD
REC-20260729-STORE_01-0277;STORE_01;CASH-10;2026-07-29 9:31:47;SKU-018;3;5000;0;CASH
REC-20260729-STORE_01-0278;STORE_01;CASH-08;2026-07-29 21:27:46;SKU-001;1;45000;500;CARD
REC-20260729-STORE_01-0278;STORE_01;CASH-08;2026-07-29 21:27:46;SKU-001;2;45000;0;CASH
REC-20260729-STORE_01-0278;STORE_01;CASH-03;2026-07-29 21:27:46;SKU-021;1;5000;0;CARD
REC-20260729-STORE_01-0278;STORE_01;CASH-10;2026-07-29 21:27:46;SKU-011;3;5000;0;CARD
REC-20260729-STORE_01-0279;STORE_01;CASH-07;2026-07-29 14:56:53;SKU-039;1;5000;0;CARD
REC-20260729-STORE_01-0279;STORE_01;CASH-03;2026-07-29 14:56:53;SKU-002;4;12000;0;CARD
REC-20260729-STORE_01-0279;STORE_01;CASH-09;2026-07-29 14:56:53;SKU-020;3;12000;0;CASH
REC-20260729-STORE_01-0280;STORE_01;CASH-04;2026-07-29 12:16:21;SKU-001;3;45000;500;CARD
REC-20260729-STORE_01-0280;STORE_01;CASH-02;2026-07-29 12:16:21;SKU-002;2;12000;0;CARD
REC-20260729-STORE_01-0280;STORE_01;CASH-03;2026-07-29 12:16:21;SKU-002;1;12000;1000;CARD
REC-20260729-STORE_01-0281;STORE_01;CASH-02;2026-07-29 10:48:23;SKU-002;3;12000;500;CARD
REC-20260729-STORE_01-0282;STORE_01;CASH-04;2026-07-29 14:46:26;SKU-006;4;45000;500;CASH
REC-20260729-STORE_01-0282;STORE_01;CASH-01;2026-07-29 14:46:26;SKU-008;2;12000;0;CARD
REC-20260729-STORE_01-0282;STORE_01;CASH-05;2026-07-29 14:46:26;SKU-009;1;25000;0;CARD
REC-20260729-STORE_01-0283;STORE_01;CASH-05;2026-07-29 14:13:08;SKU-001;2;45000;0;CASH
REC-20260729-STORE_01-0283;STORE_01;CASH-10;2026-07-29 14:13:08;SKU-001;3;45000;0;CARD
REC-20260729-STORE_01-0283;STORE_01;CASH-07;2026-07-29 14:13:08;SKU-028;2;5000;0;CARD
REC-20260729-STORE_01-0283;STORE_01;CASH-10;2026-07-29 14:13:08;SKU-004;2;25000;0;CARD
REC-20260729-STORE_01-0284;STORE_01;CASH-10;2026-07-29 10:15:58;SKU-019;4;25000;0;CARD
REC-20260729-STORE_01-0284;STORE_01;CASH-04;2026-07-29 10:15:58;SKU-004;1;25000;0;CARD
REC-20260729-STORE_01-0284;STORE_01;CASH-02;2026-07-29 10:15:58;SKU-031;2;45000;0;CARD
REC-20260729-STORE_01-0284;STORE_01;CASH-09;2026-07-29 10:15:58;SKU-042;3;5000;0;CARD
REC-20260729-STORE_01-0284;STORE_01;CASH-07;2026-07-29 10:15:58;SKU-005;3;5000;0;CARD
REC-20260729-STORE_01-0285;STORE_01;CASH-03;2026-07-29 15:31:51;SKU-026;4;12000;0;CARD
REC-20260729-STORE_01-0285;STORE_01;CASH-02;2026-07-29 15:31:51;SKU-029;1;5000;1000;CARD
REC-20260729-STORE_01-0285;STORE_01;CASH-09;2026-07-29 15:31:51;SKU-001;1;45000;0;CASH
REC-20260729-STORE_01-0285;STORE_01;CASH-03;2026-07-29 15:31:51;SKU-019;2;25000;0;CARD
REC-20260729-STORE_01-0285;STORE_01;CASH-02;2026-07-29 15:31:51;SKU-026;1;12000;0;CARD
REC-20260729-STORE_01-0286;STORE_01;CASH-07;2026-07-29 20:05:32;SKU-001;1;45000;0;CASH
REC-20260729-STORE_01-0286;STORE_01;CASH-05;2026-07-29 20:05:32;SKU-002;1;12000;500;CASH
REC-20260729-STORE_01-0286;STORE_01;CASH-07;2026-07-29 20:05:32;SKU-017;2;12000;500;CARD
REC-20260729-STORE_01-0286;STORE_01;CASH-08;2026-07-29 20:05:32;SKU-001;1;45000;500;CARD
REC-20260729-STORE_01-0286;STORE_01;CASH-04;2026-07-29 20:05:32;SKU-016;1;25000;1000;CARD
REC-20260729-STORE_01-0287;STORE_01;CASH-09;2026-07-29 9:44:10;SKU-027;4;5000;1000;CASH
REC-20260729-STORE_01-0288;STORE_01;CASH-05;2026-07-29 8:24:53;SKU-006;4;45000;0;CASH
REC-20260729-STORE_01-0288;STORE_01;CASH-05;2026-07-29 8:24:53;SKU-001;4;45000;1000;CASH
REC-20260729-STORE_01-0288;STORE_01;CASH-09;2026-07-29 8:24:53;SKU-002;3;12000;0;CARD
REC-20260729-STORE_01-0289;STORE_01;CASH-05;2026-07-29 10:15:38;SKU-004;1;25000;500;CARD
REC-20260729-STORE_01-0289;STORE_01;CASH-08;2026-07-29 10:15:38;SKU-001;4;45000;1000;CARD
REC-20260729-STORE_01-0289;STORE_01;CASH-09;2026-07-29 10:15:38;SKU-004;1;25000;0;CARD
REC-20260729-STORE_01-0289;STORE_01;CASH-09;2026-07-29 10:15:38;SKU-001;4;45000;0;CARD
REC-20260729-STORE_01-0290;STORE_01;CASH-03;2026-07-29 17:00:27;SKU-007;3;12000;0;CARD
REC-20260729-STORE_01-0290;STORE_01;CASH-09;2026-07-29 17:00:27;SKU-004;2;25000;500;CARD
REC-20260729-STORE_01-0290;STORE_01;CASH-04;2026-07-29 17:00:27;SKU-007;1;12000;0;CARD
REC-20260729-STORE_01-0290;STORE_01;CASH-06;2026-07-29 17:00:27;SKU-006;3;45000;0;CARD
REC-20260729-STORE_01-0290;STORE_01;CASH-02;2026-07-29 17:00:27;SKU-032;2;25000;0;CARD
REC-20260729-STORE_01-0291;STORE_01;CASH-05;2026-07-29 15:17:25;SKU-001;4;45000;0;CARD
REC-20260729-STORE_01-0291;STORE_01;CASH-03;2026-07-29 15:17:25;SKU-028;3;5000;0;CARD
REC-20260729-STORE_01-0291;STORE_01;CASH-08;2026-07-29 15:17:25;SKU-017;4;12000;1000;CARD
REC-20260729-STORE_01-0291;STORE_01;CASH-06;2026-07-29 15:17:25;SKU-016;4;25000;0;CARD
REC-20260729-STORE_01-0291;STORE_01;CASH-04;2026-07-29 15:17:25;SKU-009;4;25000;500;CARD
REC-20260729-STORE_01-0292;STORE_01;CASH-04;2026-07-29 9:50:38;SKU-042;3;5000;0;CARD
REC-20260729-STORE_01-0292;STORE_01;CASH-01;2026-07-29 9:50:38;SKU-001;1;45000;0;CARD
REC-20260729-STORE_01-0292;STORE_01;CASH-04;2026-07-29 9:50:38;SKU-023;3;45000;500;CARD
REC-20260729-STORE_01-0292;STORE_01;CASH-05;2026-07-29 9:50:38;SKU-002;3;12000;1000;CARD
REC-20260729-STORE_01-0293;STORE_01;CASH-07;2026-07-29 20:04:28;SKU-001;4;45000;1000;CARD
REC-20260729-STORE_01-0293;STORE_01;CASH-10;2026-07-29 20:04:28;SKU-008;4;12000;1000;CARD
REC-20260729-STORE_01-0293;STORE_01;CASH-01;2026-07-29 20:04:28;SKU-002;4;12000;500;CARD
REC-20260729-STORE_01-0293;STORE_01;CASH-10;2026-07-29 20:04:28;SKU-002;1;12000;500;CASH
REC-20260729-STORE_01-0293;STORE_01;CASH-09;2026-07-29 20:04:28;SKU-001;1;45000;0;CARD
REC-20260729-STORE_01-0294;STORE_01;CASH-05;2026-07-29 16:42:39;SKU-045;2;45000;0;CARD
REC-20260729-STORE_01-0294;STORE_01;CASH-04;2026-07-29 16:42:39;SKU-025;3;5000;500;CARD
REC-20260729-STORE_01-0294;STORE_01;CASH-10;2026-07-29 16:42:39;SKU-049;2;5000;0;CARD
REC-20260729-STORE_01-0294;STORE_01;CASH-01;2026-07-29 16:42:39;SKU-001;1;45000;0;CARD
REC-20260729-STORE_01-0295;STORE_01;CASH-05;2026-07-29 19:23:49;SKU-009;2;25000;1000;CASH
REC-20260729-STORE_01-0296;STORE_01;CASH-01;2026-07-29 12:55:32;SKU-010;4;25000;0;CASH
REC-20260729-STORE_01-0296;STORE_01;CASH-06;2026-07-29 12:55:32;SKU-001;1;45000;0;CASH
REC-20260729-STORE_01-0296;STORE_01;CASH-10;2026-07-29 12:55:32;SKU-011;4;5000;1000;CARD
REC-20260729-STORE_01-0296;STORE_01;CASH-05;2026-07-29 12:55:32;SKU-002;2;12000;0;CARD
REC-20260729-STORE_01-0297;STORE_01;CASH-02;2026-07-29 14:53:13;SKU-035;3;5000;1000;CARD
REC-20260729-STORE_01-0297;STORE_01;CASH-10;2026-07-29 14:53:13;SKU-022;2;12000;1000;CASH
REC-20260729-STORE_01-0297;STORE_01;CASH-08;2026-07-29 14:53:13;SKU-011;4;5000;0;CARD
REC-20260729-STORE_01-0297;STORE_01;CASH-05;2026-07-29 14:53:13;SKU-009;4;25000;0;CARD
REC-20260729-STORE_01-0297;STORE_01;CASH-01;2026-07-29 14:53:13;SKU-009;1;25000;500;CARD
REC-20260729-STORE_01-0298;STORE_01;CASH-02;2026-07-29 16:28:53;SKU-029;2;5000;0;CASH
REC-20260729-STORE_01-0298;STORE_01;CASH-03;2026-07-29 16:28:53;SKU-034;2;25000;0;CARD
REC-20260729-STORE_01-0298;STORE_01;CASH-08;2026-07-29 16:28:53;SKU-003;3;45000;0;CARD
REC-20260729-STORE_01-0298;STORE_01;CASH-07;2026-07-29 16:28:53;SKU-002;1;12000;0;CASH
REC-20260729-STORE_01-0299;STORE_01;CASH-03;2026-07-29 16:44:39;SKU-001;2;45000;0;CASH
REC-20260729-STORE_01-0300;STORE_01;CASH-04;2026-07-29 9:58:47;SKU-042;2;5000;1000;CASH
REC-20260729-STORE_01-0300;STORE_01;CASH-01;2026-07-29 9:58:47;SKU-023;4;45000;1000;CARD
REC-20260729-STORE_01-0300;STORE_01;CASH-02;2026-07-29 9:58:47;SKU-020;3;12000;0;CARD
REC-20260729-STORE_01-0301;STORE_01;CASH-09;2026-07-29 10:35:48;SKU-009;2;25000;0;CASH
REC-20260729-STORE_01-0301;STORE_01;CASH-10;2026-07-29 10:35:48;SKU-003;3;45000;1000;CARD
REC-20260729-STORE_01-0301;STORE_01;CASH-09;2026-07-29 10:35:48;SKU-002;2;12000;0;CASH
REC-20260729-STORE_01-0301;STORE_01;CASH-03;2026-07-29 10:35:48;SKU-001;2;45000;500;CARD
REC-20260729-STORE_01-0302;STORE_01;CASH-04;2026-07-29 19:26:55;SKU-035;3;5000;0;CARD
REC-20260729-STORE_01-0302;STORE_01;CASH-04;2026-07-29 19:26:55;SKU-022;3;12000;0;CARD
REC-20260729-STORE_01-0302;STORE_01;CASH-10;2026-07-29 19:26:55;SKU-011;4;5000;1000;CASH
REC-20260729-STORE_01-0302;STORE_01;CASH-04;2026-07-29 19:26:55;SKU-001;1;45000;0;CASH
REC-20260729-STORE_01-0302;STORE_01;CASH-05;2026-07-29 19:26:55;SKU-030;3;45000;0;CARD
REC-20260729-STORE_01-0303;STORE_01;CASH-04;2026-07-29 12:45:06;SKU-001;1;45000;500;CARD
REC-20260729-STORE_01-0303;STORE_01;CASH-09;2026-07-29 12:45:06;SKU-003;4;45000;0;CASH
REC-20260729-STORE_01-0303;STORE_01;CASH-09;2026-07-29 12:45:06;SKU-002;4;12000;1000;CARD
REC-20260729-STORE_01-0303;STORE_01;CASH-02;2026-07-29 12:45:06;SKU-027;2;5000;0;CARD
REC-20260729-STORE_01-0303;STORE_01;CASH-04;2026-07-29 12:45:06;SKU-010;1;25000;0;CARD
REC-20260729-STORE_01-0304;STORE_01;CASH-07;2026-07-29 21:12:38;SKU-010;4;25000;0;CASH
REC-20260729-STORE_01-0304;STORE_01;CASH-09;2026-07-29 21:12:38;SKU-005;4;5000;0;CASH
REC-20260729-STORE_01-0304;STORE_01;CASH-09;2026-07-29 21:12:38;SKU-004;1;25000;500;CASH
REC-20260729-STORE_01-0305;STORE_01;CASH-08;2026-07-29 12:00:09;SKU-036;2;45000;500;CASH
REC-20260729-STORE_01-0305;STORE_01;CASH-09;2026-07-29 12:00:09;SKU-008;1;12000;0;CASH
REC-20260729-STORE_01-0305;STORE_01;CASH-04;2026-07-29 12:00:09;SKU-016;1;25000;500;CARD
REC-20260729-STORE_01-0306;STORE_01;CASH-09;2026-07-29 11:06:45;SKU-014;2;5000;0;CARD
REC-20260729-STORE_01-0307;STORE_01;CASH-04;2026-07-29 9:12:17;SKU-003;3;45000;500;CARD
REC-20260729-STORE_01-0307;STORE_01;CASH-05;2026-07-29 9:12:17;SKU-005;2;5000;500;CARD
REC-20260729-STORE_01-0308;STORE_01;CASH-05;2026-07-29 14:49:54;SKU-025;4;5000;0;CARD
REC-20260729-STORE_01-0308;STORE_01;CASH-01;2026-07-29 14:49:54;SKU-007;4;12000;1000;CARD
REC-20260729-STORE_01-0309;STORE_01;CASH-01;2026-07-29 12:41:40;SKU-002;2;12000;500;CASH
REC-20260729-STORE_01-0309;STORE_01;CASH-04;2026-07-29 12:41:40;SKU-001;1;45000;0;CASH
REC-20260729-STORE_01-0309;STORE_01;CASH-08;2026-07-29 12:41:40;SKU-004;4;25000;1000;CARD
REC-20260729-STORE_01-0309;STORE_01;CASH-02;2026-07-29 12:41:40;SKU-006;4;45000;0;CASH
REC-20260729-STORE_01-0310;STORE_01;CASH-08;2026-07-29 12:36:21;SKU-001;3;45000;500;CARD
REC-20260729-STORE_01-0310;STORE_01;CASH-08;2026-07-29 12:36:21;SKU-002;1;12000;0;CARD
REC-20260729-STORE_01-0310;STORE_01;CASH-04;2026-07-29 12:36:21;SKU-005;1;5000;1000;CARD
REC-20260729-STORE_01-0311;STORE_01;CASH-10;2026-07-29 8:24:31;SKU-001;1;45000;500;CARD
REC-20260729-STORE_01-0311;STORE_01;CASH-06;2026-07-29 8:24:31;SKU-001;3;45000;0;CASH
REC-20260729-STORE_01-0311;STORE_01;CASH-10;2026-07-29 8:24:31;SKU-044;4;5000;0;CASH
REC-20260729-STORE_01-0311;STORE_01;CASH-05;2026-07-29 8:24:31;SKU-003;1;45000;0;CARD
REC-20260729-STORE_01-0312;STORE_01;CASH-05;2026-07-29 9:49:51;SKU-001;4;45000;1000;CARD
REC-20260729-STORE_01-0313;STORE_01;CASH-06;2026-07-29 20:16:32;SKU-004;2;25000;1000;CASH
REC-20260729-STORE_01-0313;STORE_01;CASH-09;2026-07-29 20:16:32;SKU-011;2;5000;500;CARD
REC-20260729-STORE_01-0313;STORE_01;CASH-06;2026-07-29 20:16:32;SKU-032;2;25000;0;CARD
REC-20260729-STORE_01-0314;STORE_01;CASH-03;2026-07-29 17:59:21;SKU-050;2;25000;500;CARD
REC-20260729-STORE_01-0314;STORE_01;CASH-06;2026-07-29 17:59:21;SKU-001;1;45000;500;CASH
REC-20260729-STORE_01-0315;STORE_01;CASH-02;2026-07-29 13:00:44;SKU-008;1;12000;1000;CASH
REC-20260729-STORE_01-0315;STORE_01;CASH-02;2026-07-29 13:00:44;SKU-005;2;5000;0;CASH
REC-20260729-STORE_01-0315;STORE_01;CASH-04;2026-07-29 13:00:44;SKU-001;4;45000;0;CARD
REC-20260729-STORE_01-0316;STORE_01;CASH-08;2026-07-29 13:27:15;SKU-002;2;12000;0;CARD
REC-20260729-STORE_01-0316;STORE_01;CASH-09;2026-07-29 13:27:15;SKU-016;4;25000;1000;CASH
REC-20260729-STORE_01-0317;STORE_01;CASH-06;2026-07-29 9:06:55;SKU-005;4;5000;0;CARD
REC-20260729-STORE_01-0318;STORE_01;CASH-08;2026-07-29 17:15:06;SKU-012;2;45000;1000;CASH
REC-20260729-STORE_01-0318;STORE_01;CASH-08;2026-07-29 17:15:06;SKU-003;2;45000;0;CASH
REC-20260729-STORE_01-0318;STORE_01;CASH-02;2026-07-29 17:15:06;SKU-007;1;12000;0;CARD
REC-20260729-STORE_01-0318;STORE_01;CASH-06;2026-07-29 17:15:06;SKU-002;3;12000;0;CASH
REC-20260729-STORE_01-0318;STORE_01;CASH-09;2026-07-29 17:15:06;SKU-002;2;12000;500;CARD
REC-20260729-STORE_01-0319;STORE_01;CASH-10;2026-07-29 17:17:30;SKU-001;3;45000;0;CARD
REC-20260729-STORE_01-0319;STORE_01;CASH-04;2026-07-29 17:17:30;SKU-049;2;5000;0;CASH
REC-20260729-STORE_01-0319;STORE_01;CASH-09;2026-07-29 17:17:30;SKU-022;1;12000;0;CARD
REC-20260729-STORE_01-0319;STORE_01;CASH-01;2026-07-29 17:17:30;SKU-020;4;12000;0;CARD
REC-20260729-STORE_01-0319;STORE_01;CASH-01;2026-07-29 17:17:30;SKU-002;1;12000;0;CASH
REC-20260729-STORE_01-0320;STORE_01;CASH-03;2026-07-29 12:48:48;SKU-001;1;45000;0;CARD
REC-20260729-STORE_01-0320;STORE_01;CASH-10;2026-07-29 12:48:48;SKU-001;2;45000;0;CASH
REC-20260729-STORE_01-0320;STORE_01;CASH-07;2026-07-29 12:48:48;SKU-003;4;45000;1000;CARD
REC-20260729-STORE_01-0321;STORE_01;CASH-01;2026-07-29 9:15:25;SKU-002;1;12000;0;CARD
REC-20260729-STORE_01-0322;STORE_01;CASH-06;2026-07-29 17:44:55;SKU-012;2;45000;0;CARD
REC-20260729-STORE_01-0322;STORE_01;CASH-01;2026-07-29 17:44:55;SKU-001;4;45000;0;CARD
REC-20260729-STORE_01-0322;STORE_01;CASH-01;2026-07-29 17:44:55;SKU-003;4;45000;0;CARD
REC-20260729-STORE_01-0322;STORE_01;CASH-03;2026-07-29 17:44:55;SKU-001;4;45000;0;CARD
REC-20260729-STORE_01-0322;STORE_01;CASH-01;2026-07-29 17:44:55;SKU-020;3;12000;0;CARD
REC-20260729-STORE_01-0323;STORE_01;CASH-08;2026-07-29 11:53:53;SKU-002;4;12000;500;CARD
REC-20260729-STORE_01-0323;STORE_01;CASH-04;2026-07-29 11:53:53;SKU-002;3;12000;1000;CASH
REC-20260729-STORE_01-0324;STORE_01;CASH-01;2026-07-29 13:41:37;SKU-001;3;45000;0;CARD
REC-20260729-STORE_01-0325;STORE_01;CASH-01;2026-07-29 16:12:45;SKU-001;4;45000;0;CARD
REC-20260729-STORE_01-0326;STORE_01;CASH-10;2026-07-29 16:35:52;SKU-017;1;12000;500;CARD
REC-20260729-STORE_01-0327;STORE_01;CASH-05;2026-07-29 11:16:33;SKU-030;2;45000;1000;CARD
REC-20260729-STORE_01-0327;STORE_01;CASH-01;2026-07-29 11:16:33;SKU-001;4;45000;500;CASH
REC-20260729-STORE_01-0327;STORE_01;CASH-06;2026-07-29 11:16:33;SKU-007;2;12000;0;CASH
REC-20260729-STORE_01-0328;STORE_01;CASH-05;2026-07-29 10:28:45;SKU-001;2;45000;0;CASH
REC-20260729-STORE_01-0328;STORE_01;CASH-05;2026-07-29 10:28:45;SKU-001;2;45000;0;CASH
REC-20260729-STORE_01-0328;STORE_01;CASH-04;2026-07-29 10:28:45;SKU-010;4;25000;0;CARD
REC-20260729-STORE_01-0328;STORE_01;CASH-01;2026-07-29 10:28:45;SKU-001;3;45000;0;CARD
REC-20260729-STORE_01-0329;STORE_01;CASH-08;2026-07-29 9:12:29;SKU-003;2;45000;0;CARD
REC-20260729-STORE_01-0329;STORE_01;CASH-10;2026-07-29 9:12:29;SKU-022;2;12000;0;CARD
REC-20260729-STORE_01-0329;STORE_01;CASH-02;2026-07-29 9:12:29;SKU-003;2;45000;0;CARD
REC-20260729-STORE_01-0329;STORE_01;CASH-02;2026-07-29 9:12:29;SKU-001;4;45000;0;CARD
REC-20260729-STORE_01-0329;STORE_01;CASH-04;2026-07-29 9:12:29;SKU-031;2;45000;500;CARD
REC-20260729-STORE_01-0330;STORE_01;CASH-06;2026-07-29 16:13:22;SKU-006;3;45000;0;CARD
REC-20260729-STORE_01-0330;STORE_01;CASH-06;2026-07-29 16:13:22;SKU-046;1;25000;500;CASH
REC-20260729-STORE_01-0330;STORE_01;CASH-09;2026-07-29 16:13:22;SKU-003;1;45000;1000;CASH
REC-20260729-STORE_01-0331;STORE_01;CASH-06;2026-07-29 8:30:19;SKU-005;1;5000;0;CARD
REC-20260729-STORE_01-0331;STORE_01;CASH-09;2026-07-29 8:30:19;SKU-004;4;25000;500;CARD
REC-20260729-STORE_01-0331;STORE_01;CASH-03;2026-07-29 8:30:19;SKU-018;4;5000;0;CARD
REC-20260729-STORE_01-0331;STORE_01;CASH-05;2026-07-29 8:30:19;SKU-002;1;12000;0;CARD
REC-20260729-STORE_01-0332;STORE_01;CASH-09;2026-07-29 18:47:48;SKU-007;1;12000;0;CARD
REC-20260729-STORE_01-0332;STORE_01;CASH-04;2026-07-29 18:47:48;SKU-006;1;45000;1000;CARD
REC-20260729-STORE_01-0332;STORE_01;CASH-05;2026-07-29 18:47:48;SKU-038;3;12000;1000;CASH
REC-20260729-STORE_01-0332;STORE_01;CASH-05;2026-07-29 18:47:48;SKU-048;2;25000;0;CARD
REC-20260729-STORE_01-0333;STORE_01;CASH-08;2026-07-29 9:34:34;SKU-003;1;45000;500;CARD
REC-20260729-STORE_01-0333;STORE_01;CASH-09;2026-07-29 9:34:34;SKU-004;3;25000;0;CASH
REC-20260729-STORE_01-0334;STORE_01;CASH-10;2026-07-29 9:19:52;SKU-046;3;25000;0;CARD
REC-20260729-STORE_01-0334;STORE_01;CASH-04;2026-07-29 9:19:52;SKU-008;4;12000;500;CARD
REC-20260729-STORE_01-0335;STORE_01;CASH-08;2026-07-29 11:09:14;SKU-015;1;5000;1000;CARD
REC-20260729-STORE_01-0335;STORE_01;CASH-09;2026-07-29 11:09:14;SKU-006;1;45000;0;CARD
REC-20260729-STORE_01-0335;STORE_01;CASH-08;2026-07-29 11:09:14;SKU-001;4;45000;1000;CASH
REC-20260729-STORE_01-0335;STORE_01;CASH-02;2026-07-29 11:09:14;SKU-023;4;45000;1000;CARD
REC-20260729-STORE_01-0335;STORE_01;CASH-07;2026-07-29 11:09:14;SKU-001;4;45000;0;CARD
REC-20260729-STORE_01-0336;STORE_01;CASH-04;2026-07-29 9:39:16;SKU-025;3;5000;1000;CASH
REC-20260729-STORE_01-0336;STORE_01;CASH-02;2026-07-29 9:39:16;SKU-004;2;25000;0;CARD
REC-20260729-STORE_01-0337;STORE_01;CASH-01;2026-07-29 16:24:30;SKU-016;4;25000;0;CARD
REC-20260729-STORE_01-0337;STORE_01;CASH-07;2026-07-29 16:24:30;SKU-005;3;5000;500;CARD
REC-20260729-STORE_01-0337;STORE_01;CASH-04;2026-07-29 16:24:30;SKU-002;4;12000;0;CARD
REC-20260729-STORE_01-0337;STORE_01;CASH-04;2026-07-29 16:24:30;SKU-007;1;12000;0;CASH
REC-20260729-STORE_01-0338;STORE_01;CASH-05;2026-07-29 9:30:44;SKU-023;3;45000;0;CARD
REC-20260729-STORE_01-0338;STORE_01;CASH-02;2026-07-29 9:30:44;SKU-004;4;25000;0;CARD
REC-20260729-STORE_01-0338;STORE_01;CASH-09;2026-07-29 9:30:44;SKU-015;4;5000;500;CARD
REC-20260729-STORE_01-0338;STORE_01;CASH-08;2026-07-29 9:30:44;SKU-002;4;12000;500;CARD
REC-20260729-STORE_01-0338;STORE_01;CASH-03;2026-07-29 9:30:44;SKU-034;2;25000;500;CASH
REC-20260729-STORE_01-0339;STORE_01;CASH-10;2026-07-29 17:21:04;SKU-001;2;45000;0;CASH
REC-20260729-STORE_01-0339;STORE_01;CASH-10;2026-07-29 17:21:04;SKU-006;4;45000;500;CASH
REC-20260729-STORE_01-0339;STORE_01;CASH-08;2026-07-29 17:21:04;SKU-003;4;45000;1000;CASH
REC-20260729-STORE_01-0339;STORE_01;CASH-10;2026-07-29 17:21:04;SKU-017;2;12000;0;CARD
REC-20260729-STORE_01-0339;STORE_01;CASH-08;2026-07-29 17:21:04;SKU-004;4;25000;1000;CARD
REC-20260729-STORE_01-0340;STORE_01;CASH-07;2026-07-29 16:31:06;SKU-013;3;12000;0;CARD
REC-20260729-STORE_01-0340;STORE_01;CASH-04;2026-07-29 16:31:06;SKU-026;1;12000;0;CARD
REC-20260729-STORE_01-0340;STORE_01;CASH-05;2026-07-29 16:31:06;SKU-006;3;45000;0;CARD
REC-20260729-STORE_01-0341;STORE_01;CASH-07;2026-07-29 10:18:52;SKU-013;1;12000;1000;CARD
REC-20260729-STORE_01-0342;STORE_01;CASH-04;2026-07-29 14:50:16;SKU-009;1;25000;500;CARD
REC-20260729-STORE_01-0342;STORE_01;CASH-08;2026-07-29 14:50:16;SKU-012;3;45000;0;CARD
REC-20260729-STORE_01-0342;STORE_01;CASH-04;2026-07-29 14:50:16;SKU-004;1;25000;0;CASH
REC-20260729-STORE_01-0342;STORE_01;CASH-08;2026-07-29 14:50:16;SKU-001;3;45000;500;CARD
REC-20260729-STORE_01-0343;STORE_01;CASH-10;2026-07-29 10:32:59;SKU-002;2;12000;500;CASH
REC-20260729-STORE_01-0343;STORE_01;CASH-02;2026-07-29 10:32:59;SKU-014;1;5000;0;CASH
REC-20260729-STORE_01-0343;STORE_01;CASH-09;2026-07-29 10:32:59;SKU-018;3;5000;0;CARD
REC-20260729-STORE_01-0343;STORE_01;CASH-07;2026-07-29 10:32:59;SKU-020;2;12000;0;CARD
REC-20260729-STORE_01-0343;STORE_01;CASH-08;2026-07-29 10:32:59;SKU-016;2;25000;0;CASH
REC-20260729-STORE_01-0344;STORE_01;CASH-09;2026-07-29 20:07:36;SKU-046;2;25000;0;CARD
REC-20260729-STORE_01-0344;STORE_01;CASH-02;2026-07-29 20:07:36;SKU-003;4;45000;500;CASH
REC-20260729-STORE_01-0344;STORE_01;CASH-08;2026-07-29 20:07:36;SKU-001;3;45000;0;CASH
REC-20260729-STORE_01-0344;STORE_01;CASH-09;2026-07-29 20:07:36;SKU-013;1;12000;0;CARD
REC-20260729-STORE_01-0344;STORE_01;CASH-08;2026-07-29 20:07:36;SKU-018;2;5000;0;CASH
REC-20260729-STORE_01-0345;STORE_01;CASH-03;2026-07-29 10:12:07;SKU-017;1;12000;500;CARD
REC-20260729-STORE_01-0345;STORE_01;CASH-06;2026-07-29 10:12:07;SKU-013;4;12000;0;CARD
REC-20260729-STORE_01-0345;STORE_01;CASH-10;2026-07-29 10:12:07;SKU-015;3;5000;0;CARD
REC-20260729-STORE_01-0345;STORE_01;CASH-04;2026-07-29 10:12:07;SKU-003;2;45000;1000;CARD
REC-20260729-STORE_01-0346;STORE_01;CASH-03;2026-07-29 15:54:16;SKU-005;3;5000;0;CARD
REC-20260729-STORE_01-0347;STORE_01;CASH-09;2026-07-29 20:44:44;SKU-023;3;45000;0;CARD
REC-20260729-STORE_01-0347;STORE_01;CASH-08;2026-07-29 20:44:44;SKU-039;3;5000;1000;CASH
REC-20260729-STORE_01-0347;STORE_01;CASH-02;2026-07-29 20:44:44;SKU-001;3;45000;1000;CARD
REC-20260729-STORE_01-0347;STORE_01;CASH-08;2026-07-29 20:44:44;SKU-005;2;5000;0;CASH
REC-20260729-STORE_01-0347;STORE_01;CASH-05;2026-07-29 20:44:44;SKU-003;2;45000;0;CARD
REC-20260729-STORE_01-0348;STORE_01;CASH-03;2026-07-29 10:08:53;SKU-010;1;25000;0;CARD
REC-20260729-STORE_01-0348;STORE_01;CASH-07;2026-07-29 10:08:53;SKU-035;4;5000;0;CARD
REC-20260729-STORE_01-0348;STORE_01;CASH-04;2026-07-29 10:08:53;SKU-024;1;12000;1000;CARD
REC-20260729-STORE_01-0348;STORE_01;CASH-10;2026-07-29 10:08:53;SKU-001;1;45000;500;CARD
REC-20260729-STORE_01-0348;STORE_01;CASH-03;2026-07-29 10:08:53;SKU-001;2;45000;0;CARD
REC-20260729-STORE_01-0349;STORE_01;CASH-09;2026-07-29 10:16:07;SKU-045;3;45000;0;CARD
REC-20260729-STORE_01-0349;STORE_01;CASH-03;2026-07-29 10:16:07;SKU-002;1;12000;0;CARD
REC-20260729-STORE_01-0350;STORE_01;CASH-10;2026-07-29 15:21:29;SKU-001;2;45000;0;CASH
REC-20260729-STORE_01-0350;STORE_01;CASH-06;2026-07-29 15:21:29;SKU-002;4;12000;500;CARD
REC-20260729-STORE_01-0350;STORE_01;CASH-06;2026-07-29 15:21:29;SKU-001;1;45000;0;CARD
REC-20260729-STORE_01-0351;STORE_01;CASH-05;2026-07-29 9:33:45;SKU-001;2;45000;1000;CARD
REC-20260729-STORE_01-0351;STORE_01;CASH-01;2026-07-29 9:33:45;SKU-007;2;12000;1000;CARD
REC-20260729-STORE_01-0352;STORE_01;CASH-06;2026-07-29 20:48:17;SKU-009;3;25000;1000;CARD
REC-20260729-STORE_01-0353;STORE_01;CASH-09;2026-07-29 13:12:35;SKU-002;2;12000;0;CARD
REC-20260729-STORE_01-0353;STORE_01;CASH-10;2026-07-29 13:12:35;SKU-023;3;45000;1000;CARD
REC-20260729-STORE_01-0353;STORE_01;CASH-06;2026-07-29 13:12:35;SKU-028;1;5000;0;CARD
REC-20260729-STORE_01-0353;STORE_01;CASH-04;2026-07-29 13:12:35;SKU-039;3;5000;500;CARD
REC-20260729-STORE_01-0353;STORE_01;CASH-06;2026-07-29 13:12:35;SKU-007;1;12000;1000;CARD
REC-20260729-STORE_01-0354;STORE_01;CASH-09;2026-07-29 19:43:11;SKU-010;2;25000;500;CARD
REC-20260729-STORE_01-0354;STORE_01;CASH-04;2026-07-29 19:43:11;SKU-001;2;45000;0;CARD
REC-20260729-STORE_01-0354;STORE_01;CASH-02;2026-07-29 19:43:11;SKU-035;1;5000;500;CARD
REC-20260729-STORE_01-0354;STORE_01;CASH-05;2026-07-29 19:43:11;SKU-029;1;5000;500;CASH
REC-20260729-STORE_01-0354;STORE_01;CASH-04;2026-07-29 19:43:11;SKU-018;2;5000;0;CARD
REC-20260729-STORE_01-0355;STORE_01;CASH-08;2026-07-29 9:57:32;SKU-001;2;45000;0;CASH
REC-20260729-STORE_01-0355;STORE_01;CASH-09;2026-07-29 9:57:32;SKU-001;4;45000;0;CASH
REC-20260729-STORE_01-0356;STORE_01;CASH-05;2026-07-29 19:59:19;SKU-005;4;5000;1000;CASH
REC-20260729-STORE_01-0356;STORE_01;CASH-03;2026-07-29 19:59:19;SKU-001;1;45000;0;CASH
REC-20260729-STORE_01-0356;STORE_01;CASH-02;2026-07-29 19:59:19;SKU-034;3;25000;0;CASH
REC-20260729-STORE_01-0356;STORE_01;CASH-05;2026-07-29 19:59:19;SKU-034;3;25000;0;CARD
REC-20260729-STORE_01-0356;STORE_01;CASH-01;2026-07-29 19:59:19;SKU-001;4;45000;0;CARD
REC-20260729-STORE_01-0357;STORE_01;CASH-09;2026-07-29 13:47:25;SKU-013;2;12000;500;CASH
REC-20260729-STORE_01-0357;STORE_01;CASH-01;2026-07-29 13:47:25;SKU-001;1;45000;0;CASH
REC-20260729-STORE_01-0358;STORE_01;CASH-09;2026-07-29 15:58:20;SKU-003;1;45000;0;CARD
REC-20260729-STORE_01-0358;STORE_01;CASH-10;2026-07-29 15:58:20;SKU-016;3;25000;0;CASH
REC-20260729-STORE_01-0359;STORE_01;CASH-09;2026-07-29 18:54:23;SKU-003;4;45000;0;CARD
REC-20260729-STORE_01-0359;STORE_01;CASH-03;2026-07-29 18:54:23;SKU-038;1;12000;500;CARD
REC-20260729-STORE_01-0359;STORE_01;CASH-07;2026-07-29 18:54:23;SKU-023;2;45000;0;CARD
REC-20260729-STORE_01-0359;STORE_01;CASH-03;2026-07-29 18:54:23;SKU-001;3;45000;0;CASH
REC-20260729-STORE_01-0360;STORE_01;CASH-09;2026-07-29 8:11:53;SKU-038;3;12000;0;CARD
REC-20260729-STORE_01-0360;STORE_01;CASH-05;2026-07-29 8:11:53;SKU-009;4;25000;0;CASH
REC-20260729-STORE_01-0360;STORE_01;CASH-01;2026-07-29 8:11:53;SKU-011;1;5000;1000;CARD
REC-20260729-STORE_01-0361;STORE_01;CASH-07;2026-07-29 21:41:31;SKU-008;1;12000;1000;CARD
REC-20260729-STORE_01-0361;STORE_01;CASH-09;2026-07-29 21:41:31;SKU-004;1;25000;1000;CASH
REC-20260729-STORE_01-0361;STORE_01;CASH-05;2026-07-29 21:41:31;SKU-006;3;45000;0;CARD
REC-20260729-STORE_01-0362;STORE_01;CASH-04;2026-07-29 10:18:59;SKU-012;1;45000;0;CARD
REC-20260729-STORE_01-0362;STORE_01;CASH-03;2026-07-29 10:18:59;SKU-001;2;45000;0;CARD
REC-20260729-STORE_01-0363;STORE_01;CASH-04;2026-07-29 9:07:01;SKU-003;2;45000;0;CARD
REC-20260729-STORE_01-0363;STORE_01;CASH-04;2026-07-29 9:07:01;SKU-045;3;45000;500;CASH
REC-20260729-STORE_01-0364;STORE_01;CASH-06;2026-07-29 21:27:19;SKU-004;4;25000;0;CASH
REC-20260729-STORE_01-0364;STORE_01;CASH-07;2026-07-29 21:27:19;SKU-010;2;25000;0;CARD
REC-20260729-STORE_01-0364;STORE_01;CASH-07;2026-07-29 21:27:19;SKU-018;2;5000;1000;CASH
REC-20260729-STORE_01-0364;STORE_01;CASH-08;2026-07-29 21:27:19;SKU-008;3;12000;0;CASH
REC-20260729-STORE_01-0364;STORE_01;CASH-10;2026-07-29 21:27:19;SKU-002;2;12000;0;CARD
REC-20260729-STORE_01-0365;STORE_01;CASH-06;2026-07-29 9:26:59;SKU-015;2;5000;0;CARD
REC-20260729-STORE_01-0365;STORE_01;CASH-05;2026-07-29 9:26:59;SKU-005;3;5000;0;CASH
REC-20260729-STORE_01-0365;STORE_01;CASH-03;2026-07-29 9:26:59;SKU-002;1;12000;0;CARD
REC-20260729-STORE_01-0365;STORE_01;CASH-03;2026-07-29 9:26:59;SKU-001;2;45000;1000;CASH
REC-20260729-STORE_01-0365;STORE_01;CASH-02;2026-07-29 9:26:59;SKU-003;4;45000;0;CARD
REC-20260729-STORE_01-0366;STORE_01;CASH-05;2026-07-29 20:01:08;SKU-004;2;25000;0;CASH
REC-20260729-STORE_01-0367;STORE_01;CASH-09;2026-07-29 16:21:20;SKU-001;1;45000;1000;CARD
REC-20260729-STORE_01-0367;STORE_01;CASH-06;2026-07-29 16:21:20;SKU-003;4;45000;0;CARD
REC-20260729-STORE_01-0367;STORE_01;CASH-07;2026-07-29 16:21:20;SKU-008;1;12000;0;CASH
REC-20260729-STORE_01-0368;STORE_01;CASH-02;2026-07-29 8:52:16;SKU-001;3;45000;0;CARD
REC-20260729-STORE_01-0368;STORE_01;CASH-04;2026-07-29 8:52:16;SKU-005;4;5000;1000;CARD
REC-20260729-STORE_01-0368;STORE_01;CASH-02;2026-07-29 8:52:16;SKU-001;3;45000;500;CASH
REC-20260729-STORE_01-0368;STORE_01;CASH-09;2026-07-29 8:52:16;SKU-001;2;45000;500;CARD
REC-20260729-STORE_01-0369;STORE_01;CASH-10;2026-07-29 10:05:00;SKU-049;1;5000;500;CASH
REC-20260729-STORE_01-0369;STORE_01;CASH-08;2026-07-29 10:05:00;SKU-007;2;12000;0;CARD
REC-20260729-STORE_01-0369;STORE_01;CASH-03;2026-07-29 10:05:00;SKU-029;3;5000;0;CASH
REC-20260729-STORE_01-0369;STORE_01;CASH-08;2026-07-29 10:05:00;SKU-001;1;45000;0;CASH
REC-20260729-STORE_01-0369;STORE_01;CASH-04;2026-07-29 10:05:00;SKU-046;4;25000;1000;CARD
REC-20260729-STORE_01-0370;STORE_01;CASH-06;2026-07-29 11:43:20;SKU-026;3;12000;0;CARD
REC-20260729-STORE_01-0371;STORE_01;CASH-08;2026-07-29 12:34:06;SKU-001;2;45000;0;CASH
REC-20260729-STORE_01-0371;STORE_01;CASH-01;2026-07-29 12:34:06;SKU-001;2;45000;0;CASH
REC-20260729-STORE_01-0371;STORE_01;CASH-01;2026-07-29 12:34:06;SKU-002;3;12000;500;CARD
REC-20260729-STORE_01-0371;STORE_01;CASH-09;2026-07-29 12:34:06;SKU-003;4;45000;0;CASH
REC-20260729-STORE_01-0371;STORE_01;CASH-10;2026-07-29 12:34:06;SKU-004;3;25000;0;CARD
REC-20260729-STORE_01-0372;STORE_01;CASH-04;2026-07-29 10:23:21;SKU-007;4;12000;0;CASH
REC-20260729-STORE_01-0372;STORE_01;CASH-09;2026-07-29 10:23:21;SKU-004;3;25000;500;CASH
REC-20260729-STORE_01-0372;STORE_01;CASH-03;2026-07-29 10:23:21;SKU-011;1;5000;0;CARD
REC-20260729-STORE_01-0372;STORE_01;CASH-03;2026-07-29 10:23:21;SKU-013;1;12000;0;CASH
REC-20260729-STORE_01-0373;STORE_01;CASH-02;2026-07-29 14:19:46;SKU-002;1;12000;1000;CARD
REC-20260729-STORE_01-0373;STORE_01;CASH-04;2026-07-29 14:19:46;SKU-004;3;25000;0;CASH
REC-20260729-STORE_01-0373;STORE_01;CASH-05;2026-07-29 14:19:46;SKU-012;4;45000;0;CASH
REC-20260729-STORE_01-0373;STORE_01;CASH-05;2026-07-29 14:19:46;SKU-007;3;12000;0;CARD
REC-20260729-STORE_01-0373;STORE_01;CASH-10;2026-07-29 14:19:46;SKU-001;2;45000;0;CARD
REC-20260729-STORE_01-0374;STORE_01;CASH-02;2026-07-29 19:31:11;SKU-026;1;12000;0;CASH
REC-20260729-STORE_01-0374;STORE_01;CASH-07;2026-07-29 19:31:11;SKU-001;3;45000;0;CARD
REC-20260729-STORE_01-0374;STORE_01;CASH-08;2026-07-29 19:31:11;SKU-027;4;5000;500;CARD
REC-20260729-STORE_01-0375;STORE_01;CASH-04;2026-07-29 15:21:08;SKU-003;1;45000;1000;CARD
REC-20260729-STORE_01-0375;STORE_01;CASH-03;2026-07-29 15:21:08;SKU-004;4;25000;500;CASH
REC-20260729-STORE_01-0375;STORE_01;CASH-04;2026-07-29 15:21:08;SKU-001;1;45000;0;CARD
REC-20260729-STORE_01-0376;STORE_01;CASH-05;2026-07-29 16:18:11;SKU-045;3;45000;0;CASH
REC-20260729-STORE_01-0376;STORE_01;CASH-09;2026-07-29 16:18:11;SKU-001;1;45000;0;CASH
REC-20260729-STORE_01-0376;STORE_01;CASH-08;2026-07-29 16:18:11;SKU-012;4;45000;0;CASH
REC-20260729-STORE_01-0377;STORE_01;CASH-09;2026-07-29 21:19:28;SKU-004;1;25000;0;CARD
REC-20260729-STORE_01-0377;STORE_01;CASH-01;2026-07-29 21:19:28;SKU-003;2;45000;0;CARD
REC-20260729-STORE_01-0377;STORE_01;CASH-02;2026-07-29 21:19:28;SKU-010;1;25000;0;CASH
REC-20260729-STORE_01-0377;STORE_01;CASH-08;2026-07-29 21:19:28;SKU-004;2;25000;0;CARD
REC-20260729-STORE_01-0377;STORE_01;CASH-10;2026-07-29 21:19:28;SKU-001;1;45000;0;CARD
REC-20260729-STORE_01-0378;STORE_01;CASH-06;2026-07-29 15:00:03;SKU-001;2;45000;0;CARD
REC-20260729-STORE_01-0379;STORE_01;CASH-03;2026-07-29 19:57:43;SKU-005;2;5000;1000;CASH
REC-20260729-STORE_01-0379;STORE_01;CASH-07;2026-07-29 19:57:43;SKU-002;4;12000;1000;CARD
REC-20260729-STORE_01-0379;STORE_01;CASH-08;2026-07-29 19:57:43;SKU-018;3;5000;1000;CASH
REC-20260729-STORE_01-0379;STORE_01;CASH-10;2026-07-29 19:57:43;SKU-002;3;12000;0;CARD
REC-20260729-STORE_01-0380;STORE_01;CASH-06;2026-07-29 16:24:37;SKU-001;2;45000;500;CARD
REC-20260729-STORE_01-0380;STORE_01;CASH-08;2026-07-29 16:24:37;SKU-001;2;45000;1000;CARD
REC-20260729-STORE_01-0380;STORE_01;CASH-04;2026-07-29 16:24:37;SKU-006;3;45000;0;CARD
REC-20260729-STORE_01-0381;STORE_01;CASH-10;2026-07-29 14:53:33;SKU-003;1;45000;1000;CASH
REC-20260729-STORE_01-0381;STORE_01;CASH-06;2026-07-29 14:53:33;SKU-035;4;5000;500;CARD
REC-20260729-STORE_01-0381;STORE_01;CASH-04;2026-07-29 14:53:33;SKU-037;4;45000;1000;CARD
REC-20260729-STORE_01-0381;STORE_01;CASH-07;2026-07-29 14:53:33;SKU-001;1;45000;0;CARD
REC-20260729-STORE_01-0381;STORE_01;CASH-10;2026-07-29 14:53:33;SKU-001;3;45000;0;CASH
REC-20260729-STORE_01-0382;STORE_01;CASH-01;2026-07-29 15:52:34;SKU-006;3;45000;0;CARD
REC-20260729-STORE_01-0382;STORE_01;CASH-05;2026-07-29 15:52:34;SKU-007;2;12000;0;CARD
REC-20260729-STORE_01-0383;STORE_01;CASH-10;2026-07-29 19:05:31;SKU-008;3;12000;1000;CARD
REC-20260729-STORE_01-0384;STORE_01;CASH-01;2026-07-29 8:49:36;SKU-001;1;45000;0;CARD
REC-20260729-STORE_01-0384;STORE_01;CASH-02;2026-07-29 8:49:36;SKU-005;1;5000;1000;CARD
REC-20260729-STORE_01-0384;STORE_01;CASH-05;2026-07-29 8:49:36;SKU-005;4;5000;0;CARD
REC-20260729-STORE_01-0384;STORE_01;CASH-03;2026-07-29 8:49:36;SKU-001;3;45000;1000;CASH
REC-20260729-STORE_01-0384;STORE_01;CASH-03;2026-07-29 8:49:36;SKU-023;1;45000;0;CARD
REC-20260729-STORE_01-0385;STORE_01;CASH-08;2026-07-29 21:22:40;SKU-007;4;12000;500;CARD
REC-20260729-STORE_01-0385;STORE_01;CASH-01;2026-07-29 21:22:40;SKU-001;1;45000;0;CASH
REC-20260729-STORE_01-0385;STORE_01;CASH-10;2026-07-29 21:22:40;SKU-039;2;5000;0;CARD
REC-20260729-STORE_01-0385;STORE_01;CASH-08;2026-07-29 21:22:40;SKU-012;2;45000;0;CASH
REC-20260729-STORE_01-0385;STORE_01;CASH-04;2026-07-29 21:22:40;SKU-016;3;25000;0;CARD
REC-20260729-STORE_01-0386;STORE_01;CASH-04;2026-07-29 11:34:45;SKU-002;1;12000;0;CASH
REC-20260729-STORE_01-0386;STORE_01;CASH-03;2026-07-29 11:34:45;SKU-031;1;45000;0;CARD
REC-20260729-STORE_01-0387;STORE_01;CASH-03;2026-07-29 8:10:22;SKU-021;3;5000;500;CARD
REC-20260729-STORE_01-0387;STORE_01;CASH-09;2026-07-29 8:10:22;SKU-002;2;12000;1000;CARD
REC-20260729-STORE_01-0387;STORE_01;CASH-06;2026-07-29 8:10:22;SKU-002;4;12000;0;CARD
REC-20260729-STORE_01-0387;STORE_01;CASH-03;2026-07-29 8:10:22;SKU-002;1;12000;0;CASH
REC-20260729-STORE_01-0388;STORE_01;CASH-03;2026-07-29 18:00:56;SKU-009;3;25000;500;CASH
REC-20260729-STORE_01-0388;STORE_01;CASH-02;2026-07-29 18:00:56;SKU-046;4;25000;0;CASH
REC-20260729-STORE_01-0389;STORE_01;CASH-09;2026-07-29 15:08:37;SKU-010;4;25000;0;CASH
REC-20260729-STORE_01-0389;STORE_01;CASH-10;2026-07-29 15:08:37;SKU-001;4;45000;1000;CASH
REC-20260729-STORE_01-0389;STORE_01;CASH-10;2026-07-29 15:08:37;SKU-008;2;12000;500;CARD
REC-20260729-STORE_01-0389;STORE_01;CASH-08;2026-07-29 15:08:37;SKU-014;1;5000;0;CARD
REC-20260729-STORE_01-0389;STORE_01;CASH-03;2026-07-29 15:08:37;SKU-005;2;5000;500;CARD
REC-20260729-STORE_01-0390;STORE_01;CASH-04;2026-07-29 10:40:43;SKU-003;1;45000;1000;CARD
REC-20260729-STORE_01-0390;STORE_01;CASH-04;2026-07-29 10:40:43;SKU-006;2;45000;0;CASH
REC-20260729-STORE_01-0390;STORE_01;CASH-10;2026-07-29 10:40:43;SKU-002;4;12000;0;CARD
REC-20260729-STORE_01-0390;STORE_01;CASH-01;2026-07-29 10:40:43;SKU-001;3;45000;1000;CASH
REC-20260729-STORE_01-0391;STORE_01;CASH-08;2026-07-29 12:17:30;SKU-027;2;5000;500;CASH
REC-20260729-STORE_01-0391;STORE_01;CASH-09;2026-07-29 12:17:30;SKU-001;3;45000;0;CASH
REC-20260729-STORE_01-0391;STORE_01;CASH-07;2026-07-29 12:17:30;SKU-001;2;45000;0;CASH
REC-20260729-STORE_01-0391;STORE_01;CASH-02;2026-07-29 12:17:30;SKU-030;1;45000;500;CARD
REC-20260729-STORE_01-0392;STORE_01;CASH-05;2026-07-29 19:52:08;SKU-001;2;45000;0;CARD
REC-20260729-STORE_01-0393;STORE_01;CASH-03;2026-07-29 9:14:39;SKU-002;1;12000;0;CASH
REC-20260729-STORE_01-0394;STORE_01;CASH-04;2026-07-29 15:14:33;SKU-004;2;25000;0;CASH
REC-20260729-STORE_01-0395;STORE_01;CASH-02;2026-07-29 17:31:14;SKU-002;2;12000;0;CASH
REC-20260729-STORE_01-0395;STORE_01;CASH-03;2026-07-29 17:31:14;SKU-043;4;25000;1000;CARD
REC-20260729-STORE_01-0395;STORE_01;CASH-10;2026-07-29 17:31:14;SKU-027;3;5000;0;CASH
REC-20260729-STORE_01-0395;STORE_01;CASH-07;2026-07-29 17:31:14;SKU-032;3;25000;0;CARD
REC-20260729-STORE_01-0396;STORE_01;CASH-05;2026-07-29 14:08:29;SKU-009;4;25000;0;CARD
REC-20260729-STORE_01-0396;STORE_01;CASH-04;2026-07-29 14:08:29;SKU-028;4;5000;0;CASH
REC-20260729-STORE_01-0397;STORE_01;CASH-05;2026-07-29 13:05:18;SKU-027;3;5000;1000;CARD
REC-20260729-STORE_01-0397;STORE_01;CASH-09;2026-07-29 13:05:18;SKU-003;2;45000;500;CARD
REC-20260729-STORE_01-0397;STORE_01;CASH-01;2026-07-29 13:05:18;SKU-016;4;25000;1000;CASH
REC-20260729-STORE_01-0398;STORE_01;CASH-07;2026-07-29 18:59:59;SKU-027;4;5000;1000;CARD
REC-20260729-STORE_01-0398;STORE_01;CASH-09;2026-07-29 18:59:59;SKU-006;3;45000;1000;CARD
REC-20260729-STORE_01-0398;STORE_01;CASH-01;2026-07-29 18:59:59;SKU-005;2;5000;0;CARD
REC-20260729-STORE_01-0398;STORE_01;CASH-02;2026-07-29 18:59:59;SKU-010;1;25000;0;CARD
REC-20260729-STORE_01-0398;STORE_01;CASH-09;2026-07-29 18:59:59;SKU-002;3;12000;0;CASH
REC-20260729-STORE_01-0399;STORE_01;CASH-06;2026-07-29 10:38:59;SKU-018;1;5000;0;CARD
REC-20260729-STORE_01-0400;STORE_01;CASH-10;2026-07-29 16:36:16;SKU-005;1;5000;1000;CASH
REC-20260729-STORE_01-0400;STORE_01;CASH-07;2026-07-29 16:36:16;SKU-041;1;25000;0;CARD
REC-20260729-STORE_01-0400;STORE_01;CASH-07;2026-07-29 16:36:16;SKU-001;1;45000;0;CASH
REC-20260729-STORE_01-0400;STORE_01;CASH-08;2026-07-29 16:36:16;SKU-002;4;12000;1000;CASH
REC-20260729-STORE_01-0401;STORE_01;CASH-01;2026-07-29 11:28:55;SKU-034;4;25000;500;CARD
REC-20260729-STORE_01-0401;STORE_01;CASH-04;2026-07-29 11:28:55;SKU-001;4;45000;0;CASH
REC-20260729-STORE_01-0401;STORE_01;CASH-04;2026-07-29 11:28:55;SKU-006;3;45000;0;CARD
REC-20260729-STORE_01-0402;STORE_01;CASH-02;2026-07-29 19:46:38;SKU-044;4;5000;500;CARD
REC-20260729-STORE_01-0402;STORE_01;CASH-05;2026-07-29 19:46:38;SKU-006;2;45000;1000;CASH
REC-20260729-STORE_01-0403;STORE_01;CASH-03;2026-07-29 10:43:06;SKU-023;4;45000;0;CASH
REC-20260729-STORE_01-0403;STORE_01;CASH-04;2026-07-29 10:43:06;SKU-029;1;5000;500;CARD
REC-20260729-STORE_01-0404;STORE_01;CASH-08;2026-07-29 13:28:07;SKU-007;1;12000;1000;CARD
REC-20260729-STORE_01-0404;STORE_01;CASH-06;2026-07-29 13:28:07;SKU-001;1;45000;0;CARD
REC-20260729-STORE_01-0404;STORE_01;CASH-09;2026-07-29 13:28:07;SKU-012;2;45000;0;CARD
REC-20260729-STORE_01-0404;STORE_01;CASH-08;2026-07-29 13:28:07;SKU-014;2;5000;0;CASH
REC-20260729-STORE_01-0405;STORE_01;CASH-05;2026-07-29 19:55:51;SKU-002;2;12000;0;CARD
REC-20260729-STORE_01-0405;STORE_01;CASH-09;2026-07-29 19:55:51;SKU-001;2;45000;0;CARD
REC-20260729-STORE_01-0405;STORE_01;CASH-06;2026-07-29 19:55:51;SKU-007;2;12000;0;CARD
REC-20260729-STORE_01-0405;STORE_01;CASH-03;2026-07-29 19:55:51;SKU-001;3;45000;0;CARD
REC-20260729-STORE_01-0405;STORE_01;CASH-03;2026-07-29 19:55:51;SKU-004;3;25000;1000;CARD
REC-20260729-STORE_01-0406;STORE_01;CASH-06;2026-07-29 16:23:07;SKU-001;4;45000;0;CASH
REC-20260729-STORE_01-0406;STORE_01;CASH-02;2026-07-29 16:23:07;SKU-036;2;45000;0;CARD
REC-20260729-STORE_01-0406;STORE_01;CASH-07;2026-07-29 16:23:07;SKU-002;2;12000;0;CASH
REC-20260729-STORE_01-0406;STORE_01;CASH-05;2026-07-29 16:23:07;SKU-003;4;45000;1000;CARD
REC-20260729-STORE_01-0407;STORE_01;CASH-03;2026-07-29 18:49:43;SKU-029;2;5000;0;CASH
REC-20260729-STORE_01-0407;STORE_01;CASH-01;2026-07-29 18:49:43;SKU-007;3;12000;0;CASH
REC-20260729-STORE_01-0407;STORE_01;CASH-08;2026-07-29 18:49:43;SKU-008;3;12000;1000;CARD
REC-20260729-STORE_01-0408;STORE_01;CASH-06;2026-07-29 20:09:49;SKU-001;2;45000;0;CARD
REC-20260729-STORE_01-0408;STORE_01;CASH-06;2026-07-29 20:09:49;SKU-032;3;25000;1000;CASH
REC-20260729-STORE_01-0409;STORE_01;CASH-09;2026-07-29 20:19:09;SKU-006;2;45000;1000;CARD
REC-20260729-STORE_01-0409;STORE_01;CASH-01;2026-07-29 20:19:09;SKU-001;2;45000;0;CASH
REC-20260729-STORE_01-0410;STORE_01;CASH-03;2026-07-29 21:02:15;SKU-001;1;45000;500;CARD
REC-20260729-STORE_01-0410;STORE_01;CASH-06;2026-07-29 21:02:15;SKU-010;1;25000;1000;CARD
REC-20260729-STORE_01-0410;STORE_01;CASH-10;2026-07-29 21:02:15;SKU-049;3;5000;0;CARD
REC-20260729-STORE_01-0411;STORE_01;CASH-07;2026-07-29 21:04:26;SKU-031;2;45000;0;CASH
REC-20260729-STORE_01-0411;STORE_01;CASH-01;2026-07-29 21:04:26;SKU-044;1;5000;0;CARD
REC-20260729-STORE_01-0411;STORE_01;CASH-08;2026-07-29 21:04:26;SKU-009;1;25000;0;CARD
REC-20260729-STORE_01-0411;STORE_01;CASH-02;2026-07-29 21:04:26;SKU-001;1;45000;0;CARD
REC-20260729-STORE_01-0412;STORE_01;CASH-04;2026-07-29 9:54:59;SKU-002;3;12000;0;CASH
REC-20260729-STORE_01-0412;STORE_01;CASH-01;2026-07-29 9:54:59;SKU-026;2;12000;500;CASH
REC-20260729-STORE_01-0412;STORE_01;CASH-08;2026-07-29 9:54:59;SKU-002;2;12000;0;CARD
REC-20260729-STORE_01-0412;STORE_01;CASH-10;2026-07-29 9:54:59;SKU-001;4;45000;0;CARD
REC-20260729-STORE_01-0413;STORE_01;CASH-02;2026-07-29 17:15:05;SKU-002;2;12000;0;CARD
REC-20260729-STORE_01-0413;STORE_01;CASH-04;2026-07-29 17:15:05;SKU-002;4;12000;0;CARD
REC-20260729-STORE_01-0413;STORE_01;CASH-10;2026-07-29 17:15:05;SKU-032;2;25000;0;CASH
REC-20260729-STORE_01-0414;STORE_01;CASH-03;2026-07-29 16:11:59;SKU-002;2;12000;0;CASH
REC-20260729-STORE_01-0414;STORE_01;CASH-07;2026-07-29 16:11:59;SKU-014;2;5000;0;CARD
REC-20260729-STORE_01-0415;STORE_01;CASH-04;2026-07-29 19:47:51;SKU-015;3;5000;0;CARD
REC-20260729-STORE_01-0415;STORE_01;CASH-09;2026-07-29 19:47:51;SKU-002;1;12000;1000;CASH
REC-20260729-STORE_01-0415;STORE_01;CASH-09;2026-07-29 19:47:51;SKU-007;2;12000;0;CASH
REC-20260729-STORE_01-0416;STORE_01;CASH-09;2026-07-29 12:45:57;SKU-001;3;45000;500;CARD
REC-20260729-STORE_01-0417;STORE_01;CASH-08;2026-07-29 8:36:16;SKU-021;1;5000;0;CARD
REC-20260729-STORE_01-0417;STORE_01;CASH-02;2026-07-29 8:36:16;SKU-026;4;12000;1000;CASH
REC-20260729-STORE_01-0417;STORE_01;CASH-04;2026-07-29 8:36:16;SKU-001;4;45000;0;CASH
REC-20260729-STORE_01-0417;STORE_01;CASH-01;2026-07-29 8:36:16;SKU-012;3;45000;0;CASH
REC-20260729-STORE_01-0418;STORE_01;CASH-01;2026-07-29 16:16:24;SKU-004;1;25000;0;CARD
REC-20260729-STORE_01-0418;STORE_01;CASH-01;2026-07-29 16:16:24;SKU-030;3;45000;0;CASH
REC-20260729-STORE_01-0418;STORE_01;CASH-03;2026-07-29 16:16:24;SKU-009;1;25000;0;CARD
REC-20260729-STORE_01-0418;STORE_01;CASH-07;2026-07-29 16:16:24;SKU-014;3;5000;1000;CARD
REC-20260729-STORE_01-0418;STORE_01;CASH-01;2026-07-29 16:16:24;SKU-006;3;45000;0;CARD
REC-20260729-STORE_01-0419;STORE_01;CASH-10;2026-07-29 17:43:27;SKU-019;3;25000;1000;CASH
REC-20260729-STORE_01-0420;STORE_01;CASH-02;2026-07-29 11:18:12;SKU-031;2;45000;0;CARD
REC-20260729-STORE_01-0420;STORE_01;CASH-06;2026-07-29 11:18:12;SKU-010;3;25000;500;CARD
REC-20260729-STORE_01-0420;STORE_01;CASH-04;2026-07-29 11:18:12;SKU-004;4;25000;500;CARD
REC-20260729-STORE_01-0421;STORE_01;CASH-05;2026-07-29 16:40:43;SKU-008;4;12000;0;CASH
REC-20260729-STORE_01-0421;STORE_01;CASH-09;2026-07-29 16:40:43;SKU-024;3;12000;500;CARD
REC-20260729-STORE_01-0421;STORE_01;CASH-07;2026-07-29 16:40:43;SKU-011;2;5000;0;CARD
REC-20260729-STORE_01-0422;STORE_01;CASH-08;2026-07-29 18:14:08;SKU-001;1;45000;1000;CARD
REC-20260729-STORE_01-0422;STORE_01;CASH-08;2026-07-29 18:14:08;SKU-016;4;25000;1000;CASH
REC-20260729-STORE_01-0423;STORE_01;CASH-10;2026-07-29 20:35:00;SKU-003;1;45000;1000;CARD
REC-20260729-STORE_01-0424;STORE_01;CASH-01;2026-07-29 15:53:35;SKU-003;1;45000;0;CARD
REC-20260729-STORE_01-0425;STORE_01;CASH-04;2026-07-29 18:06:01;SKU-028;2;5000;0;CARD
REC-20260729-STORE_01-0425;STORE_01;CASH-03;2026-07-29 18:06:01;SKU-005;2;5000;1000;CARD
REC-20260729-STORE_01-0425;STORE_01;CASH-01;2026-07-29 18:06:01;SKU-017;1;12000;500;CASH
REC-20260729-STORE_01-0426;STORE_01;CASH-02;2026-07-29 20:36:11;SKU-003;2;45000;0;CASH
REC-20260729-STORE_01-0426;STORE_01;CASH-03;2026-07-29 20:36:11;SKU-001;2;45000;0;CARD
REC-20260729-STORE_01-0426;STORE_01;CASH-10;2026-07-29 20:36:11;SKU-032;1;25000;1000;CARD
REC-20260729-STORE_01-0427;STORE_01;CASH-10;2026-07-29 10:48:03;SKU-023;4;45000;0;CASH
REC-20260729-STORE_01-0427;STORE_01;CASH-08;2026-07-29 10:48:03;SKU-002;4;12000;500;CARD
REC-20260729-STORE_01-0427;STORE_01;CASH-01;2026-07-29 10:48:03;SKU-011;1;5000;1000;CARD
REC-20260729-STORE_01-0427;STORE_01;CASH-02;2026-07-29 10:48:03;SKU-008;2;12000;0;CASH
REC-20260729-STORE_01-0428;STORE_01;CASH-01;2026-07-29 9:42:34;SKU-008;2;12000;0;CARD
REC-20260729-STORE_01-0428;STORE_01;CASH-04;2026-07-29 9:42:34;SKU-001;3;45000;1000;CARD
REC-20260729-STORE_01-0428;STORE_01;CASH-08;2026-07-29 9:42:34;SKU-001;4;45000;500;CARD
REC-20260729-STORE_01-0428;STORE_01;CASH-10;2026-07-29 9:42:34;SKU-002;4;12000;0;CASH
REC-20260729-STORE_01-0429;STORE_01;CASH-01;2026-07-29 13:56:57;SKU-001;3;45000;0;CASH
REC-20260729-STORE_01-0430;STORE_01;CASH-08;2026-07-29 8:48:17;SKU-004;1;25000;0;CASH
REC-20260729-STORE_01-0430;STORE_01;CASH-10;2026-07-29 8:48:17;SKU-024;4;12000;0;CARD
REC-20260729-STORE_01-0430;STORE_01;CASH-07;2026-07-29 8:48:17;SKU-004;4;25000;0;CASH
REC-20260729-STORE_01-0430;STORE_01;CASH-02;2026-07-29 8:48:17;SKU-011;3;5000;0;CASH
REC-20260729-STORE_01-0430;STORE_01;CASH-04;2026-07-29 8:48:17;SKU-002;4;12000;500;CARD
REC-20260729-STORE_01-0431;STORE_01;CASH-05;2026-07-29 8:35:01;SKU-001;4;45000;500;CARD
REC-20260729-STORE_01-0432;STORE_01;CASH-07;2026-07-29 12:59:15;SKU-003;1;45000;1000;CARD
REC-20260729-STORE_01-0432;STORE_01;CASH-04;2026-07-29 12:59:15;SKU-008;4;12000;1000;CASH
REC-20260729-STORE_01-0432;STORE_01;CASH-07;2026-07-29 12:59:15;SKU-012;1;45000;0;CASH
REC-20260729-STORE_01-0432;STORE_01;CASH-06;2026-07-29 12:59:15;SKU-013;4;12000;0;CARD
REC-20260729-STORE_01-0432;STORE_01;CASH-07;2026-07-29 12:59:15;SKU-009;4;25000;500;CARD
REC-20260729-STORE_01-0433;STORE_01;CASH-09;2026-07-29 12:16:08;SKU-001;3;45000;500;CARD
REC-20260729-STORE_01-0433;STORE_01;CASH-06;2026-07-29 12:16:08;SKU-001;4;45000;0;CARD
REC-20260729-STORE_01-0433;STORE_01;CASH-05;2026-07-29 12:16:08;SKU-001;4;45000;500;CARD
REC-20260729-STORE_01-0434;STORE_01;CASH-10;2026-07-29 21:23:23;SKU-002;4;12000;0;CASH
REC-20260729-STORE_01-0434;STORE_01;CASH-03;2026-07-29 21:23:23;SKU-016;2;25000;0;CARD
REC-20260729-STORE_01-0434;STORE_01;CASH-09;2026-07-29 21:23:23;SKU-011;1;5000;1000;CASH
REC-20260729-STORE_01-0434;STORE_01;CASH-09;2026-07-29 21:23:23;SKU-017;4;12000;0;CARD
REC-20260729-STORE_01-0434;STORE_01;CASH-10;2026-07-29 21:23:23;SKU-002;4;12000;0;CARD
REC-20260729-STORE_01-0435;STORE_01;CASH-05;2026-07-29 9:57:27;SKU-001;1;45000;1000;CASH
REC-20260729-STORE_01-0435;STORE_01;CASH-09;2026-07-29 9:57:27;SKU-003;3;45000;500;CASH
REC-20260729-STORE_01-0435;STORE_01;CASH-07;2026-07-29 9:57:27;SKU-004;2;25000;0;CASH
REC-20260729-STORE_01-0435;STORE_01;CASH-06;2026-07-29 9:57:27;SKU-002;2;12000;500;CASH
REC-20260729-STORE_01-0436;STORE_01;CASH-07;2026-07-29 15:38:38;SKU-034;4;25000;1000;CARD
REC-20260729-STORE_01-0436;STORE_01;CASH-05;2026-07-29 15:38:38;SKU-009;1;25000;500;CARD
REC-20260729-STORE_01-0436;STORE_01;CASH-03;2026-07-29 15:38:38;SKU-001;4;45000;1000;CASH
REC-20260729-STORE_01-0437;STORE_01;CASH-06;2026-07-29 8:18:11;SKU-017;3;12000;0;CARD
REC-20260729-STORE_01-0437;STORE_01;CASH-10;2026-07-29 8:18:11;SKU-004;2;25000;1000;CARD
REC-20260729-STORE_01-0437;STORE_01;CASH-07;2026-07-29 8:18:11;SKU-027;3;5000;500;CASH
REC-20260729-STORE_01-0437;STORE_01;CASH-10;2026-07-29 8:18:11;SKU-004;2;25000;500;CARD
REC-20260729-STORE_01-0437;STORE_01;CASH-05;2026-07-29 8:18:11;SKU-010;3;25000;1000;CARD
REC-20260729-STORE_01-0438;STORE_01;CASH-08;2026-07-29 21:47:53;SKU-001;3;45000;500;CASH
REC-20260729-STORE_01-0438;STORE_01;CASH-02;2026-07-29 21:47:53;SKU-006;1;45000;0;CARD
REC-20260729-STORE_01-0438;STORE_01;CASH-02;2026-07-29 21:47:53;SKU-001;1;45000;0;CARD
REC-20260729-STORE_01-0438;STORE_01;CASH-05;2026-07-29 21:47:53;SKU-027;3;5000;0;CARD
REC-20260729-STORE_01-0438;STORE_01;CASH-02;2026-07-29 21:47:53;SKU-001;4;45000;0;CASH
REC-20260729-STORE_01-0439;STORE_01;CASH-07;2026-07-29 11:50:45;SKU-003;4;45000;1000;CARD
REC-20260729-STORE_01-0439;STORE_01;CASH-07;2026-07-29 11:50:45;SKU-048;1;25000;500;CARD
REC-20260729-STORE_01-0440;STORE_01;CASH-01;2026-07-29 10:16:19;SKU-012;4;45000;0;CASH
REC-20260729-STORE_01-0440;STORE_01;CASH-08;2026-07-29 10:16:19;SKU-001;1;45000;0;CASH
REC-20260729-STORE_01-0441;STORE_01;CASH-07;2026-07-29 14:02:34;SKU-007;4;12000;0;CASH
REC-20260729-STORE_01-0441;STORE_01;CASH-10;2026-07-29 14:02:34;SKU-001;1;45000;0;CARD
REC-20260729-STORE_01-0441;STORE_01;CASH-10;2026-07-29 14:02:34;SKU-001;2;45000;0;CARD
REC-20260729-STORE_01-0442;STORE_01;CASH-06;2026-07-29 16:25:35;SKU-022;2;12000;0;CASH
REC-20260729-STORE_01-0442;STORE_01;CASH-05;2026-07-29 16:25:35;SKU-007;4;12000;0;CASH
REC-20260729-STORE_01-0442;STORE_01;CASH-04;2026-07-29 16:25:35;SKU-023;1;45000;0;CARD
REC-20260729-STORE_01-0442;STORE_01;CASH-08;2026-07-29 16:25:35;SKU-006;1;45000;0;CASH
REC-20260729-STORE_01-0442;STORE_01;CASH-08;2026-07-29 16:25:35;SKU-013;4;12000;500;CARD
REC-20260729-STORE_01-0443;STORE_01;CASH-04;2026-07-29 9:01:43;SKU-008;2;12000;500;CASH
REC-20260729-STORE_01-0443;STORE_01;CASH-07;2026-07-29 9:01:43;SKU-002;2;12000;0;CARD
REC-20260729-STORE_01-0443;STORE_01;CASH-09;2026-07-29 9:01:43;SKU-007;3;12000;500;CARD
REC-20260729-STORE_01-0443;STORE_01;CASH-10;2026-07-29 9:01:43;SKU-015;2;5000;1000;CASH
REC-20260729-STORE_01-0443;STORE_01;CASH-08;2026-07-29 9:01:43;SKU-003;4;45000;1000;CARD
REC-20260729-STORE_01-0444;STORE_01;CASH-05;2026-07-29 10:32:46;SKU-020;4;12000;0;CARD
REC-20260729-STORE_01-0444;STORE_01;CASH-08;2026-07-29 10:32:46;SKU-005;3;5000;1000;CARD
REC-20260729-STORE_01-0444;STORE_01;CASH-03;2026-07-29 10:32:46;SKU-002;2;12000;0;CARD
REC-20260729-STORE_01-0444;STORE_01;CASH-09;2026-07-29 10:32:46;SKU-002;3;12000;1000;CARD
REC-20260729-STORE_01-0444;STORE_01;CASH-07;2026-07-29 10:32:46;SKU-002;1;12000;500;CARD
REC-20260729-STORE_01-0445;STORE_01;CASH-02;2026-07-29 19:40:03;SKU-007;1;12000;0;CARD
REC-20260729-STORE_01-0445;STORE_01;CASH-05;2026-07-29 19:40:03;SKU-004;1;25000;500;CASH
REC-20260729-STORE_01-0445;STORE_01;CASH-03;2026-07-29 19:40:03;SKU-001;4;45000;0;CARD
REC-20260729-STORE_01-0445;STORE_01;CASH-10;2026-07-29 19:40:03;SKU-002;4;12000;0;CASH
REC-20260729-STORE_01-0445;STORE_01;CASH-06;2026-07-29 19:40:03;SKU-020;3;12000;0;CARD
REC-20260729-STORE_01-0446;STORE_01;CASH-07;2026-07-29 21:53:42;SKU-007;2;12000;0;CARD
REC-20260729-STORE_01-0446;STORE_01;CASH-02;2026-07-29 21:53:42;SKU-002;4;12000;0;CARD
REC-20260729-STORE_01-0446;STORE_01;CASH-09;2026-07-29 21:53:42;SKU-001;1;45000;500;CARD
REC-20260729-STORE_01-0446;STORE_01;CASH-01;2026-07-29 21:53:42;SKU-018;3;5000;0;CARD
REC-20260729-STORE_01-0447;STORE_01;CASH-09;2026-07-29 12:33:01;SKU-020;4;12000;0;CARD
REC-20260729-STORE_01-0447;STORE_01;CASH-06;2026-07-29 12:33:01;SKU-001;3;45000;0;CARD
REC-20260729-STORE_01-0447;STORE_01;CASH-05;2026-07-29 12:33:01;SKU-025;4;5000;0;CASH
REC-20260729-STORE_01-0448;STORE_01;CASH-08;2026-07-29 20:23:50;SKU-006;1;45000;0;CARD
REC-20260729-STORE_01-0448;STORE_01;CASH-03;2026-07-29 20:23:50;SKU-001;1;45000;0;CARD
REC-20260729-STORE_01-0448;STORE_01;CASH-08;2026-07-29 20:23:50;SKU-001;2;45000;1000;CASH
REC-20260729-STORE_01-0448;STORE_01;CASH-03;2026-07-29 20:23:50;SKU-015;1;5000;0;CASH
REC-20260729-STORE_01-0449;STORE_01;CASH-05;2026-07-29 15:34:25;SKU-006;3;45000;0;CARD
REC-20260729-STORE_01-0449;STORE_01;CASH-08;2026-07-29 15:34:25;SKU-001;4;45000;0;CASH
REC-20260729-STORE_01-0449;STORE_01;CASH-06;2026-07-29 15:34:25;SKU-003;3;45000;1000;CARD
REC-20260729-STORE_01-0449;STORE_01;CASH-07;2026-07-29 15:34:25;SKU-014;4;5000;500;CASH
REC-20260729-STORE_01-0450;STORE_01;CASH-09;2026-07-29 12:19:47;SKU-001;2;45000;0;CASH
REC-20260729-STORE_01-0450;STORE_01;CASH-04;2026-07-29 12:19:47;SKU-017;2;12000;0;CARD
REC-20260729-STORE_01-0450;STORE_01;CASH-04;2026-07-29 12:19:47;SKU-001;1;45000;500;CARD
REC-20260729-STORE_01-0450;STORE_01;CASH-03;2026-07-29 12:19:47;SKU-001;2;45000;500;CARD
REC-20260729-STORE_01-0451;STORE_01;CASH-07;2026-07-29 21:27:04;SKU-006;4;45000;0;CARD
REC-20260729-STORE_01-0451;STORE_01;CASH-05;2026-07-29 21:27:04;SKU-001;2;45000;500;CASH
REC-20260729-STORE_01-0451;STORE_01;CASH-07;2026-07-29 21:27:04;SKU-028;3;5000;0;CARD
REC-20260729-STORE_01-0451;STORE_01;CASH-08;2026-07-29 21:27:04;SKU-004;2;25000;0;CARD
REC-20260729-STORE_01-0451;STORE_01;CASH-08;2026-07-29 21:27:04;SKU-003;2;45000;0;CARD
REC-20260729-STORE_01-0452;STORE_01;CASH-04;2026-07-29 16:01:32;SKU-018;3;5000;0;CASH
REC-20260729-STORE_01-0453;STORE_01;CASH-03;2026-07-29 19:25:15;SKU-004;4;25000;0;CASH
REC-20260729-STORE_01-0453;STORE_01;CASH-09;2026-07-29 19:25:15;SKU-001;2;45000;0;CARD
REC-20260729-STORE_01-0454;STORE_01;CASH-07;2026-07-29 17:12:49;SKU-001;4;45000;0;CASH
REC-20260729-STORE_01-0454;STORE_01;CASH-04;2026-07-29 17:12:49;SKU-007;3;12000;1000;CASH
REC-20260729-STORE_01-0454;STORE_01;CASH-08;2026-07-29 17:12:49;SKU-021;3;5000;0;CASH
REC-20260729-STORE_01-0455;STORE_01;CASH-09;2026-07-29 12:55:35;SKU-009;3;25000;0;CASH
REC-20260729-STORE_01-0456;STORE_01;CASH-08;2026-07-29 19:16:53;SKU-023;3;45000;0;CARD
REC-20260729-STORE_01-0456;STORE_01;CASH-03;2026-07-29 19:16:53;SKU-006;1;45000;0;CARD
REC-20260729-STORE_01-0456;STORE_01;CASH-10;2026-07-29 19:16:53;SKU-008;1;12000;1000;CASH
REC-20260729-STORE_01-0457;STORE_01;CASH-07;2026-07-29 18:05:57;SKU-002;1;12000;0;CARD
REC-20260729-STORE_01-0457;STORE_01;CASH-01;2026-07-29 18:05:57;SKU-034;4;25000;0;CARD
REC-20260729-STORE_01-0457;STORE_01;CASH-03;2026-07-29 18:05:57;SKU-039;2;5000;1000;CASH
REC-20260729-STORE_01-0457;STORE_01;CASH-06;2026-07-29 18:05:57;SKU-031;4;45000;500;CASH
REC-20260729-STORE_01-0457;STORE_01;CASH-10;2026-07-29 18:05:57;SKU-003;1;45000;1000;CASH
REC-20260729-STORE_01-0458;STORE_01;CASH-06;2026-07-29 18:38:21;SKU-007;2;12000;0;CARD
REC-20260729-STORE_01-0458;STORE_01;CASH-03;2026-07-29 18:38:21;SKU-001;4;45000;0;CARD
REC-20260729-STORE_01-0458;STORE_01;CASH-07;2026-07-29 18:38:21;SKU-008;2;12000;0;CASH
REC-20260729-STORE_01-0458;STORE_01;CASH-01;2026-07-29 18:38:21;SKU-001;3;45000;0;CARD
REC-20260729-STORE_01-0459;STORE_01;CASH-03;2026-07-29 10:09:14;SKU-003;3;45000;500;CARD
REC-20260729-STORE_01-0459;STORE_01;CASH-01;2026-07-29 10:09:14;SKU-005;1;5000;0;CARD
REC-20260729-STORE_01-0459;STORE_01;CASH-04;2026-07-29 10:09:14;SKU-007;2;12000;1000;CARD
REC-20260729-STORE_01-0459;STORE_01;CASH-08;2026-07-29 10:09:14;SKU-011;4;5000;500;CASH
REC-20260729-STORE_01-0460;STORE_01;CASH-08;2026-07-29 19:43:29;SKU-008;1;12000;0;CASH
REC-20260729-STORE_01-0461;STORE_01;CASH-02;2026-07-29 8:11:49;SKU-001;2;45000;1000;CARD
REC-20260729-STORE_01-0461;STORE_01;CASH-07;2026-07-29 8:11:49;SKU-014;1;5000;0;CASH
REC-20260729-STORE_01-0461;STORE_01;CASH-04;2026-07-29 8:11:49;SKU-007;1;12000;500;CARD
REC-20260729-STORE_01-0461;STORE_01;CASH-10;2026-07-29 8:11:49;SKU-003;1;45000;1000;CASH
REC-20260729-STORE_01-0462;STORE_01;CASH-04;2026-07-29 15:16:40;SKU-012;1;45000;0;CARD
REC-20260729-STORE_01-0463;STORE_01;CASH-04;2026-07-29 14:59:53;SKU-002;4;12000;0;CARD
REC-20260729-STORE_01-0464;STORE_01;CASH-08;2026-07-29 20:48:11;SKU-001;4;45000;0;CARD
REC-20260729-STORE_01-0465;STORE_01;CASH-03;2026-07-29 8:54:07;SKU-001;4;45000;0;CARD
REC-20260729-STORE_01-0466;STORE_01;CASH-05;2026-07-29 21:26:03;SKU-001;3;45000;0;CARD
REC-20260729-STORE_01-0466;STORE_01;CASH-01;2026-07-29 21:26:03;SKU-001;3;45000;1000;CARD
REC-20260729-STORE_01-0466;STORE_01;CASH-10;2026-07-29 21:26:03;SKU-034;1;25000;0;CASH
REC-20260729-STORE_01-0466;STORE_01;CASH-09;2026-07-29 21:26:03;SKU-004;3;25000;500;CARD
REC-20260729-STORE_01-0467;STORE_01;CASH-08;2026-07-29 10:31:15;SKU-013;1;12000;0;CARD
REC-20260729-STORE_01-0467;STORE_01;CASH-01;2026-07-29 10:31:15;SKU-001;4;45000;500;CASH
REC-20260729-STORE_01-0468;STORE_01;CASH-05;2026-07-29 20:05:29;SKU-004;1;25000;0;CASH
REC-20260729-STORE_01-0468;STORE_01;CASH-09;2026-07-29 20:05:29;SKU-027;4;5000;0;CARD
REC-20260729-STORE_01-0468;STORE_01;CASH-05;2026-07-29 20:05:29;SKU-019;3;25000;0;CARD
REC-20260729-STORE_01-0468;STORE_01;CASH-04;2026-07-29 20:05:29;SKU-008;4;12000;1000;CARD
REC-20260729-STORE_01-0468;STORE_01;CASH-05;2026-07-29 20:05:29;SKU-001;1;45000;0;CASH
REC-20260729-STORE_01-0469;STORE_01;CASH-05;2026-07-29 14:40:31;SKU-004;1;25000;0;CASH
REC-20260729-STORE_01-0469;STORE_01;CASH-08;2026-07-29 14:40:31;SKU-002;2;12000;0;CARD
REC-20260729-STORE_01-0469;STORE_01;CASH-05;2026-07-29 14:40:31;SKU-005;4;5000;0;CARD
REC-20260729-STORE_01-0470;STORE_01;CASH-10;2026-07-29 12:33:30;SKU-047;3;5000;500;CARD
REC-20260729-STORE_01-0471;STORE_01;CASH-01;2026-07-29 19:23:07;SKU-001;2;45000;1000;CASH
REC-20260729-STORE_01-0471;STORE_01;CASH-02;2026-07-29 19:23:07;SKU-004;3;25000;500;CARD
REC-20260729-STORE_01-0472;STORE_01;CASH-09;2026-07-29 8:58:16;SKU-004;2;25000;500;CARD
REC-20260729-STORE_01-0472;STORE_01;CASH-04;2026-07-29 8:58:16;SKU-002;3;12000;500;CARD
REC-20260729-STORE_01-0473;STORE_01;CASH-04;2026-07-29 11:35:40;SKU-005;3;5000;0;CARD
REC-20260729-STORE_01-0473;STORE_01;CASH-06;2026-07-29 11:35:40;SKU-006;1;45000;1000;CASH
REC-20260729-STORE_01-0473;STORE_01;CASH-02;2026-07-29 11:35:40;SKU-001;3;45000;0;CARD
REC-20260729-STORE_01-0473;STORE_01;CASH-09;2026-07-29 11:35:40;SKU-002;2;12000;0;CARD
REC-20260729-STORE_01-0474;STORE_01;CASH-10;2026-07-29 20:22:04;SKU-001;4;45000;1000;CARD
REC-20260729-STORE_01-0474;STORE_01;CASH-08;2026-07-29 20:22:04;SKU-004;2;25000;0;CARD
REC-20260729-STORE_01-0474;STORE_01;CASH-02;2026-07-29 20:22:04;SKU-019;4;25000;0;CASH
REC-20260729-STORE_01-0474;STORE_01;CASH-03;2026-07-29 20:22:04;SKU-002;4;12000;1000;CASH
REC-20260729-STORE_01-0475;STORE_01;CASH-08;2026-07-29 16:12:32;SKU-027;3;5000;0;CARD
REC-20260729-STORE_01-0475;STORE_01;CASH-09;2026-07-29 16:12:32;SKU-001;1;45000;0;CARD
REC-20260729-STORE_01-0475;STORE_01;CASH-02;2026-07-29 16:12:32;SKU-024;1;12000;0;CARD
REC-20260729-STORE_01-0475;STORE_01;CASH-03;2026-07-29 16:12:32;SKU-004;4;25000;0;CARD
REC-20260729-STORE_01-0475;STORE_01;CASH-03;2026-07-29 16:12:32;SKU-001;3;45000;0;CASH
REC-20260729-STORE_01-0476;STORE_01;CASH-06;2026-07-29 9:45:03;SKU-001;2;45000;500;CASH
REC-20260729-STORE_01-0476;STORE_01;CASH-10;2026-07-29 9:45:03;SKU-005;1;5000;0;CARD
REC-20260729-STORE_01-0476;STORE_01;CASH-01;2026-07-29 9:45:03;SKU-010;2;25000;1000;CARD
REC-20260729-STORE_01-0476;STORE_01;CASH-01;2026-07-29 9:45:03;SKU-007;1;12000;0;CARD
REC-20260729-STORE_01-0476;STORE_01;CASH-08;2026-07-29 9:45:03;SKU-002;1;12000;0;CARD
REC-20260729-STORE_01-0477;STORE_01;CASH-09;2026-07-29 13:14:48;SKU-006;4;45000;1000;CASH
REC-20260729-STORE_01-0477;STORE_01;CASH-03;2026-07-29 13:14:48;SKU-001;3;45000;0;CARD
REC-20260729-STORE_01-0477;STORE_01;CASH-05;2026-07-29 13:14:48;SKU-013;3;12000;0;CASH
REC-20260729-STORE_01-0477;STORE_01;CASH-07;2026-07-29 13:14:48;SKU-005;3;5000;0;CARD
REC-20260729-STORE_01-0478;STORE_01;CASH-03;2026-07-29 14:04:57;SKU-006;4;45000;500;CARD
REC-20260729-STORE_01-0478;STORE_01;CASH-07;2026-07-29 14:04:57;SKU-003;3;45000;0;CARD
REC-20260729-STORE_01-0479;STORE_01;CASH-08;2026-07-29 17:33:31;SKU-001;3;45000;1000;CASH
REC-20260729-STORE_01-0480;STORE_01;CASH-10;2026-07-29 20:05:24;SKU-021;2;5000;0;CASH
REC-20260729-STORE_01-0480;STORE_01;CASH-08;2026-07-29 20:05:24;SKU-005;3;5000;500;CASH
REC-20260729-STORE_01-0480;STORE_01;CASH-03;2026-07-29 20:05:24;SKU-043;2;25000;500;CARD
REC-20260729-STORE_01-0480;STORE_01;CASH-06;2026-07-29 20:05:24;SKU-022;1;12000;0;CASH
REC-20260729-STORE_01-0481;STORE_01;CASH-08;2026-07-29 16:13:19;SKU-006;2;45000;0;CASH
REC-20260729-STORE_01-0481;STORE_01;CASH-02;2026-07-29 16:13:19;SKU-035;1;5000;0;CASH
REC-20260729-STORE_01-0481;STORE_01;CASH-08;2026-07-29 16:13:19;SKU-009;3;25000;0;CARD
REC-20260729-STORE_01-0481;STORE_01;CASH-01;2026-07-29 16:13:19;SKU-002;4;12000;0;CASH
REC-20260729-STORE_01-0482;STORE_01;CASH-06;2026-07-29 18:44:17;SKU-012;4;45000;500;CASH
REC-20260729-STORE_01-0483;STORE_01;CASH-09;2026-07-29 21:50:53;SKU-040;4;25000;0;CASH
REC-20260729-STORE_01-0484;STORE_01;CASH-09;2026-07-29 20:28:01;SKU-001;1;45000;0;CARD
REC-20260729-STORE_01-0485;STORE_01;CASH-04;2026-07-29 9:36:01;SKU-005;2;5000;0;CARD
REC-20260729-STORE_01-0485;STORE_01;CASH-09;2026-07-29 9:36:01;SKU-032;3;25000;0;CASH
REC-20260729-STORE_01-0485;STORE_01;CASH-03;2026-07-29 9:36:01;SKU-002;4;12000;0;CARD
REC-20260729-STORE_01-0485;STORE_01;CASH-05;2026-07-29 9:36:01;SKU-001;3;45000;1000;CARD
REC-20260729-STORE_01-0486;STORE_01;CASH-10;2026-07-29 16:52:24;SKU-001;2;45000;500;CASH
REC-20260729-STORE_01-0486;STORE_01;CASH-03;2026-07-29 16:52:24;SKU-001;3;45000;0;CARD
REC-20260729-STORE_01-0486;STORE_01;CASH-08;2026-07-29 16:52:24;SKU-004;3;25000;500;CASH
REC-20260729-STORE_01-0486;STORE_01;CASH-06;2026-07-29 16:52:24;SKU-019;1;25000;500;CARD
REC-20260729-STORE_01-0487;STORE_01;CASH-01;2026-07-29 17:58:30;SKU-002;3;12000;500;CARD
REC-20260729-STORE_01-0487;STORE_01;CASH-02;2026-07-29 17:58:30;SKU-002;4;12000;500;CARD
REC-20260729-STORE_01-0488;STORE_01;CASH-10;2026-07-29 17:20:23;SKU-008;2;12000;1000;CARD
REC-20260729-STORE_01-0488;STORE_01;CASH-06;2026-07-29 17:20:23;SKU-001;3;45000;1000;CARD
REC-20260729-STORE_01-0488;STORE_01;CASH-02;2026-07-29 17:20:23;SKU-001;2;45000;0;CARD
REC-20260729-STORE_01-0488;STORE_01;CASH-03;2026-07-29 17:20:23;SKU-035;1;5000;0;CASH
REC-20260729-STORE_01-0489;STORE_01;CASH-02;2026-07-29 16:08:18;SKU-001;1;45000;500;CASH
REC-20260729-STORE_01-0490;STORE_01;CASH-06;2026-07-29 16:22:14;SKU-006;2;45000;1000;CARD
REC-20260729-STORE_01-0490;STORE_01;CASH-01;2026-07-29 16:22:14;SKU-002;3;12000;0;CARD
REC-20260729-STORE_01-0490;STORE_01;CASH-07;2026-07-29 16:22:14;SKU-008;4;12000;1000;CASH
REC-20260729-STORE_01-0490;STORE_01;CASH-06;2026-07-29 16:22:14;SKU-040;2;25000;500;CARD
REC-20260729-STORE_01-0491;STORE_01;CASH-10;2026-07-29 8:25:21;SKU-038;2;12000;0;CASH
REC-20260729-STORE_01-0491;STORE_01;CASH-02;2026-07-29 8:25:21;SKU-002;2;12000;0;CASH
REC-20260729-STORE_01-0491;STORE_01;CASH-04;2026-07-29 8:25:21;SKU-005;2;5000;0;CASH
REC-20260729-STORE_01-0491;STORE_01;CASH-07;2026-07-29 8:25:21;SKU-001;1;45000;500;CARD
REC-20260729-STORE_01-0491;STORE_01;CASH-07;2026-07-29 8:25:21;SKU-003;1;45000;0;CARD
REC-20260729-STORE_01-0492;STORE_01;CASH-09;2026-07-29 12:35:32;SKU-003;4;45000;1000;CARD
REC-20260729-STORE_01-0492;STORE_01;CASH-02;2026-07-29 12:35:32;SKU-008;4;12000;0;CARD
REC-20260729-STORE_01-0492;STORE_01;CASH-03;2026-07-29 12:35:32;SKU-001;3;45000;0;CASH
REC-20260729-STORE_01-0492;STORE_01;CASH-07;2026-07-29 12:35:32;SKU-020;3;12000;0;CARD
REC-20260729-STORE_01-0492;STORE_01;CASH-01;2026-07-29 12:35:32;SKU-042;2;5000;0;CASH
REC-20260729-STORE_01-0493;STORE_01;CASH-02;2026-07-29 20:41:02;SKU-015;3;5000;0;CASH
REC-20260729-STORE_01-0493;STORE_01;CASH-09;2026-07-29 20:41:02;SKU-020;2;12000;0;CASH
REC-20260729-STORE_01-0493;STORE_01;CASH-07;2026-07-29 20:41:02;SKU-031;2;45000;0;CARD
REC-20260729-STORE_01-0494;STORE_01;CASH-05;2026-07-29 9:47:06;SKU-005;4;5000;1000;CASH
REC-20260729-STORE_01-0494;STORE_01;CASH-10;2026-07-29 9:47:06;SKU-001;4;45000;500;CARD
REC-20260729-STORE_01-0494;STORE_01;CASH-04;2026-07-29 9:47:06;SKU-011;1;5000;0;CARD
REC-20260729-STORE_01-0494;STORE_01;CASH-07;2026-07-29 9:47:06;SKU-005;1;5000;1000;CARD
REC-20260729-STORE_01-0494;STORE_01;CASH-07;2026-07-29 9:47:06;SKU-029;4;5000;1000;CARD
REC-20260729-STORE_01-0495;STORE_01;CASH-04;2026-07-29 13:46:03;SKU-012;3;45000;0;CARD
REC-20260729-STORE_01-0496;STORE_01;CASH-03;2026-07-29 12:01:33;SKU-044;1;5000;0;CARD
REC-20260729-STORE_01-0496;STORE_01;CASH-04;2026-07-29 12:01:33;SKU-031;4;45000;0;CARD
REC-20260729-STORE_01-0497;STORE_01;CASH-07;2026-07-29 15:36:47;SKU-024;4;12000;1000;CASH
REC-20260729-STORE_01-0497;STORE_01;CASH-09;2026-07-29 15:36:47;SKU-001;4;45000;0;CASH
REC-20260729-STORE_01-0497;STORE_01;CASH-06;2026-07-29 15:36:47;SKU-039;1;5000;0;CARD
REC-20260729-STORE_01-0497;STORE_01;CASH-04;2026-07-29 15:36:47;SKU-001;3;45000;0;CARD
REC-20260729-STORE_01-0498;STORE_01;CASH-02;2026-07-29 18:11:31;SKU-002;1;12000;1000;CARD
REC-20260729-STORE_01-0498;STORE_01;CASH-07;2026-07-29 18:11:31;SKU-001;1;45000;0;CASH
REC-20260729-STORE_01-0499;STORE_01;CASH-02;2026-07-29 8:35:54;SKU-001;2;45000;500;CASH
REC-20260729-STORE_01-0499;STORE_01;CASH-01;2026-07-29 8:35:54;SKU-006;3;45000;0;CARD
REC-20260729-STORE_01-0499;STORE_01;CASH-06;2026-07-29 8:35:54;SKU-006;2;45000;0;CARD
REC-20260729-STORE_01-0499;STORE_01;CASH-08;2026-07-29 8:35:54;SKU-037;2;45000;0;CARD
REC-20260729-STORE_01-0499;STORE_01;CASH-06;2026-07-29 8:35:54;SKU-035;3;5000;0;CARD
REC-20260729-STORE_01-0500;STORE_01;CASH-02;2026-07-29 9:05:43;SKU-002;3;12000;500;CARD
REC-20260729-STORE_01-0500;STORE_01;CASH-09;2026-07-29 9:05:43;SKU-001;1;45000;0;CARD
REC-20260729-STORE_01-0500;STORE_01;CASH-09;2026-07-29 9:05:43;SKU-001;2;45000;0;CASH
REC-20260729-STORE_02-0001;STORE_02;CASH-02;2026-07-29 16:04:50;SKU-002;4;12000;500;CASH
REC-20260729-STORE_02-0002;STORE_02;CASH-01;2026-07-29 19:03:20;SKU-001;3;45000;1000;CARD
REC-20260729-STORE_02-0002;STORE_02;CASH-06;2026-07-29 19:03:20;SKU-046;4;25000;1000;CARD
REC-20260729-STORE_02-0003;STORE_02;CASH-06;2026-07-29 16:16:34;SKU-006;3;45000;0;CASH
REC-20260729-STORE_02-0003;STORE_02;CASH-02;2026-07-29 16:16:34;SKU-013;2;12000;0;CARD
REC-20260729-STORE_02-0003;STORE_02;CASH-09;2026-07-29 16:16:34;SKU-006;1;45000;1000;CASH
REC-20260729-STORE_02-0003;STORE_02;CASH-03;2026-07-29 16:16:34;SKU-005;2;5000;500;CARD
REC-20260729-STORE_02-0003;STORE_02;CASH-02;2026-07-29 16:16:34;SKU-004;1;25000;0;CASH
REC-20260729-STORE_02-0004;STORE_02;CASH-05;2026-07-29 12:12:49;SKU-029;4;5000;500;CASH
REC-20260729-STORE_02-0004;STORE_02;CASH-09;2026-07-29 12:12:49;SKU-005;4;5000;0;CARD
REC-20260729-STORE_02-0004;STORE_02;CASH-06;2026-07-29 12:12:49;SKU-003;1;45000;0;CASH
REC-20260729-STORE_02-0004;STORE_02;CASH-10;2026-07-29 12:12:49;SKU-002;2;12000;500;CARD
REC-20260729-STORE_02-0004;STORE_02;CASH-08;2026-07-29 12:12:49;SKU-001;2;45000;0;CARD
REC-20260729-STORE_02-0005;STORE_02;CASH-06;2026-07-29 16:58:29;SKU-005;1;5000;0;CARD
REC-20260729-STORE_02-0005;STORE_02;CASH-07;2026-07-29 16:58:29;SKU-001;1;45000;0;CASH
REC-20260729-STORE_02-0005;STORE_02;CASH-06;2026-07-29 16:58:29;SKU-001;3;45000;0;CARD
REC-20260729-STORE_02-0006;STORE_02;CASH-05;2026-07-29 16:56:58;SKU-005;3;5000;0;CASH
REC-20260729-STORE_02-0007;STORE_02;CASH-06;2026-07-29 19:49:41;SKU-003;3;45000;1000;CARD
REC-20260729-STORE_02-0007;STORE_02;CASH-06;2026-07-29 19:49:41;SKU-004;1;25000;1000;CARD
REC-20260729-STORE_02-0008;STORE_02;CASH-04;2026-07-29 11:11:30;SKU-002;4;12000;0;CASH
REC-20260729-STORE_02-0008;STORE_02;CASH-06;2026-07-29 11:11:30;SKU-011;1;5000;0;CARD
REC-20260729-STORE_02-0008;STORE_02;CASH-05;2026-07-29 11:11:30;SKU-001;1;45000;1000;CARD
REC-20260729-STORE_02-0008;STORE_02;CASH-07;2026-07-29 11:11:30;SKU-003;1;45000;1000;CARD
REC-20260729-STORE_02-0008;STORE_02;CASH-06;2026-07-29 11:11:30;SKU-009;2;25000;500;CARD
REC-20260729-STORE_02-0009;STORE_02;CASH-02;2026-07-29 18:14:04;SKU-001;3;45000;0;CARD
REC-20260729-STORE_02-0009;STORE_02;CASH-04;2026-07-29 18:14:04;SKU-004;4;25000;500;CARD
REC-20260729-STORE_02-0009;STORE_02;CASH-08;2026-07-29 18:14:04;SKU-016;2;25000;0;CASH
REC-20260729-STORE_02-0009;STORE_02;CASH-02;2026-07-29 18:14:04;SKU-001;3;45000;0;CARD
REC-20260729-STORE_02-0010;STORE_02;CASH-06;2026-07-29 10:05:32;SKU-036;4;45000;0;CASH
REC-20260729-STORE_02-0010;STORE_02;CASH-07;2026-07-29 10:05:32;SKU-002;3;12000;0;CARD
REC-20260729-STORE_02-0010;STORE_02;CASH-02;2026-07-29 10:05:32;SKU-001;2;45000;0;CARD
REC-20260729-STORE_02-0010;STORE_02;CASH-05;2026-07-29 10:05:32;SKU-037;4;45000;0;CASH
REC-20260729-STORE_02-0011;STORE_02;CASH-05;2026-07-29 14:03:53;SKU-004;3;25000;0;CARD
REC-20260729-STORE_02-0011;STORE_02;CASH-07;2026-07-29 14:03:53;SKU-001;2;45000;0;CASH
REC-20260729-STORE_02-0011;STORE_02;CASH-09;2026-07-29 14:03:53;SKU-029;2;5000;500;CARD
REC-20260729-STORE_02-0011;STORE_02;CASH-07;2026-07-29 14:03:53;SKU-011;3;5000;1000;CASH
REC-20260729-STORE_02-0011;STORE_02;CASH-07;2026-07-29 14:03:53;SKU-003;2;45000;0;CARD
REC-20260729-STORE_02-0012;STORE_02;CASH-07;2026-07-29 9:01:59;SKU-006;1;45000;0;CARD
REC-20260729-STORE_02-0012;STORE_02;CASH-09;2026-07-29 9:01:59;SKU-001;1;45000;0;CASH
REC-20260729-STORE_02-0012;STORE_02;CASH-08;2026-07-29 9:01:59;SKU-011;4;5000;0;CARD
REC-20260729-STORE_02-0013;STORE_02;CASH-06;2026-07-29 10:02:01;SKU-029;4;5000;0;CARD
REC-20260729-STORE_02-0013;STORE_02;CASH-05;2026-07-29 10:02:01;SKU-010;3;25000;1000;CASH
REC-20260729-STORE_02-0014;STORE_02;CASH-09;2026-07-29 8:54:41;SKU-012;3;45000;0;CARD
REC-20260729-STORE_02-0015;STORE_02;CASH-05;2026-07-29 17:08:43;SKU-002;2;12000;500;CASH
REC-20260729-STORE_02-0015;STORE_02;CASH-03;2026-07-29 17:08:43;SKU-002;2;12000;1000;CARD
REC-20260729-STORE_02-0015;STORE_02;CASH-04;2026-07-29 17:08:43;SKU-005;2;5000;1000;CARD
REC-20260729-STORE_02-0015;STORE_02;CASH-08;2026-07-29 17:08:43;SKU-001;4;45000;500;CARD
REC-20260729-STORE_02-0016;STORE_02;CASH-06;2026-07-29 15:01:30;SKU-017;2;12000;0;CASH
REC-20260729-STORE_02-0016;STORE_02;CASH-06;2026-07-29 15:01:30;SKU-001;1;45000;1000;CARD
REC-20260729-STORE_02-0016;STORE_02;CASH-09;2026-07-29 15:01:30;SKU-001;3;45000;1000;CASH
REC-20260729-STORE_02-0016;STORE_02;CASH-09;2026-07-29 15:01:30;SKU-005;2;5000;0;CASH
REC-20260729-STORE_02-0016;STORE_02;CASH-07;2026-07-29 15:01:30;SKU-026;4;12000;500;CARD
REC-20260729-STORE_02-0017;STORE_02;CASH-07;2026-07-29 8:10:24;SKU-046;1;25000;0;CARD
REC-20260729-STORE_02-0017;STORE_02;CASH-06;2026-07-29 8:10:24;SKU-005;3;5000;0;CASH
REC-20260729-STORE_02-0017;STORE_02;CASH-08;2026-07-29 8:10:24;SKU-002;2;12000;500;CARD
REC-20260729-STORE_02-0017;STORE_02;CASH-07;2026-07-29 8:10:24;SKU-015;4;5000;0;CARD
REC-20260729-STORE_02-0017;STORE_02;CASH-09;2026-07-29 8:10:24;SKU-001;3;45000;0;CARD
REC-20260729-STORE_02-0018;STORE_02;CASH-03;2026-07-29 10:17:44;SKU-007;4;12000;0;CARD
REC-20260729-STORE_02-0018;STORE_02;CASH-02;2026-07-29 10:17:44;SKU-007;4;12000;0;CASH
REC-20260729-STORE_02-0018;STORE_02;CASH-06;2026-07-29 10:17:44;SKU-001;2;45000;1000;CARD
REC-20260729-STORE_02-0018;STORE_02;CASH-08;2026-07-29 10:17:44;SKU-001;4;45000;0;CARD
REC-20260729-STORE_02-0018;STORE_02;CASH-07;2026-07-29 10:17:44;SKU-025;4;5000;0;CASH
REC-20260729-STORE_02-0019;STORE_02;CASH-10;2026-07-29 9:30:14;SKU-012;3;45000;500;CARD
REC-20260729-STORE_02-0019;STORE_02;CASH-03;2026-07-29 9:30:14;SKU-002;4;12000;0;CARD
REC-20260729-STORE_02-0019;STORE_02;CASH-03;2026-07-29 9:30:14;SKU-001;3;45000;500;CARD
REC-20260729-STORE_02-0019;STORE_02;CASH-07;2026-07-29 9:30:14;SKU-019;2;25000;500;CARD
REC-20260729-STORE_02-0020;STORE_02;CASH-01;2026-07-29 8:56:09;SKU-001;4;45000;500;CARD
REC-20260729-STORE_02-0021;STORE_02;CASH-07;2026-07-29 8:02:30;SKU-002;4;12000;0;CASH
REC-20260729-STORE_02-0021;STORE_02;CASH-08;2026-07-29 8:02:30;SKU-001;3;45000;0;CARD
REC-20260729-STORE_02-0022;STORE_02;CASH-07;2026-07-29 8:35:41;SKU-008;3;12000;0;CARD
REC-20260729-STORE_02-0022;STORE_02;CASH-07;2026-07-29 8:35:41;SKU-018;4;5000;500;CARD
REC-20260729-STORE_02-0022;STORE_02;CASH-07;2026-07-29 8:35:41;SKU-007;2;12000;0;CARD
REC-20260729-STORE_02-0023;STORE_02;CASH-06;2026-07-29 8:29:17;SKU-009;2;25000;1000;CARD
REC-20260729-STORE_02-0023;STORE_02;CASH-04;2026-07-29 8:29:17;SKU-001;3;45000;1000;CARD
REC-20260729-STORE_02-0024;STORE_02;CASH-09;2026-07-29 12:01:21;SKU-001;4;45000;0;CARD
REC-20260729-STORE_02-0024;STORE_02;CASH-10;2026-07-29 12:01:21;SKU-010;1;25000;0;CARD
REC-20260729-STORE_02-0024;STORE_02;CASH-06;2026-07-29 12:01:21;SKU-004;2;25000;1000;CARD
REC-20260729-STORE_02-0024;STORE_02;CASH-09;2026-07-29 12:01:21;SKU-003;3;45000;0;CARD
REC-20260729-STORE_02-0025;STORE_02;CASH-08;2026-07-29 11:55:15;SKU-006;4;45000;0;CASH
REC-20260729-STORE_02-0025;STORE_02;CASH-05;2026-07-29 11:55:15;SKU-012;3;45000;0;CARD
REC-20260729-STORE_02-0025;STORE_02;CASH-08;2026-07-29 11:55:15;SKU-022;2;12000;500;CARD
REC-20260729-STORE_02-0026;STORE_02;CASH-10;2026-07-29 11:30:21;SKU-006;4;45000;0;CARD
REC-20260729-STORE_02-0026;STORE_02;CASH-04;2026-07-29 11:30:21;SKU-039;2;5000;0;CASH
REC-20260729-STORE_02-0026;STORE_02;CASH-02;2026-07-29 11:30:21;SKU-050;3;25000;500;CARD
REC-20260729-STORE_02-0027;STORE_02;CASH-02;2026-07-29 9:59:33;SKU-009;2;25000;500;CARD
REC-20260729-STORE_02-0027;STORE_02;CASH-03;2026-07-29 9:59:33;SKU-016;2;25000;0;CARD
REC-20260729-STORE_02-0027;STORE_02;CASH-06;2026-07-29 9:59:33;SKU-003;2;45000;500;CARD
REC-20260729-STORE_02-0027;STORE_02;CASH-01;2026-07-29 9:59:33;SKU-013;3;12000;1000;CARD
REC-20260729-STORE_02-0027;STORE_02;CASH-09;2026-07-29 9:59:33;SKU-001;2;45000;500;CARD
REC-20260729-STORE_02-0028;STORE_02;CASH-10;2026-07-29 14:28:51;SKU-032;2;25000;0;CARD
REC-20260729-STORE_02-0028;STORE_02;CASH-04;2026-07-29 14:28:51;SKU-001;3;45000;1000;CASH
REC-20260729-STORE_02-0028;STORE_02;CASH-03;2026-07-29 14:28:51;SKU-020;3;12000;1000;CARD
REC-20260729-STORE_02-0028;STORE_02;CASH-01;2026-07-29 14:28:51;SKU-002;2;12000;0;CARD
REC-20260729-STORE_02-0028;STORE_02;CASH-05;2026-07-29 14:28:51;SKU-001;3;45000;0;CASH
REC-20260729-STORE_02-0029;STORE_02;CASH-04;2026-07-29 18:23:41;SKU-030;4;45000;500;CARD
REC-20260729-STORE_02-0029;STORE_02;CASH-01;2026-07-29 18:23:41;SKU-002;3;12000;1000;CARD
REC-20260729-STORE_02-0029;STORE_02;CASH-08;2026-07-29 18:23:41;SKU-041;2;25000;500;CASH
REC-20260729-STORE_02-0030;STORE_02;CASH-09;2026-07-29 13:48:42;SKU-009;1;25000;0;CASH
REC-20260729-STORE_02-0030;STORE_02;CASH-01;2026-07-29 13:48:42;SKU-001;3;45000;1000;CARD
REC-20260729-STORE_02-0030;STORE_02;CASH-01;2026-07-29 13:48:42;SKU-006;4;45000;0;CARD
REC-20260729-STORE_02-0031;STORE_02;CASH-07;2026-07-29 12:55:31;SKU-001;3;45000;500;CARD
REC-20260729-STORE_02-0031;STORE_02;CASH-07;2026-07-29 12:55:31;SKU-023;4;45000;500;CASH
REC-20260729-STORE_02-0031;STORE_02;CASH-01;2026-07-29 12:55:31;SKU-022;2;12000;0;CARD
REC-20260729-STORE_02-0031;STORE_02;CASH-05;2026-07-29 12:55:31;SKU-003;2;45000;0;CARD
REC-20260729-STORE_02-0031;STORE_02;CASH-01;2026-07-29 12:55:31;SKU-001;4;45000;0;CARD
REC-20260729-STORE_02-0032;STORE_02;CASH-01;2026-07-29 16:33:49;SKU-003;4;45000;500;CARD
REC-20260729-STORE_02-0032;STORE_02;CASH-06;2026-07-29 16:33:49;SKU-017;1;12000;0;CARD
REC-20260729-STORE_02-0032;STORE_02;CASH-07;2026-07-29 16:33:49;SKU-002;1;12000;500;CASH
REC-20260729-STORE_02-0032;STORE_02;CASH-01;2026-07-29 16:33:49;SKU-010;3;25000;0;CARD
REC-20260729-STORE_02-0032;STORE_02;CASH-06;2026-07-29 16:33:49;SKU-005;1;5000;0;CASH
REC-20260729-STORE_02-0033;STORE_02;CASH-03;2026-07-29 18:14:34;SKU-001;1;45000;1000;CASH
REC-20260729-STORE_02-0033;STORE_02;CASH-10;2026-07-29 18:14:34;SKU-003;3;45000;1000;CARD
REC-20260729-STORE_02-0033;STORE_02;CASH-06;2026-07-29 18:14:34;SKU-029;3;5000;0;CARD
REC-20260729-STORE_02-0033;STORE_02;CASH-10;2026-07-29 18:14:34;SKU-001;1;45000;0;CARD
REC-20260729-STORE_02-0034;STORE_02;CASH-08;2026-07-29 12:15:08;SKU-015;4;5000;0;CARD
REC-20260729-STORE_02-0035;STORE_02;CASH-09;2026-07-29 21:40:15;SKU-001;3;45000;1000;CARD
REC-20260729-STORE_02-0035;STORE_02;CASH-03;2026-07-29 21:40:15;SKU-003;3;45000;0;CASH
REC-20260729-STORE_02-0035;STORE_02;CASH-04;2026-07-29 21:40:15;SKU-022;4;12000;500;CASH
REC-20260729-STORE_02-0035;STORE_02;CASH-01;2026-07-29 21:40:15;SKU-016;2;25000;1000;CARD
REC-20260729-STORE_02-0035;STORE_02;CASH-10;2026-07-29 21:40:15;SKU-014;2;5000;0;CARD
REC-20260729-STORE_02-0036;STORE_02;CASH-07;2026-07-29 15:13:24;SKU-010;2;25000;0;CASH
REC-20260729-STORE_02-0036;STORE_02;CASH-09;2026-07-29 15:13:24;SKU-004;3;25000;1000;CASH
REC-20260729-STORE_02-0036;STORE_02;CASH-01;2026-07-29 15:13:24;SKU-014;1;5000;0;CARD
REC-20260729-STORE_02-0036;STORE_02;CASH-04;2026-07-29 15:13:24;SKU-030;2;45000;0;CASH
REC-20260729-STORE_02-0037;STORE_02;CASH-09;2026-07-29 19:02:08;SKU-001;2;45000;0;CARD
REC-20260729-STORE_02-0037;STORE_02;CASH-05;2026-07-29 19:02:08;SKU-015;1;5000;500;CARD
REC-20260729-STORE_02-0038;STORE_02;CASH-07;2026-07-29 15:18:35;SKU-010;3;25000;500;CASH
REC-20260729-STORE_02-0038;STORE_02;CASH-10;2026-07-29 15:18:35;SKU-001;1;45000;0;CARD
REC-20260729-STORE_02-0038;STORE_02;CASH-04;2026-07-29 15:18:35;SKU-001;1;45000;500;CARD
REC-20260729-STORE_02-0039;STORE_02;CASH-02;2026-07-29 10:34:39;SKU-024;2;12000;1000;CASH
REC-20260729-STORE_02-0039;STORE_02;CASH-03;2026-07-29 10:34:39;SKU-004;1;25000;0;CARD
REC-20260729-STORE_02-0039;STORE_02;CASH-10;2026-07-29 10:34:39;SKU-024;3;12000;1000;CARD
REC-20260729-STORE_02-0040;STORE_02;CASH-06;2026-07-29 20:10:25;SKU-013;3;12000;500;CASH
REC-20260729-STORE_02-0040;STORE_02;CASH-01;2026-07-29 20:10:25;SKU-001;2;45000;0;CARD
REC-20260729-STORE_02-0041;STORE_02;CASH-01;2026-07-29 8:27:04;SKU-001;2;45000;0;CARD
REC-20260729-STORE_02-0042;STORE_02;CASH-06;2026-07-29 16:05:42;SKU-002;3;12000;0;CARD
REC-20260729-STORE_02-0042;STORE_02;CASH-06;2026-07-29 16:05:42;SKU-016;1;25000;500;CARD
REC-20260729-STORE_02-0043;STORE_02;CASH-09;2026-07-29 17:06:16;SKU-002;4;12000;0;CARD
REC-20260729-STORE_02-0043;STORE_02;CASH-08;2026-07-29 17:06:16;SKU-010;1;25000;0;CARD
REC-20260729-STORE_02-0043;STORE_02;CASH-03;2026-07-29 17:06:16;SKU-001;4;45000;0;CARD
REC-20260729-STORE_02-0043;STORE_02;CASH-07;2026-07-29 17:06:16;SKU-020;4;12000;0;CARD
REC-20260729-STORE_02-0044;STORE_02;CASH-09;2026-07-29 15:40:03;SKU-001;2;45000;1000;CASH
REC-20260729-STORE_02-0044;STORE_02;CASH-01;2026-07-29 15:40:03;SKU-003;4;45000;0;CARD
REC-20260729-STORE_02-0044;STORE_02;CASH-01;2026-07-29 15:40:03;SKU-016;1;25000;0;CASH
REC-20260729-STORE_02-0044;STORE_02;CASH-08;2026-07-29 15:40:03;SKU-001;4;45000;0;CARD
REC-20260729-STORE_02-0045;STORE_02;CASH-01;2026-07-29 10:20:43;SKU-003;2;45000;0;CASH
REC-20260729-STORE_02-0046;STORE_02;CASH-03;2026-07-29 11:00:59;SKU-003;3;45000;1000;CASH
REC-20260729-STORE_02-0046;STORE_02;CASH-03;2026-07-29 11:00:59;SKU-001;3;45000;0;CARD
REC-20260729-STORE_02-0047;STORE_02;CASH-09;2026-07-29 16:40:48;SKU-010;2;25000;0;CASH
REC-20260729-STORE_02-0048;STORE_02;CASH-05;2026-07-29 14:02:52;SKU-002;3;12000;0;CASH
REC-20260729-STORE_02-0049;STORE_02;CASH-02;2026-07-29 20:11:32;SKU-004;4;25000;0;CARD
REC-20260729-STORE_02-0049;STORE_02;CASH-07;2026-07-29 20:11:32;SKU-015;3;5000;0;CARD
REC-20260729-STORE_02-0049;STORE_02;CASH-01;2026-07-29 20:11:32;SKU-010;3;25000;0;CARD
REC-20260729-STORE_02-0049;STORE_02;CASH-02;2026-07-29 20:11:32;SKU-002;4;12000;500;CARD
REC-20260729-STORE_02-0049;STORE_02;CASH-03;2026-07-29 20:11:32;SKU-002;4;12000;0;CARD
REC-20260729-STORE_02-0050;STORE_02;CASH-09;2026-07-29 18:46:35;SKU-002;1;12000;0;CARD
REC-20260729-STORE_02-0050;STORE_02;CASH-05;2026-07-29 18:46:35;SKU-043;2;25000;0;CARD
REC-20260729-STORE_02-0050;STORE_02;CASH-04;2026-07-29 18:46:35;SKU-010;3;25000;0;CARD
REC-20260729-STORE_02-0050;STORE_02;CASH-04;2026-07-29 18:46:35;SKU-001;2;45000;1000;CARD
REC-20260729-STORE_02-0051;STORE_02;CASH-06;2026-07-29 20:22:37;SKU-002;4;12000;0;CARD
REC-20260729-STORE_02-0051;STORE_02;CASH-09;2026-07-29 20:22:37;SKU-002;2;12000;500;CARD
REC-20260729-STORE_02-0051;STORE_02;CASH-06;2026-07-29 20:22:37;SKU-007;3;12000;500;CARD
REC-20260729-STORE_02-0051;STORE_02;CASH-03;2026-07-29 20:22:37;SKU-001;1;45000;500;CASH
REC-20260729-STORE_02-0051;STORE_02;CASH-02;2026-07-29 20:22:37;SKU-001;4;45000;0;CASH
REC-20260729-STORE_02-0052;STORE_02;CASH-02;2026-07-29 10:24:15;SKU-043;4;25000;1000;CASH
REC-20260729-STORE_02-0052;STORE_02;CASH-08;2026-07-29 10:24:15;SKU-003;1;45000;1000;CARD
REC-20260729-STORE_02-0053;STORE_02;CASH-03;2026-07-29 13:46:18;SKU-001;2;45000;0;CASH
REC-20260729-STORE_02-0053;STORE_02;CASH-01;2026-07-29 13:46:18;SKU-001;4;45000;0;CARD
REC-20260729-STORE_02-0053;STORE_02;CASH-09;2026-07-29 13:46:18;SKU-003;4;45000;1000;CARD
REC-20260729-STORE_02-0054;STORE_02;CASH-01;2026-07-29 9:38:45;SKU-018;1;5000;0;CASH
REC-20260729-STORE_02-0054;STORE_02;CASH-10;2026-07-29 9:38:45;SKU-003;4;45000;0;CASH
REC-20260729-STORE_02-0055;STORE_02;CASH-04;2026-07-29 18:04:18;SKU-010;4;25000;1000;CARD
REC-20260729-STORE_02-0055;STORE_02;CASH-02;2026-07-29 18:04:18;SKU-018;2;5000;500;CASH
REC-20260729-STORE_02-0055;STORE_02;CASH-10;2026-07-29 18:04:18;SKU-010;3;25000;500;CARD
REC-20260729-STORE_02-0055;STORE_02;CASH-08;2026-07-29 18:04:18;SKU-003;1;45000;1000;CASH
REC-20260729-STORE_02-0056;STORE_02;CASH-10;2026-07-29 20:11:12;SKU-005;4;5000;0;CARD
REC-20260729-STORE_02-0056;STORE_02;CASH-09;2026-07-29 20:11:12;SKU-003;1;45000;500;CARD
REC-20260729-STORE_02-0056;STORE_02;CASH-06;2026-07-29 20:11:12;SKU-001;4;45000;0;CARD
REC-20260729-STORE_02-0056;STORE_02;CASH-07;2026-07-29 20:11:12;SKU-002;2;12000;0;CARD
REC-20260729-STORE_02-0057;STORE_02;CASH-05;2026-07-29 19:57:13;SKU-002;1;12000;0;CARD
REC-20260729-STORE_02-0057;STORE_02;CASH-10;2026-07-29 19:57:13;SKU-001;4;45000;0;CASH
REC-20260729-STORE_02-0057;STORE_02;CASH-02;2026-07-29 19:57:13;SKU-037;3;45000;0;CARD
REC-20260729-STORE_02-0057;STORE_02;CASH-02;2026-07-29 19:57:13;SKU-017;3;12000;0;CARD
REC-20260729-STORE_02-0058;STORE_02;CASH-04;2026-07-29 15:54:35;SKU-002;3;12000;500;CASH
REC-20260729-STORE_02-0058;STORE_02;CASH-06;2026-07-29 15:54:35;SKU-014;1;5000;0;CARD
REC-20260729-STORE_02-0058;STORE_02;CASH-03;2026-07-29 15:54:35;SKU-002;3;12000;0;CASH
REC-20260729-STORE_02-0059;STORE_02;CASH-02;2026-07-29 15:38:59;SKU-007;3;12000;0;CARD
REC-20260729-STORE_02-0060;STORE_02;CASH-08;2026-07-29 13:57:27;SKU-001;1;45000;0;CARD
REC-20260729-STORE_02-0060;STORE_02;CASH-01;2026-07-29 13:57:27;SKU-002;4;12000;1000;CARD
REC-20260729-STORE_02-0060;STORE_02;CASH-08;2026-07-29 13:57:27;SKU-001;4;45000;500;CASH
REC-20260729-STORE_02-0060;STORE_02;CASH-05;2026-07-29 13:57:27;SKU-009;3;25000;500;CASH
REC-20260729-STORE_02-0060;STORE_02;CASH-05;2026-07-29 13:57:27;SKU-032;2;25000;500;CASH
REC-20260729-STORE_02-0061;STORE_02;CASH-05;2026-07-29 12:07:18;SKU-027;2;5000;500;CARD
REC-20260729-STORE_02-0061;STORE_02;CASH-04;2026-07-29 12:07:18;SKU-002;3;12000;0;CASH
REC-20260729-STORE_02-0062;STORE_02;CASH-02;2026-07-29 8:05:16;SKU-049;3;5000;0;CASH
REC-20260729-STORE_02-0062;STORE_02;CASH-03;2026-07-29 8:05:16;SKU-039;2;5000;0;CARD
REC-20260729-STORE_02-0062;STORE_02;CASH-01;2026-07-29 8:05:16;SKU-043;3;25000;0;CARD
REC-20260729-STORE_02-0062;STORE_02;CASH-07;2026-07-29 8:05:16;SKU-028;4;5000;0;CASH
REC-20260729-STORE_02-0063;STORE_02;CASH-04;2026-07-29 13:33:55;SKU-001;4;45000;0;CARD
REC-20260729-STORE_02-0063;STORE_02;CASH-01;2026-07-29 13:33:55;SKU-004;1;25000;0;CASH
REC-20260729-STORE_02-0063;STORE_02;CASH-10;2026-07-29 13:33:55;SKU-003;4;45000;0;CARD
REC-20260729-STORE_02-0064;STORE_02;CASH-07;2026-07-29 19:19:39;SKU-024;1;12000;0;CASH
REC-20260729-STORE_02-0064;STORE_02;CASH-04;2026-07-29 19:19:39;SKU-003;4;45000;0;CARD
REC-20260729-STORE_02-0064;STORE_02;CASH-05;2026-07-29 19:19:39;SKU-016;3;25000;0;CARD
REC-20260729-STORE_02-0065;STORE_02;CASH-05;2026-07-29 10:23:20;SKU-001;1;45000;0;CARD
REC-20260729-STORE_02-0065;STORE_02;CASH-04;2026-07-29 10:23:20;SKU-003;1;45000;0;CARD
REC-20260729-STORE_02-0065;STORE_02;CASH-07;2026-07-29 10:23:20;SKU-018;3;5000;500;CARD
REC-20260729-STORE_02-0065;STORE_02;CASH-07;2026-07-29 10:23:20;SKU-019;2;25000;0;CARD
REC-20260729-STORE_02-0065;STORE_02;CASH-04;2026-07-29 10:23:20;SKU-004;2;25000;0;CASH
REC-20260729-STORE_02-0066;STORE_02;CASH-01;2026-07-29 20:06:44;SKU-003;4;45000;500;CASH
REC-20260729-STORE_02-0067;STORE_02;CASH-09;2026-07-29 13:10:57;SKU-001;3;45000;0;CARD
REC-20260729-STORE_02-0067;STORE_02;CASH-05;2026-07-29 13:10:57;SKU-022;2;12000;0;CARD
REC-20260729-STORE_02-0067;STORE_02;CASH-02;2026-07-29 13:10:57;SKU-003;3;45000;0;CARD
REC-20260729-STORE_02-0067;STORE_02;CASH-01;2026-07-29 13:10:57;SKU-013;2;12000;0;CARD
REC-20260729-STORE_02-0068;STORE_02;CASH-10;2026-07-29 21:22:56;SKU-002;2;12000;1000;CASH
REC-20260729-STORE_02-0068;STORE_02;CASH-08;2026-07-29 21:22:56;SKU-001;4;45000;0;CASH
REC-20260729-STORE_02-0069;STORE_02;CASH-04;2026-07-29 10:11:13;SKU-009;1;25000;1000;CARD
REC-20260729-STORE_02-0069;STORE_02;CASH-04;2026-07-29 10:11:13;SKU-001;4;45000;1000;CARD
REC-20260729-STORE_02-0069;STORE_02;CASH-08;2026-07-29 10:11:13;SKU-017;2;12000;0;CARD
REC-20260729-STORE_02-0069;STORE_02;CASH-01;2026-07-29 10:11:13;SKU-020;3;12000;0;CASH
REC-20260729-STORE_02-0070;STORE_02;CASH-09;2026-07-29 12:44:08;SKU-002;2;12000;1000;CARD
REC-20260729-STORE_02-0070;STORE_02;CASH-04;2026-07-29 12:44:08;SKU-023;4;45000;0;CASH
REC-20260729-STORE_02-0070;STORE_02;CASH-07;2026-07-29 12:44:08;SKU-044;4;5000;500;CASH
REC-20260729-STORE_02-0070;STORE_02;CASH-02;2026-07-29 12:44:08;SKU-048;3;25000;500;CARD
REC-20260729-STORE_02-0071;STORE_02;CASH-03;2026-07-29 15:22:35;SKU-002;3;12000;500;CARD
REC-20260729-STORE_02-0071;STORE_02;CASH-10;2026-07-29 15:22:35;SKU-004;1;25000;500;CASH
REC-20260729-STORE_02-0071;STORE_02;CASH-04;2026-07-29 15:22:35;SKU-003;1;45000;500;CASH
REC-20260729-STORE_02-0071;STORE_02;CASH-03;2026-07-29 15:22:35;SKU-001;2;45000;0;CASH
REC-20260729-STORE_02-0072;STORE_02;CASH-04;2026-07-29 9:48:34;SKU-001;1;45000;0;CARD
REC-20260729-STORE_02-0072;STORE_02;CASH-06;2026-07-29 9:48:34;SKU-011;4;5000;0;CARD
REC-20260729-STORE_02-0072;STORE_02;CASH-08;2026-07-29 9:48:34;SKU-007;1;12000;0;CASH
REC-20260729-STORE_02-0072;STORE_02;CASH-02;2026-07-29 9:48:34;SKU-002;3;12000;0;CASH
REC-20260729-STORE_02-0073;STORE_02;CASH-02;2026-07-29 9:01:02;SKU-035;4;5000;0;CARD
REC-20260729-STORE_02-0073;STORE_02;CASH-06;2026-07-29 9:01:02;SKU-006;4;45000;0;CARD
REC-20260729-STORE_02-0074;STORE_02;CASH-09;2026-07-29 13:34:21;SKU-001;4;45000;0;CASH
REC-20260729-STORE_02-0074;STORE_02;CASH-07;2026-07-29 13:34:21;SKU-002;4;12000;0;CASH
REC-20260729-STORE_02-0074;STORE_02;CASH-02;2026-07-29 13:34:21;SKU-010;1;25000;0;CARD
REC-20260729-STORE_02-0075;STORE_02;CASH-01;2026-07-29 11:03:21;SKU-005;1;5000;500;CARD
REC-20260729-STORE_02-0075;STORE_02;CASH-07;2026-07-29 11:03:21;SKU-004;3;25000;0;CARD
REC-20260729-STORE_02-0075;STORE_02;CASH-07;2026-07-29 11:03:21;SKU-016;3;25000;0;CARD
REC-20260729-STORE_02-0075;STORE_02;CASH-06;2026-07-29 11:03:21;SKU-010;2;25000;1000;CARD
REC-20260729-STORE_02-0076;STORE_02;CASH-07;2026-07-29 15:55:45;SKU-001;4;45000;0;CARD
REC-20260729-STORE_02-0076;STORE_02;CASH-06;2026-07-29 15:55:45;SKU-018;1;5000;0;CARD
REC-20260729-STORE_02-0076;STORE_02;CASH-05;2026-07-29 15:55:45;SKU-001;3;45000;0;CASH
REC-20260729-STORE_02-0076;STORE_02;CASH-01;2026-07-29 15:55:45;SKU-008;2;12000;0;CARD
REC-20260729-STORE_02-0077;STORE_02;CASH-04;2026-07-29 17:09:53;SKU-003;2;45000;1000;CARD
REC-20260729-STORE_02-0077;STORE_02;CASH-06;2026-07-29 17:09:53;SKU-017;3;12000;1000;CARD
REC-20260729-STORE_02-0077;STORE_02;CASH-06;2026-07-29 17:09:53;SKU-003;4;45000;1000;CARD
REC-20260729-STORE_02-0077;STORE_02;CASH-01;2026-07-29 17:09:53;SKU-015;1;5000;0;CASH
REC-20260729-STORE_02-0078;STORE_02;CASH-06;2026-07-29 16:27:29;SKU-002;1;12000;0;CARD
REC-20260729-STORE_02-0078;STORE_02;CASH-10;2026-07-29 16:27:29;SKU-002;2;12000;0;CARD
REC-20260729-STORE_02-0078;STORE_02;CASH-08;2026-07-29 16:27:29;SKU-036;4;45000;1000;CASH
REC-20260729-STORE_02-0078;STORE_02;CASH-04;2026-07-29 16:27:29;SKU-024;3;12000;500;CASH
REC-20260729-STORE_02-0079;STORE_02;CASH-08;2026-07-29 12:50:03;SKU-002;2;12000;1000;CARD
REC-20260729-STORE_02-0079;STORE_02;CASH-08;2026-07-29 12:50:03;SKU-001;1;45000;0;CARD
REC-20260729-STORE_02-0079;STORE_02;CASH-07;2026-07-29 12:50:03;SKU-001;3;45000;0;CARD
REC-20260729-STORE_02-0080;STORE_02;CASH-08;2026-07-29 8:04:08;SKU-025;1;5000;0;CARD
REC-20260729-STORE_02-0081;STORE_02;CASH-06;2026-07-29 8:47:44;SKU-002;1;12000;0;CASH
REC-20260729-STORE_02-0081;STORE_02;CASH-06;2026-07-29 8:47:44;SKU-038;4;12000;1000;CARD
REC-20260729-STORE_02-0081;STORE_02;CASH-03;2026-07-29 8:47:44;SKU-007;3;12000;0;CARD
REC-20260729-STORE_02-0081;STORE_02;CASH-06;2026-07-29 8:47:44;SKU-004;3;25000;1000;CARD
REC-20260729-STORE_02-0081;STORE_02;CASH-05;2026-07-29 8:47:44;SKU-001;3;45000;0;CARD
REC-20260729-STORE_02-0082;STORE_02;CASH-01;2026-07-29 20:40:36;SKU-004;1;25000;0;CARD
REC-20260729-STORE_02-0082;STORE_02;CASH-09;2026-07-29 20:40:36;SKU-006;4;45000;0;CASH
REC-20260729-STORE_02-0082;STORE_02;CASH-02;2026-07-29 20:40:36;SKU-001;1;45000;0;CARD
REC-20260729-STORE_02-0082;STORE_02;CASH-10;2026-07-29 20:40:36;SKU-001;4;45000;1000;CASH
REC-20260729-STORE_02-0083;STORE_02;CASH-01;2026-07-29 18:26:42;SKU-031;2;45000;500;CASH
REC-20260729-STORE_02-0083;STORE_02;CASH-03;2026-07-29 18:26:42;SKU-009;3;25000;0;CASH
REC-20260729-STORE_02-0083;STORE_02;CASH-07;2026-07-29 18:26:42;SKU-009;4;25000;1000;CARD
REC-20260729-STORE_02-0083;STORE_02;CASH-04;2026-07-29 18:26:42;SKU-006;4;45000;500;CARD
REC-20260729-STORE_02-0083;STORE_02;CASH-10;2026-07-29 18:26:42;SKU-024;4;12000;500;CARD
REC-20260729-STORE_02-0084;STORE_02;CASH-04;2026-07-29 19:19:37;SKU-008;1;12000;1000;CASH
REC-20260729-STORE_02-0084;STORE_02;CASH-09;2026-07-29 19:19:37;SKU-004;1;25000;1000;CARD
REC-20260729-STORE_02-0084;STORE_02;CASH-01;2026-07-29 19:19:37;SKU-013;2;12000;0;CASH
REC-20260729-STORE_02-0084;STORE_02;CASH-08;2026-07-29 19:19:37;SKU-003;4;45000;500;CASH
REC-20260729-STORE_02-0084;STORE_02;CASH-05;2026-07-29 19:19:37;SKU-012;3;45000;1000;CARD
REC-20260729-STORE_02-0085;STORE_02;CASH-05;2026-07-29 17:37:12;SKU-008;2;12000;500;CASH
REC-20260729-STORE_02-0085;STORE_02;CASH-09;2026-07-29 17:37:12;SKU-007;4;12000;500;CASH
REC-20260729-STORE_02-0086;STORE_02;CASH-09;2026-07-29 15:41:58;SKU-001;2;45000;0;CASH
REC-20260729-STORE_02-0086;STORE_02;CASH-08;2026-07-29 15:41:58;SKU-016;1;25000;0;CARD
REC-20260729-STORE_02-0086;STORE_02;CASH-09;2026-07-29 15:41:58;SKU-014;1;5000;0;CARD
REC-20260729-STORE_02-0086;STORE_02;CASH-06;2026-07-29 15:41:58;SKU-007;2;12000;0;CARD
REC-20260729-STORE_02-0086;STORE_02;CASH-08;2026-07-29 15:41:58;SKU-001;4;45000;0;CASH
REC-20260729-STORE_02-0087;STORE_02;CASH-06;2026-07-29 13:27:52;SKU-018;2;5000;500;CARD
REC-20260729-STORE_02-0087;STORE_02;CASH-08;2026-07-29 13:27:52;SKU-002;3;12000;0;CARD
REC-20260729-STORE_02-0087;STORE_02;CASH-02;2026-07-29 13:27:52;SKU-010;2;25000;0;CASH
REC-20260729-STORE_02-0087;STORE_02;CASH-04;2026-07-29 13:27:52;SKU-008;4;12000;0;CASH
REC-20260729-STORE_02-0088;STORE_02;CASH-06;2026-07-29 13:13:10;SKU-007;4;12000;1000;CARD
REC-20260729-STORE_02-0089;STORE_02;CASH-06;2026-07-29 12:54:33;SKU-017;1;12000;0;CASH
REC-20260729-STORE_02-0089;STORE_02;CASH-05;2026-07-29 12:54:33;SKU-010;4;25000;0;CASH
REC-20260729-STORE_02-0090;STORE_02;CASH-08;2026-07-29 9:55:05;SKU-018;2;5000;500;CASH
REC-20260729-STORE_02-0090;STORE_02;CASH-09;2026-07-29 9:55:05;SKU-010;4;25000;0;CASH
REC-20260729-STORE_02-0091;STORE_02;CASH-03;2026-07-29 18:05:27;SKU-011;2;5000;0;CARD
REC-20260729-STORE_02-0091;STORE_02;CASH-03;2026-07-29 18:05:27;SKU-013;1;12000;1000;CARD
REC-20260729-STORE_02-0091;STORE_02;CASH-08;2026-07-29 18:05:27;SKU-003;3;45000;0;CASH
REC-20260729-STORE_02-0091;STORE_02;CASH-06;2026-07-29 18:05:27;SKU-028;1;5000;1000;CARD
REC-20260729-STORE_02-0092;STORE_02;CASH-10;2026-07-29 12:22:43;SKU-001;1;45000;0;CASH
REC-20260729-STORE_02-0092;STORE_02;CASH-05;2026-07-29 12:22:43;SKU-003;4;45000;0;CASH
REC-20260729-STORE_02-0092;STORE_02;CASH-09;2026-07-29 12:22:43;SKU-022;2;12000;0;CARD
REC-20260729-STORE_02-0093;STORE_02;CASH-10;2026-07-29 10:41:27;SKU-019;3;25000;0;CARD
REC-20260729-STORE_02-0093;STORE_02;CASH-03;2026-07-29 10:41:27;SKU-047;3;5000;0;CARD
REC-20260729-STORE_02-0094;STORE_02;CASH-10;2026-07-29 16:56:46;SKU-027;2;5000;500;CASH
REC-20260729-STORE_02-0094;STORE_02;CASH-06;2026-07-29 16:56:46;SKU-023;3;45000;0;CARD
REC-20260729-STORE_02-0094;STORE_02;CASH-05;2026-07-29 16:56:46;SKU-030;3;45000;0;CASH
REC-20260729-STORE_02-0095;STORE_02;CASH-09;2026-07-29 12:23:10;SKU-001;3;45000;1000;CASH
REC-20260729-STORE_02-0096;STORE_02;CASH-03;2026-07-29 17:37:36;SKU-001;3;45000;0;CARD
REC-20260729-STORE_02-0096;STORE_02;CASH-06;2026-07-29 17:37:36;SKU-014;3;5000;0;CASH
REC-20260729-STORE_02-0097;STORE_02;CASH-04;2026-07-29 9:54:34;SKU-003;1;45000;1000;CARD
REC-20260729-STORE_02-0097;STORE_02;CASH-01;2026-07-29 9:54:34;SKU-005;4;5000;500;CARD
REC-20260729-STORE_02-0097;STORE_02;CASH-04;2026-07-29 9:54:34;SKU-001;1;45000;500;CASH
REC-20260729-STORE_02-0097;STORE_02;CASH-07;2026-07-29 9:54:34;SKU-001;1;45000;1000;CASH
REC-20260729-STORE_02-0098;STORE_02;CASH-08;2026-07-29 19:55:11;SKU-008;2;12000;0;CARD
REC-20260729-STORE_02-0098;STORE_02;CASH-01;2026-07-29 19:55:11;SKU-007;2;12000;500;CASH
REC-20260729-STORE_02-0099;STORE_02;CASH-07;2026-07-29 12:38:51;SKU-002;2;12000;1000;CARD
REC-20260729-STORE_02-0100;STORE_02;CASH-08;2026-07-29 21:18:14;SKU-010;2;25000;0;CASH
REC-20260729-STORE_02-0100;STORE_02;CASH-03;2026-07-29 21:18:14;SKU-003;3;45000;0;CARD
REC-20260729-STORE_02-0100;STORE_02;CASH-06;2026-07-29 21:18:14;SKU-034;1;25000;1000;CARD
REC-20260729-STORE_02-0100;STORE_02;CASH-05;2026-07-29 21:18:14;SKU-001;3;45000;0;CARD
REC-20260729-STORE_02-0100;STORE_02;CASH-09;2026-07-29 21:18:14;SKU-008;1;12000;0;CASH
REC-20260729-STORE_02-0101;STORE_02;CASH-05;2026-07-29 21:33:11;SKU-004;1;25000;0;CARD
REC-20260729-STORE_02-0101;STORE_02;CASH-06;2026-07-29 21:33:11;SKU-008;1;12000;0;CARD
REC-20260729-STORE_02-0101;STORE_02;CASH-02;2026-07-29 21:33:11;SKU-007;1;12000;500;CARD
REC-20260729-STORE_02-0101;STORE_02;CASH-03;2026-07-29 21:33:11;SKU-002;3;12000;1000;CASH
REC-20260729-STORE_02-0101;STORE_02;CASH-05;2026-07-29 21:33:11;SKU-004;2;25000;0;CARD
REC-20260729-STORE_02-0102;STORE_02;CASH-09;2026-07-29 17:01:54;SKU-002;1;12000;0;CASH
REC-20260729-STORE_02-0102;STORE_02;CASH-03;2026-07-29 17:01:54;SKU-021;2;5000;0;CASH
REC-20260729-STORE_02-0103;STORE_02;CASH-09;2026-07-29 21:38:22;SKU-001;2;45000;0;CARD
REC-20260729-STORE_02-0103;STORE_02;CASH-01;2026-07-29 21:38:22;SKU-001;1;45000;0;CARD
REC-20260729-STORE_02-0103;STORE_02;CASH-01;2026-07-29 21:38:22;SKU-030;1;45000;1000;CARD
REC-20260729-STORE_02-0103;STORE_02;CASH-06;2026-07-29 21:38:22;SKU-004;3;25000;1000;CARD
REC-20260729-STORE_02-0103;STORE_02;CASH-09;2026-07-29 21:38:22;SKU-050;4;25000;0;CASH
REC-20260729-STORE_02-0104;STORE_02;CASH-05;2026-07-29 16:43:31;SKU-001;3;45000;0;CASH
REC-20260729-STORE_02-0105;STORE_02;CASH-04;2026-07-29 17:17:40;SKU-016;3;25000;0;CARD
REC-20260729-STORE_02-0105;STORE_02;CASH-09;2026-07-29 17:17:40;SKU-001;3;45000;0;CARD
REC-20260729-STORE_02-0105;STORE_02;CASH-10;2026-07-29 17:17:40;SKU-035;1;5000;500;CASH
REC-20260729-STORE_02-0105;STORE_02;CASH-08;2026-07-29 17:17:40;SKU-004;3;25000;0;CASH
REC-20260729-STORE_02-0106;STORE_02;CASH-07;2026-07-29 9:07:15;SKU-008;1;12000;0;CARD
REC-20260729-STORE_02-0106;STORE_02;CASH-05;2026-07-29 9:07:15;SKU-002;4;12000;500;CARD
REC-20260729-STORE_02-0106;STORE_02;CASH-09;2026-07-29 9:07:15;SKU-001;1;45000;0;CARD
REC-20260729-STORE_02-0107;STORE_02;CASH-03;2026-07-29 16:57:54;SKU-012;4;45000;0;CARD
REC-20260729-STORE_02-0108;STORE_02;CASH-06;2026-07-29 13:41:49;SKU-033;4;5000;0;CASH
REC-20260729-STORE_02-0108;STORE_02;CASH-09;2026-07-29 13:41:49;SKU-001;2;45000;500;CARD
REC-20260729-STORE_02-0108;STORE_02;CASH-08;2026-07-29 13:41:49;SKU-001;4;45000;0;CASH
REC-20260729-STORE_02-0108;STORE_02;CASH-05;2026-07-29 13:41:49;SKU-014;2;5000;1000;CASH
REC-20260729-STORE_02-0109;STORE_02;CASH-07;2026-07-29 13:07:38;SKU-006;2;45000;0;CASH
REC-20260729-STORE_02-0109;STORE_02;CASH-05;2026-07-29 13:07:38;SKU-001;1;45000;0;CARD
REC-20260729-STORE_02-0109;STORE_02;CASH-08;2026-07-29 13:07:38;SKU-008;2;12000;0;CARD
REC-20260729-STORE_02-0109;STORE_02;CASH-09;2026-07-29 13:07:38;SKU-021;1;5000;0;CARD
REC-20260729-STORE_02-0110;STORE_02;CASH-02;2026-07-29 17:19:21;SKU-012;3;45000;0;CASH
REC-20260729-STORE_02-0110;STORE_02;CASH-10;2026-07-29 17:19:21;SKU-004;4;25000;500;CASH
REC-20260729-STORE_02-0110;STORE_02;CASH-04;2026-07-29 17:19:21;SKU-002;2;12000;0;CARD
REC-20260729-STORE_02-0110;STORE_02;CASH-08;2026-07-29 17:19:21;SKU-021;4;5000;500;CARD
REC-20260729-STORE_02-0111;STORE_02;CASH-01;2026-07-29 17:07:00;SKU-012;3;45000;500;CARD
REC-20260729-STORE_02-0112;STORE_02;CASH-01;2026-07-29 9:57:45;SKU-003;3;45000;500;CARD
REC-20260729-STORE_02-0112;STORE_02;CASH-10;2026-07-29 9:57:45;SKU-006;3;45000;0;CARD
REC-20260729-STORE_02-0112;STORE_02;CASH-08;2026-07-29 9:57:45;SKU-004;2;25000;1000;CASH
REC-20260729-STORE_02-0112;STORE_02;CASH-06;2026-07-29 9:57:45;SKU-004;2;25000;0;CARD
REC-20260729-STORE_02-0113;STORE_02;CASH-10;2026-07-29 12:45:38;SKU-004;1;25000;500;CASH
REC-20260729-STORE_02-0114;STORE_02;CASH-10;2026-07-29 8:53:57;SKU-013;1;12000;0;CARD
REC-20260729-STORE_02-0114;STORE_02;CASH-09;2026-07-29 8:53:57;SKU-013;3;12000;0;CARD
REC-20260729-STORE_02-0114;STORE_02;CASH-09;2026-07-29 8:53:57;SKU-004;1;25000;0;CARD
REC-20260729-STORE_02-0115;STORE_02;CASH-10;2026-07-29 21:40:02;SKU-001;2;45000;0;CARD
REC-20260729-STORE_02-0115;STORE_02;CASH-04;2026-07-29 21:40:02;SKU-020;1;12000;0;CASH
REC-20260729-STORE_02-0115;STORE_02;CASH-03;2026-07-29 21:40:02;SKU-001;2;45000;1000;CARD
REC-20260729-STORE_02-0116;STORE_02;CASH-03;2026-07-29 15:19:38;SKU-001;4;45000;0;CASH
REC-20260729-STORE_02-0116;STORE_02;CASH-03;2026-07-29 15:19:38;SKU-001;3;45000;0;CARD
REC-20260729-STORE_02-0117;STORE_02;CASH-07;2026-07-29 13:31:51;SKU-010;1;25000;0;CARD
REC-20260729-STORE_02-0118;STORE_02;CASH-04;2026-07-29 18:48:34;SKU-001;2;45000;0;CARD
REC-20260729-STORE_02-0118;STORE_02;CASH-04;2026-07-29 18:48:34;SKU-033;2;5000;500;CASH
REC-20260729-STORE_02-0118;STORE_02;CASH-10;2026-07-29 18:48:34;SKU-002;3;12000;0;CARD
REC-20260729-STORE_02-0118;STORE_02;CASH-01;2026-07-29 18:48:34;SKU-030;2;45000;500;CASH
REC-20260729-STORE_02-0118;STORE_02;CASH-09;2026-07-29 18:48:34;SKU-001;2;45000;1000;CARD
REC-20260729-STORE_02-0119;STORE_02;CASH-05;2026-07-29 17:05:25;SKU-002;4;12000;500;CARD
REC-20260729-STORE_02-0119;STORE_02;CASH-09;2026-07-29 17:05:25;SKU-003;3;45000;0;CARD
REC-20260729-STORE_02-0119;STORE_02;CASH-03;2026-07-29 17:05:25;SKU-001;4;45000;0;CARD
REC-20260729-STORE_02-0119;STORE_02;CASH-05;2026-07-29 17:05:25;SKU-022;4;12000;500;CARD
REC-20260729-STORE_02-0120;STORE_02;CASH-02;2026-07-29 17:45:00;SKU-001;1;45000;0;CASH
REC-20260729-STORE_02-0120;STORE_02;CASH-10;2026-07-29 17:45:00;SKU-005;3;5000;0;CASH
REC-20260729-STORE_02-0120;STORE_02;CASH-05;2026-07-29 17:45:00;SKU-012;4;45000;0;CARD
REC-20260729-STORE_02-0120;STORE_02;CASH-09;2026-07-29 17:45:00;SKU-007;1;12000;500;CARD
REC-20260729-STORE_02-0121;STORE_02;CASH-10;2026-07-29 12:46:53;SKU-001;4;45000;0;CARD
REC-20260729-STORE_02-0122;STORE_02;CASH-01;2026-07-29 13:18:44;SKU-009;2;25000;500;CARD
REC-20260729-STORE_02-0122;STORE_02;CASH-04;2026-07-29 13:18:44;SKU-003;2;45000;1000;CARD
REC-20260729-STORE_02-0122;STORE_02;CASH-02;2026-07-29 13:18:44;SKU-001;1;45000;0;CARD
REC-20260729-STORE_02-0123;STORE_02;CASH-04;2026-07-29 21:29:23;SKU-022;1;12000;0;CASH
REC-20260729-STORE_02-0124;STORE_02;CASH-06;2026-07-29 15:33:17;SKU-001;4;45000;0;CASH
REC-20260729-STORE_02-0124;STORE_02;CASH-08;2026-07-29 15:33:17;SKU-023;3;45000;500;CARD
REC-20260729-STORE_02-0124;STORE_02;CASH-03;2026-07-29 15:33:17;SKU-013;4;12000;0;CARD
REC-20260729-STORE_02-0124;STORE_02;CASH-01;2026-07-29 15:33:17;SKU-020;4;12000;1000;CASH
REC-20260729-STORE_02-0124;STORE_02;CASH-07;2026-07-29 15:33:17;SKU-032;3;25000;0;CARD
REC-20260729-STORE_02-0125;STORE_02;CASH-08;2026-07-29 10:03:13;SKU-025;3;5000;1000;CARD
REC-20260729-STORE_02-0125;STORE_02;CASH-02;2026-07-29 10:03:13;SKU-001;1;45000;0;CARD
REC-20260729-STORE_02-0125;STORE_02;CASH-05;2026-07-29 10:03:13;SKU-002;3;12000;1000;CARD
REC-20260729-STORE_02-0126;STORE_02;CASH-03;2026-07-29 9:07:01;SKU-001;3;45000;0;CARD
REC-20260729-STORE_02-0126;STORE_02;CASH-07;2026-07-29 9:07:01;SKU-043;2;25000;500;CARD
REC-20260729-STORE_02-0127;STORE_02;CASH-10;2026-07-29 8:21:13;SKU-004;2;25000;0;CASH
REC-20260729-STORE_02-0127;STORE_02;CASH-04;2026-07-29 8:21:13;SKU-001;1;45000;500;CARD
REC-20260729-STORE_02-0128;STORE_02;CASH-03;2026-07-29 12:16:11;SKU-004;2;25000;1000;CASH
REC-20260729-STORE_02-0129;STORE_02;CASH-04;2026-07-29 15:40:08;SKU-002;4;12000;500;CARD
REC-20260729-STORE_02-0129;STORE_02;CASH-01;2026-07-29 15:40:08;SKU-025;2;5000;500;CARD
REC-20260729-STORE_02-0129;STORE_02;CASH-04;2026-07-29 15:40:08;SKU-041;4;25000;0;CASH
REC-20260729-STORE_02-0129;STORE_02;CASH-09;2026-07-29 15:40:08;SKU-001;3;45000;0;CASH
REC-20260729-STORE_02-0129;STORE_02;CASH-10;2026-07-29 15:40:08;SKU-006;2;45000;0;CARD
REC-20260729-STORE_02-0130;STORE_02;CASH-06;2026-07-29 12:10:09;SKU-002;3;12000;500;CASH
REC-20260729-STORE_02-0130;STORE_02;CASH-10;2026-07-29 12:10:09;SKU-026;1;12000;500;CARD
REC-20260729-STORE_02-0130;STORE_02;CASH-07;2026-07-29 12:10:09;SKU-003;3;45000;500;CARD
REC-20260729-STORE_02-0131;STORE_02;CASH-06;2026-07-29 15:59:18;SKU-018;1;5000;0;CARD
REC-20260729-STORE_02-0131;STORE_02;CASH-02;2026-07-29 15:59:18;SKU-031;4;45000;1000;CARD
REC-20260729-STORE_02-0131;STORE_02;CASH-01;2026-07-29 15:59:18;SKU-005;4;5000;1000;CARD
REC-20260729-STORE_02-0131;STORE_02;CASH-09;2026-07-29 15:59:18;SKU-016;1;25000;0;CARD
REC-20260729-STORE_02-0132;STORE_02;CASH-03;2026-07-29 9:57:19;SKU-024;3;12000;0;CARD
REC-20260729-STORE_02-0132;STORE_02;CASH-02;2026-07-29 9:57:19;SKU-008;3;12000;500;CARD
REC-20260729-STORE_02-0132;STORE_02;CASH-06;2026-07-29 9:57:19;SKU-001;2;45000;0;CARD
REC-20260729-STORE_02-0133;STORE_02;CASH-04;2026-07-29 9:26:51;SKU-002;1;12000;0;CASH
REC-20260729-STORE_02-0133;STORE_02;CASH-01;2026-07-29 9:26:51;SKU-001;1;45000;500;CARD
REC-20260729-STORE_02-0133;STORE_02;CASH-05;2026-07-29 9:26:51;SKU-001;4;45000;0;CARD
REC-20260729-STORE_02-0133;STORE_02;CASH-07;2026-07-29 9:26:51;SKU-001;4;45000;0;CARD
REC-20260729-STORE_02-0134;STORE_02;CASH-09;2026-07-29 13:25:35;SKU-008;1;12000;0;CARD
REC-20260729-STORE_02-0135;STORE_02;CASH-06;2026-07-29 18:58:24;SKU-018;4;5000;0;CASH
REC-20260729-STORE_02-0135;STORE_02;CASH-03;2026-07-29 18:58:24;SKU-003;4;45000;0;CARD
REC-20260729-STORE_02-0135;STORE_02;CASH-10;2026-07-29 18:58:24;SKU-031;1;45000;1000;CARD
REC-20260729-STORE_02-0135;STORE_02;CASH-08;2026-07-29 18:58:24;SKU-008;1;12000;0;CASH
REC-20260729-STORE_02-0135;STORE_02;CASH-07;2026-07-29 18:58:24;SKU-006;2;45000;500;CARD
REC-20260729-STORE_02-0136;STORE_02;CASH-03;2026-07-29 13:36:54;SKU-005;1;5000;500;CASH
REC-20260729-STORE_02-0136;STORE_02;CASH-02;2026-07-29 13:36:54;SKU-001;1;45000;1000;CARD
REC-20260729-STORE_02-0136;STORE_02;CASH-10;2026-07-29 13:36:54;SKU-003;2;45000;500;CASH
REC-20260729-STORE_02-0136;STORE_02;CASH-06;2026-07-29 13:36:54;SKU-001;1;45000;1000;CASH
REC-20260729-STORE_02-0137;STORE_02;CASH-05;2026-07-29 21:49:09;SKU-006;1;45000;0;CARD
REC-20260729-STORE_02-0137;STORE_02;CASH-03;2026-07-29 21:49:09;SKU-004;1;25000;0;CARD
REC-20260729-STORE_02-0137;STORE_02;CASH-01;2026-07-29 21:49:09;SKU-004;3;25000;1000;CARD
REC-20260729-STORE_02-0138;STORE_02;CASH-05;2026-07-29 10:01:21;SKU-001;1;45000;500;CASH
REC-20260729-STORE_02-0138;STORE_02;CASH-02;2026-07-29 10:01:21;SKU-032;1;25000;0;CASH
REC-20260729-STORE_02-0138;STORE_02;CASH-07;2026-07-29 10:01:21;SKU-005;4;5000;0;CARD
REC-20260729-STORE_02-0138;STORE_02;CASH-03;2026-07-29 10:01:21;SKU-006;1;45000;0;CASH
REC-20260729-STORE_02-0138;STORE_02;CASH-07;2026-07-29 10:01:21;SKU-003;4;45000;0;CARD
REC-20260729-STORE_02-0139;STORE_02;CASH-07;2026-07-29 20:25:57;SKU-001;4;45000;0;CARD
REC-20260729-STORE_02-0139;STORE_02;CASH-01;2026-07-29 20:25:57;SKU-001;3;45000;500;CASH
REC-20260729-STORE_02-0139;STORE_02;CASH-08;2026-07-29 20:25:57;SKU-002;4;12000;0;CARD
REC-20260729-STORE_02-0139;STORE_02;CASH-04;2026-07-29 20:25:57;SKU-004;3;25000;0;CARD
REC-20260729-STORE_02-0139;STORE_02;CASH-01;2026-07-29 20:25:57;SKU-027;2;5000;0;CARD
REC-20260729-STORE_02-0140;STORE_02;CASH-04;2026-07-29 12:59:17;SKU-005;3;5000;1000;CARD
REC-20260729-STORE_02-0141;STORE_02;CASH-01;2026-07-29 13:11:44;SKU-030;2;45000;1000;CASH
REC-20260729-STORE_02-0141;STORE_02;CASH-07;2026-07-29 13:11:44;SKU-028;4;5000;0;CASH
REC-20260729-STORE_02-0142;STORE_02;CASH-08;2026-07-29 17:28:57;SKU-001;4;45000;0;CASH
REC-20260729-STORE_02-0143;STORE_02;CASH-08;2026-07-29 19:26:54;SKU-001;1;45000;0;CARD
REC-20260729-STORE_02-0143;STORE_02;CASH-09;2026-07-29 19:26:54;SKU-009;2;25000;500;CASH
REC-20260729-STORE_02-0144;STORE_02;CASH-01;2026-07-29 18:56:49;SKU-025;4;5000;0;CASH
REC-20260729-STORE_02-0144;STORE_02;CASH-04;2026-07-29 18:56:49;SKU-026;2;12000;500;CASH
REC-20260729-STORE_02-0144;STORE_02;CASH-02;2026-07-29 18:56:49;SKU-004;2;25000;0;CASH
REC-20260729-STORE_02-0145;STORE_02;CASH-09;2026-07-29 15:29:47;SKU-001;2;45000;0;CASH
REC-20260729-STORE_02-0145;STORE_02;CASH-01;2026-07-29 15:29:47;SKU-002;4;12000;500;CARD
REC-20260729-STORE_02-0145;STORE_02;CASH-01;2026-07-29 15:29:47;SKU-001;4;45000;500;CASH
REC-20260729-STORE_02-0145;STORE_02;CASH-07;2026-07-29 15:29:47;SKU-008;1;12000;0;CASH
REC-20260729-STORE_02-0145;STORE_02;CASH-08;2026-07-29 15:29:47;SKU-013;2;12000;0;CARD
REC-20260729-STORE_02-0146;STORE_02;CASH-09;2026-07-29 12:46:39;SKU-008;1;12000;500;CARD
REC-20260729-STORE_02-0147;STORE_02;CASH-01;2026-07-29 10:16:06;SKU-002;1;12000;0;CASH
REC-20260729-STORE_02-0147;STORE_02;CASH-08;2026-07-29 10:16:06;SKU-009;4;25000;1000;CASH
REC-20260729-STORE_02-0148;STORE_02;CASH-06;2026-07-29 9:19:55;SKU-046;4;25000;0;CARD
REC-20260729-STORE_02-0148;STORE_02;CASH-07;2026-07-29 9:19:55;SKU-001;4;45000;500;CARD
REC-20260729-STORE_02-0148;STORE_02;CASH-06;2026-07-29 9:19:55;SKU-007;1;12000;0;CASH
REC-20260729-STORE_02-0148;STORE_02;CASH-04;2026-07-29 9:19:55;SKU-001;1;45000;0;CARD
REC-20260729-STORE_02-0149;STORE_02;CASH-08;2026-07-29 18:06:56;SKU-001;2;45000;500;CARD
REC-20260729-STORE_02-0149;STORE_02;CASH-02;2026-07-29 18:06:56;SKU-001;1;45000;0;CARD
REC-20260729-STORE_02-0149;STORE_02;CASH-07;2026-07-29 18:06:56;SKU-002;2;12000;1000;CARD
REC-20260729-STORE_02-0149;STORE_02;CASH-07;2026-07-29 18:06:56;SKU-003;3;45000;500;CARD
REC-20260729-STORE_02-0149;STORE_02;CASH-02;2026-07-29 18:06:56;SKU-007;2;12000;0;CARD
REC-20260729-STORE_02-0150;STORE_02;CASH-09;2026-07-29 13:14:07;SKU-002;1;12000;500;CASH
REC-20260729-STORE_02-0151;STORE_02;CASH-02;2026-07-29 18:59:34;SKU-015;2;5000;0;CARD
REC-20260729-STORE_02-0152;STORE_02;CASH-08;2026-07-29 8:21:09;SKU-011;1;5000;0;CARD
REC-20260729-STORE_02-0152;STORE_02;CASH-09;2026-07-29 8:21:09;SKU-001;4;45000;1000;CARD
REC-20260729-STORE_02-0152;STORE_02;CASH-09;2026-07-29 8:21:09;SKU-005;3;5000;0;CARD
REC-20260729-STORE_02-0152;STORE_02;CASH-08;2026-07-29 8:21:09;SKU-002;4;12000;0;CASH
REC-20260729-STORE_02-0152;STORE_02;CASH-05;2026-07-29 8:21:09;SKU-001;1;45000;0;CARD
REC-20260729-STORE_02-0153;STORE_02;CASH-01;2026-07-29 18:12:49;SKU-004;2;25000;0;CASH
REC-20260729-STORE_02-0153;STORE_02;CASH-10;2026-07-29 18:12:49;SKU-006;2;45000;0;CARD
REC-20260729-STORE_02-0153;STORE_02;CASH-01;2026-07-29 18:12:49;SKU-004;4;25000;1000;CARD
REC-20260729-STORE_02-0153;STORE_02;CASH-01;2026-07-29 18:12:49;SKU-002;2;12000;0;CARD
REC-20260729-STORE_02-0154;STORE_02;CASH-01;2026-07-29 19:40:19;SKU-004;3;25000;0;CARD
REC-20260729-STORE_02-0155;STORE_02;CASH-01;2026-07-29 14:54:06;SKU-001;2;45000;0;CARD
REC-20260729-STORE_02-0155;STORE_02;CASH-09;2026-07-29 14:54:06;SKU-010;4;25000;0;CARD
REC-20260729-STORE_02-0155;STORE_02;CASH-07;2026-07-29 14:54:06;SKU-001;2;45000;0;CASH
REC-20260729-STORE_02-0155;STORE_02;CASH-04;2026-07-29 14:54:06;SKU-001;3;45000;0;CARD
REC-20260729-STORE_02-0156;STORE_02;CASH-03;2026-07-29 19:11:02;SKU-001;4;45000;0;CASH
REC-20260729-STORE_02-0157;STORE_02;CASH-09;2026-07-29 10:04:31;SKU-001;2;45000;0;CARD
REC-20260729-STORE_02-0157;STORE_02;CASH-05;2026-07-29 10:04:31;SKU-037;4;45000;0;CARD
REC-20260729-STORE_02-0157;STORE_02;CASH-05;2026-07-29 10:04:31;SKU-002;3;12000;0;CARD
REC-20260729-STORE_02-0158;STORE_02;CASH-06;2026-07-29 19:10:36;SKU-001;4;45000;0;CASH
REC-20260729-STORE_02-0158;STORE_02;CASH-10;2026-07-29 19:10:36;SKU-004;3;25000;0;CARD
REC-20260729-STORE_02-0159;STORE_02;CASH-03;2026-07-29 12:54:35;SKU-025;3;5000;0;CASH
REC-20260729-STORE_02-0159;STORE_02;CASH-06;2026-07-29 12:54:35;SKU-026;1;12000;500;CARD
REC-20260729-STORE_02-0160;STORE_02;CASH-09;2026-07-29 9:05:42;SKU-001;4;45000;1000;CARD
REC-20260729-STORE_02-0161;STORE_02;CASH-04;2026-07-29 17:35:51;SKU-001;2;45000;0;CASH
REC-20260729-STORE_02-0161;STORE_02;CASH-06;2026-07-29 17:35:51;SKU-030;2;45000;0;CARD
REC-20260729-STORE_02-0161;STORE_02;CASH-02;2026-07-29 17:35:51;SKU-001;3;45000;1000;CARD
REC-20260729-STORE_02-0162;STORE_02;CASH-08;2026-07-29 17:35:52;SKU-006;2;45000;1000;CASH
REC-20260729-STORE_02-0162;STORE_02;CASH-05;2026-07-29 17:35:52;SKU-007;2;12000;0;CARD
REC-20260729-STORE_02-0162;STORE_02;CASH-02;2026-07-29 17:35:52;SKU-029;4;5000;0;CASH
REC-20260729-STORE_02-0163;STORE_02;CASH-04;2026-07-29 18:38:47;SKU-004;4;25000;0;CARD
REC-20260729-STORE_02-0164;STORE_02;CASH-02;2026-07-29 14:14:34;SKU-019;4;25000;0;CARD
REC-20260729-STORE_02-0165;STORE_02;CASH-04;2026-07-29 18:32:18;SKU-002;2;12000;1000;CASH
REC-20260729-STORE_02-0165;STORE_02;CASH-06;2026-07-29 18:32:18;SKU-003;4;45000;0;CARD
REC-20260729-STORE_02-0165;STORE_02;CASH-09;2026-07-29 18:32:18;SKU-001;4;45000;0;CASH
REC-20260729-STORE_02-0165;STORE_02;CASH-04;2026-07-29 18:32:18;SKU-011;2;5000;0;CARD
REC-20260729-STORE_02-0166;STORE_02;CASH-01;2026-07-29 19:09:01;SKU-001;1;45000;1000;CARD
REC-20260729-STORE_02-0166;STORE_02;CASH-04;2026-07-29 19:09:01;SKU-001;3;45000;0;CARD
REC-20260729-STORE_02-0167;STORE_02;CASH-03;2026-07-29 18:04:56;SKU-009;3;25000;0;CARD
REC-20260729-STORE_02-0167;STORE_02;CASH-02;2026-07-29 18:04:56;SKU-011;3;5000;0;CARD
REC-20260729-STORE_02-0167;STORE_02;CASH-04;2026-07-29 18:04:56;SKU-009;2;25000;1000;CARD
REC-20260729-STORE_02-0167;STORE_02;CASH-08;2026-07-29 18:04:56;SKU-025;4;5000;0;CASH
REC-20260729-STORE_02-0167;STORE_02;CASH-05;2026-07-29 18:04:56;SKU-014;4;5000;0;CASH
REC-20260729-STORE_02-0168;STORE_02;CASH-09;2026-07-29 14:32:44;SKU-001;1;45000;0;CARD
REC-20260729-STORE_02-0168;STORE_02;CASH-08;2026-07-29 14:32:44;SKU-002;3;12000;0;CARD
REC-20260729-STORE_02-0169;STORE_02;CASH-02;2026-07-29 19:35:16;SKU-001;2;45000;0;CARD
REC-20260729-STORE_02-0169;STORE_02;CASH-03;2026-07-29 19:35:16;SKU-001;2;45000;0;CASH
REC-20260729-STORE_02-0169;STORE_02;CASH-06;2026-07-29 19:35:16;SKU-019;4;25000;1000;CARD
REC-20260729-STORE_02-0169;STORE_02;CASH-04;2026-07-29 19:35:16;SKU-003;4;45000;0;CASH
REC-20260729-STORE_02-0169;STORE_02;CASH-06;2026-07-29 19:35:16;SKU-017;2;12000;0;CASH
REC-20260729-STORE_02-0170;STORE_02;CASH-03;2026-07-29 19:35:45;SKU-001;2;45000;0;CARD
REC-20260729-STORE_02-0170;STORE_02;CASH-07;2026-07-29 19:35:45;SKU-026;2;12000;0;CARD
REC-20260729-STORE_02-0170;STORE_02;CASH-01;2026-07-29 19:35:45;SKU-001;3;45000;1000;CARD
REC-20260729-STORE_02-0170;STORE_02;CASH-03;2026-07-29 19:35:45;SKU-008;1;12000;0;CARD
REC-20260729-STORE_02-0171;STORE_02;CASH-05;2026-07-29 9:03:49;SKU-007;2;12000;1000;CARD
REC-20260729-STORE_02-0171;STORE_02;CASH-08;2026-07-29 9:03:49;SKU-005;3;5000;1000;CASH
REC-20260729-STORE_02-0172;STORE_02;CASH-06;2026-07-29 18:53:22;SKU-047;3;5000;500;CASH
REC-20260729-STORE_02-0172;STORE_02;CASH-08;2026-07-29 18:53:22;SKU-017;4;12000;0;CASH
REC-20260729-STORE_02-0172;STORE_02;CASH-01;2026-07-29 18:53:22;SKU-016;2;25000;500;CASH
REC-20260729-STORE_02-0173;STORE_02;CASH-08;2026-07-29 11:18:47;SKU-004;1;25000;0;CASH
REC-20260729-STORE_02-0174;STORE_02;CASH-07;2026-07-29 11:52:22;SKU-020;1;12000;1000;CARD
REC-20260729-STORE_02-0175;STORE_02;CASH-09;2026-07-29 15:00:49;SKU-002;4;12000;0;CARD
REC-20260729-STORE_02-0176;STORE_02;CASH-07;2026-07-29 14:21:47;SKU-011;1;5000;1000;CARD
REC-20260729-STORE_02-0176;STORE_02;CASH-06;2026-07-29 14:21:47;SKU-023;4;45000;0;CASH
REC-20260729-STORE_02-0176;STORE_02;CASH-05;2026-07-29 14:21:47;SKU-003;4;45000;0;CASH
REC-20260729-STORE_02-0177;STORE_02;CASH-06;2026-07-29 13:38:51;SKU-024;4;12000;500;CASH
REC-20260729-STORE_02-0177;STORE_02;CASH-07;2026-07-29 13:38:51;SKU-001;2;45000;0;CARD
REC-20260729-STORE_02-0177;STORE_02;CASH-05;2026-07-29 13:38:51;SKU-026;2;12000;500;CARD
REC-20260729-STORE_02-0178;STORE_02;CASH-06;2026-07-29 11:58:17;SKU-004;3;25000;0;CARD
REC-20260729-STORE_02-0178;STORE_02;CASH-08;2026-07-29 11:58:17;SKU-040;4;25000;1000;CARD
REC-20260729-STORE_02-0178;STORE_02;CASH-09;2026-07-29 11:58:17;SKU-006;3;45000;500;CARD
REC-20260729-STORE_02-0178;STORE_02;CASH-08;2026-07-29 11:58:17;SKU-001;3;45000;0;CASH
REC-20260729-STORE_02-0178;STORE_02;CASH-02;2026-07-29 11:58:17;SKU-034;3;25000;0;CASH
REC-20260729-STORE_02-0179;STORE_02;CASH-07;2026-07-29 15:13:02;SKU-001;4;45000;0;CASH
REC-20260729-STORE_02-0179;STORE_02;CASH-02;2026-07-29 15:13:02;SKU-026;2;12000;500;CARD
REC-20260729-STORE_02-0179;STORE_02;CASH-02;2026-07-29 15:13:02;SKU-003;1;45000;0;CASH
REC-20260729-STORE_02-0179;STORE_02;CASH-05;2026-07-29 15:13:02;SKU-005;2;5000;500;CASH
REC-20260729-STORE_02-0179;STORE_02;CASH-01;2026-07-29 15:13:02;SKU-008;2;12000;500;CASH
REC-20260729-STORE_02-0180;STORE_02;CASH-03;2026-07-29 18:27:55;SKU-023;3;45000;0;CASH
REC-20260729-STORE_02-0181;STORE_02;CASH-10;2026-07-29 18:48:13;SKU-002;4;12000;1000;CASH
REC-20260729-STORE_02-0181;STORE_02;CASH-07;2026-07-29 18:48:13;SKU-047;1;5000;0;CARD
REC-20260729-STORE_02-0181;STORE_02;CASH-07;2026-07-29 18:48:13;SKU-041;4;25000;0;CASH
REC-20260729-STORE_02-0181;STORE_02;CASH-10;2026-07-29 18:48:13;SKU-014;1;5000;500;CARD
REC-20260729-STORE_02-0182;STORE_02;CASH-01;2026-07-29 9:13:32;SKU-004;4;25000;1000;CASH
REC-20260729-STORE_02-0182;STORE_02;CASH-09;2026-07-29 9:13:32;SKU-003;4;45000;500;CARD
REC-20260729-STORE_02-0182;STORE_02;CASH-10;2026-07-29 9:13:32;SKU-001;1;45000;0;CASH
REC-20260729-STORE_02-0182;STORE_02;CASH-07;2026-07-29 9:13:32;SKU-031;2;45000;0;CASH
REC-20260729-STORE_02-0182;STORE_02;CASH-10;2026-07-29 9:13:32;SKU-002;2;12000;0;CARD
REC-20260729-STORE_02-0183;STORE_02;CASH-03;2026-07-29 14:45:50;SKU-002;1;12000;1000;CARD
REC-20260729-STORE_02-0184;STORE_02;CASH-10;2026-07-29 18:52:28;SKU-013;2;12000;0;CARD
REC-20260729-STORE_02-0184;STORE_02;CASH-02;2026-07-29 18:52:28;SKU-003;4;45000;500;CARD
REC-20260729-STORE_02-0184;STORE_02;CASH-08;2026-07-29 18:52:28;SKU-011;4;5000;0;CARD
REC-20260729-STORE_02-0184;STORE_02;CASH-08;2026-07-29 18:52:28;SKU-001;1;45000;0;CASH
REC-20260729-STORE_02-0185;STORE_02;CASH-03;2026-07-29 20:53:58;SKU-001;3;45000;0;CASH
REC-20260729-STORE_02-0185;STORE_02;CASH-03;2026-07-29 20:53:58;SKU-021;4;5000;1000;CARD
REC-20260729-STORE_02-0185;STORE_02;CASH-06;2026-07-29 20:53:58;SKU-010;4;25000;0;CASH
REC-20260729-STORE_02-0186;STORE_02;CASH-01;2026-07-29 18:40:56;SKU-005;1;5000;0;CARD
REC-20260729-STORE_02-0186;STORE_02;CASH-06;2026-07-29 18:40:56;SKU-002;1;12000;0;CARD
REC-20260729-STORE_02-0187;STORE_02;CASH-07;2026-07-29 9:16:52;SKU-008;1;12000;1000;CARD
REC-20260729-STORE_02-0187;STORE_02;CASH-08;2026-07-29 9:16:52;SKU-005;3;5000;0;CARD
REC-20260729-STORE_02-0187;STORE_02;CASH-09;2026-07-29 9:16:52;SKU-045;2;45000;1000;CARD
REC-20260729-STORE_02-0187;STORE_02;CASH-02;2026-07-29 9:16:52;SKU-008;2;12000;0;CARD
REC-20260729-STORE_02-0187;STORE_02;CASH-06;2026-07-29 9:16:52;SKU-001;3;45000;0;CARD
REC-20260729-STORE_02-0188;STORE_02;CASH-09;2026-07-29 14:16:01;SKU-002;4;12000;0;CARD
REC-20260729-STORE_02-0188;STORE_02;CASH-06;2026-07-29 14:16:01;SKU-003;4;45000;0;CARD
REC-20260729-STORE_02-0189;STORE_02;CASH-06;2026-07-29 21:02:20;SKU-001;2;45000;0;CASH
REC-20260729-STORE_02-0189;STORE_02;CASH-02;2026-07-29 21:02:20;SKU-016;4;25000;0;CASH
REC-20260729-STORE_02-0190;STORE_02;CASH-09;2026-07-29 10:42:35;SKU-026;1;12000;0;CASH
REC-20260729-STORE_02-0190;STORE_02;CASH-04;2026-07-29 10:42:35;SKU-003;2;45000;1000;CARD
REC-20260729-STORE_02-0190;STORE_02;CASH-01;2026-07-29 10:42:35;SKU-044;3;5000;0;CARD
REC-20260729-STORE_02-0190;STORE_02;CASH-04;2026-07-29 10:42:35;SKU-004;1;25000;0;CARD
REC-20260729-STORE_02-0190;STORE_02;CASH-03;2026-07-29 10:42:35;SKU-011;2;5000;0;CARD
REC-20260729-STORE_02-0191;STORE_02;CASH-02;2026-07-29 19:27:10;SKU-011;2;5000;1000;CARD
REC-20260729-STORE_02-0191;STORE_02;CASH-09;2026-07-29 19:27:10;SKU-021;1;5000;0;CASH
REC-20260729-STORE_02-0192;STORE_02;CASH-07;2026-07-29 18:04:42;SKU-012;1;45000;500;CARD
REC-20260729-STORE_02-0192;STORE_02;CASH-01;2026-07-29 18:04:42;SKU-002;3;12000;0;CARD
REC-20260729-STORE_02-0193;STORE_02;CASH-02;2026-07-29 19:17:41;SKU-002;4;12000;0;CASH
REC-20260729-STORE_02-0193;STORE_02;CASH-10;2026-07-29 19:17:41;SKU-034;3;25000;0;CARD
REC-20260729-STORE_02-0193;STORE_02;CASH-06;2026-07-29 19:17:41;SKU-001;1;45000;0;CARD
REC-20260729-STORE_02-0194;STORE_02;CASH-10;2026-07-29 11:44:32;SKU-005;1;5000;0;CASH
REC-20260729-STORE_02-0194;STORE_02;CASH-01;2026-07-29 11:44:32;SKU-036;1;45000;500;CASH
REC-20260729-STORE_02-0194;STORE_02;CASH-04;2026-07-29 11:44:32;SKU-001;3;45000;500;CARD
REC-20260729-STORE_02-0195;STORE_02;CASH-07;2026-07-29 17:17:27;SKU-040;1;25000;500;CARD
REC-20260729-STORE_02-0195;STORE_02;CASH-02;2026-07-29 17:17:27;SKU-005;2;5000;500;CARD
REC-20260729-STORE_02-0195;STORE_02;CASH-05;2026-07-29 17:17:27;SKU-007;3;12000;0;CARD
REC-20260729-STORE_02-0195;STORE_02;CASH-07;2026-07-29 17:17:27;SKU-008;2;12000;0;CARD
REC-20260729-STORE_02-0195;STORE_02;CASH-10;2026-07-29 17:17:27;SKU-029;4;5000;0;CARD
REC-20260729-STORE_02-0196;STORE_02;CASH-06;2026-07-29 11:24:10;SKU-006;4;45000;0;CARD
REC-20260729-STORE_02-0196;STORE_02;CASH-08;2026-07-29 11:24:10;SKU-014;2;5000;0;CARD
REC-20260729-STORE_02-0196;STORE_02;CASH-08;2026-07-29 11:24:10;SKU-001;2;45000;0;CASH
REC-20260729-STORE_02-0197;STORE_02;CASH-03;2026-07-29 13:40:04;SKU-005;4;5000;0;CASH
REC-20260729-STORE_02-0198;STORE_02;CASH-02;2026-07-29 15:25:19;SKU-001;4;45000;0;CARD
REC-20260729-STORE_02-0198;STORE_02;CASH-05;2026-07-29 15:25:19;SKU-001;4;45000;1000;CARD
REC-20260729-STORE_02-0198;STORE_02;CASH-08;2026-07-29 15:25:19;SKU-002;4;12000;500;CARD
REC-20260729-STORE_02-0198;STORE_02;CASH-02;2026-07-29 15:25:19;SKU-001;2;45000;500;CASH
REC-20260729-STORE_02-0199;STORE_02;CASH-02;2026-07-29 15:10:46;SKU-002;2;12000;0;CARD
REC-20260729-STORE_02-0200;STORE_02;CASH-05;2026-07-29 18:39:13;SKU-002;2;12000;0;CARD
REC-20260729-STORE_02-0200;STORE_02;CASH-05;2026-07-29 18:39:13;SKU-023;1;45000;0;CARD
REC-20260729-STORE_02-0200;STORE_02;CASH-07;2026-07-29 18:39:13;SKU-001;4;45000;0;CARD
REC-20260729-STORE_02-0200;STORE_02;CASH-03;2026-07-29 18:39:13;SKU-023;1;45000;1000;CARD
REC-20260729-STORE_02-0200;STORE_02;CASH-08;2026-07-29 18:39:13;SKU-005;2;5000;1000;CARD
REC-20260729-STORE_02-0201;STORE_02;CASH-03;2026-07-29 20:16:29;SKU-050;3;25000;0;CASH
REC-20260729-STORE_02-0201;STORE_02;CASH-07;2026-07-29 20:16:29;SKU-022;3;12000;1000;CARD
REC-20260729-STORE_02-0202;STORE_02;CASH-02;2026-07-29 9:49:49;SKU-015;2;5000;0;CARD
REC-20260729-STORE_02-0202;STORE_02;CASH-06;2026-07-29 9:49:49;SKU-013;2;12000;0;CARD
REC-20260729-STORE_02-0202;STORE_02;CASH-06;2026-07-29 9:49:49;SKU-043;2;25000;1000;CASH
REC-20260729-STORE_02-0202;STORE_02;CASH-03;2026-07-29 9:49:49;SKU-001;3;45000;0;CARD
REC-20260729-STORE_02-0202;STORE_02;CASH-10;2026-07-29 9:49:49;SKU-003;4;45000;500;CARD
REC-20260729-STORE_02-0203;STORE_02;CASH-06;2026-07-29 13:47:08;SKU-003;2;45000;1000;CARD
REC-20260729-STORE_02-0203;STORE_02;CASH-08;2026-07-29 13:47:08;SKU-023;3;45000;0;CARD
REC-20260729-STORE_02-0203;STORE_02;CASH-02;2026-07-29 13:47:08;SKU-002;1;12000;500;CARD
REC-20260729-STORE_02-0203;STORE_02;CASH-09;2026-07-29 13:47:08;SKU-006;2;45000;500;CASH
REC-20260729-STORE_02-0203;STORE_02;CASH-08;2026-07-29 13:47:08;SKU-010;4;25000;0;CARD
REC-20260729-STORE_02-0204;STORE_02;CASH-02;2026-07-29 20:56:41;SKU-008;3;12000;0;CASH
REC-20260729-STORE_02-0204;STORE_02;CASH-06;2026-07-29 20:56:41;SKU-001;1;45000;0;CARD
REC-20260729-STORE_02-0204;STORE_02;CASH-06;2026-07-29 20:56:41;SKU-001;3;45000;1000;CARD
REC-20260729-STORE_02-0205;STORE_02;CASH-05;2026-07-29 8:43:23;SKU-001;2;45000;1000;CASH
REC-20260729-STORE_02-0205;STORE_02;CASH-07;2026-07-29 8:43:23;SKU-013;1;12000;500;CARD
REC-20260729-STORE_02-0205;STORE_02;CASH-07;2026-07-29 8:43:23;SKU-038;2;12000;500;CARD
REC-20260729-STORE_02-0206;STORE_02;CASH-04;2026-07-29 11:47:56;SKU-001;4;45000;0;CASH
REC-20260729-STORE_02-0206;STORE_02;CASH-05;2026-07-29 11:47:56;SKU-029;2;5000;0;CARD
REC-20260729-STORE_02-0206;STORE_02;CASH-03;2026-07-29 11:47:56;SKU-001;1;45000;1000;CARD
REC-20260729-STORE_02-0206;STORE_02;CASH-03;2026-07-29 11:47:56;SKU-006;1;45000;0;CARD
REC-20260729-STORE_02-0206;STORE_02;CASH-08;2026-07-29 11:47:56;SKU-004;3;25000;0;CARD
REC-20260729-STORE_02-0207;STORE_02;CASH-10;2026-07-29 13:56:40;SKU-006;2;45000;0;CARD
REC-20260729-STORE_02-0208;STORE_02;CASH-05;2026-07-29 21:09:47;SKU-033;2;5000;0;CASH
REC-20260729-STORE_02-0208;STORE_02;CASH-05;2026-07-29 21:09:47;SKU-003;1;45000;0;CASH
REC-20260729-STORE_02-0208;STORE_02;CASH-07;2026-07-29 21:09:47;SKU-012;4;45000;0;CASH
REC-20260729-STORE_02-0208;STORE_02;CASH-02;2026-07-29 21:09:47;SKU-001;3;45000;500;CARD
REC-20260729-STORE_02-0209;STORE_02;CASH-05;2026-07-29 14:23:58;SKU-015;2;5000;0;CASH
REC-20260729-STORE_02-0210;STORE_02;CASH-09;2026-07-29 19:56:20;SKU-002;2;12000;0;CASH
REC-20260729-STORE_02-0210;STORE_02;CASH-02;2026-07-29 19:56:20;SKU-037;4;45000;500;CARD
REC-20260729-STORE_02-0210;STORE_02;CASH-02;2026-07-29 19:56:20;SKU-005;1;5000;0;CARD
REC-20260729-STORE_02-0210;STORE_02;CASH-07;2026-07-29 19:56:20;SKU-003;1;45000;0;CARD
REC-20260729-STORE_02-0211;STORE_02;CASH-03;2026-07-29 8:26:10;SKU-043;1;25000;0;CASH
REC-20260729-STORE_02-0211;STORE_02;CASH-07;2026-07-29 8:26:10;SKU-026;1;12000;0;CARD
REC-20260729-STORE_02-0211;STORE_02;CASH-03;2026-07-29 8:26:10;SKU-006;4;45000;0;CASH
REC-20260729-STORE_02-0211;STORE_02;CASH-06;2026-07-29 8:26:10;SKU-025;3;5000;0;CASH
REC-20260729-STORE_02-0211;STORE_02;CASH-01;2026-07-29 8:26:10;SKU-001;3;45000;0;CARD
REC-20260729-STORE_02-0212;STORE_02;CASH-01;2026-07-29 19:24:18;SKU-002;3;12000;500;CARD
REC-20260729-STORE_02-0212;STORE_02;CASH-10;2026-07-29 19:24:18;SKU-002;4;12000;500;CASH
REC-20260729-STORE_02-0213;STORE_02;CASH-01;2026-07-29 17:01:54;SKU-003;3;45000;1000;CARD
REC-20260729-STORE_02-0213;STORE_02;CASH-08;2026-07-29 17:01:54;SKU-001;2;45000;0;CARD
REC-20260729-STORE_02-0213;STORE_02;CASH-01;2026-07-29 17:01:54;SKU-023;2;45000;0;CARD
REC-20260729-STORE_02-0213;STORE_02;CASH-05;2026-07-29 17:01:54;SKU-001;1;45000;0;CARD
REC-20260729-STORE_02-0214;STORE_02;CASH-08;2026-07-29 21:03:37;SKU-001;1;45000;0;CARD
REC-20260729-STORE_02-0214;STORE_02;CASH-04;2026-07-29 21:03:37;SKU-039;1;5000;500;CARD
REC-20260729-STORE_02-0214;STORE_02;CASH-09;2026-07-29 21:03:37;SKU-001;2;45000;1000;CARD
REC-20260729-STORE_02-0214;STORE_02;CASH-04;2026-07-29 21:03:37;SKU-039;1;5000;0;CARD
REC-20260729-STORE_02-0214;STORE_02;CASH-09;2026-07-29 21:03:37;SKU-002;3;12000;1000;CARD
REC-20260729-STORE_02-0215;STORE_02;CASH-09;2026-07-29 17:06:01;SKU-013;2;12000;0;CARD
REC-20260729-STORE_02-0215;STORE_02;CASH-06;2026-07-29 17:06:01;SKU-014;3;5000;0;CASH
REC-20260729-STORE_02-0216;STORE_02;CASH-03;2026-07-29 15:09:20;SKU-001;1;45000;500;CASH
REC-20260729-STORE_02-0216;STORE_02;CASH-01;2026-07-29 15:09:20;SKU-034;2;25000;500;CARD
REC-20260729-STORE_02-0216;STORE_02;CASH-02;2026-07-29 15:09:20;SKU-002;4;12000;0;CARD
REC-20260729-STORE_02-0217;STORE_02;CASH-01;2026-07-29 12:00:37;SKU-015;3;5000;1000;CASH
REC-20260729-STORE_02-0218;STORE_02;CASH-07;2026-07-29 9:40:06;SKU-002;4;12000;0;CASH
REC-20260729-STORE_02-0218;STORE_02;CASH-09;2026-07-29 9:40:06;SKU-008;4;12000;500;CARD
REC-20260729-STORE_02-0219;STORE_02;CASH-10;2026-07-29 17:44:10;SKU-002;4;12000;0;CASH
REC-20260729-STORE_02-0219;STORE_02;CASH-07;2026-07-29 17:44:10;SKU-001;3;45000;1000;CARD
REC-20260729-STORE_02-0219;STORE_02;CASH-03;2026-07-29 17:44:10;SKU-003;4;45000;0;CARD
REC-20260729-STORE_02-0219;STORE_02;CASH-04;2026-07-29 17:44:10;SKU-004;3;25000;1000;CASH
REC-20260729-STORE_02-0220;STORE_02;CASH-10;2026-07-29 15:39:56;SKU-005;4;5000;1000;CARD
REC-20260729-STORE_02-0220;STORE_02;CASH-07;2026-07-29 15:39:56;SKU-010;2;25000;0;CARD
REC-20260729-STORE_02-0220;STORE_02;CASH-09;2026-07-29 15:39:56;SKU-001;1;45000;500;CARD
REC-20260729-STORE_02-0220;STORE_02;CASH-06;2026-07-29 15:39:56;SKU-010;2;25000;0;CARD
REC-20260729-STORE_02-0221;STORE_02;CASH-08;2026-07-29 9:09:16;SKU-001;2;45000;0;CASH
REC-20260729-STORE_02-0221;STORE_02;CASH-02;2026-07-29 9:09:16;SKU-028;4;5000;0;CARD
REC-20260729-STORE_02-0221;STORE_02;CASH-08;2026-07-29 9:09:16;SKU-016;3;25000;1000;CARD
REC-20260729-STORE_02-0221;STORE_02;CASH-05;2026-07-29 9:09:16;SKU-016;3;25000;0;CARD
REC-20260729-STORE_02-0222;STORE_02;CASH-05;2026-07-29 15:39:23;SKU-001;3;45000;1000;CASH
REC-20260729-STORE_02-0222;STORE_02;CASH-07;2026-07-29 15:39:23;SKU-013;3;12000;0;CASH
REC-20260729-STORE_02-0222;STORE_02;CASH-07;2026-07-29 15:39:23;SKU-012;1;45000;1000;CARD
REC-20260729-STORE_02-0223;STORE_02;CASH-01;2026-07-29 11:58:35;SKU-012;3;45000;0;CARD
REC-20260729-STORE_02-0223;STORE_02;CASH-02;2026-07-29 11:58:35;SKU-047;3;5000;0;CARD
REC-20260729-STORE_02-0223;STORE_02;CASH-03;2026-07-29 11:58:35;SKU-002;3;12000;0;CARD
REC-20260729-STORE_02-0224;STORE_02;CASH-08;2026-07-29 15:39:39;SKU-013;1;12000;0;CARD
REC-20260729-STORE_02-0225;STORE_02;CASH-03;2026-07-29 11:26:08;SKU-004;2;25000;0;CASH
REC-20260729-STORE_02-0225;STORE_02;CASH-01;2026-07-29 11:26:08;SKU-001;3;45000;0;CARD
REC-20260729-STORE_02-0226;STORE_02;CASH-03;2026-07-29 19:55:56;SKU-002;2;12000;500;CASH
REC-20260729-STORE_02-0226;STORE_02;CASH-02;2026-07-29 19:55:56;SKU-002;2;12000;0;CARD
REC-20260729-STORE_02-0226;STORE_02;CASH-08;2026-07-29 19:55:56;SKU-012;2;45000;0;CARD
REC-20260729-STORE_02-0227;STORE_02;CASH-06;2026-07-29 10:06:22;SKU-001;3;45000;0;CASH
REC-20260729-STORE_02-0227;STORE_02;CASH-04;2026-07-29 10:06:22;SKU-033;3;5000;0;CASH
REC-20260729-STORE_02-0227;STORE_02;CASH-09;2026-07-29 10:06:22;SKU-001;2;45000;500;CASH
REC-20260729-STORE_02-0227;STORE_02;CASH-10;2026-07-29 10:06:22;SKU-020;3;12000;0;CASH
REC-20260729-STORE_02-0227;STORE_02;CASH-01;2026-07-29 10:06:22;SKU-037;1;45000;500;CARD
REC-20260729-STORE_02-0228;STORE_02;CASH-09;2026-07-29 20:48:41;SKU-025;1;5000;0;CARD
REC-20260729-STORE_02-0228;STORE_02;CASH-09;2026-07-29 20:48:41;SKU-006;1;45000;0;CARD
REC-20260729-STORE_02-0229;STORE_02;CASH-06;2026-07-29 18:12:39;SKU-038;3;12000;0;CARD
REC-20260729-STORE_02-0229;STORE_02;CASH-09;2026-07-29 18:12:39;SKU-004;1;25000;0;CARD
REC-20260729-STORE_02-0229;STORE_02;CASH-07;2026-07-29 18:12:39;SKU-002;4;12000;500;CARD
REC-20260729-STORE_02-0229;STORE_02;CASH-02;2026-07-29 18:12:39;SKU-001;3;45000;0;CASH
REC-20260729-STORE_02-0230;STORE_02;CASH-10;2026-07-29 21:02:26;SKU-041;2;25000;0;CARD
REC-20260729-STORE_02-0231;STORE_02;CASH-09;2026-07-29 20:22:49;SKU-003;1;45000;0;CARD
REC-20260729-STORE_02-0231;STORE_02;CASH-04;2026-07-29 20:22:49;SKU-012;2;45000;1000;CASH
REC-20260729-STORE_02-0231;STORE_02;CASH-02;2026-07-29 20:22:49;SKU-014;3;5000;0;CARD
REC-20260729-STORE_02-0231;STORE_02;CASH-01;2026-07-29 20:22:49;SKU-009;2;25000;0;CASH
REC-20260729-STORE_02-0231;STORE_02;CASH-07;2026-07-29 20:22:49;SKU-007;1;12000;0;CARD
REC-20260729-STORE_02-0232;STORE_02;CASH-03;2026-07-29 19:20:58;SKU-001;2;45000;1000;CASH
REC-20260729-STORE_02-0233;STORE_02;CASH-08;2026-07-29 19:14:06;SKU-002;3;12000;0;CARD
REC-20260729-STORE_02-0234;STORE_02;CASH-04;2026-07-29 11:25:40;SKU-025;1;5000;500;CARD
REC-20260729-STORE_02-0234;STORE_02;CASH-04;2026-07-29 11:25:40;SKU-001;2;45000;0;CARD
REC-20260729-STORE_02-0234;STORE_02;CASH-03;2026-07-29 11:25:40;SKU-003;4;45000;0;CARD
REC-20260729-STORE_02-0234;STORE_02;CASH-04;2026-07-29 11:25:40;SKU-002;1;12000;1000;CARD
REC-20260729-STORE_02-0234;STORE_02;CASH-10;2026-07-29 11:25:40;SKU-005;1;5000;0;CARD
REC-20260729-STORE_02-0235;STORE_02;CASH-05;2026-07-29 11:21:49;SKU-008;1;12000;0;CARD
REC-20260729-STORE_02-0236;STORE_02;CASH-10;2026-07-29 20:47:45;SKU-026;3;12000;0;CARD
REC-20260729-STORE_02-0236;STORE_02;CASH-01;2026-07-29 20:47:45;SKU-006;4;45000;1000;CARD
REC-20260729-STORE_02-0236;STORE_02;CASH-01;2026-07-29 20:47:45;SKU-002;3;12000;0;CARD
REC-20260729-STORE_02-0237;STORE_02;CASH-08;2026-07-29 20:43:22;SKU-001;1;45000;0;CARD
REC-20260729-STORE_02-0238;STORE_02;CASH-04;2026-07-29 9:46:38;SKU-003;4;45000;500;CASH
REC-20260729-STORE_02-0238;STORE_02;CASH-08;2026-07-29 9:46:38;SKU-003;3;45000;0;CARD
REC-20260729-STORE_02-0238;STORE_02;CASH-08;2026-07-29 9:46:38;SKU-002;3;12000;0;CARD
REC-20260729-STORE_02-0238;STORE_02;CASH-04;2026-07-29 9:46:38;SKU-001;3;45000;500;CARD
REC-20260729-STORE_02-0238;STORE_02;CASH-04;2026-07-29 9:46:38;SKU-001;2;45000;0;CARD
REC-20260729-STORE_02-0239;STORE_02;CASH-07;2026-07-29 13:03:20;SKU-022;4;12000;0;CASH
REC-20260729-STORE_02-0239;STORE_02;CASH-09;2026-07-29 13:03:20;SKU-001;4;45000;1000;CARD
REC-20260729-STORE_02-0239;STORE_02;CASH-05;2026-07-29 13:03:20;SKU-001;2;45000;1000;CARD
REC-20260729-STORE_02-0239;STORE_02;CASH-03;2026-07-29 13:03:20;SKU-002;4;12000;0;CASH
REC-20260729-STORE_02-0239;STORE_02;CASH-03;2026-07-29 13:03:20;SKU-023;3;45000;0;CARD
REC-20260729-STORE_02-0240;STORE_02;CASH-09;2026-07-29 8:02:53;SKU-044;1;5000;0;CARD
REC-20260729-STORE_02-0240;STORE_02;CASH-03;2026-07-29 8:02:53;SKU-004;3;25000;500;CARD
REC-20260729-STORE_02-0240;STORE_02;CASH-05;2026-07-29 8:02:53;SKU-034;2;25000;1000;CASH
REC-20260729-STORE_02-0240;STORE_02;CASH-05;2026-07-29 8:02:53;SKU-005;4;5000;0;CASH
REC-20260729-STORE_02-0241;STORE_02;CASH-01;2026-07-29 17:46:28;SKU-001;3;45000;0;CARD
REC-20260729-STORE_02-0241;STORE_02;CASH-01;2026-07-29 17:46:28;SKU-001;1;45000;1000;CARD
REC-20260729-STORE_02-0241;STORE_02;CASH-01;2026-07-29 17:46:28;SKU-009;3;25000;1000;CARD
REC-20260729-STORE_02-0241;STORE_02;CASH-06;2026-07-29 17:46:28;SKU-001;4;45000;1000;CASH
REC-20260729-STORE_02-0242;STORE_02;CASH-10;2026-07-29 8:34:21;SKU-006;4;45000;500;CARD
REC-20260729-STORE_02-0242;STORE_02;CASH-05;2026-07-29 8:34:21;SKU-005;2;5000;1000;CARD
REC-20260729-STORE_02-0242;STORE_02;CASH-09;2026-07-29 8:34:21;SKU-001;2;45000;0;CARD
REC-20260729-STORE_02-0242;STORE_02;CASH-09;2026-07-29 8:34:21;SKU-002;1;12000;0;CASH
REC-20260729-STORE_02-0243;STORE_02;CASH-06;2026-07-29 8:34:05;SKU-013;3;12000;1000;CARD
REC-20260729-STORE_02-0243;STORE_02;CASH-07;2026-07-29 8:34:05;SKU-004;4;25000;1000;CASH
REC-20260729-STORE_02-0244;STORE_02;CASH-04;2026-07-29 21:15:47;SKU-002;1;12000;0;CARD
REC-20260729-STORE_02-0244;STORE_02;CASH-03;2026-07-29 21:15:47;SKU-018;2;5000;0;CASH
REC-20260729-STORE_02-0244;STORE_02;CASH-03;2026-07-29 21:15:47;SKU-006;4;45000;0;CARD
REC-20260729-STORE_02-0245;STORE_02;CASH-06;2026-07-29 16:55:43;SKU-002;4;12000;500;CARD
REC-20260729-STORE_02-0245;STORE_02;CASH-08;2026-07-29 16:55:43;SKU-001;4;45000;0;CARD
REC-20260729-STORE_02-0245;STORE_02;CASH-04;2026-07-29 16:55:43;SKU-016;2;25000;500;CARD
REC-20260729-STORE_02-0246;STORE_02;CASH-01;2026-07-29 14:23:50;SKU-011;3;5000;500;CARD
REC-20260729-STORE_02-0246;STORE_02;CASH-08;2026-07-29 14:23:50;SKU-001;3;45000;1000;CASH
REC-20260729-STORE_02-0247;STORE_02;CASH-04;2026-07-29 15:05:10;SKU-007;1;12000;0;CASH
REC-20260729-STORE_02-0247;STORE_02;CASH-07;2026-07-29 15:05:10;SKU-008;4;12000;0;CARD
REC-20260729-STORE_02-0248;STORE_02;CASH-05;2026-07-29 8:01:12;SKU-003;1;45000;1000;CARD
REC-20260729-STORE_02-0248;STORE_02;CASH-08;2026-07-29 8:01:12;SKU-018;2;5000;1000;CASH
REC-20260729-STORE_02-0248;STORE_02;CASH-10;2026-07-29 8:01:12;SKU-005;3;5000;1000;CARD
REC-20260729-STORE_02-0249;STORE_02;CASH-05;2026-07-29 10:12:59;SKU-009;2;25000;0;CARD
REC-20260729-STORE_02-0249;STORE_02;CASH-08;2026-07-29 10:12:59;SKU-005;2;5000;500;CASH
REC-20260729-STORE_02-0249;STORE_02;CASH-09;2026-07-29 10:12:59;SKU-043;4;25000;0;CARD
REC-20260729-STORE_02-0249;STORE_02;CASH-09;2026-07-29 10:12:59;SKU-002;3;12000;500;CARD
REC-20260729-STORE_02-0250;STORE_02;CASH-04;2026-07-29 10:20:18;SKU-001;1;45000;0;CASH
REC-20260729-STORE_02-0250;STORE_02;CASH-08;2026-07-29 10:20:18;SKU-005;1;5000;1000;CASH
REC-20260729-STORE_02-0250;STORE_02;CASH-05;2026-07-29 10:20:18;SKU-020;4;12000;0;CASH
REC-20260729-STORE_02-0251;STORE_02;CASH-05;2026-07-29 19:36:28;SKU-001;3;45000;0;CARD
REC-20260729-STORE_02-0251;STORE_02;CASH-03;2026-07-29 19:36:28;SKU-003;1;45000;1000;CARD
REC-20260729-STORE_02-0251;STORE_02;CASH-02;2026-07-29 19:36:28;SKU-002;4;12000;0;CARD
REC-20260729-STORE_02-0251;STORE_02;CASH-03;2026-07-29 19:36:28;SKU-016;1;25000;0;CARD
REC-20260729-STORE_02-0252;STORE_02;CASH-09;2026-07-29 8:47:41;SKU-007;2;12000;1000;CASH
REC-20260729-STORE_02-0252;STORE_02;CASH-02;2026-07-29 8:47:41;SKU-004;2;25000;1000;CASH
REC-20260729-STORE_02-0252;STORE_02;CASH-09;2026-07-29 8:47:41;SKU-005;4;5000;0;CASH
REC-20260729-STORE_02-0252;STORE_02;CASH-08;2026-07-29 8:47:41;SKU-001;2;45000;1000;CARD
REC-20260729-STORE_02-0253;STORE_02;CASH-05;2026-07-29 13:34:33;SKU-005;1;5000;0;CARD
REC-20260729-STORE_02-0253;STORE_02;CASH-09;2026-07-29 13:34:33;SKU-001;2;45000;0;CASH
REC-20260729-STORE_02-0253;STORE_02;CASH-05;2026-07-29 13:34:33;SKU-008;2;12000;0;CARD
REC-20260729-STORE_02-0254;STORE_02;CASH-05;2026-07-29 8:12:30;SKU-021;4;5000;500;CARD
REC-20260729-STORE_02-0254;STORE_02;CASH-09;2026-07-29 8:12:30;SKU-002;3;12000;0;CARD
REC-20260729-STORE_02-0254;STORE_02;CASH-10;2026-07-29 8:12:30;SKU-006;1;45000;0;CASH
REC-20260729-STORE_02-0254;STORE_02;CASH-04;2026-07-29 8:12:30;SKU-032;3;25000;0;CARD
REC-20260729-STORE_02-0255;STORE_02;CASH-04;2026-07-29 17:59:43;SKU-006;2;45000;0;CASH
REC-20260729-STORE_02-0255;STORE_02;CASH-05;2026-07-29 17:59:43;SKU-002;2;12000;1000;CARD
REC-20260729-STORE_02-0255;STORE_02;CASH-10;2026-07-29 17:59:43;SKU-006;2;45000;0;CASH
REC-20260729-STORE_02-0256;STORE_02;CASH-09;2026-07-29 17:48:04;SKU-001;4;45000;0;CARD
REC-20260729-STORE_02-0256;STORE_02;CASH-07;2026-07-29 17:48:04;SKU-010;2;25000;0;CARD
REC-20260729-STORE_02-0257;STORE_02;CASH-04;2026-07-29 9:40:55;SKU-001;1;45000;0;CARD
REC-20260729-STORE_02-0257;STORE_02;CASH-01;2026-07-29 9:40:55;SKU-006;2;45000;0;CARD
REC-20260729-STORE_02-0258;STORE_02;CASH-06;2026-07-29 19:43:30;SKU-005;1;5000;0;CARD
REC-20260729-STORE_02-0258;STORE_02;CASH-08;2026-07-29 19:43:30;SKU-001;4;45000;0;CASH
REC-20260729-STORE_02-0258;STORE_02;CASH-02;2026-07-29 19:43:30;SKU-003;3;45000;0;CARD
REC-20260729-STORE_02-0258;STORE_02;CASH-09;2026-07-29 19:43:30;SKU-013;3;12000;1000;CARD
REC-20260729-STORE_02-0259;STORE_02;CASH-07;2026-07-29 12:22:17;SKU-001;3;45000;0;CASH
REC-20260729-STORE_02-0259;STORE_02;CASH-10;2026-07-29 12:22:17;SKU-027;2;5000;0;CASH
REC-20260729-STORE_02-0259;STORE_02;CASH-01;2026-07-29 12:22:17;SKU-040;4;25000;500;CARD
REC-20260729-STORE_02-0259;STORE_02;CASH-06;2026-07-29 12:22:17;SKU-001;1;45000;0;CARD
REC-20260729-STORE_02-0259;STORE_02;CASH-09;2026-07-29 12:22:17;SKU-005;4;5000;0;CARD
REC-20260729-STORE_02-0260;STORE_02;CASH-05;2026-07-29 20:08:53;SKU-005;4;5000;1000;CARD
REC-20260729-STORE_02-0261;STORE_02;CASH-01;2026-07-29 12:43:45;SKU-023;1;45000;1000;CASH
REC-20260729-STORE_02-0262;STORE_02;CASH-08;2026-07-29 20:04:16;SKU-016;2;25000;0;CARD
REC-20260729-STORE_02-0263;STORE_02;CASH-05;2026-07-29 12:17:14;SKU-006;3;45000;0;CARD
REC-20260729-STORE_02-0263;STORE_02;CASH-04;2026-07-29 12:17:14;SKU-010;1;25000;500;CASH
REC-20260729-STORE_02-0263;STORE_02;CASH-09;2026-07-29 12:17:14;SKU-001;3;45000;0;CARD
REC-20260729-STORE_02-0263;STORE_02;CASH-06;2026-07-29 12:17:14;SKU-002;4;12000;0;CASH
REC-20260729-STORE_02-0264;STORE_02;CASH-08;2026-07-29 12:05:32;SKU-045;2;45000;0;CASH
REC-20260729-STORE_02-0264;STORE_02;CASH-05;2026-07-29 12:05:32;SKU-047;4;5000;0;CARD
REC-20260729-STORE_02-0265;STORE_02;CASH-08;2026-07-29 10:21:16;SKU-003;3;45000;0;CARD
REC-20260729-STORE_02-0265;STORE_02;CASH-05;2026-07-29 10:21:16;SKU-017;2;12000;0;CASH
REC-20260729-STORE_02-0266;STORE_02;CASH-04;2026-07-29 13:21:05;SKU-002;2;12000;1000;CASH
REC-20260729-STORE_02-0266;STORE_02;CASH-03;2026-07-29 13:21:05;SKU-001;1;45000;1000;CARD
REC-20260729-STORE_02-0266;STORE_02;CASH-06;2026-07-29 13:21:05;SKU-001;4;45000;500;CASH
REC-20260729-STORE_02-0266;STORE_02;CASH-10;2026-07-29 13:21:05;SKU-007;2;12000;0;CARD
REC-20260729-STORE_02-0266;STORE_02;CASH-04;2026-07-29 13:21:05;SKU-004;2;25000;500;CARD
REC-20260729-STORE_02-0267;STORE_02;CASH-10;2026-07-29 15:29:40;SKU-002;2;12000;0;CARD
REC-20260729-STORE_02-0268;STORE_02;CASH-05;2026-07-29 18:14:10;SKU-007;2;12000;0;CARD
REC-20260729-STORE_02-0269;STORE_02;CASH-05;2026-07-29 10:21:01;SKU-002;2;12000;1000;CARD
REC-20260729-STORE_02-0270;STORE_02;CASH-04;2026-07-29 20:25:53;SKU-002;2;12000;500;CARD
REC-20260729-STORE_02-0271;STORE_02;CASH-06;2026-07-29 8:03:11;SKU-001;3;45000;0;CARD
REC-20260729-STORE_02-0271;STORE_02;CASH-07;2026-07-29 8:03:11;SKU-001;3;45000;1000;CASH
REC-20260729-STORE_02-0272;STORE_02;CASH-07;2026-07-29 19:53:54;SKU-002;1;12000;0;CARD
REC-20260729-STORE_02-0272;STORE_02;CASH-10;2026-07-29 19:53:54;SKU-011;2;5000;0;CASH
REC-20260729-STORE_02-0272;STORE_02;CASH-05;2026-07-29 19:53:54;SKU-035;4;5000;0;CASH
REC-20260729-STORE_02-0272;STORE_02;CASH-06;2026-07-29 19:53:54;SKU-003;2;45000;1000;CARD
REC-20260729-STORE_02-0273;STORE_02;CASH-05;2026-07-29 16:33:00;SKU-002;4;12000;0;CASH
REC-20260729-STORE_02-0273;STORE_02;CASH-10;2026-07-29 16:33:00;SKU-038;4;12000;0;CARD
REC-20260729-STORE_02-0273;STORE_02;CASH-01;2026-07-29 16:33:00;SKU-035;2;5000;1000;CARD
REC-20260729-STORE_02-0273;STORE_02;CASH-04;2026-07-29 16:33:00;SKU-008;3;12000;0;CASH
REC-20260729-STORE_02-0273;STORE_02;CASH-09;2026-07-29 16:33:00;SKU-007;3;12000;1000;CARD
REC-20260729-STORE_02-0274;STORE_02;CASH-05;2026-07-29 14:32:33;SKU-013;4;12000;500;CARD
REC-20260729-STORE_02-0274;STORE_02;CASH-02;2026-07-29 14:32:33;SKU-021;4;5000;1000;CARD
REC-20260729-STORE_02-0274;STORE_02;CASH-08;2026-07-29 14:32:33;SKU-002;4;12000;1000;CARD
REC-20260729-STORE_02-0275;STORE_02;CASH-10;2026-07-29 8:24:17;SKU-003;3;45000;500;CARD
REC-20260729-STORE_02-0275;STORE_02;CASH-08;2026-07-29 8:24:17;SKU-015;2;5000;0;CARD
REC-20260729-STORE_02-0275;STORE_02;CASH-09;2026-07-29 8:24:17;SKU-029;3;5000;0;CARD
REC-20260729-STORE_02-0276;STORE_02;CASH-10;2026-07-29 13:49:28;SKU-005;3;5000;0;CARD
REC-20260729-STORE_02-0277;STORE_02;CASH-02;2026-07-29 19:36:36;SKU-002;3;12000;1000;CARD
REC-20260729-STORE_02-0278;STORE_02;CASH-07;2026-07-29 17:35:57;SKU-002;2;12000;0;CASH
REC-20260729-STORE_02-0278;STORE_02;CASH-02;2026-07-29 17:35:57;SKU-002;3;12000;0;CARD
REC-20260729-STORE_02-0279;STORE_02;CASH-03;2026-07-29 12:19:59;SKU-024;2;12000;0;CARD
REC-20260729-STORE_02-0279;STORE_02;CASH-05;2026-07-29 12:19:59;SKU-002;2;12000;1000;CARD
REC-20260729-STORE_02-0279;STORE_02;CASH-04;2026-07-29 12:19:59;SKU-007;3;12000;0;CARD
REC-20260729-STORE_02-0279;STORE_02;CASH-08;2026-07-29 12:19:59;SKU-011;3;5000;0;CASH
REC-20260729-STORE_02-0280;STORE_02;CASH-08;2026-07-29 8:19:58;SKU-018;3;5000;1000;CARD
REC-20260729-STORE_02-0280;STORE_02;CASH-03;2026-07-29 8:19:58;SKU-025;3;5000;0;CARD
REC-20260729-STORE_02-0281;STORE_02;CASH-05;2026-07-29 20:07:39;SKU-012;1;45000;0;CARD
REC-20260729-STORE_02-0281;STORE_02;CASH-09;2026-07-29 20:07:39;SKU-001;3;45000;0;CARD
REC-20260729-STORE_02-0281;STORE_02;CASH-10;2026-07-29 20:07:39;SKU-008;1;12000;0;CARD
REC-20260729-STORE_02-0281;STORE_02;CASH-07;2026-07-29 20:07:39;SKU-043;1;25000;0;CASH
REC-20260729-STORE_02-0282;STORE_02;CASH-08;2026-07-29 16:07:43;SKU-037;3;45000;0;CARD
REC-20260729-STORE_02-0283;STORE_02;CASH-07;2026-07-29 19:07:30;SKU-013;4;12000;0;CARD
REC-20260729-STORE_02-0283;STORE_02;CASH-08;2026-07-29 19:07:30;SKU-014;4;5000;0;CARD
REC-20260729-STORE_02-0284;STORE_02;CASH-08;2026-07-29 21:41:10;SKU-010;3;25000;1000;CASH
REC-20260729-STORE_02-0285;STORE_02;CASH-04;2026-07-29 10:31:12;SKU-001;3;45000;0;CARD
REC-20260729-STORE_02-0286;STORE_02;CASH-05;2026-07-29 11:21:51;SKU-001;3;45000;0;CASH
REC-20260729-STORE_02-0286;STORE_02;CASH-05;2026-07-29 11:21:51;SKU-005;4;5000;0;CARD
REC-20260729-STORE_02-0286;STORE_02;CASH-10;2026-07-29 11:21:51;SKU-001;3;45000;0;CARD
REC-20260729-STORE_02-0287;STORE_02;CASH-10;2026-07-29 18:52:04;SKU-002;4;12000;500;CARD
REC-20260729-STORE_02-0287;STORE_02;CASH-10;2026-07-29 18:52:04;SKU-001;2;45000;0;CASH
REC-20260729-STORE_02-0287;STORE_02;CASH-07;2026-07-29 18:52:04;SKU-002;4;12000;500;CARD
REC-20260729-STORE_02-0287;STORE_02;CASH-08;2026-07-29 18:52:04;SKU-025;1;5000;500;CASH
REC-20260729-STORE_02-0288;STORE_02;CASH-08;2026-07-29 10:53:13;SKU-011;2;5000;1000;CARD
REC-20260729-STORE_02-0289;STORE_02;CASH-05;2026-07-29 11:43:51;SKU-001;2;45000;0;CARD
REC-20260729-STORE_02-0289;STORE_02;CASH-04;2026-07-29 11:43:51;SKU-037;2;45000;0;CARD
REC-20260729-STORE_02-0289;STORE_02;CASH-05;2026-07-29 11:43:51;SKU-002;2;12000;0;CARD
REC-20260729-STORE_02-0289;STORE_02;CASH-03;2026-07-29 11:43:51;SKU-003;4;45000;0;CARD
REC-20260729-STORE_02-0290;STORE_02;CASH-02;2026-07-29 11:01:56;SKU-002;3;12000;0;CASH
REC-20260729-STORE_02-0290;STORE_02;CASH-07;2026-07-29 11:01:56;SKU-005;1;5000;0;CARD
REC-20260729-STORE_02-0290;STORE_02;CASH-10;2026-07-29 11:01:56;SKU-031;2;45000;0;CARD
REC-20260729-STORE_02-0291;STORE_02;CASH-09;2026-07-29 16:36:21;SKU-049;1;5000;0;CARD
REC-20260729-STORE_02-0292;STORE_02;CASH-04;2026-07-29 19:54:07;SKU-017;3;12000;1000;CARD
REC-20260729-STORE_02-0293;STORE_02;CASH-07;2026-07-29 20:58:22;SKU-021;2;5000;0;CARD
REC-20260729-STORE_02-0294;STORE_02;CASH-06;2026-07-29 16:32:35;SKU-003;2;45000;1000;CASH
REC-20260729-STORE_02-0295;STORE_02;CASH-02;2026-07-29 21:16:11;SKU-002;2;12000;500;CARD
REC-20260729-STORE_02-0295;STORE_02;CASH-08;2026-07-29 21:16:11;SKU-030;3;45000;0;CARD
REC-20260729-STORE_02-0295;STORE_02;CASH-03;2026-07-29 21:16:11;SKU-006;2;45000;500;CASH
REC-20260729-STORE_02-0295;STORE_02;CASH-07;2026-07-29 21:16:11;SKU-001;1;45000;0;CARD
REC-20260729-STORE_02-0296;STORE_02;CASH-07;2026-07-29 16:10:33;SKU-001;4;45000;1000;CASH
REC-20260729-STORE_02-0296;STORE_02;CASH-05;2026-07-29 16:10:33;SKU-017;4;12000;500;CARD
REC-20260729-STORE_02-0296;STORE_02;CASH-02;2026-07-29 16:10:33;SKU-005;2;5000;0;CARD
REC-20260729-STORE_02-0296;STORE_02;CASH-03;2026-07-29 16:10:33;SKU-001;1;45000;0;CARD
REC-20260729-STORE_02-0296;STORE_02;CASH-02;2026-07-29 16:10:33;SKU-013;3;12000;0;CARD
REC-20260729-STORE_02-0297;STORE_02;CASH-02;2026-07-29 13:18:30;SKU-001;4;45000;1000;CASH
REC-20260729-STORE_02-0297;STORE_02;CASH-08;2026-07-29 13:18:30;SKU-010;4;25000;500;CASH
REC-20260729-STORE_02-0297;STORE_02;CASH-05;2026-07-29 13:18:30;SKU-030;1;45000;1000;CARD
REC-20260729-STORE_02-0297;STORE_02;CASH-05;2026-07-29 13:18:30;SKU-011;2;5000;0;CARD
REC-20260729-STORE_02-0297;STORE_02;CASH-03;2026-07-29 13:18:30;SKU-001;4;45000;0;CASH
REC-20260729-STORE_02-0298;STORE_02;CASH-04;2026-07-29 8:56:53;SKU-001;4;45000;500;CARD
REC-20260729-STORE_02-0298;STORE_02;CASH-07;2026-07-29 8:56:53;SKU-010;1;25000;0;CARD
REC-20260729-STORE_02-0298;STORE_02;CASH-02;2026-07-29 8:56:53;SKU-002;3;12000;500;CARD
REC-20260729-STORE_02-0298;STORE_02;CASH-10;2026-07-29 8:56:53;SKU-004;1;25000;0;CARD
REC-20260729-STORE_02-0298;STORE_02;CASH-02;2026-07-29 8:56:53;SKU-001;3;45000;500;CASH
REC-20260729-STORE_02-0299;STORE_02;CASH-06;2026-07-29 15:11:28;SKU-009;4;25000;1000;CARD
REC-20260729-STORE_02-0299;STORE_02;CASH-08;2026-07-29 15:11:28;SKU-002;2;12000;0;CASH
REC-20260729-STORE_02-0299;STORE_02;CASH-09;2026-07-29 15:11:28;SKU-007;1;12000;500;CARD
REC-20260729-STORE_02-0299;STORE_02;CASH-06;2026-07-29 15:11:28;SKU-002;2;12000;500;CARD
REC-20260729-STORE_02-0300;STORE_02;CASH-02;2026-07-29 14:04:39;SKU-026;1;12000;0;CARD
REC-20260729-STORE_02-0300;STORE_02;CASH-01;2026-07-29 14:04:39;SKU-001;2;45000;500;CASH
REC-20260729-STORE_02-0300;STORE_02;CASH-01;2026-07-29 14:04:39;SKU-003;3;45000;1000;CASH
REC-20260729-STORE_02-0300;STORE_02;CASH-09;2026-07-29 14:04:39;SKU-004;2;25000;0;CARD
REC-20260729-STORE_02-0300;STORE_02;CASH-06;2026-07-29 14:04:39;SKU-002;4;12000;500;CARD
REC-20260729-STORE_02-0301;STORE_02;CASH-05;2026-07-29 17:10:54;SKU-014;2;5000;500;CARD
REC-20260729-STORE_02-0301;STORE_02;CASH-05;2026-07-29 17:10:54;SKU-001;3;45000;500;CARD
REC-20260729-STORE_02-0301;STORE_02;CASH-07;2026-07-29 17:10:54;SKU-048;4;25000;0;CARD
REC-20260729-STORE_02-0301;STORE_02;CASH-04;2026-07-29 17:10:54;SKU-001;3;45000;0;CARD
REC-20260729-STORE_02-0302;STORE_02;CASH-09;2026-07-29 10:33:38;SKU-001;3;45000;0;CASH
REC-20260729-STORE_02-0303;STORE_02;CASH-04;2026-07-29 9:06:01;SKU-001;3;45000;0;CARD
REC-20260729-STORE_02-0304;STORE_02;CASH-10;2026-07-29 17:25:59;SKU-021;4;5000;0;CASH
REC-20260729-STORE_02-0304;STORE_02;CASH-07;2026-07-29 17:25:59;SKU-029;1;5000;500;CARD
REC-20260729-STORE_02-0304;STORE_02;CASH-10;2026-07-29 17:25:59;SKU-002;3;12000;0;CARD
REC-20260729-STORE_02-0304;STORE_02;CASH-03;2026-07-29 17:25:59;SKU-005;3;5000;500;CARD
REC-20260729-STORE_02-0304;STORE_02;CASH-04;2026-07-29 17:25:59;SKU-014;3;5000;1000;CARD
REC-20260729-STORE_02-0305;STORE_02;CASH-06;2026-07-29 16:06:47;SKU-005;2;5000;1000;CASH
REC-20260729-STORE_02-0305;STORE_02;CASH-07;2026-07-29 16:06:47;SKU-019;2;25000;0;CASH
REC-20260729-STORE_02-0305;STORE_02;CASH-06;2026-07-29 16:06:47;SKU-016;3;25000;500;CARD
REC-20260729-STORE_02-0305;STORE_02;CASH-09;2026-07-29 16:06:47;SKU-016;4;25000;0;CARD
REC-20260729-STORE_02-0306;STORE_02;CASH-02;2026-07-29 12:24:37;SKU-002;1;12000;500;CARD
REC-20260729-STORE_02-0307;STORE_02;CASH-10;2026-07-29 20:19:41;SKU-008;1;12000;0;CARD
REC-20260729-STORE_02-0308;STORE_02;CASH-03;2026-07-29 13:59:43;SKU-002;2;12000;1000;CARD
REC-20260729-STORE_02-0308;STORE_02;CASH-09;2026-07-29 13:59:43;SKU-005;3;5000;0;CASH
REC-20260729-STORE_02-0309;STORE_02;CASH-04;2026-07-29 11:10:25;SKU-037;4;45000;500;CARD
REC-20260729-STORE_02-0309;STORE_02;CASH-09;2026-07-29 11:10:25;SKU-005;3;5000;1000;CARD
REC-20260729-STORE_02-0309;STORE_02;CASH-07;2026-07-29 11:10:25;SKU-008;4;12000;500;CARD
REC-20260729-STORE_02-0309;STORE_02;CASH-02;2026-07-29 11:10:25;SKU-019;3;25000;0;CARD
REC-20260729-STORE_02-0310;STORE_02;CASH-03;2026-07-29 21:57:55;SKU-003;3;45000;0;CARD
REC-20260729-STORE_02-0310;STORE_02;CASH-10;2026-07-29 21:57:55;SKU-001;4;45000;500;CASH
REC-20260729-STORE_02-0311;STORE_02;CASH-01;2026-07-29 21:37:55;SKU-001;3;45000;0;CARD
REC-20260729-STORE_02-0311;STORE_02;CASH-06;2026-07-29 21:37:55;SKU-001;2;45000;0;CARD
REC-20260729-STORE_02-0311;STORE_02;CASH-07;2026-07-29 21:37:55;SKU-001;4;45000;1000;CASH
REC-20260729-STORE_02-0311;STORE_02;CASH-04;2026-07-29 21:37:55;SKU-008;3;12000;0;CARD
REC-20260729-STORE_02-0311;STORE_02;CASH-09;2026-07-29 21:37:55;SKU-001;2;45000;0;CASH
REC-20260729-STORE_02-0312;STORE_02;CASH-08;2026-07-29 19:37:17;SKU-001;4;45000;1000;CASH
REC-20260729-STORE_02-0313;STORE_02;CASH-10;2026-07-29 13:02:03;SKU-001;2;45000;0;CARD
REC-20260729-STORE_02-0313;STORE_02;CASH-07;2026-07-29 13:02:03;SKU-007;3;12000;0;CASH
REC-20260729-STORE_02-0314;STORE_02;CASH-09;2026-07-29 21:20:07;SKU-004;1;25000;0;CARD
REC-20260729-STORE_02-0314;STORE_02;CASH-07;2026-07-29 21:20:07;SKU-001;4;45000;0;CARD
REC-20260729-STORE_02-0314;STORE_02;CASH-10;2026-07-29 21:20:07;SKU-015;3;5000;0;CASH
REC-20260729-STORE_02-0315;STORE_02;CASH-04;2026-07-29 11:51:58;SKU-001;1;45000;0;CASH
REC-20260729-STORE_02-0316;STORE_02;CASH-10;2026-07-29 8:20:24;SKU-015;2;5000;0;CARD
REC-20260729-STORE_02-0316;STORE_02;CASH-07;2026-07-29 8:20:24;SKU-012;1;45000;1000;CASH
REC-20260729-STORE_02-0316;STORE_02;CASH-01;2026-07-29 8:20:24;SKU-001;4;45000;1000;CASH
REC-20260729-STORE_02-0317;STORE_02;CASH-09;2026-07-29 18:51:32;SKU-028;1;5000;500;CASH
REC-20260729-STORE_02-0317;STORE_02;CASH-07;2026-07-29 18:51:32;SKU-010;4;25000;0;CARD
REC-20260729-STORE_02-0317;STORE_02;CASH-03;2026-07-29 18:51:32;SKU-021;2;5000;500;CARD
REC-20260729-STORE_02-0318;STORE_02;CASH-02;2026-07-29 12:40:29;SKU-003;2;45000;500;CARD
REC-20260729-STORE_02-0318;STORE_02;CASH-02;2026-07-29 12:40:29;SKU-005;2;5000;1000;CASH
REC-20260729-STORE_02-0318;STORE_02;CASH-05;2026-07-29 12:40:29;SKU-001;1;45000;0;CARD
REC-20260729-STORE_02-0318;STORE_02;CASH-04;2026-07-29 12:40:29;SKU-033;4;5000;0;CARD
REC-20260729-STORE_02-0319;STORE_02;CASH-01;2026-07-29 10:52:28;SKU-001;2;45000;0;CARD
REC-20260729-STORE_02-0319;STORE_02;CASH-09;2026-07-29 10:52:28;SKU-003;3;45000;0;CARD
REC-20260729-STORE_02-0320;STORE_02;CASH-05;2026-07-29 15:12:12;SKU-004;2;25000;0;CASH
REC-20260729-STORE_02-0320;STORE_02;CASH-01;2026-07-29 15:12:12;SKU-001;2;45000;0;CARD
REC-20260729-STORE_02-0320;STORE_02;CASH-07;2026-07-29 15:12:12;SKU-001;2;45000;500;CASH
REC-20260729-STORE_02-0320;STORE_02;CASH-10;2026-07-29 15:12:12;SKU-004;4;25000;0;CASH
REC-20260729-STORE_02-0320;STORE_02;CASH-10;2026-07-29 15:12:12;SKU-006;2;45000;0;CASH
REC-20260729-STORE_02-0321;STORE_02;CASH-06;2026-07-29 14:24:31;SKU-005;2;5000;1000;CARD
REC-20260729-STORE_02-0322;STORE_02;CASH-09;2026-07-29 18:50:23;SKU-004;2;25000;0;CASH
REC-20260729-STORE_02-0322;STORE_02;CASH-07;2026-07-29 18:50:23;SKU-001;1;45000;500;CARD
REC-20260729-STORE_02-0322;STORE_02;CASH-07;2026-07-29 18:50:23;SKU-004;3;25000;0;CARD
REC-20260729-STORE_02-0323;STORE_02;CASH-02;2026-07-29 19:02:14;SKU-043;2;25000;0;CARD
REC-20260729-STORE_02-0323;STORE_02;CASH-01;2026-07-29 19:02:14;SKU-039;4;5000;0;CARD
REC-20260729-STORE_02-0323;STORE_02;CASH-10;2026-07-29 19:02:14;SKU-041;4;25000;500;CARD
REC-20260729-STORE_02-0324;STORE_02;CASH-10;2026-07-29 18:47:51;SKU-007;3;12000;0;CASH
REC-20260729-STORE_02-0324;STORE_02;CASH-01;2026-07-29 18:47:51;SKU-033;3;5000;0;CARD
REC-20260729-STORE_02-0324;STORE_02;CASH-06;2026-07-29 18:47:51;SKU-003;1;45000;0;CASH
REC-20260729-STORE_02-0325;STORE_02;CASH-01;2026-07-29 9:18:59;SKU-001;1;45000;1000;CARD
REC-20260729-STORE_02-0325;STORE_02;CASH-09;2026-07-29 9:18:59;SKU-006;1;45000;0;CARD
REC-20260729-STORE_02-0325;STORE_02;CASH-08;2026-07-29 9:18:59;SKU-008;1;12000;1000;CARD
REC-20260729-STORE_02-0325;STORE_02;CASH-03;2026-07-29 9:18:59;SKU-020;3;12000;0;CASH
REC-20260729-STORE_02-0325;STORE_02;CASH-04;2026-07-29 9:18:59;SKU-009;2;25000;0;CARD
REC-20260729-STORE_02-0326;STORE_02;CASH-09;2026-07-29 19:36:14;SKU-001;1;45000;0;CARD
REC-20260729-STORE_02-0326;STORE_02;CASH-08;2026-07-29 19:36:14;SKU-014;1;5000;1000;CARD
REC-20260729-STORE_02-0326;STORE_02;CASH-05;2026-07-29 19:36:14;SKU-002;1;12000;0;CASH
REC-20260729-STORE_02-0327;STORE_02;CASH-10;2026-07-29 11:46:26;SKU-004;2;25000;0;CARD
REC-20260729-STORE_02-0328;STORE_02;CASH-09;2026-07-29 15:09:57;SKU-030;4;45000;0;CASH
REC-20260729-STORE_02-0328;STORE_02;CASH-04;2026-07-29 15:09:57;SKU-001;2;45000;500;CARD
REC-20260729-STORE_02-0328;STORE_02;CASH-02;2026-07-29 15:09:57;SKU-041;3;25000;500;CASH
REC-20260729-STORE_02-0329;STORE_02;CASH-05;2026-07-29 17:19:49;SKU-003;1;45000;0;CARD
REC-20260729-STORE_02-0329;STORE_02;CASH-07;2026-07-29 17:19:49;SKU-041;4;25000;1000;CARD
REC-20260729-STORE_02-0329;STORE_02;CASH-04;2026-07-29 17:19:49;SKU-004;4;25000;0;CARD
REC-20260729-STORE_02-0330;STORE_02;CASH-06;2026-07-29 9:10:58;SKU-001;2;45000;0;CARD
REC-20260729-STORE_02-0330;STORE_02;CASH-08;2026-07-29 9:10:58;SKU-019;4;25000;0;CARD
REC-20260729-STORE_02-0330;STORE_02;CASH-05;2026-07-29 9:10:58;SKU-046;3;25000;0;CARD
REC-20260729-STORE_02-0331;STORE_02;CASH-06;2026-07-29 18:12:21;SKU-044;2;5000;0;CARD
REC-20260729-STORE_02-0331;STORE_02;CASH-03;2026-07-29 18:12:21;SKU-016;1;25000;0;CASH
REC-20260729-STORE_02-0331;STORE_02;CASH-03;2026-07-29 18:12:21;SKU-022;1;12000;0;CARD
REC-20260729-STORE_02-0332;STORE_02;CASH-01;2026-07-29 18:59:57;SKU-020;1;12000;500;CARD
REC-20260729-STORE_02-0332;STORE_02;CASH-01;2026-07-29 18:59:57;SKU-001;1;45000;1000;CARD
REC-20260729-STORE_02-0332;STORE_02;CASH-07;2026-07-29 18:59:57;SKU-001;1;45000;0;CARD
REC-20260729-STORE_02-0332;STORE_02;CASH-10;2026-07-29 18:59:57;SKU-025;4;5000;0;CARD
REC-20260729-STORE_02-0332;STORE_02;CASH-09;2026-07-29 18:59:57;SKU-001;3;45000;0;CARD
REC-20260729-STORE_02-0333;STORE_02;CASH-03;2026-07-29 13:57:49;SKU-002;2;12000;500;CARD
REC-20260729-STORE_02-0333;STORE_02;CASH-10;2026-07-29 13:57:49;SKU-003;2;45000;0;CARD
REC-20260729-STORE_02-0333;STORE_02;CASH-09;2026-07-29 13:57:49;SKU-042;2;5000;0;CASH
REC-20260729-STORE_02-0334;STORE_02;CASH-05;2026-07-29 11:14:38;SKU-003;2;45000;1000;CARD
REC-20260729-STORE_02-0334;STORE_02;CASH-02;2026-07-29 11:14:38;SKU-004;1;25000;0;CARD
REC-20260729-STORE_02-0335;STORE_02;CASH-06;2026-07-29 12:43:58;SKU-003;4;45000;0;CARD
REC-20260729-STORE_02-0335;STORE_02;CASH-04;2026-07-29 12:43:58;SKU-003;2;45000;500;CARD
REC-20260729-STORE_02-0335;STORE_02;CASH-07;2026-07-29 12:43:58;SKU-019;1;25000;0;CARD
REC-20260729-STORE_02-0335;STORE_02;CASH-01;2026-07-29 12:43:58;SKU-001;2;45000;500;CARD
REC-20260729-STORE_02-0336;STORE_02;CASH-09;2026-07-29 21:21:29;SKU-043;1;25000;0;CARD
REC-20260729-STORE_02-0336;STORE_02;CASH-02;2026-07-29 21:21:29;SKU-014;2;5000;0;CARD
REC-20260729-STORE_02-0336;STORE_02;CASH-02;2026-07-29 21:21:29;SKU-001;1;45000;0;CARD
REC-20260729-STORE_02-0336;STORE_02;CASH-02;2026-07-29 21:21:29;SKU-012;2;45000;0;CARD
REC-20260729-STORE_02-0336;STORE_02;CASH-10;2026-07-29 21:21:29;SKU-015;2;5000;0;CARD
REC-20260729-STORE_02-0337;STORE_02;CASH-04;2026-07-29 17:11:30;SKU-005;2;5000;0;CARD
REC-20260729-STORE_02-0337;STORE_02;CASH-01;2026-07-29 17:11:30;SKU-036;3;45000;0;CASH
REC-20260729-STORE_02-0337;STORE_02;CASH-06;2026-07-29 17:11:30;SKU-001;1;45000;0;CARD
REC-20260729-STORE_02-0337;STORE_02;CASH-09;2026-07-29 17:11:30;SKU-040;2;25000;0;CASH
REC-20260729-STORE_02-0338;STORE_02;CASH-08;2026-07-29 12:00:36;SKU-036;1;45000;0;CASH
REC-20260729-STORE_02-0339;STORE_02;CASH-05;2026-07-29 12:11:28;SKU-045;4;45000;1000;CARD
REC-20260729-STORE_02-0340;STORE_02;CASH-02;2026-07-29 19:07:22;SKU-010;2;25000;0;CARD
REC-20260729-STORE_02-0340;STORE_02;CASH-02;2026-07-29 19:07:22;SKU-004;1;25000;0;CARD
REC-20260729-STORE_02-0340;STORE_02;CASH-06;2026-07-29 19:07:22;SKU-010;2;25000;1000;CASH
REC-20260729-STORE_02-0340;STORE_02;CASH-02;2026-07-29 19:07:22;SKU-043;3;25000;0;CARD
REC-20260729-STORE_02-0340;STORE_02;CASH-08;2026-07-29 19:07:22;SKU-004;3;25000;500;CARD
REC-20260729-STORE_02-0341;STORE_02;CASH-04;2026-07-29 21:40:12;SKU-015;4;5000;1000;CARD
REC-20260729-STORE_02-0341;STORE_02;CASH-06;2026-07-29 21:40:12;SKU-004;4;25000;0;CASH
REC-20260729-STORE_02-0342;STORE_02;CASH-05;2026-07-29 16:49:27;SKU-001;4;45000;0;CARD
REC-20260729-STORE_02-0342;STORE_02;CASH-06;2026-07-29 16:49:27;SKU-006;3;45000;0;CARD
REC-20260729-STORE_02-0342;STORE_02;CASH-09;2026-07-29 16:49:27;SKU-011;4;5000;0;CASH
REC-20260729-STORE_02-0343;STORE_02;CASH-01;2026-07-29 16:10:01;SKU-001;4;45000;1000;CASH
REC-20260729-STORE_02-0343;STORE_02;CASH-05;2026-07-29 16:10:01;SKU-001;2;45000;0;CARD
REC-20260729-STORE_02-0344;STORE_02;CASH-03;2026-07-29 14:33:24;SKU-001;1;45000;0;CARD
REC-20260729-STORE_02-0345;STORE_02;CASH-07;2026-07-29 21:28:55;SKU-002;2;12000;500;CARD
REC-20260729-STORE_02-0345;STORE_02;CASH-01;2026-07-29 21:28:55;SKU-001;3;45000;500;CARD
REC-20260729-STORE_02-0345;STORE_02;CASH-08;2026-07-29 21:28:55;SKU-014;2;5000;500;CARD
REC-20260729-STORE_02-0345;STORE_02;CASH-03;2026-07-29 21:28:55;SKU-001;3;45000;0;CASH
REC-20260729-STORE_02-0346;STORE_02;CASH-07;2026-07-29 9:00:33;SKU-003;4;45000;0;CARD
REC-20260729-STORE_02-0346;STORE_02;CASH-07;2026-07-29 9:00:33;SKU-011;2;5000;1000;CASH
REC-20260729-STORE_02-0347;STORE_02;CASH-08;2026-07-29 15:33:50;SKU-001;1;45000;500;CASH
REC-20260729-STORE_02-0347;STORE_02;CASH-10;2026-07-29 15:33:50;SKU-038;1;12000;1000;CARD
REC-20260729-STORE_02-0347;STORE_02;CASH-10;2026-07-29 15:33:50;SKU-001;2;45000;1000;CARD
REC-20260729-STORE_02-0348;STORE_02;CASH-10;2026-07-29 12:15:00;SKU-012;3;45000;500;CARD
REC-20260729-STORE_02-0348;STORE_02;CASH-06;2026-07-29 12:15:00;SKU-005;2;5000;0;CARD
REC-20260729-STORE_02-0348;STORE_02;CASH-01;2026-07-29 12:15:00;SKU-001;4;45000;1000;CARD
REC-20260729-STORE_02-0348;STORE_02;CASH-05;2026-07-29 12:15:00;SKU-007;2;12000;500;CARD
REC-20260729-STORE_02-0349;STORE_02;CASH-10;2026-07-29 16:57:44;SKU-008;4;12000;500;CARD
REC-20260729-STORE_02-0349;STORE_02;CASH-02;2026-07-29 16:57:44;SKU-001;2;45000;1000;CARD
REC-20260729-STORE_02-0349;STORE_02;CASH-07;2026-07-29 16:57:44;SKU-006;2;45000;500;CARD
REC-20260729-STORE_02-0349;STORE_02;CASH-08;2026-07-29 16:57:44;SKU-005;3;5000;1000;CARD
REC-20260729-STORE_02-0350;STORE_02;CASH-08;2026-07-29 12:41:46;SKU-013;4;12000;0;CASH
REC-20260729-STORE_02-0350;STORE_02;CASH-07;2026-07-29 12:41:46;SKU-003;2;45000;500;CARD
REC-20260729-STORE_02-0351;STORE_02;CASH-06;2026-07-29 16:47:25;SKU-001;2;45000;500;CARD
REC-20260729-STORE_02-0351;STORE_02;CASH-04;2026-07-29 16:47:25;SKU-001;4;45000;500;CASH
REC-20260729-STORE_02-0351;STORE_02;CASH-07;2026-07-29 16:47:25;SKU-002;2;12000;1000;CARD
REC-20260729-STORE_02-0351;STORE_02;CASH-02;2026-07-29 16:47:25;SKU-002;4;12000;1000;CASH
REC-20260729-STORE_02-0352;STORE_02;CASH-06;2026-07-29 16:47:53;SKU-010;2;25000;0;CASH
REC-20260729-STORE_02-0352;STORE_02;CASH-10;2026-07-29 16:47:53;SKU-018;1;5000;1000;CARD
REC-20260729-STORE_02-0352;STORE_02;CASH-03;2026-07-29 16:47:53;SKU-010;3;25000;1000;CARD
REC-20260729-STORE_02-0352;STORE_02;CASH-09;2026-07-29 16:47:53;SKU-001;4;45000;0;CASH
REC-20260729-STORE_02-0352;STORE_02;CASH-06;2026-07-29 16:47:53;SKU-003;3;45000;0;CASH
REC-20260729-STORE_02-0353;STORE_02;CASH-05;2026-07-29 12:58:31;SKU-001;4;45000;0;CARD
REC-20260729-STORE_02-0353;STORE_02;CASH-09;2026-07-29 12:58:31;SKU-002;2;12000;0;CASH
REC-20260729-STORE_02-0353;STORE_02;CASH-03;2026-07-29 12:58:31;SKU-013;3;12000;0;CARD
REC-20260729-STORE_02-0353;STORE_02;CASH-07;2026-07-29 12:58:31;SKU-001;1;45000;500;CASH
REC-20260729-STORE_02-0353;STORE_02;CASH-02;2026-07-29 12:58:31;SKU-011;1;5000;500;CASH
REC-20260729-STORE_02-0354;STORE_02;CASH-09;2026-07-29 8:08:22;SKU-001;3;45000;0;CASH
REC-20260729-STORE_02-0355;STORE_02;CASH-06;2026-07-29 10:25:01;SKU-006;4;45000;0;CASH
REC-20260729-STORE_02-0355;STORE_02;CASH-05;2026-07-29 10:25:01;SKU-007;3;12000;0;CASH
REC-20260729-STORE_02-0355;STORE_02;CASH-08;2026-07-29 10:25:01;SKU-006;2;45000;0;CARD
REC-20260729-STORE_02-0355;STORE_02;CASH-06;2026-07-29 10:25:01;SKU-023;2;45000;0;CARD
REC-20260729-STORE_02-0356;STORE_02;CASH-03;2026-07-29 17:26:16;SKU-001;2;45000;0;CARD
REC-20260729-STORE_02-0356;STORE_02;CASH-09;2026-07-29 17:26:16;SKU-018;1;5000;0;CARD
REC-20260729-STORE_02-0356;STORE_02;CASH-07;2026-07-29 17:26:16;SKU-049;1;5000;0;CARD
REC-20260729-STORE_02-0357;STORE_02;CASH-06;2026-07-29 20:45:07;SKU-002;2;12000;500;CARD
REC-20260729-STORE_02-0358;STORE_02;CASH-04;2026-07-29 18:46:37;SKU-005;3;5000;0;CARD
REC-20260729-STORE_02-0358;STORE_02;CASH-04;2026-07-29 18:46:37;SKU-032;3;25000;0;CARD
REC-20260729-STORE_02-0358;STORE_02;CASH-09;2026-07-29 18:46:37;SKU-039;3;5000;0;CARD
REC-20260729-STORE_02-0359;STORE_02;CASH-09;2026-07-29 18:43:51;SKU-004;2;25000;500;CARD
REC-20260729-STORE_02-0359;STORE_02;CASH-10;2026-07-29 18:43:51;SKU-010;4;25000;0;CARD
REC-20260729-STORE_02-0359;STORE_02;CASH-08;2026-07-29 18:43:51;SKU-002;1;12000;0;CASH
REC-20260729-STORE_02-0359;STORE_02;CASH-07;2026-07-29 18:43:51;SKU-029;2;5000;0;CARD
REC-20260729-STORE_02-0360;STORE_02;CASH-09;2026-07-29 20:49:34;SKU-020;1;12000;1000;CARD
REC-20260729-STORE_02-0361;STORE_02;CASH-03;2026-07-29 11:41:54;SKU-032;3;25000;0;CARD
REC-20260729-STORE_02-0362;STORE_02;CASH-09;2026-07-29 9:20:57;SKU-001;3;45000;0;CARD
REC-20260729-STORE_02-0362;STORE_02;CASH-02;2026-07-29 9:20:57;SKU-001;1;45000;0;CASH
REC-20260729-STORE_02-0362;STORE_02;CASH-06;2026-07-29 9:20:57;SKU-004;1;25000;1000;CARD
REC-20260729-STORE_02-0363;STORE_02;CASH-03;2026-07-29 16:44:02;SKU-004;1;25000;500;CARD
REC-20260729-STORE_02-0363;STORE_02;CASH-05;2026-07-29 16:44:02;SKU-001;3;45000;1000;CARD
REC-20260729-STORE_02-0364;STORE_02;CASH-08;2026-07-29 11:27:40;SKU-007;3;12000;0;CARD
REC-20260729-STORE_02-0365;STORE_02;CASH-07;2026-07-29 19:49:53;SKU-027;4;5000;500;CARD
REC-20260729-STORE_02-0365;STORE_02;CASH-01;2026-07-29 19:49:53;SKU-040;2;25000;1000;CARD
REC-20260729-STORE_02-0365;STORE_02;CASH-10;2026-07-29 19:49:53;SKU-028;3;5000;0;CARD
REC-20260729-STORE_02-0366;STORE_02;CASH-05;2026-07-29 17:29:01;SKU-026;1;12000;1000;CARD
REC-20260729-STORE_02-0367;STORE_02;CASH-06;2026-07-29 20:33:23;SKU-001;4;45000;0;CASH
REC-20260729-STORE_02-0367;STORE_02;CASH-06;2026-07-29 20:33:23;SKU-001;4;45000;0;CARD
REC-20260729-STORE_02-0367;STORE_02;CASH-05;2026-07-29 20:33:23;SKU-041;3;25000;0;CASH
REC-20260729-STORE_02-0367;STORE_02;CASH-02;2026-07-29 20:33:23;SKU-009;2;25000;500;CASH
REC-20260729-STORE_02-0368;STORE_02;CASH-08;2026-07-29 17:28:48;SKU-021;1;5000;0;CARD
REC-20260729-STORE_02-0368;STORE_02;CASH-07;2026-07-29 17:28:48;SKU-029;3;5000;0;CASH
REC-20260729-STORE_02-0368;STORE_02;CASH-09;2026-07-29 17:28:48;SKU-001;4;45000;0;CASH
REC-20260729-STORE_02-0368;STORE_02;CASH-04;2026-07-29 17:28:48;SKU-003;3;45000;0;CARD
REC-20260729-STORE_02-0368;STORE_02;CASH-08;2026-07-29 17:28:48;SKU-001;2;45000;1000;CARD
REC-20260729-STORE_02-0369;STORE_02;CASH-06;2026-07-29 18:02:29;SKU-045;3;45000;500;CARD
REC-20260729-STORE_02-0369;STORE_02;CASH-05;2026-07-29 18:02:29;SKU-020;1;12000;1000;CARD
REC-20260729-STORE_02-0370;STORE_02;CASH-10;2026-07-29 18:00:04;SKU-001;4;45000;500;CASH
REC-20260729-STORE_02-0370;STORE_02;CASH-08;2026-07-29 18:00:04;SKU-006;1;45000;0;CASH
REC-20260729-STORE_02-0370;STORE_02;CASH-09;2026-07-29 18:00:04;SKU-039;2;5000;0;CARD
REC-20260729-STORE_02-0370;STORE_02;CASH-06;2026-07-29 18:00:04;SKU-009;4;25000;500;CARD
REC-20260729-STORE_02-0370;STORE_02;CASH-10;2026-07-29 18:00:04;SKU-025;2;5000;500;CARD
REC-20260729-STORE_02-0371;STORE_02;CASH-08;2026-07-29 19:21:24;SKU-027;4;5000;500;CASH
REC-20260729-STORE_02-0371;STORE_02;CASH-01;2026-07-29 19:21:24;SKU-030;3;45000;1000;CARD
REC-20260729-STORE_02-0371;STORE_02;CASH-02;2026-07-29 19:21:24;SKU-011;1;5000;0;CARD
REC-20260729-STORE_02-0372;STORE_02;CASH-09;2026-07-29 12:50:20;SKU-001;3;45000;0;CARD
REC-20260729-STORE_02-0373;STORE_02;CASH-07;2026-07-29 17:34:29;SKU-001;2;45000;0;CASH
REC-20260729-STORE_02-0373;STORE_02;CASH-05;2026-07-29 17:34:29;SKU-027;3;5000;1000;CARD
REC-20260729-STORE_02-0373;STORE_02;CASH-08;2026-07-29 17:34:29;SKU-010;4;25000;0;CASH
REC-20260729-STORE_02-0373;STORE_02;CASH-09;2026-07-29 17:34:29;SKU-004;2;25000;500;CASH
REC-20260729-STORE_02-0373;STORE_02;CASH-05;2026-07-29 17:34:29;SKU-019;3;25000;1000;CASH
REC-20260729-STORE_02-0374;STORE_02;CASH-08;2026-07-29 20:19:23;SKU-006;2;45000;1000;CASH
REC-20260729-STORE_02-0375;STORE_02;CASH-01;2026-07-29 20:54:31;SKU-001;4;45000;1000;CARD
REC-20260729-STORE_02-0375;STORE_02;CASH-05;2026-07-29 20:54:31;SKU-005;3;5000;0;CARD
REC-20260729-STORE_02-0375;STORE_02;CASH-03;2026-07-29 20:54:31;SKU-002;2;12000;0;CARD
REC-20260729-STORE_02-0375;STORE_02;CASH-06;2026-07-29 20:54:31;SKU-013;1;12000;0;CASH
REC-20260729-STORE_02-0375;STORE_02;CASH-04;2026-07-29 20:54:31;SKU-006;2;45000;0;CASH
REC-20260729-STORE_02-0376;STORE_02;CASH-02;2026-07-29 12:02:34;SKU-003;4;45000;1000;CARD
REC-20260729-STORE_02-0376;STORE_02;CASH-01;2026-07-29 12:02:34;SKU-023;4;45000;0;CARD
REC-20260729-STORE_02-0376;STORE_02;CASH-04;2026-07-29 12:02:34;SKU-002;1;12000;0;CARD
REC-20260729-STORE_02-0376;STORE_02;CASH-01;2026-07-29 12:02:34;SKU-001;3;45000;1000;CARD
REC-20260729-STORE_02-0376;STORE_02;CASH-03;2026-07-29 12:02:34;SKU-002;2;12000;0;CARD
REC-20260729-STORE_02-0377;STORE_02;CASH-06;2026-07-29 19:44:18;SKU-046;2;25000;1000;CARD
REC-20260729-STORE_02-0377;STORE_02;CASH-10;2026-07-29 19:44:18;SKU-009;2;25000;1000;CARD
REC-20260729-STORE_02-0377;STORE_02;CASH-06;2026-07-29 19:44:18;SKU-001;2;45000;0;CASH
REC-20260729-STORE_02-0377;STORE_02;CASH-07;2026-07-29 19:44:18;SKU-001;3;45000;500;CARD
REC-20260729-STORE_02-0378;STORE_02;CASH-09;2026-07-29 17:36:31;SKU-046;4;25000;0;CARD
REC-20260729-STORE_02-0378;STORE_02;CASH-05;2026-07-29 17:36:31;SKU-001;4;45000;0;CASH
REC-20260729-STORE_02-0379;STORE_02;CASH-03;2026-07-29 17:30:12;SKU-001;4;45000;0;CARD
REC-20260729-STORE_02-0379;STORE_02;CASH-02;2026-07-29 17:30:12;SKU-001;3;45000;500;CARD
REC-20260729-STORE_02-0379;STORE_02;CASH-06;2026-07-29 17:30:12;SKU-001;3;45000;0;CARD
REC-20260729-STORE_02-0379;STORE_02;CASH-04;2026-07-29 17:30:12;SKU-006;4;45000;0;CASH
REC-20260729-STORE_02-0380;STORE_02;CASH-09;2026-07-29 8:53:52;SKU-006;1;45000;0;CASH
REC-20260729-STORE_02-0380;STORE_02;CASH-08;2026-07-29 8:53:52;SKU-001;2;45000;0;CARD
REC-20260729-STORE_02-0380;STORE_02;CASH-07;2026-07-29 8:53:52;SKU-024;3;12000;1000;CARD
REC-20260729-STORE_02-0380;STORE_02;CASH-08;2026-07-29 8:53:52;SKU-013;2;12000;500;CASH
REC-20260729-STORE_02-0381;STORE_02;CASH-07;2026-07-29 17:45:19;SKU-002;1;12000;0;CASH
REC-20260729-STORE_02-0381;STORE_02;CASH-06;2026-07-29 17:45:19;SKU-001;1;45000;1000;CASH
REC-20260729-STORE_02-0381;STORE_02;CASH-01;2026-07-29 17:45:19;SKU-004;4;25000;0;CASH
REC-20260729-STORE_02-0381;STORE_02;CASH-10;2026-07-29 17:45:19;SKU-037;3;45000;1000;CARD
REC-20260729-STORE_02-0382;STORE_02;CASH-10;2026-07-29 13:39:24;SKU-001;4;45000;1000;CARD
REC-20260729-STORE_02-0382;STORE_02;CASH-07;2026-07-29 13:39:24;SKU-002;3;12000;500;CARD
REC-20260729-STORE_02-0382;STORE_02;CASH-04;2026-07-29 13:39:24;SKU-003;1;45000;500;CASH
REC-20260729-STORE_02-0382;STORE_02;CASH-09;2026-07-29 13:39:24;SKU-002;2;12000;0;CASH
REC-20260729-STORE_02-0383;STORE_02;CASH-02;2026-07-29 21:19:46;SKU-001;2;45000;0;CASH
REC-20260729-STORE_02-0383;STORE_02;CASH-03;2026-07-29 21:19:46;SKU-013;4;12000;0;CARD
REC-20260729-STORE_02-0383;STORE_02;CASH-10;2026-07-29 21:19:46;SKU-006;4;45000;0;CARD
REC-20260729-STORE_02-0384;STORE_02;CASH-09;2026-07-29 17:40:38;SKU-001;4;45000;0;CARD
REC-20260729-STORE_02-0384;STORE_02;CASH-02;2026-07-29 17:40:38;SKU-003;2;45000;0;CARD
REC-20260729-STORE_02-0384;STORE_02;CASH-04;2026-07-29 17:40:38;SKU-031;1;45000;0;CASH
REC-20260729-STORE_02-0384;STORE_02;CASH-05;2026-07-29 17:40:38;SKU-022;2;12000;1000;CARD
REC-20260729-STORE_02-0385;STORE_02;CASH-02;2026-07-29 21:43:58;SKU-020;2;12000;0;CARD
REC-20260729-STORE_02-0386;STORE_02;CASH-09;2026-07-29 17:25:17;SKU-014;1;5000;0;CASH
REC-20260729-STORE_02-0386;STORE_02;CASH-01;2026-07-29 17:25:17;SKU-026;3;12000;500;CASH
REC-20260729-STORE_02-0386;STORE_02;CASH-04;2026-07-29 17:25:17;SKU-003;1;45000;0;CARD
REC-20260729-STORE_02-0386;STORE_02;CASH-10;2026-07-29 17:25:17;SKU-003;3;45000;0;CASH
REC-20260729-STORE_02-0387;STORE_02;CASH-10;2026-07-29 11:03:43;SKU-047;2;5000;0;CARD
REC-20260729-STORE_02-0387;STORE_02;CASH-01;2026-07-29 11:03:43;SKU-001;2;45000;1000;CASH
REC-20260729-STORE_02-0387;STORE_02;CASH-08;2026-07-29 11:03:43;SKU-004;4;25000;0;CARD
REC-20260729-STORE_02-0387;STORE_02;CASH-10;2026-07-29 11:03:43;SKU-001;2;45000;0;CARD
REC-20260729-STORE_02-0388;STORE_02;CASH-03;2026-07-29 13:24:08;SKU-017;3;12000;1000;CASH
REC-20260729-STORE_02-0388;STORE_02;CASH-07;2026-07-29 13:24:08;SKU-005;4;5000;500;CASH
REC-20260729-STORE_02-0388;STORE_02;CASH-06;2026-07-29 13:24:08;SKU-003;1;45000;0;CARD
REC-20260729-STORE_02-0389;STORE_02;CASH-07;2026-07-29 19:40:46;SKU-011;3;5000;1000;CASH
REC-20260729-STORE_02-0389;STORE_02;CASH-01;2026-07-29 19:40:46;SKU-010;1;25000;0;CARD
REC-20260729-STORE_02-0389;STORE_02;CASH-01;2026-07-29 19:40:46;SKU-002;1;12000;0;CARD
REC-20260729-STORE_02-0389;STORE_02;CASH-10;2026-07-29 19:40:46;SKU-026;3;12000;0;CARD
REC-20260729-STORE_02-0389;STORE_02;CASH-01;2026-07-29 19:40:46;SKU-034;2;25000;500;CARD
REC-20260729-STORE_02-0390;STORE_02;CASH-05;2026-07-29 19:01:44;SKU-001;3;45000;0;CARD
REC-20260729-STORE_02-0390;STORE_02;CASH-08;2026-07-29 19:01:44;SKU-005;1;5000;0;CASH
REC-20260729-STORE_02-0391;STORE_02;CASH-06;2026-07-29 14:12:27;SKU-048;3;25000;500;CARD
REC-20260729-STORE_02-0391;STORE_02;CASH-01;2026-07-29 14:12:27;SKU-030;4;45000;500;CARD
REC-20260729-STORE_02-0391;STORE_02;CASH-10;2026-07-29 14:12:27;SKU-010;4;25000;0;CARD
REC-20260729-STORE_02-0392;STORE_02;CASH-07;2026-07-29 18:29:03;SKU-005;1;5000;0;CARD
REC-20260729-STORE_02-0392;STORE_02;CASH-02;2026-07-29 18:29:03;SKU-016;4;25000;500;CARD
REC-20260729-STORE_02-0392;STORE_02;CASH-10;2026-07-29 18:29:03;SKU-001;2;45000;0;CARD
REC-20260729-STORE_02-0392;STORE_02;CASH-07;2026-07-29 18:29:03;SKU-008;1;12000;500;CARD
REC-20260729-STORE_02-0392;STORE_02;CASH-06;2026-07-29 18:29:03;SKU-002;4;12000;1000;CARD
REC-20260729-STORE_02-0393;STORE_02;CASH-05;2026-07-29 13:08:20;SKU-015;1;5000;0;CARD
REC-20260729-STORE_02-0394;STORE_02;CASH-08;2026-07-29 19:06:45;SKU-008;3;12000;1000;CARD
REC-20260729-STORE_02-0394;STORE_02;CASH-08;2026-07-29 19:06:45;SKU-001;4;45000;0;CASH
REC-20260729-STORE_02-0394;STORE_02;CASH-02;2026-07-29 19:06:45;SKU-004;2;25000;500;CASH
REC-20260729-STORE_02-0394;STORE_02;CASH-08;2026-07-29 19:06:45;SKU-022;3;12000;500;CARD
REC-20260729-STORE_02-0394;STORE_02;CASH-10;2026-07-29 19:06:45;SKU-002;3;12000;0;CARD
REC-20260729-STORE_02-0395;STORE_02;CASH-01;2026-07-29 13:18:49;SKU-049;4;5000;0;CASH
REC-20260729-STORE_02-0395;STORE_02;CASH-01;2026-07-29 13:18:49;SKU-005;2;5000;0;CARD
REC-20260729-STORE_02-0395;STORE_02;CASH-01;2026-07-29 13:18:49;SKU-001;2;45000;0;CASH
REC-20260729-STORE_02-0395;STORE_02;CASH-08;2026-07-29 13:18:49;SKU-001;4;45000;500;CARD
REC-20260729-STORE_02-0395;STORE_02;CASH-05;2026-07-29 13:18:49;SKU-001;4;45000;0;CARD
REC-20260729-STORE_02-0396;STORE_02;CASH-06;2026-07-29 12:24:35;SKU-032;3;25000;500;CARD
REC-20260729-STORE_02-0396;STORE_02;CASH-04;2026-07-29 12:24:35;SKU-041;4;25000;0;CARD
REC-20260729-STORE_02-0396;STORE_02;CASH-10;2026-07-29 12:24:35;SKU-005;4;5000;1000;CARD
REC-20260729-STORE_02-0397;STORE_02;CASH-03;2026-07-29 16:35:09;SKU-036;1;45000;1000;CASH
REC-20260729-STORE_02-0397;STORE_02;CASH-03;2026-07-29 16:35:09;SKU-001;1;45000;0;CARD
REC-20260729-STORE_02-0398;STORE_02;CASH-03;2026-07-29 16:52:36;SKU-001;4;45000;1000;CARD
REC-20260729-STORE_02-0398;STORE_02;CASH-03;2026-07-29 16:52:36;SKU-026;1;12000;1000;CARD
REC-20260729-STORE_02-0398;STORE_02;CASH-06;2026-07-29 16:52:36;SKU-050;3;25000;0;CASH
REC-20260729-STORE_02-0398;STORE_02;CASH-03;2026-07-29 16:52:36;SKU-001;2;45000;0;CASH
REC-20260729-STORE_02-0398;STORE_02;CASH-07;2026-07-29 16:52:36;SKU-024;4;12000;0;CASH
REC-20260729-STORE_02-0399;STORE_02;CASH-03;2026-07-29 17:07:33;SKU-001;4;45000;0;CASH
REC-20260729-STORE_02-0399;STORE_02;CASH-01;2026-07-29 17:07:33;SKU-012;3;45000;0;CASH
REC-20260729-STORE_02-0399;STORE_02;CASH-01;2026-07-29 17:07:33;SKU-006;3;45000;500;CARD
REC-20260729-STORE_02-0399;STORE_02;CASH-08;2026-07-29 17:07:33;SKU-005;1;5000;1000;CARD
REC-20260729-STORE_02-0400;STORE_02;CASH-01;2026-07-29 14:17:26;SKU-002;1;12000;0;CARD
REC-20260729-STORE_02-0400;STORE_02;CASH-10;2026-07-29 14:17:26;SKU-027;2;5000;0;CARD
REC-20260729-STORE_02-0401;STORE_02;CASH-05;2026-07-29 16:03:21;SKU-008;4;12000;0;CARD
REC-20260729-STORE_02-0401;STORE_02;CASH-07;2026-07-29 16:03:21;SKU-007;3;12000;500;CARD
REC-20260729-STORE_02-0401;STORE_02;CASH-10;2026-07-29 16:03:21;SKU-004;3;25000;0;CASH
REC-20260729-STORE_02-0401;STORE_02;CASH-04;2026-07-29 16:03:21;SKU-011;3;5000;500;CASH
REC-20260729-STORE_02-0402;STORE_02;CASH-10;2026-07-29 19:14:37;SKU-003;2;45000;0;CARD
REC-20260729-STORE_02-0402;STORE_02;CASH-05;2026-07-29 19:14:37;SKU-003;2;45000;500;CARD
REC-20260729-STORE_02-0402;STORE_02;CASH-07;2026-07-29 19:14:37;SKU-001;4;45000;1000;CARD
REC-20260729-STORE_02-0403;STORE_02;CASH-09;2026-07-29 18:22:56;SKU-003;1;45000;0;CARD
REC-20260729-STORE_02-0403;STORE_02;CASH-07;2026-07-29 18:22:56;SKU-023;3;45000;1000;CASH
REC-20260729-STORE_02-0404;STORE_02;CASH-02;2026-07-29 13:45:19;SKU-037;1;45000;500;CARD
REC-20260729-STORE_02-0404;STORE_02;CASH-10;2026-07-29 13:45:19;SKU-001;2;45000;0;CASH
REC-20260729-STORE_02-0404;STORE_02;CASH-10;2026-07-29 13:45:19;SKU-012;4;45000;500;CARD
REC-20260729-STORE_02-0404;STORE_02;CASH-02;2026-07-29 13:45:19;SKU-005;1;5000;0;CASH
REC-20260729-STORE_02-0405;STORE_02;CASH-05;2026-07-29 14:26:01;SKU-001;1;45000;0;CASH
REC-20260729-STORE_02-0406;STORE_02;CASH-05;2026-07-29 10:38:13;SKU-017;4;12000;0;CARD
REC-20260729-STORE_02-0407;STORE_02;CASH-08;2026-07-29 15:23:12;SKU-001;4;45000;0;CARD
REC-20260729-STORE_02-0407;STORE_02;CASH-02;2026-07-29 15:23:12;SKU-006;3;45000;0;CASH
REC-20260729-STORE_02-0407;STORE_02;CASH-03;2026-07-29 15:23:12;SKU-003;3;45000;1000;CARD
REC-20260729-STORE_02-0408;STORE_02;CASH-01;2026-07-29 18:56:44;SKU-009;4;25000;500;CASH
REC-20260729-STORE_02-0409;STORE_02;CASH-10;2026-07-29 13:33:15;SKU-006;2;45000;1000;CARD
REC-20260729-STORE_02-0410;STORE_02;CASH-05;2026-07-29 18:50:48;SKU-032;1;25000;1000;CARD
REC-20260729-STORE_02-0410;STORE_02;CASH-07;2026-07-29 18:50:48;SKU-001;4;45000;0;CARD
REC-20260729-STORE_02-0410;STORE_02;CASH-04;2026-07-29 18:50:48;SKU-043;3;25000;0;CARD
REC-20260729-STORE_02-0411;STORE_02;CASH-10;2026-07-29 9:56:30;SKU-001;1;45000;0;CARD
REC-20260729-STORE_02-0411;STORE_02;CASH-06;2026-07-29 9:56:30;SKU-003;3;45000;500;CASH
REC-20260729-STORE_02-0411;STORE_02;CASH-01;2026-07-29 9:56:30;SKU-006;1;45000;500;CASH
REC-20260729-STORE_02-0411;STORE_02;CASH-06;2026-07-29 9:56:30;SKU-001;1;45000;0;CASH
REC-20260729-STORE_02-0411;STORE_02;CASH-01;2026-07-29 9:56:30;SKU-001;4;45000;0;CASH
REC-20260729-STORE_02-0412;STORE_02;CASH-08;2026-07-29 11:12:34;SKU-002;3;12000;0;CARD
REC-20260729-STORE_02-0412;STORE_02;CASH-06;2026-07-29 11:12:34;SKU-044;4;5000;500;CARD
REC-20260729-STORE_02-0412;STORE_02;CASH-09;2026-07-29 11:12:34;SKU-002;2;12000;0;CASH
REC-20260729-STORE_02-0412;STORE_02;CASH-07;2026-07-29 11:12:34;SKU-001;1;45000;500;CASH
REC-20260729-STORE_02-0412;STORE_02;CASH-09;2026-07-29 11:12:34;SKU-004;2;25000;0;CARD
REC-20260729-STORE_02-0413;STORE_02;CASH-07;2026-07-29 17:07:42;SKU-005;1;5000;500;CASH
REC-20260729-STORE_02-0413;STORE_02;CASH-10;2026-07-29 17:07:42;SKU-001;3;45000;500;CARD
REC-20260729-STORE_02-0413;STORE_02;CASH-09;2026-07-29 17:07:42;SKU-014;3;5000;500;CARD
REC-20260729-STORE_02-0414;STORE_02;CASH-05;2026-07-29 11:48:45;SKU-002;2;12000;0;CARD
REC-20260729-STORE_02-0415;STORE_02;CASH-07;2026-07-29 15:43:14;SKU-002;4;12000;500;CARD
REC-20260729-STORE_02-0415;STORE_02;CASH-01;2026-07-29 15:43:14;SKU-041;4;25000;0;CASH
REC-20260729-STORE_02-0415;STORE_02;CASH-04;2026-07-29 15:43:14;SKU-001;1;45000;0;CASH
REC-20260729-STORE_02-0415;STORE_02;CASH-04;2026-07-29 15:43:14;SKU-007;1;12000;0;CASH
REC-20260729-STORE_02-0416;STORE_02;CASH-02;2026-07-29 9:06:29;SKU-019;4;25000;1000;CARD
REC-20260729-STORE_02-0416;STORE_02;CASH-06;2026-07-29 9:06:29;SKU-001;2;45000;0;CASH
REC-20260729-STORE_02-0416;STORE_02;CASH-03;2026-07-29 9:06:29;SKU-003;3;45000;500;CARD
REC-20260729-STORE_02-0416;STORE_02;CASH-07;2026-07-29 9:06:29;SKU-005;4;5000;500;CARD
REC-20260729-STORE_02-0416;STORE_02;CASH-08;2026-07-29 9:06:29;SKU-049;1;5000;0;CARD
REC-20260729-STORE_02-0417;STORE_02;CASH-06;2026-07-29 17:29:27;SKU-001;3;45000;0;CARD
REC-20260729-STORE_02-0417;STORE_02;CASH-08;2026-07-29 17:29:27;SKU-001;4;45000;0;CARD
REC-20260729-STORE_02-0417;STORE_02;CASH-07;2026-07-29 17:29:27;SKU-001;4;45000;1000;CARD
REC-20260729-STORE_02-0418;STORE_02;CASH-03;2026-07-29 12:33:54;SKU-001;3;45000;1000;CARD
REC-20260729-STORE_02-0418;STORE_02;CASH-02;2026-07-29 12:33:54;SKU-008;3;12000;500;CASH
REC-20260729-STORE_02-0418;STORE_02;CASH-04;2026-07-29 12:33:54;SKU-002;2;12000;0;CASH
REC-20260729-STORE_02-0419;STORE_02;CASH-09;2026-07-29 13:43:55;SKU-001;2;45000;1000;CARD
REC-20260729-STORE_02-0420;STORE_02;CASH-07;2026-07-29 15:11:52;SKU-008;1;12000;0;CARD
REC-20260729-STORE_02-0421;STORE_02;CASH-07;2026-07-29 21:25:33;SKU-003;4;45000;1000;CASH
REC-20260729-STORE_02-0421;STORE_02;CASH-05;2026-07-29 21:25:33;SKU-050;2;25000;0;CARD
REC-20260729-STORE_02-0421;STORE_02;CASH-03;2026-07-29 21:25:33;SKU-008;3;12000;0;CASH
REC-20260729-STORE_02-0421;STORE_02;CASH-05;2026-07-29 21:25:33;SKU-006;2;45000;1000;CARD
REC-20260729-STORE_02-0421;STORE_02;CASH-05;2026-07-29 21:25:33;SKU-003;3;45000;500;CARD
REC-20260729-STORE_02-0422;STORE_02;CASH-01;2026-07-29 16:49:19;SKU-003;2;45000;0;CARD
REC-20260729-STORE_02-0422;STORE_02;CASH-02;2026-07-29 16:49:19;SKU-044;3;5000;0;CARD
REC-20260729-STORE_02-0422;STORE_02;CASH-05;2026-07-29 16:49:19;SKU-009;3;25000;0;CARD
REC-20260729-STORE_02-0422;STORE_02;CASH-02;2026-07-29 16:49:19;SKU-002;2;12000;0;CARD
REC-20260729-STORE_02-0422;STORE_02;CASH-09;2026-07-29 16:49:19;SKU-001;4;45000;1000;CASH
REC-20260729-STORE_02-0423;STORE_02;CASH-07;2026-07-29 11:06:47;SKU-008;2;12000;1000;CARD
REC-20260729-STORE_02-0424;STORE_02;CASH-08;2026-07-29 17:58:58;SKU-007;3;12000;0;CARD
REC-20260729-STORE_02-0424;STORE_02;CASH-10;2026-07-29 17:58:58;SKU-005;2;5000;0;CARD
REC-20260729-STORE_02-0424;STORE_02;CASH-07;2026-07-29 17:58:58;SKU-001;4;45000;500;CARD
REC-20260729-STORE_02-0424;STORE_02;CASH-04;2026-07-29 17:58:58;SKU-007;3;12000;0;CARD
REC-20260729-STORE_02-0424;STORE_02;CASH-05;2026-07-29 17:58:58;SKU-017;1;12000;0;CARD
REC-20260729-STORE_02-0425;STORE_02;CASH-05;2026-07-29 14:06:17;SKU-045;2;45000;0;CARD
REC-20260729-STORE_02-0425;STORE_02;CASH-03;2026-07-29 14:06:17;SKU-002;3;12000;0;CARD
REC-20260729-STORE_02-0425;STORE_02;CASH-01;2026-07-29 14:06:17;SKU-013;2;12000;0;CASH
REC-20260729-STORE_02-0426;STORE_02;CASH-01;2026-07-29 16:58:12;SKU-001;2;45000;1000;CARD
REC-20260729-STORE_02-0426;STORE_02;CASH-03;2026-07-29 16:58:12;SKU-032;2;25000;0;CARD
REC-20260729-STORE_02-0426;STORE_02;CASH-01;2026-07-29 16:58:12;SKU-038;2;12000;1000;CARD
REC-20260729-STORE_02-0427;STORE_02;CASH-08;2026-07-29 20:37:45;SKU-001;2;45000;0;CARD
REC-20260729-STORE_02-0427;STORE_02;CASH-07;2026-07-29 20:37:45;SKU-026;2;12000;0;CARD
REC-20260729-STORE_02-0427;STORE_02;CASH-05;2026-07-29 20:37:45;SKU-005;4;5000;0;CASH
REC-20260729-STORE_02-0427;STORE_02;CASH-10;2026-07-29 20:37:45;SKU-002;2;12000;500;CARD
REC-20260729-STORE_02-0428;STORE_02;CASH-08;2026-07-29 19:49:00;SKU-004;4;25000;0;CARD
REC-20260729-STORE_02-0428;STORE_02;CASH-05;2026-07-29 19:49:00;SKU-001;2;45000;1000;CARD
REC-20260729-STORE_02-0428;STORE_02;CASH-10;2026-07-29 19:49:00;SKU-001;2;45000;0;CASH
REC-20260729-STORE_02-0428;STORE_02;CASH-09;2026-07-29 19:49:00;SKU-011;1;5000;0;CARD
REC-20260729-STORE_02-0429;STORE_02;CASH-05;2026-07-29 9:07:55;SKU-001;4;45000;0;CASH
REC-20260729-STORE_02-0429;STORE_02;CASH-07;2026-07-29 9:07:55;SKU-002;3;12000;0;CARD
REC-20260729-STORE_02-0429;STORE_02;CASH-10;2026-07-29 9:07:55;SKU-005;4;5000;0;CARD
REC-20260729-STORE_02-0429;STORE_02;CASH-06;2026-07-29 9:07:55;SKU-008;1;12000;0;CARD
REC-20260729-STORE_02-0429;STORE_02;CASH-01;2026-07-29 9:07:55;SKU-002;2;12000;1000;CARD
REC-20260729-STORE_02-0430;STORE_02;CASH-06;2026-07-29 18:47:22;SKU-002;4;12000;0;CARD
REC-20260729-STORE_02-0430;STORE_02;CASH-04;2026-07-29 18:47:22;SKU-029;1;5000;0;CASH
REC-20260729-STORE_02-0430;STORE_02;CASH-03;2026-07-29 18:47:22;SKU-006;2;45000;0;CARD
REC-20260729-STORE_02-0430;STORE_02;CASH-08;2026-07-29 18:47:22;SKU-002;1;12000;500;CARD
REC-20260729-STORE_02-0430;STORE_02;CASH-05;2026-07-29 18:47:22;SKU-006;1;45000;500;CASH
REC-20260729-STORE_02-0431;STORE_02;CASH-04;2026-07-29 14:46:08;SKU-001;2;45000;500;CARD
REC-20260729-STORE_02-0432;STORE_02;CASH-01;2026-07-29 8:32:30;SKU-001;2;45000;0;CASH
REC-20260729-STORE_02-0432;STORE_02;CASH-10;2026-07-29 8:32:30;SKU-003;3;45000;500;CASH
REC-20260729-STORE_02-0433;STORE_02;CASH-10;2026-07-29 17:22:44;SKU-001;4;45000;0;CARD
REC-20260729-STORE_02-0433;STORE_02;CASH-06;2026-07-29 17:22:44;SKU-010;4;25000;1000;CASH
REC-20260729-STORE_02-0433;STORE_02;CASH-02;2026-07-29 17:22:44;SKU-001;3;45000;500;CARD
REC-20260729-STORE_02-0433;STORE_02;CASH-09;2026-07-29 17:22:44;SKU-010;1;25000;0;CARD
REC-20260729-STORE_02-0433;STORE_02;CASH-08;2026-07-29 17:22:44;SKU-003;4;45000;500;CARD
REC-20260729-STORE_02-0434;STORE_02;CASH-08;2026-07-29 17:43:20;SKU-005;4;5000;1000;CARD
REC-20260729-STORE_02-0434;STORE_02;CASH-10;2026-07-29 17:43:20;SKU-004;4;25000;500;CARD
REC-20260729-STORE_02-0434;STORE_02;CASH-09;2026-07-29 17:43:20;SKU-004;4;25000;0;CARD
REC-20260729-STORE_02-0434;STORE_02;CASH-06;2026-07-29 17:43:20;SKU-006;3;45000;0;CASH
REC-20260729-STORE_02-0435;STORE_02;CASH-08;2026-07-29 17:29:58;SKU-039;1;5000;0;CARD
REC-20260729-STORE_02-0435;STORE_02;CASH-08;2026-07-29 17:29:58;SKU-004;1;25000;0;CASH
REC-20260729-STORE_02-0435;STORE_02;CASH-02;2026-07-29 17:29:58;SKU-023;3;45000;0;CARD
REC-20260729-STORE_02-0435;STORE_02;CASH-05;2026-07-29 17:29:58;SKU-001;1;45000;0;CARD
REC-20260729-STORE_02-0435;STORE_02;CASH-10;2026-07-29 17:29:58;SKU-008;2;12000;0;CARD
REC-20260729-STORE_02-0436;STORE_02;CASH-09;2026-07-29 18:57:29;SKU-007;3;12000;500;CARD
REC-20260729-STORE_02-0437;STORE_02;CASH-08;2026-07-29 13:03:05;SKU-008;4;12000;1000;CARD
REC-20260729-STORE_02-0438;STORE_02;CASH-01;2026-07-29 10:59:09;SKU-003;2;45000;0;CARD
REC-20260729-STORE_02-0438;STORE_02;CASH-07;2026-07-29 10:59:09;SKU-008;3;12000;0;CASH
REC-20260729-STORE_02-0438;STORE_02;CASH-08;2026-07-29 10:59:09;SKU-011;4;5000;1000;CARD
REC-20260729-STORE_02-0438;STORE_02;CASH-09;2026-07-29 10:59:09;SKU-030;2;45000;500;CARD
REC-20260729-STORE_02-0439;STORE_02;CASH-02;2026-07-29 12:33:43;SKU-008;1;12000;0;CARD
REC-20260729-STORE_02-0439;STORE_02;CASH-09;2026-07-29 12:33:43;SKU-013;2;12000;0;CARD
REC-20260729-STORE_02-0439;STORE_02;CASH-04;2026-07-29 12:33:43;SKU-005;1;5000;0;CASH
REC-20260729-STORE_02-0439;STORE_02;CASH-06;2026-07-29 12:33:43;SKU-005;4;5000;0;CASH
REC-20260729-STORE_02-0439;STORE_02;CASH-03;2026-07-29 12:33:43;SKU-004;3;25000;1000;CARD
REC-20260729-STORE_02-0440;STORE_02;CASH-04;2026-07-29 20:09:02;SKU-001;4;45000;0;CASH
REC-20260729-STORE_02-0440;STORE_02;CASH-05;2026-07-29 20:09:02;SKU-025;4;5000;500;CARD
REC-20260729-STORE_02-0441;STORE_02;CASH-07;2026-07-29 18:05:20;SKU-034;4;25000;0;CASH
REC-20260729-STORE_02-0441;STORE_02;CASH-09;2026-07-29 18:05:20;SKU-005;2;5000;500;CASH
REC-20260729-STORE_02-0442;STORE_02;CASH-08;2026-07-29 13:16:12;SKU-007;1;12000;1000;CARD
REC-20260729-STORE_02-0442;STORE_02;CASH-01;2026-07-29 13:16:12;SKU-003;3;45000;0;CASH
REC-20260729-STORE_02-0442;STORE_02;CASH-09;2026-07-29 13:16:12;SKU-004;1;25000;1000;CARD
REC-20260729-STORE_02-0443;STORE_02;CASH-03;2026-07-29 12:54:22;SKU-031;4;45000;1000;CASH
REC-20260729-STORE_02-0443;STORE_02;CASH-06;2026-07-29 12:54:22;SKU-001;3;45000;500;CASH
REC-20260729-STORE_02-0443;STORE_02;CASH-03;2026-07-29 12:54:22;SKU-001;4;45000;1000;CARD
REC-20260729-STORE_02-0443;STORE_02;CASH-03;2026-07-29 12:54:22;SKU-003;4;45000;0;CARD
REC-20260729-STORE_02-0444;STORE_02;CASH-06;2026-07-29 17:14:10;SKU-001;4;45000;500;CARD
REC-20260729-STORE_02-0445;STORE_02;CASH-04;2026-07-29 21:23:03;SKU-008;2;12000;0;CARD
REC-20260729-STORE_02-0445;STORE_02;CASH-08;2026-07-29 21:23:03;SKU-009;4;25000;1000;CASH
REC-20260729-STORE_02-0445;STORE_02;CASH-02;2026-07-29 21:23:03;SKU-045;3;45000;0;CARD
REC-20260729-STORE_02-0445;STORE_02;CASH-01;2026-07-29 21:23:03;SKU-005;1;5000;500;CARD
REC-20260729-STORE_02-0446;STORE_02;CASH-04;2026-07-29 17:57:39;SKU-001;2;45000;0;CARD
REC-20260729-STORE_02-0446;STORE_02;CASH-10;2026-07-29 17:57:39;SKU-001;1;45000;0;CASH
REC-20260729-STORE_02-0447;STORE_02;CASH-08;2026-07-29 14:04:17;SKU-012;3;45000;0;CARD
REC-20260729-STORE_02-0448;STORE_02;CASH-10;2026-07-29 11:00:05;SKU-001;3;45000;0;CARD
REC-20260729-STORE_02-0448;STORE_02;CASH-09;2026-07-29 11:00:05;SKU-001;4;45000;0;CASH
REC-20260729-STORE_02-0448;STORE_02;CASH-03;2026-07-29 11:00:05;SKU-014;2;5000;1000;CASH
REC-20260729-STORE_02-0449;STORE_02;CASH-09;2026-07-29 21:42:12;SKU-020;4;12000;0;CASH
REC-20260729-STORE_02-0450;STORE_02;CASH-03;2026-07-29 11:15:28;SKU-024;2;12000;500;CASH
REC-20260729-STORE_02-0450;STORE_02;CASH-09;2026-07-29 11:15:28;SKU-004;2;25000;0;CARD
REC-20260729-STORE_02-0451;STORE_02;CASH-05;2026-07-29 20:45:32;SKU-022;2;12000;500;CASH
REC-20260729-STORE_02-0451;STORE_02;CASH-08;2026-07-29 20:45:32;SKU-001;4;45000;500;CARD
REC-20260729-STORE_02-0451;STORE_02;CASH-10;2026-07-29 20:45:32;SKU-001;2;45000;0;CARD
REC-20260729-STORE_02-0452;STORE_02;CASH-05;2026-07-29 17:36:00;SKU-002;4;12000;0;CASH
REC-20260729-STORE_02-0453;STORE_02;CASH-08;2026-07-29 8:33:11;SKU-008;3;12000;0;CARD
REC-20260729-STORE_02-0453;STORE_02;CASH-04;2026-07-29 8:33:11;SKU-009;3;25000;500;CASH
REC-20260729-STORE_02-0453;STORE_02;CASH-02;2026-07-29 8:33:11;SKU-002;4;12000;0;CARD
REC-20260729-STORE_02-0453;STORE_02;CASH-10;2026-07-29 8:33:11;SKU-027;1;5000;500;CARD
REC-20260729-STORE_02-0453;STORE_02;CASH-10;2026-07-29 8:33:11;SKU-012;1;45000;0;CARD
REC-20260729-STORE_02-0454;STORE_02;CASH-07;2026-07-29 9:18:48;SKU-004;2;25000;0;CASH
REC-20260729-STORE_02-0454;STORE_02;CASH-07;2026-07-29 9:18:48;SKU-014;3;5000;0;CARD
REC-20260729-STORE_02-0454;STORE_02;CASH-08;2026-07-29 9:18:48;SKU-007;1;12000;0;CARD
REC-20260729-STORE_02-0455;STORE_02;CASH-05;2026-07-29 9:03:17;SKU-002;2;12000;0;CASH
REC-20260729-STORE_02-0455;STORE_02;CASH-03;2026-07-29 9:03:17;SKU-005;4;5000;0;CARD
REC-20260729-STORE_02-0455;STORE_02;CASH-02;2026-07-29 9:03:17;SKU-006;3;45000;0;CARD
REC-20260729-STORE_02-0456;STORE_02;CASH-06;2026-07-29 20:16:12;SKU-007;2;12000;0;CASH
REC-20260729-STORE_02-0456;STORE_02;CASH-06;2026-07-29 20:16:12;SKU-001;1;45000;0;CARD
REC-20260729-STORE_02-0457;STORE_02;CASH-07;2026-07-29 11:44:21;SKU-007;3;12000;0;CARD
REC-20260729-STORE_02-0457;STORE_02;CASH-07;2026-07-29 11:44:21;SKU-005;2;5000;0;CARD
REC-20260729-STORE_02-0457;STORE_02;CASH-02;2026-07-29 11:44:21;SKU-018;4;5000;0;CARD
REC-20260729-STORE_02-0458;STORE_02;CASH-07;2026-07-29 11:54:55;SKU-009;2;25000;0;CARD
REC-20260729-STORE_02-0458;STORE_02;CASH-08;2026-07-29 11:54:55;SKU-020;1;12000;1000;CASH
REC-20260729-STORE_02-0458;STORE_02;CASH-10;2026-07-29 11:54:55;SKU-001;3;45000;0;CARD
REC-20260729-STORE_02-0458;STORE_02;CASH-03;2026-07-29 11:54:55;SKU-006;3;45000;0;CARD
REC-20260729-STORE_02-0458;STORE_02;CASH-09;2026-07-29 11:54:55;SKU-004;3;25000;500;CARD
REC-20260729-STORE_02-0459;STORE_02;CASH-09;2026-07-29 19:30:57;SKU-013;3;12000;1000;CARD
REC-20260729-STORE_02-0459;STORE_02;CASH-05;2026-07-29 19:30:57;SKU-007;3;12000;0;CARD
REC-20260729-STORE_02-0459;STORE_02;CASH-09;2026-07-29 19:30:57;SKU-009;2;25000;0;CASH
REC-20260729-STORE_02-0459;STORE_02;CASH-01;2026-07-29 19:30:57;SKU-003;4;45000;0;CASH
REC-20260729-STORE_02-0460;STORE_02;CASH-04;2026-07-29 19:26:31;SKU-002;3;12000;0;CARD
REC-20260729-STORE_02-0460;STORE_02;CASH-04;2026-07-29 19:26:31;SKU-004;1;25000;0;CASH
REC-20260729-STORE_02-0460;STORE_02;CASH-05;2026-07-29 19:26:31;SKU-003;3;45000;0;CASH
REC-20260729-STORE_02-0461;STORE_02;CASH-09;2026-07-29 16:28:03;SKU-002;3;12000;500;CASH
REC-20260729-STORE_02-0461;STORE_02;CASH-10;2026-07-29 16:28:03;SKU-046;3;25000;500;CARD
REC-20260729-STORE_02-0462;STORE_02;CASH-02;2026-07-29 17:16:23;SKU-001;1;45000;1000;CASH
REC-20260729-STORE_02-0462;STORE_02;CASH-02;2026-07-29 17:16:23;SKU-024;2;12000;0;CASH
REC-20260729-STORE_02-0462;STORE_02;CASH-09;2026-07-29 17:16:23;SKU-001;4;45000;500;CASH
REC-20260729-STORE_02-0462;STORE_02;CASH-05;2026-07-29 17:16:23;SKU-042;3;5000;1000;CARD
REC-20260729-STORE_02-0463;STORE_02;CASH-04;2026-07-29 19:48:29;SKU-023;1;45000;500;CARD
REC-20260729-STORE_02-0463;STORE_02;CASH-04;2026-07-29 19:48:29;SKU-024;2;12000;0;CASH
REC-20260729-STORE_02-0464;STORE_02;CASH-02;2026-07-29 15:46:10;SKU-011;4;5000;1000;CASH
REC-20260729-STORE_02-0464;STORE_02;CASH-05;2026-07-29 15:46:10;SKU-002;1;12000;1000;CARD
REC-20260729-STORE_02-0465;STORE_02;CASH-09;2026-07-29 21:58:03;SKU-002;2;12000;0;CASH
REC-20260729-STORE_02-0465;STORE_02;CASH-09;2026-07-29 21:58:03;SKU-001;4;45000;500;CARD
REC-20260729-STORE_02-0466;STORE_02;CASH-01;2026-07-29 20:53:06;SKU-005;1;5000;500;CARD
REC-20260729-STORE_02-0467;STORE_02;CASH-06;2026-07-29 10:45:45;SKU-024;3;12000;0;CASH
REC-20260729-STORE_02-0467;STORE_02;CASH-04;2026-07-29 10:45:45;SKU-001;4;45000;0;CASH
REC-20260729-STORE_02-0468;STORE_02;CASH-05;2026-07-29 8:15:13;SKU-002;3;12000;0;CASH
REC-20260729-STORE_02-0468;STORE_02;CASH-10;2026-07-29 8:15:13;SKU-014;2;5000;0;CARD
REC-20260729-STORE_02-0468;STORE_02;CASH-05;2026-07-29 8:15:13;SKU-049;4;5000;1000;CASH
REC-20260729-STORE_02-0468;STORE_02;CASH-03;2026-07-29 8:15:13;SKU-001;3;45000;0;CARD
REC-20260729-STORE_02-0468;STORE_02;CASH-02;2026-07-29 8:15:13;SKU-034;2;25000;0;CARD
REC-20260729-STORE_02-0469;STORE_02;CASH-05;2026-07-29 21:13:53;SKU-010;4;25000;0;CARD
REC-20260729-STORE_02-0469;STORE_02;CASH-03;2026-07-29 21:13:53;SKU-003;2;45000;0;CARD
REC-20260729-STORE_02-0470;STORE_02;CASH-09;2026-07-29 16:59:39;SKU-036;4;45000;0;CARD
REC-20260729-STORE_02-0470;STORE_02;CASH-07;2026-07-29 16:59:39;SKU-046;4;25000;0;CARD
REC-20260729-STORE_02-0470;STORE_02;CASH-06;2026-07-29 16:59:39;SKU-001;2;45000;0;CARD
REC-20260729-STORE_02-0470;STORE_02;CASH-06;2026-07-29 16:59:39;SKU-001;4;45000;1000;CASH
REC-20260729-STORE_02-0471;STORE_02;CASH-09;2026-07-29 20:34:10;SKU-005;2;5000;0;CARD
REC-20260729-STORE_02-0472;STORE_02;CASH-09;2026-07-29 15:26:38;SKU-001;3;45000;0;CARD
REC-20260729-STORE_02-0472;STORE_02;CASH-10;2026-07-29 15:26:38;SKU-008;1;12000;0;CARD
REC-20260729-STORE_02-0472;STORE_02;CASH-06;2026-07-29 15:26:38;SKU-001;3;45000;0;CARD
REC-20260729-STORE_02-0472;STORE_02;CASH-05;2026-07-29 15:26:38;SKU-018;4;5000;0;CARD
REC-20260729-STORE_02-0472;STORE_02;CASH-06;2026-07-29 15:26:38;SKU-001;3;45000;0;CARD
REC-20260729-STORE_02-0473;STORE_02;CASH-03;2026-07-29 21:53:40;SKU-002;3;12000;0;CARD
REC-20260729-STORE_02-0473;STORE_02;CASH-09;2026-07-29 21:53:40;SKU-001;2;45000;1000;CARD
REC-20260729-STORE_02-0473;STORE_02;CASH-04;2026-07-29 21:53:40;SKU-003;3;45000;1000;CARD
REC-20260729-STORE_02-0474;STORE_02;CASH-10;2026-07-29 17:09:37;SKU-018;2;5000;0;CASH
REC-20260729-STORE_02-0475;STORE_02;CASH-09;2026-07-29 11:03:09;SKU-005;4;5000;500;CARD
REC-20260729-STORE_02-0475;STORE_02;CASH-02;2026-07-29 11:03:09;SKU-004;2;25000;0;CASH
REC-20260729-STORE_02-0476;STORE_02;CASH-02;2026-07-29 8:02:38;SKU-001;1;45000;500;CARD
REC-20260729-STORE_02-0476;STORE_02;CASH-05;2026-07-29 8:02:38;SKU-002;1;12000;0;CASH
REC-20260729-STORE_02-0476;STORE_02;CASH-10;2026-07-29 8:02:38;SKU-003;3;45000;0;CARD
REC-20260729-STORE_02-0476;STORE_02;CASH-09;2026-07-29 8:02:38;SKU-012;4;45000;500;CARD
REC-20260729-STORE_02-0476;STORE_02;CASH-10;2026-07-29 8:02:38;SKU-001;3;45000;0;CASH
REC-20260729-STORE_02-0477;STORE_02;CASH-05;2026-07-29 16:29:09;SKU-004;4;25000;1000;CASH
REC-20260729-STORE_02-0478;STORE_02;CASH-01;2026-07-29 13:00:50;SKU-044;4;5000;0;CARD
REC-20260729-STORE_02-0478;STORE_02;CASH-06;2026-07-29 13:00:50;SKU-006;4;45000;500;CARD
REC-20260729-STORE_02-0479;STORE_02;CASH-10;2026-07-29 21:17:59;SKU-007;1;12000;1000;CASH
REC-20260729-STORE_02-0479;STORE_02;CASH-07;2026-07-29 21:17:59;SKU-018;4;5000;0;CARD
REC-20260729-STORE_02-0479;STORE_02;CASH-04;2026-07-29 21:17:59;SKU-028;1;5000;500;CARD
REC-20260729-STORE_02-0480;STORE_02;CASH-03;2026-07-29 19:02:18;SKU-044;4;5000;500;CARD
REC-20260729-STORE_02-0480;STORE_02;CASH-02;2026-07-29 19:02:18;SKU-004;2;25000;0;CARD
REC-20260729-STORE_02-0480;STORE_02;CASH-01;2026-07-29 19:02:18;SKU-001;4;45000;500;CARD
REC-20260729-STORE_02-0480;STORE_02;CASH-04;2026-07-29 19:02:18;SKU-033;1;5000;0;CARD
REC-20260729-STORE_02-0480;STORE_02;CASH-06;2026-07-29 19:02:18;SKU-001;1;45000;0;CARD
REC-20260729-STORE_02-0481;STORE_02;CASH-09;2026-07-29 18:13:01;SKU-015;4;5000;0;CASH
REC-20260729-STORE_02-0481;STORE_02;CASH-05;2026-07-29 18:13:01;SKU-001;2;45000;1000;CASH
REC-20260729-STORE_02-0481;STORE_02;CASH-04;2026-07-29 18:13:01;SKU-005;3;5000;0;CARD
REC-20260729-STORE_02-0482;STORE_02;CASH-09;2026-07-29 16:14:38;SKU-002;4;12000;1000;CASH
REC-20260729-STORE_02-0482;STORE_02;CASH-08;2026-07-29 16:14:38;SKU-037;1;45000;0;CARD
REC-20260729-STORE_02-0482;STORE_02;CASH-03;2026-07-29 16:14:38;SKU-015;1;5000;500;CASH
REC-20260729-STORE_02-0482;STORE_02;CASH-02;2026-07-29 16:14:38;SKU-009;1;25000;0;CASH
REC-20260729-STORE_02-0483;STORE_02;CASH-10;2026-07-29 14:10:21;SKU-024;1;12000;0;CASH
REC-20260729-STORE_02-0483;STORE_02;CASH-06;2026-07-29 14:10:21;SKU-001;1;45000;0;CARD
REC-20260729-STORE_02-0483;STORE_02;CASH-06;2026-07-29 14:10:21;SKU-028;4;5000;1000;CASH
REC-20260729-STORE_02-0484;STORE_02;CASH-07;2026-07-29 14:25:24;SKU-040;4;25000;0;CARD
REC-20260729-STORE_02-0485;STORE_02;CASH-04;2026-07-29 19:50:17;SKU-002;2;12000;500;CASH
REC-20260729-STORE_02-0485;STORE_02;CASH-07;2026-07-29 19:50:17;SKU-012;1;45000;0;CARD
REC-20260729-STORE_02-0485;STORE_02;CASH-04;2026-07-29 19:50:17;SKU-002;1;12000;0;CARD
REC-20260729-STORE_02-0486;STORE_02;CASH-08;2026-07-29 12:33:34;SKU-002;4;12000;0;CASH
REC-20260729-STORE_02-0486;STORE_02;CASH-01;2026-07-29 12:33:34;SKU-025;4;5000;1000;CARD
REC-20260729-STORE_02-0487;STORE_02;CASH-05;2026-07-29 18:16:39;SKU-020;3;12000;500;CASH
REC-20260729-STORE_02-0487;STORE_02;CASH-08;2026-07-29 18:16:39;SKU-001;3;45000;0;CASH
REC-20260729-STORE_02-0488;STORE_02;CASH-09;2026-07-29 14:27:31;SKU-001;1;45000;500;CARD
REC-20260729-STORE_02-0489;STORE_02;CASH-08;2026-07-29 9:35:15;SKU-021;3;5000;500;CASH
REC-20260729-STORE_02-0489;STORE_02;CASH-10;2026-07-29 9:35:15;SKU-009;1;25000;1000;CARD
REC-20260729-STORE_02-0489;STORE_02;CASH-03;2026-07-29 9:35:15;SKU-001;2;45000;0;CARD
REC-20260729-STORE_02-0489;STORE_02;CASH-06;2026-07-29 9:35:15;SKU-041;1;25000;0;CARD
REC-20260729-STORE_02-0490;STORE_02;CASH-10;2026-07-29 21:43:02;SKU-022;2;12000;500;CASH
REC-20260729-STORE_02-0491;STORE_02;CASH-04;2026-07-29 19:53:51;SKU-001;4;45000;0;CARD
REC-20260729-STORE_02-0491;STORE_02;CASH-09;2026-07-29 19:53:51;SKU-015;4;5000;0;CARD
REC-20260729-STORE_02-0492;STORE_02;CASH-10;2026-07-29 9:04:26;SKU-026;4;12000;0;CARD
REC-20260729-STORE_02-0492;STORE_02;CASH-10;2026-07-29 9:04:26;SKU-037;4;45000;500;CASH
REC-20260729-STORE_02-0492;STORE_02;CASH-07;2026-07-29 9:04:26;SKU-004;4;25000;0;CASH
REC-20260729-STORE_02-0492;STORE_02;CASH-06;2026-07-29 9:04:26;SKU-001;4;45000;0;CARD
REC-20260729-STORE_02-0493;STORE_02;CASH-02;2026-07-29 9:39:27;SKU-011;1;5000;500;CARD
REC-20260729-STORE_02-0493;STORE_02;CASH-07;2026-07-29 9:39:27;SKU-006;2;45000;0;CARD
REC-20260729-STORE_02-0493;STORE_02;CASH-06;2026-07-29 9:39:27;SKU-001;4;45000;0;CARD
REC-20260729-STORE_02-0494;STORE_02;CASH-03;2026-07-29 13:04:16;SKU-002;3;12000;1000;CASH
REC-20260729-STORE_02-0494;STORE_02;CASH-05;2026-07-29 13:04:16;SKU-001;3;45000;0;CARD
REC-20260729-STORE_02-0495;STORE_02;CASH-02;2026-07-29 21:02:02;SKU-001;3;45000;0;CASH
REC-20260729-STORE_02-0495;STORE_02;CASH-05;2026-07-29 21:02:02;SKU-002;1;12000;0;CASH
REC-20260729-STORE_02-0495;STORE_02;CASH-07;2026-07-29 21:02:02;SKU-003;3;45000;500;CARD
REC-20260729-STORE_02-0495;STORE_02;CASH-09;2026-07-29 21:02:02;SKU-003;1;45000;0;CARD
REC-20260729-STORE_02-0496;STORE_02;CASH-01;2026-07-29 12:18:37;SKU-042;3;5000;0;CARD
REC-20260729-STORE_02-0496;STORE_02;CASH-03;2026-07-29 12:18:37;SKU-013;1;12000;0;CASH
REC-20260729-STORE_02-0497;STORE_02;CASH-02;2026-07-29 16:20:30;SKU-003;2;45000;500;CARD
REC-20260729-STORE_02-0497;STORE_02;CASH-03;2026-07-29 16:20:30;SKU-012;3;45000;0;CASH
REC-20260729-STORE_02-0498;STORE_02;CASH-08;2026-07-29 13:05:41;SKU-001;1;45000;1000;CARD
REC-20260729-STORE_02-0499;STORE_02;CASH-03;2026-07-29 13:30:25;SKU-004;2;25000;0;CARD
REC-20260729-STORE_02-0500;STORE_02;CASH-07;2026-07-29 17:56:49;SKU-002;3;12000;0;CARD
REC-20260729-STORE_02-0500;STORE_02;CASH-08;2026-07-29 17:56:49;SKU-007;2;12000;1000;CARD
REC-20260729-STORE_02-0500;STORE_02;CASH-05;2026-07-29 17:56:49;SKU-001;2;45000;0;CARD
REC-20260729-STORE_02-0500;STORE_02;CASH-05;2026-07-29 17:56:49;SKU-012;2;45000;0;CASH
REC-20260729-STORE_02-0500;STORE_02;CASH-06;2026-07-29 17:56:49;SKU-009;3;25000;500;CASH
REC-20260729-STORE_03-0001;STORE_03;CASH-08;2026-07-29 20:45:12;SKU-008;1;12000;1000;CARD
REC-20260729-STORE_03-0001;STORE_03;CASH-03;2026-07-29 20:45:12;SKU-007;3;12000;0;CARD
REC-20260729-STORE_03-0001;STORE_03;CASH-01;2026-07-29 20:45:12;SKU-011;2;5000;500;CARD
REC-20260729-STORE_03-0001;STORE_03;CASH-08;2026-07-29 20:45:12;SKU-001;3;45000;0;CARD
REC-20260729-STORE_03-0002;STORE_03;CASH-03;2026-07-29 19:51:38;SKU-048;3;25000;1000;CARD
REC-20260729-STORE_03-0002;STORE_03;CASH-08;2026-07-29 19:51:38;SKU-003;4;45000;500;CARD
REC-20260729-STORE_03-0002;STORE_03;CASH-08;2026-07-29 19:51:38;SKU-036;3;45000;500;CARD
REC-20260729-STORE_03-0002;STORE_03;CASH-08;2026-07-29 19:51:38;SKU-023;1;45000;0;CARD
REC-20260729-STORE_03-0002;STORE_03;CASH-05;2026-07-29 19:51:38;SKU-013;2;12000;0;CARD
REC-20260729-STORE_03-0003;STORE_03;CASH-04;2026-07-29 17:43:53;SKU-025;4;5000;0;CASH
REC-20260729-STORE_03-0003;STORE_03;CASH-10;2026-07-29 17:43:53;SKU-023;2;45000;500;CARD
REC-20260729-STORE_03-0003;STORE_03;CASH-01;2026-07-29 17:43:53;SKU-001;1;45000;0;CARD
REC-20260729-STORE_03-0004;STORE_03;CASH-08;2026-07-29 17:56:41;SKU-006;3;45000;0;CARD
REC-20260729-STORE_03-0004;STORE_03;CASH-01;2026-07-29 17:56:41;SKU-001;2;45000;0;CARD
REC-20260729-STORE_03-0005;STORE_03;CASH-09;2026-07-29 12:43:06;SKU-004;3;25000;0;CARD
REC-20260729-STORE_03-0005;STORE_03;CASH-08;2026-07-29 12:43:06;SKU-002;2;12000;500;CARD
REC-20260729-STORE_03-0005;STORE_03;CASH-05;2026-07-29 12:43:06;SKU-002;3;12000;0;CASH
REC-20260729-STORE_03-0005;STORE_03;CASH-09;2026-07-29 12:43:06;SKU-020;2;12000;0;CARD
REC-20260729-STORE_03-0006;STORE_03;CASH-06;2026-07-29 10:07:57;SKU-004;1;25000;1000;CASH
REC-20260729-STORE_03-0006;STORE_03;CASH-01;2026-07-29 10:07:57;SKU-044;2;5000;0;CASH
REC-20260729-STORE_03-0006;STORE_03;CASH-07;2026-07-29 10:07:57;SKU-002;3;12000;1000;CARD
REC-20260729-STORE_03-0006;STORE_03;CASH-09;2026-07-29 10:07:57;SKU-001;2;45000;0;CARD
REC-20260729-STORE_03-0007;STORE_03;CASH-06;2026-07-29 8:32:31;SKU-004;4;25000;500;CARD
REC-20260729-STORE_03-0007;STORE_03;CASH-07;2026-07-29 8:32:31;SKU-001;3;45000;0;CARD
REC-20260729-STORE_03-0007;STORE_03;CASH-05;2026-07-29 8:32:31;SKU-001;1;45000;0;CARD
REC-20260729-STORE_03-0008;STORE_03;CASH-09;2026-07-29 15:38:12;SKU-001;4;45000;1000;CARD
REC-20260729-STORE_03-0008;STORE_03;CASH-08;2026-07-29 15:38:12;SKU-012;4;45000;0;CARD
REC-20260729-STORE_03-0009;STORE_03;CASH-07;2026-07-29 21:59:27;SKU-004;2;25000;1000;CARD
REC-20260729-STORE_03-0009;STORE_03;CASH-03;2026-07-29 21:59:27;SKU-017;3;12000;0;CARD
REC-20260729-STORE_03-0009;STORE_03;CASH-07;2026-07-29 21:59:27;SKU-001;1;45000;0;CARD
REC-20260729-STORE_03-0009;STORE_03;CASH-10;2026-07-29 21:59:27;SKU-002;4;12000;0;CARD
REC-20260729-STORE_03-0009;STORE_03;CASH-01;2026-07-29 21:59:27;SKU-002;2;12000;500;CARD
REC-20260729-STORE_03-0010;STORE_03;CASH-03;2026-07-29 12:20:22;SKU-013;4;12000;1000;CARD
REC-20260729-STORE_03-0010;STORE_03;CASH-05;2026-07-29 12:20:22;SKU-007;3;12000;1000;CARD
REC-20260729-STORE_03-0010;STORE_03;CASH-07;2026-07-29 12:20:22;SKU-004;3;25000;0;CASH
REC-20260729-STORE_03-0010;STORE_03;CASH-10;2026-07-29 12:20:22;SKU-045;3;45000;0;CARD
REC-20260729-STORE_03-0010;STORE_03;CASH-04;2026-07-29 12:20:22;SKU-011;4;5000;500;CASH
REC-20260729-STORE_03-0011;STORE_03;CASH-06;2026-07-29 9:09:12;SKU-005;3;5000;0;CASH
REC-20260729-STORE_03-0011;STORE_03;CASH-06;2026-07-29 9:09:12;SKU-020;1;12000;1000;CARD
REC-20260729-STORE_03-0011;STORE_03;CASH-05;2026-07-29 9:09:12;SKU-009;3;25000;0;CARD
REC-20260729-STORE_03-0011;STORE_03;CASH-08;2026-07-29 9:09:12;SKU-001;3;45000;500;CARD
REC-20260729-STORE_03-0011;STORE_03;CASH-10;2026-07-29 9:09:12;SKU-031;1;45000;1000;CARD
REC-20260729-STORE_03-0012;STORE_03;CASH-07;2026-07-29 12:24:47;SKU-002;4;12000;1000;CASH
REC-20260729-STORE_03-0012;STORE_03;CASH-07;2026-07-29 12:24:47;SKU-047;1;5000;0;CARD
REC-20260729-STORE_03-0012;STORE_03;CASH-01;2026-07-29 12:24:47;SKU-002;1;12000;0;CARD
REC-20260729-STORE_03-0012;STORE_03;CASH-01;2026-07-29 12:24:47;SKU-001;1;45000;0;CARD
REC-20260729-STORE_03-0013;STORE_03;CASH-09;2026-07-29 11:31:03;SKU-001;2;45000;0;CARD
REC-20260729-STORE_03-0014;STORE_03;CASH-08;2026-07-29 20:09:57;SKU-019;1;25000;0;CARD
REC-20260729-STORE_03-0014;STORE_03;CASH-05;2026-07-29 20:09:57;SKU-041;4;25000;0;CASH
REC-20260729-STORE_03-0014;STORE_03;CASH-07;2026-07-29 20:09:57;SKU-001;2;45000;500;CARD
REC-20260729-STORE_03-0014;STORE_03;CASH-06;2026-07-29 20:09:57;SKU-008;1;12000;1000;CASH
REC-20260729-STORE_03-0015;STORE_03;CASH-03;2026-07-29 8:32:56;SKU-001;2;45000;1000;CARD
REC-20260729-STORE_03-0015;STORE_03;CASH-08;2026-07-29 8:32:56;SKU-017;3;12000;500;CARD
REC-20260729-STORE_03-0016;STORE_03;CASH-04;2026-07-29 15:36:37;SKU-010;4;25000;0;CARD
REC-20260729-STORE_03-0016;STORE_03;CASH-06;2026-07-29 15:36:37;SKU-001;3;45000;0;CARD
REC-20260729-STORE_03-0016;STORE_03;CASH-10;2026-07-29 15:36:37;SKU-025;1;5000;0;CARD
REC-20260729-STORE_03-0017;STORE_03;CASH-06;2026-07-29 20:03:57;SKU-017;1;12000;500;CARD
REC-20260729-STORE_03-0017;STORE_03;CASH-07;2026-07-29 20:03:57;SKU-015;4;5000;0;CARD
REC-20260729-STORE_03-0017;STORE_03;CASH-02;2026-07-29 20:03:57;SKU-007;3;12000;1000;CARD
REC-20260729-STORE_03-0018;STORE_03;CASH-08;2026-07-29 21:43:38;SKU-007;2;12000;0;CARD
REC-20260729-STORE_03-0018;STORE_03;CASH-07;2026-07-29 21:43:38;SKU-003;1;45000;0;CASH
REC-20260729-STORE_03-0019;STORE_03;CASH-07;2026-07-29 10:02:42;SKU-029;3;5000;0;CARD
REC-20260729-STORE_03-0019;STORE_03;CASH-10;2026-07-29 10:02:42;SKU-001;3;45000;0;CARD
REC-20260729-STORE_03-0019;STORE_03;CASH-07;2026-07-29 10:02:42;SKU-003;2;45000;1000;CARD
REC-20260729-STORE_03-0019;STORE_03;CASH-08;2026-07-29 10:02:42;SKU-001;2;45000;0;CASH
REC-20260729-STORE_03-0019;STORE_03;CASH-04;2026-07-29 10:02:42;SKU-002;2;12000;0;CARD
REC-20260729-STORE_03-0020;STORE_03;CASH-10;2026-07-29 20:36:58;SKU-010;3;25000;500;CARD
REC-20260729-STORE_03-0020;STORE_03;CASH-05;2026-07-29 20:36:58;SKU-021;2;5000;500;CARD
REC-20260729-STORE_03-0021;STORE_03;CASH-10;2026-07-29 15:48:31;SKU-041;2;25000;0;CASH
REC-20260729-STORE_03-0021;STORE_03;CASH-06;2026-07-29 15:48:31;SKU-010;2;25000;0;CASH
REC-20260729-STORE_03-0022;STORE_03;CASH-10;2026-07-29 14:19:52;SKU-001;2;45000;0;CASH
REC-20260729-STORE_03-0022;STORE_03;CASH-04;2026-07-29 14:19:52;SKU-014;2;5000;0;CASH
REC-20260729-STORE_03-0023;STORE_03;CASH-03;2026-07-29 11:48:04;SKU-003;3;45000;0;CASH
REC-20260729-STORE_03-0023;STORE_03;CASH-05;2026-07-29 11:48:04;SKU-013;3;12000;0;CARD
REC-20260729-STORE_03-0023;STORE_03;CASH-10;2026-07-29 11:48:04;SKU-008;4;12000;0;CASH
REC-20260729-STORE_03-0023;STORE_03;CASH-01;2026-07-29 11:48:04;SKU-017;3;12000;500;CASH
REC-20260729-STORE_03-0024;STORE_03;CASH-09;2026-07-29 15:18:51;SKU-009;1;25000;1000;CASH
REC-20260729-STORE_03-0024;STORE_03;CASH-03;2026-07-29 15:18:51;SKU-010;3;25000;0;CARD
REC-20260729-STORE_03-0024;STORE_03;CASH-06;2026-07-29 15:18:51;SKU-014;1;5000;0;CASH
REC-20260729-STORE_03-0025;STORE_03;CASH-01;2026-07-29 9:38:12;SKU-013;2;12000;0;CARD
REC-20260729-STORE_03-0025;STORE_03;CASH-02;2026-07-29 9:38:12;SKU-010;3;25000;0;CASH
REC-20260729-STORE_03-0025;STORE_03;CASH-05;2026-07-29 9:38:12;SKU-001;3;45000;0;CASH
REC-20260729-STORE_03-0025;STORE_03;CASH-09;2026-07-29 9:38:12;SKU-013;2;12000;1000;CARD
REC-20260729-STORE_03-0025;STORE_03;CASH-03;2026-07-29 9:38:12;SKU-001;2;45000;0;CASH
REC-20260729-STORE_03-0026;STORE_03;CASH-10;2026-07-29 16:47:16;SKU-001;2;45000;0;CASH
REC-20260729-STORE_03-0026;STORE_03;CASH-07;2026-07-29 16:47:16;SKU-002;3;12000;0;CASH
REC-20260729-STORE_03-0026;STORE_03;CASH-01;2026-07-29 16:47:16;SKU-006;4;45000;0;CARD
REC-20260729-STORE_03-0027;STORE_03;CASH-02;2026-07-29 14:00:50;SKU-001;4;45000;0;CASH
REC-20260729-STORE_03-0027;STORE_03;CASH-06;2026-07-29 14:00:50;SKU-031;1;45000;500;CASH
REC-20260729-STORE_03-0027;STORE_03;CASH-06;2026-07-29 14:00:50;SKU-045;2;45000;0;CARD
REC-20260729-STORE_03-0027;STORE_03;CASH-10;2026-07-29 14:00:50;SKU-001;1;45000;0;CASH
REC-20260729-STORE_03-0028;STORE_03;CASH-07;2026-07-29 10:32:43;SKU-021;1;5000;0;CARD
REC-20260729-STORE_03-0028;STORE_03;CASH-07;2026-07-29 10:32:43;SKU-023;4;45000;0;CASH
REC-20260729-STORE_03-0028;STORE_03;CASH-03;2026-07-29 10:32:43;SKU-002;3;12000;1000;CASH
REC-20260729-STORE_03-0028;STORE_03;CASH-06;2026-07-29 10:32:43;SKU-002;3;12000;500;CARD
REC-20260729-STORE_03-0028;STORE_03;CASH-05;2026-07-29 10:32:43;SKU-014;3;5000;500;CARD
REC-20260729-STORE_03-0029;STORE_03;CASH-06;2026-07-29 17:20:29;SKU-027;4;5000;500;CASH
REC-20260729-STORE_03-0029;STORE_03;CASH-10;2026-07-29 17:20:29;SKU-029;4;5000;0;CASH
REC-20260729-STORE_03-0029;STORE_03;CASH-01;2026-07-29 17:20:29;SKU-014;1;5000;500;CASH
REC-20260729-STORE_03-0029;STORE_03;CASH-01;2026-07-29 17:20:29;SKU-001;3;45000;0;CASH
REC-20260729-STORE_03-0029;STORE_03;CASH-02;2026-07-29 17:20:29;SKU-038;3;12000;500;CARD
REC-20260729-STORE_03-0030;STORE_03;CASH-04;2026-07-29 16:25:25;SKU-003;4;45000;0;CASH
REC-20260729-STORE_03-0031;STORE_03;CASH-07;2026-07-29 19:12:48;SKU-007;2;12000;0;CARD
REC-20260729-STORE_03-0031;STORE_03;CASH-06;2026-07-29 19:12:48;SKU-001;4;45000;0;CASH
REC-20260729-STORE_03-0031;STORE_03;CASH-02;2026-07-29 19:12:48;SKU-001;2;45000;500;CASH
REC-20260729-STORE_03-0032;STORE_03;CASH-03;2026-07-29 9:42:20;SKU-004;4;25000;0;CARD
REC-20260729-STORE_03-0033;STORE_03;CASH-05;2026-07-29 15:06:28;SKU-004;4;25000;0;CASH
REC-20260729-STORE_03-0033;STORE_03;CASH-02;2026-07-29 15:06:28;SKU-007;2;12000;0;CARD
REC-20260729-STORE_03-0033;STORE_03;CASH-01;2026-07-29 15:06:28;SKU-001;4;45000;0;CARD
REC-20260729-STORE_03-0033;STORE_03;CASH-07;2026-07-29 15:06:28;SKU-001;1;45000;0;CARD
REC-20260729-STORE_03-0033;STORE_03;CASH-05;2026-07-29 15:06:28;SKU-022;2;12000;1000;CASH
REC-20260729-STORE_03-0034;STORE_03;CASH-09;2026-07-29 20:59:03;SKU-019;2;25000;0;CARD
REC-20260729-STORE_03-0034;STORE_03;CASH-06;2026-07-29 20:59:03;SKU-001;2;45000;1000;CARD
REC-20260729-STORE_03-0035;STORE_03;CASH-08;2026-07-29 14:39:18;SKU-026;4;12000;500;CARD
REC-20260729-STORE_03-0035;STORE_03;CASH-09;2026-07-29 14:39:18;SKU-011;4;5000;1000;CARD
REC-20260729-STORE_03-0035;STORE_03;CASH-07;2026-07-29 14:39:18;SKU-001;4;45000;1000;CARD
REC-20260729-STORE_03-0036;STORE_03;CASH-06;2026-07-29 15:24:08;SKU-005;4;5000;1000;CARD
REC-20260729-STORE_03-0037;STORE_03;CASH-02;2026-07-29 15:13:25;SKU-015;3;5000;1000;CARD
REC-20260729-STORE_03-0037;STORE_03;CASH-09;2026-07-29 15:13:25;SKU-011;3;5000;0;CARD
REC-20260729-STORE_03-0038;STORE_03;CASH-07;2026-07-29 15:06:17;SKU-038;3;12000;0;CARD
REC-20260729-STORE_03-0039;STORE_03;CASH-06;2026-07-29 11:57:19;SKU-007;4;12000;500;CARD
REC-20260729-STORE_03-0039;STORE_03;CASH-07;2026-07-29 11:57:19;SKU-008;3;12000;500;CARD
REC-20260729-STORE_03-0040;STORE_03;CASH-09;2026-07-29 20:24:08;SKU-001;3;45000;0;CASH
REC-20260729-STORE_03-0040;STORE_03;CASH-07;2026-07-29 20:24:08;SKU-001;3;45000;1000;CASH
REC-20260729-STORE_03-0040;STORE_03;CASH-06;2026-07-29 20:24:08;SKU-002;2;12000;0;CASH
REC-20260729-STORE_03-0040;STORE_03;CASH-05;2026-07-29 20:24:08;SKU-036;2;45000;0;CARD
REC-20260729-STORE_03-0040;STORE_03;CASH-04;2026-07-29 20:24:08;SKU-001;1;45000;0;CASH
REC-20260729-STORE_03-0041;STORE_03;CASH-10;2026-07-29 18:25:00;SKU-003;3;45000;500;CARD
REC-20260729-STORE_03-0042;STORE_03;CASH-08;2026-07-29 8:49:35;SKU-042;4;5000;0;CASH
REC-20260729-STORE_03-0042;STORE_03;CASH-02;2026-07-29 8:49:35;SKU-005;4;5000;0;CASH
REC-20260729-STORE_03-0042;STORE_03;CASH-03;2026-07-29 8:49:35;SKU-028;1;5000;0;CARD
REC-20260729-STORE_03-0043;STORE_03;CASH-04;2026-07-29 18:50:42;SKU-010;1;25000;0;CARD
REC-20260729-STORE_03-0043;STORE_03;CASH-02;2026-07-29 18:50:42;SKU-025;3;5000;1000;CARD
REC-20260729-STORE_03-0043;STORE_03;CASH-02;2026-07-29 18:50:42;SKU-014;1;5000;1000;CARD
REC-20260729-STORE_03-0044;STORE_03;CASH-06;2026-07-29 13:52:32;SKU-010;1;25000;0;CASH
REC-20260729-STORE_03-0044;STORE_03;CASH-04;2026-07-29 13:52:32;SKU-004;4;25000;0;CASH
REC-20260729-STORE_03-0044;STORE_03;CASH-03;2026-07-29 13:52:32;SKU-002;2;12000;0;CARD
REC-20260729-STORE_03-0045;STORE_03;CASH-06;2026-07-29 14:15:54;SKU-001;1;45000;0;CARD
REC-20260729-STORE_03-0045;STORE_03;CASH-05;2026-07-29 14:15:54;SKU-010;3;25000;1000;CARD
REC-20260729-STORE_03-0045;STORE_03;CASH-01;2026-07-29 14:15:54;SKU-050;2;25000;0;CARD
REC-20260729-STORE_03-0045;STORE_03;CASH-07;2026-07-29 14:15:54;SKU-014;4;5000;0;CASH
REC-20260729-STORE_03-0046;STORE_03;CASH-08;2026-07-29 14:07:30;SKU-009;2;25000;1000;CARD
REC-20260729-STORE_03-0046;STORE_03;CASH-10;2026-07-29 14:07:30;SKU-006;3;45000;0;CASH
REC-20260729-STORE_03-0046;STORE_03;CASH-04;2026-07-29 14:07:30;SKU-015;1;5000;500;CARD
REC-20260729-STORE_03-0046;STORE_03;CASH-09;2026-07-29 14:07:30;SKU-040;2;25000;0;CARD
REC-20260729-STORE_03-0047;STORE_03;CASH-07;2026-07-29 11:07:11;SKU-004;4;25000;0;CASH
REC-20260729-STORE_03-0047;STORE_03;CASH-04;2026-07-29 11:07:11;SKU-001;2;45000;0;CARD
REC-20260729-STORE_03-0047;STORE_03;CASH-01;2026-07-29 11:07:11;SKU-007;1;12000;500;CARD
REC-20260729-STORE_03-0047;STORE_03;CASH-03;2026-07-29 11:07:11;SKU-029;3;5000;0;CARD
REC-20260729-STORE_03-0047;STORE_03;CASH-08;2026-07-29 11:07:11;SKU-007;1;12000;0;CASH
REC-20260729-STORE_03-0048;STORE_03;CASH-07;2026-07-29 20:29:09;SKU-002;3;12000;0;CARD
REC-20260729-STORE_03-0048;STORE_03;CASH-09;2026-07-29 20:29:09;SKU-025;2;5000;500;CARD
REC-20260729-STORE_03-0048;STORE_03;CASH-01;2026-07-29 20:29:09;SKU-003;4;45000;0;CARD
REC-20260729-STORE_03-0048;STORE_03;CASH-07;2026-07-29 20:29:09;SKU-021;3;5000;0;CASH
REC-20260729-STORE_03-0049;STORE_03;CASH-07;2026-07-29 15:34:33;SKU-001;1;45000;500;CASH
REC-20260729-STORE_03-0049;STORE_03;CASH-07;2026-07-29 15:34:33;SKU-004;2;25000;0;CASH
REC-20260729-STORE_03-0049;STORE_03;CASH-03;2026-07-29 15:34:33;SKU-027;3;5000;0;CARD
REC-20260729-STORE_03-0049;STORE_03;CASH-09;2026-07-29 15:34:33;SKU-010;1;25000;0;CARD
REC-20260729-STORE_03-0050;STORE_03;CASH-03;2026-07-29 10:20:52;SKU-001;4;45000;1000;CARD
REC-20260729-STORE_03-0050;STORE_03;CASH-06;2026-07-29 10:20:52;SKU-017;2;12000;0;CARD
REC-20260729-STORE_03-0050;STORE_03;CASH-03;2026-07-29 10:20:52;SKU-013;2;12000;1000;CASH
REC-20260729-STORE_03-0050;STORE_03;CASH-04;2026-07-29 10:20:52;SKU-001;1;45000;1000;CASH
REC-20260729-STORE_03-0051;STORE_03;CASH-03;2026-07-29 15:00:29;SKU-002;4;12000;0;CASH
REC-20260729-STORE_03-0051;STORE_03;CASH-05;2026-07-29 15:00:29;SKU-050;3;25000;1000;CARD
REC-20260729-STORE_03-0051;STORE_03;CASH-01;2026-07-29 15:00:29;SKU-004;3;25000;0;CARD
REC-20260729-STORE_03-0051;STORE_03;CASH-07;2026-07-29 15:00:29;SKU-043;2;25000;500;CARD
REC-20260729-STORE_03-0051;STORE_03;CASH-02;2026-07-29 15:00:29;SKU-001;3;45000;1000;CARD
REC-20260729-STORE_03-0052;STORE_03;CASH-07;2026-07-29 16:27:38;SKU-001;3;45000;1000;CARD
REC-20260729-STORE_03-0052;STORE_03;CASH-01;2026-07-29 16:27:38;SKU-001;2;45000;0;CARD
REC-20260729-STORE_03-0053;STORE_03;CASH-02;2026-07-29 16:57:24;SKU-024;1;12000;0;CARD
REC-20260729-STORE_03-0053;STORE_03;CASH-06;2026-07-29 16:57:24;SKU-001;4;45000;0;CARD
REC-20260729-STORE_03-0053;STORE_03;CASH-06;2026-07-29 16:57:24;SKU-018;4;5000;0;CARD
REC-20260729-STORE_03-0054;STORE_03;CASH-10;2026-07-29 16:26:51;SKU-035;4;5000;500;CASH
REC-20260729-STORE_03-0054;STORE_03;CASH-08;2026-07-29 16:26:51;SKU-003;3;45000;0;CARD
REC-20260729-STORE_03-0054;STORE_03;CASH-02;2026-07-29 16:26:51;SKU-025;3;5000;1000;CARD
REC-20260729-STORE_03-0055;STORE_03;CASH-10;2026-07-29 10:37:21;SKU-008;3;12000;0;CASH
REC-20260729-STORE_03-0055;STORE_03;CASH-01;2026-07-29 10:37:21;SKU-026;3;12000;1000;CARD
REC-20260729-STORE_03-0055;STORE_03;CASH-10;2026-07-29 10:37:21;SKU-001;1;45000;1000;CASH
REC-20260729-STORE_03-0056;STORE_03;CASH-07;2026-07-29 18:58:08;SKU-013;3;12000;0;CARD
REC-20260729-STORE_03-0056;STORE_03;CASH-05;2026-07-29 18:58:08;SKU-001;3;45000;0;CARD
REC-20260729-STORE_03-0056;STORE_03;CASH-05;2026-07-29 18:58:08;SKU-022;1;12000;0;CASH
REC-20260729-STORE_03-0056;STORE_03;CASH-09;2026-07-29 18:58:08;SKU-030;4;45000;0;CARD
REC-20260729-STORE_03-0057;STORE_03;CASH-06;2026-07-29 21:29:51;SKU-029;1;5000;0;CARD
REC-20260729-STORE_03-0057;STORE_03;CASH-01;2026-07-29 21:29:51;SKU-016;4;25000;1000;CASH
REC-20260729-STORE_03-0057;STORE_03;CASH-06;2026-07-29 21:29:51;SKU-004;2;25000;0;CASH
REC-20260729-STORE_03-0057;STORE_03;CASH-02;2026-07-29 21:29:51;SKU-001;1;45000;1000;CASH
REC-20260729-STORE_03-0057;STORE_03;CASH-07;2026-07-29 21:29:51;SKU-004;3;25000;1000;CARD
REC-20260729-STORE_03-0058;STORE_03;CASH-02;2026-07-29 13:57:59;SKU-003;2;45000;0;CARD
REC-20260729-STORE_03-0058;STORE_03;CASH-10;2026-07-29 13:57:59;SKU-027;3;5000;0;CASH
REC-20260729-STORE_03-0059;STORE_03;CASH-09;2026-07-29 14:58:41;SKU-029;4;5000;0;CARD
REC-20260729-STORE_03-0059;STORE_03;CASH-05;2026-07-29 14:58:41;SKU-009;4;25000;0;CARD
REC-20260729-STORE_03-0060;STORE_03;CASH-01;2026-07-29 16:03:05;SKU-009;2;25000;0;CASH
REC-20260729-STORE_03-0060;STORE_03;CASH-01;2026-07-29 16:03:05;SKU-004;3;25000;1000;CARD
REC-20260729-STORE_03-0060;STORE_03;CASH-08;2026-07-29 16:03:05;SKU-002;3;12000;1000;CARD
REC-20260729-STORE_03-0061;STORE_03;CASH-08;2026-07-29 13:27:17;SKU-007;3;12000;1000;CARD
REC-20260729-STORE_03-0061;STORE_03;CASH-02;2026-07-29 13:27:17;SKU-001;2;45000;0;CASH
REC-20260729-STORE_03-0061;STORE_03;CASH-04;2026-07-29 13:27:17;SKU-003;1;45000;0;CARD
REC-20260729-STORE_03-0061;STORE_03;CASH-04;2026-07-29 13:27:17;SKU-025;4;5000;0;CASH
REC-20260729-STORE_03-0062;STORE_03;CASH-01;2026-07-29 8:23:00;SKU-003;3;45000;0;CASH
REC-20260729-STORE_03-0062;STORE_03;CASH-07;2026-07-29 8:23:00;SKU-001;2;45000;500;CASH
REC-20260729-STORE_03-0062;STORE_03;CASH-06;2026-07-29 8:23:00;SKU-001;4;45000;0;CARD
REC-20260729-STORE_03-0062;STORE_03;CASH-02;2026-07-29 8:23:00;SKU-003;2;45000;0;CASH
REC-20260729-STORE_03-0062;STORE_03;CASH-10;2026-07-29 8:23:00;SKU-001;3;45000;0;CASH
REC-20260729-STORE_03-0063;STORE_03;CASH-10;2026-07-29 8:48:33;SKU-001;1;45000;0;CARD
REC-20260729-STORE_03-0063;STORE_03;CASH-05;2026-07-29 8:48:33;SKU-003;3;45000;1000;CARD
REC-20260729-STORE_03-0063;STORE_03;CASH-06;2026-07-29 8:48:33;SKU-027;1;5000;1000;CARD
REC-20260729-STORE_03-0064;STORE_03;CASH-03;2026-07-29 11:55:21;SKU-004;3;25000;0;CARD
REC-20260729-STORE_03-0064;STORE_03;CASH-07;2026-07-29 11:55:21;SKU-020;2;12000;0;CASH
REC-20260729-STORE_03-0064;STORE_03;CASH-09;2026-07-29 11:55:21;SKU-002;1;12000;0;CASH
REC-20260729-STORE_03-0065;STORE_03;CASH-03;2026-07-29 14:23:17;SKU-001;2;45000;0;CARD
REC-20260729-STORE_03-0065;STORE_03;CASH-06;2026-07-29 14:23:17;SKU-003;1;45000;500;CASH
REC-20260729-STORE_03-0065;STORE_03;CASH-10;2026-07-29 14:23:17;SKU-004;4;25000;0;CASH
REC-20260729-STORE_03-0066;STORE_03;CASH-03;2026-07-29 10:07:02;SKU-001;3;45000;500;CARD
REC-20260729-STORE_03-0066;STORE_03;CASH-10;2026-07-29 10:07:02;SKU-001;3;45000;0;CARD
REC-20260729-STORE_03-0066;STORE_03;CASH-08;2026-07-29 10:07:02;SKU-001;3;45000;500;CARD
REC-20260729-STORE_03-0067;STORE_03;CASH-03;2026-07-29 12:35:43;SKU-002;4;12000;500;CASH
REC-20260729-STORE_03-0068;STORE_03;CASH-01;2026-07-29 15:46:06;SKU-014;4;5000;500;CASH
REC-20260729-STORE_03-0068;STORE_03;CASH-02;2026-07-29 15:46:06;SKU-007;3;12000;0;CASH
REC-20260729-STORE_03-0068;STORE_03;CASH-06;2026-07-29 15:46:06;SKU-032;1;25000;0;CARD
REC-20260729-STORE_03-0069;STORE_03;CASH-06;2026-07-29 20:36:42;SKU-036;1;45000;0;CARD
REC-20260729-STORE_03-0070;STORE_03;CASH-02;2026-07-29 11:01:39;SKU-010;3;25000;1000;CARD
REC-20260729-STORE_03-0070;STORE_03;CASH-10;2026-07-29 11:01:39;SKU-030;4;45000;0;CARD
REC-20260729-STORE_03-0070;STORE_03;CASH-05;2026-07-29 11:01:39;SKU-011;3;5000;1000;CARD
REC-20260729-STORE_03-0071;STORE_03;CASH-03;2026-07-29 19:59:15;SKU-005;4;5000;0;CARD
REC-20260729-STORE_03-0071;STORE_03;CASH-08;2026-07-29 19:59:15;SKU-005;3;5000;0;CARD
REC-20260729-STORE_03-0071;STORE_03;CASH-04;2026-07-29 19:59:15;SKU-001;2;45000;0;CASH
REC-20260729-STORE_03-0072;STORE_03;CASH-09;2026-07-29 11:07:58;SKU-001;2;45000;500;CARD
REC-20260729-STORE_03-0072;STORE_03;CASH-08;2026-07-29 11:07:58;SKU-007;2;12000;0;CARD
REC-20260729-STORE_03-0072;STORE_03;CASH-07;2026-07-29 11:07:58;SKU-001;1;45000;1000;CARD
REC-20260729-STORE_03-0072;STORE_03;CASH-01;2026-07-29 11:07:58;SKU-011;3;5000;0;CARD
REC-20260729-STORE_03-0072;STORE_03;CASH-09;2026-07-29 11:07:58;SKU-027;2;5000;0;CASH
REC-20260729-STORE_03-0073;STORE_03;CASH-10;2026-07-29 11:46:45;SKU-002;4;12000;0;CASH
REC-20260729-STORE_03-0073;STORE_03;CASH-07;2026-07-29 11:46:45;SKU-017;2;12000;0;CASH
REC-20260729-STORE_03-0074;STORE_03;CASH-10;2026-07-29 9:32:28;SKU-002;2;12000;1000;CARD
REC-20260729-STORE_03-0074;STORE_03;CASH-08;2026-07-29 9:32:28;SKU-044;3;5000;1000;CARD
REC-20260729-STORE_03-0075;STORE_03;CASH-05;2026-07-29 11:04:53;SKU-002;3;12000;500;CARD
REC-20260729-STORE_03-0075;STORE_03;CASH-08;2026-07-29 11:04:53;SKU-006;3;45000;0;CARD
REC-20260729-STORE_03-0076;STORE_03;CASH-03;2026-07-29 10:16:31;SKU-038;3;12000;1000;CASH
REC-20260729-STORE_03-0077;STORE_03;CASH-05;2026-07-29 16:40:19;SKU-028;1;5000;0;CARD
REC-20260729-STORE_03-0077;STORE_03;CASH-01;2026-07-29 16:40:19;SKU-001;3;45000;500;CARD
REC-20260729-STORE_03-0077;STORE_03;CASH-03;2026-07-29 16:40:19;SKU-003;1;45000;500;CARD
REC-20260729-STORE_03-0077;STORE_03;CASH-10;2026-07-29 16:40:19;SKU-007;3;12000;0;CARD
REC-20260729-STORE_03-0078;STORE_03;CASH-08;2026-07-29 12:44:11;SKU-005;3;5000;1000;CARD
REC-20260729-STORE_03-0078;STORE_03;CASH-06;2026-07-29 12:44:11;SKU-023;2;45000;0;CASH
REC-20260729-STORE_03-0078;STORE_03;CASH-09;2026-07-29 12:44:11;SKU-033;1;5000;0;CARD
REC-20260729-STORE_03-0078;STORE_03;CASH-07;2026-07-29 12:44:11;SKU-001;2;45000;0;CARD
REC-20260729-STORE_03-0078;STORE_03;CASH-06;2026-07-29 12:44:11;SKU-040;2;25000;0;CASH
REC-20260729-STORE_03-0079;STORE_03;CASH-10;2026-07-29 11:38:46;SKU-002;2;12000;0;CASH
REC-20260729-STORE_03-0079;STORE_03;CASH-04;2026-07-29 11:38:46;SKU-002;1;12000;0;CARD
REC-20260729-STORE_03-0079;STORE_03;CASH-09;2026-07-29 11:38:46;SKU-001;4;45000;0;CARD
REC-20260729-STORE_03-0079;STORE_03;CASH-05;2026-07-29 11:38:46;SKU-009;3;25000;0;CARD
REC-20260729-STORE_03-0079;STORE_03;CASH-03;2026-07-29 11:38:46;SKU-005;1;5000;0;CARD
REC-20260729-STORE_03-0080;STORE_03;CASH-03;2026-07-29 20:12:22;SKU-001;2;45000;1000;CARD
REC-20260729-STORE_03-0080;STORE_03;CASH-08;2026-07-29 20:12:22;SKU-001;3;45000;0;CARD
REC-20260729-STORE_03-0080;STORE_03;CASH-01;2026-07-29 20:12:22;SKU-020;2;12000;0;CASH
REC-20260729-STORE_03-0081;STORE_03;CASH-09;2026-07-29 21:24:32;SKU-050;4;25000;0;CARD
REC-20260729-STORE_03-0081;STORE_03;CASH-10;2026-07-29 21:24:32;SKU-001;2;45000;1000;CARD
REC-20260729-STORE_03-0082;STORE_03;CASH-05;2026-07-29 17:31:33;SKU-013;2;12000;500;CARD
REC-20260729-STORE_03-0082;STORE_03;CASH-10;2026-07-29 17:31:33;SKU-030;4;45000;0;CASH
REC-20260729-STORE_03-0082;STORE_03;CASH-08;2026-07-29 17:31:33;SKU-034;2;25000;1000;CARD
REC-20260729-STORE_03-0083;STORE_03;CASH-09;2026-07-29 15:23:54;SKU-003;1;45000;0;CARD
REC-20260729-STORE_03-0083;STORE_03;CASH-07;2026-07-29 15:23:54;SKU-005;4;5000;0;CASH
REC-20260729-STORE_03-0083;STORE_03;CASH-05;2026-07-29 15:23:54;SKU-006;2;45000;500;CARD
REC-20260729-STORE_03-0083;STORE_03;CASH-10;2026-07-29 15:23:54;SKU-001;4;45000;500;CARD
REC-20260729-STORE_03-0083;STORE_03;CASH-07;2026-07-29 15:23:54;SKU-026;3;12000;0;CASH
REC-20260729-STORE_03-0084;STORE_03;CASH-09;2026-07-29 15:17:58;SKU-003;3;45000;0;CARD
REC-20260729-STORE_03-0084;STORE_03;CASH-01;2026-07-29 15:17:58;SKU-013;3;12000;1000;CASH
REC-20260729-STORE_03-0084;STORE_03;CASH-02;2026-07-29 15:17:58;SKU-004;3;25000;0;CASH
REC-20260729-STORE_03-0084;STORE_03;CASH-05;2026-07-29 15:17:58;SKU-002;4;12000;0;CASH
REC-20260729-STORE_03-0085;STORE_03;CASH-10;2026-07-29 14:13:23;SKU-014;3;5000;1000;CARD
REC-20260729-STORE_03-0085;STORE_03;CASH-03;2026-07-29 14:13:23;SKU-001;4;45000;0;CARD
REC-20260729-STORE_03-0085;STORE_03;CASH-06;2026-07-29 14:13:23;SKU-030;3;45000;1000;CARD
REC-20260729-STORE_03-0085;STORE_03;CASH-08;2026-07-29 14:13:23;SKU-002;3;12000;0;CARD
REC-20260729-STORE_03-0085;STORE_03;CASH-02;2026-07-29 14:13:23;SKU-004;1;25000;0;CARD
REC-20260729-STORE_03-0086;STORE_03;CASH-10;2026-07-29 9:33:45;SKU-001;3;45000;0;CARD
REC-20260729-STORE_03-0086;STORE_03;CASH-08;2026-07-29 9:33:45;SKU-002;2;12000;500;CASH
REC-20260729-STORE_03-0086;STORE_03;CASH-01;2026-07-29 9:33:45;SKU-002;3;12000;0;CARD
REC-20260729-STORE_03-0087;STORE_03;CASH-02;2026-07-29 13:13:28;SKU-006;1;45000;0;CASH
REC-20260729-STORE_03-0087;STORE_03;CASH-08;2026-07-29 13:13:28;SKU-001;4;45000;500;CARD
REC-20260729-STORE_03-0087;STORE_03;CASH-04;2026-07-29 13:13:28;SKU-005;3;5000;0;CARD
REC-20260729-STORE_03-0088;STORE_03;CASH-05;2026-07-29 18:28:31;SKU-040;3;25000;500;CASH
REC-20260729-STORE_03-0088;STORE_03;CASH-01;2026-07-29 18:28:31;SKU-043;3;25000;0;CARD
REC-20260729-STORE_03-0088;STORE_03;CASH-05;2026-07-29 18:28:31;SKU-040;1;25000;500;CARD
REC-20260729-STORE_03-0089;STORE_03;CASH-10;2026-07-29 9:41:56;SKU-004;2;25000;1000;CARD
REC-20260729-STORE_03-0090;STORE_03;CASH-03;2026-07-29 20:48:25;SKU-001;4;45000;500;CASH
REC-20260729-STORE_03-0091;STORE_03;CASH-03;2026-07-29 20:22:00;SKU-031;1;45000;0;CASH
REC-20260729-STORE_03-0092;STORE_03;CASH-08;2026-07-29 16:32:55;SKU-010;2;25000;0;CARD
REC-20260729-STORE_03-0093;STORE_03;CASH-05;2026-07-29 21:10:32;SKU-006;4;45000;500;CARD
REC-20260729-STORE_03-0093;STORE_03;CASH-09;2026-07-29 21:10:32;SKU-033;4;5000;0;CARD
REC-20260729-STORE_03-0093;STORE_03;CASH-09;2026-07-29 21:10:32;SKU-003;1;45000;0;CARD
REC-20260729-STORE_03-0093;STORE_03;CASH-04;2026-07-29 21:10:32;SKU-035;3;5000;0;CARD
REC-20260729-STORE_03-0093;STORE_03;CASH-03;2026-07-29 21:10:32;SKU-042;4;5000;1000;CASH
REC-20260729-STORE_03-0094;STORE_03;CASH-10;2026-07-29 16:23:55;SKU-024;2;12000;0;CASH
REC-20260729-STORE_03-0095;STORE_03;CASH-09;2026-07-29 14:10:51;SKU-047;3;5000;0;CARD
REC-20260729-STORE_03-0096;STORE_03;CASH-04;2026-07-29 9:01:16;SKU-002;2;12000;500;CARD
REC-20260729-STORE_03-0097;STORE_03;CASH-09;2026-07-29 15:03:59;SKU-001;4;45000;0;CARD
REC-20260729-STORE_03-0097;STORE_03;CASH-09;2026-07-29 15:03:59;SKU-001;2;45000;0;CARD
REC-20260729-STORE_03-0097;STORE_03;CASH-06;2026-07-29 15:03:59;SKU-001;1;45000;0;CARD
REC-20260729-STORE_03-0097;STORE_03;CASH-08;2026-07-29 15:03:59;SKU-001;4;45000;0;CARD
REC-20260729-STORE_03-0098;STORE_03;CASH-07;2026-07-29 15:44:49;SKU-002;1;12000;0;CASH
REC-20260729-STORE_03-0098;STORE_03;CASH-03;2026-07-29 15:44:49;SKU-001;2;45000;0;CARD
REC-20260729-STORE_03-0098;STORE_03;CASH-06;2026-07-29 15:44:49;SKU-001;2;45000;500;CARD
REC-20260729-STORE_03-0099;STORE_03;CASH-06;2026-07-29 17:14:25;SKU-002;4;12000;1000;CARD
REC-20260729-STORE_03-0099;STORE_03;CASH-07;2026-07-29 17:14:25;SKU-020;3;12000;0;CARD
REC-20260729-STORE_03-0099;STORE_03;CASH-05;2026-07-29 17:14:25;SKU-001;3;45000;1000;CARD
REC-20260729-STORE_03-0100;STORE_03;CASH-02;2026-07-29 10:58:56;SKU-013;4;12000;1000;CARD
REC-20260729-STORE_03-0100;STORE_03;CASH-07;2026-07-29 10:58:56;SKU-006;1;45000;1000;CASH
REC-20260729-STORE_03-0100;STORE_03;CASH-09;2026-07-29 10:58:56;SKU-044;3;5000;0;CASH
REC-20260729-STORE_03-0101;STORE_03;CASH-09;2026-07-29 13:31:53;SKU-004;2;25000;500;CASH
REC-20260729-STORE_03-0101;STORE_03;CASH-01;2026-07-29 13:31:53;SKU-001;3;45000;500;CARD
REC-20260729-STORE_03-0101;STORE_03;CASH-08;2026-07-29 13:31:53;SKU-041;3;25000;1000;CARD
REC-20260729-STORE_03-0101;STORE_03;CASH-05;2026-07-29 13:31:53;SKU-001;3;45000;0;CARD
REC-20260729-STORE_03-0102;STORE_03;CASH-03;2026-07-29 14:48:46;SKU-001;4;45000;0;CARD
REC-20260729-STORE_03-0102;STORE_03;CASH-06;2026-07-29 14:48:46;SKU-025;4;5000;1000;CASH
REC-20260729-STORE_03-0103;STORE_03;CASH-05;2026-07-29 14:19:47;SKU-006;1;45000;0;CARD
REC-20260729-STORE_03-0104;STORE_03;CASH-01;2026-07-29 9:04:33;SKU-004;4;25000;1000;CASH
REC-20260729-STORE_03-0104;STORE_03;CASH-09;2026-07-29 9:04:33;SKU-020;2;12000;0;CARD
REC-20260729-STORE_03-0105;STORE_03;CASH-08;2026-07-29 9:09:46;SKU-006;4;45000;1000;CARD
REC-20260729-STORE_03-0105;STORE_03;CASH-09;2026-07-29 9:09:46;SKU-001;4;45000;1000;CASH
REC-20260729-STORE_03-0105;STORE_03;CASH-06;2026-07-29 9:09:46;SKU-031;3;45000;0;CASH
REC-20260729-STORE_03-0106;STORE_03;CASH-03;2026-07-29 15:55:26;SKU-024;1;12000;500;CARD
REC-20260729-STORE_03-0106;STORE_03;CASH-06;2026-07-29 15:55:26;SKU-003;1;45000;0;CARD
REC-20260729-STORE_03-0106;STORE_03;CASH-06;2026-07-29 15:55:26;SKU-007;2;12000;0;CASH
REC-20260729-STORE_03-0106;STORE_03;CASH-05;2026-07-29 15:55:26;SKU-013;2;12000;0;CARD
REC-20260729-STORE_03-0107;STORE_03;CASH-04;2026-07-29 21:47:15;SKU-006;2;45000;500;CASH
REC-20260729-STORE_03-0108;STORE_03;CASH-02;2026-07-29 8:37:09;SKU-004;3;25000;500;CARD
REC-20260729-STORE_03-0108;STORE_03;CASH-08;2026-07-29 8:37:09;SKU-003;4;45000;0;CARD
REC-20260729-STORE_03-0109;STORE_03;CASH-10;2026-07-29 17:06:34;SKU-001;1;45000;0;CARD
REC-20260729-STORE_03-0109;STORE_03;CASH-09;2026-07-29 17:06:34;SKU-010;2;25000;0;CASH
REC-20260729-STORE_03-0109;STORE_03;CASH-08;2026-07-29 17:06:34;SKU-003;2;45000;500;CASH
REC-20260729-STORE_03-0109;STORE_03;CASH-07;2026-07-29 17:06:34;SKU-003;3;45000;500;CARD
REC-20260729-STORE_03-0109;STORE_03;CASH-03;2026-07-29 17:06:34;SKU-019;2;25000;500;CARD
REC-20260729-STORE_03-0110;STORE_03;CASH-10;2026-07-29 11:22:46;SKU-014;2;5000;0;CARD
REC-20260729-STORE_03-0110;STORE_03;CASH-02;2026-07-29 11:22:46;SKU-001;4;45000;0;CASH
REC-20260729-STORE_03-0111;STORE_03;CASH-05;2026-07-29 11:07:41;SKU-019;3;25000;0;CASH
REC-20260729-STORE_03-0112;STORE_03;CASH-02;2026-07-29 11:23:21;SKU-001;3;45000;1000;CASH
REC-20260729-STORE_03-0112;STORE_03;CASH-07;2026-07-29 11:23:21;SKU-002;2;12000;500;CARD
REC-20260729-STORE_03-0112;STORE_03;CASH-07;2026-07-29 11:23:21;SKU-024;2;12000;500;CARD
REC-20260729-STORE_03-0113;STORE_03;CASH-01;2026-07-29 20:08:30;SKU-002;1;12000;0;CARD
REC-20260729-STORE_03-0113;STORE_03;CASH-06;2026-07-29 20:08:30;SKU-032;3;25000;500;CARD
REC-20260729-STORE_03-0113;STORE_03;CASH-03;2026-07-29 20:08:30;SKU-015;2;5000;0;CASH
REC-20260729-STORE_03-0114;STORE_03;CASH-04;2026-07-29 10:16:40;SKU-008;4;12000;0;CARD
REC-20260729-STORE_03-0115;STORE_03;CASH-02;2026-07-29 13:35:50;SKU-010;1;25000;1000;CARD
REC-20260729-STORE_03-0115;STORE_03;CASH-06;2026-07-29 13:35:50;SKU-001;1;45000;0;CASH
REC-20260729-STORE_03-0115;STORE_03;CASH-07;2026-07-29 13:35:50;SKU-001;2;45000;500;CARD
REC-20260729-STORE_03-0115;STORE_03;CASH-09;2026-07-29 13:35:50;SKU-046;3;25000;1000;CARD
REC-20260729-STORE_03-0116;STORE_03;CASH-03;2026-07-29 13:38:27;SKU-001;3;45000;0;CARD
REC-20260729-STORE_03-0116;STORE_03;CASH-04;2026-07-29 13:38:27;SKU-046;4;25000;0;CARD
REC-20260729-STORE_03-0116;STORE_03;CASH-07;2026-07-29 13:38:27;SKU-050;4;25000;0;CARD
REC-20260729-STORE_03-0116;STORE_03;CASH-03;2026-07-29 13:38:27;SKU-023;2;45000;0;CASH
REC-20260729-STORE_03-0116;STORE_03;CASH-07;2026-07-29 13:38:27;SKU-002;2;12000;0;CARD
REC-20260729-STORE_03-0117;STORE_03;CASH-09;2026-07-29 13:12:06;SKU-002;2;12000;0;CARD
REC-20260729-STORE_03-0117;STORE_03;CASH-06;2026-07-29 13:12:06;SKU-006;2;45000;500;CARD
REC-20260729-STORE_03-0117;STORE_03;CASH-04;2026-07-29 13:12:06;SKU-003;3;45000;0;CARD
REC-20260729-STORE_03-0118;STORE_03;CASH-04;2026-07-29 10:04:35;SKU-003;1;45000;0;CARD
REC-20260729-STORE_03-0118;STORE_03;CASH-09;2026-07-29 10:04:35;SKU-009;1;25000;0;CASH
REC-20260729-STORE_03-0118;STORE_03;CASH-02;2026-07-29 10:04:35;SKU-021;4;5000;0;CASH
REC-20260729-STORE_03-0118;STORE_03;CASH-05;2026-07-29 10:04:35;SKU-002;2;12000;1000;CARD
REC-20260729-STORE_03-0118;STORE_03;CASH-09;2026-07-29 10:04:35;SKU-001;2;45000;1000;CASH
REC-20260729-STORE_03-0119;STORE_03;CASH-09;2026-07-29 11:08:40;SKU-001;4;45000;500;CARD
REC-20260729-STORE_03-0119;STORE_03;CASH-10;2026-07-29 11:08:40;SKU-003;1;45000;500;CASH
REC-20260729-STORE_03-0119;STORE_03;CASH-06;2026-07-29 11:08:40;SKU-024;4;12000;500;CASH
REC-20260729-STORE_03-0120;STORE_03;CASH-04;2026-07-29 16:21:47;SKU-045;3;45000;500;CASH
REC-20260729-STORE_03-0120;STORE_03;CASH-10;2026-07-29 16:21:47;SKU-021;3;5000;0;CARD
REC-20260729-STORE_03-0120;STORE_03;CASH-01;2026-07-29 16:21:47;SKU-007;2;12000;500;CARD
REC-20260729-STORE_03-0120;STORE_03;CASH-10;2026-07-29 16:21:47;SKU-025;1;5000;0;CARD
REC-20260729-STORE_03-0121;STORE_03;CASH-06;2026-07-29 15:30:39;SKU-010;1;25000;0;CARD
REC-20260729-STORE_03-0121;STORE_03;CASH-06;2026-07-29 15:30:39;SKU-002;1;12000;0;CARD
REC-20260729-STORE_03-0122;STORE_03;CASH-02;2026-07-29 16:45:41;SKU-002;2;12000;0;CARD
REC-20260729-STORE_03-0123;STORE_03;CASH-09;2026-07-29 11:30:32;SKU-006;4;45000;0;CARD
REC-20260729-STORE_03-0124;STORE_03;CASH-08;2026-07-29 12:20:27;SKU-015;4;5000;0;CASH
REC-20260729-STORE_03-0124;STORE_03;CASH-04;2026-07-29 12:20:27;SKU-001;1;45000;500;CARD
REC-20260729-STORE_03-0125;STORE_03;CASH-02;2026-07-29 13:59:24;SKU-002;2;12000;1000;CARD
REC-20260729-STORE_03-0125;STORE_03;CASH-03;2026-07-29 13:59:24;SKU-001;4;45000;1000;CARD
REC-20260729-STORE_03-0125;STORE_03;CASH-03;2026-07-29 13:59:24;SKU-001;4;45000;0;CASH
REC-20260729-STORE_03-0125;STORE_03;CASH-07;2026-07-29 13:59:24;SKU-001;1;45000;500;CARD
REC-20260729-STORE_03-0125;STORE_03;CASH-10;2026-07-29 13:59:24;SKU-007;1;12000;500;CARD
REC-20260729-STORE_03-0126;STORE_03;CASH-01;2026-07-29 19:16:48;SKU-027;2;5000;1000;CARD
REC-20260729-STORE_03-0126;STORE_03;CASH-01;2026-07-29 19:16:48;SKU-005;4;5000;0;CARD
REC-20260729-STORE_03-0126;STORE_03;CASH-02;2026-07-29 19:16:48;SKU-003;3;45000;0;CASH
REC-20260729-STORE_03-0127;STORE_03;CASH-05;2026-07-29 21:13:52;SKU-007;3;12000;500;CARD
REC-20260729-STORE_03-0128;STORE_03;CASH-01;2026-07-29 10:13:33;SKU-037;3;45000;0;CARD
REC-20260729-STORE_03-0128;STORE_03;CASH-09;2026-07-29 10:13:33;SKU-001;4;45000;0;CARD
REC-20260729-STORE_03-0128;STORE_03;CASH-02;2026-07-29 10:13:33;SKU-001;2;45000;0;CARD
REC-20260729-STORE_03-0129;STORE_03;CASH-04;2026-07-29 9:25:52;SKU-001;3;45000;500;CASH
REC-20260729-STORE_03-0129;STORE_03;CASH-06;2026-07-29 9:25:52;SKU-006;1;45000;0;CARD
REC-20260729-STORE_03-0129;STORE_03;CASH-07;2026-07-29 9:25:52;SKU-011;2;5000;0;CARD
REC-20260729-STORE_03-0129;STORE_03;CASH-04;2026-07-29 9:25:52;SKU-006;2;45000;0;CARD
REC-20260729-STORE_03-0129;STORE_03;CASH-10;2026-07-29 9:25:52;SKU-021;3;5000;0;CARD
REC-20260729-STORE_03-0130;STORE_03;CASH-05;2026-07-29 19:02:38;SKU-001;3;45000;1000;CARD
REC-20260729-STORE_03-0131;STORE_03;CASH-03;2026-07-29 11:29:24;SKU-007;1;12000;0;CARD
REC-20260729-STORE_03-0131;STORE_03;CASH-09;2026-07-29 11:29:24;SKU-018;2;5000;0;CARD
REC-20260729-STORE_03-0131;STORE_03;CASH-01;2026-07-29 11:29:24;SKU-003;2;45000;0;CARD
REC-20260729-STORE_03-0132;STORE_03;CASH-03;2026-07-29 13:47:34;SKU-001;2;45000;500;CARD
REC-20260729-STORE_03-0132;STORE_03;CASH-09;2026-07-29 13:47:34;SKU-039;3;5000;0;CARD
REC-20260729-STORE_03-0132;STORE_03;CASH-01;2026-07-29 13:47:34;SKU-001;4;45000;500;CASH
REC-20260729-STORE_03-0132;STORE_03;CASH-04;2026-07-29 13:47:34;SKU-001;1;45000;0;CARD
REC-20260729-STORE_03-0132;STORE_03;CASH-03;2026-07-29 13:47:34;SKU-005;4;5000;0;CARD
REC-20260729-STORE_03-0133;STORE_03;CASH-10;2026-07-29 14:59:08;SKU-001;1;45000;0;CASH
REC-20260729-STORE_03-0133;STORE_03;CASH-10;2026-07-29 14:59:08;SKU-007;1;12000;0;CASH
REC-20260729-STORE_03-0134;STORE_03;CASH-04;2026-07-29 12:30:44;SKU-019;1;25000;500;CARD
REC-20260729-STORE_03-0135;STORE_03;CASH-05;2026-07-29 9:21:43;SKU-002;1;12000;0;CARD
REC-20260729-STORE_03-0136;STORE_03;CASH-02;2026-07-29 8:13:10;SKU-023;3;45000;1000;CASH
REC-20260729-STORE_03-0136;STORE_03;CASH-01;2026-07-29 8:13:10;SKU-016;2;25000;0;CARD
REC-20260729-STORE_03-0136;STORE_03;CASH-09;2026-07-29 8:13:10;SKU-001;3;45000;500;CARD
REC-20260729-STORE_03-0137;STORE_03;CASH-08;2026-07-29 19:30:37;SKU-033;4;5000;0;CASH
REC-20260729-STORE_03-0137;STORE_03;CASH-01;2026-07-29 19:30:37;SKU-014;4;5000;500;CARD
REC-20260729-STORE_03-0138;STORE_03;CASH-05;2026-07-29 11:57:47;SKU-006;1;45000;1000;CARD
REC-20260729-STORE_03-0139;STORE_03;CASH-09;2026-07-29 11:01:29;SKU-004;4;25000;1000;CASH
REC-20260729-STORE_03-0139;STORE_03;CASH-02;2026-07-29 11:01:29;SKU-046;1;25000;1000;CARD
REC-20260729-STORE_03-0139;STORE_03;CASH-01;2026-07-29 11:01:29;SKU-002;3;12000;1000;CARD
REC-20260729-STORE_03-0139;STORE_03;CASH-10;2026-07-29 11:01:29;SKU-001;4;45000;0;CARD
REC-20260729-STORE_03-0139;STORE_03;CASH-09;2026-07-29 11:01:29;SKU-001;4;45000;0;CARD
REC-20260729-STORE_03-0140;STORE_03;CASH-09;2026-07-29 14:35:04;SKU-029;2;5000;1000;CARD
REC-20260729-STORE_03-0140;STORE_03;CASH-06;2026-07-29 14:35:04;SKU-001;1;45000;0;CARD
REC-20260729-STORE_03-0140;STORE_03;CASH-02;2026-07-29 14:35:04;SKU-038;3;12000;500;CASH
REC-20260729-STORE_03-0141;STORE_03;CASH-01;2026-07-29 8:34:56;SKU-005;4;5000;0;CARD
REC-20260729-STORE_03-0141;STORE_03;CASH-07;2026-07-29 8:34:56;SKU-004;4;25000;500;CASH
REC-20260729-STORE_03-0141;STORE_03;CASH-08;2026-07-29 8:34:56;SKU-039;1;5000;0;CARD
REC-20260729-STORE_03-0142;STORE_03;CASH-06;2026-07-29 16:28:07;SKU-001;3;45000;0;CARD
REC-20260729-STORE_03-0142;STORE_03;CASH-01;2026-07-29 16:28:07;SKU-031;2;45000;1000;CASH
REC-20260729-STORE_03-0142;STORE_03;CASH-03;2026-07-29 16:28:07;SKU-013;3;12000;0;CARD
REC-20260729-STORE_03-0143;STORE_03;CASH-06;2026-07-29 18:02:52;SKU-005;4;5000;500;CARD
REC-20260729-STORE_03-0143;STORE_03;CASH-03;2026-07-29 18:02:52;SKU-003;2;45000;0;CARD
REC-20260729-STORE_03-0143;STORE_03;CASH-05;2026-07-29 18:02:52;SKU-004;3;25000;500;CASH
REC-20260729-STORE_03-0143;STORE_03;CASH-05;2026-07-29 18:02:52;SKU-010;3;25000;1000;CASH
REC-20260729-STORE_03-0144;STORE_03;CASH-02;2026-07-29 11:46:48;SKU-001;2;45000;1000;CASH
REC-20260729-STORE_03-0145;STORE_03;CASH-05;2026-07-29 10:02:20;SKU-031;3;45000;0;CARD
REC-20260729-STORE_03-0145;STORE_03;CASH-10;2026-07-29 10:02:20;SKU-002;3;12000;0;CASH
REC-20260729-STORE_03-0145;STORE_03;CASH-04;2026-07-29 10:02:20;SKU-001;4;45000;0;CARD
REC-20260729-STORE_03-0145;STORE_03;CASH-06;2026-07-29 10:02:20;SKU-002;3;12000;0;CASH
REC-20260729-STORE_03-0145;STORE_03;CASH-05;2026-07-29 10:02:20;SKU-005;2;5000;0;CASH
REC-20260729-STORE_03-0146;STORE_03;CASH-05;2026-07-29 12:31:48;SKU-001;4;45000;0;CASH
REC-20260729-STORE_03-0147;STORE_03;CASH-01;2026-07-29 12:37:57;SKU-012;2;45000;0;CASH
REC-20260729-STORE_03-0148;STORE_03;CASH-06;2026-07-29 8:20:51;SKU-029;2;5000;0;CARD
REC-20260729-STORE_03-0149;STORE_03;CASH-08;2026-07-29 11:58:22;SKU-001;4;45000;0;CARD
REC-20260729-STORE_03-0149;STORE_03;CASH-04;2026-07-29 11:58:22;SKU-001;3;45000;0;CARD
REC-20260729-STORE_03-0149;STORE_03;CASH-10;2026-07-29 11:58:22;SKU-001;4;45000;500;CASH
REC-20260729-STORE_03-0149;STORE_03;CASH-06;2026-07-29 11:58:22;SKU-001;1;45000;0;CASH
REC-20260729-STORE_03-0149;STORE_03;CASH-06;2026-07-29 11:58:22;SKU-001;4;45000;0;CARD
REC-20260729-STORE_03-0150;STORE_03;CASH-07;2026-07-29 12:15:27;SKU-002;3;12000;1000;CARD
REC-20260729-STORE_03-0150;STORE_03;CASH-08;2026-07-29 12:15:27;SKU-026;4;12000;1000;CARD
REC-20260729-STORE_03-0150;STORE_03;CASH-05;2026-07-29 12:15:27;SKU-004;3;25000;0;CARD
REC-20260729-STORE_03-0151;STORE_03;CASH-01;2026-07-29 15:34:40;SKU-005;1;5000;1000;CARD
REC-20260729-STORE_03-0152;STORE_03;CASH-06;2026-07-29 8:40:49;SKU-001;2;45000;1000;CARD
REC-20260729-STORE_03-0152;STORE_03;CASH-01;2026-07-29 8:40:49;SKU-005;3;5000;0;CASH
REC-20260729-STORE_03-0153;STORE_03;CASH-09;2026-07-29 21:59:46;SKU-001;1;45000;1000;CARD
REC-20260729-STORE_03-0153;STORE_03;CASH-08;2026-07-29 21:59:46;SKU-014;1;5000;500;CARD
REC-20260729-STORE_03-0153;STORE_03;CASH-02;2026-07-29 21:59:46;SKU-022;2;12000;0;CARD
REC-20260729-STORE_03-0153;STORE_03;CASH-08;2026-07-29 21:59:46;SKU-024;3;12000;0;CARD
REC-20260729-STORE_03-0153;STORE_03;CASH-10;2026-07-29 21:59:46;SKU-002;2;12000;0;CARD
REC-20260729-STORE_03-0154;STORE_03;CASH-03;2026-07-29 21:34:25;SKU-013;4;12000;0;CASH
REC-20260729-STORE_03-0155;STORE_03;CASH-01;2026-07-29 17:11:10;SKU-024;2;12000;500;CARD
REC-20260729-STORE_03-0155;STORE_03;CASH-06;2026-07-29 17:11:10;SKU-029;2;5000;0;CARD
REC-20260729-STORE_03-0155;STORE_03;CASH-08;2026-07-29 17:11:10;SKU-001;2;45000;0;CASH
REC-20260729-STORE_03-0155;STORE_03;CASH-02;2026-07-29 17:11:10;SKU-042;3;5000;1000;CARD
REC-20260729-STORE_03-0155;STORE_03;CASH-04;2026-07-29 17:11:10;SKU-047;4;5000;1000;CARD
REC-20260729-STORE_03-0156;STORE_03;CASH-06;2026-07-29 15:26:51;SKU-002;1;12000;0;CASH
REC-20260729-STORE_03-0156;STORE_03;CASH-09;2026-07-29 15:26:51;SKU-001;4;45000;0;CARD
REC-20260729-STORE_03-0156;STORE_03;CASH-09;2026-07-29 15:26:51;SKU-003;1;45000;0;CARD
REC-20260729-STORE_03-0156;STORE_03;CASH-01;2026-07-29 15:26:51;SKU-001;4;45000;1000;CARD
REC-20260729-STORE_03-0157;STORE_03;CASH-09;2026-07-29 18:10:05;SKU-006;3;45000;500;CARD
REC-20260729-STORE_03-0157;STORE_03;CASH-03;2026-07-29 18:10:05;SKU-040;3;25000;0;CASH
REC-20260729-STORE_03-0157;STORE_03;CASH-03;2026-07-29 18:10:05;SKU-001;4;45000;0;CARD
REC-20260729-STORE_03-0157;STORE_03;CASH-07;2026-07-29 18:10:05;SKU-003;2;45000;0;CARD
REC-20260729-STORE_03-0157;STORE_03;CASH-04;2026-07-29 18:10:05;SKU-002;4;12000;500;CARD
REC-20260729-STORE_03-0158;STORE_03;CASH-05;2026-07-29 11:44:44;SKU-001;2;45000;0;CASH
REC-20260729-STORE_03-0159;STORE_03;CASH-07;2026-07-29 13:37:24;SKU-001;3;45000;0;CASH
REC-20260729-STORE_03-0160;STORE_03;CASH-02;2026-07-29 19:54:58;SKU-013;3;12000;0;CARD
REC-20260729-STORE_03-0160;STORE_03;CASH-01;2026-07-29 19:54:58;SKU-002;3;12000;0;CARD
REC-20260729-STORE_03-0160;STORE_03;CASH-02;2026-07-29 19:54:58;SKU-033;3;5000;500;CARD
REC-20260729-STORE_03-0160;STORE_03;CASH-04;2026-07-29 19:54:58;SKU-011;3;5000;500;CASH
REC-20260729-STORE_03-0161;STORE_03;CASH-04;2026-07-29 11:51:32;SKU-005;4;5000;0;CARD
REC-20260729-STORE_03-0162;STORE_03;CASH-02;2026-07-29 12:56:20;SKU-001;3;45000;500;CARD
REC-20260729-STORE_03-0162;STORE_03;CASH-07;2026-07-29 12:56:20;SKU-002;1;12000;500;CARD
REC-20260729-STORE_03-0162;STORE_03;CASH-08;2026-07-29 12:56:20;SKU-017;4;12000;0;CASH
REC-20260729-STORE_03-0162;STORE_03;CASH-09;2026-07-29 12:56:20;SKU-041;3;25000;1000;CARD
REC-20260729-STORE_03-0162;STORE_03;CASH-08;2026-07-29 12:56:20;SKU-005;4;5000;500;CASH
REC-20260729-STORE_03-0163;STORE_03;CASH-09;2026-07-29 15:56:44;SKU-024;4;12000;0;CARD
REC-20260729-STORE_03-0163;STORE_03;CASH-03;2026-07-29 15:56:44;SKU-010;3;25000;0;CASH
REC-20260729-STORE_03-0163;STORE_03;CASH-03;2026-07-29 15:56:44;SKU-026;3;12000;500;CARD
REC-20260729-STORE_03-0163;STORE_03;CASH-05;2026-07-29 15:56:44;SKU-020;2;12000;0;CASH
REC-20260729-STORE_03-0163;STORE_03;CASH-03;2026-07-29 15:56:44;SKU-012;1;45000;0;CASH
REC-20260729-STORE_03-0164;STORE_03;CASH-06;2026-07-29 13:23:57;SKU-001;1;45000;0;CASH
REC-20260729-STORE_03-0164;STORE_03;CASH-02;2026-07-29 13:23:57;SKU-010;2;25000;0;CARD
REC-20260729-STORE_03-0164;STORE_03;CASH-09;2026-07-29 13:23:57;SKU-010;3;25000;1000;CARD
REC-20260729-STORE_03-0165;STORE_03;CASH-02;2026-07-29 17:01:14;SKU-033;3;5000;0;CARD
REC-20260729-STORE_03-0166;STORE_03;CASH-03;2026-07-29 20:56:53;SKU-006;4;45000;0;CARD
REC-20260729-STORE_03-0167;STORE_03;CASH-02;2026-07-29 19:32:51;SKU-010;1;25000;0;CASH
REC-20260729-STORE_03-0168;STORE_03;CASH-01;2026-07-29 18:11:02;SKU-001;1;45000;0;CARD
REC-20260729-STORE_03-0168;STORE_03;CASH-06;2026-07-29 18:11:02;SKU-005;1;5000;500;CASH
REC-20260729-STORE_03-0168;STORE_03;CASH-08;2026-07-29 18:11:02;SKU-003;1;45000;0;CARD
REC-20260729-STORE_03-0169;STORE_03;CASH-02;2026-07-29 20:42:33;SKU-020;3;12000;1000;CARD
REC-20260729-STORE_03-0169;STORE_03;CASH-04;2026-07-29 20:42:33;SKU-012;3;45000;0;CASH
REC-20260729-STORE_03-0169;STORE_03;CASH-08;2026-07-29 20:42:33;SKU-006;4;45000;0;CASH
REC-20260729-STORE_03-0169;STORE_03;CASH-04;2026-07-29 20:42:33;SKU-007;4;12000;500;CARD
REC-20260729-STORE_03-0170;STORE_03;CASH-02;2026-07-29 17:47:59;SKU-003;2;45000;1000;CARD
REC-20260729-STORE_03-0170;STORE_03;CASH-04;2026-07-29 17:47:59;SKU-010;4;25000;0;CARD
REC-20260729-STORE_03-0170;STORE_03;CASH-04;2026-07-29 17:47:59;SKU-004;4;25000;1000;CARD
REC-20260729-STORE_03-0170;STORE_03;CASH-07;2026-07-29 17:47:59;SKU-011;4;5000;0;CARD
REC-20260729-STORE_03-0170;STORE_03;CASH-06;2026-07-29 17:47:59;SKU-002;4;12000;0;CARD
REC-20260729-STORE_03-0171;STORE_03;CASH-04;2026-07-29 19:08:25;SKU-020;4;12000;0;CARD
REC-20260729-STORE_03-0172;STORE_03;CASH-04;2026-07-29 15:54:48;SKU-039;2;5000;1000;CASH
REC-20260729-STORE_03-0172;STORE_03;CASH-08;2026-07-29 15:54:48;SKU-017;3;12000;0;CARD
REC-20260729-STORE_03-0173;STORE_03;CASH-06;2026-07-29 20:16:57;SKU-018;4;5000;0;CARD
REC-20260729-STORE_03-0173;STORE_03;CASH-08;2026-07-29 20:16:57;SKU-001;4;45000;500;CARD
REC-20260729-STORE_03-0173;STORE_03;CASH-06;2026-07-29 20:16:57;SKU-012;3;45000;0;CARD
REC-20260729-STORE_03-0174;STORE_03;CASH-09;2026-07-29 16:27:16;SKU-031;3;45000;0;CARD
REC-20260729-STORE_03-0174;STORE_03;CASH-04;2026-07-29 16:27:16;SKU-032;4;25000;500;CARD
REC-20260729-STORE_03-0174;STORE_03;CASH-02;2026-07-29 16:27:16;SKU-006;1;45000;500;CARD
REC-20260729-STORE_03-0175;STORE_03;CASH-08;2026-07-29 20:05:12;SKU-012;4;45000;0;CARD
REC-20260729-STORE_03-0175;STORE_03;CASH-08;2026-07-29 20:05:12;SKU-002;1;12000;0;CARD
REC-20260729-STORE_03-0175;STORE_03;CASH-07;2026-07-29 20:05:12;SKU-002;4;12000;0;CARD
REC-20260729-STORE_03-0175;STORE_03;CASH-05;2026-07-29 20:05:12;SKU-026;2;12000;1000;CASH
REC-20260729-STORE_03-0175;STORE_03;CASH-09;2026-07-29 20:05:12;SKU-001;3;45000;500;CASH
REC-20260729-STORE_03-0176;STORE_03;CASH-02;2026-07-29 18:43:05;SKU-001;1;45000;0;CASH
REC-20260729-STORE_03-0177;STORE_03;CASH-01;2026-07-29 15:54:28;SKU-011;1;5000;1000;CARD
REC-20260729-STORE_03-0177;STORE_03;CASH-10;2026-07-29 15:54:28;SKU-001;4;45000;0;CARD
REC-20260729-STORE_03-0177;STORE_03;CASH-03;2026-07-29 15:54:28;SKU-005;1;5000;500;CASH
REC-20260729-STORE_03-0178;STORE_03;CASH-05;2026-07-29 17:10:54;SKU-030;1;45000;0;CASH
REC-20260729-STORE_03-0179;STORE_03;CASH-05;2026-07-29 15:30:35;SKU-020;1;12000;500;CARD
REC-20260729-STORE_03-0179;STORE_03;CASH-10;2026-07-29 15:30:35;SKU-001;4;45000;1000;CARD
REC-20260729-STORE_03-0180;STORE_03;CASH-06;2026-07-29 21:35:36;SKU-016;1;25000;500;CARD
REC-20260729-STORE_03-0181;STORE_03;CASH-01;2026-07-29 19:01:56;SKU-031;2;45000;1000;CARD
REC-20260729-STORE_03-0181;STORE_03;CASH-09;2026-07-29 19:01:56;SKU-001;3;45000;500;CASH
REC-20260729-STORE_03-0181;STORE_03;CASH-09;2026-07-29 19:01:56;SKU-007;4;12000;1000;CASH
REC-20260729-STORE_03-0181;STORE_03;CASH-02;2026-07-29 19:01:56;SKU-001;2;45000;500;CARD
REC-20260729-STORE_03-0181;STORE_03;CASH-04;2026-07-29 19:01:56;SKU-003;3;45000;0;CARD
REC-20260729-STORE_03-0182;STORE_03;CASH-03;2026-07-29 20:27:58;SKU-009;1;25000;1000;CARD
REC-20260729-STORE_03-0182;STORE_03;CASH-09;2026-07-29 20:27:58;SKU-001;2;45000;500;CASH
REC-20260729-STORE_03-0183;STORE_03;CASH-02;2026-07-29 12:40:36;SKU-001;2;45000;0;CARD
REC-20260729-STORE_03-0183;STORE_03;CASH-10;2026-07-29 12:40:36;SKU-001;1;45000;0;CASH
REC-20260729-STORE_03-0183;STORE_03;CASH-08;2026-07-29 12:40:36;SKU-048;2;25000;0;CARD
REC-20260729-STORE_03-0183;STORE_03;CASH-03;2026-07-29 12:40:36;SKU-033;3;5000;500;CARD
REC-20260729-STORE_03-0183;STORE_03;CASH-04;2026-07-29 12:40:36;SKU-048;2;25000;0;CARD
REC-20260729-STORE_03-0184;STORE_03;CASH-04;2026-07-29 19:24:48;SKU-023;4;45000;0;CARD
REC-20260729-STORE_03-0185;STORE_03;CASH-10;2026-07-29 18:41:39;SKU-043;1;25000;0;CARD
REC-20260729-STORE_03-0185;STORE_03;CASH-05;2026-07-29 18:41:39;SKU-005;3;5000;0;CASH
REC-20260729-STORE_03-0185;STORE_03;CASH-08;2026-07-29 18:41:39;SKU-001;4;45000;0;CARD
REC-20260729-STORE_03-0185;STORE_03;CASH-10;2026-07-29 18:41:39;SKU-009;4;25000;0;CASH
REC-20260729-STORE_03-0185;STORE_03;CASH-04;2026-07-29 18:41:39;SKU-002;1;12000;500;CARD
REC-20260729-STORE_03-0186;STORE_03;CASH-04;2026-07-29 17:43:06;SKU-005;3;5000;0;CARD
REC-20260729-STORE_03-0186;STORE_03;CASH-06;2026-07-29 17:43:06;SKU-016;2;25000;0;CARD
REC-20260729-STORE_03-0186;STORE_03;CASH-10;2026-07-29 17:43:06;SKU-022;1;12000;0;CASH
REC-20260729-STORE_03-0186;STORE_03;CASH-06;2026-07-29 17:43:06;SKU-001;4;45000;0;CASH
REC-20260729-STORE_03-0187;STORE_03;CASH-09;2026-07-29 10:16:47;SKU-001;4;45000;0;CASH
REC-20260729-STORE_03-0187;STORE_03;CASH-08;2026-07-29 10:16:47;SKU-006;2;45000;500;CARD
REC-20260729-STORE_03-0187;STORE_03;CASH-06;2026-07-29 10:16:47;SKU-012;2;45000;1000;CASH
REC-20260729-STORE_03-0187;STORE_03;CASH-01;2026-07-29 10:16:47;SKU-026;3;12000;0;CASH
REC-20260729-STORE_03-0188;STORE_03;CASH-04;2026-07-29 17:20:11;SKU-004;4;25000;0;CARD
REC-20260729-STORE_03-0188;STORE_03;CASH-05;2026-07-29 17:20:11;SKU-042;1;5000;1000;CARD
REC-20260729-STORE_03-0189;STORE_03;CASH-04;2026-07-29 12:57:18;SKU-001;2;45000;0;CASH
REC-20260729-STORE_03-0189;STORE_03;CASH-02;2026-07-29 12:57:18;SKU-007;2;12000;0;CARD
REC-20260729-STORE_03-0189;STORE_03;CASH-01;2026-07-29 12:57:18;SKU-006;4;45000;1000;CARD
REC-20260729-STORE_03-0189;STORE_03;CASH-08;2026-07-29 12:57:18;SKU-006;1;45000;500;CASH
REC-20260729-STORE_03-0189;STORE_03;CASH-10;2026-07-29 12:57:18;SKU-001;1;45000;0;CARD
REC-20260729-STORE_03-0190;STORE_03;CASH-05;2026-07-29 21:48:36;SKU-035;3;5000;0;CARD
REC-20260729-STORE_03-0190;STORE_03;CASH-04;2026-07-29 21:48:36;SKU-028;2;5000;0;CARD
REC-20260729-STORE_03-0191;STORE_03;CASH-07;2026-07-29 18:26:12;SKU-011;2;5000;1000;CARD
REC-20260729-STORE_03-0191;STORE_03;CASH-08;2026-07-29 18:26:12;SKU-006;1;45000;0;CARD
REC-20260729-STORE_03-0192;STORE_03;CASH-05;2026-07-29 15:12:42;SKU-016;4;25000;0;CARD
REC-20260729-STORE_03-0192;STORE_03;CASH-05;2026-07-29 15:12:42;SKU-001;4;45000;1000;CASH
REC-20260729-STORE_03-0192;STORE_03;CASH-06;2026-07-29 15:12:42;SKU-001;3;45000;1000;CARD
REC-20260729-STORE_03-0192;STORE_03;CASH-04;2026-07-29 15:12:42;SKU-006;2;45000;0;CARD
REC-20260729-STORE_03-0192;STORE_03;CASH-03;2026-07-29 15:12:42;SKU-005;2;5000;500;CARD
REC-20260729-STORE_03-0193;STORE_03;CASH-03;2026-07-29 9:03:06;SKU-046;4;25000;500;CASH
REC-20260729-STORE_03-0193;STORE_03;CASH-01;2026-07-29 9:03:06;SKU-013;3;12000;0;CASH
REC-20260729-STORE_03-0194;STORE_03;CASH-09;2026-07-29 16:04:23;SKU-018;1;5000;0;CARD
REC-20260729-STORE_03-0194;STORE_03;CASH-09;2026-07-29 16:04:23;SKU-005;1;5000;1000;CASH
REC-20260729-STORE_03-0194;STORE_03;CASH-01;2026-07-29 16:04:23;SKU-049;4;5000;0;CARD
REC-20260729-STORE_03-0194;STORE_03;CASH-07;2026-07-29 16:04:23;SKU-009;3;25000;0;CARD
REC-20260729-STORE_03-0194;STORE_03;CASH-07;2026-07-29 16:04:23;SKU-002;1;12000;0;CASH
REC-20260729-STORE_03-0195;STORE_03;CASH-10;2026-07-29 11:11:11;SKU-006;2;45000;0;CARD
REC-20260729-STORE_03-0195;STORE_03;CASH-07;2026-07-29 11:11:11;SKU-001;3;45000;1000;CARD
REC-20260729-STORE_03-0195;STORE_03;CASH-03;2026-07-29 11:11:11;SKU-009;1;25000;500;CASH
REC-20260729-STORE_03-0196;STORE_03;CASH-07;2026-07-29 15:08:14;SKU-005;1;5000;0;CASH
REC-20260729-STORE_03-0197;STORE_03;CASH-06;2026-07-29 15:57:06;SKU-006;2;45000;0;CARD
REC-20260729-STORE_03-0197;STORE_03;CASH-06;2026-07-29 15:57:06;SKU-015;4;5000;0;CARD
REC-20260729-STORE_03-0198;STORE_03;CASH-01;2026-07-29 19:30:07;SKU-003;3;45000;500;CARD
REC-20260729-STORE_03-0198;STORE_03;CASH-02;2026-07-29 19:30:07;SKU-035;4;5000;0;CARD
REC-20260729-STORE_03-0199;STORE_03;CASH-07;2026-07-29 16:08:21;SKU-017;2;12000;0;CASH
REC-20260729-STORE_03-0199;STORE_03;CASH-04;2026-07-29 16:08:21;SKU-006;1;45000;500;CASH
REC-20260729-STORE_03-0199;STORE_03;CASH-09;2026-07-29 16:08:21;SKU-007;4;12000;0;CARD
REC-20260729-STORE_03-0200;STORE_03;CASH-08;2026-07-29 21:53:21;SKU-001;2;45000;0;CARD
REC-20260729-STORE_03-0201;STORE_03;CASH-08;2026-07-29 17:53:09;SKU-004;4;25000;500;CARD
REC-20260729-STORE_03-0202;STORE_03;CASH-02;2026-07-29 14:51:53;SKU-001;4;45000;0;CARD
REC-20260729-STORE_03-0202;STORE_03;CASH-08;2026-07-29 14:51:53;SKU-005;3;5000;0;CARD
REC-20260729-STORE_03-0203;STORE_03;CASH-02;2026-07-29 17:01:42;SKU-003;4;45000;500;CARD
REC-20260729-STORE_03-0203;STORE_03;CASH-10;2026-07-29 17:01:42;SKU-013;1;12000;0;CARD
REC-20260729-STORE_03-0204;STORE_03;CASH-07;2026-07-29 19:54:13;SKU-006;3;45000;0;CARD
REC-20260729-STORE_03-0205;STORE_03;CASH-07;2026-07-29 13:42:54;SKU-002;4;12000;500;CARD
REC-20260729-STORE_03-0205;STORE_03;CASH-09;2026-07-29 13:42:54;SKU-003;3;45000;0;CARD
REC-20260729-STORE_03-0206;STORE_03;CASH-08;2026-07-29 13:51:11;SKU-039;4;5000;0;CASH
REC-20260729-STORE_03-0206;STORE_03;CASH-08;2026-07-29 13:51:11;SKU-001;4;45000;0;CARD
REC-20260729-STORE_03-0206;STORE_03;CASH-10;2026-07-29 13:51:11;SKU-022;2;12000;0;CASH
REC-20260729-STORE_03-0206;STORE_03;CASH-01;2026-07-29 13:51:11;SKU-002;3;12000;0;CASH
REC-20260729-STORE_03-0206;STORE_03;CASH-06;2026-07-29 13:51:11;SKU-002;2;12000;0;CARD
REC-20260729-STORE_03-0207;STORE_03;CASH-03;2026-07-29 15:41:45;SKU-007;2;12000;0;CARD
REC-20260729-STORE_03-0207;STORE_03;CASH-08;2026-07-29 15:41:45;SKU-025;2;5000;500;CARD
REC-20260729-STORE_03-0207;STORE_03;CASH-03;2026-07-29 15:41:45;SKU-031;4;45000;0;CARD
REC-20260729-STORE_03-0208;STORE_03;CASH-09;2026-07-29 12:33:00;SKU-001;4;45000;1000;CASH
REC-20260729-STORE_03-0208;STORE_03;CASH-09;2026-07-29 12:33:00;SKU-039;1;5000;1000;CASH
REC-20260729-STORE_03-0208;STORE_03;CASH-08;2026-07-29 12:33:00;SKU-011;1;5000;500;CARD
REC-20260729-STORE_03-0208;STORE_03;CASH-04;2026-07-29 12:33:00;SKU-002;2;12000;1000;CARD
REC-20260729-STORE_03-0209;STORE_03;CASH-05;2026-07-29 18:08:25;SKU-002;2;12000;0;CASH
REC-20260729-STORE_03-0209;STORE_03;CASH-05;2026-07-29 18:08:25;SKU-002;2;12000;500;CARD
REC-20260729-STORE_03-0209;STORE_03;CASH-08;2026-07-29 18:08:25;SKU-001;3;45000;1000;CARD
REC-20260729-STORE_03-0210;STORE_03;CASH-01;2026-07-29 17:47:44;SKU-006;4;45000;1000;CARD
REC-20260729-STORE_03-0210;STORE_03;CASH-06;2026-07-29 17:47:44;SKU-002;3;12000;0;CARD
REC-20260729-STORE_03-0210;STORE_03;CASH-08;2026-07-29 17:47:44;SKU-028;4;5000;1000;CARD
REC-20260729-STORE_03-0210;STORE_03;CASH-02;2026-07-29 17:47:44;SKU-001;2;45000;0;CARD
REC-20260729-STORE_03-0210;STORE_03;CASH-06;2026-07-29 17:47:44;SKU-034;2;25000;0;CARD
REC-20260729-STORE_03-0211;STORE_03;CASH-01;2026-07-29 11:59:19;SKU-002;3;12000;0;CARD
REC-20260729-STORE_03-0211;STORE_03;CASH-02;2026-07-29 11:59:19;SKU-006;2;45000;500;CASH
REC-20260729-STORE_03-0211;STORE_03;CASH-08;2026-07-29 11:59:19;SKU-007;3;12000;500;CASH
REC-20260729-STORE_03-0211;STORE_03;CASH-06;2026-07-29 11:59:19;SKU-017;1;12000;0;CARD
REC-20260729-STORE_03-0212;STORE_03;CASH-02;2026-07-29 13:25:21;SKU-003;3;45000;500;CARD
REC-20260729-STORE_03-0213;STORE_03;CASH-06;2026-07-29 17:01:00;SKU-001;1;45000;0;CASH
REC-20260729-STORE_03-0213;STORE_03;CASH-09;2026-07-29 17:01:00;SKU-020;4;12000;0;CARD
REC-20260729-STORE_03-0213;STORE_03;CASH-05;2026-07-29 17:01:00;SKU-003;3;45000;0;CASH
REC-20260729-STORE_03-0213;STORE_03;CASH-05;2026-07-29 17:01:00;SKU-022;1;12000;0;CASH
REC-20260729-STORE_03-0213;STORE_03;CASH-06;2026-07-29 17:01:00;SKU-032;4;25000;0;CARD
REC-20260729-STORE_03-0214;STORE_03;CASH-06;2026-07-29 12:57:40;SKU-003;1;45000;1000;CARD
REC-20260729-STORE_03-0214;STORE_03;CASH-08;2026-07-29 12:57:40;SKU-046;4;25000;1000;CARD
REC-20260729-STORE_03-0214;STORE_03;CASH-08;2026-07-29 12:57:40;SKU-021;4;5000;0;CARD
REC-20260729-STORE_03-0214;STORE_03;CASH-08;2026-07-29 12:57:40;SKU-048;4;25000;0;CARD
REC-20260729-STORE_03-0215;STORE_03;CASH-10;2026-07-29 11:09:13;SKU-002;1;12000;500;CARD
REC-20260729-STORE_03-0215;STORE_03;CASH-07;2026-07-29 11:09:13;SKU-002;1;12000;1000;CARD
REC-20260729-STORE_03-0215;STORE_03;CASH-01;2026-07-29 11:09:13;SKU-008;2;12000;0;CARD
REC-20260729-STORE_03-0216;STORE_03;CASH-08;2026-07-29 12:46:10;SKU-012;1;45000;500;CARD
REC-20260729-STORE_03-0217;STORE_03;CASH-07;2026-07-29 16:27:11;SKU-042;4;5000;0;CASH
REC-20260729-STORE_03-0217;STORE_03;CASH-04;2026-07-29 16:27:11;SKU-002;3;12000;500;CASH
REC-20260729-STORE_03-0217;STORE_03;CASH-07;2026-07-29 16:27:11;SKU-040;2;25000;0;CARD
REC-20260729-STORE_03-0217;STORE_03;CASH-08;2026-07-29 16:27:11;SKU-003;1;45000;1000;CARD
REC-20260729-STORE_03-0217;STORE_03;CASH-04;2026-07-29 16:27:11;SKU-001;3;45000;0;CARD
REC-20260729-STORE_03-0218;STORE_03;CASH-08;2026-07-29 17:38:11;SKU-002;1;12000;0;CASH
REC-20260729-STORE_03-0218;STORE_03;CASH-03;2026-07-29 17:38:11;SKU-006;1;45000;0;CARD
REC-20260729-STORE_03-0218;STORE_03;CASH-07;2026-07-29 17:38:11;SKU-001;3;45000;500;CARD
REC-20260729-STORE_03-0219;STORE_03;CASH-07;2026-07-29 15:12:23;SKU-023;3;45000;0;CASH
REC-20260729-STORE_03-0219;STORE_03;CASH-07;2026-07-29 15:12:23;SKU-001;3;45000;1000;CARD
REC-20260729-STORE_03-0219;STORE_03;CASH-03;2026-07-29 15:12:23;SKU-005;4;5000;1000;CARD
REC-20260729-STORE_03-0220;STORE_03;CASH-07;2026-07-29 14:42:18;SKU-029;3;5000;500;CARD
REC-20260729-STORE_03-0221;STORE_03;CASH-05;2026-07-29 13:28:11;SKU-002;3;12000;0;CARD
REC-20260729-STORE_03-0221;STORE_03;CASH-05;2026-07-29 13:28:11;SKU-050;1;25000;500;CARD
REC-20260729-STORE_03-0221;STORE_03;CASH-07;2026-07-29 13:28:11;SKU-008;1;12000;0;CARD
REC-20260729-STORE_03-0221;STORE_03;CASH-03;2026-07-29 13:28:11;SKU-008;2;12000;500;CASH
REC-20260729-STORE_03-0222;STORE_03;CASH-02;2026-07-29 19:34:23;SKU-013;1;12000;0;CARD
REC-20260729-STORE_03-0223;STORE_03;CASH-03;2026-07-29 17:30:40;SKU-013;1;12000;1000;CARD
REC-20260729-STORE_03-0223;STORE_03;CASH-07;2026-07-29 17:30:40;SKU-005;2;5000;0;CASH
REC-20260729-STORE_03-0223;STORE_03;CASH-01;2026-07-29 17:30:40;SKU-035;4;5000;0;CARD
REC-20260729-STORE_03-0223;STORE_03;CASH-03;2026-07-29 17:30:40;SKU-021;4;5000;500;CASH
REC-20260729-STORE_03-0224;STORE_03;CASH-08;2026-07-29 20:17:24;SKU-005;4;5000;1000;CASH
REC-20260729-STORE_03-0224;STORE_03;CASH-05;2026-07-29 20:17:24;SKU-011;3;5000;500;CARD
REC-20260729-STORE_03-0224;STORE_03;CASH-05;2026-07-29 20:17:24;SKU-005;3;5000;0;CARD
REC-20260729-STORE_03-0224;STORE_03;CASH-08;2026-07-29 20:17:24;SKU-002;4;12000;500;CASH
REC-20260729-STORE_03-0225;STORE_03;CASH-04;2026-07-29 11:54:32;SKU-008;4;12000;0;CASH
REC-20260729-STORE_03-0225;STORE_03;CASH-04;2026-07-29 11:54:32;SKU-048;2;25000;1000;CASH
REC-20260729-STORE_03-0225;STORE_03;CASH-05;2026-07-29 11:54:32;SKU-001;4;45000;0;CASH
REC-20260729-STORE_03-0225;STORE_03;CASH-01;2026-07-29 11:54:32;SKU-011;3;5000;0;CARD
REC-20260729-STORE_03-0226;STORE_03;CASH-09;2026-07-29 8:46:30;SKU-050;2;25000;0;CARD
REC-20260729-STORE_03-0226;STORE_03;CASH-08;2026-07-29 8:46:30;SKU-005;1;5000;1000;CASH
REC-20260729-STORE_03-0226;STORE_03;CASH-10;2026-07-29 8:46:30;SKU-001;1;45000;0;CASH
REC-20260729-STORE_03-0227;STORE_03;CASH-09;2026-07-29 16:24:11;SKU-015;1;5000;1000;CARD
REC-20260729-STORE_03-0227;STORE_03;CASH-10;2026-07-29 16:24:11;SKU-001;2;45000;0;CARD
REC-20260729-STORE_03-0227;STORE_03;CASH-09;2026-07-29 16:24:11;SKU-017;4;12000;0;CASH
REC-20260729-STORE_03-0227;STORE_03;CASH-08;2026-07-29 16:24:11;SKU-005;3;5000;1000;CARD
REC-20260729-STORE_03-0228;STORE_03;CASH-06;2026-07-29 16:10:18;SKU-030;3;45000;1000;CARD
REC-20260729-STORE_03-0228;STORE_03;CASH-10;2026-07-29 16:10:18;SKU-001;1;45000;0;CASH
REC-20260729-STORE_03-0228;STORE_03;CASH-10;2026-07-29 16:10:18;SKU-005;3;5000;0;CARD
REC-20260729-STORE_03-0228;STORE_03;CASH-03;2026-07-29 16:10:18;SKU-013;2;12000;0;CARD
REC-20260729-STORE_03-0229;STORE_03;CASH-10;2026-07-29 13:01:33;SKU-001;2;45000;0;CARD
REC-20260729-STORE_03-0229;STORE_03;CASH-04;2026-07-29 13:01:33;SKU-006;1;45000;0;CARD
REC-20260729-STORE_03-0230;STORE_03;CASH-04;2026-07-29 19:36:13;SKU-002;4;12000;1000;CASH
REC-20260729-STORE_03-0231;STORE_03;CASH-02;2026-07-29 9:50:42;SKU-001;3;45000;0;CASH
REC-20260729-STORE_03-0232;STORE_03;CASH-10;2026-07-29 15:28:34;SKU-011;1;5000;1000;CARD
REC-20260729-STORE_03-0232;STORE_03;CASH-05;2026-07-29 15:28:34;SKU-010;4;25000;1000;CARD
REC-20260729-STORE_03-0232;STORE_03;CASH-03;2026-07-29 15:28:34;SKU-019;4;25000;0;CASH
REC-20260729-STORE_03-0233;STORE_03;CASH-06;2026-07-29 19:45:50;SKU-001;3;45000;0;CARD
REC-20260729-STORE_03-0234;STORE_03;CASH-02;2026-07-29 11:05:45;SKU-006;4;45000;0;CASH
REC-20260729-STORE_03-0234;STORE_03;CASH-06;2026-07-29 11:05:45;SKU-003;1;45000;0;CARD
REC-20260729-STORE_03-0234;STORE_03;CASH-09;2026-07-29 11:05:45;SKU-044;2;5000;0;CARD
REC-20260729-STORE_03-0234;STORE_03;CASH-05;2026-07-29 11:05:45;SKU-020;4;12000;0;CARD
REC-20260729-STORE_03-0234;STORE_03;CASH-10;2026-07-29 11:05:45;SKU-001;4;45000;0;CARD
REC-20260729-STORE_03-0235;STORE_03;CASH-08;2026-07-29 16:26:29;SKU-001;4;45000;0;CARD
REC-20260729-STORE_03-0235;STORE_03;CASH-06;2026-07-29 16:26:29;SKU-004;3;25000;0;CASH
REC-20260729-STORE_03-0235;STORE_03;CASH-06;2026-07-29 16:26:29;SKU-015;4;5000;500;CASH
REC-20260729-STORE_03-0236;STORE_03;CASH-03;2026-07-29 16:26:22;SKU-005;2;5000;0;CARD
REC-20260729-STORE_03-0236;STORE_03;CASH-02;2026-07-29 16:26:22;SKU-023;3;45000;0;CARD
REC-20260729-STORE_03-0237;STORE_03;CASH-03;2026-07-29 14:21:33;SKU-022;4;12000;0;CASH
REC-20260729-STORE_03-0237;STORE_03;CASH-01;2026-07-29 14:21:33;SKU-001;3;45000;500;CARD
REC-20260729-STORE_03-0237;STORE_03;CASH-04;2026-07-29 14:21:33;SKU-003;1;45000;0;CARD
REC-20260729-STORE_03-0237;STORE_03;CASH-08;2026-07-29 14:21:33;SKU-002;4;12000;500;CARD
REC-20260729-STORE_03-0237;STORE_03;CASH-01;2026-07-29 14:21:33;SKU-001;3;45000;0;CASH
REC-20260729-STORE_03-0238;STORE_03;CASH-10;2026-07-29 21:46:32;SKU-006;4;45000;1000;CARD
REC-20260729-STORE_03-0238;STORE_03;CASH-03;2026-07-29 21:46:32;SKU-018;3;5000;500;CARD
REC-20260729-STORE_03-0239;STORE_03;CASH-07;2026-07-29 8:02:06;SKU-013;2;12000;1000;CASH
REC-20260729-STORE_03-0240;STORE_03;CASH-06;2026-07-29 21:39:29;SKU-024;4;12000;1000;CARD
REC-20260729-STORE_03-0240;STORE_03;CASH-10;2026-07-29 21:39:29;SKU-019;3;25000;500;CASH
REC-20260729-STORE_03-0240;STORE_03;CASH-06;2026-07-29 21:39:29;SKU-045;3;45000;0;CASH
REC-20260729-STORE_03-0241;STORE_03;CASH-10;2026-07-29 20:39:07;SKU-001;1;45000;0;CARD
REC-20260729-STORE_03-0241;STORE_03;CASH-08;2026-07-29 20:39:07;SKU-005;2;5000;0;CARD
REC-20260729-STORE_03-0241;STORE_03;CASH-01;2026-07-29 20:39:07;SKU-001;2;45000;0;CARD
REC-20260729-STORE_03-0241;STORE_03;CASH-10;2026-07-29 20:39:07;SKU-035;3;5000;1000;CARD
REC-20260729-STORE_03-0242;STORE_03;CASH-07;2026-07-29 16:15:11;SKU-014;1;5000;0;CARD
REC-20260729-STORE_03-0243;STORE_03;CASH-01;2026-07-29 10:25:43;SKU-007;1;12000;0;CARD
REC-20260729-STORE_03-0243;STORE_03;CASH-09;2026-07-29 10:25:43;SKU-048;3;25000;0;CARD
REC-20260729-STORE_03-0243;STORE_03;CASH-04;2026-07-29 10:25:43;SKU-001;1;45000;0;CARD
REC-20260729-STORE_03-0244;STORE_03;CASH-02;2026-07-29 14:03:17;SKU-004;3;25000;0;CASH
REC-20260729-STORE_03-0245;STORE_03;CASH-02;2026-07-29 11:39:34;SKU-007;3;12000;0;CARD
REC-20260729-STORE_03-0246;STORE_03;CASH-01;2026-07-29 18:10:28;SKU-014;4;5000;1000;CARD
REC-20260729-STORE_03-0246;STORE_03;CASH-07;2026-07-29 18:10:28;SKU-001;3;45000;0;CARD
REC-20260729-STORE_03-0246;STORE_03;CASH-04;2026-07-29 18:10:28;SKU-002;4;12000;1000;CARD
REC-20260729-STORE_03-0246;STORE_03;CASH-04;2026-07-29 18:10:28;SKU-010;1;25000;0;CASH
REC-20260729-STORE_03-0246;STORE_03;CASH-07;2026-07-29 18:10:28;SKU-001;3;45000;500;CASH
REC-20260729-STORE_03-0247;STORE_03;CASH-01;2026-07-29 10:52:21;SKU-001;4;45000;0;CASH
REC-20260729-STORE_03-0247;STORE_03;CASH-01;2026-07-29 10:52:21;SKU-039;2;5000;0;CASH
REC-20260729-STORE_03-0247;STORE_03;CASH-09;2026-07-29 10:52:21;SKU-037;1;45000;0;CARD
REC-20260729-STORE_03-0247;STORE_03;CASH-03;2026-07-29 10:52:21;SKU-038;2;12000;0;CARD
REC-20260729-STORE_03-0248;STORE_03;CASH-07;2026-07-29 19:53:07;SKU-003;3;45000;0;CARD
REC-20260729-STORE_03-0249;STORE_03;CASH-05;2026-07-29 13:14:00;SKU-022;4;12000;0;CARD
REC-20260729-STORE_03-0249;STORE_03;CASH-08;2026-07-29 13:14:00;SKU-009;2;25000;0;CARD
REC-20260729-STORE_03-0250;STORE_03;CASH-07;2026-07-29 13:14:33;SKU-002;2;12000;0;CARD
REC-20260729-STORE_03-0250;STORE_03;CASH-08;2026-07-29 13:14:33;SKU-001;3;45000;0;CASH
REC-20260729-STORE_03-0250;STORE_03;CASH-03;2026-07-29 13:14:33;SKU-005;1;5000;0;CARD
REC-20260729-STORE_03-0250;STORE_03;CASH-08;2026-07-29 13:14:33;SKU-002;2;12000;500;CARD
REC-20260729-STORE_03-0251;STORE_03;CASH-01;2026-07-29 12:04:31;SKU-012;2;45000;500;CARD
REC-20260729-STORE_03-0251;STORE_03;CASH-10;2026-07-29 12:04:31;SKU-002;2;12000;1000;CASH
REC-20260729-STORE_03-0251;STORE_03;CASH-04;2026-07-29 12:04:31;SKU-003;2;45000;0;CARD
REC-20260729-STORE_03-0252;STORE_03;CASH-04;2026-07-29 9:14:03;SKU-004;4;25000;500;CASH
REC-20260729-STORE_03-0252;STORE_03;CASH-08;2026-07-29 9:14:03;SKU-001;3;45000;0;CARD
REC-20260729-STORE_03-0252;STORE_03;CASH-06;2026-07-29 9:14:03;SKU-002;1;12000;1000;CASH
REC-20260729-STORE_03-0253;STORE_03;CASH-03;2026-07-29 10:05:56;SKU-003;4;45000;0;CARD
REC-20260729-STORE_03-0253;STORE_03;CASH-08;2026-07-29 10:05:56;SKU-019;1;25000;0;CARD
REC-20260729-STORE_03-0253;STORE_03;CASH-07;2026-07-29 10:05:56;SKU-003;1;45000;0;CARD
REC-20260729-STORE_03-0253;STORE_03;CASH-01;2026-07-29 10:05:56;SKU-002;1;12000;0;CASH
REC-20260729-STORE_03-0253;STORE_03;CASH-09;2026-07-29 10:05:56;SKU-018;2;5000;1000;CASH
REC-20260729-STORE_03-0254;STORE_03;CASH-06;2026-07-29 13:05:19;SKU-005;3;5000;500;CARD
REC-20260729-STORE_03-0254;STORE_03;CASH-03;2026-07-29 13:05:19;SKU-004;1;25000;500;CARD
REC-20260729-STORE_03-0254;STORE_03;CASH-09;2026-07-29 13:05:19;SKU-007;1;12000;0;CARD
REC-20260729-STORE_03-0254;STORE_03;CASH-08;2026-07-29 13:05:19;SKU-028;2;5000;1000;CASH
REC-20260729-STORE_03-0255;STORE_03;CASH-02;2026-07-29 10:58:18;SKU-001;4;45000;0;CASH
REC-20260729-STORE_03-0255;STORE_03;CASH-02;2026-07-29 10:58:18;SKU-010;1;25000;0;CASH
REC-20260729-STORE_03-0255;STORE_03;CASH-01;2026-07-29 10:58:18;SKU-001;3;45000;1000;CARD
REC-20260729-STORE_03-0255;STORE_03;CASH-05;2026-07-29 10:58:18;SKU-005;1;5000;0;CASH
REC-20260729-STORE_03-0256;STORE_03;CASH-03;2026-07-29 8:27:23;SKU-007;3;12000;0;CARD
REC-20260729-STORE_03-0256;STORE_03;CASH-10;2026-07-29 8:27:23;SKU-049;2;5000;500;CASH
REC-20260729-STORE_03-0256;STORE_03;CASH-10;2026-07-29 8:27:23;SKU-017;1;12000;0;CARD
REC-20260729-STORE_03-0257;STORE_03;CASH-01;2026-07-29 19:08:01;SKU-001;3;45000;500;CARD
REC-20260729-STORE_03-0257;STORE_03;CASH-03;2026-07-29 19:08:01;SKU-025;1;5000;1000;CARD
REC-20260729-STORE_03-0258;STORE_03;CASH-10;2026-07-29 10:40:08;SKU-001;1;45000;500;CARD
REC-20260729-STORE_03-0258;STORE_03;CASH-06;2026-07-29 10:40:08;SKU-034;3;25000;0;CARD
REC-20260729-STORE_03-0258;STORE_03;CASH-06;2026-07-29 10:40:08;SKU-010;4;25000;1000;CASH
REC-20260729-STORE_03-0259;STORE_03;CASH-02;2026-07-29 12:37:37;SKU-020;2;12000;1000;CARD
REC-20260729-STORE_03-0259;STORE_03;CASH-05;2026-07-29 12:37:37;SKU-001;1;45000;1000;CARD
REC-20260729-STORE_03-0259;STORE_03;CASH-05;2026-07-29 12:37:37;SKU-037;3;45000;0;CARD
REC-20260729-STORE_03-0259;STORE_03;CASH-06;2026-07-29 12:37:37;SKU-003;2;45000;0;CASH
REC-20260729-STORE_03-0259;STORE_03;CASH-02;2026-07-29 12:37:37;SKU-007;3;12000;0;CARD
REC-20260729-STORE_03-0260;STORE_03;CASH-09;2026-07-29 17:22:33;SKU-001;2;45000;1000;CASH
REC-20260729-STORE_03-0261;STORE_03;CASH-01;2026-07-29 19:49:18;SKU-002;1;12000;0;CASH
REC-20260729-STORE_03-0262;STORE_03;CASH-07;2026-07-29 15:50:54;SKU-032;1;25000;0;CARD
REC-20260729-STORE_03-0262;STORE_03;CASH-09;2026-07-29 15:50:54;SKU-014;4;5000;0;CASH
REC-20260729-STORE_03-0262;STORE_03;CASH-09;2026-07-29 15:50:54;SKU-009;3;25000;0;CARD
REC-20260729-STORE_03-0262;STORE_03;CASH-10;2026-07-29 15:50:54;SKU-001;3;45000;1000;CARD
REC-20260729-STORE_03-0263;STORE_03;CASH-01;2026-07-29 19:49:44;SKU-013;1;12000;0;CARD
REC-20260729-STORE_03-0264;STORE_03;CASH-09;2026-07-29 16:47:49;SKU-013;1;12000;500;CASH
REC-20260729-STORE_03-0264;STORE_03;CASH-08;2026-07-29 16:47:49;SKU-004;3;25000;0;CASH
REC-20260729-STORE_03-0264;STORE_03;CASH-10;2026-07-29 16:47:49;SKU-001;3;45000;0;CARD
REC-20260729-STORE_03-0264;STORE_03;CASH-04;2026-07-29 16:47:49;SKU-015;3;5000;1000;CARD
REC-20260729-STORE_03-0265;STORE_03;CASH-03;2026-07-29 10:30:56;SKU-001;2;45000;0;CARD
REC-20260729-STORE_03-0265;STORE_03;CASH-06;2026-07-29 10:30:56;SKU-020;3;12000;0;CARD
REC-20260729-STORE_03-0265;STORE_03;CASH-09;2026-07-29 10:30:56;SKU-004;1;25000;500;CARD
REC-20260729-STORE_03-0266;STORE_03;CASH-03;2026-07-29 17:55:42;SKU-029;2;5000;1000;CARD
REC-20260729-STORE_03-0266;STORE_03;CASH-10;2026-07-29 17:55:42;SKU-001;4;45000;0;CARD
REC-20260729-STORE_03-0266;STORE_03;CASH-10;2026-07-29 17:55:42;SKU-012;1;45000;1000;CASH
REC-20260729-STORE_03-0266;STORE_03;CASH-08;2026-07-29 17:55:42;SKU-002;3;12000;0;CASH
REC-20260729-STORE_03-0266;STORE_03;CASH-08;2026-07-29 17:55:42;SKU-001;3;45000;0;CARD
REC-20260729-STORE_03-0267;STORE_03;CASH-01;2026-07-29 11:55:02;SKU-002;3;12000;0;CARD
REC-20260729-STORE_03-0268;STORE_03;CASH-10;2026-07-29 19:51:29;SKU-031;4;45000;0;CASH
REC-20260729-STORE_03-0268;STORE_03;CASH-01;2026-07-29 19:51:29;SKU-010;2;25000;0;CARD
REC-20260729-STORE_03-0268;STORE_03;CASH-09;2026-07-29 19:51:29;SKU-003;2;45000;500;CARD
REC-20260729-STORE_03-0269;STORE_03;CASH-04;2026-07-29 9:17:53;SKU-001;2;45000;1000;CARD
REC-20260729-STORE_03-0269;STORE_03;CASH-02;2026-07-29 9:17:53;SKU-002;2;12000;0;CARD
REC-20260729-STORE_03-0270;STORE_03;CASH-10;2026-07-29 8:10:05;SKU-001;4;45000;1000;CASH
REC-20260729-STORE_03-0270;STORE_03;CASH-01;2026-07-29 8:10:05;SKU-015;4;5000;0;CARD
REC-20260729-STORE_03-0270;STORE_03;CASH-04;2026-07-29 8:10:05;SKU-032;3;25000;0;CARD
REC-20260729-STORE_03-0270;STORE_03;CASH-08;2026-07-29 8:10:05;SKU-003;1;45000;0;CARD
REC-20260729-STORE_03-0271;STORE_03;CASH-04;2026-07-29 15:59:46;SKU-001;4;45000;0;CARD
REC-20260729-STORE_03-0271;STORE_03;CASH-03;2026-07-29 15:59:46;SKU-007;2;12000;1000;CARD
REC-20260729-STORE_03-0271;STORE_03;CASH-05;2026-07-29 15:59:46;SKU-013;3;12000;0;CASH
REC-20260729-STORE_03-0271;STORE_03;CASH-01;2026-07-29 15:59:46;SKU-003;2;45000;500;CASH
REC-20260729-STORE_03-0271;STORE_03;CASH-03;2026-07-29 15:59:46;SKU-002;3;12000;0;CASH
REC-20260729-STORE_03-0272;STORE_03;CASH-09;2026-07-29 17:13:03;SKU-020;3;12000;1000;CARD
REC-20260729-STORE_03-0272;STORE_03;CASH-08;2026-07-29 17:13:03;SKU-002;3;12000;0;CARD
REC-20260729-STORE_03-0272;STORE_03;CASH-07;2026-07-29 17:13:03;SKU-001;2;45000;0;CASH
REC-20260729-STORE_03-0272;STORE_03;CASH-02;2026-07-29 17:13:03;SKU-050;2;25000;0;CARD
REC-20260729-STORE_03-0272;STORE_03;CASH-01;2026-07-29 17:13:03;SKU-001;3;45000;0;CARD
REC-20260729-STORE_03-0273;STORE_03;CASH-08;2026-07-29 15:02:05;SKU-019;2;25000;0;CARD
REC-20260729-STORE_03-0273;STORE_03;CASH-05;2026-07-29 15:02:05;SKU-004;3;25000;500;CARD
REC-20260729-STORE_03-0274;STORE_03;CASH-04;2026-07-29 21:45:15;SKU-024;3;12000;0;CARD
REC-20260729-STORE_03-0275;STORE_03;CASH-04;2026-07-29 8:06:35;SKU-001;2;45000;0;CASH
REC-20260729-STORE_03-0275;STORE_03;CASH-05;2026-07-29 8:06:35;SKU-031;2;45000;0;CARD
REC-20260729-STORE_03-0276;STORE_03;CASH-03;2026-07-29 17:04:25;SKU-002;1;12000;1000;CASH
REC-20260729-STORE_03-0276;STORE_03;CASH-06;2026-07-29 17:04:25;SKU-004;3;25000;0;CARD
REC-20260729-STORE_03-0276;STORE_03;CASH-03;2026-07-29 17:04:25;SKU-020;2;12000;1000;CASH
REC-20260729-STORE_03-0276;STORE_03;CASH-04;2026-07-29 17:04:25;SKU-003;4;45000;1000;CARD
REC-20260729-STORE_03-0276;STORE_03;CASH-07;2026-07-29 17:04:25;SKU-001;3;45000;1000;CASH
REC-20260729-STORE_03-0277;STORE_03;CASH-06;2026-07-29 14:01:59;SKU-006;2;45000;500;CASH
REC-20260729-STORE_03-0278;STORE_03;CASH-02;2026-07-29 17:45:57;SKU-014;3;5000;0;CARD
REC-20260729-STORE_03-0278;STORE_03;CASH-02;2026-07-29 17:45:57;SKU-001;2;45000;0;CARD
REC-20260729-STORE_03-0278;STORE_03;CASH-10;2026-07-29 17:45:57;SKU-004;2;25000;0;CARD
REC-20260729-STORE_03-0278;STORE_03;CASH-02;2026-07-29 17:45:57;SKU-001;4;45000;0;CARD
REC-20260729-STORE_03-0279;STORE_03;CASH-02;2026-07-29 12:08:26;SKU-001;3;45000;1000;CASH
REC-20260729-STORE_03-0279;STORE_03;CASH-01;2026-07-29 12:08:26;SKU-040;3;25000;1000;CARD
REC-20260729-STORE_03-0280;STORE_03;CASH-10;2026-07-29 8:16:03;SKU-009;2;25000;0;CARD
REC-20260729-STORE_03-0280;STORE_03;CASH-06;2026-07-29 8:16:03;SKU-001;1;45000;0;CARD
REC-20260729-STORE_03-0280;STORE_03;CASH-02;2026-07-29 8:16:03;SKU-001;1;45000;1000;CASH
REC-20260729-STORE_03-0281;STORE_03;CASH-09;2026-07-29 15:14:13;SKU-018;4;5000;0;CASH
REC-20260729-STORE_03-0282;STORE_03;CASH-10;2026-07-29 12:26:13;SKU-018;1;5000;500;CARD
REC-20260729-STORE_03-0282;STORE_03;CASH-02;2026-07-29 12:26:13;SKU-047;2;5000;0;CARD
REC-20260729-STORE_03-0282;STORE_03;CASH-01;2026-07-29 12:26:13;SKU-003;4;45000;0;CASH
REC-20260729-STORE_03-0282;STORE_03;CASH-02;2026-07-29 12:26:13;SKU-001;4;45000;500;CARD
REC-20260729-STORE_03-0282;STORE_03;CASH-03;2026-07-29 12:26:13;SKU-002;2;12000;0;CARD
REC-20260729-STORE_03-0283;STORE_03;CASH-09;2026-07-29 15:51:41;SKU-048;2;25000;500;CARD
REC-20260729-STORE_03-0283;STORE_03;CASH-03;2026-07-29 15:51:41;SKU-043;2;25000;500;CARD
REC-20260729-STORE_03-0284;STORE_03;CASH-06;2026-07-29 8:05:38;SKU-017;2;12000;0;CARD
REC-20260729-STORE_03-0285;STORE_03;CASH-10;2026-07-29 16:59:23;SKU-001;1;45000;0;CASH
REC-20260729-STORE_03-0285;STORE_03;CASH-07;2026-07-29 16:59:23;SKU-046;2;25000;0;CASH
REC-20260729-STORE_03-0285;STORE_03;CASH-06;2026-07-29 16:59:23;SKU-001;3;45000;500;CASH
REC-20260729-STORE_03-0286;STORE_03;CASH-02;2026-07-29 14:29:26;SKU-002;4;12000;0;CARD
REC-20260729-STORE_03-0286;STORE_03;CASH-09;2026-07-29 14:29:26;SKU-009;2;25000;0;CARD
REC-20260729-STORE_03-0286;STORE_03;CASH-10;2026-07-29 14:29:26;SKU-010;2;25000;0;CASH
REC-20260729-STORE_03-0286;STORE_03;CASH-01;2026-07-29 14:29:26;SKU-018;2;5000;0;CASH
REC-20260729-STORE_03-0287;STORE_03;CASH-05;2026-07-29 20:59:38;SKU-047;2;5000;0;CARD
REC-20260729-STORE_03-0287;STORE_03;CASH-06;2026-07-29 20:59:38;SKU-006;1;45000;0;CARD
REC-20260729-STORE_03-0287;STORE_03;CASH-07;2026-07-29 20:59:38;SKU-001;2;45000;1000;CASH
REC-20260729-STORE_03-0287;STORE_03;CASH-06;2026-07-29 20:59:38;SKU-001;1;45000;500;CARD
REC-20260729-STORE_03-0287;STORE_03;CASH-09;2026-07-29 20:59:38;SKU-008;4;12000;0;CARD
REC-20260729-STORE_03-0288;STORE_03;CASH-03;2026-07-29 15:32:55;SKU-001;3;45000;0;CARD
REC-20260729-STORE_03-0288;STORE_03;CASH-10;2026-07-29 15:32:55;SKU-001;3;45000;1000;CARD
REC-20260729-STORE_03-0288;STORE_03;CASH-09;2026-07-29 15:32:55;SKU-001;2;45000;0;CARD
REC-20260729-STORE_03-0288;STORE_03;CASH-08;2026-07-29 15:32:55;SKU-016;4;25000;0;CARD
REC-20260729-STORE_03-0288;STORE_03;CASH-06;2026-07-29 15:32:55;SKU-003;1;45000;0;CARD
REC-20260729-STORE_03-0289;STORE_03;CASH-06;2026-07-29 20:19:15;SKU-001;3;45000;0;CARD
REC-20260729-STORE_03-0289;STORE_03;CASH-03;2026-07-29 20:19:15;SKU-002;1;12000;0;CARD
REC-20260729-STORE_03-0290;STORE_03;CASH-02;2026-07-29 10:07:39;SKU-009;3;25000;0;CARD
REC-20260729-STORE_03-0291;STORE_03;CASH-01;2026-07-29 9:37:10;SKU-003;2;45000;0;CASH
REC-20260729-STORE_03-0291;STORE_03;CASH-03;2026-07-29 9:37:10;SKU-023;4;45000;0;CARD
REC-20260729-STORE_03-0291;STORE_03;CASH-05;2026-07-29 9:37:10;SKU-001;4;45000;0;CARD
REC-20260729-STORE_03-0292;STORE_03;CASH-08;2026-07-29 21:46:58;SKU-007;2;12000;0;CASH
REC-20260729-STORE_03-0292;STORE_03;CASH-01;2026-07-29 21:46:58;SKU-021;2;5000;500;CARD
REC-20260729-STORE_03-0293;STORE_03;CASH-06;2026-07-29 9:17:18;SKU-001;4;45000;0;CARD
REC-20260729-STORE_03-0293;STORE_03;CASH-05;2026-07-29 9:17:18;SKU-017;2;12000;0;CASH
REC-20260729-STORE_03-0293;STORE_03;CASH-07;2026-07-29 9:17:18;SKU-002;1;12000;500;CARD
REC-20260729-STORE_03-0293;STORE_03;CASH-05;2026-07-29 9:17:18;SKU-002;4;12000;500;CASH
REC-20260729-STORE_03-0294;STORE_03;CASH-04;2026-07-29 16:28:05;SKU-002;2;12000;0;CARD
REC-20260729-STORE_03-0294;STORE_03;CASH-09;2026-07-29 16:28:05;SKU-036;1;45000;0;CASH
REC-20260729-STORE_03-0294;STORE_03;CASH-01;2026-07-29 16:28:05;SKU-007;2;12000;500;CARD
REC-20260729-STORE_03-0294;STORE_03;CASH-01;2026-07-29 16:28:05;SKU-006;4;45000;0;CARD
REC-20260729-STORE_03-0295;STORE_03;CASH-04;2026-07-29 14:52:14;SKU-015;1;5000;0;CASH
REC-20260729-STORE_03-0296;STORE_03;CASH-09;2026-07-29 18:20:39;SKU-006;3;45000;0;CARD
REC-20260729-STORE_03-0296;STORE_03;CASH-08;2026-07-29 18:20:39;SKU-001;4;45000;500;CASH
REC-20260729-STORE_03-0296;STORE_03;CASH-02;2026-07-29 18:20:39;SKU-001;2;45000;0;CASH
REC-20260729-STORE_03-0296;STORE_03;CASH-10;2026-07-29 18:20:39;SKU-045;4;45000;0;CARD
REC-20260729-STORE_03-0296;STORE_03;CASH-07;2026-07-29 18:20:39;SKU-014;4;5000;500;CASH
REC-20260729-STORE_03-0297;STORE_03;CASH-08;2026-07-29 9:22:12;SKU-010;3;25000;500;CARD
REC-20260729-STORE_03-0297;STORE_03;CASH-10;2026-07-29 9:22:12;SKU-013;4;12000;0;CARD
REC-20260729-STORE_03-0297;STORE_03;CASH-03;2026-07-29 9:22:12;SKU-006;3;45000;0;CARD
REC-20260729-STORE_03-0297;STORE_03;CASH-03;2026-07-29 9:22:12;SKU-002;3;12000;0;CARD
REC-20260729-STORE_03-0297;STORE_03;CASH-08;2026-07-29 9:22:12;SKU-001;3;45000;0;CARD
REC-20260729-STORE_03-0298;STORE_03;CASH-01;2026-07-29 16:28:57;SKU-002;1;12000;500;CASH
REC-20260729-STORE_03-0298;STORE_03;CASH-04;2026-07-29 16:28:57;SKU-042;1;5000;500;CARD
REC-20260729-STORE_03-0298;STORE_03;CASH-01;2026-07-29 16:28:57;SKU-001;1;45000;0;CARD
REC-20260729-STORE_03-0299;STORE_03;CASH-04;2026-07-29 18:48:43;SKU-001;3;45000;0;CARD
REC-20260729-STORE_03-0299;STORE_03;CASH-10;2026-07-29 18:48:43;SKU-001;1;45000;500;CARD
REC-20260729-STORE_03-0299;STORE_03;CASH-03;2026-07-29 18:48:43;SKU-004;3;25000;500;CASH
REC-20260729-STORE_03-0300;STORE_03;CASH-05;2026-07-29 13:24:48;SKU-003;4;45000;0;CASH
REC-20260729-STORE_03-0300;STORE_03;CASH-04;2026-07-29 13:24:48;SKU-001;2;45000;0;CASH
REC-20260729-STORE_03-0300;STORE_03;CASH-07;2026-07-29 13:24:48;SKU-045;3;45000;0;CARD
REC-20260729-STORE_03-0301;STORE_03;CASH-08;2026-07-29 21:50:13;SKU-001;1;45000;0;CARD
REC-20260729-STORE_03-0301;STORE_03;CASH-06;2026-07-29 21:50:13;SKU-018;1;5000;500;CASH
REC-20260729-STORE_03-0301;STORE_03;CASH-01;2026-07-29 21:50:13;SKU-001;1;45000;500;CASH
REC-20260729-STORE_03-0302;STORE_03;CASH-05;2026-07-29 9:01:32;SKU-001;2;45000;0;CASH
REC-20260729-STORE_03-0302;STORE_03;CASH-09;2026-07-29 9:01:32;SKU-001;3;45000;0;CARD
REC-20260729-STORE_03-0302;STORE_03;CASH-06;2026-07-29 9:01:32;SKU-001;1;45000;0;CASH
REC-20260729-STORE_03-0303;STORE_03;CASH-02;2026-07-29 9:32:14;SKU-005;3;5000;0;CARD
REC-20260729-STORE_03-0303;STORE_03;CASH-05;2026-07-29 9:32:14;SKU-047;4;5000;0;CARD
REC-20260729-STORE_03-0303;STORE_03;CASH-09;2026-07-29 9:32:14;SKU-006;4;45000;500;CARD
REC-20260729-STORE_03-0303;STORE_03;CASH-03;2026-07-29 9:32:14;SKU-012;1;45000;500;CARD
REC-20260729-STORE_03-0303;STORE_03;CASH-06;2026-07-29 9:32:14;SKU-007;4;12000;1000;CASH
REC-20260729-STORE_03-0304;STORE_03;CASH-02;2026-07-29 15:36:15;SKU-010;3;25000;500;CARD
REC-20260729-STORE_03-0304;STORE_03;CASH-04;2026-07-29 15:36:15;SKU-020;2;12000;0;CARD
REC-20260729-STORE_03-0304;STORE_03;CASH-08;2026-07-29 15:36:15;SKU-002;3;12000;500;CASH
REC-20260729-STORE_03-0304;STORE_03;CASH-08;2026-07-29 15:36:15;SKU-008;4;12000;1000;CARD
REC-20260729-STORE_03-0304;STORE_03;CASH-10;2026-07-29 15:36:15;SKU-013;1;12000;0;CASH
REC-20260729-STORE_03-0305;STORE_03;CASH-06;2026-07-29 11:34:32;SKU-026;3;12000;500;CARD
REC-20260729-STORE_03-0305;STORE_03;CASH-02;2026-07-29 11:34:32;SKU-002;3;12000;0;CARD
REC-20260729-STORE_03-0305;STORE_03;CASH-10;2026-07-29 11:34:32;SKU-010;3;25000;500;CARD
REC-20260729-STORE_03-0305;STORE_03;CASH-07;2026-07-29 11:34:32;SKU-012;2;45000;0;CASH
REC-20260729-STORE_03-0305;STORE_03;CASH-03;2026-07-29 11:34:32;SKU-001;1;45000;1000;CARD
REC-20260729-STORE_03-0306;STORE_03;CASH-09;2026-07-29 20:41:49;SKU-021;2;5000;0;CARD
REC-20260729-STORE_03-0306;STORE_03;CASH-07;2026-07-29 20:41:49;SKU-011;4;5000;0;CASH
REC-20260729-STORE_03-0306;STORE_03;CASH-10;2026-07-29 20:41:49;SKU-003;2;45000;0;CARD
REC-20260729-STORE_03-0306;STORE_03;CASH-06;2026-07-29 20:41:49;SKU-028;1;5000;0;CASH
REC-20260729-STORE_03-0306;STORE_03;CASH-04;2026-07-29 20:41:49;SKU-027;1;5000;500;CARD
REC-20260729-STORE_03-0307;STORE_03;CASH-06;2026-07-29 8:12:59;SKU-029;4;5000;0;CASH
REC-20260729-STORE_03-0307;STORE_03;CASH-06;2026-07-29 8:12:59;SKU-001;1;45000;500;CASH
REC-20260729-STORE_03-0307;STORE_03;CASH-08;2026-07-29 8:12:59;SKU-017;4;12000;0;CARD
REC-20260729-STORE_03-0307;STORE_03;CASH-08;2026-07-29 8:12:59;SKU-005;4;5000;0;CARD
REC-20260729-STORE_03-0307;STORE_03;CASH-07;2026-07-29 8:12:59;SKU-004;4;25000;0;CARD
REC-20260729-STORE_03-0308;STORE_03;CASH-09;2026-07-29 20:44:31;SKU-003;3;45000;500;CARD
REC-20260729-STORE_03-0308;STORE_03;CASH-08;2026-07-29 20:44:31;SKU-010;3;25000;500;CASH
REC-20260729-STORE_03-0308;STORE_03;CASH-03;2026-07-29 20:44:31;SKU-013;4;12000;0;CARD
REC-20260729-STORE_03-0309;STORE_03;CASH-03;2026-07-29 13:58:14;SKU-019;2;25000;0;CARD
REC-20260729-STORE_03-0309;STORE_03;CASH-01;2026-07-29 13:58:14;SKU-005;4;5000;0;CASH
REC-20260729-STORE_03-0309;STORE_03;CASH-08;2026-07-29 13:58:14;SKU-049;3;5000;0;CARD
REC-20260729-STORE_03-0309;STORE_03;CASH-10;2026-07-29 13:58:14;SKU-014;1;5000;500;CARD
REC-20260729-STORE_03-0309;STORE_03;CASH-06;2026-07-29 13:58:14;SKU-003;3;45000;1000;CASH
REC-20260729-STORE_03-0310;STORE_03;CASH-06;2026-07-29 21:29:27;SKU-003;1;45000;0;CARD
REC-20260729-STORE_03-0310;STORE_03;CASH-07;2026-07-29 21:29:27;SKU-008;2;12000;0;CASH
REC-20260729-STORE_03-0311;STORE_03;CASH-01;2026-07-29 17:01:18;SKU-014;3;5000;1000;CARD
REC-20260729-STORE_03-0311;STORE_03;CASH-04;2026-07-29 17:01:18;SKU-001;3;45000;500;CARD
REC-20260729-STORE_03-0311;STORE_03;CASH-04;2026-07-29 17:01:18;SKU-016;3;25000;0;CASH
REC-20260729-STORE_03-0311;STORE_03;CASH-08;2026-07-29 17:01:18;SKU-010;3;25000;0;CASH
REC-20260729-STORE_03-0312;STORE_03;CASH-05;2026-07-29 12:27:20;SKU-001;4;45000;0;CARD
REC-20260729-STORE_03-0312;STORE_03;CASH-10;2026-07-29 12:27:20;SKU-007;3;12000;0;CASH
REC-20260729-STORE_03-0312;STORE_03;CASH-06;2026-07-29 12:27:20;SKU-004;2;25000;0;CASH
REC-20260729-STORE_03-0313;STORE_03;CASH-03;2026-07-29 15:08:44;SKU-039;3;5000;0;CARD
REC-20260729-STORE_03-0313;STORE_03;CASH-04;2026-07-29 15:08:44;SKU-002;4;12000;0;CARD
REC-20260729-STORE_03-0313;STORE_03;CASH-04;2026-07-29 15:08:44;SKU-035;2;5000;0;CARD
REC-20260729-STORE_03-0313;STORE_03;CASH-08;2026-07-29 15:08:44;SKU-001;3;45000;0;CARD
REC-20260729-STORE_03-0314;STORE_03;CASH-08;2026-07-29 12:33:54;SKU-001;4;45000;1000;CARD
REC-20260729-STORE_03-0314;STORE_03;CASH-07;2026-07-29 12:33:54;SKU-001;2;45000;0;CARD
REC-20260729-STORE_03-0314;STORE_03;CASH-08;2026-07-29 12:33:54;SKU-031;4;45000;500;CASH
REC-20260729-STORE_03-0314;STORE_03;CASH-06;2026-07-29 12:33:54;SKU-004;2;25000;0;CARD
REC-20260729-STORE_03-0315;STORE_03;CASH-07;2026-07-29 13:34:55;SKU-007;1;12000;0;CARD
REC-20260729-STORE_03-0316;STORE_03;CASH-08;2026-07-29 17:08:54;SKU-032;4;25000;0;CARD
REC-20260729-STORE_03-0316;STORE_03;CASH-09;2026-07-29 17:08:54;SKU-002;2;12000;0;CARD
REC-20260729-STORE_03-0316;STORE_03;CASH-04;2026-07-29 17:08:54;SKU-009;1;25000;0;CARD
REC-20260729-STORE_03-0316;STORE_03;CASH-04;2026-07-29 17:08:54;SKU-017;1;12000;0;CASH
REC-20260729-STORE_03-0317;STORE_03;CASH-07;2026-07-29 17:59:10;SKU-003;3;45000;500;CARD
REC-20260729-STORE_03-0318;STORE_03;CASH-05;2026-07-29 15:45:07;SKU-032;4;25000;1000;CARD
REC-20260729-STORE_03-0318;STORE_03;CASH-10;2026-07-29 15:45:07;SKU-005;1;5000;0;CARD
REC-20260729-STORE_03-0318;STORE_03;CASH-03;2026-07-29 15:45:07;SKU-022;2;12000;0;CARD
REC-20260729-STORE_03-0318;STORE_03;CASH-01;2026-07-29 15:45:07;SKU-001;2;45000;0;CARD
REC-20260729-STORE_03-0319;STORE_03;CASH-07;2026-07-29 20:35:06;SKU-017;4;12000;500;CARD
REC-20260729-STORE_03-0319;STORE_03;CASH-02;2026-07-29 20:35:06;SKU-012;1;45000;0;CARD
REC-20260729-STORE_03-0319;STORE_03;CASH-03;2026-07-29 20:35:06;SKU-007;1;12000;0;CARD
REC-20260729-STORE_03-0319;STORE_03;CASH-01;2026-07-29 20:35:06;SKU-034;4;25000;0;CARD
REC-20260729-STORE_03-0320;STORE_03;CASH-10;2026-07-29 19:46:18;SKU-006;2;45000;500;CARD
REC-20260729-STORE_03-0321;STORE_03;CASH-10;2026-07-29 19:29:02;SKU-006;1;45000;0;CASH
REC-20260729-STORE_03-0321;STORE_03;CASH-03;2026-07-29 19:29:02;SKU-046;2;25000;1000;CARD
REC-20260729-STORE_03-0321;STORE_03;CASH-09;2026-07-29 19:29:02;SKU-001;4;45000;1000;CARD
REC-20260729-STORE_03-0321;STORE_03;CASH-03;2026-07-29 19:29:02;SKU-001;3;45000;500;CASH
REC-20260729-STORE_03-0321;STORE_03;CASH-07;2026-07-29 19:29:02;SKU-003;4;45000;500;CASH
REC-20260729-STORE_03-0322;STORE_03;CASH-10;2026-07-29 15:13:32;SKU-001;1;45000;500;CARD
REC-20260729-STORE_03-0322;STORE_03;CASH-03;2026-07-29 15:13:32;SKU-006;2;45000;0;CARD
REC-20260729-STORE_03-0322;STORE_03;CASH-03;2026-07-29 15:13:32;SKU-045;2;45000;0;CARD
REC-20260729-STORE_03-0322;STORE_03;CASH-08;2026-07-29 15:13:32;SKU-005;1;5000;1000;CASH
REC-20260729-STORE_03-0322;STORE_03;CASH-02;2026-07-29 15:13:32;SKU-004;2;25000;0;CARD
REC-20260729-STORE_03-0323;STORE_03;CASH-03;2026-07-29 15:34:26;SKU-001;2;45000;0;CASH
REC-20260729-STORE_03-0323;STORE_03;CASH-01;2026-07-29 15:34:26;SKU-033;2;5000;1000;CARD
REC-20260729-STORE_03-0323;STORE_03;CASH-06;2026-07-29 15:34:26;SKU-012;2;45000;500;CARD
REC-20260729-STORE_03-0323;STORE_03;CASH-10;2026-07-29 15:34:26;SKU-007;3;12000;1000;CARD
REC-20260729-STORE_03-0323;STORE_03;CASH-10;2026-07-29 15:34:26;SKU-001;1;45000;0;CARD
REC-20260729-STORE_03-0324;STORE_03;CASH-03;2026-07-29 8:51:27;SKU-001;1;45000;500;CARD
REC-20260729-STORE_03-0324;STORE_03;CASH-08;2026-07-29 8:51:27;SKU-031;1;45000;0;CARD
REC-20260729-STORE_03-0324;STORE_03;CASH-10;2026-07-29 8:51:27;SKU-019;3;25000;500;CARD
REC-20260729-STORE_03-0324;STORE_03;CASH-05;2026-07-29 8:51:27;SKU-002;2;12000;1000;CASH
REC-20260729-STORE_03-0325;STORE_03;CASH-06;2026-07-29 20:39:14;SKU-044;3;5000;1000;CASH
REC-20260729-STORE_03-0325;STORE_03;CASH-05;2026-07-29 20:39:14;SKU-004;2;25000;1000;CARD
REC-20260729-STORE_03-0325;STORE_03;CASH-02;2026-07-29 20:39:14;SKU-001;2;45000;0;CASH
REC-20260729-STORE_03-0326;STORE_03;CASH-04;2026-07-29 19:56:27;SKU-005;3;5000;0;CASH
REC-20260729-STORE_03-0326;STORE_03;CASH-08;2026-07-29 19:56:27;SKU-001;3;45000;1000;CARD
REC-20260729-STORE_03-0326;STORE_03;CASH-07;2026-07-29 19:56:27;SKU-036;2;45000;0;CARD
REC-20260729-STORE_03-0326;STORE_03;CASH-01;2026-07-29 19:56:27;SKU-003;2;45000;1000;CASH
REC-20260729-STORE_03-0327;STORE_03;CASH-07;2026-07-29 9:48:14;SKU-002;2;12000;0;CARD
REC-20260729-STORE_03-0327;STORE_03;CASH-09;2026-07-29 9:48:14;SKU-010;4;25000;500;CARD
REC-20260729-STORE_03-0327;STORE_03;CASH-08;2026-07-29 9:48:14;SKU-006;3;45000;0;CARD
REC-20260729-STORE_03-0328;STORE_03;CASH-05;2026-07-29 8:12:31;SKU-011;3;5000;500;CARD
REC-20260729-STORE_03-0328;STORE_03;CASH-06;2026-07-29 8:12:31;SKU-001;1;45000;0;CASH
REC-20260729-STORE_03-0328;STORE_03;CASH-07;2026-07-29 8:12:31;SKU-019;2;25000;1000;CASH
REC-20260729-STORE_03-0329;STORE_03;CASH-04;2026-07-29 15:15:17;SKU-014;4;5000;0;CARD
REC-20260729-STORE_03-0329;STORE_03;CASH-08;2026-07-29 15:15:17;SKU-001;4;45000;1000;CASH
REC-20260729-STORE_03-0329;STORE_03;CASH-06;2026-07-29 15:15:17;SKU-013;3;12000;0;CASH
REC-20260729-STORE_03-0329;STORE_03;CASH-01;2026-07-29 15:15:17;SKU-001;1;45000;0;CASH
REC-20260729-STORE_03-0329;STORE_03;CASH-03;2026-07-29 15:15:17;SKU-007;2;12000;1000;CARD
REC-20260729-STORE_03-0330;STORE_03;CASH-04;2026-07-29 10:44:41;SKU-016;1;25000;0;CARD
REC-20260729-STORE_03-0330;STORE_03;CASH-09;2026-07-29 10:44:41;SKU-003;4;45000;0;CARD
REC-20260729-STORE_03-0331;STORE_03;CASH-05;2026-07-29 13:31:35;SKU-001;1;45000;500;CASH
REC-20260729-STORE_03-0331;STORE_03;CASH-02;2026-07-29 13:31:35;SKU-015;1;5000;500;CASH
REC-20260729-STORE_03-0332;STORE_03;CASH-04;2026-07-29 9:51:31;SKU-001;2;45000;0;CARD
REC-20260729-STORE_03-0332;STORE_03;CASH-07;2026-07-29 9:51:31;SKU-002;3;12000;0;CASH
REC-20260729-STORE_03-0332;STORE_03;CASH-05;2026-07-29 9:51:31;SKU-001;3;45000;0;CARD
REC-20260729-STORE_03-0332;STORE_03;CASH-08;2026-07-29 9:51:31;SKU-024;2;12000;0;CARD
REC-20260729-STORE_03-0333;STORE_03;CASH-08;2026-07-29 11:06:41;SKU-002;3;12000;500;CARD
REC-20260729-STORE_03-0333;STORE_03;CASH-05;2026-07-29 11:06:41;SKU-006;3;45000;1000;CARD
REC-20260729-STORE_03-0333;STORE_03;CASH-04;2026-07-29 11:06:41;SKU-003;3;45000;500;CARD
REC-20260729-STORE_03-0333;STORE_03;CASH-02;2026-07-29 11:06:41;SKU-002;2;12000;0;CASH
REC-20260729-STORE_03-0334;STORE_03;CASH-02;2026-07-29 16:27:01;SKU-002;4;12000;0;CARD
REC-20260729-STORE_03-0335;STORE_03;CASH-01;2026-07-29 21:25:49;SKU-006;4;45000;0;CASH
REC-20260729-STORE_03-0335;STORE_03;CASH-02;2026-07-29 21:25:49;SKU-003;2;45000;1000;CARD
REC-20260729-STORE_03-0335;STORE_03;CASH-04;2026-07-29 21:25:49;SKU-010;3;25000;0;CARD
REC-20260729-STORE_03-0335;STORE_03;CASH-03;2026-07-29 21:25:49;SKU-013;2;12000;1000;CARD
REC-20260729-STORE_03-0336;STORE_03;CASH-08;2026-07-29 8:19:43;SKU-004;1;25000;0;CASH
REC-20260729-STORE_03-0336;STORE_03;CASH-02;2026-07-29 8:19:43;SKU-003;4;45000;1000;CARD
REC-20260729-STORE_03-0336;STORE_03;CASH-03;2026-07-29 8:19:43;SKU-026;4;12000;500;CARD
REC-20260729-STORE_03-0336;STORE_03;CASH-04;2026-07-29 8:19:43;SKU-002;3;12000;1000;CASH
REC-20260729-STORE_03-0336;STORE_03;CASH-05;2026-07-29 8:19:43;SKU-001;4;45000;0;CASH
REC-20260729-STORE_03-0337;STORE_03;CASH-06;2026-07-29 12:55:04;SKU-010;3;25000;0;CARD
REC-20260729-STORE_03-0337;STORE_03;CASH-04;2026-07-29 12:55:04;SKU-028;2;5000;0;CASH
REC-20260729-STORE_03-0337;STORE_03;CASH-05;2026-07-29 12:55:04;SKU-004;1;25000;1000;CASH
REC-20260729-STORE_03-0337;STORE_03;CASH-07;2026-07-29 12:55:04;SKU-036;1;45000;0;CASH
REC-20260729-STORE_03-0337;STORE_03;CASH-07;2026-07-29 12:55:04;SKU-009;4;25000;0;CASH
REC-20260729-STORE_03-0338;STORE_03;CASH-02;2026-07-29 21:58:31;SKU-003;1;45000;500;CARD
REC-20260729-STORE_03-0338;STORE_03;CASH-09;2026-07-29 21:58:31;SKU-002;3;12000;0;CARD
REC-20260729-STORE_03-0339;STORE_03;CASH-03;2026-07-29 10:02:15;SKU-005;1;5000;500;CASH
REC-20260729-STORE_03-0339;STORE_03;CASH-07;2026-07-29 10:02:15;SKU-006;1;45000;0;CARD
REC-20260729-STORE_03-0339;STORE_03;CASH-01;2026-07-29 10:02:15;SKU-001;2;45000;0;CARD
REC-20260729-STORE_03-0340;STORE_03;CASH-05;2026-07-29 8:43:07;SKU-004;1;25000;500;CARD
REC-20260729-STORE_03-0340;STORE_03;CASH-06;2026-07-29 8:43:07;SKU-002;2;12000;1000;CARD
REC-20260729-STORE_03-0341;STORE_03;CASH-09;2026-07-29 17:40:44;SKU-002;4;12000;0;CASH
REC-20260729-STORE_03-0341;STORE_03;CASH-08;2026-07-29 17:40:44;SKU-013;3;12000;0;CASH
REC-20260729-STORE_03-0341;STORE_03;CASH-04;2026-07-29 17:40:44;SKU-010;3;25000;1000;CARD
REC-20260729-STORE_03-0341;STORE_03;CASH-01;2026-07-29 17:40:44;SKU-050;4;25000;0;CASH
REC-20260729-STORE_03-0342;STORE_03;CASH-09;2026-07-29 9:31:47;SKU-020;3;12000;0;CARD
REC-20260729-STORE_03-0342;STORE_03;CASH-09;2026-07-29 9:31:47;SKU-007;2;12000;0;CASH
REC-20260729-STORE_03-0342;STORE_03;CASH-01;2026-07-29 9:31:47;SKU-050;2;25000;500;CARD
REC-20260729-STORE_03-0342;STORE_03;CASH-03;2026-07-29 9:31:47;SKU-016;1;25000;1000;CARD
REC-20260729-STORE_03-0343;STORE_03;CASH-04;2026-07-29 12:21:42;SKU-001;1;45000;0;CARD
REC-20260729-STORE_03-0343;STORE_03;CASH-01;2026-07-29 12:21:42;SKU-001;1;45000;0;CASH
REC-20260729-STORE_03-0343;STORE_03;CASH-04;2026-07-29 12:21:42;SKU-005;4;5000;0;CASH
REC-20260729-STORE_03-0343;STORE_03;CASH-08;2026-07-29 12:21:42;SKU-001;3;45000;500;CASH
REC-20260729-STORE_03-0343;STORE_03;CASH-05;2026-07-29 12:21:42;SKU-001;1;45000;0;CARD
REC-20260729-STORE_03-0344;STORE_03;CASH-07;2026-07-29 20:54:22;SKU-039;2;5000;0;CARD
REC-20260729-STORE_03-0344;STORE_03;CASH-02;2026-07-29 20:54:22;SKU-017;4;12000;500;CASH
REC-20260729-STORE_03-0344;STORE_03;CASH-05;2026-07-29 20:54:22;SKU-001;4;45000;0;CARD
REC-20260729-STORE_03-0344;STORE_03;CASH-03;2026-07-29 20:54:22;SKU-040;3;25000;500;CARD
REC-20260729-STORE_03-0345;STORE_03;CASH-09;2026-07-29 13:47:26;SKU-002;3;12000;0;CASH
REC-20260729-STORE_03-0345;STORE_03;CASH-10;2026-07-29 13:47:26;SKU-002;1;12000;0;CASH
REC-20260729-STORE_03-0345;STORE_03;CASH-09;2026-07-29 13:47:26;SKU-010;2;25000;0;CARD
REC-20260729-STORE_03-0345;STORE_03;CASH-07;2026-07-29 13:47:26;SKU-023;4;45000;0;CARD
REC-20260729-STORE_03-0346;STORE_03;CASH-02;2026-07-29 21:06:56;SKU-003;4;45000;0;CARD
REC-20260729-STORE_03-0346;STORE_03;CASH-09;2026-07-29 21:06:56;SKU-001;4;45000;0;CARD
REC-20260729-STORE_03-0346;STORE_03;CASH-03;2026-07-29 21:06:56;SKU-004;3;25000;0;CARD
REC-20260729-STORE_03-0347;STORE_03;CASH-01;2026-07-29 14:38:44;SKU-006;2;45000;0;CASH
REC-20260729-STORE_03-0347;STORE_03;CASH-06;2026-07-29 14:38:44;SKU-009;4;25000;0;CASH
REC-20260729-STORE_03-0347;STORE_03;CASH-08;2026-07-29 14:38:44;SKU-021;1;5000;1000;CARD
REC-20260729-STORE_03-0348;STORE_03;CASH-04;2026-07-29 19:38:22;SKU-001;3;45000;1000;CASH
REC-20260729-STORE_03-0348;STORE_03;CASH-09;2026-07-29 19:38:22;SKU-007;4;12000;0;CARD
REC-20260729-STORE_03-0348;STORE_03;CASH-02;2026-07-29 19:38:22;SKU-001;1;45000;500;CARD
REC-20260729-STORE_03-0348;STORE_03;CASH-03;2026-07-29 19:38:22;SKU-009;2;25000;500;CARD
REC-20260729-STORE_03-0348;STORE_03;CASH-09;2026-07-29 19:38:22;SKU-006;2;45000;1000;CARD
REC-20260729-STORE_03-0349;STORE_03;CASH-04;2026-07-29 13:40:38;SKU-016;3;25000;500;CASH
REC-20260729-STORE_03-0349;STORE_03;CASH-07;2026-07-29 13:40:38;SKU-001;1;45000;0;CARD
REC-20260729-STORE_03-0349;STORE_03;CASH-07;2026-07-29 13:40:38;SKU-024;2;12000;500;CARD
REC-20260729-STORE_03-0349;STORE_03;CASH-06;2026-07-29 13:40:38;SKU-001;1;45000;0;CASH
REC-20260729-STORE_03-0350;STORE_03;CASH-06;2026-07-29 15:11:06;SKU-009;1;25000;0;CARD
REC-20260729-STORE_03-0350;STORE_03;CASH-07;2026-07-29 15:11:06;SKU-005;1;5000;500;CARD
REC-20260729-STORE_03-0350;STORE_03;CASH-02;2026-07-29 15:11:06;SKU-001;4;45000;0;CARD
REC-20260729-STORE_03-0351;STORE_03;CASH-09;2026-07-29 13:30:10;SKU-003;3;45000;500;CARD
REC-20260729-STORE_03-0351;STORE_03;CASH-08;2026-07-29 13:30:10;SKU-018;1;5000;0;CARD
REC-20260729-STORE_03-0352;STORE_03;CASH-01;2026-07-29 18:04:01;SKU-004;1;25000;1000;CARD
REC-20260729-STORE_03-0352;STORE_03;CASH-06;2026-07-29 18:04:01;SKU-015;1;5000;0;CARD
REC-20260729-STORE_03-0353;STORE_03;CASH-04;2026-07-29 13:06:56;SKU-001;2;45000;1000;CARD
REC-20260729-STORE_03-0353;STORE_03;CASH-10;2026-07-29 13:06:56;SKU-002;3;12000;500;CARD
REC-20260729-STORE_03-0353;STORE_03;CASH-10;2026-07-29 13:06:56;SKU-001;4;45000;0;CARD
REC-20260729-STORE_03-0354;STORE_03;CASH-01;2026-07-29 19:25:31;SKU-027;3;5000;500;CASH
REC-20260729-STORE_03-0354;STORE_03;CASH-10;2026-07-29 19:25:31;SKU-006;4;45000;0;CARD
REC-20260729-STORE_03-0355;STORE_03;CASH-10;2026-07-29 14:33:38;SKU-025;1;5000;1000;CARD
REC-20260729-STORE_03-0355;STORE_03;CASH-05;2026-07-29 14:33:38;SKU-006;1;45000;500;CARD
REC-20260729-STORE_03-0355;STORE_03;CASH-08;2026-07-29 14:33:38;SKU-001;3;45000;0;CARD
REC-20260729-STORE_03-0355;STORE_03;CASH-07;2026-07-29 14:33:38;SKU-007;2;12000;0;CARD
REC-20260729-STORE_03-0356;STORE_03;CASH-08;2026-07-29 21:45:10;SKU-013;1;12000;500;CARD
REC-20260729-STORE_03-0356;STORE_03;CASH-10;2026-07-29 21:45:10;SKU-041;4;25000;0;CARD
REC-20260729-STORE_03-0356;STORE_03;CASH-02;2026-07-29 21:45:10;SKU-018;2;5000;0;CARD
REC-20260729-STORE_03-0357;STORE_03;CASH-07;2026-07-29 18:15:24;SKU-002;2;12000;1000;CASH
REC-20260729-STORE_03-0357;STORE_03;CASH-10;2026-07-29 18:15:24;SKU-024;2;12000;500;CASH
REC-20260729-STORE_03-0357;STORE_03;CASH-01;2026-07-29 18:15:24;SKU-002;3;12000;1000;CARD
REC-20260729-STORE_03-0357;STORE_03;CASH-02;2026-07-29 18:15:24;SKU-001;2;45000;0;CASH
REC-20260729-STORE_03-0357;STORE_03;CASH-08;2026-07-29 18:15:24;SKU-002;3;12000;0;CARD
REC-20260729-STORE_03-0358;STORE_03;CASH-09;2026-07-29 21:41:46;SKU-003;2;45000;1000;CARD
REC-20260729-STORE_03-0358;STORE_03;CASH-09;2026-07-29 21:41:46;SKU-041;4;25000;0;CARD
REC-20260729-STORE_03-0358;STORE_03;CASH-04;2026-07-29 21:41:46;SKU-005;3;5000;0;CASH
REC-20260729-STORE_03-0358;STORE_03;CASH-01;2026-07-29 21:41:46;SKU-046;3;25000;0;CARD
REC-20260729-STORE_03-0359;STORE_03;CASH-09;2026-07-29 12:34:32;SKU-028;1;5000;0;CASH
REC-20260729-STORE_03-0359;STORE_03;CASH-10;2026-07-29 12:34:32;SKU-002;2;12000;0;CASH
REC-20260729-STORE_03-0359;STORE_03;CASH-09;2026-07-29 12:34:32;SKU-001;3;45000;0;CARD
REC-20260729-STORE_03-0359;STORE_03;CASH-03;2026-07-29 12:34:32;SKU-001;1;45000;0;CARD
REC-20260729-STORE_03-0360;STORE_03;CASH-07;2026-07-29 18:02:11;SKU-020;4;12000;1000;CARD
REC-20260729-STORE_03-0360;STORE_03;CASH-10;2026-07-29 18:02:11;SKU-026;4;12000;0;CARD
REC-20260729-STORE_03-0361;STORE_03;CASH-04;2026-07-29 18:29:47;SKU-032;2;25000;1000;CARD
REC-20260729-STORE_03-0362;STORE_03;CASH-09;2026-07-29 10:26:25;SKU-024;3;12000;1000;CARD
REC-20260729-STORE_03-0363;STORE_03;CASH-05;2026-07-29 16:46:07;SKU-022;3;12000;500;CARD
REC-20260729-STORE_03-0363;STORE_03;CASH-06;2026-07-29 16:46:07;SKU-002;4;12000;0;CASH
REC-20260729-STORE_03-0363;STORE_03;CASH-10;2026-07-29 16:46:07;SKU-002;3;12000;0;CARD
REC-20260729-STORE_03-0363;STORE_03;CASH-06;2026-07-29 16:46:07;SKU-001;1;45000;0;CARD
REC-20260729-STORE_03-0364;STORE_03;CASH-10;2026-07-29 13:00:40;SKU-001;1;45000;0;CASH
REC-20260729-STORE_03-0364;STORE_03;CASH-03;2026-07-29 13:00:40;SKU-001;4;45000;0;CASH
REC-20260729-STORE_03-0364;STORE_03;CASH-09;2026-07-29 13:00:40;SKU-039;2;5000;0;CASH
REC-20260729-STORE_03-0365;STORE_03;CASH-02;2026-07-29 11:00:10;SKU-027;3;5000;500;CASH
REC-20260729-STORE_03-0365;STORE_03;CASH-10;2026-07-29 11:00:10;SKU-025;1;5000;0;CARD
REC-20260729-STORE_03-0365;STORE_03;CASH-03;2026-07-29 11:00:10;SKU-006;3;45000;1000;CASH
REC-20260729-STORE_03-0366;STORE_03;CASH-04;2026-07-29 14:53:50;SKU-016;1;25000;0;CARD
REC-20260729-STORE_03-0367;STORE_03;CASH-06;2026-07-29 14:57:03;SKU-001;3;45000;500;CARD
REC-20260729-STORE_03-0367;STORE_03;CASH-05;2026-07-29 14:57:03;SKU-019;1;25000;0;CARD
REC-20260729-STORE_03-0368;STORE_03;CASH-03;2026-07-29 16:36:27;SKU-012;4;45000;0;CARD
REC-20260729-STORE_03-0368;STORE_03;CASH-07;2026-07-29 16:36:27;SKU-003;2;45000;0;CARD
REC-20260729-STORE_03-0368;STORE_03;CASH-04;2026-07-29 16:36:27;SKU-001;4;45000;500;CASH
REC-20260729-STORE_03-0368;STORE_03;CASH-07;2026-07-29 16:36:27;SKU-003;2;45000;500;CARD
REC-20260729-STORE_03-0368;STORE_03;CASH-03;2026-07-29 16:36:27;SKU-003;1;45000;500;CARD
REC-20260729-STORE_03-0369;STORE_03;CASH-01;2026-07-29 21:28:51;SKU-005;1;5000;0;CASH
REC-20260729-STORE_03-0369;STORE_03;CASH-08;2026-07-29 21:28:51;SKU-029;4;5000;1000;CARD
REC-20260729-STORE_03-0369;STORE_03;CASH-10;2026-07-29 21:28:51;SKU-003;2;45000;0;CARD
REC-20260729-STORE_03-0370;STORE_03;CASH-07;2026-07-29 16:20:29;SKU-020;4;12000;500;CARD
REC-20260729-STORE_03-0370;STORE_03;CASH-05;2026-07-29 16:20:29;SKU-005;2;5000;0;CARD
REC-20260729-STORE_03-0371;STORE_03;CASH-05;2026-07-29 19:02:35;SKU-035;1;5000;0;CARD
REC-20260729-STORE_03-0371;STORE_03;CASH-06;2026-07-29 19:02:35;SKU-003;4;45000;0;CARD
REC-20260729-STORE_03-0371;STORE_03;CASH-08;2026-07-29 19:02:35;SKU-005;3;5000;1000;CARD
REC-20260729-STORE_03-0372;STORE_03;CASH-02;2026-07-29 14:52:37;SKU-011;4;5000;0;CARD
REC-20260729-STORE_03-0372;STORE_03;CASH-05;2026-07-29 14:52:37;SKU-002;1;12000;500;CARD
REC-20260729-STORE_03-0372;STORE_03;CASH-06;2026-07-29 14:52:37;SKU-009;2;25000;1000;CASH
REC-20260729-STORE_03-0373;STORE_03;CASH-03;2026-07-29 10:29:23;SKU-011;3;5000;0;CARD
REC-20260729-STORE_03-0373;STORE_03;CASH-01;2026-07-29 10:29:23;SKU-010;1;25000;0;CARD
REC-20260729-STORE_03-0373;STORE_03;CASH-01;2026-07-29 10:29:23;SKU-018;1;5000;0;CARD
REC-20260729-STORE_03-0373;STORE_03;CASH-06;2026-07-29 10:29:23;SKU-004;2;25000;0;CARD
REC-20260729-STORE_03-0373;STORE_03;CASH-03;2026-07-29 10:29:23;SKU-006;2;45000;0;CARD
REC-20260729-STORE_03-0374;STORE_03;CASH-04;2026-07-29 17:03:24;SKU-012;1;45000;0;CARD
REC-20260729-STORE_03-0374;STORE_03;CASH-10;2026-07-29 17:03:24;SKU-005;3;5000;0;CARD
REC-20260729-STORE_03-0374;STORE_03;CASH-06;2026-07-29 17:03:24;SKU-010;2;25000;1000;CASH
REC-20260729-STORE_03-0374;STORE_03;CASH-01;2026-07-29 17:03:24;SKU-011;4;5000;0;CARD
REC-20260729-STORE_03-0374;STORE_03;CASH-01;2026-07-29 17:03:24;SKU-002;1;12000;0;CARD
REC-20260729-STORE_03-0375;STORE_03;CASH-07;2026-07-29 18:50:24;SKU-025;1;5000;1000;CARD
REC-20260729-STORE_03-0375;STORE_03;CASH-05;2026-07-29 18:50:24;SKU-036;3;45000;0;CARD
REC-20260729-STORE_03-0375;STORE_03;CASH-07;2026-07-29 18:50:24;SKU-002;1;12000;500;CARD
REC-20260729-STORE_03-0375;STORE_03;CASH-01;2026-07-29 18:50:24;SKU-001;1;45000;500;CARD
REC-20260729-STORE_03-0376;STORE_03;CASH-05;2026-07-29 18:09:04;SKU-008;1;12000;0;CARD
REC-20260729-STORE_03-0376;STORE_03;CASH-06;2026-07-29 18:09:04;SKU-028;3;5000;0;CASH
REC-20260729-STORE_03-0377;STORE_03;CASH-01;2026-07-29 21:04:44;SKU-035;3;5000;500;CARD
REC-20260729-STORE_03-0377;STORE_03;CASH-02;2026-07-29 21:04:44;SKU-016;4;25000;500;CASH
REC-20260729-STORE_03-0378;STORE_03;CASH-10;2026-07-29 12:53:27;SKU-032;1;25000;500;CARD
REC-20260729-STORE_03-0379;STORE_03;CASH-07;2026-07-29 9:01:32;SKU-015;4;5000;1000;CARD
REC-20260729-STORE_03-0379;STORE_03;CASH-06;2026-07-29 9:01:32;SKU-016;4;25000;1000;CASH
REC-20260729-STORE_03-0379;STORE_03;CASH-03;2026-07-29 9:01:32;SKU-013;3;12000;1000;CASH
REC-20260729-STORE_03-0379;STORE_03;CASH-02;2026-07-29 9:01:32;SKU-001;2;45000;500;CARD
REC-20260729-STORE_03-0380;STORE_03;CASH-04;2026-07-29 13:35:02;SKU-001;3;45000;1000;CARD
REC-20260729-STORE_03-0380;STORE_03;CASH-02;2026-07-29 13:35:02;SKU-007;3;12000;0;CASH
REC-20260729-STORE_03-0381;STORE_03;CASH-03;2026-07-29 12:07:12;SKU-018;2;5000;0;CARD
REC-20260729-STORE_03-0381;STORE_03;CASH-04;2026-07-29 12:07:12;SKU-009;4;25000;1000;CARD
REC-20260729-STORE_03-0381;STORE_03;CASH-05;2026-07-29 12:07:12;SKU-004;2;25000;500;CARD
REC-20260729-STORE_03-0381;STORE_03;CASH-02;2026-07-29 12:07:12;SKU-006;4;45000;500;CARD
REC-20260729-STORE_03-0382;STORE_03;CASH-02;2026-07-29 16:20:48;SKU-003;4;45000;0;CARD
REC-20260729-STORE_03-0382;STORE_03;CASH-09;2026-07-29 16:20:48;SKU-001;1;45000;1000;CARD
REC-20260729-STORE_03-0382;STORE_03;CASH-05;2026-07-29 16:20:48;SKU-003;2;45000;0;CARD
REC-20260729-STORE_03-0383;STORE_03;CASH-02;2026-07-29 13:15:36;SKU-038;1;12000;1000;CARD
REC-20260729-STORE_03-0384;STORE_03;CASH-09;2026-07-29 11:18:25;SKU-050;4;25000;500;CARD
REC-20260729-STORE_03-0384;STORE_03;CASH-07;2026-07-29 11:18:25;SKU-004;1;25000;0;CASH
REC-20260729-STORE_03-0385;STORE_03;CASH-05;2026-07-29 15:06:52;SKU-048;1;25000;0;CARD
REC-20260729-STORE_03-0385;STORE_03;CASH-01;2026-07-29 15:06:52;SKU-012;1;45000;0;CARD
REC-20260729-STORE_03-0386;STORE_03;CASH-10;2026-07-29 13:31:43;SKU-002;2;12000;0;CARD
REC-20260729-STORE_03-0386;STORE_03;CASH-04;2026-07-29 13:31:43;SKU-021;4;5000;500;CARD
REC-20260729-STORE_03-0386;STORE_03;CASH-03;2026-07-29 13:31:43;SKU-016;3;25000;0;CARD
REC-20260729-STORE_03-0387;STORE_03;CASH-09;2026-07-29 13:20:56;SKU-004;1;25000;0;CARD
REC-20260729-STORE_03-0387;STORE_03;CASH-04;2026-07-29 13:20:56;SKU-006;3;45000;500;CARD
REC-20260729-STORE_03-0387;STORE_03;CASH-01;2026-07-29 13:20:56;SKU-001;2;45000;0;CASH
REC-20260729-STORE_03-0388;STORE_03;CASH-04;2026-07-29 11:55:11;SKU-013;1;12000;500;CARD
REC-20260729-STORE_03-0388;STORE_03;CASH-09;2026-07-29 11:55:11;SKU-009;3;25000;500;CARD
REC-20260729-STORE_03-0389;STORE_03;CASH-04;2026-07-29 20:24:15;SKU-048;4;25000;0;CASH
REC-20260729-STORE_03-0389;STORE_03;CASH-10;2026-07-29 20:24:15;SKU-025;1;5000;0;CASH
REC-20260729-STORE_03-0389;STORE_03;CASH-09;2026-07-29 20:24:15;SKU-001;2;45000;500;CARD
REC-20260729-STORE_03-0389;STORE_03;CASH-02;2026-07-29 20:24:15;SKU-001;2;45000;500;CARD
REC-20260729-STORE_03-0390;STORE_03;CASH-07;2026-07-29 12:34:51;SKU-009;3;25000;0;CARD
REC-20260729-STORE_03-0390;STORE_03;CASH-02;2026-07-29 12:34:51;SKU-042;4;5000;0;CASH
REC-20260729-STORE_03-0390;STORE_03;CASH-07;2026-07-29 12:34:51;SKU-046;2;25000;1000;CARD
REC-20260729-STORE_03-0390;STORE_03;CASH-09;2026-07-29 12:34:51;SKU-001;4;45000;0;CARD
REC-20260729-STORE_03-0391;STORE_03;CASH-09;2026-07-29 17:57:45;SKU-002;1;12000;0;CASH
REC-20260729-STORE_03-0391;STORE_03;CASH-03;2026-07-29 17:57:45;SKU-039;4;5000;0;CARD
REC-20260729-STORE_03-0391;STORE_03;CASH-02;2026-07-29 17:57:45;SKU-026;2;12000;500;CARD
REC-20260729-STORE_03-0392;STORE_03;CASH-06;2026-07-29 15:49:34;SKU-001;2;45000;1000;CARD
REC-20260729-STORE_03-0392;STORE_03;CASH-04;2026-07-29 15:49:34;SKU-001;4;45000;500;CARD
REC-20260729-STORE_03-0393;STORE_03;CASH-10;2026-07-29 16:36:00;SKU-031;1;45000;0;CARD
REC-20260729-STORE_03-0393;STORE_03;CASH-01;2026-07-29 16:36:00;SKU-001;2;45000;0;CASH
REC-20260729-STORE_03-0394;STORE_03;CASH-03;2026-07-29 19:43:09;SKU-002;3;12000;0;CARD
REC-20260729-STORE_03-0394;STORE_03;CASH-01;2026-07-29 19:43:09;SKU-002;4;12000;500;CARD
REC-20260729-STORE_03-0394;STORE_03;CASH-01;2026-07-29 19:43:09;SKU-004;1;25000;500;CARD
REC-20260729-STORE_03-0395;STORE_03;CASH-03;2026-07-29 15:10:08;SKU-001;2;45000;0;CASH
REC-20260729-STORE_03-0396;STORE_03;CASH-09;2026-07-29 16:09:33;SKU-001;2;45000;1000;CARD
REC-20260729-STORE_03-0396;STORE_03;CASH-10;2026-07-29 16:09:33;SKU-022;2;12000;0;CASH
REC-20260729-STORE_03-0396;STORE_03;CASH-01;2026-07-29 16:09:33;SKU-005;2;5000;0;CARD
REC-20260729-STORE_03-0396;STORE_03;CASH-09;2026-07-29 16:09:33;SKU-049;3;5000;1000;CARD
REC-20260729-STORE_03-0397;STORE_03;CASH-07;2026-07-29 14:57:42;SKU-035;1;5000;500;CARD
REC-20260729-STORE_03-0397;STORE_03;CASH-02;2026-07-29 14:57:42;SKU-007;4;12000;0;CASH
REC-20260729-STORE_03-0398;STORE_03;CASH-07;2026-07-29 9:29:59;SKU-026;2;12000;0;CASH
REC-20260729-STORE_03-0398;STORE_03;CASH-01;2026-07-29 9:29:59;SKU-044;2;5000;0;CASH
REC-20260729-STORE_03-0398;STORE_03;CASH-06;2026-07-29 9:29:59;SKU-010;2;25000;1000;CASH
REC-20260729-STORE_03-0399;STORE_03;CASH-06;2026-07-29 11:40:45;SKU-003;4;45000;0;CASH
REC-20260729-STORE_03-0399;STORE_03;CASH-02;2026-07-29 11:40:45;SKU-001;2;45000;0;CARD
REC-20260729-STORE_03-0399;STORE_03;CASH-05;2026-07-29 11:40:45;SKU-002;4;12000;1000;CARD
REC-20260729-STORE_03-0399;STORE_03;CASH-04;2026-07-29 11:40:45;SKU-001;1;45000;0;CASH
REC-20260729-STORE_03-0400;STORE_03;CASH-09;2026-07-29 14:36:53;SKU-020;3;12000;1000;CASH
REC-20260729-STORE_03-0401;STORE_03;CASH-06;2026-07-29 21:35:43;SKU-003;2;45000;1000;CARD
REC-20260729-STORE_03-0401;STORE_03;CASH-03;2026-07-29 21:35:43;SKU-015;2;5000;0;CASH
REC-20260729-STORE_03-0402;STORE_03;CASH-02;2026-07-29 14:06:51;SKU-043;4;25000;0;CARD
REC-20260729-STORE_03-0402;STORE_03;CASH-01;2026-07-29 14:06:51;SKU-001;1;45000;500;CASH
REC-20260729-STORE_03-0403;STORE_03;CASH-07;2026-07-29 16:05:30;SKU-019;2;25000;0;CARD
REC-20260729-STORE_03-0403;STORE_03;CASH-07;2026-07-29 16:05:30;SKU-002;4;12000;0;CARD
REC-20260729-STORE_03-0403;STORE_03;CASH-08;2026-07-29 16:05:30;SKU-011;2;5000;0;CARD
REC-20260729-STORE_03-0403;STORE_03;CASH-03;2026-07-29 16:05:30;SKU-001;1;45000;0;CARD
REC-20260729-STORE_03-0404;STORE_03;CASH-09;2026-07-29 11:57:28;SKU-001;3;45000;0;CARD
REC-20260729-STORE_03-0405;STORE_03;CASH-06;2026-07-29 19:28:53;SKU-019;2;25000;0;CARD
REC-20260729-STORE_03-0405;STORE_03;CASH-01;2026-07-29 19:28:53;SKU-007;3;12000;500;CASH
REC-20260729-STORE_03-0405;STORE_03;CASH-04;2026-07-29 19:28:53;SKU-042;2;5000;0;CARD
REC-20260729-STORE_03-0405;STORE_03;CASH-10;2026-07-29 19:28:53;SKU-002;3;12000;1000;CARD
REC-20260729-STORE_03-0406;STORE_03;CASH-09;2026-07-29 16:54:36;SKU-025;2;5000;0;CASH
REC-20260729-STORE_03-0406;STORE_03;CASH-05;2026-07-29 16:54:36;SKU-014;2;5000;0;CASH
REC-20260729-STORE_03-0406;STORE_03;CASH-05;2026-07-29 16:54:36;SKU-001;2;45000;0;CARD
REC-20260729-STORE_03-0406;STORE_03;CASH-04;2026-07-29 16:54:36;SKU-028;1;5000;0;CARD
REC-20260729-STORE_03-0406;STORE_03;CASH-10;2026-07-29 16:54:36;SKU-009;1;25000;1000;CARD
REC-20260729-STORE_03-0407;STORE_03;CASH-07;2026-07-29 14:52:46;SKU-021;3;5000;0;CARD
REC-20260729-STORE_03-0407;STORE_03;CASH-06;2026-07-29 14:52:46;SKU-010;3;25000;0;CARD
REC-20260729-STORE_03-0407;STORE_03;CASH-02;2026-07-29 14:52:46;SKU-026;1;12000;500;CARD
REC-20260729-STORE_03-0407;STORE_03;CASH-03;2026-07-29 14:52:46;SKU-034;2;25000;500;CARD
REC-20260729-STORE_03-0408;STORE_03;CASH-08;2026-07-29 21:56:32;SKU-036;1;45000;1000;CARD
REC-20260729-STORE_03-0408;STORE_03;CASH-06;2026-07-29 21:56:32;SKU-001;2;45000;0;CASH
REC-20260729-STORE_03-0408;STORE_03;CASH-10;2026-07-29 21:56:32;SKU-003;1;45000;0;CASH
REC-20260729-STORE_03-0408;STORE_03;CASH-01;2026-07-29 21:56:32;SKU-007;2;12000;0;CARD
REC-20260729-STORE_03-0408;STORE_03;CASH-08;2026-07-29 21:56:32;SKU-008;3;12000;500;CARD
REC-20260729-STORE_03-0409;STORE_03;CASH-03;2026-07-29 19:35:22;SKU-004;4;25000;0;CARD
REC-20260729-STORE_03-0409;STORE_03;CASH-06;2026-07-29 19:35:22;SKU-009;3;25000;500;CARD
REC-20260729-STORE_03-0410;STORE_03;CASH-04;2026-07-29 15:45:41;SKU-032;4;25000;500;CARD
REC-20260729-STORE_03-0410;STORE_03;CASH-01;2026-07-29 15:45:41;SKU-001;2;45000;0;CARD
REC-20260729-STORE_03-0410;STORE_03;CASH-05;2026-07-29 15:45:41;SKU-045;3;45000;0;CARD
REC-20260729-STORE_03-0411;STORE_03;CASH-08;2026-07-29 16:31:42;SKU-042;1;5000;500;CARD
REC-20260729-STORE_03-0411;STORE_03;CASH-09;2026-07-29 16:31:42;SKU-038;1;12000;0;CASH
REC-20260729-STORE_03-0411;STORE_03;CASH-02;2026-07-29 16:31:42;SKU-040;3;25000;0;CARD
REC-20260729-STORE_03-0412;STORE_03;CASH-09;2026-07-29 10:42:16;SKU-005;2;5000;500;CARD
REC-20260729-STORE_03-0412;STORE_03;CASH-09;2026-07-29 10:42:16;SKU-032;3;25000;0;CASH
REC-20260729-STORE_03-0413;STORE_03;CASH-03;2026-07-29 8:41:33;SKU-001;4;45000;500;CASH
REC-20260729-STORE_03-0413;STORE_03;CASH-07;2026-07-29 8:41:33;SKU-002;1;12000;0;CASH
REC-20260729-STORE_03-0413;STORE_03;CASH-06;2026-07-29 8:41:33;SKU-005;4;5000;0;CARD
REC-20260729-STORE_03-0414;STORE_03;CASH-01;2026-07-29 8:39:48;SKU-005;4;5000;0;CARD
REC-20260729-STORE_03-0414;STORE_03;CASH-08;2026-07-29 8:39:48;SKU-012;2;45000;0;CARD
REC-20260729-STORE_03-0414;STORE_03;CASH-10;2026-07-29 8:39:48;SKU-001;4;45000;0;CARD
REC-20260729-STORE_03-0415;STORE_03;CASH-02;2026-07-29 11:20:42;SKU-001;3;45000;0;CARD
REC-20260729-STORE_03-0416;STORE_03;CASH-10;2026-07-29 19:04:05;SKU-003;2;45000;500;CARD
REC-20260729-STORE_03-0416;STORE_03;CASH-06;2026-07-29 19:04:05;SKU-002;2;12000;500;CARD
REC-20260729-STORE_03-0417;STORE_03;CASH-09;2026-07-29 12:22:26;SKU-027;3;5000;500;CARD
REC-20260729-STORE_03-0417;STORE_03;CASH-04;2026-07-29 12:22:26;SKU-001;4;45000;1000;CARD
REC-20260729-STORE_03-0417;STORE_03;CASH-01;2026-07-29 12:22:26;SKU-011;3;5000;0;CASH
REC-20260729-STORE_03-0418;STORE_03;CASH-09;2026-07-29 19:01:21;SKU-013;3;12000;0;CASH
REC-20260729-STORE_03-0418;STORE_03;CASH-05;2026-07-29 19:01:21;SKU-004;3;25000;0;CARD
REC-20260729-STORE_03-0418;STORE_03;CASH-08;2026-07-29 19:01:21;SKU-004;4;25000;1000;CARD
REC-20260729-STORE_03-0419;STORE_03;CASH-07;2026-07-29 21:09:10;SKU-020;4;12000;0;CARD
REC-20260729-STORE_03-0419;STORE_03;CASH-10;2026-07-29 21:09:10;SKU-028;4;5000;0;CASH
REC-20260729-STORE_03-0419;STORE_03;CASH-09;2026-07-29 21:09:10;SKU-001;2;45000;0;CARD
REC-20260729-STORE_03-0420;STORE_03;CASH-06;2026-07-29 12:25:32;SKU-001;4;45000;1000;CASH
REC-20260729-STORE_03-0420;STORE_03;CASH-05;2026-07-29 12:25:32;SKU-011;3;5000;0;CARD
REC-20260729-STORE_03-0420;STORE_03;CASH-05;2026-07-29 12:25:32;SKU-001;2;45000;0;CASH
REC-20260729-STORE_03-0420;STORE_03;CASH-08;2026-07-29 12:25:32;SKU-035;1;5000;0;CARD
REC-20260729-STORE_03-0420;STORE_03;CASH-10;2026-07-29 12:25:32;SKU-001;3;45000;500;CASH
REC-20260729-STORE_03-0421;STORE_03;CASH-08;2026-07-29 8:57:11;SKU-026;1;12000;0;CARD
REC-20260729-STORE_03-0422;STORE_03;CASH-10;2026-07-29 10:08:26;SKU-001;4;45000;0;CARD
REC-20260729-STORE_03-0423;STORE_03;CASH-07;2026-07-29 14:50:26;SKU-007;2;12000;0;CARD
REC-20260729-STORE_03-0423;STORE_03;CASH-09;2026-07-29 14:50:26;SKU-001;4;45000;0;CASH
REC-20260729-STORE_03-0423;STORE_03;CASH-06;2026-07-29 14:50:26;SKU-005;1;5000;0;CARD
REC-20260729-STORE_03-0424;STORE_03;CASH-06;2026-07-29 11:07:05;SKU-041;4;25000;0;CARD
REC-20260729-STORE_03-0425;STORE_03;CASH-07;2026-07-29 18:23:57;SKU-006;4;45000;0;CASH
REC-20260729-STORE_03-0425;STORE_03;CASH-07;2026-07-29 18:23:57;SKU-001;3;45000;0;CARD
REC-20260729-STORE_03-0426;STORE_03;CASH-09;2026-07-29 16:01:16;SKU-008;3;12000;0;CASH
REC-20260729-STORE_03-0426;STORE_03;CASH-06;2026-07-29 16:01:16;SKU-045;2;45000;0;CASH
REC-20260729-STORE_03-0427;STORE_03;CASH-10;2026-07-29 14:02:33;SKU-001;3;45000;0;CARD
REC-20260729-STORE_03-0427;STORE_03;CASH-02;2026-07-29 14:02:33;SKU-005;4;5000;0;CARD
REC-20260729-STORE_03-0428;STORE_03;CASH-02;2026-07-29 8:16:09;SKU-001;1;45000;0;CASH
REC-20260729-STORE_03-0428;STORE_03;CASH-02;2026-07-29 8:16:09;SKU-001;2;45000;0;CASH
REC-20260729-STORE_03-0428;STORE_03;CASH-02;2026-07-29 8:16:09;SKU-002;1;12000;0;CARD
REC-20260729-STORE_03-0428;STORE_03;CASH-04;2026-07-29 8:16:09;SKU-003;2;45000;0;CASH
REC-20260729-STORE_03-0429;STORE_03;CASH-10;2026-07-29 8:59:41;SKU-004;3;25000;500;CASH
REC-20260729-STORE_03-0429;STORE_03;CASH-03;2026-07-29 8:59:41;SKU-003;1;45000;0;CARD
REC-20260729-STORE_03-0430;STORE_03;CASH-02;2026-07-29 8:41:55;SKU-004;2;25000;0;CARD
REC-20260729-STORE_03-0431;STORE_03;CASH-07;2026-07-29 8:58:25;SKU-001;2;45000;0;CASH
REC-20260729-STORE_03-0431;STORE_03;CASH-01;2026-07-29 8:58:25;SKU-010;2;25000;0;CARD
REC-20260729-STORE_03-0431;STORE_03;CASH-05;2026-07-29 8:58:25;SKU-030;4;45000;1000;CARD
REC-20260729-STORE_03-0431;STORE_03;CASH-10;2026-07-29 8:58:25;SKU-001;3;45000;0;CARD
REC-20260729-STORE_03-0431;STORE_03;CASH-05;2026-07-29 8:58:25;SKU-001;3;45000;1000;CARD
REC-20260729-STORE_03-0432;STORE_03;CASH-08;2026-07-29 9:40:59;SKU-004;4;25000;500;CARD
REC-20260729-STORE_03-0432;STORE_03;CASH-05;2026-07-29 9:40:59;SKU-003;3;45000;0;CASH
REC-20260729-STORE_03-0432;STORE_03;CASH-01;2026-07-29 9:40:59;SKU-001;3;45000;0;CASH
REC-20260729-STORE_03-0432;STORE_03;CASH-10;2026-07-29 9:40:59;SKU-004;1;25000;500;CARD
REC-20260729-STORE_03-0432;STORE_03;CASH-01;2026-07-29 9:40:59;SKU-003;3;45000;0;CARD
REC-20260729-STORE_03-0433;STORE_03;CASH-08;2026-07-29 15:12:09;SKU-009;1;25000;500;CARD
REC-20260729-STORE_03-0434;STORE_03;CASH-09;2026-07-29 11:14:58;SKU-015;2;5000;0;CASH
REC-20260729-STORE_03-0434;STORE_03;CASH-01;2026-07-29 11:14:58;SKU-009;2;25000;0;CARD
REC-20260729-STORE_03-0434;STORE_03;CASH-01;2026-07-29 11:14:58;SKU-002;1;12000;0;CARD
REC-20260729-STORE_03-0435;STORE_03;CASH-03;2026-07-29 12:25:24;SKU-011;1;5000;500;CARD
REC-20260729-STORE_03-0436;STORE_03;CASH-05;2026-07-29 17:44:34;SKU-001;4;45000;0;CARD
REC-20260729-STORE_03-0436;STORE_03;CASH-02;2026-07-29 17:44:34;SKU-024;4;12000;1000;CASH
REC-20260729-STORE_03-0436;STORE_03;CASH-10;2026-07-29 17:44:34;SKU-020;1;12000;1000;CASH
REC-20260729-STORE_03-0436;STORE_03;CASH-04;2026-07-29 17:44:34;SKU-001;1;45000;0;CARD
REC-20260729-STORE_03-0437;STORE_03;CASH-07;2026-07-29 15:39:23;SKU-007;1;12000;500;CARD
REC-20260729-STORE_03-0438;STORE_03;CASH-03;2026-07-29 21:04:05;SKU-005;1;5000;1000;CARD
REC-20260729-STORE_03-0439;STORE_03;CASH-03;2026-07-29 10:01:12;SKU-001;1;45000;500;CARD
REC-20260729-STORE_03-0440;STORE_03;CASH-01;2026-07-29 19:36:05;SKU-001;1;45000;500;CARD
REC-20260729-STORE_03-0440;STORE_03;CASH-01;2026-07-29 19:36:05;SKU-035;1;5000;0;CASH
REC-20260729-STORE_03-0440;STORE_03;CASH-10;2026-07-29 19:36:05;SKU-001;4;45000;0;CARD
REC-20260729-STORE_03-0441;STORE_03;CASH-04;2026-07-29 20:36:00;SKU-001;3;45000;0;CARD
REC-20260729-STORE_03-0441;STORE_03;CASH-04;2026-07-29 20:36:00;SKU-015;1;5000;0;CARD
REC-20260729-STORE_03-0441;STORE_03;CASH-06;2026-07-29 20:36:00;SKU-018;1;5000;1000;CARD
REC-20260729-STORE_03-0441;STORE_03;CASH-08;2026-07-29 20:36:00;SKU-018;2;5000;0;CASH
REC-20260729-STORE_03-0441;STORE_03;CASH-05;2026-07-29 20:36:00;SKU-003;1;45000;0;CASH
REC-20260729-STORE_03-0442;STORE_03;CASH-09;2026-07-29 20:27:06;SKU-019;4;25000;0;CARD
REC-20260729-STORE_03-0443;STORE_03;CASH-06;2026-07-29 16:16:17;SKU-003;3;45000;1000;CARD
REC-20260729-STORE_03-0443;STORE_03;CASH-08;2026-07-29 16:16:17;SKU-004;3;25000;0;CARD
REC-20260729-STORE_03-0443;STORE_03;CASH-04;2026-07-29 16:16:17;SKU-009;2;25000;1000;CARD
REC-20260729-STORE_03-0444;STORE_03;CASH-10;2026-07-29 21:24:30;SKU-019;4;25000;0;CASH
REC-20260729-STORE_03-0444;STORE_03;CASH-10;2026-07-29 21:24:30;SKU-003;4;45000;0;CARD
REC-20260729-STORE_03-0444;STORE_03;CASH-05;2026-07-29 21:24:30;SKU-001;1;45000;0;CASH
REC-20260729-STORE_03-0444;STORE_03;CASH-05;2026-07-29 21:24:30;SKU-001;1;45000;1000;CARD
REC-20260729-STORE_03-0445;STORE_03;CASH-06;2026-07-29 10:37:29;SKU-044;4;5000;0;CARD
REC-20260729-STORE_03-0446;STORE_03;CASH-05;2026-07-29 18:31:05;SKU-001;1;45000;0;CARD
REC-20260729-STORE_03-0447;STORE_03;CASH-05;2026-07-29 18:10:20;SKU-005;2;5000;0;CARD
REC-20260729-STORE_03-0447;STORE_03;CASH-10;2026-07-29 18:10:20;SKU-001;4;45000;0;CARD
REC-20260729-STORE_03-0447;STORE_03;CASH-06;2026-07-29 18:10:20;SKU-001;2;45000;0;CARD
REC-20260729-STORE_03-0447;STORE_03;CASH-08;2026-07-29 18:10:20;SKU-033;3;5000;500;CARD
REC-20260729-STORE_03-0447;STORE_03;CASH-05;2026-07-29 18:10:20;SKU-001;3;45000;0;CASH
REC-20260729-STORE_03-0448;STORE_03;CASH-05;2026-07-29 10:55:16;SKU-001;3;45000;1000;CASH
REC-20260729-STORE_03-0448;STORE_03;CASH-06;2026-07-29 10:55:16;SKU-001;1;45000;500;CARD
REC-20260729-STORE_03-0448;STORE_03;CASH-02;2026-07-29 10:55:16;SKU-018;3;5000;500;CASH
REC-20260729-STORE_03-0448;STORE_03;CASH-02;2026-07-29 10:55:16;SKU-044;1;5000;500;CASH
REC-20260729-STORE_03-0448;STORE_03;CASH-05;2026-07-29 10:55:16;SKU-001;3;45000;0;CARD
REC-20260729-STORE_03-0449;STORE_03;CASH-04;2026-07-29 21:13:49;SKU-003;4;45000;0;CARD
REC-20260729-STORE_03-0450;STORE_03;CASH-06;2026-07-29 21:41:57;SKU-001;1;45000;0;CARD
REC-20260729-STORE_03-0450;STORE_03;CASH-09;2026-07-29 21:41:57;SKU-003;3;45000;0;CARD
REC-20260729-STORE_03-0450;STORE_03;CASH-04;2026-07-29 21:41:57;SKU-010;2;25000;0;CASH
REC-20260729-STORE_03-0451;STORE_03;CASH-10;2026-07-29 19:49:28;SKU-041;2;25000;0;CARD
REC-20260729-STORE_03-0451;STORE_03;CASH-03;2026-07-29 19:49:28;SKU-002;2;12000;0;CARD
REC-20260729-STORE_03-0451;STORE_03;CASH-06;2026-07-29 19:49:28;SKU-002;4;12000;1000;CARD
REC-20260729-STORE_03-0451;STORE_03;CASH-02;2026-07-29 19:49:28;SKU-013;4;12000;1000;CARD
REC-20260729-STORE_03-0451;STORE_03;CASH-08;2026-07-29 19:49:28;SKU-005;2;5000;0;CASH
REC-20260729-STORE_03-0452;STORE_03;CASH-02;2026-07-29 17:15:46;SKU-005;1;5000;1000;CARD
REC-20260729-STORE_03-0452;STORE_03;CASH-06;2026-07-29 17:15:46;SKU-006;3;45000;0;CARD
REC-20260729-STORE_03-0452;STORE_03;CASH-07;2026-07-29 17:15:46;SKU-011;1;5000;1000;CARD
REC-20260729-STORE_03-0452;STORE_03;CASH-07;2026-07-29 17:15:46;SKU-001;1;45000;0;CARD
REC-20260729-STORE_03-0452;STORE_03;CASH-01;2026-07-29 17:15:46;SKU-001;3;45000;0;CARD
REC-20260729-STORE_03-0453;STORE_03;CASH-02;2026-07-29 19:49:06;SKU-002;4;12000;500;CARD
REC-20260729-STORE_03-0453;STORE_03;CASH-06;2026-07-29 19:49:06;SKU-050;2;25000;500;CARD
REC-20260729-STORE_03-0453;STORE_03;CASH-01;2026-07-29 19:49:06;SKU-001;3;45000;500;CASH
REC-20260729-STORE_03-0453;STORE_03;CASH-09;2026-07-29 19:49:06;SKU-008;4;12000;0;CARD
REC-20260729-STORE_03-0454;STORE_03;CASH-02;2026-07-29 15:31:38;SKU-003;3;45000;0;CARD
REC-20260729-STORE_03-0454;STORE_03;CASH-04;2026-07-29 15:31:38;SKU-050;1;25000;0;CARD
REC-20260729-STORE_03-0454;STORE_03;CASH-03;2026-07-29 15:31:38;SKU-042;1;5000;0;CARD
REC-20260729-STORE_03-0454;STORE_03;CASH-07;2026-07-29 15:31:38;SKU-001;2;45000;1000;CARD
REC-20260729-STORE_03-0454;STORE_03;CASH-06;2026-07-29 15:31:38;SKU-036;1;45000;0;CARD
REC-20260729-STORE_03-0455;STORE_03;CASH-07;2026-07-29 8:34:06;SKU-002;1;12000;0;CASH
REC-20260729-STORE_03-0455;STORE_03;CASH-04;2026-07-29 8:34:06;SKU-032;4;25000;0;CASH
REC-20260729-STORE_03-0455;STORE_03;CASH-03;2026-07-29 8:34:06;SKU-047;1;5000;500;CARD
REC-20260729-STORE_03-0455;STORE_03;CASH-10;2026-07-29 8:34:06;SKU-002;2;12000;0;CARD
REC-20260729-STORE_03-0456;STORE_03;CASH-05;2026-07-29 15:18:18;SKU-024;2;12000;0;CARD
REC-20260729-STORE_03-0456;STORE_03;CASH-02;2026-07-29 15:18:18;SKU-002;2;12000;500;CASH
REC-20260729-STORE_03-0456;STORE_03;CASH-09;2026-07-29 15:18:18;SKU-006;1;45000;1000;CARD
REC-20260729-STORE_03-0456;STORE_03;CASH-01;2026-07-29 15:18:18;SKU-003;3;45000;1000;CARD
REC-20260729-STORE_03-0456;STORE_03;CASH-09;2026-07-29 15:18:18;SKU-001;3;45000;0;CASH
REC-20260729-STORE_03-0457;STORE_03;CASH-07;2026-07-29 19:48:09;SKU-013;3;12000;1000;CASH
REC-20260729-STORE_03-0457;STORE_03;CASH-08;2026-07-29 19:48:09;SKU-010;2;25000;1000;CASH
REC-20260729-STORE_03-0457;STORE_03;CASH-10;2026-07-29 19:48:09;SKU-017;3;12000;500;CARD
REC-20260729-STORE_03-0457;STORE_03;CASH-07;2026-07-29 19:48:09;SKU-003;4;45000;1000;CASH
REC-20260729-STORE_03-0458;STORE_03;CASH-07;2026-07-29 13:29:56;SKU-014;2;5000;500;CASH
REC-20260729-STORE_03-0458;STORE_03;CASH-01;2026-07-29 13:29:56;SKU-001;4;45000;1000;CASH
REC-20260729-STORE_03-0459;STORE_03;CASH-04;2026-07-29 13:25:09;SKU-011;1;5000;0;CASH
REC-20260729-STORE_03-0459;STORE_03;CASH-02;2026-07-29 13:25:09;SKU-029;3;5000;1000;CARD
REC-20260729-STORE_03-0459;STORE_03;CASH-08;2026-07-29 13:25:09;SKU-011;3;5000;500;CASH
REC-20260729-STORE_03-0460;STORE_03;CASH-06;2026-07-29 14:01:08;SKU-012;4;45000;0;CARD
REC-20260729-STORE_03-0460;STORE_03;CASH-08;2026-07-29 14:01:08;SKU-013;2;12000;500;CARD
REC-20260729-STORE_03-0460;STORE_03;CASH-07;2026-07-29 14:01:08;SKU-012;2;45000;0;CASH
REC-20260729-STORE_03-0461;STORE_03;CASH-04;2026-07-29 15:45:48;SKU-006;4;45000;0;CARD
REC-20260729-STORE_03-0461;STORE_03;CASH-05;2026-07-29 15:45:48;SKU-003;1;45000;0;CARD
REC-20260729-STORE_03-0461;STORE_03;CASH-04;2026-07-29 15:45:48;SKU-005;1;5000;500;CARD
REC-20260729-STORE_03-0461;STORE_03;CASH-03;2026-07-29 15:45:48;SKU-006;2;45000;500;CARD
REC-20260729-STORE_03-0461;STORE_03;CASH-05;2026-07-29 15:45:48;SKU-025;3;5000;0;CARD
REC-20260729-STORE_03-0462;STORE_03;CASH-06;2026-07-29 11:12:30;SKU-030;3;45000;0;CARD
REC-20260729-STORE_03-0462;STORE_03;CASH-10;2026-07-29 11:12:30;SKU-004;4;25000;0;CASH
REC-20260729-STORE_03-0462;STORE_03;CASH-08;2026-07-29 11:12:30;SKU-010;3;25000;1000;CARD
REC-20260729-STORE_03-0462;STORE_03;CASH-03;2026-07-29 11:12:30;SKU-003;4;45000;0;CASH
REC-20260729-STORE_03-0462;STORE_03;CASH-08;2026-07-29 11:12:30;SKU-031;1;45000;0;CARD
REC-20260729-STORE_03-0463;STORE_03;CASH-04;2026-07-29 14:22:07;SKU-001;2;45000;0;CASH
REC-20260729-STORE_03-0463;STORE_03;CASH-03;2026-07-29 14:22:07;SKU-002;1;12000;500;CARD
REC-20260729-STORE_03-0463;STORE_03;CASH-03;2026-07-29 14:22:07;SKU-022;1;12000;0;CARD
REC-20260729-STORE_03-0463;STORE_03;CASH-09;2026-07-29 14:22:07;SKU-030;3;45000;0;CARD
REC-20260729-STORE_03-0463;STORE_03;CASH-10;2026-07-29 14:22:07;SKU-001;4;45000;1000;CASH
REC-20260729-STORE_03-0464;STORE_03;CASH-06;2026-07-29 21:08:10;SKU-006;4;45000;0;CARD
REC-20260729-STORE_03-0464;STORE_03;CASH-05;2026-07-29 21:08:10;SKU-005;4;5000;1000;CARD
REC-20260729-STORE_03-0465;STORE_03;CASH-04;2026-07-29 21:36:38;SKU-009;4;25000;0;CARD
REC-20260729-STORE_03-0465;STORE_03;CASH-08;2026-07-29 21:36:38;SKU-023;3;45000;1000;CARD
REC-20260729-STORE_03-0465;STORE_03;CASH-05;2026-07-29 21:36:38;SKU-001;2;45000;0;CARD
REC-20260729-STORE_03-0466;STORE_03;CASH-10;2026-07-29 21:50:10;SKU-007;2;12000;0;CARD
REC-20260729-STORE_03-0466;STORE_03;CASH-02;2026-07-29 21:50:10;SKU-006;1;45000;1000;CARD
REC-20260729-STORE_03-0466;STORE_03;CASH-02;2026-07-29 21:50:10;SKU-003;2;45000;500;CARD
REC-20260729-STORE_03-0467;STORE_03;CASH-01;2026-07-29 20:55:48;SKU-020;2;12000;0;CASH
REC-20260729-STORE_03-0467;STORE_03;CASH-08;2026-07-29 20:55:48;SKU-001;2;45000;0;CARD
REC-20260729-STORE_03-0467;STORE_03;CASH-06;2026-07-29 20:55:48;SKU-015;2;5000;0;CARD
REC-20260729-STORE_03-0468;STORE_03;CASH-01;2026-07-29 10:10:56;SKU-028;1;5000;0;CASH
REC-20260729-STORE_03-0468;STORE_03;CASH-03;2026-07-29 10:10:56;SKU-007;1;12000;1000;CARD
REC-20260729-STORE_03-0468;STORE_03;CASH-08;2026-07-29 10:10:56;SKU-002;3;12000;0;CARD
REC-20260729-STORE_03-0468;STORE_03;CASH-04;2026-07-29 10:10:56;SKU-004;1;25000;500;CASH
REC-20260729-STORE_03-0469;STORE_03;CASH-07;2026-07-29 14:21:30;SKU-001;1;45000;0;CARD
REC-20260729-STORE_03-0469;STORE_03;CASH-05;2026-07-29 14:21:30;SKU-013;4;12000;0;CARD
REC-20260729-STORE_03-0470;STORE_03;CASH-05;2026-07-29 10:08:15;SKU-003;3;45000;0;CARD
REC-20260729-STORE_03-0471;STORE_03;CASH-06;2026-07-29 10:37:34;SKU-018;2;5000;0;CARD
REC-20260729-STORE_03-0471;STORE_03;CASH-03;2026-07-29 10:37:34;SKU-005;1;5000;0;CARD
REC-20260729-STORE_03-0471;STORE_03;CASH-10;2026-07-29 10:37:34;SKU-011;2;5000;1000;CARD
REC-20260729-STORE_03-0472;STORE_03;CASH-09;2026-07-29 12:43:24;SKU-043;4;25000;1000;CARD
REC-20260729-STORE_03-0473;STORE_03;CASH-09;2026-07-29 18:49:26;SKU-001;3;45000;0;CASH
REC-20260729-STORE_03-0473;STORE_03;CASH-06;2026-07-29 18:49:26;SKU-025;3;5000;1000;CARD
REC-20260729-STORE_03-0473;STORE_03;CASH-10;2026-07-29 18:49:26;SKU-001;4;45000;500;CASH
REC-20260729-STORE_03-0473;STORE_03;CASH-05;2026-07-29 18:49:26;SKU-007;3;12000;0;CASH
REC-20260729-STORE_03-0473;STORE_03;CASH-02;2026-07-29 18:49:26;SKU-016;1;25000;1000;CARD
REC-20260729-STORE_03-0474;STORE_03;CASH-08;2026-07-29 19:43:12;SKU-016;2;25000;0;CARD
REC-20260729-STORE_03-0474;STORE_03;CASH-06;2026-07-29 19:43:12;SKU-022;2;12000;0;CARD
REC-20260729-STORE_03-0474;STORE_03;CASH-03;2026-07-29 19:43:12;SKU-005;4;5000;0;CASH
REC-20260729-STORE_03-0474;STORE_03;CASH-04;2026-07-29 19:43:12;SKU-003;1;45000;0;CASH
REC-20260729-STORE_03-0474;STORE_03;CASH-04;2026-07-29 19:43:12;SKU-003;4;45000;1000;CARD
REC-20260729-STORE_03-0475;STORE_03;CASH-08;2026-07-29 9:12:33;SKU-009;1;25000;0;CARD
REC-20260729-STORE_03-0475;STORE_03;CASH-03;2026-07-29 9:12:33;SKU-018;2;5000;0;CASH
REC-20260729-STORE_03-0475;STORE_03;CASH-08;2026-07-29 9:12:33;SKU-004;4;25000;0;CASH
REC-20260729-STORE_03-0475;STORE_03;CASH-06;2026-07-29 9:12:33;SKU-002;1;12000;0;CARD
REC-20260729-STORE_03-0475;STORE_03;CASH-08;2026-07-29 9:12:33;SKU-018;1;5000;500;CASH
REC-20260729-STORE_03-0476;STORE_03;CASH-06;2026-07-29 9:33:29;SKU-002;1;12000;1000;CARD
REC-20260729-STORE_03-0477;STORE_03;CASH-01;2026-07-29 16:57:23;SKU-009;3;25000;1000;CARD
REC-20260729-STORE_03-0477;STORE_03;CASH-02;2026-07-29 16:57:23;SKU-001;4;45000;0;CASH
REC-20260729-STORE_03-0477;STORE_03;CASH-03;2026-07-29 16:57:23;SKU-002;1;12000;0;CASH
REC-20260729-STORE_03-0477;STORE_03;CASH-01;2026-07-29 16:57:23;SKU-016;3;25000;0;CASH
REC-20260729-STORE_03-0477;STORE_03;CASH-10;2026-07-29 16:57:23;SKU-013;2;12000;1000;CASH
REC-20260729-STORE_03-0478;STORE_03;CASH-03;2026-07-29 20:01:30;SKU-002;2;12000;500;CASH
REC-20260729-STORE_03-0478;STORE_03;CASH-09;2026-07-29 20:01:30;SKU-004;1;25000;0;CARD
REC-20260729-STORE_03-0478;STORE_03;CASH-01;2026-07-29 20:01:30;SKU-001;1;45000;0;CARD
REC-20260729-STORE_03-0478;STORE_03;CASH-03;2026-07-29 20:01:30;SKU-001;1;45000;0;CASH
REC-20260729-STORE_03-0478;STORE_03;CASH-03;2026-07-29 20:01:30;SKU-018;1;5000;0;CASH
REC-20260729-STORE_03-0479;STORE_03;CASH-01;2026-07-29 10:12:38;SKU-014;3;5000;500;CARD
REC-20260729-STORE_03-0479;STORE_03;CASH-05;2026-07-29 10:12:38;SKU-047;1;5000;0;CARD
REC-20260729-STORE_03-0479;STORE_03;CASH-07;2026-07-29 10:12:38;SKU-004;3;25000;0;CARD
REC-20260729-STORE_03-0479;STORE_03;CASH-05;2026-07-29 10:12:38;SKU-027;4;5000;1000;CARD
REC-20260729-STORE_03-0479;STORE_03;CASH-05;2026-07-29 10:12:38;SKU-041;1;25000;1000;CARD
REC-20260729-STORE_03-0480;STORE_03;CASH-09;2026-07-29 20:29:54;SKU-001;4;45000;0;CARD
REC-20260729-STORE_03-0480;STORE_03;CASH-08;2026-07-29 20:29:54;SKU-004;1;25000;500;CARD
REC-20260729-STORE_03-0480;STORE_03;CASH-02;2026-07-29 20:29:54;SKU-006;4;45000;500;CARD
REC-20260729-STORE_03-0480;STORE_03;CASH-08;2026-07-29 20:29:54;SKU-001;1;45000;0;CARD
REC-20260729-STORE_03-0481;STORE_03;CASH-10;2026-07-29 19:16:32;SKU-001;3;45000;0;CARD
REC-20260729-STORE_03-0481;STORE_03;CASH-10;2026-07-29 19:16:32;SKU-007;4;12000;0;CASH
REC-20260729-STORE_03-0481;STORE_03;CASH-03;2026-07-29 19:16:32;SKU-001;3;45000;0;CARD
REC-20260729-STORE_03-0481;STORE_03;CASH-02;2026-07-29 19:16:32;SKU-015;1;5000;1000;CARD
REC-20260729-STORE_03-0482;STORE_03;CASH-07;2026-07-29 20:25:37;SKU-014;3;5000;0;CARD
REC-20260729-STORE_03-0482;STORE_03;CASH-08;2026-07-29 20:25:37;SKU-040;4;25000;500;CARD
REC-20260729-STORE_03-0482;STORE_03;CASH-01;2026-07-29 20:25:37;SKU-001;3;45000;0;CASH
REC-20260729-STORE_03-0483;STORE_03;CASH-06;2026-07-29 11:46:21;SKU-003;3;45000;0;CARD
REC-20260729-STORE_03-0483;STORE_03;CASH-09;2026-07-29 11:46:21;SKU-003;1;45000;0;CARD
REC-20260729-STORE_03-0483;STORE_03;CASH-01;2026-07-29 11:46:21;SKU-012;1;45000;0;CASH
REC-20260729-STORE_03-0484;STORE_03;CASH-10;2026-07-29 16:42:28;SKU-012;3;45000;0;CARD
REC-20260729-STORE_03-0484;STORE_03;CASH-07;2026-07-29 16:42:28;SKU-011;4;5000;0;CASH
REC-20260729-STORE_03-0484;STORE_03;CASH-10;2026-07-29 16:42:28;SKU-001;2;45000;500;CARD
REC-20260729-STORE_03-0484;STORE_03;CASH-01;2026-07-29 16:42:28;SKU-003;2;45000;0;CARD
REC-20260729-STORE_03-0484;STORE_03;CASH-07;2026-07-29 16:42:28;SKU-009;2;25000;1000;CARD
REC-20260729-STORE_03-0485;STORE_03;CASH-08;2026-07-29 18:07:39;SKU-002;4;12000;0;CASH
REC-20260729-STORE_03-0485;STORE_03;CASH-10;2026-07-29 18:07:39;SKU-013;3;12000;0;CARD
REC-20260729-STORE_03-0485;STORE_03;CASH-05;2026-07-29 18:07:39;SKU-001;3;45000;500;CASH
REC-20260729-STORE_03-0485;STORE_03;CASH-02;2026-07-29 18:07:39;SKU-002;3;12000;1000;CASH
REC-20260729-STORE_03-0486;STORE_03;CASH-02;2026-07-29 12:56:56;SKU-023;3;45000;0;CASH
REC-20260729-STORE_03-0487;STORE_03;CASH-06;2026-07-29 14:01:22;SKU-041;1;25000;1000;CARD
REC-20260729-STORE_03-0487;STORE_03;CASH-07;2026-07-29 14:01:22;SKU-032;3;25000;0;CARD
REC-20260729-STORE_03-0487;STORE_03;CASH-05;2026-07-29 14:01:22;SKU-011;3;5000;0;CARD
REC-20260729-STORE_03-0487;STORE_03;CASH-04;2026-07-29 14:01:22;SKU-017;3;12000;500;CASH
REC-20260729-STORE_03-0487;STORE_03;CASH-07;2026-07-29 14:01:22;SKU-003;2;45000;1000;CARD
REC-20260729-STORE_03-0488;STORE_03;CASH-02;2026-07-29 8:22:47;SKU-033;1;5000;1000;CARD
REC-20260729-STORE_03-0489;STORE_03;CASH-01;2026-07-29 10:45:35;SKU-001;2;45000;0;CARD
REC-20260729-STORE_03-0489;STORE_03;CASH-04;2026-07-29 10:45:35;SKU-023;2;45000;0;CASH
REC-20260729-STORE_03-0489;STORE_03;CASH-08;2026-07-29 10:45:35;SKU-002;3;12000;500;CARD
REC-20260729-STORE_03-0490;STORE_03;CASH-09;2026-07-29 18:19:55;SKU-019;2;25000;500;CARD
REC-20260729-STORE_03-0490;STORE_03;CASH-05;2026-07-29 18:19:55;SKU-024;4;12000;0;CARD
REC-20260729-STORE_03-0491;STORE_03;CASH-04;2026-07-29 15:11:36;SKU-002;4;12000;500;CARD
REC-20260729-STORE_03-0491;STORE_03;CASH-06;2026-07-29 15:11:36;SKU-015;2;5000;0;CASH
REC-20260729-STORE_03-0491;STORE_03;CASH-01;2026-07-29 15:11:36;SKU-003;4;45000;0;CARD
REC-20260729-STORE_03-0491;STORE_03;CASH-07;2026-07-29 15:11:36;SKU-034;3;25000;0;CARD
REC-20260729-STORE_03-0491;STORE_03;CASH-02;2026-07-29 15:11:36;SKU-002;3;12000;500;CARD
REC-20260729-STORE_03-0492;STORE_03;CASH-10;2026-07-29 19:18:07;SKU-036;1;45000;1000;CARD
REC-20260729-STORE_03-0492;STORE_03;CASH-05;2026-07-29 19:18:07;SKU-006;1;45000;1000;CASH
REC-20260729-STORE_03-0493;STORE_03;CASH-04;2026-07-29 21:16:51;SKU-001;1;45000;0;CARD
REC-20260729-STORE_03-0493;STORE_03;CASH-02;2026-07-29 21:16:51;SKU-011;1;5000;0;CARD
REC-20260729-STORE_03-0493;STORE_03;CASH-08;2026-07-29 21:16:51;SKU-004;2;25000;0;CARD
REC-20260729-STORE_03-0494;STORE_03;CASH-03;2026-07-29 12:40:23;SKU-001;3;45000;1000;CARD
REC-20260729-STORE_03-0494;STORE_03;CASH-09;2026-07-29 12:40:23;SKU-014;3;5000;500;CASH
REC-20260729-STORE_03-0494;STORE_03;CASH-09;2026-07-29 12:40:23;SKU-012;4;45000;0;CASH
REC-20260729-STORE_03-0495;STORE_03;CASH-10;2026-07-29 21:50:16;SKU-003;4;45000;1000;CARD
REC-20260729-STORE_03-0495;STORE_03;CASH-03;2026-07-29 21:50:16;SKU-015;1;5000;0;CASH
REC-20260729-STORE_03-0496;STORE_03;CASH-10;2026-07-29 17:19:29;SKU-021;2;5000;0;CARD
REC-20260729-STORE_03-0496;STORE_03;CASH-04;2026-07-29 17:19:29;SKU-007;4;12000;0;CARD
REC-20260729-STORE_03-0496;STORE_03;CASH-07;2026-07-29 17:19:29;SKU-004;1;25000;0;CARD
REC-20260729-STORE_03-0496;STORE_03;CASH-03;2026-07-29 17:19:29;SKU-046;2;25000;1000;CARD
REC-20260729-STORE_03-0496;STORE_03;CASH-02;2026-07-29 17:19:29;SKU-003;4;45000;1000;CARD
REC-20260729-STORE_03-0497;STORE_03;CASH-05;2026-07-29 19:48:53;SKU-001;3;45000;0;CARD
REC-20260729-STORE_03-0498;STORE_03;CASH-01;2026-07-29 12:45:19;SKU-001;1;45000;0;CARD
REC-20260729-STORE_03-0498;STORE_03;CASH-07;2026-07-29 12:45:19;SKU-001;2;45000;0;CARD
REC-20260729-STORE_03-0498;STORE_03;CASH-10;2026-07-29 12:45:19;SKU-009;4;25000;0;CARD
REC-20260729-STORE_03-0498;STORE_03;CASH-10;2026-07-29 12:45:19;SKU-001;3;45000;1000;CASH
REC-20260729-STORE_03-0498;STORE_03;CASH-07;2026-07-29 12:45:19;SKU-001;3;45000;0;CARD
REC-20260729-STORE_03-0499;STORE_03;CASH-07;2026-07-29 10:15:23;SKU-001;1;45000;500;CASH
REC-20260729-STORE_03-0499;STORE_03;CASH-06;2026-07-29 10:15:23;SKU-006;2;45000;1000;CARD
REC-20260729-STORE_03-0500;STORE_03;CASH-01;2026-07-29 12:35:33;SKU-005;1;5000;0;CARD
REC-20260729-STORE_04-0001;STORE_04;CASH-05;2026-07-29 12:14:34;SKU-009;3;25000;500;CARD
REC-20260729-STORE_04-0001;STORE_04;CASH-03;2026-07-29 12:14:34;SKU-026;2;12000;0;CARD
REC-20260729-STORE_04-0001;STORE_04;CASH-03;2026-07-29 12:14:34;SKU-022;4;12000;1000;CARD
REC-20260729-STORE_04-0002;STORE_04;CASH-05;2026-07-29 18:46:27;SKU-024;4;12000;1000;CASH
REC-20260729-STORE_04-0002;STORE_04;CASH-01;2026-07-29 18:46:27;SKU-007;4;12000;1000;CASH
REC-20260729-STORE_04-0003;STORE_04;CASH-05;2026-07-29 8:41:48;SKU-032;3;25000;1000;CASH
REC-20260729-STORE_04-0003;STORE_04;CASH-05;2026-07-29 8:41:48;SKU-005;4;5000;500;CASH
REC-20260729-STORE_04-0003;STORE_04;CASH-06;2026-07-29 8:41:48;SKU-002;2;12000;0;CASH
REC-20260729-STORE_04-0004;STORE_04;CASH-07;2026-07-29 14:25:56;SKU-001;4;45000;0;CARD
REC-20260729-STORE_04-0004;STORE_04;CASH-02;2026-07-29 14:25:56;SKU-005;3;5000;1000;CASH
REC-20260729-STORE_04-0004;STORE_04;CASH-07;2026-07-29 14:25:56;SKU-003;1;45000;0;CARD
REC-20260729-STORE_04-0005;STORE_04;CASH-07;2026-07-29 14:42:22;SKU-004;3;25000;0;CARD
REC-20260729-STORE_04-0005;STORE_04;CASH-07;2026-07-29 14:42:22;SKU-008;3;12000;0;CARD
REC-20260729-STORE_04-0005;STORE_04;CASH-01;2026-07-29 14:42:22;SKU-022;2;12000;0;CARD
REC-20260729-STORE_04-0005;STORE_04;CASH-09;2026-07-29 14:42:22;SKU-001;4;45000;0;CARD
REC-20260729-STORE_04-0006;STORE_04;CASH-09;2026-07-29 17:08:09;SKU-017;4;12000;0;CARD
REC-20260729-STORE_04-0006;STORE_04;CASH-01;2026-07-29 17:08:09;SKU-012;3;45000;0;CARD
REC-20260729-STORE_04-0007;STORE_04;CASH-02;2026-07-29 17:26:30;SKU-002;2;12000;0;CASH
REC-20260729-STORE_04-0007;STORE_04;CASH-09;2026-07-29 17:26:30;SKU-037;2;45000;0;CARD
REC-20260729-STORE_04-0007;STORE_04;CASH-09;2026-07-29 17:26:30;SKU-003;4;45000;1000;CARD
REC-20260729-STORE_04-0007;STORE_04;CASH-09;2026-07-29 17:26:30;SKU-021;3;5000;500;CARD
REC-20260729-STORE_04-0008;STORE_04;CASH-03;2026-07-29 21:47:31;SKU-007;4;12000;1000;CARD
REC-20260729-STORE_04-0008;STORE_04;CASH-08;2026-07-29 21:47:31;SKU-002;4;12000;0;CASH
REC-20260729-STORE_04-0008;STORE_04;CASH-09;2026-07-29 21:47:31;SKU-007;3;12000;0;CARD
REC-20260729-STORE_04-0009;STORE_04;CASH-10;2026-07-29 20:26:37;SKU-015;1;5000;500;CASH
REC-20260729-STORE_04-0010;STORE_04;CASH-04;2026-07-29 21:02:20;SKU-009;2;25000;0;CASH
REC-20260729-STORE_04-0011;STORE_04;CASH-03;2026-07-29 8:53:02;SKU-001;2;45000;0;CARD
REC-20260729-STORE_04-0011;STORE_04;CASH-04;2026-07-29 8:53:02;SKU-002;1;12000;500;CASH
REC-20260729-STORE_04-0011;STORE_04;CASH-04;2026-07-29 8:53:02;SKU-001;4;45000;1000;CARD
REC-20260729-STORE_04-0012;STORE_04;CASH-06;2026-07-29 14:31:04;SKU-001;1;45000;0;CARD
REC-20260729-STORE_04-0012;STORE_04;CASH-06;2026-07-29 14:31:04;SKU-006;2;45000;500;CARD
REC-20260729-STORE_04-0012;STORE_04;CASH-09;2026-07-29 14:31:04;SKU-003;2;45000;0;CASH
REC-20260729-STORE_04-0012;STORE_04;CASH-02;2026-07-29 14:31:04;SKU-026;2;12000;0;CASH
REC-20260729-STORE_04-0012;STORE_04;CASH-02;2026-07-29 14:31:04;SKU-015;1;5000;0;CARD
REC-20260729-STORE_04-0013;STORE_04;CASH-03;2026-07-29 19:21:47;SKU-004;1;25000;1000;CARD
REC-20260729-STORE_04-0013;STORE_04;CASH-07;2026-07-29 19:21:47;SKU-029;1;5000;0;CARD
REC-20260729-STORE_04-0014;STORE_04;CASH-08;2026-07-29 9:06:50;SKU-020;2;12000;1000;CARD
REC-20260729-STORE_04-0015;STORE_04;CASH-04;2026-07-29 12:39:19;SKU-035;4;5000;0;CARD
REC-20260729-STORE_04-0015;STORE_04;CASH-10;2026-07-29 12:39:19;SKU-004;3;25000;1000;CARD
REC-20260729-STORE_04-0015;STORE_04;CASH-08;2026-07-29 12:39:19;SKU-035;3;5000;0;CASH
REC-20260729-STORE_04-0015;STORE_04;CASH-05;2026-07-29 12:39:19;SKU-002;1;12000;0;CARD
REC-20260729-STORE_04-0016;STORE_04;CASH-08;2026-07-29 16:08:15;SKU-002;4;12000;0;CASH
REC-20260729-STORE_04-0016;STORE_04;CASH-04;2026-07-29 16:08:15;SKU-003;3;45000;500;CARD
REC-20260729-STORE_04-0016;STORE_04;CASH-08;2026-07-29 16:08:15;SKU-009;2;25000;0;CARD
REC-20260729-STORE_04-0017;STORE_04;CASH-04;2026-07-29 14:02:21;SKU-005;3;5000;0;CARD
REC-20260729-STORE_04-0017;STORE_04;CASH-04;2026-07-29 14:02:21;SKU-016;2;25000;500;CASH
REC-20260729-STORE_04-0018;STORE_04;CASH-06;2026-07-29 19:14:04;SKU-005;2;5000;1000;CASH
REC-20260729-STORE_04-0018;STORE_04;CASH-10;2026-07-29 19:14:04;SKU-001;3;45000;1000;CARD
REC-20260729-STORE_04-0018;STORE_04;CASH-02;2026-07-29 19:14:04;SKU-024;2;12000;0;CARD
REC-20260729-STORE_04-0019;STORE_04;CASH-08;2026-07-29 10:45:13;SKU-041;1;25000;500;CASH
REC-20260729-STORE_04-0019;STORE_04;CASH-02;2026-07-29 10:45:13;SKU-001;3;45000;0;CARD
REC-20260729-STORE_04-0020;STORE_04;CASH-06;2026-07-29 9:26:03;SKU-008;3;12000;0;CASH
REC-20260729-STORE_04-0021;STORE_04;CASH-06;2026-07-29 14:36:36;SKU-025;2;5000;0;CASH
REC-20260729-STORE_04-0022;STORE_04;CASH-07;2026-07-29 21:46:13;SKU-001;4;45000;0;CARD
REC-20260729-STORE_04-0022;STORE_04;CASH-04;2026-07-29 21:46:13;SKU-022;2;12000;500;CARD
REC-20260729-STORE_04-0022;STORE_04;CASH-09;2026-07-29 21:46:13;SKU-001;4;45000;1000;CARD
REC-20260729-STORE_04-0022;STORE_04;CASH-06;2026-07-29 21:46:13;SKU-008;3;12000;500;CARD
REC-20260729-STORE_04-0023;STORE_04;CASH-06;2026-07-29 10:50:06;SKU-003;3;45000;500;CARD
REC-20260729-STORE_04-0023;STORE_04;CASH-09;2026-07-29 10:50:06;SKU-010;3;25000;0;CASH
REC-20260729-STORE_04-0024;STORE_04;CASH-01;2026-07-29 18:10:45;SKU-012;1;45000;0;CARD
REC-20260729-STORE_04-0024;STORE_04;CASH-09;2026-07-29 18:10:45;SKU-001;3;45000;500;CASH
REC-20260729-STORE_04-0024;STORE_04;CASH-08;2026-07-29 18:10:45;SKU-016;4;25000;0;CARD
REC-20260729-STORE_04-0024;STORE_04;CASH-10;2026-07-29 18:10:45;SKU-008;4;12000;0;CARD
REC-20260729-STORE_04-0025;STORE_04;CASH-08;2026-07-29 20:34:47;SKU-002;2;12000;0;CARD
REC-20260729-STORE_04-0025;STORE_04;CASH-10;2026-07-29 20:34:47;SKU-001;4;45000;0;CARD
REC-20260729-STORE_04-0025;STORE_04;CASH-06;2026-07-29 20:34:47;SKU-005;2;5000;500;CARD
REC-20260729-STORE_04-0025;STORE_04;CASH-09;2026-07-29 20:34:47;SKU-003;2;45000;0;CARD
REC-20260729-STORE_04-0026;STORE_04;CASH-10;2026-07-29 13:37:42;SKU-033;1;5000;500;CARD
REC-20260729-STORE_04-0026;STORE_04;CASH-02;2026-07-29 13:37:42;SKU-003;1;45000;0;CASH
REC-20260729-STORE_04-0026;STORE_04;CASH-10;2026-07-29 13:37:42;SKU-003;3;45000;500;CARD
REC-20260729-STORE_04-0027;STORE_04;CASH-04;2026-07-29 8:50:32;SKU-027;3;5000;0;CARD
REC-20260729-STORE_04-0027;STORE_04;CASH-07;2026-07-29 8:50:32;SKU-012;1;45000;1000;CARD
REC-20260729-STORE_04-0027;STORE_04;CASH-02;2026-07-29 8:50:32;SKU-020;3;12000;0;CASH
REC-20260729-STORE_04-0028;STORE_04;CASH-05;2026-07-29 14:51:08;SKU-002;1;12000;0;CARD
REC-20260729-STORE_04-0028;STORE_04;CASH-04;2026-07-29 14:51:08;SKU-001;3;45000;0;CASH
REC-20260729-STORE_04-0028;STORE_04;CASH-05;2026-07-29 14:51:08;SKU-006;4;45000;0;CARD
REC-20260729-STORE_04-0029;STORE_04;CASH-02;2026-07-29 13:35:32;SKU-003;3;45000;500;CASH
REC-20260729-STORE_04-0029;STORE_04;CASH-01;2026-07-29 13:35:32;SKU-011;4;5000;500;CARD
REC-20260729-STORE_04-0030;STORE_04;CASH-08;2026-07-29 19:14:00;SKU-003;4;45000;0;CARD
REC-20260729-STORE_04-0031;STORE_04;CASH-09;2026-07-29 15:16:56;SKU-015;2;5000;500;CASH
REC-20260729-STORE_04-0031;STORE_04;CASH-05;2026-07-29 15:16:56;SKU-001;1;45000;0;CASH
REC-20260729-STORE_04-0032;STORE_04;CASH-03;2026-07-29 14:50:24;SKU-001;3;45000;0;CARD
REC-20260729-STORE_04-0032;STORE_04;CASH-09;2026-07-29 14:50:24;SKU-007;3;12000;0;CASH
REC-20260729-STORE_04-0032;STORE_04;CASH-06;2026-07-29 14:50:24;SKU-010;2;25000;1000;CARD
REC-20260729-STORE_04-0032;STORE_04;CASH-10;2026-07-29 14:50:24;SKU-001;1;45000;0;CARD
REC-20260729-STORE_04-0032;STORE_04;CASH-02;2026-07-29 14:50:24;SKU-001;4;45000;1000;CARD
REC-20260729-STORE_04-0033;STORE_04;CASH-07;2026-07-29 12:04:31;SKU-003;2;45000;1000;CARD
REC-20260729-STORE_04-0034;STORE_04;CASH-05;2026-07-29 8:38:29;SKU-004;1;25000;0;CARD
REC-20260729-STORE_04-0034;STORE_04;CASH-08;2026-07-29 8:38:29;SKU-047;2;5000;0;CASH
REC-20260729-STORE_04-0034;STORE_04;CASH-01;2026-07-29 8:38:29;SKU-001;4;45000;500;CARD
REC-20260729-STORE_04-0034;STORE_04;CASH-09;2026-07-29 8:38:29;SKU-018;3;5000;1000;CASH
REC-20260729-STORE_04-0034;STORE_04;CASH-05;2026-07-29 8:38:29;SKU-022;3;12000;0;CARD
REC-20260729-STORE_04-0035;STORE_04;CASH-07;2026-07-29 10:24:30;SKU-039;3;5000;0;CASH
REC-20260729-STORE_04-0035;STORE_04;CASH-05;2026-07-29 10:24:30;SKU-048;2;25000;0;CASH
REC-20260729-STORE_04-0035;STORE_04;CASH-02;2026-07-29 10:24:30;SKU-013;4;12000;0;CARD
REC-20260729-STORE_04-0035;STORE_04;CASH-01;2026-07-29 10:24:30;SKU-002;1;12000;0;CASH
REC-20260729-STORE_04-0035;STORE_04;CASH-04;2026-07-29 10:24:30;SKU-008;3;12000;500;CARD
REC-20260729-STORE_04-0036;STORE_04;CASH-07;2026-07-29 19:50:11;SKU-002;2;12000;500;CARD
REC-20260729-STORE_04-0036;STORE_04;CASH-02;2026-07-29 19:50:11;SKU-015;4;5000;0;CARD
REC-20260729-STORE_04-0037;STORE_04;CASH-05;2026-07-29 21:57:17;SKU-036;1;45000;0;CARD
REC-20260729-STORE_04-0037;STORE_04;CASH-06;2026-07-29 21:57:17;SKU-024;2;12000;500;CARD
REC-20260729-STORE_04-0037;STORE_04;CASH-03;2026-07-29 21:57:17;SKU-002;2;12000;0;CARD
REC-20260729-STORE_04-0038;STORE_04;CASH-06;2026-07-29 11:46:39;SKU-005;1;5000;0;CARD
REC-20260729-STORE_04-0038;STORE_04;CASH-01;2026-07-29 11:46:39;SKU-046;4;25000;0;CARD
REC-20260729-STORE_04-0038;STORE_04;CASH-05;2026-07-29 11:46:39;SKU-006;4;45000;500;CARD
REC-20260729-STORE_04-0039;STORE_04;CASH-02;2026-07-29 8:51:57;SKU-005;1;5000;500;CASH
REC-20260729-STORE_04-0039;STORE_04;CASH-01;2026-07-29 8:51:57;SKU-021;1;5000;1000;CARD
REC-20260729-STORE_04-0040;STORE_04;CASH-09;2026-07-29 10:22:11;SKU-014;3;5000;1000;CARD
REC-20260729-STORE_04-0041;STORE_04;CASH-03;2026-07-29 12:43:15;SKU-028;1;5000;0;CARD
REC-20260729-STORE_04-0041;STORE_04;CASH-02;2026-07-29 12:43:15;SKU-004;1;25000;500;CARD
REC-20260729-STORE_04-0041;STORE_04;CASH-10;2026-07-29 12:43:15;SKU-038;1;12000;0;CARD
REC-20260729-STORE_04-0041;STORE_04;CASH-06;2026-07-29 12:43:15;SKU-003;3;45000;1000;CASH
REC-20260729-STORE_04-0042;STORE_04;CASH-08;2026-07-29 19:09:36;SKU-001;2;45000;0;CARD
REC-20260729-STORE_04-0042;STORE_04;CASH-03;2026-07-29 19:09:36;SKU-003;3;45000;500;CARD
REC-20260729-STORE_04-0042;STORE_04;CASH-05;2026-07-29 19:09:36;SKU-007;2;12000;0;CARD
REC-20260729-STORE_04-0042;STORE_04;CASH-07;2026-07-29 19:09:36;SKU-012;1;45000;0;CARD
REC-20260729-STORE_04-0042;STORE_04;CASH-07;2026-07-29 19:09:36;SKU-014;4;5000;0;CARD
REC-20260729-STORE_04-0043;STORE_04;CASH-10;2026-07-29 13:46:19;SKU-036;2;45000;500;CARD
REC-20260729-STORE_04-0044;STORE_04;CASH-09;2026-07-29 18:12:22;SKU-002;1;12000;0;CARD
REC-20260729-STORE_04-0044;STORE_04;CASH-03;2026-07-29 18:12:22;SKU-047;1;5000;500;CARD
REC-20260729-STORE_04-0044;STORE_04;CASH-08;2026-07-29 18:12:22;SKU-038;2;12000;0;CARD
REC-20260729-STORE_04-0045;STORE_04;CASH-10;2026-07-29 20:38:43;SKU-002;3;12000;0;CARD
REC-20260729-STORE_04-0045;STORE_04;CASH-07;2026-07-29 20:38:43;SKU-012;3;45000;1000;CARD
REC-20260729-STORE_04-0046;STORE_04;CASH-01;2026-07-29 15:39:46;SKU-002;1;12000;0;CARD
REC-20260729-STORE_04-0046;STORE_04;CASH-03;2026-07-29 15:39:46;SKU-001;1;45000;0;CASH
REC-20260729-STORE_04-0046;STORE_04;CASH-05;2026-07-29 15:39:46;SKU-010;2;25000;500;CARD
REC-20260729-STORE_04-0046;STORE_04;CASH-07;2026-07-29 15:39:46;SKU-003;4;45000;0;CARD
REC-20260729-STORE_04-0047;STORE_04;CASH-10;2026-07-29 18:35:50;SKU-016;1;25000;0;CARD
REC-20260729-STORE_04-0047;STORE_04;CASH-04;2026-07-29 18:35:50;SKU-001;1;45000;0;CARD
REC-20260729-STORE_04-0047;STORE_04;CASH-04;2026-07-29 18:35:50;SKU-025;1;5000;0;CARD
REC-20260729-STORE_04-0048;STORE_04;CASH-05;2026-07-29 12:38:39;SKU-001;3;45000;1000;CASH
REC-20260729-STORE_04-0048;STORE_04;CASH-06;2026-07-29 12:38:39;SKU-026;4;12000;1000;CARD
REC-20260729-STORE_04-0049;STORE_04;CASH-09;2026-07-29 17:06:29;SKU-001;4;45000;0;CARD
REC-20260729-STORE_04-0049;STORE_04;CASH-05;2026-07-29 17:06:29;SKU-004;4;25000;0;CARD
REC-20260729-STORE_04-0049;STORE_04;CASH-06;2026-07-29 17:06:29;SKU-002;1;12000;0;CARD
REC-20260729-STORE_04-0050;STORE_04;CASH-06;2026-07-29 19:28:48;SKU-008;1;12000;500;CARD
REC-20260729-STORE_04-0050;STORE_04;CASH-10;2026-07-29 19:28:48;SKU-005;4;5000;0;CARD
REC-20260729-STORE_04-0051;STORE_04;CASH-08;2026-07-29 18:54:29;SKU-017;3;12000;0;CARD
REC-20260729-STORE_04-0052;STORE_04;CASH-07;2026-07-29 17:19:17;SKU-001;4;45000;0;CARD
REC-20260729-STORE_04-0052;STORE_04;CASH-07;2026-07-29 17:19:17;SKU-004;1;25000;1000;CARD
REC-20260729-STORE_04-0052;STORE_04;CASH-07;2026-07-29 17:19:17;SKU-003;4;45000;0;CARD
REC-20260729-STORE_04-0052;STORE_04;CASH-09;2026-07-29 17:19:17;SKU-001;3;45000;500;CARD
REC-20260729-STORE_04-0052;STORE_04;CASH-07;2026-07-29 17:19:17;SKU-006;1;45000;1000;CARD
REC-20260729-STORE_04-0053;STORE_04;CASH-09;2026-07-29 15:53:42;SKU-005;3;5000;0;CARD
REC-20260729-STORE_04-0053;STORE_04;CASH-09;2026-07-29 15:53:42;SKU-004;2;25000;0;CARD
REC-20260729-STORE_04-0053;STORE_04;CASH-09;2026-07-29 15:53:42;SKU-022;2;12000;0;CASH
REC-20260729-STORE_04-0053;STORE_04;CASH-07;2026-07-29 15:53:42;SKU-002;4;12000;0;CASH
REC-20260729-STORE_04-0054;STORE_04;CASH-04;2026-07-29 11:53:27;SKU-030;4;45000;0;CARD
REC-20260729-STORE_04-0054;STORE_04;CASH-07;2026-07-29 11:53:27;SKU-001;3;45000;0;CARD
REC-20260729-STORE_04-0055;STORE_04;CASH-02;2026-07-29 8:58:52;SKU-015;1;5000;1000;CARD
REC-20260729-STORE_04-0055;STORE_04;CASH-05;2026-07-29 8:58:52;SKU-006;2;45000;1000;CARD
REC-20260729-STORE_04-0055;STORE_04;CASH-01;2026-07-29 8:58:52;SKU-029;2;5000;0;CARD
REC-20260729-STORE_04-0055;STORE_04;CASH-07;2026-07-29 8:58:52;SKU-010;1;25000;1000;CASH
REC-20260729-STORE_04-0055;STORE_04;CASH-08;2026-07-29 8:58:52;SKU-012;2;45000;500;CASH
REC-20260729-STORE_04-0056;STORE_04;CASH-06;2026-07-29 9:44:52;SKU-036;3;45000;0;CASH
REC-20260729-STORE_04-0056;STORE_04;CASH-05;2026-07-29 9:44:52;SKU-001;2;45000;0;CARD
REC-20260729-STORE_04-0056;STORE_04;CASH-03;2026-07-29 9:44:52;SKU-001;4;45000;500;CARD
REC-20260729-STORE_04-0056;STORE_04;CASH-07;2026-07-29 9:44:52;SKU-025;4;5000;0;CARD
REC-20260729-STORE_04-0056;STORE_04;CASH-09;2026-07-29 9:44:52;SKU-001;4;45000;500;CASH
REC-20260729-STORE_04-0057;STORE_04;CASH-10;2026-07-29 8:40:55;SKU-007;4;12000;0;CARD
REC-20260729-STORE_04-0057;STORE_04;CASH-05;2026-07-29 8:40:55;SKU-001;3;45000;0;CASH
REC-20260729-STORE_04-0057;STORE_04;CASH-06;2026-07-29 8:40:55;SKU-046;2;25000;0;CARD
REC-20260729-STORE_04-0057;STORE_04;CASH-08;2026-07-29 8:40:55;SKU-002;1;12000;1000;CARD
REC-20260729-STORE_04-0057;STORE_04;CASH-06;2026-07-29 8:40:55;SKU-043;4;25000;1000;CARD
REC-20260729-STORE_04-0058;STORE_04;CASH-01;2026-07-29 9:14:51;SKU-006;3;45000;500;CASH
REC-20260729-STORE_04-0058;STORE_04;CASH-09;2026-07-29 9:14:51;SKU-002;3;12000;500;CARD
REC-20260729-STORE_04-0058;STORE_04;CASH-03;2026-07-29 9:14:51;SKU-039;1;5000;1000;CASH
REC-20260729-STORE_04-0058;STORE_04;CASH-08;2026-07-29 9:14:51;SKU-005;3;5000;500;CARD
REC-20260729-STORE_04-0059;STORE_04;CASH-07;2026-07-29 15:16:18;SKU-003;3;45000;500;CARD
REC-20260729-STORE_04-0059;STORE_04;CASH-03;2026-07-29 15:16:18;SKU-005;1;5000;0;CARD
REC-20260729-STORE_04-0059;STORE_04;CASH-03;2026-07-29 15:16:18;SKU-045;1;45000;0;CARD
REC-20260729-STORE_04-0060;STORE_04;CASH-08;2026-07-29 19:12:47;SKU-049;1;5000;0;CARD
REC-20260729-STORE_04-0060;STORE_04;CASH-01;2026-07-29 19:12:47;SKU-004;2;25000;0;CASH
REC-20260729-STORE_04-0061;STORE_04;CASH-05;2026-07-29 14:22:43;SKU-001;3;45000;0;CARD
REC-20260729-STORE_04-0061;STORE_04;CASH-02;2026-07-29 14:22:43;SKU-026;3;12000;0;CARD
REC-20260729-STORE_04-0061;STORE_04;CASH-03;2026-07-29 14:22:43;SKU-002;3;12000;0;CARD
REC-20260729-STORE_04-0061;STORE_04;CASH-10;2026-07-29 14:22:43;SKU-016;2;25000;1000;CARD
REC-20260729-STORE_04-0062;STORE_04;CASH-06;2026-07-29 13:52:01;SKU-034;1;25000;0;CASH
REC-20260729-STORE_04-0062;STORE_04;CASH-09;2026-07-29 13:52:01;SKU-002;3;12000;1000;CASH
REC-20260729-STORE_04-0062;STORE_04;CASH-08;2026-07-29 13:52:01;SKU-002;2;12000;0;CARD
REC-20260729-STORE_04-0062;STORE_04;CASH-02;2026-07-29 13:52:01;SKU-001;2;45000;0;CARD
REC-20260729-STORE_04-0063;STORE_04;CASH-10;2026-07-29 18:09:35;SKU-014;1;5000;0;CARD
REC-20260729-STORE_04-0063;STORE_04;CASH-02;2026-07-29 18:09:35;SKU-009;3;25000;1000;CARD
REC-20260729-STORE_04-0063;STORE_04;CASH-05;2026-07-29 18:09:35;SKU-019;3;25000;0;CASH
REC-20260729-STORE_04-0063;STORE_04;CASH-06;2026-07-29 18:09:35;SKU-001;1;45000;1000;CASH
REC-20260729-STORE_04-0063;STORE_04;CASH-08;2026-07-29 18:09:35;SKU-002;3;12000;0;CASH
REC-20260729-STORE_04-0064;STORE_04;CASH-08;2026-07-29 19:15:31;SKU-021;2;5000;0;CARD
REC-20260729-STORE_04-0064;STORE_04;CASH-07;2026-07-29 19:15:31;SKU-001;3;45000;1000;CARD
REC-20260729-STORE_04-0064;STORE_04;CASH-02;2026-07-29 19:15:31;SKU-011;3;5000;500;CARD
REC-20260729-STORE_04-0064;STORE_04;CASH-07;2026-07-29 19:15:31;SKU-014;1;5000;500;CASH
REC-20260729-STORE_04-0065;STORE_04;CASH-03;2026-07-29 11:59:44;SKU-003;4;45000;0;CARD
REC-20260729-STORE_04-0066;STORE_04;CASH-04;2026-07-29 19:03:14;SKU-019;4;25000;1000;CASH
REC-20260729-STORE_04-0066;STORE_04;CASH-10;2026-07-29 19:03:14;SKU-039;2;5000;1000;CARD
REC-20260729-STORE_04-0066;STORE_04;CASH-07;2026-07-29 19:03:14;SKU-006;1;45000;0;CARD
REC-20260729-STORE_04-0066;STORE_04;CASH-01;2026-07-29 19:03:14;SKU-001;3;45000;0;CARD
REC-20260729-STORE_04-0066;STORE_04;CASH-04;2026-07-29 19:03:14;SKU-008;1;12000;0;CARD
REC-20260729-STORE_04-0067;STORE_04;CASH-02;2026-07-29 15:01:48;SKU-008;2;12000;0;CASH
REC-20260729-STORE_04-0068;STORE_04;CASH-01;2026-07-29 15:01:14;SKU-007;3;12000;0;CARD
REC-20260729-STORE_04-0068;STORE_04;CASH-09;2026-07-29 15:01:14;SKU-001;1;45000;0;CARD
REC-20260729-STORE_04-0068;STORE_04;CASH-09;2026-07-29 15:01:14;SKU-023;1;45000;0;CARD
REC-20260729-STORE_04-0068;STORE_04;CASH-09;2026-07-29 15:01:14;SKU-017;2;12000;0;CARD
REC-20260729-STORE_04-0069;STORE_04;CASH-01;2026-07-29 13:27:43;SKU-006;1;45000;1000;CASH
REC-20260729-STORE_04-0069;STORE_04;CASH-01;2026-07-29 13:27:43;SKU-005;1;5000;0;CARD
REC-20260729-STORE_04-0069;STORE_04;CASH-03;2026-07-29 13:27:43;SKU-012;1;45000;0;CASH
REC-20260729-STORE_04-0069;STORE_04;CASH-08;2026-07-29 13:27:43;SKU-016;4;25000;500;CASH
REC-20260729-STORE_04-0070;STORE_04;CASH-05;2026-07-29 21:34:34;SKU-003;1;45000;0;CARD
REC-20260729-STORE_04-0070;STORE_04;CASH-04;2026-07-29 21:34:34;SKU-043;2;25000;1000;CARD
REC-20260729-STORE_04-0070;STORE_04;CASH-04;2026-07-29 21:34:34;SKU-009;1;25000;0;CASH
REC-20260729-STORE_04-0070;STORE_04;CASH-10;2026-07-29 21:34:34;SKU-018;3;5000;0;CASH
REC-20260729-STORE_04-0071;STORE_04;CASH-06;2026-07-29 19:38:00;SKU-001;3;45000;500;CARD
REC-20260729-STORE_04-0071;STORE_04;CASH-02;2026-07-29 19:38:00;SKU-008;3;12000;1000;CARD
REC-20260729-STORE_04-0072;STORE_04;CASH-08;2026-07-29 11:50:30;SKU-029;1;5000;500;CARD
REC-20260729-STORE_04-0073;STORE_04;CASH-10;2026-07-29 19:38:38;SKU-002;3;12000;0;CASH
REC-20260729-STORE_04-0073;STORE_04;CASH-02;2026-07-29 19:38:38;SKU-003;1;45000;0;CARD
REC-20260729-STORE_04-0073;STORE_04;CASH-02;2026-07-29 19:38:38;SKU-006;2;45000;0;CASH
REC-20260729-STORE_04-0074;STORE_04;CASH-03;2026-07-29 19:48:03;SKU-001;1;45000;1000;CARD
REC-20260729-STORE_04-0074;STORE_04;CASH-02;2026-07-29 19:48:03;SKU-003;3;45000;500;CASH
REC-20260729-STORE_04-0074;STORE_04;CASH-02;2026-07-29 19:48:03;SKU-022;4;12000;500;CARD
REC-20260729-STORE_04-0075;STORE_04;CASH-08;2026-07-29 16:02:34;SKU-001;4;45000;500;CARD
REC-20260729-STORE_04-0075;STORE_04;CASH-07;2026-07-29 16:02:34;SKU-015;1;5000;0;CARD
REC-20260729-STORE_04-0075;STORE_04;CASH-02;2026-07-29 16:02:34;SKU-027;3;5000;1000;CASH
REC-20260729-STORE_04-0075;STORE_04;CASH-08;2026-07-29 16:02:34;SKU-011;2;5000;0;CARD
REC-20260729-STORE_04-0075;STORE_04;CASH-06;2026-07-29 16:02:34;SKU-045;4;45000;500;CARD
REC-20260729-STORE_04-0076;STORE_04;CASH-03;2026-07-29 8:50:00;SKU-001;1;45000;0;CARD
REC-20260729-STORE_04-0076;STORE_04;CASH-06;2026-07-29 8:50:00;SKU-025;1;5000;0;CARD
REC-20260729-STORE_04-0076;STORE_04;CASH-02;2026-07-29 8:50:00;SKU-012;3;45000;0;CARD
REC-20260729-STORE_04-0077;STORE_04;CASH-01;2026-07-29 17:51:31;SKU-002;1;12000;0;CASH
REC-20260729-STORE_04-0078;STORE_04;CASH-05;2026-07-29 19:08:40;SKU-004;4;25000;0;CARD
REC-20260729-STORE_04-0078;STORE_04;CASH-10;2026-07-29 19:08:40;SKU-002;3;12000;1000;CASH
REC-20260729-STORE_04-0078;STORE_04;CASH-03;2026-07-29 19:08:40;SKU-011;3;5000;0;CASH
REC-20260729-STORE_04-0078;STORE_04;CASH-01;2026-07-29 19:08:40;SKU-002;2;12000;1000;CARD
REC-20260729-STORE_04-0078;STORE_04;CASH-10;2026-07-29 19:08:40;SKU-022;1;12000;500;CASH
REC-20260729-STORE_04-0079;STORE_04;CASH-08;2026-07-29 13:54:37;SKU-002;1;12000;0;CASH
REC-20260729-STORE_04-0079;STORE_04;CASH-07;2026-07-29 13:54:37;SKU-033;4;5000;500;CASH
REC-20260729-STORE_04-0079;STORE_04;CASH-07;2026-07-29 13:54:37;SKU-001;2;45000;500;CASH
REC-20260729-STORE_04-0080;STORE_04;CASH-01;2026-07-29 19:41:22;SKU-006;2;45000;0;CARD
REC-20260729-STORE_04-0080;STORE_04;CASH-10;2026-07-29 19:41:22;SKU-009;2;25000;500;CASH
REC-20260729-STORE_04-0080;STORE_04;CASH-01;2026-07-29 19:41:22;SKU-001;4;45000;500;CARD
REC-20260729-STORE_04-0080;STORE_04;CASH-05;2026-07-29 19:41:22;SKU-029;2;5000;0;CARD
REC-20260729-STORE_04-0081;STORE_04;CASH-01;2026-07-29 18:50:09;SKU-006;1;45000;0;CARD
REC-20260729-STORE_04-0081;STORE_04;CASH-05;2026-07-29 18:50:09;SKU-004;4;25000;0;CARD
REC-20260729-STORE_04-0081;STORE_04;CASH-05;2026-07-29 18:50:09;SKU-001;4;45000;0;CASH
REC-20260729-STORE_04-0081;STORE_04;CASH-08;2026-07-29 18:50:09;SKU-001;3;45000;500;CARD
REC-20260729-STORE_04-0081;STORE_04;CASH-07;2026-07-29 18:50:09;SKU-008;1;12000;1000;CASH
REC-20260729-STORE_04-0082;STORE_04;CASH-08;2026-07-29 18:29:53;SKU-014;4;5000;0;CARD
REC-20260729-STORE_04-0082;STORE_04;CASH-01;2026-07-29 18:29:53;SKU-001;1;45000;0;CARD
REC-20260729-STORE_04-0082;STORE_04;CASH-06;2026-07-29 18:29:53;SKU-001;1;45000;0;CARD
REC-20260729-STORE_04-0082;STORE_04;CASH-09;2026-07-29 18:29:53;SKU-047;3;5000;1000;CASH
REC-20260729-STORE_04-0083;STORE_04;CASH-10;2026-07-29 9:42:21;SKU-003;1;45000;1000;CASH
REC-20260729-STORE_04-0083;STORE_04;CASH-10;2026-07-29 9:42:21;SKU-005;1;5000;1000;CARD
REC-20260729-STORE_04-0083;STORE_04;CASH-01;2026-07-29 9:42:21;SKU-036;2;45000;500;CARD
REC-20260729-STORE_04-0083;STORE_04;CASH-09;2026-07-29 9:42:21;SKU-004;3;25000;500;CARD
REC-20260729-STORE_04-0084;STORE_04;CASH-04;2026-07-29 12:25:38;SKU-017;1;12000;0;CARD
REC-20260729-STORE_04-0084;STORE_04;CASH-09;2026-07-29 12:25:38;SKU-036;4;45000;1000;CARD
REC-20260729-STORE_04-0084;STORE_04;CASH-08;2026-07-29 12:25:38;SKU-015;1;5000;0;CARD
REC-20260729-STORE_04-0084;STORE_04;CASH-02;2026-07-29 12:25:38;SKU-002;3;12000;1000;CARD
REC-20260729-STORE_04-0084;STORE_04;CASH-03;2026-07-29 12:25:38;SKU-004;2;25000;500;CARD
REC-20260729-STORE_04-0085;STORE_04;CASH-06;2026-07-29 20:32:08;SKU-001;4;45000;0;CASH
REC-20260729-STORE_04-0085;STORE_04;CASH-06;2026-07-29 20:32:08;SKU-003;4;45000;0;CARD
REC-20260729-STORE_04-0085;STORE_04;CASH-01;2026-07-29 20:32:08;SKU-001;2;45000;0;CARD
REC-20260729-STORE_04-0085;STORE_04;CASH-06;2026-07-29 20:32:08;SKU-010;1;25000;1000;CARD
REC-20260729-STORE_04-0086;STORE_04;CASH-01;2026-07-29 18:08:26;SKU-001;4;45000;500;CASH
REC-20260729-STORE_04-0086;STORE_04;CASH-05;2026-07-29 18:08:26;SKU-009;3;25000;0;CARD
REC-20260729-STORE_04-0087;STORE_04;CASH-08;2026-07-29 13:10:10;SKU-001;3;45000;1000;CARD
REC-20260729-STORE_04-0087;STORE_04;CASH-08;2026-07-29 13:10:10;SKU-045;2;45000;0;CARD
REC-20260729-STORE_04-0088;STORE_04;CASH-06;2026-07-29 11:14:00;SKU-008;3;12000;0;CARD
REC-20260729-STORE_04-0089;STORE_04;CASH-05;2026-07-29 18:33:11;SKU-026;4;12000;1000;CARD
REC-20260729-STORE_04-0089;STORE_04;CASH-05;2026-07-29 18:33:11;SKU-035;4;5000;0;CARD
REC-20260729-STORE_04-0089;STORE_04;CASH-07;2026-07-29 18:33:11;SKU-001;4;45000;0;CARD
REC-20260729-STORE_04-0089;STORE_04;CASH-04;2026-07-29 18:33:11;SKU-043;1;25000;0;CASH
REC-20260729-STORE_04-0090;STORE_04;CASH-06;2026-07-29 15:23:10;SKU-025;1;5000;0;CARD
REC-20260729-STORE_04-0090;STORE_04;CASH-10;2026-07-29 15:23:10;SKU-001;1;45000;0;CARD
REC-20260729-STORE_04-0090;STORE_04;CASH-07;2026-07-29 15:23:10;SKU-002;2;12000;1000;CARD
REC-20260729-STORE_04-0091;STORE_04;CASH-01;2026-07-29 11:08:22;SKU-005;3;5000;0;CARD
REC-20260729-STORE_04-0091;STORE_04;CASH-09;2026-07-29 11:08:22;SKU-003;1;45000;1000;CASH
REC-20260729-STORE_04-0091;STORE_04;CASH-09;2026-07-29 11:08:22;SKU-001;2;45000;1000;CASH
REC-20260729-STORE_04-0091;STORE_04;CASH-08;2026-07-29 11:08:22;SKU-007;4;12000;0;CARD
REC-20260729-STORE_04-0092;STORE_04;CASH-05;2026-07-29 9:38:27;SKU-019;3;25000;1000;CASH
REC-20260729-STORE_04-0092;STORE_04;CASH-08;2026-07-29 9:38:27;SKU-039;2;5000;0;CARD
REC-20260729-STORE_04-0093;STORE_04;CASH-07;2026-07-29 19:40:00;SKU-001;2;45000;1000;CARD
REC-20260729-STORE_04-0093;STORE_04;CASH-02;2026-07-29 19:40:00;SKU-042;2;5000;1000;CARD
REC-20260729-STORE_04-0093;STORE_04;CASH-05;2026-07-29 19:40:00;SKU-019;4;25000;0;CARD
REC-20260729-STORE_04-0093;STORE_04;CASH-08;2026-07-29 19:40:00;SKU-014;3;5000;1000;CARD
REC-20260729-STORE_04-0094;STORE_04;CASH-10;2026-07-29 20:37:52;SKU-019;2;25000;0;CARD
REC-20260729-STORE_04-0094;STORE_04;CASH-05;2026-07-29 20:37:52;SKU-012;1;45000;500;CASH
REC-20260729-STORE_04-0094;STORE_04;CASH-04;2026-07-29 20:37:52;SKU-001;1;45000;0;CARD
REC-20260729-STORE_04-0094;STORE_04;CASH-10;2026-07-29 20:37:52;SKU-007;4;12000;0;CARD
REC-20260729-STORE_04-0094;STORE_04;CASH-04;2026-07-29 20:37:52;SKU-003;1;45000;500;CARD
REC-20260729-STORE_04-0095;STORE_04;CASH-05;2026-07-29 17:33:16;SKU-005;4;5000;0;CARD
REC-20260729-STORE_04-0096;STORE_04;CASH-05;2026-07-29 8:42:58;SKU-018;2;5000;0;CASH
REC-20260729-STORE_04-0096;STORE_04;CASH-06;2026-07-29 8:42:58;SKU-007;1;12000;1000;CARD
REC-20260729-STORE_04-0096;STORE_04;CASH-06;2026-07-29 8:42:58;SKU-044;1;5000;1000;CASH
REC-20260729-STORE_04-0097;STORE_04;CASH-03;2026-07-29 11:07:25;SKU-037;3;45000;0;CASH
REC-20260729-STORE_04-0097;STORE_04;CASH-10;2026-07-29 11:07:25;SKU-018;3;5000;1000;CASH
REC-20260729-STORE_04-0097;STORE_04;CASH-06;2026-07-29 11:07:25;SKU-007;1;12000;500;CARD
REC-20260729-STORE_04-0097;STORE_04;CASH-04;2026-07-29 11:07:25;SKU-001;1;45000;0;CARD
REC-20260729-STORE_04-0098;STORE_04;CASH-08;2026-07-29 21:31:34;SKU-001;2;45000;0;CARD
REC-20260729-STORE_04-0098;STORE_04;CASH-01;2026-07-29 21:31:34;SKU-001;3;45000;1000;CASH
REC-20260729-STORE_04-0098;STORE_04;CASH-10;2026-07-29 21:31:34;SKU-003;3;45000;0;CASH
REC-20260729-STORE_04-0098;STORE_04;CASH-08;2026-07-29 21:31:34;SKU-001;1;45000;0;CASH
REC-20260729-STORE_04-0098;STORE_04;CASH-08;2026-07-29 21:31:34;SKU-016;3;25000;500;CARD
REC-20260729-STORE_04-0099;STORE_04;CASH-03;2026-07-29 8:02:38;SKU-022;3;12000;0;CARD
REC-20260729-STORE_04-0099;STORE_04;CASH-05;2026-07-29 8:02:38;SKU-003;3;45000;500;CASH
REC-20260729-STORE_04-0099;STORE_04;CASH-01;2026-07-29 8:02:38;SKU-037;1;45000;0;CARD
REC-20260729-STORE_04-0099;STORE_04;CASH-01;2026-07-29 8:02:38;SKU-020;1;12000;0;CARD
REC-20260729-STORE_04-0100;STORE_04;CASH-01;2026-07-29 15:16:17;SKU-034;2;25000;500;CASH
REC-20260729-STORE_04-0100;STORE_04;CASH-09;2026-07-29 15:16:17;SKU-005;4;5000;500;CARD
REC-20260729-STORE_04-0100;STORE_04;CASH-04;2026-07-29 15:16:17;SKU-001;2;45000;0;CARD
REC-20260729-STORE_04-0101;STORE_04;CASH-08;2026-07-29 16:36:50;SKU-001;2;45000;0;CARD
REC-20260729-STORE_04-0102;STORE_04;CASH-10;2026-07-29 13:09:05;SKU-002;2;12000;0;CARD
REC-20260729-STORE_04-0102;STORE_04;CASH-07;2026-07-29 13:09:05;SKU-001;4;45000;0;CARD
REC-20260729-STORE_04-0102;STORE_04;CASH-06;2026-07-29 13:09:05;SKU-003;4;45000;0;CARD
REC-20260729-STORE_04-0102;STORE_04;CASH-03;2026-07-29 13:09:05;SKU-043;4;25000;500;CARD
REC-20260729-STORE_04-0102;STORE_04;CASH-03;2026-07-29 13:09:05;SKU-005;4;5000;500;CARD
REC-20260729-STORE_04-0103;STORE_04;CASH-07;2026-07-29 14:20:28;SKU-004;4;25000;0;CARD
REC-20260729-STORE_04-0103;STORE_04;CASH-03;2026-07-29 14:20:28;SKU-049;1;5000;0;CASH
REC-20260729-STORE_04-0103;STORE_04;CASH-08;2026-07-29 14:20:28;SKU-023;1;45000;0;CARD
REC-20260729-STORE_04-0104;STORE_04;CASH-04;2026-07-29 15:10:50;SKU-005;3;5000;0;CARD
REC-20260729-STORE_04-0104;STORE_04;CASH-04;2026-07-29 15:10:50;SKU-001;2;45000;0;CARD
REC-20260729-STORE_04-0104;STORE_04;CASH-04;2026-07-29 15:10:50;SKU-012;1;45000;0;CARD
REC-20260729-STORE_04-0104;STORE_04;CASH-04;2026-07-29 15:10:50;SKU-006;1;45000;0;CARD
REC-20260729-STORE_04-0105;STORE_04;CASH-04;2026-07-29 18:57:01;SKU-002;4;12000;0;CARD
REC-20260729-STORE_04-0105;STORE_04;CASH-04;2026-07-29 18:57:01;SKU-003;1;45000;0;CARD
REC-20260729-STORE_04-0105;STORE_04;CASH-03;2026-07-29 18:57:01;SKU-007;2;12000;500;CASH
REC-20260729-STORE_04-0105;STORE_04;CASH-03;2026-07-29 18:57:01;SKU-001;1;45000;0;CARD
REC-20260729-STORE_04-0106;STORE_04;CASH-10;2026-07-29 10:37:18;SKU-003;4;45000;0;CASH
REC-20260729-STORE_04-0106;STORE_04;CASH-08;2026-07-29 10:37:18;SKU-013;4;12000;0;CARD
REC-20260729-STORE_04-0107;STORE_04;CASH-03;2026-07-29 16:44:26;SKU-004;3;25000;0;CARD
REC-20260729-STORE_04-0107;STORE_04;CASH-04;2026-07-29 16:44:26;SKU-007;1;12000;0;CARD
REC-20260729-STORE_04-0108;STORE_04;CASH-02;2026-07-29 17:21:49;SKU-006;4;45000;0;CARD
REC-20260729-STORE_04-0108;STORE_04;CASH-01;2026-07-29 17:21:49;SKU-023;2;45000;1000;CARD
REC-20260729-STORE_04-0108;STORE_04;CASH-10;2026-07-29 17:21:49;SKU-006;1;45000;0;CASH
REC-20260729-STORE_04-0108;STORE_04;CASH-03;2026-07-29 17:21:49;SKU-004;4;25000;0;CARD
REC-20260729-STORE_04-0109;STORE_04;CASH-02;2026-07-29 14:25:04;SKU-027;3;5000;0;CARD
REC-20260729-STORE_04-0109;STORE_04;CASH-01;2026-07-29 14:25:04;SKU-004;4;25000;0;CARD
REC-20260729-STORE_04-0110;STORE_04;CASH-03;2026-07-29 15:46:30;SKU-010;4;25000;0;CARD
REC-20260729-STORE_04-0110;STORE_04;CASH-02;2026-07-29 15:46:30;SKU-001;4;45000;1000;CARD
REC-20260729-STORE_04-0110;STORE_04;CASH-02;2026-07-29 15:46:30;SKU-001;3;45000;0;CARD
REC-20260729-STORE_04-0110;STORE_04;CASH-10;2026-07-29 15:46:30;SKU-004;3;25000;1000;CASH
REC-20260729-STORE_04-0110;STORE_04;CASH-08;2026-07-29 15:46:30;SKU-003;1;45000;0;CARD
REC-20260729-STORE_04-0111;STORE_04;CASH-09;2026-07-29 21:18:04;SKU-004;2;25000;0;CARD
REC-20260729-STORE_04-0111;STORE_04;CASH-07;2026-07-29 21:18:04;SKU-005;1;5000;0;CARD
REC-20260729-STORE_04-0112;STORE_04;CASH-09;2026-07-29 15:50:21;SKU-002;2;12000;0;CARD
REC-20260729-STORE_04-0112;STORE_04;CASH-01;2026-07-29 15:50:21;SKU-012;3;45000;500;CARD
REC-20260729-STORE_04-0112;STORE_04;CASH-01;2026-07-29 15:50:21;SKU-032;3;25000;0;CASH
REC-20260729-STORE_04-0113;STORE_04;CASH-02;2026-07-29 12:25:55;SKU-004;3;25000;500;CASH
REC-20260729-STORE_04-0113;STORE_04;CASH-02;2026-07-29 12:25:55;SKU-002;1;12000;0;CASH
REC-20260729-STORE_04-0114;STORE_04;CASH-01;2026-07-29 21:25:18;SKU-020;3;12000;0;CARD
REC-20260729-STORE_04-0114;STORE_04;CASH-01;2026-07-29 21:25:18;SKU-001;1;45000;0;CASH
REC-20260729-STORE_04-0114;STORE_04;CASH-06;2026-07-29 21:25:18;SKU-001;1;45000;1000;CASH
REC-20260729-STORE_04-0114;STORE_04;CASH-01;2026-07-29 21:25:18;SKU-014;2;5000;0;CASH
REC-20260729-STORE_04-0114;STORE_04;CASH-07;2026-07-29 21:25:18;SKU-016;2;25000;500;CARD
REC-20260729-STORE_04-0115;STORE_04;CASH-03;2026-07-29 15:50:00;SKU-035;2;5000;1000;CARD
REC-20260729-STORE_04-0115;STORE_04;CASH-03;2026-07-29 15:50:00;SKU-020;3;12000;0;CARD
REC-20260729-STORE_04-0115;STORE_04;CASH-02;2026-07-29 15:50:00;SKU-010;2;25000;0;CARD
REC-20260729-STORE_04-0115;STORE_04;CASH-10;2026-07-29 15:50:00;SKU-020;3;12000;0;CARD
REC-20260729-STORE_04-0116;STORE_04;CASH-10;2026-07-29 16:17:11;SKU-003;4;45000;0;CASH
REC-20260729-STORE_04-0116;STORE_04;CASH-01;2026-07-29 16:17:11;SKU-004;2;25000;500;CARD
REC-20260729-STORE_04-0116;STORE_04;CASH-02;2026-07-29 16:17:11;SKU-002;3;12000;0;CASH
REC-20260729-STORE_04-0116;STORE_04;CASH-06;2026-07-29 16:17:11;SKU-022;3;12000;0;CARD
REC-20260729-STORE_04-0117;STORE_04;CASH-02;2026-07-29 12:18:39;SKU-006;1;45000;500;CARD
REC-20260729-STORE_04-0117;STORE_04;CASH-08;2026-07-29 12:18:39;SKU-002;2;12000;0;CASH
REC-20260729-STORE_04-0117;STORE_04;CASH-01;2026-07-29 12:18:39;SKU-005;3;5000;0;CARD
REC-20260729-STORE_04-0118;STORE_04;CASH-02;2026-07-29 19:52:03;SKU-013;1;12000;0;CARD
REC-20260729-STORE_04-0118;STORE_04;CASH-10;2026-07-29 19:52:03;SKU-028;3;5000;1000;CARD
REC-20260729-STORE_04-0118;STORE_04;CASH-04;2026-07-29 19:52:03;SKU-004;3;25000;0;CARD
REC-20260729-STORE_04-0119;STORE_04;CASH-03;2026-07-29 15:32:36;SKU-001;1;45000;0;CARD
REC-20260729-STORE_04-0119;STORE_04;CASH-09;2026-07-29 15:32:36;SKU-001;4;45000;500;CARD
REC-20260729-STORE_04-0120;STORE_04;CASH-10;2026-07-29 10:13:01;SKU-007;3;12000;0;CASH
REC-20260729-STORE_04-0120;STORE_04;CASH-09;2026-07-29 10:13:01;SKU-008;3;12000;1000;CARD
REC-20260729-STORE_04-0120;STORE_04;CASH-05;2026-07-29 10:13:01;SKU-006;1;45000;500;CARD
REC-20260729-STORE_04-0120;STORE_04;CASH-05;2026-07-29 10:13:01;SKU-005;2;5000;0;CARD
REC-20260729-STORE_04-0121;STORE_04;CASH-04;2026-07-29 17:05:31;SKU-004;4;25000;500;CASH
REC-20260729-STORE_04-0121;STORE_04;CASH-04;2026-07-29 17:05:31;SKU-001;2;45000;500;CASH
REC-20260729-STORE_04-0121;STORE_04;CASH-08;2026-07-29 17:05:31;SKU-016;2;25000;0;CARD
REC-20260729-STORE_04-0121;STORE_04;CASH-09;2026-07-29 17:05:31;SKU-001;1;45000;0;CARD
REC-20260729-STORE_04-0121;STORE_04;CASH-02;2026-07-29 17:05:31;SKU-002;2;12000;0;CARD
REC-20260729-STORE_04-0122;STORE_04;CASH-08;2026-07-29 20:27:00;SKU-007;1;12000;1000;CASH
REC-20260729-STORE_04-0123;STORE_04;CASH-02;2026-07-29 21:23:18;SKU-001;2;45000;0;CARD
REC-20260729-STORE_04-0123;STORE_04;CASH-07;2026-07-29 21:23:18;SKU-010;4;25000;0;CARD
REC-20260729-STORE_04-0123;STORE_04;CASH-06;2026-07-29 21:23:18;SKU-009;1;25000;1000;CASH
REC-20260729-STORE_04-0124;STORE_04;CASH-06;2026-07-29 21:08:12;SKU-034;2;25000;0;CASH
REC-20260729-STORE_04-0124;STORE_04;CASH-09;2026-07-29 21:08:12;SKU-001;2;45000;1000;CARD
REC-20260729-STORE_04-0124;STORE_04;CASH-05;2026-07-29 21:08:12;SKU-042;4;5000;500;CARD
REC-20260729-STORE_04-0124;STORE_04;CASH-06;2026-07-29 21:08:12;SKU-027;3;5000;1000;CARD
REC-20260729-STORE_04-0124;STORE_04;CASH-10;2026-07-29 21:08:12;SKU-024;1;12000;0;CARD
REC-20260729-STORE_04-0125;STORE_04;CASH-03;2026-07-29 13:12:30;SKU-001;2;45000;1000;CARD
REC-20260729-STORE_04-0125;STORE_04;CASH-08;2026-07-29 13:12:30;SKU-010;2;25000;0;CARD
REC-20260729-STORE_04-0126;STORE_04;CASH-08;2026-07-29 19:18:32;SKU-001;3;45000;500;CARD
REC-20260729-STORE_04-0127;STORE_04;CASH-01;2026-07-29 21:54:30;SKU-003;1;45000;1000;CASH
REC-20260729-STORE_04-0127;STORE_04;CASH-04;2026-07-29 21:54:30;SKU-001;2;45000;500;CARD
REC-20260729-STORE_04-0127;STORE_04;CASH-07;2026-07-29 21:54:30;SKU-018;2;5000;0;CARD
REC-20260729-STORE_04-0128;STORE_04;CASH-10;2026-07-29 8:16:31;SKU-001;1;45000;0;CASH
REC-20260729-STORE_04-0128;STORE_04;CASH-04;2026-07-29 8:16:31;SKU-012;4;45000;0;CARD
REC-20260729-STORE_04-0128;STORE_04;CASH-05;2026-07-29 8:16:31;SKU-003;1;45000;500;CASH
REC-20260729-STORE_04-0129;STORE_04;CASH-03;2026-07-29 16:25:17;SKU-021;3;5000;0;CARD
REC-20260729-STORE_04-0129;STORE_04;CASH-06;2026-07-29 16:25:17;SKU-026;2;12000;0;CASH
REC-20260729-STORE_04-0130;STORE_04;CASH-06;2026-07-29 15:14:44;SKU-001;4;45000;500;CARD
REC-20260729-STORE_04-0130;STORE_04;CASH-04;2026-07-29 15:14:44;SKU-006;3;45000;0;CASH
REC-20260729-STORE_04-0130;STORE_04;CASH-01;2026-07-29 15:14:44;SKU-034;4;25000;0;CARD
REC-20260729-STORE_04-0130;STORE_04;CASH-08;2026-07-29 15:14:44;SKU-013;4;12000;500;CASH
REC-20260729-STORE_04-0130;STORE_04;CASH-09;2026-07-29 15:14:44;SKU-001;3;45000;0;CARD
REC-20260729-STORE_04-0131;STORE_04;CASH-02;2026-07-29 15:18:11;SKU-001;3;45000;500;CARD
REC-20260729-STORE_04-0132;STORE_04;CASH-04;2026-07-29 18:31:17;SKU-006;2;45000;1000;CARD
REC-20260729-STORE_04-0132;STORE_04;CASH-02;2026-07-29 18:31:17;SKU-001;3;45000;500;CASH
REC-20260729-STORE_04-0133;STORE_04;CASH-08;2026-07-29 19:48:04;SKU-003;1;45000;500;CARD
REC-20260729-STORE_04-0133;STORE_04;CASH-03;2026-07-29 19:48:04;SKU-002;2;12000;0;CARD
REC-20260729-STORE_04-0134;STORE_04;CASH-08;2026-07-29 17:39:52;SKU-003;2;45000;500;CARD
REC-20260729-STORE_04-0135;STORE_04;CASH-04;2026-07-29 20:05:13;SKU-001;2;45000;0;CARD
REC-20260729-STORE_04-0136;STORE_04;CASH-07;2026-07-29 14:26:36;SKU-016;2;25000;500;CARD
REC-20260729-STORE_04-0136;STORE_04;CASH-07;2026-07-29 14:26:36;SKU-006;3;45000;500;CARD
REC-20260729-STORE_04-0136;STORE_04;CASH-06;2026-07-29 14:26:36;SKU-024;4;12000;0;CARD
REC-20260729-STORE_04-0136;STORE_04;CASH-08;2026-07-29 14:26:36;SKU-010;1;25000;500;CARD
REC-20260729-STORE_04-0137;STORE_04;CASH-01;2026-07-29 21:04:07;SKU-025;3;5000;0;CARD
REC-20260729-STORE_04-0137;STORE_04;CASH-01;2026-07-29 21:04:07;SKU-006;1;45000;0;CARD
REC-20260729-STORE_04-0137;STORE_04;CASH-02;2026-07-29 21:04:07;SKU-011;2;5000;1000;CARD
REC-20260729-STORE_04-0138;STORE_04;CASH-03;2026-07-29 19:21:00;SKU-022;4;12000;1000;CASH
REC-20260729-STORE_04-0138;STORE_04;CASH-08;2026-07-29 19:21:00;SKU-005;1;5000;1000;CARD
REC-20260729-STORE_04-0138;STORE_04;CASH-07;2026-07-29 19:21:00;SKU-040;4;25000;0;CARD
REC-20260729-STORE_04-0138;STORE_04;CASH-03;2026-07-29 19:21:00;SKU-004;2;25000;0;CARD
REC-20260729-STORE_04-0138;STORE_04;CASH-06;2026-07-29 19:21:00;SKU-010;1;25000;0;CASH
REC-20260729-STORE_04-0139;STORE_04;CASH-01;2026-07-29 8:54:57;SKU-017;2;12000;500;CARD
REC-20260729-STORE_04-0140;STORE_04;CASH-02;2026-07-29 19:26:35;SKU-031;2;45000;0;CARD
REC-20260729-STORE_04-0141;STORE_04;CASH-04;2026-07-29 11:10:12;SKU-005;4;5000;0;CARD
REC-20260729-STORE_04-0141;STORE_04;CASH-03;2026-07-29 11:10:12;SKU-018;1;5000;500;CARD
REC-20260729-STORE_04-0141;STORE_04;CASH-02;2026-07-29 11:10:12;SKU-006;2;45000;1000;CARD
REC-20260729-STORE_04-0141;STORE_04;CASH-03;2026-07-29 11:10:12;SKU-044;1;5000;0;CARD
REC-20260729-STORE_04-0142;STORE_04;CASH-03;2026-07-29 14:12:13;SKU-039;2;5000;0;CASH
REC-20260729-STORE_04-0142;STORE_04;CASH-07;2026-07-29 14:12:13;SKU-002;1;12000;0;CASH
REC-20260729-STORE_04-0142;STORE_04;CASH-01;2026-07-29 14:12:13;SKU-001;3;45000;0;CARD
REC-20260729-STORE_04-0142;STORE_04;CASH-01;2026-07-29 14:12:13;SKU-006;2;45000;0;CARD
REC-20260729-STORE_04-0142;STORE_04;CASH-09;2026-07-29 14:12:13;SKU-005;4;5000;0;CARD
REC-20260729-STORE_04-0143;STORE_04;CASH-06;2026-07-29 18:54:37;SKU-002;1;12000;0;CARD
REC-20260729-STORE_04-0143;STORE_04;CASH-05;2026-07-29 18:54:37;SKU-004;2;25000;500;CARD
REC-20260729-STORE_04-0143;STORE_04;CASH-02;2026-07-29 18:54:37;SKU-006;4;45000;0;CARD
REC-20260729-STORE_04-0144;STORE_04;CASH-04;2026-07-29 17:04:34;SKU-012;1;45000;0;CASH
REC-20260729-STORE_04-0144;STORE_04;CASH-05;2026-07-29 17:04:34;SKU-030;4;45000;500;CASH
REC-20260729-STORE_04-0144;STORE_04;CASH-06;2026-07-29 17:04:34;SKU-004;2;25000;0;CARD
REC-20260729-STORE_04-0144;STORE_04;CASH-06;2026-07-29 17:04:34;SKU-002;1;12000;0;CASH
REC-20260729-STORE_04-0145;STORE_04;CASH-09;2026-07-29 8:52:13;SKU-010;3;25000;0;CARD
REC-20260729-STORE_04-0146;STORE_04;CASH-01;2026-07-29 13:18:24;SKU-004;3;25000;0;CASH
REC-20260729-STORE_04-0146;STORE_04;CASH-08;2026-07-29 13:18:24;SKU-005;2;5000;500;CARD
REC-20260729-STORE_04-0147;STORE_04;CASH-05;2026-07-29 10:33:52;SKU-011;3;5000;0;CASH
REC-20260729-STORE_04-0147;STORE_04;CASH-06;2026-07-29 10:33:52;SKU-040;4;25000;0;CARD
REC-20260729-STORE_04-0147;STORE_04;CASH-01;2026-07-29 10:33:52;SKU-006;3;45000;0;CARD
REC-20260729-STORE_04-0147;STORE_04;CASH-08;2026-07-29 10:33:52;SKU-001;2;45000;0;CARD
REC-20260729-STORE_04-0148;STORE_04;CASH-10;2026-07-29 20:29:22;SKU-009;2;25000;0;CASH
REC-20260729-STORE_04-0148;STORE_04;CASH-09;2026-07-29 20:29:22;SKU-010;4;25000;0;CARD
REC-20260729-STORE_04-0148;STORE_04;CASH-03;2026-07-29 20:29:22;SKU-004;3;25000;1000;CARD
REC-20260729-STORE_04-0148;STORE_04;CASH-07;2026-07-29 20:29:22;SKU-001;4;45000;0;CASH
REC-20260729-STORE_04-0148;STORE_04;CASH-03;2026-07-29 20:29:22;SKU-049;2;5000;500;CASH
REC-20260729-STORE_04-0149;STORE_04;CASH-04;2026-07-29 10:54:43;SKU-001;1;45000;0;CASH
REC-20260729-STORE_04-0150;STORE_04;CASH-09;2026-07-29 13:49:21;SKU-029;4;5000;0;CARD
REC-20260729-STORE_04-0150;STORE_04;CASH-09;2026-07-29 13:49:21;SKU-001;4;45000;500;CASH
REC-20260729-STORE_04-0150;STORE_04;CASH-08;2026-07-29 13:49:21;SKU-002;3;12000;500;CASH
REC-20260729-STORE_04-0150;STORE_04;CASH-07;2026-07-29 13:49:21;SKU-024;2;12000;0;CARD
REC-20260729-STORE_04-0150;STORE_04;CASH-09;2026-07-29 13:49:21;SKU-040;4;25000;500;CARD
REC-20260729-STORE_04-0151;STORE_04;CASH-01;2026-07-29 17:08:47;SKU-004;1;25000;0;CARD
REC-20260729-STORE_04-0151;STORE_04;CASH-09;2026-07-29 17:08:47;SKU-005;3;5000;0;CASH
REC-20260729-STORE_04-0151;STORE_04;CASH-02;2026-07-29 17:08:47;SKU-001;2;45000;0;CARD
REC-20260729-STORE_04-0152;STORE_04;CASH-08;2026-07-29 21:20:40;SKU-004;2;25000;0;CARD
REC-20260729-STORE_04-0152;STORE_04;CASH-01;2026-07-29 21:20:40;SKU-024;1;12000;0;CARD
REC-20260729-STORE_04-0152;STORE_04;CASH-08;2026-07-29 21:20:40;SKU-002;1;12000;0;CARD
REC-20260729-STORE_04-0152;STORE_04;CASH-10;2026-07-29 21:20:40;SKU-024;3;12000;500;CASH
REC-20260729-STORE_04-0152;STORE_04;CASH-02;2026-07-29 21:20:40;SKU-007;2;12000;0;CASH
REC-20260729-STORE_04-0153;STORE_04;CASH-09;2026-07-29 10:31:16;SKU-021;1;5000;0;CARD
REC-20260729-STORE_04-0153;STORE_04;CASH-07;2026-07-29 10:31:16;SKU-001;3;45000;1000;CARD
REC-20260729-STORE_04-0153;STORE_04;CASH-04;2026-07-29 10:31:16;SKU-003;1;45000;0;CARD
REC-20260729-STORE_04-0153;STORE_04;CASH-09;2026-07-29 10:31:16;SKU-040;3;25000;500;CARD
REC-20260729-STORE_04-0153;STORE_04;CASH-03;2026-07-29 10:31:16;SKU-001;2;45000;0;CARD
REC-20260729-STORE_04-0154;STORE_04;CASH-03;2026-07-29 10:18:13;SKU-040;3;25000;500;CARD
REC-20260729-STORE_04-0154;STORE_04;CASH-04;2026-07-29 10:18:13;SKU-022;2;12000;1000;CASH
REC-20260729-STORE_04-0154;STORE_04;CASH-05;2026-07-29 10:18:13;SKU-001;3;45000;0;CARD
REC-20260729-STORE_04-0154;STORE_04;CASH-10;2026-07-29 10:18:13;SKU-002;2;12000;0;CASH
REC-20260729-STORE_04-0154;STORE_04;CASH-05;2026-07-29 10:18:13;SKU-043;4;25000;0;CARD
REC-20260729-STORE_04-0155;STORE_04;CASH-09;2026-07-29 13:44:30;SKU-004;3;25000;1000;CARD
REC-20260729-STORE_04-0155;STORE_04;CASH-08;2026-07-29 13:44:30;SKU-001;2;45000;500;CASH
REC-20260729-STORE_04-0155;STORE_04;CASH-08;2026-07-29 13:44:30;SKU-001;1;45000;0;CARD
REC-20260729-STORE_04-0156;STORE_04;CASH-02;2026-07-29 18:28:15;SKU-001;2;45000;500;CARD
REC-20260729-STORE_04-0156;STORE_04;CASH-01;2026-07-29 18:28:15;SKU-007;3;12000;0;CARD
REC-20260729-STORE_04-0156;STORE_04;CASH-10;2026-07-29 18:28:15;SKU-028;3;5000;500;CARD
REC-20260729-STORE_04-0157;STORE_04;CASH-06;2026-07-29 12:17:49;SKU-018;4;5000;0;CARD
REC-20260729-STORE_04-0157;STORE_04;CASH-08;2026-07-29 12:17:49;SKU-001;1;45000;0;CASH
REC-20260729-STORE_04-0158;STORE_04;CASH-04;2026-07-29 10:14:55;SKU-045;3;45000;0;CARD
REC-20260729-STORE_04-0158;STORE_04;CASH-10;2026-07-29 10:14:55;SKU-013;3;12000;0;CASH
REC-20260729-STORE_04-0158;STORE_04;CASH-01;2026-07-29 10:14:55;SKU-001;4;45000;0;CARD
REC-20260729-STORE_04-0158;STORE_04;CASH-06;2026-07-29 10:14:55;SKU-015;1;5000;0;CARD
REC-20260729-STORE_04-0158;STORE_04;CASH-08;2026-07-29 10:14:55;SKU-025;1;5000;500;CARD
REC-20260729-STORE_04-0159;STORE_04;CASH-10;2026-07-29 8:07:40;SKU-003;2;45000;0;CARD
REC-20260729-STORE_04-0160;STORE_04;CASH-01;2026-07-29 18:13:47;SKU-001;1;45000;500;CARD
REC-20260729-STORE_04-0160;STORE_04;CASH-02;2026-07-29 18:13:47;SKU-005;4;5000;500;CARD
REC-20260729-STORE_04-0160;STORE_04;CASH-02;2026-07-29 18:13:47;SKU-001;4;45000;500;CARD
REC-20260729-STORE_04-0161;STORE_04;CASH-07;2026-07-29 14:21:32;SKU-001;1;45000;0;CASH
REC-20260729-STORE_04-0161;STORE_04;CASH-10;2026-07-29 14:21:32;SKU-001;3;45000;500;CARD
REC-20260729-STORE_04-0161;STORE_04;CASH-08;2026-07-29 14:21:32;SKU-001;4;45000;0;CARD
REC-20260729-STORE_04-0162;STORE_04;CASH-06;2026-07-29 11:15:22;SKU-003;3;45000;500;CARD
REC-20260729-STORE_04-0162;STORE_04;CASH-06;2026-07-29 11:15:22;SKU-008;3;12000;0;CARD
REC-20260729-STORE_04-0163;STORE_04;CASH-01;2026-07-29 9:08:59;SKU-030;4;45000;500;CARD
REC-20260729-STORE_04-0163;STORE_04;CASH-08;2026-07-29 9:08:59;SKU-002;2;12000;500;CARD
REC-20260729-STORE_04-0163;STORE_04;CASH-01;2026-07-29 9:08:59;SKU-001;3;45000;0;CASH
REC-20260729-STORE_04-0163;STORE_04;CASH-04;2026-07-29 9:08:59;SKU-018;4;5000;0;CARD
REC-20260729-STORE_04-0164;STORE_04;CASH-10;2026-07-29 14:14:57;SKU-001;1;45000;500;CASH
REC-20260729-STORE_04-0164;STORE_04;CASH-09;2026-07-29 14:14:57;SKU-032;3;25000;500;CARD
REC-20260729-STORE_04-0164;STORE_04;CASH-03;2026-07-29 14:14:57;SKU-011;2;5000;0;CASH
REC-20260729-STORE_04-0164;STORE_04;CASH-10;2026-07-29 14:14:57;SKU-040;1;25000;0;CASH
REC-20260729-STORE_04-0165;STORE_04;CASH-02;2026-07-29 21:26:32;SKU-002;4;12000;0;CARD
REC-20260729-STORE_04-0165;STORE_04;CASH-04;2026-07-29 21:26:32;SKU-005;2;5000;1000;CARD
REC-20260729-STORE_04-0165;STORE_04;CASH-09;2026-07-29 21:26:32;SKU-001;3;45000;500;CASH
REC-20260729-STORE_04-0165;STORE_04;CASH-05;2026-07-29 21:26:32;SKU-010;1;25000;0;CARD
REC-20260729-STORE_04-0166;STORE_04;CASH-03;2026-07-29 13:47:11;SKU-006;4;45000;0;CARD
REC-20260729-STORE_04-0167;STORE_04;CASH-06;2026-07-29 10:08:46;SKU-014;1;5000;1000;CASH
REC-20260729-STORE_04-0167;STORE_04;CASH-01;2026-07-29 10:08:46;SKU-002;1;12000;500;CARD
REC-20260729-STORE_04-0168;STORE_04;CASH-07;2026-07-29 11:43:21;SKU-003;1;45000;0;CARD
REC-20260729-STORE_04-0168;STORE_04;CASH-05;2026-07-29 11:43:21;SKU-001;1;45000;1000;CARD
REC-20260729-STORE_04-0169;STORE_04;CASH-03;2026-07-29 20:21:55;SKU-021;2;5000;0;CARD
REC-20260729-STORE_04-0169;STORE_04;CASH-05;2026-07-29 20:21:55;SKU-004;3;25000;500;CASH
REC-20260729-STORE_04-0169;STORE_04;CASH-06;2026-07-29 20:21:55;SKU-001;4;45000;0;CARD
REC-20260729-STORE_04-0169;STORE_04;CASH-01;2026-07-29 20:21:55;SKU-005;1;5000;0;CARD
REC-20260729-STORE_04-0169;STORE_04;CASH-03;2026-07-29 20:21:55;SKU-023;1;45000;500;CARD
REC-20260729-STORE_04-0170;STORE_04;CASH-01;2026-07-29 19:58:10;SKU-002;1;12000;500;CARD
REC-20260729-STORE_04-0170;STORE_04;CASH-10;2026-07-29 19:58:10;SKU-002;2;12000;0;CASH
REC-20260729-STORE_04-0170;STORE_04;CASH-03;2026-07-29 19:58:10;SKU-001;2;45000;0;CARD
REC-20260729-STORE_04-0170;STORE_04;CASH-02;2026-07-29 19:58:10;SKU-004;2;25000;0;CARD
REC-20260729-STORE_04-0171;STORE_04;CASH-04;2026-07-29 20:16:54;SKU-001;2;45000;1000;CARD
REC-20260729-STORE_04-0171;STORE_04;CASH-09;2026-07-29 20:16:54;SKU-001;1;45000;1000;CARD
REC-20260729-STORE_04-0171;STORE_04;CASH-06;2026-07-29 20:16:54;SKU-006;2;45000;1000;CARD
REC-20260729-STORE_04-0171;STORE_04;CASH-10;2026-07-29 20:16:54;SKU-011;4;5000;0;CARD
REC-20260729-STORE_04-0171;STORE_04;CASH-09;2026-07-29 20:16:54;SKU-014;1;5000;0;CARD
REC-20260729-STORE_04-0172;STORE_04;CASH-04;2026-07-29 16:43:44;SKU-001;3;45000;0;CARD
REC-20260729-STORE_04-0172;STORE_04;CASH-02;2026-07-29 16:43:44;SKU-002;3;12000;1000;CARD
REC-20260729-STORE_04-0172;STORE_04;CASH-05;2026-07-29 16:43:44;SKU-018;2;5000;0;CARD
REC-20260729-STORE_04-0173;STORE_04;CASH-03;2026-07-29 16:29:14;SKU-013;2;12000;500;CASH
REC-20260729-STORE_04-0173;STORE_04;CASH-08;2026-07-29 16:29:14;SKU-004;1;25000;1000;CARD
REC-20260729-STORE_04-0174;STORE_04;CASH-02;2026-07-29 8:51:30;SKU-028;4;5000;0;CASH
REC-20260729-STORE_04-0174;STORE_04;CASH-01;2026-07-29 8:51:30;SKU-013;4;12000;0;CARD
REC-20260729-STORE_04-0174;STORE_04;CASH-01;2026-07-29 8:51:30;SKU-009;2;25000;0;CASH
REC-20260729-STORE_04-0175;STORE_04;CASH-01;2026-07-29 16:20:21;SKU-001;2;45000;0;CASH
REC-20260729-STORE_04-0176;STORE_04;CASH-09;2026-07-29 12:22:48;SKU-020;2;12000;0;CASH
REC-20260729-STORE_04-0176;STORE_04;CASH-09;2026-07-29 12:22:48;SKU-001;3;45000;1000;CARD
REC-20260729-STORE_04-0176;STORE_04;CASH-08;2026-07-29 12:22:48;SKU-002;3;12000;0;CARD
REC-20260729-STORE_04-0176;STORE_04;CASH-10;2026-07-29 12:22:48;SKU-003;3;45000;0;CASH
REC-20260729-STORE_04-0177;STORE_04;CASH-01;2026-07-29 18:39:53;SKU-005;2;5000;500;CASH
REC-20260729-STORE_04-0177;STORE_04;CASH-03;2026-07-29 18:39:53;SKU-004;2;25000;500;CASH
REC-20260729-STORE_04-0177;STORE_04;CASH-07;2026-07-29 18:39:53;SKU-011;2;5000;0;CARD
REC-20260729-STORE_04-0177;STORE_04;CASH-02;2026-07-29 18:39:53;SKU-006;1;45000;0;CASH
REC-20260729-STORE_04-0178;STORE_04;CASH-06;2026-07-29 13:40:35;SKU-001;2;45000;1000;CARD
REC-20260729-STORE_04-0178;STORE_04;CASH-07;2026-07-29 13:40:35;SKU-010;3;25000;500;CARD
REC-20260729-STORE_04-0178;STORE_04;CASH-06;2026-07-29 13:40:35;SKU-032;4;25000;1000;CASH
REC-20260729-STORE_04-0178;STORE_04;CASH-10;2026-07-29 13:40:35;SKU-007;4;12000;0;CASH
REC-20260729-STORE_04-0178;STORE_04;CASH-05;2026-07-29 13:40:35;SKU-002;3;12000;0;CARD
REC-20260729-STORE_04-0179;STORE_04;CASH-10;2026-07-29 10:24:14;SKU-004;3;25000;1000;CARD
REC-20260729-STORE_04-0179;STORE_04;CASH-01;2026-07-29 10:24:14;SKU-042;3;5000;0;CARD
REC-20260729-STORE_04-0180;STORE_04;CASH-04;2026-07-29 11:09:09;SKU-001;2;45000;0;CASH
REC-20260729-STORE_04-0180;STORE_04;CASH-02;2026-07-29 11:09:09;SKU-017;4;12000;0;CASH
REC-20260729-STORE_04-0180;STORE_04;CASH-08;2026-07-29 11:09:09;SKU-006;4;45000;1000;CARD
REC-20260729-STORE_04-0180;STORE_04;CASH-01;2026-07-29 11:09:09;SKU-016;2;25000;0;CARD
REC-20260729-STORE_04-0181;STORE_04;CASH-03;2026-07-29 12:52:21;SKU-004;1;25000;500;CARD
REC-20260729-STORE_04-0181;STORE_04;CASH-07;2026-07-29 12:52:21;SKU-001;3;45000;0;CARD
REC-20260729-STORE_04-0181;STORE_04;CASH-05;2026-07-29 12:52:21;SKU-009;4;25000;1000;CASH
REC-20260729-STORE_04-0181;STORE_04;CASH-10;2026-07-29 12:52:21;SKU-016;3;25000;0;CARD
REC-20260729-STORE_04-0182;STORE_04;CASH-06;2026-07-29 12:32:55;SKU-022;3;12000;0;CARD
REC-20260729-STORE_04-0182;STORE_04;CASH-03;2026-07-29 12:32:55;SKU-045;3;45000;500;CARD
REC-20260729-STORE_04-0183;STORE_04;CASH-09;2026-07-29 11:30:14;SKU-003;1;45000;0;CASH
REC-20260729-STORE_04-0183;STORE_04;CASH-10;2026-07-29 11:30:14;SKU-004;2;25000;0;CARD
REC-20260729-STORE_04-0183;STORE_04;CASH-09;2026-07-29 11:30:14;SKU-009;4;25000;0;CARD
REC-20260729-STORE_04-0183;STORE_04;CASH-07;2026-07-29 11:30:14;SKU-004;2;25000;0;CARD
REC-20260729-STORE_04-0183;STORE_04;CASH-03;2026-07-29 11:30:14;SKU-006;1;45000;0;CASH
REC-20260729-STORE_04-0184;STORE_04;CASH-10;2026-07-29 18:34:44;SKU-001;4;45000;0;CASH
REC-20260729-STORE_04-0184;STORE_04;CASH-09;2026-07-29 18:34:44;SKU-004;3;25000;1000;CASH
REC-20260729-STORE_04-0185;STORE_04;CASH-06;2026-07-29 10:56:28;SKU-049;1;5000;1000;CARD
REC-20260729-STORE_04-0186;STORE_04;CASH-09;2026-07-29 19:03:01;SKU-001;2;45000;0;CARD
REC-20260729-STORE_04-0186;STORE_04;CASH-03;2026-07-29 19:03:01;SKU-004;1;25000;0;CARD
REC-20260729-STORE_04-0186;STORE_04;CASH-01;2026-07-29 19:03:01;SKU-003;1;45000;1000;CASH
REC-20260729-STORE_04-0186;STORE_04;CASH-06;2026-07-29 19:03:01;SKU-001;2;45000;0;CARD
REC-20260729-STORE_04-0187;STORE_04;CASH-01;2026-07-29 21:12:51;SKU-009;4;25000;0;CARD
REC-20260729-STORE_04-0187;STORE_04;CASH-09;2026-07-29 21:12:51;SKU-006;2;45000;500;CARD
REC-20260729-STORE_04-0187;STORE_04;CASH-08;2026-07-29 21:12:51;SKU-024;4;12000;0;CARD
REC-20260729-STORE_04-0187;STORE_04;CASH-08;2026-07-29 21:12:51;SKU-020;4;12000;0;CASH
REC-20260729-STORE_04-0187;STORE_04;CASH-07;2026-07-29 21:12:51;SKU-004;1;25000;0;CARD
REC-20260729-STORE_04-0188;STORE_04;CASH-02;2026-07-29 18:50:15;SKU-008;4;12000;0;CARD
REC-20260729-STORE_04-0188;STORE_04;CASH-01;2026-07-29 18:50:15;SKU-007;3;12000;0;CARD
REC-20260729-STORE_04-0189;STORE_04;CASH-05;2026-07-29 18:46:26;SKU-001;2;45000;500;CARD
REC-20260729-STORE_04-0189;STORE_04;CASH-02;2026-07-29 18:46:26;SKU-002;1;12000;0;CARD
REC-20260729-STORE_04-0189;STORE_04;CASH-09;2026-07-29 18:46:26;SKU-005;3;5000;0;CARD
REC-20260729-STORE_04-0189;STORE_04;CASH-04;2026-07-29 18:46:26;SKU-005;2;5000;500;CARD
REC-20260729-STORE_04-0190;STORE_04;CASH-02;2026-07-29 13:59:12;SKU-006;4;45000;0;CARD
REC-20260729-STORE_04-0190;STORE_04;CASH-03;2026-07-29 13:59:12;SKU-002;2;12000;0;CASH
REC-20260729-STORE_04-0190;STORE_04;CASH-09;2026-07-29 13:59:12;SKU-008;1;12000;0;CARD
REC-20260729-STORE_04-0190;STORE_04;CASH-06;2026-07-29 13:59:12;SKU-001;4;45000;500;CARD
REC-20260729-STORE_04-0191;STORE_04;CASH-07;2026-07-29 15:09:35;SKU-001;1;45000;0;CARD
REC-20260729-STORE_04-0191;STORE_04;CASH-03;2026-07-29 15:09:35;SKU-016;3;25000;500;CARD
REC-20260729-STORE_04-0191;STORE_04;CASH-05;2026-07-29 15:09:35;SKU-039;1;5000;1000;CARD
REC-20260729-STORE_04-0191;STORE_04;CASH-02;2026-07-29 15:09:35;SKU-018;4;5000;0;CARD
REC-20260729-STORE_04-0192;STORE_04;CASH-05;2026-07-29 18:00:27;SKU-021;1;5000;0;CARD
REC-20260729-STORE_04-0192;STORE_04;CASH-05;2026-07-29 18:00:27;SKU-029;4;5000;500;CASH
REC-20260729-STORE_04-0192;STORE_04;CASH-06;2026-07-29 18:00:27;SKU-019;3;25000;0;CASH
REC-20260729-STORE_04-0192;STORE_04;CASH-08;2026-07-29 18:00:27;SKU-013;1;12000;0;CARD
REC-20260729-STORE_04-0192;STORE_04;CASH-10;2026-07-29 18:00:27;SKU-009;3;25000;0;CASH
REC-20260729-STORE_04-0193;STORE_04;CASH-10;2026-07-29 15:11:18;SKU-001;4;45000;500;CARD
REC-20260729-STORE_04-0193;STORE_04;CASH-09;2026-07-29 15:11:18;SKU-013;4;12000;0;CASH
REC-20260729-STORE_04-0193;STORE_04;CASH-08;2026-07-29 15:11:18;SKU-001;2;45000;500;CARD
REC-20260729-STORE_04-0194;STORE_04;CASH-09;2026-07-29 11:20:24;SKU-016;3;25000;0;CARD
REC-20260729-STORE_04-0194;STORE_04;CASH-07;2026-07-29 11:20:24;SKU-030;2;45000;1000;CARD
REC-20260729-STORE_04-0194;STORE_04;CASH-01;2026-07-29 11:20:24;SKU-008;3;12000;1000;CARD
REC-20260729-STORE_04-0195;STORE_04;CASH-08;2026-07-29 8:48:14;SKU-001;2;45000;500;CASH
REC-20260729-STORE_04-0195;STORE_04;CASH-03;2026-07-29 8:48:14;SKU-001;1;45000;1000;CARD
REC-20260729-STORE_04-0195;STORE_04;CASH-08;2026-07-29 8:48:14;SKU-031;2;45000;1000;CARD
REC-20260729-STORE_04-0195;STORE_04;CASH-09;2026-07-29 8:48:14;SKU-015;1;5000;0;CASH
REC-20260729-STORE_04-0195;STORE_04;CASH-03;2026-07-29 8:48:14;SKU-033;3;5000;500;CASH
REC-20260729-STORE_04-0196;STORE_04;CASH-10;2026-07-29 15:41:26;SKU-037;3;45000;500;CARD
REC-20260729-STORE_04-0196;STORE_04;CASH-08;2026-07-29 15:41:26;SKU-012;4;45000;0;CASH
REC-20260729-STORE_04-0196;STORE_04;CASH-02;2026-07-29 15:41:26;SKU-002;2;12000;0;CARD
REC-20260729-STORE_04-0196;STORE_04;CASH-09;2026-07-29 15:41:26;SKU-006;4;45000;1000;CASH
REC-20260729-STORE_04-0196;STORE_04;CASH-01;2026-07-29 15:41:26;SKU-005;3;5000;1000;CASH
REC-20260729-STORE_04-0197;STORE_04;CASH-03;2026-07-29 19:34:46;SKU-046;4;25000;1000;CASH
REC-20260729-STORE_04-0197;STORE_04;CASH-02;2026-07-29 19:34:46;SKU-004;1;25000;1000;CASH
REC-20260729-STORE_04-0198;STORE_04;CASH-03;2026-07-29 16:51:42;SKU-006;3;45000;0;CASH
REC-20260729-STORE_04-0198;STORE_04;CASH-01;2026-07-29 16:51:42;SKU-001;2;45000;0;CARD
REC-20260729-STORE_04-0198;STORE_04;CASH-07;2026-07-29 16:51:42;SKU-004;2;25000;0;CARD
REC-20260729-STORE_04-0198;STORE_04;CASH-01;2026-07-29 16:51:42;SKU-001;2;45000;500;CASH
REC-20260729-STORE_04-0199;STORE_04;CASH-02;2026-07-29 12:07:13;SKU-017;2;12000;1000;CASH
REC-20260729-STORE_04-0200;STORE_04;CASH-02;2026-07-29 13:58:33;SKU-039;3;5000;0;CARD
REC-20260729-STORE_04-0201;STORE_04;CASH-03;2026-07-29 14:50:44;SKU-005;2;5000;1000;CARD
REC-20260729-STORE_04-0201;STORE_04;CASH-07;2026-07-29 14:50:44;SKU-004;1;25000;0;CARD
REC-20260729-STORE_04-0202;STORE_04;CASH-02;2026-07-29 15:54:37;SKU-033;1;5000;0;CASH
REC-20260729-STORE_04-0202;STORE_04;CASH-06;2026-07-29 15:54:37;SKU-008;2;12000;0;CASH
REC-20260729-STORE_04-0202;STORE_04;CASH-08;2026-07-29 15:54:37;SKU-016;1;25000;0;CARD
REC-20260729-STORE_04-0202;STORE_04;CASH-10;2026-07-29 15:54:37;SKU-035;3;5000;0;CARD
REC-20260729-STORE_04-0202;STORE_04;CASH-03;2026-07-29 15:54:37;SKU-034;1;25000;500;CARD
REC-20260729-STORE_04-0203;STORE_04;CASH-08;2026-07-29 21:08:41;SKU-001;3;45000;500;CARD
REC-20260729-STORE_04-0204;STORE_04;CASH-09;2026-07-29 15:01:25;SKU-001;1;45000;0;CARD
REC-20260729-STORE_04-0205;STORE_04;CASH-10;2026-07-29 13:36:15;SKU-002;3;12000;500;CASH
REC-20260729-STORE_04-0206;STORE_04;CASH-08;2026-07-29 8:38:54;SKU-001;4;45000;0;CASH
REC-20260729-STORE_04-0206;STORE_04;CASH-07;2026-07-29 8:38:54;SKU-002;3;12000;1000;CARD
REC-20260729-STORE_04-0206;STORE_04;CASH-07;2026-07-29 8:38:54;SKU-036;2;45000;1000;CARD
REC-20260729-STORE_04-0207;STORE_04;CASH-10;2026-07-29 13:48:00;SKU-002;3;12000;0;CARD
REC-20260729-STORE_04-0208;STORE_04;CASH-05;2026-07-29 12:03:05;SKU-006;1;45000;1000;CASH
REC-20260729-STORE_04-0208;STORE_04;CASH-04;2026-07-29 12:03:05;SKU-013;3;12000;0;CASH
REC-20260729-STORE_04-0209;STORE_04;CASH-08;2026-07-29 17:02:50;SKU-009;3;25000;0;CARD
REC-20260729-STORE_04-0209;STORE_04;CASH-08;2026-07-29 17:02:50;SKU-001;4;45000;1000;CARD
REC-20260729-STORE_04-0209;STORE_04;CASH-06;2026-07-29 17:02:50;SKU-001;2;45000;0;CASH
REC-20260729-STORE_04-0209;STORE_04;CASH-09;2026-07-29 17:02:50;SKU-003;3;45000;0;CARD
REC-20260729-STORE_04-0209;STORE_04;CASH-03;2026-07-29 17:02:50;SKU-002;4;12000;0;CARD
REC-20260729-STORE_04-0210;STORE_04;CASH-01;2026-07-29 12:08:34;SKU-001;3;45000;0;CASH
REC-20260729-STORE_04-0211;STORE_04;CASH-05;2026-07-29 9:50:43;SKU-001;2;45000;0;CARD
REC-20260729-STORE_04-0211;STORE_04;CASH-10;2026-07-29 9:50:43;SKU-049;1;5000;0;CARD
REC-20260729-STORE_04-0211;STORE_04;CASH-05;2026-07-29 9:50:43;SKU-011;4;5000;0;CARD
REC-20260729-STORE_04-0211;STORE_04;CASH-05;2026-07-29 9:50:43;SKU-002;2;12000;0;CARD
REC-20260729-STORE_04-0211;STORE_04;CASH-07;2026-07-29 9:50:43;SKU-013;2;12000;500;CARD
REC-20260729-STORE_04-0212;STORE_04;CASH-03;2026-07-29 18:04:55;SKU-006;4;45000;0;CARD
REC-20260729-STORE_04-0212;STORE_04;CASH-02;2026-07-29 18:04:55;SKU-003;2;45000;1000;CARD
REC-20260729-STORE_04-0212;STORE_04;CASH-09;2026-07-29 18:04:55;SKU-006;3;45000;0;CARD
REC-20260729-STORE_04-0212;STORE_04;CASH-08;2026-07-29 18:04:55;SKU-029;3;5000;500;CARD
REC-20260729-STORE_04-0212;STORE_04;CASH-05;2026-07-29 18:04:55;SKU-003;4;45000;0;CARD
REC-20260729-STORE_04-0213;STORE_04;CASH-05;2026-07-29 17:22:09;SKU-044;2;5000;0;CASH
REC-20260729-STORE_04-0213;STORE_04;CASH-05;2026-07-29 17:22:09;SKU-002;4;12000;1000;CARD
REC-20260729-STORE_04-0213;STORE_04;CASH-01;2026-07-29 17:22:09;SKU-002;2;12000;0;CARD
REC-20260729-STORE_04-0213;STORE_04;CASH-09;2026-07-29 17:22:09;SKU-004;3;25000;1000;CARD
REC-20260729-STORE_04-0213;STORE_04;CASH-04;2026-07-29 17:22:09;SKU-004;1;25000;0;CARD
REC-20260729-STORE_04-0214;STORE_04;CASH-10;2026-07-29 16:30:56;SKU-006;4;45000;0;CASH
REC-20260729-STORE_04-0214;STORE_04;CASH-01;2026-07-29 16:30:56;SKU-003;1;45000;500;CASH
REC-20260729-STORE_04-0214;STORE_04;CASH-10;2026-07-29 16:30:56;SKU-042;1;5000;500;CARD
REC-20260729-STORE_04-0215;STORE_04;CASH-04;2026-07-29 20:20:17;SKU-003;1;45000;500;CASH
REC-20260729-STORE_04-0215;STORE_04;CASH-07;2026-07-29 20:20:17;SKU-031;4;45000;0;CARD
REC-20260729-STORE_04-0215;STORE_04;CASH-07;2026-07-29 20:20:17;SKU-001;3;45000;0;CARD
REC-20260729-STORE_04-0215;STORE_04;CASH-08;2026-07-29 20:20:17;SKU-009;2;25000;0;CASH
REC-20260729-STORE_04-0216;STORE_04;CASH-08;2026-07-29 13:14:15;SKU-001;2;45000;1000;CARD
REC-20260729-STORE_04-0216;STORE_04;CASH-05;2026-07-29 13:14:15;SKU-005;4;5000;500;CARD
REC-20260729-STORE_04-0216;STORE_04;CASH-03;2026-07-29 13:14:15;SKU-011;4;5000;1000;CASH
REC-20260729-STORE_04-0216;STORE_04;CASH-04;2026-07-29 13:14:15;SKU-015;2;5000;1000;CARD
REC-20260729-STORE_04-0216;STORE_04;CASH-07;2026-07-29 13:14:15;SKU-001;1;45000;1000;CASH
REC-20260729-STORE_04-0217;STORE_04;CASH-06;2026-07-29 11:08:12;SKU-001;2;45000;1000;CASH
REC-20260729-STORE_04-0217;STORE_04;CASH-03;2026-07-29 11:08:12;SKU-040;4;25000;0;CARD
REC-20260729-STORE_04-0217;STORE_04;CASH-02;2026-07-29 11:08:12;SKU-015;4;5000;1000;CARD
REC-20260729-STORE_04-0217;STORE_04;CASH-09;2026-07-29 11:08:12;SKU-006;1;45000;0;CASH
REC-20260729-STORE_04-0218;STORE_04;CASH-02;2026-07-29 15:40:06;SKU-021;4;5000;1000;CASH
REC-20260729-STORE_04-0219;STORE_04;CASH-07;2026-07-29 14:30:27;SKU-008;4;12000;0;CARD
REC-20260729-STORE_04-0219;STORE_04;CASH-06;2026-07-29 14:30:27;SKU-002;4;12000;0;CASH
REC-20260729-STORE_04-0219;STORE_04;CASH-01;2026-07-29 14:30:27;SKU-015;1;5000;0;CASH
REC-20260729-STORE_04-0219;STORE_04;CASH-07;2026-07-29 14:30:27;SKU-004;3;25000;0;CASH
REC-20260729-STORE_04-0220;STORE_04;CASH-03;2026-07-29 20:13:15;SKU-002;1;12000;0;CASH
REC-20260729-STORE_04-0220;STORE_04;CASH-03;2026-07-29 20:13:15;SKU-002;4;12000;0;CASH
REC-20260729-STORE_04-0221;STORE_04;CASH-09;2026-07-29 17:24:46;SKU-007;1;12000;0;CARD
REC-20260729-STORE_04-0221;STORE_04;CASH-07;2026-07-29 17:24:46;SKU-012;3;45000;0;CASH
REC-20260729-STORE_04-0221;STORE_04;CASH-02;2026-07-29 17:24:46;SKU-001;3;45000;0;CARD
REC-20260729-STORE_04-0221;STORE_04;CASH-06;2026-07-29 17:24:46;SKU-014;3;5000;0;CARD
REC-20260729-STORE_04-0221;STORE_04;CASH-03;2026-07-29 17:24:46;SKU-004;4;25000;0;CARD
REC-20260729-STORE_04-0222;STORE_04;CASH-02;2026-07-29 15:41:10;SKU-001;2;45000;0;CASH
REC-20260729-STORE_04-0222;STORE_04;CASH-06;2026-07-29 15:41:10;SKU-003;4;45000;1000;CASH
REC-20260729-STORE_04-0222;STORE_04;CASH-01;2026-07-29 15:41:10;SKU-031;2;45000;0;CARD
REC-20260729-STORE_04-0223;STORE_04;CASH-08;2026-07-29 11:36:38;SKU-001;2;45000;0;CASH
REC-20260729-STORE_04-0223;STORE_04;CASH-10;2026-07-29 11:36:38;SKU-029;3;5000;0;CARD
REC-20260729-STORE_04-0224;STORE_04;CASH-07;2026-07-29 18:52:26;SKU-001;2;45000;0;CASH
REC-20260729-STORE_04-0224;STORE_04;CASH-09;2026-07-29 18:52:26;SKU-004;1;25000;1000;CASH
REC-20260729-STORE_04-0224;STORE_04;CASH-05;2026-07-29 18:52:26;SKU-001;2;45000;0;CARD
REC-20260729-STORE_04-0224;STORE_04;CASH-07;2026-07-29 18:52:26;SKU-030;3;45000;500;CASH
REC-20260729-STORE_04-0225;STORE_04;CASH-08;2026-07-29 11:26:02;SKU-007;3;12000;0;CASH
REC-20260729-STORE_04-0225;STORE_04;CASH-01;2026-07-29 11:26:02;SKU-002;4;12000;1000;CARD
REC-20260729-STORE_04-0225;STORE_04;CASH-02;2026-07-29 11:26:02;SKU-011;1;5000;0;CARD
REC-20260729-STORE_04-0225;STORE_04;CASH-08;2026-07-29 11:26:02;SKU-001;4;45000;0;CARD
REC-20260729-STORE_04-0225;STORE_04;CASH-09;2026-07-29 11:26:02;SKU-028;3;5000;0;CARD
REC-20260729-STORE_04-0226;STORE_04;CASH-04;2026-07-29 21:50:06;SKU-004;4;25000;500;CARD
REC-20260729-STORE_04-0226;STORE_04;CASH-07;2026-07-29 21:50:06;SKU-003;4;45000;500;CASH
REC-20260729-STORE_04-0226;STORE_04;CASH-03;2026-07-29 21:50:06;SKU-005;3;5000;0;CASH
REC-20260729-STORE_04-0226;STORE_04;CASH-08;2026-07-29 21:50:06;SKU-018;3;5000;1000;CASH
REC-20260729-STORE_04-0226;STORE_04;CASH-01;2026-07-29 21:50:06;SKU-044;1;5000;0;CARD
REC-20260729-STORE_04-0227;STORE_04;CASH-04;2026-07-29 21:45:11;SKU-005;3;5000;500;CASH
REC-20260729-STORE_04-0228;STORE_04;CASH-06;2026-07-29 9:45:46;SKU-006;1;45000;500;CARD
REC-20260729-STORE_04-0228;STORE_04;CASH-05;2026-07-29 9:45:46;SKU-016;4;25000;0;CARD
REC-20260729-STORE_04-0228;STORE_04;CASH-08;2026-07-29 9:45:46;SKU-033;1;5000;0;CARD
REC-20260729-STORE_04-0228;STORE_04;CASH-07;2026-07-29 9:45:46;SKU-001;2;45000;1000;CASH
REC-20260729-STORE_04-0229;STORE_04;CASH-08;2026-07-29 8:36:23;SKU-005;1;5000;0;CASH
REC-20260729-STORE_04-0229;STORE_04;CASH-04;2026-07-29 8:36:23;SKU-003;2;45000;0;CARD
REC-20260729-STORE_04-0229;STORE_04;CASH-10;2026-07-29 8:36:23;SKU-009;4;25000;0;CARD
REC-20260729-STORE_04-0229;STORE_04;CASH-09;2026-07-29 8:36:23;SKU-015;3;5000;0;CASH
REC-20260729-STORE_04-0230;STORE_04;CASH-06;2026-07-29 12:13:54;SKU-004;2;25000;1000;CARD
REC-20260729-STORE_04-0230;STORE_04;CASH-04;2026-07-29 12:13:54;SKU-010;1;25000;0;CARD
REC-20260729-STORE_04-0230;STORE_04;CASH-04;2026-07-29 12:13:54;SKU-003;2;45000;500;CARD
REC-20260729-STORE_04-0230;STORE_04;CASH-06;2026-07-29 12:13:54;SKU-001;4;45000;0;CASH
REC-20260729-STORE_04-0230;STORE_04;CASH-08;2026-07-29 12:13:54;SKU-001;1;45000;0;CARD
REC-20260729-STORE_04-0231;STORE_04;CASH-08;2026-07-29 10:45:27;SKU-003;2;45000;0;CARD
REC-20260729-STORE_04-0231;STORE_04;CASH-04;2026-07-29 10:45:27;SKU-038;1;12000;500;CARD
REC-20260729-STORE_04-0231;STORE_04;CASH-01;2026-07-29 10:45:27;SKU-003;4;45000;1000;CARD
REC-20260729-STORE_04-0231;STORE_04;CASH-03;2026-07-29 10:45:27;SKU-002;1;12000;0;CASH
REC-20260729-STORE_04-0232;STORE_04;CASH-06;2026-07-29 17:50:56;SKU-014;3;5000;500;CARD
REC-20260729-STORE_04-0232;STORE_04;CASH-03;2026-07-29 17:50:56;SKU-001;2;45000;1000;CARD
REC-20260729-STORE_04-0232;STORE_04;CASH-05;2026-07-29 17:50:56;SKU-018;2;5000;0;CARD
REC-20260729-STORE_04-0232;STORE_04;CASH-02;2026-07-29 17:50:56;SKU-001;1;45000;0;CARD
REC-20260729-STORE_04-0233;STORE_04;CASH-08;2026-07-29 19:54:00;SKU-012;2;45000;500;CARD
REC-20260729-STORE_04-0233;STORE_04;CASH-03;2026-07-29 19:54:00;SKU-002;4;12000;500;CARD
REC-20260729-STORE_04-0234;STORE_04;CASH-08;2026-07-29 15:04:13;SKU-018;2;5000;0;CARD
REC-20260729-STORE_04-0234;STORE_04;CASH-04;2026-07-29 15:04:13;SKU-045;3;45000;0;CARD
REC-20260729-STORE_04-0234;STORE_04;CASH-09;2026-07-29 15:04:13;SKU-041;4;25000;0;CARD
REC-20260729-STORE_04-0235;STORE_04;CASH-08;2026-07-29 19:01:27;SKU-010;3;25000;0;CASH
REC-20260729-STORE_04-0235;STORE_04;CASH-04;2026-07-29 19:01:27;SKU-001;3;45000;1000;CARD
REC-20260729-STORE_04-0235;STORE_04;CASH-05;2026-07-29 19:01:27;SKU-002;3;12000;500;CARD
REC-20260729-STORE_04-0236;STORE_04;CASH-09;2026-07-29 9:11:04;SKU-003;3;45000;1000;CASH
REC-20260729-STORE_04-0236;STORE_04;CASH-10;2026-07-29 9:11:04;SKU-006;4;45000;0;CARD
REC-20260729-STORE_04-0236;STORE_04;CASH-08;2026-07-29 9:11:04;SKU-032;3;25000;0;CARD
REC-20260729-STORE_04-0237;STORE_04;CASH-07;2026-07-29 15:12:49;SKU-003;3;45000;0;CARD
REC-20260729-STORE_04-0238;STORE_04;CASH-08;2026-07-29 14:14:01;SKU-004;1;25000;500;CASH
REC-20260729-STORE_04-0238;STORE_04;CASH-09;2026-07-29 14:14:01;SKU-003;2;45000;500;CARD
REC-20260729-STORE_04-0238;STORE_04;CASH-08;2026-07-29 14:14:01;SKU-009;3;25000;0;CASH
REC-20260729-STORE_04-0239;STORE_04;CASH-07;2026-07-29 18:22:26;SKU-036;1;45000;1000;CARD
REC-20260729-STORE_04-0240;STORE_04;CASH-08;2026-07-29 21:57:26;SKU-002;3;12000;0;CARD
REC-20260729-STORE_04-0240;STORE_04;CASH-06;2026-07-29 21:57:26;SKU-001;4;45000;0;CARD
REC-20260729-STORE_04-0241;STORE_04;CASH-08;2026-07-29 18:38:36;SKU-004;3;25000;1000;CARD
REC-20260729-STORE_04-0241;STORE_04;CASH-06;2026-07-29 18:38:36;SKU-002;4;12000;500;CASH
REC-20260729-STORE_04-0241;STORE_04;CASH-07;2026-07-29 18:38:36;SKU-030;3;45000;1000;CARD
REC-20260729-STORE_04-0242;STORE_04;CASH-05;2026-07-29 12:56:44;SKU-012;1;45000;0;CASH
REC-20260729-STORE_04-0242;STORE_04;CASH-05;2026-07-29 12:56:44;SKU-033;3;5000;1000;CARD
REC-20260729-STORE_04-0242;STORE_04;CASH-02;2026-07-29 12:56:44;SKU-001;2;45000;0;CARD
REC-20260729-STORE_04-0242;STORE_04;CASH-02;2026-07-29 12:56:44;SKU-023;2;45000;0;CARD
REC-20260729-STORE_04-0243;STORE_04;CASH-03;2026-07-29 12:36:56;SKU-001;4;45000;500;CARD
REC-20260729-STORE_04-0243;STORE_04;CASH-06;2026-07-29 12:36:56;SKU-001;4;45000;0;CASH
REC-20260729-STORE_04-0243;STORE_04;CASH-04;2026-07-29 12:36:56;SKU-004;4;25000;0;CARD
REC-20260729-STORE_04-0244;STORE_04;CASH-01;2026-07-29 16:35:03;SKU-002;2;12000;1000;CASH
REC-20260729-STORE_04-0244;STORE_04;CASH-05;2026-07-29 16:35:03;SKU-002;1;12000;500;CARD
REC-20260729-STORE_04-0244;STORE_04;CASH-10;2026-07-29 16:35:03;SKU-003;4;45000;0;CARD
REC-20260729-STORE_04-0244;STORE_04;CASH-08;2026-07-29 16:35:03;SKU-001;3;45000;1000;CARD
REC-20260729-STORE_04-0245;STORE_04;CASH-03;2026-07-29 21:50:33;SKU-001;4;45000;0;CARD
REC-20260729-STORE_04-0245;STORE_04;CASH-02;2026-07-29 21:50:33;SKU-001;3;45000;1000;CARD
REC-20260729-STORE_04-0245;STORE_04;CASH-09;2026-07-29 21:50:33;SKU-050;4;25000;0;CASH
REC-20260729-STORE_04-0246;STORE_04;CASH-06;2026-07-29 12:19:06;SKU-002;3;12000;500;CARD
REC-20260729-STORE_04-0246;STORE_04;CASH-10;2026-07-29 12:19:06;SKU-001;3;45000;0;CASH
REC-20260729-STORE_04-0246;STORE_04;CASH-07;2026-07-29 12:19:06;SKU-017;2;12000;0;CASH
REC-20260729-STORE_04-0247;STORE_04;CASH-10;2026-07-29 13:35:58;SKU-008;1;12000;1000;CARD
REC-20260729-STORE_04-0247;STORE_04;CASH-08;2026-07-29 13:35:58;SKU-006;3;45000;1000;CASH
REC-20260729-STORE_04-0247;STORE_04;CASH-09;2026-07-29 13:35:58;SKU-001;4;45000;0;CARD
REC-20260729-STORE_04-0247;STORE_04;CASH-08;2026-07-29 13:35:58;SKU-002;1;12000;0;CASH
REC-20260729-STORE_04-0247;STORE_04;CASH-07;2026-07-29 13:35:58;SKU-003;2;45000;0;CARD
REC-20260729-STORE_04-0248;STORE_04;CASH-05;2026-07-29 8:42:31;SKU-026;1;12000;0;CASH
REC-20260729-STORE_04-0248;STORE_04;CASH-02;2026-07-29 8:42:31;SKU-040;2;25000;0;CARD
REC-20260729-STORE_04-0248;STORE_04;CASH-01;2026-07-29 8:42:31;SKU-005;1;5000;500;CARD
REC-20260729-STORE_04-0248;STORE_04;CASH-02;2026-07-29 8:42:31;SKU-001;2;45000;1000;CARD
REC-20260729-STORE_04-0248;STORE_04;CASH-03;2026-07-29 8:42:31;SKU-001;2;45000;0;CASH
REC-20260729-STORE_04-0249;STORE_04;CASH-09;2026-07-29 14:05:01;SKU-011;4;5000;0;CARD
REC-20260729-STORE_04-0249;STORE_04;CASH-02;2026-07-29 14:05:01;SKU-007;3;12000;1000;CARD
REC-20260729-STORE_04-0249;STORE_04;CASH-05;2026-07-29 14:05:01;SKU-001;1;45000;1000;CASH
REC-20260729-STORE_04-0250;STORE_04;CASH-08;2026-07-29 15:31:10;SKU-012;2;45000;0;CARD
REC-20260729-STORE_04-0250;STORE_04;CASH-07;2026-07-29 15:31:10;SKU-027;2;5000;0;CARD
REC-20260729-STORE_04-0251;STORE_04;CASH-03;2026-07-29 17:35:11;SKU-004;2;25000;0;CASH
REC-20260729-STORE_04-0251;STORE_04;CASH-01;2026-07-29 17:35:11;SKU-004;1;25000;1000;CARD
REC-20260729-STORE_04-0251;STORE_04;CASH-07;2026-07-29 17:35:11;SKU-001;1;45000;0;CARD
REC-20260729-STORE_04-0252;STORE_04;CASH-10;2026-07-29 21:31:17;SKU-012;2;45000;1000;CARD
REC-20260729-STORE_04-0252;STORE_04;CASH-07;2026-07-29 21:31:17;SKU-002;1;12000;500;CASH
REC-20260729-STORE_04-0253;STORE_04;CASH-08;2026-07-29 20:48:39;SKU-003;1;45000;0;CASH
REC-20260729-STORE_04-0253;STORE_04;CASH-03;2026-07-29 20:48:39;SKU-036;2;45000;0;CASH
REC-20260729-STORE_04-0253;STORE_04;CASH-08;2026-07-29 20:48:39;SKU-018;4;5000;0;CARD
REC-20260729-STORE_04-0253;STORE_04;CASH-04;2026-07-29 20:48:39;SKU-037;4;45000;0;CARD
REC-20260729-STORE_04-0254;STORE_04;CASH-05;2026-07-29 12:40:22;SKU-003;3;45000;0;CARD
REC-20260729-STORE_04-0254;STORE_04;CASH-07;2026-07-29 12:40:22;SKU-029;4;5000;0;CARD
REC-20260729-STORE_04-0254;STORE_04;CASH-06;2026-07-29 12:40:22;SKU-037;2;45000;0;CASH
REC-20260729-STORE_04-0254;STORE_04;CASH-04;2026-07-29 12:40:22;SKU-024;1;12000;0;CASH
REC-20260729-STORE_04-0254;STORE_04;CASH-03;2026-07-29 12:40:22;SKU-003;1;45000;500;CARD
REC-20260729-STORE_04-0255;STORE_04;CASH-04;2026-07-29 17:10:38;SKU-003;4;45000;0;CASH
REC-20260729-STORE_04-0255;STORE_04;CASH-02;2026-07-29 17:10:38;SKU-017;2;12000;0;CARD
REC-20260729-STORE_04-0256;STORE_04;CASH-04;2026-07-29 19:55:33;SKU-003;1;45000;0;CARD
REC-20260729-STORE_04-0256;STORE_04;CASH-05;2026-07-29 19:55:33;SKU-001;4;45000;0;CARD
REC-20260729-STORE_04-0256;STORE_04;CASH-04;2026-07-29 19:55:33;SKU-004;4;25000;0;CASH
REC-20260729-STORE_04-0257;STORE_04;CASH-04;2026-07-29 13:26:52;SKU-008;1;12000;0;CARD
REC-20260729-STORE_04-0258;STORE_04;CASH-08;2026-07-29 10:39:42;SKU-005;3;5000;0;CARD
REC-20260729-STORE_04-0259;STORE_04;CASH-05;2026-07-29 11:22:55;SKU-011;2;5000;0;CASH
REC-20260729-STORE_04-0259;STORE_04;CASH-01;2026-07-29 11:22:55;SKU-001;1;45000;500;CARD
REC-20260729-STORE_04-0259;STORE_04;CASH-02;2026-07-29 11:22:55;SKU-002;2;12000;0;CARD
REC-20260729-STORE_04-0260;STORE_04;CASH-02;2026-07-29 18:38:52;SKU-012;4;45000;0;CARD
REC-20260729-STORE_04-0260;STORE_04;CASH-09;2026-07-29 18:38:52;SKU-021;1;5000;0;CASH
REC-20260729-STORE_04-0260;STORE_04;CASH-05;2026-07-29 18:38:52;SKU-007;4;12000;0;CARD
REC-20260729-STORE_04-0260;STORE_04;CASH-08;2026-07-29 18:38:52;SKU-034;1;25000;500;CARD
REC-20260729-STORE_04-0261;STORE_04;CASH-09;2026-07-29 14:23:22;SKU-001;1;45000;0;CARD
REC-20260729-STORE_04-0261;STORE_04;CASH-01;2026-07-29 14:23:22;SKU-038;2;12000;1000;CARD
REC-20260729-STORE_04-0262;STORE_04;CASH-07;2026-07-29 19:59:58;SKU-031;1;45000;500;CARD
REC-20260729-STORE_04-0262;STORE_04;CASH-10;2026-07-29 19:59:58;SKU-048;3;25000;0;CASH
REC-20260729-STORE_04-0262;STORE_04;CASH-01;2026-07-29 19:59:58;SKU-001;2;45000;0;CARD
REC-20260729-STORE_04-0262;STORE_04;CASH-03;2026-07-29 19:59:58;SKU-008;1;12000;0;CARD
REC-20260729-STORE_04-0262;STORE_04;CASH-09;2026-07-29 19:59:58;SKU-002;2;12000;0;CARD
REC-20260729-STORE_04-0263;STORE_04;CASH-08;2026-07-29 13:54:06;SKU-009;1;25000;0;CASH
REC-20260729-STORE_04-0264;STORE_04;CASH-09;2026-07-29 19:22:51;SKU-001;3;45000;500;CARD
REC-20260729-STORE_04-0264;STORE_04;CASH-04;2026-07-29 19:22:51;SKU-024;3;12000;500;CARD
REC-20260729-STORE_04-0264;STORE_04;CASH-10;2026-07-29 19:22:51;SKU-049;4;5000;500;CASH
REC-20260729-STORE_04-0264;STORE_04;CASH-07;2026-07-29 19:22:51;SKU-001;1;45000;0;CARD
REC-20260729-STORE_04-0264;STORE_04;CASH-06;2026-07-29 19:22:51;SKU-003;3;45000;1000;CARD
REC-20260729-STORE_04-0265;STORE_04;CASH-03;2026-07-29 9:46:51;SKU-023;4;45000;0;CARD
REC-20260729-STORE_04-0266;STORE_04;CASH-10;2026-07-29 17:09:53;SKU-004;4;25000;500;CARD
REC-20260729-STORE_04-0266;STORE_04;CASH-06;2026-07-29 17:09:53;SKU-002;3;12000;500;CASH
REC-20260729-STORE_04-0266;STORE_04;CASH-02;2026-07-29 17:09:53;SKU-001;3;45000;0;CASH
REC-20260729-STORE_04-0267;STORE_04;CASH-03;2026-07-29 18:42:57;SKU-007;3;12000;500;CARD
REC-20260729-STORE_04-0267;STORE_04;CASH-10;2026-07-29 18:42:57;SKU-011;2;5000;0;CARD
REC-20260729-STORE_04-0268;STORE_04;CASH-10;2026-07-29 11:07:47;SKU-007;1;12000;0;CARD
REC-20260729-STORE_04-0269;STORE_04;CASH-05;2026-07-29 20:43:17;SKU-001;1;45000;1000;CASH
REC-20260729-STORE_04-0269;STORE_04;CASH-04;2026-07-29 20:43:17;SKU-004;4;25000;0;CARD
REC-20260729-STORE_04-0269;STORE_04;CASH-08;2026-07-29 20:43:17;SKU-001;4;45000;1000;CARD
REC-20260729-STORE_04-0270;STORE_04;CASH-02;2026-07-29 20:41:58;SKU-050;2;25000;0;CARD
REC-20260729-STORE_04-0270;STORE_04;CASH-06;2026-07-29 20:41:58;SKU-037;2;45000;0;CARD
REC-20260729-STORE_04-0270;STORE_04;CASH-04;2026-07-29 20:41:58;SKU-013;2;12000;0;CARD
REC-20260729-STORE_04-0270;STORE_04;CASH-09;2026-07-29 20:41:58;SKU-008;4;12000;0;CARD
REC-20260729-STORE_04-0270;STORE_04;CASH-04;2026-07-29 20:41:58;SKU-001;1;45000;0;CARD
REC-20260729-STORE_04-0271;STORE_04;CASH-07;2026-07-29 21:13:44;SKU-023;2;45000;0;CARD
REC-20260729-STORE_04-0271;STORE_04;CASH-09;2026-07-29 21:13:44;SKU-003;4;45000;0;CASH
REC-20260729-STORE_04-0271;STORE_04;CASH-01;2026-07-29 21:13:44;SKU-012;3;45000;500;CARD
REC-20260729-STORE_04-0271;STORE_04;CASH-08;2026-07-29 21:13:44;SKU-002;1;12000;500;CARD
REC-20260729-STORE_04-0271;STORE_04;CASH-01;2026-07-29 21:13:44;SKU-001;4;45000;0;CARD
REC-20260729-STORE_04-0272;STORE_04;CASH-01;2026-07-29 10:48:07;SKU-002;1;12000;1000;CASH
REC-20260729-STORE_04-0272;STORE_04;CASH-03;2026-07-29 10:48:07;SKU-031;4;45000;1000;CASH
REC-20260729-STORE_04-0272;STORE_04;CASH-09;2026-07-29 10:48:07;SKU-014;1;5000;0;CARD
REC-20260729-STORE_04-0273;STORE_04;CASH-04;2026-07-29 18:43:09;SKU-002;4;12000;0;CARD
REC-20260729-STORE_04-0273;STORE_04;CASH-01;2026-07-29 18:43:09;SKU-021;2;5000;0;CARD
REC-20260729-STORE_04-0273;STORE_04;CASH-06;2026-07-29 18:43:09;SKU-002;3;12000;0;CARD
REC-20260729-STORE_04-0274;STORE_04;CASH-01;2026-07-29 20:22:17;SKU-010;2;25000;1000;CARD
REC-20260729-STORE_04-0275;STORE_04;CASH-07;2026-07-29 11:11:47;SKU-044;2;5000;0;CARD
REC-20260729-STORE_04-0275;STORE_04;CASH-02;2026-07-29 11:11:47;SKU-011;3;5000;0;CARD
REC-20260729-STORE_04-0275;STORE_04;CASH-03;2026-07-29 11:11:47;SKU-002;2;12000;0;CARD
REC-20260729-STORE_04-0275;STORE_04;CASH-05;2026-07-29 11:11:47;SKU-002;2;12000;500;CARD
REC-20260729-STORE_04-0276;STORE_04;CASH-06;2026-07-29 17:34:14;SKU-034;1;25000;0;CARD
REC-20260729-STORE_04-0276;STORE_04;CASH-02;2026-07-29 17:34:14;SKU-001;4;45000;0;CARD
REC-20260729-STORE_04-0276;STORE_04;CASH-04;2026-07-29 17:34:14;SKU-001;2;45000;0;CARD
REC-20260729-STORE_04-0276;STORE_04;CASH-02;2026-07-29 17:34:14;SKU-001;4;45000;0;CASH
REC-20260729-STORE_04-0277;STORE_04;CASH-05;2026-07-29 14:59:37;SKU-028;2;5000;0;CARD
REC-20260729-STORE_04-0277;STORE_04;CASH-02;2026-07-29 14:59:37;SKU-005;3;5000;0;CARD
REC-20260729-STORE_04-0277;STORE_04;CASH-05;2026-07-29 14:59:37;SKU-001;3;45000;0;CASH
REC-20260729-STORE_04-0277;STORE_04;CASH-02;2026-07-29 14:59:37;SKU-015;4;5000;0;CARD
REC-20260729-STORE_04-0278;STORE_04;CASH-07;2026-07-29 18:12:49;SKU-045;2;45000;500;CASH
REC-20260729-STORE_04-0278;STORE_04;CASH-06;2026-07-29 18:12:49;SKU-002;4;12000;0;CARD
REC-20260729-STORE_04-0278;STORE_04;CASH-01;2026-07-29 18:12:49;SKU-001;2;45000;500;CARD
REC-20260729-STORE_04-0278;STORE_04;CASH-06;2026-07-29 18:12:49;SKU-016;2;25000;0;CASH
REC-20260729-STORE_04-0279;STORE_04;CASH-08;2026-07-29 11:58:39;SKU-030;1;45000;0;CARD
REC-20260729-STORE_04-0279;STORE_04;CASH-05;2026-07-29 11:58:39;SKU-006;1;45000;500;CASH
REC-20260729-STORE_04-0280;STORE_04;CASH-08;2026-07-29 21:01:17;SKU-001;1;45000;500;CARD
REC-20260729-STORE_04-0280;STORE_04;CASH-02;2026-07-29 21:01:17;SKU-002;3;12000;0;CARD
REC-20260729-STORE_04-0281;STORE_04;CASH-05;2026-07-29 10:20:45;SKU-011;2;5000;0;CARD
REC-20260729-STORE_04-0281;STORE_04;CASH-02;2026-07-29 10:20:45;SKU-001;4;45000;0;CARD
REC-20260729-STORE_04-0281;STORE_04;CASH-08;2026-07-29 10:20:45;SKU-005;1;5000;0;CARD
REC-20260729-STORE_04-0282;STORE_04;CASH-03;2026-07-29 16:38:41;SKU-030;4;45000;500;CARD
REC-20260729-STORE_04-0282;STORE_04;CASH-09;2026-07-29 16:38:41;SKU-001;2;45000;0;CARD
REC-20260729-STORE_04-0282;STORE_04;CASH-08;2026-07-29 16:38:41;SKU-008;4;12000;500;CASH
REC-20260729-STORE_04-0282;STORE_04;CASH-10;2026-07-29 16:38:41;SKU-048;1;25000;1000;CARD
REC-20260729-STORE_04-0282;STORE_04;CASH-05;2026-07-29 16:38:41;SKU-015;3;5000;0;CASH
REC-20260729-STORE_04-0283;STORE_04;CASH-02;2026-07-29 10:05:05;SKU-024;3;12000;0;CARD
REC-20260729-STORE_04-0283;STORE_04;CASH-05;2026-07-29 10:05:05;SKU-001;2;45000;0;CASH
REC-20260729-STORE_04-0283;STORE_04;CASH-07;2026-07-29 10:05:05;SKU-001;3;45000;0;CASH
REC-20260729-STORE_04-0284;STORE_04;CASH-05;2026-07-29 19:48:36;SKU-002;2;12000;500;CARD
REC-20260729-STORE_04-0284;STORE_04;CASH-05;2026-07-29 19:48:36;SKU-003;1;45000;0;CARD
REC-20260729-STORE_04-0284;STORE_04;CASH-09;2026-07-29 19:48:36;SKU-006;1;45000;0;CARD
REC-20260729-STORE_04-0284;STORE_04;CASH-01;2026-07-29 19:48:36;SKU-003;4;45000;0;CARD
REC-20260729-STORE_04-0284;STORE_04;CASH-06;2026-07-29 19:48:36;SKU-029;1;5000;0;CASH
REC-20260729-STORE_04-0285;STORE_04;CASH-05;2026-07-29 19:48:50;SKU-005;3;5000;0;CARD
REC-20260729-STORE_04-0285;STORE_04;CASH-02;2026-07-29 19:48:50;SKU-002;2;12000;0;CASH
REC-20260729-STORE_04-0285;STORE_04;CASH-08;2026-07-29 19:48:50;SKU-007;1;12000;1000;CARD
REC-20260729-STORE_04-0285;STORE_04;CASH-02;2026-07-29 19:48:50;SKU-005;3;5000;0;CASH
REC-20260729-STORE_04-0286;STORE_04;CASH-02;2026-07-29 9:03:06;SKU-001;2;45000;0;CASH
REC-20260729-STORE_04-0286;STORE_04;CASH-03;2026-07-29 9:03:06;SKU-004;3;25000;1000;CARD
REC-20260729-STORE_04-0286;STORE_04;CASH-09;2026-07-29 9:03:06;SKU-002;4;12000;0;CASH
REC-20260729-STORE_04-0287;STORE_04;CASH-08;2026-07-29 18:46:55;SKU-008;4;12000;1000;CARD
REC-20260729-STORE_04-0287;STORE_04;CASH-03;2026-07-29 18:46:55;SKU-004;2;25000;0;CASH
REC-20260729-STORE_04-0287;STORE_04;CASH-07;2026-07-29 18:46:55;SKU-002;3;12000;0;CARD
REC-20260729-STORE_04-0287;STORE_04;CASH-09;2026-07-29 18:46:55;SKU-001;1;45000;1000;CARD
REC-20260729-STORE_04-0287;STORE_04;CASH-09;2026-07-29 18:46:55;SKU-012;2;45000;500;CARD
REC-20260729-STORE_04-0288;STORE_04;CASH-07;2026-07-29 12:35:13;SKU-001;3;45000;500;CASH
REC-20260729-STORE_04-0289;STORE_04;CASH-01;2026-07-29 19:40:50;SKU-001;4;45000;0;CASH
REC-20260729-STORE_04-0289;STORE_04;CASH-01;2026-07-29 19:40:50;SKU-013;2;12000;0;CARD
REC-20260729-STORE_04-0290;STORE_04;CASH-06;2026-07-29 16:42:21;SKU-034;3;25000;0;CARD
REC-20260729-STORE_04-0290;STORE_04;CASH-06;2026-07-29 16:42:21;SKU-003;3;45000;0;CARD
REC-20260729-STORE_04-0290;STORE_04;CASH-06;2026-07-29 16:42:21;SKU-003;3;45000;1000;CASH
REC-20260729-STORE_04-0291;STORE_04;CASH-02;2026-07-29 21:33:27;SKU-005;1;5000;0;CARD
REC-20260729-STORE_04-0291;STORE_04;CASH-04;2026-07-29 21:33:27;SKU-006;3;45000;0;CARD
REC-20260729-STORE_04-0291;STORE_04;CASH-03;2026-07-29 21:33:27;SKU-009;4;25000;1000;CARD
REC-20260729-STORE_04-0291;STORE_04;CASH-03;2026-07-29 21:33:27;SKU-004;1;25000;1000;CARD
REC-20260729-STORE_04-0292;STORE_04;CASH-04;2026-07-29 13:41:50;SKU-010;4;25000;1000;CARD
REC-20260729-STORE_04-0292;STORE_04;CASH-03;2026-07-29 13:41:50;SKU-001;2;45000;0;CARD
REC-20260729-STORE_04-0292;STORE_04;CASH-04;2026-07-29 13:41:50;SKU-001;1;45000;500;CARD
REC-20260729-STORE_04-0292;STORE_04;CASH-09;2026-07-29 13:41:50;SKU-002;3;12000;0;CARD
REC-20260729-STORE_04-0292;STORE_04;CASH-04;2026-07-29 13:41:50;SKU-016;4;25000;0;CASH
REC-20260729-STORE_04-0293;STORE_04;CASH-02;2026-07-29 18:21:09;SKU-015;2;5000;0;CARD
REC-20260729-STORE_04-0293;STORE_04;CASH-01;2026-07-29 18:21:09;SKU-001;4;45000;0;CARD
REC-20260729-STORE_04-0293;STORE_04;CASH-01;2026-07-29 18:21:09;SKU-003;2;45000;0;CARD
REC-20260729-STORE_04-0293;STORE_04;CASH-03;2026-07-29 18:21:09;SKU-010;1;25000;1000;CARD
REC-20260729-STORE_04-0294;STORE_04;CASH-07;2026-07-29 21:51:39;SKU-001;3;45000;1000;CASH
REC-20260729-STORE_04-0294;STORE_04;CASH-04;2026-07-29 21:51:39;SKU-008;4;12000;0;CARD
REC-20260729-STORE_04-0295;STORE_04;CASH-03;2026-07-29 11:51:54;SKU-001;4;45000;0;CASH
REC-20260729-STORE_04-0295;STORE_04;CASH-04;2026-07-29 11:51:54;SKU-002;2;12000;0;CASH
REC-20260729-STORE_04-0295;STORE_04;CASH-08;2026-07-29 11:51:54;SKU-041;4;25000;0;CARD
REC-20260729-STORE_04-0296;STORE_04;CASH-03;2026-07-29 18:21:21;SKU-004;1;25000;0;CARD
REC-20260729-STORE_04-0296;STORE_04;CASH-03;2026-07-29 18:21:21;SKU-011;4;5000;0;CARD
REC-20260729-STORE_04-0296;STORE_04;CASH-03;2026-07-29 18:21:21;SKU-027;2;5000;0;CARD
REC-20260729-STORE_04-0296;STORE_04;CASH-07;2026-07-29 18:21:21;SKU-001;1;45000;0;CASH
REC-20260729-STORE_04-0297;STORE_04;CASH-04;2026-07-29 15:42:13;SKU-028;1;5000;500;CARD
REC-20260729-STORE_04-0297;STORE_04;CASH-03;2026-07-29 15:42:13;SKU-015;2;5000;0;CARD
REC-20260729-STORE_04-0297;STORE_04;CASH-08;2026-07-29 15:42:13;SKU-001;1;45000;0;CASH
REC-20260729-STORE_04-0297;STORE_04;CASH-04;2026-07-29 15:42:13;SKU-001;2;45000;1000;CARD
REC-20260729-STORE_04-0297;STORE_04;CASH-02;2026-07-29 15:42:13;SKU-050;2;25000;0;CARD
REC-20260729-STORE_04-0298;STORE_04;CASH-01;2026-07-29 18:17:46;SKU-009;1;25000;0;CARD
REC-20260729-STORE_04-0298;STORE_04;CASH-08;2026-07-29 18:17:46;SKU-002;2;12000;0;CARD
REC-20260729-STORE_04-0298;STORE_04;CASH-02;2026-07-29 18:17:46;SKU-008;3;12000;0;CARD
REC-20260729-STORE_04-0299;STORE_04;CASH-08;2026-07-29 14:45:47;SKU-004;4;25000;1000;CASH
REC-20260729-STORE_04-0299;STORE_04;CASH-02;2026-07-29 14:45:47;SKU-031;2;45000;500;CARD
REC-20260729-STORE_04-0299;STORE_04;CASH-06;2026-07-29 14:45:47;SKU-003;1;45000;0;CARD
REC-20260729-STORE_04-0300;STORE_04;CASH-01;2026-07-29 17:54:01;SKU-026;3;12000;0;CARD
REC-20260729-STORE_04-0301;STORE_04;CASH-08;2026-07-29 18:51:21;SKU-003;2;45000;0;CARD
REC-20260729-STORE_04-0301;STORE_04;CASH-08;2026-07-29 18:51:21;SKU-001;2;45000;1000;CARD
REC-20260729-STORE_04-0301;STORE_04;CASH-03;2026-07-29 18:51:21;SKU-007;3;12000;0;CARD
REC-20260729-STORE_04-0301;STORE_04;CASH-07;2026-07-29 18:51:21;SKU-002;1;12000;1000;CARD
REC-20260729-STORE_04-0302;STORE_04;CASH-10;2026-07-29 12:43:29;SKU-021;2;5000;0;CARD
REC-20260729-STORE_04-0302;STORE_04;CASH-05;2026-07-29 12:43:29;SKU-004;4;25000;0;CASH
REC-20260729-STORE_04-0303;STORE_04;CASH-10;2026-07-29 18:27:42;SKU-007;3;12000;0;CARD
REC-20260729-STORE_04-0303;STORE_04;CASH-03;2026-07-29 18:27:42;SKU-001;2;45000;0;CARD
REC-20260729-STORE_04-0303;STORE_04;CASH-06;2026-07-29 18:27:42;SKU-016;1;25000;1000;CASH
REC-20260729-STORE_04-0304;STORE_04;CASH-01;2026-07-29 12:28:20;SKU-029;2;5000;0;CASH
REC-20260729-STORE_04-0304;STORE_04;CASH-10;2026-07-29 12:28:20;SKU-031;2;45000;1000;CARD
REC-20260729-STORE_04-0304;STORE_04;CASH-10;2026-07-29 12:28:20;SKU-001;1;45000;0;CASH
REC-20260729-STORE_04-0304;STORE_04;CASH-07;2026-07-29 12:28:20;SKU-003;2;45000;0;CARD
REC-20260729-STORE_04-0304;STORE_04;CASH-09;2026-07-29 12:28:20;SKU-003;3;45000;0;CASH
REC-20260729-STORE_04-0305;STORE_04;CASH-02;2026-07-29 13:00:42;SKU-022;3;12000;0;CARD
REC-20260729-STORE_04-0305;STORE_04;CASH-03;2026-07-29 13:00:42;SKU-001;1;45000;0;CARD
REC-20260729-STORE_04-0306;STORE_04;CASH-05;2026-07-29 11:20:46;SKU-014;4;5000;0;CASH
REC-20260729-STORE_04-0306;STORE_04;CASH-10;2026-07-29 11:20:46;SKU-019;3;25000;0;CARD
REC-20260729-STORE_04-0306;STORE_04;CASH-05;2026-07-29 11:20:46;SKU-003;2;45000;500;CARD
REC-20260729-STORE_04-0307;STORE_04;CASH-09;2026-07-29 18:34:05;SKU-028;1;5000;0;CASH
REC-20260729-STORE_04-0307;STORE_04;CASH-04;2026-07-29 18:34:05;SKU-009;2;25000;0;CASH
REC-20260729-STORE_04-0308;STORE_04;CASH-03;2026-07-29 10:39:24;SKU-001;3;45000;0;CARD
REC-20260729-STORE_04-0308;STORE_04;CASH-03;2026-07-29 10:39:24;SKU-001;4;45000;0;CARD
REC-20260729-STORE_04-0309;STORE_04;CASH-02;2026-07-29 13:09:16;SKU-005;3;5000;0;CASH
REC-20260729-STORE_04-0309;STORE_04;CASH-09;2026-07-29 13:09:16;SKU-001;1;45000;0;CASH
REC-20260729-STORE_04-0310;STORE_04;CASH-02;2026-07-29 16:58:28;SKU-001;1;45000;500;CARD
REC-20260729-STORE_04-0310;STORE_04;CASH-06;2026-07-29 16:58:28;SKU-025;2;5000;500;CASH
REC-20260729-STORE_04-0310;STORE_04;CASH-06;2026-07-29 16:58:28;SKU-003;2;45000;0;CASH
REC-20260729-STORE_04-0310;STORE_04;CASH-07;2026-07-29 16:58:28;SKU-014;1;5000;0;CARD
REC-20260729-STORE_04-0310;STORE_04;CASH-02;2026-07-29 16:58:28;SKU-001;3;45000;500;CASH
REC-20260729-STORE_04-0311;STORE_04;CASH-04;2026-07-29 14:53:52;SKU-016;1;25000;1000;CARD
REC-20260729-STORE_04-0312;STORE_04;CASH-07;2026-07-29 12:30:38;SKU-045;4;45000;0;CASH
REC-20260729-STORE_04-0312;STORE_04;CASH-03;2026-07-29 12:30:38;SKU-022;3;12000;0;CASH
REC-20260729-STORE_04-0312;STORE_04;CASH-04;2026-07-29 12:30:38;SKU-011;3;5000;0;CARD
REC-20260729-STORE_04-0312;STORE_04;CASH-07;2026-07-29 12:30:38;SKU-041;3;25000;1000;CARD
REC-20260729-STORE_04-0313;STORE_04;CASH-01;2026-07-29 17:58:39;SKU-006;2;45000;0;CASH
REC-20260729-STORE_04-0313;STORE_04;CASH-04;2026-07-29 17:58:39;SKU-003;2;45000;0;CARD
REC-20260729-STORE_04-0313;STORE_04;CASH-08;2026-07-29 17:58:39;SKU-014;4;5000;1000;CARD
REC-20260729-STORE_04-0313;STORE_04;CASH-06;2026-07-29 17:58:39;SKU-002;3;12000;0;CARD
REC-20260729-STORE_04-0314;STORE_04;CASH-07;2026-07-29 16:09:56;SKU-006;2;45000;0;CARD
REC-20260729-STORE_04-0314;STORE_04;CASH-09;2026-07-29 16:09:56;SKU-001;3;45000;0;CARD
REC-20260729-STORE_04-0315;STORE_04;CASH-10;2026-07-29 10:45:08;SKU-033;3;5000;500;CASH
REC-20260729-STORE_04-0315;STORE_04;CASH-05;2026-07-29 10:45:08;SKU-001;1;45000;0;CARD
REC-20260729-STORE_04-0315;STORE_04;CASH-05;2026-07-29 10:45:08;SKU-001;3;45000;500;CARD
REC-20260729-STORE_04-0316;STORE_04;CASH-03;2026-07-29 18:00:53;SKU-003;4;45000;0;CASH
REC-20260729-STORE_04-0317;STORE_04;CASH-04;2026-07-29 21:00:40;SKU-015;3;5000;0;CASH
REC-20260729-STORE_04-0317;STORE_04;CASH-06;2026-07-29 21:00:40;SKU-037;3;45000;0;CARD
REC-20260729-STORE_04-0317;STORE_04;CASH-03;2026-07-29 21:00:40;SKU-014;4;5000;0;CARD
REC-20260729-STORE_04-0317;STORE_04;CASH-06;2026-07-29 21:00:40;SKU-019;3;25000;1000;CARD
REC-20260729-STORE_04-0317;STORE_04;CASH-03;2026-07-29 21:00:40;SKU-019;4;25000;0;CARD
REC-20260729-STORE_04-0318;STORE_04;CASH-01;2026-07-29 13:52:24;SKU-007;4;12000;1000;CARD
REC-20260729-STORE_04-0318;STORE_04;CASH-07;2026-07-29 13:52:24;SKU-024;1;12000;500;CARD
REC-20260729-STORE_04-0319;STORE_04;CASH-02;2026-07-29 14:26:36;SKU-009;2;25000;500;CARD
REC-20260729-STORE_04-0319;STORE_04;CASH-05;2026-07-29 14:26:36;SKU-026;2;12000;500;CASH
REC-20260729-STORE_04-0319;STORE_04;CASH-06;2026-07-29 14:26:36;SKU-002;3;12000;0;CASH
REC-20260729-STORE_04-0320;STORE_04;CASH-01;2026-07-29 8:03:05;SKU-012;2;45000;0;CARD
REC-20260729-STORE_04-0320;STORE_04;CASH-10;2026-07-29 8:03:05;SKU-046;2;25000;500;CARD
REC-20260729-STORE_04-0320;STORE_04;CASH-04;2026-07-29 8:03:05;SKU-001;2;45000;500;CASH
REC-20260729-STORE_04-0320;STORE_04;CASH-03;2026-07-29 8:03:05;SKU-015;3;5000;0;CARD
REC-20260729-STORE_04-0320;STORE_04;CASH-09;2026-07-29 8:03:05;SKU-001;3;45000;0;CARD
REC-20260729-STORE_04-0321;STORE_04;CASH-04;2026-07-29 20:46:32;SKU-037;1;45000;0;CASH
REC-20260729-STORE_04-0321;STORE_04;CASH-07;2026-07-29 20:46:32;SKU-001;3;45000;1000;CARD
REC-20260729-STORE_04-0321;STORE_04;CASH-10;2026-07-29 20:46:32;SKU-009;1;25000;0;CASH
REC-20260729-STORE_04-0321;STORE_04;CASH-08;2026-07-29 20:46:32;SKU-006;4;45000;0;CASH
REC-20260729-STORE_04-0321;STORE_04;CASH-09;2026-07-29 20:46:32;SKU-002;2;12000;1000;CARD
REC-20260729-STORE_04-0322;STORE_04;CASH-01;2026-07-29 17:42:55;SKU-039;1;5000;1000;CARD
REC-20260729-STORE_04-0322;STORE_04;CASH-10;2026-07-29 17:42:55;SKU-020;3;12000;0;CARD
REC-20260729-STORE_04-0322;STORE_04;CASH-09;2026-07-29 17:42:55;SKU-005;3;5000;0;CASH
REC-20260729-STORE_04-0323;STORE_04;CASH-05;2026-07-29 21:51:26;SKU-004;4;25000;0;CASH
REC-20260729-STORE_04-0323;STORE_04;CASH-10;2026-07-29 21:51:26;SKU-028;4;5000;0;CARD
REC-20260729-STORE_04-0323;STORE_04;CASH-09;2026-07-29 21:51:26;SKU-012;3;45000;500;CASH
REC-20260729-STORE_04-0324;STORE_04;CASH-02;2026-07-29 19:51:17;SKU-026;2;12000;0;CASH
REC-20260729-STORE_04-0324;STORE_04;CASH-02;2026-07-29 19:51:17;SKU-023;4;45000;0;CASH
REC-20260729-STORE_04-0324;STORE_04;CASH-03;2026-07-29 19:51:17;SKU-001;2;45000;0;CARD
REC-20260729-STORE_04-0324;STORE_04;CASH-03;2026-07-29 19:51:17;SKU-001;1;45000;0;CARD
REC-20260729-STORE_04-0324;STORE_04;CASH-07;2026-07-29 19:51:17;SKU-002;1;12000;0;CARD
REC-20260729-STORE_04-0325;STORE_04;CASH-02;2026-07-29 10:06:09;SKU-001;2;45000;1000;CASH
REC-20260729-STORE_04-0325;STORE_04;CASH-08;2026-07-29 10:06:09;SKU-001;4;45000;500;CARD
REC-20260729-STORE_04-0326;STORE_04;CASH-10;2026-07-29 14:08:48;SKU-001;2;45000;0;CARD
REC-20260729-STORE_04-0326;STORE_04;CASH-07;2026-07-29 14:08:48;SKU-028;4;5000;1000;CARD
REC-20260729-STORE_04-0326;STORE_04;CASH-07;2026-07-29 14:08:48;SKU-016;2;25000;0;CARD
REC-20260729-STORE_04-0326;STORE_04;CASH-09;2026-07-29 14:08:48;SKU-002;3;12000;1000;CARD
REC-20260729-STORE_04-0327;STORE_04;CASH-10;2026-07-29 21:19:28;SKU-001;3;45000;1000;CARD
REC-20260729-STORE_04-0328;STORE_04;CASH-03;2026-07-29 21:00:15;SKU-043;2;25000;0;CARD
REC-20260729-STORE_04-0328;STORE_04;CASH-03;2026-07-29 21:00:15;SKU-027;3;5000;0;CARD
REC-20260729-STORE_04-0328;STORE_04;CASH-07;2026-07-29 21:00:15;SKU-002;4;12000;1000;CARD
REC-20260729-STORE_04-0329;STORE_04;CASH-01;2026-07-29 10:04:56;SKU-004;2;25000;1000;CARD
REC-20260729-STORE_04-0329;STORE_04;CASH-02;2026-07-29 10:04:56;SKU-012;2;45000;500;CARD
REC-20260729-STORE_04-0329;STORE_04;CASH-04;2026-07-29 10:04:56;SKU-038;1;12000;0;CARD
REC-20260729-STORE_04-0329;STORE_04;CASH-01;2026-07-29 10:04:56;SKU-002;4;12000;0;CARD
REC-20260729-STORE_04-0329;STORE_04;CASH-01;2026-07-29 10:04:56;SKU-040;2;25000;1000;CARD
REC-20260729-STORE_04-0330;STORE_04;CASH-05;2026-07-29 10:27:26;SKU-035;3;5000;1000;CASH
REC-20260729-STORE_04-0331;STORE_04;CASH-03;2026-07-29 18:14:06;SKU-001;2;45000;1000;CASH
REC-20260729-STORE_04-0331;STORE_04;CASH-06;2026-07-29 18:14:06;SKU-002;3;12000;1000;CASH
REC-20260729-STORE_04-0331;STORE_04;CASH-07;2026-07-29 18:14:06;SKU-035;4;5000;0;CARD
REC-20260729-STORE_04-0332;STORE_04;CASH-04;2026-07-29 12:37:41;SKU-002;1;12000;500;CARD
REC-20260729-STORE_04-0333;STORE_04;CASH-09;2026-07-29 17:29:09;SKU-015;1;5000;0;CARD
REC-20260729-STORE_04-0333;STORE_04;CASH-08;2026-07-29 17:29:09;SKU-025;4;5000;500;CARD
REC-20260729-STORE_04-0333;STORE_04;CASH-04;2026-07-29 17:29:09;SKU-001;4;45000;500;CARD
REC-20260729-STORE_04-0334;STORE_04;CASH-06;2026-07-29 20:18:55;SKU-024;2;12000;500;CASH
REC-20260729-STORE_04-0334;STORE_04;CASH-09;2026-07-29 20:18:55;SKU-027;4;5000;0;CARD
REC-20260729-STORE_04-0334;STORE_04;CASH-02;2026-07-29 20:18:55;SKU-047;3;5000;0;CASH
REC-20260729-STORE_04-0335;STORE_04;CASH-05;2026-07-29 13:40:50;SKU-009;2;25000;500;CARD
REC-20260729-STORE_04-0335;STORE_04;CASH-03;2026-07-29 13:40:50;SKU-001;2;45000;1000;CASH
REC-20260729-STORE_04-0335;STORE_04;CASH-03;2026-07-29 13:40:50;SKU-027;1;5000;1000;CASH
REC-20260729-STORE_04-0335;STORE_04;CASH-10;2026-07-29 13:40:50;SKU-005;4;5000;500;CARD
REC-20260729-STORE_04-0336;STORE_04;CASH-01;2026-07-29 16:49:15;SKU-006;2;45000;0;CASH
REC-20260729-STORE_04-0337;STORE_04;CASH-06;2026-07-29 13:59:05;SKU-007;2;12000;500;CARD
REC-20260729-STORE_04-0337;STORE_04;CASH-07;2026-07-29 13:59:05;SKU-001;1;45000;1000;CASH
REC-20260729-STORE_04-0337;STORE_04;CASH-05;2026-07-29 13:59:05;SKU-010;4;25000;0;CASH
REC-20260729-STORE_04-0338;STORE_04;CASH-04;2026-07-29 11:38:39;SKU-030;3;45000;0;CARD
REC-20260729-STORE_04-0338;STORE_04;CASH-04;2026-07-29 11:38:39;SKU-032;1;25000;1000;CARD
REC-20260729-STORE_04-0338;STORE_04;CASH-07;2026-07-29 11:38:39;SKU-004;1;25000;1000;CARD
REC-20260729-STORE_04-0338;STORE_04;CASH-09;2026-07-29 11:38:39;SKU-009;3;25000;1000;CARD
REC-20260729-STORE_04-0339;STORE_04;CASH-02;2026-07-29 12:52:25;SKU-006;4;45000;500;CARD
REC-20260729-STORE_04-0339;STORE_04;CASH-05;2026-07-29 12:52:25;SKU-010;2;25000;1000;CARD
REC-20260729-STORE_04-0339;STORE_04;CASH-01;2026-07-29 12:52:25;SKU-008;3;12000;500;CASH
REC-20260729-STORE_04-0339;STORE_04;CASH-06;2026-07-29 12:52:25;SKU-002;4;12000;0;CARD
REC-20260729-STORE_04-0339;STORE_04;CASH-07;2026-07-29 12:52:25;SKU-010;2;25000;0;CARD
REC-20260729-STORE_04-0340;STORE_04;CASH-03;2026-07-29 19:21:10;SKU-006;1;45000;0;CASH
REC-20260729-STORE_04-0340;STORE_04;CASH-10;2026-07-29 19:21:10;SKU-002;1;12000;500;CARD
REC-20260729-STORE_04-0341;STORE_04;CASH-10;2026-07-29 12:55:33;SKU-002;1;12000;500;CARD
REC-20260729-STORE_04-0341;STORE_04;CASH-04;2026-07-29 12:55:33;SKU-002;2;12000;1000;CASH
REC-20260729-STORE_04-0342;STORE_04;CASH-04;2026-07-29 9:53:59;SKU-008;1;12000;1000;CASH
REC-20260729-STORE_04-0343;STORE_04;CASH-05;2026-07-29 19:18:27;SKU-002;3;12000;500;CARD
REC-20260729-STORE_04-0343;STORE_04;CASH-10;2026-07-29 19:18:27;SKU-023;3;45000;0;CARD
REC-20260729-STORE_04-0343;STORE_04;CASH-05;2026-07-29 19:18:27;SKU-001;3;45000;0;CARD
REC-20260729-STORE_04-0343;STORE_04;CASH-01;2026-07-29 19:18:27;SKU-002;3;12000;0;CASH
REC-20260729-STORE_04-0343;STORE_04;CASH-09;2026-07-29 19:18:27;SKU-004;3;25000;0;CARD
REC-20260729-STORE_04-0344;STORE_04;CASH-05;2026-07-29 21:45:03;SKU-012;3;45000;0;CARD
REC-20260729-STORE_04-0345;STORE_04;CASH-09;2026-07-29 13:59:02;SKU-014;3;5000;0;CASH
REC-20260729-STORE_04-0345;STORE_04;CASH-06;2026-07-29 13:59:02;SKU-001;4;45000;500;CASH
REC-20260729-STORE_04-0345;STORE_04;CASH-05;2026-07-29 13:59:02;SKU-038;2;12000;0;CASH
REC-20260729-STORE_04-0345;STORE_04;CASH-10;2026-07-29 13:59:02;SKU-035;3;5000;0;CARD
REC-20260729-STORE_04-0346;STORE_04;CASH-09;2026-07-29 16:47:54;SKU-035;3;5000;0;CASH
REC-20260729-STORE_04-0346;STORE_04;CASH-06;2026-07-29 16:47:54;SKU-028;4;5000;0;CARD
REC-20260729-STORE_04-0346;STORE_04;CASH-05;2026-07-29 16:47:54;SKU-027;3;5000;0;CARD
REC-20260729-STORE_04-0347;STORE_04;CASH-01;2026-07-29 9:52:33;SKU-027;1;5000;500;CARD
REC-20260729-STORE_04-0347;STORE_04;CASH-01;2026-07-29 9:52:33;SKU-001;3;45000;500;CARD
REC-20260729-STORE_04-0347;STORE_04;CASH-06;2026-07-29 9:52:33;SKU-004;3;25000;0;CARD
REC-20260729-STORE_04-0348;STORE_04;CASH-06;2026-07-29 9:43:51;SKU-009;1;25000;1000;CASH
REC-20260729-STORE_04-0348;STORE_04;CASH-03;2026-07-29 9:43:51;SKU-042;1;5000;0;CARD
REC-20260729-STORE_04-0349;STORE_04;CASH-01;2026-07-29 20:55:19;SKU-024;2;12000;0;CARD
REC-20260729-STORE_04-0350;STORE_04;CASH-02;2026-07-29 20:27:01;SKU-007;3;12000;0;CARD
REC-20260729-STORE_04-0350;STORE_04;CASH-03;2026-07-29 20:27:01;SKU-001;1;45000;0;CARD
REC-20260729-STORE_04-0350;STORE_04;CASH-04;2026-07-29 20:27:01;SKU-001;2;45000;1000;CARD
REC-20260729-STORE_04-0351;STORE_04;CASH-06;2026-07-29 14:48:19;SKU-003;1;45000;0;CARD
REC-20260729-STORE_04-0351;STORE_04;CASH-06;2026-07-29 14:48:19;SKU-014;1;5000;500;CARD
REC-20260729-STORE_04-0351;STORE_04;CASH-10;2026-07-29 14:48:19;SKU-045;2;45000;500;CARD
REC-20260729-STORE_04-0352;STORE_04;CASH-05;2026-07-29 21:36:42;SKU-023;3;45000;500;CASH
REC-20260729-STORE_04-0352;STORE_04;CASH-06;2026-07-29 21:36:42;SKU-005;1;5000;500;CASH
REC-20260729-STORE_04-0352;STORE_04;CASH-06;2026-07-29 21:36:42;SKU-026;4;12000;0;CARD
REC-20260729-STORE_04-0353;STORE_04;CASH-09;2026-07-29 12:34:36;SKU-002;3;12000;1000;CASH
REC-20260729-STORE_04-0353;STORE_04;CASH-02;2026-07-29 12:34:36;SKU-004;1;25000;0;CARD
REC-20260729-STORE_04-0353;STORE_04;CASH-06;2026-07-29 12:34:36;SKU-001;3;45000;500;CARD
REC-20260729-STORE_04-0353;STORE_04;CASH-06;2026-07-29 12:34:36;SKU-027;2;5000;1000;CARD
REC-20260729-STORE_04-0353;STORE_04;CASH-05;2026-07-29 12:34:36;SKU-028;1;5000;500;CASH
REC-20260729-STORE_04-0354;STORE_04;CASH-08;2026-07-29 12:10:59;SKU-001;4;45000;0;CASH
REC-20260729-STORE_04-0355;STORE_04;CASH-07;2026-07-29 18:18:34;SKU-042;2;5000;500;CASH
REC-20260729-STORE_04-0355;STORE_04;CASH-04;2026-07-29 18:18:34;SKU-005;4;5000;1000;CASH
REC-20260729-STORE_04-0355;STORE_04;CASH-06;2026-07-29 18:18:34;SKU-028;3;5000;0;CASH
REC-20260729-STORE_04-0356;STORE_04;CASH-04;2026-07-29 15:58:49;SKU-017;4;12000;500;CARD
REC-20260729-STORE_04-0356;STORE_04;CASH-02;2026-07-29 15:58:49;SKU-002;2;12000;0;CARD
REC-20260729-STORE_04-0357;STORE_04;CASH-04;2026-07-29 12:49:14;SKU-018;3;5000;500;CARD
REC-20260729-STORE_04-0357;STORE_04;CASH-03;2026-07-29 12:49:14;SKU-010;2;25000;0;CARD
REC-20260729-STORE_04-0357;STORE_04;CASH-09;2026-07-29 12:49:14;SKU-004;3;25000;0;CARD
REC-20260729-STORE_04-0357;STORE_04;CASH-08;2026-07-29 12:49:14;SKU-001;1;45000;0;CARD
REC-20260729-STORE_04-0357;STORE_04;CASH-08;2026-07-29 12:49:14;SKU-004;2;25000;0;CARD
REC-20260729-STORE_04-0358;STORE_04;CASH-01;2026-07-29 13:23:43;SKU-005;3;5000;0;CASH
REC-20260729-STORE_04-0359;STORE_04;CASH-03;2026-07-29 12:46:02;SKU-012;4;45000;0;CASH
REC-20260729-STORE_04-0359;STORE_04;CASH-04;2026-07-29 12:46:02;SKU-036;3;45000;0;CARD
REC-20260729-STORE_04-0359;STORE_04;CASH-02;2026-07-29 12:46:02;SKU-001;2;45000;500;CARD
REC-20260729-STORE_04-0359;STORE_04;CASH-04;2026-07-29 12:46:02;SKU-007;3;12000;0;CARD
REC-20260729-STORE_04-0360;STORE_04;CASH-04;2026-07-29 12:09:56;SKU-002;2;12000;0;CARD
REC-20260729-STORE_04-0360;STORE_04;CASH-09;2026-07-29 12:09:56;SKU-033;3;5000;0;CARD
REC-20260729-STORE_04-0361;STORE_04;CASH-01;2026-07-29 13:35:01;SKU-044;2;5000;1000;CARD
REC-20260729-STORE_04-0361;STORE_04;CASH-02;2026-07-29 13:35:01;SKU-001;4;45000;0;CARD
REC-20260729-STORE_04-0361;STORE_04;CASH-07;2026-07-29 13:35:01;SKU-001;3;45000;1000;CARD
REC-20260729-STORE_04-0361;STORE_04;CASH-07;2026-07-29 13:35:01;SKU-002;4;12000;0;CASH
REC-20260729-STORE_04-0361;STORE_04;CASH-04;2026-07-29 13:35:01;SKU-001;3;45000;0;CASH
REC-20260729-STORE_04-0362;STORE_04;CASH-09;2026-07-29 13:54:54;SKU-045;1;45000;0;CARD
REC-20260729-STORE_04-0362;STORE_04;CASH-01;2026-07-29 13:54:54;SKU-018;1;5000;1000;CARD
REC-20260729-STORE_04-0363;STORE_04;CASH-02;2026-07-29 15:30:41;SKU-006;2;45000;0;CARD
REC-20260729-STORE_04-0364;STORE_04;CASH-02;2026-07-29 17:51:47;SKU-050;4;25000;0;CARD
REC-20260729-STORE_04-0365;STORE_04;CASH-03;2026-07-29 20:37:48;SKU-036;3;45000;0;CARD
REC-20260729-STORE_04-0366;STORE_04;CASH-03;2026-07-29 16:33:20;SKU-012;2;45000;0;CASH
REC-20260729-STORE_04-0366;STORE_04;CASH-08;2026-07-29 16:33:20;SKU-004;3;25000;0;CARD
REC-20260729-STORE_04-0366;STORE_04;CASH-06;2026-07-29 16:33:20;SKU-005;4;5000;0;CARD
REC-20260729-STORE_04-0366;STORE_04;CASH-03;2026-07-29 16:33:20;SKU-005;1;5000;1000;CARD
REC-20260729-STORE_04-0366;STORE_04;CASH-08;2026-07-29 16:33:20;SKU-001;2;45000;1000;CASH
REC-20260729-STORE_04-0367;STORE_04;CASH-06;2026-07-29 8:23:06;SKU-018;2;5000;0;CARD
REC-20260729-STORE_04-0367;STORE_04;CASH-08;2026-07-29 8:23:06;SKU-002;2;12000;0;CARD
REC-20260729-STORE_04-0367;STORE_04;CASH-04;2026-07-29 8:23:06;SKU-033;4;5000;1000;CARD
REC-20260729-STORE_04-0367;STORE_04;CASH-02;2026-07-29 8:23:06;SKU-019;4;25000;0;CARD
REC-20260729-STORE_04-0368;STORE_04;CASH-02;2026-07-29 9:11:45;SKU-001;3;45000;0;CASH
REC-20260729-STORE_04-0368;STORE_04;CASH-09;2026-07-29 9:11:45;SKU-011;3;5000;0;CARD
REC-20260729-STORE_04-0369;STORE_04;CASH-07;2026-07-29 13:06:41;SKU-001;1;45000;0;CARD
REC-20260729-STORE_04-0369;STORE_04;CASH-01;2026-07-29 13:06:41;SKU-003;2;45000;0;CASH
REC-20260729-STORE_04-0369;STORE_04;CASH-06;2026-07-29 13:06:41;SKU-003;2;45000;0;CARD
REC-20260729-STORE_04-0369;STORE_04;CASH-04;2026-07-29 13:06:41;SKU-012;3;45000;1000;CARD
REC-20260729-STORE_04-0369;STORE_04;CASH-06;2026-07-29 13:06:41;SKU-004;3;25000;0;CARD
REC-20260729-STORE_04-0370;STORE_04;CASH-08;2026-07-29 11:08:03;SKU-001;3;45000;0;CARD
REC-20260729-STORE_04-0370;STORE_04;CASH-08;2026-07-29 11:08:03;SKU-048;2;25000;0;CARD
REC-20260729-STORE_04-0370;STORE_04;CASH-04;2026-07-29 11:08:03;SKU-005;3;5000;1000;CARD
REC-20260729-STORE_04-0370;STORE_04;CASH-10;2026-07-29 11:08:03;SKU-027;1;5000;1000;CARD
REC-20260729-STORE_04-0370;STORE_04;CASH-10;2026-07-29 11:08:03;SKU-001;2;45000;0;CARD
REC-20260729-STORE_04-0371;STORE_04;CASH-07;2026-07-29 17:57:59;SKU-045;4;45000;0;CARD
REC-20260729-STORE_04-0372;STORE_04;CASH-05;2026-07-29 10:20:06;SKU-001;3;45000;0;CASH
REC-20260729-STORE_04-0372;STORE_04;CASH-09;2026-07-29 10:20:06;SKU-030;2;45000;0;CARD
REC-20260729-STORE_04-0372;STORE_04;CASH-01;2026-07-29 10:20:06;SKU-001;3;45000;500;CASH
REC-20260729-STORE_04-0372;STORE_04;CASH-02;2026-07-29 10:20:06;SKU-002;2;12000;0;CARD
REC-20260729-STORE_04-0373;STORE_04;CASH-08;2026-07-29 10:13:37;SKU-005;1;5000;0;CARD
REC-20260729-STORE_04-0373;STORE_04;CASH-08;2026-07-29 10:13:37;SKU-001;4;45000;1000;CARD
REC-20260729-STORE_04-0373;STORE_04;CASH-01;2026-07-29 10:13:37;SKU-004;3;25000;0;CASH
REC-20260729-STORE_04-0373;STORE_04;CASH-05;2026-07-29 10:13:37;SKU-009;1;25000;0;CARD
REC-20260729-STORE_04-0374;STORE_04;CASH-03;2026-07-29 17:49:22;SKU-001;1;45000;0;CARD
REC-20260729-STORE_04-0374;STORE_04;CASH-09;2026-07-29 17:49:22;SKU-005;1;5000;0;CASH
REC-20260729-STORE_04-0375;STORE_04;CASH-06;2026-07-29 10:53:58;SKU-024;3;12000;0;CARD
REC-20260729-STORE_04-0375;STORE_04;CASH-03;2026-07-29 10:53:58;SKU-007;2;12000;500;CASH
REC-20260729-STORE_04-0375;STORE_04;CASH-07;2026-07-29 10:53:58;SKU-035;4;5000;500;CARD
REC-20260729-STORE_04-0376;STORE_04;CASH-07;2026-07-29 12:51:42;SKU-005;3;5000;0;CARD
REC-20260729-STORE_04-0376;STORE_04;CASH-09;2026-07-29 12:51:42;SKU-004;1;25000;0;CASH
REC-20260729-STORE_04-0376;STORE_04;CASH-05;2026-07-29 12:51:42;SKU-042;3;5000;500;CASH
REC-20260729-STORE_04-0377;STORE_04;CASH-07;2026-07-29 12:21:47;SKU-001;3;45000;0;CARD
REC-20260729-STORE_04-0377;STORE_04;CASH-01;2026-07-29 12:21:47;SKU-050;3;25000;1000;CASH
REC-20260729-STORE_04-0377;STORE_04;CASH-04;2026-07-29 12:21:47;SKU-010;4;25000;0;CARD
REC-20260729-STORE_04-0377;STORE_04;CASH-03;2026-07-29 12:21:47;SKU-049;4;5000;0;CASH
REC-20260729-STORE_04-0378;STORE_04;CASH-04;2026-07-29 10:06:41;SKU-012;2;45000;0;CARD
REC-20260729-STORE_04-0378;STORE_04;CASH-09;2026-07-29 10:06:41;SKU-005;2;5000;500;CASH
REC-20260729-STORE_04-0378;STORE_04;CASH-01;2026-07-29 10:06:41;SKU-030;3;45000;0;CARD
REC-20260729-STORE_04-0379;STORE_04;CASH-05;2026-07-29 11:56:41;SKU-005;2;5000;1000;CARD
REC-20260729-STORE_04-0379;STORE_04;CASH-03;2026-07-29 11:56:41;SKU-003;3;45000;0;CASH
REC-20260729-STORE_04-0379;STORE_04;CASH-06;2026-07-29 11:56:41;SKU-002;2;12000;0;CARD
REC-20260729-STORE_04-0379;STORE_04;CASH-07;2026-07-29 11:56:41;SKU-001;4;45000;500;CASH
REC-20260729-STORE_04-0379;STORE_04;CASH-04;2026-07-29 11:56:41;SKU-009;3;25000;0;CASH
REC-20260729-STORE_04-0380;STORE_04;CASH-09;2026-07-29 17:28:03;SKU-011;4;5000;500;CARD
REC-20260729-STORE_04-0380;STORE_04;CASH-05;2026-07-29 17:28:03;SKU-001;4;45000;0;CARD
REC-20260729-STORE_04-0380;STORE_04;CASH-02;2026-07-29 17:28:03;SKU-001;4;45000;0;CARD
REC-20260729-STORE_04-0381;STORE_04;CASH-09;2026-07-29 12:10:12;SKU-003;3;45000;0;CARD
REC-20260729-STORE_04-0381;STORE_04;CASH-09;2026-07-29 12:10:12;SKU-047;1;5000;0;CASH
REC-20260729-STORE_04-0381;STORE_04;CASH-07;2026-07-29 12:10:12;SKU-001;1;45000;0;CARD
REC-20260729-STORE_04-0381;STORE_04;CASH-03;2026-07-29 12:10:12;SKU-002;1;12000;1000;CARD
REC-20260729-STORE_04-0381;STORE_04;CASH-01;2026-07-29 12:10:12;SKU-008;3;12000;0;CARD
REC-20260729-STORE_04-0382;STORE_04;CASH-06;2026-07-29 18:55:24;SKU-027;3;5000;0;CASH
REC-20260729-STORE_04-0383;STORE_04;CASH-07;2026-07-29 9:48:28;SKU-029;1;5000;0;CARD
REC-20260729-STORE_04-0384;STORE_04;CASH-09;2026-07-29 16:11:18;SKU-018;4;5000;0;CARD
REC-20260729-STORE_04-0384;STORE_04;CASH-01;2026-07-29 16:11:18;SKU-020;1;12000;500;CARD
REC-20260729-STORE_04-0385;STORE_04;CASH-01;2026-07-29 13:50:02;SKU-035;2;5000;500;CARD
REC-20260729-STORE_04-0386;STORE_04;CASH-07;2026-07-29 16:14:00;SKU-002;4;12000;0;CARD
REC-20260729-STORE_04-0386;STORE_04;CASH-03;2026-07-29 16:14:00;SKU-005;1;5000;0;CASH
REC-20260729-STORE_04-0386;STORE_04;CASH-10;2026-07-29 16:14:00;SKU-039;4;5000;1000;CARD
REC-20260729-STORE_04-0386;STORE_04;CASH-06;2026-07-29 16:14:00;SKU-011;3;5000;0;CARD
REC-20260729-STORE_04-0387;STORE_04;CASH-08;2026-07-29 20:39:25;SKU-001;4;45000;0;CASH
REC-20260729-STORE_04-0387;STORE_04;CASH-05;2026-07-29 20:39:25;SKU-002;4;12000;0;CARD
REC-20260729-STORE_04-0387;STORE_04;CASH-06;2026-07-29 20:39:25;SKU-001;4;45000;0;CASH
REC-20260729-STORE_04-0388;STORE_04;CASH-09;2026-07-29 20:14:45;SKU-045;2;45000;0;CARD
REC-20260729-STORE_04-0388;STORE_04;CASH-02;2026-07-29 20:14:45;SKU-001;3;45000;500;CARD
REC-20260729-STORE_04-0388;STORE_04;CASH-03;2026-07-29 20:14:45;SKU-010;2;25000;500;CARD
REC-20260729-STORE_04-0388;STORE_04;CASH-04;2026-07-29 20:14:45;SKU-005;3;5000;500;CARD
REC-20260729-STORE_04-0389;STORE_04;CASH-06;2026-07-29 14:16:14;SKU-024;3;12000;0;CARD
REC-20260729-STORE_04-0389;STORE_04;CASH-10;2026-07-29 14:16:14;SKU-017;1;12000;0;CARD
REC-20260729-STORE_04-0389;STORE_04;CASH-03;2026-07-29 14:16:14;SKU-027;3;5000;1000;CARD
REC-20260729-STORE_04-0390;STORE_04;CASH-09;2026-07-29 18:48:40;SKU-004;4;25000;500;CARD
REC-20260729-STORE_04-0390;STORE_04;CASH-01;2026-07-29 18:48:40;SKU-049;4;5000;500;CASH
REC-20260729-STORE_04-0390;STORE_04;CASH-01;2026-07-29 18:48:40;SKU-009;2;25000;0;CARD
REC-20260729-STORE_04-0390;STORE_04;CASH-07;2026-07-29 18:48:40;SKU-006;4;45000;0;CARD
REC-20260729-STORE_04-0391;STORE_04;CASH-06;2026-07-29 20:49:42;SKU-004;4;25000;0;CASH
REC-20260729-STORE_04-0391;STORE_04;CASH-04;2026-07-29 20:49:42;SKU-004;3;25000;0;CARD
REC-20260729-STORE_04-0391;STORE_04;CASH-01;2026-07-29 20:49:42;SKU-001;1;45000;0;CARD
REC-20260729-STORE_04-0391;STORE_04;CASH-06;2026-07-29 20:49:42;SKU-005;1;5000;500;CARD
REC-20260729-STORE_04-0391;STORE_04;CASH-04;2026-07-29 20:49:42;SKU-001;2;45000;1000;CARD
REC-20260729-STORE_04-0392;STORE_04;CASH-04;2026-07-29 20:46:43;SKU-008;1;12000;0;CARD
REC-20260729-STORE_04-0392;STORE_04;CASH-03;2026-07-29 20:46:43;SKU-009;1;25000;1000;CARD
REC-20260729-STORE_04-0392;STORE_04;CASH-05;2026-07-29 20:46:43;SKU-006;3;45000;0;CARD
REC-20260729-STORE_04-0392;STORE_04;CASH-03;2026-07-29 20:46:43;SKU-003;3;45000;1000;CARD
REC-20260729-STORE_04-0392;STORE_04;CASH-04;2026-07-29 20:46:43;SKU-002;3;12000;0;CASH
REC-20260729-STORE_04-0393;STORE_04;CASH-08;2026-07-29 13:33:07;SKU-001;1;45000;0;CASH
REC-20260729-STORE_04-0394;STORE_04;CASH-04;2026-07-29 12:51:43;SKU-011;3;5000;0;CARD
REC-20260729-STORE_04-0395;STORE_04;CASH-05;2026-07-29 14:47:06;SKU-012;4;45000;500;CARD
REC-20260729-STORE_04-0396;STORE_04;CASH-07;2026-07-29 9:52:08;SKU-007;4;12000;1000;CASH
REC-20260729-STORE_04-0396;STORE_04;CASH-05;2026-07-29 9:52:08;SKU-013;2;12000;0;CARD
REC-20260729-STORE_04-0396;STORE_04;CASH-07;2026-07-29 9:52:08;SKU-006;1;45000;0;CARD
REC-20260729-STORE_04-0396;STORE_04;CASH-01;2026-07-29 9:52:08;SKU-008;2;12000;500;CASH
REC-20260729-STORE_04-0396;STORE_04;CASH-08;2026-07-29 9:52:08;SKU-003;1;45000;500;CARD
REC-20260729-STORE_04-0397;STORE_04;CASH-08;2026-07-29 11:10:27;SKU-017;1;12000;0;CARD
REC-20260729-STORE_04-0397;STORE_04;CASH-09;2026-07-29 11:10:27;SKU-002;2;12000;500;CARD
REC-20260729-STORE_04-0398;STORE_04;CASH-03;2026-07-29 10:34:47;SKU-001;4;45000;0;CARD
REC-20260729-STORE_04-0398;STORE_04;CASH-07;2026-07-29 10:34:47;SKU-001;2;45000;0;CARD
REC-20260729-STORE_04-0398;STORE_04;CASH-02;2026-07-29 10:34:47;SKU-001;4;45000;0;CARD
REC-20260729-STORE_04-0398;STORE_04;CASH-08;2026-07-29 10:34:47;SKU-011;1;5000;1000;CARD
REC-20260729-STORE_04-0399;STORE_04;CASH-08;2026-07-29 9:43:08;SKU-001;3;45000;500;CASH
REC-20260729-STORE_04-0399;STORE_04;CASH-05;2026-07-29 9:43:08;SKU-001;3;45000;0;CASH
REC-20260729-STORE_04-0399;STORE_04;CASH-02;2026-07-29 9:43:08;SKU-010;1;25000;0;CASH
REC-20260729-STORE_04-0400;STORE_04;CASH-04;2026-07-29 15:43:49;SKU-002;1;12000;1000;CARD
REC-20260729-STORE_04-0400;STORE_04;CASH-08;2026-07-29 15:43:49;SKU-021;2;5000;500;CASH
REC-20260729-STORE_04-0400;STORE_04;CASH-06;2026-07-29 15:43:49;SKU-006;3;45000;0;CASH
REC-20260729-STORE_04-0400;STORE_04;CASH-07;2026-07-29 15:43:49;SKU-005;1;5000;0;CARD
REC-20260729-STORE_04-0401;STORE_04;CASH-01;2026-07-29 10:47:44;SKU-004;3;25000;0;CARD
REC-20260729-STORE_04-0401;STORE_04;CASH-08;2026-07-29 10:47:44;SKU-001;4;45000;0;CASH
REC-20260729-STORE_04-0401;STORE_04;CASH-08;2026-07-29 10:47:44;SKU-003;3;45000;0;CARD
REC-20260729-STORE_04-0401;STORE_04;CASH-10;2026-07-29 10:47:44;SKU-004;1;25000;0;CARD
REC-20260729-STORE_04-0401;STORE_04;CASH-09;2026-07-29 10:47:44;SKU-002;3;12000;0;CASH
REC-20260729-STORE_04-0402;STORE_04;CASH-04;2026-07-29 10:18:24;SKU-009;2;25000;0;CARD
REC-20260729-STORE_04-0402;STORE_04;CASH-03;2026-07-29 10:18:24;SKU-026;4;12000;0;CARD
REC-20260729-STORE_04-0402;STORE_04;CASH-04;2026-07-29 10:18:24;SKU-001;2;45000;500;CARD
REC-20260729-STORE_04-0403;STORE_04;CASH-08;2026-07-29 14:38:41;SKU-015;2;5000;0;CASH
REC-20260729-STORE_04-0403;STORE_04;CASH-05;2026-07-29 14:38:41;SKU-001;2;45000;0;CARD
REC-20260729-STORE_04-0403;STORE_04;CASH-06;2026-07-29 14:38:41;SKU-001;1;45000;0;CARD
REC-20260729-STORE_04-0403;STORE_04;CASH-06;2026-07-29 14:38:41;SKU-001;1;45000;0;CARD
REC-20260729-STORE_04-0403;STORE_04;CASH-04;2026-07-29 14:38:41;SKU-002;3;12000;0;CASH
REC-20260729-STORE_04-0404;STORE_04;CASH-10;2026-07-29 21:47:57;SKU-002;4;12000;0;CARD
REC-20260729-STORE_04-0405;STORE_04;CASH-08;2026-07-29 16:21:39;SKU-022;4;12000;0;CARD
REC-20260729-STORE_04-0405;STORE_04;CASH-09;2026-07-29 16:21:39;SKU-029;1;5000;1000;CARD
REC-20260729-STORE_04-0405;STORE_04;CASH-09;2026-07-29 16:21:39;SKU-001;2;45000;1000;CASH
REC-20260729-STORE_04-0405;STORE_04;CASH-06;2026-07-29 16:21:39;SKU-003;3;45000;500;CARD
REC-20260729-STORE_04-0406;STORE_04;CASH-05;2026-07-29 9:44:33;SKU-048;1;25000;0;CARD
REC-20260729-STORE_04-0406;STORE_04;CASH-09;2026-07-29 9:44:33;SKU-019;3;25000;1000;CARD
REC-20260729-STORE_04-0406;STORE_04;CASH-01;2026-07-29 9:44:33;SKU-004;4;25000;1000;CASH
REC-20260729-STORE_04-0406;STORE_04;CASH-07;2026-07-29 9:44:33;SKU-002;2;12000;1000;CARD
REC-20260729-STORE_04-0407;STORE_04;CASH-07;2026-07-29 20:55:18;SKU-003;4;45000;0;CARD
REC-20260729-STORE_04-0408;STORE_04;CASH-08;2026-07-29 18:12:34;SKU-007;1;12000;0;CASH
REC-20260729-STORE_04-0408;STORE_04;CASH-03;2026-07-29 18:12:34;SKU-003;2;45000;0;CARD
REC-20260729-STORE_04-0409;STORE_04;CASH-05;2026-07-29 13:57:56;SKU-008;4;12000;500;CARD
REC-20260729-STORE_04-0409;STORE_04;CASH-04;2026-07-29 13:57:56;SKU-010;3;25000;0;CARD
REC-20260729-STORE_04-0409;STORE_04;CASH-10;2026-07-29 13:57:56;SKU-001;3;45000;1000;CARD
REC-20260729-STORE_04-0410;STORE_04;CASH-07;2026-07-29 21:37:23;SKU-013;1;12000;500;CARD
REC-20260729-STORE_04-0411;STORE_04;CASH-04;2026-07-29 15:02:10;SKU-002;1;12000;0;CASH
REC-20260729-STORE_04-0411;STORE_04;CASH-06;2026-07-29 15:02:10;SKU-001;1;45000;0;CARD
REC-20260729-STORE_04-0412;STORE_04;CASH-05;2026-07-29 14:36:56;SKU-003;3;45000;500;CASH
REC-20260729-STORE_04-0412;STORE_04;CASH-07;2026-07-29 14:36:56;SKU-001;1;45000;0;CASH
REC-20260729-STORE_04-0412;STORE_04;CASH-01;2026-07-29 14:36:56;SKU-001;4;45000;0;CARD
REC-20260729-STORE_04-0412;STORE_04;CASH-02;2026-07-29 14:36:56;SKU-020;3;12000;0;CARD
REC-20260729-STORE_04-0413;STORE_04;CASH-10;2026-07-29 18:29:04;SKU-001;3;45000;1000;CASH
REC-20260729-STORE_04-0413;STORE_04;CASH-02;2026-07-29 18:29:04;SKU-028;2;5000;0;CARD
REC-20260729-STORE_04-0414;STORE_04;CASH-07;2026-07-29 20:48:21;SKU-021;2;5000;0;CARD
REC-20260729-STORE_04-0414;STORE_04;CASH-08;2026-07-29 20:48:21;SKU-025;4;5000;1000;CASH
REC-20260729-STORE_04-0414;STORE_04;CASH-02;2026-07-29 20:48:21;SKU-004;3;25000;500;CARD
REC-20260729-STORE_04-0414;STORE_04;CASH-06;2026-07-29 20:48:21;SKU-009;4;25000;500;CASH
REC-20260729-STORE_04-0415;STORE_04;CASH-09;2026-07-29 21:53:34;SKU-001;2;45000;500;CARD
REC-20260729-STORE_04-0415;STORE_04;CASH-06;2026-07-29 21:53:34;SKU-006;2;45000;0;CARD
REC-20260729-STORE_04-0415;STORE_04;CASH-08;2026-07-29 21:53:34;SKU-007;2;12000;500;CARD
REC-20260729-STORE_04-0415;STORE_04;CASH-03;2026-07-29 21:53:34;SKU-001;3;45000;0;CASH
REC-20260729-STORE_04-0416;STORE_04;CASH-04;2026-07-29 11:59:15;SKU-001;3;45000;500;CARD
REC-20260729-STORE_04-0416;STORE_04;CASH-10;2026-07-29 11:59:15;SKU-017;4;12000;500;CARD
REC-20260729-STORE_04-0417;STORE_04;CASH-01;2026-07-29 12:00:19;SKU-004;1;25000;0;CARD
REC-20260729-STORE_04-0417;STORE_04;CASH-10;2026-07-29 12:00:19;SKU-002;3;12000;0;CARD
REC-20260729-STORE_04-0418;STORE_04;CASH-01;2026-07-29 17:34:38;SKU-001;2;45000;500;CARD
REC-20260729-STORE_04-0418;STORE_04;CASH-08;2026-07-29 17:34:38;SKU-017;3;12000;1000;CARD
REC-20260729-STORE_04-0419;STORE_04;CASH-01;2026-07-29 14:07:18;SKU-010;3;25000;0;CARD
REC-20260729-STORE_04-0419;STORE_04;CASH-03;2026-07-29 14:07:18;SKU-001;3;45000;0;CARD
REC-20260729-STORE_04-0420;STORE_04;CASH-09;2026-07-29 12:55:39;SKU-002;2;12000;0;CARD
REC-20260729-STORE_04-0420;STORE_04;CASH-09;2026-07-29 12:55:39;SKU-009;2;25000;500;CASH
REC-20260729-STORE_04-0420;STORE_04;CASH-02;2026-07-29 12:55:39;SKU-018;1;5000;500;CASH
REC-20260729-STORE_04-0420;STORE_04;CASH-02;2026-07-29 12:55:39;SKU-020;2;12000;0;CASH
REC-20260729-STORE_04-0421;STORE_04;CASH-10;2026-07-29 8:00:29;SKU-003;4;45000;0;CARD
REC-20260729-STORE_04-0421;STORE_04;CASH-04;2026-07-29 8:00:29;SKU-004;2;25000;0;CARD
REC-20260729-STORE_04-0421;STORE_04;CASH-03;2026-07-29 8:00:29;SKU-001;2;45000;500;CARD
REC-20260729-STORE_04-0421;STORE_04;CASH-10;2026-07-29 8:00:29;SKU-004;3;25000;1000;CASH
REC-20260729-STORE_04-0421;STORE_04;CASH-02;2026-07-29 8:00:29;SKU-003;2;45000;0;CASH
REC-20260729-STORE_04-0422;STORE_04;CASH-03;2026-07-29 10:05:45;SKU-014;4;5000;0;CARD
REC-20260729-STORE_04-0422;STORE_04;CASH-04;2026-07-29 10:05:45;SKU-002;2;12000;1000;CASH
REC-20260729-STORE_04-0423;STORE_04;CASH-04;2026-07-29 12:31:47;SKU-001;2;45000;0;CARD
REC-20260729-STORE_04-0423;STORE_04;CASH-03;2026-07-29 12:31:47;SKU-016;4;25000;500;CASH
REC-20260729-STORE_04-0424;STORE_04;CASH-09;2026-07-29 18:03:15;SKU-022;4;12000;1000;CARD
REC-20260729-STORE_04-0425;STORE_04;CASH-05;2026-07-29 8:35:22;SKU-042;2;5000;500;CASH
REC-20260729-STORE_04-0425;STORE_04;CASH-07;2026-07-29 8:35:22;SKU-010;4;25000;0;CARD
REC-20260729-STORE_04-0425;STORE_04;CASH-05;2026-07-29 8:35:22;SKU-008;3;12000;0;CARD
REC-20260729-STORE_04-0425;STORE_04;CASH-02;2026-07-29 8:35:22;SKU-004;3;25000;0;CARD
REC-20260729-STORE_04-0425;STORE_04;CASH-01;2026-07-29 8:35:22;SKU-002;4;12000;0;CARD
REC-20260729-STORE_04-0426;STORE_04;CASH-10;2026-07-29 9:29:31;SKU-009;1;25000;0;CASH
REC-20260729-STORE_04-0427;STORE_04;CASH-09;2026-07-29 12:31:40;SKU-010;2;25000;0;CASH
REC-20260729-STORE_04-0427;STORE_04;CASH-10;2026-07-29 12:31:40;SKU-002;4;12000;0;CASH
REC-20260729-STORE_04-0427;STORE_04;CASH-09;2026-07-29 12:31:40;SKU-004;1;25000;0;CARD
REC-20260729-STORE_04-0428;STORE_04;CASH-03;2026-07-29 11:12:15;SKU-009;2;25000;0;CARD
REC-20260729-STORE_04-0428;STORE_04;CASH-10;2026-07-29 11:12:15;SKU-004;3;25000;0;CASH
REC-20260729-STORE_04-0428;STORE_04;CASH-01;2026-07-29 11:12:15;SKU-003;3;45000;0;CARD
REC-20260729-STORE_04-0428;STORE_04;CASH-10;2026-07-29 11:12:15;SKU-010;2;25000;1000;CARD
REC-20260729-STORE_04-0428;STORE_04;CASH-03;2026-07-29 11:12:15;SKU-006;1;45000;1000;CASH
REC-20260729-STORE_04-0429;STORE_04;CASH-07;2026-07-29 10:49:44;SKU-008;3;12000;0;CARD
REC-20260729-STORE_04-0429;STORE_04;CASH-03;2026-07-29 10:49:44;SKU-027;3;5000;1000;CARD
REC-20260729-STORE_04-0430;STORE_04;CASH-02;2026-07-29 16:21:57;SKU-001;3;45000;1000;CARD
REC-20260729-STORE_04-0430;STORE_04;CASH-01;2026-07-29 16:21:57;SKU-047;1;5000;0;CARD
REC-20260729-STORE_04-0431;STORE_04;CASH-06;2026-07-29 12:41:38;SKU-002;2;12000;0;CASH
REC-20260729-STORE_04-0431;STORE_04;CASH-10;2026-07-29 12:41:38;SKU-049;3;5000;0;CARD
REC-20260729-STORE_04-0432;STORE_04;CASH-01;2026-07-29 18:56:01;SKU-003;3;45000;0;CARD
REC-20260729-STORE_04-0433;STORE_04;CASH-10;2026-07-29 20:12:59;SKU-019;3;25000;0;CARD
REC-20260729-STORE_04-0433;STORE_04;CASH-05;2026-07-29 20:12:59;SKU-006;1;45000;0;CARD
REC-20260729-STORE_04-0434;STORE_04;CASH-04;2026-07-29 13:33:12;SKU-002;1;12000;0;CARD
REC-20260729-STORE_04-0435;STORE_04;CASH-07;2026-07-29 19:03:31;SKU-001;3;45000;0;CARD
REC-20260729-STORE_04-0435;STORE_04;CASH-08;2026-07-29 19:03:31;SKU-001;1;45000;1000;CASH
REC-20260729-STORE_04-0435;STORE_04;CASH-08;2026-07-29 19:03:31;SKU-002;2;12000;0;CARD
REC-20260729-STORE_04-0436;STORE_04;CASH-01;2026-07-29 9:38:20;SKU-023;4;45000;1000;CASH
REC-20260729-STORE_04-0437;STORE_04;CASH-07;2026-07-29 13:02:23;SKU-017;3;12000;0;CARD
REC-20260729-STORE_04-0437;STORE_04;CASH-02;2026-07-29 13:02:23;SKU-020;2;12000;0;CARD
REC-20260729-STORE_04-0437;STORE_04;CASH-08;2026-07-29 13:02:23;SKU-013;4;12000;0;CASH
REC-20260729-STORE_04-0437;STORE_04;CASH-09;2026-07-29 13:02:23;SKU-001;1;45000;1000;CASH
REC-20260729-STORE_04-0438;STORE_04;CASH-08;2026-07-29 10:23:27;SKU-001;1;45000;500;CARD
REC-20260729-STORE_04-0438;STORE_04;CASH-04;2026-07-29 10:23:27;SKU-001;4;45000;0;CARD
REC-20260729-STORE_04-0439;STORE_04;CASH-01;2026-07-29 11:58:31;SKU-011;4;5000;500;CARD
REC-20260729-STORE_04-0439;STORE_04;CASH-09;2026-07-29 11:58:31;SKU-001;2;45000;0;CASH
REC-20260729-STORE_04-0440;STORE_04;CASH-02;2026-07-29 11:39:00;SKU-002;3;12000;0;CARD
REC-20260729-STORE_04-0440;STORE_04;CASH-04;2026-07-29 11:39:00;SKU-001;2;45000;0;CASH
REC-20260729-STORE_04-0440;STORE_04;CASH-02;2026-07-29 11:39:00;SKU-002;1;12000;0;CASH
REC-20260729-STORE_04-0440;STORE_04;CASH-01;2026-07-29 11:39:00;SKU-037;4;45000;500;CARD
REC-20260729-STORE_04-0441;STORE_04;CASH-02;2026-07-29 12:17:27;SKU-004;4;25000;500;CASH
REC-20260729-STORE_04-0441;STORE_04;CASH-10;2026-07-29 12:17:27;SKU-018;4;5000;0;CARD
REC-20260729-STORE_04-0441;STORE_04;CASH-10;2026-07-29 12:17:27;SKU-001;2;45000;1000;CASH
REC-20260729-STORE_04-0441;STORE_04;CASH-03;2026-07-29 12:17:27;SKU-002;1;12000;0;CARD
REC-20260729-STORE_04-0442;STORE_04;CASH-10;2026-07-29 15:49:34;SKU-008;3;12000;0;CARD
REC-20260729-STORE_04-0442;STORE_04;CASH-06;2026-07-29 15:49:34;SKU-001;3;45000;1000;CASH
REC-20260729-STORE_04-0442;STORE_04;CASH-07;2026-07-29 15:49:34;SKU-004;3;25000;0;CASH
REC-20260729-STORE_04-0442;STORE_04;CASH-05;2026-07-29 15:49:34;SKU-007;2;12000;500;CARD
REC-20260729-STORE_04-0443;STORE_04;CASH-10;2026-07-29 19:32:59;SKU-002;2;12000;1000;CARD
REC-20260729-STORE_04-0443;STORE_04;CASH-08;2026-07-29 19:32:59;SKU-004;2;25000;0;CASH
REC-20260729-STORE_04-0443;STORE_04;CASH-06;2026-07-29 19:32:59;SKU-049;4;5000;500;CARD
REC-20260729-STORE_04-0443;STORE_04;CASH-06;2026-07-29 19:32:59;SKU-002;2;12000;500;CARD
REC-20260729-STORE_04-0443;STORE_04;CASH-07;2026-07-29 19:32:59;SKU-002;2;12000;0;CARD
REC-20260729-STORE_04-0444;STORE_04;CASH-05;2026-07-29 13:48:01;SKU-010;1;25000;500;CASH
REC-20260729-STORE_04-0444;STORE_04;CASH-03;2026-07-29 13:48:01;SKU-002;4;12000;1000;CARD
REC-20260729-STORE_04-0444;STORE_04;CASH-01;2026-07-29 13:48:01;SKU-013;1;12000;0;CARD
REC-20260729-STORE_04-0444;STORE_04;CASH-04;2026-07-29 13:48:01;SKU-014;4;5000;0;CASH
REC-20260729-STORE_04-0445;STORE_04;CASH-07;2026-07-29 21:16:47;SKU-010;4;25000;0;CARD
REC-20260729-STORE_04-0446;STORE_04;CASH-02;2026-07-29 21:19:35;SKU-028;3;5000;500;CARD
REC-20260729-STORE_04-0447;STORE_04;CASH-08;2026-07-29 9:02:52;SKU-003;3;45000;0;CARD
REC-20260729-STORE_04-0448;STORE_04;CASH-02;2026-07-29 10:45:57;SKU-005;1;5000;1000;CARD
REC-20260729-STORE_04-0448;STORE_04;CASH-03;2026-07-29 10:45:57;SKU-002;2;12000;0;CASH
REC-20260729-STORE_04-0448;STORE_04;CASH-09;2026-07-29 10:45:57;SKU-001;3;45000;500;CARD
REC-20260729-STORE_04-0448;STORE_04;CASH-08;2026-07-29 10:45:57;SKU-003;2;45000;1000;CASH
REC-20260729-STORE_04-0448;STORE_04;CASH-09;2026-07-29 10:45:57;SKU-001;1;45000;0;CARD
REC-20260729-STORE_04-0449;STORE_04;CASH-02;2026-07-29 13:48:22;SKU-038;4;12000;0;CARD
REC-20260729-STORE_04-0449;STORE_04;CASH-04;2026-07-29 13:48:22;SKU-002;4;12000;0;CASH
REC-20260729-STORE_04-0450;STORE_04;CASH-08;2026-07-29 13:36:16;SKU-002;2;12000;0;CASH
REC-20260729-STORE_04-0450;STORE_04;CASH-02;2026-07-29 13:36:16;SKU-002;2;12000;0;CARD
REC-20260729-STORE_04-0450;STORE_04;CASH-04;2026-07-29 13:36:16;SKU-001;4;45000;0;CARD
REC-20260729-STORE_04-0450;STORE_04;CASH-04;2026-07-29 13:36:16;SKU-016;2;25000;0;CARD
REC-20260729-STORE_04-0450;STORE_04;CASH-06;2026-07-29 13:36:16;SKU-003;2;45000;0;CASH
REC-20260729-STORE_04-0451;STORE_04;CASH-09;2026-07-29 15:57:10;SKU-001;1;45000;0;CARD
REC-20260729-STORE_04-0451;STORE_04;CASH-04;2026-07-29 15:57:10;SKU-033;4;5000;500;CARD
REC-20260729-STORE_04-0451;STORE_04;CASH-03;2026-07-29 15:57:10;SKU-002;1;12000;500;CASH
REC-20260729-STORE_04-0451;STORE_04;CASH-09;2026-07-29 15:57:10;SKU-001;2;45000;0;CASH
REC-20260729-STORE_04-0451;STORE_04;CASH-07;2026-07-29 15:57:10;SKU-002;1;12000;0;CARD
REC-20260729-STORE_04-0452;STORE_04;CASH-04;2026-07-29 18:00:01;SKU-005;3;5000;0;CARD
REC-20260729-STORE_04-0452;STORE_04;CASH-05;2026-07-29 18:00:01;SKU-007;2;12000;1000;CARD
REC-20260729-STORE_04-0452;STORE_04;CASH-10;2026-07-29 18:00:01;SKU-001;4;45000;0;CASH
REC-20260729-STORE_04-0453;STORE_04;CASH-03;2026-07-29 14:30:22;SKU-004;2;25000;500;CARD
REC-20260729-STORE_04-0453;STORE_04;CASH-02;2026-07-29 14:30:22;SKU-002;3;12000;0;CARD
REC-20260729-STORE_04-0453;STORE_04;CASH-03;2026-07-29 14:30:22;SKU-015;4;5000;0;CARD
REC-20260729-STORE_04-0453;STORE_04;CASH-03;2026-07-29 14:30:22;SKU-011;4;5000;500;CASH
REC-20260729-STORE_04-0454;STORE_04;CASH-05;2026-07-29 12:39:25;SKU-004;1;25000;500;CASH
REC-20260729-STORE_04-0454;STORE_04;CASH-06;2026-07-29 12:39:25;SKU-009;4;25000;0;CARD
REC-20260729-STORE_04-0455;STORE_04;CASH-01;2026-07-29 13:36:42;SKU-008;1;12000;1000;CARD
REC-20260729-STORE_04-0455;STORE_04;CASH-03;2026-07-29 13:36:42;SKU-001;2;45000;0;CARD
REC-20260729-STORE_04-0455;STORE_04;CASH-10;2026-07-29 13:36:42;SKU-001;4;45000;0;CARD
REC-20260729-STORE_04-0456;STORE_04;CASH-08;2026-07-29 12:47:33;SKU-019;1;25000;0;CARD
REC-20260729-STORE_04-0456;STORE_04;CASH-07;2026-07-29 12:47:33;SKU-047;3;5000;500;CASH
REC-20260729-STORE_04-0457;STORE_04;CASH-06;2026-07-29 17:28:33;SKU-001;4;45000;0;CASH
REC-20260729-STORE_04-0458;STORE_04;CASH-10;2026-07-29 16:16:00;SKU-015;3;5000;0;CARD
REC-20260729-STORE_04-0458;STORE_04;CASH-03;2026-07-29 16:16:00;SKU-046;1;25000;0;CARD
REC-20260729-STORE_04-0458;STORE_04;CASH-03;2026-07-29 16:16:00;SKU-029;4;5000;0;CARD
REC-20260729-STORE_04-0458;STORE_04;CASH-07;2026-07-29 16:16:00;SKU-039;3;5000;500;CARD
REC-20260729-STORE_04-0458;STORE_04;CASH-01;2026-07-29 16:16:00;SKU-012;2;45000;500;CARD
REC-20260729-STORE_04-0459;STORE_04;CASH-02;2026-07-29 16:50:16;SKU-005;1;5000;0;CASH
REC-20260729-STORE_04-0459;STORE_04;CASH-04;2026-07-29 16:50:16;SKU-001;1;45000;0;CARD
REC-20260729-STORE_04-0460;STORE_04;CASH-01;2026-07-29 14:03:45;SKU-029;4;5000;0;CARD
REC-20260729-STORE_04-0460;STORE_04;CASH-03;2026-07-29 14:03:45;SKU-002;4;12000;500;CASH
REC-20260729-STORE_04-0461;STORE_04;CASH-02;2026-07-29 14:00:45;SKU-002;1;12000;1000;CASH
REC-20260729-STORE_04-0461;STORE_04;CASH-05;2026-07-29 14:00:45;SKU-014;3;5000;0;CASH
REC-20260729-STORE_04-0461;STORE_04;CASH-09;2026-07-29 14:00:45;SKU-003;3;45000;0;CARD
REC-20260729-STORE_04-0462;STORE_04;CASH-10;2026-07-29 16:41:03;SKU-002;1;12000;500;CARD
REC-20260729-STORE_04-0462;STORE_04;CASH-08;2026-07-29 16:41:03;SKU-004;2;25000;0;CARD
REC-20260729-STORE_04-0462;STORE_04;CASH-09;2026-07-29 16:41:03;SKU-019;2;25000;0;CARD
REC-20260729-STORE_04-0463;STORE_04;CASH-10;2026-07-29 12:59:46;SKU-042;4;5000;0;CARD
REC-20260729-STORE_04-0464;STORE_04;CASH-04;2026-07-29 19:05:12;SKU-006;4;45000;0;CARD
REC-20260729-STORE_04-0464;STORE_04;CASH-10;2026-07-29 19:05:12;SKU-001;1;45000;0;CARD
REC-20260729-STORE_04-0464;STORE_04;CASH-02;2026-07-29 19:05:12;SKU-001;1;45000;0;CARD
REC-20260729-STORE_04-0464;STORE_04;CASH-06;2026-07-29 19:05:12;SKU-020;1;12000;1000;CARD
REC-20260729-STORE_04-0465;STORE_04;CASH-10;2026-07-29 9:17:07;SKU-001;1;45000;500;CARD
REC-20260729-STORE_04-0465;STORE_04;CASH-07;2026-07-29 9:17:07;SKU-027;4;5000;0;CASH
REC-20260729-STORE_04-0465;STORE_04;CASH-10;2026-07-29 9:17:07;SKU-001;1;45000;1000;CARD
REC-20260729-STORE_04-0466;STORE_04;CASH-05;2026-07-29 8:19:06;SKU-001;1;45000;500;CARD
REC-20260729-STORE_04-0466;STORE_04;CASH-05;2026-07-29 8:19:06;SKU-005;1;5000;0;CASH
REC-20260729-STORE_04-0467;STORE_04;CASH-08;2026-07-29 12:53:45;SKU-001;4;45000;0;CARD
REC-20260729-STORE_04-0467;STORE_04;CASH-01;2026-07-29 12:53:45;SKU-029;4;5000;1000;CARD
REC-20260729-STORE_04-0467;STORE_04;CASH-09;2026-07-29 12:53:45;SKU-001;1;45000;0;CARD
REC-20260729-STORE_04-0467;STORE_04;CASH-10;2026-07-29 12:53:45;SKU-022;1;12000;0;CARD
REC-20260729-STORE_04-0467;STORE_04;CASH-02;2026-07-29 12:53:45;SKU-048;1;25000;500;CARD
REC-20260729-STORE_04-0468;STORE_04;CASH-03;2026-07-29 19:19:55;SKU-037;2;45000;1000;CASH
REC-20260729-STORE_04-0469;STORE_04;CASH-04;2026-07-29 20:22:12;SKU-044;1;5000;0;CASH
REC-20260729-STORE_04-0470;STORE_04;CASH-07;2026-07-29 14:54:44;SKU-002;3;12000;500;CARD
REC-20260729-STORE_04-0471;STORE_04;CASH-01;2026-07-29 20:04:33;SKU-020;1;12000;0;CARD
REC-20260729-STORE_04-0471;STORE_04;CASH-08;2026-07-29 20:04:33;SKU-002;3;12000;500;CASH
REC-20260729-STORE_04-0471;STORE_04;CASH-05;2026-07-29 20:04:33;SKU-009;1;25000;0;CASH
REC-20260729-STORE_04-0472;STORE_04;CASH-02;2026-07-29 10:50:19;SKU-011;1;5000;0;CASH
REC-20260729-STORE_04-0472;STORE_04;CASH-04;2026-07-29 10:50:19;SKU-017;2;12000;0;CARD
REC-20260729-STORE_04-0472;STORE_04;CASH-04;2026-07-29 10:50:19;SKU-031;4;45000;0;CARD
REC-20260729-STORE_04-0473;STORE_04;CASH-07;2026-07-29 11:46:36;SKU-020;3;12000;0;CARD
REC-20260729-STORE_04-0473;STORE_04;CASH-07;2026-07-29 11:46:36;SKU-008;3;12000;500;CARD
REC-20260729-STORE_04-0473;STORE_04;CASH-05;2026-07-29 11:46:36;SKU-012;1;45000;1000;CARD
REC-20260729-STORE_04-0474;STORE_04;CASH-04;2026-07-29 10:52:09;SKU-001;1;45000;0;CARD
REC-20260729-STORE_04-0474;STORE_04;CASH-02;2026-07-29 10:52:09;SKU-014;2;5000;0;CARD
REC-20260729-STORE_04-0474;STORE_04;CASH-04;2026-07-29 10:52:09;SKU-024;4;12000;500;CARD
REC-20260729-STORE_04-0474;STORE_04;CASH-10;2026-07-29 10:52:09;SKU-003;2;45000;0;CASH
REC-20260729-STORE_04-0474;STORE_04;CASH-07;2026-07-29 10:52:09;SKU-007;1;12000;0;CARD
REC-20260729-STORE_04-0475;STORE_04;CASH-01;2026-07-29 21:40:56;SKU-001;4;45000;0;CARD
REC-20260729-STORE_04-0475;STORE_04;CASH-06;2026-07-29 21:40:56;SKU-003;1;45000;500;CARD
REC-20260729-STORE_04-0476;STORE_04;CASH-08;2026-07-29 21:21:06;SKU-001;2;45000;0;CARD
REC-20260729-STORE_04-0476;STORE_04;CASH-01;2026-07-29 21:21:06;SKU-024;2;12000;1000;CASH
REC-20260729-STORE_04-0476;STORE_04;CASH-09;2026-07-29 21:21:06;SKU-001;3;45000;1000;CASH
REC-20260729-STORE_04-0476;STORE_04;CASH-02;2026-07-29 21:21:06;SKU-005;3;5000;500;CARD
REC-20260729-STORE_04-0476;STORE_04;CASH-06;2026-07-29 21:21:06;SKU-001;1;45000;500;CARD
REC-20260729-STORE_04-0477;STORE_04;CASH-10;2026-07-29 8:39:13;SKU-003;2;45000;0;CARD
REC-20260729-STORE_04-0477;STORE_04;CASH-08;2026-07-29 8:39:13;SKU-001;2;45000;1000;CASH
REC-20260729-STORE_04-0478;STORE_04;CASH-01;2026-07-29 16:53:11;SKU-029;1;5000;500;CASH
REC-20260729-STORE_04-0478;STORE_04;CASH-01;2026-07-29 16:53:11;SKU-027;2;5000;500;CARD
REC-20260729-STORE_04-0478;STORE_04;CASH-07;2026-07-29 16:53:11;SKU-042;2;5000;1000;CASH
REC-20260729-STORE_04-0478;STORE_04;CASH-01;2026-07-29 16:53:11;SKU-001;3;45000;1000;CARD
REC-20260729-STORE_04-0479;STORE_04;CASH-10;2026-07-29 20:31:58;SKU-013;1;12000;500;CASH
REC-20260729-STORE_04-0479;STORE_04;CASH-01;2026-07-29 20:31:58;SKU-001;4;45000;500;CASH
REC-20260729-STORE_04-0479;STORE_04;CASH-09;2026-07-29 20:31:58;SKU-012;4;45000;0;CARD
REC-20260729-STORE_04-0479;STORE_04;CASH-02;2026-07-29 20:31:58;SKU-002;2;12000;1000;CARD
REC-20260729-STORE_04-0479;STORE_04;CASH-10;2026-07-29 20:31:58;SKU-008;2;12000;0;CARD
REC-20260729-STORE_04-0480;STORE_04;CASH-02;2026-07-29 17:57:16;SKU-002;4;12000;1000;CARD
REC-20260729-STORE_04-0480;STORE_04;CASH-04;2026-07-29 17:57:16;SKU-031;3;45000;0;CARD
REC-20260729-STORE_04-0480;STORE_04;CASH-01;2026-07-29 17:57:16;SKU-017;2;12000;500;CASH
REC-20260729-STORE_04-0480;STORE_04;CASH-10;2026-07-29 17:57:16;SKU-006;2;45000;1000;CASH
REC-20260729-STORE_04-0480;STORE_04;CASH-07;2026-07-29 17:57:16;SKU-004;1;25000;0;CASH
REC-20260729-STORE_04-0481;STORE_04;CASH-03;2026-07-29 20:43:56;SKU-010;4;25000;0;CASH
REC-20260729-STORE_04-0481;STORE_04;CASH-04;2026-07-29 20:43:56;SKU-003;1;45000;0;CARD
REC-20260729-STORE_04-0482;STORE_04;CASH-01;2026-07-29 18:57:10;SKU-001;2;45000;1000;CARD
REC-20260729-STORE_04-0482;STORE_04;CASH-04;2026-07-29 18:57:10;SKU-015;2;5000;1000;CARD
REC-20260729-STORE_04-0482;STORE_04;CASH-04;2026-07-29 18:57:10;SKU-004;3;25000;500;CASH
REC-20260729-STORE_04-0482;STORE_04;CASH-03;2026-07-29 18:57:10;SKU-001;4;45000;0;CARD
REC-20260729-STORE_04-0483;STORE_04;CASH-05;2026-07-29 12:36:37;SKU-001;1;45000;500;CARD
REC-20260729-STORE_04-0484;STORE_04;CASH-08;2026-07-29 10:50:11;SKU-025;2;5000;1000;CARD
REC-20260729-STORE_04-0484;STORE_04;CASH-07;2026-07-29 10:50:11;SKU-002;1;12000;0;CASH
REC-20260729-STORE_04-0484;STORE_04;CASH-07;2026-07-29 10:50:11;SKU-007;4;12000;500;CASH
REC-20260729-STORE_04-0485;STORE_04;CASH-10;2026-07-29 21:12:26;SKU-001;4;45000;0;CASH
REC-20260729-STORE_04-0485;STORE_04;CASH-03;2026-07-29 21:12:26;SKU-001;2;45000;0;CARD
REC-20260729-STORE_04-0485;STORE_04;CASH-10;2026-07-29 21:12:26;SKU-001;2;45000;0;CASH
REC-20260729-STORE_04-0485;STORE_04;CASH-05;2026-07-29 21:12:26;SKU-004;2;25000;0;CARD
REC-20260729-STORE_04-0486;STORE_04;CASH-08;2026-07-29 12:19:03;SKU-004;1;25000;1000;CARD
REC-20260729-STORE_04-0486;STORE_04;CASH-01;2026-07-29 12:19:03;SKU-002;4;12000;500;CASH
REC-20260729-STORE_04-0486;STORE_04;CASH-08;2026-07-29 12:19:03;SKU-019;4;25000;1000;CARD
REC-20260729-STORE_04-0486;STORE_04;CASH-08;2026-07-29 12:19:03;SKU-001;3;45000;0;CARD
REC-20260729-STORE_04-0487;STORE_04;CASH-04;2026-07-29 13:05:04;SKU-002;2;12000;500;CARD
REC-20260729-STORE_04-0487;STORE_04;CASH-09;2026-07-29 13:05:04;SKU-003;2;45000;0;CARD
REC-20260729-STORE_04-0487;STORE_04;CASH-04;2026-07-29 13:05:04;SKU-026;2;12000;0;CARD
REC-20260729-STORE_04-0488;STORE_04;CASH-08;2026-07-29 11:39:10;SKU-021;4;5000;0;CARD
REC-20260729-STORE_04-0489;STORE_04;CASH-01;2026-07-29 11:24:28;SKU-011;2;5000;0;CARD
REC-20260729-STORE_04-0489;STORE_04;CASH-04;2026-07-29 11:24:28;SKU-011;1;5000;0;CARD
REC-20260729-STORE_04-0489;STORE_04;CASH-10;2026-07-29 11:24:28;SKU-019;3;25000;500;CASH
REC-20260729-STORE_04-0489;STORE_04;CASH-02;2026-07-29 11:24:28;SKU-047;4;5000;1000;CARD
REC-20260729-STORE_04-0490;STORE_04;CASH-02;2026-07-29 15:23:18;SKU-041;1;25000;0;CASH
REC-20260729-STORE_04-0490;STORE_04;CASH-10;2026-07-29 15:23:18;SKU-015;3;5000;0;CASH
REC-20260729-STORE_04-0490;STORE_04;CASH-03;2026-07-29 15:23:18;SKU-012;1;45000;1000;CARD
REC-20260729-STORE_04-0491;STORE_04;CASH-07;2026-07-29 20:42:44;SKU-008;2;12000;0;CARD
REC-20260729-STORE_04-0491;STORE_04;CASH-03;2026-07-29 20:42:44;SKU-001;4;45000;500;CARD
REC-20260729-STORE_04-0491;STORE_04;CASH-10;2026-07-29 20:42:44;SKU-014;2;5000;0;CASH
REC-20260729-STORE_04-0491;STORE_04;CASH-09;2026-07-29 20:42:44;SKU-001;2;45000;500;CARD
REC-20260729-STORE_04-0491;STORE_04;CASH-01;2026-07-29 20:42:44;SKU-008;2;12000;0;CARD
REC-20260729-STORE_04-0492;STORE_04;CASH-05;2026-07-29 17:24:08;SKU-003;2;45000;0;CARD
REC-20260729-STORE_04-0493;STORE_04;CASH-10;2026-07-29 19:39:26;SKU-001;4;45000;500;CARD
REC-20260729-STORE_04-0494;STORE_04;CASH-01;2026-07-29 14:36:28;SKU-004;1;25000;0;CARD
REC-20260729-STORE_04-0494;STORE_04;CASH-10;2026-07-29 14:36:28;SKU-006;4;45000;1000;CARD
REC-20260729-STORE_04-0494;STORE_04;CASH-04;2026-07-29 14:36:28;SKU-001;1;45000;0;CARD
REC-20260729-STORE_04-0494;STORE_04;CASH-03;2026-07-29 14:36:28;SKU-006;2;45000;0;CARD
REC-20260729-STORE_04-0494;STORE_04;CASH-08;2026-07-29 14:36:28;SKU-001;4;45000;0;CASH
REC-20260729-STORE_04-0495;STORE_04;CASH-07;2026-07-29 18:15:57;SKU-002;2;12000;0;CARD
REC-20260729-STORE_04-0495;STORE_04;CASH-10;2026-07-29 18:15:57;SKU-002;4;12000;0;CARD
REC-20260729-STORE_04-0495;STORE_04;CASH-03;2026-07-29 18:15:57;SKU-004;4;25000;500;CARD
REC-20260729-STORE_04-0495;STORE_04;CASH-07;2026-07-29 18:15:57;SKU-003;1;45000;0;CARD
REC-20260729-STORE_04-0495;STORE_04;CASH-06;2026-07-29 18:15:57;SKU-006;1;45000;0;CASH
REC-20260729-STORE_04-0496;STORE_04;CASH-01;2026-07-29 11:46:58;SKU-010;2;25000;0;CARD
REC-20260729-STORE_04-0496;STORE_04;CASH-01;2026-07-29 11:46:58;SKU-003;4;45000;500;CASH
REC-20260729-STORE_04-0496;STORE_04;CASH-02;2026-07-29 11:46:58;SKU-041;4;25000;1000;CARD
REC-20260729-STORE_04-0496;STORE_04;CASH-09;2026-07-29 11:46:58;SKU-004;2;25000;0;CARD
REC-20260729-STORE_04-0496;STORE_04;CASH-09;2026-07-29 11:46:58;SKU-010;4;25000;0;CARD
REC-20260729-STORE_04-0497;STORE_04;CASH-05;2026-07-29 16:02:52;SKU-007;1;12000;1000;CARD
REC-20260729-STORE_04-0498;STORE_04;CASH-07;2026-07-29 8:00:54;SKU-016;2;25000;0;CARD
REC-20260729-STORE_04-0498;STORE_04;CASH-06;2026-07-29 8:00:54;SKU-010;3;25000;0;CARD
REC-20260729-STORE_04-0498;STORE_04;CASH-09;2026-07-29 8:00:54;SKU-005;2;5000;1000;CARD
REC-20260729-STORE_04-0498;STORE_04;CASH-04;2026-07-29 8:00:54;SKU-049;4;5000;0;CARD
REC-20260729-STORE_04-0498;STORE_04;CASH-07;2026-07-29 8:00:54;SKU-002;3;12000;0;CASH
REC-20260729-STORE_04-0499;STORE_04;CASH-03;2026-07-29 12:17:19;SKU-009;2;25000;0;CARD
REC-20260729-STORE_04-0499;STORE_04;CASH-05;2026-07-29 12:17:19;SKU-012;4;45000;0;CASH
REC-20260729-STORE_04-0499;STORE_04;CASH-03;2026-07-29 12:17:19;SKU-001;2;45000;0;CARD
REC-20260729-STORE_04-0499;STORE_04;CASH-02;2026-07-29 12:17:19;SKU-004;1;25000;500;CASH
REC-20260729-STORE_04-0500;STORE_04;CASH-10;2026-07-29 18:24:29;SKU-001;2;45000;0;CARD
REC-20260729-STORE_04-0500;STORE_04;CASH-05;2026-07-29 18:24:29;SKU-015;1;5000;0;CARD
REC-20260729-STORE_04-0500;STORE_04;CASH-06;2026-07-29 18:24:29;SKU-019;2;25000;0;CARD
REC-20260729-STORE_04-0500;STORE_04;CASH-07;2026-07-29 18:24:29;SKU-002;2;12000;500;CARD
REC-20260729-STORE_04-0500;STORE_04;CASH-06;2026-07-29 18:24:29;SKU-003;2;45000;0;CARD
REC-20260729-STORE_05-0001;STORE_05;CASH-01;2026-07-29 12:25:23;SKU-001;4;45000;1000;CASH
REC-20260729-STORE_05-0001;STORE_05;CASH-08;2026-07-29 12:25:23;SKU-003;1;45000;1000;CARD
REC-20260729-STORE_05-0001;STORE_05;CASH-02;2026-07-29 12:25:23;SKU-007;2;12000;1000;CARD
REC-20260729-STORE_05-0001;STORE_05;CASH-06;2026-07-29 12:25:23;SKU-002;2;12000;500;CASH
REC-20260729-STORE_05-0001;STORE_05;CASH-03;2026-07-29 12:25:23;SKU-001;4;45000;0;CARD
REC-20260729-STORE_05-0002;STORE_05;CASH-01;2026-07-29 19:26:07;SKU-002;2;12000;1000;CASH
REC-20260729-STORE_05-0002;STORE_05;CASH-10;2026-07-29 19:26:07;SKU-001;3;45000;0;CASH
REC-20260729-STORE_05-0002;STORE_05;CASH-07;2026-07-29 19:26:07;SKU-002;1;12000;500;CARD
REC-20260729-STORE_05-0002;STORE_05;CASH-03;2026-07-29 19:26:07;SKU-004;1;25000;0;CARD
REC-20260729-STORE_05-0002;STORE_05;CASH-06;2026-07-29 19:26:07;SKU-001;3;45000;500;CARD
REC-20260729-STORE_05-0003;STORE_05;CASH-10;2026-07-29 19:15:15;SKU-026;4;12000;0;CASH
REC-20260729-STORE_05-0003;STORE_05;CASH-02;2026-07-29 19:15:15;SKU-010;4;25000;0;CASH
REC-20260729-STORE_05-0003;STORE_05;CASH-04;2026-07-29 19:15:15;SKU-008;4;12000;0;CARD
REC-20260729-STORE_05-0004;STORE_05;CASH-05;2026-07-29 20:18:47;SKU-002;4;12000;0;CASH
REC-20260729-STORE_05-0004;STORE_05;CASH-07;2026-07-29 20:18:47;SKU-017;2;12000;1000;CARD
REC-20260729-STORE_05-0004;STORE_05;CASH-06;2026-07-29 20:18:47;SKU-016;2;25000;0;CARD
REC-20260729-STORE_05-0005;STORE_05;CASH-02;2026-07-29 9:07:03;SKU-001;1;45000;0;CASH
REC-20260729-STORE_05-0005;STORE_05;CASH-03;2026-07-29 9:07:03;SKU-002;3;12000;0;CARD
REC-20260729-STORE_05-0006;STORE_05;CASH-05;2026-07-29 15:46:08;SKU-002;1;12000;0;CARD
REC-20260729-STORE_05-0007;STORE_05;CASH-01;2026-07-29 21:24:32;SKU-007;3;12000;0;CARD
REC-20260729-STORE_05-0007;STORE_05;CASH-06;2026-07-29 21:24:32;SKU-029;4;5000;1000;CASH
REC-20260729-STORE_05-0007;STORE_05;CASH-07;2026-07-29 21:24:32;SKU-019;3;25000;0;CARD
REC-20260729-STORE_05-0007;STORE_05;CASH-01;2026-07-29 21:24:32;SKU-004;1;25000;0;CASH
REC-20260729-STORE_05-0008;STORE_05;CASH-05;2026-07-29 14:55:48;SKU-002;4;12000;0;CARD
REC-20260729-STORE_05-0008;STORE_05;CASH-05;2026-07-29 14:55:48;SKU-015;2;5000;500;CASH
REC-20260729-STORE_05-0009;STORE_05;CASH-08;2026-07-29 10:59:20;SKU-001;2;45000;1000;CARD
REC-20260729-STORE_05-0009;STORE_05;CASH-05;2026-07-29 10:59:20;SKU-002;3;12000;500;CARD
REC-20260729-STORE_05-0009;STORE_05;CASH-02;2026-07-29 10:59:20;SKU-005;4;5000;0;CARD
REC-20260729-STORE_05-0010;STORE_05;CASH-04;2026-07-29 14:50:41;SKU-003;3;45000;0;CASH
REC-20260729-STORE_05-0010;STORE_05;CASH-10;2026-07-29 14:50:41;SKU-001;1;45000;0;CASH
REC-20260729-STORE_05-0010;STORE_05;CASH-01;2026-07-29 14:50:41;SKU-001;3;45000;0;CASH
REC-20260729-STORE_05-0011;STORE_05;CASH-04;2026-07-29 12:44:42;SKU-013;4;12000;0;CASH
REC-20260729-STORE_05-0011;STORE_05;CASH-08;2026-07-29 12:44:42;SKU-024;2;12000;0;CASH
REC-20260729-STORE_05-0011;STORE_05;CASH-01;2026-07-29 12:44:42;SKU-001;2;45000;500;CARD
REC-20260729-STORE_05-0011;STORE_05;CASH-06;2026-07-29 12:44:42;SKU-005;2;5000;0;CARD
REC-20260729-STORE_05-0011;STORE_05;CASH-09;2026-07-29 12:44:42;SKU-004;4;25000;0;CASH
REC-20260729-STORE_05-0012;STORE_05;CASH-04;2026-07-29 20:47:19;SKU-003;1;45000;500;CARD
REC-20260729-STORE_05-0012;STORE_05;CASH-06;2026-07-29 20:47:19;SKU-002;2;12000;0;CASH
REC-20260729-STORE_05-0013;STORE_05;CASH-03;2026-07-29 14:39:22;SKU-005;4;5000;0;CARD
REC-20260729-STORE_05-0013;STORE_05;CASH-04;2026-07-29 14:39:22;SKU-001;4;45000;0;CARD
REC-20260729-STORE_05-0013;STORE_05;CASH-04;2026-07-29 14:39:22;SKU-021;4;5000;1000;CARD
REC-20260729-STORE_05-0014;STORE_05;CASH-04;2026-07-29 21:05:49;SKU-011;3;5000;0;CARD
REC-20260729-STORE_05-0014;STORE_05;CASH-03;2026-07-29 21:05:49;SKU-009;3;25000;500;CARD
REC-20260729-STORE_05-0014;STORE_05;CASH-04;2026-07-29 21:05:49;SKU-016;3;25000;0;CARD
REC-20260729-STORE_05-0014;STORE_05;CASH-05;2026-07-29 21:05:49;SKU-003;1;45000;500;CASH
REC-20260729-STORE_05-0015;STORE_05;CASH-01;2026-07-29 19:45:33;SKU-001;2;45000;0;CARD
REC-20260729-STORE_05-0015;STORE_05;CASH-09;2026-07-29 19:45:33;SKU-025;3;5000;0;CASH
REC-20260729-STORE_05-0016;STORE_05;CASH-09;2026-07-29 19:47:45;SKU-004;3;25000;0;CARD
REC-20260729-STORE_05-0016;STORE_05;CASH-06;2026-07-29 19:47:45;SKU-005;3;5000;0;CARD
REC-20260729-STORE_05-0016;STORE_05;CASH-08;2026-07-29 19:47:45;SKU-005;4;5000;0;CARD
REC-20260729-STORE_05-0016;STORE_05;CASH-07;2026-07-29 19:47:45;SKU-001;2;45000;0;CARD
REC-20260729-STORE_05-0016;STORE_05;CASH-01;2026-07-29 19:47:45;SKU-002;4;12000;500;CARD
REC-20260729-STORE_05-0017;STORE_05;CASH-05;2026-07-29 11:14:43;SKU-024;4;12000;0;CARD
REC-20260729-STORE_05-0017;STORE_05;CASH-10;2026-07-29 11:14:43;SKU-009;1;25000;0;CASH
REC-20260729-STORE_05-0017;STORE_05;CASH-04;2026-07-29 11:14:43;SKU-016;4;25000;500;CARD
REC-20260729-STORE_05-0018;STORE_05;CASH-08;2026-07-29 14:07:44;SKU-004;2;25000;0;CARD
REC-20260729-STORE_05-0018;STORE_05;CASH-09;2026-07-29 14:07:44;SKU-021;3;5000;0;CASH
REC-20260729-STORE_05-0018;STORE_05;CASH-10;2026-07-29 14:07:44;SKU-002;2;12000;0;CARD
REC-20260729-STORE_05-0019;STORE_05;CASH-09;2026-07-29 10:17:31;SKU-021;1;5000;0;CARD
REC-20260729-STORE_05-0019;STORE_05;CASH-04;2026-07-29 10:17:31;SKU-034;4;25000;0;CASH
REC-20260729-STORE_05-0019;STORE_05;CASH-04;2026-07-29 10:17:31;SKU-001;2;45000;0;CASH
REC-20260729-STORE_05-0020;STORE_05;CASH-03;2026-07-29 18:49:05;SKU-008;1;12000;0;CASH
REC-20260729-STORE_05-0020;STORE_05;CASH-07;2026-07-29 18:49:05;SKU-002;2;12000;0;CARD
REC-20260729-STORE_05-0020;STORE_05;CASH-03;2026-07-29 18:49:05;SKU-024;1;12000;0;CASH
REC-20260729-STORE_05-0020;STORE_05;CASH-07;2026-07-29 18:49:05;SKU-002;3;12000;0;CARD
REC-20260729-STORE_05-0020;STORE_05;CASH-08;2026-07-29 18:49:05;SKU-022;2;12000;0;CARD
REC-20260729-STORE_05-0021;STORE_05;CASH-05;2026-07-29 19:13:25;SKU-014;4;5000;1000;CARD
REC-20260729-STORE_05-0021;STORE_05;CASH-03;2026-07-29 19:13:25;SKU-005;2;5000;0;CARD
REC-20260729-STORE_05-0021;STORE_05;CASH-04;2026-07-29 19:13:25;SKU-002;2;12000;0;CARD
REC-20260729-STORE_05-0022;STORE_05;CASH-07;2026-07-29 14:15:35;SKU-020;4;12000;0;CARD
REC-20260729-STORE_05-0022;STORE_05;CASH-03;2026-07-29 14:15:35;SKU-001;2;45000;500;CASH
REC-20260729-STORE_05-0023;STORE_05;CASH-01;2026-07-29 13:49:46;SKU-007;4;12000;1000;CARD
REC-20260729-STORE_05-0023;STORE_05;CASH-06;2026-07-29 13:49:46;SKU-013;2;12000;1000;CASH
REC-20260729-STORE_05-0024;STORE_05;CASH-02;2026-07-29 20:12:02;SKU-005;2;5000;0;CASH
REC-20260729-STORE_05-0024;STORE_05;CASH-07;2026-07-29 20:12:02;SKU-001;4;45000;0;CASH
REC-20260729-STORE_05-0024;STORE_05;CASH-08;2026-07-29 20:12:02;SKU-006;3;45000;500;CASH
REC-20260729-STORE_05-0025;STORE_05;CASH-07;2026-07-29 10:05:25;SKU-001;3;45000;0;CASH
REC-20260729-STORE_05-0025;STORE_05;CASH-02;2026-07-29 10:05:25;SKU-010;1;25000;0;CARD
REC-20260729-STORE_05-0025;STORE_05;CASH-10;2026-07-29 10:05:25;SKU-012;2;45000;0;CARD
REC-20260729-STORE_05-0025;STORE_05;CASH-03;2026-07-29 10:05:25;SKU-001;2;45000;0;CASH
REC-20260729-STORE_05-0025;STORE_05;CASH-07;2026-07-29 10:05:25;SKU-015;4;5000;0;CARD
REC-20260729-STORE_05-0026;STORE_05;CASH-10;2026-07-29 15:53:34;SKU-017;3;12000;1000;CASH
REC-20260729-STORE_05-0026;STORE_05;CASH-03;2026-07-29 15:53:34;SKU-001;2;45000;500;CARD
REC-20260729-STORE_05-0026;STORE_05;CASH-02;2026-07-29 15:53:34;SKU-003;3;45000;0;CASH
REC-20260729-STORE_05-0027;STORE_05;CASH-05;2026-07-29 18:57:08;SKU-014;3;5000;1000;CARD
REC-20260729-STORE_05-0028;STORE_05;CASH-01;2026-07-29 15:08:37;SKU-003;2;45000;0;CARD
REC-20260729-STORE_05-0028;STORE_05;CASH-02;2026-07-29 15:08:37;SKU-044;2;5000;0;CARD
REC-20260729-STORE_05-0028;STORE_05;CASH-04;2026-07-29 15:08:37;SKU-013;1;12000;0;CARD
REC-20260729-STORE_05-0028;STORE_05;CASH-04;2026-07-29 15:08:37;SKU-006;4;45000;1000;CASH
REC-20260729-STORE_05-0028;STORE_05;CASH-09;2026-07-29 15:08:37;SKU-001;2;45000;0;CASH
REC-20260729-STORE_05-0029;STORE_05;CASH-08;2026-07-29 10:01:39;SKU-010;3;25000;0;CARD
REC-20260729-STORE_05-0029;STORE_05;CASH-06;2026-07-29 10:01:39;SKU-023;3;45000;1000;CARD
REC-20260729-STORE_05-0029;STORE_05;CASH-08;2026-07-29 10:01:39;SKU-002;1;12000;0;CARD
REC-20260729-STORE_05-0030;STORE_05;CASH-10;2026-07-29 11:55:20;SKU-042;4;5000;0;CASH
REC-20260729-STORE_05-0030;STORE_05;CASH-01;2026-07-29 11:55:20;SKU-044;1;5000;500;CARD
REC-20260729-STORE_05-0031;STORE_05;CASH-07;2026-07-29 14:08:45;SKU-001;4;45000;0;CARD
REC-20260729-STORE_05-0031;STORE_05;CASH-10;2026-07-29 14:08:45;SKU-033;4;5000;0;CARD
REC-20260729-STORE_05-0031;STORE_05;CASH-10;2026-07-29 14:08:45;SKU-004;4;25000;1000;CARD
REC-20260729-STORE_05-0031;STORE_05;CASH-05;2026-07-29 14:08:45;SKU-036;3;45000;0;CASH
REC-20260729-STORE_05-0031;STORE_05;CASH-05;2026-07-29 14:08:45;SKU-001;4;45000;0;CARD
REC-20260729-STORE_05-0032;STORE_05;CASH-03;2026-07-29 15:12:24;SKU-003;1;45000;0;CASH
REC-20260729-STORE_05-0032;STORE_05;CASH-08;2026-07-29 15:12:24;SKU-009;3;25000;0;CARD
REC-20260729-STORE_05-0032;STORE_05;CASH-05;2026-07-29 15:12:24;SKU-001;3;45000;1000;CARD
REC-20260729-STORE_05-0032;STORE_05;CASH-03;2026-07-29 15:12:24;SKU-004;4;25000;0;CASH
REC-20260729-STORE_05-0033;STORE_05;CASH-07;2026-07-29 19:17:19;SKU-031;3;45000;0;CARD
REC-20260729-STORE_05-0033;STORE_05;CASH-07;2026-07-29 19:17:19;SKU-049;1;5000;500;CARD
REC-20260729-STORE_05-0034;STORE_05;CASH-03;2026-07-29 9:29:17;SKU-049;3;5000;0;CARD
REC-20260729-STORE_05-0034;STORE_05;CASH-03;2026-07-29 9:29:17;SKU-001;2;45000;0;CASH
REC-20260729-STORE_05-0034;STORE_05;CASH-05;2026-07-29 9:29:17;SKU-001;4;45000;0;CASH
REC-20260729-STORE_05-0034;STORE_05;CASH-03;2026-07-29 9:29:17;SKU-007;1;12000;0;CARD
REC-20260729-STORE_05-0034;STORE_05;CASH-04;2026-07-29 9:29:17;SKU-014;1;5000;0;CARD
REC-20260729-STORE_05-0035;STORE_05;CASH-09;2026-07-29 19:38:53;SKU-003;1;45000;0;CARD
REC-20260729-STORE_05-0035;STORE_05;CASH-08;2026-07-29 19:38:53;SKU-004;4;25000;0;CASH
REC-20260729-STORE_05-0035;STORE_05;CASH-03;2026-07-29 19:38:53;SKU-003;2;45000;0;CARD
REC-20260729-STORE_05-0035;STORE_05;CASH-01;2026-07-29 19:38:53;SKU-001;2;45000;500;CASH
REC-20260729-STORE_05-0035;STORE_05;CASH-08;2026-07-29 19:38:53;SKU-002;3;12000;500;CASH
REC-20260729-STORE_05-0036;STORE_05;CASH-04;2026-07-29 19:41:54;SKU-003;1;45000;1000;CARD
REC-20260729-STORE_05-0036;STORE_05;CASH-06;2026-07-29 19:41:54;SKU-004;1;25000;0;CASH
REC-20260729-STORE_05-0036;STORE_05;CASH-01;2026-07-29 19:41:54;SKU-001;2;45000;1000;CARD
REC-20260729-STORE_05-0037;STORE_05;CASH-07;2026-07-29 14:58:12;SKU-003;2;45000;0;CASH
REC-20260729-STORE_05-0037;STORE_05;CASH-02;2026-07-29 14:58:12;SKU-050;1;25000;1000;CARD
REC-20260729-STORE_05-0037;STORE_05;CASH-05;2026-07-29 14:58:12;SKU-008;3;12000;500;CARD
REC-20260729-STORE_05-0038;STORE_05;CASH-03;2026-07-29 13:58:03;SKU-003;1;45000;0;CARD
REC-20260729-STORE_05-0038;STORE_05;CASH-10;2026-07-29 13:58:03;SKU-002;3;12000;500;CARD
REC-20260729-STORE_05-0038;STORE_05;CASH-03;2026-07-29 13:58:03;SKU-001;4;45000;0;CASH
REC-20260729-STORE_05-0039;STORE_05;CASH-02;2026-07-29 11:33:19;SKU-004;1;25000;500;CARD
REC-20260729-STORE_05-0039;STORE_05;CASH-06;2026-07-29 11:33:19;SKU-003;3;45000;0;CASH
REC-20260729-STORE_05-0039;STORE_05;CASH-02;2026-07-29 11:33:19;SKU-004;1;25000;500;CASH
REC-20260729-STORE_05-0039;STORE_05;CASH-03;2026-07-29 11:33:19;SKU-001;3;45000;0;CARD
REC-20260729-STORE_05-0040;STORE_05;CASH-04;2026-07-29 9:15:31;SKU-031;1;45000;0;CARD
REC-20260729-STORE_05-0040;STORE_05;CASH-03;2026-07-29 9:15:31;SKU-007;2;12000;0;CARD
REC-20260729-STORE_05-0040;STORE_05;CASH-10;2026-07-29 9:15:31;SKU-001;1;45000;0;CASH
REC-20260729-STORE_05-0040;STORE_05;CASH-04;2026-07-29 9:15:31;SKU-001;2;45000;0;CASH
REC-20260729-STORE_05-0041;STORE_05;CASH-02;2026-07-29 9:51:21;SKU-015;3;5000;500;CARD
REC-20260729-STORE_05-0041;STORE_05;CASH-06;2026-07-29 9:51:21;SKU-010;1;25000;0;CARD
REC-20260729-STORE_05-0041;STORE_05;CASH-03;2026-07-29 9:51:21;SKU-015;4;5000;0;CARD
REC-20260729-STORE_05-0042;STORE_05;CASH-02;2026-07-29 9:25:39;SKU-001;2;45000;1000;CARD
REC-20260729-STORE_05-0042;STORE_05;CASH-05;2026-07-29 9:25:39;SKU-017;3;12000;0;CASH
REC-20260729-STORE_05-0042;STORE_05;CASH-04;2026-07-29 9:25:39;SKU-007;1;12000;500;CASH
REC-20260729-STORE_05-0043;STORE_05;CASH-05;2026-07-29 12:38:27;SKU-010;4;25000;0;CASH
REC-20260729-STORE_05-0044;STORE_05;CASH-05;2026-07-29 14:13:29;SKU-007;3;12000;500;CASH
REC-20260729-STORE_05-0044;STORE_05;CASH-04;2026-07-29 14:13:29;SKU-021;4;5000;1000;CARD
REC-20260729-STORE_05-0044;STORE_05;CASH-09;2026-07-29 14:13:29;SKU-043;3;25000;0;CARD
REC-20260729-STORE_05-0045;STORE_05;CASH-10;2026-07-29 11:35:43;SKU-039;1;5000;1000;CARD
REC-20260729-STORE_05-0045;STORE_05;CASH-03;2026-07-29 11:35:43;SKU-001;3;45000;1000;CASH
REC-20260729-STORE_05-0046;STORE_05;CASH-01;2026-07-29 21:04:25;SKU-001;1;45000;0;CARD
REC-20260729-STORE_05-0046;STORE_05;CASH-06;2026-07-29 21:04:25;SKU-006;1;45000;1000;CARD
REC-20260729-STORE_05-0046;STORE_05;CASH-05;2026-07-29 21:04:25;SKU-001;2;45000;500;CASH
REC-20260729-STORE_05-0046;STORE_05;CASH-09;2026-07-29 21:04:25;SKU-002;3;12000;0;CASH
REC-20260729-STORE_05-0046;STORE_05;CASH-03;2026-07-29 21:04:25;SKU-009;3;25000;0;CASH
REC-20260729-STORE_05-0047;STORE_05;CASH-04;2026-07-29 20:02:55;SKU-005;1;5000;0;CASH
REC-20260729-STORE_05-0047;STORE_05;CASH-08;2026-07-29 20:02:55;SKU-005;3;5000;1000;CARD
REC-20260729-STORE_05-0047;STORE_05;CASH-07;2026-07-29 20:02:55;SKU-002;4;12000;500;CASH
REC-20260729-STORE_05-0047;STORE_05;CASH-04;2026-07-29 20:02:55;SKU-012;3;45000;1000;CARD
REC-20260729-STORE_05-0047;STORE_05;CASH-04;2026-07-29 20:02:55;SKU-018;4;5000;500;CARD
REC-20260729-STORE_05-0048;STORE_05;CASH-04;2026-07-29 11:16:46;SKU-048;3;25000;500;CASH
REC-20260729-STORE_05-0048;STORE_05;CASH-03;2026-07-29 11:16:46;SKU-013;3;12000;500;CARD
REC-20260729-STORE_05-0049;STORE_05;CASH-02;2026-07-29 18:00:11;SKU-020;3;12000;500;CASH
REC-20260729-STORE_05-0049;STORE_05;CASH-02;2026-07-29 18:00:11;SKU-002;2;12000;0;CARD
REC-20260729-STORE_05-0050;STORE_05;CASH-03;2026-07-29 15:59:26;SKU-003;4;45000;0;CASH
REC-20260729-STORE_05-0050;STORE_05;CASH-10;2026-07-29 15:59:26;SKU-001;3;45000;500;CASH
REC-20260729-STORE_05-0051;STORE_05;CASH-03;2026-07-29 18:16:30;SKU-001;3;45000;0;CARD
REC-20260729-STORE_05-0051;STORE_05;CASH-09;2026-07-29 18:16:30;SKU-009;2;25000;1000;CASH
REC-20260729-STORE_05-0051;STORE_05;CASH-01;2026-07-29 18:16:30;SKU-005;1;5000;0;CARD
REC-20260729-STORE_05-0052;STORE_05;CASH-07;2026-07-29 10:12:49;SKU-004;1;25000;0;CARD
REC-20260729-STORE_05-0052;STORE_05;CASH-06;2026-07-29 10:12:49;SKU-001;1;45000;0;CARD
REC-20260729-STORE_05-0052;STORE_05;CASH-09;2026-07-29 10:12:49;SKU-001;2;45000;0;CASH
REC-20260729-STORE_05-0052;STORE_05;CASH-02;2026-07-29 10:12:49;SKU-018;1;5000;500;CARD
REC-20260729-STORE_05-0052;STORE_05;CASH-03;2026-07-29 10:12:49;SKU-024;2;12000;1000;CARD
REC-20260729-STORE_05-0053;STORE_05;CASH-05;2026-07-29 18:48:57;SKU-003;4;45000;500;CASH
REC-20260729-STORE_05-0053;STORE_05;CASH-08;2026-07-29 18:48:57;SKU-001;2;45000;500;CARD
REC-20260729-STORE_05-0054;STORE_05;CASH-09;2026-07-29 11:58:43;SKU-028;3;5000;0;CASH
REC-20260729-STORE_05-0055;STORE_05;CASH-01;2026-07-29 18:57:32;SKU-002;3;12000;1000;CARD
REC-20260729-STORE_05-0055;STORE_05;CASH-06;2026-07-29 18:57:32;SKU-002;4;12000;0;CARD
REC-20260729-STORE_05-0055;STORE_05;CASH-10;2026-07-29 18:57:32;SKU-007;2;12000;0;CARD
REC-20260729-STORE_05-0055;STORE_05;CASH-03;2026-07-29 18:57:32;SKU-011;3;5000;0;CARD
REC-20260729-STORE_05-0056;STORE_05;CASH-02;2026-07-29 9:43:53;SKU-035;4;5000;500;CARD
REC-20260729-STORE_05-0056;STORE_05;CASH-09;2026-07-29 9:43:53;SKU-009;3;25000;0;CASH
REC-20260729-STORE_05-0056;STORE_05;CASH-03;2026-07-29 9:43:53;SKU-003;3;45000;0;CARD
REC-20260729-STORE_05-0056;STORE_05;CASH-10;2026-07-29 9:43:53;SKU-001;4;45000;1000;CARD
REC-20260729-STORE_05-0056;STORE_05;CASH-01;2026-07-29 9:43:53;SKU-009;2;25000;500;CARD
REC-20260729-STORE_05-0057;STORE_05;CASH-04;2026-07-29 8:11:15;SKU-004;2;25000;0;CASH
REC-20260729-STORE_05-0058;STORE_05;CASH-03;2026-07-29 11:43:33;SKU-001;3;45000;0;CARD
REC-20260729-STORE_05-0059;STORE_05;CASH-10;2026-07-29 21:31:13;SKU-035;1;5000;500;CARD
REC-20260729-STORE_05-0059;STORE_05;CASH-03;2026-07-29 21:31:13;SKU-009;4;25000;500;CASH
REC-20260729-STORE_05-0059;STORE_05;CASH-07;2026-07-29 21:31:13;SKU-001;2;45000;1000;CARD
REC-20260729-STORE_05-0059;STORE_05;CASH-08;2026-07-29 21:31:13;SKU-002;2;12000;0;CASH
REC-20260729-STORE_05-0060;STORE_05;CASH-03;2026-07-29 10:42:40;SKU-049;2;5000;1000;CARD
REC-20260729-STORE_05-0060;STORE_05;CASH-09;2026-07-29 10:42:40;SKU-009;2;25000;1000;CARD
REC-20260729-STORE_05-0060;STORE_05;CASH-02;2026-07-29 10:42:40;SKU-012;2;45000;500;CASH
REC-20260729-STORE_05-0060;STORE_05;CASH-09;2026-07-29 10:42:40;SKU-001;2;45000;1000;CASH
REC-20260729-STORE_05-0060;STORE_05;CASH-01;2026-07-29 10:42:40;SKU-050;1;25000;0;CARD
REC-20260729-STORE_05-0061;STORE_05;CASH-08;2026-07-29 8:47:36;SKU-002;4;12000;1000;CARD
REC-20260729-STORE_05-0062;STORE_05;CASH-01;2026-07-29 10:43:08;SKU-001;4;45000;0;CARD
REC-20260729-STORE_05-0062;STORE_05;CASH-02;2026-07-29 10:43:08;SKU-007;3;12000;0;CASH
REC-20260729-STORE_05-0062;STORE_05;CASH-09;2026-07-29 10:43:08;SKU-004;3;25000;500;CARD
REC-20260729-STORE_05-0063;STORE_05;CASH-06;2026-07-29 14:24:40;SKU-001;2;45000;0;CARD
REC-20260729-STORE_05-0063;STORE_05;CASH-01;2026-07-29 14:24:40;SKU-001;4;45000;0;CARD
REC-20260729-STORE_05-0063;STORE_05;CASH-04;2026-07-29 14:24:40;SKU-001;3;45000;0;CASH
REC-20260729-STORE_05-0064;STORE_05;CASH-06;2026-07-29 17:08:06;SKU-026;4;12000;500;CASH
REC-20260729-STORE_05-0064;STORE_05;CASH-02;2026-07-29 17:08:06;SKU-004;1;25000;1000;CASH
REC-20260729-STORE_05-0064;STORE_05;CASH-08;2026-07-29 17:08:06;SKU-005;1;5000;0;CARD
REC-20260729-STORE_05-0064;STORE_05;CASH-10;2026-07-29 17:08:06;SKU-001;4;45000;1000;CASH
REC-20260729-STORE_05-0065;STORE_05;CASH-05;2026-07-29 12:31:12;SKU-035;3;5000;1000;CARD
REC-20260729-STORE_05-0065;STORE_05;CASH-02;2026-07-29 12:31:12;SKU-002;2;12000;1000;CASH
REC-20260729-STORE_05-0065;STORE_05;CASH-09;2026-07-29 12:31:12;SKU-037;4;45000;0;CARD
REC-20260729-STORE_05-0065;STORE_05;CASH-10;2026-07-29 12:31:12;SKU-003;4;45000;0;CARD
REC-20260729-STORE_05-0065;STORE_05;CASH-02;2026-07-29 12:31:12;SKU-012;2;45000;0;CARD
REC-20260729-STORE_05-0066;STORE_05;CASH-04;2026-07-29 16:05:50;SKU-002;1;12000;1000;CASH
REC-20260729-STORE_05-0066;STORE_05;CASH-10;2026-07-29 16:05:50;SKU-012;1;45000;0;CASH
REC-20260729-STORE_05-0067;STORE_05;CASH-06;2026-07-29 12:33:56;SKU-043;3;25000;0;CARD
REC-20260729-STORE_05-0067;STORE_05;CASH-06;2026-07-29 12:33:56;SKU-001;4;45000;500;CARD
REC-20260729-STORE_05-0067;STORE_05;CASH-07;2026-07-29 12:33:56;SKU-026;1;12000;0;CARD
REC-20260729-STORE_05-0067;STORE_05;CASH-07;2026-07-29 12:33:56;SKU-002;2;12000;0;CARD
REC-20260729-STORE_05-0068;STORE_05;CASH-10;2026-07-29 17:46:31;SKU-008;2;12000;0;CASH
REC-20260729-STORE_05-0068;STORE_05;CASH-06;2026-07-29 17:46:31;SKU-045;3;45000;500;CASH
REC-20260729-STORE_05-0068;STORE_05;CASH-10;2026-07-29 17:46:31;SKU-009;1;25000;0;CARD
REC-20260729-STORE_05-0069;STORE_05;CASH-06;2026-07-29 16:22:13;SKU-032;4;25000;500;CARD
REC-20260729-STORE_05-0069;STORE_05;CASH-03;2026-07-29 16:22:13;SKU-002;2;12000;0;CARD
REC-20260729-STORE_05-0069;STORE_05;CASH-04;2026-07-29 16:22:13;SKU-022;3;12000;0;CASH
REC-20260729-STORE_05-0070;STORE_05;CASH-10;2026-07-29 16:41:08;SKU-009;1;25000;500;CARD
REC-20260729-STORE_05-0070;STORE_05;CASH-02;2026-07-29 16:41:08;SKU-011;4;5000;500;CARD
REC-20260729-STORE_05-0070;STORE_05;CASH-05;2026-07-29 16:41:08;SKU-007;3;12000;0;CASH
REC-20260729-STORE_05-0071;STORE_05;CASH-03;2026-07-29 13:13:44;SKU-002;3;12000;0;CARD
REC-20260729-STORE_05-0071;STORE_05;CASH-07;2026-07-29 13:13:44;SKU-002;2;12000;0;CARD
REC-20260729-STORE_05-0071;STORE_05;CASH-01;2026-07-29 13:13:44;SKU-001;3;45000;0;CARD
REC-20260729-STORE_05-0071;STORE_05;CASH-05;2026-07-29 13:13:44;SKU-002;2;12000;1000;CARD
REC-20260729-STORE_05-0071;STORE_05;CASH-03;2026-07-29 13:13:44;SKU-016;1;25000;0;CARD
REC-20260729-STORE_05-0072;STORE_05;CASH-02;2026-07-29 18:51:34;SKU-004;3;25000;500;CASH
REC-20260729-STORE_05-0073;STORE_05;CASH-09;2026-07-29 19:51:07;SKU-002;1;12000;0;CARD
REC-20260729-STORE_05-0073;STORE_05;CASH-08;2026-07-29 19:51:07;SKU-018;1;5000;0;CASH
REC-20260729-STORE_05-0074;STORE_05;CASH-07;2026-07-29 10:00:13;SKU-016;3;25000;0;CARD
REC-20260729-STORE_05-0074;STORE_05;CASH-01;2026-07-29 10:00:13;SKU-047;4;5000;0;CASH
REC-20260729-STORE_05-0075;STORE_05;CASH-08;2026-07-29 17:39:56;SKU-001;4;45000;0;CASH
REC-20260729-STORE_05-0075;STORE_05;CASH-09;2026-07-29 17:39:56;SKU-017;1;12000;1000;CARD
REC-20260729-STORE_05-0075;STORE_05;CASH-06;2026-07-29 17:39:56;SKU-047;3;5000;0;CARD
REC-20260729-STORE_05-0076;STORE_05;CASH-10;2026-07-29 14:05:00;SKU-037;3;45000;0;CASH
REC-20260729-STORE_05-0076;STORE_05;CASH-08;2026-07-29 14:05:00;SKU-037;2;45000;0;CARD
REC-20260729-STORE_05-0077;STORE_05;CASH-08;2026-07-29 16:22:55;SKU-005;3;5000;0;CARD
REC-20260729-STORE_05-0077;STORE_05;CASH-08;2026-07-29 16:22:55;SKU-009;1;25000;1000;CASH
REC-20260729-STORE_05-0077;STORE_05;CASH-07;2026-07-29 16:22:55;SKU-002;3;12000;1000;CARD
REC-20260729-STORE_05-0077;STORE_05;CASH-01;2026-07-29 16:22:55;SKU-016;3;25000;1000;CASH
REC-20260729-STORE_05-0078;STORE_05;CASH-07;2026-07-29 17:58:13;SKU-002;3;12000;1000;CASH
REC-20260729-STORE_05-0078;STORE_05;CASH-09;2026-07-29 17:58:13;SKU-019;3;25000;0;CASH
REC-20260729-STORE_05-0078;STORE_05;CASH-10;2026-07-29 17:58:13;SKU-032;3;25000;500;CARD
REC-20260729-STORE_05-0079;STORE_05;CASH-03;2026-07-29 8:33:06;SKU-002;4;12000;0;CARD
REC-20260729-STORE_05-0079;STORE_05;CASH-08;2026-07-29 8:33:06;SKU-003;4;45000;0;CARD
REC-20260729-STORE_05-0080;STORE_05;CASH-09;2026-07-29 16:57:08;SKU-043;3;25000;0;CARD
REC-20260729-STORE_05-0080;STORE_05;CASH-10;2026-07-29 16:57:08;SKU-003;4;45000;500;CARD
REC-20260729-STORE_05-0080;STORE_05;CASH-05;2026-07-29 16:57:08;SKU-012;4;45000;0;CARD
REC-20260729-STORE_05-0080;STORE_05;CASH-09;2026-07-29 16:57:08;SKU-002;1;12000;0;CARD
REC-20260729-STORE_05-0081;STORE_05;CASH-01;2026-07-29 15:51:40;SKU-019;2;25000;0;CARD
REC-20260729-STORE_05-0081;STORE_05;CASH-05;2026-07-29 15:51:40;SKU-032;4;25000;0;CASH
REC-20260729-STORE_05-0081;STORE_05;CASH-08;2026-07-29 15:51:40;SKU-013;1;12000;0;CARD
REC-20260729-STORE_05-0082;STORE_05;CASH-04;2026-07-29 16:42:35;SKU-007;4;12000;0;CARD
REC-20260729-STORE_05-0082;STORE_05;CASH-10;2026-07-29 16:42:35;SKU-007;3;12000;1000;CASH
REC-20260729-STORE_05-0082;STORE_05;CASH-07;2026-07-29 16:42:35;SKU-001;2;45000;0;CARD
REC-20260729-STORE_05-0083;STORE_05;CASH-02;2026-07-29 19:57:02;SKU-006;2;45000;0;CARD
REC-20260729-STORE_05-0083;STORE_05;CASH-06;2026-07-29 19:57:02;SKU-005;1;5000;1000;CARD
REC-20260729-STORE_05-0083;STORE_05;CASH-09;2026-07-29 19:57:02;SKU-019;2;25000;1000;CARD
REC-20260729-STORE_05-0083;STORE_05;CASH-02;2026-07-29 19:57:02;SKU-001;4;45000;0;CASH
REC-20260729-STORE_05-0084;STORE_05;CASH-02;2026-07-29 9:44:27;SKU-008;2;12000;1000;CARD
REC-20260729-STORE_05-0084;STORE_05;CASH-10;2026-07-29 9:44:27;SKU-001;3;45000;0;CARD
REC-20260729-STORE_05-0084;STORE_05;CASH-10;2026-07-29 9:44:27;SKU-004;4;25000;500;CASH
REC-20260729-STORE_05-0084;STORE_05;CASH-05;2026-07-29 9:44:27;SKU-001;4;45000;0;CARD
REC-20260729-STORE_05-0084;STORE_05;CASH-03;2026-07-29 9:44:27;SKU-043;3;25000;500;CASH
REC-20260729-STORE_05-0085;STORE_05;CASH-09;2026-07-29 9:07:49;SKU-004;4;25000;1000;CASH
REC-20260729-STORE_05-0085;STORE_05;CASH-03;2026-07-29 9:07:49;SKU-011;2;5000;0;CARD
REC-20260729-STORE_05-0085;STORE_05;CASH-03;2026-07-29 9:07:49;SKU-001;2;45000;0;CARD
REC-20260729-STORE_05-0085;STORE_05;CASH-09;2026-07-29 9:07:49;SKU-004;3;25000;500;CARD
REC-20260729-STORE_05-0086;STORE_05;CASH-01;2026-07-29 16:22:34;SKU-005;1;5000;0;CASH
REC-20260729-STORE_05-0086;STORE_05;CASH-06;2026-07-29 16:22:34;SKU-005;3;5000;0;CARD
REC-20260729-STORE_05-0087;STORE_05;CASH-06;2026-07-29 15:48:06;SKU-004;4;25000;1000;CARD
REC-20260729-STORE_05-0087;STORE_05;CASH-10;2026-07-29 15:48:06;SKU-002;2;12000;0;CASH
REC-20260729-STORE_05-0087;STORE_05;CASH-08;2026-07-29 15:48:06;SKU-001;2;45000;1000;CARD
REC-20260729-STORE_05-0087;STORE_05;CASH-04;2026-07-29 15:48:06;SKU-001;1;45000;0;CARD
REC-20260729-STORE_05-0088;STORE_05;CASH-10;2026-07-29 10:14:18;SKU-017;4;12000;0;CARD
REC-20260729-STORE_05-0088;STORE_05;CASH-03;2026-07-29 10:14:18;SKU-005;1;5000;0;CASH
REC-20260729-STORE_05-0088;STORE_05;CASH-01;2026-07-29 10:14:18;SKU-020;3;12000;0;CARD
REC-20260729-STORE_05-0088;STORE_05;CASH-08;2026-07-29 10:14:18;SKU-013;3;12000;1000;CARD
REC-20260729-STORE_05-0088;STORE_05;CASH-05;2026-07-29 10:14:18;SKU-002;2;12000;0;CARD
REC-20260729-STORE_05-0089;STORE_05;CASH-06;2026-07-29 18:43:42;SKU-044;2;5000;0;CARD
REC-20260729-STORE_05-0089;STORE_05;CASH-07;2026-07-29 18:43:42;SKU-001;4;45000;1000;CARD
REC-20260729-STORE_05-0090;STORE_05;CASH-04;2026-07-29 11:59:33;SKU-001;3;45000;0;CASH
REC-20260729-STORE_05-0090;STORE_05;CASH-04;2026-07-29 11:59:33;SKU-002;3;12000;1000;CASH
REC-20260729-STORE_05-0091;STORE_05;CASH-01;2026-07-29 20:19:32;SKU-001;3;45000;0;CASH
REC-20260729-STORE_05-0091;STORE_05;CASH-01;2026-07-29 20:19:32;SKU-009;4;25000;0;CARD
REC-20260729-STORE_05-0091;STORE_05;CASH-01;2026-07-29 20:19:32;SKU-002;2;12000;500;CASH
REC-20260729-STORE_05-0091;STORE_05;CASH-05;2026-07-29 20:19:32;SKU-014;1;5000;0;CARD
REC-20260729-STORE_05-0091;STORE_05;CASH-04;2026-07-29 20:19:32;SKU-001;2;45000;500;CASH
REC-20260729-STORE_05-0092;STORE_05;CASH-10;2026-07-29 15:00:10;SKU-023;3;45000;500;CASH
REC-20260729-STORE_05-0092;STORE_05;CASH-09;2026-07-29 15:00:10;SKU-027;4;5000;0;CARD
REC-20260729-STORE_05-0093;STORE_05;CASH-08;2026-07-29 12:33:15;SKU-009;3;25000;0;CASH
REC-20260729-STORE_05-0093;STORE_05;CASH-10;2026-07-29 12:33:15;SKU-003;4;45000;1000;CASH
REC-20260729-STORE_05-0094;STORE_05;CASH-01;2026-07-29 9:51:12;SKU-007;1;12000;0;CARD
REC-20260729-STORE_05-0095;STORE_05;CASH-03;2026-07-29 11:22:06;SKU-008;1;12000;0;CASH
REC-20260729-STORE_05-0096;STORE_05;CASH-01;2026-07-29 19:51:53;SKU-011;4;5000;500;CARD
REC-20260729-STORE_05-0096;STORE_05;CASH-05;2026-07-29 19:51:53;SKU-049;2;5000;1000;CARD
REC-20260729-STORE_05-0097;STORE_05;CASH-03;2026-07-29 17:54:32;SKU-031;3;45000;1000;CARD
REC-20260729-STORE_05-0097;STORE_05;CASH-05;2026-07-29 17:54:32;SKU-004;4;25000;1000;CASH
REC-20260729-STORE_05-0097;STORE_05;CASH-10;2026-07-29 17:54:32;SKU-001;3;45000;0;CARD
REC-20260729-STORE_05-0097;STORE_05;CASH-08;2026-07-29 17:54:32;SKU-025;1;5000;0;CARD
REC-20260729-STORE_05-0097;STORE_05;CASH-06;2026-07-29 17:54:32;SKU-005;2;5000;0;CARD
REC-20260729-STORE_05-0098;STORE_05;CASH-06;2026-07-29 18:58:38;SKU-014;2;5000;1000;CARD
REC-20260729-STORE_05-0098;STORE_05;CASH-03;2026-07-29 18:58:38;SKU-005;4;5000;500;CASH
REC-20260729-STORE_05-0098;STORE_05;CASH-08;2026-07-29 18:58:38;SKU-008;1;12000;1000;CARD
REC-20260729-STORE_05-0098;STORE_05;CASH-01;2026-07-29 18:58:38;SKU-001;4;45000;0;CARD
REC-20260729-STORE_05-0099;STORE_05;CASH-09;2026-07-29 18:37:50;SKU-005;1;5000;500;CARD
REC-20260729-STORE_05-0099;STORE_05;CASH-09;2026-07-29 18:37:50;SKU-015;3;5000;500;CASH
REC-20260729-STORE_05-0099;STORE_05;CASH-02;2026-07-29 18:37:50;SKU-020;3;12000;1000;CASH
REC-20260729-STORE_05-0099;STORE_05;CASH-04;2026-07-29 18:37:50;SKU-001;3;45000;1000;CARD
REC-20260729-STORE_05-0099;STORE_05;CASH-04;2026-07-29 18:37:50;SKU-001;4;45000;1000;CARD
REC-20260729-STORE_05-0100;STORE_05;CASH-04;2026-07-29 18:07:12;SKU-010;1;25000;500;CARD
REC-20260729-STORE_05-0100;STORE_05;CASH-03;2026-07-29 18:07:12;SKU-023;2;45000;500;CARD
REC-20260729-STORE_05-0100;STORE_05;CASH-01;2026-07-29 18:07:12;SKU-009;1;25000;0;CASH
REC-20260729-STORE_05-0101;STORE_05;CASH-03;2026-07-29 16:54:28;SKU-020;1;12000;500;CARD
REC-20260729-STORE_05-0101;STORE_05;CASH-09;2026-07-29 16:54:28;SKU-041;3;25000;0;CASH
REC-20260729-STORE_05-0101;STORE_05;CASH-02;2026-07-29 16:54:28;SKU-002;3;12000;0;CASH
REC-20260729-STORE_05-0101;STORE_05;CASH-06;2026-07-29 16:54:28;SKU-007;3;12000;0;CASH
REC-20260729-STORE_05-0101;STORE_05;CASH-03;2026-07-29 16:54:28;SKU-001;1;45000;0;CARD
REC-20260729-STORE_05-0102;STORE_05;CASH-09;2026-07-29 14:12:25;SKU-002;4;12000;0;CARD
REC-20260729-STORE_05-0102;STORE_05;CASH-04;2026-07-29 14:12:25;SKU-001;2;45000;500;CARD
REC-20260729-STORE_05-0102;STORE_05;CASH-02;2026-07-29 14:12:25;SKU-006;1;45000;0;CARD
REC-20260729-STORE_05-0102;STORE_05;CASH-08;2026-07-29 14:12:25;SKU-004;2;25000;0;CASH
REC-20260729-STORE_05-0103;STORE_05;CASH-01;2026-07-29 20:43:50;SKU-005;4;5000;1000;CASH
REC-20260729-STORE_05-0104;STORE_05;CASH-04;2026-07-29 8:47:44;SKU-001;2;45000;0;CARD
REC-20260729-STORE_05-0104;STORE_05;CASH-07;2026-07-29 8:47:44;SKU-003;2;45000;500;CARD
REC-20260729-STORE_05-0104;STORE_05;CASH-01;2026-07-29 8:47:44;SKU-022;2;12000;0;CARD
REC-20260729-STORE_05-0104;STORE_05;CASH-04;2026-07-29 8:47:44;SKU-001;2;45000;500;CARD
REC-20260729-STORE_05-0105;STORE_05;CASH-07;2026-07-29 19:59:57;SKU-003;4;45000;500;CARD
REC-20260729-STORE_05-0105;STORE_05;CASH-02;2026-07-29 19:59:57;SKU-001;2;45000;0;CARD
REC-20260729-STORE_05-0105;STORE_05;CASH-04;2026-07-29 19:59:57;SKU-025;1;5000;0;CASH
REC-20260729-STORE_05-0105;STORE_05;CASH-07;2026-07-29 19:59:57;SKU-024;1;12000;500;CASH
REC-20260729-STORE_05-0106;STORE_05;CASH-07;2026-07-29 19:07:05;SKU-005;1;5000;0;CARD
REC-20260729-STORE_05-0106;STORE_05;CASH-07;2026-07-29 19:07:05;SKU-005;3;5000;1000;CARD
REC-20260729-STORE_05-0106;STORE_05;CASH-03;2026-07-29 19:07:05;SKU-001;1;45000;1000;CASH
REC-20260729-STORE_05-0107;STORE_05;CASH-08;2026-07-29 17:11:24;SKU-015;4;5000;0;CARD
REC-20260729-STORE_05-0107;STORE_05;CASH-10;2026-07-29 17:11:24;SKU-001;1;45000;1000;CASH
REC-20260729-STORE_05-0108;STORE_05;CASH-05;2026-07-29 13:12:06;SKU-004;3;25000;500;CARD
REC-20260729-STORE_05-0108;STORE_05;CASH-04;2026-07-29 13:12:06;SKU-003;1;45000;0;CARD
REC-20260729-STORE_05-0109;STORE_05;CASH-09;2026-07-29 21:50:31;SKU-001;1;45000;0;CARD
REC-20260729-STORE_05-0109;STORE_05;CASH-10;2026-07-29 21:50:31;SKU-004;4;25000;0;CASH
REC-20260729-STORE_05-0110;STORE_05;CASH-03;2026-07-29 12:30:06;SKU-001;3;45000;0;CARD
REC-20260729-STORE_05-0110;STORE_05;CASH-05;2026-07-29 12:30:06;SKU-001;4;45000;1000;CARD
REC-20260729-STORE_05-0110;STORE_05;CASH-04;2026-07-29 12:30:06;SKU-001;2;45000;1000;CARD
REC-20260729-STORE_05-0110;STORE_05;CASH-06;2026-07-29 12:30:06;SKU-008;1;12000;0;CASH
REC-20260729-STORE_05-0110;STORE_05;CASH-04;2026-07-29 12:30:06;SKU-001;1;45000;0;CARD
REC-20260729-STORE_05-0111;STORE_05;CASH-01;2026-07-29 16:56:00;SKU-028;2;5000;0;CARD
REC-20260729-STORE_05-0111;STORE_05;CASH-01;2026-07-29 16:56:00;SKU-001;4;45000;0;CARD
REC-20260729-STORE_05-0111;STORE_05;CASH-02;2026-07-29 16:56:00;SKU-012;4;45000;1000;CASH
REC-20260729-STORE_05-0111;STORE_05;CASH-05;2026-07-29 16:56:00;SKU-043;2;25000;0;CARD
REC-20260729-STORE_05-0112;STORE_05;CASH-06;2026-07-29 8:04:27;SKU-028;1;5000;0;CASH
REC-20260729-STORE_05-0112;STORE_05;CASH-10;2026-07-29 8:04:27;SKU-018;3;5000;0;CASH
REC-20260729-STORE_05-0113;STORE_05;CASH-05;2026-07-29 17:34:04;SKU-001;4;45000;0;CARD
REC-20260729-STORE_05-0113;STORE_05;CASH-03;2026-07-29 17:34:04;SKU-001;3;45000;500;CARD
REC-20260729-STORE_05-0113;STORE_05;CASH-03;2026-07-29 17:34:04;SKU-003;3;45000;0;CASH
REC-20260729-STORE_05-0114;STORE_05;CASH-06;2026-07-29 13:56:22;SKU-002;1;12000;0;CASH
REC-20260729-STORE_05-0114;STORE_05;CASH-09;2026-07-29 13:56:22;SKU-004;4;25000;0;CASH
REC-20260729-STORE_05-0114;STORE_05;CASH-04;2026-07-29 13:56:22;SKU-001;4;45000;500;CARD
REC-20260729-STORE_05-0114;STORE_05;CASH-09;2026-07-29 13:56:22;SKU-046;4;25000;0;CARD
REC-20260729-STORE_05-0115;STORE_05;CASH-08;2026-07-29 11:13:36;SKU-001;2;45000;1000;CARD
REC-20260729-STORE_05-0115;STORE_05;CASH-04;2026-07-29 11:13:36;SKU-039;4;5000;0;CASH
REC-20260729-STORE_05-0115;STORE_05;CASH-05;2026-07-29 11:13:36;SKU-001;4;45000;0;CARD
REC-20260729-STORE_05-0115;STORE_05;CASH-06;2026-07-29 11:13:36;SKU-013;3;12000;0;CARD
REC-20260729-STORE_05-0116;STORE_05;CASH-03;2026-07-29 20:15:45;SKU-001;4;45000;0;CARD
REC-20260729-STORE_05-0117;STORE_05;CASH-05;2026-07-29 10:31:51;SKU-001;3;45000;0;CARD
REC-20260729-STORE_05-0117;STORE_05;CASH-10;2026-07-29 10:31:51;SKU-005;2;5000;0;CARD
REC-20260729-STORE_05-0117;STORE_05;CASH-01;2026-07-29 10:31:51;SKU-004;4;25000;1000;CASH
REC-20260729-STORE_05-0117;STORE_05;CASH-10;2026-07-29 10:31:51;SKU-024;1;12000;0;CASH
REC-20260729-STORE_05-0118;STORE_05;CASH-05;2026-07-29 11:04:35;SKU-002;3;12000;0;CASH
REC-20260729-STORE_05-0119;STORE_05;CASH-06;2026-07-29 16:33:49;SKU-001;1;45000;0;CASH
REC-20260729-STORE_05-0119;STORE_05;CASH-04;2026-07-29 16:33:49;SKU-001;2;45000;500;CARD
REC-20260729-STORE_05-0120;STORE_05;CASH-01;2026-07-29 19:01:20;SKU-012;4;45000;1000;CARD
REC-20260729-STORE_05-0120;STORE_05;CASH-07;2026-07-29 19:01:20;SKU-010;4;25000;1000;CARD
REC-20260729-STORE_05-0120;STORE_05;CASH-02;2026-07-29 19:01:20;SKU-003;2;45000;0;CARD
REC-20260729-STORE_05-0120;STORE_05;CASH-10;2026-07-29 19:01:20;SKU-001;1;45000;0;CASH
REC-20260729-STORE_05-0120;STORE_05;CASH-02;2026-07-29 19:01:20;SKU-013;4;12000;500;CASH
REC-20260729-STORE_05-0121;STORE_05;CASH-04;2026-07-29 17:09:18;SKU-002;1;12000;0;CASH
REC-20260729-STORE_05-0122;STORE_05;CASH-05;2026-07-29 21:40:32;SKU-003;3;45000;0;CARD
REC-20260729-STORE_05-0122;STORE_05;CASH-09;2026-07-29 21:40:32;SKU-008;4;12000;1000;CARD
REC-20260729-STORE_05-0122;STORE_05;CASH-06;2026-07-29 21:40:32;SKU-003;4;45000;0;CASH
REC-20260729-STORE_05-0122;STORE_05;CASH-07;2026-07-29 21:40:32;SKU-002;3;12000;500;CARD
REC-20260729-STORE_05-0122;STORE_05;CASH-08;2026-07-29 21:40:32;SKU-040;2;25000;1000;CARD
REC-20260729-STORE_05-0123;STORE_05;CASH-03;2026-07-29 8:04:52;SKU-009;4;25000;0;CARD
REC-20260729-STORE_05-0123;STORE_05;CASH-09;2026-07-29 8:04:52;SKU-002;3;12000;1000;CARD
REC-20260729-STORE_05-0123;STORE_05;CASH-08;2026-07-29 8:04:52;SKU-042;4;5000;0;CARD
REC-20260729-STORE_05-0123;STORE_05;CASH-10;2026-07-29 8:04:52;SKU-004;3;25000;0;CARD
REC-20260729-STORE_05-0123;STORE_05;CASH-02;2026-07-29 8:04:52;SKU-001;1;45000;0;CARD
REC-20260729-STORE_05-0124;STORE_05;CASH-02;2026-07-29 15:02:31;SKU-004;2;25000;0;CASH
REC-20260729-STORE_05-0124;STORE_05;CASH-08;2026-07-29 15:02:31;SKU-038;3;12000;0;CARD
REC-20260729-STORE_05-0125;STORE_05;CASH-06;2026-07-29 15:42:41;SKU-022;1;12000;0;CARD
REC-20260729-STORE_05-0125;STORE_05;CASH-04;2026-07-29 15:42:41;SKU-003;4;45000;0;CARD
REC-20260729-STORE_05-0126;STORE_05;CASH-08;2026-07-29 14:06:26;SKU-002;3;12000;500;CARD
REC-20260729-STORE_05-0126;STORE_05;CASH-07;2026-07-29 14:06:26;SKU-001;1;45000;1000;CARD
REC-20260729-STORE_05-0127;STORE_05;CASH-08;2026-07-29 21:15:16;SKU-003;1;45000;0;CARD
REC-20260729-STORE_05-0127;STORE_05;CASH-03;2026-07-29 21:15:16;SKU-034;2;25000;1000;CARD
REC-20260729-STORE_05-0127;STORE_05;CASH-08;2026-07-29 21:15:16;SKU-012;2;45000;0;CARD
REC-20260729-STORE_05-0128;STORE_05;CASH-04;2026-07-29 16:30:50;SKU-014;3;5000;500;CARD
REC-20260729-STORE_05-0128;STORE_05;CASH-09;2026-07-29 16:30:50;SKU-013;2;12000;1000;CARD
REC-20260729-STORE_05-0128;STORE_05;CASH-08;2026-07-29 16:30:50;SKU-004;2;25000;0;CARD
REC-20260729-STORE_05-0128;STORE_05;CASH-04;2026-07-29 16:30:50;SKU-006;2;45000;1000;CARD
REC-20260729-STORE_05-0129;STORE_05;CASH-10;2026-07-29 14:22:56;SKU-030;2;45000;0;CASH
REC-20260729-STORE_05-0129;STORE_05;CASH-05;2026-07-29 14:22:56;SKU-001;2;45000;0;CARD
REC-20260729-STORE_05-0129;STORE_05;CASH-01;2026-07-29 14:22:56;SKU-001;4;45000;1000;CARD
REC-20260729-STORE_05-0130;STORE_05;CASH-08;2026-07-29 17:24:01;SKU-007;2;12000;0;CARD
REC-20260729-STORE_05-0130;STORE_05;CASH-09;2026-07-29 17:24:01;SKU-038;2;12000;1000;CASH
REC-20260729-STORE_05-0130;STORE_05;CASH-10;2026-07-29 17:24:01;SKU-001;3;45000;500;CARD
REC-20260729-STORE_05-0130;STORE_05;CASH-05;2026-07-29 17:24:01;SKU-015;3;5000;0;CARD
REC-20260729-STORE_05-0131;STORE_05;CASH-03;2026-07-29 16:54:07;SKU-002;4;12000;0;CARD
REC-20260729-STORE_05-0131;STORE_05;CASH-05;2026-07-29 16:54:07;SKU-001;3;45000;500;CASH
REC-20260729-STORE_05-0131;STORE_05;CASH-10;2026-07-29 16:54:07;SKU-001;1;45000;0;CARD
REC-20260729-STORE_05-0131;STORE_05;CASH-09;2026-07-29 16:54:07;SKU-007;3;12000;0;CARD
REC-20260729-STORE_05-0132;STORE_05;CASH-03;2026-07-29 13:51:15;SKU-004;1;25000;0;CARD
REC-20260729-STORE_05-0132;STORE_05;CASH-08;2026-07-29 13:51:15;SKU-033;4;5000;0;CARD
REC-20260729-STORE_05-0132;STORE_05;CASH-01;2026-07-29 13:51:15;SKU-003;3;45000;1000;CARD
REC-20260729-STORE_05-0133;STORE_05;CASH-06;2026-07-29 21:33:38;SKU-007;2;12000;500;CASH
REC-20260729-STORE_05-0133;STORE_05;CASH-01;2026-07-29 21:33:38;SKU-002;2;12000;0;CARD
REC-20260729-STORE_05-0134;STORE_05;CASH-02;2026-07-29 19:32:23;SKU-001;2;45000;1000;CASH
REC-20260729-STORE_05-0134;STORE_05;CASH-04;2026-07-29 19:32:23;SKU-001;1;45000;1000;CARD
REC-20260729-STORE_05-0134;STORE_05;CASH-06;2026-07-29 19:32:23;SKU-018;3;5000;0;CARD
REC-20260729-STORE_05-0135;STORE_05;CASH-06;2026-07-29 17:51:31;SKU-001;4;45000;0;CASH
REC-20260729-STORE_05-0135;STORE_05;CASH-10;2026-07-29 17:51:31;SKU-002;1;12000;1000;CARD
REC-20260729-STORE_05-0135;STORE_05;CASH-04;2026-07-29 17:51:31;SKU-002;3;12000;0;CARD
REC-20260729-STORE_05-0135;STORE_05;CASH-05;2026-07-29 17:51:31;SKU-010;1;25000;0;CASH
REC-20260729-STORE_05-0135;STORE_05;CASH-02;2026-07-29 17:51:31;SKU-017;3;12000;0;CASH
REC-20260729-STORE_05-0136;STORE_05;CASH-04;2026-07-29 21:48:22;SKU-010;2;25000;500;CASH
REC-20260729-STORE_05-0137;STORE_05;CASH-05;2026-07-29 10:47:47;SKU-003;4;45000;0;CARD
REC-20260729-STORE_05-0137;STORE_05;CASH-05;2026-07-29 10:47:47;SKU-005;3;5000;500;CASH
REC-20260729-STORE_05-0137;STORE_05;CASH-04;2026-07-29 10:47:47;SKU-001;1;45000;1000;CASH
REC-20260729-STORE_05-0137;STORE_05;CASH-07;2026-07-29 10:47:47;SKU-016;3;25000;500;CASH
REC-20260729-STORE_05-0138;STORE_05;CASH-08;2026-07-29 11:39:49;SKU-001;3;45000;0;CARD
REC-20260729-STORE_05-0139;STORE_05;CASH-01;2026-07-29 8:55:22;SKU-003;3;45000;1000;CARD
REC-20260729-STORE_05-0140;STORE_05;CASH-10;2026-07-29 20:22:45;SKU-048;2;25000;1000;CARD
REC-20260729-STORE_05-0140;STORE_05;CASH-06;2026-07-29 20:22:45;SKU-001;2;45000;1000;CARD
REC-20260729-STORE_05-0140;STORE_05;CASH-04;2026-07-29 20:22:45;SKU-001;4;45000;500;CARD
REC-20260729-STORE_05-0140;STORE_05;CASH-09;2026-07-29 20:22:45;SKU-002;3;12000;1000;CARD
REC-20260729-STORE_05-0141;STORE_05;CASH-04;2026-07-29 17:33:03;SKU-014;4;5000;0;CARD
REC-20260729-STORE_05-0141;STORE_05;CASH-02;2026-07-29 17:33:03;SKU-012;4;45000;0;CARD
REC-20260729-STORE_05-0141;STORE_05;CASH-02;2026-07-29 17:33:03;SKU-046;3;25000;500;CARD
REC-20260729-STORE_05-0142;STORE_05;CASH-08;2026-07-29 16:08:50;SKU-008;2;12000;500;CARD
REC-20260729-STORE_05-0142;STORE_05;CASH-04;2026-07-29 16:08:50;SKU-047;1;5000;0;CARD
REC-20260729-STORE_05-0143;STORE_05;CASH-10;2026-07-29 21:12:42;SKU-005;1;5000;500;CASH
REC-20260729-STORE_05-0143;STORE_05;CASH-01;2026-07-29 21:12:42;SKU-003;1;45000;500;CARD
REC-20260729-STORE_05-0144;STORE_05;CASH-08;2026-07-29 19:26:37;SKU-014;2;5000;500;CARD
REC-20260729-STORE_05-0144;STORE_05;CASH-08;2026-07-29 19:26:37;SKU-001;4;45000;0;CARD
REC-20260729-STORE_05-0144;STORE_05;CASH-05;2026-07-29 19:26:37;SKU-005;1;5000;500;CARD
REC-20260729-STORE_05-0144;STORE_05;CASH-06;2026-07-29 19:26:37;SKU-008;3;12000;0;CASH
REC-20260729-STORE_05-0144;STORE_05;CASH-05;2026-07-29 19:26:37;SKU-001;2;45000;500;CARD
REC-20260729-STORE_05-0145;STORE_05;CASH-06;2026-07-29 9:15:21;SKU-047;1;5000;1000;CARD
REC-20260729-STORE_05-0145;STORE_05;CASH-02;2026-07-29 9:15:21;SKU-001;2;45000;1000;CASH
REC-20260729-STORE_05-0145;STORE_05;CASH-04;2026-07-29 9:15:21;SKU-004;4;25000;0;CASH
REC-20260729-STORE_05-0145;STORE_05;CASH-03;2026-07-29 9:15:21;SKU-013;4;12000;0;CARD
REC-20260729-STORE_05-0146;STORE_05;CASH-07;2026-07-29 21:26:42;SKU-030;4;45000;0;CARD
REC-20260729-STORE_05-0146;STORE_05;CASH-10;2026-07-29 21:26:42;SKU-005;3;5000;0;CARD
REC-20260729-STORE_05-0146;STORE_05;CASH-06;2026-07-29 21:26:42;SKU-024;3;12000;0;CARD
REC-20260729-STORE_05-0146;STORE_05;CASH-07;2026-07-29 21:26:42;SKU-006;4;45000;0;CARD
REC-20260729-STORE_05-0147;STORE_05;CASH-04;2026-07-29 21:11:33;SKU-009;4;25000;0;CARD
REC-20260729-STORE_05-0147;STORE_05;CASH-05;2026-07-29 21:11:33;SKU-009;1;25000;500;CARD
REC-20260729-STORE_05-0147;STORE_05;CASH-05;2026-07-29 21:11:33;SKU-004;2;25000;1000;CASH
REC-20260729-STORE_05-0147;STORE_05;CASH-10;2026-07-29 21:11:33;SKU-001;4;45000;500;CARD
REC-20260729-STORE_05-0148;STORE_05;CASH-10;2026-07-29 16:27:26;SKU-008;3;12000;0;CARD
REC-20260729-STORE_05-0148;STORE_05;CASH-04;2026-07-29 16:27:26;SKU-040;2;25000;1000;CARD
REC-20260729-STORE_05-0148;STORE_05;CASH-10;2026-07-29 16:27:26;SKU-002;3;12000;500;CASH
REC-20260729-STORE_05-0148;STORE_05;CASH-01;2026-07-29 16:27:26;SKU-026;2;12000;500;CARD
REC-20260729-STORE_05-0149;STORE_05;CASH-10;2026-07-29 11:02:31;SKU-012;2;45000;0;CARD
REC-20260729-STORE_05-0149;STORE_05;CASH-04;2026-07-29 11:02:31;SKU-016;1;25000;1000;CARD
REC-20260729-STORE_05-0149;STORE_05;CASH-08;2026-07-29 11:02:31;SKU-026;3;12000;0;CARD
REC-20260729-STORE_05-0150;STORE_05;CASH-02;2026-07-29 8:09:53;SKU-003;4;45000;1000;CASH
REC-20260729-STORE_05-0150;STORE_05;CASH-04;2026-07-29 8:09:53;SKU-004;2;25000;0;CARD
REC-20260729-STORE_05-0151;STORE_05;CASH-10;2026-07-29 8:26:36;SKU-004;2;25000;0;CASH
REC-20260729-STORE_05-0151;STORE_05;CASH-07;2026-07-29 8:26:36;SKU-020;1;12000;0;CARD
REC-20260729-STORE_05-0152;STORE_05;CASH-03;2026-07-29 12:06:22;SKU-002;3;12000;500;CARD
REC-20260729-STORE_05-0152;STORE_05;CASH-02;2026-07-29 12:06:22;SKU-010;2;25000;500;CASH
REC-20260729-STORE_05-0152;STORE_05;CASH-09;2026-07-29 12:06:22;SKU-008;3;12000;1000;CARD
REC-20260729-STORE_05-0152;STORE_05;CASH-07;2026-07-29 12:06:22;SKU-007;2;12000;0;CASH
REC-20260729-STORE_05-0153;STORE_05;CASH-07;2026-07-29 12:42:55;SKU-014;1;5000;1000;CARD
REC-20260729-STORE_05-0153;STORE_05;CASH-06;2026-07-29 12:42:55;SKU-009;4;25000;0;CARD
REC-20260729-STORE_05-0153;STORE_05;CASH-09;2026-07-29 12:42:55;SKU-001;1;45000;0;CARD
REC-20260729-STORE_05-0153;STORE_05;CASH-05;2026-07-29 12:42:55;SKU-005;4;5000;0;CARD
REC-20260729-STORE_05-0153;STORE_05;CASH-06;2026-07-29 12:42:55;SKU-006;3;45000;1000;CARD
REC-20260729-STORE_05-0154;STORE_05;CASH-06;2026-07-29 9:58:37;SKU-013;1;12000;500;CARD
REC-20260729-STORE_05-0154;STORE_05;CASH-04;2026-07-29 9:58:37;SKU-025;2;5000;0;CARD
REC-20260729-STORE_05-0154;STORE_05;CASH-08;2026-07-29 9:58:37;SKU-005;1;5000;1000;CARD
REC-20260729-STORE_05-0154;STORE_05;CASH-08;2026-07-29 9:58:37;SKU-042;4;5000;0;CARD
REC-20260729-STORE_05-0154;STORE_05;CASH-02;2026-07-29 9:58:37;SKU-018;2;5000;0;CARD
REC-20260729-STORE_05-0155;STORE_05;CASH-05;2026-07-29 19:16:44;SKU-039;1;5000;0;CASH
REC-20260729-STORE_05-0155;STORE_05;CASH-01;2026-07-29 19:16:44;SKU-029;4;5000;0;CARD
REC-20260729-STORE_05-0155;STORE_05;CASH-03;2026-07-29 19:16:44;SKU-001;3;45000;0;CASH
REC-20260729-STORE_05-0156;STORE_05;CASH-07;2026-07-29 13:46:20;SKU-001;4;45000;500;CASH
REC-20260729-STORE_05-0156;STORE_05;CASH-09;2026-07-29 13:46:20;SKU-019;2;25000;500;CASH
REC-20260729-STORE_05-0156;STORE_05;CASH-08;2026-07-29 13:46:20;SKU-001;3;45000;1000;CARD
REC-20260729-STORE_05-0156;STORE_05;CASH-01;2026-07-29 13:46:20;SKU-018;4;5000;500;CASH
REC-20260729-STORE_05-0157;STORE_05;CASH-04;2026-07-29 11:58:56;SKU-001;4;45000;0;CASH
REC-20260729-STORE_05-0158;STORE_05;CASH-02;2026-07-29 19:53:32;SKU-001;4;45000;1000;CASH
REC-20260729-STORE_05-0159;STORE_05;CASH-10;2026-07-29 19:22:27;SKU-001;3;45000;500;CARD
REC-20260729-STORE_05-0159;STORE_05;CASH-05;2026-07-29 19:22:27;SKU-001;1;45000;1000;CARD
REC-20260729-STORE_05-0159;STORE_05;CASH-08;2026-07-29 19:22:27;SKU-002;1;12000;500;CASH
REC-20260729-STORE_05-0160;STORE_05;CASH-08;2026-07-29 18:16:52;SKU-002;3;12000;0;CARD
REC-20260729-STORE_05-0160;STORE_05;CASH-02;2026-07-29 18:16:52;SKU-010;3;25000;0;CASH
REC-20260729-STORE_05-0160;STORE_05;CASH-04;2026-07-29 18:16:52;SKU-025;3;5000;1000;CASH
REC-20260729-STORE_05-0161;STORE_05;CASH-06;2026-07-29 20:07:37;SKU-001;2;45000;500;CARD
REC-20260729-STORE_05-0162;STORE_05;CASH-03;2026-07-29 14:08:51;SKU-004;2;25000;500;CARD
REC-20260729-STORE_05-0162;STORE_05;CASH-03;2026-07-29 14:08:51;SKU-001;2;45000;0;CARD
REC-20260729-STORE_05-0162;STORE_05;CASH-01;2026-07-29 14:08:51;SKU-003;1;45000;0;CASH
REC-20260729-STORE_05-0163;STORE_05;CASH-08;2026-07-29 9:21:51;SKU-001;2;45000;0;CARD
REC-20260729-STORE_05-0163;STORE_05;CASH-03;2026-07-29 9:21:51;SKU-004;3;25000;500;CASH
REC-20260729-STORE_05-0163;STORE_05;CASH-07;2026-07-29 9:21:51;SKU-003;4;45000;0;CASH
REC-20260729-STORE_05-0163;STORE_05;CASH-07;2026-07-29 9:21:51;SKU-030;1;45000;0;CARD
REC-20260729-STORE_05-0164;STORE_05;CASH-09;2026-07-29 8:22:08;SKU-003;1;45000;0;CASH
REC-20260729-STORE_05-0165;STORE_05;CASH-06;2026-07-29 18:47:46;SKU-014;3;5000;500;CARD
REC-20260729-STORE_05-0165;STORE_05;CASH-09;2026-07-29 18:47:46;SKU-001;1;45000;0;CARD
REC-20260729-STORE_05-0165;STORE_05;CASH-09;2026-07-29 18:47:46;SKU-011;2;5000;0;CARD
REC-20260729-STORE_05-0165;STORE_05;CASH-07;2026-07-29 18:47:46;SKU-002;4;12000;0;CARD
REC-20260729-STORE_05-0166;STORE_05;CASH-07;2026-07-29 15:36:28;SKU-013;3;12000;0;CASH
REC-20260729-STORE_05-0167;STORE_05;CASH-07;2026-07-29 9:07:03;SKU-001;3;45000;0;CARD
REC-20260729-STORE_05-0167;STORE_05;CASH-06;2026-07-29 9:07:03;SKU-001;1;45000;0;CARD
REC-20260729-STORE_05-0167;STORE_05;CASH-04;2026-07-29 9:07:03;SKU-010;2;25000;0;CARD
REC-20260729-STORE_05-0168;STORE_05;CASH-01;2026-07-29 18:18:29;SKU-017;4;12000;0;CARD
REC-20260729-STORE_05-0169;STORE_05;CASH-07;2026-07-29 15:55:06;SKU-003;4;45000;0;CASH
REC-20260729-STORE_05-0169;STORE_05;CASH-07;2026-07-29 15:55:06;SKU-002;2;12000;0;CARD
REC-20260729-STORE_05-0169;STORE_05;CASH-05;2026-07-29 15:55:06;SKU-004;1;25000;500;CARD
REC-20260729-STORE_05-0169;STORE_05;CASH-07;2026-07-29 15:55:06;SKU-006;3;45000;0;CARD
REC-20260729-STORE_05-0170;STORE_05;CASH-04;2026-07-29 17:22:07;SKU-002;2;12000;500;CASH
REC-20260729-STORE_05-0170;STORE_05;CASH-09;2026-07-29 17:22:07;SKU-009;3;25000;1000;CARD
REC-20260729-STORE_05-0170;STORE_05;CASH-09;2026-07-29 17:22:07;SKU-004;3;25000;0;CASH
REC-20260729-STORE_05-0170;STORE_05;CASH-10;2026-07-29 17:22:07;SKU-043;1;25000;500;CARD
REC-20260729-STORE_05-0170;STORE_05;CASH-05;2026-07-29 17:22:07;SKU-004;2;25000;1000;CARD
REC-20260729-STORE_05-0171;STORE_05;CASH-02;2026-07-29 19:10:40;SKU-047;1;5000;0;CARD
REC-20260729-STORE_05-0172;STORE_05;CASH-02;2026-07-29 14:13:07;SKU-001;2;45000;0;CARD
REC-20260729-STORE_05-0173;STORE_05;CASH-09;2026-07-29 10:05:06;SKU-023;2;45000;1000;CARD
REC-20260729-STORE_05-0173;STORE_05;CASH-09;2026-07-29 10:05:06;SKU-030;3;45000;0;CASH
REC-20260729-STORE_05-0173;STORE_05;CASH-01;2026-07-29 10:05:06;SKU-006;1;45000;500;CARD
REC-20260729-STORE_05-0174;STORE_05;CASH-08;2026-07-29 12:50:38;SKU-039;2;5000;0;CARD
REC-20260729-STORE_05-0174;STORE_05;CASH-04;2026-07-29 12:50:38;SKU-006;1;45000;0;CARD
REC-20260729-STORE_05-0174;STORE_05;CASH-08;2026-07-29 12:50:38;SKU-008;4;12000;500;CARD
REC-20260729-STORE_05-0174;STORE_05;CASH-09;2026-07-29 12:50:38;SKU-027;3;5000;500;CARD
REC-20260729-STORE_05-0175;STORE_05;CASH-02;2026-07-29 15:50:49;SKU-004;1;25000;1000;CASH
REC-20260729-STORE_05-0175;STORE_05;CASH-06;2026-07-29 15:50:49;SKU-023;1;45000;1000;CARD
REC-20260729-STORE_05-0176;STORE_05;CASH-04;2026-07-29 9:06:20;SKU-010;4;25000;0;CARD
REC-20260729-STORE_05-0176;STORE_05;CASH-02;2026-07-29 9:06:20;SKU-018;3;5000;0;CASH
REC-20260729-STORE_05-0176;STORE_05;CASH-06;2026-07-29 9:06:20;SKU-027;2;5000;500;CARD
REC-20260729-STORE_05-0176;STORE_05;CASH-06;2026-07-29 9:06:20;SKU-005;1;5000;0;CARD
REC-20260729-STORE_05-0176;STORE_05;CASH-03;2026-07-29 9:06:20;SKU-032;3;25000;0;CARD
REC-20260729-STORE_05-0177;STORE_05;CASH-02;2026-07-29 18:37:22;SKU-029;3;5000;0;CARD
REC-20260729-STORE_05-0177;STORE_05;CASH-09;2026-07-29 18:37:22;SKU-004;1;25000;0;CARD
REC-20260729-STORE_05-0177;STORE_05;CASH-02;2026-07-29 18:37:22;SKU-001;2;45000;1000;CARD
REC-20260729-STORE_05-0177;STORE_05;CASH-09;2026-07-29 18:37:22;SKU-019;1;25000;500;CARD
REC-20260729-STORE_05-0177;STORE_05;CASH-09;2026-07-29 18:37:22;SKU-001;2;45000;1000;CARD
REC-20260729-STORE_05-0178;STORE_05;CASH-06;2026-07-29 16:14:19;SKU-004;2;25000;0;CASH
REC-20260729-STORE_05-0178;STORE_05;CASH-08;2026-07-29 16:14:19;SKU-003;1;45000;0;CASH
REC-20260729-STORE_05-0179;STORE_05;CASH-04;2026-07-29 17:26:39;SKU-029;2;5000;0;CARD
REC-20260729-STORE_05-0179;STORE_05;CASH-09;2026-07-29 17:26:39;SKU-002;3;12000;0;CARD
REC-20260729-STORE_05-0179;STORE_05;CASH-02;2026-07-29 17:26:39;SKU-002;2;12000;0;CASH
REC-20260729-STORE_05-0180;STORE_05;CASH-02;2026-07-29 10:29:00;SKU-025;3;5000;1000;CARD
REC-20260729-STORE_05-0180;STORE_05;CASH-02;2026-07-29 10:29:00;SKU-008;2;12000;1000;CARD
REC-20260729-STORE_05-0180;STORE_05;CASH-02;2026-07-29 10:29:00;SKU-020;3;12000;0;CARD
REC-20260729-STORE_05-0180;STORE_05;CASH-09;2026-07-29 10:29:00;SKU-003;4;45000;0;CARD
REC-20260729-STORE_05-0180;STORE_05;CASH-10;2026-07-29 10:29:00;SKU-005;4;5000;0;CARD
REC-20260729-STORE_05-0181;STORE_05;CASH-06;2026-07-29 20:51:35;SKU-001;3;45000;1000;CARD
REC-20260729-STORE_05-0181;STORE_05;CASH-05;2026-07-29 20:51:35;SKU-005;1;5000;0;CARD
REC-20260729-STORE_05-0181;STORE_05;CASH-06;2026-07-29 20:51:35;SKU-004;1;25000;500;CARD
REC-20260729-STORE_05-0181;STORE_05;CASH-09;2026-07-29 20:51:35;SKU-003;1;45000;1000;CARD
REC-20260729-STORE_05-0182;STORE_05;CASH-01;2026-07-29 9:03:33;SKU-019;2;25000;1000;CASH
REC-20260729-STORE_05-0182;STORE_05;CASH-05;2026-07-29 9:03:33;SKU-028;3;5000;1000;CARD
REC-20260729-STORE_05-0183;STORE_05;CASH-10;2026-07-29 12:26:42;SKU-008;3;12000;0;CARD
REC-20260729-STORE_05-0183;STORE_05;CASH-06;2026-07-29 12:26:42;SKU-011;1;5000;500;CARD
REC-20260729-STORE_05-0183;STORE_05;CASH-06;2026-07-29 12:26:42;SKU-008;1;12000;0;CARD
REC-20260729-STORE_05-0183;STORE_05;CASH-10;2026-07-29 12:26:42;SKU-005;1;5000;1000;CARD
REC-20260729-STORE_05-0184;STORE_05;CASH-09;2026-07-29 17:26:19;SKU-023;4;45000;1000;CARD
REC-20260729-STORE_05-0184;STORE_05;CASH-10;2026-07-29 17:26:19;SKU-002;1;12000;500;CARD
REC-20260729-STORE_05-0184;STORE_05;CASH-08;2026-07-29 17:26:19;SKU-003;1;45000;500;CARD
REC-20260729-STORE_05-0184;STORE_05;CASH-02;2026-07-29 17:26:19;SKU-022;4;12000;1000;CASH
REC-20260729-STORE_05-0185;STORE_05;CASH-08;2026-07-29 15:43:10;SKU-033;3;5000;0;CASH
REC-20260729-STORE_05-0185;STORE_05;CASH-07;2026-07-29 15:43:10;SKU-008;2;12000;0;CARD
REC-20260729-STORE_05-0185;STORE_05;CASH-08;2026-07-29 15:43:10;SKU-001;4;45000;0;CARD
REC-20260729-STORE_05-0185;STORE_05;CASH-08;2026-07-29 15:43:10;SKU-001;4;45000;500;CASH
REC-20260729-STORE_05-0185;STORE_05;CASH-09;2026-07-29 15:43:10;SKU-002;1;12000;0;CASH
REC-20260729-STORE_05-0186;STORE_05;CASH-02;2026-07-29 21:06:57;SKU-005;2;5000;0;CARD
REC-20260729-STORE_05-0187;STORE_05;CASH-05;2026-07-29 12:13:27;SKU-001;1;45000;0;CARD
REC-20260729-STORE_05-0187;STORE_05;CASH-06;2026-07-29 12:13:27;SKU-007;1;12000;0;CARD
REC-20260729-STORE_05-0188;STORE_05;CASH-02;2026-07-29 19:50:38;SKU-018;4;5000;0;CARD
REC-20260729-STORE_05-0188;STORE_05;CASH-07;2026-07-29 19:50:38;SKU-008;2;12000;0;CASH
REC-20260729-STORE_05-0188;STORE_05;CASH-09;2026-07-29 19:50:38;SKU-041;4;25000;0;CASH
REC-20260729-STORE_05-0188;STORE_05;CASH-09;2026-07-29 19:50:38;SKU-015;2;5000;1000;CARD
REC-20260729-STORE_05-0189;STORE_05;CASH-01;2026-07-29 10:20:20;SKU-044;2;5000;0;CARD
REC-20260729-STORE_05-0190;STORE_05;CASH-07;2026-07-29 19:01:01;SKU-012;1;45000;0;CARD
REC-20260729-STORE_05-0190;STORE_05;CASH-10;2026-07-29 19:01:01;SKU-001;2;45000;500;CARD
REC-20260729-STORE_05-0190;STORE_05;CASH-06;2026-07-29 19:01:01;SKU-014;1;5000;0;CARD
REC-20260729-STORE_05-0191;STORE_05;CASH-05;2026-07-29 16:27:54;SKU-003;2;45000;0;CARD
REC-20260729-STORE_05-0191;STORE_05;CASH-06;2026-07-29 16:27:54;SKU-014;1;5000;0;CARD
REC-20260729-STORE_05-0191;STORE_05;CASH-10;2026-07-29 16:27:54;SKU-004;2;25000;0;CARD
REC-20260729-STORE_05-0191;STORE_05;CASH-09;2026-07-29 16:27:54;SKU-025;4;5000;500;CASH
REC-20260729-STORE_05-0191;STORE_05;CASH-03;2026-07-29 16:27:54;SKU-001;4;45000;0;CARD
REC-20260729-STORE_05-0192;STORE_05;CASH-04;2026-07-29 16:59:14;SKU-025;3;5000;1000;CARD
REC-20260729-STORE_05-0193;STORE_05;CASH-02;2026-07-29 16:15:45;SKU-001;3;45000;0;CASH
REC-20260729-STORE_05-0193;STORE_05;CASH-09;2026-07-29 16:15:45;SKU-029;3;5000;0;CARD
REC-20260729-STORE_05-0193;STORE_05;CASH-03;2026-07-29 16:15:45;SKU-048;1;25000;1000;CARD
REC-20260729-STORE_05-0193;STORE_05;CASH-04;2026-07-29 16:15:45;SKU-021;1;5000;0;CARD
REC-20260729-STORE_05-0194;STORE_05;CASH-05;2026-07-29 17:49:53;SKU-017;1;12000;500;CARD
REC-20260729-STORE_05-0194;STORE_05;CASH-02;2026-07-29 17:49:53;SKU-002;3;12000;0;CARD
REC-20260729-STORE_05-0195;STORE_05;CASH-08;2026-07-29 20:39:04;SKU-017;3;12000;0;CARD
REC-20260729-STORE_05-0195;STORE_05;CASH-07;2026-07-29 20:39:04;SKU-001;2;45000;0;CASH
REC-20260729-STORE_05-0196;STORE_05;CASH-05;2026-07-29 18:09:51;SKU-001;1;45000;0;CARD
REC-20260729-STORE_05-0196;STORE_05;CASH-02;2026-07-29 18:09:51;SKU-001;1;45000;0;CARD
REC-20260729-STORE_05-0196;STORE_05;CASH-03;2026-07-29 18:09:51;SKU-010;1;25000;500;CASH
REC-20260729-STORE_05-0197;STORE_05;CASH-05;2026-07-29 8:40:07;SKU-014;3;5000;0;CARD
REC-20260729-STORE_05-0197;STORE_05;CASH-10;2026-07-29 8:40:07;SKU-006;1;45000;1000;CARD
REC-20260729-STORE_05-0197;STORE_05;CASH-09;2026-07-29 8:40:07;SKU-013;1;12000;0;CARD
REC-20260729-STORE_05-0197;STORE_05;CASH-02;2026-07-29 8:40:07;SKU-016;3;25000;500;CASH
REC-20260729-STORE_05-0198;STORE_05;CASH-10;2026-07-29 12:55:05;SKU-008;2;12000;0;CARD
REC-20260729-STORE_05-0199;STORE_05;CASH-10;2026-07-29 9:50:58;SKU-008;1;12000;0;CASH
REC-20260729-STORE_05-0199;STORE_05;CASH-08;2026-07-29 9:50:58;SKU-001;3;45000;0;CASH
REC-20260729-STORE_05-0199;STORE_05;CASH-10;2026-07-29 9:50:58;SKU-006;2;45000;0;CARD
REC-20260729-STORE_05-0199;STORE_05;CASH-05;2026-07-29 9:50:58;SKU-001;3;45000;0;CARD
REC-20260729-STORE_05-0200;STORE_05;CASH-08;2026-07-29 12:02:10;SKU-024;2;12000;500;CASH
REC-20260729-STORE_05-0201;STORE_05;CASH-09;2026-07-29 20:37:41;SKU-006;3;45000;1000;CASH
REC-20260729-STORE_05-0201;STORE_05;CASH-02;2026-07-29 20:37:41;SKU-009;3;25000;1000;CARD
REC-20260729-STORE_05-0201;STORE_05;CASH-04;2026-07-29 20:37:41;SKU-026;1;12000;0;CASH
REC-20260729-STORE_05-0202;STORE_05;CASH-04;2026-07-29 12:37:09;SKU-001;2;45000;0;CASH
REC-20260729-STORE_05-0202;STORE_05;CASH-06;2026-07-29 12:37:09;SKU-020;1;12000;0;CASH
REC-20260729-STORE_05-0202;STORE_05;CASH-02;2026-07-29 12:37:09;SKU-008;2;12000;1000;CARD
REC-20260729-STORE_05-0202;STORE_05;CASH-04;2026-07-29 12:37:09;SKU-027;2;5000;0;CARD
REC-20260729-STORE_05-0202;STORE_05;CASH-10;2026-07-29 12:37:09;SKU-001;3;45000;0;CARD
REC-20260729-STORE_05-0203;STORE_05;CASH-01;2026-07-29 13:24:19;SKU-009;3;25000;1000;CARD
REC-20260729-STORE_05-0204;STORE_05;CASH-05;2026-07-29 12:32:35;SKU-004;2;25000;500;CARD
REC-20260729-STORE_05-0205;STORE_05;CASH-07;2026-07-29 10:19:17;SKU-003;3;45000;0;CASH
REC-20260729-STORE_05-0206;STORE_05;CASH-07;2026-07-29 16:32:49;SKU-014;2;5000;500;CASH
REC-20260729-STORE_05-0207;STORE_05;CASH-05;2026-07-29 15:20:15;SKU-001;2;45000;0;CARD
REC-20260729-STORE_05-0207;STORE_05;CASH-08;2026-07-29 15:20:15;SKU-008;4;12000;1000;CARD
REC-20260729-STORE_05-0208;STORE_05;CASH-07;2026-07-29 16:57:29;SKU-002;2;12000;0;CARD
REC-20260729-STORE_05-0208;STORE_05;CASH-07;2026-07-29 16:57:29;SKU-007;3;12000;0;CARD
REC-20260729-STORE_05-0208;STORE_05;CASH-07;2026-07-29 16:57:29;SKU-010;1;25000;500;CASH
REC-20260729-STORE_05-0208;STORE_05;CASH-03;2026-07-29 16:57:29;SKU-024;1;12000;0;CARD
REC-20260729-STORE_05-0209;STORE_05;CASH-07;2026-07-29 21:50:18;SKU-002;4;12000;1000;CASH
REC-20260729-STORE_05-0209;STORE_05;CASH-03;2026-07-29 21:50:18;SKU-004;2;25000;1000;CASH
REC-20260729-STORE_05-0209;STORE_05;CASH-01;2026-07-29 21:50:18;SKU-001;3;45000;0;CASH
REC-20260729-STORE_05-0209;STORE_05;CASH-01;2026-07-29 21:50:18;SKU-001;2;45000;0;CARD
REC-20260729-STORE_05-0209;STORE_05;CASH-01;2026-07-29 21:50:18;SKU-004;1;25000;500;CASH
REC-20260729-STORE_05-0210;STORE_05;CASH-07;2026-07-29 9:04:59;SKU-038;1;12000;0;CARD
REC-20260729-STORE_05-0210;STORE_05;CASH-06;2026-07-29 9:04:59;SKU-045;2;45000;1000;CASH
REC-20260729-STORE_05-0210;STORE_05;CASH-10;2026-07-29 9:04:59;SKU-001;4;45000;0;CARD
REC-20260729-STORE_05-0210;STORE_05;CASH-03;2026-07-29 9:04:59;SKU-006;3;45000;1000;CARD
REC-20260729-STORE_05-0210;STORE_05;CASH-03;2026-07-29 9:04:59;SKU-002;2;12000;0;CARD
REC-20260729-STORE_05-0211;STORE_05;CASH-07;2026-07-29 9:01:01;SKU-028;3;5000;0;CARD
REC-20260729-STORE_05-0211;STORE_05;CASH-04;2026-07-29 9:01:01;SKU-001;1;45000;0;CARD
REC-20260729-STORE_05-0211;STORE_05;CASH-05;2026-07-29 9:01:01;SKU-008;1;12000;0;CARD
REC-20260729-STORE_05-0211;STORE_05;CASH-03;2026-07-29 9:01:01;SKU-043;2;25000;0;CARD
REC-20260729-STORE_05-0212;STORE_05;CASH-09;2026-07-29 19:50:21;SKU-012;4;45000;500;CARD
REC-20260729-STORE_05-0212;STORE_05;CASH-04;2026-07-29 19:50:21;SKU-001;2;45000;0;CASH
REC-20260729-STORE_05-0212;STORE_05;CASH-07;2026-07-29 19:50:21;SKU-027;2;5000;0;CARD
REC-20260729-STORE_05-0212;STORE_05;CASH-10;2026-07-29 19:50:21;SKU-001;2;45000;1000;CARD
REC-20260729-STORE_05-0212;STORE_05;CASH-03;2026-07-29 19:50:21;SKU-001;4;45000;0;CASH
REC-20260729-STORE_05-0213;STORE_05;CASH-04;2026-07-29 11:58:45;SKU-010;1;25000;0;CARD
REC-20260729-STORE_05-0214;STORE_05;CASH-10;2026-07-29 19:23:48;SKU-007;4;12000;0;CARD
REC-20260729-STORE_05-0214;STORE_05;CASH-09;2026-07-29 19:23:48;SKU-003;3;45000;0;CASH
REC-20260729-STORE_05-0214;STORE_05;CASH-06;2026-07-29 19:23:48;SKU-038;4;12000;0;CARD
REC-20260729-STORE_05-0214;STORE_05;CASH-10;2026-07-29 19:23:48;SKU-010;4;25000;0;CARD
REC-20260729-STORE_05-0215;STORE_05;CASH-10;2026-07-29 17:10:32;SKU-003;4;45000;1000;CARD
REC-20260729-STORE_05-0216;STORE_05;CASH-02;2026-07-29 16:50:03;SKU-003;1;45000;0;CARD
REC-20260729-STORE_05-0216;STORE_05;CASH-08;2026-07-29 16:50:03;SKU-002;2;12000;0;CASH
REC-20260729-STORE_05-0216;STORE_05;CASH-10;2026-07-29 16:50:03;SKU-001;3;45000;0;CARD
REC-20260729-STORE_05-0216;STORE_05;CASH-02;2026-07-29 16:50:03;SKU-001;1;45000;1000;CASH
REC-20260729-STORE_05-0217;STORE_05;CASH-07;2026-07-29 20:07:59;SKU-002;2;12000;1000;CARD
REC-20260729-STORE_05-0218;STORE_05;CASH-03;2026-07-29 10:04:25;SKU-004;1;25000;0;CASH
REC-20260729-STORE_05-0218;STORE_05;CASH-01;2026-07-29 10:04:25;SKU-009;1;25000;0;CARD
REC-20260729-STORE_05-0218;STORE_05;CASH-04;2026-07-29 10:04:25;SKU-028;1;5000;0;CARD
REC-20260729-STORE_05-0218;STORE_05;CASH-07;2026-07-29 10:04:25;SKU-008;2;12000;500;CASH
REC-20260729-STORE_05-0219;STORE_05;CASH-07;2026-07-29 10:48:28;SKU-001;1;45000;1000;CASH
REC-20260729-STORE_05-0219;STORE_05;CASH-07;2026-07-29 10:48:28;SKU-021;2;5000;1000;CARD
REC-20260729-STORE_05-0219;STORE_05;CASH-08;2026-07-29 10:48:28;SKU-005;2;5000;1000;CARD
REC-20260729-STORE_05-0219;STORE_05;CASH-03;2026-07-29 10:48:28;SKU-002;4;12000;0;CASH
REC-20260729-STORE_05-0219;STORE_05;CASH-05;2026-07-29 10:48:28;SKU-010;4;25000;0;CARD
REC-20260729-STORE_05-0220;STORE_05;CASH-09;2026-07-29 21:46:01;SKU-015;1;5000;0;CARD
REC-20260729-STORE_05-0220;STORE_05;CASH-07;2026-07-29 21:46:01;SKU-007;4;12000;0;CARD
REC-20260729-STORE_05-0221;STORE_05;CASH-08;2026-07-29 10:58:37;SKU-006;1;45000;1000;CASH
REC-20260729-STORE_05-0221;STORE_05;CASH-07;2026-07-29 10:58:37;SKU-001;2;45000;1000;CARD
REC-20260729-STORE_05-0221;STORE_05;CASH-10;2026-07-29 10:58:37;SKU-032;3;25000;0;CARD
REC-20260729-STORE_05-0222;STORE_05;CASH-01;2026-07-29 15:10:07;SKU-003;2;45000;1000;CARD
REC-20260729-STORE_05-0222;STORE_05;CASH-01;2026-07-29 15:10:07;SKU-001;4;45000;0;CARD
REC-20260729-STORE_05-0222;STORE_05;CASH-09;2026-07-29 15:10:07;SKU-012;1;45000;500;CASH
REC-20260729-STORE_05-0222;STORE_05;CASH-10;2026-07-29 15:10:07;SKU-002;1;12000;1000;CARD
REC-20260729-STORE_05-0223;STORE_05;CASH-06;2026-07-29 9:37:11;SKU-042;1;5000;0;CARD
REC-20260729-STORE_05-0223;STORE_05;CASH-07;2026-07-29 9:37:11;SKU-001;1;45000;500;CARD
REC-20260729-STORE_05-0223;STORE_05;CASH-03;2026-07-29 9:37:11;SKU-011;3;5000;0;CASH
REC-20260729-STORE_05-0223;STORE_05;CASH-05;2026-07-29 9:37:11;SKU-006;2;45000;500;CASH
REC-20260729-STORE_05-0223;STORE_05;CASH-06;2026-07-29 9:37:11;SKU-009;2;25000;0;CARD
REC-20260729-STORE_05-0224;STORE_05;CASH-09;2026-07-29 10:58:28;SKU-001;3;45000;0;CASH
REC-20260729-STORE_05-0224;STORE_05;CASH-09;2026-07-29 10:58:28;SKU-001;2;45000;500;CARD
REC-20260729-STORE_05-0224;STORE_05;CASH-07;2026-07-29 10:58:28;SKU-002;4;12000;0;CARD
REC-20260729-STORE_05-0225;STORE_05;CASH-05;2026-07-29 17:59:53;SKU-017;3;12000;0;CARD
REC-20260729-STORE_05-0225;STORE_05;CASH-01;2026-07-29 17:59:53;SKU-011;2;5000;0;CASH
REC-20260729-STORE_05-0225;STORE_05;CASH-01;2026-07-29 17:59:53;SKU-003;2;45000;0;CASH
REC-20260729-STORE_05-0226;STORE_05;CASH-08;2026-07-29 21:12:00;SKU-002;4;12000;0;CASH
REC-20260729-STORE_05-0226;STORE_05;CASH-07;2026-07-29 21:12:00;SKU-042;2;5000;1000;CARD
REC-20260729-STORE_05-0226;STORE_05;CASH-07;2026-07-29 21:12:00;SKU-004;4;25000;0;CASH
REC-20260729-STORE_05-0226;STORE_05;CASH-07;2026-07-29 21:12:00;SKU-032;1;25000;0;CARD
REC-20260729-STORE_05-0227;STORE_05;CASH-10;2026-07-29 21:47:58;SKU-036;4;45000;0;CARD
REC-20260729-STORE_05-0227;STORE_05;CASH-02;2026-07-29 21:47:58;SKU-004;2;25000;1000;CARD
REC-20260729-STORE_05-0228;STORE_05;CASH-10;2026-07-29 13:30:50;SKU-001;2;45000;0;CASH
REC-20260729-STORE_05-0229;STORE_05;CASH-08;2026-07-29 15:08:23;SKU-031;4;45000;0;CARD
REC-20260729-STORE_05-0229;STORE_05;CASH-01;2026-07-29 15:08:23;SKU-026;3;12000;0;CARD
REC-20260729-STORE_05-0229;STORE_05;CASH-05;2026-07-29 15:08:23;SKU-002;3;12000;1000;CARD
REC-20260729-STORE_05-0229;STORE_05;CASH-04;2026-07-29 15:08:23;SKU-008;1;12000;500;CASH
REC-20260729-STORE_05-0229;STORE_05;CASH-06;2026-07-29 15:08:23;SKU-001;3;45000;0;CARD
REC-20260729-STORE_05-0230;STORE_05;CASH-04;2026-07-29 14:45:26;SKU-001;4;45000;1000;CARD
REC-20260729-STORE_05-0230;STORE_05;CASH-09;2026-07-29 14:45:26;SKU-020;1;12000;500;CARD
REC-20260729-STORE_05-0231;STORE_05;CASH-04;2026-07-29 9:41:43;SKU-001;1;45000;0;CARD
REC-20260729-STORE_05-0231;STORE_05;CASH-05;2026-07-29 9:41:43;SKU-008;1;12000;0;CARD
REC-20260729-STORE_05-0232;STORE_05;CASH-05;2026-07-29 21:47:34;SKU-003;1;45000;500;CARD
REC-20260729-STORE_05-0232;STORE_05;CASH-05;2026-07-29 21:47:34;SKU-003;4;45000;0;CARD
REC-20260729-STORE_05-0233;STORE_05;CASH-02;2026-07-29 17:06:07;SKU-035;1;5000;0;CASH
REC-20260729-STORE_05-0233;STORE_05;CASH-09;2026-07-29 17:06:07;SKU-010;3;25000;500;CARD
REC-20260729-STORE_05-0233;STORE_05;CASH-08;2026-07-29 17:06:07;SKU-004;2;25000;0;CASH
REC-20260729-STORE_05-0233;STORE_05;CASH-02;2026-07-29 17:06:07;SKU-022;4;12000;500;CASH
REC-20260729-STORE_05-0233;STORE_05;CASH-06;2026-07-29 17:06:07;SKU-001;2;45000;0;CASH
REC-20260729-STORE_05-0234;STORE_05;CASH-05;2026-07-29 21:26:55;SKU-001;4;45000;1000;CARD
REC-20260729-STORE_05-0234;STORE_05;CASH-01;2026-07-29 21:26:55;SKU-001;1;45000;0;CASH
REC-20260729-STORE_05-0234;STORE_05;CASH-01;2026-07-29 21:26:55;SKU-004;3;25000;1000;CARD
REC-20260729-STORE_05-0234;STORE_05;CASH-08;2026-07-29 21:26:55;SKU-006;3;45000;1000;CARD
REC-20260729-STORE_05-0235;STORE_05;CASH-02;2026-07-29 15:30:01;SKU-001;3;45000;0;CASH
REC-20260729-STORE_05-0235;STORE_05;CASH-03;2026-07-29 15:30:01;SKU-018;3;5000;0;CARD
REC-20260729-STORE_05-0235;STORE_05;CASH-07;2026-07-29 15:30:01;SKU-012;3;45000;1000;CARD
REC-20260729-STORE_05-0236;STORE_05;CASH-02;2026-07-29 13:44:59;SKU-005;1;5000;500;CASH
REC-20260729-STORE_05-0237;STORE_05;CASH-03;2026-07-29 20:55:42;SKU-002;1;12000;0;CARD
REC-20260729-STORE_05-0238;STORE_05;CASH-01;2026-07-29 20:59:08;SKU-011;3;5000;0;CARD
REC-20260729-STORE_05-0239;STORE_05;CASH-08;2026-07-29 16:30:04;SKU-004;3;25000;1000;CARD
REC-20260729-STORE_05-0239;STORE_05;CASH-06;2026-07-29 16:30:04;SKU-008;4;12000;500;CASH
REC-20260729-STORE_05-0240;STORE_05;CASH-10;2026-07-29 20:52:13;SKU-001;1;45000;0;CARD
REC-20260729-STORE_05-0240;STORE_05;CASH-04;2026-07-29 20:52:13;SKU-041;4;25000;0;CARD
REC-20260729-STORE_05-0241;STORE_05;CASH-10;2026-07-29 9:09:01;SKU-010;1;25000;500;CARD
REC-20260729-STORE_05-0241;STORE_05;CASH-02;2026-07-29 9:09:01;SKU-001;1;45000;500;CARD
REC-20260729-STORE_05-0241;STORE_05;CASH-08;2026-07-29 9:09:01;SKU-002;2;12000;0;CARD
REC-20260729-STORE_05-0242;STORE_05;CASH-10;2026-07-29 20:06:52;SKU-001;2;45000;500;CARD
REC-20260729-STORE_05-0242;STORE_05;CASH-08;2026-07-29 20:06:52;SKU-004;3;25000;0;CASH
REC-20260729-STORE_05-0242;STORE_05;CASH-03;2026-07-29 20:06:52;SKU-001;1;45000;0;CARD
REC-20260729-STORE_05-0243;STORE_05;CASH-01;2026-07-29 12:14:47;SKU-003;3;45000;0;CARD
REC-20260729-STORE_05-0243;STORE_05;CASH-10;2026-07-29 12:14:47;SKU-001;1;45000;1000;CARD
REC-20260729-STORE_05-0243;STORE_05;CASH-04;2026-07-29 12:14:47;SKU-012;3;45000;0;CASH
REC-20260729-STORE_05-0244;STORE_05;CASH-05;2026-07-29 14:53:58;SKU-001;2;45000;0;CARD
REC-20260729-STORE_05-0244;STORE_05;CASH-06;2026-07-29 14:53:58;SKU-001;4;45000;0;CARD
REC-20260729-STORE_05-0244;STORE_05;CASH-09;2026-07-29 14:53:58;SKU-012;2;45000;0;CARD
REC-20260729-STORE_05-0244;STORE_05;CASH-04;2026-07-29 14:53:58;SKU-003;1;45000;1000;CARD
REC-20260729-STORE_05-0245;STORE_05;CASH-04;2026-07-29 8:52:14;SKU-006;1;45000;0;CARD
REC-20260729-STORE_05-0245;STORE_05;CASH-01;2026-07-29 8:52:14;SKU-009;4;25000;500;CARD
REC-20260729-STORE_05-0246;STORE_05;CASH-09;2026-07-29 10:16:00;SKU-004;1;25000;0;CARD
REC-20260729-STORE_05-0246;STORE_05;CASH-01;2026-07-29 10:16:00;SKU-026;4;12000;1000;CARD
REC-20260729-STORE_05-0246;STORE_05;CASH-10;2026-07-29 10:16:00;SKU-001;1;45000;1000;CASH
REC-20260729-STORE_05-0247;STORE_05;CASH-01;2026-07-29 12:22:03;SKU-003;4;45000;0;CASH
REC-20260729-STORE_05-0247;STORE_05;CASH-02;2026-07-29 12:22:03;SKU-005;3;5000;500;CASH
REC-20260729-STORE_05-0248;STORE_05;CASH-04;2026-07-29 13:03:40;SKU-005;3;5000;500;CARD
REC-20260729-STORE_05-0249;STORE_05;CASH-04;2026-07-29 19:31:19;SKU-004;4;25000;0;CASH
REC-20260729-STORE_05-0249;STORE_05;CASH-08;2026-07-29 19:31:19;SKU-035;3;5000;0;CASH
REC-20260729-STORE_05-0249;STORE_05;CASH-02;2026-07-29 19:31:19;SKU-007;1;12000;0;CASH
REC-20260729-STORE_05-0249;STORE_05;CASH-02;2026-07-29 19:31:19;SKU-028;1;5000;500;CASH
REC-20260729-STORE_05-0249;STORE_05;CASH-06;2026-07-29 19:31:19;SKU-007;2;12000;0;CARD
REC-20260729-STORE_05-0250;STORE_05;CASH-04;2026-07-29 18:50:12;SKU-001;3;45000;0;CARD
REC-20260729-STORE_05-0250;STORE_05;CASH-04;2026-07-29 18:50:12;SKU-017;1;12000;0;CARD
REC-20260729-STORE_05-0250;STORE_05;CASH-07;2026-07-29 18:50:12;SKU-001;4;45000;0;CASH
REC-20260729-STORE_05-0251;STORE_05;CASH-06;2026-07-29 16:26:16;SKU-006;1;45000;500;CARD
REC-20260729-STORE_05-0251;STORE_05;CASH-06;2026-07-29 16:26:16;SKU-034;4;25000;0;CARD
REC-20260729-STORE_05-0251;STORE_05;CASH-05;2026-07-29 16:26:16;SKU-012;4;45000;0;CARD
REC-20260729-STORE_05-0251;STORE_05;CASH-03;2026-07-29 16:26:16;SKU-001;3;45000;0;CARD
REC-20260729-STORE_05-0252;STORE_05;CASH-10;2026-07-29 17:01:03;SKU-002;2;12000;1000;CARD
REC-20260729-STORE_05-0253;STORE_05;CASH-05;2026-07-29 11:10:33;SKU-002;3;12000;0;CASH
REC-20260729-STORE_05-0253;STORE_05;CASH-04;2026-07-29 11:10:33;SKU-007;3;12000;500;CASH
REC-20260729-STORE_05-0253;STORE_05;CASH-03;2026-07-29 11:10:33;SKU-010;3;25000;0;CASH
REC-20260729-STORE_05-0253;STORE_05;CASH-08;2026-07-29 11:10:33;SKU-007;2;12000;0;CASH
REC-20260729-STORE_05-0253;STORE_05;CASH-07;2026-07-29 11:10:33;SKU-004;4;25000;0;CARD
REC-20260729-STORE_05-0254;STORE_05;CASH-02;2026-07-29 17:33:22;SKU-004;3;25000;1000;CASH
REC-20260729-STORE_05-0254;STORE_05;CASH-09;2026-07-29 17:33:22;SKU-045;2;45000;1000;CARD
REC-20260729-STORE_05-0255;STORE_05;CASH-05;2026-07-29 21:04:27;SKU-003;2;45000;0;CASH
REC-20260729-STORE_05-0255;STORE_05;CASH-09;2026-07-29 21:04:27;SKU-036;3;45000;0;CARD
REC-20260729-STORE_05-0255;STORE_05;CASH-08;2026-07-29 21:04:27;SKU-005;1;5000;500;CARD
REC-20260729-STORE_05-0255;STORE_05;CASH-07;2026-07-29 21:04:27;SKU-001;2;45000;0;CARD
REC-20260729-STORE_05-0255;STORE_05;CASH-02;2026-07-29 21:04:27;SKU-003;4;45000;0;CARD
REC-20260729-STORE_05-0256;STORE_05;CASH-09;2026-07-29 21:42:28;SKU-001;1;45000;0;CASH
REC-20260729-STORE_05-0256;STORE_05;CASH-08;2026-07-29 21:42:28;SKU-019;2;25000;500;CARD
REC-20260729-STORE_05-0257;STORE_05;CASH-08;2026-07-29 20:29:26;SKU-033;4;5000;0;CARD
REC-20260729-STORE_05-0257;STORE_05;CASH-07;2026-07-29 20:29:26;SKU-005;1;5000;0;CARD
REC-20260729-STORE_05-0257;STORE_05;CASH-09;2026-07-29 20:29:26;SKU-025;4;5000;0;CARD
REC-20260729-STORE_05-0257;STORE_05;CASH-03;2026-07-29 20:29:26;SKU-009;4;25000;0;CARD
REC-20260729-STORE_05-0258;STORE_05;CASH-07;2026-07-29 17:26:24;SKU-011;2;5000;0;CARD
REC-20260729-STORE_05-0258;STORE_05;CASH-05;2026-07-29 17:26:24;SKU-001;1;45000;500;CARD
REC-20260729-STORE_05-0259;STORE_05;CASH-09;2026-07-29 9:57:55;SKU-015;4;5000;1000;CASH
REC-20260729-STORE_05-0259;STORE_05;CASH-09;2026-07-29 9:57:55;SKU-015;3;5000;0;CARD
REC-20260729-STORE_05-0259;STORE_05;CASH-06;2026-07-29 9:57:55;SKU-035;2;5000;500;CASH
REC-20260729-STORE_05-0259;STORE_05;CASH-10;2026-07-29 9:57:55;SKU-002;3;12000;0;CARD
REC-20260729-STORE_05-0260;STORE_05;CASH-04;2026-07-29 13:42:23;SKU-002;3;12000;0;CASH
REC-20260729-STORE_05-0260;STORE_05;CASH-02;2026-07-29 13:42:23;SKU-002;4;12000;500;CARD
REC-20260729-STORE_05-0260;STORE_05;CASH-08;2026-07-29 13:42:23;SKU-040;1;25000;0;CARD
REC-20260729-STORE_05-0261;STORE_05;CASH-09;2026-07-29 9:28:53;SKU-026;1;12000;0;CARD
REC-20260729-STORE_05-0261;STORE_05;CASH-03;2026-07-29 9:28:53;SKU-012;4;45000;0;CARD
REC-20260729-STORE_05-0261;STORE_05;CASH-02;2026-07-29 9:28:53;SKU-050;1;25000;1000;CASH
REC-20260729-STORE_05-0262;STORE_05;CASH-03;2026-07-29 11:50:01;SKU-001;1;45000;1000;CARD
REC-20260729-STORE_05-0262;STORE_05;CASH-01;2026-07-29 11:50:01;SKU-003;1;45000;0;CARD
REC-20260729-STORE_05-0262;STORE_05;CASH-05;2026-07-29 11:50:01;SKU-007;3;12000;500;CARD
REC-20260729-STORE_05-0262;STORE_05;CASH-05;2026-07-29 11:50:01;SKU-004;1;25000;500;CARD
REC-20260729-STORE_05-0262;STORE_05;CASH-05;2026-07-29 11:50:01;SKU-001;3;45000;1000;CASH
REC-20260729-STORE_05-0263;STORE_05;CASH-02;2026-07-29 15:55:26;SKU-002;3;12000;0;CARD
REC-20260729-STORE_05-0264;STORE_05;CASH-09;2026-07-29 19:41:54;SKU-039;2;5000;0;CASH
REC-20260729-STORE_05-0264;STORE_05;CASH-07;2026-07-29 19:41:54;SKU-002;1;12000;0;CASH
REC-20260729-STORE_05-0265;STORE_05;CASH-02;2026-07-29 14:59:02;SKU-027;4;5000;0;CARD
REC-20260729-STORE_05-0265;STORE_05;CASH-04;2026-07-29 14:59:02;SKU-027;3;5000;500;CARD
REC-20260729-STORE_05-0265;STORE_05;CASH-08;2026-07-29 14:59:02;SKU-001;2;45000;500;CARD
REC-20260729-STORE_05-0266;STORE_05;CASH-06;2026-07-29 8:39:12;SKU-001;4;45000;0;CARD
REC-20260729-STORE_05-0267;STORE_05;CASH-07;2026-07-29 15:55:48;SKU-002;2;12000;0;CARD
REC-20260729-STORE_05-0267;STORE_05;CASH-03;2026-07-29 15:55:48;SKU-016;4;25000;0;CARD
REC-20260729-STORE_05-0268;STORE_05;CASH-05;2026-07-29 14:19:29;SKU-001;3;45000;500;CARD
REC-20260729-STORE_05-0268;STORE_05;CASH-08;2026-07-29 14:19:29;SKU-023;3;45000;1000;CARD
REC-20260729-STORE_05-0268;STORE_05;CASH-04;2026-07-29 14:19:29;SKU-004;2;25000;0;CASH
REC-20260729-STORE_05-0269;STORE_05;CASH-05;2026-07-29 20:07:52;SKU-003;2;45000;0;CARD
REC-20260729-STORE_05-0269;STORE_05;CASH-09;2026-07-29 20:07:52;SKU-001;1;45000;0;CARD
REC-20260729-STORE_05-0269;STORE_05;CASH-09;2026-07-29 20:07:52;SKU-002;3;12000;0;CASH
REC-20260729-STORE_05-0269;STORE_05;CASH-10;2026-07-29 20:07:52;SKU-011;2;5000;0;CARD
REC-20260729-STORE_05-0270;STORE_05;CASH-05;2026-07-29 21:09:36;SKU-003;3;45000;0;CASH
REC-20260729-STORE_05-0271;STORE_05;CASH-07;2026-07-29 13:42:33;SKU-005;2;5000;0;CARD
REC-20260729-STORE_05-0272;STORE_05;CASH-03;2026-07-29 15:08:34;SKU-015;2;5000;0;CASH
REC-20260729-STORE_05-0273;STORE_05;CASH-04;2026-07-29 14:53:57;SKU-006;2;45000;500;CARD
REC-20260729-STORE_05-0274;STORE_05;CASH-09;2026-07-29 11:07:01;SKU-008;1;12000;0;CARD
REC-20260729-STORE_05-0274;STORE_05;CASH-05;2026-07-29 11:07:01;SKU-025;4;5000;0;CARD
REC-20260729-STORE_05-0274;STORE_05;CASH-07;2026-07-29 11:07:01;SKU-002;4;12000;0;CARD
REC-20260729-STORE_05-0274;STORE_05;CASH-08;2026-07-29 11:07:01;SKU-001;4;45000;0;CARD
REC-20260729-STORE_05-0274;STORE_05;CASH-08;2026-07-29 11:07:01;SKU-004;2;25000;0;CARD
REC-20260729-STORE_05-0275;STORE_05;CASH-07;2026-07-29 10:03:29;SKU-013;4;12000;500;CARD
REC-20260729-STORE_05-0275;STORE_05;CASH-10;2026-07-29 10:03:29;SKU-001;2;45000;0;CARD
REC-20260729-STORE_05-0275;STORE_05;CASH-09;2026-07-29 10:03:29;SKU-013;3;12000;0;CARD
REC-20260729-STORE_05-0276;STORE_05;CASH-04;2026-07-29 14:10:33;SKU-006;3;45000;500;CASH
REC-20260729-STORE_05-0276;STORE_05;CASH-03;2026-07-29 14:10:33;SKU-015;3;5000;1000;CARD
REC-20260729-STORE_05-0276;STORE_05;CASH-09;2026-07-29 14:10:33;SKU-002;2;12000;500;CARD
REC-20260729-STORE_05-0276;STORE_05;CASH-06;2026-07-29 14:10:33;SKU-002;3;12000;0;CARD
REC-20260729-STORE_05-0276;STORE_05;CASH-03;2026-07-29 14:10:33;SKU-005;3;5000;0;CARD
REC-20260729-STORE_05-0277;STORE_05;CASH-07;2026-07-29 11:57:33;SKU-006;1;45000;500;CARD
REC-20260729-STORE_05-0277;STORE_05;CASH-04;2026-07-29 11:57:33;SKU-036;3;45000;1000;CARD
REC-20260729-STORE_05-0278;STORE_05;CASH-10;2026-07-29 17:55:23;SKU-007;1;12000;500;CARD
REC-20260729-STORE_05-0278;STORE_05;CASH-08;2026-07-29 17:55:23;SKU-001;4;45000;1000;CASH
REC-20260729-STORE_05-0278;STORE_05;CASH-04;2026-07-29 17:55:23;SKU-001;4;45000;0;CASH
REC-20260729-STORE_05-0278;STORE_05;CASH-01;2026-07-29 17:55:23;SKU-003;4;45000;0;CARD
REC-20260729-STORE_05-0278;STORE_05;CASH-08;2026-07-29 17:55:23;SKU-035;3;5000;0;CASH
REC-20260729-STORE_05-0279;STORE_05;CASH-07;2026-07-29 19:45:18;SKU-003;2;45000;0;CARD
REC-20260729-STORE_05-0279;STORE_05;CASH-07;2026-07-29 19:45:18;SKU-001;4;45000;1000;CARD
REC-20260729-STORE_05-0279;STORE_05;CASH-04;2026-07-29 19:45:18;SKU-001;1;45000;0;CARD
REC-20260729-STORE_05-0279;STORE_05;CASH-08;2026-07-29 19:45:18;SKU-046;3;25000;1000;CASH
REC-20260729-STORE_05-0280;STORE_05;CASH-08;2026-07-29 9:56:26;SKU-001;3;45000;0;CARD
REC-20260729-STORE_05-0280;STORE_05;CASH-06;2026-07-29 9:56:26;SKU-004;3;25000;0;CASH
REC-20260729-STORE_05-0280;STORE_05;CASH-02;2026-07-29 9:56:26;SKU-014;4;5000;0;CARD
REC-20260729-STORE_05-0280;STORE_05;CASH-05;2026-07-29 9:56:26;SKU-002;2;12000;0;CARD
REC-20260729-STORE_05-0280;STORE_05;CASH-09;2026-07-29 9:56:26;SKU-001;3;45000;500;CASH
REC-20260729-STORE_05-0281;STORE_05;CASH-05;2026-07-29 13:13:01;SKU-010;4;25000;0;CARD
REC-20260729-STORE_05-0281;STORE_05;CASH-06;2026-07-29 13:13:01;SKU-020;2;12000;1000;CASH
REC-20260729-STORE_05-0281;STORE_05;CASH-08;2026-07-29 13:13:01;SKU-015;1;5000;0;CARD
REC-20260729-STORE_05-0281;STORE_05;CASH-03;2026-07-29 13:13:01;SKU-005;1;5000;1000;CASH
REC-20260729-STORE_05-0281;STORE_05;CASH-04;2026-07-29 13:13:01;SKU-007;3;12000;500;CASH
REC-20260729-STORE_05-0282;STORE_05;CASH-06;2026-07-29 9:33:07;SKU-002;3;12000;0;CARD
REC-20260729-STORE_05-0282;STORE_05;CASH-04;2026-07-29 9:33:07;SKU-029;4;5000;500;CARD
REC-20260729-STORE_05-0282;STORE_05;CASH-02;2026-07-29 9:33:07;SKU-002;3;12000;0;CASH
REC-20260729-STORE_05-0283;STORE_05;CASH-09;2026-07-29 9:39:55;SKU-050;3;25000;0;CARD
REC-20260729-STORE_05-0283;STORE_05;CASH-06;2026-07-29 9:39:55;SKU-041;4;25000;0;CARD
REC-20260729-STORE_05-0283;STORE_05;CASH-02;2026-07-29 9:39:55;SKU-001;2;45000;0;CARD
REC-20260729-STORE_05-0283;STORE_05;CASH-09;2026-07-29 9:39:55;SKU-004;2;25000;1000;CARD
REC-20260729-STORE_05-0284;STORE_05;CASH-03;2026-07-29 19:16:19;SKU-014;1;5000;0;CASH
REC-20260729-STORE_05-0284;STORE_05;CASH-01;2026-07-29 19:16:19;SKU-008;1;12000;0;CASH
REC-20260729-STORE_05-0284;STORE_05;CASH-07;2026-07-29 19:16:19;SKU-006;1;45000;0;CARD
REC-20260729-STORE_05-0284;STORE_05;CASH-02;2026-07-29 19:16:19;SKU-031;1;45000;0;CASH
REC-20260729-STORE_05-0284;STORE_05;CASH-08;2026-07-29 19:16:19;SKU-001;2;45000;0;CARD
REC-20260729-STORE_05-0285;STORE_05;CASH-03;2026-07-29 18:04:05;SKU-009;3;25000;0;CARD
REC-20260729-STORE_05-0286;STORE_05;CASH-07;2026-07-29 10:15:38;SKU-048;3;25000;0;CARD
REC-20260729-STORE_05-0286;STORE_05;CASH-08;2026-07-29 10:15:38;SKU-001;3;45000;0;CASH
REC-20260729-STORE_05-0287;STORE_05;CASH-10;2026-07-29 14:32:16;SKU-005;4;5000;500;CARD
REC-20260729-STORE_05-0287;STORE_05;CASH-03;2026-07-29 14:32:16;SKU-001;1;45000;1000;CARD
REC-20260729-STORE_05-0288;STORE_05;CASH-01;2026-07-29 21:43:39;SKU-010;4;25000;500;CASH
REC-20260729-STORE_05-0289;STORE_05;CASH-05;2026-07-29 12:46:17;SKU-012;1;45000;0;CARD
REC-20260729-STORE_05-0290;STORE_05;CASH-04;2026-07-29 14:38:06;SKU-001;2;45000;500;CARD
REC-20260729-STORE_05-0290;STORE_05;CASH-06;2026-07-29 14:38:06;SKU-046;4;25000;0;CARD
REC-20260729-STORE_05-0290;STORE_05;CASH-06;2026-07-29 14:38:06;SKU-039;3;5000;1000;CARD
REC-20260729-STORE_05-0290;STORE_05;CASH-10;2026-07-29 14:38:06;SKU-016;4;25000;1000;CASH
REC-20260729-STORE_05-0290;STORE_05;CASH-04;2026-07-29 14:38:06;SKU-012;2;45000;0;CARD
REC-20260729-STORE_05-0291;STORE_05;CASH-09;2026-07-29 17:15:00;SKU-002;2;12000;500;CARD
REC-20260729-STORE_05-0291;STORE_05;CASH-06;2026-07-29 17:15:00;SKU-015;3;5000;0;CASH
REC-20260729-STORE_05-0291;STORE_05;CASH-10;2026-07-29 17:15:00;SKU-025;3;5000;0;CARD
REC-20260729-STORE_05-0291;STORE_05;CASH-01;2026-07-29 17:15:00;SKU-004;1;25000;0;CASH
REC-20260729-STORE_05-0291;STORE_05;CASH-04;2026-07-29 17:15:00;SKU-005;4;5000;0;CASH
REC-20260729-STORE_05-0292;STORE_05;CASH-08;2026-07-29 15:54:49;SKU-010;1;25000;1000;CARD
REC-20260729-STORE_05-0292;STORE_05;CASH-09;2026-07-29 15:54:49;SKU-001;4;45000;500;CASH
REC-20260729-STORE_05-0292;STORE_05;CASH-02;2026-07-29 15:54:49;SKU-011;4;5000;500;CARD
REC-20260729-STORE_05-0293;STORE_05;CASH-06;2026-07-29 14:36:05;SKU-029;1;5000;0;CARD
REC-20260729-STORE_05-0294;STORE_05;CASH-07;2026-07-29 16:36:12;SKU-048;2;25000;0;CARD
REC-20260729-STORE_05-0294;STORE_05;CASH-02;2026-07-29 16:36:12;SKU-001;1;45000;500;CARD
REC-20260729-STORE_05-0294;STORE_05;CASH-05;2026-07-29 16:36:12;SKU-006;3;45000;0;CASH
REC-20260729-STORE_05-0295;STORE_05;CASH-09;2026-07-29 12:58:33;SKU-006;1;45000;0;CARD
REC-20260729-STORE_05-0296;STORE_05;CASH-06;2026-07-29 15:39:13;SKU-004;3;25000;0;CASH
REC-20260729-STORE_05-0296;STORE_05;CASH-07;2026-07-29 15:39:13;SKU-001;1;45000;0;CARD
REC-20260729-STORE_05-0297;STORE_05;CASH-03;2026-07-29 17:29:16;SKU-009;1;25000;0;CARD
REC-20260729-STORE_05-0298;STORE_05;CASH-05;2026-07-29 16:31:02;SKU-048;2;25000;0;CASH
REC-20260729-STORE_05-0298;STORE_05;CASH-03;2026-07-29 16:31:02;SKU-002;1;12000;0;CASH
REC-20260729-STORE_05-0298;STORE_05;CASH-05;2026-07-29 16:31:02;SKU-005;2;5000;0;CARD
REC-20260729-STORE_05-0299;STORE_05;CASH-06;2026-07-29 21:00:49;SKU-019;4;25000;0;CARD
REC-20260729-STORE_05-0299;STORE_05;CASH-07;2026-07-29 21:00:49;SKU-018;3;5000;0;CARD
REC-20260729-STORE_05-0299;STORE_05;CASH-06;2026-07-29 21:00:49;SKU-002;3;12000;0;CARD
REC-20260729-STORE_05-0299;STORE_05;CASH-05;2026-07-29 21:00:49;SKU-026;1;12000;0;CARD
REC-20260729-STORE_05-0299;STORE_05;CASH-06;2026-07-29 21:00:49;SKU-026;1;12000;0;CASH
REC-20260729-STORE_05-0300;STORE_05;CASH-08;2026-07-29 17:47:18;SKU-007;1;12000;1000;CASH
REC-20260729-STORE_05-0300;STORE_05;CASH-03;2026-07-29 17:47:18;SKU-004;4;25000;0;CARD
REC-20260729-STORE_05-0301;STORE_05;CASH-07;2026-07-29 12:23:43;SKU-001;1;45000;0;CARD
REC-20260729-STORE_05-0301;STORE_05;CASH-01;2026-07-29 12:23:43;SKU-004;4;25000;1000;CARD
REC-20260729-STORE_05-0301;STORE_05;CASH-08;2026-07-29 12:23:43;SKU-041;3;25000;500;CARD
REC-20260729-STORE_05-0301;STORE_05;CASH-10;2026-07-29 12:23:43;SKU-003;3;45000;0;CARD
REC-20260729-STORE_05-0301;STORE_05;CASH-08;2026-07-29 12:23:43;SKU-002;1;12000;0;CARD
REC-20260729-STORE_05-0302;STORE_05;CASH-08;2026-07-29 14:41:56;SKU-043;2;25000;1000;CARD
REC-20260729-STORE_05-0302;STORE_05;CASH-10;2026-07-29 14:41:56;SKU-016;2;25000;0;CARD
REC-20260729-STORE_05-0302;STORE_05;CASH-10;2026-07-29 14:41:56;SKU-008;2;12000;500;CARD
REC-20260729-STORE_05-0303;STORE_05;CASH-09;2026-07-29 19:30:56;SKU-025;4;5000;1000;CASH
REC-20260729-STORE_05-0303;STORE_05;CASH-01;2026-07-29 19:30:56;SKU-047;2;5000;500;CASH
REC-20260729-STORE_05-0303;STORE_05;CASH-01;2026-07-29 19:30:56;SKU-016;3;25000;0;CARD
REC-20260729-STORE_05-0303;STORE_05;CASH-04;2026-07-29 19:30:56;SKU-001;1;45000;500;CARD
REC-20260729-STORE_05-0303;STORE_05;CASH-07;2026-07-29 19:30:56;SKU-001;2;45000;500;CASH
REC-20260729-STORE_05-0304;STORE_05;CASH-07;2026-07-29 18:30:55;SKU-001;2;45000;0;CARD
REC-20260729-STORE_05-0304;STORE_05;CASH-06;2026-07-29 18:30:55;SKU-033;3;5000;0;CASH
REC-20260729-STORE_05-0304;STORE_05;CASH-09;2026-07-29 18:30:55;SKU-003;4;45000;0;CARD
REC-20260729-STORE_05-0304;STORE_05;CASH-10;2026-07-29 18:30:55;SKU-009;1;25000;500;CARD
REC-20260729-STORE_05-0305;STORE_05;CASH-10;2026-07-29 13:49:50;SKU-006;2;45000;0;CARD
REC-20260729-STORE_05-0305;STORE_05;CASH-01;2026-07-29 13:49:50;SKU-002;1;12000;0;CASH
REC-20260729-STORE_05-0306;STORE_05;CASH-01;2026-07-29 15:20:33;SKU-001;1;45000;1000;CARD
REC-20260729-STORE_05-0306;STORE_05;CASH-09;2026-07-29 15:20:33;SKU-016;4;25000;0;CARD
REC-20260729-STORE_05-0307;STORE_05;CASH-07;2026-07-29 20:39:01;SKU-019;4;25000;0;CASH
REC-20260729-STORE_05-0307;STORE_05;CASH-08;2026-07-29 20:39:01;SKU-001;3;45000;500;CASH
REC-20260729-STORE_05-0307;STORE_05;CASH-07;2026-07-29 20:39:01;SKU-001;4;45000;1000;CARD
REC-20260729-STORE_05-0307;STORE_05;CASH-02;2026-07-29 20:39:01;SKU-001;3;45000;1000;CASH
REC-20260729-STORE_05-0307;STORE_05;CASH-05;2026-07-29 20:39:01;SKU-005;2;5000;0;CASH
REC-20260729-STORE_05-0308;STORE_05;CASH-01;2026-07-29 12:14:47;SKU-015;1;5000;0;CASH
REC-20260729-STORE_05-0309;STORE_05;CASH-06;2026-07-29 9:27:12;SKU-017;2;12000;0;CARD
REC-20260729-STORE_05-0309;STORE_05;CASH-01;2026-07-29 9:27:12;SKU-004;3;25000;500;CARD
REC-20260729-STORE_05-0309;STORE_05;CASH-04;2026-07-29 9:27:12;SKU-006;4;45000;0;CASH
REC-20260729-STORE_05-0309;STORE_05;CASH-04;2026-07-29 9:27:12;SKU-001;2;45000;1000;CARD
REC-20260729-STORE_05-0309;STORE_05;CASH-02;2026-07-29 9:27:12;SKU-019;1;25000;1000;CARD
REC-20260729-STORE_05-0310;STORE_05;CASH-08;2026-07-29 20:59:59;SKU-047;1;5000;500;CASH
REC-20260729-STORE_05-0310;STORE_05;CASH-08;2026-07-29 20:59:59;SKU-008;2;12000;500;CARD
REC-20260729-STORE_05-0310;STORE_05;CASH-08;2026-07-29 20:59:59;SKU-003;1;45000;1000;CARD
REC-20260729-STORE_05-0310;STORE_05;CASH-09;2026-07-29 20:59:59;SKU-002;4;12000;0;CASH
REC-20260729-STORE_05-0310;STORE_05;CASH-09;2026-07-29 20:59:59;SKU-005;4;5000;1000;CASH
REC-20260729-STORE_05-0311;STORE_05;CASH-09;2026-07-29 14:36:23;SKU-005;1;5000;500;CARD
REC-20260729-STORE_05-0312;STORE_05;CASH-02;2026-07-29 18:05:40;SKU-015;1;5000;0;CARD
REC-20260729-STORE_05-0312;STORE_05;CASH-01;2026-07-29 18:05:40;SKU-006;3;45000;0;CARD
REC-20260729-STORE_05-0312;STORE_05;CASH-07;2026-07-29 18:05:40;SKU-049;4;5000;1000;CARD
REC-20260729-STORE_05-0312;STORE_05;CASH-04;2026-07-29 18:05:40;SKU-001;4;45000;0;CARD
REC-20260729-STORE_05-0313;STORE_05;CASH-01;2026-07-29 14:27:49;SKU-015;4;5000;0;CASH
REC-20260729-STORE_05-0313;STORE_05;CASH-02;2026-07-29 14:27:49;SKU-008;4;12000;0;CASH
REC-20260729-STORE_05-0313;STORE_05;CASH-06;2026-07-29 14:27:49;SKU-001;3;45000;1000;CARD
REC-20260729-STORE_05-0313;STORE_05;CASH-08;2026-07-29 14:27:49;SKU-009;1;25000;0;CASH
REC-20260729-STORE_05-0313;STORE_05;CASH-02;2026-07-29 14:27:49;SKU-006;2;45000;0;CARD
REC-20260729-STORE_05-0314;STORE_05;CASH-02;2026-07-29 19:07:26;SKU-048;3;25000;0;CASH
REC-20260729-STORE_05-0315;STORE_05;CASH-03;2026-07-29 12:56:16;SKU-020;4;12000;0;CARD
REC-20260729-STORE_05-0316;STORE_05;CASH-06;2026-07-29 9:43:46;SKU-001;4;45000;0;CARD
REC-20260729-STORE_05-0316;STORE_05;CASH-03;2026-07-29 9:43:46;SKU-004;3;25000;0;CARD
REC-20260729-STORE_05-0316;STORE_05;CASH-05;2026-07-29 9:43:46;SKU-020;3;12000;0;CARD
REC-20260729-STORE_05-0316;STORE_05;CASH-01;2026-07-29 9:43:46;SKU-003;3;45000;0;CARD
REC-20260729-STORE_05-0317;STORE_05;CASH-05;2026-07-29 19:35:50;SKU-019;3;25000;500;CARD
REC-20260729-STORE_05-0317;STORE_05;CASH-07;2026-07-29 19:35:50;SKU-007;1;12000;0;CARD
REC-20260729-STORE_05-0318;STORE_05;CASH-03;2026-07-29 11:32:39;SKU-016;2;25000;0;CARD
REC-20260729-STORE_05-0319;STORE_05;CASH-02;2026-07-29 20:05:28;SKU-003;4;45000;1000;CARD
REC-20260729-STORE_05-0319;STORE_05;CASH-04;2026-07-29 20:05:28;SKU-020;4;12000;0;CARD
REC-20260729-STORE_05-0319;STORE_05;CASH-03;2026-07-29 20:05:28;SKU-006;2;45000;0;CARD
REC-20260729-STORE_05-0319;STORE_05;CASH-09;2026-07-29 20:05:28;SKU-045;3;45000;500;CARD
REC-20260729-STORE_05-0320;STORE_05;CASH-04;2026-07-29 10:23:01;SKU-045;1;45000;500;CARD
REC-20260729-STORE_05-0321;STORE_05;CASH-07;2026-07-29 18:09:41;SKU-017;2;12000;0;CARD
REC-20260729-STORE_05-0322;STORE_05;CASH-05;2026-07-29 12:07:47;SKU-034;2;25000;1000;CARD
REC-20260729-STORE_05-0322;STORE_05;CASH-10;2026-07-29 12:07:47;SKU-002;3;12000;0;CARD
REC-20260729-STORE_05-0322;STORE_05;CASH-10;2026-07-29 12:07:47;SKU-002;1;12000;0;CASH
REC-20260729-STORE_05-0322;STORE_05;CASH-03;2026-07-29 12:07:47;SKU-003;4;45000;0;CARD
REC-20260729-STORE_05-0323;STORE_05;CASH-04;2026-07-29 8:41:24;SKU-001;3;45000;0;CARD
REC-20260729-STORE_05-0323;STORE_05;CASH-03;2026-07-29 8:41:24;SKU-002;1;12000;0;CASH
REC-20260729-STORE_05-0323;STORE_05;CASH-02;2026-07-29 8:41:24;SKU-018;2;5000;0;CARD
REC-20260729-STORE_05-0324;STORE_05;CASH-03;2026-07-29 16:19:03;SKU-002;3;12000;0;CARD
REC-20260729-STORE_05-0324;STORE_05;CASH-10;2026-07-29 16:19:03;SKU-002;1;12000;0;CARD
REC-20260729-STORE_05-0324;STORE_05;CASH-03;2026-07-29 16:19:03;SKU-004;2;25000;0;CASH
REC-20260729-STORE_05-0325;STORE_05;CASH-03;2026-07-29 12:34:57;SKU-014;4;5000;0;CASH
REC-20260729-STORE_05-0325;STORE_05;CASH-03;2026-07-29 12:34:57;SKU-001;2;45000;0;CASH
REC-20260729-STORE_05-0325;STORE_05;CASH-06;2026-07-29 12:34:57;SKU-005;1;5000;0;CASH
REC-20260729-STORE_05-0326;STORE_05;CASH-07;2026-07-29 9:54:20;SKU-035;2;5000;1000;CARD
REC-20260729-STORE_05-0326;STORE_05;CASH-03;2026-07-29 9:54:20;SKU-017;3;12000;0;CARD
REC-20260729-STORE_05-0326;STORE_05;CASH-02;2026-07-29 9:54:20;SKU-001;2;45000;0;CARD
REC-20260729-STORE_05-0326;STORE_05;CASH-06;2026-07-29 9:54:20;SKU-004;2;25000;1000;CARD
REC-20260729-STORE_05-0327;STORE_05;CASH-05;2026-07-29 21:02:41;SKU-002;2;12000;0;CARD
REC-20260729-STORE_05-0327;STORE_05;CASH-02;2026-07-29 21:02:41;SKU-011;1;5000;500;CARD
REC-20260729-STORE_05-0327;STORE_05;CASH-03;2026-07-29 21:02:41;SKU-003;1;45000;0;CASH
REC-20260729-STORE_05-0327;STORE_05;CASH-05;2026-07-29 21:02:41;SKU-004;2;25000;0;CASH
REC-20260729-STORE_05-0327;STORE_05;CASH-06;2026-07-29 21:02:41;SKU-008;1;12000;1000;CASH
REC-20260729-STORE_05-0328;STORE_05;CASH-02;2026-07-29 8:47:30;SKU-001;4;45000;1000;CARD
REC-20260729-STORE_05-0328;STORE_05;CASH-09;2026-07-29 8:47:30;SKU-001;2;45000;0;CASH
REC-20260729-STORE_05-0328;STORE_05;CASH-05;2026-07-29 8:47:30;SKU-001;4;45000;0;CARD
REC-20260729-STORE_05-0328;STORE_05;CASH-01;2026-07-29 8:47:30;SKU-002;1;12000;0;CARD
REC-20260729-STORE_05-0329;STORE_05;CASH-07;2026-07-29 19:12:03;SKU-014;3;5000;0;CARD
REC-20260729-STORE_05-0329;STORE_05;CASH-09;2026-07-29 19:12:03;SKU-002;2;12000;0;CASH
REC-20260729-STORE_05-0329;STORE_05;CASH-08;2026-07-29 19:12:03;SKU-004;2;25000;0;CARD
REC-20260729-STORE_05-0329;STORE_05;CASH-03;2026-07-29 19:12:03;SKU-002;4;12000;0;CARD
REC-20260729-STORE_05-0330;STORE_05;CASH-03;2026-07-29 19:33:28;SKU-015;2;5000;0;CASH
REC-20260729-STORE_05-0330;STORE_05;CASH-03;2026-07-29 19:33:28;SKU-006;1;45000;500;CASH
REC-20260729-STORE_05-0331;STORE_05;CASH-07;2026-07-29 8:26:10;SKU-014;3;5000;0;CARD
REC-20260729-STORE_05-0331;STORE_05;CASH-01;2026-07-29 8:26:10;SKU-027;4;5000;0;CARD
REC-20260729-STORE_05-0331;STORE_05;CASH-09;2026-07-29 8:26:10;SKU-002;3;12000;1000;CASH
REC-20260729-STORE_05-0332;STORE_05;CASH-03;2026-07-29 11:45:11;SKU-001;3;45000;500;CARD
REC-20260729-STORE_05-0332;STORE_05;CASH-06;2026-07-29 11:45:11;SKU-018;1;5000;0;CASH
REC-20260729-STORE_05-0332;STORE_05;CASH-06;2026-07-29 11:45:11;SKU-001;3;45000;0;CARD
REC-20260729-STORE_05-0332;STORE_05;CASH-06;2026-07-29 11:45:11;SKU-034;1;25000;0;CARD
REC-20260729-STORE_05-0333;STORE_05;CASH-07;2026-07-29 21:49:52;SKU-003;2;45000;500;CARD
REC-20260729-STORE_05-0333;STORE_05;CASH-04;2026-07-29 21:49:52;SKU-001;3;45000;500;CASH
REC-20260729-STORE_05-0334;STORE_05;CASH-02;2026-07-29 10:43:46;SKU-044;3;5000;1000;CASH
REC-20260729-STORE_05-0335;STORE_05;CASH-06;2026-07-29 16:27:47;SKU-027;4;5000;0;CASH
REC-20260729-STORE_05-0335;STORE_05;CASH-10;2026-07-29 16:27:47;SKU-002;2;12000;500;CASH
REC-20260729-STORE_05-0335;STORE_05;CASH-09;2026-07-29 16:27:47;SKU-016;3;25000;0;CARD
REC-20260729-STORE_05-0336;STORE_05;CASH-01;2026-07-29 11:56:20;SKU-050;3;25000;0;CASH
REC-20260729-STORE_05-0336;STORE_05;CASH-10;2026-07-29 11:56:20;SKU-001;3;45000;0;CARD
REC-20260729-STORE_05-0336;STORE_05;CASH-06;2026-07-29 11:56:20;SKU-002;2;12000;500;CARD
REC-20260729-STORE_05-0337;STORE_05;CASH-07;2026-07-29 20:09:55;SKU-015;3;5000;500;CARD
REC-20260729-STORE_05-0337;STORE_05;CASH-02;2026-07-29 20:09:55;SKU-010;4;25000;500;CASH
REC-20260729-STORE_05-0337;STORE_05;CASH-02;2026-07-29 20:09:55;SKU-001;2;45000;0;CARD
REC-20260729-STORE_05-0337;STORE_05;CASH-08;2026-07-29 20:09:55;SKU-001;2;45000;0;CARD
REC-20260729-STORE_05-0338;STORE_05;CASH-10;2026-07-29 20:31:00;SKU-002;2;12000;500;CARD
REC-20260729-STORE_05-0339;STORE_05;CASH-02;2026-07-29 15:32:39;SKU-003;3;45000;500;CARD
REC-20260729-STORE_05-0339;STORE_05;CASH-01;2026-07-29 15:32:39;SKU-023;1;45000;1000;CARD
REC-20260729-STORE_05-0339;STORE_05;CASH-10;2026-07-29 15:32:39;SKU-002;1;12000;0;CARD
REC-20260729-STORE_05-0339;STORE_05;CASH-01;2026-07-29 15:32:39;SKU-007;3;12000;1000;CARD
REC-20260729-STORE_05-0340;STORE_05;CASH-09;2026-07-29 21:40:17;SKU-006;2;45000;0;CARD
REC-20260729-STORE_05-0341;STORE_05;CASH-07;2026-07-29 11:43:40;SKU-024;4;12000;500;CASH
REC-20260729-STORE_05-0341;STORE_05;CASH-01;2026-07-29 11:43:40;SKU-001;2;45000;500;CARD
REC-20260729-STORE_05-0341;STORE_05;CASH-07;2026-07-29 11:43:40;SKU-004;2;25000;500;CARD
REC-20260729-STORE_05-0341;STORE_05;CASH-08;2026-07-29 11:43:40;SKU-002;4;12000;0;CARD
REC-20260729-STORE_05-0341;STORE_05;CASH-02;2026-07-29 11:43:40;SKU-027;2;5000;500;CARD
REC-20260729-STORE_05-0342;STORE_05;CASH-03;2026-07-29 17:00:15;SKU-018;2;5000;500;CARD
REC-20260729-STORE_05-0343;STORE_05;CASH-06;2026-07-29 11:10:12;SKU-001;4;45000;0;CASH
REC-20260729-STORE_05-0343;STORE_05;CASH-10;2026-07-29 11:10:12;SKU-001;4;45000;500;CARD
REC-20260729-STORE_05-0344;STORE_05;CASH-03;2026-07-29 20:40:18;SKU-006;3;45000;1000;CARD
REC-20260729-STORE_05-0345;STORE_05;CASH-01;2026-07-29 19:20:16;SKU-036;2;45000;0;CARD
REC-20260729-STORE_05-0346;STORE_05;CASH-09;2026-07-29 19:06:39;SKU-045;2;45000;500;CARD
REC-20260729-STORE_05-0346;STORE_05;CASH-07;2026-07-29 19:06:39;SKU-006;3;45000;0;CARD
REC-20260729-STORE_05-0346;STORE_05;CASH-08;2026-07-29 19:06:39;SKU-001;1;45000;500;CARD
REC-20260729-STORE_05-0347;STORE_05;CASH-08;2026-07-29 10:43:40;SKU-003;2;45000;500;CARD
REC-20260729-STORE_05-0347;STORE_05;CASH-05;2026-07-29 10:43:40;SKU-001;3;45000;0;CARD
REC-20260729-STORE_05-0347;STORE_05;CASH-09;2026-07-29 10:43:40;SKU-019;3;25000;0;CARD
REC-20260729-STORE_05-0347;STORE_05;CASH-08;2026-07-29 10:43:40;SKU-002;4;12000;0;CASH
REC-20260729-STORE_05-0347;STORE_05;CASH-10;2026-07-29 10:43:40;SKU-001;4;45000;0;CARD
REC-20260729-STORE_05-0348;STORE_05;CASH-06;2026-07-29 10:51:26;SKU-008;1;12000;1000;CASH
REC-20260729-STORE_05-0348;STORE_05;CASH-02;2026-07-29 10:51:26;SKU-037;3;45000;1000;CASH
REC-20260729-STORE_05-0348;STORE_05;CASH-10;2026-07-29 10:51:26;SKU-004;4;25000;0;CASH
REC-20260729-STORE_05-0348;STORE_05;CASH-07;2026-07-29 10:51:26;SKU-022;2;12000;0;CARD
REC-20260729-STORE_05-0348;STORE_05;CASH-04;2026-07-29 10:51:26;SKU-001;2;45000;0;CASH
REC-20260729-STORE_05-0349;STORE_05;CASH-08;2026-07-29 8:36:31;SKU-018;4;5000;0;CARD
REC-20260729-STORE_05-0350;STORE_05;CASH-10;2026-07-29 18:20:57;SKU-003;2;45000;0;CASH
REC-20260729-STORE_05-0350;STORE_05;CASH-10;2026-07-29 18:20:57;SKU-045;3;45000;0;CARD
REC-20260729-STORE_05-0350;STORE_05;CASH-05;2026-07-29 18:20:57;SKU-022;1;12000;0;CASH
REC-20260729-STORE_05-0350;STORE_05;CASH-06;2026-07-29 18:20:57;SKU-016;1;25000;1000;CARD
REC-20260729-STORE_05-0350;STORE_05;CASH-04;2026-07-29 18:20:57;SKU-001;2;45000;0;CASH
REC-20260729-STORE_05-0351;STORE_05;CASH-02;2026-07-29 18:04:08;SKU-001;3;45000;500;CASH
REC-20260729-STORE_05-0352;STORE_05;CASH-09;2026-07-29 15:33:40;SKU-001;1;45000;0;CASH
REC-20260729-STORE_05-0352;STORE_05;CASH-03;2026-07-29 15:33:40;SKU-005;2;5000;500;CARD
REC-20260729-STORE_05-0352;STORE_05;CASH-08;2026-07-29 15:33:40;SKU-027;4;5000;0;CARD
REC-20260729-STORE_05-0352;STORE_05;CASH-10;2026-07-29 15:33:40;SKU-031;1;45000;0;CARD
REC-20260729-STORE_05-0352;STORE_05;CASH-06;2026-07-29 15:33:40;SKU-029;1;5000;0;CARD
REC-20260729-STORE_05-0353;STORE_05;CASH-02;2026-07-29 13:00:42;SKU-024;3;12000;0;CASH
REC-20260729-STORE_05-0353;STORE_05;CASH-05;2026-07-29 13:00:42;SKU-001;2;45000;0;CARD
REC-20260729-STORE_05-0353;STORE_05;CASH-01;2026-07-29 13:00:42;SKU-004;4;25000;0;CARD
REC-20260729-STORE_05-0354;STORE_05;CASH-09;2026-07-29 14:41:16;SKU-001;2;45000;1000;CARD
REC-20260729-STORE_05-0354;STORE_05;CASH-04;2026-07-29 14:41:16;SKU-012;2;45000;500;CASH
REC-20260729-STORE_05-0355;STORE_05;CASH-06;2026-07-29 11:49:53;SKU-003;2;45000;0;CARD
REC-20260729-STORE_05-0355;STORE_05;CASH-04;2026-07-29 11:49:53;SKU-040;4;25000;500;CASH
REC-20260729-STORE_05-0355;STORE_05;CASH-06;2026-07-29 11:49:53;SKU-027;4;5000;0;CARD
REC-20260729-STORE_05-0356;STORE_05;CASH-02;2026-07-29 15:56:11;SKU-021;2;5000;0;CARD
REC-20260729-STORE_05-0356;STORE_05;CASH-05;2026-07-29 15:56:11;SKU-006;2;45000;1000;CARD
REC-20260729-STORE_05-0356;STORE_05;CASH-08;2026-07-29 15:56:11;SKU-045;3;45000;0;CARD
REC-20260729-STORE_05-0356;STORE_05;CASH-04;2026-07-29 15:56:11;SKU-007;4;12000;1000;CASH
REC-20260729-STORE_05-0357;STORE_05;CASH-05;2026-07-29 9:51:08;SKU-003;3;45000;0;CARD
REC-20260729-STORE_05-0357;STORE_05;CASH-02;2026-07-29 9:51:08;SKU-016;1;25000;0;CARD
REC-20260729-STORE_05-0357;STORE_05;CASH-08;2026-07-29 9:51:08;SKU-004;3;25000;0;CASH
REC-20260729-STORE_05-0357;STORE_05;CASH-02;2026-07-29 9:51:08;SKU-048;2;25000;500;CARD
REC-20260729-STORE_05-0357;STORE_05;CASH-04;2026-07-29 9:51:08;SKU-001;4;45000;0;CARD
REC-20260729-STORE_05-0358;STORE_05;CASH-09;2026-07-29 17:49:17;SKU-001;1;45000;500;CARD
REC-20260729-STORE_05-0358;STORE_05;CASH-04;2026-07-29 17:49:17;SKU-041;4;25000;500;CARD
REC-20260729-STORE_05-0358;STORE_05;CASH-05;2026-07-29 17:49:17;SKU-007;1;12000;500;CASH
REC-20260729-STORE_05-0359;STORE_05;CASH-01;2026-07-29 13:27:07;SKU-001;4;45000;0;CARD
REC-20260729-STORE_05-0359;STORE_05;CASH-07;2026-07-29 13:27:07;SKU-008;2;12000;500;CARD
REC-20260729-STORE_05-0360;STORE_05;CASH-06;2026-07-29 11:35:14;SKU-002;3;12000;1000;CARD
REC-20260729-STORE_05-0360;STORE_05;CASH-04;2026-07-29 11:35:14;SKU-001;1;45000;0;CASH
REC-20260729-STORE_05-0360;STORE_05;CASH-10;2026-07-29 11:35:14;SKU-014;3;5000;1000;CARD
REC-20260729-STORE_05-0360;STORE_05;CASH-02;2026-07-29 11:35:14;SKU-013;3;12000;0;CASH
REC-20260729-STORE_05-0361;STORE_05;CASH-10;2026-07-29 21:20:48;SKU-016;2;25000;1000;CARD
REC-20260729-STORE_05-0361;STORE_05;CASH-09;2026-07-29 21:20:48;SKU-006;4;45000;0;CASH
REC-20260729-STORE_05-0361;STORE_05;CASH-06;2026-07-29 21:20:48;SKU-012;1;45000;0;CARD
REC-20260729-STORE_05-0362;STORE_05;CASH-08;2026-07-29 15:41:07;SKU-023;3;45000;0;CARD
REC-20260729-STORE_05-0362;STORE_05;CASH-02;2026-07-29 15:41:07;SKU-010;2;25000;1000;CASH
REC-20260729-STORE_05-0362;STORE_05;CASH-02;2026-07-29 15:41:07;SKU-026;3;12000;0;CARD
REC-20260729-STORE_05-0363;STORE_05;CASH-06;2026-07-29 14:15:06;SKU-018;2;5000;500;CARD
REC-20260729-STORE_05-0364;STORE_05;CASH-09;2026-07-29 12:37:57;SKU-001;2;45000;0;CARD
REC-20260729-STORE_05-0364;STORE_05;CASH-08;2026-07-29 12:37:57;SKU-014;1;5000;500;CARD
REC-20260729-STORE_05-0364;STORE_05;CASH-03;2026-07-29 12:37:57;SKU-026;1;12000;0;CARD
REC-20260729-STORE_05-0365;STORE_05;CASH-05;2026-07-29 17:03:23;SKU-001;2;45000;0;CASH
REC-20260729-STORE_05-0365;STORE_05;CASH-01;2026-07-29 17:03:23;SKU-033;1;5000;0;CARD
REC-20260729-STORE_05-0365;STORE_05;CASH-01;2026-07-29 17:03:23;SKU-020;4;12000;1000;CARD
REC-20260729-STORE_05-0366;STORE_05;CASH-01;2026-07-29 11:18:29;SKU-001;3;45000;0;CARD
REC-20260729-STORE_05-0367;STORE_05;CASH-04;2026-07-29 8:42:15;SKU-006;3;45000;0;CARD
REC-20260729-STORE_05-0368;STORE_05;CASH-01;2026-07-29 19:58:58;SKU-004;4;25000;0;CARD
REC-20260729-STORE_05-0368;STORE_05;CASH-01;2026-07-29 19:58:58;SKU-002;1;12000;0;CASH
REC-20260729-STORE_05-0368;STORE_05;CASH-01;2026-07-29 19:58:58;SKU-001;4;45000;1000;CASH
REC-20260729-STORE_05-0368;STORE_05;CASH-02;2026-07-29 19:58:58;SKU-005;1;5000;0;CARD
REC-20260729-STORE_05-0369;STORE_05;CASH-10;2026-07-29 8:22:07;SKU-012;1;45000;0;CASH
REC-20260729-STORE_05-0369;STORE_05;CASH-05;2026-07-29 8:22:07;SKU-001;3;45000;0;CASH
REC-20260729-STORE_05-0369;STORE_05;CASH-08;2026-07-29 8:22:07;SKU-002;1;12000;500;CARD
REC-20260729-STORE_05-0369;STORE_05;CASH-06;2026-07-29 8:22:07;SKU-003;1;45000;0;CARD
REC-20260729-STORE_05-0370;STORE_05;CASH-07;2026-07-29 15:19:52;SKU-019;2;25000;0;CARD
REC-20260729-STORE_05-0370;STORE_05;CASH-02;2026-07-29 15:19:52;SKU-001;2;45000;500;CARD
REC-20260729-STORE_05-0370;STORE_05;CASH-03;2026-07-29 15:19:52;SKU-018;2;5000;0;CARD
REC-20260729-STORE_05-0371;STORE_05;CASH-03;2026-07-29 15:59:32;SKU-018;1;5000;0;CARD
REC-20260729-STORE_05-0371;STORE_05;CASH-06;2026-07-29 15:59:32;SKU-004;3;25000;0;CARD
REC-20260729-STORE_05-0371;STORE_05;CASH-09;2026-07-29 15:59:32;SKU-002;2;12000;1000;CARD
REC-20260729-STORE_05-0371;STORE_05;CASH-05;2026-07-29 15:59:32;SKU-006;3;45000;0;CASH
REC-20260729-STORE_05-0371;STORE_05;CASH-04;2026-07-29 15:59:32;SKU-004;4;25000;500;CARD
REC-20260729-STORE_05-0372;STORE_05;CASH-03;2026-07-29 14:00:46;SKU-002;1;12000;0;CARD
REC-20260729-STORE_05-0372;STORE_05;CASH-06;2026-07-29 14:00:46;SKU-002;4;12000;1000;CASH
REC-20260729-STORE_05-0373;STORE_05;CASH-02;2026-07-29 11:17:34;SKU-049;3;5000;1000;CARD
REC-20260729-STORE_05-0373;STORE_05;CASH-02;2026-07-29 11:17:34;SKU-001;1;45000;500;CARD
REC-20260729-STORE_05-0373;STORE_05;CASH-03;2026-07-29 11:17:34;SKU-041;4;25000;0;CARD
REC-20260729-STORE_05-0373;STORE_05;CASH-09;2026-07-29 11:17:34;SKU-029;1;5000;0;CARD
REC-20260729-STORE_05-0374;STORE_05;CASH-10;2026-07-29 10:28:24;SKU-001;2;45000;0;CARD
REC-20260729-STORE_05-0374;STORE_05;CASH-07;2026-07-29 10:28:24;SKU-001;4;45000;0;CARD
REC-20260729-STORE_05-0374;STORE_05;CASH-01;2026-07-29 10:28:24;SKU-021;2;5000;1000;CARD
REC-20260729-STORE_05-0374;STORE_05;CASH-05;2026-07-29 10:28:24;SKU-008;1;12000;0;CARD
REC-20260729-STORE_05-0374;STORE_05;CASH-09;2026-07-29 10:28:24;SKU-002;4;12000;500;CARD
REC-20260729-STORE_05-0375;STORE_05;CASH-02;2026-07-29 15:17:11;SKU-001;3;45000;0;CARD
REC-20260729-STORE_05-0375;STORE_05;CASH-05;2026-07-29 15:17:11;SKU-019;3;25000;1000;CASH
REC-20260729-STORE_05-0375;STORE_05;CASH-07;2026-07-29 15:17:11;SKU-023;1;45000;0;CARD
REC-20260729-STORE_05-0376;STORE_05;CASH-06;2026-07-29 20:34:10;SKU-001;1;45000;0;CARD
REC-20260729-STORE_05-0376;STORE_05;CASH-09;2026-07-29 20:34:10;SKU-017;1;12000;1000;CASH
REC-20260729-STORE_05-0377;STORE_05;CASH-04;2026-07-29 18:03:40;SKU-003;1;45000;0;CASH
REC-20260729-STORE_05-0377;STORE_05;CASH-07;2026-07-29 18:03:40;SKU-005;3;5000;1000;CARD
REC-20260729-STORE_05-0377;STORE_05;CASH-06;2026-07-29 18:03:40;SKU-020;4;12000;0;CASH
REC-20260729-STORE_05-0378;STORE_05;CASH-05;2026-07-29 18:26:53;SKU-002;3;12000;0;CASH
REC-20260729-STORE_05-0378;STORE_05;CASH-05;2026-07-29 18:26:53;SKU-001;1;45000;0;CARD
REC-20260729-STORE_05-0378;STORE_05;CASH-07;2026-07-29 18:26:53;SKU-006;3;45000;0;CARD
REC-20260729-STORE_05-0378;STORE_05;CASH-07;2026-07-29 18:26:53;SKU-001;1;45000;0;CARD
REC-20260729-STORE_05-0379;STORE_05;CASH-04;2026-07-29 16:21:48;SKU-001;1;45000;0;CASH
REC-20260729-STORE_05-0379;STORE_05;CASH-07;2026-07-29 16:21:48;SKU-005;4;5000;0;CARD
REC-20260729-STORE_05-0380;STORE_05;CASH-08;2026-07-29 11:46:24;SKU-005;4;5000;0;CARD
REC-20260729-STORE_05-0380;STORE_05;CASH-07;2026-07-29 11:46:24;SKU-015;3;5000;0;CASH
REC-20260729-STORE_05-0381;STORE_05;CASH-01;2026-07-29 13:33:55;SKU-036;1;45000;0;CASH
REC-20260729-STORE_05-0381;STORE_05;CASH-05;2026-07-29 13:33:55;SKU-001;1;45000;500;CASH
REC-20260729-STORE_05-0381;STORE_05;CASH-01;2026-07-29 13:33:55;SKU-015;1;5000;500;CASH
REC-20260729-STORE_05-0382;STORE_05;CASH-10;2026-07-29 16:30:52;SKU-007;3;12000;1000;CARD
REC-20260729-STORE_05-0382;STORE_05;CASH-10;2026-07-29 16:30:52;SKU-008;3;12000;0;CARD
REC-20260729-STORE_05-0383;STORE_05;CASH-08;2026-07-29 21:15:02;SKU-006;4;45000;500;CARD
REC-20260729-STORE_05-0384;STORE_05;CASH-01;2026-07-29 21:40:32;SKU-001;1;45000;500;CASH
REC-20260729-STORE_05-0384;STORE_05;CASH-04;2026-07-29 21:40:32;SKU-003;1;45000;0;CARD
REC-20260729-STORE_05-0385;STORE_05;CASH-02;2026-07-29 11:40:47;SKU-005;2;5000;0;CARD
REC-20260729-STORE_05-0385;STORE_05;CASH-09;2026-07-29 11:40:47;SKU-003;4;45000;0;CARD
REC-20260729-STORE_05-0386;STORE_05;CASH-04;2026-07-29 12:31:39;SKU-008;2;12000;1000;CARD
REC-20260729-STORE_05-0386;STORE_05;CASH-06;2026-07-29 12:31:39;SKU-003;2;45000;0;CARD
REC-20260729-STORE_05-0386;STORE_05;CASH-08;2026-07-29 12:31:39;SKU-001;1;45000;1000;CARD
REC-20260729-STORE_05-0386;STORE_05;CASH-01;2026-07-29 12:31:39;SKU-009;2;25000;0;CARD
REC-20260729-STORE_05-0387;STORE_05;CASH-09;2026-07-29 19:50:52;SKU-013;4;12000;1000;CARD
REC-20260729-STORE_05-0387;STORE_05;CASH-02;2026-07-29 19:50:52;SKU-035;4;5000;0;CASH
REC-20260729-STORE_05-0387;STORE_05;CASH-10;2026-07-29 19:50:52;SKU-002;2;12000;0;CARD
REC-20260729-STORE_05-0387;STORE_05;CASH-08;2026-07-29 19:50:52;SKU-030;2;45000;1000;CARD
REC-20260729-STORE_05-0387;STORE_05;CASH-07;2026-07-29 19:50:52;SKU-002;2;12000;0;CASH
REC-20260729-STORE_05-0388;STORE_05;CASH-05;2026-07-29 13:15:15;SKU-001;4;45000;0;CARD
REC-20260729-STORE_05-0388;STORE_05;CASH-04;2026-07-29 13:15:15;SKU-014;4;5000;500;CASH
REC-20260729-STORE_05-0388;STORE_05;CASH-03;2026-07-29 13:15:15;SKU-013;4;12000;0;CASH
REC-20260729-STORE_05-0389;STORE_05;CASH-03;2026-07-29 12:35:28;SKU-005;2;5000;0;CARD
REC-20260729-STORE_05-0389;STORE_05;CASH-08;2026-07-29 12:35:28;SKU-001;2;45000;0;CARD
REC-20260729-STORE_05-0390;STORE_05;CASH-05;2026-07-29 8:44:48;SKU-011;3;5000;500;CARD
REC-20260729-STORE_05-0390;STORE_05;CASH-05;2026-07-29 8:44:48;SKU-002;2;12000;1000;CARD
REC-20260729-STORE_05-0390;STORE_05;CASH-02;2026-07-29 8:44:48;SKU-016;3;25000;1000;CARD
REC-20260729-STORE_05-0390;STORE_05;CASH-10;2026-07-29 8:44:48;SKU-002;1;12000;0;CARD
REC-20260729-STORE_05-0391;STORE_05;CASH-08;2026-07-29 18:26:45;SKU-034;3;25000;0;CASH
REC-20260729-STORE_05-0392;STORE_05;CASH-08;2026-07-29 16:30:03;SKU-001;4;45000;0;CARD
REC-20260729-STORE_05-0392;STORE_05;CASH-04;2026-07-29 16:30:03;SKU-001;3;45000;1000;CARD
REC-20260729-STORE_05-0392;STORE_05;CASH-09;2026-07-29 16:30:03;SKU-001;3;45000;0;CARD
REC-20260729-STORE_05-0393;STORE_05;CASH-10;2026-07-29 15:11:27;SKU-001;2;45000;0;CARD
REC-20260729-STORE_05-0393;STORE_05;CASH-01;2026-07-29 15:11:27;SKU-006;2;45000;1000;CARD
REC-20260729-STORE_05-0393;STORE_05;CASH-08;2026-07-29 15:11:27;SKU-007;1;12000;0;CARD
REC-20260729-STORE_05-0393;STORE_05;CASH-03;2026-07-29 15:11:27;SKU-012;4;45000;0;CASH
REC-20260729-STORE_05-0393;STORE_05;CASH-03;2026-07-29 15:11:27;SKU-021;2;5000;0;CARD
REC-20260729-STORE_05-0394;STORE_05;CASH-10;2026-07-29 14:56:36;SKU-035;4;5000;0;CARD
REC-20260729-STORE_05-0394;STORE_05;CASH-07;2026-07-29 14:56:36;SKU-009;2;25000;0;CASH
REC-20260729-STORE_05-0394;STORE_05;CASH-08;2026-07-29 14:56:36;SKU-014;2;5000;0;CARD
REC-20260729-STORE_05-0394;STORE_05;CASH-10;2026-07-29 14:56:36;SKU-002;1;12000;500;CARD
REC-20260729-STORE_05-0395;STORE_05;CASH-08;2026-07-29 11:21:41;SKU-016;2;25000;0;CARD
REC-20260729-STORE_05-0395;STORE_05;CASH-08;2026-07-29 11:21:41;SKU-002;3;12000;500;CARD
REC-20260729-STORE_05-0395;STORE_05;CASH-10;2026-07-29 11:21:41;SKU-017;2;12000;0;CARD
REC-20260729-STORE_05-0395;STORE_05;CASH-01;2026-07-29 11:21:41;SKU-003;4;45000;0;CARD
REC-20260729-STORE_05-0396;STORE_05;CASH-08;2026-07-29 14:22:41;SKU-016;1;25000;1000;CARD
REC-20260729-STORE_05-0396;STORE_05;CASH-03;2026-07-29 14:22:41;SKU-050;1;25000;1000;CARD
REC-20260729-STORE_05-0396;STORE_05;CASH-10;2026-07-29 14:22:41;SKU-001;4;45000;500;CASH
REC-20260729-STORE_05-0396;STORE_05;CASH-03;2026-07-29 14:22:41;SKU-001;4;45000;0;CARD
REC-20260729-STORE_05-0397;STORE_05;CASH-06;2026-07-29 8:15:58;SKU-034;1;25000;0;CARD
REC-20260729-STORE_05-0398;STORE_05;CASH-10;2026-07-29 9:08:17;SKU-003;3;45000;0;CASH
REC-20260729-STORE_05-0398;STORE_05;CASH-01;2026-07-29 9:08:17;SKU-030;4;45000;0;CASH
REC-20260729-STORE_05-0398;STORE_05;CASH-09;2026-07-29 9:08:17;SKU-003;3;45000;0;CARD
REC-20260729-STORE_05-0399;STORE_05;CASH-09;2026-07-29 16:56:52;SKU-004;4;25000;0;CARD
REC-20260729-STORE_05-0399;STORE_05;CASH-09;2026-07-29 16:56:52;SKU-001;1;45000;1000;CARD
REC-20260729-STORE_05-0399;STORE_05;CASH-05;2026-07-29 16:56:52;SKU-003;3;45000;0;CASH
REC-20260729-STORE_05-0399;STORE_05;CASH-03;2026-07-29 16:56:52;SKU-011;2;5000;500;CASH
REC-20260729-STORE_05-0399;STORE_05;CASH-04;2026-07-29 16:56:52;SKU-001;2;45000;0;CARD
REC-20260729-STORE_05-0400;STORE_05;CASH-04;2026-07-29 18:48:03;SKU-002;1;12000;0;CARD
REC-20260729-STORE_05-0400;STORE_05;CASH-09;2026-07-29 18:48:03;SKU-001;1;45000;0;CASH
REC-20260729-STORE_05-0400;STORE_05;CASH-01;2026-07-29 18:48:03;SKU-002;3;12000;0;CARD
REC-20260729-STORE_05-0400;STORE_05;CASH-08;2026-07-29 18:48:03;SKU-005;3;5000;500;CARD
REC-20260729-STORE_05-0400;STORE_05;CASH-03;2026-07-29 18:48:03;SKU-002;4;12000;1000;CASH
REC-20260729-STORE_05-0401;STORE_05;CASH-04;2026-07-29 13:17:55;SKU-031;4;45000;500;CARD
REC-20260729-STORE_05-0402;STORE_05;CASH-03;2026-07-29 9:28:35;SKU-014;4;5000;1000;CARD
REC-20260729-STORE_05-0402;STORE_05;CASH-03;2026-07-29 9:28:35;SKU-015;3;5000;1000;CASH
REC-20260729-STORE_05-0403;STORE_05;CASH-10;2026-07-29 16:48:41;SKU-001;1;45000;1000;CARD
REC-20260729-STORE_05-0403;STORE_05;CASH-08;2026-07-29 16:48:41;SKU-003;1;45000;0;CASH
REC-20260729-STORE_05-0403;STORE_05;CASH-04;2026-07-29 16:48:41;SKU-002;4;12000;1000;CASH
REC-20260729-STORE_05-0403;STORE_05;CASH-08;2026-07-29 16:48:41;SKU-003;4;45000;500;CASH
REC-20260729-STORE_05-0404;STORE_05;CASH-01;2026-07-29 16:56:52;SKU-001;3;45000;500;CARD
REC-20260729-STORE_05-0404;STORE_05;CASH-04;2026-07-29 16:56:52;SKU-013;1;12000;0;CARD
REC-20260729-STORE_05-0404;STORE_05;CASH-07;2026-07-29 16:56:52;SKU-028;3;5000;0;CASH
REC-20260729-STORE_05-0405;STORE_05;CASH-10;2026-07-29 18:18:50;SKU-038;3;12000;0;CARD
REC-20260729-STORE_05-0406;STORE_05;CASH-05;2026-07-29 17:21:11;SKU-009;1;25000;0;CARD
REC-20260729-STORE_05-0406;STORE_05;CASH-08;2026-07-29 17:21:11;SKU-007;1;12000;0;CARD
REC-20260729-STORE_05-0406;STORE_05;CASH-09;2026-07-29 17:21:11;SKU-041;3;25000;0;CASH
REC-20260729-STORE_05-0406;STORE_05;CASH-07;2026-07-29 17:21:11;SKU-007;1;12000;500;CARD
REC-20260729-STORE_05-0407;STORE_05;CASH-08;2026-07-29 18:31:10;SKU-001;2;45000;0;CASH
REC-20260729-STORE_05-0407;STORE_05;CASH-04;2026-07-29 18:31:10;SKU-002;3;12000;1000;CASH
REC-20260729-STORE_05-0407;STORE_05;CASH-07;2026-07-29 18:31:10;SKU-001;2;45000;0;CARD
REC-20260729-STORE_05-0408;STORE_05;CASH-02;2026-07-29 11:25:21;SKU-022;1;12000;0;CASH
REC-20260729-STORE_05-0408;STORE_05;CASH-06;2026-07-29 11:25:21;SKU-001;1;45000;500;CASH
REC-20260729-STORE_05-0408;STORE_05;CASH-04;2026-07-29 11:25:21;SKU-024;3;12000;0;CARD
REC-20260729-STORE_05-0408;STORE_05;CASH-04;2026-07-29 11:25:21;SKU-001;4;45000;0;CARD
REC-20260729-STORE_05-0409;STORE_05;CASH-01;2026-07-29 12:54:53;SKU-005;2;5000;0;CASH
REC-20260729-STORE_05-0410;STORE_05;CASH-04;2026-07-29 19:15:03;SKU-017;2;12000;0;CARD
REC-20260729-STORE_05-0410;STORE_05;CASH-05;2026-07-29 19:15:03;SKU-030;3;45000;1000;CARD
REC-20260729-STORE_05-0410;STORE_05;CASH-02;2026-07-29 19:15:03;SKU-001;1;45000;0;CASH
REC-20260729-STORE_05-0410;STORE_05;CASH-07;2026-07-29 19:15:03;SKU-003;2;45000;500;CARD
REC-20260729-STORE_05-0410;STORE_05;CASH-10;2026-07-29 19:15:03;SKU-004;4;25000;0;CARD
REC-20260729-STORE_05-0411;STORE_05;CASH-03;2026-07-29 11:20:58;SKU-003;2;45000;0;CASH
REC-20260729-STORE_05-0412;STORE_05;CASH-06;2026-07-29 8:57:12;SKU-004;1;25000;1000;CASH
REC-20260729-STORE_05-0412;STORE_05;CASH-08;2026-07-29 8:57:12;SKU-001;1;45000;0;CARD
REC-20260729-STORE_05-0412;STORE_05;CASH-06;2026-07-29 8:57:12;SKU-025;3;5000;1000;CARD
REC-20260729-STORE_05-0412;STORE_05;CASH-07;2026-07-29 8:57:12;SKU-002;4;12000;0;CARD
REC-20260729-STORE_05-0412;STORE_05;CASH-10;2026-07-29 8:57:12;SKU-005;4;5000;1000;CARD
REC-20260729-STORE_05-0413;STORE_05;CASH-02;2026-07-29 17:03:32;SKU-001;4;45000;1000;CARD
REC-20260729-STORE_05-0413;STORE_05;CASH-03;2026-07-29 17:03:32;SKU-025;2;5000;0;CASH
REC-20260729-STORE_05-0413;STORE_05;CASH-09;2026-07-29 17:03:32;SKU-020;2;12000;500;CARD
REC-20260729-STORE_05-0413;STORE_05;CASH-02;2026-07-29 17:03:32;SKU-036;1;45000;0;CARD
REC-20260729-STORE_05-0414;STORE_05;CASH-02;2026-07-29 16:02:38;SKU-006;4;45000;0;CARD
REC-20260729-STORE_05-0414;STORE_05;CASH-06;2026-07-29 16:02:38;SKU-028;2;5000;0;CARD
REC-20260729-STORE_05-0414;STORE_05;CASH-03;2026-07-29 16:02:38;SKU-003;1;45000;0;CARD
REC-20260729-STORE_05-0414;STORE_05;CASH-02;2026-07-29 16:02:38;SKU-005;2;5000;0;CASH
REC-20260729-STORE_05-0415;STORE_05;CASH-02;2026-07-29 15:03:36;SKU-031;1;45000;0;CASH
REC-20260729-STORE_05-0415;STORE_05;CASH-04;2026-07-29 15:03:36;SKU-001;2;45000;500;CASH
REC-20260729-STORE_05-0415;STORE_05;CASH-10;2026-07-29 15:03:36;SKU-042;2;5000;0;CARD
REC-20260729-STORE_05-0415;STORE_05;CASH-01;2026-07-29 15:03:36;SKU-002;4;12000;0;CARD
REC-20260729-STORE_05-0415;STORE_05;CASH-08;2026-07-29 15:03:36;SKU-008;4;12000;500;CASH
REC-20260729-STORE_05-0416;STORE_05;CASH-03;2026-07-29 13:58:39;SKU-006;3;45000;0;CARD
REC-20260729-STORE_05-0416;STORE_05;CASH-10;2026-07-29 13:58:39;SKU-013;4;12000;0;CARD
REC-20260729-STORE_05-0417;STORE_05;CASH-02;2026-07-29 10:54:58;SKU-001;2;45000;0;CARD
REC-20260729-STORE_05-0417;STORE_05;CASH-08;2026-07-29 10:54:58;SKU-001;4;45000;1000;CARD
REC-20260729-STORE_05-0417;STORE_05;CASH-02;2026-07-29 10:54:58;SKU-004;4;25000;0;CASH
REC-20260729-STORE_05-0417;STORE_05;CASH-10;2026-07-29 10:54:58;SKU-003;3;45000;0;CARD
REC-20260729-STORE_05-0417;STORE_05;CASH-01;2026-07-29 10:54:58;SKU-002;2;12000;500;CARD
REC-20260729-STORE_05-0418;STORE_05;CASH-01;2026-07-29 19:30:53;SKU-001;3;45000;0;CASH
REC-20260729-STORE_05-0418;STORE_05;CASH-08;2026-07-29 19:30:53;SKU-001;4;45000;1000;CARD
REC-20260729-STORE_05-0418;STORE_05;CASH-09;2026-07-29 19:30:53;SKU-018;3;5000;0;CARD
REC-20260729-STORE_05-0419;STORE_05;CASH-06;2026-07-29 14:45:22;SKU-018;4;5000;1000;CARD
REC-20260729-STORE_05-0419;STORE_05;CASH-06;2026-07-29 14:45:22;SKU-019;1;25000;1000;CARD
REC-20260729-STORE_05-0420;STORE_05;CASH-05;2026-07-29 15:03:11;SKU-026;3;12000;0;CASH
REC-20260729-STORE_05-0420;STORE_05;CASH-03;2026-07-29 15:03:11;SKU-014;1;5000;1000;CARD
REC-20260729-STORE_05-0421;STORE_05;CASH-10;2026-07-29 19:15:16;SKU-003;2;45000;1000;CARD
REC-20260729-STORE_05-0421;STORE_05;CASH-03;2026-07-29 19:15:16;SKU-004;1;25000;0;CARD
REC-20260729-STORE_05-0421;STORE_05;CASH-09;2026-07-29 19:15:16;SKU-004;3;25000;0;CASH
REC-20260729-STORE_05-0421;STORE_05;CASH-05;2026-07-29 19:15:16;SKU-002;2;12000;500;CASH
REC-20260729-STORE_05-0421;STORE_05;CASH-04;2026-07-29 19:15:16;SKU-022;4;12000;0;CARD
REC-20260729-STORE_05-0422;STORE_05;CASH-08;2026-07-29 16:10:24;SKU-028;2;5000;500;CASH
REC-20260729-STORE_05-0422;STORE_05;CASH-04;2026-07-29 16:10:24;SKU-001;1;45000;1000;CARD
REC-20260729-STORE_05-0423;STORE_05;CASH-08;2026-07-29 16:39:46;SKU-009;2;25000;1000;CARD
REC-20260729-STORE_05-0423;STORE_05;CASH-07;2026-07-29 16:39:46;SKU-049;3;5000;1000;CASH
REC-20260729-STORE_05-0423;STORE_05;CASH-10;2026-07-29 16:39:46;SKU-006;4;45000;0;CARD
REC-20260729-STORE_05-0424;STORE_05;CASH-01;2026-07-29 20:54:42;SKU-047;4;5000;0;CARD
REC-20260729-STORE_05-0424;STORE_05;CASH-04;2026-07-29 20:54:42;SKU-033;4;5000;1000;CASH
REC-20260729-STORE_05-0424;STORE_05;CASH-01;2026-07-29 20:54:42;SKU-004;3;25000;1000;CARD
REC-20260729-STORE_05-0424;STORE_05;CASH-02;2026-07-29 20:54:42;SKU-001;2;45000;0;CASH
REC-20260729-STORE_05-0424;STORE_05;CASH-07;2026-07-29 20:54:42;SKU-036;1;45000;0;CARD
REC-20260729-STORE_05-0425;STORE_05;CASH-01;2026-07-29 20:09:35;SKU-011;3;5000;0;CASH
REC-20260729-STORE_05-0425;STORE_05;CASH-02;2026-07-29 20:09:35;SKU-001;1;45000;0;CARD
REC-20260729-STORE_05-0426;STORE_05;CASH-05;2026-07-29 9:39:58;SKU-023;2;45000;0;CASH
REC-20260729-STORE_05-0426;STORE_05;CASH-03;2026-07-29 9:39:58;SKU-029;1;5000;500;CARD
REC-20260729-STORE_05-0427;STORE_05;CASH-08;2026-07-29 20:41:20;SKU-001;2;45000;0;CARD
REC-20260729-STORE_05-0427;STORE_05;CASH-10;2026-07-29 20:41:20;SKU-007;3;12000;1000;CARD
REC-20260729-STORE_05-0427;STORE_05;CASH-10;2026-07-29 20:41:20;SKU-003;2;45000;0;CASH
REC-20260729-STORE_05-0427;STORE_05;CASH-04;2026-07-29 20:41:20;SKU-019;3;25000;0;CASH
REC-20260729-STORE_05-0428;STORE_05;CASH-07;2026-07-29 20:24:08;SKU-001;1;45000;0;CARD
REC-20260729-STORE_05-0428;STORE_05;CASH-04;2026-07-29 20:24:08;SKU-007;4;12000;500;CARD
REC-20260729-STORE_05-0429;STORE_05;CASH-05;2026-07-29 14:43:12;SKU-039;1;5000;0;CARD
REC-20260729-STORE_05-0429;STORE_05;CASH-03;2026-07-29 14:43:12;SKU-010;2;25000;0;CASH
REC-20260729-STORE_05-0430;STORE_05;CASH-01;2026-07-29 9:56:17;SKU-026;4;12000;0;CARD
REC-20260729-STORE_05-0430;STORE_05;CASH-01;2026-07-29 9:56:17;SKU-015;2;5000;0;CARD
REC-20260729-STORE_05-0430;STORE_05;CASH-09;2026-07-29 9:56:17;SKU-007;2;12000;0;CARD
REC-20260729-STORE_05-0430;STORE_05;CASH-09;2026-07-29 9:56:17;SKU-002;4;12000;0;CASH
REC-20260729-STORE_05-0431;STORE_05;CASH-02;2026-07-29 10:05:49;SKU-007;4;12000;1000;CASH
REC-20260729-STORE_05-0432;STORE_05;CASH-09;2026-07-29 11:26:05;SKU-028;3;5000;0;CARD
REC-20260729-STORE_05-0433;STORE_05;CASH-05;2026-07-29 12:41:27;SKU-002;2;12000;0;CARD
REC-20260729-STORE_05-0433;STORE_05;CASH-05;2026-07-29 12:41:27;SKU-012;3;45000;0;CARD
REC-20260729-STORE_05-0433;STORE_05;CASH-06;2026-07-29 12:41:27;SKU-031;1;45000;0;CASH
REC-20260729-STORE_05-0433;STORE_05;CASH-05;2026-07-29 12:41:27;SKU-002;1;12000;500;CASH
REC-20260729-STORE_05-0434;STORE_05;CASH-09;2026-07-29 10:57:44;SKU-004;4;25000;1000;CASH
REC-20260729-STORE_05-0434;STORE_05;CASH-06;2026-07-29 10:57:44;SKU-001;3;45000;0;CARD
REC-20260729-STORE_05-0435;STORE_05;CASH-07;2026-07-29 20:09:10;SKU-001;1;45000;500;CARD
REC-20260729-STORE_05-0435;STORE_05;CASH-06;2026-07-29 20:09:10;SKU-004;4;25000;1000;CARD
REC-20260729-STORE_05-0435;STORE_05;CASH-08;2026-07-29 20:09:10;SKU-001;4;45000;0;CASH
REC-20260729-STORE_05-0436;STORE_05;CASH-04;2026-07-29 15:35:22;SKU-001;4;45000;500;CARD
REC-20260729-STORE_05-0436;STORE_05;CASH-03;2026-07-29 15:35:22;SKU-003;3;45000;0;CASH
REC-20260729-STORE_05-0436;STORE_05;CASH-09;2026-07-29 15:35:22;SKU-002;3;12000;0;CARD
REC-20260729-STORE_05-0436;STORE_05;CASH-05;2026-07-29 15:35:22;SKU-007;4;12000;1000;CARD
REC-20260729-STORE_05-0436;STORE_05;CASH-07;2026-07-29 15:35:22;SKU-023;1;45000;500;CARD
REC-20260729-STORE_05-0437;STORE_05;CASH-05;2026-07-29 14:58:21;SKU-002;4;12000;500;CARD
REC-20260729-STORE_05-0437;STORE_05;CASH-06;2026-07-29 14:58:21;SKU-001;3;45000;1000;CASH
REC-20260729-STORE_05-0437;STORE_05;CASH-09;2026-07-29 14:58:21;SKU-009;2;25000;0;CARD
REC-20260729-STORE_05-0437;STORE_05;CASH-04;2026-07-29 14:58:21;SKU-013;2;12000;0;CASH
REC-20260729-STORE_05-0437;STORE_05;CASH-03;2026-07-29 14:58:21;SKU-045;1;45000;1000;CASH
REC-20260729-STORE_05-0438;STORE_05;CASH-08;2026-07-29 14:05:45;SKU-009;1;25000;1000;CARD
REC-20260729-STORE_05-0438;STORE_05;CASH-08;2026-07-29 14:05:45;SKU-001;4;45000;0;CARD
REC-20260729-STORE_05-0438;STORE_05;CASH-01;2026-07-29 14:05:45;SKU-025;4;5000;0;CARD
REC-20260729-STORE_05-0438;STORE_05;CASH-07;2026-07-29 14:05:45;SKU-003;2;45000;0;CASH
REC-20260729-STORE_05-0439;STORE_05;CASH-01;2026-07-29 19:41:49;SKU-036;2;45000;500;CASH
REC-20260729-STORE_05-0439;STORE_05;CASH-04;2026-07-29 19:41:49;SKU-001;4;45000;500;CARD
REC-20260729-STORE_05-0439;STORE_05;CASH-09;2026-07-29 19:41:49;SKU-002;2;12000;0;CASH
REC-20260729-STORE_05-0439;STORE_05;CASH-02;2026-07-29 19:41:49;SKU-002;2;12000;0;CARD
REC-20260729-STORE_05-0440;STORE_05;CASH-08;2026-07-29 15:48:12;SKU-034;3;25000;0;CASH
REC-20260729-STORE_05-0441;STORE_05;CASH-10;2026-07-29 21:22:57;SKU-047;4;5000;500;CARD
REC-20260729-STORE_05-0441;STORE_05;CASH-02;2026-07-29 21:22:57;SKU-002;1;12000;0;CARD
REC-20260729-STORE_05-0441;STORE_05;CASH-08;2026-07-29 21:22:57;SKU-019;1;25000;0;CASH
REC-20260729-STORE_05-0441;STORE_05;CASH-08;2026-07-29 21:22:57;SKU-004;2;25000;0;CARD
REC-20260729-STORE_05-0442;STORE_05;CASH-04;2026-07-29 20:15:42;SKU-001;4;45000;500;CARD
REC-20260729-STORE_05-0442;STORE_05;CASH-10;2026-07-29 20:15:42;SKU-002;1;12000;1000;CASH
REC-20260729-STORE_05-0443;STORE_05;CASH-03;2026-07-29 10:26:29;SKU-001;3;45000;0;CARD
REC-20260729-STORE_05-0444;STORE_05;CASH-02;2026-07-29 16:40:57;SKU-016;1;25000;500;CARD
REC-20260729-STORE_05-0444;STORE_05;CASH-02;2026-07-29 16:40:57;SKU-004;3;25000;0;CASH
REC-20260729-STORE_05-0444;STORE_05;CASH-06;2026-07-29 16:40:57;SKU-002;3;12000;0;CARD
REC-20260729-STORE_05-0444;STORE_05;CASH-10;2026-07-29 16:40:57;SKU-001;2;45000;0;CARD
REC-20260729-STORE_05-0445;STORE_05;CASH-08;2026-07-29 20:11:07;SKU-001;2;45000;1000;CASH
REC-20260729-STORE_05-0445;STORE_05;CASH-05;2026-07-29 20:11:07;SKU-001;1;45000;1000;CARD
REC-20260729-STORE_05-0446;STORE_05;CASH-08;2026-07-29 20:20:53;SKU-005;4;5000;1000;CASH
REC-20260729-STORE_05-0446;STORE_05;CASH-02;2026-07-29 20:20:53;SKU-001;2;45000;0;CARD
REC-20260729-STORE_05-0447;STORE_05;CASH-05;2026-07-29 12:43:14;SKU-001;2;45000;500;CARD
REC-20260729-STORE_05-0447;STORE_05;CASH-07;2026-07-29 12:43:14;SKU-006;1;45000;500;CARD
REC-20260729-STORE_05-0447;STORE_05;CASH-03;2026-07-29 12:43:14;SKU-001;3;45000;0;CARD
REC-20260729-STORE_05-0447;STORE_05;CASH-06;2026-07-29 12:43:14;SKU-001;2;45000;0;CARD
REC-20260729-STORE_05-0448;STORE_05;CASH-01;2026-07-29 9:56:08;SKU-002;4;12000;0;CARD
REC-20260729-STORE_05-0449;STORE_05;CASH-09;2026-07-29 14:27:08;SKU-004;1;25000;1000;CASH
REC-20260729-STORE_05-0449;STORE_05;CASH-01;2026-07-29 14:27:08;SKU-045;1;45000;0;CASH
REC-20260729-STORE_05-0449;STORE_05;CASH-06;2026-07-29 14:27:08;SKU-011;4;5000;0;CASH
REC-20260729-STORE_05-0449;STORE_05;CASH-06;2026-07-29 14:27:08;SKU-011;4;5000;0;CARD
REC-20260729-STORE_05-0449;STORE_05;CASH-10;2026-07-29 14:27:08;SKU-007;3;12000;0;CARD
REC-20260729-STORE_05-0450;STORE_05;CASH-02;2026-07-29 9:34:08;SKU-023;3;45000;500;CARD
REC-20260729-STORE_05-0450;STORE_05;CASH-05;2026-07-29 9:34:08;SKU-001;4;45000;0;CARD
REC-20260729-STORE_05-0451;STORE_05;CASH-04;2026-07-29 11:16:32;SKU-024;3;12000;0;CARD
REC-20260729-STORE_05-0451;STORE_05;CASH-09;2026-07-29 11:16:32;SKU-007;1;12000;0;CASH
REC-20260729-STORE_05-0451;STORE_05;CASH-01;2026-07-29 11:16:32;SKU-006;1;45000;0;CASH
REC-20260729-STORE_05-0451;STORE_05;CASH-01;2026-07-29 11:16:32;SKU-002;2;12000;0;CARD
REC-20260729-STORE_05-0451;STORE_05;CASH-03;2026-07-29 11:16:32;SKU-012;2;45000;0;CARD
REC-20260729-STORE_05-0452;STORE_05;CASH-07;2026-07-29 20:19:04;SKU-033;4;5000;0;CARD
REC-20260729-STORE_05-0452;STORE_05;CASH-03;2026-07-29 20:19:04;SKU-004;3;25000;500;CARD
REC-20260729-STORE_05-0452;STORE_05;CASH-04;2026-07-29 20:19:04;SKU-001;1;45000;0;CASH
REC-20260729-STORE_05-0453;STORE_05;CASH-05;2026-07-29 15:27:04;SKU-005;4;5000;1000;CARD
REC-20260729-STORE_05-0453;STORE_05;CASH-10;2026-07-29 15:27:04;SKU-001;2;45000;0;CASH
REC-20260729-STORE_05-0453;STORE_05;CASH-09;2026-07-29 15:27:04;SKU-004;1;25000;1000;CASH
REC-20260729-STORE_05-0454;STORE_05;CASH-09;2026-07-29 18:21:54;SKU-006;1;45000;500;CARD
REC-20260729-STORE_05-0454;STORE_05;CASH-03;2026-07-29 18:21:54;SKU-002;3;12000;1000;CARD
REC-20260729-STORE_05-0455;STORE_05;CASH-01;2026-07-29 17:52:35;SKU-003;4;45000;0;CARD
REC-20260729-STORE_05-0455;STORE_05;CASH-03;2026-07-29 17:52:35;SKU-003;1;45000;500;CASH
REC-20260729-STORE_05-0455;STORE_05;CASH-04;2026-07-29 17:52:35;SKU-014;3;5000;0;CARD
REC-20260729-STORE_05-0455;STORE_05;CASH-03;2026-07-29 17:52:35;SKU-021;1;5000;0;CARD
REC-20260729-STORE_05-0456;STORE_05;CASH-04;2026-07-29 12:50:25;SKU-006;3;45000;500;CASH
REC-20260729-STORE_05-0456;STORE_05;CASH-08;2026-07-29 12:50:25;SKU-001;1;45000;1000;CARD
REC-20260729-STORE_05-0456;STORE_05;CASH-08;2026-07-29 12:50:25;SKU-001;4;45000;0;CARD
REC-20260729-STORE_05-0457;STORE_05;CASH-03;2026-07-29 16:23:23;SKU-001;3;45000;0;CASH
REC-20260729-STORE_05-0457;STORE_05;CASH-10;2026-07-29 16:23:23;SKU-011;4;5000;0;CARD
REC-20260729-STORE_05-0457;STORE_05;CASH-03;2026-07-29 16:23:23;SKU-020;3;12000;0;CASH
REC-20260729-STORE_05-0457;STORE_05;CASH-08;2026-07-29 16:23:23;SKU-007;1;12000;0;CARD
REC-20260729-STORE_05-0457;STORE_05;CASH-06;2026-07-29 16:23:23;SKU-002;2;12000;0;CARD
REC-20260729-STORE_05-0458;STORE_05;CASH-10;2026-07-29 21:39:59;SKU-012;2;45000;0;CARD
REC-20260729-STORE_05-0458;STORE_05;CASH-08;2026-07-29 21:39:59;SKU-002;4;12000;1000;CASH
REC-20260729-STORE_05-0458;STORE_05;CASH-08;2026-07-29 21:39:59;SKU-002;2;12000;1000;CARD
REC-20260729-STORE_05-0459;STORE_05;CASH-06;2026-07-29 16:07:46;SKU-001;4;45000;0;CARD
REC-20260729-STORE_05-0459;STORE_05;CASH-07;2026-07-29 16:07:46;SKU-011;3;5000;0;CARD
REC-20260729-STORE_05-0459;STORE_05;CASH-05;2026-07-29 16:07:46;SKU-003;1;45000;1000;CARD
REC-20260729-STORE_05-0459;STORE_05;CASH-02;2026-07-29 16:07:46;SKU-045;1;45000;0;CASH
REC-20260729-STORE_05-0459;STORE_05;CASH-02;2026-07-29 16:07:46;SKU-040;1;25000;500;CARD
REC-20260729-STORE_05-0460;STORE_05;CASH-08;2026-07-29 16:39:53;SKU-004;1;25000;0;CASH
REC-20260729-STORE_05-0460;STORE_05;CASH-08;2026-07-29 16:39:53;SKU-005;2;5000;0;CARD
REC-20260729-STORE_05-0460;STORE_05;CASH-03;2026-07-29 16:39:53;SKU-009;2;25000;0;CARD
REC-20260729-STORE_05-0460;STORE_05;CASH-08;2026-07-29 16:39:53;SKU-004;1;25000;500;CARD
REC-20260729-STORE_05-0460;STORE_05;CASH-07;2026-07-29 16:39:53;SKU-002;2;12000;0;CASH
REC-20260729-STORE_05-0461;STORE_05;CASH-08;2026-07-29 10:25:57;SKU-008;2;12000;0;CARD
REC-20260729-STORE_05-0461;STORE_05;CASH-10;2026-07-29 10:25:57;SKU-003;1;45000;0;CARD
REC-20260729-STORE_05-0461;STORE_05;CASH-03;2026-07-29 10:25:57;SKU-031;3;45000;0;CARD
REC-20260729-STORE_05-0462;STORE_05;CASH-08;2026-07-29 17:54:32;SKU-027;2;5000;0;CASH
REC-20260729-STORE_05-0462;STORE_05;CASH-02;2026-07-29 17:54:32;SKU-006;4;45000;0;CASH
REC-20260729-STORE_05-0462;STORE_05;CASH-10;2026-07-29 17:54:32;SKU-009;3;25000;0;CASH
REC-20260729-STORE_05-0463;STORE_05;CASH-03;2026-07-29 10:49:15;SKU-007;4;12000;0;CARD
REC-20260729-STORE_05-0463;STORE_05;CASH-01;2026-07-29 10:49:15;SKU-026;4;12000;1000;CARD
REC-20260729-STORE_05-0463;STORE_05;CASH-05;2026-07-29 10:49:15;SKU-010;4;25000;0;CARD
REC-20260729-STORE_05-0464;STORE_05;CASH-02;2026-07-29 18:46:40;SKU-006;2;45000;0;CARD
REC-20260729-STORE_05-0464;STORE_05;CASH-08;2026-07-29 18:46:40;SKU-001;3;45000;0;CASH
REC-20260729-STORE_05-0464;STORE_05;CASH-08;2026-07-29 18:46:40;SKU-020;3;12000;0;CASH
REC-20260729-STORE_05-0464;STORE_05;CASH-08;2026-07-29 18:46:40;SKU-001;1;45000;0;CARD
REC-20260729-STORE_05-0464;STORE_05;CASH-04;2026-07-29 18:46:40;SKU-018;4;5000;0;CARD
REC-20260729-STORE_05-0465;STORE_05;CASH-08;2026-07-29 8:16:30;SKU-004;4;25000;1000;CARD
REC-20260729-STORE_05-0465;STORE_05;CASH-09;2026-07-29 8:16:30;SKU-001;4;45000;0;CARD
REC-20260729-STORE_05-0465;STORE_05;CASH-03;2026-07-29 8:16:30;SKU-009;2;25000;500;CARD
REC-20260729-STORE_05-0465;STORE_05;CASH-05;2026-07-29 8:16:30;SKU-002;3;12000;500;CARD
REC-20260729-STORE_05-0466;STORE_05;CASH-08;2026-07-29 20:11:31;SKU-045;1;45000;1000;CARD
REC-20260729-STORE_05-0466;STORE_05;CASH-03;2026-07-29 20:11:31;SKU-003;3;45000;1000;CARD
REC-20260729-STORE_05-0466;STORE_05;CASH-02;2026-07-29 20:11:31;SKU-044;1;5000;0;CASH
REC-20260729-STORE_05-0466;STORE_05;CASH-07;2026-07-29 20:11:31;SKU-032;2;25000;0;CARD
REC-20260729-STORE_05-0466;STORE_05;CASH-03;2026-07-29 20:11:31;SKU-033;4;5000;0;CARD
REC-20260729-STORE_05-0467;STORE_05;CASH-08;2026-07-29 18:19:37;SKU-027;1;5000;0;CARD
REC-20260729-STORE_05-0467;STORE_05;CASH-05;2026-07-29 18:19:37;SKU-001;3;45000;1000;CARD
REC-20260729-STORE_05-0467;STORE_05;CASH-05;2026-07-29 18:19:37;SKU-032;4;25000;0;CASH
REC-20260729-STORE_05-0467;STORE_05;CASH-02;2026-07-29 18:19:37;SKU-002;4;12000;0;CARD
REC-20260729-STORE_05-0468;STORE_05;CASH-05;2026-07-29 14:47:40;SKU-031;1;45000;0;CARD
REC-20260729-STORE_05-0468;STORE_05;CASH-06;2026-07-29 14:47:40;SKU-001;3;45000;0;CARD
REC-20260729-STORE_05-0469;STORE_05;CASH-10;2026-07-29 11:21:19;SKU-002;2;12000;0;CARD
REC-20260729-STORE_05-0469;STORE_05;CASH-01;2026-07-29 11:21:19;SKU-004;2;25000;1000;CASH
REC-20260729-STORE_05-0470;STORE_05;CASH-05;2026-07-29 11:30:23;SKU-033;4;5000;1000;CARD
REC-20260729-STORE_05-0470;STORE_05;CASH-06;2026-07-29 11:30:23;SKU-012;3;45000;0;CARD
REC-20260729-STORE_05-0470;STORE_05;CASH-02;2026-07-29 11:30:23;SKU-004;1;25000;1000;CASH
REC-20260729-STORE_05-0471;STORE_05;CASH-03;2026-07-29 9:22:37;SKU-015;2;5000;0;CARD
REC-20260729-STORE_05-0472;STORE_05;CASH-06;2026-07-29 8:24:03;SKU-001;3;45000;500;CASH
REC-20260729-STORE_05-0473;STORE_05;CASH-05;2026-07-29 8:14:49;SKU-011;3;5000;500;CARD
REC-20260729-STORE_05-0473;STORE_05;CASH-02;2026-07-29 8:14:49;SKU-009;4;25000;0;CASH
REC-20260729-STORE_05-0473;STORE_05;CASH-10;2026-07-29 8:14:49;SKU-001;3;45000;0;CARD
REC-20260729-STORE_05-0473;STORE_05;CASH-09;2026-07-29 8:14:49;SKU-042;3;5000;500;CARD
REC-20260729-STORE_05-0474;STORE_05;CASH-02;2026-07-29 13:17:43;SKU-011;4;5000;0;CASH
REC-20260729-STORE_05-0474;STORE_05;CASH-01;2026-07-29 13:17:43;SKU-005;3;5000;0;CARD
REC-20260729-STORE_05-0474;STORE_05;CASH-10;2026-07-29 13:17:43;SKU-002;4;12000;0;CASH
REC-20260729-STORE_05-0474;STORE_05;CASH-04;2026-07-29 13:17:43;SKU-001;4;45000;1000;CARD
REC-20260729-STORE_05-0474;STORE_05;CASH-02;2026-07-29 13:17:43;SKU-005;1;5000;1000;CARD
REC-20260729-STORE_05-0475;STORE_05;CASH-06;2026-07-29 18:23:26;SKU-018;4;5000;1000;CASH
REC-20260729-STORE_05-0475;STORE_05;CASH-01;2026-07-29 18:23:26;SKU-011;2;5000;0;CASH
REC-20260729-STORE_05-0475;STORE_05;CASH-01;2026-07-29 18:23:26;SKU-018;1;5000;1000;CARD
REC-20260729-STORE_05-0475;STORE_05;CASH-07;2026-07-29 18:23:26;SKU-001;3;45000;500;CASH
REC-20260729-STORE_05-0476;STORE_05;CASH-09;2026-07-29 20:27:27;SKU-034;3;25000;1000;CARD
REC-20260729-STORE_05-0476;STORE_05;CASH-10;2026-07-29 20:27:27;SKU-012;3;45000;1000;CASH
REC-20260729-STORE_05-0476;STORE_05;CASH-09;2026-07-29 20:27:27;SKU-007;1;12000;500;CARD
REC-20260729-STORE_05-0477;STORE_05;CASH-05;2026-07-29 21:38:32;SKU-001;2;45000;0;CARD
REC-20260729-STORE_05-0478;STORE_05;CASH-03;2026-07-29 19:43:35;SKU-006;3;45000;0;CARD
REC-20260729-STORE_05-0479;STORE_05;CASH-03;2026-07-29 12:53:52;SKU-004;4;25000;0;CASH
REC-20260729-STORE_05-0479;STORE_05;CASH-02;2026-07-29 12:53:52;SKU-017;1;12000;0;CASH
REC-20260729-STORE_05-0479;STORE_05;CASH-10;2026-07-29 12:53:52;SKU-009;3;25000;500;CASH
REC-20260729-STORE_05-0479;STORE_05;CASH-05;2026-07-29 12:53:52;SKU-001;1;45000;1000;CARD
REC-20260729-STORE_05-0479;STORE_05;CASH-04;2026-07-29 12:53:52;SKU-004;4;25000;0;CARD
REC-20260729-STORE_05-0480;STORE_05;CASH-10;2026-07-29 16:41:21;SKU-010;2;25000;500;CASH
REC-20260729-STORE_05-0480;STORE_05;CASH-07;2026-07-29 16:41:21;SKU-001;3;45000;500;CARD
REC-20260729-STORE_05-0481;STORE_05;CASH-10;2026-07-29 11:09:02;SKU-014;2;5000;0;CARD
REC-20260729-STORE_05-0481;STORE_05;CASH-05;2026-07-29 11:09:02;SKU-001;2;45000;0;CARD
REC-20260729-STORE_05-0482;STORE_05;CASH-06;2026-07-29 21:55:48;SKU-013;2;12000;1000;CARD
REC-20260729-STORE_05-0482;STORE_05;CASH-04;2026-07-29 21:55:48;SKU-006;3;45000;1000;CARD
REC-20260729-STORE_05-0483;STORE_05;CASH-01;2026-07-29 21:45:00;SKU-012;1;45000;0;CARD
REC-20260729-STORE_05-0483;STORE_05;CASH-02;2026-07-29 21:45:00;SKU-001;4;45000;0;CARD
REC-20260729-STORE_05-0483;STORE_05;CASH-01;2026-07-29 21:45:00;SKU-007;4;12000;1000;CARD
REC-20260729-STORE_05-0483;STORE_05;CASH-02;2026-07-29 21:45:00;SKU-034;1;25000;500;CASH
REC-20260729-STORE_05-0483;STORE_05;CASH-06;2026-07-29 21:45:00;SKU-023;4;45000;500;CARD
REC-20260729-STORE_05-0484;STORE_05;CASH-10;2026-07-29 18:29:33;SKU-001;4;45000;500;CASH
REC-20260729-STORE_05-0484;STORE_05;CASH-03;2026-07-29 18:29:33;SKU-004;4;25000;0;CASH
REC-20260729-STORE_05-0484;STORE_05;CASH-09;2026-07-29 18:29:33;SKU-004;1;25000;0;CASH
REC-20260729-STORE_05-0484;STORE_05;CASH-05;2026-07-29 18:29:33;SKU-001;4;45000;500;CARD
REC-20260729-STORE_05-0484;STORE_05;CASH-03;2026-07-29 18:29:33;SKU-030;1;45000;0;CARD
REC-20260729-STORE_05-0485;STORE_05;CASH-10;2026-07-29 13:09:06;SKU-001;1;45000;0;CARD
REC-20260729-STORE_05-0486;STORE_05;CASH-08;2026-07-29 21:48:45;SKU-001;1;45000;1000;CARD
REC-20260729-STORE_05-0486;STORE_05;CASH-10;2026-07-29 21:48:45;SKU-040;4;25000;0;CARD
REC-20260729-STORE_05-0486;STORE_05;CASH-05;2026-07-29 21:48:45;SKU-003;1;45000;500;CARD
REC-20260729-STORE_05-0486;STORE_05;CASH-09;2026-07-29 21:48:45;SKU-041;2;25000;0;CASH
REC-20260729-STORE_05-0486;STORE_05;CASH-03;2026-07-29 21:48:45;SKU-001;3;45000;0;CARD
REC-20260729-STORE_05-0487;STORE_05;CASH-08;2026-07-29 15:19:23;SKU-002;4;12000;0;CASH
REC-20260729-STORE_05-0487;STORE_05;CASH-04;2026-07-29 15:19:23;SKU-050;1;25000;500;CASH
REC-20260729-STORE_05-0487;STORE_05;CASH-05;2026-07-29 15:19:23;SKU-005;2;5000;0;CASH
REC-20260729-STORE_05-0488;STORE_05;CASH-01;2026-07-29 14:19:15;SKU-001;4;45000;0;CARD
REC-20260729-STORE_05-0488;STORE_05;CASH-04;2026-07-29 14:19:15;SKU-001;1;45000;1000;CARD
REC-20260729-STORE_05-0488;STORE_05;CASH-06;2026-07-29 14:19:15;SKU-002;4;12000;1000;CARD
REC-20260729-STORE_05-0488;STORE_05;CASH-09;2026-07-29 14:19:15;SKU-011;4;5000;0;CARD
REC-20260729-STORE_05-0488;STORE_05;CASH-07;2026-07-29 14:19:15;SKU-001;1;45000;1000;CASH
REC-20260729-STORE_05-0489;STORE_05;CASH-10;2026-07-29 11:46:14;SKU-006;4;45000;0;CASH
REC-20260729-STORE_05-0489;STORE_05;CASH-04;2026-07-29 11:46:14;SKU-001;4;45000;1000;CARD
REC-20260729-STORE_05-0489;STORE_05;CASH-07;2026-07-29 11:46:14;SKU-015;3;5000;500;CASH
REC-20260729-STORE_05-0489;STORE_05;CASH-01;2026-07-29 11:46:14;SKU-046;4;25000;0;CASH
REC-20260729-STORE_05-0490;STORE_05;CASH-09;2026-07-29 21:37:45;SKU-002;4;12000;1000;CASH
REC-20260729-STORE_05-0491;STORE_05;CASH-09;2026-07-29 8:43:59;SKU-005;3;5000;500;CARD
REC-20260729-STORE_05-0491;STORE_05;CASH-06;2026-07-29 8:43:59;SKU-007;4;12000;0;CARD
REC-20260729-STORE_05-0492;STORE_05;CASH-01;2026-07-29 12:21:20;SKU-002;1;12000;0;CARD
REC-20260729-STORE_05-0492;STORE_05;CASH-08;2026-07-29 12:21:20;SKU-037;3;45000;1000;CARD
REC-20260729-STORE_05-0492;STORE_05;CASH-02;2026-07-29 12:21:20;SKU-011;4;5000;0;CARD
REC-20260729-STORE_05-0492;STORE_05;CASH-04;2026-07-29 12:21:20;SKU-003;3;45000;500;CASH
REC-20260729-STORE_05-0492;STORE_05;CASH-09;2026-07-29 12:21:20;SKU-003;1;45000;0;CASH
REC-20260729-STORE_05-0493;STORE_05;CASH-04;2026-07-29 10:40:48;SKU-003;1;45000;1000;CARD
REC-20260729-STORE_05-0493;STORE_05;CASH-04;2026-07-29 10:40:48;SKU-005;3;5000;0;CARD
REC-20260729-STORE_05-0494;STORE_05;CASH-04;2026-07-29 13:13:30;SKU-032;4;25000;500;CASH
REC-20260729-STORE_05-0494;STORE_05;CASH-10;2026-07-29 13:13:30;SKU-002;2;12000;0;CARD
REC-20260729-STORE_05-0494;STORE_05;CASH-02;2026-07-29 13:13:30;SKU-003;2;45000;0;CARD
REC-20260729-STORE_05-0495;STORE_05;CASH-09;2026-07-29 13:36:21;SKU-003;3;45000;0;CASH
REC-20260729-STORE_05-0495;STORE_05;CASH-10;2026-07-29 13:36:21;SKU-029;2;5000;500;CARD
REC-20260729-STORE_05-0495;STORE_05;CASH-04;2026-07-29 13:36:21;SKU-022;4;12000;0;CARD
REC-20260729-STORE_05-0495;STORE_05;CASH-07;2026-07-29 13:36:21;SKU-005;3;5000;0;CARD
REC-20260729-STORE_05-0496;STORE_05;CASH-07;2026-07-29 19:35:22;SKU-001;3;45000;0;CARD
REC-20260729-STORE_05-0496;STORE_05;CASH-05;2026-07-29 19:35:22;SKU-039;1;5000;0;CASH
REC-20260729-STORE_05-0496;STORE_05;CASH-08;2026-07-29 19:35:22;SKU-001;4;45000;0;CARD
REC-20260729-STORE_05-0497;STORE_05;CASH-02;2026-07-29 13:22:47;SKU-010;2;25000;0;CARD
REC-20260729-STORE_05-0497;STORE_05;CASH-10;2026-07-29 13:22:47;SKU-007;4;12000;1000;CARD
REC-20260729-STORE_05-0497;STORE_05;CASH-07;2026-07-29 13:22:47;SKU-011;3;5000;1000;CARD
REC-20260729-STORE_05-0497;STORE_05;CASH-02;2026-07-29 13:22:47;SKU-008;3;12000;0;CARD
REC-20260729-STORE_05-0497;STORE_05;CASH-04;2026-07-29 13:22:47;SKU-004;4;25000;0;CASH
REC-20260729-STORE_05-0498;STORE_05;CASH-10;2026-07-29 13:06:40;SKU-006;3;45000;0;CASH
REC-20260729-STORE_05-0499;STORE_05;CASH-05;2026-07-29 11:41:00;SKU-002;4;12000;500;CASH
REC-20260729-STORE_05-0499;STORE_05;CASH-10;2026-07-29 11:41:00;SKU-009;2;25000;1000;CASH
REC-20260729-STORE_05-0499;STORE_05;CASH-08;2026-07-29 11:41:00;SKU-001;1;45000;0;CARD
REC-20260729-STORE_05-0500;STORE_05;CASH-04;2026-07-29 16:58:00;SKU-003;4;45000;0;CARD
REC-20260729-STORE_05-0500;STORE_05;CASH-09;2026-07-29 16:58:00;SKU-019;2;25000;0;CASH
REC-20260729-STORE_05-0500;STORE_05;CASH-01;2026-07-29 16:58:00;SKU-001;4;45000;500;CASH
REC-20260729-STORE_05-0500;STORE_05;CASH-09;2026-07-29 16:58:00;SKU-012;2;45000;0;CARD
REC-20260729-STORE_05-0500;STORE_05;CASH-06;2026-07-29 16:58:00;SKU-003;1;45000;0;CARD
