receipt_no;store_code;cashier_id;sale_datetime_raw;sku;qty_raw;unit_price_raw;discount_raw;payment_type
REC-20260806-STORE_01-0001;STORE_01;CASH-03;2026-08-06 12:48:52;SKU-011;3;5000;0;CASH
REC-20260806-STORE_01-0001;STORE_01;CASH-09;2026-08-06 12:48:52;SKU-024;4;12000;0;CASH
REC-20260806-STORE_01-0002;STORE_01;CASH-05;2026-08-06 9:56:34;SKU-001;4;45000;0;CARD
REC-20260806-STORE_01-0003;STORE_01;CASH-01;2026-08-06 20:06:09;SKU-021;2;5000;0;CASH
REC-20260806-STORE_01-0004;STORE_01;CASH-08;2026-08-06 8:59:29;SKU-015;1;5000;0;CARD
REC-20260806-STORE_01-0004;STORE_01;CASH-03;2026-08-06 8:59:29;SKU-003;4;45000;1000;CARD
REC-20260806-STORE_01-0004;STORE_01;CASH-08;2026-08-06 8:59:29;SKU-004;4;25000;500;CARD
REC-20260806-STORE_01-0004;STORE_01;CASH-06;2026-08-06 8:59:29;SKU-002;4;12000;500;CARD
REC-20260806-STORE_01-0005;STORE_01;CASH-02;2026-08-06 18:49:13;SKU-002;2;12000;0;CASH
REC-20260806-STORE_01-0005;STORE_01;CASH-08;2026-08-06 18:49:13;SKU-022;4;12000;1000;CASH
REC-20260806-STORE_01-0005;STORE_01;CASH-06;2026-08-06 18:49:13;SKU-001;4;45000;0;CARD
REC-20260806-STORE_01-0005;STORE_01;CASH-01;2026-08-06 18:49:13;SKU-001;4;45000;500;CARD
REC-20260806-STORE_01-0006;STORE_01;CASH-09;2026-08-06 17:24:25;SKU-001;1;45000;0;CASH
REC-20260806-STORE_01-0006;STORE_01;CASH-06;2026-08-06 17:24:25;SKU-001;2;45000;0;CARD
REC-20260806-STORE_01-0006;STORE_01;CASH-10;2026-08-06 17:24:25;SKU-004;4;25000;0;CARD
REC-20260806-STORE_01-0006;STORE_01;CASH-01;2026-08-06 17:24:25;SKU-001;3;45000;500;CASH
REC-20260806-STORE_01-0006;STORE_01;CASH-02;2026-08-06 17:24:25;SKU-009;3;25000;0;CARD
REC-20260806-STORE_01-0007;STORE_01;CASH-04;2026-08-06 12:44:32;SKU-001;3;45000;0;CARD
REC-20260806-STORE_01-0007;STORE_01;CASH-06;2026-08-06 12:44:32;SKU-002;4;12000;0;CARD
REC-20260806-STORE_01-0007;STORE_01;CASH-06;2026-08-06 12:44:32;SKU-047;2;5000;0;CARD
REC-20260806-STORE_01-0007;STORE_01;CASH-06;2026-08-06 12:44:32;SKU-022;4;12000;0;CARD
REC-20260806-STORE_01-0007;STORE_01;CASH-08;2026-08-06 12:44:32;SKU-001;2;45000;500;CARD
REC-20260806-STORE_01-0008;STORE_01;CASH-03;2026-08-06 18:36:05;SKU-030;4;45000;0;CARD
REC-20260806-STORE_01-0009;STORE_01;CASH-08;2026-08-06 8:39:10;SKU-001;2;45000;1000;CARD
REC-20260806-STORE_01-0010;STORE_01;CASH-02;2026-08-06 19:14:35;SKU-010;1;25000;0;CARD
REC-20260806-STORE_01-0010;STORE_01;CASH-10;2026-08-06 19:14:35;SKU-011;3;5000;0;CASH
REC-20260806-STORE_01-0011;STORE_01;CASH-07;2026-08-06 10:36:56;SKU-003;2;45000;1000;CARD
REC-20260806-STORE_01-0012;STORE_01;CASH-02;2026-08-06 10:07:34;SKU-001;3;45000;0;CARD
REC-20260806-STORE_01-0012;STORE_01;CASH-07;2026-08-06 10:07:34;SKU-028;2;5000;0;CARD
REC-20260806-STORE_01-0013;STORE_01;CASH-02;2026-08-06 19:42:01;SKU-031;1;45000;500;CASH
REC-20260806-STORE_01-0013;STORE_01;CASH-10;2026-08-06 19:42:01;SKU-003;2;45000;1000;CASH
REC-20260806-STORE_01-0013;STORE_01;CASH-05;2026-08-06 19:42:01;SKU-005;3;5000;0;CARD
REC-20260806-STORE_01-0014;STORE_01;CASH-06;2026-08-06 20:49:04;SKU-048;3;25000;1000;CARD
REC-20260806-STORE_01-0015;STORE_01;CASH-01;2026-08-06 11:49:37;SKU-020;1;12000;1000;CASH
REC-20260806-STORE_01-0015;STORE_01;CASH-10;2026-08-06 11:49:37;SKU-026;3;12000;0;CARD
REC-20260806-STORE_01-0015;STORE_01;CASH-09;2026-08-06 11:49:37;SKU-023;2;45000;1000;CARD
REC-20260806-STORE_01-0015;STORE_01;CASH-08;2026-08-06 11:49:37;SKU-003;4;45000;0;CARD
REC-20260806-STORE_01-0015;STORE_01;CASH-03;2026-08-06 11:49:37;SKU-008;2;12000;0;CARD
REC-20260806-STORE_01-0016;STORE_01;CASH-04;2026-08-06 20:41:27;SKU-036;1;45000;0;CARD
REC-20260806-STORE_01-0016;STORE_01;CASH-10;2026-08-06 20:41:27;SKU-036;1;45000;500;CARD
REC-20260806-STORE_01-0016;STORE_01;CASH-10;2026-08-06 20:41:27;SKU-017;2;12000;1000;CARD
REC-20260806-STORE_01-0016;STORE_01;CASH-02;2026-08-06 20:41:27;SKU-001;4;45000;0;CARD
REC-20260806-STORE_01-0016;STORE_01;CASH-05;2026-08-06 20:41:27;SKU-037;3;45000;0;CARD
REC-20260806-STORE_01-0017;STORE_01;CASH-07;2026-08-06 17:45:57;SKU-039;4;5000;1000;CASH
REC-20260806-STORE_01-0017;STORE_01;CASH-01;2026-08-06 17:45:57;SKU-002;4;12000;0;CARD
REC-20260806-STORE_01-0017;STORE_01;CASH-01;2026-08-06 17:45:57;SKU-001;1;45000;500;CARD
REC-20260806-STORE_01-0017;STORE_01;CASH-08;2026-08-06 17:45:57;SKU-039;3;5000;0;CASH
REC-20260806-STORE_01-0018;STORE_01;CASH-04;2026-08-06 21:04:47;SKU-004;1;25000;1000;CARD
REC-20260806-STORE_01-0018;STORE_01;CASH-09;2026-08-06 21:04:47;SKU-002;1;12000;0;CARD
REC-20260806-STORE_01-0018;STORE_01;CASH-09;2026-08-06 21:04:47;SKU-001;3;45000;500;CASH
REC-20260806-STORE_01-0018;STORE_01;CASH-02;2026-08-06 21:04:47;SKU-001;1;45000;0;CARD
REC-20260806-STORE_01-0018;STORE_01;CASH-07;2026-08-06 21:04:47;SKU-007;1;12000;0;CARD
REC-20260806-STORE_01-0019;STORE_01;CASH-03;2026-08-06 13:35:53;SKU-004;3;25000;1000;CARD
REC-20260806-STORE_01-0020;STORE_01;CASH-02;2026-08-06 11:07:35;SKU-001;3;45000;0;CASH
REC-20260806-STORE_01-0020;STORE_01;CASH-02;2026-08-06 11:07:35;SKU-004;1;25000;0;CARD
REC-20260806-STORE_01-0020;STORE_01;CASH-08;2026-08-06 11:07:35;SKU-009;3;25000;0;CASH
REC-20260806-STORE_01-0020;STORE_01;CASH-09;2026-08-06 11:07:35;SKU-006;4;45000;0;CARD
REC-20260806-STORE_01-0020;STORE_01;CASH-10;2026-08-06 11:07:35;SKU-030;2;45000;0;CASH
REC-20260806-STORE_01-0021;STORE_01;CASH-05;2026-08-06 13:25:21;SKU-007;2;12000;0;CASH
REC-20260806-STORE_01-0021;STORE_01;CASH-03;2026-08-06 13:25:21;SKU-001;2;45000;0;CASH
REC-20260806-STORE_01-0022;STORE_01;CASH-08;2026-08-06 17:22:59;SKU-004;4;25000;0;CARD
REC-20260806-STORE_01-0023;STORE_01;CASH-07;2026-08-06 18:05:51;SKU-046;2;25000;500;CASH
REC-20260806-STORE_01-0023;STORE_01;CASH-05;2026-08-06 18:05:51;SKU-006;2;45000;0;CARD
REC-20260806-STORE_01-0023;STORE_01;CASH-07;2026-08-06 18:05:51;SKU-025;4;5000;0;CARD
REC-20260806-STORE_01-0023;STORE_01;CASH-02;2026-08-06 18:05:51;SKU-025;1;5000;1000;CARD
REC-20260806-STORE_01-0024;STORE_01;CASH-02;2026-08-06 8:00:03;SKU-001;1;45000;500;CARD
REC-20260806-STORE_01-0024;STORE_01;CASH-08;2026-08-06 8:00:03;SKU-030;1;45000;0;CARD
REC-20260806-STORE_01-0024;STORE_01;CASH-03;2026-08-06 8:00:03;SKU-004;2;25000;1000;CARD
REC-20260806-STORE_01-0025;STORE_01;CASH-05;2026-08-06 11:20:18;SKU-003;3;45000;1000;CARD
REC-20260806-STORE_01-0025;STORE_01;CASH-06;2026-08-06 11:20:18;SKU-023;4;45000;0;CARD
REC-20260806-STORE_01-0025;STORE_01;CASH-06;2026-08-06 11:20:18;SKU-009;3;25000;0;CASH
REC-20260806-STORE_01-0025;STORE_01;CASH-03;2026-08-06 11:20:18;SKU-012;3;45000;500;CARD
REC-20260806-STORE_01-0026;STORE_01;CASH-05;2026-08-06 12:18:23;SKU-002;4;12000;0;CARD
REC-20260806-STORE_01-0026;STORE_01;CASH-06;2026-08-06 12:18:23;SKU-011;3;5000;1000;CASH
REC-20260806-STORE_01-0026;STORE_01;CASH-02;2026-08-06 12:18:23;SKU-005;3;5000;0;CASH
REC-20260806-STORE_01-0027;STORE_01;CASH-09;2026-08-06 14:06:01;SKU-006;3;45000;0;CASH
REC-20260806-STORE_01-0027;STORE_01;CASH-09;2026-08-06 14:06:01;SKU-003;2;45000;1000;CASH
REC-20260806-STORE_01-0028;STORE_01;CASH-10;2026-08-06 10:13:51;SKU-026;1;12000;0;CARD
REC-20260806-STORE_01-0029;STORE_01;CASH-07;2026-08-06 15:22:10;SKU-001;2;45000;1000;CASH
REC-20260806-STORE_01-0029;STORE_01;CASH-03;2026-08-06 15:22:10;SKU-023;1;45000;1000;CARD
REC-20260806-STORE_01-0029;STORE_01;CASH-08;2026-08-06 15:22:10;SKU-001;4;45000;0;CASH
REC-20260806-STORE_01-0029;STORE_01;CASH-08;2026-08-06 15:22:10;SKU-004;2;25000;1000;CARD
REC-20260806-STORE_01-0029;STORE_01;CASH-10;2026-08-06 15:22:10;SKU-011;4;5000;1000;CARD
REC-20260806-STORE_01-0030;STORE_01;CASH-05;2026-08-06 14:30:00;SKU-001;4;45000;500;CASH
REC-20260806-STORE_01-0030;STORE_01;CASH-03;2026-08-06 14:30:00;SKU-010;2;25000;0;CARD
REC-20260806-STORE_01-0030;STORE_01;CASH-01;2026-08-06 14:30:00;SKU-018;4;5000;0;CARD
REC-20260806-STORE_01-0030;STORE_01;CASH-05;2026-08-06 14:30:00;SKU-016;2;25000;0;CARD
REC-20260806-STORE_01-0031;STORE_01;CASH-10;2026-08-06 17:23:31;SKU-026;2;12000;500;CARD
REC-20260806-STORE_01-0031;STORE_01;CASH-03;2026-08-06 17:23:31;SKU-007;3;12000;1000;CASH
REC-20260806-STORE_01-0031;STORE_01;CASH-10;2026-08-06 17:23:31;SKU-008;4;12000;0;CARD
REC-20260806-STORE_01-0032;STORE_01;CASH-02;2026-08-06 18:47:51;SKU-030;2;45000;1000;CARD
REC-20260806-STORE_01-0032;STORE_01;CASH-06;2026-08-06 18:47:51;SKU-003;3;45000;0;CARD
REC-20260806-STORE_01-0033;STORE_01;CASH-03;2026-08-06 9:04:15;SKU-004;2;25000;0;CARD
REC-20260806-STORE_01-0033;STORE_01;CASH-03;2026-08-06 9:04:15;SKU-001;3;45000;500;CASH
REC-20260806-STORE_01-0033;STORE_01;CASH-03;2026-08-06 9:04:15;SKU-030;2;45000;500;CASH
REC-20260806-STORE_01-0033;STORE_01;CASH-10;2026-08-06 9:04:15;SKU-039;1;5000;0;CARD
REC-20260806-STORE_01-0034;STORE_01;CASH-04;2026-08-06 15:41:45;SKU-001;1;45000;500;CARD
REC-20260806-STORE_01-0034;STORE_01;CASH-09;2026-08-06 15:41:45;SKU-047;3;5000;500;CASH
REC-20260806-STORE_01-0034;STORE_01;CASH-07;2026-08-06 15:41:45;SKU-032;4;25000;0;CARD
REC-20260806-STORE_01-0034;STORE_01;CASH-03;2026-08-06 15:41:45;SKU-012;3;45000;0;CARD
REC-20260806-STORE_01-0035;STORE_01;CASH-07;2026-08-06 8:13:02;SKU-018;4;5000;0;CARD
REC-20260806-STORE_01-0035;STORE_01;CASH-01;2026-08-06 8:13:02;SKU-001;1;45000;1000;CASH
REC-20260806-STORE_01-0035;STORE_01;CASH-09;2026-08-06 8:13:02;SKU-001;4;45000;500;CARD
REC-20260806-STORE_01-0035;STORE_01;CASH-05;2026-08-06 8:13:02;SKU-009;4;25000;500;CARD
REC-20260806-STORE_01-0035;STORE_01;CASH-04;2026-08-06 8:13:02;SKU-003;1;45000;1000;CARD
REC-20260806-STORE_01-0036;STORE_01;CASH-04;2026-08-06 13:56:25;SKU-026;3;12000;500;CARD
REC-20260806-STORE_01-0036;STORE_01;CASH-01;2026-08-06 13:56:25;SKU-003;2;45000;0;CARD
REC-20260806-STORE_01-0036;STORE_01;CASH-03;2026-08-06 13:56:25;SKU-007;2;12000;0;CARD
REC-20260806-STORE_01-0037;STORE_01;CASH-06;2026-08-06 19:32:07;SKU-046;3;25000;0;CARD
REC-20260806-STORE_01-0037;STORE_01;CASH-02;2026-08-06 19:32:07;SKU-002;3;12000;0;CARD
REC-20260806-STORE_01-0038;STORE_01;CASH-10;2026-08-06 12:41:14;SKU-037;2;45000;500;CASH
REC-20260806-STORE_01-0038;STORE_01;CASH-08;2026-08-06 12:41:14;SKU-003;3;45000;0;CARD
REC-20260806-STORE_01-0038;STORE_01;CASH-07;2026-08-06 12:41:14;SKU-032;2;25000;1000;CARD
REC-20260806-STORE_01-0039;STORE_01;CASH-03;2026-08-06 16:59:16;SKU-045;2;45000;0;CARD
REC-20260806-STORE_01-0040;STORE_01;CASH-09;2026-08-06 16:12:05;SKU-001;3;45000;1000;CASH
REC-20260806-STORE_01-0040;STORE_01;CASH-03;2026-08-06 16:12:05;SKU-003;1;45000;0;CARD
REC-20260806-STORE_01-0040;STORE_01;CASH-10;2026-08-06 16:12:05;SKU-028;2;5000;0;CARD
REC-20260806-STORE_01-0040;STORE_01;CASH-10;2026-08-06 16:12:05;SKU-015;4;5000;0;CARD
REC-20260806-STORE_01-0040;STORE_01;CASH-02;2026-08-06 16:12:05;SKU-010;2;25000;0;CARD
REC-20260806-STORE_01-0041;STORE_01;CASH-01;2026-08-06 12:37:18;SKU-001;4;45000;0;CASH
REC-20260806-STORE_01-0041;STORE_01;CASH-01;2026-08-06 12:37:18;SKU-035;3;5000;1000;CARD
REC-20260806-STORE_01-0041;STORE_01;CASH-08;2026-08-06 12:37:18;SKU-041;2;25000;0;CARD
REC-20260806-STORE_01-0041;STORE_01;CASH-09;2026-08-06 12:37:18;SKU-035;4;5000;0;CASH
REC-20260806-STORE_01-0042;STORE_01;CASH-08;2026-08-06 16:17:14;SKU-014;3;5000;0;CASH
REC-20260806-STORE_01-0042;STORE_01;CASH-08;2026-08-06 16:17:14;SKU-008;2;12000;1000;CARD
REC-20260806-STORE_01-0042;STORE_01;CASH-08;2026-08-06 16:17:14;SKU-001;2;45000;0;CARD
REC-20260806-STORE_01-0042;STORE_01;CASH-04;2026-08-06 16:17:14;SKU-011;4;5000;500;CASH
REC-20260806-STORE_01-0042;STORE_01;CASH-03;2026-08-06 16:17:14;SKU-008;1;12000;0;CARD
REC-20260806-STORE_01-0043;STORE_01;CASH-05;2026-08-06 12:09:05;SKU-003;2;45000;0;CARD
REC-20260806-STORE_01-0043;STORE_01;CASH-03;2026-08-06 12:09:05;SKU-022;3;12000;1000;CASH
REC-20260806-STORE_01-0043;STORE_01;CASH-02;2026-08-06 12:09:05;SKU-004;1;25000;1000;CARD
REC-20260806-STORE_01-0043;STORE_01;CASH-05;2026-08-06 12:09:05;SKU-019;2;25000;0;CARD
REC-20260806-STORE_01-0043;STORE_01;CASH-07;2026-08-06 12:09:05;SKU-006;1;45000;0;CARD
REC-20260806-STORE_01-0044;STORE_01;CASH-01;2026-08-06 13:16:03;SKU-001;2;45000;0;CARD
REC-20260806-STORE_01-0045;STORE_01;CASH-09;2026-08-06 16:12:21;SKU-017;4;12000;1000;CARD
REC-20260806-STORE_01-0045;STORE_01;CASH-10;2026-08-06 16:12:21;SKU-004;4;25000;500;CASH
REC-20260806-STORE_01-0045;STORE_01;CASH-01;2026-08-06 16:12:21;SKU-010;3;25000;500;CARD
REC-20260806-STORE_01-0046;STORE_01;CASH-01;2026-08-06 21:10:31;SKU-005;4;5000;0;CASH
REC-20260806-STORE_01-0046;STORE_01;CASH-04;2026-08-06 21:10:31;SKU-035;4;5000;1000;CARD
REC-20260806-STORE_01-0046;STORE_01;CASH-03;2026-08-06 21:10:31;SKU-006;2;45000;0;CARD
REC-20260806-STORE_01-0046;STORE_01;CASH-02;2026-08-06 21:10:31;SKU-019;4;25000;1000;CARD
REC-20260806-STORE_01-0047;STORE_01;CASH-07;2026-08-06 15:50:48;SKU-005;4;5000;1000;CARD
REC-20260806-STORE_01-0047;STORE_01;CASH-05;2026-08-06 15:50:48;SKU-007;3;12000;0;CASH
REC-20260806-STORE_01-0047;STORE_01;CASH-01;2026-08-06 15:50:48;SKU-013;3;12000;0;CARD
REC-20260806-STORE_01-0047;STORE_01;CASH-01;2026-08-06 15:50:48;SKU-005;2;5000;0;CARD
REC-20260806-STORE_01-0047;STORE_01;CASH-10;2026-08-06 15:50:48;SKU-004;1;25000;0;CARD
REC-20260806-STORE_01-0048;STORE_01;CASH-01;2026-08-06 10:40:05;SKU-001;3;45000;0;CARD
REC-20260806-STORE_01-0049;STORE_01;CASH-07;2026-08-06 8:39:03;SKU-025;3;5000;500;CARD
REC-20260806-STORE_01-0049;STORE_01;CASH-08;2026-08-06 8:39:03;SKU-011;1;5000;0;CARD
REC-20260806-STORE_01-0049;STORE_01;CASH-09;2026-08-06 8:39:03;SKU-002;3;12000;1000;CASH
REC-20260806-STORE_01-0050;STORE_01;CASH-10;2026-08-06 11:28:34;SKU-027;4;5000;500;CASH
REC-20260806-STORE_01-0050;STORE_01;CASH-05;2026-08-06 11:28:34;SKU-004;2;25000;0;CASH
REC-20260806-STORE_01-0050;STORE_01;CASH-10;2026-08-06 11:28:34;SKU-002;1;12000;0;CARD
REC-20260806-STORE_01-0050;STORE_01;CASH-04;2026-08-06 11:28:34;SKU-018;2;5000;0;CARD
REC-20260806-STORE_01-0050;STORE_01;CASH-02;2026-08-06 11:28:34;SKU-001;3;45000;0;CASH
REC-20260806-STORE_01-0051;STORE_01;CASH-01;2026-08-06 14:32:50;SKU-015;2;5000;0;CASH
REC-20260806-STORE_01-0051;STORE_01;CASH-01;2026-08-06 14:32:50;SKU-038;3;12000;0;CARD
REC-20260806-STORE_01-0051;STORE_01;CASH-09;2026-08-06 14:32:50;SKU-030;2;45000;0;CARD
REC-20260806-STORE_01-0052;STORE_01;CASH-10;2026-08-06 10:44:09;SKU-007;3;12000;0;CARD
REC-20260806-STORE_01-0052;STORE_01;CASH-10;2026-08-06 10:44:09;SKU-005;4;5000;1000;CASH
REC-20260806-STORE_01-0052;STORE_01;CASH-06;2026-08-06 10:44:09;SKU-003;4;45000;500;CARD
REC-20260806-STORE_01-0052;STORE_01;CASH-08;2026-08-06 10:44:09;SKU-014;2;5000;0;CARD
REC-20260806-STORE_01-0053;STORE_01;CASH-09;2026-08-06 10:23:06;SKU-001;2;45000;1000;CARD
REC-20260806-STORE_01-0054;STORE_01;CASH-08;2026-08-06 14:38:31;SKU-048;4;25000;0;CARD
REC-20260806-STORE_01-0054;STORE_01;CASH-09;2026-08-06 14:38:31;SKU-042;4;5000;0;CARD
REC-20260806-STORE_01-0054;STORE_01;CASH-08;2026-08-06 14:38:31;SKU-002;4;12000;0;CASH
REC-20260806-STORE_01-0054;STORE_01;CASH-08;2026-08-06 14:38:31;SKU-023;3;45000;0;CASH
REC-20260806-STORE_01-0055;STORE_01;CASH-01;2026-08-06 18:39:37;SKU-010;3;25000;0;CASH
REC-20260806-STORE_01-0055;STORE_01;CASH-05;2026-08-06 18:39:37;SKU-043;3;25000;1000;CASH
REC-20260806-STORE_01-0056;STORE_01;CASH-05;2026-08-06 21:14:38;SKU-003;2;45000;500;CASH
REC-20260806-STORE_01-0056;STORE_01;CASH-02;2026-08-06 21:14:38;SKU-031;4;45000;0;CARD
REC-20260806-STORE_01-0056;STORE_01;CASH-05;2026-08-06 21:14:38;SKU-002;1;12000;0;CARD
REC-20260806-STORE_01-0056;STORE_01;CASH-10;2026-08-06 21:14:38;SKU-041;1;25000;0;CARD
REC-20260806-STORE_01-0057;STORE_01;CASH-06;2026-08-06 17:00:08;SKU-002;1;12000;500;CASH
REC-20260806-STORE_01-0057;STORE_01;CASH-01;2026-08-06 17:00:08;SKU-001;4;45000;500;CARD
REC-20260806-STORE_01-0058;STORE_01;CASH-10;2026-08-06 9:15:15;SKU-006;1;45000;0;CARD
REC-20260806-STORE_01-0058;STORE_01;CASH-06;2026-08-06 9:15:15;SKU-034;2;25000;500;CARD
REC-20260806-STORE_01-0058;STORE_01;CASH-10;2026-08-06 9:15:15;SKU-006;4;45000;1000;CARD
REC-20260806-STORE_01-0058;STORE_01;CASH-04;2026-08-06 9:15:15;SKU-002;4;12000;500;CASH
REC-20260806-STORE_01-0059;STORE_01;CASH-10;2026-08-06 18:28:13;SKU-012;3;45000;1000;CARD
REC-20260806-STORE_01-0059;STORE_01;CASH-02;2026-08-06 18:28:13;SKU-002;2;12000;0;CARD
REC-20260806-STORE_01-0060;STORE_01;CASH-04;2026-08-06 15:07:45;SKU-001;3;45000;500;CARD
REC-20260806-STORE_01-0060;STORE_01;CASH-04;2026-08-06 15:07:45;SKU-037;4;45000;500;CASH
REC-20260806-STORE_01-0060;STORE_01;CASH-04;2026-08-06 15:07:45;SKU-004;1;25000;1000;CARD
REC-20260806-STORE_01-0061;STORE_01;CASH-09;2026-08-06 21:25:58;SKU-031;3;45000;1000;CARD
REC-20260806-STORE_01-0062;STORE_01;CASH-10;2026-08-06 18:33:12;SKU-018;1;5000;500;CARD
REC-20260806-STORE_01-0062;STORE_01;CASH-08;2026-08-06 18:33:12;SKU-001;2;45000;500;CARD
REC-20260806-STORE_01-0062;STORE_01;CASH-08;2026-08-06 18:33:12;SKU-024;1;12000;0;CARD
REC-20260806-STORE_01-0062;STORE_01;CASH-04;2026-08-06 18:33:12;SKU-002;2;12000;1000;CARD
REC-20260806-STORE_01-0062;STORE_01;CASH-04;2026-08-06 18:33:12;SKU-002;3;12000;0;CARD
REC-20260806-STORE_01-0063;STORE_01;CASH-01;2026-08-06 10:36:02;SKU-001;4;45000;0;CARD
REC-20260806-STORE_01-0064;STORE_01;CASH-01;2026-08-06 18:23:13;SKU-015;3;5000;0;CASH
REC-20260806-STORE_01-0065;STORE_01;CASH-07;2026-08-06 12:45:11;SKU-001;1;45000;0;CASH
REC-20260806-STORE_01-0065;STORE_01;CASH-04;2026-08-06 12:45:11;SKU-001;3;45000;0;CARD
REC-20260806-STORE_01-0065;STORE_01;CASH-04;2026-08-06 12:45:11;SKU-002;2;12000;0;CARD
REC-20260806-STORE_01-0066;STORE_01;CASH-02;2026-08-06 15:32:54;SKU-050;1;25000;0;CASH
REC-20260806-STORE_01-0066;STORE_01;CASH-06;2026-08-06 15:32:54;SKU-001;2;45000;0;CASH
REC-20260806-STORE_01-0066;STORE_01;CASH-09;2026-08-06 15:32:54;SKU-018;4;5000;0;CARD
REC-20260806-STORE_01-0067;STORE_01;CASH-08;2026-08-06 10:05:23;SKU-011;1;5000;500;CARD
REC-20260806-STORE_01-0067;STORE_01;CASH-03;2026-08-06 10:05:23;SKU-018;3;5000;1000;CASH
REC-20260806-STORE_01-0068;STORE_01;CASH-05;2026-08-06 21:01:36;SKU-017;3;12000;0;CARD
REC-20260806-STORE_01-0069;STORE_01;CASH-02;2026-08-06 21:44:59;SKU-004;2;25000;500;CASH
REC-20260806-STORE_01-0069;STORE_01;CASH-05;2026-08-06 21:44:59;SKU-008;1;12000;0;CARD
REC-20260806-STORE_01-0069;STORE_01;CASH-07;2026-08-06 21:44:59;SKU-002;3;12000;1000;CARD
REC-20260806-STORE_01-0070;STORE_01;CASH-10;2026-08-06 8:52:44;SKU-009;3;25000;500;CARD
REC-20260806-STORE_01-0070;STORE_01;CASH-09;2026-08-06 8:52:44;SKU-042;4;5000;0;CASH
REC-20260806-STORE_01-0070;STORE_01;CASH-05;2026-08-06 8:52:44;SKU-017;4;12000;0;CARD
REC-20260806-STORE_01-0070;STORE_01;CASH-04;2026-08-06 8:52:44;SKU-002;3;12000;0;CARD
REC-20260806-STORE_01-0071;STORE_01;CASH-02;2026-08-06 13:31:03;SKU-008;3;12000;1000;CARD
REC-20260806-STORE_01-0072;STORE_01;CASH-01;2026-08-06 17:23:21;SKU-001;3;45000;1000;CARD
REC-20260806-STORE_01-0072;STORE_01;CASH-10;2026-08-06 17:23:21;SKU-006;2;45000;1000;CARD
REC-20260806-STORE_01-0073;STORE_01;CASH-04;2026-08-06 20:42:37;SKU-002;3;12000;1000;CARD
REC-20260806-STORE_01-0073;STORE_01;CASH-05;2026-08-06 20:42:37;SKU-001;1;45000;500;CARD
REC-20260806-STORE_01-0073;STORE_01;CASH-03;2026-08-06 20:42:37;SKU-005;2;5000;0;CASH
REC-20260806-STORE_01-0074;STORE_01;CASH-07;2026-08-06 8:18:35;SKU-010;3;25000;0;CARD
REC-20260806-STORE_01-0074;STORE_01;CASH-04;2026-08-06 8:18:35;SKU-002;4;12000;500;CARD
REC-20260806-STORE_01-0074;STORE_01;CASH-07;2026-08-06 8:18:35;SKU-001;1;45000;0;CASH
REC-20260806-STORE_01-0074;STORE_01;CASH-04;2026-08-06 8:18:35;SKU-002;3;12000;1000;CARD
REC-20260806-STORE_01-0074;STORE_01;CASH-04;2026-08-06 8:18:35;SKU-001;3;45000;0;CARD
REC-20260806-STORE_01-0075;STORE_01;CASH-02;2026-08-06 11:57:16;SKU-005;4;5000;1000;CARD
REC-20260806-STORE_01-0076;STORE_01;CASH-06;2026-08-06 16:26:14;SKU-002;1;12000;1000;CASH
REC-20260806-STORE_01-0076;STORE_01;CASH-07;2026-08-06 16:26:14;SKU-030;2;45000;0;CASH
REC-20260806-STORE_01-0076;STORE_01;CASH-07;2026-08-06 16:26:14;SKU-009;2;25000;0;CASH
REC-20260806-STORE_01-0076;STORE_01;CASH-08;2026-08-06 16:26:14;SKU-001;1;45000;0;CASH
REC-20260806-STORE_01-0076;STORE_01;CASH-05;2026-08-06 16:26:14;SKU-002;1;12000;0;CARD
REC-20260806-STORE_01-0077;STORE_01;CASH-01;2026-08-06 13:19:46;SKU-011;2;5000;1000;CARD
REC-20260806-STORE_01-0077;STORE_01;CASH-07;2026-08-06 13:19:46;SKU-001;1;45000;0;CASH
REC-20260806-STORE_01-0077;STORE_01;CASH-06;2026-08-06 13:19:46;SKU-006;4;45000;1000;CARD
REC-20260806-STORE_01-0077;STORE_01;CASH-01;2026-08-06 13:19:46;SKU-012;1;45000;0;CASH
REC-20260806-STORE_01-0078;STORE_01;CASH-08;2026-08-06 17:57:20;SKU-004;4;25000;500;CARD
REC-20260806-STORE_01-0078;STORE_01;CASH-06;2026-08-06 17:57:20;SKU-003;2;45000;0;CASH
REC-20260806-STORE_01-0078;STORE_01;CASH-08;2026-08-06 17:57:20;SKU-016;1;25000;0;CARD
REC-20260806-STORE_01-0078;STORE_01;CASH-02;2026-08-06 17:57:20;SKU-049;1;5000;0;CARD
REC-20260806-STORE_01-0079;STORE_01;CASH-05;2026-08-06 12:39:50;SKU-047;4;5000;0;CARD
REC-20260806-STORE_01-0079;STORE_01;CASH-07;2026-08-06 12:39:50;SKU-001;3;45000;500;CASH
REC-20260806-STORE_01-0079;STORE_01;CASH-01;2026-08-06 12:39:50;SKU-002;1;12000;1000;CARD
REC-20260806-STORE_01-0079;STORE_01;CASH-02;2026-08-06 12:39:50;SKU-020;3;12000;0;CARD
REC-20260806-STORE_01-0080;STORE_01;CASH-02;2026-08-06 20:12:08;SKU-003;1;45000;0;CARD
REC-20260806-STORE_01-0080;STORE_01;CASH-03;2026-08-06 20:12:08;SKU-019;1;25000;1000;CARD
REC-20260806-STORE_01-0080;STORE_01;CASH-06;2026-08-06 20:12:08;SKU-004;4;25000;500;CARD
REC-20260806-STORE_01-0080;STORE_01;CASH-07;2026-08-06 20:12:08;SKU-002;2;12000;0;CARD
REC-20260806-STORE_01-0081;STORE_01;CASH-04;2026-08-06 13:17:07;SKU-009;4;25000;0;CARD
REC-20260806-STORE_01-0081;STORE_01;CASH-02;2026-08-06 13:17:07;SKU-004;1;25000;0;CARD
REC-20260806-STORE_01-0081;STORE_01;CASH-06;2026-08-06 13:17:07;SKU-041;2;25000;0;CARD
REC-20260806-STORE_01-0081;STORE_01;CASH-02;2026-08-06 13:17:07;SKU-027;2;5000;1000;CASH
REC-20260806-STORE_01-0081;STORE_01;CASH-02;2026-08-06 13:17:07;SKU-004;4;25000;0;CARD
REC-20260806-STORE_01-0082;STORE_01;CASH-07;2026-08-06 20:00:13;SKU-002;1;12000;500;CARD
REC-20260806-STORE_01-0082;STORE_01;CASH-06;2026-08-06 20:00:13;SKU-020;2;12000;500;CASH
REC-20260806-STORE_01-0083;STORE_01;CASH-07;2026-08-06 19:15:56;SKU-042;4;5000;500;CASH
REC-20260806-STORE_01-0083;STORE_01;CASH-07;2026-08-06 19:15:56;SKU-002;1;12000;500;CARD
REC-20260806-STORE_01-0084;STORE_01;CASH-06;2026-08-06 14:45:42;SKU-015;4;5000;1000;CARD
REC-20260806-STORE_01-0084;STORE_01;CASH-09;2026-08-06 14:45:42;SKU-003;2;45000;0;CARD
REC-20260806-STORE_01-0085;STORE_01;CASH-03;2026-08-06 15:28:39;SKU-002;4;12000;0;CASH
REC-20260806-STORE_01-0085;STORE_01;CASH-08;2026-08-06 15:28:39;SKU-006;4;45000;500;CARD
REC-20260806-STORE_01-0085;STORE_01;CASH-08;2026-08-06 15:28:39;SKU-008;2;12000;0;CARD
REC-20260806-STORE_01-0085;STORE_01;CASH-04;2026-08-06 15:28:39;SKU-001;1;45000;0;CASH
REC-20260806-STORE_01-0086;STORE_01;CASH-08;2026-08-06 12:31:16;SKU-015;4;5000;1000;CARD
REC-20260806-STORE_01-0086;STORE_01;CASH-03;2026-08-06 12:31:16;SKU-002;3;12000;0;CASH
REC-20260806-STORE_01-0086;STORE_01;CASH-10;2026-08-06 12:31:16;SKU-001;4;45000;500;CARD
REC-20260806-STORE_01-0087;STORE_01;CASH-07;2026-08-06 15:53:59;SKU-001;4;45000;0;CASH
REC-20260806-STORE_01-0087;STORE_01;CASH-03;2026-08-06 15:53:59;SKU-005;1;5000;1000;CARD
REC-20260806-STORE_01-0088;STORE_01;CASH-07;2026-08-06 13:17:29;SKU-001;4;45000;0;CASH
REC-20260806-STORE_01-0088;STORE_01;CASH-10;2026-08-06 13:17:29;SKU-001;4;45000;500;CARD
REC-20260806-STORE_01-0088;STORE_01;CASH-07;2026-08-06 13:17:29;SKU-029;1;5000;500;CARD
REC-20260806-STORE_01-0088;STORE_01;CASH-02;2026-08-06 13:17:29;SKU-020;2;12000;0;CARD
REC-20260806-STORE_01-0089;STORE_01;CASH-09;2026-08-06 12:51:24;SKU-012;3;45000;500;CASH
REC-20260806-STORE_01-0089;STORE_01;CASH-02;2026-08-06 12:51:24;SKU-039;3;5000;1000;CARD
REC-20260806-STORE_01-0090;STORE_01;CASH-01;2026-08-06 11:40:49;SKU-001;3;45000;0;CASH
REC-20260806-STORE_01-0091;STORE_01;CASH-08;2026-08-06 17:53:36;SKU-018;3;5000;500;CARD
REC-20260806-STORE_01-0091;STORE_01;CASH-04;2026-08-06 17:53:36;SKU-007;2;12000;0;CARD
REC-20260806-STORE_01-0091;STORE_01;CASH-09;2026-08-06 17:53:36;SKU-034;4;25000;1000;CARD
REC-20260806-STORE_01-0091;STORE_01;CASH-06;2026-08-06 17:53:36;SKU-001;4;45000;0;CASH
REC-20260806-STORE_01-0091;STORE_01;CASH-08;2026-08-06 17:53:36;SKU-018;4;5000;1000;CASH
REC-20260806-STORE_01-0092;STORE_01;CASH-10;2026-08-06 17:03:25;SKU-021;1;5000;0;CASH
REC-20260806-STORE_01-0093;STORE_01;CASH-08;2026-08-06 8:36:44;SKU-007;2;12000;0;CARD
REC-20260806-STORE_01-0093;STORE_01;CASH-06;2026-08-06 8:36:44;SKU-009;1;25000;1000;CASH
REC-20260806-STORE_01-0093;STORE_01;CASH-06;2026-08-06 8:36:44;SKU-003;4;45000;1000;CARD
REC-20260806-STORE_01-0093;STORE_01;CASH-01;2026-08-06 8:36:44;SKU-002;2;12000;1000;CARD
REC-20260806-STORE_01-0093;STORE_01;CASH-06;2026-08-06 8:36:44;SKU-016;3;25000;0;CASH
REC-20260806-STORE_01-0094;STORE_01;CASH-02;2026-08-06 20:23:12;SKU-003;2;45000;0;CASH
REC-20260806-STORE_01-0095;STORE_01;CASH-05;2026-08-06 11:15:56;SKU-001;1;45000;1000;CARD
REC-20260806-STORE_01-0095;STORE_01;CASH-02;2026-08-06 11:15:56;SKU-010;4;25000;500;CARD
REC-20260806-STORE_01-0095;STORE_01;CASH-01;2026-08-06 11:15:56;SKU-001;4;45000;500;CARD
REC-20260806-STORE_01-0095;STORE_01;CASH-08;2026-08-06 11:15:56;SKU-048;3;25000;0;CARD
REC-20260806-STORE_01-0095;STORE_01;CASH-07;2026-08-06 11:15:56;SKU-001;3;45000;0;CARD
REC-20260806-STORE_01-0096;STORE_01;CASH-06;2026-08-06 14:14:34;SKU-001;1;45000;0;CARD
REC-20260806-STORE_01-0096;STORE_01;CASH-09;2026-08-06 14:14:34;SKU-022;3;12000;1000;CARD
REC-20260806-STORE_01-0096;STORE_01;CASH-04;2026-08-06 14:14:34;SKU-023;1;45000;0;CASH
REC-20260806-STORE_01-0097;STORE_01;CASH-04;2026-08-06 12:57:46;SKU-003;2;45000;500;CASH
REC-20260806-STORE_01-0097;STORE_01;CASH-09;2026-08-06 12:57:46;SKU-001;3;45000;0;CARD
REC-20260806-STORE_01-0098;STORE_01;CASH-02;2026-08-06 19:21:20;SKU-022;2;12000;1000;CARD
REC-20260806-STORE_01-0098;STORE_01;CASH-01;2026-08-06 19:21:20;SKU-005;2;5000;1000;CASH
REC-20260806-STORE_01-0098;STORE_01;CASH-03;2026-08-06 19:21:20;SKU-002;3;12000;500;CARD
REC-20260806-STORE_01-0098;STORE_01;CASH-04;2026-08-06 19:21:20;SKU-001;2;45000;0;CASH
REC-20260806-STORE_01-0099;STORE_01;CASH-04;2026-08-06 15:30:55;SKU-006;3;45000;500;CARD
REC-20260806-STORE_01-0099;STORE_01;CASH-02;2026-08-06 15:30:55;SKU-040;3;25000;0;CARD
REC-20260806-STORE_01-0099;STORE_01;CASH-04;2026-08-06 15:30:55;SKU-004;4;25000;1000;CARD
REC-20260806-STORE_01-0100;STORE_01;CASH-07;2026-08-06 17:48:58;SKU-037;4;45000;0;CARD
REC-20260806-STORE_01-0100;STORE_01;CASH-02;2026-08-06 17:48:58;SKU-003;2;45000;1000;CARD
REC-20260806-STORE_01-0100;STORE_01;CASH-04;2026-08-06 17:48:58;SKU-020;4;12000;0;CARD
REC-20260806-STORE_01-0100;STORE_01;CASH-01;2026-08-06 17:48:58;SKU-002;3;12000;0;CASH
REC-20260806-STORE_01-0100;STORE_01;CASH-01;2026-08-06 17:48:58;SKU-042;2;5000;0;CARD
REC-20260806-STORE_01-0101;STORE_01;CASH-07;2026-08-06 9:41:18;SKU-004;1;25000;0;CASH
REC-20260806-STORE_01-0101;STORE_01;CASH-02;2026-08-06 9:41:18;SKU-011;1;5000;500;CARD
REC-20260806-STORE_01-0101;STORE_01;CASH-04;2026-08-06 9:41:18;SKU-002;3;12000;0;CARD
REC-20260806-STORE_01-0101;STORE_01;CASH-06;2026-08-06 9:41:18;SKU-001;3;45000;1000;CARD
REC-20260806-STORE_01-0102;STORE_01;CASH-04;2026-08-06 18:10:27;SKU-021;3;5000;1000;CARD
REC-20260806-STORE_01-0102;STORE_01;CASH-03;2026-08-06 18:10:27;SKU-023;4;45000;0;CARD
REC-20260806-STORE_01-0102;STORE_01;CASH-03;2026-08-06 18:10:27;SKU-031;4;45000;500;CARD
REC-20260806-STORE_01-0102;STORE_01;CASH-03;2026-08-06 18:10:27;SKU-005;2;5000;1000;CARD
REC-20260806-STORE_01-0102;STORE_01;CASH-09;2026-08-06 18:10:27;SKU-009;3;25000;1000;CARD
REC-20260806-STORE_01-0103;STORE_01;CASH-02;2026-08-06 18:57:08;SKU-007;2;12000;0;CARD
REC-20260806-STORE_01-0104;STORE_01;CASH-02;2026-08-06 15:17:25;SKU-022;2;12000;500;CARD
REC-20260806-STORE_01-0104;STORE_01;CASH-09;2026-08-06 15:17:25;SKU-005;4;5000;500;CASH
REC-20260806-STORE_01-0104;STORE_01;CASH-05;2026-08-06 15:17:25;SKU-001;3;45000;500;CARD
REC-20260806-STORE_01-0105;STORE_01;CASH-06;2026-08-06 14:34:42;SKU-001;2;45000;0;CARD
REC-20260806-STORE_01-0105;STORE_01;CASH-05;2026-08-06 14:34:42;SKU-040;3;25000;500;CASH
REC-20260806-STORE_01-0105;STORE_01;CASH-04;2026-08-06 14:34:42;SKU-013;4;12000;0;CARD
REC-20260806-STORE_01-0105;STORE_01;CASH-06;2026-08-06 14:34:42;SKU-031;1;45000;0;CARD
REC-20260806-STORE_01-0106;STORE_01;CASH-08;2026-08-06 21:11:30;SKU-024;2;12000;500;CARD
REC-20260806-STORE_01-0106;STORE_01;CASH-04;2026-08-06 21:11:30;SKU-002;1;12000;0;CASH
REC-20260806-STORE_01-0107;STORE_01;CASH-02;2026-08-06 19:48:05;SKU-001;1;45000;500;CASH
REC-20260806-STORE_01-0107;STORE_01;CASH-07;2026-08-06 19:48:05;SKU-003;1;45000;500;CASH
REC-20260806-STORE_01-0107;STORE_01;CASH-02;2026-08-06 19:48:05;SKU-001;4;45000;1000;CARD
REC-20260806-STORE_01-0107;STORE_01;CASH-03;2026-08-06 19:48:05;SKU-007;3;12000;0;CASH
REC-20260806-STORE_01-0107;STORE_01;CASH-04;2026-08-06 19:48:05;SKU-001;3;45000;0;CASH
REC-20260806-STORE_01-0108;STORE_01;CASH-10;2026-08-06 15:51:43;SKU-001;1;45000;0;CARD
REC-20260806-STORE_01-0108;STORE_01;CASH-07;2026-08-06 15:51:43;SKU-044;1;5000;0;CARD
REC-20260806-STORE_01-0108;STORE_01;CASH-08;2026-08-06 15:51:43;SKU-002;4;12000;1000;CARD
REC-20260806-STORE_01-0108;STORE_01;CASH-04;2026-08-06 15:51:43;SKU-001;3;45000;0;CARD
REC-20260806-STORE_01-0109;STORE_01;CASH-03;2026-08-06 10:17:03;SKU-002;4;12000;500;CASH
REC-20260806-STORE_01-0109;STORE_01;CASH-05;2026-08-06 10:17:03;SKU-008;1;12000;0;CARD
REC-20260806-STORE_01-0109;STORE_01;CASH-10;2026-08-06 10:17:03;SKU-025;2;5000;0;CASH
REC-20260806-STORE_01-0109;STORE_01;CASH-09;2026-08-06 10:17:03;SKU-002;1;12000;0;CASH
REC-20260806-STORE_01-0110;STORE_01;CASH-05;2026-08-06 15:26:11;SKU-004;1;25000;1000;CARD
REC-20260806-STORE_01-0111;STORE_01;CASH-06;2026-08-06 11:59:47;SKU-003;3;45000;500;CASH
REC-20260806-STORE_01-0111;STORE_01;CASH-04;2026-08-06 11:59:47;SKU-004;4;25000;0;CARD
REC-20260806-STORE_01-0111;STORE_01;CASH-08;2026-08-06 11:59:47;SKU-001;1;45000;500;CASH
REC-20260806-STORE_01-0112;STORE_01;CASH-10;2026-08-06 13:33:43;SKU-004;2;25000;0;CASH
REC-20260806-STORE_01-0113;STORE_01;CASH-08;2026-08-06 11:11:38;SKU-045;4;45000;0;CASH
REC-20260806-STORE_01-0113;STORE_01;CASH-02;2026-08-06 11:11:38;SKU-023;4;45000;0;CARD
REC-20260806-STORE_01-0114;STORE_01;CASH-01;2026-08-06 18:08:02;SKU-001;4;45000;0;CASH
REC-20260806-STORE_01-0114;STORE_01;CASH-02;2026-08-06 18:08:02;SKU-026;3;12000;0;CARD
REC-20260806-STORE_01-0115;STORE_01;CASH-08;2026-08-06 21:20:12;SKU-032;3;25000;1000;CASH
REC-20260806-STORE_01-0115;STORE_01;CASH-09;2026-08-06 21:20:12;SKU-006;1;45000;0;CARD
REC-20260806-STORE_01-0115;STORE_01;CASH-06;2026-08-06 21:20:12;SKU-002;3;12000;0;CARD
REC-20260806-STORE_01-0116;STORE_01;CASH-04;2026-08-06 21:27:58;SKU-013;1;12000;0;CARD
REC-20260806-STORE_01-0116;STORE_01;CASH-04;2026-08-06 21:27:58;SKU-001;3;45000;0;CARD
REC-20260806-STORE_01-0117;STORE_01;CASH-07;2026-08-06 9:05:58;SKU-032;3;25000;1000;CARD
REC-20260806-STORE_01-0117;STORE_01;CASH-10;2026-08-06 9:05:58;SKU-032;1;25000;500;CARD
REC-20260806-STORE_01-0117;STORE_01;CASH-08;2026-08-06 9:05:58;SKU-011;3;5000;500;CASH
REC-20260806-STORE_01-0117;STORE_01;CASH-09;2026-08-06 9:05:58;SKU-001;2;45000;0;CARD
REC-20260806-STORE_01-0118;STORE_01;CASH-02;2026-08-06 18:50:19;SKU-007;4;12000;0;CARD
REC-20260806-STORE_01-0119;STORE_01;CASH-01;2026-08-06 21:45:00;SKU-024;3;12000;500;CARD
REC-20260806-STORE_01-0119;STORE_01;CASH-10;2026-08-06 21:45:00;SKU-001;1;45000;500;CARD
REC-20260806-STORE_01-0119;STORE_01;CASH-06;2026-08-06 21:45:00;SKU-006;1;45000;500;CASH
REC-20260806-STORE_01-0119;STORE_01;CASH-01;2026-08-06 21:45:00;SKU-002;3;12000;0;CARD
REC-20260806-STORE_01-0119;STORE_01;CASH-04;2026-08-06 21:45:00;SKU-033;3;5000;0;CARD
REC-20260806-STORE_01-0120;STORE_01;CASH-02;2026-08-06 15:53:12;SKU-006;4;45000;500;CASH
REC-20260806-STORE_01-0120;STORE_01;CASH-01;2026-08-06 15:53:12;SKU-026;4;12000;500;CASH
REC-20260806-STORE_01-0121;STORE_01;CASH-09;2026-08-06 11:23:49;SKU-005;3;5000;1000;CARD
REC-20260806-STORE_01-0121;STORE_01;CASH-10;2026-08-06 11:23:49;SKU-016;4;25000;0;CARD
REC-20260806-STORE_01-0121;STORE_01;CASH-09;2026-08-06 11:23:49;SKU-001;1;45000;500;CASH
REC-20260806-STORE_01-0122;STORE_01;CASH-08;2026-08-06 18:30:30;SKU-007;4;12000;1000;CARD
REC-20260806-STORE_01-0122;STORE_01;CASH-08;2026-08-06 18:30:30;SKU-001;1;45000;1000;CARD
REC-20260806-STORE_01-0122;STORE_01;CASH-02;2026-08-06 18:30:30;SKU-002;3;12000;1000;CARD
REC-20260806-STORE_01-0122;STORE_01;CASH-07;2026-08-06 18:30:30;SKU-010;2;25000;1000;CARD
REC-20260806-STORE_01-0122;STORE_01;CASH-10;2026-08-06 18:30:30;SKU-003;4;45000;1000;CARD
REC-20260806-STORE_01-0123;STORE_01;CASH-10;2026-08-06 18:58:55;SKU-001;2;45000;1000;CASH
REC-20260806-STORE_01-0123;STORE_01;CASH-05;2026-08-06 18:58:55;SKU-031;3;45000;500;CARD
REC-20260806-STORE_01-0123;STORE_01;CASH-01;2026-08-06 18:58:55;SKU-006;1;45000;0;CASH
REC-20260806-STORE_01-0124;STORE_01;CASH-03;2026-08-06 12:06:22;SKU-004;2;25000;0;CASH
REC-20260806-STORE_01-0124;STORE_01;CASH-01;2026-08-06 12:06:22;SKU-001;1;45000;0;CASH
REC-20260806-STORE_01-0125;STORE_01;CASH-06;2026-08-06 10:57:27;SKU-011;2;5000;500;CARD
REC-20260806-STORE_01-0126;STORE_01;CASH-10;2026-08-06 16:22:36;SKU-004;3;25000;0;CARD
REC-20260806-STORE_01-0127;STORE_01;CASH-02;2026-08-06 18:15:09;SKU-009;3;25000;0;CASH
REC-20260806-STORE_01-0128;STORE_01;CASH-07;2026-08-06 10:02:20;SKU-010;4;25000;500;CARD
REC-20260806-STORE_01-0128;STORE_01;CASH-05;2026-08-06 10:02:20;SKU-005;3;5000;0;CARD
REC-20260806-STORE_01-0129;STORE_01;CASH-08;2026-08-06 15:50:53;SKU-001;2;45000;0;CARD
REC-20260806-STORE_01-0129;STORE_01;CASH-01;2026-08-06 15:50:53;SKU-002;2;12000;0;CASH
REC-20260806-STORE_01-0129;STORE_01;CASH-04;2026-08-06 15:50:53;SKU-002;4;12000;0;CARD
REC-20260806-STORE_01-0130;STORE_01;CASH-04;2026-08-06 14:47:12;SKU-002;2;12000;1000;CASH
REC-20260806-STORE_01-0130;STORE_01;CASH-09;2026-08-06 14:47:12;SKU-001;2;45000;1000;CASH
REC-20260806-STORE_01-0130;STORE_01;CASH-10;2026-08-06 14:47:12;SKU-001;4;45000;1000;CARD
REC-20260806-STORE_01-0130;STORE_01;CASH-07;2026-08-06 14:47:12;SKU-036;3;45000;0;CASH
REC-20260806-STORE_01-0131;STORE_01;CASH-06;2026-08-06 19:07:34;SKU-014;3;5000;500;CASH
REC-20260806-STORE_01-0131;STORE_01;CASH-05;2026-08-06 19:07:34;SKU-001;3;45000;500;CASH
REC-20260806-STORE_01-0132;STORE_01;CASH-02;2026-08-06 20:46:02;SKU-047;2;5000;0;CARD
REC-20260806-STORE_01-0132;STORE_01;CASH-10;2026-08-06 20:46:02;SKU-009;2;25000;1000;CARD
REC-20260806-STORE_01-0133;STORE_01;CASH-04;2026-08-06 21:31:29;SKU-001;1;45000;0;CARD
REC-20260806-STORE_01-0133;STORE_01;CASH-08;2026-08-06 21:31:29;SKU-040;2;25000;500;CARD
REC-20260806-STORE_01-0134;STORE_01;CASH-09;2026-08-06 16:21:07;SKU-035;3;5000;1000;CASH
REC-20260806-STORE_01-0134;STORE_01;CASH-09;2026-08-06 16:21:07;SKU-020;2;12000;0;CARD
REC-20260806-STORE_01-0134;STORE_01;CASH-07;2026-08-06 16:21:07;SKU-008;1;12000;1000;CARD
REC-20260806-STORE_01-0134;STORE_01;CASH-07;2026-08-06 16:21:07;SKU-009;4;25000;500;CASH
REC-20260806-STORE_01-0134;STORE_01;CASH-06;2026-08-06 16:21:07;SKU-003;4;45000;0;CARD
REC-20260806-STORE_01-0135;STORE_01;CASH-10;2026-08-06 20:20:15;SKU-006;4;45000;500;CASH
REC-20260806-STORE_01-0135;STORE_01;CASH-05;2026-08-06 20:20:15;SKU-046;2;25000;0;CARD
REC-20260806-STORE_01-0135;STORE_01;CASH-03;2026-08-06 20:20:15;SKU-024;4;12000;0;CARD
REC-20260806-STORE_01-0136;STORE_01;CASH-06;2026-08-06 11:30:54;SKU-007;4;12000;0;CARD
REC-20260806-STORE_01-0136;STORE_01;CASH-03;2026-08-06 11:30:54;SKU-017;4;12000;0;CASH
REC-20260806-STORE_01-0136;STORE_01;CASH-02;2026-08-06 11:30:54;SKU-005;3;5000;0;CARD
REC-20260806-STORE_01-0136;STORE_01;CASH-07;2026-08-06 11:30:54;SKU-005;2;5000;0;CARD
REC-20260806-STORE_01-0137;STORE_01;CASH-07;2026-08-06 21:24:03;SKU-001;4;45000;1000;CASH
REC-20260806-STORE_01-0137;STORE_01;CASH-06;2026-08-06 21:24:03;SKU-046;3;25000;0;CARD
REC-20260806-STORE_01-0137;STORE_01;CASH-03;2026-08-06 21:24:03;SKU-002;4;12000;0;CARD
REC-20260806-STORE_01-0137;STORE_01;CASH-03;2026-08-06 21:24:03;SKU-005;4;5000;0;CASH
REC-20260806-STORE_01-0137;STORE_01;CASH-05;2026-08-06 21:24:03;SKU-002;1;12000;0;CARD
REC-20260806-STORE_01-0138;STORE_01;CASH-05;2026-08-06 16:48:58;SKU-014;4;5000;0;CASH
REC-20260806-STORE_01-0138;STORE_01;CASH-04;2026-08-06 16:48:58;SKU-002;4;12000;1000;CARD
REC-20260806-STORE_01-0138;STORE_01;CASH-09;2026-08-06 16:48:58;SKU-017;2;12000;1000;CARD
REC-20260806-STORE_01-0138;STORE_01;CASH-08;2026-08-06 16:48:58;SKU-001;3;45000;0;CARD
REC-20260806-STORE_01-0139;STORE_01;CASH-01;2026-08-06 14:41:02;SKU-001;3;45000;1000;CARD
REC-20260806-STORE_01-0139;STORE_01;CASH-09;2026-08-06 14:41:02;SKU-013;1;12000;500;CARD
REC-20260806-STORE_01-0139;STORE_01;CASH-09;2026-08-06 14:41:02;SKU-016;2;25000;0;CARD
REC-20260806-STORE_01-0140;STORE_01;CASH-05;2026-08-06 9:08:09;SKU-025;2;5000;1000;CASH
REC-20260806-STORE_01-0140;STORE_01;CASH-08;2026-08-06 9:08:09;SKU-012;4;45000;0;CARD
REC-20260806-STORE_01-0140;STORE_01;CASH-03;2026-08-06 9:08:09;SKU-006;1;45000;500;CARD
REC-20260806-STORE_01-0140;STORE_01;CASH-10;2026-08-06 9:08:09;SKU-004;4;25000;0;CASH
REC-20260806-STORE_01-0140;STORE_01;CASH-09;2026-08-06 9:08:09;SKU-001;2;45000;1000;CARD
REC-20260806-STORE_01-0141;STORE_01;CASH-08;2026-08-06 18:15:47;SKU-046;3;25000;500;CARD
REC-20260806-STORE_01-0141;STORE_01;CASH-06;2026-08-06 18:15:47;SKU-033;4;5000;500;CARD
REC-20260806-STORE_01-0141;STORE_01;CASH-03;2026-08-06 18:15:47;SKU-003;3;45000;0;CASH
REC-20260806-STORE_01-0141;STORE_01;CASH-09;2026-08-06 18:15:47;SKU-002;3;12000;500;CARD
REC-20260806-STORE_01-0141;STORE_01;CASH-07;2026-08-06 18:15:47;SKU-006;3;45000;0;CASH
REC-20260806-STORE_01-0142;STORE_01;CASH-07;2026-08-06 11:44:11;SKU-003;4;45000;0;CARD
REC-20260806-STORE_01-0142;STORE_01;CASH-06;2026-08-06 11:44:11;SKU-036;1;45000;0;CASH
REC-20260806-STORE_01-0142;STORE_01;CASH-07;2026-08-06 11:44:11;SKU-003;2;45000;500;CARD
REC-20260806-STORE_01-0142;STORE_01;CASH-07;2026-08-06 11:44:11;SKU-001;4;45000;0;CARD
REC-20260806-STORE_01-0143;STORE_01;CASH-06;2026-08-06 16:03:09;SKU-041;1;25000;0;CARD
REC-20260806-STORE_01-0143;STORE_01;CASH-08;2026-08-06 16:03:09;SKU-001;1;45000;500;CARD
REC-20260806-STORE_01-0143;STORE_01;CASH-03;2026-08-06 16:03:09;SKU-002;3;12000;0;CASH
REC-20260806-STORE_01-0143;STORE_01;CASH-03;2026-08-06 16:03:09;SKU-009;2;25000;500;CARD
REC-20260806-STORE_01-0143;STORE_01;CASH-09;2026-08-06 16:03:09;SKU-007;1;12000;500;CASH
REC-20260806-STORE_01-0144;STORE_01;CASH-09;2026-08-06 19:23:21;SKU-001;3;45000;0;CARD
REC-20260806-STORE_01-0144;STORE_01;CASH-02;2026-08-06 19:23:21;SKU-013;3;12000;1000;CARD
REC-20260806-STORE_01-0145;STORE_01;CASH-09;2026-08-06 21:52:41;SKU-013;2;12000;0;CARD
REC-20260806-STORE_01-0145;STORE_01;CASH-05;2026-08-06 21:52:41;SKU-005;2;5000;500;CASH
REC-20260806-STORE_01-0146;STORE_01;CASH-04;2026-08-06 16:19:45;SKU-004;3;25000;0;CARD
REC-20260806-STORE_01-0146;STORE_01;CASH-07;2026-08-06 16:19:45;SKU-048;1;25000;500;CASH
REC-20260806-STORE_01-0146;STORE_01;CASH-01;2026-08-06 16:19:45;SKU-011;3;5000;0;CARD
REC-20260806-STORE_01-0146;STORE_01;CASH-07;2026-08-06 16:19:45;SKU-005;3;5000;500;CARD
REC-20260806-STORE_01-0147;STORE_01;CASH-03;2026-08-06 10:43:09;SKU-021;2;5000;500;CARD
REC-20260806-STORE_01-0148;STORE_01;CASH-07;2026-08-06 19:59:49;SKU-001;3;45000;500;CARD
REC-20260806-STORE_01-0148;STORE_01;CASH-08;2026-08-06 19:59:49;SKU-003;3;45000;500;CARD
REC-20260806-STORE_01-0148;STORE_01;CASH-06;2026-08-06 19:59:49;SKU-016;1;25000;1000;CARD
REC-20260806-STORE_01-0149;STORE_01;CASH-02;2026-08-06 8:44:52;SKU-001;3;45000;500;CASH
REC-20260806-STORE_01-0149;STORE_01;CASH-04;2026-08-06 8:44:52;SKU-001;3;45000;500;CARD
REC-20260806-STORE_01-0149;STORE_01;CASH-04;2026-08-06 8:44:52;SKU-050;1;25000;0;CARD
REC-20260806-STORE_01-0149;STORE_01;CASH-03;2026-08-06 8:44:52;SKU-013;1;12000;0;CARD
REC-20260806-STORE_01-0149;STORE_01;CASH-05;2026-08-06 8:44:52;SKU-008;4;12000;1000;CASH
REC-20260806-STORE_01-0150;STORE_01;CASH-07;2026-08-06 10:54:47;SKU-006;1;45000;0;CARD
REC-20260806-STORE_01-0150;STORE_01;CASH-07;2026-08-06 10:54:47;SKU-001;3;45000;0;CARD
REC-20260806-STORE_01-0150;STORE_01;CASH-02;2026-08-06 10:54:47;SKU-002;2;12000;0;CASH
REC-20260806-STORE_01-0151;STORE_01;CASH-04;2026-08-06 13:37:04;SKU-003;3;45000;500;CARD
REC-20260806-STORE_01-0151;STORE_01;CASH-07;2026-08-06 13:37:04;SKU-002;2;12000;500;CARD
REC-20260806-STORE_01-0151;STORE_01;CASH-02;2026-08-06 13:37:04;SKU-001;4;45000;0;CARD
REC-20260806-STORE_01-0151;STORE_01;CASH-09;2026-08-06 13:37:04;SKU-002;4;12000;1000;CARD
REC-20260806-STORE_01-0152;STORE_01;CASH-04;2026-08-06 18:35:29;SKU-002;2;12000;0;CARD
REC-20260806-STORE_01-0153;STORE_01;CASH-03;2026-08-06 11:54:12;SKU-025;3;5000;0;CARD
REC-20260806-STORE_01-0154;STORE_01;CASH-08;2026-08-06 13:02:23;SKU-026;1;12000;500;CASH
REC-20260806-STORE_01-0155;STORE_01;CASH-04;2026-08-06 18:31:35;SKU-006;4;45000;500;CARD
REC-20260806-STORE_01-0156;STORE_01;CASH-09;2026-08-06 9:12:16;SKU-001;4;45000;0;CARD
REC-20260806-STORE_01-0156;STORE_01;CASH-04;2026-08-06 9:12:16;SKU-028;4;5000;0;CASH
REC-20260806-STORE_01-0156;STORE_01;CASH-02;2026-08-06 9:12:16;SKU-004;1;25000;0;CARD
REC-20260806-STORE_01-0156;STORE_01;CASH-01;2026-08-06 9:12:16;SKU-001;4;45000;0;CARD
REC-20260806-STORE_01-0157;STORE_01;CASH-02;2026-08-06 17:07:57;SKU-004;2;25000;0;CARD
REC-20260806-STORE_01-0157;STORE_01;CASH-02;2026-08-06 17:07:57;SKU-037;2;45000;0;CASH
REC-20260806-STORE_01-0157;STORE_01;CASH-06;2026-08-06 17:07:57;SKU-001;4;45000;500;CASH
REC-20260806-STORE_01-0158;STORE_01;CASH-04;2026-08-06 8:13:17;SKU-023;4;45000;500;CASH
REC-20260806-STORE_01-0158;STORE_01;CASH-03;2026-08-06 8:13:17;SKU-001;4;45000;0;CARD
REC-20260806-STORE_01-0158;STORE_01;CASH-09;2026-08-06 8:13:17;SKU-005;3;5000;1000;CARD
REC-20260806-STORE_01-0159;STORE_01;CASH-01;2026-08-06 16:54:17;SKU-045;3;45000;0;CARD
REC-20260806-STORE_01-0159;STORE_01;CASH-04;2026-08-06 16:54:17;SKU-001;4;45000;1000;CASH
REC-20260806-STORE_01-0159;STORE_01;CASH-01;2026-08-06 16:54:17;SKU-009;3;25000;1000;CASH
REC-20260806-STORE_01-0159;STORE_01;CASH-06;2026-08-06 16:54:17;SKU-015;1;5000;0;CARD
REC-20260806-STORE_01-0160;STORE_01;CASH-08;2026-08-06 8:17:46;SKU-036;2;45000;500;CASH
REC-20260806-STORE_01-0160;STORE_01;CASH-07;2026-08-06 8:17:46;SKU-006;1;45000;0;CARD
REC-20260806-STORE_01-0160;STORE_01;CASH-03;2026-08-06 8:17:46;SKU-002;4;12000;1000;CARD
REC-20260806-STORE_01-0160;STORE_01;CASH-08;2026-08-06 8:17:46;SKU-002;4;12000;0;CARD
REC-20260806-STORE_01-0160;STORE_01;CASH-09;2026-08-06 8:17:46;SKU-002;2;12000;1000;CASH
REC-20260806-STORE_01-0161;STORE_01;CASH-03;2026-08-06 15:51:20;SKU-002;2;12000;500;CARD
REC-20260806-STORE_01-0162;STORE_01;CASH-02;2026-08-06 19:05:22;SKU-016;1;25000;0;CASH
REC-20260806-STORE_01-0163;STORE_01;CASH-01;2026-08-06 21:38:27;SKU-021;3;5000;0;CARD
REC-20260806-STORE_01-0163;STORE_01;CASH-03;2026-08-06 21:38:27;SKU-013;1;12000;0;CARD
REC-20260806-STORE_01-0164;STORE_01;CASH-03;2026-08-06 19:20:43;SKU-002;2;12000;500;CARD
REC-20260806-STORE_01-0165;STORE_01;CASH-04;2026-08-06 18:39:43;SKU-044;1;5000;500;CASH
REC-20260806-STORE_01-0166;STORE_01;CASH-09;2026-08-06 9:01:05;SKU-015;2;5000;500;CASH
REC-20260806-STORE_01-0166;STORE_01;CASH-03;2026-08-06 9:01:05;SKU-014;4;5000;0;CARD
REC-20260806-STORE_01-0167;STORE_01;CASH-10;2026-08-06 10:14:55;SKU-005;4;5000;0;CARD
REC-20260806-STORE_01-0167;STORE_01;CASH-05;2026-08-06 10:14:55;SKU-003;4;45000;0;CASH
REC-20260806-STORE_01-0168;STORE_01;CASH-03;2026-08-06 21:54:33;SKU-008;1;12000;0;CASH
REC-20260806-STORE_01-0168;STORE_01;CASH-04;2026-08-06 21:54:33;SKU-001;4;45000;500;CARD
REC-20260806-STORE_01-0168;STORE_01;CASH-03;2026-08-06 21:54:33;SKU-001;2;45000;1000;CARD
REC-20260806-STORE_01-0168;STORE_01;CASH-02;2026-08-06 21:54:33;SKU-001;1;45000;0;CASH
REC-20260806-STORE_01-0169;STORE_01;CASH-10;2026-08-06 16:09:49;SKU-001;4;45000;0;CARD
REC-20260806-STORE_01-0169;STORE_01;CASH-10;2026-08-06 16:09:49;SKU-001;4;45000;500;CARD
REC-20260806-STORE_01-0169;STORE_01;CASH-02;2026-08-06 16:09:49;SKU-001;3;45000;0;CARD
REC-20260806-STORE_01-0169;STORE_01;CASH-08;2026-08-06 16:09:49;SKU-031;4;45000;1000;CASH
REC-20260806-STORE_01-0170;STORE_01;CASH-02;2026-08-06 15:47:26;SKU-001;1;45000;0;CARD
REC-20260806-STORE_01-0170;STORE_01;CASH-01;2026-08-06 15:47:26;SKU-001;4;45000;1000;CARD
REC-20260806-STORE_01-0170;STORE_01;CASH-01;2026-08-06 15:47:26;SKU-016;2;25000;1000;CARD
REC-20260806-STORE_01-0170;STORE_01;CASH-07;2026-08-06 15:47:26;SKU-037;3;45000;0;CASH
REC-20260806-STORE_01-0170;STORE_01;CASH-03;2026-08-06 15:47:26;SKU-004;1;25000;0;CASH
REC-20260806-STORE_01-0171;STORE_01;CASH-10;2026-08-06 18:58:21;SKU-005;2;5000;500;CARD
REC-20260806-STORE_01-0171;STORE_01;CASH-04;2026-08-06 18:58:21;SKU-005;4;5000;0;CARD
REC-20260806-STORE_01-0171;STORE_01;CASH-06;2026-08-06 18:58:21;SKU-003;1;45000;500;CARD
REC-20260806-STORE_01-0172;STORE_01;CASH-01;2026-08-06 18:09:00;SKU-009;3;25000;500;CARD
REC-20260806-STORE_01-0172;STORE_01;CASH-05;2026-08-06 18:09:00;SKU-002;3;12000;0;CASH
REC-20260806-STORE_01-0172;STORE_01;CASH-08;2026-08-06 18:09:00;SKU-014;1;5000;0;CARD
REC-20260806-STORE_01-0173;STORE_01;CASH-08;2026-08-06 12:36:50;SKU-001;2;45000;0;CASH
REC-20260806-STORE_01-0173;STORE_01;CASH-06;2026-08-06 12:36:50;SKU-003;1;45000;0;CARD
REC-20260806-STORE_01-0173;STORE_01;CASH-02;2026-08-06 12:36:50;SKU-034;4;25000;0;CARD
REC-20260806-STORE_01-0173;STORE_01;CASH-09;2026-08-06 12:36:50;SKU-019;3;25000;1000;CARD
REC-20260806-STORE_01-0174;STORE_01;CASH-09;2026-08-06 8:30:45;SKU-038;4;12000;0;CARD
REC-20260806-STORE_01-0174;STORE_01;CASH-09;2026-08-06 8:30:45;SKU-001;1;45000;0;CASH
REC-20260806-STORE_01-0174;STORE_01;CASH-07;2026-08-06 8:30:45;SKU-013;1;12000;0;CARD
REC-20260806-STORE_01-0175;STORE_01;CASH-05;2026-08-06 10:56:31;SKU-006;1;45000;500;CARD
REC-20260806-STORE_01-0175;STORE_01;CASH-06;2026-08-06 10:56:31;SKU-009;3;25000;500;CASH
REC-20260806-STORE_01-0175;STORE_01;CASH-07;2026-08-06 10:56:31;SKU-022;3;12000;0;CASH
REC-20260806-STORE_01-0175;STORE_01;CASH-02;2026-08-06 10:56:31;SKU-006;3;45000;500;CARD
REC-20260806-STORE_01-0175;STORE_01;CASH-08;2026-08-06 10:56:31;SKU-001;4;45000;0;CARD
REC-20260806-STORE_01-0176;STORE_01;CASH-09;2026-08-06 9:07:46;SKU-008;1;12000;0;CASH
REC-20260806-STORE_01-0176;STORE_01;CASH-07;2026-08-06 9:07:46;SKU-002;1;12000;0;CASH
REC-20260806-STORE_01-0176;STORE_01;CASH-02;2026-08-06 9:07:46;SKU-017;3;12000;0;CARD
REC-20260806-STORE_01-0176;STORE_01;CASH-10;2026-08-06 9:07:46;SKU-002;1;12000;500;CARD
REC-20260806-STORE_01-0177;STORE_01;CASH-03;2026-08-06 16:38:40;SKU-023;2;45000;500;CASH
REC-20260806-STORE_01-0178;STORE_01;CASH-01;2026-08-06 15:17:24;SKU-002;4;12000;1000;CARD
REC-20260806-STORE_01-0178;STORE_01;CASH-01;2026-08-06 15:17:24;SKU-025;1;5000;0;CARD
REC-20260806-STORE_01-0178;STORE_01;CASH-03;2026-08-06 15:17:24;SKU-032;3;25000;1000;CARD
REC-20260806-STORE_01-0179;STORE_01;CASH-02;2026-08-06 11:47:09;SKU-003;3;45000;0;CARD
REC-20260806-STORE_01-0179;STORE_01;CASH-09;2026-08-06 11:47:09;SKU-003;3;45000;0;CARD
REC-20260806-STORE_01-0179;STORE_01;CASH-06;2026-08-06 11:47:09;SKU-018;1;5000;0;CASH
REC-20260806-STORE_01-0180;STORE_01;CASH-05;2026-08-06 16:37:13;SKU-044;3;5000;0;CARD
REC-20260806-STORE_01-0180;STORE_01;CASH-02;2026-08-06 16:37:13;SKU-003;3;45000;0;CARD
REC-20260806-STORE_01-0180;STORE_01;CASH-01;2026-08-06 16:37:13;SKU-001;3;45000;500;CARD
REC-20260806-STORE_01-0180;STORE_01;CASH-03;2026-08-06 16:37:13;SKU-003;3;45000;500;CASH
REC-20260806-STORE_01-0180;STORE_01;CASH-06;2026-08-06 16:37:13;SKU-001;4;45000;0;CARD
REC-20260806-STORE_01-0181;STORE_01;CASH-07;2026-08-06 20:56:10;SKU-028;3;5000;1000;CASH
REC-20260806-STORE_01-0181;STORE_01;CASH-03;2026-08-06 20:56:10;SKU-009;1;25000;1000;CARD
REC-20260806-STORE_01-0182;STORE_01;CASH-07;2026-08-06 14:57:04;SKU-017;2;12000;0;CASH
REC-20260806-STORE_01-0182;STORE_01;CASH-02;2026-08-06 14:57:04;SKU-001;1;45000;1000;CASH
REC-20260806-STORE_01-0183;STORE_01;CASH-07;2026-08-06 18:38:39;SKU-002;3;12000;1000;CARD
REC-20260806-STORE_01-0183;STORE_01;CASH-08;2026-08-06 18:38:39;SKU-001;4;45000;1000;CARD
REC-20260806-STORE_01-0183;STORE_01;CASH-10;2026-08-06 18:38:39;SKU-012;2;45000;0;CARD
REC-20260806-STORE_01-0183;STORE_01;CASH-05;2026-08-06 18:38:39;SKU-004;1;25000;1000;CARD
REC-20260806-STORE_01-0184;STORE_01;CASH-09;2026-08-06 12:39:05;SKU-007;3;12000;1000;CARD
REC-20260806-STORE_01-0184;STORE_01;CASH-09;2026-08-06 12:39:05;SKU-005;2;5000;0;CARD
REC-20260806-STORE_01-0184;STORE_01;CASH-07;2026-08-06 12:39:05;SKU-047;3;5000;0;CASH
REC-20260806-STORE_01-0184;STORE_01;CASH-02;2026-08-06 12:39:05;SKU-005;2;5000;0;CARD
REC-20260806-STORE_01-0185;STORE_01;CASH-01;2026-08-06 12:29:19;SKU-003;1;45000;0;CASH
REC-20260806-STORE_01-0185;STORE_01;CASH-08;2026-08-06 12:29:19;SKU-004;1;25000;0;CASH
REC-20260806-STORE_01-0186;STORE_01;CASH-05;2026-08-06 18:48:17;SKU-001;2;45000;0;CARD
REC-20260806-STORE_01-0187;STORE_01;CASH-08;2026-08-06 8:04:00;SKU-006;3;45000;0;CARD
REC-20260806-STORE_01-0187;STORE_01;CASH-02;2026-08-06 8:04:00;SKU-039;2;5000;0;CARD
REC-20260806-STORE_01-0187;STORE_01;CASH-10;2026-08-06 8:04:00;SKU-019;2;25000;1000;CASH
REC-20260806-STORE_01-0187;STORE_01;CASH-05;2026-08-06 8:04:00;SKU-010;1;25000;1000;CARD
REC-20260806-STORE_01-0187;STORE_01;CASH-02;2026-08-06 8:04:00;SKU-033;1;5000;500;CARD
REC-20260806-STORE_01-0188;STORE_01;CASH-09;2026-08-06 9:10:08;SKU-014;4;5000;0;CASH
REC-20260806-STORE_01-0189;STORE_01;CASH-06;2026-08-06 20:26:54;SKU-016;3;25000;0;CASH
REC-20260806-STORE_01-0190;STORE_01;CASH-04;2026-08-06 9:14:16;SKU-014;2;5000;0;CASH
REC-20260806-STORE_01-0190;STORE_01;CASH-04;2026-08-06 9:14:16;SKU-002;2;12000;500;CASH
REC-20260806-STORE_01-0190;STORE_01;CASH-08;2026-08-06 9:14:16;SKU-015;3;5000;500;CARD
REC-20260806-STORE_01-0190;STORE_01;CASH-10;2026-08-06 9:14:16;SKU-024;4;12000;0;CASH
REC-20260806-STORE_01-0190;STORE_01;CASH-01;2026-08-06 9:14:16;SKU-027;2;5000;1000;CARD
REC-20260806-STORE_01-0191;STORE_01;CASH-09;2026-08-06 11:47:07;SKU-002;2;12000;0;CARD
REC-20260806-STORE_01-0191;STORE_01;CASH-06;2026-08-06 11:47:07;SKU-001;2;45000;500;CARD
REC-20260806-STORE_01-0192;STORE_01;CASH-03;2026-08-06 21:46:54;SKU-002;2;12000;0;CARD
REC-20260806-STORE_01-0192;STORE_01;CASH-01;2026-08-06 21:46:54;SKU-022;1;12000;0;CARD
REC-20260806-STORE_01-0193;STORE_01;CASH-04;2026-08-06 21:53:31;SKU-002;1;12000;0;CARD
REC-20260806-STORE_01-0193;STORE_01;CASH-04;2026-08-06 21:53:31;SKU-003;2;45000;500;CASH
REC-20260806-STORE_01-0193;STORE_01;CASH-08;2026-08-06 21:53:31;SKU-041;4;25000;500;CARD
REC-20260806-STORE_01-0194;STORE_01;CASH-03;2026-08-06 17:40:48;SKU-006;2;45000;500;CARD
REC-20260806-STORE_01-0195;STORE_01;CASH-06;2026-08-06 11:41:56;SKU-021;1;5000;0;CARD
REC-20260806-STORE_01-0195;STORE_01;CASH-08;2026-08-06 11:41:56;SKU-001;4;45000;0;CASH
REC-20260806-STORE_01-0196;STORE_01;CASH-09;2026-08-06 9:31:34;SKU-004;1;25000;1000;CARD
REC-20260806-STORE_01-0196;STORE_01;CASH-10;2026-08-06 9:31:34;SKU-009;4;25000;0;CARD
REC-20260806-STORE_01-0196;STORE_01;CASH-03;2026-08-06 9:31:34;SKU-001;1;45000;1000;CARD
REC-20260806-STORE_01-0197;STORE_01;CASH-10;2026-08-06 10:12:54;SKU-038;3;12000;1000;CARD
REC-20260806-STORE_01-0197;STORE_01;CASH-01;2026-08-06 10:12:54;SKU-001;2;45000;500;CASH
REC-20260806-STORE_01-0197;STORE_01;CASH-07;2026-08-06 10:12:54;SKU-008;3;12000;0;CASH
REC-20260806-STORE_01-0198;STORE_01;CASH-01;2026-08-06 17:10:00;SKU-010;3;25000;0;CASH
REC-20260806-STORE_01-0198;STORE_01;CASH-08;2026-08-06 17:10:00;SKU-003;2;45000;0;CARD
REC-20260806-STORE_01-0198;STORE_01;CASH-05;2026-08-06 17:10:00;SKU-002;3;12000;0;CARD
REC-20260806-STORE_01-0198;STORE_01;CASH-07;2026-08-06 17:10:00;SKU-004;4;25000;1000;CARD
REC-20260806-STORE_01-0198;STORE_01;CASH-10;2026-08-06 17:10:00;SKU-025;4;5000;1000;CASH
REC-20260806-STORE_01-0199;STORE_01;CASH-10;2026-08-06 9:45:44;SKU-004;3;25000;0;CARD
REC-20260806-STORE_01-0199;STORE_01;CASH-06;2026-08-06 9:45:44;SKU-005;4;5000;1000;CASH
REC-20260806-STORE_01-0199;STORE_01;CASH-02;2026-08-06 9:45:44;SKU-002;2;12000;0;CARD
REC-20260806-STORE_01-0199;STORE_01;CASH-08;2026-08-06 9:45:44;SKU-003;4;45000;0;CASH
REC-20260806-STORE_01-0200;STORE_01;CASH-02;2026-08-06 11:22:38;SKU-002;2;12000;0;CASH
REC-20260806-STORE_01-0200;STORE_01;CASH-05;2026-08-06 11:22:38;SKU-005;2;5000;0;CASH
REC-20260806-STORE_01-0200;STORE_01;CASH-07;2026-08-06 11:22:38;SKU-009;2;25000;1000;CARD
REC-20260806-STORE_01-0200;STORE_01;CASH-04;2026-08-06 11:22:38;SKU-016;3;25000;1000;CASH
REC-20260806-STORE_01-0201;STORE_01;CASH-04;2026-08-06 13:59:21;SKU-002;4;12000;1000;CARD
REC-20260806-STORE_01-0201;STORE_01;CASH-06;2026-08-06 13:59:21;SKU-001;3;45000;0;CARD
REC-20260806-STORE_01-0201;STORE_01;CASH-08;2026-08-06 13:59:21;SKU-019;4;25000;1000;CARD
REC-20260806-STORE_01-0201;STORE_01;CASH-04;2026-08-06 13:59:21;SKU-002;2;12000;0;CASH
REC-20260806-STORE_01-0201;STORE_01;CASH-02;2026-08-06 13:59:21;SKU-001;3;45000;500;CASH
REC-20260806-STORE_01-0202;STORE_01;CASH-06;2026-08-06 18:51:18;SKU-002;4;12000;500;CASH
REC-20260806-STORE_01-0202;STORE_01;CASH-01;2026-08-06 18:51:18;SKU-005;4;5000;1000;CARD
REC-20260806-STORE_01-0203;STORE_01;CASH-07;2026-08-06 10:48:56;SKU-018;2;5000;1000;CASH
REC-20260806-STORE_01-0204;STORE_01;CASH-01;2026-08-06 11:07:45;SKU-003;4;45000;1000;CASH
REC-20260806-STORE_01-0204;STORE_01;CASH-02;2026-08-06 11:07:45;SKU-033;3;5000;1000;CARD
REC-20260806-STORE_01-0205;STORE_01;CASH-10;2026-08-06 16:37:46;SKU-003;1;45000;500;CARD
REC-20260806-STORE_01-0205;STORE_01;CASH-02;2026-08-06 16:37:46;SKU-002;2;12000;0;CARD
REC-20260806-STORE_01-0206;STORE_01;CASH-05;2026-08-06 21:23:54;SKU-005;1;5000;0;CASH
REC-20260806-STORE_01-0206;STORE_01;CASH-04;2026-08-06 21:23:54;SKU-008;4;12000;500;CARD
REC-20260806-STORE_01-0206;STORE_01;CASH-03;2026-08-06 21:23:54;SKU-003;3;45000;0;CASH
REC-20260806-STORE_01-0206;STORE_01;CASH-10;2026-08-06 21:23:54;SKU-013;2;12000;500;CASH
REC-20260806-STORE_01-0206;STORE_01;CASH-07;2026-08-06 21:23:54;SKU-004;1;25000;0;CARD
REC-20260806-STORE_01-0207;STORE_01;CASH-01;2026-08-06 13:35:24;SKU-001;3;45000;0;CARD
REC-20260806-STORE_01-0207;STORE_01;CASH-06;2026-08-06 13:35:24;SKU-015;3;5000;1000;CASH
REC-20260806-STORE_01-0207;STORE_01;CASH-02;2026-08-06 13:35:24;SKU-038;3;12000;0;CASH
REC-20260806-STORE_01-0207;STORE_01;CASH-04;2026-08-06 13:35:24;SKU-015;3;5000;0;CASH
REC-20260806-STORE_01-0207;STORE_01;CASH-09;2026-08-06 13:35:24;SKU-002;2;12000;0;CARD
REC-20260806-STORE_01-0208;STORE_01;CASH-02;2026-08-06 8:09:38;SKU-002;4;12000;0;CASH
REC-20260806-STORE_01-0209;STORE_01;CASH-08;2026-08-06 14:02:01;SKU-012;3;45000;1000;CARD
REC-20260806-STORE_01-0209;STORE_01;CASH-06;2026-08-06 14:02:01;SKU-003;2;45000;0;CASH
REC-20260806-STORE_01-0209;STORE_01;CASH-03;2026-08-06 14:02:01;SKU-015;1;5000;500;CARD
REC-20260806-STORE_01-0210;STORE_01;CASH-09;2026-08-06 21:44:42;SKU-045;1;45000;0;CASH
REC-20260806-STORE_01-0211;STORE_01;CASH-04;2026-08-06 10:35:35;SKU-001;4;45000;0;CARD
REC-20260806-STORE_01-0211;STORE_01;CASH-06;2026-08-06 10:35:35;SKU-021;3;5000;1000;CARD
REC-20260806-STORE_01-0211;STORE_01;CASH-06;2026-08-06 10:35:35;SKU-002;3;12000;0;CASH
REC-20260806-STORE_01-0211;STORE_01;CASH-02;2026-08-06 10:35:35;SKU-001;1;45000;0;CARD
REC-20260806-STORE_01-0212;STORE_01;CASH-07;2026-08-06 21:09:22;SKU-005;3;5000;0;CARD
REC-20260806-STORE_01-0212;STORE_01;CASH-05;2026-08-06 21:09:22;SKU-022;1;12000;0;CASH
REC-20260806-STORE_01-0212;STORE_01;CASH-01;2026-08-06 21:09:22;SKU-006;2;45000;1000;CARD
REC-20260806-STORE_01-0212;STORE_01;CASH-01;2026-08-06 21:09:22;SKU-001;3;45000;0;CARD
REC-20260806-STORE_01-0213;STORE_01;CASH-01;2026-08-06 16:25:53;SKU-050;2;25000;0;CASH
REC-20260806-STORE_01-0213;STORE_01;CASH-03;2026-08-06 16:25:53;SKU-005;2;5000;0;CARD
REC-20260806-STORE_01-0213;STORE_01;CASH-03;2026-08-06 16:25:53;SKU-004;4;25000;0;CASH
REC-20260806-STORE_01-0214;STORE_01;CASH-08;2026-08-06 13:32:11;SKU-002;1;12000;500;CARD
REC-20260806-STORE_01-0214;STORE_01;CASH-01;2026-08-06 13:32:11;SKU-002;3;12000;0;CARD
REC-20260806-STORE_01-0215;STORE_01;CASH-04;2026-08-06 14:18:52;SKU-013;3;12000;500;CARD
REC-20260806-STORE_01-0215;STORE_01;CASH-04;2026-08-06 14:18:52;SKU-042;4;5000;0;CASH
REC-20260806-STORE_01-0215;STORE_01;CASH-10;2026-08-06 14:18:52;SKU-018;1;5000;500;CARD
REC-20260806-STORE_01-0216;STORE_01;CASH-09;2026-08-06 11:30:42;SKU-031;4;45000;500;CARD
REC-20260806-STORE_01-0216;STORE_01;CASH-04;2026-08-06 11:30:42;SKU-002;1;12000;1000;CASH
REC-20260806-STORE_01-0216;STORE_01;CASH-10;2026-08-06 11:30:42;SKU-004;1;25000;0;CARD
REC-20260806-STORE_01-0217;STORE_01;CASH-06;2026-08-06 20:03:13;SKU-020;4;12000;0;CARD
REC-20260806-STORE_01-0217;STORE_01;CASH-10;2026-08-06 20:03:13;SKU-005;3;5000;500;CASH
REC-20260806-STORE_01-0217;STORE_01;CASH-08;2026-08-06 20:03:13;SKU-001;3;45000;0;CARD
REC-20260806-STORE_01-0217;STORE_01;CASH-02;2026-08-06 20:03:13;SKU-018;3;5000;0;CARD
REC-20260806-STORE_01-0217;STORE_01;CASH-10;2026-08-06 20:03:13;SKU-002;2;12000;1000;CASH
REC-20260806-STORE_01-0218;STORE_01;CASH-07;2026-08-06 18:16:34;SKU-020;3;12000;0;CARD
REC-20260806-STORE_01-0218;STORE_01;CASH-02;2026-08-06 18:16:34;SKU-005;1;5000;500;CARD
REC-20260806-STORE_01-0219;STORE_01;CASH-02;2026-08-06 16:48:15;SKU-020;3;12000;0;CARD
REC-20260806-STORE_01-0219;STORE_01;CASH-01;2026-08-06 16:48:15;SKU-004;1;25000;0;CARD
REC-20260806-STORE_01-0219;STORE_01;CASH-07;2026-08-06 16:48:15;SKU-001;2;45000;500;CARD
REC-20260806-STORE_01-0219;STORE_01;CASH-08;2026-08-06 16:48:15;SKU-002;2;12000;1000;CARD
REC-20260806-STORE_01-0220;STORE_01;CASH-02;2026-08-06 20:34:34;SKU-001;2;45000;0;CASH
REC-20260806-STORE_01-0220;STORE_01;CASH-03;2026-08-06 20:34:34;SKU-014;2;5000;0;CARD
REC-20260806-STORE_01-0221;STORE_01;CASH-05;2026-08-06 15:46:05;SKU-022;1;12000;0;CASH
REC-20260806-STORE_01-0221;STORE_01;CASH-09;2026-08-06 15:46:05;SKU-001;1;45000;0;CASH
REC-20260806-STORE_01-0221;STORE_01;CASH-09;2026-08-06 15:46:05;SKU-013;2;12000;0;CARD
REC-20260806-STORE_01-0221;STORE_01;CASH-06;2026-08-06 15:46:05;SKU-001;1;45000;0;CARD
REC-20260806-STORE_01-0222;STORE_01;CASH-03;2026-08-06 11:11:25;SKU-004;2;25000;0;CARD
REC-20260806-STORE_01-0222;STORE_01;CASH-02;2026-08-06 11:11:25;SKU-022;2;12000;0;CARD
REC-20260806-STORE_01-0222;STORE_01;CASH-04;2026-08-06 11:11:25;SKU-008;1;12000;0;CARD
REC-20260806-STORE_01-0223;STORE_01;CASH-02;2026-08-06 20:36:52;SKU-020;3;12000;1000;CARD
REC-20260806-STORE_01-0224;STORE_01;CASH-10;2026-08-06 11:20:16;SKU-009;4;25000;500;CARD
REC-20260806-STORE_01-0225;STORE_01;CASH-03;2026-08-06 15:56:10;SKU-013;1;12000;0;CARD
REC-20260806-STORE_01-0226;STORE_01;CASH-04;2026-08-06 19:03:44;SKU-040;1;25000;0;CASH
REC-20260806-STORE_01-0226;STORE_01;CASH-01;2026-08-06 19:03:44;SKU-001;3;45000;0;CASH
REC-20260806-STORE_01-0226;STORE_01;CASH-09;2026-08-06 19:03:44;SKU-003;2;45000;0;CASH
REC-20260806-STORE_01-0226;STORE_01;CASH-09;2026-08-06 19:03:44;SKU-011;2;5000;500;CASH
REC-20260806-STORE_01-0227;STORE_01;CASH-03;2026-08-06 9:25:26;SKU-001;3;45000;1000;CARD
REC-20260806-STORE_01-0227;STORE_01;CASH-09;2026-08-06 9:25:26;SKU-004;2;25000;0;CARD
REC-20260806-STORE_01-0227;STORE_01;CASH-04;2026-08-06 9:25:26;SKU-042;1;5000;0;CARD
REC-20260806-STORE_01-0227;STORE_01;CASH-07;2026-08-06 9:25:26;SKU-027;2;5000;1000;CASH
REC-20260806-STORE_01-0227;STORE_01;CASH-08;2026-08-06 9:25:26;SKU-028;1;5000;0;CARD
REC-20260806-STORE_01-0228;STORE_01;CASH-01;2026-08-06 15:43:20;SKU-002;3;12000;500;CARD
REC-20260806-STORE_01-0228;STORE_01;CASH-03;2026-08-06 15:43:20;SKU-001;1;45000;500;CARD
REC-20260806-STORE_01-0228;STORE_01;CASH-08;2026-08-06 15:43:20;SKU-007;3;12000;500;CASH
REC-20260806-STORE_01-0228;STORE_01;CASH-02;2026-08-06 15:43:20;SKU-002;2;12000;0;CARD
REC-20260806-STORE_01-0229;STORE_01;CASH-10;2026-08-06 18:08:46;SKU-002;4;12000;1000;CARD
REC-20260806-STORE_01-0229;STORE_01;CASH-05;2026-08-06 18:08:46;SKU-004;2;25000;0;CASH
REC-20260806-STORE_01-0230;STORE_01;CASH-03;2026-08-06 16:33:31;SKU-002;2;12000;0;CASH
REC-20260806-STORE_01-0230;STORE_01;CASH-04;2026-08-06 16:33:31;SKU-009;4;25000;1000;CARD
REC-20260806-STORE_01-0230;STORE_01;CASH-03;2026-08-06 16:33:31;SKU-001;2;45000;0;CARD
REC-20260806-STORE_01-0230;STORE_01;CASH-06;2026-08-06 16:33:31;SKU-001;1;45000;0;CASH
REC-20260806-STORE_01-0231;STORE_01;CASH-08;2026-08-06 12:44:08;SKU-001;1;45000;500;CARD
REC-20260806-STORE_01-0231;STORE_01;CASH-06;2026-08-06 12:44:08;SKU-001;1;45000;500;CASH
REC-20260806-STORE_01-0232;STORE_01;CASH-09;2026-08-06 16:23:43;SKU-001;4;45000;0;CASH
REC-20260806-STORE_01-0232;STORE_01;CASH-02;2026-08-06 16:23:43;SKU-005;2;5000;1000;CARD
REC-20260806-STORE_01-0232;STORE_01;CASH-04;2026-08-06 16:23:43;SKU-031;1;45000;0;CARD
REC-20260806-STORE_01-0233;STORE_01;CASH-10;2026-08-06 9:11:48;SKU-027;2;5000;0;CARD
REC-20260806-STORE_01-0233;STORE_01;CASH-05;2026-08-06 9:11:48;SKU-003;4;45000;1000;CARD
REC-20260806-STORE_01-0233;STORE_01;CASH-03;2026-08-06 9:11:48;SKU-001;4;45000;1000;CARD
REC-20260806-STORE_01-0233;STORE_01;CASH-07;2026-08-06 9:11:48;SKU-001;2;45000;0;CARD
REC-20260806-STORE_01-0233;STORE_01;CASH-03;2026-08-06 9:11:48;SKU-024;1;12000;1000;CARD
REC-20260806-STORE_01-0234;STORE_01;CASH-07;2026-08-06 12:40:27;SKU-039;1;5000;0;CARD
REC-20260806-STORE_01-0234;STORE_01;CASH-05;2026-08-06 12:40:27;SKU-018;1;5000;500;CARD
REC-20260806-STORE_01-0235;STORE_01;CASH-05;2026-08-06 20:28:50;SKU-014;2;5000;0;CARD
REC-20260806-STORE_01-0235;STORE_01;CASH-04;2026-08-06 20:28:50;SKU-018;1;5000;500;CARD
REC-20260806-STORE_01-0235;STORE_01;CASH-01;2026-08-06 20:28:50;SKU-001;1;45000;0;CARD
REC-20260806-STORE_01-0236;STORE_01;CASH-07;2026-08-06 8:16:51;SKU-001;2;45000;0;CARD
REC-20260806-STORE_01-0237;STORE_01;CASH-08;2026-08-06 14:00:39;SKU-002;1;12000;1000;CASH
REC-20260806-STORE_01-0237;STORE_01;CASH-08;2026-08-06 14:00:39;SKU-001;4;45000;0;CARD
REC-20260806-STORE_01-0237;STORE_01;CASH-10;2026-08-06 14:00:39;SKU-017;3;12000;0;CASH
REC-20260806-STORE_01-0237;STORE_01;CASH-04;2026-08-06 14:00:39;SKU-024;4;12000;1000;CARD
REC-20260806-STORE_01-0238;STORE_01;CASH-06;2026-08-06 20:09:43;SKU-002;2;12000;500;CASH
REC-20260806-STORE_01-0238;STORE_01;CASH-03;2026-08-06 20:09:43;SKU-002;1;12000;0;CARD
REC-20260806-STORE_01-0239;STORE_01;CASH-03;2026-08-06 12:50:18;SKU-002;4;12000;0;CASH
REC-20260806-STORE_01-0240;STORE_01;CASH-02;2026-08-06 19:13:52;SKU-001;2;45000;0;CASH
REC-20260806-STORE_01-0241;STORE_01;CASH-09;2026-08-06 21:33:24;SKU-003;4;45000;1000;CARD
REC-20260806-STORE_01-0241;STORE_01;CASH-04;2026-08-06 21:33:24;SKU-014;4;5000;0;CARD
REC-20260806-STORE_01-0242;STORE_01;CASH-01;2026-08-06 10:33:04;SKU-005;4;5000;0;CASH
REC-20260806-STORE_01-0243;STORE_01;CASH-02;2026-08-06 9:05:17;SKU-005;3;5000;0;CARD
REC-20260806-STORE_01-0243;STORE_01;CASH-04;2026-08-06 9:05:17;SKU-018;2;5000;500;CARD
REC-20260806-STORE_01-0244;STORE_01;CASH-05;2026-08-06 11:48:39;SKU-029;1;5000;0;CASH
REC-20260806-STORE_01-0244;STORE_01;CASH-09;2026-08-06 11:48:39;SKU-017;1;12000;0;CASH
REC-20260806-STORE_01-0244;STORE_01;CASH-01;2026-08-06 11:48:39;SKU-002;3;12000;500;CARD
REC-20260806-STORE_01-0244;STORE_01;CASH-07;2026-08-06 11:48:39;SKU-002;2;12000;0;CARD
REC-20260806-STORE_01-0245;STORE_01;CASH-05;2026-08-06 19:42:06;SKU-020;2;12000;0;CARD
REC-20260806-STORE_01-0245;STORE_01;CASH-01;2026-08-06 19:42:06;SKU-002;4;12000;1000;CASH
REC-20260806-STORE_01-0245;STORE_01;CASH-04;2026-08-06 19:42:06;SKU-018;4;5000;0;CASH
REC-20260806-STORE_01-0245;STORE_01;CASH-02;2026-08-06 19:42:06;SKU-014;2;5000;0;CASH
REC-20260806-STORE_01-0245;STORE_01;CASH-08;2026-08-06 19:42:06;SKU-005;4;5000;0;CARD
REC-20260806-STORE_01-0246;STORE_01;CASH-03;2026-08-06 21:06:09;SKU-027;4;5000;500;CARD
REC-20260806-STORE_01-0246;STORE_01;CASH-09;2026-08-06 21:06:09;SKU-003;1;45000;1000;CARD
REC-20260806-STORE_01-0247;STORE_01;CASH-07;2026-08-06 10:50:08;SKU-009;3;25000;0;CASH
REC-20260806-STORE_01-0248;STORE_01;CASH-03;2026-08-06 16:47:34;SKU-041;3;25000;0;CARD
REC-20260806-STORE_01-0248;STORE_01;CASH-04;2026-08-06 16:47:34;SKU-004;4;25000;0;CASH
REC-20260806-STORE_01-0248;STORE_01;CASH-09;2026-08-06 16:47:34;SKU-006;2;45000;1000;CASH
REC-20260806-STORE_01-0248;STORE_01;CASH-03;2026-08-06 16:47:34;SKU-002;1;12000;0;CASH
REC-20260806-STORE_01-0248;STORE_01;CASH-01;2026-08-06 16:47:34;SKU-006;2;45000;500;CARD
REC-20260806-STORE_01-0249;STORE_01;CASH-02;2026-08-06 10:16:18;SKU-006;4;45000;500;CARD
REC-20260806-STORE_01-0249;STORE_01;CASH-10;2026-08-06 10:16:18;SKU-013;3;12000;1000;CASH
REC-20260806-STORE_01-0249;STORE_01;CASH-03;2026-08-06 10:16:18;SKU-028;3;5000;500;CARD
REC-20260806-STORE_01-0249;STORE_01;CASH-09;2026-08-06 10:16:18;SKU-002;3;12000;0;CARD
REC-20260806-STORE_01-0249;STORE_01;CASH-06;2026-08-06 10:16:18;SKU-001;3;45000;1000;CASH
REC-20260806-STORE_01-0250;STORE_01;CASH-03;2026-08-06 11:16:36;SKU-016;3;25000;500;CARD
REC-20260806-STORE_01-0250;STORE_01;CASH-01;2026-08-06 11:16:36;SKU-011;1;5000;500;CASH
REC-20260806-STORE_01-0250;STORE_01;CASH-05;2026-08-06 11:16:36;SKU-003;2;45000;0;CARD
REC-20260806-STORE_01-0250;STORE_01;CASH-02;2026-08-06 11:16:36;SKU-017;2;12000;0;CASH
REC-20260806-STORE_01-0251;STORE_01;CASH-06;2026-08-06 17:11:25;SKU-030;2;45000;0;CASH
REC-20260806-STORE_01-0251;STORE_01;CASH-05;2026-08-06 17:11:25;SKU-001;3;45000;500;CASH
REC-20260806-STORE_01-0251;STORE_01;CASH-06;2026-08-06 17:11:25;SKU-003;1;45000;500;CASH
REC-20260806-STORE_01-0251;STORE_01;CASH-06;2026-08-06 17:11:25;SKU-001;3;45000;0;CARD
REC-20260806-STORE_01-0252;STORE_01;CASH-04;2026-08-06 17:09:36;SKU-004;4;25000;0;CARD
REC-20260806-STORE_01-0252;STORE_01;CASH-03;2026-08-06 17:09:36;SKU-001;4;45000;0;CARD
REC-20260806-STORE_01-0252;STORE_01;CASH-03;2026-08-06 17:09:36;SKU-040;2;25000;0;CASH
REC-20260806-STORE_01-0252;STORE_01;CASH-10;2026-08-06 17:09:36;SKU-012;3;45000;0;CASH
REC-20260806-STORE_01-0252;STORE_01;CASH-02;2026-08-06 17:09:36;SKU-008;3;12000;0;CARD
REC-20260806-STORE_01-0253;STORE_01;CASH-02;2026-08-06 13:31:54;SKU-018;4;5000;1000;CASH
REC-20260806-STORE_01-0254;STORE_01;CASH-08;2026-08-06 18:53:27;SKU-001;3;45000;0;CARD
REC-20260806-STORE_01-0254;STORE_01;CASH-07;2026-08-06 18:53:27;SKU-010;4;25000;0;CARD
REC-20260806-STORE_01-0254;STORE_01;CASH-02;2026-08-06 18:53:27;SKU-015;2;5000;0;CASH
REC-20260806-STORE_01-0254;STORE_01;CASH-10;2026-08-06 18:53:27;SKU-003;4;45000;0;CARD
REC-20260806-STORE_01-0254;STORE_01;CASH-08;2026-08-06 18:53:27;SKU-001;2;45000;0;CARD
REC-20260806-STORE_01-0255;STORE_01;CASH-10;2026-08-06 16:42:06;SKU-008;2;12000;0;CASH
REC-20260806-STORE_01-0255;STORE_01;CASH-08;2026-08-06 16:42:06;SKU-001;3;45000;500;CARD
REC-20260806-STORE_01-0256;STORE_01;CASH-02;2026-08-06 14:27:33;SKU-008;3;12000;0;CARD
REC-20260806-STORE_01-0256;STORE_01;CASH-06;2026-08-06 14:27:33;SKU-006;1;45000;1000;CARD
REC-20260806-STORE_01-0256;STORE_01;CASH-08;2026-08-06 14:27:33;SKU-002;4;12000;0;CARD
REC-20260806-STORE_01-0257;STORE_01;CASH-10;2026-08-06 18:08:59;SKU-018;4;5000;1000;CARD
REC-20260806-STORE_01-0257;STORE_01;CASH-03;2026-08-06 18:08:59;SKU-012;3;45000;0;CARD
REC-20260806-STORE_01-0258;STORE_01;CASH-08;2026-08-06 21:36:09;SKU-036;3;45000;0;CARD
REC-20260806-STORE_01-0259;STORE_01;CASH-04;2026-08-06 21:28:27;SKU-001;3;45000;0;CASH
REC-20260806-STORE_01-0259;STORE_01;CASH-05;2026-08-06 21:28:27;SKU-001;2;45000;0;CARD
REC-20260806-STORE_01-0259;STORE_01;CASH-04;2026-08-06 21:28:27;SKU-007;4;12000;1000;CARD
REC-20260806-STORE_01-0260;STORE_01;CASH-04;2026-08-06 14:29:01;SKU-006;3;45000;0;CARD
REC-20260806-STORE_01-0261;STORE_01;CASH-06;2026-08-06 15:38:48;SKU-002;3;12000;0;CARD
REC-20260806-STORE_01-0261;STORE_01;CASH-10;2026-08-06 15:38:48;SKU-025;3;5000;0;CARD
REC-20260806-STORE_01-0261;STORE_01;CASH-04;2026-08-06 15:38:48;SKU-001;4;45000;0;CASH
REC-20260806-STORE_01-0261;STORE_01;CASH-09;2026-08-06 15:38:48;SKU-010;3;25000;0;CARD
REC-20260806-STORE_01-0262;STORE_01;CASH-04;2026-08-06 17:25:41;SKU-001;2;45000;0;CASH
REC-20260806-STORE_01-0262;STORE_01;CASH-05;2026-08-06 17:25:41;SKU-006;3;45000;500;CARD
REC-20260806-STORE_01-0263;STORE_01;CASH-04;2026-08-06 12:42:09;SKU-045;1;45000;1000;CARD
REC-20260806-STORE_01-0263;STORE_01;CASH-10;2026-08-06 12:42:09;SKU-001;3;45000;500;CARD
REC-20260806-STORE_01-0263;STORE_01;CASH-10;2026-08-06 12:42:09;SKU-002;4;12000;0;CARD
REC-20260806-STORE_01-0264;STORE_01;CASH-10;2026-08-06 16:20:42;SKU-003;4;45000;0;CARD
REC-20260806-STORE_01-0264;STORE_01;CASH-02;2026-08-06 16:20:42;SKU-015;2;5000;0;CARD
REC-20260806-STORE_01-0264;STORE_01;CASH-02;2026-08-06 16:20:42;SKU-005;1;5000;0;CARD
REC-20260806-STORE_01-0264;STORE_01;CASH-10;2026-08-06 16:20:42;SKU-043;2;25000;1000;CARD
REC-20260806-STORE_01-0264;STORE_01;CASH-05;2026-08-06 16:20:42;SKU-036;2;45000;0;CASH
REC-20260806-STORE_01-0265;STORE_01;CASH-06;2026-08-06 12:32:57;SKU-028;4;5000;1000;CARD
REC-20260806-STORE_01-0265;STORE_01;CASH-10;2026-08-06 12:32:57;SKU-002;1;12000;0;CARD
REC-20260806-STORE_01-0265;STORE_01;CASH-01;2026-08-06 12:32:57;SKU-001;4;45000;1000;CARD
REC-20260806-STORE_01-0265;STORE_01;CASH-01;2026-08-06 12:32:57;SKU-003;2;45000;0;CARD
REC-20260806-STORE_01-0265;STORE_01;CASH-02;2026-08-06 12:32:57;SKU-004;4;25000;500;CARD
REC-20260806-STORE_01-0266;STORE_01;CASH-09;2026-08-06 21:00:23;SKU-008;4;12000;0;CARD
REC-20260806-STORE_01-0266;STORE_01;CASH-07;2026-08-06 21:00:23;SKU-003;2;45000;1000;CARD
REC-20260806-STORE_01-0266;STORE_01;CASH-09;2026-08-06 21:00:23;SKU-001;1;45000;1000;CARD
REC-20260806-STORE_01-0266;STORE_01;CASH-07;2026-08-06 21:00:23;SKU-042;2;5000;0;CASH
REC-20260806-STORE_01-0267;STORE_01;CASH-01;2026-08-06 9:45:09;SKU-001;3;45000;0;CASH
REC-20260806-STORE_01-0267;STORE_01;CASH-03;2026-08-06 9:45:09;SKU-007;2;12000;0;CARD
REC-20260806-STORE_01-0267;STORE_01;CASH-01;2026-08-06 9:45:09;SKU-014;1;5000;0;CARD
REC-20260806-STORE_01-0267;STORE_01;CASH-04;2026-08-06 9:45:09;SKU-026;2;12000;0;CASH
REC-20260806-STORE_01-0268;STORE_01;CASH-09;2026-08-06 9:44:52;SKU-002;2;12000;0;CARD
REC-20260806-STORE_01-0268;STORE_01;CASH-01;2026-08-06 9:44:52;SKU-003;3;45000;0;CASH
REC-20260806-STORE_01-0268;STORE_01;CASH-07;2026-08-06 9:44:52;SKU-003;4;45000;0;CARD
REC-20260806-STORE_01-0269;STORE_01;CASH-02;2026-08-06 17:25:28;SKU-006;4;45000;1000;CARD
REC-20260806-STORE_01-0269;STORE_01;CASH-01;2026-08-06 17:25:28;SKU-010;2;25000;0;CARD
REC-20260806-STORE_01-0269;STORE_01;CASH-06;2026-08-06 17:25:28;SKU-011;1;5000;0;CARD
REC-20260806-STORE_01-0270;STORE_01;CASH-06;2026-08-06 9:18:58;SKU-023;4;45000;0;CARD
REC-20260806-STORE_01-0270;STORE_01;CASH-09;2026-08-06 9:18:58;SKU-004;4;25000;1000;CARD
REC-20260806-STORE_01-0271;STORE_01;CASH-09;2026-08-06 17:52:22;SKU-001;2;45000;0;CARD
REC-20260806-STORE_01-0271;STORE_01;CASH-05;2026-08-06 17:52:22;SKU-021;1;5000;500;CASH
REC-20260806-STORE_01-0271;STORE_01;CASH-10;2026-08-06 17:52:22;SKU-006;2;45000;0;CARD
REC-20260806-STORE_01-0271;STORE_01;CASH-02;2026-08-06 17:52:22;SKU-007;2;12000;0;CARD
REC-20260806-STORE_01-0272;STORE_01;CASH-06;2026-08-06 14:19:55;SKU-011;3;5000;1000;CASH
REC-20260806-STORE_01-0272;STORE_01;CASH-08;2026-08-06 14:19:55;SKU-012;2;45000;500;CARD
REC-20260806-STORE_01-0272;STORE_01;CASH-10;2026-08-06 14:19:55;SKU-003;4;45000;0;CASH
REC-20260806-STORE_01-0273;STORE_01;CASH-01;2026-08-06 15:04:34;SKU-034;4;25000;500;CASH
REC-20260806-STORE_01-0274;STORE_01;CASH-07;2026-08-06 13:06:05;SKU-004;1;25000;500;CARD
REC-20260806-STORE_01-0275;STORE_01;CASH-09;2026-08-06 18:37:48;SKU-001;4;45000;0;CASH
REC-20260806-STORE_01-0275;STORE_01;CASH-07;2026-08-06 18:37:48;SKU-015;3;5000;0;CASH
REC-20260806-STORE_01-0276;STORE_01;CASH-09;2026-08-06 14:16:15;SKU-001;1;45000;0;CASH
REC-20260806-STORE_01-0277;STORE_01;CASH-09;2026-08-06 20:20:11;SKU-004;3;25000;1000;CARD
REC-20260806-STORE_01-0277;STORE_01;CASH-01;2026-08-06 20:20:11;SKU-004;2;25000;0;CARD
REC-20260806-STORE_01-0277;STORE_01;CASH-07;2026-08-06 20:20:11;SKU-019;2;25000;1000;CARD
REC-20260806-STORE_01-0278;STORE_01;CASH-03;2026-08-06 15:34:42;SKU-006;3;45000;0;CASH
REC-20260806-STORE_01-0278;STORE_01;CASH-02;2026-08-06 15:34:42;SKU-001;1;45000;500;CASH
REC-20260806-STORE_01-0278;STORE_01;CASH-01;2026-08-06 15:34:42;SKU-001;3;45000;1000;CARD
REC-20260806-STORE_01-0278;STORE_01;CASH-10;2026-08-06 15:34:42;SKU-001;1;45000;0;CARD
REC-20260806-STORE_01-0279;STORE_01;CASH-07;2026-08-06 8:59:12;SKU-045;2;45000;500;CARD
REC-20260806-STORE_01-0279;STORE_01;CASH-03;2026-08-06 8:59:12;SKU-001;2;45000;0;CARD
REC-20260806-STORE_01-0279;STORE_01;CASH-02;2026-08-06 8:59:12;SKU-041;4;25000;1000;CASH
REC-20260806-STORE_01-0280;STORE_01;CASH-10;2026-08-06 20:41:30;SKU-007;4;12000;1000;CARD
REC-20260806-STORE_01-0281;STORE_01;CASH-06;2026-08-06 8:13:00;SKU-002;4;12000;0;CARD
REC-20260806-STORE_01-0281;STORE_01;CASH-04;2026-08-06 8:13:00;SKU-005;4;5000;500;CASH
REC-20260806-STORE_01-0281;STORE_01;CASH-08;2026-08-06 8:13:00;SKU-001;1;45000;0;CASH
REC-20260806-STORE_01-0282;STORE_01;CASH-02;2026-08-06 15:05:54;SKU-005;4;5000;0;CARD
REC-20260806-STORE_01-0282;STORE_01;CASH-01;2026-08-06 15:05:54;SKU-035;4;5000;500;CARD
REC-20260806-STORE_01-0282;STORE_01;CASH-07;2026-08-06 15:05:54;SKU-031;3;45000;500;CASH
REC-20260806-STORE_01-0282;STORE_01;CASH-03;2026-08-06 15:05:54;SKU-003;1;45000;0;CARD
REC-20260806-STORE_01-0282;STORE_01;CASH-10;2026-08-06 15:05:54;SKU-008;4;12000;1000;CASH
REC-20260806-STORE_01-0283;STORE_01;CASH-09;2026-08-06 17:20:51;SKU-009;1;25000;0;CASH
REC-20260806-STORE_01-0283;STORE_01;CASH-08;2026-08-06 17:20:51;SKU-018;2;5000;0;CARD
REC-20260806-STORE_01-0284;STORE_01;CASH-02;2026-08-06 8:05:25;SKU-001;2;45000;0;CARD
REC-20260806-STORE_01-0284;STORE_01;CASH-09;2026-08-06 8:05:25;SKU-005;3;5000;0;CARD
REC-20260806-STORE_01-0284;STORE_01;CASH-01;2026-08-06 8:05:25;SKU-004;2;25000;0;CARD
REC-20260806-STORE_01-0285;STORE_01;CASH-10;2026-08-06 9:44:09;SKU-005;4;5000;500;CARD
REC-20260806-STORE_01-0286;STORE_01;CASH-04;2026-08-06 20:55:22;SKU-001;2;45000;0;CARD
REC-20260806-STORE_01-0286;STORE_01;CASH-03;2026-08-06 20:55:22;SKU-047;2;5000;0;CARD
REC-20260806-STORE_01-0286;STORE_01;CASH-07;2026-08-06 20:55:22;SKU-034;1;25000;0;CARD
REC-20260806-STORE_01-0287;STORE_01;CASH-09;2026-08-06 19:51:06;SKU-004;2;25000;0;CASH
REC-20260806-STORE_01-0287;STORE_01;CASH-05;2026-08-06 19:51:06;SKU-006;4;45000;500;CARD
REC-20260806-STORE_01-0287;STORE_01;CASH-03;2026-08-06 19:51:06;SKU-001;4;45000;1000;CARD
REC-20260806-STORE_01-0287;STORE_01;CASH-07;2026-08-06 19:51:06;SKU-001;4;45000;0;CARD
REC-20260806-STORE_01-0288;STORE_01;CASH-01;2026-08-06 19:22:26;SKU-004;1;25000;1000;CASH
REC-20260806-STORE_01-0289;STORE_01;CASH-07;2026-08-06 13:45:15;SKU-002;1;12000;0;CARD
REC-20260806-STORE_01-0289;STORE_01;CASH-05;2026-08-06 13:45:15;SKU-008;1;12000;500;CARD
REC-20260806-STORE_01-0289;STORE_01;CASH-10;2026-08-06 13:45:15;SKU-019;3;25000;500;CASH
REC-20260806-STORE_01-0289;STORE_01;CASH-06;2026-08-06 13:45:15;SKU-001;4;45000;500;CARD
REC-20260806-STORE_01-0290;STORE_01;CASH-01;2026-08-06 16:21:36;SKU-001;2;45000;0;CARD
REC-20260806-STORE_01-0291;STORE_01;CASH-07;2026-08-06 21:01:12;SKU-002;2;12000;1000;CARD
REC-20260806-STORE_01-0291;STORE_01;CASH-06;2026-08-06 21:01:12;SKU-026;3;12000;0;CARD
REC-20260806-STORE_01-0291;STORE_01;CASH-10;2026-08-06 21:01:12;SKU-001;3;45000;0;CARD
REC-20260806-STORE_01-0291;STORE_01;CASH-07;2026-08-06 21:01:12;SKU-009;2;25000;1000;CASH
REC-20260806-STORE_01-0292;STORE_01;CASH-01;2026-08-06 21:35:23;SKU-002;2;12000;1000;CARD
REC-20260806-STORE_01-0292;STORE_01;CASH-03;2026-08-06 21:35:23;SKU-042;1;5000;0;CARD
REC-20260806-STORE_01-0292;STORE_01;CASH-08;2026-08-06 21:35:23;SKU-035;3;5000;500;CARD
REC-20260806-STORE_01-0292;STORE_01;CASH-03;2026-08-06 21:35:23;SKU-030;4;45000;1000;CARD
REC-20260806-STORE_01-0292;STORE_01;CASH-02;2026-08-06 21:35:23;SKU-015;2;5000;0;CARD
REC-20260806-STORE_01-0293;STORE_01;CASH-03;2026-08-06 16:08:12;SKU-006;3;45000;0;CASH
REC-20260806-STORE_01-0293;STORE_01;CASH-08;2026-08-06 16:08:12;SKU-001;3;45000;1000;CASH
REC-20260806-STORE_01-0293;STORE_01;CASH-01;2026-08-06 16:08:12;SKU-002;3;12000;1000;CASH
REC-20260806-STORE_01-0294;STORE_01;CASH-04;2026-08-06 18:17:16;SKU-005;1;5000;0;CASH
REC-20260806-STORE_01-0294;STORE_01;CASH-02;2026-08-06 18:17:16;SKU-008;2;12000;0;CARD
REC-20260806-STORE_01-0295;STORE_01;CASH-07;2026-08-06 8:36:50;SKU-002;4;12000;0;CARD
REC-20260806-STORE_01-0295;STORE_01;CASH-02;2026-08-06 8:36:50;SKU-001;2;45000;0;CARD
REC-20260806-STORE_01-0295;STORE_01;CASH-02;2026-08-06 8:36:50;SKU-010;3;25000;0;CARD
REC-20260806-STORE_01-0296;STORE_01;CASH-07;2026-08-06 9:14:51;SKU-002;4;12000;1000;CARD
REC-20260806-STORE_01-0296;STORE_01;CASH-06;2026-08-06 9:14:51;SKU-001;4;45000;500;CARD
REC-20260806-STORE_01-0297;STORE_01;CASH-06;2026-08-06 8:47:11;SKU-040;4;25000;0;CARD
REC-20260806-STORE_01-0297;STORE_01;CASH-09;2026-08-06 8:47:11;SKU-001;2;45000;0;CARD
REC-20260806-STORE_01-0297;STORE_01;CASH-04;2026-08-06 8:47:11;SKU-001;3;45000;500;CARD
REC-20260806-STORE_01-0297;STORE_01;CASH-07;2026-08-06 8:47:11;SKU-001;1;45000;0;CASH
REC-20260806-STORE_01-0298;STORE_01;CASH-01;2026-08-06 19:31:26;SKU-001;3;45000;500;CASH
REC-20260806-STORE_01-0298;STORE_01;CASH-01;2026-08-06 19:31:26;SKU-001;4;45000;1000;CASH
REC-20260806-STORE_01-0298;STORE_01;CASH-10;2026-08-06 19:31:26;SKU-003;3;45000;0;CARD
REC-20260806-STORE_01-0298;STORE_01;CASH-09;2026-08-06 19:31:26;SKU-005;4;5000;0;CASH
REC-20260806-STORE_01-0299;STORE_01;CASH-03;2026-08-06 15:37:19;SKU-001;1;45000;1000;CARD
REC-20260806-STORE_01-0300;STORE_01;CASH-06;2026-08-06 10:37:17;SKU-003;2;45000;500;CARD
REC-20260806-STORE_01-0300;STORE_01;CASH-07;2026-08-06 10:37:17;SKU-003;2;45000;1000;CARD
REC-20260806-STORE_01-0301;STORE_01;CASH-07;2026-08-06 19:43:11;SKU-002;2;12000;0;CARD
REC-20260806-STORE_01-0301;STORE_01;CASH-09;2026-08-06 19:43:11;SKU-026;2;12000;500;CASH
REC-20260806-STORE_01-0302;STORE_01;CASH-10;2026-08-06 9:50:45;SKU-014;4;5000;0;CARD
REC-20260806-STORE_01-0303;STORE_01;CASH-04;2026-08-06 11:55:27;SKU-009;4;25000;0;CASH
REC-20260806-STORE_01-0303;STORE_01;CASH-09;2026-08-06 11:55:27;SKU-007;4;12000;0;CARD
REC-20260806-STORE_01-0304;STORE_01;CASH-03;2026-08-06 8:03:11;SKU-001;4;45000;0;CARD
REC-20260806-STORE_01-0305;STORE_01;CASH-10;2026-08-06 17:47:07;SKU-002;4;12000;500;CARD
REC-20260806-STORE_01-0305;STORE_01;CASH-04;2026-08-06 17:47:07;SKU-020;1;12000;0;CARD
REC-20260806-STORE_01-0305;STORE_01;CASH-09;2026-08-06 17:47:07;SKU-001;3;45000;500;CARD
REC-20260806-STORE_01-0305;STORE_01;CASH-08;2026-08-06 17:47:07;SKU-014;4;5000;500;CARD
REC-20260806-STORE_01-0305;STORE_01;CASH-08;2026-08-06 17:47:07;SKU-001;2;45000;0;CASH
REC-20260806-STORE_01-0306;STORE_01;CASH-08;2026-08-06 15:54:52;SKU-001;2;45000;0;CARD
REC-20260806-STORE_01-0306;STORE_01;CASH-02;2026-08-06 15:54:52;SKU-003;2;45000;0;CARD
REC-20260806-STORE_01-0307;STORE_01;CASH-03;2026-08-06 14:09:35;SKU-002;1;12000;1000;CARD
REC-20260806-STORE_01-0307;STORE_01;CASH-06;2026-08-06 14:09:35;SKU-019;1;25000;0;CARD
REC-20260806-STORE_01-0307;STORE_01;CASH-03;2026-08-06 14:09:35;SKU-022;4;12000;0;CASH
REC-20260806-STORE_01-0307;STORE_01;CASH-04;2026-08-06 14:09:35;SKU-005;2;5000;0;CARD
REC-20260806-STORE_01-0307;STORE_01;CASH-09;2026-08-06 14:09:35;SKU-001;3;45000;500;CARD
REC-20260806-STORE_01-0308;STORE_01;CASH-08;2026-08-06 10:36:55;SKU-015;3;5000;0;CARD
REC-20260806-STORE_01-0308;STORE_01;CASH-09;2026-08-06 10:36:55;SKU-001;2;45000;0;CASH
REC-20260806-STORE_01-0308;STORE_01;CASH-10;2026-08-06 10:36:55;SKU-028;1;5000;500;CARD
REC-20260806-STORE_01-0308;STORE_01;CASH-02;2026-08-06 10:36:55;SKU-001;3;45000;1000;CARD
REC-20260806-STORE_01-0309;STORE_01;CASH-06;2026-08-06 16:43:23;SKU-003;1;45000;0;CASH
REC-20260806-STORE_01-0309;STORE_01;CASH-03;2026-08-06 16:43:23;SKU-003;1;45000;1000;CARD
REC-20260806-STORE_01-0309;STORE_01;CASH-02;2026-08-06 16:43:23;SKU-003;4;45000;0;CASH
REC-20260806-STORE_01-0309;STORE_01;CASH-04;2026-08-06 16:43:23;SKU-006;4;45000;0;CARD
REC-20260806-STORE_01-0309;STORE_01;CASH-01;2026-08-06 16:43:23;SKU-021;3;5000;0;CARD
REC-20260806-STORE_01-0310;STORE_01;CASH-02;2026-08-06 19:56:46;SKU-001;4;45000;0;CARD
REC-20260806-STORE_01-0310;STORE_01;CASH-10;2026-08-06 19:56:46;SKU-023;3;45000;0;CASH
REC-20260806-STORE_01-0310;STORE_01;CASH-05;2026-08-06 19:56:46;SKU-035;4;5000;0;CASH
REC-20260806-STORE_01-0310;STORE_01;CASH-06;2026-08-06 19:56:46;SKU-001;1;45000;0;CARD
REC-20260806-STORE_01-0310;STORE_01;CASH-10;2026-08-06 19:56:46;SKU-040;3;25000;0;CARD
REC-20260806-STORE_01-0311;STORE_01;CASH-07;2026-08-06 10:11:36;SKU-001;2;45000;0;CARD
REC-20260806-STORE_01-0311;STORE_01;CASH-05;2026-08-06 10:11:36;SKU-023;3;45000;1000;CARD
REC-20260806-STORE_01-0311;STORE_01;CASH-05;2026-08-06 10:11:36;SKU-002;4;12000;500;CARD
REC-20260806-STORE_01-0311;STORE_01;CASH-03;2026-08-06 10:11:36;SKU-002;4;12000;0;CARD
REC-20260806-STORE_01-0311;STORE_01;CASH-02;2026-08-06 10:11:36;SKU-006;2;45000;0;CARD
REC-20260806-STORE_01-0312;STORE_01;CASH-09;2026-08-06 8:42:16;SKU-011;2;5000;1000;CASH
REC-20260806-STORE_01-0312;STORE_01;CASH-01;2026-08-06 8:42:16;SKU-032;2;25000;0;CARD
REC-20260806-STORE_01-0313;STORE_01;CASH-05;2026-08-06 11:24:54;SKU-003;3;45000;0;CARD
REC-20260806-STORE_01-0313;STORE_01;CASH-09;2026-08-06 11:24:54;SKU-004;2;25000;0;CARD
REC-20260806-STORE_01-0313;STORE_01;CASH-09;2026-08-06 11:24:54;SKU-003;2;45000;0;CARD
REC-20260806-STORE_01-0313;STORE_01;CASH-08;2026-08-06 11:24:54;SKU-010;4;25000;0;CASH
REC-20260806-STORE_01-0314;STORE_01;CASH-01;2026-08-06 10:26:11;SKU-017;4;12000;500;CASH
REC-20260806-STORE_01-0314;STORE_01;CASH-10;2026-08-06 10:26:11;SKU-002;4;12000;500;CARD
REC-20260806-STORE_01-0314;STORE_01;CASH-10;2026-08-06 10:26:11;SKU-016;3;25000;0;CASH
REC-20260806-STORE_01-0314;STORE_01;CASH-10;2026-08-06 10:26:11;SKU-002;2;12000;1000;CARD
REC-20260806-STORE_01-0315;STORE_01;CASH-05;2026-08-06 9:33:49;SKU-005;1;5000;0;CASH
REC-20260806-STORE_01-0316;STORE_01;CASH-07;2026-08-06 21:23:43;SKU-011;1;5000;0;CARD
REC-20260806-STORE_01-0316;STORE_01;CASH-06;2026-08-06 21:23:43;SKU-046;4;25000;500;CASH
REC-20260806-STORE_01-0316;STORE_01;CASH-02;2026-08-06 21:23:43;SKU-003;3;45000;500;CARD
REC-20260806-STORE_01-0317;STORE_01;CASH-07;2026-08-06 11:07:01;SKU-005;1;5000;0;CASH
REC-20260806-STORE_01-0317;STORE_01;CASH-08;2026-08-06 11:07:01;SKU-034;2;25000;500;CARD
REC-20260806-STORE_01-0317;STORE_01;CASH-06;2026-08-06 11:07:01;SKU-001;3;45000;1000;CARD
REC-20260806-STORE_01-0317;STORE_01;CASH-10;2026-08-06 11:07:01;SKU-002;4;12000;0;CARD
REC-20260806-STORE_01-0318;STORE_01;CASH-08;2026-08-06 20:54:52;SKU-024;4;12000;0;CARD
REC-20260806-STORE_01-0318;STORE_01;CASH-01;2026-08-06 20:54:52;SKU-003;4;45000;1000;CASH
REC-20260806-STORE_01-0319;STORE_01;CASH-01;2026-08-06 15:25:47;SKU-001;2;45000;1000;CASH
REC-20260806-STORE_01-0320;STORE_01;CASH-10;2026-08-06 8:23:54;SKU-011;4;5000;500;CARD
REC-20260806-STORE_01-0320;STORE_01;CASH-01;2026-08-06 8:23:54;SKU-002;1;12000;0;CASH
REC-20260806-STORE_01-0320;STORE_01;CASH-03;2026-08-06 8:23:54;SKU-005;4;5000;0;CARD
REC-20260806-STORE_01-0320;STORE_01;CASH-06;2026-08-06 8:23:54;SKU-027;1;5000;500;CASH
REC-20260806-STORE_01-0321;STORE_01;CASH-10;2026-08-06 8:00:17;SKU-001;1;45000;1000;CASH
REC-20260806-STORE_01-0321;STORE_01;CASH-10;2026-08-06 8:00:17;SKU-001;1;45000;1000;CARD
REC-20260806-STORE_01-0322;STORE_01;CASH-10;2026-08-06 14:12:07;SKU-036;3;45000;1000;CARD
REC-20260806-STORE_01-0323;STORE_01;CASH-09;2026-08-06 15:34:06;SKU-002;3;12000;0;CARD
REC-20260806-STORE_01-0323;STORE_01;CASH-05;2026-08-06 15:34:06;SKU-010;3;25000;0;CASH
REC-20260806-STORE_01-0323;STORE_01;CASH-06;2026-08-06 15:34:06;SKU-002;1;12000;0;CARD
REC-20260806-STORE_01-0324;STORE_01;CASH-10;2026-08-06 13:40:12;SKU-004;2;25000;0;CARD
REC-20260806-STORE_01-0324;STORE_01;CASH-01;2026-08-06 13:40:12;SKU-029;1;5000;0;CARD
REC-20260806-STORE_01-0324;STORE_01;CASH-05;2026-08-06 13:40:12;SKU-030;3;45000;0;CARD
REC-20260806-STORE_01-0325;STORE_01;CASH-03;2026-08-06 21:50:29;SKU-013;3;12000;0;CARD
REC-20260806-STORE_01-0325;STORE_01;CASH-01;2026-08-06 21:50:29;SKU-001;3;45000;500;CARD
REC-20260806-STORE_01-0325;STORE_01;CASH-03;2026-08-06 21:50:29;SKU-006;1;45000;0;CARD
REC-20260806-STORE_01-0326;STORE_01;CASH-07;2026-08-06 9:08:50;SKU-006;1;45000;500;CARD
REC-20260806-STORE_01-0326;STORE_01;CASH-01;2026-08-06 9:08:50;SKU-024;3;12000;0;CARD
REC-20260806-STORE_01-0326;STORE_01;CASH-02;2026-08-06 9:08:50;SKU-006;3;45000;0;CARD
REC-20260806-STORE_01-0326;STORE_01;CASH-05;2026-08-06 9:08:50;SKU-036;4;45000;1000;CASH
REC-20260806-STORE_01-0326;STORE_01;CASH-08;2026-08-06 9:08:50;SKU-004;2;25000;0;CARD
REC-20260806-STORE_01-0327;STORE_01;CASH-01;2026-08-06 17:15:49;SKU-005;3;5000;1000;CARD
REC-20260806-STORE_01-0327;STORE_01;CASH-10;2026-08-06 17:15:49;SKU-002;1;12000;0;CARD
REC-20260806-STORE_01-0327;STORE_01;CASH-09;2026-08-06 17:15:49;SKU-017;2;12000;0;CARD
REC-20260806-STORE_01-0327;STORE_01;CASH-04;2026-08-06 17:15:49;SKU-031;3;45000;0;CASH
REC-20260806-STORE_01-0328;STORE_01;CASH-05;2026-08-06 13:44:18;SKU-042;4;5000;1000;CARD
REC-20260806-STORE_01-0328;STORE_01;CASH-02;2026-08-06 13:44:18;SKU-002;2;12000;500;CARD
REC-20260806-STORE_01-0328;STORE_01;CASH-03;2026-08-06 13:44:18;SKU-042;4;5000;0;CARD
REC-20260806-STORE_01-0328;STORE_01;CASH-08;2026-08-06 13:44:18;SKU-009;2;25000;0;CARD
REC-20260806-STORE_01-0329;STORE_01;CASH-03;2026-08-06 14:12:18;SKU-045;3;45000;0;CASH
REC-20260806-STORE_01-0329;STORE_01;CASH-05;2026-08-06 14:12:18;SKU-006;1;45000;0;CARD
REC-20260806-STORE_01-0329;STORE_01;CASH-01;2026-08-06 14:12:18;SKU-041;2;25000;0;CASH
REC-20260806-STORE_01-0330;STORE_01;CASH-01;2026-08-06 8:45:16;SKU-001;1;45000;0;CARD
REC-20260806-STORE_01-0330;STORE_01;CASH-05;2026-08-06 8:45:16;SKU-019;4;25000;0;CARD
REC-20260806-STORE_01-0331;STORE_01;CASH-05;2026-08-06 20:45:15;SKU-011;3;5000;500;CASH
REC-20260806-STORE_01-0332;STORE_01;CASH-09;2026-08-06 8:13:03;SKU-014;1;5000;0;CARD
REC-20260806-STORE_01-0332;STORE_01;CASH-03;2026-08-06 8:13:03;SKU-027;4;5000;0;CASH
REC-20260806-STORE_01-0332;STORE_01;CASH-07;2026-08-06 8:13:03;SKU-001;4;45000;0;CARD
REC-20260806-STORE_01-0332;STORE_01;CASH-05;2026-08-06 8:13:03;SKU-006;4;45000;1000;CASH
REC-20260806-STORE_01-0332;STORE_01;CASH-07;2026-08-06 8:13:03;SKU-001;1;45000;0;CARD
REC-20260806-STORE_01-0333;STORE_01;CASH-05;2026-08-06 21:12:51;SKU-001;4;45000;0;CARD
REC-20260806-STORE_01-0333;STORE_01;CASH-04;2026-08-06 21:12:51;SKU-030;1;45000;0;CARD
REC-20260806-STORE_01-0333;STORE_01;CASH-01;2026-08-06 21:12:51;SKU-026;3;12000;0;CASH
REC-20260806-STORE_01-0333;STORE_01;CASH-04;2026-08-06 21:12:51;SKU-038;2;12000;0;CARD
REC-20260806-STORE_01-0334;STORE_01;CASH-10;2026-08-06 21:04:57;SKU-009;2;25000;0;CARD
REC-20260806-STORE_01-0334;STORE_01;CASH-05;2026-08-06 21:04:57;SKU-047;4;5000;500;CARD
REC-20260806-STORE_01-0335;STORE_01;CASH-05;2026-08-06 14:23:24;SKU-006;1;45000;500;CASH
REC-20260806-STORE_01-0335;STORE_01;CASH-10;2026-08-06 14:23:24;SKU-001;1;45000;1000;CASH
REC-20260806-STORE_01-0335;STORE_01;CASH-03;2026-08-06 14:23:24;SKU-005;1;5000;1000;CARD
REC-20260806-STORE_01-0336;STORE_01;CASH-03;2026-08-06 17:54:08;SKU-001;4;45000;500;CASH
REC-20260806-STORE_01-0336;STORE_01;CASH-07;2026-08-06 17:54:08;SKU-035;2;5000;0;CASH
REC-20260806-STORE_01-0337;STORE_01;CASH-09;2026-08-06 9:13:47;SKU-002;4;12000;0;CARD
REC-20260806-STORE_01-0337;STORE_01;CASH-07;2026-08-06 9:13:47;SKU-007;3;12000;0;CARD
REC-20260806-STORE_01-0337;STORE_01;CASH-10;2026-08-06 9:13:47;SKU-007;2;12000;0;CARD
REC-20260806-STORE_01-0337;STORE_01;CASH-03;2026-08-06 9:13:47;SKU-034;1;25000;0;CASH
REC-20260806-STORE_01-0337;STORE_01;CASH-02;2026-08-06 9:13:47;SKU-002;1;12000;0;CASH
REC-20260806-STORE_01-0338;STORE_01;CASH-07;2026-08-06 13:07:04;SKU-019;4;25000;0;CARD
REC-20260806-STORE_01-0339;STORE_01;CASH-08;2026-08-06 11:08:35;SKU-038;3;12000;1000;CASH
REC-20260806-STORE_01-0340;STORE_01;CASH-04;2026-08-06 17:24:11;SKU-002;2;12000;0;CASH
REC-20260806-STORE_01-0341;STORE_01;CASH-03;2026-08-06 9:47:11;SKU-001;2;45000;0;CARD
REC-20260806-STORE_01-0341;STORE_01;CASH-04;2026-08-06 9:47:11;SKU-004;2;25000;0;CASH
REC-20260806-STORE_01-0341;STORE_01;CASH-09;2026-08-06 9:47:11;SKU-035;3;5000;1000;CASH
REC-20260806-STORE_01-0341;STORE_01;CASH-02;2026-08-06 9:47:11;SKU-030;4;45000;0;CARD
REC-20260806-STORE_01-0341;STORE_01;CASH-08;2026-08-06 9:47:11;SKU-007;1;12000;0;CARD
REC-20260806-STORE_01-0342;STORE_01;CASH-03;2026-08-06 17:59:25;SKU-001;4;45000;0;CARD
REC-20260806-STORE_01-0342;STORE_01;CASH-08;2026-08-06 17:59:25;SKU-008;3;12000;0;CARD
REC-20260806-STORE_01-0342;STORE_01;CASH-10;2026-08-06 17:59:25;SKU-002;3;12000;0;CASH
REC-20260806-STORE_01-0342;STORE_01;CASH-07;2026-08-06 17:59:25;SKU-050;3;25000;0;CASH
REC-20260806-STORE_01-0342;STORE_01;CASH-08;2026-08-06 17:59:25;SKU-001;1;45000;500;CARD
REC-20260806-STORE_01-0343;STORE_01;CASH-09;2026-08-06 13:45:38;SKU-005;2;5000;0;CASH
REC-20260806-STORE_01-0344;STORE_01;CASH-07;2026-08-06 10:48:30;SKU-048;2;25000;0;CARD
REC-20260806-STORE_01-0344;STORE_01;CASH-10;2026-08-06 10:48:30;SKU-011;1;5000;0;CASH
REC-20260806-STORE_01-0344;STORE_01;CASH-04;2026-08-06 10:48:30;SKU-002;3;12000;500;CARD
REC-20260806-STORE_01-0344;STORE_01;CASH-02;2026-08-06 10:48:30;SKU-011;1;5000;500;CARD
REC-20260806-STORE_01-0345;STORE_01;CASH-03;2026-08-06 10:15:04;SKU-007;1;12000;0;CARD
REC-20260806-STORE_01-0345;STORE_01;CASH-03;2026-08-06 10:15:04;SKU-003;2;45000;0;CARD
REC-20260806-STORE_01-0345;STORE_01;CASH-05;2026-08-06 10:15:04;SKU-008;4;12000;0;CASH
REC-20260806-STORE_01-0345;STORE_01;CASH-07;2026-08-06 10:15:04;SKU-007;3;12000;1000;CARD
REC-20260806-STORE_01-0345;STORE_01;CASH-06;2026-08-06 10:15:04;SKU-045;2;45000;0;CASH
REC-20260806-STORE_01-0346;STORE_01;CASH-02;2026-08-06 20:00:05;SKU-013;2;12000;0;CARD
REC-20260806-STORE_01-0346;STORE_01;CASH-08;2026-08-06 20:00:05;SKU-004;2;25000;0;CASH
REC-20260806-STORE_01-0346;STORE_01;CASH-10;2026-08-06 20:00:05;SKU-045;2;45000;0;CARD
REC-20260806-STORE_01-0346;STORE_01;CASH-04;2026-08-06 20:00:05;SKU-002;2;12000;0;CARD
REC-20260806-STORE_01-0347;STORE_01;CASH-03;2026-08-06 11:00:03;SKU-001;1;45000;0;CARD
REC-20260806-STORE_01-0347;STORE_01;CASH-09;2026-08-06 11:00:03;SKU-005;4;5000;0;CARD
REC-20260806-STORE_01-0347;STORE_01;CASH-10;2026-08-06 11:00:03;SKU-005;1;5000;0;CARD
REC-20260806-STORE_01-0347;STORE_01;CASH-03;2026-08-06 11:00:03;SKU-003;1;45000;0;CARD
REC-20260806-STORE_01-0347;STORE_01;CASH-01;2026-08-06 11:00:03;SKU-007;2;12000;1000;CARD
REC-20260806-STORE_01-0348;STORE_01;CASH-09;2026-08-06 8:41:46;SKU-007;2;12000;0;CARD
REC-20260806-STORE_01-0348;STORE_01;CASH-09;2026-08-06 8:41:46;SKU-037;3;45000;0;CARD
REC-20260806-STORE_01-0348;STORE_01;CASH-10;2026-08-06 8:41:46;SKU-009;1;25000;0;CASH
REC-20260806-STORE_01-0349;STORE_01;CASH-05;2026-08-06 10:43:19;SKU-002;1;12000;0;CARD
REC-20260806-STORE_01-0349;STORE_01;CASH-02;2026-08-06 10:43:19;SKU-023;2;45000;0;CARD
REC-20260806-STORE_01-0350;STORE_01;CASH-06;2026-08-06 11:44:39;SKU-016;3;25000;1000;CASH
REC-20260806-STORE_01-0350;STORE_01;CASH-02;2026-08-06 11:44:39;SKU-002;4;12000;1000;CARD
REC-20260806-STORE_01-0350;STORE_01;CASH-08;2026-08-06 11:44:39;SKU-017;3;12000;0;CASH
REC-20260806-STORE_01-0351;STORE_01;CASH-02;2026-08-06 19:46:31;SKU-001;3;45000;0;CARD
REC-20260806-STORE_01-0351;STORE_01;CASH-08;2026-08-06 19:46:31;SKU-010;2;25000;500;CARD
REC-20260806-STORE_01-0351;STORE_01;CASH-10;2026-08-06 19:46:31;SKU-001;2;45000;0;CARD
REC-20260806-STORE_01-0352;STORE_01;CASH-09;2026-08-06 15:27:36;SKU-029;4;5000;500;CASH
REC-20260806-STORE_01-0352;STORE_01;CASH-09;2026-08-06 15:27:36;SKU-012;1;45000;0;CARD
REC-20260806-STORE_01-0353;STORE_01;CASH-08;2026-08-06 17:28:25;SKU-012;2;45000;0;CARD
REC-20260806-STORE_01-0353;STORE_01;CASH-06;2026-08-06 17:28:25;SKU-001;1;45000;500;CASH
REC-20260806-STORE_01-0353;STORE_01;CASH-10;2026-08-06 17:28:25;SKU-016;3;25000;1000;CARD
REC-20260806-STORE_01-0353;STORE_01;CASH-03;2026-08-06 17:28:25;SKU-016;1;25000;0;CARD
REC-20260806-STORE_01-0353;STORE_01;CASH-06;2026-08-06 17:28:25;SKU-018;2;5000;0;CARD
REC-20260806-STORE_01-0354;STORE_01;CASH-10;2026-08-06 18:25:31;SKU-014;4;5000;500;CASH
REC-20260806-STORE_01-0354;STORE_01;CASH-07;2026-08-06 18:25:31;SKU-002;4;12000;0;CARD
REC-20260806-STORE_01-0354;STORE_01;CASH-01;2026-08-06 18:25:31;SKU-025;1;5000;500;CASH
REC-20260806-STORE_01-0354;STORE_01;CASH-04;2026-08-06 18:25:31;SKU-001;3;45000;0;CASH
REC-20260806-STORE_01-0355;STORE_01;CASH-09;2026-08-06 17:05:01;SKU-009;4;25000;0;CARD
REC-20260806-STORE_01-0355;STORE_01;CASH-05;2026-08-06 17:05:01;SKU-001;4;45000;1000;CASH
REC-20260806-STORE_01-0356;STORE_01;CASH-06;2026-08-06 12:03:22;SKU-006;4;45000;500;CASH
REC-20260806-STORE_01-0356;STORE_01;CASH-03;2026-08-06 12:03:22;SKU-038;4;12000;1000;CARD
REC-20260806-STORE_01-0356;STORE_01;CASH-06;2026-08-06 12:03:22;SKU-001;4;45000;1000;CARD
REC-20260806-STORE_01-0356;STORE_01;CASH-04;2026-08-06 12:03:22;SKU-023;1;45000;1000;CARD
REC-20260806-STORE_01-0357;STORE_01;CASH-01;2026-08-06 11:08:46;SKU-008;1;12000;0;CARD
REC-20260806-STORE_01-0357;STORE_01;CASH-05;2026-08-06 11:08:46;SKU-002;2;12000;0;CARD
REC-20260806-STORE_01-0357;STORE_01;CASH-02;2026-08-06 11:08:46;SKU-001;4;45000;0;CARD
REC-20260806-STORE_01-0357;STORE_01;CASH-07;2026-08-06 11:08:46;SKU-022;3;12000;500;CARD
REC-20260806-STORE_01-0358;STORE_01;CASH-09;2026-08-06 12:51:33;SKU-003;2;45000;500;CASH
REC-20260806-STORE_01-0358;STORE_01;CASH-07;2026-08-06 12:51:33;SKU-001;2;45000;500;CARD
REC-20260806-STORE_01-0358;STORE_01;CASH-08;2026-08-06 12:51:33;SKU-006;1;45000;0;CASH
REC-20260806-STORE_01-0359;STORE_01;CASH-09;2026-08-06 11:43:05;SKU-001;4;45000;1000;CARD
REC-20260806-STORE_01-0359;STORE_01;CASH-05;2026-08-06 11:43:05;SKU-002;2;12000;500;CARD
REC-20260806-STORE_01-0359;STORE_01;CASH-02;2026-08-06 11:43:05;SKU-002;3;12000;500;CARD
REC-20260806-STORE_01-0360;STORE_01;CASH-07;2026-08-06 10:50:41;SKU-009;4;25000;0;CARD
REC-20260806-STORE_01-0360;STORE_01;CASH-01;2026-08-06 10:50:41;SKU-011;3;5000;0;CARD
REC-20260806-STORE_01-0360;STORE_01;CASH-10;2026-08-06 10:50:41;SKU-004;2;25000;500;CASH
REC-20260806-STORE_01-0360;STORE_01;CASH-10;2026-08-06 10:50:41;SKU-002;4;12000;0;CARD
REC-20260806-STORE_01-0360;STORE_01;CASH-02;2026-08-06 10:50:41;SKU-024;1;12000;500;CARD
REC-20260806-STORE_01-0361;STORE_01;CASH-10;2026-08-06 18:11:12;SKU-004;3;25000;0;CARD
REC-20260806-STORE_01-0361;STORE_01;CASH-02;2026-08-06 18:11:12;SKU-022;2;12000;1000;CARD
REC-20260806-STORE_01-0361;STORE_01;CASH-05;2026-08-06 18:11:12;SKU-027;1;5000;500;CARD
REC-20260806-STORE_01-0362;STORE_01;CASH-02;2026-08-06 21:07:45;SKU-003;2;45000;0;CARD
REC-20260806-STORE_01-0362;STORE_01;CASH-06;2026-08-06 21:07:45;SKU-002;2;12000;0;CARD
REC-20260806-STORE_01-0362;STORE_01;CASH-04;2026-08-06 21:07:45;SKU-001;4;45000;0;CARD
REC-20260806-STORE_01-0362;STORE_01;CASH-02;2026-08-06 21:07:45;SKU-006;4;45000;0;CASH
REC-20260806-STORE_01-0362;STORE_01;CASH-03;2026-08-06 21:07:45;SKU-018;1;5000;0;CARD
REC-20260806-STORE_01-0363;STORE_01;CASH-04;2026-08-06 17:55:46;SKU-018;3;5000;0;CARD
REC-20260806-STORE_01-0363;STORE_01;CASH-08;2026-08-06 17:55:46;SKU-002;3;12000;0;CASH
REC-20260806-STORE_01-0363;STORE_01;CASH-06;2026-08-06 17:55:46;SKU-015;1;5000;0;CARD
REC-20260806-STORE_01-0364;STORE_01;CASH-08;2026-08-06 8:56:13;SKU-001;1;45000;500;CARD
REC-20260806-STORE_01-0364;STORE_01;CASH-09;2026-08-06 8:56:13;SKU-001;4;45000;0;CARD
REC-20260806-STORE_01-0365;STORE_01;CASH-07;2026-08-06 12:13:17;SKU-002;3;12000;0;CARD
REC-20260806-STORE_01-0365;STORE_01;CASH-10;2026-08-06 12:13:17;SKU-035;3;5000;0;CASH
REC-20260806-STORE_01-0366;STORE_01;CASH-03;2026-08-06 15:18:00;SKU-012;2;45000;500;CARD
REC-20260806-STORE_01-0367;STORE_01;CASH-10;2026-08-06 18:53:48;SKU-016;3;25000;1000;CARD
REC-20260806-STORE_01-0367;STORE_01;CASH-03;2026-08-06 18:53:48;SKU-013;2;12000;500;CARD
REC-20260806-STORE_01-0367;STORE_01;CASH-02;2026-08-06 18:53:48;SKU-009;2;25000;0;CARD
REC-20260806-STORE_01-0367;STORE_01;CASH-02;2026-08-06 18:53:48;SKU-042;2;5000;0;CASH
REC-20260806-STORE_01-0368;STORE_01;CASH-01;2026-08-06 16:54:51;SKU-009;3;25000;0;CARD
REC-20260806-STORE_01-0369;STORE_01;CASH-03;2026-08-06 14:17:25;SKU-005;4;5000;500;CARD
REC-20260806-STORE_01-0369;STORE_01;CASH-03;2026-08-06 14:17:25;SKU-013;1;12000;0;CARD
REC-20260806-STORE_01-0369;STORE_01;CASH-02;2026-08-06 14:17:25;SKU-005;1;5000;0;CASH
REC-20260806-STORE_01-0369;STORE_01;CASH-06;2026-08-06 14:17:25;SKU-002;1;12000;0;CASH
REC-20260806-STORE_01-0370;STORE_01;CASH-10;2026-08-06 16:33:10;SKU-002;3;12000;0;CARD
REC-20260806-STORE_01-0370;STORE_01;CASH-04;2026-08-06 16:33:10;SKU-006;3;45000;0;CASH
REC-20260806-STORE_01-0370;STORE_01;CASH-05;2026-08-06 16:33:10;SKU-023;1;45000;0;CARD
REC-20260806-STORE_01-0371;STORE_01;CASH-05;2026-08-06 14:46:42;SKU-024;1;12000;0;CARD
REC-20260806-STORE_01-0372;STORE_01;CASH-06;2026-08-06 17:47:29;SKU-003;2;45000;0;CARD
REC-20260806-STORE_01-0373;STORE_01;CASH-07;2026-08-06 18:33:17;SKU-039;2;5000;0;CARD
REC-20260806-STORE_01-0373;STORE_01;CASH-05;2026-08-06 18:33:17;SKU-008;3;12000;500;CARD
REC-20260806-STORE_01-0373;STORE_01;CASH-01;2026-08-06 18:33:17;SKU-036;1;45000;0;CARD
REC-20260806-STORE_01-0374;STORE_01;CASH-09;2026-08-06 11:55:31;SKU-001;4;45000;1000;CARD
REC-20260806-STORE_01-0374;STORE_01;CASH-06;2026-08-06 11:55:31;SKU-001;2;45000;500;CASH
REC-20260806-STORE_01-0374;STORE_01;CASH-03;2026-08-06 11:55:31;SKU-021;1;5000;0;CARD
REC-20260806-STORE_01-0374;STORE_01;CASH-06;2026-08-06 11:55:31;SKU-001;3;45000;0;CARD
REC-20260806-STORE_01-0374;STORE_01;CASH-02;2026-08-06 11:55:31;SKU-008;4;12000;0;CARD
REC-20260806-STORE_01-0375;STORE_01;CASH-01;2026-08-06 13:03:34;SKU-001;1;45000;0;CARD
REC-20260806-STORE_01-0376;STORE_01;CASH-07;2026-08-06 19:54:11;SKU-003;2;45000;0;CARD
REC-20260806-STORE_01-0377;STORE_01;CASH-02;2026-08-06 9:56:25;SKU-003;2;45000;1000;CARD
REC-20260806-STORE_01-0377;STORE_01;CASH-06;2026-08-06 9:56:25;SKU-002;4;12000;0;CARD
REC-20260806-STORE_01-0377;STORE_01;CASH-07;2026-08-06 9:56:25;SKU-001;3;45000;0;CARD
REC-20260806-STORE_01-0377;STORE_01;CASH-10;2026-08-06 9:56:25;SKU-049;2;5000;1000;CARD
REC-20260806-STORE_01-0377;STORE_01;CASH-07;2026-08-06 9:56:25;SKU-042;3;5000;500;CASH
REC-20260806-STORE_01-0378;STORE_01;CASH-10;2026-08-06 17:13:16;SKU-001;2;45000;0;CASH
REC-20260806-STORE_01-0379;STORE_01;CASH-06;2026-08-06 11:52:24;SKU-001;3;45000;0;CARD
REC-20260806-STORE_01-0380;STORE_01;CASH-07;2026-08-06 19:58:10;SKU-004;2;25000;0;CARD
REC-20260806-STORE_01-0380;STORE_01;CASH-02;2026-08-06 19:58:10;SKU-002;1;12000;500;CASH
REC-20260806-STORE_01-0380;STORE_01;CASH-09;2026-08-06 19:58:10;SKU-005;2;5000;0;CARD
REC-20260806-STORE_01-0380;STORE_01;CASH-02;2026-08-06 19:58:10;SKU-001;3;45000;0;CARD
REC-20260806-STORE_01-0381;STORE_01;CASH-03;2026-08-06 21:22:28;SKU-028;1;5000;1000;CASH
REC-20260806-STORE_01-0381;STORE_01;CASH-01;2026-08-06 21:22:28;SKU-001;2;45000;0;CASH
REC-20260806-STORE_01-0381;STORE_01;CASH-10;2026-08-06 21:22:28;SKU-005;1;5000;500;CASH
REC-20260806-STORE_01-0382;STORE_01;CASH-05;2026-08-06 8:39:37;SKU-007;3;12000;0;CARD
REC-20260806-STORE_01-0382;STORE_01;CASH-01;2026-08-06 8:39:37;SKU-030;1;45000;0;CARD
REC-20260806-STORE_01-0382;STORE_01;CASH-02;2026-08-06 8:39:37;SKU-006;3;45000;1000;CARD
REC-20260806-STORE_01-0382;STORE_01;CASH-10;2026-08-06 8:39:37;SKU-004;1;25000;0;CASH
REC-20260806-STORE_01-0382;STORE_01;CASH-09;2026-08-06 8:39:37;SKU-001;1;45000;1000;CARD
REC-20260806-STORE_01-0383;STORE_01;CASH-09;2026-08-06 8:54:17;SKU-012;1;45000;0;CARD
REC-20260806-STORE_01-0383;STORE_01;CASH-01;2026-08-06 8:54:17;SKU-005;3;5000;500;CASH
REC-20260806-STORE_01-0383;STORE_01;CASH-09;2026-08-06 8:54:17;SKU-011;3;5000;0;CARD
REC-20260806-STORE_01-0383;STORE_01;CASH-07;2026-08-06 8:54:17;SKU-009;4;25000;500;CARD
REC-20260806-STORE_01-0383;STORE_01;CASH-03;2026-08-06 8:54:17;SKU-025;3;5000;0;CARD
REC-20260806-STORE_01-0384;STORE_01;CASH-05;2026-08-06 11:29:24;SKU-016;1;25000;0;CARD
REC-20260806-STORE_01-0384;STORE_01;CASH-07;2026-08-06 11:29:24;SKU-006;3;45000;0;CARD
REC-20260806-STORE_01-0384;STORE_01;CASH-02;2026-08-06 11:29:24;SKU-002;3;12000;500;CARD
REC-20260806-STORE_01-0384;STORE_01;CASH-10;2026-08-06 11:29:24;SKU-010;1;25000;0;CASH
REC-20260806-STORE_01-0384;STORE_01;CASH-05;2026-08-06 11:29:24;SKU-005;4;5000;0;CARD
REC-20260806-STORE_01-0385;STORE_01;CASH-02;2026-08-06 13:44:42;SKU-039;3;5000;0;CARD
REC-20260806-STORE_01-0386;STORE_01;CASH-04;2026-08-06 17:08:10;SKU-031;3;45000;0;CARD
REC-20260806-STORE_01-0386;STORE_01;CASH-08;2026-08-06 17:08:10;SKU-022;1;12000;0;CARD
REC-20260806-STORE_01-0387;STORE_01;CASH-07;2026-08-06 18:10:19;SKU-005;3;5000;0;CARD
REC-20260806-STORE_01-0387;STORE_01;CASH-02;2026-08-06 18:10:19;SKU-001;2;45000;0;CARD
REC-20260806-STORE_01-0388;STORE_01;CASH-05;2026-08-06 14:27:14;SKU-036;4;45000;500;CASH
REC-20260806-STORE_01-0388;STORE_01;CASH-05;2026-08-06 14:27:14;SKU-012;3;45000;0;CARD
REC-20260806-STORE_01-0388;STORE_01;CASH-02;2026-08-06 14:27:14;SKU-002;2;12000;1000;CARD
REC-20260806-STORE_01-0388;STORE_01;CASH-03;2026-08-06 14:27:14;SKU-010;3;25000;500;CARD
REC-20260806-STORE_01-0388;STORE_01;CASH-02;2026-08-06 14:27:14;SKU-001;2;45000;0;CARD
REC-20260806-STORE_01-0389;STORE_01;CASH-04;2026-08-06 15:29:01;SKU-001;4;45000;500;CASH
REC-20260806-STORE_01-0389;STORE_01;CASH-05;2026-08-06 15:29:01;SKU-006;4;45000;500;CARD
REC-20260806-STORE_01-0389;STORE_01;CASH-02;2026-08-06 15:29:01;SKU-042;3;5000;0;CARD
REC-20260806-STORE_01-0390;STORE_01;CASH-07;2026-08-06 19:11:42;SKU-033;3;5000;0;CASH
REC-20260806-STORE_01-0390;STORE_01;CASH-02;2026-08-06 19:11:42;SKU-005;3;5000;1000;CASH
REC-20260806-STORE_01-0390;STORE_01;CASH-08;2026-08-06 19:11:42;SKU-007;3;12000;0;CARD
REC-20260806-STORE_01-0390;STORE_01;CASH-04;2026-08-06 19:11:42;SKU-001;4;45000;1000;CARD
REC-20260806-STORE_01-0390;STORE_01;CASH-06;2026-08-06 19:11:42;SKU-002;4;12000;0;CARD
REC-20260806-STORE_01-0391;STORE_01;CASH-01;2026-08-06 13:18:07;SKU-001;3;45000;1000;CARD
REC-20260806-STORE_01-0392;STORE_01;CASH-06;2026-08-06 14:37:59;SKU-004;4;25000;1000;CASH
REC-20260806-STORE_01-0392;STORE_01;CASH-04;2026-08-06 14:37:59;SKU-034;3;25000;0;CARD
REC-20260806-STORE_01-0392;STORE_01;CASH-05;2026-08-06 14:37:59;SKU-043;1;25000;0;CARD
REC-20260806-STORE_01-0393;STORE_01;CASH-01;2026-08-06 15:27:05;SKU-005;4;5000;0;CASH
REC-20260806-STORE_01-0393;STORE_01;CASH-05;2026-08-06 15:27:05;SKU-001;4;45000;500;CARD
REC-20260806-STORE_01-0393;STORE_01;CASH-08;2026-08-06 15:27:05;SKU-002;1;12000;0;CARD
REC-20260806-STORE_01-0394;STORE_01;CASH-03;2026-08-06 13:03:18;SKU-001;4;45000;1000;CARD
REC-20260806-STORE_01-0394;STORE_01;CASH-05;2026-08-06 13:03:18;SKU-040;1;25000;500;CASH
REC-20260806-STORE_01-0394;STORE_01;CASH-03;2026-08-06 13:03:18;SKU-013;1;12000;0;CARD
REC-20260806-STORE_01-0395;STORE_01;CASH-01;2026-08-06 14:09:03;SKU-032;1;25000;0;CARD
REC-20260806-STORE_01-0395;STORE_01;CASH-05;2026-08-06 14:09:03;SKU-001;1;45000;0;CARD
REC-20260806-STORE_01-0395;STORE_01;CASH-07;2026-08-06 14:09:03;SKU-017;3;12000;500;CARD
REC-20260806-STORE_01-0395;STORE_01;CASH-02;2026-08-06 14:09:03;SKU-004;4;25000;0;CASH
REC-20260806-STORE_01-0396;STORE_01;CASH-09;2026-08-06 11:38:23;SKU-001;4;45000;1000;CARD
REC-20260806-STORE_01-0396;STORE_01;CASH-06;2026-08-06 11:38:23;SKU-009;4;25000;0;CASH
REC-20260806-STORE_01-0396;STORE_01;CASH-03;2026-08-06 11:38:23;SKU-004;1;25000;1000;CASH
REC-20260806-STORE_01-0396;STORE_01;CASH-04;2026-08-06 11:38:23;SKU-004;4;25000;500;CARD
REC-20260806-STORE_01-0396;STORE_01;CASH-09;2026-08-06 11:38:23;SKU-035;3;5000;1000;CARD
REC-20260806-STORE_01-0397;STORE_01;CASH-01;2026-08-06 20:42:31;SKU-001;4;45000;0;CASH
REC-20260806-STORE_01-0397;STORE_01;CASH-05;2026-08-06 20:42:31;SKU-010;4;25000;0;CASH
REC-20260806-STORE_01-0397;STORE_01;CASH-04;2026-08-06 20:42:31;SKU-016;1;25000;0;CASH
REC-20260806-STORE_01-0397;STORE_01;CASH-07;2026-08-06 20:42:31;SKU-001;3;45000;1000;CARD
REC-20260806-STORE_01-0397;STORE_01;CASH-09;2026-08-06 20:42:31;SKU-024;2;12000;1000;CASH
REC-20260806-STORE_01-0398;STORE_01;CASH-01;2026-08-06 15:24:47;SKU-002;2;12000;1000;CARD
REC-20260806-STORE_01-0398;STORE_01;CASH-09;2026-08-06 15:24:47;SKU-016;4;25000;0;CARD
REC-20260806-STORE_01-0398;STORE_01;CASH-02;2026-08-06 15:24:47;SKU-021;3;5000;0;CARD
REC-20260806-STORE_01-0399;STORE_01;CASH-08;2026-08-06 20:43:34;SKU-001;1;45000;0;CASH
REC-20260806-STORE_01-0399;STORE_01;CASH-01;2026-08-06 20:43:34;SKU-021;2;5000;0;CARD
REC-20260806-STORE_01-0399;STORE_01;CASH-10;2026-08-06 20:43:34;SKU-015;4;5000;0;CARD
REC-20260806-STORE_01-0400;STORE_01;CASH-02;2026-08-06 18:25:54;SKU-039;1;5000;0;CARD
REC-20260806-STORE_01-0400;STORE_01;CASH-10;2026-08-06 18:25:54;SKU-017;1;12000;0;CARD
REC-20260806-STORE_01-0401;STORE_01;CASH-07;2026-08-06 15:56:14;SKU-002;4;12000;0;CARD
REC-20260806-STORE_01-0401;STORE_01;CASH-08;2026-08-06 15:56:14;SKU-007;3;12000;0;CASH
REC-20260806-STORE_01-0401;STORE_01;CASH-05;2026-08-06 15:56:14;SKU-004;1;25000;0;CARD
REC-20260806-STORE_01-0402;STORE_01;CASH-07;2026-08-06 21:01:42;SKU-001;1;45000;0;CASH
REC-20260806-STORE_01-0402;STORE_01;CASH-01;2026-08-06 21:01:42;SKU-002;1;12000;1000;CARD
REC-20260806-STORE_01-0403;STORE_01;CASH-08;2026-08-06 18:49:59;SKU-016;1;25000;0;CARD
REC-20260806-STORE_01-0403;STORE_01;CASH-09;2026-08-06 18:49:59;SKU-002;3;12000;1000;CARD
REC-20260806-STORE_01-0403;STORE_01;CASH-04;2026-08-06 18:49:59;SKU-009;2;25000;500;CARD
REC-20260806-STORE_01-0403;STORE_01;CASH-05;2026-08-06 18:49:59;SKU-016;4;25000;500;CASH
REC-20260806-STORE_01-0403;STORE_01;CASH-09;2026-08-06 18:49:59;SKU-001;4;45000;1000;CASH
REC-20260806-STORE_01-0404;STORE_01;CASH-06;2026-08-06 13:41:25;SKU-002;2;12000;0;CARD
REC-20260806-STORE_01-0404;STORE_01;CASH-04;2026-08-06 13:41:25;SKU-041;4;25000;1000;CARD
REC-20260806-STORE_01-0404;STORE_01;CASH-09;2026-08-06 13:41:25;SKU-011;2;5000;0;CARD
REC-20260806-STORE_01-0405;STORE_01;CASH-02;2026-08-06 18:04:27;SKU-024;1;12000;1000;CARD
REC-20260806-STORE_01-0405;STORE_01;CASH-02;2026-08-06 18:04:27;SKU-003;1;45000;1000;CARD
REC-20260806-STORE_01-0406;STORE_01;CASH-06;2026-08-06 17:40:12;SKU-013;4;12000;0;CASH
REC-20260806-STORE_01-0406;STORE_01;CASH-05;2026-08-06 17:40:12;SKU-006;2;45000;500;CARD
REC-20260806-STORE_01-0406;STORE_01;CASH-03;2026-08-06 17:40:12;SKU-022;4;12000;0;CARD
REC-20260806-STORE_01-0407;STORE_01;CASH-06;2026-08-06 20:58:00;SKU-001;2;45000;0;CARD
REC-20260806-STORE_01-0407;STORE_01;CASH-10;2026-08-06 20:58:00;SKU-020;1;12000;0;CARD
REC-20260806-STORE_01-0407;STORE_01;CASH-09;2026-08-06 20:58:00;SKU-001;2;45000;1000;CARD
REC-20260806-STORE_01-0407;STORE_01;CASH-01;2026-08-06 20:58:00;SKU-020;2;12000;0;CASH
REC-20260806-STORE_01-0408;STORE_01;CASH-10;2026-08-06 16:05:28;SKU-003;3;45000;500;CASH
REC-20260806-STORE_01-0408;STORE_01;CASH-10;2026-08-06 16:05:28;SKU-049;4;5000;0;CARD
REC-20260806-STORE_01-0408;STORE_01;CASH-01;2026-08-06 16:05:28;SKU-016;2;25000;500;CARD
REC-20260806-STORE_01-0409;STORE_01;CASH-05;2026-08-06 20:54:02;SKU-017;1;12000;0;CASH
REC-20260806-STORE_01-0409;STORE_01;CASH-10;2026-08-06 20:54:02;SKU-003;4;45000;0;CASH
REC-20260806-STORE_01-0409;STORE_01;CASH-09;2026-08-06 20:54:02;SKU-011;1;5000;0;CASH
REC-20260806-STORE_01-0409;STORE_01;CASH-09;2026-08-06 20:54:02;SKU-010;3;25000;0;CARD
REC-20260806-STORE_01-0409;STORE_01;CASH-08;2026-08-06 20:54:02;SKU-005;4;5000;0;CARD
REC-20260806-STORE_01-0410;STORE_01;CASH-09;2026-08-06 8:05:12;SKU-002;1;12000;0;CARD
REC-20260806-STORE_01-0410;STORE_01;CASH-02;2026-08-06 8:05:12;SKU-001;4;45000;1000;CASH
REC-20260806-STORE_01-0411;STORE_01;CASH-06;2026-08-06 13:53:08;SKU-007;1;12000;500;CASH
REC-20260806-STORE_01-0411;STORE_01;CASH-01;2026-08-06 13:53:08;SKU-001;4;45000;1000;CARD
REC-20260806-STORE_01-0411;STORE_01;CASH-04;2026-08-06 13:53:08;SKU-004;1;25000;0;CARD
REC-20260806-STORE_01-0412;STORE_01;CASH-06;2026-08-06 17:11:23;SKU-001;2;45000;500;CARD
REC-20260806-STORE_01-0412;STORE_01;CASH-09;2026-08-06 17:11:23;SKU-005;3;5000;0;CARD
REC-20260806-STORE_01-0412;STORE_01;CASH-10;2026-08-06 17:11:23;SKU-002;2;12000;1000;CASH
REC-20260806-STORE_01-0412;STORE_01;CASH-10;2026-08-06 17:11:23;SKU-001;4;45000;0;CARD
REC-20260806-STORE_01-0412;STORE_01;CASH-09;2026-08-06 17:11:23;SKU-032;3;25000;500;CARD
REC-20260806-STORE_01-0413;STORE_01;CASH-02;2026-08-06 18:20:53;SKU-001;1;45000;0;CARD
REC-20260806-STORE_01-0414;STORE_01;CASH-10;2026-08-06 14:49:30;SKU-001;2;45000;500;CASH
REC-20260806-STORE_01-0414;STORE_01;CASH-04;2026-08-06 14:49:30;SKU-002;2;12000;1000;CARD
REC-20260806-STORE_01-0414;STORE_01;CASH-09;2026-08-06 14:49:30;SKU-002;3;12000;0;CARD
REC-20260806-STORE_01-0414;STORE_01;CASH-06;2026-08-06 14:49:30;SKU-008;3;12000;0;CASH
REC-20260806-STORE_01-0415;STORE_01;CASH-08;2026-08-06 20:26:32;SKU-022;3;12000;0;CARD
REC-20260806-STORE_01-0415;STORE_01;CASH-04;2026-08-06 20:26:32;SKU-004;4;25000;500;CARD
REC-20260806-STORE_01-0415;STORE_01;CASH-06;2026-08-06 20:26:32;SKU-001;2;45000;500;CARD
REC-20260806-STORE_01-0416;STORE_01;CASH-04;2026-08-06 14:17:08;SKU-003;2;45000;500;CARD
REC-20260806-STORE_01-0417;STORE_01;CASH-01;2026-08-06 16:35:30;SKU-049;4;5000;0;CARD
REC-20260806-STORE_01-0417;STORE_01;CASH-09;2026-08-06 16:35:30;SKU-048;3;25000;500;CARD
REC-20260806-STORE_01-0417;STORE_01;CASH-09;2026-08-06 16:35:30;SKU-001;2;45000;0;CASH
REC-20260806-STORE_01-0417;STORE_01;CASH-01;2026-08-06 16:35:30;SKU-045;3;45000;0;CARD
REC-20260806-STORE_01-0417;STORE_01;CASH-04;2026-08-06 16:35:30;SKU-004;2;25000;0;CASH
REC-20260806-STORE_01-0418;STORE_01;CASH-09;2026-08-06 19:11:51;SKU-004;2;25000;0;CARD
REC-20260806-STORE_01-0419;STORE_01;CASH-08;2026-08-06 9:54:25;SKU-001;3;45000;0;CARD
REC-20260806-STORE_01-0420;STORE_01;CASH-10;2026-08-06 13:48:17;SKU-001;3;45000;0;CARD
REC-20260806-STORE_01-0420;STORE_01;CASH-07;2026-08-06 13:48:17;SKU-008;1;12000;0;CARD
REC-20260806-STORE_01-0420;STORE_01;CASH-03;2026-08-06 13:48:17;SKU-003;4;45000;500;CASH
REC-20260806-STORE_01-0420;STORE_01;CASH-09;2026-08-06 13:48:17;SKU-002;2;12000;1000;CARD
REC-20260806-STORE_01-0420;STORE_01;CASH-06;2026-08-06 13:48:17;SKU-045;3;45000;0;CARD
REC-20260806-STORE_01-0421;STORE_01;CASH-03;2026-08-06 18:32:41;SKU-002;4;12000;0;CARD
REC-20260806-STORE_01-0421;STORE_01;CASH-04;2026-08-06 18:32:41;SKU-031;2;45000;0;CARD
REC-20260806-STORE_01-0421;STORE_01;CASH-05;2026-08-06 18:32:41;SKU-018;4;5000;1000;CARD
REC-20260806-STORE_01-0422;STORE_01;CASH-08;2026-08-06 9:54:07;SKU-024;2;12000;500;CARD
REC-20260806-STORE_01-0422;STORE_01;CASH-02;2026-08-06 9:54:07;SKU-001;2;45000;0;CARD
REC-20260806-STORE_01-0422;STORE_01;CASH-03;2026-08-06 9:54:07;SKU-007;3;12000;1000;CASH
REC-20260806-STORE_01-0423;STORE_01;CASH-04;2026-08-06 14:38:17;SKU-018;3;5000;0;CARD
REC-20260806-STORE_01-0423;STORE_01;CASH-01;2026-08-06 14:38:17;SKU-030;2;45000;0;CARD
REC-20260806-STORE_01-0423;STORE_01;CASH-03;2026-08-06 14:38:17;SKU-011;1;5000;1000;CASH
REC-20260806-STORE_01-0423;STORE_01;CASH-03;2026-08-06 14:38:17;SKU-022;4;12000;500;CARD
REC-20260806-STORE_01-0423;STORE_01;CASH-02;2026-08-06 14:38:17;SKU-015;2;5000;0;CASH
REC-20260806-STORE_01-0424;STORE_01;CASH-08;2026-08-06 11:28:59;SKU-001;4;45000;500;CASH
REC-20260806-STORE_01-0424;STORE_01;CASH-01;2026-08-06 11:28:59;SKU-001;4;45000;0;CARD
REC-20260806-STORE_01-0424;STORE_01;CASH-02;2026-08-06 11:28:59;SKU-010;2;25000;1000;CARD
REC-20260806-STORE_01-0424;STORE_01;CASH-06;2026-08-06 11:28:59;SKU-002;1;12000;0;CASH
REC-20260806-STORE_01-0425;STORE_01;CASH-05;2026-08-06 11:37:32;SKU-020;1;12000;500;CASH
REC-20260806-STORE_01-0425;STORE_01;CASH-07;2026-08-06 11:37:32;SKU-003;2;45000;0;CARD
REC-20260806-STORE_01-0425;STORE_01;CASH-01;2026-08-06 11:37:32;SKU-008;3;12000;0;CARD
REC-20260806-STORE_01-0425;STORE_01;CASH-03;2026-08-06 11:37:32;SKU-016;4;25000;0;CASH
REC-20260806-STORE_01-0425;STORE_01;CASH-07;2026-08-06 11:37:32;SKU-050;2;25000;0;CASH
REC-20260806-STORE_01-0426;STORE_01;CASH-03;2026-08-06 11:46:28;SKU-002;4;12000;500;CASH
REC-20260806-STORE_01-0427;STORE_01;CASH-04;2026-08-06 9:45:14;SKU-001;1;45000;500;CASH
REC-20260806-STORE_01-0427;STORE_01;CASH-04;2026-08-06 9:45:14;SKU-003;2;45000;500;CARD
REC-20260806-STORE_01-0427;STORE_01;CASH-09;2026-08-06 9:45:14;SKU-001;3;45000;0;CARD
REC-20260806-STORE_01-0427;STORE_01;CASH-04;2026-08-06 9:45:14;SKU-011;1;5000;0;CARD
REC-20260806-STORE_01-0428;STORE_01;CASH-01;2026-08-06 13:38:23;SKU-002;4;12000;1000;CARD
REC-20260806-STORE_01-0428;STORE_01;CASH-06;2026-08-06 13:38:23;SKU-031;1;45000;0;CASH
REC-20260806-STORE_01-0428;STORE_01;CASH-03;2026-08-06 13:38:23;SKU-002;4;12000;0;CARD
REC-20260806-STORE_01-0429;STORE_01;CASH-02;2026-08-06 19:13:51;SKU-003;3;45000;0;CASH
REC-20260806-STORE_01-0429;STORE_01;CASH-10;2026-08-06 19:13:51;SKU-013;2;12000;0;CARD
REC-20260806-STORE_01-0429;STORE_01;CASH-02;2026-08-06 19:13:51;SKU-003;1;45000;0;CASH
REC-20260806-STORE_01-0429;STORE_01;CASH-02;2026-08-06 19:13:51;SKU-039;4;5000;1000;CARD
REC-20260806-STORE_01-0429;STORE_01;CASH-06;2026-08-06 19:13:51;SKU-032;4;25000;1000;CASH
REC-20260806-STORE_01-0430;STORE_01;CASH-07;2026-08-06 9:56:41;SKU-006;4;45000;500;CARD
REC-20260806-STORE_01-0430;STORE_01;CASH-05;2026-08-06 9:56:41;SKU-005;4;5000;0;CASH
REC-20260806-STORE_01-0430;STORE_01;CASH-08;2026-08-06 9:56:41;SKU-006;4;45000;1000;CARD
REC-20260806-STORE_01-0430;STORE_01;CASH-08;2026-08-06 9:56:41;SKU-002;1;12000;500;CARD
REC-20260806-STORE_01-0431;STORE_01;CASH-09;2026-08-06 9:05:04;SKU-003;1;45000;500;CARD
REC-20260806-STORE_01-0431;STORE_01;CASH-01;2026-08-06 9:05:04;SKU-004;4;25000;0;CARD
REC-20260806-STORE_01-0431;STORE_01;CASH-08;2026-08-06 9:05:04;SKU-002;4;12000;1000;CASH
REC-20260806-STORE_01-0432;STORE_01;CASH-09;2026-08-06 9:21:35;SKU-003;3;45000;500;CARD
REC-20260806-STORE_01-0432;STORE_01;CASH-03;2026-08-06 9:21:35;SKU-002;3;12000;500;CARD
REC-20260806-STORE_01-0433;STORE_01;CASH-07;2026-08-06 17:34:14;SKU-021;2;5000;0;CASH
REC-20260806-STORE_01-0433;STORE_01;CASH-01;2026-08-06 17:34:14;SKU-004;2;25000;0;CASH
REC-20260806-STORE_01-0433;STORE_01;CASH-09;2026-08-06 17:34:14;SKU-016;4;25000;0;CARD
REC-20260806-STORE_01-0433;STORE_01;CASH-02;2026-08-06 17:34:14;SKU-001;2;45000;1000;CARD
REC-20260806-STORE_01-0433;STORE_01;CASH-04;2026-08-06 17:34:14;SKU-017;2;12000;0;CARD
REC-20260806-STORE_01-0434;STORE_01;CASH-02;2026-08-06 15:50:12;SKU-046;2;25000;1000;CARD
REC-20260806-STORE_01-0434;STORE_01;CASH-02;2026-08-06 15:50:12;SKU-019;3;25000;1000;CARD
REC-20260806-STORE_01-0434;STORE_01;CASH-05;2026-08-06 15:50:12;SKU-001;4;45000;0;CARD
REC-20260806-STORE_01-0434;STORE_01;CASH-03;2026-08-06 15:50:12;SKU-012;2;45000;500;CARD
REC-20260806-STORE_01-0435;STORE_01;CASH-03;2026-08-06 17:09:32;SKU-027;3;5000;0;CARD
REC-20260806-STORE_01-0435;STORE_01;CASH-02;2026-08-06 17:09:32;SKU-001;1;45000;0;CASH
REC-20260806-STORE_01-0435;STORE_01;CASH-02;2026-08-06 17:09:32;SKU-001;2;45000;0;CARD
REC-20260806-STORE_01-0435;STORE_01;CASH-01;2026-08-06 17:09:32;SKU-019;3;25000;0;CARD
REC-20260806-STORE_01-0436;STORE_01;CASH-03;2026-08-06 10:43:08;SKU-018;3;5000;0;CASH
REC-20260806-STORE_01-0436;STORE_01;CASH-05;2026-08-06 10:43:08;SKU-001;3;45000;500;CARD
REC-20260806-STORE_01-0437;STORE_01;CASH-08;2026-08-06 16:42:36;SKU-004;4;25000;0;CARD
REC-20260806-STORE_01-0437;STORE_01;CASH-03;2026-08-06 16:42:36;SKU-032;1;25000;0;CASH
REC-20260806-STORE_01-0437;STORE_01;CASH-07;2026-08-06 16:42:36;SKU-007;1;12000;0;CASH
REC-20260806-STORE_01-0437;STORE_01;CASH-02;2026-08-06 16:42:36;SKU-004;4;25000;0;CARD
REC-20260806-STORE_01-0437;STORE_01;CASH-03;2026-08-06 16:42:36;SKU-007;4;12000;0;CARD
REC-20260806-STORE_01-0438;STORE_01;CASH-08;2026-08-06 11:09:53;SKU-034;3;25000;0;CARD
REC-20260806-STORE_01-0438;STORE_01;CASH-07;2026-08-06 11:09:53;SKU-030;2;45000;0;CARD
REC-20260806-STORE_01-0439;STORE_01;CASH-02;2026-08-06 10:49:44;SKU-002;2;12000;0;CARD
REC-20260806-STORE_01-0440;STORE_01;CASH-01;2026-08-06 16:23:24;SKU-006;2;45000;0;CARD
REC-20260806-STORE_01-0440;STORE_01;CASH-10;2026-08-06 16:23:24;SKU-019;4;25000;500;CARD
REC-20260806-STORE_01-0440;STORE_01;CASH-08;2026-08-06 16:23:24;SKU-006;3;45000;500;CASH
REC-20260806-STORE_01-0440;STORE_01;CASH-10;2026-08-06 16:23:24;SKU-001;1;45000;0;CARD
REC-20260806-STORE_01-0441;STORE_01;CASH-07;2026-08-06 16:48:10;SKU-035;4;5000;500;CARD
REC-20260806-STORE_01-0441;STORE_01;CASH-09;2026-08-06 16:48:10;SKU-005;3;5000;0;CARD
REC-20260806-STORE_01-0441;STORE_01;CASH-08;2026-08-06 16:48:10;SKU-004;2;25000;1000;CARD
REC-20260806-STORE_01-0441;STORE_01;CASH-07;2026-08-06 16:48:10;SKU-001;1;45000;500;CARD
REC-20260806-STORE_01-0441;STORE_01;CASH-10;2026-08-06 16:48:10;SKU-005;1;5000;0;CASH
REC-20260806-STORE_01-0442;STORE_01;CASH-08;2026-08-06 10:49:17;SKU-009;3;25000;0;CARD
REC-20260806-STORE_01-0442;STORE_01;CASH-04;2026-08-06 10:49:17;SKU-017;3;12000;0;CARD
REC-20260806-STORE_01-0442;STORE_01;CASH-04;2026-08-06 10:49:17;SKU-001;4;45000;0;CASH
REC-20260806-STORE_01-0442;STORE_01;CASH-10;2026-08-06 10:49:17;SKU-002;3;12000;0;CARD
REC-20260806-STORE_01-0443;STORE_01;CASH-03;2026-08-06 19:02:22;SKU-018;3;5000;1000;CASH
REC-20260806-STORE_01-0443;STORE_01;CASH-06;2026-08-06 19:02:22;SKU-004;1;25000;0;CARD
REC-20260806-STORE_01-0443;STORE_01;CASH-03;2026-08-06 19:02:22;SKU-014;2;5000;0;CARD
REC-20260806-STORE_01-0443;STORE_01;CASH-05;2026-08-06 19:02:22;SKU-027;1;5000;0;CASH
REC-20260806-STORE_01-0443;STORE_01;CASH-08;2026-08-06 19:02:22;SKU-001;4;45000;1000;CARD
REC-20260806-STORE_01-0444;STORE_01;CASH-09;2026-08-06 17:28:00;SKU-002;3;12000;500;CARD
REC-20260806-STORE_01-0444;STORE_01;CASH-01;2026-08-06 17:28:00;SKU-001;4;45000;0;CARD
REC-20260806-STORE_01-0444;STORE_01;CASH-05;2026-08-06 17:28:00;SKU-004;3;25000;1000;CARD
REC-20260806-STORE_01-0444;STORE_01;CASH-02;2026-08-06 17:28:00;SKU-007;4;12000;0;CARD
REC-20260806-STORE_01-0444;STORE_01;CASH-01;2026-08-06 17:28:00;SKU-001;2;45000;1000;CASH
REC-20260806-STORE_01-0445;STORE_01;CASH-04;2026-08-06 10:12:36;SKU-001;3;45000;0;CASH
REC-20260806-STORE_01-0446;STORE_01;CASH-02;2026-08-06 19:12:18;SKU-008;1;12000;1000;CARD
REC-20260806-STORE_01-0446;STORE_01;CASH-02;2026-08-06 19:12:18;SKU-001;2;45000;0;CARD
REC-20260806-STORE_01-0446;STORE_01;CASH-03;2026-08-06 19:12:18;SKU-040;4;25000;500;CARD
REC-20260806-STORE_01-0447;STORE_01;CASH-09;2026-08-06 10:43:20;SKU-005;1;5000;0;CASH
REC-20260806-STORE_01-0447;STORE_01;CASH-02;2026-08-06 10:43:20;SKU-002;2;12000;0;CARD
REC-20260806-STORE_01-0447;STORE_01;CASH-08;2026-08-06 10:43:20;SKU-002;3;12000;1000;CASH
REC-20260806-STORE_01-0447;STORE_01;CASH-08;2026-08-06 10:43:20;SKU-010;2;25000;0;CARD
REC-20260806-STORE_01-0448;STORE_01;CASH-08;2026-08-06 11:59:02;SKU-014;1;5000;1000;CARD
REC-20260806-STORE_01-0448;STORE_01;CASH-07;2026-08-06 11:59:02;SKU-013;3;12000;0;CASH
REC-20260806-STORE_01-0448;STORE_01;CASH-04;2026-08-06 11:59:02;SKU-029;4;5000;0;CARD
REC-20260806-STORE_01-0448;STORE_01;CASH-09;2026-08-06 11:59:02;SKU-007;1;12000;0;CARD
REC-20260806-STORE_01-0449;STORE_01;CASH-07;2026-08-06 21:20:35;SKU-003;4;45000;1000;CASH
REC-20260806-STORE_01-0450;STORE_01;CASH-10;2026-08-06 19:55:40;SKU-002;4;12000;0;CASH
REC-20260806-STORE_01-0450;STORE_01;CASH-05;2026-08-06 19:55:40;SKU-001;4;45000;0;CARD
REC-20260806-STORE_01-0451;STORE_01;CASH-05;2026-08-06 14:36:32;SKU-003;1;45000;0;CARD
REC-20260806-STORE_01-0451;STORE_01;CASH-03;2026-08-06 14:36:32;SKU-019;1;25000;0;CARD
REC-20260806-STORE_01-0451;STORE_01;CASH-05;2026-08-06 14:36:32;SKU-033;3;5000;0;CASH
REC-20260806-STORE_01-0452;STORE_01;CASH-06;2026-08-06 18:09:40;SKU-009;4;25000;0;CARD
REC-20260806-STORE_01-0452;STORE_01;CASH-04;2026-08-06 18:09:40;SKU-031;4;45000;500;CARD
REC-20260806-STORE_01-0453;STORE_01;CASH-04;2026-08-06 13:37:49;SKU-006;4;45000;1000;CARD
REC-20260806-STORE_01-0454;STORE_01;CASH-02;2026-08-06 16:12:56;SKU-001;3;45000;500;CARD
REC-20260806-STORE_01-0454;STORE_01;CASH-03;2026-08-06 16:12:56;SKU-008;2;12000;0;CARD
REC-20260806-STORE_01-0455;STORE_01;CASH-07;2026-08-06 16:34:22;SKU-004;2;25000;500;CARD
REC-20260806-STORE_01-0455;STORE_01;CASH-04;2026-08-06 16:34:22;SKU-027;3;5000;0;CARD
REC-20260806-STORE_01-0455;STORE_01;CASH-04;2026-08-06 16:34:22;SKU-001;4;45000;500;CARD
REC-20260806-STORE_01-0455;STORE_01;CASH-09;2026-08-06 16:34:22;SKU-014;3;5000;500;CASH
REC-20260806-STORE_01-0455;STORE_01;CASH-10;2026-08-06 16:34:22;SKU-045;2;45000;0;CARD
REC-20260806-STORE_01-0456;STORE_01;CASH-08;2026-08-06 15:05:37;SKU-047;2;5000;500;CASH
REC-20260806-STORE_01-0456;STORE_01;CASH-04;2026-08-06 15:05:37;SKU-012;2;45000;1000;CASH
REC-20260806-STORE_01-0456;STORE_01;CASH-03;2026-08-06 15:05:37;SKU-003;4;45000;1000;CASH
REC-20260806-STORE_01-0456;STORE_01;CASH-01;2026-08-06 15:05:37;SKU-002;1;12000;0;CASH
REC-20260806-STORE_01-0456;STORE_01;CASH-04;2026-08-06 15:05:37;SKU-019;2;25000;500;CARD
REC-20260806-STORE_01-0457;STORE_01;CASH-04;2026-08-06 18:42:27;SKU-001;4;45000;0;CARD
REC-20260806-STORE_01-0457;STORE_01;CASH-10;2026-08-06 18:42:27;SKU-002;4;12000;0;CARD
REC-20260806-STORE_01-0457;STORE_01;CASH-03;2026-08-06 18:42:27;SKU-018;2;5000;0;CASH
REC-20260806-STORE_01-0458;STORE_01;CASH-02;2026-08-06 20:48:13;SKU-001;2;45000;0;CARD
REC-20260806-STORE_01-0458;STORE_01;CASH-02;2026-08-06 20:48:13;SKU-002;3;12000;1000;CARD
REC-20260806-STORE_01-0458;STORE_01;CASH-02;2026-08-06 20:48:13;SKU-002;2;12000;1000;CARD
REC-20260806-STORE_01-0459;STORE_01;CASH-05;2026-08-06 20:25:37;SKU-002;2;12000;500;CARD
REC-20260806-STORE_01-0459;STORE_01;CASH-08;2026-08-06 20:25:37;SKU-010;3;25000;0;CARD
REC-20260806-STORE_01-0460;STORE_01;CASH-10;2026-08-06 15:06:35;SKU-022;3;12000;500;CARD
REC-20260806-STORE_01-0460;STORE_01;CASH-04;2026-08-06 15:06:35;SKU-010;3;25000;500;CARD
REC-20260806-STORE_01-0460;STORE_01;CASH-04;2026-08-06 15:06:35;SKU-016;3;25000;500;CARD
REC-20260806-STORE_01-0460;STORE_01;CASH-04;2026-08-06 15:06:35;SKU-042;3;5000;0;CASH
REC-20260806-STORE_01-0460;STORE_01;CASH-01;2026-08-06 15:06:35;SKU-031;4;45000;0;CARD
REC-20260806-STORE_01-0461;STORE_01;CASH-06;2026-08-06 20:18:10;SKU-001;3;45000;0;CARD
REC-20260806-STORE_01-0461;STORE_01;CASH-05;2026-08-06 20:18:10;SKU-004;3;25000;0;CARD
REC-20260806-STORE_01-0462;STORE_01;CASH-05;2026-08-06 21:41:44;SKU-007;4;12000;500;CARD
REC-20260806-STORE_01-0462;STORE_01;CASH-03;2026-08-06 21:41:44;SKU-001;2;45000;1000;CARD
REC-20260806-STORE_01-0463;STORE_01;CASH-08;2026-08-06 11:52:26;SKU-025;2;5000;0;CARD
REC-20260806-STORE_01-0463;STORE_01;CASH-03;2026-08-06 11:52:26;SKU-001;3;45000;0;CARD
REC-20260806-STORE_01-0463;STORE_01;CASH-03;2026-08-06 11:52:26;SKU-039;1;5000;0;CARD
REC-20260806-STORE_01-0463;STORE_01;CASH-04;2026-08-06 11:52:26;SKU-003;1;45000;0;CASH
REC-20260806-STORE_01-0464;STORE_01;CASH-07;2026-08-06 13:22:50;SKU-003;3;45000;500;CARD
REC-20260806-STORE_01-0464;STORE_01;CASH-08;2026-08-06 13:22:50;SKU-001;3;45000;500;CARD
REC-20260806-STORE_01-0464;STORE_01;CASH-04;2026-08-06 13:22:50;SKU-018;4;5000;0;CARD
REC-20260806-STORE_01-0465;STORE_01;CASH-10;2026-08-06 20:54:37;SKU-001;4;45000;500;CARD
REC-20260806-STORE_01-0466;STORE_01;CASH-02;2026-08-06 15:46:40;SKU-001;2;45000;0;CARD
REC-20260806-STORE_01-0467;STORE_01;CASH-09;2026-08-06 15:25:47;SKU-017;1;12000;500;CARD
REC-20260806-STORE_01-0468;STORE_01;CASH-08;2026-08-06 17:45:29;SKU-038;2;12000;500;CARD
REC-20260806-STORE_01-0468;STORE_01;CASH-09;2026-08-06 17:45:29;SKU-001;2;45000;0;CARD
REC-20260806-STORE_01-0468;STORE_01;CASH-06;2026-08-06 17:45:29;SKU-001;2;45000;0;CASH
REC-20260806-STORE_01-0468;STORE_01;CASH-03;2026-08-06 17:45:29;SKU-001;3;45000;0;CARD
REC-20260806-STORE_01-0469;STORE_01;CASH-06;2026-08-06 8:55:08;SKU-003;2;45000;1000;CARD
REC-20260806-STORE_01-0469;STORE_01;CASH-08;2026-08-06 8:55:08;SKU-002;3;12000;1000;CASH
REC-20260806-STORE_01-0469;STORE_01;CASH-02;2026-08-06 8:55:08;SKU-007;2;12000;0;CARD
REC-20260806-STORE_01-0469;STORE_01;CASH-05;2026-08-06 8:55:08;SKU-004;1;25000;0;CARD
REC-20260806-STORE_01-0470;STORE_01;CASH-01;2026-08-06 8:12:26;SKU-033;3;5000;500;CARD
REC-20260806-STORE_01-0470;STORE_01;CASH-01;2026-08-06 8:12:26;SKU-001;2;45000;0;CARD
REC-20260806-STORE_01-0470;STORE_01;CASH-01;2026-08-06 8:12:26;SKU-002;2;12000;0;CARD
REC-20260806-STORE_01-0470;STORE_01;CASH-07;2026-08-06 8:12:26;SKU-023;4;45000;0;CARD
REC-20260806-STORE_01-0471;STORE_01;CASH-08;2026-08-06 11:56:10;SKU-023;4;45000;500;CARD
REC-20260806-STORE_01-0471;STORE_01;CASH-02;2026-08-06 11:56:10;SKU-006;1;45000;0;CASH
REC-20260806-STORE_01-0471;STORE_01;CASH-07;2026-08-06 11:56:10;SKU-015;3;5000;500;CARD
REC-20260806-STORE_01-0471;STORE_01;CASH-01;2026-08-06 11:56:10;SKU-006;3;45000;0;CASH
REC-20260806-STORE_01-0471;STORE_01;CASH-03;2026-08-06 11:56:10;SKU-005;4;5000;0;CARD
REC-20260806-STORE_01-0472;STORE_01;CASH-08;2026-08-06 20:16:32;SKU-019;4;25000;0;CASH
REC-20260806-STORE_01-0472;STORE_01;CASH-10;2026-08-06 20:16:32;SKU-019;2;25000;0;CASH
REC-20260806-STORE_01-0472;STORE_01;CASH-04;2026-08-06 20:16:32;SKU-001;4;45000;1000;CARD
REC-20260806-STORE_01-0472;STORE_01;CASH-01;2026-08-06 20:16:32;SKU-007;3;12000;1000;CASH
REC-20260806-STORE_01-0472;STORE_01;CASH-03;2026-08-06 20:16:32;SKU-009;4;25000;500;CASH
REC-20260806-STORE_01-0473;STORE_01;CASH-01;2026-08-06 14:50:32;SKU-023;4;45000;1000;CARD
REC-20260806-STORE_01-0473;STORE_01;CASH-04;2026-08-06 14:50:32;SKU-020;1;12000;0;CARD
REC-20260806-STORE_01-0473;STORE_01;CASH-01;2026-08-06 14:50:32;SKU-035;4;5000;0;CASH
REC-20260806-STORE_01-0473;STORE_01;CASH-05;2026-08-06 14:50:32;SKU-001;3;45000;1000;CARD
REC-20260806-STORE_01-0474;STORE_01;CASH-10;2026-08-06 8:46:39;SKU-002;1;12000;0;CASH
REC-20260806-STORE_01-0474;STORE_01;CASH-08;2026-08-06 8:46:39;SKU-008;3;12000;0;CARD
REC-20260806-STORE_01-0475;STORE_01;CASH-10;2026-08-06 9:03:11;SKU-025;3;5000;0;CARD
REC-20260806-STORE_01-0475;STORE_01;CASH-08;2026-08-06 9:03:11;SKU-001;1;45000;0;CASH
REC-20260806-STORE_01-0475;STORE_01;CASH-07;2026-08-06 9:03:11;SKU-020;4;12000;1000;CARD
REC-20260806-STORE_01-0475;STORE_01;CASH-08;2026-08-06 9:03:11;SKU-001;4;45000;0;CARD
REC-20260806-STORE_01-0476;STORE_01;CASH-07;2026-08-06 9:37:58;SKU-001;3;45000;0;CARD
REC-20260806-STORE_01-0476;STORE_01;CASH-06;2026-08-06 9:37:58;SKU-015;3;5000;1000;CARD
REC-20260806-STORE_01-0476;STORE_01;CASH-06;2026-08-06 9:37:58;SKU-001;2;45000;0;CARD
REC-20260806-STORE_01-0476;STORE_01;CASH-10;2026-08-06 9:37:58;SKU-004;2;25000;0;CASH
REC-20260806-STORE_01-0477;STORE_01;CASH-05;2026-08-06 12:03:14;SKU-001;3;45000;1000;CARD
REC-20260806-STORE_01-0477;STORE_01;CASH-03;2026-08-06 12:03:14;SKU-030;1;45000;500;CARD
REC-20260806-STORE_01-0477;STORE_01;CASH-09;2026-08-06 12:03:14;SKU-002;4;12000;0;CARD
REC-20260806-STORE_01-0477;STORE_01;CASH-06;2026-08-06 12:03:14;SKU-007;2;12000;0;CARD
REC-20260806-STORE_01-0478;STORE_01;CASH-10;2026-08-06 10:52:06;SKU-016;3;25000;0;CARD
REC-20260806-STORE_01-0479;STORE_01;CASH-09;2026-08-06 11:27:10;SKU-011;2;5000;0;CARD
REC-20260806-STORE_01-0479;STORE_01;CASH-09;2026-08-06 11:27:10;SKU-033;1;5000;0;CASH
REC-20260806-STORE_01-0479;STORE_01;CASH-08;2026-08-06 11:27:10;SKU-037;2;45000;0;CARD
REC-20260806-STORE_01-0479;STORE_01;CASH-06;2026-08-06 11:27:10;SKU-005;2;5000;500;CARD
REC-20260806-STORE_01-0479;STORE_01;CASH-03;2026-08-06 11:27:10;SKU-007;3;12000;0;CARD
REC-20260806-STORE_01-0480;STORE_01;CASH-06;2026-08-06 20:18:57;SKU-005;4;5000;1000;CARD
REC-20260806-STORE_01-0480;STORE_01;CASH-03;2026-08-06 20:18:57;SKU-002;2;12000;500;CASH
REC-20260806-STORE_01-0480;STORE_01;CASH-03;2026-08-06 20:18:57;SKU-001;4;45000;1000;CARD
REC-20260806-STORE_01-0480;STORE_01;CASH-09;2026-08-06 20:18:57;SKU-046;1;25000;0;CARD
REC-20260806-STORE_01-0481;STORE_01;CASH-04;2026-08-06 17:20:00;SKU-005;1;5000;1000;CARD
REC-20260806-STORE_01-0481;STORE_01;CASH-09;2026-08-06 17:20:00;SKU-016;4;25000;0;CARD
REC-20260806-STORE_01-0482;STORE_01;CASH-01;2026-08-06 14:59:07;SKU-039;4;5000;500;CARD
REC-20260806-STORE_01-0482;STORE_01;CASH-04;2026-08-06 14:59:07;SKU-001;2;45000;500;CARD
REC-20260806-STORE_01-0482;STORE_01;CASH-10;2026-08-06 14:59:07;SKU-002;4;12000;0;CASH
REC-20260806-STORE_01-0482;STORE_01;CASH-07;2026-08-06 14:59:07;SKU-003;1;45000;0;CARD
REC-20260806-STORE_01-0483;STORE_01;CASH-06;2026-08-06 14:55:06;SKU-004;2;25000;500;CASH
REC-20260806-STORE_01-0483;STORE_01;CASH-02;2026-08-06 14:55:06;SKU-003;4;45000;0;CASH
REC-20260806-STORE_01-0484;STORE_01;CASH-06;2026-08-06 10:49:47;SKU-015;3;5000;500;CASH
REC-20260806-STORE_01-0484;STORE_01;CASH-10;2026-08-06 10:49:47;SKU-045;1;45000;0;CARD
REC-20260806-STORE_01-0485;STORE_01;CASH-06;2026-08-06 17:44:00;SKU-004;3;25000;500;CARD
REC-20260806-STORE_01-0485;STORE_01;CASH-02;2026-08-06 17:44:00;SKU-008;1;12000;0;CARD
REC-20260806-STORE_01-0485;STORE_01;CASH-05;2026-08-06 17:44:00;SKU-010;2;25000;0;CARD
REC-20260806-STORE_01-0485;STORE_01;CASH-09;2026-08-06 17:44:00;SKU-019;1;25000;0;CARD
REC-20260806-STORE_01-0485;STORE_01;CASH-06;2026-08-06 17:44:00;SKU-018;4;5000;0;CARD
REC-20260806-STORE_01-0486;STORE_01;CASH-09;2026-08-06 11:11:04;SKU-022;3;12000;1000;CASH
REC-20260806-STORE_01-0486;STORE_01;CASH-04;2026-08-06 11:11:04;SKU-001;4;45000;0;CARD
REC-20260806-STORE_01-0486;STORE_01;CASH-04;2026-08-06 11:11:04;SKU-021;4;5000;0;CARD
REC-20260806-STORE_01-0486;STORE_01;CASH-03;2026-08-06 11:11:04;SKU-010;3;25000;0;CASH
REC-20260806-STORE_01-0486;STORE_01;CASH-05;2026-08-06 11:11:04;SKU-003;4;45000;0;CASH
REC-20260806-STORE_01-0487;STORE_01;CASH-06;2026-08-06 11:01:20;SKU-038;3;12000;500;CARD
REC-20260806-STORE_01-0488;STORE_01;CASH-01;2026-08-06 13:56:17;SKU-007;4;12000;0;CARD
REC-20260806-STORE_01-0489;STORE_01;CASH-02;2026-08-06 14:16:09;SKU-029;4;5000;500;CASH
REC-20260806-STORE_01-0489;STORE_01;CASH-08;2026-08-06 14:16:09;SKU-009;2;25000;0;CARD
REC-20260806-STORE_01-0489;STORE_01;CASH-07;2026-08-06 14:16:09;SKU-027;4;5000;500;CARD
REC-20260806-STORE_01-0489;STORE_01;CASH-04;2026-08-06 14:16:09;SKU-008;4;12000;500;CASH
REC-20260806-STORE_01-0489;STORE_01;CASH-03;2026-08-06 14:16:09;SKU-003;3;45000;0;CARD
REC-20260806-STORE_01-0490;STORE_01;CASH-08;2026-08-06 17:17:47;SKU-029;2;5000;500;CARD
REC-20260806-STORE_01-0491;STORE_01;CASH-10;2026-08-06 13:04:13;SKU-022;4;12000;1000;CARD
REC-20260806-STORE_01-0491;STORE_01;CASH-07;2026-08-06 13:04:13;SKU-027;1;5000;1000;CARD
REC-20260806-STORE_01-0491;STORE_01;CASH-07;2026-08-06 13:04:13;SKU-005;4;5000;0;CASH
REC-20260806-STORE_01-0491;STORE_01;CASH-10;2026-08-06 13:04:13;SKU-028;3;5000;0;CARD
REC-20260806-STORE_01-0491;STORE_01;CASH-02;2026-08-06 13:04:13;SKU-001;3;45000;1000;CARD
REC-20260806-STORE_01-0492;STORE_01;CASH-10;2026-08-06 14:21:03;SKU-009;2;25000;1000;CASH
REC-20260806-STORE_01-0492;STORE_01;CASH-09;2026-08-06 14:21:03;SKU-007;2;12000;500;CASH
REC-20260806-STORE_01-0492;STORE_01;CASH-08;2026-08-06 14:21:03;SKU-001;4;45000;500;CARD
REC-20260806-STORE_01-0492;STORE_01;CASH-06;2026-08-06 14:21:03;SKU-021;3;5000;0;CASH
REC-20260806-STORE_01-0492;STORE_01;CASH-02;2026-08-06 14:21:03;SKU-011;3;5000;0;CARD
REC-20260806-STORE_01-0493;STORE_01;CASH-09;2026-08-06 10:43:53;SKU-046;4;25000;0;CARD
REC-20260806-STORE_01-0493;STORE_01;CASH-02;2026-08-06 10:43:53;SKU-016;2;25000;1000;CARD
REC-20260806-STORE_01-0493;STORE_01;CASH-06;2026-08-06 10:43:53;SKU-010;1;25000;0;CASH
REC-20260806-STORE_01-0494;STORE_01;CASH-08;2026-08-06 21:44:31;SKU-042;1;5000;1000;CASH
REC-20260806-STORE_01-0494;STORE_01;CASH-02;2026-08-06 21:44:31;SKU-002;4;12000;0;CARD
REC-20260806-STORE_01-0494;STORE_01;CASH-09;2026-08-06 21:44:31;SKU-039;2;5000;0;CASH
REC-20260806-STORE_01-0494;STORE_01;CASH-04;2026-08-06 21:44:31;SKU-024;2;12000;500;CARD
REC-20260806-STORE_01-0494;STORE_01;CASH-09;2026-08-06 21:44:31;SKU-002;4;12000;0;CARD
REC-20260806-STORE_01-0495;STORE_01;CASH-01;2026-08-06 8:44:11;SKU-045;1;45000;1000;CARD
REC-20260806-STORE_01-0495;STORE_01;CASH-05;2026-08-06 8:44:11;SKU-003;4;45000;0;CASH
REC-20260806-STORE_01-0495;STORE_01;CASH-10;2026-08-06 8:44:11;SKU-004;2;25000;0;CASH
REC-20260806-STORE_01-0495;STORE_01;CASH-05;2026-08-06 8:44:11;SKU-002;2;12000;0;CASH
REC-20260806-STORE_01-0496;STORE_01;CASH-06;2026-08-06 19:59:35;SKU-046;4;25000;0;CASH
REC-20260806-STORE_01-0496;STORE_01;CASH-08;2026-08-06 19:59:35;SKU-001;2;45000;0;CARD
REC-20260806-STORE_01-0497;STORE_01;CASH-05;2026-08-06 13:02:29;SKU-001;1;45000;500;CARD
REC-20260806-STORE_01-0498;STORE_01;CASH-02;2026-08-06 18:31:48;SKU-025;3;5000;500;CASH
REC-20260806-STORE_01-0498;STORE_01;CASH-02;2026-08-06 18:31:48;SKU-004;3;25000;0;CARD
REC-20260806-STORE_01-0498;STORE_01;CASH-08;2026-08-06 18:31:48;SKU-007;4;12000;0;CASH
REC-20260806-STORE_01-0499;STORE_01;CASH-04;2026-08-06 18:06:45;SKU-001;1;45000;1000;CARD
REC-20260806-STORE_01-0499;STORE_01;CASH-01;2026-08-06 18:06:45;SKU-001;2;45000;0;CARD
REC-20260806-STORE_01-0499;STORE_01;CASH-06;2026-08-06 18:06:45;SKU-001;3;45000;500;CASH
REC-20260806-STORE_01-0499;STORE_01;CASH-06;2026-08-06 18:06:45;SKU-005;4;5000;0;CARD
REC-20260806-STORE_01-0500;STORE_01;CASH-01;2026-08-06 10:32:02;SKU-023;1;45000;1000;CARD
REC-20260806-STORE_01-0500;STORE_01;CASH-10;2026-08-06 10:32:02;SKU-003;4;45000;0;CARD
REC-20260806-STORE_02-0001;STORE_02;CASH-03;2026-08-06 11:13:40;SKU-002;4;12000;500;CARD
REC-20260806-STORE_02-0001;STORE_02;CASH-10;2026-08-06 11:13:40;SKU-001;3;45000;1000;CARD
REC-20260806-STORE_02-0001;STORE_02;CASH-08;2026-08-06 11:13:40;SKU-022;2;12000;0;CARD
REC-20260806-STORE_02-0001;STORE_02;CASH-08;2026-08-06 11:13:40;SKU-024;1;12000;1000;CARD
REC-20260806-STORE_02-0001;STORE_02;CASH-07;2026-08-06 11:13:40;SKU-001;1;45000;500;CARD
REC-20260806-STORE_02-0002;STORE_02;CASH-05;2026-08-06 16:18:07;SKU-003;3;45000;0;CARD
REC-20260806-STORE_02-0002;STORE_02;CASH-03;2026-08-06 16:18:07;SKU-005;3;5000;500;CARD
REC-20260806-STORE_02-0003;STORE_02;CASH-02;2026-08-06 21:39:42;SKU-023;1;45000;1000;CARD
REC-20260806-STORE_02-0003;STORE_02;CASH-08;2026-08-06 21:39:42;SKU-003;3;45000;0;CARD
REC-20260806-STORE_02-0003;STORE_02;CASH-09;2026-08-06 21:39:42;SKU-028;4;5000;0;CARD
REC-20260806-STORE_02-0003;STORE_02;CASH-08;2026-08-06 21:39:42;SKU-027;2;5000;500;CASH
REC-20260806-STORE_02-0003;STORE_02;CASH-01;2026-08-06 21:39:42;SKU-001;1;45000;0;CASH
REC-20260806-STORE_02-0004;STORE_02;CASH-02;2026-08-06 16:22:00;SKU-001;3;45000;0;CARD
REC-20260806-STORE_02-0004;STORE_02;CASH-04;2026-08-06 16:22:00;SKU-001;1;45000;0;CARD
REC-20260806-STORE_02-0004;STORE_02;CASH-06;2026-08-06 16:22:00;SKU-001;1;45000;1000;CARD
REC-20260806-STORE_02-0004;STORE_02;CASH-10;2026-08-06 16:22:00;SKU-010;1;25000;1000;CARD
REC-20260806-STORE_02-0004;STORE_02;CASH-04;2026-08-06 16:22:00;SKU-022;2;12000;500;CARD
REC-20260806-STORE_02-0005;STORE_02;CASH-06;2026-08-06 17:40:11;SKU-019;4;25000;0;CARD
REC-20260806-STORE_02-0005;STORE_02;CASH-02;2026-08-06 17:40:11;SKU-013;2;12000;0;CASH
REC-20260806-STORE_02-0006;STORE_02;CASH-07;2026-08-06 21:10:56;SKU-009;3;25000;0;CASH
REC-20260806-STORE_02-0006;STORE_02;CASH-01;2026-08-06 21:10:56;SKU-030;4;45000;0;CARD
REC-20260806-STORE_02-0006;STORE_02;CASH-01;2026-08-06 21:10:56;SKU-001;1;45000;0;CASH
REC-20260806-STORE_02-0007;STORE_02;CASH-10;2026-08-06 21:58:34;SKU-002;1;12000;0;CASH
REC-20260806-STORE_02-0007;STORE_02;CASH-09;2026-08-06 21:58:34;SKU-009;1;25000;1000;CARD
REC-20260806-STORE_02-0008;STORE_02;CASH-07;2026-08-06 14:53:56;SKU-048;1;25000;500;CARD
REC-20260806-STORE_02-0008;STORE_02;CASH-05;2026-08-06 14:53:56;SKU-004;4;25000;500;CARD
REC-20260806-STORE_02-0008;STORE_02;CASH-04;2026-08-06 14:53:56;SKU-006;2;45000;500;CARD
REC-20260806-STORE_02-0009;STORE_02;CASH-04;2026-08-06 13:15:48;SKU-028;3;5000;500;CARD
REC-20260806-STORE_02-0009;STORE_02;CASH-09;2026-08-06 13:15:48;SKU-004;3;25000;500;CARD
REC-20260806-STORE_02-0009;STORE_02;CASH-05;2026-08-06 13:15:48;SKU-001;1;45000;1000;CARD
REC-20260806-STORE_02-0009;STORE_02;CASH-05;2026-08-06 13:15:48;SKU-013;1;12000;0;CARD
REC-20260806-STORE_02-0009;STORE_02;CASH-08;2026-08-06 13:15:48;SKU-032;2;25000;0;CARD
REC-20260806-STORE_02-0010;STORE_02;CASH-07;2026-08-06 19:38:08;SKU-003;1;45000;0;CARD
REC-20260806-STORE_02-0010;STORE_02;CASH-10;2026-08-06 19:38:08;SKU-004;3;25000;500;CARD
REC-20260806-STORE_02-0010;STORE_02;CASH-01;2026-08-06 19:38:08;SKU-018;1;5000;500;CARD
REC-20260806-STORE_02-0010;STORE_02;CASH-04;2026-08-06 19:38:08;SKU-041;4;25000;0;CASH
REC-20260806-STORE_02-0011;STORE_02;CASH-02;2026-08-06 18:00:02;SKU-012;1;45000;500;CARD
REC-20260806-STORE_02-0011;STORE_02;CASH-02;2026-08-06 18:00:02;SKU-031;3;45000;0;CASH
REC-20260806-STORE_02-0011;STORE_02;CASH-04;2026-08-06 18:00:02;SKU-001;1;45000;1000;CARD
REC-20260806-STORE_02-0012;STORE_02;CASH-04;2026-08-06 16:09:51;SKU-010;1;25000;500;CARD
REC-20260806-STORE_02-0012;STORE_02;CASH-03;2026-08-06 16:09:51;SKU-001;3;45000;0;CARD
REC-20260806-STORE_02-0013;STORE_02;CASH-10;2026-08-06 17:46:14;SKU-025;3;5000;0;CARD
REC-20260806-STORE_02-0013;STORE_02;CASH-03;2026-08-06 17:46:14;SKU-014;3;5000;0;CASH
REC-20260806-STORE_02-0013;STORE_02;CASH-03;2026-08-06 17:46:14;SKU-007;4;12000;1000;CARD
REC-20260806-STORE_02-0013;STORE_02;CASH-02;2026-08-06 17:46:14;SKU-002;4;12000;0;CARD
REC-20260806-STORE_02-0013;STORE_02;CASH-08;2026-08-06 17:46:14;SKU-002;2;12000;1000;CARD
REC-20260806-STORE_02-0014;STORE_02;CASH-04;2026-08-06 20:04:34;SKU-013;2;12000;0;CASH
REC-20260806-STORE_02-0014;STORE_02;CASH-02;2026-08-06 20:04:34;SKU-006;3;45000;1000;CARD
REC-20260806-STORE_02-0015;STORE_02;CASH-08;2026-08-06 20:54:30;SKU-001;2;45000;500;CARD
REC-20260806-STORE_02-0015;STORE_02;CASH-05;2026-08-06 20:54:30;SKU-003;4;45000;0;CASH
REC-20260806-STORE_02-0015;STORE_02;CASH-06;2026-08-06 20:54:30;SKU-003;4;45000;0;CARD
REC-20260806-STORE_02-0016;STORE_02;CASH-04;2026-08-06 11:42:12;SKU-009;1;25000;0;CARD
REC-20260806-STORE_02-0016;STORE_02;CASH-07;2026-08-06 11:42:12;SKU-005;1;5000;0;CASH
REC-20260806-STORE_02-0016;STORE_02;CASH-04;2026-08-06 11:42:12;SKU-014;3;5000;0;CARD
REC-20260806-STORE_02-0017;STORE_02;CASH-08;2026-08-06 17:42:20;SKU-001;1;45000;0;CASH
REC-20260806-STORE_02-0017;STORE_02;CASH-05;2026-08-06 17:42:20;SKU-002;4;12000;0;CARD
REC-20260806-STORE_02-0017;STORE_02;CASH-06;2026-08-06 17:42:20;SKU-009;1;25000;0;CASH
REC-20260806-STORE_02-0018;STORE_02;CASH-10;2026-08-06 18:56:18;SKU-008;3;12000;500;CARD
REC-20260806-STORE_02-0018;STORE_02;CASH-06;2026-08-06 18:56:18;SKU-011;3;5000;0;CARD
REC-20260806-STORE_02-0018;STORE_02;CASH-05;2026-08-06 18:56:18;SKU-006;1;45000;500;CARD
REC-20260806-STORE_02-0018;STORE_02;CASH-02;2026-08-06 18:56:18;SKU-023;3;45000;0;CARD
REC-20260806-STORE_02-0019;STORE_02;CASH-10;2026-08-06 14:13:56;SKU-001;4;45000;0;CASH
REC-20260806-STORE_02-0019;STORE_02;CASH-06;2026-08-06 14:13:56;SKU-001;2;45000;0;CARD
REC-20260806-STORE_02-0020;STORE_02;CASH-03;2026-08-06 20:13:27;SKU-020;2;12000;1000;CASH
REC-20260806-STORE_02-0021;STORE_02;CASH-02;2026-08-06 17:03:35;SKU-002;4;12000;500;CARD
REC-20260806-STORE_02-0021;STORE_02;CASH-06;2026-08-06 17:03:35;SKU-002;1;12000;500;CARD
REC-20260806-STORE_02-0022;STORE_02;CASH-09;2026-08-06 16:07:28;SKU-001;3;45000;0;CARD
REC-20260806-STORE_02-0023;STORE_02;CASH-04;2026-08-06 8:50:43;SKU-001;3;45000;1000;CARD
REC-20260806-STORE_02-0023;STORE_02;CASH-03;2026-08-06 8:50:43;SKU-006;1;45000;0;CASH
REC-20260806-STORE_02-0024;STORE_02;CASH-09;2026-08-06 17:00:58;SKU-004;1;25000;0;CARD
REC-20260806-STORE_02-0024;STORE_02;CASH-10;2026-08-06 17:00:58;SKU-002;3;12000;0;CASH
REC-20260806-STORE_02-0024;STORE_02;CASH-09;2026-08-06 17:00:58;SKU-002;4;12000;0;CARD
REC-20260806-STORE_02-0024;STORE_02;CASH-04;2026-08-06 17:00:58;SKU-023;1;45000;500;CASH
REC-20260806-STORE_02-0024;STORE_02;CASH-06;2026-08-06 17:00:58;SKU-001;4;45000;0;CARD
REC-20260806-STORE_02-0025;STORE_02;CASH-08;2026-08-06 20:44:16;SKU-003;3;45000;1000;CARD
REC-20260806-STORE_02-0025;STORE_02;CASH-02;2026-08-06 20:44:16;SKU-001;2;45000;1000;CARD
REC-20260806-STORE_02-0025;STORE_02;CASH-10;2026-08-06 20:44:16;SKU-001;3;45000;1000;CARD
REC-20260806-STORE_02-0025;STORE_02;CASH-03;2026-08-06 20:44:16;SKU-020;1;12000;0;CARD
REC-20260806-STORE_02-0026;STORE_02;CASH-10;2026-08-06 21:51:25;SKU-018;4;5000;1000;CASH
REC-20260806-STORE_02-0026;STORE_02;CASH-01;2026-08-06 21:51:25;SKU-001;4;45000;0;CASH
REC-20260806-STORE_02-0026;STORE_02;CASH-01;2026-08-06 21:51:25;SKU-006;1;45000;0;CASH
REC-20260806-STORE_02-0026;STORE_02;CASH-02;2026-08-06 21:51:25;SKU-047;3;5000;0;CARD
REC-20260806-STORE_02-0026;STORE_02;CASH-06;2026-08-06 21:51:25;SKU-011;3;5000;0;CARD
REC-20260806-STORE_02-0027;STORE_02;CASH-06;2026-08-06 19:01:09;SKU-010;3;25000;0;CARD
REC-20260806-STORE_02-0027;STORE_02;CASH-08;2026-08-06 19:01:09;SKU-008;3;12000;0;CARD
REC-20260806-STORE_02-0027;STORE_02;CASH-01;2026-08-06 19:01:09;SKU-005;3;5000;500;CARD
REC-20260806-STORE_02-0028;STORE_02;CASH-09;2026-08-06 18:24:23;SKU-014;3;5000;0;CASH
REC-20260806-STORE_02-0028;STORE_02;CASH-02;2026-08-06 18:24:23;SKU-019;3;25000;0;CARD
REC-20260806-STORE_02-0029;STORE_02;CASH-05;2026-08-06 10:26:30;SKU-002;4;12000;0;CARD
REC-20260806-STORE_02-0029;STORE_02;CASH-06;2026-08-06 10:26:30;SKU-002;4;12000;500;CASH
REC-20260806-STORE_02-0029;STORE_02;CASH-03;2026-08-06 10:26:30;SKU-001;4;45000;0;CARD
REC-20260806-STORE_02-0029;STORE_02;CASH-03;2026-08-06 10:26:30;SKU-023;1;45000;0;CARD
REC-20260806-STORE_02-0030;STORE_02;CASH-03;2026-08-06 14:47:27;SKU-001;4;45000;500;CARD
REC-20260806-STORE_02-0031;STORE_02;CASH-02;2026-08-06 11:11:25;SKU-001;1;45000;500;CARD
REC-20260806-STORE_02-0032;STORE_02;CASH-05;2026-08-06 14:00:08;SKU-003;4;45000;1000;CARD
REC-20260806-STORE_02-0033;STORE_02;CASH-06;2026-08-06 18:13:42;SKU-008;2;12000;1000;CARD
REC-20260806-STORE_02-0033;STORE_02;CASH-09;2026-08-06 18:13:42;SKU-022;4;12000;0;CARD
REC-20260806-STORE_02-0033;STORE_02;CASH-08;2026-08-06 18:13:42;SKU-010;2;25000;0;CARD
REC-20260806-STORE_02-0034;STORE_02;CASH-01;2026-08-06 8:45:52;SKU-026;2;12000;1000;CARD
REC-20260806-STORE_02-0034;STORE_02;CASH-04;2026-08-06 8:45:52;SKU-003;2;45000;1000;CARD
REC-20260806-STORE_02-0034;STORE_02;CASH-10;2026-08-06 8:45:52;SKU-011;4;5000;1000;CASH
REC-20260806-STORE_02-0034;STORE_02;CASH-06;2026-08-06 8:45:52;SKU-045;4;45000;0;CARD
REC-20260806-STORE_02-0035;STORE_02;CASH-07;2026-08-06 21:47:15;SKU-001;3;45000;0;CASH
REC-20260806-STORE_02-0035;STORE_02;CASH-07;2026-08-06 21:47:15;SKU-012;2;45000;0;CARD
REC-20260806-STORE_02-0035;STORE_02;CASH-06;2026-08-06 21:47:15;SKU-003;2;45000;500;CASH
REC-20260806-STORE_02-0035;STORE_02;CASH-09;2026-08-06 21:47:15;SKU-002;4;12000;0;CARD
REC-20260806-STORE_02-0036;STORE_02;CASH-05;2026-08-06 10:09:04;SKU-019;2;25000;1000;CARD
REC-20260806-STORE_02-0037;STORE_02;CASH-01;2026-08-06 9:46:23;SKU-011;2;5000;0;CARD
REC-20260806-STORE_02-0037;STORE_02;CASH-07;2026-08-06 9:46:23;SKU-006;2;45000;0;CARD
REC-20260806-STORE_02-0037;STORE_02;CASH-05;2026-08-06 9:46:23;SKU-024;2;12000;1000;CASH
REC-20260806-STORE_02-0037;STORE_02;CASH-09;2026-08-06 9:46:23;SKU-005;4;5000;0;CASH
REC-20260806-STORE_02-0037;STORE_02;CASH-03;2026-08-06 9:46:23;SKU-016;3;25000;1000;CASH
REC-20260806-STORE_02-0038;STORE_02;CASH-05;2026-08-06 8:23:18;SKU-001;1;45000;500;CARD
REC-20260806-STORE_02-0038;STORE_02;CASH-07;2026-08-06 8:23:18;SKU-001;4;45000;0;CASH
REC-20260806-STORE_02-0039;STORE_02;CASH-09;2026-08-06 9:21:03;SKU-008;4;12000;0;CARD
REC-20260806-STORE_02-0040;STORE_02;CASH-03;2026-08-06 20:29:40;SKU-013;1;12000;500;CARD
REC-20260806-STORE_02-0041;STORE_02;CASH-07;2026-08-06 15:55:39;SKU-005;2;5000;1000;CARD
REC-20260806-STORE_02-0041;STORE_02;CASH-09;2026-08-06 15:55:39;SKU-002;3;12000;500;CASH
REC-20260806-STORE_02-0041;STORE_02;CASH-07;2026-08-06 15:55:39;SKU-001;1;45000;500;CARD
REC-20260806-STORE_02-0042;STORE_02;CASH-04;2026-08-06 15:50:39;SKU-004;4;25000;0;CASH
REC-20260806-STORE_02-0043;STORE_02;CASH-01;2026-08-06 17:28:23;SKU-014;2;5000;0;CASH
REC-20260806-STORE_02-0043;STORE_02;CASH-05;2026-08-06 17:28:23;SKU-001;2;45000;0;CASH
REC-20260806-STORE_02-0043;STORE_02;CASH-01;2026-08-06 17:28:23;SKU-011;1;5000;0;CARD
REC-20260806-STORE_02-0044;STORE_02;CASH-04;2026-08-06 12:42:32;SKU-023;4;45000;1000;CARD
REC-20260806-STORE_02-0044;STORE_02;CASH-10;2026-08-06 12:42:32;SKU-041;1;25000;500;CASH
REC-20260806-STORE_02-0044;STORE_02;CASH-10;2026-08-06 12:42:32;SKU-001;2;45000;1000;CARD
REC-20260806-STORE_02-0044;STORE_02;CASH-10;2026-08-06 12:42:32;SKU-028;3;5000;0;CARD
REC-20260806-STORE_02-0044;STORE_02;CASH-05;2026-08-06 12:42:32;SKU-001;4;45000;0;CASH
REC-20260806-STORE_02-0045;STORE_02;CASH-02;2026-08-06 12:40:47;SKU-001;1;45000;500;CASH
REC-20260806-STORE_02-0045;STORE_02;CASH-02;2026-08-06 12:40:47;SKU-048;3;25000;0;CASH
REC-20260806-STORE_02-0045;STORE_02;CASH-07;2026-08-06 12:40:47;SKU-007;2;12000;0;CARD
REC-20260806-STORE_02-0046;STORE_02;CASH-07;2026-08-06 15:30:04;SKU-016;1;25000;1000;CARD
REC-20260806-STORE_02-0046;STORE_02;CASH-04;2026-08-06 15:30:04;SKU-001;3;45000;0;CARD
REC-20260806-STORE_02-0046;STORE_02;CASH-07;2026-08-06 15:30:04;SKU-009;1;25000;1000;CARD
REC-20260806-STORE_02-0047;STORE_02;CASH-05;2026-08-06 21:21:50;SKU-001;1;45000;0;CARD
REC-20260806-STORE_02-0048;STORE_02;CASH-07;2026-08-06 20:35:48;SKU-001;4;45000;0;CARD
REC-20260806-STORE_02-0049;STORE_02;CASH-07;2026-08-06 19:38:45;SKU-006;3;45000;1000;CARD
REC-20260806-STORE_02-0049;STORE_02;CASH-07;2026-08-06 19:38:45;SKU-009;2;25000;500;CARD
REC-20260806-STORE_02-0049;STORE_02;CASH-08;2026-08-06 19:38:45;SKU-003;2;45000;1000;CARD
REC-20260806-STORE_02-0049;STORE_02;CASH-10;2026-08-06 19:38:45;SKU-005;1;5000;1000;CARD
REC-20260806-STORE_02-0049;STORE_02;CASH-03;2026-08-06 19:38:45;SKU-001;3;45000;500;CARD
REC-20260806-STORE_02-0050;STORE_02;CASH-10;2026-08-06 8:18:07;SKU-048;1;25000;0;CARD
REC-20260806-STORE_02-0050;STORE_02;CASH-09;2026-08-06 8:18:07;SKU-001;3;45000;0;CARD
REC-20260806-STORE_02-0051;STORE_02;CASH-04;2026-08-06 15:26:18;SKU-050;1;25000;0;CARD
REC-20260806-STORE_02-0051;STORE_02;CASH-10;2026-08-06 15:26:18;SKU-002;3;12000;0;CARD
REC-20260806-STORE_02-0051;STORE_02;CASH-06;2026-08-06 15:26:18;SKU-005;1;5000;1000;CARD
REC-20260806-STORE_02-0051;STORE_02;CASH-09;2026-08-06 15:26:18;SKU-002;1;12000;500;CASH
REC-20260806-STORE_02-0051;STORE_02;CASH-05;2026-08-06 15:26:18;SKU-001;1;45000;500;CARD
REC-20260806-STORE_02-0052;STORE_02;CASH-10;2026-08-06 8:09:49;SKU-033;4;5000;1000;CASH
REC-20260806-STORE_02-0052;STORE_02;CASH-05;2026-08-06 8:09:49;SKU-040;2;25000;500;CASH
REC-20260806-STORE_02-0052;STORE_02;CASH-03;2026-08-06 8:09:49;SKU-030;2;45000;500;CASH
REC-20260806-STORE_02-0052;STORE_02;CASH-06;2026-08-06 8:09:49;SKU-043;1;25000;500;CARD
REC-20260806-STORE_02-0053;STORE_02;CASH-04;2026-08-06 16:26:04;SKU-008;1;12000;0;CARD
REC-20260806-STORE_02-0053;STORE_02;CASH-03;2026-08-06 16:26:04;SKU-001;2;45000;1000;CARD
REC-20260806-STORE_02-0053;STORE_02;CASH-06;2026-08-06 16:26:04;SKU-034;2;25000;0;CARD
REC-20260806-STORE_02-0053;STORE_02;CASH-01;2026-08-06 16:26:04;SKU-004;4;25000;0;CARD
REC-20260806-STORE_02-0053;STORE_02;CASH-06;2026-08-06 16:26:04;SKU-008;1;12000;0;CASH
REC-20260806-STORE_02-0054;STORE_02;CASH-05;2026-08-06 18:06:40;SKU-001;4;45000;0;CARD
REC-20260806-STORE_02-0054;STORE_02;CASH-10;2026-08-06 18:06:40;SKU-005;2;5000;0;CARD
REC-20260806-STORE_02-0055;STORE_02;CASH-05;2026-08-06 8:23:37;SKU-007;3;12000;0;CARD
REC-20260806-STORE_02-0055;STORE_02;CASH-05;2026-08-06 8:23:37;SKU-013;1;12000;0;CARD
REC-20260806-STORE_02-0055;STORE_02;CASH-04;2026-08-06 8:23:37;SKU-006;2;45000;0;CARD
REC-20260806-STORE_02-0055;STORE_02;CASH-02;2026-08-06 8:23:37;SKU-035;2;5000;0;CARD
REC-20260806-STORE_02-0056;STORE_02;CASH-06;2026-08-06 10:54:52;SKU-016;1;25000;500;CASH
REC-20260806-STORE_02-0056;STORE_02;CASH-08;2026-08-06 10:54:52;SKU-002;2;12000;500;CARD
REC-20260806-STORE_02-0056;STORE_02;CASH-10;2026-08-06 10:54:52;SKU-023;4;45000;1000;CASH
REC-20260806-STORE_02-0056;STORE_02;CASH-02;2026-08-06 10:54:52;SKU-002;1;12000;0;CASH
REC-20260806-STORE_02-0057;STORE_02;CASH-02;2026-08-06 10:19:40;SKU-001;3;45000;500;CARD
REC-20260806-STORE_02-0057;STORE_02;CASH-10;2026-08-06 10:19:40;SKU-008;4;12000;0;CARD
REC-20260806-STORE_02-0057;STORE_02;CASH-05;2026-08-06 10:19:40;SKU-008;4;12000;0;CARD
REC-20260806-STORE_02-0057;STORE_02;CASH-07;2026-08-06 10:19:40;SKU-008;1;12000;0;CARD
REC-20260806-STORE_02-0058;STORE_02;CASH-02;2026-08-06 12:06:51;SKU-001;1;45000;0;CASH
REC-20260806-STORE_02-0058;STORE_02;CASH-09;2026-08-06 12:06:51;SKU-001;2;45000;0;CARD
REC-20260806-STORE_02-0058;STORE_02;CASH-08;2026-08-06 12:06:51;SKU-001;3;45000;500;CARD
REC-20260806-STORE_02-0058;STORE_02;CASH-06;2026-08-06 12:06:51;SKU-001;1;45000;0;CARD
REC-20260806-STORE_02-0058;STORE_02;CASH-01;2026-08-06 12:06:51;SKU-033;2;5000;0;CARD
REC-20260806-STORE_02-0059;STORE_02;CASH-04;2026-08-06 8:04:18;SKU-006;1;45000;500;CASH
REC-20260806-STORE_02-0059;STORE_02;CASH-07;2026-08-06 8:04:18;SKU-003;1;45000;0;CASH
REC-20260806-STORE_02-0059;STORE_02;CASH-02;2026-08-06 8:04:18;SKU-025;1;5000;0;CASH
REC-20260806-STORE_02-0059;STORE_02;CASH-06;2026-08-06 8:04:18;SKU-004;1;25000;500;CARD
REC-20260806-STORE_02-0060;STORE_02;CASH-01;2026-08-06 8:26:53;SKU-004;1;25000;0;CARD
REC-20260806-STORE_02-0061;STORE_02;CASH-02;2026-08-06 15:52:00;SKU-017;1;12000;500;CASH
REC-20260806-STORE_02-0061;STORE_02;CASH-10;2026-08-06 15:52:00;SKU-001;2;45000;1000;CARD
REC-20260806-STORE_02-0061;STORE_02;CASH-05;2026-08-06 15:52:00;SKU-036;4;45000;0;CARD
REC-20260806-STORE_02-0061;STORE_02;CASH-07;2026-08-06 15:52:00;SKU-004;3;25000;0;CASH
REC-20260806-STORE_02-0061;STORE_02;CASH-01;2026-08-06 15:52:00;SKU-001;2;45000;0;CARD
REC-20260806-STORE_02-0062;STORE_02;CASH-04;2026-08-06 18:24:01;SKU-001;2;45000;0;CARD
REC-20260806-STORE_02-0062;STORE_02;CASH-04;2026-08-06 18:24:01;SKU-049;1;5000;0;CASH
REC-20260806-STORE_02-0062;STORE_02;CASH-07;2026-08-06 18:24:01;SKU-010;1;25000;1000;CARD
REC-20260806-STORE_02-0062;STORE_02;CASH-05;2026-08-06 18:24:01;SKU-001;2;45000;0;CARD
REC-20260806-STORE_02-0063;STORE_02;CASH-01;2026-08-06 8:41:50;SKU-001;1;45000;0;CARD
REC-20260806-STORE_02-0063;STORE_02;CASH-08;2026-08-06 8:41:50;SKU-005;2;5000;0;CARD
REC-20260806-STORE_02-0063;STORE_02;CASH-02;2026-08-06 8:41:50;SKU-032;2;25000;0;CASH
REC-20260806-STORE_02-0064;STORE_02;CASH-09;2026-08-06 17:04:28;SKU-009;4;25000;0;CARD
REC-20260806-STORE_02-0064;STORE_02;CASH-06;2026-08-06 17:04:28;SKU-017;1;12000;0;CARD
REC-20260806-STORE_02-0065;STORE_02;CASH-06;2026-08-06 14:50:05;SKU-002;2;12000;500;CASH
REC-20260806-STORE_02-0065;STORE_02;CASH-07;2026-08-06 14:50:05;SKU-004;3;25000;500;CASH
REC-20260806-STORE_02-0066;STORE_02;CASH-05;2026-08-06 19:32:45;SKU-001;4;45000;0;CASH
REC-20260806-STORE_02-0066;STORE_02;CASH-04;2026-08-06 19:32:45;SKU-025;3;5000;0;CASH
REC-20260806-STORE_02-0066;STORE_02;CASH-06;2026-08-06 19:32:45;SKU-012;3;45000;0;CASH
REC-20260806-STORE_02-0066;STORE_02;CASH-01;2026-08-06 19:32:45;SKU-017;3;12000;1000;CARD
REC-20260806-STORE_02-0066;STORE_02;CASH-07;2026-08-06 19:32:45;SKU-005;3;5000;1000;CARD
REC-20260806-STORE_02-0067;STORE_02;CASH-09;2026-08-06 20:28:06;SKU-013;3;12000;1000;CARD
REC-20260806-STORE_02-0068;STORE_02;CASH-09;2026-08-06 18:37:36;SKU-006;3;45000;1000;CARD
REC-20260806-STORE_02-0068;STORE_02;CASH-06;2026-08-06 18:37:36;SKU-002;3;12000;0;CARD
REC-20260806-STORE_02-0068;STORE_02;CASH-08;2026-08-06 18:37:36;SKU-001;4;45000;0;CARD
REC-20260806-STORE_02-0068;STORE_02;CASH-09;2026-08-06 18:37:36;SKU-002;1;12000;0;CASH
REC-20260806-STORE_02-0068;STORE_02;CASH-03;2026-08-06 18:37:36;SKU-006;4;45000;500;CARD
REC-20260806-STORE_02-0069;STORE_02;CASH-03;2026-08-06 10:24:26;SKU-027;4;5000;500;CARD
REC-20260806-STORE_02-0069;STORE_02;CASH-01;2026-08-06 10:24:26;SKU-024;1;12000;1000;CARD
REC-20260806-STORE_02-0069;STORE_02;CASH-02;2026-08-06 10:24:26;SKU-004;1;25000;0;CASH
REC-20260806-STORE_02-0069;STORE_02;CASH-02;2026-08-06 10:24:26;SKU-015;2;5000;0;CASH
REC-20260806-STORE_02-0069;STORE_02;CASH-07;2026-08-06 10:24:26;SKU-001;2;45000;0;CASH
REC-20260806-STORE_02-0070;STORE_02;CASH-02;2026-08-06 12:37:37;SKU-001;4;45000;0;CARD
REC-20260806-STORE_02-0070;STORE_02;CASH-04;2026-08-06 12:37:37;SKU-032;3;25000;500;CARD
REC-20260806-STORE_02-0070;STORE_02;CASH-09;2026-08-06 12:37:37;SKU-001;4;45000;0;CARD
REC-20260806-STORE_02-0070;STORE_02;CASH-08;2026-08-06 12:37:37;SKU-012;4;45000;1000;CARD
REC-20260806-STORE_02-0070;STORE_02;CASH-04;2026-08-06 12:37:37;SKU-002;3;12000;0;CARD
REC-20260806-STORE_02-0071;STORE_02;CASH-04;2026-08-06 8:35:13;SKU-047;3;5000;0;CARD
REC-20260806-STORE_02-0071;STORE_02;CASH-03;2026-08-06 8:35:13;SKU-006;1;45000;500;CARD
REC-20260806-STORE_02-0072;STORE_02;CASH-06;2026-08-06 11:07:29;SKU-049;4;5000;0;CARD
REC-20260806-STORE_02-0072;STORE_02;CASH-06;2026-08-06 11:07:29;SKU-036;4;45000;0;CARD
REC-20260806-STORE_02-0073;STORE_02;CASH-08;2026-08-06 21:44:09;SKU-001;1;45000;1000;CASH
REC-20260806-STORE_02-0073;STORE_02;CASH-01;2026-08-06 21:44:09;SKU-001;4;45000;1000;CASH
REC-20260806-STORE_02-0073;STORE_02;CASH-04;2026-08-06 21:44:09;SKU-031;1;45000;0;CARD
REC-20260806-STORE_02-0074;STORE_02;CASH-04;2026-08-06 10:41:46;SKU-008;2;12000;0;CARD
REC-20260806-STORE_02-0075;STORE_02;CASH-06;2026-08-06 21:56:12;SKU-001;1;45000;500;CARD
REC-20260806-STORE_02-0075;STORE_02;CASH-06;2026-08-06 21:56:12;SKU-004;1;25000;0;CASH
REC-20260806-STORE_02-0075;STORE_02;CASH-08;2026-08-06 21:56:12;SKU-001;1;45000;500;CASH
REC-20260806-STORE_02-0075;STORE_02;CASH-09;2026-08-06 21:56:12;SKU-001;4;45000;500;CARD
REC-20260806-STORE_02-0076;STORE_02;CASH-07;2026-08-06 21:17:26;SKU-013;2;12000;1000;CASH
REC-20260806-STORE_02-0076;STORE_02;CASH-06;2026-08-06 21:17:26;SKU-004;3;25000;500;CASH
REC-20260806-STORE_02-0076;STORE_02;CASH-06;2026-08-06 21:17:26;SKU-003;4;45000;0;CARD
REC-20260806-STORE_02-0076;STORE_02;CASH-04;2026-08-06 21:17:26;SKU-036;3;45000;500;CASH
REC-20260806-STORE_02-0076;STORE_02;CASH-02;2026-08-06 21:17:26;SKU-004;3;25000;1000;CARD
REC-20260806-STORE_02-0077;STORE_02;CASH-08;2026-08-06 16:09:26;SKU-006;3;45000;1000;CASH
REC-20260806-STORE_02-0077;STORE_02;CASH-01;2026-08-06 16:09:26;SKU-008;4;12000;500;CASH
REC-20260806-STORE_02-0078;STORE_02;CASH-04;2026-08-06 16:38:31;SKU-005;1;5000;0;CASH
REC-20260806-STORE_02-0078;STORE_02;CASH-01;2026-08-06 16:38:31;SKU-036;2;45000;0;CARD
REC-20260806-STORE_02-0078;STORE_02;CASH-01;2026-08-06 16:38:31;SKU-016;2;25000;0;CASH
REC-20260806-STORE_02-0078;STORE_02;CASH-08;2026-08-06 16:38:31;SKU-002;1;12000;0;CARD
REC-20260806-STORE_02-0078;STORE_02;CASH-07;2026-08-06 16:38:31;SKU-022;3;12000;0;CARD
REC-20260806-STORE_02-0079;STORE_02;CASH-06;2026-08-06 21:18:35;SKU-014;3;5000;0;CARD
REC-20260806-STORE_02-0079;STORE_02;CASH-01;2026-08-06 21:18:35;SKU-001;1;45000;1000;CARD
REC-20260806-STORE_02-0079;STORE_02;CASH-03;2026-08-06 21:18:35;SKU-009;1;25000;500;CASH
REC-20260806-STORE_02-0079;STORE_02;CASH-07;2026-08-06 21:18:35;SKU-003;1;45000;0;CARD
REC-20260806-STORE_02-0080;STORE_02;CASH-06;2026-08-06 16:29:12;SKU-001;3;45000;0;CARD
REC-20260806-STORE_02-0080;STORE_02;CASH-01;2026-08-06 16:29:12;SKU-029;4;5000;0;CASH
REC-20260806-STORE_02-0080;STORE_02;CASH-10;2026-08-06 16:29:12;SKU-008;1;12000;1000;CARD
REC-20260806-STORE_02-0080;STORE_02;CASH-05;2026-08-06 16:29:12;SKU-006;4;45000;0;CASH
REC-20260806-STORE_02-0081;STORE_02;CASH-06;2026-08-06 11:48:36;SKU-006;3;45000;0;CARD
REC-20260806-STORE_02-0082;STORE_02;CASH-08;2026-08-06 14:20:18;SKU-012;1;45000;0;CASH
REC-20260806-STORE_02-0082;STORE_02;CASH-09;2026-08-06 14:20:18;SKU-011;4;5000;0;CARD
REC-20260806-STORE_02-0082;STORE_02;CASH-10;2026-08-06 14:20:18;SKU-018;4;5000;1000;CARD
REC-20260806-STORE_02-0082;STORE_02;CASH-03;2026-08-06 14:20:18;SKU-002;2;12000;0;CASH
REC-20260806-STORE_02-0082;STORE_02;CASH-09;2026-08-06 14:20:18;SKU-001;1;45000;1000;CARD
REC-20260806-STORE_02-0083;STORE_02;CASH-01;2026-08-06 10:22:43;SKU-039;1;5000;0;CARD
REC-20260806-STORE_02-0083;STORE_02;CASH-04;2026-08-06 10:22:43;SKU-010;4;25000;0;CARD
REC-20260806-STORE_02-0083;STORE_02;CASH-01;2026-08-06 10:22:43;SKU-013;1;12000;1000;CARD
REC-20260806-STORE_02-0083;STORE_02;CASH-02;2026-08-06 10:22:43;SKU-004;1;25000;1000;CASH
REC-20260806-STORE_02-0084;STORE_02;CASH-09;2026-08-06 19:26:22;SKU-002;3;12000;0;CARD
REC-20260806-STORE_02-0084;STORE_02;CASH-02;2026-08-06 19:26:22;SKU-039;3;5000;500;CARD
REC-20260806-STORE_02-0084;STORE_02;CASH-08;2026-08-06 19:26:22;SKU-034;2;25000;0;CARD
REC-20260806-STORE_02-0084;STORE_02;CASH-05;2026-08-06 19:26:22;SKU-037;4;45000;0;CASH
REC-20260806-STORE_02-0085;STORE_02;CASH-01;2026-08-06 8:22:13;SKU-038;3;12000;0;CARD
REC-20260806-STORE_02-0085;STORE_02;CASH-01;2026-08-06 8:22:13;SKU-001;4;45000;0;CASH
REC-20260806-STORE_02-0085;STORE_02;CASH-06;2026-08-06 8:22:13;SKU-001;4;45000;0;CARD
REC-20260806-STORE_02-0085;STORE_02;CASH-05;2026-08-06 8:22:13;SKU-006;4;45000;0;CASH
REC-20260806-STORE_02-0086;STORE_02;CASH-07;2026-08-06 16:12:31;SKU-001;2;45000;0;CARD
REC-20260806-STORE_02-0086;STORE_02;CASH-02;2026-08-06 16:12:31;SKU-004;2;25000;0;CASH
REC-20260806-STORE_02-0086;STORE_02;CASH-06;2026-08-06 16:12:31;SKU-002;1;12000;0;CASH
REC-20260806-STORE_02-0086;STORE_02;CASH-06;2026-08-06 16:12:31;SKU-021;3;5000;0;CASH
REC-20260806-STORE_02-0087;STORE_02;CASH-09;2026-08-06 9:49:09;SKU-004;1;25000;0;CASH
REC-20260806-STORE_02-0087;STORE_02;CASH-10;2026-08-06 9:49:09;SKU-049;1;5000;0;CARD
REC-20260806-STORE_02-0087;STORE_02;CASH-03;2026-08-06 9:49:09;SKU-002;3;12000;1000;CARD
REC-20260806-STORE_02-0088;STORE_02;CASH-04;2026-08-06 20:18:25;SKU-012;1;45000;0;CARD
REC-20260806-STORE_02-0088;STORE_02;CASH-06;2026-08-06 20:18:25;SKU-003;2;45000;500;CARD
REC-20260806-STORE_02-0088;STORE_02;CASH-02;2026-08-06 20:18:25;SKU-002;4;12000;500;CARD
REC-20260806-STORE_02-0088;STORE_02;CASH-05;2026-08-06 20:18:25;SKU-005;4;5000;0;CASH
REC-20260806-STORE_02-0089;STORE_02;CASH-03;2026-08-06 15:20:07;SKU-007;2;12000;0;CASH
REC-20260806-STORE_02-0089;STORE_02;CASH-05;2026-08-06 15:20:07;SKU-027;4;5000;500;CARD
REC-20260806-STORE_02-0089;STORE_02;CASH-07;2026-08-06 15:20:07;SKU-009;3;25000;500;CASH
REC-20260806-STORE_02-0090;STORE_02;CASH-03;2026-08-06 16:04:29;SKU-010;2;25000;500;CARD
REC-20260806-STORE_02-0090;STORE_02;CASH-09;2026-08-06 16:04:29;SKU-038;3;12000;1000;CASH
REC-20260806-STORE_02-0090;STORE_02;CASH-03;2026-08-06 16:04:29;SKU-005;4;5000;1000;CARD
REC-20260806-STORE_02-0090;STORE_02;CASH-07;2026-08-06 16:04:29;SKU-004;1;25000;0;CASH
REC-20260806-STORE_02-0090;STORE_02;CASH-10;2026-08-06 16:04:29;SKU-045;4;45000;0;CARD
REC-20260806-STORE_02-0091;STORE_02;CASH-06;2026-08-06 9:59:02;SKU-009;4;25000;0;CARD
REC-20260806-STORE_02-0091;STORE_02;CASH-04;2026-08-06 9:59:02;SKU-007;1;12000;0;CARD
REC-20260806-STORE_02-0091;STORE_02;CASH-08;2026-08-06 9:59:02;SKU-045;2;45000;0;CARD
REC-20260806-STORE_02-0091;STORE_02;CASH-07;2026-08-06 9:59:02;SKU-035;3;5000;0;CARD
REC-20260806-STORE_02-0092;STORE_02;CASH-09;2026-08-06 14:57:04;SKU-001;2;45000;500;CARD
REC-20260806-STORE_02-0093;STORE_02;CASH-03;2026-08-06 14:51:23;SKU-010;4;25000;500;CASH
REC-20260806-STORE_02-0093;STORE_02;CASH-07;2026-08-06 14:51:23;SKU-001;4;45000;0;CASH
REC-20260806-STORE_02-0094;STORE_02;CASH-09;2026-08-06 16:02:06;SKU-001;4;45000;0;CARD
REC-20260806-STORE_02-0095;STORE_02;CASH-05;2026-08-06 20:19:27;SKU-010;2;25000;0;CASH
REC-20260806-STORE_02-0095;STORE_02;CASH-05;2026-08-06 20:19:27;SKU-012;3;45000;0;CARD
REC-20260806-STORE_02-0095;STORE_02;CASH-01;2026-08-06 20:19:27;SKU-007;1;12000;500;CARD
REC-20260806-STORE_02-0095;STORE_02;CASH-02;2026-08-06 20:19:27;SKU-002;3;12000;0;CASH
REC-20260806-STORE_02-0095;STORE_02;CASH-06;2026-08-06 20:19:27;SKU-001;3;45000;500;CASH
REC-20260806-STORE_02-0096;STORE_02;CASH-07;2026-08-06 17:14:16;SKU-004;3;25000;0;CARD
REC-20260806-STORE_02-0096;STORE_02;CASH-08;2026-08-06 17:14:16;SKU-001;3;45000;0;CASH
REC-20260806-STORE_02-0096;STORE_02;CASH-08;2026-08-06 17:14:16;SKU-013;2;12000;0;CARD
REC-20260806-STORE_02-0096;STORE_02;CASH-05;2026-08-06 17:14:16;SKU-030;3;45000;0;CARD
REC-20260806-STORE_02-0096;STORE_02;CASH-02;2026-08-06 17:14:16;SKU-011;4;5000;1000;CASH
REC-20260806-STORE_02-0097;STORE_02;CASH-05;2026-08-06 18:41:50;SKU-008;1;12000;0;CASH
REC-20260806-STORE_02-0097;STORE_02;CASH-10;2026-08-06 18:41:50;SKU-021;1;5000;0;CARD
REC-20260806-STORE_02-0098;STORE_02;CASH-10;2026-08-06 13:36:15;SKU-001;2;45000;0;CASH
REC-20260806-STORE_02-0098;STORE_02;CASH-10;2026-08-06 13:36:15;SKU-012;2;45000;500;CASH
REC-20260806-STORE_02-0099;STORE_02;CASH-10;2026-08-06 16:17:44;SKU-003;3;45000;500;CASH
REC-20260806-STORE_02-0100;STORE_02;CASH-10;2026-08-06 16:18:29;SKU-013;4;12000;0;CARD
REC-20260806-STORE_02-0100;STORE_02;CASH-03;2026-08-06 16:18:29;SKU-001;4;45000;0;CARD
REC-20260806-STORE_02-0100;STORE_02;CASH-02;2026-08-06 16:18:29;SKU-004;1;25000;0;CARD
REC-20260806-STORE_02-0101;STORE_02;CASH-03;2026-08-06 14:00:16;SKU-001;4;45000;0;CARD
REC-20260806-STORE_02-0102;STORE_02;CASH-06;2026-08-06 20:03:51;SKU-002;4;12000;1000;CASH
REC-20260806-STORE_02-0102;STORE_02;CASH-07;2026-08-06 20:03:51;SKU-010;3;25000;0;CASH
REC-20260806-STORE_02-0103;STORE_02;CASH-05;2026-08-06 13:10:20;SKU-026;2;12000;0;CARD
REC-20260806-STORE_02-0103;STORE_02;CASH-04;2026-08-06 13:10:20;SKU-050;3;25000;500;CARD
REC-20260806-STORE_02-0104;STORE_02;CASH-01;2026-08-06 11:30:23;SKU-001;4;45000;0;CARD
REC-20260806-STORE_02-0104;STORE_02;CASH-05;2026-08-06 11:30:23;SKU-003;2;45000;500;CARD
REC-20260806-STORE_02-0105;STORE_02;CASH-02;2026-08-06 17:08:03;SKU-003;4;45000;500;CASH
REC-20260806-STORE_02-0105;STORE_02;CASH-07;2026-08-06 17:08:03;SKU-033;1;5000;500;CARD
REC-20260806-STORE_02-0105;STORE_02;CASH-05;2026-08-06 17:08:03;SKU-001;2;45000;0;CARD
REC-20260806-STORE_02-0106;STORE_02;CASH-10;2026-08-06 11:41:26;SKU-020;4;12000;0;CARD
REC-20260806-STORE_02-0106;STORE_02;CASH-02;2026-08-06 11:41:26;SKU-015;4;5000;500;CARD
REC-20260806-STORE_02-0107;STORE_02;CASH-04;2026-08-06 14:20:14;SKU-038;4;12000;500;CASH
REC-20260806-STORE_02-0108;STORE_02;CASH-09;2026-08-06 12:21:44;SKU-007;1;12000;0;CARD
REC-20260806-STORE_02-0109;STORE_02;CASH-02;2026-08-06 19:40:18;SKU-031;2;45000;500;CARD
REC-20260806-STORE_02-0109;STORE_02;CASH-05;2026-08-06 19:40:18;SKU-003;3;45000;500;CARD
REC-20260806-STORE_02-0109;STORE_02;CASH-03;2026-08-06 19:40:18;SKU-042;4;5000;0;CARD
REC-20260806-STORE_02-0109;STORE_02;CASH-01;2026-08-06 19:40:18;SKU-033;2;5000;0;CARD
REC-20260806-STORE_02-0109;STORE_02;CASH-07;2026-08-06 19:40:18;SKU-014;3;5000;0;CASH
REC-20260806-STORE_02-0110;STORE_02;CASH-02;2026-08-06 8:03:53;SKU-002;4;12000;0;CARD
REC-20260806-STORE_02-0110;STORE_02;CASH-10;2026-08-06 8:03:53;SKU-019;4;25000;1000;CARD
REC-20260806-STORE_02-0110;STORE_02;CASH-09;2026-08-06 8:03:53;SKU-022;2;12000;1000;CASH
REC-20260806-STORE_02-0111;STORE_02;CASH-08;2026-08-06 14:24:58;SKU-001;3;45000;0;CARD
REC-20260806-STORE_02-0112;STORE_02;CASH-04;2026-08-06 9:31:06;SKU-040;3;25000;0;CARD
REC-20260806-STORE_02-0113;STORE_02;CASH-08;2026-08-06 17:06:52;SKU-021;1;5000;0;CARD
REC-20260806-STORE_02-0114;STORE_02;CASH-02;2026-08-06 18:23:34;SKU-002;2;12000;500;CARD
REC-20260806-STORE_02-0114;STORE_02;CASH-09;2026-08-06 18:23:34;SKU-004;3;25000;1000;CASH
REC-20260806-STORE_02-0114;STORE_02;CASH-04;2026-08-06 18:23:34;SKU-041;2;25000;0;CARD
REC-20260806-STORE_02-0114;STORE_02;CASH-02;2026-08-06 18:23:34;SKU-019;4;25000;500;CARD
REC-20260806-STORE_02-0115;STORE_02;CASH-09;2026-08-06 9:03:24;SKU-012;2;45000;1000;CARD
REC-20260806-STORE_02-0115;STORE_02;CASH-01;2026-08-06 9:03:24;SKU-001;4;45000;0;CARD
REC-20260806-STORE_02-0115;STORE_02;CASH-02;2026-08-06 9:03:24;SKU-003;4;45000;0;CASH
REC-20260806-STORE_02-0116;STORE_02;CASH-08;2026-08-06 20:01:57;SKU-003;2;45000;1000;CARD
REC-20260806-STORE_02-0117;STORE_02;CASH-08;2026-08-06 12:48:01;SKU-003;4;45000;0;CARD
REC-20260806-STORE_02-0117;STORE_02;CASH-03;2026-08-06 12:48:01;SKU-001;2;45000;0;CARD
REC-20260806-STORE_02-0118;STORE_02;CASH-03;2026-08-06 9:17:13;SKU-002;4;12000;0;CASH
REC-20260806-STORE_02-0118;STORE_02;CASH-05;2026-08-06 9:17:13;SKU-032;4;25000;500;CARD
REC-20260806-STORE_02-0118;STORE_02;CASH-04;2026-08-06 9:17:13;SKU-001;3;45000;500;CARD
REC-20260806-STORE_02-0118;STORE_02;CASH-04;2026-08-06 9:17:13;SKU-034;4;25000;0;CARD
REC-20260806-STORE_02-0118;STORE_02;CASH-05;2026-08-06 9:17:13;SKU-004;4;25000;0;CARD
REC-20260806-STORE_02-0119;STORE_02;CASH-10;2026-08-06 8:38:40;SKU-004;4;25000;0;CASH
REC-20260806-STORE_02-0119;STORE_02;CASH-06;2026-08-06 8:38:40;SKU-004;2;25000;500;CARD
REC-20260806-STORE_02-0119;STORE_02;CASH-03;2026-08-06 8:38:40;SKU-001;3;45000;500;CARD
REC-20260806-STORE_02-0120;STORE_02;CASH-02;2026-08-06 16:34:23;SKU-008;2;12000;500;CASH
REC-20260806-STORE_02-0120;STORE_02;CASH-06;2026-08-06 16:34:23;SKU-012;2;45000;0;CASH
REC-20260806-STORE_02-0120;STORE_02;CASH-01;2026-08-06 16:34:23;SKU-001;2;45000;0;CARD
REC-20260806-STORE_02-0121;STORE_02;CASH-08;2026-08-06 20:48:22;SKU-006;4;45000;0;CARD
REC-20260806-STORE_02-0121;STORE_02;CASH-01;2026-08-06 20:48:22;SKU-018;4;5000;0;CARD
REC-20260806-STORE_02-0122;STORE_02;CASH-09;2026-08-06 10:02:49;SKU-018;2;5000;0;CASH
REC-20260806-STORE_02-0122;STORE_02;CASH-09;2026-08-06 10:02:49;SKU-003;3;45000;0;CARD
REC-20260806-STORE_02-0122;STORE_02;CASH-07;2026-08-06 10:02:49;SKU-002;2;12000;0;CASH
REC-20260806-STORE_02-0123;STORE_02;CASH-05;2026-08-06 11:15:06;SKU-015;4;5000;0;CARD
REC-20260806-STORE_02-0124;STORE_02;CASH-05;2026-08-06 10:58:07;SKU-008;3;12000;1000;CASH
REC-20260806-STORE_02-0124;STORE_02;CASH-08;2026-08-06 10:58:07;SKU-002;4;12000;0;CARD
REC-20260806-STORE_02-0124;STORE_02;CASH-01;2026-08-06 10:58:07;SKU-004;1;25000;0;CASH
REC-20260806-STORE_02-0124;STORE_02;CASH-08;2026-08-06 10:58:07;SKU-002;4;12000;0;CASH
REC-20260806-STORE_02-0124;STORE_02;CASH-10;2026-08-06 10:58:07;SKU-001;4;45000;0;CARD
REC-20260806-STORE_02-0125;STORE_02;CASH-04;2026-08-06 9:00:12;SKU-004;2;25000;1000;CARD
REC-20260806-STORE_02-0125;STORE_02;CASH-10;2026-08-06 9:00:12;SKU-026;1;12000;0;CASH
REC-20260806-STORE_02-0125;STORE_02;CASH-09;2026-08-06 9:00:12;SKU-005;2;5000;0;CARD
REC-20260806-STORE_02-0125;STORE_02;CASH-06;2026-08-06 9:00:12;SKU-001;4;45000;0;CARD
REC-20260806-STORE_02-0125;STORE_02;CASH-04;2026-08-06 9:00:12;SKU-005;3;5000;0;CARD
REC-20260806-STORE_02-0126;STORE_02;CASH-09;2026-08-06 18:38:56;SKU-049;2;5000;500;CARD
REC-20260806-STORE_02-0127;STORE_02;CASH-01;2026-08-06 13:41:00;SKU-001;4;45000;0;CASH
REC-20260806-STORE_02-0127;STORE_02;CASH-07;2026-08-06 13:41:00;SKU-022;4;12000;1000;CARD
REC-20260806-STORE_02-0127;STORE_02;CASH-08;2026-08-06 13:41:00;SKU-002;1;12000;1000;CARD
REC-20260806-STORE_02-0127;STORE_02;CASH-04;2026-08-06 13:41:00;SKU-003;4;45000;0;CARD
REC-20260806-STORE_02-0127;STORE_02;CASH-03;2026-08-06 13:41:00;SKU-009;4;25000;0;CARD
REC-20260806-STORE_02-0128;STORE_02;CASH-01;2026-08-06 14:47:44;SKU-003;2;45000;0;CASH
REC-20260806-STORE_02-0128;STORE_02;CASH-02;2026-08-06 14:47:44;SKU-001;2;45000;500;CASH
REC-20260806-STORE_02-0129;STORE_02;CASH-04;2026-08-06 21:49:17;SKU-007;2;12000;0;CARD
REC-20260806-STORE_02-0130;STORE_02;CASH-10;2026-08-06 18:48:01;SKU-034;3;25000;1000;CASH
REC-20260806-STORE_02-0131;STORE_02;CASH-04;2026-08-06 14:49:50;SKU-005;3;5000;0;CASH
REC-20260806-STORE_02-0131;STORE_02;CASH-08;2026-08-06 14:49:50;SKU-003;3;45000;0;CARD
REC-20260806-STORE_02-0132;STORE_02;CASH-01;2026-08-06 21:59:00;SKU-003;4;45000;1000;CARD
REC-20260806-STORE_02-0132;STORE_02;CASH-04;2026-08-06 21:59:00;SKU-004;2;25000;0;CASH
REC-20260806-STORE_02-0133;STORE_02;CASH-06;2026-08-06 14:18:38;SKU-007;3;12000;0;CARD
REC-20260806-STORE_02-0133;STORE_02;CASH-08;2026-08-06 14:18:38;SKU-001;3;45000;0;CARD
REC-20260806-STORE_02-0133;STORE_02;CASH-07;2026-08-06 14:18:38;SKU-003;3;45000;1000;CARD
REC-20260806-STORE_02-0133;STORE_02;CASH-08;2026-08-06 14:18:38;SKU-028;2;5000;0;CARD
REC-20260806-STORE_02-0134;STORE_02;CASH-09;2026-08-06 20:21:53;SKU-034;1;25000;500;CASH
REC-20260806-STORE_02-0134;STORE_02;CASH-02;2026-08-06 20:21:53;SKU-050;1;25000;0;CARD
REC-20260806-STORE_02-0135;STORE_02;CASH-04;2026-08-06 13:57:11;SKU-014;2;5000;0;CASH
REC-20260806-STORE_02-0135;STORE_02;CASH-04;2026-08-06 13:57:11;SKU-005;2;5000;500;CARD
REC-20260806-STORE_02-0136;STORE_02;CASH-07;2026-08-06 18:31:27;SKU-004;4;25000;0;CASH
REC-20260806-STORE_02-0136;STORE_02;CASH-07;2026-08-06 18:31:27;SKU-045;1;45000;1000;CARD
REC-20260806-STORE_02-0137;STORE_02;CASH-04;2026-08-06 12:47:47;SKU-001;4;45000;0;CASH
REC-20260806-STORE_02-0137;STORE_02;CASH-05;2026-08-06 12:47:47;SKU-011;2;5000;0;CASH
REC-20260806-STORE_02-0138;STORE_02;CASH-05;2026-08-06 20:30:55;SKU-036;3;45000;0;CARD
REC-20260806-STORE_02-0138;STORE_02;CASH-09;2026-08-06 20:30:55;SKU-018;3;5000;0;CASH
REC-20260806-STORE_02-0138;STORE_02;CASH-10;2026-08-06 20:30:55;SKU-030;1;45000;500;CARD
REC-20260806-STORE_02-0138;STORE_02;CASH-09;2026-08-06 20:30:55;SKU-032;1;25000;0;CARD
REC-20260806-STORE_02-0138;STORE_02;CASH-04;2026-08-06 20:30:55;SKU-010;3;25000;500;CARD
REC-20260806-STORE_02-0139;STORE_02;CASH-10;2026-08-06 17:38:19;SKU-001;4;45000;0;CARD
REC-20260806-STORE_02-0139;STORE_02;CASH-08;2026-08-06 17:38:19;SKU-012;3;45000;1000;CARD
REC-20260806-STORE_02-0139;STORE_02;CASH-03;2026-08-06 17:38:19;SKU-009;2;25000;0;CASH
REC-20260806-STORE_02-0139;STORE_02;CASH-02;2026-08-06 17:38:19;SKU-022;2;12000;0;CARD
REC-20260806-STORE_02-0139;STORE_02;CASH-10;2026-08-06 17:38:19;SKU-005;4;5000;0;CARD
REC-20260806-STORE_02-0140;STORE_02;CASH-04;2026-08-06 21:31:33;SKU-005;4;5000;0;CARD
REC-20260806-STORE_02-0140;STORE_02;CASH-03;2026-08-06 21:31:33;SKU-008;1;12000;1000;CASH
REC-20260806-STORE_02-0140;STORE_02;CASH-02;2026-08-06 21:31:33;SKU-048;4;25000;0;CARD
REC-20260806-STORE_02-0140;STORE_02;CASH-10;2026-08-06 21:31:33;SKU-019;2;25000;0;CASH
REC-20260806-STORE_02-0140;STORE_02;CASH-05;2026-08-06 21:31:33;SKU-021;3;5000;1000;CASH
REC-20260806-STORE_02-0141;STORE_02;CASH-03;2026-08-06 9:32:45;SKU-010;2;25000;0;CARD
REC-20260806-STORE_02-0141;STORE_02;CASH-07;2026-08-06 9:32:45;SKU-005;2;5000;0;CARD
REC-20260806-STORE_02-0141;STORE_02;CASH-07;2026-08-06 9:32:45;SKU-009;3;25000;0;CARD
REC-20260806-STORE_02-0141;STORE_02;CASH-08;2026-08-06 9:32:45;SKU-002;1;12000;0;CARD
REC-20260806-STORE_02-0142;STORE_02;CASH-06;2026-08-06 11:13:10;SKU-002;1;12000;0;CARD
REC-20260806-STORE_02-0142;STORE_02;CASH-01;2026-08-06 11:13:10;SKU-001;1;45000;0;CARD
REC-20260806-STORE_02-0142;STORE_02;CASH-07;2026-08-06 11:13:10;SKU-032;3;25000;1000;CARD
REC-20260806-STORE_02-0142;STORE_02;CASH-05;2026-08-06 11:13:10;SKU-001;4;45000;500;CARD
REC-20260806-STORE_02-0143;STORE_02;CASH-10;2026-08-06 14:29:20;SKU-002;1;12000;0;CASH
REC-20260806-STORE_02-0143;STORE_02;CASH-07;2026-08-06 14:29:20;SKU-006;1;45000;0;CASH
REC-20260806-STORE_02-0143;STORE_02;CASH-01;2026-08-06 14:29:20;SKU-001;1;45000;1000;CASH
REC-20260806-STORE_02-0144;STORE_02;CASH-03;2026-08-06 12:09:03;SKU-001;1;45000;500;CARD
REC-20260806-STORE_02-0145;STORE_02;CASH-08;2026-08-06 18:12:39;SKU-003;2;45000;1000;CASH
REC-20260806-STORE_02-0145;STORE_02;CASH-07;2026-08-06 18:12:39;SKU-005;2;5000;0;CASH
REC-20260806-STORE_02-0145;STORE_02;CASH-08;2026-08-06 18:12:39;SKU-001;4;45000;0;CASH
REC-20260806-STORE_02-0145;STORE_02;CASH-04;2026-08-06 18:12:39;SKU-002;4;12000;0;CARD
REC-20260806-STORE_02-0145;STORE_02;CASH-01;2026-08-06 18:12:39;SKU-039;3;5000;0;CASH
REC-20260806-STORE_02-0146;STORE_02;CASH-06;2026-08-06 12:36:43;SKU-001;4;45000;1000;CARD
REC-20260806-STORE_02-0146;STORE_02;CASH-01;2026-08-06 12:36:43;SKU-002;1;12000;500;CASH
REC-20260806-STORE_02-0146;STORE_02;CASH-05;2026-08-06 12:36:43;SKU-002;3;12000;500;CASH
REC-20260806-STORE_02-0147;STORE_02;CASH-05;2026-08-06 18:44:32;SKU-023;4;45000;0;CARD
REC-20260806-STORE_02-0147;STORE_02;CASH-03;2026-08-06 18:44:32;SKU-006;1;45000;0;CASH
REC-20260806-STORE_02-0147;STORE_02;CASH-04;2026-08-06 18:44:32;SKU-033;1;5000;0;CARD
REC-20260806-STORE_02-0147;STORE_02;CASH-02;2026-08-06 18:44:32;SKU-001;2;45000;500;CARD
REC-20260806-STORE_02-0147;STORE_02;CASH-08;2026-08-06 18:44:32;SKU-035;2;5000;0;CARD
REC-20260806-STORE_02-0148;STORE_02;CASH-07;2026-08-06 21:11:21;SKU-002;3;12000;500;CARD
REC-20260806-STORE_02-0149;STORE_02;CASH-06;2026-08-06 11:04:58;SKU-036;3;45000;0;CARD
REC-20260806-STORE_02-0149;STORE_02;CASH-01;2026-08-06 11:04:58;SKU-012;2;45000;0;CARD
REC-20260806-STORE_02-0149;STORE_02;CASH-07;2026-08-06 11:04:58;SKU-002;1;12000;500;CARD
REC-20260806-STORE_02-0150;STORE_02;CASH-06;2026-08-06 8:31:25;SKU-015;2;5000;0;CASH
REC-20260806-STORE_02-0150;STORE_02;CASH-01;2026-08-06 8:31:25;SKU-001;2;45000;0;CARD
REC-20260806-STORE_02-0151;STORE_02;CASH-05;2026-08-06 11:14:55;SKU-001;4;45000;1000;CARD
REC-20260806-STORE_02-0152;STORE_02;CASH-08;2026-08-06 9:49:38;SKU-010;4;25000;500;CASH
REC-20260806-STORE_02-0153;STORE_02;CASH-03;2026-08-06 15:28:17;SKU-001;2;45000;0;CARD
REC-20260806-STORE_02-0153;STORE_02;CASH-07;2026-08-06 15:28:17;SKU-031;2;45000;0;CARD
REC-20260806-STORE_02-0153;STORE_02;CASH-06;2026-08-06 15:28:17;SKU-003;1;45000;0;CARD
REC-20260806-STORE_02-0154;STORE_02;CASH-06;2026-08-06 20:07:15;SKU-009;1;25000;0;CASH
REC-20260806-STORE_02-0154;STORE_02;CASH-01;2026-08-06 20:07:15;SKU-003;3;45000;0;CASH
REC-20260806-STORE_02-0155;STORE_02;CASH-08;2026-08-06 20:10:38;SKU-033;2;5000;500;CARD
REC-20260806-STORE_02-0155;STORE_02;CASH-10;2026-08-06 20:10:38;SKU-001;1;45000;1000;CASH
REC-20260806-STORE_02-0155;STORE_02;CASH-01;2026-08-06 20:10:38;SKU-005;1;5000;0;CARD
REC-20260806-STORE_02-0155;STORE_02;CASH-03;2026-08-06 20:10:38;SKU-001;1;45000;0;CASH
REC-20260806-STORE_02-0156;STORE_02;CASH-09;2026-08-06 21:03:32;SKU-019;1;25000;0;CARD
REC-20260806-STORE_02-0157;STORE_02;CASH-02;2026-08-06 8:47:57;SKU-009;2;25000;0;CARD
REC-20260806-STORE_02-0157;STORE_02;CASH-03;2026-08-06 8:47:57;SKU-018;4;5000;500;CASH
REC-20260806-STORE_02-0158;STORE_02;CASH-08;2026-08-06 14:47:21;SKU-019;2;25000;500;CARD
REC-20260806-STORE_02-0158;STORE_02;CASH-05;2026-08-06 14:47:21;SKU-004;2;25000;500;CARD
REC-20260806-STORE_02-0158;STORE_02;CASH-07;2026-08-06 14:47:21;SKU-003;2;45000;1000;CARD
REC-20260806-STORE_02-0159;STORE_02;CASH-09;2026-08-06 20:06:39;SKU-035;2;5000;0;CASH
REC-20260806-STORE_02-0159;STORE_02;CASH-10;2026-08-06 20:06:39;SKU-004;3;25000;0;CASH
REC-20260806-STORE_02-0159;STORE_02;CASH-07;2026-08-06 20:06:39;SKU-033;3;5000;0;CARD
REC-20260806-STORE_02-0160;STORE_02;CASH-08;2026-08-06 12:45:55;SKU-043;4;25000;0;CASH
REC-20260806-STORE_02-0160;STORE_02;CASH-06;2026-08-06 12:45:55;SKU-001;4;45000;500;CASH
REC-20260806-STORE_02-0160;STORE_02;CASH-05;2026-08-06 12:45:55;SKU-001;2;45000;0;CARD
REC-20260806-STORE_02-0160;STORE_02;CASH-04;2026-08-06 12:45:55;SKU-035;4;5000;1000;CASH
REC-20260806-STORE_02-0161;STORE_02;CASH-03;2026-08-06 17:11:13;SKU-016;3;25000;0;CARD
REC-20260806-STORE_02-0161;STORE_02;CASH-07;2026-08-06 17:11:13;SKU-005;2;5000;0;CARD
REC-20260806-STORE_02-0161;STORE_02;CASH-07;2026-08-06 17:11:13;SKU-010;1;25000;0;CARD
REC-20260806-STORE_02-0162;STORE_02;CASH-02;2026-08-06 19:57:27;SKU-017;3;12000;0;CARD
REC-20260806-STORE_02-0163;STORE_02;CASH-06;2026-08-06 11:03:51;SKU-038;4;12000;500;CASH
REC-20260806-STORE_02-0164;STORE_02;CASH-09;2026-08-06 10:04:42;SKU-001;4;45000;0;CARD
REC-20260806-STORE_02-0164;STORE_02;CASH-03;2026-08-06 10:04:42;SKU-001;1;45000;0;CARD
REC-20260806-STORE_02-0164;STORE_02;CASH-08;2026-08-06 10:04:42;SKU-003;3;45000;500;CASH
REC-20260806-STORE_02-0164;STORE_02;CASH-01;2026-08-06 10:04:42;SKU-038;2;12000;0;CASH
REC-20260806-STORE_02-0164;STORE_02;CASH-06;2026-08-06 10:04:42;SKU-045;3;45000;0;CARD
REC-20260806-STORE_02-0165;STORE_02;CASH-06;2026-08-06 10:32:46;SKU-003;1;45000;0;CASH
REC-20260806-STORE_02-0166;STORE_02;CASH-09;2026-08-06 9:32:43;SKU-048;3;25000;0;CARD
REC-20260806-STORE_02-0166;STORE_02;CASH-08;2026-08-06 9:32:43;SKU-002;1;12000;500;CARD
REC-20260806-STORE_02-0166;STORE_02;CASH-08;2026-08-06 9:32:43;SKU-007;3;12000;1000;CASH
REC-20260806-STORE_02-0166;STORE_02;CASH-01;2026-08-06 9:32:43;SKU-001;3;45000;500;CARD
REC-20260806-STORE_02-0167;STORE_02;CASH-04;2026-08-06 18:58:01;SKU-025;2;5000;500;CASH
REC-20260806-STORE_02-0167;STORE_02;CASH-01;2026-08-06 18:58:01;SKU-001;1;45000;0;CARD
REC-20260806-STORE_02-0167;STORE_02;CASH-10;2026-08-06 18:58:01;SKU-003;3;45000;0;CASH
REC-20260806-STORE_02-0167;STORE_02;CASH-07;2026-08-06 18:58:01;SKU-001;4;45000;1000;CASH
REC-20260806-STORE_02-0167;STORE_02;CASH-09;2026-08-06 18:58:01;SKU-001;1;45000;0;CARD
REC-20260806-STORE_02-0168;STORE_02;CASH-02;2026-08-06 20:06:40;SKU-005;4;5000;0;CARD
REC-20260806-STORE_02-0168;STORE_02;CASH-09;2026-08-06 20:06:40;SKU-005;2;5000;0;CARD
REC-20260806-STORE_02-0169;STORE_02;CASH-03;2026-08-06 18:21:33;SKU-012;4;45000;500;CARD
REC-20260806-STORE_02-0169;STORE_02;CASH-06;2026-08-06 18:21:33;SKU-002;1;12000;0;CARD
REC-20260806-STORE_02-0169;STORE_02;CASH-10;2026-08-06 18:21:33;SKU-001;1;45000;0;CASH
REC-20260806-STORE_02-0169;STORE_02;CASH-02;2026-08-06 18:21:33;SKU-005;2;5000;0;CARD
REC-20260806-STORE_02-0169;STORE_02;CASH-05;2026-08-06 18:21:33;SKU-007;3;12000;0;CARD
REC-20260806-STORE_02-0170;STORE_02;CASH-09;2026-08-06 21:00:33;SKU-001;2;45000;1000;CARD
REC-20260806-STORE_02-0170;STORE_02;CASH-03;2026-08-06 21:00:33;SKU-003;4;45000;1000;CASH
REC-20260806-STORE_02-0170;STORE_02;CASH-03;2026-08-06 21:00:33;SKU-002;1;12000;1000;CARD
REC-20260806-STORE_02-0170;STORE_02;CASH-04;2026-08-06 21:00:33;SKU-026;1;12000;0;CARD
REC-20260806-STORE_02-0170;STORE_02;CASH-01;2026-08-06 21:00:33;SKU-037;4;45000;0;CARD
REC-20260806-STORE_02-0171;STORE_02;CASH-09;2026-08-06 13:03:19;SKU-003;3;45000;500;CARD
REC-20260806-STORE_02-0171;STORE_02;CASH-05;2026-08-06 13:03:19;SKU-028;4;5000;1000;CARD
REC-20260806-STORE_02-0171;STORE_02;CASH-08;2026-08-06 13:03:19;SKU-005;2;5000;0;CARD
REC-20260806-STORE_02-0171;STORE_02;CASH-08;2026-08-06 13:03:19;SKU-011;3;5000;0;CARD
REC-20260806-STORE_02-0172;STORE_02;CASH-03;2026-08-06 14:36:38;SKU-007;4;12000;0;CASH
REC-20260806-STORE_02-0172;STORE_02;CASH-01;2026-08-06 14:36:38;SKU-004;2;25000;0;CARD
REC-20260806-STORE_02-0173;STORE_02;CASH-05;2026-08-06 18:09:09;SKU-001;3;45000;1000;CARD
REC-20260806-STORE_02-0173;STORE_02;CASH-02;2026-08-06 18:09:09;SKU-005;2;5000;0;CARD
REC-20260806-STORE_02-0173;STORE_02;CASH-07;2026-08-06 18:09:09;SKU-013;2;12000;0;CARD
REC-20260806-STORE_02-0173;STORE_02;CASH-09;2026-08-06 18:09:09;SKU-025;4;5000;1000;CASH
REC-20260806-STORE_02-0173;STORE_02;CASH-08;2026-08-06 18:09:09;SKU-031;3;45000;500;CARD
REC-20260806-STORE_02-0174;STORE_02;CASH-10;2026-08-06 13:23:28;SKU-002;1;12000;500;CARD
REC-20260806-STORE_02-0174;STORE_02;CASH-05;2026-08-06 13:23:28;SKU-008;3;12000;500;CARD
REC-20260806-STORE_02-0175;STORE_02;CASH-07;2026-08-06 17:08:14;SKU-004;1;25000;0;CARD
REC-20260806-STORE_02-0175;STORE_02;CASH-02;2026-08-06 17:08:14;SKU-009;3;25000;0;CASH
REC-20260806-STORE_02-0175;STORE_02;CASH-09;2026-08-06 17:08:14;SKU-020;3;12000;0;CARD
REC-20260806-STORE_02-0175;STORE_02;CASH-08;2026-08-06 17:08:14;SKU-001;1;45000;0;CASH
REC-20260806-STORE_02-0175;STORE_02;CASH-07;2026-08-06 17:08:14;SKU-001;2;45000;0;CASH
REC-20260806-STORE_02-0176;STORE_02;CASH-09;2026-08-06 20:00:09;SKU-034;4;25000;0;CASH
REC-20260806-STORE_02-0176;STORE_02;CASH-06;2026-08-06 20:00:09;SKU-002;3;12000;0;CARD
REC-20260806-STORE_02-0176;STORE_02;CASH-08;2026-08-06 20:00:09;SKU-005;1;5000;0;CARD
REC-20260806-STORE_02-0176;STORE_02;CASH-05;2026-08-06 20:00:09;SKU-005;2;5000;0;CARD
REC-20260806-STORE_02-0177;STORE_02;CASH-07;2026-08-06 18:29:32;SKU-001;2;45000;0;CARD
REC-20260806-STORE_02-0177;STORE_02;CASH-08;2026-08-06 18:29:32;SKU-001;3;45000;0;CARD
REC-20260806-STORE_02-0177;STORE_02;CASH-06;2026-08-06 18:29:32;SKU-004;1;25000;500;CARD
REC-20260806-STORE_02-0177;STORE_02;CASH-04;2026-08-06 18:29:32;SKU-001;4;45000;0;CARD
REC-20260806-STORE_02-0177;STORE_02;CASH-01;2026-08-06 18:29:32;SKU-028;2;5000;0;CASH
REC-20260806-STORE_02-0178;STORE_02;CASH-02;2026-08-06 9:09:35;SKU-013;3;12000;0;CARD
REC-20260806-STORE_02-0178;STORE_02;CASH-03;2026-08-06 9:09:35;SKU-001;4;45000;1000;CARD
REC-20260806-STORE_02-0178;STORE_02;CASH-02;2026-08-06 9:09:35;SKU-001;3;45000;0;CASH
REC-20260806-STORE_02-0179;STORE_02;CASH-04;2026-08-06 12:35:52;SKU-012;2;45000;500;CARD
REC-20260806-STORE_02-0179;STORE_02;CASH-02;2026-08-06 12:35:52;SKU-008;4;12000;500;CARD
REC-20260806-STORE_02-0179;STORE_02;CASH-08;2026-08-06 12:35:52;SKU-001;3;45000;0;CARD
REC-20260806-STORE_02-0179;STORE_02;CASH-08;2026-08-06 12:35:52;SKU-005;1;5000;0;CASH
REC-20260806-STORE_02-0180;STORE_02;CASH-10;2026-08-06 15:10:30;SKU-002;3;12000;500;CASH
REC-20260806-STORE_02-0180;STORE_02;CASH-05;2026-08-06 15:10:30;SKU-001;3;45000;0;CASH
REC-20260806-STORE_02-0180;STORE_02;CASH-03;2026-08-06 15:10:30;SKU-003;4;45000;0;CARD
REC-20260806-STORE_02-0180;STORE_02;CASH-05;2026-08-06 15:10:30;SKU-006;3;45000;1000;CASH
REC-20260806-STORE_02-0181;STORE_02;CASH-02;2026-08-06 21:38:39;SKU-023;3;45000;500;CARD
REC-20260806-STORE_02-0181;STORE_02;CASH-03;2026-08-06 21:38:39;SKU-029;2;5000;0;CARD
REC-20260806-STORE_02-0182;STORE_02;CASH-05;2026-08-06 15:17:38;SKU-011;1;5000;0;CARD
REC-20260806-STORE_02-0182;STORE_02;CASH-09;2026-08-06 15:17:38;SKU-014;3;5000;1000;CARD
REC-20260806-STORE_02-0183;STORE_02;CASH-09;2026-08-06 17:59:01;SKU-001;2;45000;0;CARD
REC-20260806-STORE_02-0184;STORE_02;CASH-10;2026-08-06 21:15:11;SKU-039;1;5000;500;CARD
REC-20260806-STORE_02-0185;STORE_02;CASH-02;2026-08-06 21:56:19;SKU-011;2;5000;0;CASH
REC-20260806-STORE_02-0185;STORE_02;CASH-03;2026-08-06 21:56:19;SKU-008;1;12000;0;CARD
REC-20260806-STORE_02-0185;STORE_02;CASH-08;2026-08-06 21:56:19;SKU-014;1;5000;0;CARD
REC-20260806-STORE_02-0186;STORE_02;CASH-04;2026-08-06 10:47:43;SKU-001;4;45000;500;CARD
REC-20260806-STORE_02-0186;STORE_02;CASH-05;2026-08-06 10:47:43;SKU-001;4;45000;0;CARD
REC-20260806-STORE_02-0186;STORE_02;CASH-06;2026-08-06 10:47:43;SKU-004;3;25000;1000;CASH
REC-20260806-STORE_02-0186;STORE_02;CASH-06;2026-08-06 10:47:43;SKU-022;4;12000;0;CASH
REC-20260806-STORE_02-0186;STORE_02;CASH-09;2026-08-06 10:47:43;SKU-002;2;12000;1000;CARD
REC-20260806-STORE_02-0187;STORE_02;CASH-04;2026-08-06 10:56:11;SKU-007;3;12000;1000;CASH
REC-20260806-STORE_02-0187;STORE_02;CASH-03;2026-08-06 10:56:11;SKU-007;2;12000;500;CARD
REC-20260806-STORE_02-0187;STORE_02;CASH-07;2026-08-06 10:56:11;SKU-038;4;12000;1000;CASH
REC-20260806-STORE_02-0187;STORE_02;CASH-04;2026-08-06 10:56:11;SKU-001;1;45000;500;CARD
REC-20260806-STORE_02-0188;STORE_02;CASH-01;2026-08-06 12:50:55;SKU-001;2;45000;500;CARD
REC-20260806-STORE_02-0189;STORE_02;CASH-06;2026-08-06 14:01:35;SKU-014;4;5000;0;CARD
REC-20260806-STORE_02-0189;STORE_02;CASH-10;2026-08-06 14:01:35;SKU-019;1;25000;500;CASH
REC-20260806-STORE_02-0190;STORE_02;CASH-05;2026-08-06 11:48:37;SKU-002;1;12000;0;CASH
REC-20260806-STORE_02-0191;STORE_02;CASH-08;2026-08-06 14:40:50;SKU-004;2;25000;1000;CASH
REC-20260806-STORE_02-0191;STORE_02;CASH-07;2026-08-06 14:40:50;SKU-043;3;25000;500;CARD
REC-20260806-STORE_02-0191;STORE_02;CASH-04;2026-08-06 14:40:50;SKU-001;3;45000;0;CARD
REC-20260806-STORE_02-0191;STORE_02;CASH-03;2026-08-06 14:40:50;SKU-013;3;12000;0;CARD
REC-20260806-STORE_02-0192;STORE_02;CASH-06;2026-08-06 14:57:16;SKU-028;3;5000;0;CASH
REC-20260806-STORE_02-0192;STORE_02;CASH-03;2026-08-06 14:57:16;SKU-028;3;5000;0;CASH
REC-20260806-STORE_02-0192;STORE_02;CASH-07;2026-08-06 14:57:16;SKU-002;1;12000;0;CARD
REC-20260806-STORE_02-0193;STORE_02;CASH-07;2026-08-06 20:41:36;SKU-003;3;45000;500;CARD
REC-20260806-STORE_02-0193;STORE_02;CASH-08;2026-08-06 20:41:36;SKU-049;4;5000;0;CASH
REC-20260806-STORE_02-0194;STORE_02;CASH-06;2026-08-06 19:01:40;SKU-003;1;45000;0;CARD
REC-20260806-STORE_02-0194;STORE_02;CASH-09;2026-08-06 19:01:40;SKU-012;3;45000;0;CARD
REC-20260806-STORE_02-0194;STORE_02;CASH-04;2026-08-06 19:01:40;SKU-001;2;45000;0;CASH
REC-20260806-STORE_02-0194;STORE_02;CASH-01;2026-08-06 19:01:40;SKU-001;4;45000;0;CARD
REC-20260806-STORE_02-0195;STORE_02;CASH-07;2026-08-06 11:28:16;SKU-028;1;5000;0;CARD
REC-20260806-STORE_02-0195;STORE_02;CASH-10;2026-08-06 11:28:16;SKU-002;2;12000;0;CARD
REC-20260806-STORE_02-0195;STORE_02;CASH-09;2026-08-06 11:28:16;SKU-001;4;45000;0;CASH
REC-20260806-STORE_02-0196;STORE_02;CASH-05;2026-08-06 15:38:13;SKU-020;4;12000;1000;CARD
REC-20260806-STORE_02-0197;STORE_02;CASH-02;2026-08-06 11:09:03;SKU-020;3;12000;0;CARD
REC-20260806-STORE_02-0197;STORE_02;CASH-01;2026-08-06 11:09:03;SKU-026;3;12000;0;CARD
REC-20260806-STORE_02-0197;STORE_02;CASH-09;2026-08-06 11:09:03;SKU-007;3;12000;1000;CARD
REC-20260806-STORE_02-0197;STORE_02;CASH-07;2026-08-06 11:09:03;SKU-009;2;25000;0;CASH
REC-20260806-STORE_02-0198;STORE_02;CASH-05;2026-08-06 14:21:19;SKU-002;3;12000;0;CASH
REC-20260806-STORE_02-0198;STORE_02;CASH-09;2026-08-06 14:21:19;SKU-001;3;45000;0;CARD
REC-20260806-STORE_02-0198;STORE_02;CASH-03;2026-08-06 14:21:19;SKU-001;1;45000;0;CASH
REC-20260806-STORE_02-0199;STORE_02;CASH-01;2026-08-06 17:41:27;SKU-007;3;12000;0;CASH
REC-20260806-STORE_02-0199;STORE_02;CASH-09;2026-08-06 17:41:27;SKU-004;1;25000;0;CASH
REC-20260806-STORE_02-0199;STORE_02;CASH-10;2026-08-06 17:41:27;SKU-019;1;25000;500;CASH
REC-20260806-STORE_02-0199;STORE_02;CASH-02;2026-08-06 17:41:27;SKU-042;3;5000;500;CARD
REC-20260806-STORE_02-0199;STORE_02;CASH-07;2026-08-06 17:41:27;SKU-001;1;45000;0;CARD
REC-20260806-STORE_02-0200;STORE_02;CASH-04;2026-08-06 21:15:54;SKU-006;4;45000;0;CASH
REC-20260806-STORE_02-0201;STORE_02;CASH-07;2026-08-06 16:19:08;SKU-009;2;25000;0;CARD
REC-20260806-STORE_02-0201;STORE_02;CASH-01;2026-08-06 16:19:08;SKU-018;4;5000;0;CARD
REC-20260806-STORE_02-0201;STORE_02;CASH-03;2026-08-06 16:19:08;SKU-016;4;25000;0;CARD
REC-20260806-STORE_02-0201;STORE_02;CASH-03;2026-08-06 16:19:08;SKU-010;3;25000;500;CARD
REC-20260806-STORE_02-0202;STORE_02;CASH-07;2026-08-06 16:21:14;SKU-015;1;5000;0;CARD
REC-20260806-STORE_02-0202;STORE_02;CASH-10;2026-08-06 16:21:14;SKU-008;4;12000;1000;CARD
REC-20260806-STORE_02-0202;STORE_02;CASH-05;2026-08-06 16:21:14;SKU-001;3;45000;1000;CARD
REC-20260806-STORE_02-0202;STORE_02;CASH-03;2026-08-06 16:21:14;SKU-001;2;45000;0;CASH
REC-20260806-STORE_02-0203;STORE_02;CASH-09;2026-08-06 19:49:11;SKU-001;3;45000;0;CARD
REC-20260806-STORE_02-0203;STORE_02;CASH-10;2026-08-06 19:49:11;SKU-009;4;25000;0;CARD
REC-20260806-STORE_02-0203;STORE_02;CASH-09;2026-08-06 19:49:11;SKU-022;2;12000;0;CARD
REC-20260806-STORE_02-0204;STORE_02;CASH-03;2026-08-06 17:23:03;SKU-007;4;12000;0;CARD
REC-20260806-STORE_02-0204;STORE_02;CASH-01;2026-08-06 17:23:03;SKU-002;2;12000;0;CARD
REC-20260806-STORE_02-0204;STORE_02;CASH-08;2026-08-06 17:23:03;SKU-028;4;5000;0;CARD
REC-20260806-STORE_02-0204;STORE_02;CASH-07;2026-08-06 17:23:03;SKU-010;2;25000;500;CARD
REC-20260806-STORE_02-0205;STORE_02;CASH-06;2026-08-06 9:59:26;SKU-006;1;45000;1000;CASH
REC-20260806-STORE_02-0205;STORE_02;CASH-06;2026-08-06 9:59:26;SKU-042;2;5000;500;CARD
REC-20260806-STORE_02-0205;STORE_02;CASH-02;2026-08-06 9:59:26;SKU-021;2;5000;0;CARD
REC-20260806-STORE_02-0205;STORE_02;CASH-07;2026-08-06 9:59:26;SKU-007;2;12000;0;CASH
REC-20260806-STORE_02-0205;STORE_02;CASH-10;2026-08-06 9:59:26;SKU-020;4;12000;500;CASH
REC-20260806-STORE_02-0206;STORE_02;CASH-07;2026-08-06 18:19:35;SKU-006;2;45000;500;CASH
REC-20260806-STORE_02-0206;STORE_02;CASH-09;2026-08-06 18:19:35;SKU-015;2;5000;0;CASH
REC-20260806-STORE_02-0207;STORE_02;CASH-01;2026-08-06 12:10:24;SKU-002;2;12000;1000;CARD
REC-20260806-STORE_02-0207;STORE_02;CASH-01;2026-08-06 12:10:24;SKU-015;1;5000;0;CARD
REC-20260806-STORE_02-0207;STORE_02;CASH-05;2026-08-06 12:10:24;SKU-002;1;12000;0;CARD
REC-20260806-STORE_02-0207;STORE_02;CASH-06;2026-08-06 12:10:24;SKU-022;4;12000;0;CASH
REC-20260806-STORE_02-0207;STORE_02;CASH-02;2026-08-06 12:10:24;SKU-001;2;45000;1000;CASH
REC-20260806-STORE_02-0208;STORE_02;CASH-03;2026-08-06 16:13:03;SKU-011;1;5000;0;CARD
REC-20260806-STORE_02-0208;STORE_02;CASH-01;2026-08-06 16:13:03;SKU-001;4;45000;500;CARD
REC-20260806-STORE_02-0208;STORE_02;CASH-07;2026-08-06 16:13:03;SKU-012;4;45000;0;CARD
REC-20260806-STORE_02-0209;STORE_02;CASH-10;2026-08-06 19:58:26;SKU-005;2;5000;0;CARD
REC-20260806-STORE_02-0209;STORE_02;CASH-04;2026-08-06 19:58:26;SKU-003;2;45000;0;CARD
REC-20260806-STORE_02-0209;STORE_02;CASH-05;2026-08-06 19:58:26;SKU-035;2;5000;500;CASH
REC-20260806-STORE_02-0210;STORE_02;CASH-06;2026-08-06 14:07:35;SKU-009;2;25000;1000;CASH
REC-20260806-STORE_02-0210;STORE_02;CASH-06;2026-08-06 14:07:35;SKU-011;3;5000;0;CARD
REC-20260806-STORE_02-0210;STORE_02;CASH-04;2026-08-06 14:07:35;SKU-039;4;5000;0;CASH
REC-20260806-STORE_02-0210;STORE_02;CASH-09;2026-08-06 14:07:35;SKU-002;1;12000;1000;CARD
REC-20260806-STORE_02-0211;STORE_02;CASH-02;2026-08-06 18:57:29;SKU-001;4;45000;0;CARD
REC-20260806-STORE_02-0211;STORE_02;CASH-01;2026-08-06 18:57:29;SKU-001;1;45000;1000;CASH
REC-20260806-STORE_02-0211;STORE_02;CASH-01;2026-08-06 18:57:29;SKU-001;2;45000;0;CARD
REC-20260806-STORE_02-0211;STORE_02;CASH-06;2026-08-06 18:57:29;SKU-012;2;45000;0;CARD
REC-20260806-STORE_02-0212;STORE_02;CASH-07;2026-08-06 17:39:01;SKU-008;1;12000;0;CASH
REC-20260806-STORE_02-0212;STORE_02;CASH-07;2026-08-06 17:39:01;SKU-001;4;45000;0;CARD
REC-20260806-STORE_02-0212;STORE_02;CASH-05;2026-08-06 17:39:01;SKU-027;2;5000;0;CARD
REC-20260806-STORE_02-0213;STORE_02;CASH-08;2026-08-06 11:28:12;SKU-030;1;45000;0;CARD
REC-20260806-STORE_02-0213;STORE_02;CASH-01;2026-08-06 11:28:12;SKU-008;1;12000;0;CASH
REC-20260806-STORE_02-0213;STORE_02;CASH-10;2026-08-06 11:28:12;SKU-001;2;45000;0;CARD
REC-20260806-STORE_02-0213;STORE_02;CASH-07;2026-08-06 11:28:12;SKU-001;1;45000;1000;CARD
REC-20260806-STORE_02-0213;STORE_02;CASH-07;2026-08-06 11:28:12;SKU-002;3;12000;0;CARD
REC-20260806-STORE_02-0214;STORE_02;CASH-10;2026-08-06 13:36:53;SKU-001;3;45000;500;CARD
REC-20260806-STORE_02-0214;STORE_02;CASH-10;2026-08-06 13:36:53;SKU-029;4;5000;0;CARD
REC-20260806-STORE_02-0214;STORE_02;CASH-09;2026-08-06 13:36:53;SKU-004;2;25000;0;CARD
REC-20260806-STORE_02-0214;STORE_02;CASH-03;2026-08-06 13:36:53;SKU-009;3;25000;500;CASH
REC-20260806-STORE_02-0215;STORE_02;CASH-09;2026-08-06 9:04:44;SKU-001;2;45000;0;CASH
REC-20260806-STORE_02-0215;STORE_02;CASH-09;2026-08-06 9:04:44;SKU-012;4;45000;0;CARD
REC-20260806-STORE_02-0216;STORE_02;CASH-03;2026-08-06 15:34:53;SKU-002;4;12000;1000;CASH
REC-20260806-STORE_02-0216;STORE_02;CASH-09;2026-08-06 15:34:53;SKU-013;3;12000;500;CASH
REC-20260806-STORE_02-0216;STORE_02;CASH-06;2026-08-06 15:34:53;SKU-003;2;45000;500;CASH
REC-20260806-STORE_02-0216;STORE_02;CASH-02;2026-08-06 15:34:53;SKU-049;1;5000;0;CARD
REC-20260806-STORE_02-0217;STORE_02;CASH-02;2026-08-06 9:41:08;SKU-002;1;12000;500;CASH
REC-20260806-STORE_02-0217;STORE_02;CASH-07;2026-08-06 9:41:08;SKU-003;4;45000;0;CASH
REC-20260806-STORE_02-0218;STORE_02;CASH-04;2026-08-06 13:18:05;SKU-003;2;45000;0;CASH
REC-20260806-STORE_02-0218;STORE_02;CASH-01;2026-08-06 13:18:05;SKU-004;3;25000;1000;CARD
REC-20260806-STORE_02-0218;STORE_02;CASH-04;2026-08-06 13:18:05;SKU-002;3;12000;0;CARD
REC-20260806-STORE_02-0218;STORE_02;CASH-10;2026-08-06 13:18:05;SKU-027;2;5000;0;CASH
REC-20260806-STORE_02-0218;STORE_02;CASH-03;2026-08-06 13:18:05;SKU-008;4;12000;500;CARD
REC-20260806-STORE_02-0219;STORE_02;CASH-03;2026-08-06 13:48:36;SKU-031;3;45000;0;CARD
REC-20260806-STORE_02-0219;STORE_02;CASH-07;2026-08-06 13:48:36;SKU-025;4;5000;0;CASH
REC-20260806-STORE_02-0220;STORE_02;CASH-10;2026-08-06 19:13:15;SKU-018;3;5000;0;CARD
REC-20260806-STORE_02-0220;STORE_02;CASH-02;2026-08-06 19:13:15;SKU-002;1;12000;0;CARD
REC-20260806-STORE_02-0220;STORE_02;CASH-02;2026-08-06 19:13:15;SKU-009;1;25000;0;CARD
REC-20260806-STORE_02-0220;STORE_02;CASH-03;2026-08-06 19:13:15;SKU-001;1;45000;1000;CASH
REC-20260806-STORE_02-0220;STORE_02;CASH-03;2026-08-06 19:13:15;SKU-002;2;12000;0;CARD
REC-20260806-STORE_02-0221;STORE_02;CASH-01;2026-08-06 14:19:54;SKU-032;3;25000;0;CARD
REC-20260806-STORE_02-0222;STORE_02;CASH-06;2026-08-06 10:11:02;SKU-001;3;45000;1000;CASH
REC-20260806-STORE_02-0222;STORE_02;CASH-01;2026-08-06 10:11:02;SKU-005;3;5000;500;CASH
REC-20260806-STORE_02-0222;STORE_02;CASH-03;2026-08-06 10:11:02;SKU-038;4;12000;500;CASH
REC-20260806-STORE_02-0223;STORE_02;CASH-01;2026-08-06 10:57:51;SKU-006;2;45000;0;CASH
REC-20260806-STORE_02-0223;STORE_02;CASH-06;2026-08-06 10:57:51;SKU-015;1;5000;1000;CARD
REC-20260806-STORE_02-0223;STORE_02;CASH-05;2026-08-06 10:57:51;SKU-002;3;12000;0;CARD
REC-20260806-STORE_02-0224;STORE_02;CASH-10;2026-08-06 8:55:01;SKU-028;4;5000;1000;CARD
REC-20260806-STORE_02-0224;STORE_02;CASH-08;2026-08-06 8:55:01;SKU-013;3;12000;0;CASH
REC-20260806-STORE_02-0224;STORE_02;CASH-09;2026-08-06 8:55:01;SKU-001;4;45000;0;CARD
REC-20260806-STORE_02-0225;STORE_02;CASH-07;2026-08-06 21:17:28;SKU-024;4;12000;0;CASH
REC-20260806-STORE_02-0225;STORE_02;CASH-07;2026-08-06 21:17:28;SKU-006;1;45000;500;CARD
REC-20260806-STORE_02-0225;STORE_02;CASH-02;2026-08-06 21:17:28;SKU-016;4;25000;0;CASH
REC-20260806-STORE_02-0226;STORE_02;CASH-08;2026-08-06 18:43:55;SKU-009;4;25000;500;CASH
REC-20260806-STORE_02-0226;STORE_02;CASH-03;2026-08-06 18:43:55;SKU-022;2;12000;0;CARD
REC-20260806-STORE_02-0227;STORE_02;CASH-09;2026-08-06 8:15:21;SKU-002;3;12000;0;CASH
REC-20260806-STORE_02-0227;STORE_02;CASH-01;2026-08-06 8:15:21;SKU-001;3;45000;0;CARD
REC-20260806-STORE_02-0227;STORE_02;CASH-03;2026-08-06 8:15:21;SKU-003;4;45000;500;CARD
REC-20260806-STORE_02-0227;STORE_02;CASH-08;2026-08-06 8:15:21;SKU-030;3;45000;0;CASH
REC-20260806-STORE_02-0227;STORE_02;CASH-08;2026-08-06 8:15:21;SKU-004;2;25000;0;CASH
REC-20260806-STORE_02-0228;STORE_02;CASH-01;2026-08-06 12:41:58;SKU-015;1;5000;500;CASH
REC-20260806-STORE_02-0228;STORE_02;CASH-08;2026-08-06 12:41:58;SKU-004;2;25000;0;CASH
REC-20260806-STORE_02-0228;STORE_02;CASH-07;2026-08-06 12:41:58;SKU-001;3;45000;0;CASH
REC-20260806-STORE_02-0228;STORE_02;CASH-06;2026-08-06 12:41:58;SKU-018;2;5000;0;CASH
REC-20260806-STORE_02-0229;STORE_02;CASH-08;2026-08-06 19:25:39;SKU-042;4;5000;0;CASH
REC-20260806-STORE_02-0229;STORE_02;CASH-09;2026-08-06 19:25:39;SKU-001;3;45000;500;CASH
REC-20260806-STORE_02-0229;STORE_02;CASH-09;2026-08-06 19:25:39;SKU-002;4;12000;0;CARD
REC-20260806-STORE_02-0229;STORE_02;CASH-09;2026-08-06 19:25:39;SKU-044;1;5000;1000;CASH
REC-20260806-STORE_02-0230;STORE_02;CASH-09;2026-08-06 19:34:59;SKU-009;3;25000;0;CARD
REC-20260806-STORE_02-0230;STORE_02;CASH-01;2026-08-06 19:34:59;SKU-036;1;45000;0;CASH
REC-20260806-STORE_02-0230;STORE_02;CASH-09;2026-08-06 19:34:59;SKU-001;2;45000;0;CASH
REC-20260806-STORE_02-0231;STORE_02;CASH-07;2026-08-06 20:37:18;SKU-005;1;5000;500;CARD
REC-20260806-STORE_02-0231;STORE_02;CASH-03;2026-08-06 20:37:18;SKU-004;1;25000;500;CARD
REC-20260806-STORE_02-0231;STORE_02;CASH-04;2026-08-06 20:37:18;SKU-001;4;45000;0;CASH
REC-20260806-STORE_02-0231;STORE_02;CASH-10;2026-08-06 20:37:18;SKU-001;3;45000;1000;CARD
REC-20260806-STORE_02-0231;STORE_02;CASH-10;2026-08-06 20:37:18;SKU-003;2;45000;0;CASH
REC-20260806-STORE_02-0232;STORE_02;CASH-04;2026-08-06 16:04:33;SKU-008;1;12000;0;CARD
REC-20260806-STORE_02-0232;STORE_02;CASH-03;2026-08-06 16:04:33;SKU-037;4;45000;500;CARD
REC-20260806-STORE_02-0232;STORE_02;CASH-05;2026-08-06 16:04:33;SKU-018;3;5000;0;CASH
REC-20260806-STORE_02-0232;STORE_02;CASH-06;2026-08-06 16:04:33;SKU-001;2;45000;1000;CASH
REC-20260806-STORE_02-0232;STORE_02;CASH-01;2026-08-06 16:04:33;SKU-003;3;45000;1000;CARD
REC-20260806-STORE_02-0233;STORE_02;CASH-07;2026-08-06 8:57:38;SKU-001;2;45000;0;CARD
REC-20260806-STORE_02-0233;STORE_02;CASH-06;2026-08-06 8:57:38;SKU-004;1;25000;0;CARD
REC-20260806-STORE_02-0233;STORE_02;CASH-07;2026-08-06 8:57:38;SKU-012;1;45000;0;CARD
REC-20260806-STORE_02-0233;STORE_02;CASH-09;2026-08-06 8:57:38;SKU-009;3;25000;500;CARD
REC-20260806-STORE_02-0233;STORE_02;CASH-03;2026-08-06 8:57:38;SKU-007;2;12000;0;CASH
REC-20260806-STORE_02-0234;STORE_02;CASH-03;2026-08-06 8:11:00;SKU-008;1;12000;1000;CARD
REC-20260806-STORE_02-0235;STORE_02;CASH-03;2026-08-06 18:14:07;SKU-015;1;5000;0;CARD
REC-20260806-STORE_02-0235;STORE_02;CASH-05;2026-08-06 18:14:07;SKU-024;1;12000;500;CASH
REC-20260806-STORE_02-0235;STORE_02;CASH-02;2026-08-06 18:14:07;SKU-002;3;12000;0;CASH
REC-20260806-STORE_02-0235;STORE_02;CASH-08;2026-08-06 18:14:07;SKU-006;3;45000;0;CASH
REC-20260806-STORE_02-0236;STORE_02;CASH-02;2026-08-06 15:07:20;SKU-007;4;12000;0;CARD
REC-20260806-STORE_02-0236;STORE_02;CASH-02;2026-08-06 15:07:20;SKU-005;2;5000;1000;CASH
REC-20260806-STORE_02-0236;STORE_02;CASH-06;2026-08-06 15:07:20;SKU-007;1;12000;0;CARD
REC-20260806-STORE_02-0236;STORE_02;CASH-08;2026-08-06 15:07:20;SKU-001;4;45000;0;CASH
REC-20260806-STORE_02-0237;STORE_02;CASH-04;2026-08-06 15:53:52;SKU-001;3;45000;0;CASH
REC-20260806-STORE_02-0238;STORE_02;CASH-01;2026-08-06 15:17:13;SKU-001;1;45000;500;CARD
REC-20260806-STORE_02-0238;STORE_02;CASH-04;2026-08-06 15:17:13;SKU-004;2;25000;500;CASH
REC-20260806-STORE_02-0239;STORE_02;CASH-05;2026-08-06 10:51:33;SKU-005;3;5000;1000;CARD
REC-20260806-STORE_02-0240;STORE_02;CASH-10;2026-08-06 21:22:11;SKU-008;1;12000;500;CARD
REC-20260806-STORE_02-0240;STORE_02;CASH-07;2026-08-06 21:22:11;SKU-031;2;45000;0;CARD
REC-20260806-STORE_02-0240;STORE_02;CASH-04;2026-08-06 21:22:11;SKU-023;1;45000;1000;CARD
REC-20260806-STORE_02-0240;STORE_02;CASH-02;2026-08-06 21:22:11;SKU-002;1;12000;0;CARD
REC-20260806-STORE_02-0240;STORE_02;CASH-03;2026-08-06 21:22:11;SKU-005;3;5000;1000;CARD
REC-20260806-STORE_02-0241;STORE_02;CASH-05;2026-08-06 8:17:49;SKU-046;4;25000;0;CASH
REC-20260806-STORE_02-0241;STORE_02;CASH-02;2026-08-06 8:17:49;SKU-017;1;12000;500;CARD
REC-20260806-STORE_02-0241;STORE_02;CASH-02;2026-08-06 8:17:49;SKU-001;1;45000;0;CARD
REC-20260806-STORE_02-0242;STORE_02;CASH-09;2026-08-06 10:48:33;SKU-004;2;25000;0;CASH
REC-20260806-STORE_02-0242;STORE_02;CASH-07;2026-08-06 10:48:33;SKU-040;1;25000;0;CASH
REC-20260806-STORE_02-0242;STORE_02;CASH-10;2026-08-06 10:48:33;SKU-001;4;45000;0;CARD
REC-20260806-STORE_02-0242;STORE_02;CASH-05;2026-08-06 10:48:33;SKU-004;3;25000;0;CARD
REC-20260806-STORE_02-0243;STORE_02;CASH-07;2026-08-06 8:27:49;SKU-023;2;45000;1000;CARD
REC-20260806-STORE_02-0243;STORE_02;CASH-06;2026-08-06 8:27:49;SKU-008;4;12000;0;CASH
REC-20260806-STORE_02-0243;STORE_02;CASH-07;2026-08-06 8:27:49;SKU-003;2;45000;500;CASH
REC-20260806-STORE_02-0244;STORE_02;CASH-02;2026-08-06 10:11:05;SKU-007;2;12000;0;CARD
REC-20260806-STORE_02-0244;STORE_02;CASH-02;2026-08-06 10:11:05;SKU-001;2;45000;0;CARD
REC-20260806-STORE_02-0244;STORE_02;CASH-06;2026-08-06 10:11:05;SKU-001;3;45000;500;CASH
REC-20260806-STORE_02-0245;STORE_02;CASH-07;2026-08-06 14:06:30;SKU-005;4;5000;0;CARD
REC-20260806-STORE_02-0245;STORE_02;CASH-09;2026-08-06 14:06:30;SKU-005;2;5000;1000;CARD
REC-20260806-STORE_02-0245;STORE_02;CASH-04;2026-08-06 14:06:30;SKU-022;4;12000;0;CARD
REC-20260806-STORE_02-0245;STORE_02;CASH-07;2026-08-06 14:06:30;SKU-001;2;45000;500;CASH
REC-20260806-STORE_02-0246;STORE_02;CASH-10;2026-08-06 13:38:44;SKU-007;4;12000;500;CASH
REC-20260806-STORE_02-0247;STORE_02;CASH-08;2026-08-06 11:56:28;SKU-001;3;45000;1000;CASH
REC-20260806-STORE_02-0247;STORE_02;CASH-08;2026-08-06 11:56:28;SKU-028;1;5000;500;CARD
REC-20260806-STORE_02-0247;STORE_02;CASH-01;2026-08-06 11:56:28;SKU-007;2;12000;0;CASH
REC-20260806-STORE_02-0247;STORE_02;CASH-06;2026-08-06 11:56:28;SKU-023;4;45000;0;CASH
REC-20260806-STORE_02-0247;STORE_02;CASH-01;2026-08-06 11:56:28;SKU-026;3;12000;0;CARD
REC-20260806-STORE_02-0248;STORE_02;CASH-01;2026-08-06 14:45:51;SKU-007;3;12000;0;CASH
REC-20260806-STORE_02-0248;STORE_02;CASH-04;2026-08-06 14:45:51;SKU-024;4;12000;0;CASH
REC-20260806-STORE_02-0248;STORE_02;CASH-08;2026-08-06 14:45:51;SKU-009;3;25000;1000;CASH
REC-20260806-STORE_02-0248;STORE_02;CASH-06;2026-08-06 14:45:51;SKU-036;4;45000;0;CARD
REC-20260806-STORE_02-0248;STORE_02;CASH-02;2026-08-06 14:45:51;SKU-001;4;45000;0;CARD
REC-20260806-STORE_02-0249;STORE_02;CASH-10;2026-08-06 15:28:16;SKU-003;3;45000;0;CARD
REC-20260806-STORE_02-0249;STORE_02;CASH-05;2026-08-06 15:28:16;SKU-003;4;45000;0;CARD
REC-20260806-STORE_02-0249;STORE_02;CASH-06;2026-08-06 15:28:16;SKU-027;3;5000;1000;CASH
REC-20260806-STORE_02-0249;STORE_02;CASH-05;2026-08-06 15:28:16;SKU-006;2;45000;0;CARD
REC-20260806-STORE_02-0250;STORE_02;CASH-08;2026-08-06 9:15:25;SKU-004;4;25000;0;CARD
REC-20260806-STORE_02-0250;STORE_02;CASH-02;2026-08-06 9:15:25;SKU-003;1;45000;0;CASH
REC-20260806-STORE_02-0250;STORE_02;CASH-04;2026-08-06 9:15:25;SKU-021;4;5000;0;CARD
REC-20260806-STORE_02-0251;STORE_02;CASH-03;2026-08-06 9:33:48;SKU-012;1;45000;500;CARD
REC-20260806-STORE_02-0251;STORE_02;CASH-08;2026-08-06 9:33:48;SKU-012;3;45000;0;CASH
REC-20260806-STORE_02-0251;STORE_02;CASH-07;2026-08-06 9:33:48;SKU-010;3;25000;0;CARD
REC-20260806-STORE_02-0251;STORE_02;CASH-10;2026-08-06 9:33:48;SKU-048;2;25000;0;CASH
REC-20260806-STORE_02-0252;STORE_02;CASH-01;2026-08-06 16:39:37;SKU-003;3;45000;1000;CARD
REC-20260806-STORE_02-0252;STORE_02;CASH-05;2026-08-06 16:39:37;SKU-005;1;5000;1000;CASH
REC-20260806-STORE_02-0252;STORE_02;CASH-03;2026-08-06 16:39:37;SKU-004;1;25000;500;CARD
REC-20260806-STORE_02-0253;STORE_02;CASH-07;2026-08-06 20:02:51;SKU-004;4;25000;0;CASH
REC-20260806-STORE_02-0253;STORE_02;CASH-09;2026-08-06 20:02:51;SKU-001;4;45000;0;CARD
REC-20260806-STORE_02-0253;STORE_02;CASH-02;2026-08-06 20:02:51;SKU-002;1;12000;500;CASH
REC-20260806-STORE_02-0253;STORE_02;CASH-07;2026-08-06 20:02:51;SKU-008;2;12000;0;CASH
REC-20260806-STORE_02-0254;STORE_02;CASH-08;2026-08-06 20:49:55;SKU-009;3;25000;0;CARD
REC-20260806-STORE_02-0254;STORE_02;CASH-01;2026-08-06 20:49:55;SKU-001;1;45000;0;CARD
REC-20260806-STORE_02-0254;STORE_02;CASH-08;2026-08-06 20:49:55;SKU-029;2;5000;0;CASH
REC-20260806-STORE_02-0254;STORE_02;CASH-02;2026-08-06 20:49:55;SKU-021;3;5000;1000;CARD
REC-20260806-STORE_02-0254;STORE_02;CASH-09;2026-08-06 20:49:55;SKU-003;2;45000;0;CARD
REC-20260806-STORE_02-0255;STORE_02;CASH-05;2026-08-06 12:49:22;SKU-001;4;45000;0;CARD
REC-20260806-STORE_02-0255;STORE_02;CASH-05;2026-08-06 12:49:22;SKU-001;4;45000;500;CARD
REC-20260806-STORE_02-0256;STORE_02;CASH-06;2026-08-06 21:10:40;SKU-005;4;5000;500;CASH
REC-20260806-STORE_02-0256;STORE_02;CASH-03;2026-08-06 21:10:40;SKU-026;3;12000;0;CARD
REC-20260806-STORE_02-0256;STORE_02;CASH-01;2026-08-06 21:10:40;SKU-001;1;45000;500;CASH
REC-20260806-STORE_02-0256;STORE_02;CASH-02;2026-08-06 21:10:40;SKU-001;3;45000;1000;CARD
REC-20260806-STORE_02-0257;STORE_02;CASH-08;2026-08-06 17:02:48;SKU-017;4;12000;0;CARD
REC-20260806-STORE_02-0258;STORE_02;CASH-06;2026-08-06 19:22:30;SKU-001;1;45000;0;CARD
REC-20260806-STORE_02-0258;STORE_02;CASH-07;2026-08-06 19:22:30;SKU-003;4;45000;500;CASH
REC-20260806-STORE_02-0259;STORE_02;CASH-07;2026-08-06 9:44:13;SKU-009;2;25000;1000;CARD
REC-20260806-STORE_02-0259;STORE_02;CASH-01;2026-08-06 9:44:13;SKU-001;2;45000;500;CARD
REC-20260806-STORE_02-0259;STORE_02;CASH-03;2026-08-06 9:44:13;SKU-002;2;12000;500;CARD
REC-20260806-STORE_02-0259;STORE_02;CASH-06;2026-08-06 9:44:13;SKU-001;3;45000;0;CASH
REC-20260806-STORE_02-0260;STORE_02;CASH-01;2026-08-06 12:11:26;SKU-001;1;45000;1000;CARD
REC-20260806-STORE_02-0260;STORE_02;CASH-06;2026-08-06 12:11:26;SKU-014;3;5000;0;CARD
REC-20260806-STORE_02-0260;STORE_02;CASH-10;2026-08-06 12:11:26;SKU-012;1;45000;0;CASH
REC-20260806-STORE_02-0260;STORE_02;CASH-01;2026-08-06 12:11:26;SKU-006;2;45000;500;CARD
REC-20260806-STORE_02-0260;STORE_02;CASH-10;2026-08-06 12:11:26;SKU-003;4;45000;500;CARD
REC-20260806-STORE_02-0261;STORE_02;CASH-10;2026-08-06 14:35:46;SKU-002;3;12000;0;CASH
REC-20260806-STORE_02-0261;STORE_02;CASH-04;2026-08-06 14:35:46;SKU-033;4;5000;0;CASH
REC-20260806-STORE_02-0261;STORE_02;CASH-03;2026-08-06 14:35:46;SKU-013;1;12000;500;CARD
REC-20260806-STORE_02-0261;STORE_02;CASH-02;2026-08-06 14:35:46;SKU-001;4;45000;0;CARD
REC-20260806-STORE_02-0262;STORE_02;CASH-01;2026-08-06 8:19:37;SKU-001;1;45000;500;CASH
REC-20260806-STORE_02-0262;STORE_02;CASH-04;2026-08-06 8:19:37;SKU-009;4;25000;0;CASH
REC-20260806-STORE_02-0262;STORE_02;CASH-02;2026-08-06 8:19:37;SKU-003;4;45000;0;CASH
REC-20260806-STORE_02-0263;STORE_02;CASH-02;2026-08-06 13:52:05;SKU-001;1;45000;500;CASH
REC-20260806-STORE_02-0264;STORE_02;CASH-04;2026-08-06 11:26:19;SKU-001;2;45000;500;CARD
REC-20260806-STORE_02-0264;STORE_02;CASH-10;2026-08-06 11:26:19;SKU-004;1;25000;0;CASH
REC-20260806-STORE_02-0264;STORE_02;CASH-01;2026-08-06 11:26:19;SKU-003;2;45000;1000;CARD
REC-20260806-STORE_02-0264;STORE_02;CASH-08;2026-08-06 11:26:19;SKU-001;2;45000;1000;CASH
REC-20260806-STORE_02-0265;STORE_02;CASH-03;2026-08-06 14:59:05;SKU-012;2;45000;0;CARD
REC-20260806-STORE_02-0265;STORE_02;CASH-08;2026-08-06 14:59:05;SKU-001;3;45000;500;CASH
REC-20260806-STORE_02-0266;STORE_02;CASH-05;2026-08-06 21:23:38;SKU-040;3;25000;0;CARD
REC-20260806-STORE_02-0267;STORE_02;CASH-09;2026-08-06 12:07:27;SKU-001;4;45000;0;CARD
REC-20260806-STORE_02-0267;STORE_02;CASH-01;2026-08-06 12:07:27;SKU-001;2;45000;0;CASH
REC-20260806-STORE_02-0267;STORE_02;CASH-01;2026-08-06 12:07:27;SKU-004;3;25000;0;CASH
REC-20260806-STORE_02-0267;STORE_02;CASH-02;2026-08-06 12:07:27;SKU-003;4;45000;0;CASH
REC-20260806-STORE_02-0267;STORE_02;CASH-07;2026-08-06 12:07:27;SKU-031;1;45000;0;CARD
REC-20260806-STORE_02-0268;STORE_02;CASH-06;2026-08-06 17:07:22;SKU-046;3;25000;0;CASH
REC-20260806-STORE_02-0268;STORE_02;CASH-10;2026-08-06 17:07:22;SKU-009;1;25000;0;CASH
REC-20260806-STORE_02-0269;STORE_02;CASH-04;2026-08-06 20:16:57;SKU-018;2;5000;1000;CARD
REC-20260806-STORE_02-0269;STORE_02;CASH-05;2026-08-06 20:16:57;SKU-001;4;45000;500;CARD
REC-20260806-STORE_02-0269;STORE_02;CASH-10;2026-08-06 20:16:57;SKU-003;2;45000;0;CARD
REC-20260806-STORE_02-0270;STORE_02;CASH-06;2026-08-06 17:06:06;SKU-003;3;45000;0;CARD
REC-20260806-STORE_02-0270;STORE_02;CASH-02;2026-08-06 17:06:06;SKU-041;1;25000;0;CARD
REC-20260806-STORE_02-0271;STORE_02;CASH-07;2026-08-06 13:14:33;SKU-002;1;12000;1000;CARD
REC-20260806-STORE_02-0271;STORE_02;CASH-02;2026-08-06 13:14:33;SKU-001;2;45000;1000;CASH
REC-20260806-STORE_02-0271;STORE_02;CASH-09;2026-08-06 13:14:33;SKU-001;4;45000;1000;CARD
REC-20260806-STORE_02-0271;STORE_02;CASH-02;2026-08-06 13:14:33;SKU-001;1;45000;1000;CARD
REC-20260806-STORE_02-0272;STORE_02;CASH-06;2026-08-06 12:10:02;SKU-001;1;45000;1000;CASH
REC-20260806-STORE_02-0272;STORE_02;CASH-05;2026-08-06 12:10:02;SKU-005;4;5000;0;CARD
REC-20260806-STORE_02-0272;STORE_02;CASH-04;2026-08-06 12:10:02;SKU-016;1;25000;1000;CARD
REC-20260806-STORE_02-0273;STORE_02;CASH-05;2026-08-06 14:30:34;SKU-034;3;25000;0;CARD
REC-20260806-STORE_02-0273;STORE_02;CASH-07;2026-08-06 14:30:34;SKU-008;3;12000;0;CASH
REC-20260806-STORE_02-0273;STORE_02;CASH-08;2026-08-06 14:30:34;SKU-007;3;12000;0;CARD
REC-20260806-STORE_02-0273;STORE_02;CASH-02;2026-08-06 14:30:34;SKU-006;3;45000;0;CARD
REC-20260806-STORE_02-0274;STORE_02;CASH-03;2026-08-06 14:00:04;SKU-001;2;45000;500;CARD
REC-20260806-STORE_02-0274;STORE_02;CASH-01;2026-08-06 14:00:04;SKU-030;3;45000;0;CARD
REC-20260806-STORE_02-0274;STORE_02;CASH-08;2026-08-06 14:00:04;SKU-001;3;45000;0;CARD
REC-20260806-STORE_02-0274;STORE_02;CASH-04;2026-08-06 14:00:04;SKU-002;3;12000;1000;CARD
REC-20260806-STORE_02-0275;STORE_02;CASH-01;2026-08-06 15:40:28;SKU-001;1;45000;0;CARD
REC-20260806-STORE_02-0275;STORE_02;CASH-05;2026-08-06 15:40:28;SKU-006;3;45000;0;CARD
REC-20260806-STORE_02-0275;STORE_02;CASH-09;2026-08-06 15:40:28;SKU-014;3;5000;0;CARD
REC-20260806-STORE_02-0275;STORE_02;CASH-04;2026-08-06 15:40:28;SKU-023;1;45000;0;CARD
REC-20260806-STORE_02-0275;STORE_02;CASH-03;2026-08-06 15:40:28;SKU-006;1;45000;500;CARD
REC-20260806-STORE_02-0276;STORE_02;CASH-03;2026-08-06 12:12:21;SKU-016;1;25000;0;CARD
REC-20260806-STORE_02-0276;STORE_02;CASH-03;2026-08-06 12:12:21;SKU-018;4;5000;1000;CARD
REC-20260806-STORE_02-0277;STORE_02;CASH-08;2026-08-06 16:36:27;SKU-029;2;5000;0;CARD
REC-20260806-STORE_02-0277;STORE_02;CASH-06;2026-08-06 16:36:27;SKU-022;1;12000;500;CARD
REC-20260806-STORE_02-0277;STORE_02;CASH-05;2026-08-06 16:36:27;SKU-006;4;45000;0;CASH
REC-20260806-STORE_02-0277;STORE_02;CASH-01;2026-08-06 16:36:27;SKU-001;4;45000;0;CASH
REC-20260806-STORE_02-0277;STORE_02;CASH-02;2026-08-06 16:36:27;SKU-038;4;12000;0;CASH
REC-20260806-STORE_02-0278;STORE_02;CASH-05;2026-08-06 17:44:00;SKU-016;2;25000;0;CARD
REC-20260806-STORE_02-0278;STORE_02;CASH-02;2026-08-06 17:44:00;SKU-013;2;12000;0;CARD
REC-20260806-STORE_02-0279;STORE_02;CASH-07;2026-08-06 20:39:11;SKU-001;1;45000;500;CARD
REC-20260806-STORE_02-0279;STORE_02;CASH-08;2026-08-06 20:39:11;SKU-003;4;45000;0;CASH
REC-20260806-STORE_02-0279;STORE_02;CASH-03;2026-08-06 20:39:11;SKU-006;4;45000;0;CARD
REC-20260806-STORE_02-0280;STORE_02;CASH-06;2026-08-06 15:30:03;SKU-006;4;45000;500;CARD
REC-20260806-STORE_02-0280;STORE_02;CASH-05;2026-08-06 15:30:03;SKU-001;1;45000;500;CASH
REC-20260806-STORE_02-0280;STORE_02;CASH-02;2026-08-06 15:30:03;SKU-003;2;45000;500;CARD
REC-20260806-STORE_02-0281;STORE_02;CASH-08;2026-08-06 16:53:34;SKU-037;3;45000;500;CARD
REC-20260806-STORE_02-0281;STORE_02;CASH-01;2026-08-06 16:53:34;SKU-005;3;5000;1000;CARD
REC-20260806-STORE_02-0281;STORE_02;CASH-03;2026-08-06 16:53:34;SKU-001;3;45000;0;CASH
REC-20260806-STORE_02-0282;STORE_02;CASH-10;2026-08-06 8:24:15;SKU-001;4;45000;1000;CASH
REC-20260806-STORE_02-0282;STORE_02;CASH-10;2026-08-06 8:24:15;SKU-001;3;45000;1000;CARD
REC-20260806-STORE_02-0283;STORE_02;CASH-01;2026-08-06 18:30:42;SKU-024;1;12000;1000;CASH
REC-20260806-STORE_02-0283;STORE_02;CASH-04;2026-08-06 18:30:42;SKU-004;3;25000;500;CARD
REC-20260806-STORE_02-0284;STORE_02;CASH-07;2026-08-06 9:57:39;SKU-028;1;5000;0;CASH
REC-20260806-STORE_02-0284;STORE_02;CASH-08;2026-08-06 9:57:39;SKU-004;2;25000;0;CARD
REC-20260806-STORE_02-0284;STORE_02;CASH-01;2026-08-06 9:57:39;SKU-003;3;45000;1000;CARD
REC-20260806-STORE_02-0285;STORE_02;CASH-03;2026-08-06 15:48:33;SKU-008;1;12000;0;CASH
REC-20260806-STORE_02-0285;STORE_02;CASH-04;2026-08-06 15:48:33;SKU-028;1;5000;0;CARD
REC-20260806-STORE_02-0286;STORE_02;CASH-10;2026-08-06 18:37:04;SKU-020;2;12000;0;CARD
REC-20260806-STORE_02-0286;STORE_02;CASH-02;2026-08-06 18:37:04;SKU-001;3;45000;0;CARD
REC-20260806-STORE_02-0286;STORE_02;CASH-08;2026-08-06 18:37:04;SKU-002;3;12000;1000;CARD
REC-20260806-STORE_02-0286;STORE_02;CASH-04;2026-08-06 18:37:04;SKU-009;2;25000;0;CARD
REC-20260806-STORE_02-0287;STORE_02;CASH-01;2026-08-06 14:55:17;SKU-003;2;45000;0;CARD
REC-20260806-STORE_02-0287;STORE_02;CASH-05;2026-08-06 14:55:17;SKU-002;4;12000;0;CASH
REC-20260806-STORE_02-0287;STORE_02;CASH-02;2026-08-06 14:55:17;SKU-032;3;25000;500;CARD
REC-20260806-STORE_02-0287;STORE_02;CASH-03;2026-08-06 14:55:17;SKU-006;3;45000;0;CARD
REC-20260806-STORE_02-0288;STORE_02;CASH-09;2026-08-06 21:48:09;SKU-005;3;5000;1000;CARD
REC-20260806-STORE_02-0288;STORE_02;CASH-07;2026-08-06 21:48:09;SKU-001;1;45000;0;CARD
REC-20260806-STORE_02-0288;STORE_02;CASH-05;2026-08-06 21:48:09;SKU-006;1;45000;0;CASH
REC-20260806-STORE_02-0289;STORE_02;CASH-05;2026-08-06 18:20:02;SKU-030;2;45000;0;CASH
REC-20260806-STORE_02-0289;STORE_02;CASH-08;2026-08-06 18:20:02;SKU-034;3;25000;500;CARD
REC-20260806-STORE_02-0289;STORE_02;CASH-10;2026-08-06 18:20:02;SKU-002;1;12000;0;CASH
REC-20260806-STORE_02-0290;STORE_02;CASH-07;2026-08-06 15:24:25;SKU-007;1;12000;0;CARD
REC-20260806-STORE_02-0290;STORE_02;CASH-02;2026-08-06 15:24:25;SKU-003;3;45000;0;CARD
REC-20260806-STORE_02-0290;STORE_02;CASH-10;2026-08-06 15:24:25;SKU-012;4;45000;0;CASH
REC-20260806-STORE_02-0291;STORE_02;CASH-09;2026-08-06 20:37:02;SKU-013;4;12000;0;CARD
REC-20260806-STORE_02-0291;STORE_02;CASH-10;2026-08-06 20:37:02;SKU-007;3;12000;0;CASH
REC-20260806-STORE_02-0291;STORE_02;CASH-02;2026-08-06 20:37:02;SKU-013;3;12000;0;CASH
REC-20260806-STORE_02-0292;STORE_02;CASH-05;2026-08-06 8:20:59;SKU-010;2;25000;1000;CARD
REC-20260806-STORE_02-0292;STORE_02;CASH-09;2026-08-06 8:20:59;SKU-005;3;5000;500;CARD
REC-20260806-STORE_02-0293;STORE_02;CASH-09;2026-08-06 13:55:34;SKU-001;1;45000;0;CARD
REC-20260806-STORE_02-0293;STORE_02;CASH-06;2026-08-06 13:55:34;SKU-006;1;45000;1000;CARD
REC-20260806-STORE_02-0293;STORE_02;CASH-02;2026-08-06 13:55:34;SKU-002;4;12000;0;CARD
REC-20260806-STORE_02-0293;STORE_02;CASH-01;2026-08-06 13:55:34;SKU-001;3;45000;0;CASH
REC-20260806-STORE_02-0294;STORE_02;CASH-06;2026-08-06 14:06:31;SKU-004;4;25000;0;CARD
REC-20260806-STORE_02-0295;STORE_02;CASH-02;2026-08-06 12:38:36;SKU-002;3;12000;0;CARD
REC-20260806-STORE_02-0295;STORE_02;CASH-08;2026-08-06 12:38:36;SKU-002;2;12000;500;CARD
REC-20260806-STORE_02-0295;STORE_02;CASH-06;2026-08-06 12:38:36;SKU-001;1;45000;500;CASH
REC-20260806-STORE_02-0295;STORE_02;CASH-04;2026-08-06 12:38:36;SKU-018;2;5000;1000;CARD
REC-20260806-STORE_02-0296;STORE_02;CASH-04;2026-08-06 11:44:20;SKU-002;3;12000;0;CARD
REC-20260806-STORE_02-0296;STORE_02;CASH-08;2026-08-06 11:44:20;SKU-003;1;45000;0;CARD
REC-20260806-STORE_02-0296;STORE_02;CASH-08;2026-08-06 11:44:20;SKU-038;2;12000;1000;CASH
REC-20260806-STORE_02-0296;STORE_02;CASH-01;2026-08-06 11:44:20;SKU-008;4;12000;0;CASH
REC-20260806-STORE_02-0297;STORE_02;CASH-05;2026-08-06 15:23:31;SKU-029;3;5000;1000;CARD
REC-20260806-STORE_02-0297;STORE_02;CASH-03;2026-08-06 15:23:31;SKU-002;2;12000;0;CARD
REC-20260806-STORE_02-0297;STORE_02;CASH-01;2026-08-06 15:23:31;SKU-001;4;45000;500;CARD
REC-20260806-STORE_02-0298;STORE_02;CASH-06;2026-08-06 19:44:06;SKU-001;4;45000;1000;CASH
REC-20260806-STORE_02-0298;STORE_02;CASH-03;2026-08-06 19:44:06;SKU-030;2;45000;500;CARD
REC-20260806-STORE_02-0299;STORE_02;CASH-05;2026-08-06 16:43:22;SKU-010;2;25000;0;CARD
REC-20260806-STORE_02-0300;STORE_02;CASH-08;2026-08-06 15:45:52;SKU-006;4;45000;1000;CASH
REC-20260806-STORE_02-0300;STORE_02;CASH-07;2026-08-06 15:45:52;SKU-003;2;45000;1000;CASH
REC-20260806-STORE_02-0300;STORE_02;CASH-04;2026-08-06 15:45:52;SKU-001;2;45000;0;CARD
REC-20260806-STORE_02-0301;STORE_02;CASH-07;2026-08-06 10:19:01;SKU-001;3;45000;1000;CARD
REC-20260806-STORE_02-0301;STORE_02;CASH-05;2026-08-06 10:19:01;SKU-031;1;45000;0;CARD
REC-20260806-STORE_02-0301;STORE_02;CASH-02;2026-08-06 10:19:01;SKU-001;1;45000;500;CASH
REC-20260806-STORE_02-0302;STORE_02;CASH-01;2026-08-06 20:16:36;SKU-042;4;5000;0;CARD
REC-20260806-STORE_02-0302;STORE_02;CASH-03;2026-08-06 20:16:36;SKU-009;3;25000;1000;CASH
REC-20260806-STORE_02-0303;STORE_02;CASH-05;2026-08-06 12:29:38;SKU-001;3;45000;0;CASH
REC-20260806-STORE_02-0303;STORE_02;CASH-03;2026-08-06 12:29:38;SKU-007;1;12000;1000;CASH
REC-20260806-STORE_02-0303;STORE_02;CASH-09;2026-08-06 12:29:38;SKU-003;2;45000;1000;CARD
REC-20260806-STORE_02-0303;STORE_02;CASH-07;2026-08-06 12:29:38;SKU-001;4;45000;0;CASH
REC-20260806-STORE_02-0303;STORE_02;CASH-07;2026-08-06 12:29:38;SKU-022;1;12000;0;CASH
REC-20260806-STORE_02-0304;STORE_02;CASH-03;2026-08-06 20:32:47;SKU-017;4;12000;0;CASH
REC-20260806-STORE_02-0304;STORE_02;CASH-01;2026-08-06 20:32:47;SKU-001;3;45000;0;CASH
REC-20260806-STORE_02-0304;STORE_02;CASH-08;2026-08-06 20:32:47;SKU-029;4;5000;500;CARD
REC-20260806-STORE_02-0305;STORE_02;CASH-06;2026-08-06 14:52:00;SKU-001;2;45000;0;CASH
REC-20260806-STORE_02-0306;STORE_02;CASH-02;2026-08-06 19:23:08;SKU-001;3;45000;500;CARD
REC-20260806-STORE_02-0306;STORE_02;CASH-09;2026-08-06 19:23:08;SKU-007;1;12000;500;CARD
REC-20260806-STORE_02-0306;STORE_02;CASH-07;2026-08-06 19:23:08;SKU-001;3;45000;0;CASH
REC-20260806-STORE_02-0306;STORE_02;CASH-01;2026-08-06 19:23:08;SKU-001;3;45000;0;CASH
REC-20260806-STORE_02-0306;STORE_02;CASH-04;2026-08-06 19:23:08;SKU-031;1;45000;0;CARD
REC-20260806-STORE_02-0307;STORE_02;CASH-06;2026-08-06 17:15:36;SKU-005;1;5000;0;CASH
REC-20260806-STORE_02-0307;STORE_02;CASH-04;2026-08-06 17:15:36;SKU-002;4;12000;500;CARD
REC-20260806-STORE_02-0307;STORE_02;CASH-09;2026-08-06 17:15:36;SKU-015;3;5000;0;CARD
REC-20260806-STORE_02-0307;STORE_02;CASH-04;2026-08-06 17:15:36;SKU-001;1;45000;0;CARD
REC-20260806-STORE_02-0308;STORE_02;CASH-07;2026-08-06 11:53:41;SKU-001;4;45000;0;CASH
REC-20260806-STORE_02-0308;STORE_02;CASH-02;2026-08-06 11:53:41;SKU-001;1;45000;1000;CARD
REC-20260806-STORE_02-0308;STORE_02;CASH-04;2026-08-06 11:53:41;SKU-004;2;25000;0;CARD
REC-20260806-STORE_02-0308;STORE_02;CASH-09;2026-08-06 11:53:41;SKU-012;4;45000;500;CARD
REC-20260806-STORE_02-0309;STORE_02;CASH-06;2026-08-06 16:12:07;SKU-005;4;5000;500;CASH
REC-20260806-STORE_02-0309;STORE_02;CASH-01;2026-08-06 16:12:07;SKU-006;3;45000;0;CARD
REC-20260806-STORE_02-0309;STORE_02;CASH-05;2026-08-06 16:12:07;SKU-017;3;12000;500;CARD
REC-20260806-STORE_02-0309;STORE_02;CASH-04;2026-08-06 16:12:07;SKU-004;1;25000;0;CASH
REC-20260806-STORE_02-0309;STORE_02;CASH-07;2026-08-06 16:12:07;SKU-004;2;25000;0;CARD
REC-20260806-STORE_02-0310;STORE_02;CASH-01;2026-08-06 8:55:32;SKU-004;4;25000;1000;CASH
REC-20260806-STORE_02-0310;STORE_02;CASH-03;2026-08-06 8:55:32;SKU-001;2;45000;0;CASH
REC-20260806-STORE_02-0311;STORE_02;CASH-04;2026-08-06 17:33:11;SKU-007;4;12000;500;CARD
REC-20260806-STORE_02-0312;STORE_02;CASH-03;2026-08-06 9:09:23;SKU-023;2;45000;0;CASH
REC-20260806-STORE_02-0312;STORE_02;CASH-01;2026-08-06 9:09:23;SKU-019;3;25000;0;CARD
REC-20260806-STORE_02-0313;STORE_02;CASH-10;2026-08-06 12:03:19;SKU-011;3;5000;1000;CARD
REC-20260806-STORE_02-0313;STORE_02;CASH-07;2026-08-06 12:03:19;SKU-002;3;12000;0;CARD
REC-20260806-STORE_02-0313;STORE_02;CASH-10;2026-08-06 12:03:19;SKU-028;4;5000;0;CARD
REC-20260806-STORE_02-0313;STORE_02;CASH-01;2026-08-06 12:03:19;SKU-019;4;25000;1000;CASH
REC-20260806-STORE_02-0314;STORE_02;CASH-01;2026-08-06 10:34:56;SKU-001;4;45000;0;CARD
REC-20260806-STORE_02-0315;STORE_02;CASH-02;2026-08-06 20:05:23;SKU-002;1;12000;0;CARD
REC-20260806-STORE_02-0315;STORE_02;CASH-03;2026-08-06 20:05:23;SKU-019;3;25000;0;CARD
REC-20260806-STORE_02-0315;STORE_02;CASH-09;2026-08-06 20:05:23;SKU-026;3;12000;0;CASH
REC-20260806-STORE_02-0315;STORE_02;CASH-07;2026-08-06 20:05:23;SKU-009;3;25000;0;CARD
REC-20260806-STORE_02-0316;STORE_02;CASH-04;2026-08-06 9:26:36;SKU-001;1;45000;0;CARD
REC-20260806-STORE_02-0317;STORE_02;CASH-03;2026-08-06 8:43:05;SKU-019;3;25000;1000;CASH
REC-20260806-STORE_02-0317;STORE_02;CASH-04;2026-08-06 8:43:05;SKU-009;2;25000;500;CARD
REC-20260806-STORE_02-0317;STORE_02;CASH-01;2026-08-06 8:43:05;SKU-004;1;25000;0;CARD
REC-20260806-STORE_02-0318;STORE_02;CASH-08;2026-08-06 13:07:10;SKU-003;2;45000;0;CARD
REC-20260806-STORE_02-0318;STORE_02;CASH-05;2026-08-06 13:07:10;SKU-001;2;45000;1000;CASH
REC-20260806-STORE_02-0319;STORE_02;CASH-01;2026-08-06 16:02:38;SKU-003;1;45000;1000;CARD
REC-20260806-STORE_02-0319;STORE_02;CASH-02;2026-08-06 16:02:38;SKU-005;1;5000;1000;CASH
REC-20260806-STORE_02-0320;STORE_02;CASH-02;2026-08-06 21:53:40;SKU-024;2;12000;500;CARD
REC-20260806-STORE_02-0320;STORE_02;CASH-03;2026-08-06 21:53:40;SKU-001;4;45000;0;CARD
REC-20260806-STORE_02-0321;STORE_02;CASH-09;2026-08-06 8:55:01;SKU-003;1;45000;0;CARD
REC-20260806-STORE_02-0321;STORE_02;CASH-04;2026-08-06 8:55:01;SKU-031;2;45000;0;CARD
REC-20260806-STORE_02-0322;STORE_02;CASH-04;2026-08-06 16:24:02;SKU-002;4;12000;0;CARD
REC-20260806-STORE_02-0322;STORE_02;CASH-04;2026-08-06 16:24:02;SKU-003;2;45000;0;CARD
REC-20260806-STORE_02-0323;STORE_02;CASH-10;2026-08-06 17:24:43;SKU-005;4;5000;1000;CARD
REC-20260806-STORE_02-0323;STORE_02;CASH-04;2026-08-06 17:24:43;SKU-022;4;12000;1000;CARD
REC-20260806-STORE_02-0323;STORE_02;CASH-10;2026-08-06 17:24:43;SKU-014;1;5000;1000;CARD
REC-20260806-STORE_02-0323;STORE_02;CASH-07;2026-08-06 17:24:43;SKU-050;4;25000;0;CASH
REC-20260806-STORE_02-0323;STORE_02;CASH-06;2026-08-06 17:24:43;SKU-001;4;45000;0;CASH
REC-20260806-STORE_02-0324;STORE_02;CASH-08;2026-08-06 10:21:24;SKU-003;4;45000;500;CARD
REC-20260806-STORE_02-0324;STORE_02;CASH-05;2026-08-06 10:21:24;SKU-021;4;5000;0;CARD
REC-20260806-STORE_02-0325;STORE_02;CASH-05;2026-08-06 13:49:04;SKU-003;2;45000;1000;CARD
REC-20260806-STORE_02-0325;STORE_02;CASH-07;2026-08-06 13:49:04;SKU-014;1;5000;1000;CARD
REC-20260806-STORE_02-0325;STORE_02;CASH-03;2026-08-06 13:49:04;SKU-007;3;12000;1000;CARD
REC-20260806-STORE_02-0326;STORE_02;CASH-04;2026-08-06 12:30:33;SKU-002;1;12000;0;CARD
REC-20260806-STORE_02-0326;STORE_02;CASH-07;2026-08-06 12:30:33;SKU-001;1;45000;0;CASH
REC-20260806-STORE_02-0327;STORE_02;CASH-10;2026-08-06 17:43:23;SKU-001;3;45000;1000;CARD
REC-20260806-STORE_02-0327;STORE_02;CASH-05;2026-08-06 17:43:23;SKU-023;1;45000;0;CARD
REC-20260806-STORE_02-0327;STORE_02;CASH-03;2026-08-06 17:43:23;SKU-018;1;5000;0;CARD
REC-20260806-STORE_02-0327;STORE_02;CASH-10;2026-08-06 17:43:23;SKU-042;4;5000;0;CASH
REC-20260806-STORE_02-0327;STORE_02;CASH-08;2026-08-06 17:43:23;SKU-036;2;45000;0;CARD
REC-20260806-STORE_02-0328;STORE_02;CASH-06;2026-08-06 14:02:34;SKU-001;2;45000;500;CARD
REC-20260806-STORE_02-0328;STORE_02;CASH-08;2026-08-06 14:02:34;SKU-034;4;25000;0;CARD
REC-20260806-STORE_02-0329;STORE_02;CASH-09;2026-08-06 9:31:06;SKU-001;4;45000;500;CARD
REC-20260806-STORE_02-0329;STORE_02;CASH-08;2026-08-06 9:31:06;SKU-018;2;5000;1000;CASH
REC-20260806-STORE_02-0329;STORE_02;CASH-10;2026-08-06 9:31:06;SKU-001;2;45000;0;CASH
REC-20260806-STORE_02-0329;STORE_02;CASH-01;2026-08-06 9:31:06;SKU-007;3;12000;500;CARD
REC-20260806-STORE_02-0329;STORE_02;CASH-09;2026-08-06 9:31:06;SKU-042;2;5000;0;CARD
REC-20260806-STORE_02-0330;STORE_02;CASH-02;2026-08-06 17:54:38;SKU-005;4;5000;0;CASH
REC-20260806-STORE_02-0330;STORE_02;CASH-08;2026-08-06 17:54:38;SKU-002;3;12000;0;CARD
REC-20260806-STORE_02-0330;STORE_02;CASH-08;2026-08-06 17:54:38;SKU-002;3;12000;0;CARD
REC-20260806-STORE_02-0330;STORE_02;CASH-05;2026-08-06 17:54:38;SKU-002;3;12000;500;CARD
REC-20260806-STORE_02-0331;STORE_02;CASH-09;2026-08-06 18:52:17;SKU-011;2;5000;0;CARD
REC-20260806-STORE_02-0332;STORE_02;CASH-05;2026-08-06 12:33:48;SKU-001;2;45000;0;CARD
REC-20260806-STORE_02-0332;STORE_02;CASH-04;2026-08-06 12:33:48;SKU-002;4;12000;0;CARD
REC-20260806-STORE_02-0332;STORE_02;CASH-10;2026-08-06 12:33:48;SKU-002;1;12000;1000;CARD
REC-20260806-STORE_02-0332;STORE_02;CASH-02;2026-08-06 12:33:48;SKU-020;1;12000;500;CARD
REC-20260806-STORE_02-0332;STORE_02;CASH-06;2026-08-06 12:33:48;SKU-035;1;5000;500;CARD
REC-20260806-STORE_02-0333;STORE_02;CASH-02;2026-08-06 15:32:35;SKU-001;4;45000;0;CASH
REC-20260806-STORE_02-0333;STORE_02;CASH-03;2026-08-06 15:32:35;SKU-006;3;45000;1000;CARD
REC-20260806-STORE_02-0334;STORE_02;CASH-05;2026-08-06 20:22:33;SKU-016;3;25000;0;CARD
REC-20260806-STORE_02-0334;STORE_02;CASH-01;2026-08-06 20:22:33;SKU-001;3;45000;500;CARD
REC-20260806-STORE_02-0335;STORE_02;CASH-08;2026-08-06 13:16:13;SKU-001;4;45000;0;CARD
REC-20260806-STORE_02-0335;STORE_02;CASH-02;2026-08-06 13:16:13;SKU-012;4;45000;0;CARD
REC-20260806-STORE_02-0335;STORE_02;CASH-02;2026-08-06 13:16:13;SKU-038;1;12000;500;CARD
REC-20260806-STORE_02-0335;STORE_02;CASH-07;2026-08-06 13:16:13;SKU-005;4;5000;0;CARD
REC-20260806-STORE_02-0335;STORE_02;CASH-07;2026-08-06 13:16:13;SKU-025;4;5000;500;CARD
REC-20260806-STORE_02-0336;STORE_02;CASH-10;2026-08-06 18:26:52;SKU-009;2;25000;0;CASH
REC-20260806-STORE_02-0336;STORE_02;CASH-03;2026-08-06 18:26:52;SKU-010;1;25000;1000;CARD
REC-20260806-STORE_02-0336;STORE_02;CASH-05;2026-08-06 18:26:52;SKU-005;1;5000;0;CARD
REC-20260806-STORE_02-0337;STORE_02;CASH-03;2026-08-06 12:22:17;SKU-001;4;45000;1000;CASH
REC-20260806-STORE_02-0337;STORE_02;CASH-05;2026-08-06 12:22:17;SKU-007;2;12000;0;CARD
REC-20260806-STORE_02-0338;STORE_02;CASH-06;2026-08-06 10:30:17;SKU-001;1;45000;1000;CARD
REC-20260806-STORE_02-0338;STORE_02;CASH-08;2026-08-06 10:30:17;SKU-005;2;5000;0;CASH
REC-20260806-STORE_02-0338;STORE_02;CASH-08;2026-08-06 10:30:17;SKU-021;1;5000;1000;CARD
REC-20260806-STORE_02-0338;STORE_02;CASH-04;2026-08-06 10:30:17;SKU-014;3;5000;500;CARD
REC-20260806-STORE_02-0338;STORE_02;CASH-09;2026-08-06 10:30:17;SKU-005;1;5000;0;CASH
REC-20260806-STORE_02-0339;STORE_02;CASH-09;2026-08-06 21:34:29;SKU-003;2;45000;0;CARD
REC-20260806-STORE_02-0339;STORE_02;CASH-01;2026-08-06 21:34:29;SKU-002;1;12000;0;CASH
REC-20260806-STORE_02-0339;STORE_02;CASH-07;2026-08-06 21:34:29;SKU-004;3;25000;1000;CASH
REC-20260806-STORE_02-0339;STORE_02;CASH-05;2026-08-06 21:34:29;SKU-020;2;12000;0;CASH
REC-20260806-STORE_02-0339;STORE_02;CASH-08;2026-08-06 21:34:29;SKU-001;4;45000;0;CARD
REC-20260806-STORE_02-0340;STORE_02;CASH-07;2026-08-06 17:01:19;SKU-001;3;45000;500;CARD
REC-20260806-STORE_02-0341;STORE_02;CASH-03;2026-08-06 17:48:11;SKU-001;2;45000;0;CARD
REC-20260806-STORE_02-0342;STORE_02;CASH-04;2026-08-06 8:11:17;SKU-002;3;12000;0;CASH
REC-20260806-STORE_02-0342;STORE_02;CASH-03;2026-08-06 8:11:17;SKU-029;2;5000;500;CASH
REC-20260806-STORE_02-0342;STORE_02;CASH-05;2026-08-06 8:11:17;SKU-006;1;45000;0;CASH
REC-20260806-STORE_02-0342;STORE_02;CASH-07;2026-08-06 8:11:17;SKU-005;1;5000;0;CASH
REC-20260806-STORE_02-0343;STORE_02;CASH-05;2026-08-06 11:43:53;SKU-015;4;5000;500;CASH
REC-20260806-STORE_02-0344;STORE_02;CASH-07;2026-08-06 21:31:06;SKU-038;1;12000;500;CASH
REC-20260806-STORE_02-0344;STORE_02;CASH-06;2026-08-06 21:31:06;SKU-001;4;45000;500;CARD
REC-20260806-STORE_02-0344;STORE_02;CASH-04;2026-08-06 21:31:06;SKU-001;4;45000;0;CARD
REC-20260806-STORE_02-0344;STORE_02;CASH-10;2026-08-06 21:31:06;SKU-012;3;45000;0;CARD
REC-20260806-STORE_02-0344;STORE_02;CASH-10;2026-08-06 21:31:06;SKU-007;1;12000;0;CARD
REC-20260806-STORE_02-0345;STORE_02;CASH-10;2026-08-06 15:21:52;SKU-025;3;5000;0;CARD
REC-20260806-STORE_02-0345;STORE_02;CASH-01;2026-08-06 15:21:52;SKU-001;4;45000;1000;CARD
REC-20260806-STORE_02-0346;STORE_02;CASH-07;2026-08-06 14:52:18;SKU-008;1;12000;1000;CARD
REC-20260806-STORE_02-0346;STORE_02;CASH-01;2026-08-06 14:52:18;SKU-028;2;5000;0;CASH
REC-20260806-STORE_02-0347;STORE_02;CASH-05;2026-08-06 13:02:35;SKU-006;3;45000;0;CARD
REC-20260806-STORE_02-0347;STORE_02;CASH-09;2026-08-06 13:02:35;SKU-006;4;45000;0;CASH
REC-20260806-STORE_02-0348;STORE_02;CASH-01;2026-08-06 15:38:51;SKU-028;4;5000;1000;CARD
REC-20260806-STORE_02-0348;STORE_02;CASH-09;2026-08-06 15:38:51;SKU-001;1;45000;0;CARD
REC-20260806-STORE_02-0348;STORE_02;CASH-10;2026-08-06 15:38:51;SKU-026;4;12000;1000;CASH
REC-20260806-STORE_02-0348;STORE_02;CASH-07;2026-08-06 15:38:51;SKU-013;2;12000;1000;CARD
REC-20260806-STORE_02-0349;STORE_02;CASH-10;2026-08-06 19:11:12;SKU-025;3;5000;500;CARD
REC-20260806-STORE_02-0349;STORE_02;CASH-04;2026-08-06 19:11:12;SKU-002;2;12000;0;CARD
REC-20260806-STORE_02-0349;STORE_02;CASH-01;2026-08-06 19:11:12;SKU-001;2;45000;1000;CARD
REC-20260806-STORE_02-0349;STORE_02;CASH-08;2026-08-06 19:11:12;SKU-001;1;45000;0;CASH
REC-20260806-STORE_02-0349;STORE_02;CASH-01;2026-08-06 19:11:12;SKU-001;2;45000;0;CASH
REC-20260806-STORE_02-0350;STORE_02;CASH-10;2026-08-06 14:25:17;SKU-027;4;5000;1000;CARD
REC-20260806-STORE_02-0351;STORE_02;CASH-02;2026-08-06 18:31:04;SKU-001;1;45000;500;CARD
REC-20260806-STORE_02-0351;STORE_02;CASH-01;2026-08-06 18:31:04;SKU-002;4;12000;500;CASH
REC-20260806-STORE_02-0351;STORE_02;CASH-07;2026-08-06 18:31:04;SKU-045;3;45000;0;CARD
REC-20260806-STORE_02-0351;STORE_02;CASH-04;2026-08-06 18:31:04;SKU-003;4;45000;1000;CASH
REC-20260806-STORE_02-0352;STORE_02;CASH-04;2026-08-06 15:10:04;SKU-002;4;12000;0;CARD
REC-20260806-STORE_02-0352;STORE_02;CASH-08;2026-08-06 15:10:04;SKU-019;1;25000;0;CARD
REC-20260806-STORE_02-0352;STORE_02;CASH-10;2026-08-06 15:10:04;SKU-001;1;45000;500;CASH
REC-20260806-STORE_02-0352;STORE_02;CASH-08;2026-08-06 15:10:04;SKU-010;2;25000;500;CASH
REC-20260806-STORE_02-0352;STORE_02;CASH-04;2026-08-06 15:10:04;SKU-045;1;45000;0;CASH
REC-20260806-STORE_02-0353;STORE_02;CASH-02;2026-08-06 9:52:41;SKU-001;4;45000;0;CASH
REC-20260806-STORE_02-0353;STORE_02;CASH-10;2026-08-06 9:52:41;SKU-001;3;45000;0;CARD
REC-20260806-STORE_02-0353;STORE_02;CASH-03;2026-08-06 9:52:41;SKU-002;2;12000;1000;CARD
REC-20260806-STORE_02-0353;STORE_02;CASH-02;2026-08-06 9:52:41;SKU-006;1;45000;0;CARD
REC-20260806-STORE_02-0353;STORE_02;CASH-05;2026-08-06 9:52:41;SKU-006;4;45000;500;CARD
REC-20260806-STORE_02-0354;STORE_02;CASH-06;2026-08-06 21:59:28;SKU-001;3;45000;0;CARD
REC-20260806-STORE_02-0354;STORE_02;CASH-08;2026-08-06 21:59:28;SKU-014;4;5000;0;CARD
REC-20260806-STORE_02-0354;STORE_02;CASH-09;2026-08-06 21:59:28;SKU-002;3;12000;0;CASH
REC-20260806-STORE_02-0354;STORE_02;CASH-08;2026-08-06 21:59:28;SKU-004;2;25000;1000;CASH
REC-20260806-STORE_02-0354;STORE_02;CASH-10;2026-08-06 21:59:28;SKU-021;1;5000;1000;CARD
REC-20260806-STORE_02-0355;STORE_02;CASH-01;2026-08-06 17:05:01;SKU-001;3;45000;1000;CASH
REC-20260806-STORE_02-0355;STORE_02;CASH-06;2026-08-06 17:05:01;SKU-005;4;5000;0;CARD
REC-20260806-STORE_02-0355;STORE_02;CASH-04;2026-08-06 17:05:01;SKU-005;3;5000;0;CARD
REC-20260806-STORE_02-0355;STORE_02;CASH-01;2026-08-06 17:05:01;SKU-022;4;12000;0;CASH
REC-20260806-STORE_02-0355;STORE_02;CASH-10;2026-08-06 17:05:01;SKU-004;4;25000;500;CASH
REC-20260806-STORE_02-0356;STORE_02;CASH-05;2026-08-06 18:43:05;SKU-009;4;25000;500;CARD
REC-20260806-STORE_02-0356;STORE_02;CASH-09;2026-08-06 18:43:05;SKU-044;3;5000;0;CARD
REC-20260806-STORE_02-0356;STORE_02;CASH-07;2026-08-06 18:43:05;SKU-001;3;45000;500;CARD
REC-20260806-STORE_02-0357;STORE_02;CASH-10;2026-08-06 19:38:18;SKU-003;1;45000;1000;CARD
REC-20260806-STORE_02-0357;STORE_02;CASH-02;2026-08-06 19:38:18;SKU-027;1;5000;0;CARD
REC-20260806-STORE_02-0357;STORE_02;CASH-10;2026-08-06 19:38:18;SKU-001;2;45000;1000;CASH
REC-20260806-STORE_02-0357;STORE_02;CASH-01;2026-08-06 19:38:18;SKU-004;2;25000;500;CASH
REC-20260806-STORE_02-0357;STORE_02;CASH-06;2026-08-06 19:38:18;SKU-005;2;5000;0;CARD
REC-20260806-STORE_02-0358;STORE_02;CASH-03;2026-08-06 13:46:27;SKU-008;3;12000;1000;CARD
REC-20260806-STORE_02-0358;STORE_02;CASH-02;2026-08-06 13:46:27;SKU-010;3;25000;1000;CARD
REC-20260806-STORE_02-0358;STORE_02;CASH-06;2026-08-06 13:46:27;SKU-023;2;45000;0;CARD
REC-20260806-STORE_02-0358;STORE_02;CASH-08;2026-08-06 13:46:27;SKU-002;1;12000;1000;CARD
REC-20260806-STORE_02-0359;STORE_02;CASH-05;2026-08-06 10:41:26;SKU-003;2;45000;0;CARD
REC-20260806-STORE_02-0359;STORE_02;CASH-04;2026-08-06 10:41:26;SKU-001;3;45000;0;CASH
REC-20260806-STORE_02-0359;STORE_02;CASH-09;2026-08-06 10:41:26;SKU-004;1;25000;500;CARD
REC-20260806-STORE_02-0360;STORE_02;CASH-02;2026-08-06 10:53:57;SKU-001;1;45000;0;CARD
REC-20260806-STORE_02-0360;STORE_02;CASH-07;2026-08-06 10:53:57;SKU-024;3;12000;0;CASH
REC-20260806-STORE_02-0360;STORE_02;CASH-09;2026-08-06 10:53:57;SKU-026;3;12000;0;CARD
REC-20260806-STORE_02-0361;STORE_02;CASH-05;2026-08-06 21:31:29;SKU-013;4;12000;0;CARD
REC-20260806-STORE_02-0361;STORE_02;CASH-08;2026-08-06 21:31:29;SKU-001;1;45000;500;CASH
REC-20260806-STORE_02-0361;STORE_02;CASH-10;2026-08-06 21:31:29;SKU-004;4;25000;1000;CARD
REC-20260806-STORE_02-0362;STORE_02;CASH-10;2026-08-06 12:11:16;SKU-002;2;12000;1000;CARD
REC-20260806-STORE_02-0362;STORE_02;CASH-05;2026-08-06 12:11:16;SKU-021;3;5000;500;CARD
REC-20260806-STORE_02-0363;STORE_02;CASH-04;2026-08-06 9:30:25;SKU-001;3;45000;0;CARD
REC-20260806-STORE_02-0364;STORE_02;CASH-07;2026-08-06 20:29:23;SKU-001;2;45000;0;CARD
REC-20260806-STORE_02-0364;STORE_02;CASH-10;2026-08-06 20:29:23;SKU-011;1;5000;0;CARD
REC-20260806-STORE_02-0365;STORE_02;CASH-10;2026-08-06 20:08:22;SKU-011;1;5000;0;CARD
REC-20260806-STORE_02-0365;STORE_02;CASH-07;2026-08-06 20:08:22;SKU-007;2;12000;0;CARD
REC-20260806-STORE_02-0365;STORE_02;CASH-09;2026-08-06 20:08:22;SKU-001;2;45000;1000;CARD
REC-20260806-STORE_02-0366;STORE_02;CASH-09;2026-08-06 9:04:33;SKU-006;2;45000;0;CASH
REC-20260806-STORE_02-0366;STORE_02;CASH-07;2026-08-06 9:04:33;SKU-039;4;5000;0;CARD
REC-20260806-STORE_02-0366;STORE_02;CASH-02;2026-08-06 9:04:33;SKU-027;3;5000;0;CASH
REC-20260806-STORE_02-0367;STORE_02;CASH-02;2026-08-06 21:23:43;SKU-002;3;12000;500;CARD
REC-20260806-STORE_02-0367;STORE_02;CASH-06;2026-08-06 21:23:43;SKU-023;4;45000;1000;CASH
REC-20260806-STORE_02-0368;STORE_02;CASH-02;2026-08-06 21:51:22;SKU-004;2;25000;0;CARD
REC-20260806-STORE_02-0368;STORE_02;CASH-10;2026-08-06 21:51:22;SKU-005;4;5000;1000;CARD
REC-20260806-STORE_02-0368;STORE_02;CASH-05;2026-08-06 21:51:22;SKU-003;2;45000;1000;CASH
REC-20260806-STORE_02-0368;STORE_02;CASH-04;2026-08-06 21:51:22;SKU-001;1;45000;0;CASH
REC-20260806-STORE_02-0369;STORE_02;CASH-08;2026-08-06 13:19:37;SKU-004;2;25000;1000;CARD
REC-20260806-STORE_02-0369;STORE_02;CASH-02;2026-08-06 13:19:37;SKU-030;4;45000;500;CARD
REC-20260806-STORE_02-0369;STORE_02;CASH-02;2026-08-06 13:19:37;SKU-007;4;12000;0;CARD
REC-20260806-STORE_02-0369;STORE_02;CASH-08;2026-08-06 13:19:37;SKU-010;1;25000;0;CARD
REC-20260806-STORE_02-0369;STORE_02;CASH-01;2026-08-06 13:19:37;SKU-012;3;45000;1000;CASH
REC-20260806-STORE_02-0370;STORE_02;CASH-03;2026-08-06 21:03:38;SKU-001;1;45000;0;CARD
REC-20260806-STORE_02-0370;STORE_02;CASH-08;2026-08-06 21:03:38;SKU-005;1;5000;0;CARD
REC-20260806-STORE_02-0370;STORE_02;CASH-10;2026-08-06 21:03:38;SKU-002;2;12000;0;CASH
REC-20260806-STORE_02-0370;STORE_02;CASH-03;2026-08-06 21:03:38;SKU-008;2;12000;0;CARD
REC-20260806-STORE_02-0370;STORE_02;CASH-03;2026-08-06 21:03:38;SKU-049;1;5000;0;CARD
REC-20260806-STORE_02-0371;STORE_02;CASH-09;2026-08-06 19:42:20;SKU-002;4;12000;1000;CARD
REC-20260806-STORE_02-0371;STORE_02;CASH-01;2026-08-06 19:42:20;SKU-001;4;45000;0;CARD
REC-20260806-STORE_02-0371;STORE_02;CASH-02;2026-08-06 19:42:20;SKU-001;1;45000;0;CARD
REC-20260806-STORE_02-0371;STORE_02;CASH-10;2026-08-06 19:42:20;SKU-001;1;45000;0;CASH
REC-20260806-STORE_02-0372;STORE_02;CASH-03;2026-08-06 15:14:58;SKU-001;3;45000;500;CARD
REC-20260806-STORE_02-0372;STORE_02;CASH-03;2026-08-06 15:14:58;SKU-004;3;25000;0;CARD
REC-20260806-STORE_02-0373;STORE_02;CASH-09;2026-08-06 21:29:46;SKU-001;3;45000;0;CARD
REC-20260806-STORE_02-0374;STORE_02;CASH-06;2026-08-06 18:09:51;SKU-004;2;25000;0;CARD
REC-20260806-STORE_02-0375;STORE_02;CASH-01;2026-08-06 15:39:25;SKU-001;4;45000;0;CASH
REC-20260806-STORE_02-0376;STORE_02;CASH-10;2026-08-06 16:57:37;SKU-002;3;12000;1000;CARD
REC-20260806-STORE_02-0376;STORE_02;CASH-07;2026-08-06 16:57:37;SKU-027;4;5000;0;CASH
REC-20260806-STORE_02-0377;STORE_02;CASH-06;2026-08-06 8:39:29;SKU-006;1;45000;0;CASH
REC-20260806-STORE_02-0378;STORE_02;CASH-08;2026-08-06 17:04:58;SKU-022;2;12000;1000;CARD
REC-20260806-STORE_02-0378;STORE_02;CASH-09;2026-08-06 17:04:58;SKU-006;2;45000;1000;CASH
REC-20260806-STORE_02-0378;STORE_02;CASH-10;2026-08-06 17:04:58;SKU-023;3;45000;500;CASH
REC-20260806-STORE_02-0379;STORE_02;CASH-04;2026-08-06 21:09:21;SKU-027;1;5000;500;CARD
REC-20260806-STORE_02-0380;STORE_02;CASH-07;2026-08-06 10:00:16;SKU-017;4;12000;500;CARD
REC-20260806-STORE_02-0380;STORE_02;CASH-04;2026-08-06 10:00:16;SKU-017;3;12000;0;CASH
REC-20260806-STORE_02-0380;STORE_02;CASH-01;2026-08-06 10:00:16;SKU-047;2;5000;500;CARD
REC-20260806-STORE_02-0381;STORE_02;CASH-10;2026-08-06 14:56:22;SKU-009;2;25000;0;CARD
REC-20260806-STORE_02-0382;STORE_02;CASH-10;2026-08-06 11:05:36;SKU-002;3;12000;0;CASH
REC-20260806-STORE_02-0383;STORE_02;CASH-06;2026-08-06 16:41:15;SKU-015;2;5000;0;CARD
REC-20260806-STORE_02-0384;STORE_02;CASH-01;2026-08-06 17:58:02;SKU-036;4;45000;1000;CASH
REC-20260806-STORE_02-0384;STORE_02;CASH-05;2026-08-06 17:58:02;SKU-004;2;25000;0;CASH
REC-20260806-STORE_02-0384;STORE_02;CASH-06;2026-08-06 17:58:02;SKU-018;2;5000;0;CARD
REC-20260806-STORE_02-0384;STORE_02;CASH-08;2026-08-06 17:58:02;SKU-004;1;25000;1000;CARD
REC-20260806-STORE_02-0384;STORE_02;CASH-03;2026-08-06 17:58:02;SKU-048;2;25000;0;CARD
REC-20260806-STORE_02-0385;STORE_02;CASH-10;2026-08-06 16:06:16;SKU-003;1;45000;0;CASH
REC-20260806-STORE_02-0385;STORE_02;CASH-05;2026-08-06 16:06:16;SKU-014;4;5000;0;CASH
REC-20260806-STORE_02-0386;STORE_02;CASH-09;2026-08-06 8:32:04;SKU-001;4;45000;500;CARD
REC-20260806-STORE_02-0386;STORE_02;CASH-10;2026-08-06 8:32:04;SKU-003;2;45000;0;CARD
REC-20260806-STORE_02-0386;STORE_02;CASH-04;2026-08-06 8:32:04;SKU-003;4;45000;1000;CARD
REC-20260806-STORE_02-0386;STORE_02;CASH-05;2026-08-06 8:32:04;SKU-001;3;45000;0;CARD
REC-20260806-STORE_02-0386;STORE_02;CASH-09;2026-08-06 8:32:04;SKU-004;1;25000;500;CASH
REC-20260806-STORE_02-0387;STORE_02;CASH-09;2026-08-06 17:09:11;SKU-008;2;12000;1000;CASH
REC-20260806-STORE_02-0387;STORE_02;CASH-09;2026-08-06 17:09:11;SKU-009;3;25000;0;CARD
REC-20260806-STORE_02-0388;STORE_02;CASH-07;2026-08-06 11:45:57;SKU-025;1;5000;1000;CARD
REC-20260806-STORE_02-0388;STORE_02;CASH-06;2026-08-06 11:45:57;SKU-004;4;25000;500;CASH
REC-20260806-STORE_02-0389;STORE_02;CASH-01;2026-08-06 15:50:22;SKU-001;4;45000;0;CARD
REC-20260806-STORE_02-0389;STORE_02;CASH-08;2026-08-06 15:50:22;SKU-031;1;45000;0;CARD
REC-20260806-STORE_02-0390;STORE_02;CASH-05;2026-08-06 9:41:00;SKU-018;2;5000;0;CARD
REC-20260806-STORE_02-0390;STORE_02;CASH-06;2026-08-06 9:41:00;SKU-002;2;12000;0;CASH
REC-20260806-STORE_02-0391;STORE_02;CASH-08;2026-08-06 16:15:32;SKU-001;3;45000;500;CARD
REC-20260806-STORE_02-0392;STORE_02;CASH-08;2026-08-06 18:04:48;SKU-001;4;45000;500;CARD
REC-20260806-STORE_02-0392;STORE_02;CASH-03;2026-08-06 18:04:48;SKU-005;4;5000;500;CARD
REC-20260806-STORE_02-0393;STORE_02;CASH-08;2026-08-06 18:19:11;SKU-001;4;45000;1000;CARD
REC-20260806-STORE_02-0393;STORE_02;CASH-04;2026-08-06 18:19:11;SKU-020;2;12000;0;CASH
REC-20260806-STORE_02-0394;STORE_02;CASH-01;2026-08-06 11:16:41;SKU-002;1;12000;1000;CARD
REC-20260806-STORE_02-0394;STORE_02;CASH-09;2026-08-06 11:16:41;SKU-013;4;12000;1000;CASH
REC-20260806-STORE_02-0394;STORE_02;CASH-05;2026-08-06 11:16:41;SKU-024;2;12000;0;CASH
REC-20260806-STORE_02-0394;STORE_02;CASH-05;2026-08-06 11:16:41;SKU-001;1;45000;0;CARD
REC-20260806-STORE_02-0395;STORE_02;CASH-05;2026-08-06 20:36:38;SKU-022;4;12000;0;CARD
REC-20260806-STORE_02-0395;STORE_02;CASH-01;2026-08-06 20:36:38;SKU-007;3;12000;1000;CARD
REC-20260806-STORE_02-0395;STORE_02;CASH-09;2026-08-06 20:36:38;SKU-003;2;45000;0;CARD
REC-20260806-STORE_02-0396;STORE_02;CASH-06;2026-08-06 16:32:54;SKU-001;2;45000;0;CASH
REC-20260806-STORE_02-0396;STORE_02;CASH-07;2026-08-06 16:32:54;SKU-047;1;5000;0;CASH
REC-20260806-STORE_02-0396;STORE_02;CASH-04;2026-08-06 16:32:54;SKU-040;2;25000;500;CARD
REC-20260806-STORE_02-0396;STORE_02;CASH-04;2026-08-06 16:32:54;SKU-006;2;45000;1000;CARD
REC-20260806-STORE_02-0396;STORE_02;CASH-03;2026-08-06 16:32:54;SKU-018;3;5000;0;CARD
REC-20260806-STORE_02-0397;STORE_02;CASH-10;2026-08-06 13:26:50;SKU-007;1;12000;500;CARD
REC-20260806-STORE_02-0397;STORE_02;CASH-05;2026-08-06 13:26:50;SKU-001;1;45000;500;CARD
REC-20260806-STORE_02-0398;STORE_02;CASH-06;2026-08-06 11:39:12;SKU-024;1;12000;500;CARD
REC-20260806-STORE_02-0398;STORE_02;CASH-04;2026-08-06 11:39:12;SKU-002;1;12000;0;CARD
REC-20260806-STORE_02-0398;STORE_02;CASH-08;2026-08-06 11:39:12;SKU-003;1;45000;0;CARD
REC-20260806-STORE_02-0398;STORE_02;CASH-04;2026-08-06 11:39:12;SKU-022;1;12000;500;CARD
REC-20260806-STORE_02-0398;STORE_02;CASH-02;2026-08-06 11:39:12;SKU-001;2;45000;1000;CARD
REC-20260806-STORE_02-0399;STORE_02;CASH-03;2026-08-06 16:12:14;SKU-030;1;45000;0;CARD
REC-20260806-STORE_02-0399;STORE_02;CASH-05;2026-08-06 16:12:14;SKU-003;1;45000;1000;CARD
REC-20260806-STORE_02-0400;STORE_02;CASH-04;2026-08-06 8:49:43;SKU-014;3;5000;0;CARD
REC-20260806-STORE_02-0400;STORE_02;CASH-04;2026-08-06 8:49:43;SKU-001;1;45000;0;CARD
REC-20260806-STORE_02-0400;STORE_02;CASH-03;2026-08-06 8:49:43;SKU-018;2;5000;500;CARD
REC-20260806-STORE_02-0401;STORE_02;CASH-04;2026-08-06 21:51:11;SKU-042;4;5000;1000;CARD
REC-20260806-STORE_02-0401;STORE_02;CASH-05;2026-08-06 21:51:11;SKU-001;2;45000;1000;CARD
REC-20260806-STORE_02-0402;STORE_02;CASH-02;2026-08-06 12:22:23;SKU-050;1;25000;0;CASH
REC-20260806-STORE_02-0402;STORE_02;CASH-03;2026-08-06 12:22:23;SKU-010;2;25000;0;CARD
REC-20260806-STORE_02-0402;STORE_02;CASH-04;2026-08-06 12:22:23;SKU-002;4;12000;0;CARD
REC-20260806-STORE_02-0403;STORE_02;CASH-05;2026-08-06 13:14:17;SKU-029;1;5000;0;CASH
REC-20260806-STORE_02-0403;STORE_02;CASH-08;2026-08-06 13:14:17;SKU-001;1;45000;0;CARD
REC-20260806-STORE_02-0404;STORE_02;CASH-07;2026-08-06 12:17:35;SKU-004;3;25000;1000;CARD
REC-20260806-STORE_02-0404;STORE_02;CASH-05;2026-08-06 12:17:35;SKU-014;1;5000;0;CARD
REC-20260806-STORE_02-0404;STORE_02;CASH-03;2026-08-06 12:17:35;SKU-004;2;25000;0;CARD
REC-20260806-STORE_02-0405;STORE_02;CASH-04;2026-08-06 13:57:27;SKU-016;2;25000;1000;CARD
REC-20260806-STORE_02-0405;STORE_02;CASH-10;2026-08-06 13:57:27;SKU-025;1;5000;0;CARD
REC-20260806-STORE_02-0405;STORE_02;CASH-02;2026-08-06 13:57:27;SKU-007;1;12000;500;CASH
REC-20260806-STORE_02-0405;STORE_02;CASH-08;2026-08-06 13:57:27;SKU-006;1;45000;0;CASH
REC-20260806-STORE_02-0405;STORE_02;CASH-05;2026-08-06 13:57:27;SKU-001;4;45000;0;CARD
REC-20260806-STORE_02-0406;STORE_02;CASH-02;2026-08-06 9:11:16;SKU-023;1;45000;0;CARD
REC-20260806-STORE_02-0406;STORE_02;CASH-03;2026-08-06 9:11:16;SKU-005;4;5000;1000;CASH
REC-20260806-STORE_02-0406;STORE_02;CASH-08;2026-08-06 9:11:16;SKU-017;1;12000;500;CARD
REC-20260806-STORE_02-0407;STORE_02;CASH-01;2026-08-06 9:31:58;SKU-007;1;12000;500;CASH
REC-20260806-STORE_02-0408;STORE_02;CASH-03;2026-08-06 12:00:03;SKU-008;3;12000;0;CARD
REC-20260806-STORE_02-0408;STORE_02;CASH-07;2026-08-06 12:00:03;SKU-001;1;45000;0;CARD
REC-20260806-STORE_02-0408;STORE_02;CASH-02;2026-08-06 12:00:03;SKU-003;1;45000;0;CARD
REC-20260806-STORE_02-0408;STORE_02;CASH-04;2026-08-06 12:00:03;SKU-003;4;45000;1000;CARD
REC-20260806-STORE_02-0408;STORE_02;CASH-05;2026-08-06 12:00:03;SKU-002;1;12000;1000;CARD
REC-20260806-STORE_02-0409;STORE_02;CASH-04;2026-08-06 17:37:46;SKU-032;1;25000;500;CARD
REC-20260806-STORE_02-0409;STORE_02;CASH-07;2026-08-06 17:37:46;SKU-010;3;25000;0;CARD
REC-20260806-STORE_02-0409;STORE_02;CASH-02;2026-08-06 17:37:46;SKU-001;4;45000;0;CASH
REC-20260806-STORE_02-0409;STORE_02;CASH-01;2026-08-06 17:37:46;SKU-003;1;45000;500;CARD
REC-20260806-STORE_02-0410;STORE_02;CASH-07;2026-08-06 14:30:36;SKU-027;3;5000;0;CASH
REC-20260806-STORE_02-0410;STORE_02;CASH-08;2026-08-06 14:30:36;SKU-002;4;12000;0;CARD
REC-20260806-STORE_02-0410;STORE_02;CASH-04;2026-08-06 14:30:36;SKU-005;2;5000;500;CASH
REC-20260806-STORE_02-0410;STORE_02;CASH-02;2026-08-06 14:30:36;SKU-031;1;45000;0;CARD
REC-20260806-STORE_02-0410;STORE_02;CASH-09;2026-08-06 14:30:36;SKU-005;1;5000;0;CASH
REC-20260806-STORE_02-0411;STORE_02;CASH-04;2026-08-06 20:02:42;SKU-039;2;5000;1000;CARD
REC-20260806-STORE_02-0411;STORE_02;CASH-09;2026-08-06 20:02:42;SKU-006;3;45000;0;CARD
REC-20260806-STORE_02-0411;STORE_02;CASH-02;2026-08-06 20:02:42;SKU-001;4;45000;500;CARD
REC-20260806-STORE_02-0411;STORE_02;CASH-03;2026-08-06 20:02:42;SKU-002;4;12000;0;CASH
REC-20260806-STORE_02-0411;STORE_02;CASH-04;2026-08-06 20:02:42;SKU-001;4;45000;0;CARD
REC-20260806-STORE_02-0412;STORE_02;CASH-04;2026-08-06 11:56:21;SKU-004;1;25000;0;CARD
REC-20260806-STORE_02-0413;STORE_02;CASH-06;2026-08-06 14:08:31;SKU-018;4;5000;500;CARD
REC-20260806-STORE_02-0413;STORE_02;CASH-03;2026-08-06 14:08:31;SKU-034;3;25000;0;CARD
REC-20260806-STORE_02-0413;STORE_02;CASH-09;2026-08-06 14:08:31;SKU-012;3;45000;1000;CARD
REC-20260806-STORE_02-0413;STORE_02;CASH-01;2026-08-06 14:08:31;SKU-001;1;45000;0;CARD
REC-20260806-STORE_02-0413;STORE_02;CASH-05;2026-08-06 14:08:31;SKU-013;3;12000;0;CARD
REC-20260806-STORE_02-0414;STORE_02;CASH-05;2026-08-06 20:24:53;SKU-004;2;25000;0;CARD
REC-20260806-STORE_02-0414;STORE_02;CASH-08;2026-08-06 20:24:53;SKU-001;3;45000;0;CASH
REC-20260806-STORE_02-0415;STORE_02;CASH-05;2026-08-06 18:39:29;SKU-003;3;45000;500;CASH
REC-20260806-STORE_02-0416;STORE_02;CASH-08;2026-08-06 14:58:45;SKU-001;4;45000;0;CARD
REC-20260806-STORE_02-0416;STORE_02;CASH-01;2026-08-06 14:58:45;SKU-004;2;25000;0;CARD
REC-20260806-STORE_02-0417;STORE_02;CASH-03;2026-08-06 20:09:44;SKU-002;3;12000;500;CASH
REC-20260806-STORE_02-0417;STORE_02;CASH-05;2026-08-06 20:09:44;SKU-014;1;5000;0;CARD
REC-20260806-STORE_02-0417;STORE_02;CASH-08;2026-08-06 20:09:44;SKU-001;1;45000;1000;CARD
REC-20260806-STORE_02-0417;STORE_02;CASH-08;2026-08-06 20:09:44;SKU-030;3;45000;0;CASH
REC-20260806-STORE_02-0418;STORE_02;CASH-05;2026-08-06 9:48:23;SKU-025;4;5000;0;CASH
REC-20260806-STORE_02-0418;STORE_02;CASH-07;2026-08-06 9:48:23;SKU-032;4;25000;0;CARD
REC-20260806-STORE_02-0418;STORE_02;CASH-04;2026-08-06 9:48:23;SKU-012;3;45000;0;CASH
REC-20260806-STORE_02-0418;STORE_02;CASH-07;2026-08-06 9:48:23;SKU-014;2;5000;500;CARD
REC-20260806-STORE_02-0418;STORE_02;CASH-04;2026-08-06 9:48:23;SKU-008;3;12000;1000;CARD
REC-20260806-STORE_02-0419;STORE_02;CASH-06;2026-08-06 12:59:42;SKU-002;1;12000;500;CARD
REC-20260806-STORE_02-0419;STORE_02;CASH-01;2026-08-06 12:59:42;SKU-003;4;45000;1000;CASH
REC-20260806-STORE_02-0419;STORE_02;CASH-05;2026-08-06 12:59:42;SKU-001;1;45000;1000;CASH
REC-20260806-STORE_02-0419;STORE_02;CASH-02;2026-08-06 12:59:42;SKU-001;2;45000;0;CARD
REC-20260806-STORE_02-0420;STORE_02;CASH-01;2026-08-06 15:52:46;SKU-001;3;45000;0;CASH
REC-20260806-STORE_02-0420;STORE_02;CASH-02;2026-08-06 15:52:46;SKU-006;1;45000;1000;CARD
REC-20260806-STORE_02-0421;STORE_02;CASH-06;2026-08-06 11:01:47;SKU-001;3;45000;0;CARD
REC-20260806-STORE_02-0421;STORE_02;CASH-04;2026-08-06 11:01:47;SKU-001;4;45000;0;CASH
REC-20260806-STORE_02-0421;STORE_02;CASH-09;2026-08-06 11:01:47;SKU-001;2;45000;0;CARD
REC-20260806-STORE_02-0422;STORE_02;CASH-02;2026-08-06 11:01:23;SKU-004;1;25000;0;CARD
REC-20260806-STORE_02-0422;STORE_02;CASH-07;2026-08-06 11:01:23;SKU-008;4;12000;0;CARD
REC-20260806-STORE_02-0423;STORE_02;CASH-08;2026-08-06 16:27:45;SKU-025;4;5000;0;CARD
REC-20260806-STORE_02-0423;STORE_02;CASH-09;2026-08-06 16:27:45;SKU-007;2;12000;500;CARD
REC-20260806-STORE_02-0423;STORE_02;CASH-06;2026-08-06 16:27:45;SKU-025;4;5000;0;CASH
REC-20260806-STORE_02-0423;STORE_02;CASH-04;2026-08-06 16:27:45;SKU-048;1;25000;0;CASH
REC-20260806-STORE_02-0424;STORE_02;CASH-08;2026-08-06 20:42:22;SKU-039;4;5000;0;CARD
REC-20260806-STORE_02-0424;STORE_02;CASH-02;2026-08-06 20:42:22;SKU-002;4;12000;0;CASH
REC-20260806-STORE_02-0424;STORE_02;CASH-02;2026-08-06 20:42:22;SKU-040;4;25000;500;CARD
REC-20260806-STORE_02-0424;STORE_02;CASH-03;2026-08-06 20:42:22;SKU-017;4;12000;0;CARD
REC-20260806-STORE_02-0424;STORE_02;CASH-02;2026-08-06 20:42:22;SKU-026;1;12000;1000;CARD
REC-20260806-STORE_02-0425;STORE_02;CASH-07;2026-08-06 14:14:11;SKU-040;3;25000;1000;CARD
REC-20260806-STORE_02-0426;STORE_02;CASH-02;2026-08-06 19:13:45;SKU-013;1;12000;1000;CASH
REC-20260806-STORE_02-0427;STORE_02;CASH-07;2026-08-06 19:09:55;SKU-043;1;25000;500;CARD
REC-20260806-STORE_02-0428;STORE_02;CASH-02;2026-08-06 19:45:17;SKU-038;2;12000;0;CARD
REC-20260806-STORE_02-0428;STORE_02;CASH-02;2026-08-06 19:45:17;SKU-002;1;12000;0;CARD
REC-20260806-STORE_02-0428;STORE_02;CASH-08;2026-08-06 19:45:17;SKU-001;3;45000;0;CASH
REC-20260806-STORE_02-0428;STORE_02;CASH-08;2026-08-06 19:45:17;SKU-023;3;45000;500;CASH
REC-20260806-STORE_02-0428;STORE_02;CASH-05;2026-08-06 19:45:17;SKU-004;3;25000;0;CARD
REC-20260806-STORE_02-0429;STORE_02;CASH-08;2026-08-06 9:29:35;SKU-010;4;25000;0;CARD
REC-20260806-STORE_02-0429;STORE_02;CASH-08;2026-08-06 9:29:35;SKU-008;4;12000;0;CASH
REC-20260806-STORE_02-0430;STORE_02;CASH-08;2026-08-06 9:31:04;SKU-017;1;12000;1000;CARD
REC-20260806-STORE_02-0430;STORE_02;CASH-10;2026-08-06 9:31:04;SKU-010;3;25000;500;CARD
REC-20260806-STORE_02-0431;STORE_02;CASH-09;2026-08-06 10:15:19;SKU-001;1;45000;0;CARD
REC-20260806-STORE_02-0431;STORE_02;CASH-01;2026-08-06 10:15:19;SKU-023;3;45000;0;CARD
REC-20260806-STORE_02-0431;STORE_02;CASH-02;2026-08-06 10:15:19;SKU-007;4;12000;0;CARD
REC-20260806-STORE_02-0431;STORE_02;CASH-07;2026-08-06 10:15:19;SKU-003;2;45000;0;CASH
REC-20260806-STORE_02-0432;STORE_02;CASH-07;2026-08-06 17:58:04;SKU-004;2;25000;0;CARD
REC-20260806-STORE_02-0432;STORE_02;CASH-06;2026-08-06 17:58:04;SKU-047;4;5000;0;CASH
REC-20260806-STORE_02-0432;STORE_02;CASH-02;2026-08-06 17:58:04;SKU-002;3;12000;0;CASH
REC-20260806-STORE_02-0432;STORE_02;CASH-05;2026-08-06 17:58:04;SKU-001;1;45000;0;CARD
REC-20260806-STORE_02-0433;STORE_02;CASH-09;2026-08-06 12:27:01;SKU-005;2;5000;500;CARD
REC-20260806-STORE_02-0434;STORE_02;CASH-08;2026-08-06 19:45:48;SKU-007;2;12000;1000;CARD
REC-20260806-STORE_02-0434;STORE_02;CASH-06;2026-08-06 19:45:48;SKU-003;1;45000;500;CASH
REC-20260806-STORE_02-0435;STORE_02;CASH-06;2026-08-06 11:30:09;SKU-001;4;45000;0;CARD
REC-20260806-STORE_02-0435;STORE_02;CASH-08;2026-08-06 11:30:09;SKU-001;3;45000;500;CARD
REC-20260806-STORE_02-0435;STORE_02;CASH-03;2026-08-06 11:30:09;SKU-014;2;5000;0;CASH
REC-20260806-STORE_02-0435;STORE_02;CASH-07;2026-08-06 11:30:09;SKU-001;3;45000;0;CARD
REC-20260806-STORE_02-0435;STORE_02;CASH-04;2026-08-06 11:30:09;SKU-001;2;45000;500;CASH
REC-20260806-STORE_02-0436;STORE_02;CASH-05;2026-08-06 15:01:28;SKU-013;1;12000;1000;CARD
REC-20260806-STORE_02-0436;STORE_02;CASH-01;2026-08-06 15:01:28;SKU-001;1;45000;0;CARD
REC-20260806-STORE_02-0437;STORE_02;CASH-07;2026-08-06 13:13:27;SKU-023;3;45000;0;CASH
REC-20260806-STORE_02-0438;STORE_02;CASH-03;2026-08-06 9:28:17;SKU-002;4;12000;500;CASH
REC-20260806-STORE_02-0438;STORE_02;CASH-08;2026-08-06 9:28:17;SKU-018;4;5000;0;CARD
REC-20260806-STORE_02-0439;STORE_02;CASH-05;2026-08-06 13:26:26;SKU-020;4;12000;500;CARD
REC-20260806-STORE_02-0439;STORE_02;CASH-09;2026-08-06 13:26:26;SKU-009;1;25000;0;CASH
REC-20260806-STORE_02-0439;STORE_02;CASH-08;2026-08-06 13:26:26;SKU-004;2;25000;0;CASH
REC-20260806-STORE_02-0439;STORE_02;CASH-01;2026-08-06 13:26:26;SKU-011;3;5000;0;CARD
REC-20260806-STORE_02-0440;STORE_02;CASH-09;2026-08-06 16:40:34;SKU-008;4;12000;0;CARD
REC-20260806-STORE_02-0440;STORE_02;CASH-10;2026-08-06 16:40:34;SKU-012;4;45000;0;CARD
REC-20260806-STORE_02-0440;STORE_02;CASH-07;2026-08-06 16:40:34;SKU-016;4;25000;500;CARD
REC-20260806-STORE_02-0441;STORE_02;CASH-04;2026-08-06 19:26:15;SKU-022;3;12000;0;CARD
REC-20260806-STORE_02-0441;STORE_02;CASH-08;2026-08-06 19:26:15;SKU-029;1;5000;0;CARD
REC-20260806-STORE_02-0441;STORE_02;CASH-09;2026-08-06 19:26:15;SKU-002;3;12000;500;CARD
REC-20260806-STORE_02-0442;STORE_02;CASH-03;2026-08-06 11:13:16;SKU-010;1;25000;0;CARD
REC-20260806-STORE_02-0442;STORE_02;CASH-09;2026-08-06 11:13:16;SKU-003;2;45000;0;CASH
REC-20260806-STORE_02-0442;STORE_02;CASH-08;2026-08-06 11:13:16;SKU-001;3;45000;1000;CARD
REC-20260806-STORE_02-0442;STORE_02;CASH-01;2026-08-06 11:13:16;SKU-004;2;25000;0;CARD
REC-20260806-STORE_02-0442;STORE_02;CASH-03;2026-08-06 11:13:16;SKU-001;4;45000;0;CARD
REC-20260806-STORE_02-0443;STORE_02;CASH-02;2026-08-06 8:00:26;SKU-022;4;12000;0;CASH
REC-20260806-STORE_02-0443;STORE_02;CASH-01;2026-08-06 8:00:26;SKU-003;1;45000;0;CARD
REC-20260806-STORE_02-0444;STORE_02;CASH-06;2026-08-06 12:48:06;SKU-001;4;45000;0;CARD
REC-20260806-STORE_02-0444;STORE_02;CASH-07;2026-08-06 12:48:06;SKU-003;2;45000;0;CASH
REC-20260806-STORE_02-0444;STORE_02;CASH-09;2026-08-06 12:48:06;SKU-002;3;12000;1000;CARD
REC-20260806-STORE_02-0444;STORE_02;CASH-06;2026-08-06 12:48:06;SKU-017;3;12000;500;CARD
REC-20260806-STORE_02-0445;STORE_02;CASH-07;2026-08-06 18:52:37;SKU-017;1;12000;0;CARD
REC-20260806-STORE_02-0446;STORE_02;CASH-05;2026-08-06 10:10:27;SKU-003;1;45000;0;CARD
REC-20260806-STORE_02-0447;STORE_02;CASH-08;2026-08-06 8:26:39;SKU-004;2;25000;500;CASH
REC-20260806-STORE_02-0447;STORE_02;CASH-04;2026-08-06 8:26:39;SKU-014;4;5000;0;CARD
REC-20260806-STORE_02-0447;STORE_02;CASH-05;2026-08-06 8:26:39;SKU-001;1;45000;0;CASH
REC-20260806-STORE_02-0448;STORE_02;CASH-01;2026-08-06 9:14:57;SKU-002;3;12000;0;CARD
REC-20260806-STORE_02-0448;STORE_02;CASH-07;2026-08-06 9:14:57;SKU-003;1;45000;0;CASH
REC-20260806-STORE_02-0449;STORE_02;CASH-07;2026-08-06 13:17:47;SKU-006;3;45000;1000;CARD
REC-20260806-STORE_02-0449;STORE_02;CASH-09;2026-08-06 13:17:47;SKU-043;2;25000;1000;CARD
REC-20260806-STORE_02-0450;STORE_02;CASH-10;2026-08-06 19:46:22;SKU-026;1;12000;0;CARD
REC-20260806-STORE_02-0450;STORE_02;CASH-08;2026-08-06 19:46:22;SKU-019;1;25000;1000;CASH
REC-20260806-STORE_02-0450;STORE_02;CASH-07;2026-08-06 19:46:22;SKU-004;2;25000;0;CASH
REC-20260806-STORE_02-0450;STORE_02;CASH-10;2026-08-06 19:46:22;SKU-004;4;25000;0;CARD
REC-20260806-STORE_02-0451;STORE_02;CASH-02;2026-08-06 16:02:26;SKU-003;4;45000;0;CASH
REC-20260806-STORE_02-0451;STORE_02;CASH-08;2026-08-06 16:02:26;SKU-021;3;5000;500;CASH
REC-20260806-STORE_02-0452;STORE_02;CASH-07;2026-08-06 15:17:37;SKU-002;1;12000;0;CARD
REC-20260806-STORE_02-0453;STORE_02;CASH-01;2026-08-06 8:56:45;SKU-006;4;45000;0;CASH
REC-20260806-STORE_02-0453;STORE_02;CASH-10;2026-08-06 8:56:45;SKU-001;3;45000;0;CASH
REC-20260806-STORE_02-0453;STORE_02;CASH-02;2026-08-06 8:56:45;SKU-001;2;45000;0;CARD
REC-20260806-STORE_02-0453;STORE_02;CASH-03;2026-08-06 8:56:45;SKU-001;3;45000;0;CASH
REC-20260806-STORE_02-0453;STORE_02;CASH-10;2026-08-06 8:56:45;SKU-037;3;45000;0;CARD
REC-20260806-STORE_02-0454;STORE_02;CASH-01;2026-08-06 9:47:41;SKU-006;4;45000;0;CARD
REC-20260806-STORE_02-0455;STORE_02;CASH-05;2026-08-06 20:25:17;SKU-001;3;45000;0;CARD
REC-20260806-STORE_02-0456;STORE_02;CASH-08;2026-08-06 12:03:39;SKU-015;2;5000;1000;CARD
REC-20260806-STORE_02-0456;STORE_02;CASH-09;2026-08-06 12:03:39;SKU-001;4;45000;0;CARD
REC-20260806-STORE_02-0456;STORE_02;CASH-08;2026-08-06 12:03:39;SKU-003;4;45000;500;CASH
REC-20260806-STORE_02-0456;STORE_02;CASH-01;2026-08-06 12:03:39;SKU-037;4;45000;0;CASH
REC-20260806-STORE_02-0457;STORE_02;CASH-04;2026-08-06 15:47:03;SKU-003;3;45000;1000;CARD
REC-20260806-STORE_02-0457;STORE_02;CASH-02;2026-08-06 15:47:03;SKU-022;2;12000;0;CARD
REC-20260806-STORE_02-0457;STORE_02;CASH-08;2026-08-06 15:47:03;SKU-016;2;25000;500;CASH
REC-20260806-STORE_02-0458;STORE_02;CASH-05;2026-08-06 10:16:49;SKU-007;4;12000;500;CASH
REC-20260806-STORE_02-0458;STORE_02;CASH-06;2026-08-06 10:16:49;SKU-013;3;12000;1000;CARD
REC-20260806-STORE_02-0458;STORE_02;CASH-02;2026-08-06 10:16:49;SKU-009;2;25000;0;CASH
REC-20260806-STORE_02-0459;STORE_02;CASH-04;2026-08-06 21:08:13;SKU-007;3;12000;500;CARD
REC-20260806-STORE_02-0459;STORE_02;CASH-06;2026-08-06 21:08:13;SKU-024;2;12000;1000;CARD
REC-20260806-STORE_02-0459;STORE_02;CASH-09;2026-08-06 21:08:13;SKU-014;1;5000;0;CARD
REC-20260806-STORE_02-0459;STORE_02;CASH-02;2026-08-06 21:08:13;SKU-012;2;45000;0;CARD
REC-20260806-STORE_02-0460;STORE_02;CASH-04;2026-08-06 14:24:46;SKU-006;3;45000;500;CASH
REC-20260806-STORE_02-0460;STORE_02;CASH-04;2026-08-06 14:24:46;SKU-001;2;45000;0;CASH
REC-20260806-STORE_02-0461;STORE_02;CASH-08;2026-08-06 15:48:19;SKU-024;4;12000;0;CARD
REC-20260806-STORE_02-0462;STORE_02;CASH-04;2026-08-06 11:03:12;SKU-002;4;12000;0;CARD
REC-20260806-STORE_02-0462;STORE_02;CASH-03;2026-08-06 11:03:12;SKU-018;4;5000;0;CASH
REC-20260806-STORE_02-0462;STORE_02;CASH-01;2026-08-06 11:03:12;SKU-008;3;12000;0;CASH
REC-20260806-STORE_02-0462;STORE_02;CASH-04;2026-08-06 11:03:12;SKU-001;4;45000;0;CARD
REC-20260806-STORE_02-0463;STORE_02;CASH-08;2026-08-06 9:07:07;SKU-009;3;25000;0;CARD
REC-20260806-STORE_02-0463;STORE_02;CASH-06;2026-08-06 9:07:07;SKU-001;1;45000;500;CARD
REC-20260806-STORE_02-0463;STORE_02;CASH-01;2026-08-06 9:07:07;SKU-036;3;45000;0;CARD
REC-20260806-STORE_02-0464;STORE_02;CASH-07;2026-08-06 13:08:40;SKU-002;4;12000;0;CASH
REC-20260806-STORE_02-0464;STORE_02;CASH-09;2026-08-06 13:08:40;SKU-001;3;45000;1000;CARD
REC-20260806-STORE_02-0464;STORE_02;CASH-07;2026-08-06 13:08:40;SKU-004;1;25000;1000;CARD
REC-20260806-STORE_02-0465;STORE_02;CASH-02;2026-08-06 18:51:08;SKU-002;1;12000;0;CASH
REC-20260806-STORE_02-0466;STORE_02;CASH-05;2026-08-06 20:16:42;SKU-026;2;12000;500;CARD
REC-20260806-STORE_02-0466;STORE_02;CASH-01;2026-08-06 20:16:42;SKU-015;2;5000;500;CASH
REC-20260806-STORE_02-0467;STORE_02;CASH-10;2026-08-06 19:10:22;SKU-045;4;45000;1000;CASH
REC-20260806-STORE_02-0468;STORE_02;CASH-10;2026-08-06 8:21:12;SKU-001;2;45000;0;CARD
REC-20260806-STORE_02-0468;STORE_02;CASH-02;2026-08-06 8:21:12;SKU-004;4;25000;0;CARD
REC-20260806-STORE_02-0468;STORE_02;CASH-08;2026-08-06 8:21:12;SKU-038;1;12000;0;CASH
REC-20260806-STORE_02-0469;STORE_02;CASH-07;2026-08-06 12:46:42;SKU-001;3;45000;0;CARD
REC-20260806-STORE_02-0470;STORE_02;CASH-08;2026-08-06 15:10:04;SKU-027;4;5000;500;CASH
REC-20260806-STORE_02-0470;STORE_02;CASH-03;2026-08-06 15:10:04;SKU-006;4;45000;0;CARD
REC-20260806-STORE_02-0471;STORE_02;CASH-05;2026-08-06 8:35:57;SKU-009;1;25000;500;CARD
REC-20260806-STORE_02-0471;STORE_02;CASH-04;2026-08-06 8:35:57;SKU-002;3;12000;0;CARD
REC-20260806-STORE_02-0471;STORE_02;CASH-08;2026-08-06 8:35:57;SKU-001;1;45000;0;CARD
REC-20260806-STORE_02-0471;STORE_02;CASH-02;2026-08-06 8:35:57;SKU-005;3;5000;500;CARD
REC-20260806-STORE_02-0471;STORE_02;CASH-06;2026-08-06 8:35:57;SKU-001;4;45000;0;CARD
REC-20260806-STORE_02-0472;STORE_02;CASH-03;2026-08-06 8:14:08;SKU-006;4;45000;0;CARD
REC-20260806-STORE_02-0472;STORE_02;CASH-01;2026-08-06 8:14:08;SKU-006;1;45000;1000;CASH
REC-20260806-STORE_02-0472;STORE_02;CASH-05;2026-08-06 8:14:08;SKU-003;4;45000;0;CARD
REC-20260806-STORE_02-0473;STORE_02;CASH-05;2026-08-06 8:17:55;SKU-005;1;5000;0;CASH
REC-20260806-STORE_02-0473;STORE_02;CASH-05;2026-08-06 8:17:55;SKU-001;1;45000;500;CARD
REC-20260806-STORE_02-0473;STORE_02;CASH-04;2026-08-06 8:17:55;SKU-004;3;25000;500;CARD
REC-20260806-STORE_02-0473;STORE_02;CASH-06;2026-08-06 8:17:55;SKU-002;2;12000;0;CARD
REC-20260806-STORE_02-0473;STORE_02;CASH-03;2026-08-06 8:17:55;SKU-011;1;5000;0;CARD
REC-20260806-STORE_02-0474;STORE_02;CASH-06;2026-08-06 17:44:03;SKU-008;4;12000;0;CARD
REC-20260806-STORE_02-0474;STORE_02;CASH-06;2026-08-06 17:44:03;SKU-001;1;45000;0;CARD
REC-20260806-STORE_02-0475;STORE_02;CASH-07;2026-08-06 9:35:57;SKU-002;3;12000;0;CARD
REC-20260806-STORE_02-0475;STORE_02;CASH-08;2026-08-06 9:35:57;SKU-049;3;5000;0;CARD
REC-20260806-STORE_02-0475;STORE_02;CASH-01;2026-08-06 9:35:57;SKU-001;3;45000;0;CARD
REC-20260806-STORE_02-0476;STORE_02;CASH-04;2026-08-06 18:07:33;SKU-019;1;25000;1000;CASH
REC-20260806-STORE_02-0477;STORE_02;CASH-03;2026-08-06 16:01:02;SKU-030;4;45000;0;CARD
REC-20260806-STORE_02-0477;STORE_02;CASH-07;2026-08-06 16:01:02;SKU-002;3;12000;0;CARD
REC-20260806-STORE_02-0478;STORE_02;CASH-01;2026-08-06 14:02:31;SKU-001;1;45000;1000;CARD
REC-20260806-STORE_02-0478;STORE_02;CASH-09;2026-08-06 14:02:31;SKU-002;2;12000;0;CARD
REC-20260806-STORE_02-0478;STORE_02;CASH-07;2026-08-06 14:02:31;SKU-001;2;45000;1000;CASH
REC-20260806-STORE_02-0478;STORE_02;CASH-08;2026-08-06 14:02:31;SKU-001;3;45000;0;CARD
REC-20260806-STORE_02-0479;STORE_02;CASH-03;2026-08-06 16:35:34;SKU-006;4;45000;500;CARD
REC-20260806-STORE_02-0479;STORE_02;CASH-10;2026-08-06 16:35:34;SKU-017;3;12000;0;CASH
REC-20260806-STORE_02-0480;STORE_02;CASH-04;2026-08-06 8:48:45;SKU-001;2;45000;500;CARD
REC-20260806-STORE_02-0481;STORE_02;CASH-05;2026-08-06 19:22:16;SKU-009;3;25000;0;CASH
REC-20260806-STORE_02-0481;STORE_02;CASH-09;2026-08-06 19:22:16;SKU-003;2;45000;1000;CARD
REC-20260806-STORE_02-0481;STORE_02;CASH-10;2026-08-06 19:22:16;SKU-007;3;12000;0;CASH
REC-20260806-STORE_02-0481;STORE_02;CASH-07;2026-08-06 19:22:16;SKU-003;1;45000;500;CARD
REC-20260806-STORE_02-0482;STORE_02;CASH-10;2026-08-06 16:34:01;SKU-025;2;5000;0;CARD
REC-20260806-STORE_02-0482;STORE_02;CASH-03;2026-08-06 16:34:01;SKU-039;4;5000;0;CARD
REC-20260806-STORE_02-0482;STORE_02;CASH-02;2026-08-06 16:34:01;SKU-019;3;25000;1000;CARD
REC-20260806-STORE_02-0482;STORE_02;CASH-04;2026-08-06 16:34:01;SKU-005;4;5000;500;CARD
REC-20260806-STORE_02-0482;STORE_02;CASH-04;2026-08-06 16:34:01;SKU-007;2;12000;1000;CARD
REC-20260806-STORE_02-0483;STORE_02;CASH-08;2026-08-06 13:42:36;SKU-012;1;45000;1000;CARD
REC-20260806-STORE_02-0484;STORE_02;CASH-08;2026-08-06 13:26:25;SKU-002;4;12000;0;CASH
REC-20260806-STORE_02-0484;STORE_02;CASH-05;2026-08-06 13:26:25;SKU-003;3;45000;0;CASH
REC-20260806-STORE_02-0484;STORE_02;CASH-02;2026-08-06 13:26:25;SKU-005;4;5000;500;CASH
REC-20260806-STORE_02-0485;STORE_02;CASH-06;2026-08-06 16:46:50;SKU-001;3;45000;0;CASH
REC-20260806-STORE_02-0485;STORE_02;CASH-04;2026-08-06 16:46:50;SKU-002;3;12000;0;CARD
REC-20260806-STORE_02-0485;STORE_02;CASH-10;2026-08-06 16:46:50;SKU-005;4;5000;0;CARD
REC-20260806-STORE_02-0485;STORE_02;CASH-01;2026-08-06 16:46:50;SKU-001;2;45000;0;CARD
REC-20260806-STORE_02-0486;STORE_02;CASH-04;2026-08-06 13:07:16;SKU-002;4;12000;1000;CARD
REC-20260806-STORE_02-0486;STORE_02;CASH-01;2026-08-06 13:07:16;SKU-003;3;45000;0;CASH
REC-20260806-STORE_02-0486;STORE_02;CASH-02;2026-08-06 13:07:16;SKU-009;2;25000;500;CASH
REC-20260806-STORE_02-0487;STORE_02;CASH-05;2026-08-06 15:26:21;SKU-001;4;45000;0;CASH
REC-20260806-STORE_02-0487;STORE_02;CASH-08;2026-08-06 15:26:21;SKU-003;1;45000;500;CARD
REC-20260806-STORE_02-0488;STORE_02;CASH-01;2026-08-06 11:29:45;SKU-005;2;5000;500;CARD
REC-20260806-STORE_02-0488;STORE_02;CASH-04;2026-08-06 11:29:45;SKU-034;3;25000;1000;CARD
REC-20260806-STORE_02-0488;STORE_02;CASH-02;2026-08-06 11:29:45;SKU-012;3;45000;0;CARD
REC-20260806-STORE_02-0489;STORE_02;CASH-10;2026-08-06 13:56:13;SKU-001;1;45000;0;CARD
REC-20260806-STORE_02-0489;STORE_02;CASH-09;2026-08-06 13:56:13;SKU-007;4;12000;0;CARD
REC-20260806-STORE_02-0489;STORE_02;CASH-08;2026-08-06 13:56:13;SKU-039;4;5000;1000;CARD
REC-20260806-STORE_02-0489;STORE_02;CASH-02;2026-08-06 13:56:13;SKU-038;1;12000;0;CASH
REC-20260806-STORE_02-0490;STORE_02;CASH-02;2026-08-06 17:29:40;SKU-014;1;5000;0;CASH
REC-20260806-STORE_02-0490;STORE_02;CASH-01;2026-08-06 17:29:40;SKU-042;2;5000;1000;CARD
REC-20260806-STORE_02-0490;STORE_02;CASH-10;2026-08-06 17:29:40;SKU-018;2;5000;0;CASH
REC-20260806-STORE_02-0490;STORE_02;CASH-01;2026-08-06 17:29:40;SKU-050;2;25000;0;CARD
REC-20260806-STORE_02-0491;STORE_02;CASH-09;2026-08-06 15:21:14;SKU-002;1;12000;1000;CARD
REC-20260806-STORE_02-0491;STORE_02;CASH-05;2026-08-06 15:21:14;SKU-012;4;45000;0;CARD
REC-20260806-STORE_02-0491;STORE_02;CASH-05;2026-08-06 15:21:14;SKU-001;2;45000;1000;CASH
REC-20260806-STORE_02-0491;STORE_02;CASH-08;2026-08-06 15:21:14;SKU-005;3;5000;0;CASH
REC-20260806-STORE_02-0492;STORE_02;CASH-09;2026-08-06 10:59:56;SKU-001;4;45000;0;CARD
REC-20260806-STORE_02-0492;STORE_02;CASH-10;2026-08-06 10:59:56;SKU-002;3;12000;0;CARD
REC-20260806-STORE_02-0492;STORE_02;CASH-08;2026-08-06 10:59:56;SKU-001;1;45000;0;CASH
REC-20260806-STORE_02-0493;STORE_02;CASH-10;2026-08-06 18:32:34;SKU-002;4;12000;500;CARD
REC-20260806-STORE_02-0493;STORE_02;CASH-05;2026-08-06 18:32:34;SKU-040;2;25000;0;CASH
REC-20260806-STORE_02-0494;STORE_02;CASH-06;2026-08-06 16:36:53;SKU-002;1;12000;0;CARD
REC-20260806-STORE_02-0494;STORE_02;CASH-02;2026-08-06 16:36:53;SKU-050;1;25000;1000;CARD
REC-20260806-STORE_02-0495;STORE_02;CASH-10;2026-08-06 14:09:43;SKU-022;3;12000;500;CASH
REC-20260806-STORE_02-0495;STORE_02;CASH-06;2026-08-06 14:09:43;SKU-024;1;12000;0;CARD
REC-20260806-STORE_02-0495;STORE_02;CASH-07;2026-08-06 14:09:43;SKU-039;4;5000;0;CARD
REC-20260806-STORE_02-0495;STORE_02;CASH-10;2026-08-06 14:09:43;SKU-002;2;12000;0;CASH
REC-20260806-STORE_02-0496;STORE_02;CASH-04;2026-08-06 13:57:25;SKU-004;4;25000;0;CARD
REC-20260806-STORE_02-0497;STORE_02;CASH-09;2026-08-06 10:59:13;SKU-003;3;45000;0;CARD
REC-20260806-STORE_02-0497;STORE_02;CASH-02;2026-08-06 10:59:13;SKU-021;3;5000;1000;CARD
REC-20260806-STORE_02-0497;STORE_02;CASH-07;2026-08-06 10:59:13;SKU-006;1;45000;0;CARD
REC-20260806-STORE_02-0497;STORE_02;CASH-05;2026-08-06 10:59:13;SKU-012;1;45000;1000;CARD
REC-20260806-STORE_02-0497;STORE_02;CASH-01;2026-08-06 10:59:13;SKU-013;1;12000;500;CASH
REC-20260806-STORE_02-0498;STORE_02;CASH-04;2026-08-06 12:19:48;SKU-005;3;5000;500;CASH
REC-20260806-STORE_02-0498;STORE_02;CASH-05;2026-08-06 12:19:48;SKU-003;2;45000;0;CASH
REC-20260806-STORE_02-0498;STORE_02;CASH-07;2026-08-06 12:19:48;SKU-001;4;45000;500;CARD
REC-20260806-STORE_02-0498;STORE_02;CASH-04;2026-08-06 12:19:48;SKU-014;2;5000;0;CARD
REC-20260806-STORE_02-0498;STORE_02;CASH-02;2026-08-06 12:19:48;SKU-022;3;12000;0;CARD
REC-20260806-STORE_02-0499;STORE_02;CASH-01;2026-08-06 11:00:47;SKU-001;1;45000;500;CARD
REC-20260806-STORE_02-0499;STORE_02;CASH-02;2026-08-06 11:00:47;SKU-002;2;12000;0;CARD
REC-20260806-STORE_02-0499;STORE_02;CASH-04;2026-08-06 11:00:47;SKU-012;2;45000;500;CASH
REC-20260806-STORE_02-0499;STORE_02;CASH-08;2026-08-06 11:00:47;SKU-036;4;45000;0;CARD
REC-20260806-STORE_02-0500;STORE_02;CASH-02;2026-08-06 16:54:02;SKU-049;3;5000;1000;CASH
REC-20260806-STORE_02-0500;STORE_02;CASH-09;2026-08-06 16:54:02;SKU-013;2;12000;500;CASH
REC-20260806-STORE_02-0500;STORE_02;CASH-08;2026-08-06 16:54:02;SKU-019;2;25000;0;CARD
REC-20260806-STORE_03-0001;STORE_03;CASH-04;2026-08-06 17:54:12;SKU-021;1;5000;1000;CARD
REC-20260806-STORE_03-0001;STORE_03;CASH-09;2026-08-06 17:54:12;SKU-042;3;5000;0;CASH
REC-20260806-STORE_03-0001;STORE_03;CASH-08;2026-08-06 17:54:12;SKU-042;4;5000;0;CARD
REC-20260806-STORE_03-0002;STORE_03;CASH-10;2026-08-06 14:20:17;SKU-005;1;5000;0;CARD
REC-20260806-STORE_03-0002;STORE_03;CASH-06;2026-08-06 14:20:17;SKU-004;3;25000;0;CARD
REC-20260806-STORE_03-0003;STORE_03;CASH-09;2026-08-06 14:10:40;SKU-002;3;12000;0;CARD
REC-20260806-STORE_03-0003;STORE_03;CASH-07;2026-08-06 14:10:40;SKU-003;3;45000;0;CASH
REC-20260806-STORE_03-0004;STORE_03;CASH-02;2026-08-06 14:52:32;SKU-035;3;5000;0;CARD
REC-20260806-STORE_03-0004;STORE_03;CASH-04;2026-08-06 14:52:32;SKU-002;1;12000;0;CASH
REC-20260806-STORE_03-0004;STORE_03;CASH-10;2026-08-06 14:52:32;SKU-002;4;12000;0;CARD
REC-20260806-STORE_03-0005;STORE_03;CASH-02;2026-08-06 21:19:19;SKU-001;2;45000;0;CARD
REC-20260806-STORE_03-0006;STORE_03;CASH-01;2026-08-06 11:36:57;SKU-009;4;25000;0;CARD
REC-20260806-STORE_03-0007;STORE_03;CASH-05;2026-08-06 18:02:11;SKU-023;2;45000;0;CARD
REC-20260806-STORE_03-0007;STORE_03;CASH-09;2026-08-06 18:02:11;SKU-008;1;12000;500;CARD
REC-20260806-STORE_03-0007;STORE_03;CASH-09;2026-08-06 18:02:11;SKU-001;4;45000;0;CARD
REC-20260806-STORE_03-0008;STORE_03;CASH-01;2026-08-06 19:19:18;SKU-002;2;12000;0;CARD
REC-20260806-STORE_03-0008;STORE_03;CASH-09;2026-08-06 19:19:18;SKU-001;2;45000;1000;CARD
REC-20260806-STORE_03-0009;STORE_03;CASH-07;2026-08-06 11:42:21;SKU-007;3;12000;0;CASH
REC-20260806-STORE_03-0009;STORE_03;CASH-02;2026-08-06 11:42:21;SKU-003;3;45000;0;CARD
REC-20260806-STORE_03-0010;STORE_03;CASH-08;2026-08-06 9:43:42;SKU-008;3;12000;0;CASH
REC-20260806-STORE_03-0010;STORE_03;CASH-06;2026-08-06 9:43:42;SKU-016;3;25000;500;CASH
REC-20260806-STORE_03-0010;STORE_03;CASH-02;2026-08-06 9:43:42;SKU-001;4;45000;0;CASH
REC-20260806-STORE_03-0010;STORE_03;CASH-06;2026-08-06 9:43:42;SKU-002;2;12000;0;CARD
REC-20260806-STORE_03-0011;STORE_03;CASH-03;2026-08-06 8:31:19;SKU-007;4;12000;500;CARD
REC-20260806-STORE_03-0011;STORE_03;CASH-07;2026-08-06 8:31:19;SKU-042;1;5000;0;CARD
REC-20260806-STORE_03-0012;STORE_03;CASH-01;2026-08-06 11:22:59;SKU-010;1;25000;0;CASH
REC-20260806-STORE_03-0012;STORE_03;CASH-02;2026-08-06 11:22:59;SKU-046;3;25000;0;CARD
REC-20260806-STORE_03-0012;STORE_03;CASH-10;2026-08-06 11:22:59;SKU-011;3;5000;1000;CARD
REC-20260806-STORE_03-0012;STORE_03;CASH-01;2026-08-06 11:22:59;SKU-017;2;12000;0;CASH
REC-20260806-STORE_03-0012;STORE_03;CASH-04;2026-08-06 11:22:59;SKU-046;2;25000;0;CASH
REC-20260806-STORE_03-0013;STORE_03;CASH-04;2026-08-06 17:58:48;SKU-001;4;45000;0;CASH
REC-20260806-STORE_03-0013;STORE_03;CASH-01;2026-08-06 17:58:48;SKU-010;4;25000;0;CASH
REC-20260806-STORE_03-0014;STORE_03;CASH-01;2026-08-06 13:58:54;SKU-014;1;5000;0;CARD
REC-20260806-STORE_03-0014;STORE_03;CASH-05;2026-08-06 13:58:54;SKU-010;4;25000;0;CARD
REC-20260806-STORE_03-0014;STORE_03;CASH-01;2026-08-06 13:58:54;SKU-002;4;12000;0;CARD
REC-20260806-STORE_03-0014;STORE_03;CASH-08;2026-08-06 13:58:54;SKU-007;1;12000;0;CARD
REC-20260806-STORE_03-0014;STORE_03;CASH-02;2026-08-06 13:58:54;SKU-022;3;12000;1000;CARD
REC-20260806-STORE_03-0015;STORE_03;CASH-07;2026-08-06 19:11:12;SKU-001;4;45000;0;CARD
REC-20260806-STORE_03-0015;STORE_03;CASH-08;2026-08-06 19:11:12;SKU-001;1;45000;1000;CASH
REC-20260806-STORE_03-0015;STORE_03;CASH-02;2026-08-06 19:11:12;SKU-017;1;12000;0;CASH
REC-20260806-STORE_03-0016;STORE_03;CASH-06;2026-08-06 12:47:40;SKU-007;4;12000;500;CASH
REC-20260806-STORE_03-0016;STORE_03;CASH-06;2026-08-06 12:47:40;SKU-001;2;45000;500;CARD
REC-20260806-STORE_03-0017;STORE_03;CASH-07;2026-08-06 16:39:33;SKU-023;1;45000;0;CARD
REC-20260806-STORE_03-0017;STORE_03;CASH-09;2026-08-06 16:39:33;SKU-014;2;5000;0;CARD
REC-20260806-STORE_03-0018;STORE_03;CASH-04;2026-08-06 11:50:05;SKU-001;2;45000;0;CASH
REC-20260806-STORE_03-0018;STORE_03;CASH-08;2026-08-06 11:50:05;SKU-001;1;45000;0;CASH
REC-20260806-STORE_03-0018;STORE_03;CASH-08;2026-08-06 11:50:05;SKU-001;2;45000;0;CARD
REC-20260806-STORE_03-0019;STORE_03;CASH-01;2026-08-06 19:16:34;SKU-005;3;5000;500;CARD
REC-20260806-STORE_03-0019;STORE_03;CASH-03;2026-08-06 19:16:34;SKU-014;2;5000;0;CARD
REC-20260806-STORE_03-0019;STORE_03;CASH-02;2026-08-06 19:16:34;SKU-022;4;12000;500;CARD
REC-20260806-STORE_03-0019;STORE_03;CASH-04;2026-08-06 19:16:34;SKU-001;1;45000;0;CARD
REC-20260806-STORE_03-0019;STORE_03;CASH-07;2026-08-06 19:16:34;SKU-002;2;12000;0;CASH
REC-20260806-STORE_03-0020;STORE_03;CASH-02;2026-08-06 14:22:04;SKU-006;3;45000;500;CARD
REC-20260806-STORE_03-0020;STORE_03;CASH-06;2026-08-06 14:22:04;SKU-001;2;45000;0;CARD
REC-20260806-STORE_03-0020;STORE_03;CASH-07;2026-08-06 14:22:04;SKU-001;1;45000;0;CARD
REC-20260806-STORE_03-0020;STORE_03;CASH-05;2026-08-06 14:22:04;SKU-001;1;45000;0;CARD
REC-20260806-STORE_03-0020;STORE_03;CASH-01;2026-08-06 14:22:04;SKU-001;4;45000;1000;CARD
REC-20260806-STORE_03-0021;STORE_03;CASH-03;2026-08-06 9:07:44;SKU-002;4;12000;0;CARD
REC-20260806-STORE_03-0021;STORE_03;CASH-06;2026-08-06 9:07:44;SKU-016;4;25000;0;CARD
REC-20260806-STORE_03-0021;STORE_03;CASH-03;2026-08-06 9:07:44;SKU-001;3;45000;0;CARD
REC-20260806-STORE_03-0022;STORE_03;CASH-07;2026-08-06 12:17:56;SKU-035;1;5000;0;CASH
REC-20260806-STORE_03-0022;STORE_03;CASH-09;2026-08-06 12:17:56;SKU-029;2;5000;0;CASH
REC-20260806-STORE_03-0022;STORE_03;CASH-10;2026-08-06 12:17:56;SKU-005;3;5000;0;CARD
REC-20260806-STORE_03-0022;STORE_03;CASH-10;2026-08-06 12:17:56;SKU-010;2;25000;500;CARD
REC-20260806-STORE_03-0023;STORE_03;CASH-03;2026-08-06 14:15:23;SKU-014;2;5000;0;CARD
REC-20260806-STORE_03-0023;STORE_03;CASH-08;2026-08-06 14:15:23;SKU-004;2;25000;1000;CARD
REC-20260806-STORE_03-0023;STORE_03;CASH-10;2026-08-06 14:15:23;SKU-003;2;45000;1000;CASH
REC-20260806-STORE_03-0024;STORE_03;CASH-06;2026-08-06 10:47:51;SKU-019;1;25000;500;CARD
REC-20260806-STORE_03-0025;STORE_03;CASH-01;2026-08-06 12:23:55;SKU-023;4;45000;0;CARD
REC-20260806-STORE_03-0025;STORE_03;CASH-03;2026-08-06 12:23:55;SKU-001;1;45000;0;CARD
REC-20260806-STORE_03-0025;STORE_03;CASH-02;2026-08-06 12:23:55;SKU-021;3;5000;500;CARD
REC-20260806-STORE_03-0025;STORE_03;CASH-05;2026-08-06 12:23:55;SKU-018;3;5000;0;CARD
REC-20260806-STORE_03-0026;STORE_03;CASH-02;2026-08-06 21:11:33;SKU-001;4;45000;1000;CASH
REC-20260806-STORE_03-0026;STORE_03;CASH-04;2026-08-06 21:11:33;SKU-046;4;25000;0;CASH
REC-20260806-STORE_03-0026;STORE_03;CASH-04;2026-08-06 21:11:33;SKU-022;2;12000;500;CARD
REC-20260806-STORE_03-0027;STORE_03;CASH-02;2026-08-06 10:03:30;SKU-001;4;45000;500;CARD
REC-20260806-STORE_03-0028;STORE_03;CASH-02;2026-08-06 11:05:17;SKU-005;3;5000;0;CARD
REC-20260806-STORE_03-0028;STORE_03;CASH-05;2026-08-06 11:05:17;SKU-022;1;12000;500;CASH
REC-20260806-STORE_03-0029;STORE_03;CASH-08;2026-08-06 20:35:43;SKU-038;1;12000;0;CARD
REC-20260806-STORE_03-0029;STORE_03;CASH-08;2026-08-06 20:35:43;SKU-010;1;25000;0;CARD
REC-20260806-STORE_03-0029;STORE_03;CASH-02;2026-08-06 20:35:43;SKU-002;2;12000;0;CARD
REC-20260806-STORE_03-0030;STORE_03;CASH-05;2026-08-06 18:59:25;SKU-040;3;25000;0;CASH
REC-20260806-STORE_03-0030;STORE_03;CASH-03;2026-08-06 18:59:25;SKU-026;1;12000;0;CARD
REC-20260806-STORE_03-0030;STORE_03;CASH-09;2026-08-06 18:59:25;SKU-010;2;25000;0;CARD
REC-20260806-STORE_03-0030;STORE_03;CASH-04;2026-08-06 18:59:25;SKU-040;1;25000;500;CARD
REC-20260806-STORE_03-0031;STORE_03;CASH-01;2026-08-06 18:04:55;SKU-002;4;12000;0;CARD
REC-20260806-STORE_03-0031;STORE_03;CASH-01;2026-08-06 18:04:55;SKU-003;1;45000;0;CARD
REC-20260806-STORE_03-0031;STORE_03;CASH-03;2026-08-06 18:04:55;SKU-010;3;25000;0;CARD
REC-20260806-STORE_03-0031;STORE_03;CASH-06;2026-08-06 18:04:55;SKU-008;2;12000;0;CASH
REC-20260806-STORE_03-0031;STORE_03;CASH-05;2026-08-06 18:04:55;SKU-016;4;25000;1000;CARD
REC-20260806-STORE_03-0032;STORE_03;CASH-05;2026-08-06 8:38:49;SKU-001;4;45000;1000;CASH
REC-20260806-STORE_03-0032;STORE_03;CASH-02;2026-08-06 8:38:49;SKU-003;1;45000;0;CARD
REC-20260806-STORE_03-0033;STORE_03;CASH-08;2026-08-06 21:35:44;SKU-001;2;45000;0;CARD
REC-20260806-STORE_03-0034;STORE_03;CASH-05;2026-08-06 12:30:07;SKU-033;4;5000;1000;CARD
REC-20260806-STORE_03-0034;STORE_03;CASH-07;2026-08-06 12:30:07;SKU-003;2;45000;500;CARD
REC-20260806-STORE_03-0035;STORE_03;CASH-07;2026-08-06 16:37:43;SKU-030;2;45000;0;CARD
REC-20260806-STORE_03-0035;STORE_03;CASH-03;2026-08-06 16:37:43;SKU-009;2;25000;500;CASH
REC-20260806-STORE_03-0035;STORE_03;CASH-08;2026-08-06 16:37:43;SKU-002;3;12000;0;CASH
REC-20260806-STORE_03-0035;STORE_03;CASH-08;2026-08-06 16:37:43;SKU-043;3;25000;0;CARD
REC-20260806-STORE_03-0036;STORE_03;CASH-10;2026-08-06 12:36:16;SKU-035;4;5000;1000;CARD
REC-20260806-STORE_03-0036;STORE_03;CASH-07;2026-08-06 12:36:16;SKU-001;1;45000;0;CASH
REC-20260806-STORE_03-0037;STORE_03;CASH-06;2026-08-06 17:43:38;SKU-009;3;25000;1000;CASH
REC-20260806-STORE_03-0037;STORE_03;CASH-03;2026-08-06 17:43:38;SKU-001;3;45000;0;CARD
REC-20260806-STORE_03-0037;STORE_03;CASH-03;2026-08-06 17:43:38;SKU-001;1;45000;0;CARD
REC-20260806-STORE_03-0037;STORE_03;CASH-02;2026-08-06 17:43:38;SKU-013;4;12000;0;CARD
REC-20260806-STORE_03-0037;STORE_03;CASH-07;2026-08-06 17:43:38;SKU-004;4;25000;0;CARD
REC-20260806-STORE_03-0038;STORE_03;CASH-06;2026-08-06 11:22:11;SKU-041;3;25000;1000;CARD
REC-20260806-STORE_03-0038;STORE_03;CASH-09;2026-08-06 11:22:11;SKU-014;3;5000;0;CARD
REC-20260806-STORE_03-0038;STORE_03;CASH-07;2026-08-06 11:22:11;SKU-001;2;45000;0;CARD
REC-20260806-STORE_03-0039;STORE_03;CASH-10;2026-08-06 16:57:56;SKU-012;4;45000;500;CARD
REC-20260806-STORE_03-0039;STORE_03;CASH-06;2026-08-06 16:57:56;SKU-003;4;45000;0;CASH
REC-20260806-STORE_03-0039;STORE_03;CASH-10;2026-08-06 16:57:56;SKU-012;2;45000;0;CARD
REC-20260806-STORE_03-0039;STORE_03;CASH-08;2026-08-06 16:57:56;SKU-015;2;5000;0;CARD
REC-20260806-STORE_03-0039;STORE_03;CASH-08;2026-08-06 16:57:56;SKU-040;3;25000;500;CASH
REC-20260806-STORE_03-0040;STORE_03;CASH-10;2026-08-06 9:06:07;SKU-009;1;25000;1000;CARD
REC-20260806-STORE_03-0041;STORE_03;CASH-06;2026-08-06 10:02:22;SKU-001;2;45000;0;CARD
REC-20260806-STORE_03-0041;STORE_03;CASH-09;2026-08-06 10:02:22;SKU-015;4;5000;1000;CASH
REC-20260806-STORE_03-0041;STORE_03;CASH-03;2026-08-06 10:02:22;SKU-002;4;12000;0;CARD
REC-20260806-STORE_03-0041;STORE_03;CASH-06;2026-08-06 10:02:22;SKU-021;4;5000;1000;CASH
REC-20260806-STORE_03-0042;STORE_03;CASH-06;2026-08-06 16:29:10;SKU-001;1;45000;500;CARD
REC-20260806-STORE_03-0042;STORE_03;CASH-05;2026-08-06 16:29:10;SKU-043;2;25000;0;CASH
REC-20260806-STORE_03-0042;STORE_03;CASH-09;2026-08-06 16:29:10;SKU-011;2;5000;1000;CARD
REC-20260806-STORE_03-0042;STORE_03;CASH-03;2026-08-06 16:29:10;SKU-004;1;25000;0;CARD
REC-20260806-STORE_03-0043;STORE_03;CASH-09;2026-08-06 17:29:57;SKU-004;1;25000;1000;CARD
REC-20260806-STORE_03-0043;STORE_03;CASH-08;2026-08-06 17:29:57;SKU-017;4;12000;0;CASH
REC-20260806-STORE_03-0043;STORE_03;CASH-03;2026-08-06 17:29:57;SKU-005;2;5000;500;CARD
REC-20260806-STORE_03-0043;STORE_03;CASH-05;2026-08-06 17:29:57;SKU-039;3;5000;0;CARD
REC-20260806-STORE_03-0044;STORE_03;CASH-01;2026-08-06 18:31:01;SKU-002;1;12000;0;CARD
REC-20260806-STORE_03-0044;STORE_03;CASH-07;2026-08-06 18:31:01;SKU-006;2;45000;500;CARD
REC-20260806-STORE_03-0045;STORE_03;CASH-03;2026-08-06 11:25:59;SKU-022;2;12000;500;CASH
REC-20260806-STORE_03-0045;STORE_03;CASH-10;2026-08-06 11:25:59;SKU-013;3;12000;500;CASH
REC-20260806-STORE_03-0045;STORE_03;CASH-05;2026-08-06 11:25:59;SKU-004;1;25000;0;CARD
REC-20260806-STORE_03-0045;STORE_03;CASH-10;2026-08-06 11:25:59;SKU-005;4;5000;0;CARD
REC-20260806-STORE_03-0045;STORE_03;CASH-09;2026-08-06 11:25:59;SKU-041;1;25000;0;CARD
REC-20260806-STORE_03-0046;STORE_03;CASH-01;2026-08-06 19:47:26;SKU-016;4;25000;0;CARD
REC-20260806-STORE_03-0046;STORE_03;CASH-01;2026-08-06 19:47:26;SKU-036;3;45000;0;CARD
REC-20260806-STORE_03-0046;STORE_03;CASH-07;2026-08-06 19:47:26;SKU-021;3;5000;0;CASH
REC-20260806-STORE_03-0047;STORE_03;CASH-06;2026-08-06 11:24:36;SKU-003;2;45000;0;CARD
REC-20260806-STORE_03-0047;STORE_03;CASH-08;2026-08-06 11:24:36;SKU-015;2;5000;1000;CASH
REC-20260806-STORE_03-0047;STORE_03;CASH-02;2026-08-06 11:24:36;SKU-001;4;45000;0;CARD
REC-20260806-STORE_03-0048;STORE_03;CASH-08;2026-08-06 8:47:15;SKU-001;3;45000;0;CASH
REC-20260806-STORE_03-0048;STORE_03;CASH-05;2026-08-06 8:47:15;SKU-012;1;45000;500;CARD
REC-20260806-STORE_03-0048;STORE_03;CASH-02;2026-08-06 8:47:15;SKU-024;1;12000;0;CARD
REC-20260806-STORE_03-0049;STORE_03;CASH-07;2026-08-06 19:37:16;SKU-002;2;12000;0;CASH
REC-20260806-STORE_03-0049;STORE_03;CASH-02;2026-08-06 19:37:16;SKU-011;4;5000;0;CARD
REC-20260806-STORE_03-0049;STORE_03;CASH-09;2026-08-06 19:37:16;SKU-001;2;45000;500;CARD
REC-20260806-STORE_03-0049;STORE_03;CASH-06;2026-08-06 19:37:16;SKU-002;1;12000;500;CASH
REC-20260806-STORE_03-0049;STORE_03;CASH-09;2026-08-06 19:37:16;SKU-002;4;12000;1000;CARD
REC-20260806-STORE_03-0050;STORE_03;CASH-01;2026-08-06 9:15:15;SKU-002;1;12000;0;CARD
REC-20260806-STORE_03-0050;STORE_03;CASH-03;2026-08-06 9:15:15;SKU-001;4;45000;1000;CASH
REC-20260806-STORE_03-0050;STORE_03;CASH-02;2026-08-06 9:15:15;SKU-013;3;12000;0;CARD
REC-20260806-STORE_03-0050;STORE_03;CASH-01;2026-08-06 9:15:15;SKU-024;2;12000;1000;CARD
REC-20260806-STORE_03-0051;STORE_03;CASH-03;2026-08-06 12:06:54;SKU-005;2;5000;0;CARD
REC-20260806-STORE_03-0052;STORE_03;CASH-03;2026-08-06 21:51:11;SKU-010;4;25000;1000;CARD
REC-20260806-STORE_03-0053;STORE_03;CASH-07;2026-08-06 12:02:51;SKU-001;3;45000;1000;CARD
REC-20260806-STORE_03-0053;STORE_03;CASH-03;2026-08-06 12:02:51;SKU-001;1;45000;0;CARD
REC-20260806-STORE_03-0053;STORE_03;CASH-09;2026-08-06 12:02:51;SKU-002;2;12000;0;CARD
REC-20260806-STORE_03-0054;STORE_03;CASH-09;2026-08-06 8:54:18;SKU-027;3;5000;0;CARD
REC-20260806-STORE_03-0054;STORE_03;CASH-07;2026-08-06 8:54:18;SKU-013;4;12000;0;CASH
REC-20260806-STORE_03-0054;STORE_03;CASH-06;2026-08-06 8:54:18;SKU-001;3;45000;500;CARD
REC-20260806-STORE_03-0055;STORE_03;CASH-09;2026-08-06 21:48:16;SKU-027;1;5000;500;CARD
REC-20260806-STORE_03-0055;STORE_03;CASH-03;2026-08-06 21:48:16;SKU-010;4;25000;1000;CARD
REC-20260806-STORE_03-0055;STORE_03;CASH-10;2026-08-06 21:48:16;SKU-023;1;45000;0;CASH
REC-20260806-STORE_03-0056;STORE_03;CASH-01;2026-08-06 16:45:42;SKU-046;1;25000;0;CARD
REC-20260806-STORE_03-0056;STORE_03;CASH-05;2026-08-06 16:45:42;SKU-021;1;5000;0;CARD
REC-20260806-STORE_03-0056;STORE_03;CASH-02;2026-08-06 16:45:42;SKU-005;1;5000;0;CARD
REC-20260806-STORE_03-0056;STORE_03;CASH-07;2026-08-06 16:45:42;SKU-007;3;12000;0;CARD
REC-20260806-STORE_03-0056;STORE_03;CASH-06;2026-08-06 16:45:42;SKU-031;2;45000;0;CARD
REC-20260806-STORE_03-0057;STORE_03;CASH-08;2026-08-06 9:22:52;SKU-001;2;45000;500;CARD
REC-20260806-STORE_03-0057;STORE_03;CASH-09;2026-08-06 9:22:52;SKU-038;2;12000;0;CASH
REC-20260806-STORE_03-0058;STORE_03;CASH-08;2026-08-06 15:35:22;SKU-002;3;12000;0;CARD
REC-20260806-STORE_03-0059;STORE_03;CASH-05;2026-08-06 21:33:17;SKU-002;4;12000;0;CARD
REC-20260806-STORE_03-0059;STORE_03;CASH-03;2026-08-06 21:33:17;SKU-004;4;25000;1000;CARD
REC-20260806-STORE_03-0059;STORE_03;CASH-10;2026-08-06 21:33:17;SKU-013;3;12000;0;CASH
REC-20260806-STORE_03-0059;STORE_03;CASH-07;2026-08-06 21:33:17;SKU-004;3;25000;500;CARD
REC-20260806-STORE_03-0059;STORE_03;CASH-01;2026-08-06 21:33:17;SKU-001;3;45000;0;CASH
REC-20260806-STORE_03-0060;STORE_03;CASH-09;2026-08-06 17:30:41;SKU-001;1;45000;0;CASH
REC-20260806-STORE_03-0060;STORE_03;CASH-03;2026-08-06 17:30:41;SKU-003;4;45000;0;CASH
REC-20260806-STORE_03-0061;STORE_03;CASH-02;2026-08-06 20:00:14;SKU-003;2;45000;0;CASH
REC-20260806-STORE_03-0061;STORE_03;CASH-03;2026-08-06 20:00:14;SKU-002;1;12000;0;CARD
REC-20260806-STORE_03-0061;STORE_03;CASH-05;2026-08-06 20:00:14;SKU-046;4;25000;500;CARD
REC-20260806-STORE_03-0062;STORE_03;CASH-03;2026-08-06 14:11:56;SKU-003;3;45000;1000;CARD
REC-20260806-STORE_03-0062;STORE_03;CASH-08;2026-08-06 14:11:56;SKU-001;3;45000;0;CARD
REC-20260806-STORE_03-0062;STORE_03;CASH-05;2026-08-06 14:11:56;SKU-025;4;5000;500;CARD
REC-20260806-STORE_03-0062;STORE_03;CASH-03;2026-08-06 14:11:56;SKU-005;1;5000;0;CARD
REC-20260806-STORE_03-0063;STORE_03;CASH-01;2026-08-06 13:27:45;SKU-016;2;25000;0;CARD
REC-20260806-STORE_03-0063;STORE_03;CASH-07;2026-08-06 13:27:45;SKU-004;4;25000;1000;CASH
REC-20260806-STORE_03-0063;STORE_03;CASH-08;2026-08-06 13:27:45;SKU-002;1;12000;0;CARD
REC-20260806-STORE_03-0063;STORE_03;CASH-06;2026-08-06 13:27:45;SKU-019;1;25000;0;CASH
REC-20260806-STORE_03-0063;STORE_03;CASH-04;2026-08-06 13:27:45;SKU-001;2;45000;500;CASH
REC-20260806-STORE_03-0064;STORE_03;CASH-06;2026-08-06 14:34:37;SKU-003;3;45000;0;CARD
REC-20260806-STORE_03-0064;STORE_03;CASH-03;2026-08-06 14:34:37;SKU-002;3;12000;500;CARD
REC-20260806-STORE_03-0065;STORE_03;CASH-06;2026-08-06 16:26:53;SKU-045;1;45000;0;CARD
REC-20260806-STORE_03-0065;STORE_03;CASH-07;2026-08-06 16:26:53;SKU-023;4;45000;0;CASH
REC-20260806-STORE_03-0065;STORE_03;CASH-05;2026-08-06 16:26:53;SKU-036;4;45000;0;CARD
REC-20260806-STORE_03-0066;STORE_03;CASH-08;2026-08-06 21:58:47;SKU-013;1;12000;0;CARD
REC-20260806-STORE_03-0066;STORE_03;CASH-10;2026-08-06 21:58:47;SKU-001;1;45000;0;CASH
REC-20260806-STORE_03-0067;STORE_03;CASH-05;2026-08-06 12:37:39;SKU-005;3;5000;0;CASH
REC-20260806-STORE_03-0067;STORE_03;CASH-04;2026-08-06 12:37:39;SKU-001;4;45000;0;CASH
REC-20260806-STORE_03-0067;STORE_03;CASH-02;2026-08-06 12:37:39;SKU-037;1;45000;0;CARD
REC-20260806-STORE_03-0067;STORE_03;CASH-03;2026-08-06 12:37:39;SKU-005;3;5000;500;CASH
REC-20260806-STORE_03-0067;STORE_03;CASH-09;2026-08-06 12:37:39;SKU-004;2;25000;0;CARD
REC-20260806-STORE_03-0068;STORE_03;CASH-01;2026-08-06 9:11:39;SKU-012;3;45000;1000;CARD
REC-20260806-STORE_03-0068;STORE_03;CASH-04;2026-08-06 9:11:39;SKU-040;2;25000;0;CASH
REC-20260806-STORE_03-0068;STORE_03;CASH-07;2026-08-06 9:11:39;SKU-038;4;12000;0;CARD
REC-20260806-STORE_03-0069;STORE_03;CASH-01;2026-08-06 16:50:34;SKU-036;3;45000;0;CARD
REC-20260806-STORE_03-0070;STORE_03;CASH-01;2026-08-06 20:39:59;SKU-003;3;45000;0;CARD
REC-20260806-STORE_03-0070;STORE_03;CASH-10;2026-08-06 20:39:59;SKU-008;2;12000;500;CASH
REC-20260806-STORE_03-0070;STORE_03;CASH-02;2026-08-06 20:39:59;SKU-002;3;12000;0;CASH
REC-20260806-STORE_03-0070;STORE_03;CASH-01;2026-08-06 20:39:59;SKU-001;2;45000;0;CARD
REC-20260806-STORE_03-0070;STORE_03;CASH-10;2026-08-06 20:39:59;SKU-008;1;12000;0;CASH
REC-20260806-STORE_03-0071;STORE_03;CASH-08;2026-08-06 10:16:10;SKU-001;3;45000;1000;CASH
REC-20260806-STORE_03-0071;STORE_03;CASH-06;2026-08-06 10:16:10;SKU-009;2;25000;0;CARD
REC-20260806-STORE_03-0071;STORE_03;CASH-09;2026-08-06 10:16:10;SKU-002;3;12000;0;CARD
REC-20260806-STORE_03-0072;STORE_03;CASH-08;2026-08-06 20:25:56;SKU-002;4;12000;0;CARD
REC-20260806-STORE_03-0073;STORE_03;CASH-02;2026-08-06 21:25:48;SKU-001;4;45000;0;CARD
REC-20260806-STORE_03-0073;STORE_03;CASH-02;2026-08-06 21:25:48;SKU-024;4;12000;0;CARD
REC-20260806-STORE_03-0073;STORE_03;CASH-01;2026-08-06 21:25:48;SKU-004;1;25000;1000;CASH
REC-20260806-STORE_03-0074;STORE_03;CASH-01;2026-08-06 18:59:43;SKU-006;2;45000;0;CARD
REC-20260806-STORE_03-0074;STORE_03;CASH-07;2026-08-06 18:59:43;SKU-001;2;45000;0;CARD
REC-20260806-STORE_03-0074;STORE_03;CASH-07;2026-08-06 18:59:43;SKU-011;4;5000;0;CARD
REC-20260806-STORE_03-0075;STORE_03;CASH-09;2026-08-06 14:27:51;SKU-041;2;25000;0;CARD
REC-20260806-STORE_03-0076;STORE_03;CASH-10;2026-08-06 21:04:12;SKU-001;2;45000;500;CASH
REC-20260806-STORE_03-0077;STORE_03;CASH-09;2026-08-06 12:09:31;SKU-008;4;12000;0;CARD
REC-20260806-STORE_03-0077;STORE_03;CASH-10;2026-08-06 12:09:31;SKU-012;1;45000;0;CASH
REC-20260806-STORE_03-0077;STORE_03;CASH-02;2026-08-06 12:09:31;SKU-004;2;25000;500;CARD
REC-20260806-STORE_03-0078;STORE_03;CASH-03;2026-08-06 19:21:21;SKU-001;4;45000;0;CARD
REC-20260806-STORE_03-0079;STORE_03;CASH-06;2026-08-06 9:01:42;SKU-001;1;45000;500;CASH
REC-20260806-STORE_03-0079;STORE_03;CASH-09;2026-08-06 9:01:42;SKU-002;1;12000;0;CARD
REC-20260806-STORE_03-0080;STORE_03;CASH-02;2026-08-06 9:54:28;SKU-001;2;45000;0;CARD
REC-20260806-STORE_03-0080;STORE_03;CASH-02;2026-08-06 9:54:28;SKU-021;4;5000;0;CARD
REC-20260806-STORE_03-0080;STORE_03;CASH-07;2026-08-06 9:54:28;SKU-001;1;45000;0;CARD
REC-20260806-STORE_03-0080;STORE_03;CASH-02;2026-08-06 9:54:28;SKU-002;3;12000;0;CARD
REC-20260806-STORE_03-0081;STORE_03;CASH-02;2026-08-06 11:52:31;SKU-006;2;45000;0;CASH
REC-20260806-STORE_03-0081;STORE_03;CASH-08;2026-08-06 11:52:31;SKU-006;3;45000;0;CARD
REC-20260806-STORE_03-0081;STORE_03;CASH-04;2026-08-06 11:52:31;SKU-005;2;5000;0;CARD
REC-20260806-STORE_03-0082;STORE_03;CASH-06;2026-08-06 19:05:29;SKU-001;4;45000;500;CARD
REC-20260806-STORE_03-0082;STORE_03;CASH-08;2026-08-06 19:05:29;SKU-001;1;45000;1000;CASH
REC-20260806-STORE_03-0082;STORE_03;CASH-06;2026-08-06 19:05:29;SKU-002;2;12000;0;CASH
REC-20260806-STORE_03-0082;STORE_03;CASH-02;2026-08-06 19:05:29;SKU-002;4;12000;0;CARD
REC-20260806-STORE_03-0083;STORE_03;CASH-01;2026-08-06 14:00:18;SKU-044;3;5000;1000;CASH
REC-20260806-STORE_03-0083;STORE_03;CASH-04;2026-08-06 14:00:18;SKU-030;4;45000;0;CARD
REC-20260806-STORE_03-0083;STORE_03;CASH-06;2026-08-06 14:00:18;SKU-004;1;25000;0;CARD
REC-20260806-STORE_03-0083;STORE_03;CASH-03;2026-08-06 14:00:18;SKU-003;2;45000;0;CARD
REC-20260806-STORE_03-0084;STORE_03;CASH-09;2026-08-06 10:57:27;SKU-001;2;45000;1000;CARD
REC-20260806-STORE_03-0084;STORE_03;CASH-02;2026-08-06 10:57:27;SKU-009;3;25000;1000;CARD
REC-20260806-STORE_03-0084;STORE_03;CASH-04;2026-08-06 10:57:27;SKU-013;2;12000;1000;CASH
REC-20260806-STORE_03-0084;STORE_03;CASH-06;2026-08-06 10:57:27;SKU-001;4;45000;0;CASH
REC-20260806-STORE_03-0085;STORE_03;CASH-01;2026-08-06 16:27:30;SKU-027;3;5000;0;CARD
REC-20260806-STORE_03-0085;STORE_03;CASH-05;2026-08-06 16:27:30;SKU-022;4;12000;0;CARD
REC-20260806-STORE_03-0085;STORE_03;CASH-07;2026-08-06 16:27:30;SKU-035;4;5000;500;CARD
REC-20260806-STORE_03-0085;STORE_03;CASH-10;2026-08-06 16:27:30;SKU-007;3;12000;500;CARD
REC-20260806-STORE_03-0086;STORE_03;CASH-09;2026-08-06 16:45:11;SKU-001;4;45000;0;CARD
REC-20260806-STORE_03-0087;STORE_03;CASH-04;2026-08-06 16:59:49;SKU-006;3;45000;1000;CARD
REC-20260806-STORE_03-0087;STORE_03;CASH-08;2026-08-06 16:59:49;SKU-046;1;25000;0;CASH
REC-20260806-STORE_03-0087;STORE_03;CASH-03;2026-08-06 16:59:49;SKU-002;3;12000;500;CASH
REC-20260806-STORE_03-0087;STORE_03;CASH-09;2026-08-06 16:59:49;SKU-003;1;45000;0;CASH
REC-20260806-STORE_03-0087;STORE_03;CASH-01;2026-08-06 16:59:49;SKU-001;2;45000;0;CARD
REC-20260806-STORE_03-0088;STORE_03;CASH-06;2026-08-06 17:57:46;SKU-001;2;45000;0;CASH
REC-20260806-STORE_03-0088;STORE_03;CASH-02;2026-08-06 17:57:46;SKU-002;2;12000;500;CARD
REC-20260806-STORE_03-0088;STORE_03;CASH-01;2026-08-06 17:57:46;SKU-011;3;5000;0;CARD
REC-20260806-STORE_03-0088;STORE_03;CASH-05;2026-08-06 17:57:46;SKU-001;3;45000;0;CARD
REC-20260806-STORE_03-0088;STORE_03;CASH-03;2026-08-06 17:57:46;SKU-039;3;5000;1000;CASH
REC-20260806-STORE_03-0089;STORE_03;CASH-02;2026-08-06 16:01:27;SKU-001;3;45000;0;CARD
REC-20260806-STORE_03-0089;STORE_03;CASH-01;2026-08-06 16:01:27;SKU-043;2;25000;1000;CASH
REC-20260806-STORE_03-0090;STORE_03;CASH-05;2026-08-06 14:41:04;SKU-006;2;45000;0;CARD
REC-20260806-STORE_03-0090;STORE_03;CASH-09;2026-08-06 14:41:04;SKU-040;1;25000;500;CARD
REC-20260806-STORE_03-0090;STORE_03;CASH-01;2026-08-06 14:41:04;SKU-005;2;5000;500;CARD
REC-20260806-STORE_03-0090;STORE_03;CASH-08;2026-08-06 14:41:04;SKU-005;2;5000;500;CASH
REC-20260806-STORE_03-0090;STORE_03;CASH-05;2026-08-06 14:41:04;SKU-002;3;12000;0;CARD
REC-20260806-STORE_03-0091;STORE_03;CASH-07;2026-08-06 8:07:37;SKU-043;4;25000;0;CARD
REC-20260806-STORE_03-0091;STORE_03;CASH-08;2026-08-06 8:07:37;SKU-007;4;12000;0;CASH
REC-20260806-STORE_03-0091;STORE_03;CASH-05;2026-08-06 8:07:37;SKU-001;3;45000;1000;CARD
REC-20260806-STORE_03-0092;STORE_03;CASH-07;2026-08-06 15:47:36;SKU-005;1;5000;1000;CARD
REC-20260806-STORE_03-0093;STORE_03;CASH-04;2026-08-06 15:34:32;SKU-045;4;45000;500;CASH
REC-20260806-STORE_03-0093;STORE_03;CASH-09;2026-08-06 15:34:32;SKU-001;2;45000;0;CARD
REC-20260806-STORE_03-0093;STORE_03;CASH-01;2026-08-06 15:34:32;SKU-033;3;5000;0;CARD
REC-20260806-STORE_03-0093;STORE_03;CASH-10;2026-08-06 15:34:32;SKU-014;2;5000;0;CASH
REC-20260806-STORE_03-0094;STORE_03;CASH-10;2026-08-06 20:10:42;SKU-048;4;25000;1000;CARD
REC-20260806-STORE_03-0094;STORE_03;CASH-05;2026-08-06 20:10:42;SKU-001;1;45000;0;CARD
REC-20260806-STORE_03-0094;STORE_03;CASH-06;2026-08-06 20:10:42;SKU-007;4;12000;1000;CASH
REC-20260806-STORE_03-0094;STORE_03;CASH-10;2026-08-06 20:10:42;SKU-009;3;25000;1000;CARD
REC-20260806-STORE_03-0095;STORE_03;CASH-03;2026-08-06 15:50:21;SKU-005;2;5000;1000;CASH
REC-20260806-STORE_03-0095;STORE_03;CASH-10;2026-08-06 15:50:21;SKU-016;3;25000;0;CARD
REC-20260806-STORE_03-0096;STORE_03;CASH-06;2026-08-06 19:53:20;SKU-004;2;25000;0;CARD
REC-20260806-STORE_03-0096;STORE_03;CASH-09;2026-08-06 19:53:20;SKU-016;3;25000;0;CARD
REC-20260806-STORE_03-0097;STORE_03;CASH-01;2026-08-06 13:22:24;SKU-034;1;25000;0;CASH
REC-20260806-STORE_03-0097;STORE_03;CASH-08;2026-08-06 13:22:24;SKU-030;3;45000;1000;CARD
REC-20260806-STORE_03-0097;STORE_03;CASH-08;2026-08-06 13:22:24;SKU-007;1;12000;500;CARD
REC-20260806-STORE_03-0097;STORE_03;CASH-07;2026-08-06 13:22:24;SKU-002;1;12000;0;CARD
REC-20260806-STORE_03-0097;STORE_03;CASH-08;2026-08-06 13:22:24;SKU-002;2;12000;0;CARD
REC-20260806-STORE_03-0098;STORE_03;CASH-07;2026-08-06 19:45:21;SKU-002;1;12000;0;CARD
REC-20260806-STORE_03-0098;STORE_03;CASH-06;2026-08-06 19:45:21;SKU-012;1;45000;500;CARD
REC-20260806-STORE_03-0099;STORE_03;CASH-08;2026-08-06 14:22:17;SKU-001;1;45000;500;CASH
REC-20260806-STORE_03-0100;STORE_03;CASH-02;2026-08-06 12:53:33;SKU-022;4;12000;0;CARD
REC-20260806-STORE_03-0100;STORE_03;CASH-05;2026-08-06 12:53:33;SKU-004;2;25000;0;CASH
REC-20260806-STORE_03-0100;STORE_03;CASH-08;2026-08-06 12:53:33;SKU-001;4;45000;0;CARD
REC-20260806-STORE_03-0101;STORE_03;CASH-08;2026-08-06 15:11:21;SKU-001;4;45000;0;CASH
REC-20260806-STORE_03-0102;STORE_03;CASH-04;2026-08-06 21:12:26;SKU-032;3;25000;0;CASH
REC-20260806-STORE_03-0102;STORE_03;CASH-06;2026-08-06 21:12:26;SKU-003;2;45000;0;CARD
REC-20260806-STORE_03-0102;STORE_03;CASH-06;2026-08-06 21:12:26;SKU-029;1;5000;0;CARD
REC-20260806-STORE_03-0102;STORE_03;CASH-01;2026-08-06 21:12:26;SKU-007;2;12000;500;CARD
REC-20260806-STORE_03-0102;STORE_03;CASH-04;2026-08-06 21:12:26;SKU-007;1;12000;500;CASH
REC-20260806-STORE_03-0103;STORE_03;CASH-06;2026-08-06 14:33:14;SKU-025;1;5000;500;CARD
REC-20260806-STORE_03-0103;STORE_03;CASH-07;2026-08-06 14:33:14;SKU-001;4;45000;0;CASH
REC-20260806-STORE_03-0104;STORE_03;CASH-04;2026-08-06 13:49:40;SKU-012;2;45000;0;CASH
REC-20260806-STORE_03-0104;STORE_03;CASH-03;2026-08-06 13:49:40;SKU-042;2;5000;500;CASH
REC-20260806-STORE_03-0105;STORE_03;CASH-01;2026-08-06 15:57:49;SKU-001;3;45000;1000;CARD
REC-20260806-STORE_03-0105;STORE_03;CASH-04;2026-08-06 15:57:49;SKU-025;1;5000;0;CASH
REC-20260806-STORE_03-0105;STORE_03;CASH-08;2026-08-06 15:57:49;SKU-009;3;25000;1000;CARD
REC-20260806-STORE_03-0105;STORE_03;CASH-09;2026-08-06 15:57:49;SKU-006;1;45000;500;CASH
REC-20260806-STORE_03-0105;STORE_03;CASH-01;2026-08-06 15:57:49;SKU-001;3;45000;0;CARD
REC-20260806-STORE_03-0106;STORE_03;CASH-05;2026-08-06 8:12:18;SKU-027;4;5000;0;CARD
REC-20260806-STORE_03-0106;STORE_03;CASH-01;2026-08-06 8:12:18;SKU-001;1;45000;500;CARD
REC-20260806-STORE_03-0106;STORE_03;CASH-08;2026-08-06 8:12:18;SKU-008;2;12000;0;CARD
REC-20260806-STORE_03-0107;STORE_03;CASH-04;2026-08-06 9:28:01;SKU-001;4;45000;500;CARD
REC-20260806-STORE_03-0108;STORE_03;CASH-02;2026-08-06 20:18:04;SKU-043;4;25000;500;CARD
REC-20260806-STORE_03-0108;STORE_03;CASH-06;2026-08-06 20:18:04;SKU-004;4;25000;0;CARD
REC-20260806-STORE_03-0108;STORE_03;CASH-04;2026-08-06 20:18:04;SKU-001;2;45000;500;CARD
REC-20260806-STORE_03-0108;STORE_03;CASH-05;2026-08-06 20:18:04;SKU-006;4;45000;500;CARD
REC-20260806-STORE_03-0108;STORE_03;CASH-03;2026-08-06 20:18:04;SKU-002;4;12000;1000;CARD
REC-20260806-STORE_03-0109;STORE_03;CASH-09;2026-08-06 19:54:16;SKU-003;3;45000;0;CARD
REC-20260806-STORE_03-0110;STORE_03;CASH-02;2026-08-06 18:26:17;SKU-031;4;45000;500;CARD
REC-20260806-STORE_03-0110;STORE_03;CASH-02;2026-08-06 18:26:17;SKU-001;2;45000;0;CASH
REC-20260806-STORE_03-0110;STORE_03;CASH-04;2026-08-06 18:26:17;SKU-021;2;5000;0;CASH
REC-20260806-STORE_03-0111;STORE_03;CASH-05;2026-08-06 18:43:46;SKU-009;2;25000;0;CASH
REC-20260806-STORE_03-0112;STORE_03;CASH-09;2026-08-06 19:51:09;SKU-029;4;5000;0;CARD
REC-20260806-STORE_03-0112;STORE_03;CASH-05;2026-08-06 19:51:09;SKU-002;1;12000;0;CASH
REC-20260806-STORE_03-0112;STORE_03;CASH-07;2026-08-06 19:51:09;SKU-050;2;25000;0;CARD
REC-20260806-STORE_03-0112;STORE_03;CASH-10;2026-08-06 19:51:09;SKU-021;2;5000;500;CARD
REC-20260806-STORE_03-0113;STORE_03;CASH-03;2026-08-06 21:27:46;SKU-022;4;12000;500;CASH
REC-20260806-STORE_03-0113;STORE_03;CASH-10;2026-08-06 21:27:46;SKU-001;1;45000;0;CARD
REC-20260806-STORE_03-0113;STORE_03;CASH-03;2026-08-06 21:27:46;SKU-007;4;12000;0;CARD
REC-20260806-STORE_03-0113;STORE_03;CASH-02;2026-08-06 21:27:46;SKU-009;1;25000;0;CARD
REC-20260806-STORE_03-0114;STORE_03;CASH-08;2026-08-06 21:52:01;SKU-003;1;45000;500;CARD
REC-20260806-STORE_03-0114;STORE_03;CASH-02;2026-08-06 21:52:01;SKU-002;4;12000;0;CARD
REC-20260806-STORE_03-0114;STORE_03;CASH-02;2026-08-06 21:52:01;SKU-010;1;25000;0;CARD
REC-20260806-STORE_03-0114;STORE_03;CASH-07;2026-08-06 21:52:01;SKU-024;4;12000;1000;CARD
REC-20260806-STORE_03-0114;STORE_03;CASH-06;2026-08-06 21:52:01;SKU-001;1;45000;0;CARD
REC-20260806-STORE_03-0115;STORE_03;CASH-04;2026-08-06 9:11:01;SKU-001;2;45000;0;CARD
REC-20260806-STORE_03-0115;STORE_03;CASH-08;2026-08-06 9:11:01;SKU-001;1;45000;0;CASH
REC-20260806-STORE_03-0115;STORE_03;CASH-05;2026-08-06 9:11:01;SKU-003;3;45000;1000;CARD
REC-20260806-STORE_03-0115;STORE_03;CASH-09;2026-08-06 9:11:01;SKU-009;4;25000;0;CARD
REC-20260806-STORE_03-0115;STORE_03;CASH-10;2026-08-06 9:11:01;SKU-004;4;25000;0;CASH
REC-20260806-STORE_03-0116;STORE_03;CASH-08;2026-08-06 14:18:05;SKU-015;3;5000;0;CARD
REC-20260806-STORE_03-0116;STORE_03;CASH-05;2026-08-06 14:18:05;SKU-013;2;12000;0;CASH
REC-20260806-STORE_03-0117;STORE_03;CASH-08;2026-08-06 13:03:10;SKU-049;2;5000;1000;CARD
REC-20260806-STORE_03-0118;STORE_03;CASH-10;2026-08-06 8:19:15;SKU-006;2;45000;1000;CARD
REC-20260806-STORE_03-0119;STORE_03;CASH-02;2026-08-06 18:42:01;SKU-040;3;25000;0;CARD
REC-20260806-STORE_03-0119;STORE_03;CASH-05;2026-08-06 18:42:01;SKU-001;3;45000;0;CARD
REC-20260806-STORE_03-0119;STORE_03;CASH-10;2026-08-06 18:42:01;SKU-015;1;5000;0;CASH
REC-20260806-STORE_03-0120;STORE_03;CASH-01;2026-08-06 15:57:09;SKU-029;2;5000;500;CASH
REC-20260806-STORE_03-0120;STORE_03;CASH-02;2026-08-06 15:57:09;SKU-028;2;5000;1000;CASH
REC-20260806-STORE_03-0120;STORE_03;CASH-03;2026-08-06 15:57:09;SKU-002;1;12000;1000;CARD
REC-20260806-STORE_03-0121;STORE_03;CASH-06;2026-08-06 16:33:05;SKU-001;1;45000;500;CASH
REC-20260806-STORE_03-0121;STORE_03;CASH-08;2026-08-06 16:33:05;SKU-002;4;12000;500;CASH
REC-20260806-STORE_03-0121;STORE_03;CASH-05;2026-08-06 16:33:05;SKU-002;4;12000;0;CARD
REC-20260806-STORE_03-0122;STORE_03;CASH-05;2026-08-06 8:59:02;SKU-017;3;12000;500;CARD
REC-20260806-STORE_03-0122;STORE_03;CASH-02;2026-08-06 8:59:02;SKU-002;2;12000;500;CARD
REC-20260806-STORE_03-0122;STORE_03;CASH-02;2026-08-06 8:59:02;SKU-006;1;45000;500;CASH
REC-20260806-STORE_03-0122;STORE_03;CASH-08;2026-08-06 8:59:02;SKU-001;2;45000;0;CARD
REC-20260806-STORE_03-0123;STORE_03;CASH-03;2026-08-06 8:38:03;SKU-002;1;12000;500;CASH
REC-20260806-STORE_03-0123;STORE_03;CASH-10;2026-08-06 8:38:03;SKU-019;2;25000;0;CARD
REC-20260806-STORE_03-0124;STORE_03;CASH-04;2026-08-06 8:11:32;SKU-006;2;45000;0;CARD
REC-20260806-STORE_03-0124;STORE_03;CASH-01;2026-08-06 8:11:32;SKU-001;4;45000;0;CARD
REC-20260806-STORE_03-0124;STORE_03;CASH-07;2026-08-06 8:11:32;SKU-011;2;5000;1000;CARD
REC-20260806-STORE_03-0124;STORE_03;CASH-02;2026-08-06 8:11:32;SKU-021;4;5000;0;CARD
REC-20260806-STORE_03-0125;STORE_03;CASH-08;2026-08-06 19:41:47;SKU-020;3;12000;1000;CASH
REC-20260806-STORE_03-0125;STORE_03;CASH-07;2026-08-06 19:41:47;SKU-003;4;45000;0;CARD
REC-20260806-STORE_03-0125;STORE_03;CASH-07;2026-08-06 19:41:47;SKU-015;4;5000;0;CARD
REC-20260806-STORE_03-0125;STORE_03;CASH-03;2026-08-06 19:41:47;SKU-014;3;5000;0;CARD
REC-20260806-STORE_03-0126;STORE_03;CASH-01;2026-08-06 17:04:47;SKU-034;4;25000;1000;CARD
REC-20260806-STORE_03-0127;STORE_03;CASH-01;2026-08-06 19:46:07;SKU-009;1;25000;500;CARD
REC-20260806-STORE_03-0127;STORE_03;CASH-01;2026-08-06 19:46:07;SKU-013;4;12000;1000;CASH
REC-20260806-STORE_03-0127;STORE_03;CASH-08;2026-08-06 19:46:07;SKU-013;2;12000;0;CARD
REC-20260806-STORE_03-0127;STORE_03;CASH-03;2026-08-06 19:46:07;SKU-047;3;5000;0;CASH
REC-20260806-STORE_03-0128;STORE_03;CASH-08;2026-08-06 15:37:04;SKU-003;1;45000;0;CASH
REC-20260806-STORE_03-0128;STORE_03;CASH-04;2026-08-06 15:37:04;SKU-001;1;45000;1000;CASH
REC-20260806-STORE_03-0128;STORE_03;CASH-07;2026-08-06 15:37:04;SKU-007;2;12000;1000;CASH
REC-20260806-STORE_03-0128;STORE_03;CASH-01;2026-08-06 15:37:04;SKU-004;1;25000;0;CARD
REC-20260806-STORE_03-0129;STORE_03;CASH-08;2026-08-06 19:00:02;SKU-034;1;25000;0;CARD
REC-20260806-STORE_03-0129;STORE_03;CASH-05;2026-08-06 19:00:02;SKU-012;1;45000;0;CARD
REC-20260806-STORE_03-0129;STORE_03;CASH-10;2026-08-06 19:00:02;SKU-001;2;45000;1000;CARD
REC-20260806-STORE_03-0129;STORE_03;CASH-09;2026-08-06 19:00:02;SKU-006;1;45000;500;CARD
REC-20260806-STORE_03-0129;STORE_03;CASH-01;2026-08-06 19:00:02;SKU-024;2;12000;0;CARD
REC-20260806-STORE_03-0130;STORE_03;CASH-06;2026-08-06 13:09:45;SKU-013;1;12000;0;CARD
REC-20260806-STORE_03-0130;STORE_03;CASH-06;2026-08-06 13:09:45;SKU-003;1;45000;0;CARD
REC-20260806-STORE_03-0130;STORE_03;CASH-01;2026-08-06 13:09:45;SKU-002;4;12000;0;CARD
REC-20260806-STORE_03-0131;STORE_03;CASH-04;2026-08-06 12:48:06;SKU-002;2;12000;500;CARD
REC-20260806-STORE_03-0131;STORE_03;CASH-04;2026-08-06 12:48:06;SKU-003;3;45000;0;CARD
REC-20260806-STORE_03-0131;STORE_03;CASH-03;2026-08-06 12:48:06;SKU-003;3;45000;1000;CASH
REC-20260806-STORE_03-0132;STORE_03;CASH-08;2026-08-06 13:42:06;SKU-003;4;45000;1000;CARD
REC-20260806-STORE_03-0132;STORE_03;CASH-01;2026-08-06 13:42:06;SKU-017;1;12000;0;CARD
REC-20260806-STORE_03-0132;STORE_03;CASH-06;2026-08-06 13:42:06;SKU-044;4;5000;0;CASH
REC-20260806-STORE_03-0133;STORE_03;CASH-03;2026-08-06 13:34:39;SKU-001;2;45000;0;CASH
REC-20260806-STORE_03-0133;STORE_03;CASH-03;2026-08-06 13:34:39;SKU-001;3;45000;1000;CARD
REC-20260806-STORE_03-0133;STORE_03;CASH-02;2026-08-06 13:34:39;SKU-046;4;25000;0;CARD
REC-20260806-STORE_03-0133;STORE_03;CASH-08;2026-08-06 13:34:39;SKU-003;1;45000;1000;CARD
REC-20260806-STORE_03-0134;STORE_03;CASH-01;2026-08-06 19:28:01;SKU-001;2;45000;500;CARD
REC-20260806-STORE_03-0135;STORE_03;CASH-10;2026-08-06 8:05:27;SKU-012;1;45000;0;CARD
REC-20260806-STORE_03-0136;STORE_03;CASH-02;2026-08-06 18:35:13;SKU-004;1;25000;1000;CASH
REC-20260806-STORE_03-0136;STORE_03;CASH-08;2026-08-06 18:35:13;SKU-002;1;12000;500;CARD
REC-20260806-STORE_03-0136;STORE_03;CASH-03;2026-08-06 18:35:13;SKU-011;3;5000;1000;CASH
REC-20260806-STORE_03-0136;STORE_03;CASH-09;2026-08-06 18:35:13;SKU-031;3;45000;0;CARD
REC-20260806-STORE_03-0136;STORE_03;CASH-05;2026-08-06 18:35:13;SKU-003;1;45000;0;CASH
REC-20260806-STORE_03-0137;STORE_03;CASH-03;2026-08-06 14:05:50;SKU-002;2;12000;1000;CARD
REC-20260806-STORE_03-0137;STORE_03;CASH-04;2026-08-06 14:05:50;SKU-012;3;45000;500;CARD
REC-20260806-STORE_03-0137;STORE_03;CASH-10;2026-08-06 14:05:50;SKU-001;4;45000;500;CARD
REC-20260806-STORE_03-0137;STORE_03;CASH-08;2026-08-06 14:05:50;SKU-001;1;45000;1000;CARD
REC-20260806-STORE_03-0138;STORE_03;CASH-02;2026-08-06 15:10:47;SKU-046;2;25000;1000;CARD
REC-20260806-STORE_03-0139;STORE_03;CASH-08;2026-08-06 15:26:39;SKU-022;3;12000;0;CASH
REC-20260806-STORE_03-0139;STORE_03;CASH-04;2026-08-06 15:26:39;SKU-032;2;25000;1000;CASH
REC-20260806-STORE_03-0139;STORE_03;CASH-02;2026-08-06 15:26:39;SKU-001;1;45000;1000;CARD
REC-20260806-STORE_03-0139;STORE_03;CASH-01;2026-08-06 15:26:39;SKU-004;2;25000;500;CARD
REC-20260806-STORE_03-0140;STORE_03;CASH-01;2026-08-06 12:52:39;SKU-018;1;5000;0;CARD
REC-20260806-STORE_03-0140;STORE_03;CASH-08;2026-08-06 12:52:39;SKU-010;4;25000;500;CARD
REC-20260806-STORE_03-0140;STORE_03;CASH-07;2026-08-06 12:52:39;SKU-040;4;25000;0;CARD
REC-20260806-STORE_03-0141;STORE_03;CASH-07;2026-08-06 21:23:49;SKU-022;1;12000;0;CARD
REC-20260806-STORE_03-0141;STORE_03;CASH-07;2026-08-06 21:23:49;SKU-002;4;12000;0;CARD
REC-20260806-STORE_03-0141;STORE_03;CASH-04;2026-08-06 21:23:49;SKU-001;4;45000;500;CASH
REC-20260806-STORE_03-0141;STORE_03;CASH-09;2026-08-06 21:23:49;SKU-022;2;12000;1000;CASH
REC-20260806-STORE_03-0141;STORE_03;CASH-04;2026-08-06 21:23:49;SKU-002;1;12000;0;CARD
REC-20260806-STORE_03-0142;STORE_03;CASH-10;2026-08-06 10:00:45;SKU-002;1;12000;0;CASH
REC-20260806-STORE_03-0142;STORE_03;CASH-10;2026-08-06 10:00:45;SKU-003;2;45000;0;CARD
REC-20260806-STORE_03-0143;STORE_03;CASH-07;2026-08-06 11:12:16;SKU-020;3;12000;0;CASH
REC-20260806-STORE_03-0143;STORE_03;CASH-02;2026-08-06 11:12:16;SKU-016;4;25000;0;CARD
REC-20260806-STORE_03-0144;STORE_03;CASH-10;2026-08-06 20:35:54;SKU-010;1;25000;0;CARD
REC-20260806-STORE_03-0145;STORE_03;CASH-04;2026-08-06 11:39:38;SKU-044;1;5000;500;CASH
REC-20260806-STORE_03-0145;STORE_03;CASH-05;2026-08-06 11:39:38;SKU-003;4;45000;1000;CARD
REC-20260806-STORE_03-0145;STORE_03;CASH-02;2026-08-06 11:39:38;SKU-002;2;12000;500;CASH
REC-20260806-STORE_03-0145;STORE_03;CASH-01;2026-08-06 11:39:38;SKU-002;3;12000;0;CARD
REC-20260806-STORE_03-0146;STORE_03;CASH-05;2026-08-06 20:36:21;SKU-001;1;45000;500;CASH
REC-20260806-STORE_03-0146;STORE_03;CASH-05;2026-08-06 20:36:21;SKU-007;4;12000;0;CARD
REC-20260806-STORE_03-0147;STORE_03;CASH-03;2026-08-06 20:39:40;SKU-036;4;45000;500;CARD
REC-20260806-STORE_03-0148;STORE_03;CASH-06;2026-08-06 18:22:11;SKU-004;3;25000;500;CARD
REC-20260806-STORE_03-0148;STORE_03;CASH-02;2026-08-06 18:22:11;SKU-010;2;25000;0;CARD
REC-20260806-STORE_03-0148;STORE_03;CASH-02;2026-08-06 18:22:11;SKU-003;2;45000;0;CARD
REC-20260806-STORE_03-0149;STORE_03;CASH-09;2026-08-06 17:43:04;SKU-006;2;45000;0;CARD
REC-20260806-STORE_03-0149;STORE_03;CASH-09;2026-08-06 17:43:04;SKU-002;1;12000;1000;CARD
REC-20260806-STORE_03-0149;STORE_03;CASH-03;2026-08-06 17:43:04;SKU-035;2;5000;1000;CARD
REC-20260806-STORE_03-0150;STORE_03;CASH-09;2026-08-06 14:41:12;SKU-029;2;5000;1000;CARD
REC-20260806-STORE_03-0150;STORE_03;CASH-01;2026-08-06 14:41:12;SKU-040;1;25000;500;CARD
REC-20260806-STORE_03-0150;STORE_03;CASH-01;2026-08-06 14:41:12;SKU-025;4;5000;0;CARD
REC-20260806-STORE_03-0150;STORE_03;CASH-08;2026-08-06 14:41:12;SKU-003;2;45000;0;CARD
REC-20260806-STORE_03-0150;STORE_03;CASH-05;2026-08-06 14:41:12;SKU-002;2;12000;0;CARD
REC-20260806-STORE_03-0151;STORE_03;CASH-04;2026-08-06 15:55:29;SKU-001;2;45000;0;CASH
REC-20260806-STORE_03-0151;STORE_03;CASH-06;2026-08-06 15:55:29;SKU-004;1;25000;0;CARD
REC-20260806-STORE_03-0151;STORE_03;CASH-06;2026-08-06 15:55:29;SKU-018;1;5000;0;CARD
REC-20260806-STORE_03-0151;STORE_03;CASH-09;2026-08-06 15:55:29;SKU-001;1;45000;0;CARD
REC-20260806-STORE_03-0152;STORE_03;CASH-03;2026-08-06 16:51:31;SKU-012;2;45000;0;CARD
REC-20260806-STORE_03-0153;STORE_03;CASH-06;2026-08-06 9:58:24;SKU-003;4;45000;500;CARD
REC-20260806-STORE_03-0153;STORE_03;CASH-03;2026-08-06 9:58:24;SKU-021;4;5000;1000;CARD
REC-20260806-STORE_03-0154;STORE_03;CASH-05;2026-08-06 18:34:02;SKU-001;4;45000;0;CASH
REC-20260806-STORE_03-0155;STORE_03;CASH-10;2026-08-06 13:56:27;SKU-024;2;12000;1000;CARD
REC-20260806-STORE_03-0156;STORE_03;CASH-10;2026-08-06 20:53:38;SKU-023;2;45000;1000;CARD
REC-20260806-STORE_03-0156;STORE_03;CASH-08;2026-08-06 20:53:38;SKU-002;3;12000;0;CASH
REC-20260806-STORE_03-0157;STORE_03;CASH-03;2026-08-06 8:32:02;SKU-032;4;25000;0;CARD
REC-20260806-STORE_03-0157;STORE_03;CASH-06;2026-08-06 8:32:02;SKU-025;2;5000;0;CARD
REC-20260806-STORE_03-0158;STORE_03;CASH-06;2026-08-06 11:02:50;SKU-026;3;12000;500;CARD
REC-20260806-STORE_03-0158;STORE_03;CASH-08;2026-08-06 11:02:50;SKU-015;1;5000;0;CASH
REC-20260806-STORE_03-0158;STORE_03;CASH-04;2026-08-06 11:02:50;SKU-003;2;45000;500;CARD
REC-20260806-STORE_03-0158;STORE_03;CASH-02;2026-08-06 11:02:50;SKU-023;2;45000;0;CARD
REC-20260806-STORE_03-0159;STORE_03;CASH-08;2026-08-06 11:56:28;SKU-006;1;45000;0;CARD
REC-20260806-STORE_03-0159;STORE_03;CASH-08;2026-08-06 11:56:28;SKU-011;3;5000;500;CASH
REC-20260806-STORE_03-0159;STORE_03;CASH-08;2026-08-06 11:56:28;SKU-023;4;45000;500;CARD
REC-20260806-STORE_03-0159;STORE_03;CASH-02;2026-08-06 11:56:28;SKU-007;3;12000;0;CARD
REC-20260806-STORE_03-0160;STORE_03;CASH-07;2026-08-06 14:23:03;SKU-002;2;12000;1000;CARD
REC-20260806-STORE_03-0160;STORE_03;CASH-01;2026-08-06 14:23:03;SKU-002;3;12000;0;CARD
REC-20260806-STORE_03-0160;STORE_03;CASH-09;2026-08-06 14:23:03;SKU-020;4;12000;0;CARD
REC-20260806-STORE_03-0160;STORE_03;CASH-03;2026-08-06 14:23:03;SKU-003;2;45000;1000;CARD
REC-20260806-STORE_03-0160;STORE_03;CASH-06;2026-08-06 14:23:03;SKU-029;2;5000;500;CARD
REC-20260806-STORE_03-0161;STORE_03;CASH-04;2026-08-06 10:07:35;SKU-004;2;25000;1000;CARD
REC-20260806-STORE_03-0161;STORE_03;CASH-10;2026-08-06 10:07:35;SKU-002;3;12000;500;CARD
REC-20260806-STORE_03-0161;STORE_03;CASH-05;2026-08-06 10:07:35;SKU-002;3;12000;1000;CARD
REC-20260806-STORE_03-0161;STORE_03;CASH-04;2026-08-06 10:07:35;SKU-003;2;45000;500;CARD
REC-20260806-STORE_03-0161;STORE_03;CASH-02;2026-08-06 10:07:35;SKU-005;2;5000;0;CARD
REC-20260806-STORE_03-0162;STORE_03;CASH-02;2026-08-06 15:24:58;SKU-003;1;45000;0;CARD
REC-20260806-STORE_03-0162;STORE_03;CASH-06;2026-08-06 15:24:58;SKU-001;3;45000;0;CARD
REC-20260806-STORE_03-0162;STORE_03;CASH-09;2026-08-06 15:24:58;SKU-025;3;5000;0;CARD
REC-20260806-STORE_03-0163;STORE_03;CASH-05;2026-08-06 16:18:43;SKU-001;3;45000;0;CARD
REC-20260806-STORE_03-0163;STORE_03;CASH-02;2026-08-06 16:18:43;SKU-001;3;45000;1000;CARD
REC-20260806-STORE_03-0164;STORE_03;CASH-03;2026-08-06 11:50:42;SKU-002;3;12000;1000;CASH
REC-20260806-STORE_03-0164;STORE_03;CASH-03;2026-08-06 11:50:42;SKU-005;1;5000;1000;CARD
REC-20260806-STORE_03-0164;STORE_03;CASH-07;2026-08-06 11:50:42;SKU-008;2;12000;0;CARD
REC-20260806-STORE_03-0165;STORE_03;CASH-03;2026-08-06 19:59:41;SKU-004;2;25000;0;CARD
REC-20260806-STORE_03-0165;STORE_03;CASH-04;2026-08-06 19:59:41;SKU-016;1;25000;0;CARD
REC-20260806-STORE_03-0165;STORE_03;CASH-05;2026-08-06 19:59:41;SKU-017;1;12000;0;CARD
REC-20260806-STORE_03-0166;STORE_03;CASH-04;2026-08-06 9:28:15;SKU-005;1;5000;0;CARD
REC-20260806-STORE_03-0166;STORE_03;CASH-10;2026-08-06 9:28:15;SKU-002;3;12000;0;CARD
REC-20260806-STORE_03-0166;STORE_03;CASH-06;2026-08-06 9:28:15;SKU-001;2;45000;500;CARD
REC-20260806-STORE_03-0167;STORE_03;CASH-07;2026-08-06 8:57:56;SKU-007;4;12000;0;CASH
REC-20260806-STORE_03-0167;STORE_03;CASH-10;2026-08-06 8:57:56;SKU-005;2;5000;500;CARD
REC-20260806-STORE_03-0167;STORE_03;CASH-08;2026-08-06 8:57:56;SKU-005;3;5000;500;CARD
REC-20260806-STORE_03-0168;STORE_03;CASH-09;2026-08-06 12:56:22;SKU-005;4;5000;0;CARD
REC-20260806-STORE_03-0168;STORE_03;CASH-08;2026-08-06 12:56:22;SKU-006;3;45000;0;CASH
REC-20260806-STORE_03-0169;STORE_03;CASH-07;2026-08-06 12:35:59;SKU-022;2;12000;500;CARD
REC-20260806-STORE_03-0169;STORE_03;CASH-09;2026-08-06 12:35:59;SKU-008;4;12000;500;CARD
REC-20260806-STORE_03-0169;STORE_03;CASH-03;2026-08-06 12:35:59;SKU-002;1;12000;0;CASH
REC-20260806-STORE_03-0170;STORE_03;CASH-01;2026-08-06 11:10:20;SKU-035;1;5000;0;CARD
REC-20260806-STORE_03-0170;STORE_03;CASH-02;2026-08-06 11:10:20;SKU-002;2;12000;500;CASH
REC-20260806-STORE_03-0170;STORE_03;CASH-04;2026-08-06 11:10:20;SKU-001;2;45000;1000;CARD
REC-20260806-STORE_03-0170;STORE_03;CASH-06;2026-08-06 11:10:20;SKU-001;1;45000;500;CARD
REC-20260806-STORE_03-0170;STORE_03;CASH-05;2026-08-06 11:10:20;SKU-004;4;25000;1000;CARD
REC-20260806-STORE_03-0171;STORE_03;CASH-04;2026-08-06 19:29:07;SKU-049;1;5000;500;CARD
REC-20260806-STORE_03-0172;STORE_03;CASH-08;2026-08-06 18:40:38;SKU-004;4;25000;500;CARD
REC-20260806-STORE_03-0172;STORE_03;CASH-01;2026-08-06 18:40:38;SKU-011;1;5000;0;CARD
REC-20260806-STORE_03-0172;STORE_03;CASH-03;2026-08-06 18:40:38;SKU-005;4;5000;1000;CARD
REC-20260806-STORE_03-0172;STORE_03;CASH-04;2026-08-06 18:40:38;SKU-005;2;5000;0;CARD
REC-20260806-STORE_03-0172;STORE_03;CASH-05;2026-08-06 18:40:38;SKU-008;2;12000;500;CASH
REC-20260806-STORE_03-0173;STORE_03;CASH-03;2026-08-06 11:32:42;SKU-001;1;45000;1000;CARD
REC-20260806-STORE_03-0173;STORE_03;CASH-04;2026-08-06 11:32:42;SKU-002;4;12000;0;CASH
REC-20260806-STORE_03-0173;STORE_03;CASH-10;2026-08-06 11:32:42;SKU-003;1;45000;500;CARD
REC-20260806-STORE_03-0173;STORE_03;CASH-06;2026-08-06 11:32:42;SKU-004;1;25000;1000;CARD
REC-20260806-STORE_03-0173;STORE_03;CASH-05;2026-08-06 11:32:42;SKU-003;1;45000;0;CASH
REC-20260806-STORE_03-0174;STORE_03;CASH-10;2026-08-06 11:49:13;SKU-003;4;45000;500;CASH
REC-20260806-STORE_03-0174;STORE_03;CASH-06;2026-08-06 11:49:13;SKU-012;2;45000;0;CARD
REC-20260806-STORE_03-0175;STORE_03;CASH-03;2026-08-06 8:46:11;SKU-007;4;12000;1000;CARD
REC-20260806-STORE_03-0175;STORE_03;CASH-09;2026-08-06 8:46:11;SKU-043;4;25000;500;CARD
REC-20260806-STORE_03-0176;STORE_03;CASH-08;2026-08-06 9:41:54;SKU-006;1;45000;1000;CASH
REC-20260806-STORE_03-0177;STORE_03;CASH-04;2026-08-06 9:48:38;SKU-012;3;45000;0;CASH
REC-20260806-STORE_03-0177;STORE_03;CASH-05;2026-08-06 9:48:38;SKU-003;4;45000;500;CASH
REC-20260806-STORE_03-0177;STORE_03;CASH-08;2026-08-06 9:48:38;SKU-002;1;12000;500;CASH
REC-20260806-STORE_03-0177;STORE_03;CASH-02;2026-08-06 9:48:38;SKU-001;1;45000;500;CARD
REC-20260806-STORE_03-0178;STORE_03;CASH-10;2026-08-06 17:08:58;SKU-012;3;45000;1000;CARD
REC-20260806-STORE_03-0178;STORE_03;CASH-01;2026-08-06 17:08:58;SKU-001;4;45000;0;CARD
REC-20260806-STORE_03-0178;STORE_03;CASH-07;2026-08-06 17:08:58;SKU-008;4;12000;500;CARD
REC-20260806-STORE_03-0178;STORE_03;CASH-08;2026-08-06 17:08:58;SKU-012;4;45000;0;CARD
REC-20260806-STORE_03-0178;STORE_03;CASH-05;2026-08-06 17:08:58;SKU-001;1;45000;0;CARD
REC-20260806-STORE_03-0179;STORE_03;CASH-06;2026-08-06 16:46:33;SKU-010;3;25000;1000;CARD
REC-20260806-STORE_03-0179;STORE_03;CASH-08;2026-08-06 16:46:33;SKU-011;4;5000;0;CASH
REC-20260806-STORE_03-0179;STORE_03;CASH-02;2026-08-06 16:46:33;SKU-007;2;12000;0;CASH
REC-20260806-STORE_03-0179;STORE_03;CASH-06;2026-08-06 16:46:33;SKU-001;1;45000;0;CARD
REC-20260806-STORE_03-0180;STORE_03;CASH-07;2026-08-06 11:50:37;SKU-001;1;45000;500;CARD
REC-20260806-STORE_03-0181;STORE_03;CASH-07;2026-08-06 16:32:59;SKU-001;3;45000;0;CARD
REC-20260806-STORE_03-0182;STORE_03;CASH-04;2026-08-06 9:41:28;SKU-023;4;45000;0;CARD
REC-20260806-STORE_03-0182;STORE_03;CASH-06;2026-08-06 9:41:28;SKU-001;2;45000;0;CARD
REC-20260806-STORE_03-0182;STORE_03;CASH-09;2026-08-06 9:41:28;SKU-002;3;12000;1000;CASH
REC-20260806-STORE_03-0183;STORE_03;CASH-04;2026-08-06 15:01:48;SKU-001;2;45000;500;CARD
REC-20260806-STORE_03-0183;STORE_03;CASH-04;2026-08-06 15:01:48;SKU-048;3;25000;0;CASH
REC-20260806-STORE_03-0183;STORE_03;CASH-05;2026-08-06 15:01:48;SKU-007;3;12000;500;CASH
REC-20260806-STORE_03-0183;STORE_03;CASH-03;2026-08-06 15:01:48;SKU-021;1;5000;0;CARD
REC-20260806-STORE_03-0183;STORE_03;CASH-05;2026-08-06 15:01:48;SKU-038;3;12000;0;CASH
REC-20260806-STORE_03-0184;STORE_03;CASH-02;2026-08-06 16:28:41;SKU-005;4;5000;500;CARD
REC-20260806-STORE_03-0184;STORE_03;CASH-02;2026-08-06 16:28:41;SKU-006;3;45000;1000;CASH
REC-20260806-STORE_03-0184;STORE_03;CASH-01;2026-08-06 16:28:41;SKU-001;1;45000;500;CARD
REC-20260806-STORE_03-0184;STORE_03;CASH-02;2026-08-06 16:28:41;SKU-010;2;25000;0;CARD
REC-20260806-STORE_03-0185;STORE_03;CASH-02;2026-08-06 10:26:40;SKU-004;4;25000;500;CARD
REC-20260806-STORE_03-0185;STORE_03;CASH-10;2026-08-06 10:26:40;SKU-001;3;45000;0;CASH
REC-20260806-STORE_03-0186;STORE_03;CASH-06;2026-08-06 10:39:14;SKU-003;3;45000;0;CARD
REC-20260806-STORE_03-0186;STORE_03;CASH-02;2026-08-06 10:39:14;SKU-006;2;45000;0;CASH
REC-20260806-STORE_03-0187;STORE_03;CASH-08;2026-08-06 18:39:53;SKU-003;3;45000;0;CARD
REC-20260806-STORE_03-0188;STORE_03;CASH-07;2026-08-06 14:53:40;SKU-002;3;12000;500;CARD
REC-20260806-STORE_03-0188;STORE_03;CASH-10;2026-08-06 14:53:40;SKU-001;1;45000;500;CARD
REC-20260806-STORE_03-0189;STORE_03;CASH-03;2026-08-06 8:06:13;SKU-006;2;45000;0;CASH
REC-20260806-STORE_03-0189;STORE_03;CASH-09;2026-08-06 8:06:13;SKU-001;4;45000;0;CARD
REC-20260806-STORE_03-0189;STORE_03;CASH-07;2026-08-06 8:06:13;SKU-003;4;45000;1000;CARD
REC-20260806-STORE_03-0189;STORE_03;CASH-05;2026-08-06 8:06:13;SKU-031;4;45000;500;CARD
REC-20260806-STORE_03-0189;STORE_03;CASH-09;2026-08-06 8:06:13;SKU-023;4;45000;500;CASH
REC-20260806-STORE_03-0190;STORE_03;CASH-03;2026-08-06 10:34:25;SKU-023;3;45000;0;CARD
REC-20260806-STORE_03-0191;STORE_03;CASH-08;2026-08-06 19:16:54;SKU-005;2;5000;500;CARD
REC-20260806-STORE_03-0191;STORE_03;CASH-03;2026-08-06 19:16:54;SKU-023;2;45000;0;CARD
REC-20260806-STORE_03-0191;STORE_03;CASH-09;2026-08-06 19:16:54;SKU-002;1;12000;1000;CASH
REC-20260806-STORE_03-0192;STORE_03;CASH-08;2026-08-06 19:29:26;SKU-036;4;45000;500;CARD
REC-20260806-STORE_03-0192;STORE_03;CASH-08;2026-08-06 19:29:26;SKU-001;4;45000;500;CARD
REC-20260806-STORE_03-0192;STORE_03;CASH-08;2026-08-06 19:29:26;SKU-001;4;45000;1000;CARD
REC-20260806-STORE_03-0193;STORE_03;CASH-09;2026-08-06 17:08:49;SKU-001;2;45000;1000;CASH
REC-20260806-STORE_03-0193;STORE_03;CASH-02;2026-08-06 17:08:49;SKU-032;4;25000;0;CARD
REC-20260806-STORE_03-0193;STORE_03;CASH-08;2026-08-06 17:08:49;SKU-001;1;45000;500;CASH
REC-20260806-STORE_03-0193;STORE_03;CASH-02;2026-08-06 17:08:49;SKU-001;3;45000;0;CARD
REC-20260806-STORE_03-0193;STORE_03;CASH-05;2026-08-06 17:08:49;SKU-006;2;45000;0;CARD
REC-20260806-STORE_03-0194;STORE_03;CASH-01;2026-08-06 21:37:31;SKU-002;1;12000;1000;CASH
REC-20260806-STORE_03-0194;STORE_03;CASH-03;2026-08-06 21:37:31;SKU-001;4;45000;0;CARD
REC-20260806-STORE_03-0195;STORE_03;CASH-05;2026-08-06 20:59:14;SKU-001;1;45000;0;CASH
REC-20260806-STORE_03-0195;STORE_03;CASH-09;2026-08-06 20:59:14;SKU-002;2;12000;0;CARD
REC-20260806-STORE_03-0195;STORE_03;CASH-04;2026-08-06 20:59:14;SKU-002;1;12000;1000;CARD
REC-20260806-STORE_03-0195;STORE_03;CASH-03;2026-08-06 20:59:14;SKU-015;4;5000;0;CASH
REC-20260806-STORE_03-0195;STORE_03;CASH-04;2026-08-06 20:59:14;SKU-002;4;12000;1000;CARD
REC-20260806-STORE_03-0196;STORE_03;CASH-05;2026-08-06 13:26:55;SKU-001;3;45000;0;CASH
REC-20260806-STORE_03-0196;STORE_03;CASH-08;2026-08-06 13:26:55;SKU-035;3;5000;1000;CASH
REC-20260806-STORE_03-0197;STORE_03;CASH-02;2026-08-06 8:12:09;SKU-022;3;12000;0;CARD
REC-20260806-STORE_03-0197;STORE_03;CASH-03;2026-08-06 8:12:09;SKU-002;2;12000;0;CARD
REC-20260806-STORE_03-0197;STORE_03;CASH-03;2026-08-06 8:12:09;SKU-001;3;45000;0;CARD
REC-20260806-STORE_03-0198;STORE_03;CASH-02;2026-08-06 13:11:15;SKU-008;3;12000;0;CARD
REC-20260806-STORE_03-0198;STORE_03;CASH-03;2026-08-06 13:11:15;SKU-025;4;5000;0;CARD
REC-20260806-STORE_03-0198;STORE_03;CASH-10;2026-08-06 13:11:15;SKU-010;1;25000;0;CASH
REC-20260806-STORE_03-0199;STORE_03;CASH-09;2026-08-06 12:53:59;SKU-003;4;45000;500;CASH
REC-20260806-STORE_03-0199;STORE_03;CASH-06;2026-08-06 12:53:59;SKU-001;2;45000;0;CARD
REC-20260806-STORE_03-0199;STORE_03;CASH-05;2026-08-06 12:53:59;SKU-004;4;25000;500;CARD
REC-20260806-STORE_03-0199;STORE_03;CASH-05;2026-08-06 12:53:59;SKU-002;4;12000;0;CARD
REC-20260806-STORE_03-0199;STORE_03;CASH-05;2026-08-06 12:53:59;SKU-041;2;25000;0;CARD
REC-20260806-STORE_03-0200;STORE_03;CASH-05;2026-08-06 17:50:21;SKU-001;4;45000;500;CARD
REC-20260806-STORE_03-0200;STORE_03;CASH-09;2026-08-06 17:50:21;SKU-029;1;5000;0;CARD
REC-20260806-STORE_03-0200;STORE_03;CASH-10;2026-08-06 17:50:21;SKU-001;4;45000;0;CARD
REC-20260806-STORE_03-0201;STORE_03;CASH-06;2026-08-06 16:50:30;SKU-015;3;5000;1000;CASH
REC-20260806-STORE_03-0201;STORE_03;CASH-05;2026-08-06 16:50:30;SKU-004;4;25000;0;CARD
REC-20260806-STORE_03-0202;STORE_03;CASH-02;2026-08-06 11:17:08;SKU-012;4;45000;0;CARD
REC-20260806-STORE_03-0202;STORE_03;CASH-05;2026-08-06 11:17:08;SKU-031;2;45000;0;CASH
REC-20260806-STORE_03-0202;STORE_03;CASH-10;2026-08-06 11:17:08;SKU-003;2;45000;0;CASH
REC-20260806-STORE_03-0202;STORE_03;CASH-03;2026-08-06 11:17:08;SKU-006;3;45000;0;CARD
REC-20260806-STORE_03-0202;STORE_03;CASH-01;2026-08-06 11:17:08;SKU-048;4;25000;0;CARD
REC-20260806-STORE_03-0203;STORE_03;CASH-04;2026-08-06 15:25:29;SKU-002;1;12000;1000;CARD
REC-20260806-STORE_03-0203;STORE_03;CASH-06;2026-08-06 15:25:29;SKU-012;2;45000;500;CASH
REC-20260806-STORE_03-0203;STORE_03;CASH-02;2026-08-06 15:25:29;SKU-003;3;45000;0;CASH
REC-20260806-STORE_03-0203;STORE_03;CASH-08;2026-08-06 15:25:29;SKU-035;1;5000;0;CARD
REC-20260806-STORE_03-0203;STORE_03;CASH-08;2026-08-06 15:25:29;SKU-011;3;5000;500;CARD
REC-20260806-STORE_03-0204;STORE_03;CASH-10;2026-08-06 10:07:44;SKU-029;3;5000;0;CASH
REC-20260806-STORE_03-0205;STORE_03;CASH-05;2026-08-06 21:41:43;SKU-001;4;45000;0;CASH
REC-20260806-STORE_03-0205;STORE_03;CASH-02;2026-08-06 21:41:43;SKU-015;2;5000;500;CARD
REC-20260806-STORE_03-0206;STORE_03;CASH-10;2026-08-06 12:51:28;SKU-003;2;45000;0;CARD
REC-20260806-STORE_03-0206;STORE_03;CASH-08;2026-08-06 12:51:28;SKU-003;2;45000;0;CARD
REC-20260806-STORE_03-0207;STORE_03;CASH-10;2026-08-06 18:37:34;SKU-042;4;5000;0;CARD
REC-20260806-STORE_03-0207;STORE_03;CASH-05;2026-08-06 18:37:34;SKU-022;3;12000;0;CARD
REC-20260806-STORE_03-0207;STORE_03;CASH-02;2026-08-06 18:37:34;SKU-002;3;12000;0;CARD
REC-20260806-STORE_03-0207;STORE_03;CASH-01;2026-08-06 18:37:34;SKU-008;3;12000;0;CARD
REC-20260806-STORE_03-0208;STORE_03;CASH-06;2026-08-06 8:40:16;SKU-020;2;12000;0;CASH
REC-20260806-STORE_03-0209;STORE_03;CASH-05;2026-08-06 20:22:41;SKU-009;4;25000;1000;CARD
REC-20260806-STORE_03-0209;STORE_03;CASH-06;2026-08-06 20:22:41;SKU-031;4;45000;0;CARD
REC-20260806-STORE_03-0209;STORE_03;CASH-10;2026-08-06 20:22:41;SKU-017;4;12000;0;CARD
REC-20260806-STORE_03-0209;STORE_03;CASH-09;2026-08-06 20:22:41;SKU-002;3;12000;500;CASH
REC-20260806-STORE_03-0209;STORE_03;CASH-02;2026-08-06 20:22:41;SKU-006;1;45000;0;CARD
REC-20260806-STORE_03-0210;STORE_03;CASH-06;2026-08-06 17:16:46;SKU-008;3;12000;0;CARD
REC-20260806-STORE_03-0211;STORE_03;CASH-09;2026-08-06 20:15:24;SKU-023;4;45000;1000;CARD
REC-20260806-STORE_03-0211;STORE_03;CASH-10;2026-08-06 20:15:24;SKU-015;2;5000;0;CASH
REC-20260806-STORE_03-0211;STORE_03;CASH-07;2026-08-06 20:15:24;SKU-001;3;45000;1000;CASH
REC-20260806-STORE_03-0211;STORE_03;CASH-08;2026-08-06 20:15:24;SKU-031;4;45000;0;CARD
REC-20260806-STORE_03-0212;STORE_03;CASH-08;2026-08-06 12:30:30;SKU-001;2;45000;1000;CARD
REC-20260806-STORE_03-0212;STORE_03;CASH-05;2026-08-06 12:30:30;SKU-005;4;5000;0;CARD
REC-20260806-STORE_03-0212;STORE_03;CASH-07;2026-08-06 12:30:30;SKU-006;3;45000;1000;CARD
REC-20260806-STORE_03-0212;STORE_03;CASH-05;2026-08-06 12:30:30;SKU-013;4;12000;0;CASH
REC-20260806-STORE_03-0212;STORE_03;CASH-06;2026-08-06 12:30:30;SKU-034;2;25000;0;CARD
REC-20260806-STORE_03-0213;STORE_03;CASH-09;2026-08-06 18:14:04;SKU-029;3;5000;0;CARD
REC-20260806-STORE_03-0214;STORE_03;CASH-02;2026-08-06 20:58:18;SKU-006;3;45000;0;CARD
REC-20260806-STORE_03-0215;STORE_03;CASH-09;2026-08-06 11:31:33;SKU-008;4;12000;0;CARD
REC-20260806-STORE_03-0215;STORE_03;CASH-03;2026-08-06 11:31:33;SKU-004;1;25000;500;CASH
REC-20260806-STORE_03-0215;STORE_03;CASH-02;2026-08-06 11:31:33;SKU-001;4;45000;0;CASH
REC-20260806-STORE_03-0215;STORE_03;CASH-04;2026-08-06 11:31:33;SKU-001;3;45000;1000;CARD
REC-20260806-STORE_03-0216;STORE_03;CASH-01;2026-08-06 8:40:39;SKU-036;3;45000;0;CASH
REC-20260806-STORE_03-0217;STORE_03;CASH-06;2026-08-06 17:19:04;SKU-017;1;12000;500;CARD
REC-20260806-STORE_03-0218;STORE_03;CASH-09;2026-08-06 18:49:20;SKU-047;3;5000;0;CARD
REC-20260806-STORE_03-0218;STORE_03;CASH-05;2026-08-06 18:49:20;SKU-006;3;45000;500;CARD
REC-20260806-STORE_03-0218;STORE_03;CASH-05;2026-08-06 18:49:20;SKU-001;1;45000;1000;CARD
REC-20260806-STORE_03-0219;STORE_03;CASH-09;2026-08-06 8:05:28;SKU-001;2;45000;1000;CARD
REC-20260806-STORE_03-0219;STORE_03;CASH-05;2026-08-06 8:05:28;SKU-002;2;12000;0;CASH
REC-20260806-STORE_03-0220;STORE_03;CASH-06;2026-08-06 11:13:25;SKU-030;1;45000;1000;CASH
REC-20260806-STORE_03-0221;STORE_03;CASH-05;2026-08-06 19:54:42;SKU-014;1;5000;500;CARD
REC-20260806-STORE_03-0221;STORE_03;CASH-10;2026-08-06 19:54:42;SKU-009;4;25000;1000;CARD
REC-20260806-STORE_03-0221;STORE_03;CASH-05;2026-08-06 19:54:42;SKU-003;4;45000;0;CARD
REC-20260806-STORE_03-0222;STORE_03;CASH-09;2026-08-06 16:08:18;SKU-007;2;12000;1000;CARD
REC-20260806-STORE_03-0223;STORE_03;CASH-07;2026-08-06 15:52:48;SKU-005;3;5000;0;CARD
REC-20260806-STORE_03-0223;STORE_03;CASH-06;2026-08-06 15:52:48;SKU-040;2;25000;500;CARD
REC-20260806-STORE_03-0223;STORE_03;CASH-08;2026-08-06 15:52:48;SKU-002;2;12000;0;CARD
REC-20260806-STORE_03-0224;STORE_03;CASH-07;2026-08-06 21:00:24;SKU-042;1;5000;0;CARD
REC-20260806-STORE_03-0224;STORE_03;CASH-07;2026-08-06 21:00:24;SKU-001;2;45000;0;CASH
REC-20260806-STORE_03-0224;STORE_03;CASH-03;2026-08-06 21:00:24;SKU-007;1;12000;0;CASH
REC-20260806-STORE_03-0224;STORE_03;CASH-10;2026-08-06 21:00:24;SKU-026;2;12000;500;CARD
REC-20260806-STORE_03-0225;STORE_03;CASH-05;2026-08-06 8:23:59;SKU-001;1;45000;0;CASH
REC-20260806-STORE_03-0226;STORE_03;CASH-03;2026-08-06 9:07:21;SKU-001;4;45000;0;CASH
REC-20260806-STORE_03-0226;STORE_03;CASH-09;2026-08-06 9:07:21;SKU-003;2;45000;1000;CASH
REC-20260806-STORE_03-0226;STORE_03;CASH-01;2026-08-06 9:07:21;SKU-009;1;25000;500;CARD
REC-20260806-STORE_03-0226;STORE_03;CASH-06;2026-08-06 9:07:21;SKU-011;3;5000;0;CASH
REC-20260806-STORE_03-0226;STORE_03;CASH-03;2026-08-06 9:07:21;SKU-009;4;25000;0;CARD
REC-20260806-STORE_03-0227;STORE_03;CASH-05;2026-08-06 19:35:22;SKU-002;4;12000;0;CASH
REC-20260806-STORE_03-0227;STORE_03;CASH-06;2026-08-06 19:35:22;SKU-004;3;25000;0;CASH
REC-20260806-STORE_03-0227;STORE_03;CASH-01;2026-08-06 19:35:22;SKU-003;2;45000;0;CARD
REC-20260806-STORE_03-0228;STORE_03;CASH-02;2026-08-06 20:55:15;SKU-011;4;5000;500;CARD
REC-20260806-STORE_03-0228;STORE_03;CASH-05;2026-08-06 20:55:15;SKU-005;2;5000;0;CARD
REC-20260806-STORE_03-0228;STORE_03;CASH-08;2026-08-06 20:55:15;SKU-001;1;45000;500;CARD
REC-20260806-STORE_03-0229;STORE_03;CASH-05;2026-08-06 15:07:06;SKU-001;2;45000;0;CARD
REC-20260806-STORE_03-0229;STORE_03;CASH-06;2026-08-06 15:07:06;SKU-002;4;12000;0;CASH
REC-20260806-STORE_03-0230;STORE_03;CASH-02;2026-08-06 12:32:02;SKU-001;4;45000;1000;CARD
REC-20260806-STORE_03-0230;STORE_03;CASH-04;2026-08-06 12:32:02;SKU-002;1;12000;0;CARD
REC-20260806-STORE_03-0230;STORE_03;CASH-01;2026-08-06 12:32:02;SKU-008;2;12000;500;CASH
REC-20260806-STORE_03-0230;STORE_03;CASH-07;2026-08-06 12:32:02;SKU-002;1;12000;0;CARD
REC-20260806-STORE_03-0231;STORE_03;CASH-01;2026-08-06 18:29:18;SKU-006;1;45000;1000;CARD
REC-20260806-STORE_03-0232;STORE_03;CASH-06;2026-08-06 9:49:37;SKU-003;1;45000;0;CASH
REC-20260806-STORE_03-0233;STORE_03;CASH-09;2026-08-06 9:23:41;SKU-008;2;12000;0;CARD
REC-20260806-STORE_03-0234;STORE_03;CASH-01;2026-08-06 8:23:38;SKU-023;2;45000;0;CARD
REC-20260806-STORE_03-0235;STORE_03;CASH-01;2026-08-06 17:16:00;SKU-003;4;45000;0;CARD
REC-20260806-STORE_03-0235;STORE_03;CASH-07;2026-08-06 17:16:00;SKU-007;1;12000;500;CASH
REC-20260806-STORE_03-0236;STORE_03;CASH-03;2026-08-06 14:30:20;SKU-001;4;45000;500;CASH
REC-20260806-STORE_03-0236;STORE_03;CASH-05;2026-08-06 14:30:20;SKU-047;2;5000;0;CARD
REC-20260806-STORE_03-0237;STORE_03;CASH-09;2026-08-06 12:23:11;SKU-005;1;5000;500;CARD
REC-20260806-STORE_03-0238;STORE_03;CASH-01;2026-08-06 21:43:44;SKU-001;1;45000;0;CARD
REC-20260806-STORE_03-0238;STORE_03;CASH-07;2026-08-06 21:43:44;SKU-006;3;45000;1000;CASH
REC-20260806-STORE_03-0238;STORE_03;CASH-08;2026-08-06 21:43:44;SKU-012;3;45000;0;CARD
REC-20260806-STORE_03-0238;STORE_03;CASH-09;2026-08-06 21:43:44;SKU-014;1;5000;0;CARD
REC-20260806-STORE_03-0238;STORE_03;CASH-04;2026-08-06 21:43:44;SKU-001;2;45000;0;CASH
REC-20260806-STORE_03-0239;STORE_03;CASH-04;2026-08-06 14:11:34;SKU-045;2;45000;0;CARD
REC-20260806-STORE_03-0239;STORE_03;CASH-05;2026-08-06 14:11:34;SKU-003;4;45000;1000;CARD
REC-20260806-STORE_03-0239;STORE_03;CASH-07;2026-08-06 14:11:34;SKU-013;4;12000;1000;CARD
REC-20260806-STORE_03-0239;STORE_03;CASH-06;2026-08-06 14:11:34;SKU-013;3;12000;500;CARD
REC-20260806-STORE_03-0239;STORE_03;CASH-08;2026-08-06 14:11:34;SKU-050;2;25000;500;CASH
REC-20260806-STORE_03-0240;STORE_03;CASH-03;2026-08-06 16:53:01;SKU-001;3;45000;500;CARD
REC-20260806-STORE_03-0240;STORE_03;CASH-03;2026-08-06 16:53:01;SKU-004;4;25000;0;CARD
REC-20260806-STORE_03-0240;STORE_03;CASH-03;2026-08-06 16:53:01;SKU-002;2;12000;0;CARD
REC-20260806-STORE_03-0240;STORE_03;CASH-03;2026-08-06 16:53:01;SKU-001;4;45000;0;CARD
REC-20260806-STORE_03-0241;STORE_03;CASH-04;2026-08-06 14:22:19;SKU-011;2;5000;0;CARD
REC-20260806-STORE_03-0241;STORE_03;CASH-09;2026-08-06 14:22:19;SKU-005;4;5000;0;CARD
REC-20260806-STORE_03-0242;STORE_03;CASH-08;2026-08-06 19:16:22;SKU-030;3;45000;500;CARD
REC-20260806-STORE_03-0242;STORE_03;CASH-05;2026-08-06 19:16:22;SKU-005;3;5000;0;CASH
REC-20260806-STORE_03-0242;STORE_03;CASH-07;2026-08-06 19:16:22;SKU-003;1;45000;0;CASH
REC-20260806-STORE_03-0242;STORE_03;CASH-04;2026-08-06 19:16:22;SKU-023;2;45000;500;CARD
REC-20260806-STORE_03-0243;STORE_03;CASH-08;2026-08-06 21:01:01;SKU-001;4;45000;0;CARD
REC-20260806-STORE_03-0243;STORE_03;CASH-02;2026-08-06 21:01:01;SKU-002;1;12000;0;CARD
REC-20260806-STORE_03-0243;STORE_03;CASH-07;2026-08-06 21:01:01;SKU-006;2;45000;500;CARD
REC-20260806-STORE_03-0244;STORE_03;CASH-03;2026-08-06 21:15:13;SKU-028;1;5000;0;CARD
REC-20260806-STORE_03-0244;STORE_03;CASH-09;2026-08-06 21:15:13;SKU-025;3;5000;0;CASH
REC-20260806-STORE_03-0244;STORE_03;CASH-01;2026-08-06 21:15:13;SKU-001;2;45000;0;CARD
REC-20260806-STORE_03-0245;STORE_03;CASH-04;2026-08-06 12:31:47;SKU-001;2;45000;0;CARD
REC-20260806-STORE_03-0245;STORE_03;CASH-02;2026-08-06 12:31:47;SKU-001;2;45000;0;CARD
REC-20260806-STORE_03-0245;STORE_03;CASH-02;2026-08-06 12:31:47;SKU-001;3;45000;0;CARD
REC-20260806-STORE_03-0245;STORE_03;CASH-05;2026-08-06 12:31:47;SKU-021;4;5000;500;CASH
REC-20260806-STORE_03-0245;STORE_03;CASH-07;2026-08-06 12:31:47;SKU-006;2;45000;0;CARD
REC-20260806-STORE_03-0246;STORE_03;CASH-02;2026-08-06 20:59:13;SKU-001;2;45000;0;CASH
REC-20260806-STORE_03-0246;STORE_03;CASH-02;2026-08-06 20:59:13;SKU-050;4;25000;500;CARD
REC-20260806-STORE_03-0246;STORE_03;CASH-07;2026-08-06 20:59:13;SKU-006;1;45000;500;CARD
REC-20260806-STORE_03-0247;STORE_03;CASH-07;2026-08-06 10:06:57;SKU-037;2;45000;0;CASH
REC-20260806-STORE_03-0247;STORE_03;CASH-07;2026-08-06 10:06:57;SKU-001;1;45000;0;CARD
REC-20260806-STORE_03-0247;STORE_03;CASH-01;2026-08-06 10:06:57;SKU-002;1;12000;0;CARD
REC-20260806-STORE_03-0247;STORE_03;CASH-06;2026-08-06 10:06:57;SKU-003;3;45000;0;CARD
REC-20260806-STORE_03-0248;STORE_03;CASH-07;2026-08-06 18:19:13;SKU-001;3;45000;0;CASH
REC-20260806-STORE_03-0248;STORE_03;CASH-07;2026-08-06 18:19:13;SKU-001;4;45000;0;CARD
REC-20260806-STORE_03-0249;STORE_03;CASH-09;2026-08-06 15:02:17;SKU-039;2;5000;1000;CARD
REC-20260806-STORE_03-0250;STORE_03;CASH-09;2026-08-06 16:39:48;SKU-004;2;25000;0;CARD
REC-20260806-STORE_03-0251;STORE_03;CASH-03;2026-08-06 16:55:57;SKU-012;2;45000;500;CASH
REC-20260806-STORE_03-0251;STORE_03;CASH-06;2026-08-06 16:55:57;SKU-003;3;45000;0;CASH
REC-20260806-STORE_03-0252;STORE_03;CASH-06;2026-08-06 14:26:03;SKU-001;3;45000;0;CARD
REC-20260806-STORE_03-0252;STORE_03;CASH-03;2026-08-06 14:26:03;SKU-023;2;45000;1000;CARD
REC-20260806-STORE_03-0253;STORE_03;CASH-02;2026-08-06 16:28:18;SKU-001;1;45000;500;CARD
REC-20260806-STORE_03-0253;STORE_03;CASH-07;2026-08-06 16:28:18;SKU-002;2;12000;0;CARD
REC-20260806-STORE_03-0253;STORE_03;CASH-07;2026-08-06 16:28:18;SKU-010;2;25000;0;CARD
REC-20260806-STORE_03-0253;STORE_03;CASH-08;2026-08-06 16:28:18;SKU-043;3;25000;0;CARD
REC-20260806-STORE_03-0254;STORE_03;CASH-10;2026-08-06 16:45:05;SKU-049;4;5000;500;CARD
REC-20260806-STORE_03-0254;STORE_03;CASH-02;2026-08-06 16:45:05;SKU-001;1;45000;0;CARD
REC-20260806-STORE_03-0254;STORE_03;CASH-05;2026-08-06 16:45:05;SKU-001;1;45000;0;CARD
REC-20260806-STORE_03-0254;STORE_03;CASH-09;2026-08-06 16:45:05;SKU-024;2;12000;0;CARD
REC-20260806-STORE_03-0255;STORE_03;CASH-03;2026-08-06 9:28:21;SKU-031;2;45000;0;CARD
REC-20260806-STORE_03-0256;STORE_03;CASH-06;2026-08-06 21:45:37;SKU-041;2;25000;0;CARD
REC-20260806-STORE_03-0257;STORE_03;CASH-05;2026-08-06 11:50:00;SKU-009;3;25000;1000;CARD
REC-20260806-STORE_03-0257;STORE_03;CASH-02;2026-08-06 11:50:00;SKU-006;3;45000;500;CASH
REC-20260806-STORE_03-0257;STORE_03;CASH-01;2026-08-06 11:50:00;SKU-012;4;45000;500;CARD
REC-20260806-STORE_03-0257;STORE_03;CASH-09;2026-08-06 11:50:00;SKU-023;3;45000;500;CASH
REC-20260806-STORE_03-0258;STORE_03;CASH-08;2026-08-06 18:22:29;SKU-026;2;12000;0;CARD
REC-20260806-STORE_03-0258;STORE_03;CASH-03;2026-08-06 18:22:29;SKU-016;3;25000;0;CARD
REC-20260806-STORE_03-0258;STORE_03;CASH-10;2026-08-06 18:22:29;SKU-018;3;5000;0;CARD
REC-20260806-STORE_03-0258;STORE_03;CASH-10;2026-08-06 18:22:29;SKU-008;4;12000;1000;CARD
REC-20260806-STORE_03-0258;STORE_03;CASH-05;2026-08-06 18:22:29;SKU-002;2;12000;0;CARD
REC-20260806-STORE_03-0259;STORE_03;CASH-08;2026-08-06 15:24:19;SKU-045;2;45000;500;CASH
REC-20260806-STORE_03-0259;STORE_03;CASH-03;2026-08-06 15:24:19;SKU-002;1;12000;500;CARD
REC-20260806-STORE_03-0259;STORE_03;CASH-07;2026-08-06 15:24:19;SKU-009;1;25000;0;CARD
REC-20260806-STORE_03-0260;STORE_03;CASH-03;2026-08-06 12:16:26;SKU-025;2;5000;0;CASH
REC-20260806-STORE_03-0260;STORE_03;CASH-01;2026-08-06 12:16:26;SKU-005;2;5000;1000;CARD
REC-20260806-STORE_03-0260;STORE_03;CASH-06;2026-08-06 12:16:26;SKU-031;1;45000;500;CARD
REC-20260806-STORE_03-0260;STORE_03;CASH-10;2026-08-06 12:16:26;SKU-023;3;45000;500;CARD
REC-20260806-STORE_03-0260;STORE_03;CASH-01;2026-08-06 12:16:26;SKU-019;2;25000;0;CARD
REC-20260806-STORE_03-0261;STORE_03;CASH-05;2026-08-06 20:44:47;SKU-001;1;45000;1000;CARD
REC-20260806-STORE_03-0261;STORE_03;CASH-06;2026-08-06 20:44:47;SKU-004;2;25000;0;CARD
REC-20260806-STORE_03-0261;STORE_03;CASH-10;2026-08-06 20:44:47;SKU-043;3;25000;0;CARD
REC-20260806-STORE_03-0261;STORE_03;CASH-08;2026-08-06 20:44:47;SKU-004;1;25000;1000;CARD
REC-20260806-STORE_03-0262;STORE_03;CASH-05;2026-08-06 16:46:36;SKU-002;1;12000;0;CARD
REC-20260806-STORE_03-0262;STORE_03;CASH-05;2026-08-06 16:46:36;SKU-001;3;45000;500;CASH
REC-20260806-STORE_03-0262;STORE_03;CASH-07;2026-08-06 16:46:36;SKU-001;2;45000;1000;CARD
REC-20260806-STORE_03-0262;STORE_03;CASH-06;2026-08-06 16:46:36;SKU-001;4;45000;0;CARD
REC-20260806-STORE_03-0262;STORE_03;CASH-03;2026-08-06 16:46:36;SKU-017;1;12000;0;CARD
REC-20260806-STORE_03-0263;STORE_03;CASH-01;2026-08-06 10:00:56;SKU-001;1;45000;0;CARD
REC-20260806-STORE_03-0263;STORE_03;CASH-01;2026-08-06 10:00:56;SKU-011;3;5000;0;CARD
REC-20260806-STORE_03-0263;STORE_03;CASH-01;2026-08-06 10:00:56;SKU-009;2;25000;0;CASH
REC-20260806-STORE_03-0264;STORE_03;CASH-10;2026-08-06 14:54:02;SKU-001;3;45000;0;CARD
REC-20260806-STORE_03-0264;STORE_03;CASH-07;2026-08-06 14:54:02;SKU-005;4;5000;0;CARD
REC-20260806-STORE_03-0264;STORE_03;CASH-04;2026-08-06 14:54:02;SKU-004;3;25000;1000;CASH
REC-20260806-STORE_03-0264;STORE_03;CASH-01;2026-08-06 14:54:02;SKU-043;2;25000;0;CARD
REC-20260806-STORE_03-0265;STORE_03;CASH-07;2026-08-06 9:29:47;SKU-007;3;12000;0;CARD
REC-20260806-STORE_03-0265;STORE_03;CASH-07;2026-08-06 9:29:47;SKU-035;4;5000;500;CASH
REC-20260806-STORE_03-0265;STORE_03;CASH-03;2026-08-06 9:29:47;SKU-002;1;12000;0;CARD
REC-20260806-STORE_03-0266;STORE_03;CASH-08;2026-08-06 21:58:22;SKU-001;1;45000;0;CASH
REC-20260806-STORE_03-0266;STORE_03;CASH-03;2026-08-06 21:58:22;SKU-005;3;5000;500;CASH
REC-20260806-STORE_03-0266;STORE_03;CASH-10;2026-08-06 21:58:22;SKU-004;4;25000;0;CARD
REC-20260806-STORE_03-0266;STORE_03;CASH-03;2026-08-06 21:58:22;SKU-004;2;25000;0;CASH
REC-20260806-STORE_03-0267;STORE_03;CASH-01;2026-08-06 12:50:59;SKU-030;1;45000;0;CARD
REC-20260806-STORE_03-0267;STORE_03;CASH-03;2026-08-06 12:50:59;SKU-006;4;45000;1000;CASH
REC-20260806-STORE_03-0267;STORE_03;CASH-04;2026-08-06 12:50:59;SKU-001;3;45000;0;CARD
REC-20260806-STORE_03-0268;STORE_03;CASH-10;2026-08-06 9:19:00;SKU-002;1;12000;0;CARD
REC-20260806-STORE_03-0268;STORE_03;CASH-01;2026-08-06 9:19:00;SKU-002;2;12000;0;CASH
REC-20260806-STORE_03-0269;STORE_03;CASH-08;2026-08-06 18:15:47;SKU-037;2;45000;1000;CARD
REC-20260806-STORE_03-0269;STORE_03;CASH-08;2026-08-06 18:15:47;SKU-001;4;45000;500;CARD
REC-20260806-STORE_03-0270;STORE_03;CASH-03;2026-08-06 16:15:13;SKU-002;3;12000;0;CASH
REC-20260806-STORE_03-0270;STORE_03;CASH-02;2026-08-06 16:15:13;SKU-005;2;5000;0;CARD
REC-20260806-STORE_03-0271;STORE_03;CASH-07;2026-08-06 16:46:57;SKU-005;4;5000;0;CARD
REC-20260806-STORE_03-0271;STORE_03;CASH-07;2026-08-06 16:46:57;SKU-016;2;25000;500;CARD
REC-20260806-STORE_03-0271;STORE_03;CASH-06;2026-08-06 16:46:57;SKU-027;2;5000;0;CARD
REC-20260806-STORE_03-0271;STORE_03;CASH-10;2026-08-06 16:46:57;SKU-036;3;45000;0;CARD
REC-20260806-STORE_03-0271;STORE_03;CASH-05;2026-08-06 16:46:57;SKU-001;3;45000;1000;CARD
REC-20260806-STORE_03-0272;STORE_03;CASH-06;2026-08-06 16:03:30;SKU-002;4;12000;0;CARD
REC-20260806-STORE_03-0272;STORE_03;CASH-01;2026-08-06 16:03:30;SKU-037;1;45000;0;CARD
REC-20260806-STORE_03-0272;STORE_03;CASH-08;2026-08-06 16:03:30;SKU-019;4;25000;500;CARD
REC-20260806-STORE_03-0272;STORE_03;CASH-08;2026-08-06 16:03:30;SKU-015;2;5000;0;CARD
REC-20260806-STORE_03-0272;STORE_03;CASH-06;2026-08-06 16:03:30;SKU-034;1;25000;1000;CASH
REC-20260806-STORE_03-0273;STORE_03;CASH-04;2026-08-06 10:16:30;SKU-011;4;5000;500;CARD
REC-20260806-STORE_03-0273;STORE_03;CASH-05;2026-08-06 10:16:30;SKU-003;4;45000;1000;CASH
REC-20260806-STORE_03-0274;STORE_03;CASH-06;2026-08-06 15:04:56;SKU-031;3;45000;1000;CASH
REC-20260806-STORE_03-0274;STORE_03;CASH-02;2026-08-06 15:04:56;SKU-025;3;5000;0;CARD
REC-20260806-STORE_03-0274;STORE_03;CASH-02;2026-08-06 15:04:56;SKU-017;3;12000;0;CARD
REC-20260806-STORE_03-0274;STORE_03;CASH-06;2026-08-06 15:04:56;SKU-002;4;12000;500;CARD
REC-20260806-STORE_03-0275;STORE_03;CASH-03;2026-08-06 17:42:11;SKU-007;2;12000;0;CARD
REC-20260806-STORE_03-0275;STORE_03;CASH-10;2026-08-06 17:42:11;SKU-006;4;45000;0;CARD
REC-20260806-STORE_03-0275;STORE_03;CASH-03;2026-08-06 17:42:11;SKU-005;1;5000;0;CARD
REC-20260806-STORE_03-0275;STORE_03;CASH-10;2026-08-06 17:42:11;SKU-035;4;5000;0;CARD
REC-20260806-STORE_03-0275;STORE_03;CASH-05;2026-08-06 17:42:11;SKU-004;3;25000;0;CARD
REC-20260806-STORE_03-0276;STORE_03;CASH-03;2026-08-06 13:35:46;SKU-001;1;45000;1000;CARD
REC-20260806-STORE_03-0276;STORE_03;CASH-01;2026-08-06 13:35:46;SKU-001;3;45000;0;CASH
REC-20260806-STORE_03-0276;STORE_03;CASH-02;2026-08-06 13:35:46;SKU-001;1;45000;0;CARD
REC-20260806-STORE_03-0276;STORE_03;CASH-10;2026-08-06 13:35:46;SKU-006;4;45000;0;CARD
REC-20260806-STORE_03-0277;STORE_03;CASH-05;2026-08-06 18:41:50;SKU-001;2;45000;0;CARD
REC-20260806-STORE_03-0278;STORE_03;CASH-05;2026-08-06 8:50:21;SKU-001;2;45000;0;CASH
REC-20260806-STORE_03-0278;STORE_03;CASH-04;2026-08-06 8:50:21;SKU-036;2;45000;500;CARD
REC-20260806-STORE_03-0278;STORE_03;CASH-09;2026-08-06 8:50:21;SKU-001;4;45000;500;CARD
REC-20260806-STORE_03-0278;STORE_03;CASH-01;2026-08-06 8:50:21;SKU-002;4;12000;0;CASH
REC-20260806-STORE_03-0278;STORE_03;CASH-05;2026-08-06 8:50:21;SKU-015;4;5000;0;CARD
REC-20260806-STORE_03-0279;STORE_03;CASH-04;2026-08-06 15:01:33;SKU-001;1;45000;0;CASH
REC-20260806-STORE_03-0279;STORE_03;CASH-10;2026-08-06 15:01:33;SKU-045;2;45000;0;CARD
REC-20260806-STORE_03-0280;STORE_03;CASH-01;2026-08-06 17:12:45;SKU-013;4;12000;0;CARD
REC-20260806-STORE_03-0280;STORE_03;CASH-03;2026-08-06 17:12:45;SKU-021;3;5000;0;CARD
REC-20260806-STORE_03-0280;STORE_03;CASH-10;2026-08-06 17:12:45;SKU-006;3;45000;0;CARD
REC-20260806-STORE_03-0280;STORE_03;CASH-02;2026-08-06 17:12:45;SKU-040;1;25000;1000;CARD
REC-20260806-STORE_03-0281;STORE_03;CASH-08;2026-08-06 16:39:12;SKU-018;4;5000;0;CASH
REC-20260806-STORE_03-0281;STORE_03;CASH-03;2026-08-06 16:39:12;SKU-014;3;5000;0;CASH
REC-20260806-STORE_03-0281;STORE_03;CASH-06;2026-08-06 16:39:12;SKU-013;1;12000;1000;CASH
REC-20260806-STORE_03-0281;STORE_03;CASH-09;2026-08-06 16:39:12;SKU-001;1;45000;0;CASH
REC-20260806-STORE_03-0282;STORE_03;CASH-02;2026-08-06 17:35:03;SKU-006;4;45000;500;CASH
REC-20260806-STORE_03-0282;STORE_03;CASH-07;2026-08-06 17:35:03;SKU-001;3;45000;0;CARD
REC-20260806-STORE_03-0282;STORE_03;CASH-02;2026-08-06 17:35:03;SKU-002;4;12000;0;CARD
REC-20260806-STORE_03-0283;STORE_03;CASH-08;2026-08-06 19:56:53;SKU-008;4;12000;0;CARD
REC-20260806-STORE_03-0283;STORE_03;CASH-03;2026-08-06 19:56:53;SKU-001;1;45000;0;CASH
REC-20260806-STORE_03-0283;STORE_03;CASH-05;2026-08-06 19:56:53;SKU-029;1;5000;1000;CARD
REC-20260806-STORE_03-0283;STORE_03;CASH-03;2026-08-06 19:56:53;SKU-005;4;5000;0;CARD
REC-20260806-STORE_03-0283;STORE_03;CASH-01;2026-08-06 19:56:53;SKU-001;4;45000;0;CARD
REC-20260806-STORE_03-0284;STORE_03;CASH-01;2026-08-06 15:15:53;SKU-001;4;45000;1000;CARD
REC-20260806-STORE_03-0284;STORE_03;CASH-07;2026-08-06 15:15:53;SKU-001;4;45000;0;CARD
REC-20260806-STORE_03-0284;STORE_03;CASH-01;2026-08-06 15:15:53;SKU-001;4;45000;0;CARD
REC-20260806-STORE_03-0284;STORE_03;CASH-01;2026-08-06 15:15:53;SKU-001;1;45000;500;CARD
REC-20260806-STORE_03-0285;STORE_03;CASH-06;2026-08-06 10:48:13;SKU-003;1;45000;0;CASH
REC-20260806-STORE_03-0285;STORE_03;CASH-02;2026-08-06 10:48:13;SKU-032;2;25000;0;CASH
REC-20260806-STORE_03-0285;STORE_03;CASH-04;2026-08-06 10:48:13;SKU-004;3;25000;1000;CARD
REC-20260806-STORE_03-0286;STORE_03;CASH-06;2026-08-06 13:23:15;SKU-006;1;45000;0;CARD
REC-20260806-STORE_03-0286;STORE_03;CASH-10;2026-08-06 13:23:15;SKU-014;4;5000;0;CASH
REC-20260806-STORE_03-0286;STORE_03;CASH-06;2026-08-06 13:23:15;SKU-035;2;5000;0;CARD
REC-20260806-STORE_03-0287;STORE_03;CASH-06;2026-08-06 9:01:45;SKU-010;4;25000;1000;CASH
REC-20260806-STORE_03-0287;STORE_03;CASH-09;2026-08-06 9:01:45;SKU-021;1;5000;1000;CARD
REC-20260806-STORE_03-0287;STORE_03;CASH-06;2026-08-06 9:01:45;SKU-018;3;5000;500;CARD
REC-20260806-STORE_03-0287;STORE_03;CASH-03;2026-08-06 9:01:45;SKU-022;3;12000;0;CARD
REC-20260806-STORE_03-0288;STORE_03;CASH-10;2026-08-06 12:35:17;SKU-001;4;45000;0;CARD
REC-20260806-STORE_03-0288;STORE_03;CASH-02;2026-08-06 12:35:17;SKU-009;3;25000;0;CARD
REC-20260806-STORE_03-0288;STORE_03;CASH-01;2026-08-06 12:35:17;SKU-010;4;25000;0;CARD
REC-20260806-STORE_03-0288;STORE_03;CASH-07;2026-08-06 12:35:17;SKU-025;4;5000;500;CARD
REC-20260806-STORE_03-0289;STORE_03;CASH-02;2026-08-06 11:37:26;SKU-014;4;5000;0;CARD
REC-20260806-STORE_03-0289;STORE_03;CASH-05;2026-08-06 11:37:26;SKU-004;3;25000;1000;CARD
REC-20260806-STORE_03-0290;STORE_03;CASH-01;2026-08-06 21:11:30;SKU-028;2;5000;500;CARD
REC-20260806-STORE_03-0290;STORE_03;CASH-02;2026-08-06 21:11:30;SKU-005;3;5000;0;CASH
REC-20260806-STORE_03-0290;STORE_03;CASH-03;2026-08-06 21:11:30;SKU-001;1;45000;0;CARD
REC-20260806-STORE_03-0290;STORE_03;CASH-04;2026-08-06 21:11:30;SKU-042;3;5000;0;CARD
REC-20260806-STORE_03-0290;STORE_03;CASH-05;2026-08-06 21:11:30;SKU-011;2;5000;0;CASH
REC-20260806-STORE_03-0291;STORE_03;CASH-04;2026-08-06 20:16:00;SKU-002;1;12000;0;CASH
REC-20260806-STORE_03-0291;STORE_03;CASH-06;2026-08-06 20:16:00;SKU-001;4;45000;0;CARD
REC-20260806-STORE_03-0292;STORE_03;CASH-01;2026-08-06 18:35:21;SKU-001;4;45000;0;CARD
REC-20260806-STORE_03-0292;STORE_03;CASH-10;2026-08-06 18:35:21;SKU-004;1;25000;0;CARD
REC-20260806-STORE_03-0293;STORE_03;CASH-07;2026-08-06 14:16:02;SKU-002;1;12000;0;CARD
REC-20260806-STORE_03-0293;STORE_03;CASH-06;2026-08-06 14:16:02;SKU-002;4;12000;1000;CASH
REC-20260806-STORE_03-0293;STORE_03;CASH-04;2026-08-06 14:16:02;SKU-002;4;12000;0;CARD
REC-20260806-STORE_03-0294;STORE_03;CASH-02;2026-08-06 20:20:21;SKU-001;2;45000;500;CARD
REC-20260806-STORE_03-0294;STORE_03;CASH-08;2026-08-06 20:20:21;SKU-002;3;12000;500;CARD
REC-20260806-STORE_03-0294;STORE_03;CASH-04;2026-08-06 20:20:21;SKU-001;2;45000;0;CARD
REC-20260806-STORE_03-0295;STORE_03;CASH-08;2026-08-06 12:49:13;SKU-003;3;45000;1000;CASH
REC-20260806-STORE_03-0295;STORE_03;CASH-01;2026-08-06 12:49:13;SKU-023;1;45000;0;CASH
REC-20260806-STORE_03-0295;STORE_03;CASH-05;2026-08-06 12:49:13;SKU-015;3;5000;0;CARD
REC-20260806-STORE_03-0295;STORE_03;CASH-03;2026-08-06 12:49:13;SKU-001;2;45000;0;CARD
REC-20260806-STORE_03-0295;STORE_03;CASH-06;2026-08-06 12:49:13;SKU-001;2;45000;0;CARD
REC-20260806-STORE_03-0296;STORE_03;CASH-04;2026-08-06 21:57:27;SKU-049;2;5000;0;CARD
REC-20260806-STORE_03-0297;STORE_03;CASH-07;2026-08-06 10:10:00;SKU-006;1;45000;0;CARD
REC-20260806-STORE_03-0297;STORE_03;CASH-04;2026-08-06 10:10:00;SKU-005;3;5000;0;CARD
REC-20260806-STORE_03-0297;STORE_03;CASH-05;2026-08-06 10:10:00;SKU-009;1;25000;0;CARD
REC-20260806-STORE_03-0297;STORE_03;CASH-08;2026-08-06 10:10:00;SKU-023;2;45000;0;CARD
REC-20260806-STORE_03-0297;STORE_03;CASH-05;2026-08-06 10:10:00;SKU-009;4;25000;0;CARD
REC-20260806-STORE_03-0298;STORE_03;CASH-05;2026-08-06 20:26:38;SKU-004;2;25000;500;CASH
REC-20260806-STORE_03-0298;STORE_03;CASH-08;2026-08-06 20:26:38;SKU-005;4;5000;500;CASH
REC-20260806-STORE_03-0298;STORE_03;CASH-01;2026-08-06 20:26:38;SKU-008;4;12000;0;CARD
REC-20260806-STORE_03-0298;STORE_03;CASH-04;2026-08-06 20:26:38;SKU-005;4;5000;0;CARD
REC-20260806-STORE_03-0298;STORE_03;CASH-05;2026-08-06 20:26:38;SKU-031;2;45000;0;CARD
REC-20260806-STORE_03-0299;STORE_03;CASH-08;2026-08-06 8:55:05;SKU-001;1;45000;0;CARD
REC-20260806-STORE_03-0300;STORE_03;CASH-06;2026-08-06 15:07:55;SKU-018;4;5000;0;CARD
REC-20260806-STORE_03-0300;STORE_03;CASH-01;2026-08-06 15:07:55;SKU-003;4;45000;1000;CARD
REC-20260806-STORE_03-0301;STORE_03;CASH-07;2026-08-06 9:43:04;SKU-021;2;5000;0;CARD
REC-20260806-STORE_03-0301;STORE_03;CASH-08;2026-08-06 9:43:04;SKU-003;4;45000;0;CARD
REC-20260806-STORE_03-0301;STORE_03;CASH-01;2026-08-06 9:43:04;SKU-006;1;45000;0;CARD
REC-20260806-STORE_03-0301;STORE_03;CASH-07;2026-08-06 9:43:04;SKU-008;3;12000;1000;CASH
REC-20260806-STORE_03-0301;STORE_03;CASH-01;2026-08-06 9:43:04;SKU-045;4;45000;0;CARD
REC-20260806-STORE_03-0302;STORE_03;CASH-05;2026-08-06 8:49:45;SKU-023;3;45000;500;CASH
REC-20260806-STORE_03-0303;STORE_03;CASH-09;2026-08-06 12:14:46;SKU-001;2;45000;0;CARD
REC-20260806-STORE_03-0304;STORE_03;CASH-06;2026-08-06 9:37:05;SKU-021;1;5000;0;CASH
REC-20260806-STORE_03-0304;STORE_03;CASH-07;2026-08-06 9:37:05;SKU-001;3;45000;1000;CASH
REC-20260806-STORE_03-0304;STORE_03;CASH-01;2026-08-06 9:37:05;SKU-050;2;25000;0;CARD
REC-20260806-STORE_03-0305;STORE_03;CASH-03;2026-08-06 10:11:05;SKU-001;3;45000;500;CARD
REC-20260806-STORE_03-0306;STORE_03;CASH-06;2026-08-06 20:46:11;SKU-001;4;45000;0;CARD
REC-20260806-STORE_03-0306;STORE_03;CASH-06;2026-08-06 20:46:11;SKU-001;2;45000;1000;CARD
REC-20260806-STORE_03-0306;STORE_03;CASH-07;2026-08-06 20:46:11;SKU-012;3;45000;0;CARD
REC-20260806-STORE_03-0306;STORE_03;CASH-10;2026-08-06 20:46:11;SKU-022;4;12000;0;CARD
REC-20260806-STORE_03-0307;STORE_03;CASH-01;2026-08-06 12:48:53;SKU-005;4;5000;0;CARD
REC-20260806-STORE_03-0307;STORE_03;CASH-01;2026-08-06 12:48:53;SKU-004;3;25000;0;CARD
REC-20260806-STORE_03-0307;STORE_03;CASH-07;2026-08-06 12:48:53;SKU-013;3;12000;0;CARD
REC-20260806-STORE_03-0307;STORE_03;CASH-06;2026-08-06 12:48:53;SKU-014;1;5000;0;CARD
REC-20260806-STORE_03-0307;STORE_03;CASH-09;2026-08-06 12:48:53;SKU-001;3;45000;1000;CARD
REC-20260806-STORE_03-0308;STORE_03;CASH-10;2026-08-06 19:48:29;SKU-001;3;45000;0;CASH
REC-20260806-STORE_03-0309;STORE_03;CASH-01;2026-08-06 15:12:15;SKU-002;2;12000;500;CASH
REC-20260806-STORE_03-0309;STORE_03;CASH-10;2026-08-06 15:12:15;SKU-031;1;45000;0;CARD
REC-20260806-STORE_03-0309;STORE_03;CASH-05;2026-08-06 15:12:15;SKU-002;2;12000;0;CASH
REC-20260806-STORE_03-0309;STORE_03;CASH-08;2026-08-06 15:12:15;SKU-003;4;45000;0;CASH
REC-20260806-STORE_03-0309;STORE_03;CASH-02;2026-08-06 15:12:15;SKU-007;3;12000;500;CARD
REC-20260806-STORE_03-0310;STORE_03;CASH-06;2026-08-06 8:18:11;SKU-001;4;45000;1000;CARD
REC-20260806-STORE_03-0311;STORE_03;CASH-04;2026-08-06 15:50:05;SKU-001;4;45000;0;CARD
REC-20260806-STORE_03-0311;STORE_03;CASH-06;2026-08-06 15:50:05;SKU-008;2;12000;500;CASH
REC-20260806-STORE_03-0312;STORE_03;CASH-09;2026-08-06 12:25:22;SKU-022;3;12000;0;CARD
REC-20260806-STORE_03-0312;STORE_03;CASH-06;2026-08-06 12:25:22;SKU-019;4;25000;0;CARD
REC-20260806-STORE_03-0313;STORE_03;CASH-01;2026-08-06 19:53:19;SKU-011;3;5000;1000;CASH
REC-20260806-STORE_03-0313;STORE_03;CASH-08;2026-08-06 19:53:19;SKU-001;1;45000;0;CASH
REC-20260806-STORE_03-0313;STORE_03;CASH-09;2026-08-06 19:53:19;SKU-010;1;25000;0;CARD
REC-20260806-STORE_03-0314;STORE_03;CASH-02;2026-08-06 14:00:06;SKU-007;4;12000;0;CARD
REC-20260806-STORE_03-0314;STORE_03;CASH-03;2026-08-06 14:00:06;SKU-012;2;45000;0;CASH
REC-20260806-STORE_03-0314;STORE_03;CASH-01;2026-08-06 14:00:06;SKU-002;2;12000;500;CARD
REC-20260806-STORE_03-0315;STORE_03;CASH-02;2026-08-06 11:49:17;SKU-020;4;12000;500;CARD
REC-20260806-STORE_03-0315;STORE_03;CASH-04;2026-08-06 11:49:17;SKU-002;1;12000;0;CASH
REC-20260806-STORE_03-0315;STORE_03;CASH-03;2026-08-06 11:49:17;SKU-001;4;45000;0;CASH
REC-20260806-STORE_03-0315;STORE_03;CASH-03;2026-08-06 11:49:17;SKU-013;4;12000;0;CARD
REC-20260806-STORE_03-0315;STORE_03;CASH-04;2026-08-06 11:49:17;SKU-012;1;45000;0;CARD
REC-20260806-STORE_03-0316;STORE_03;CASH-08;2026-08-06 12:40:31;SKU-019;3;25000;1000;CASH
REC-20260806-STORE_03-0317;STORE_03;CASH-02;2026-08-06 8:23:49;SKU-002;1;12000;500;CARD
REC-20260806-STORE_03-0318;STORE_03;CASH-05;2026-08-06 19:25:07;SKU-001;3;45000;1000;CASH
REC-20260806-STORE_03-0318;STORE_03;CASH-07;2026-08-06 19:25:07;SKU-001;3;45000;1000;CARD
REC-20260806-STORE_03-0318;STORE_03;CASH-07;2026-08-06 19:25:07;SKU-025;4;5000;0;CASH
REC-20260806-STORE_03-0318;STORE_03;CASH-07;2026-08-06 19:25:07;SKU-001;4;45000;0;CASH
REC-20260806-STORE_03-0319;STORE_03;CASH-03;2026-08-06 13:36:27;SKU-005;4;5000;0;CARD
REC-20260806-STORE_03-0320;STORE_03;CASH-07;2026-08-06 14:41:16;SKU-012;2;45000;0;CARD
REC-20260806-STORE_03-0321;STORE_03;CASH-09;2026-08-06 8:17:41;SKU-002;2;12000;0;CARD
REC-20260806-STORE_03-0321;STORE_03;CASH-10;2026-08-06 8:17:41;SKU-022;3;12000;0;CARD
REC-20260806-STORE_03-0321;STORE_03;CASH-07;2026-08-06 8:17:41;SKU-001;1;45000;0;CASH
REC-20260806-STORE_03-0322;STORE_03;CASH-04;2026-08-06 20:49:27;SKU-001;2;45000;1000;CARD
REC-20260806-STORE_03-0322;STORE_03;CASH-05;2026-08-06 20:49:27;SKU-011;1;5000;0;CARD
REC-20260806-STORE_03-0322;STORE_03;CASH-09;2026-08-06 20:49:27;SKU-003;1;45000;0;CARD
REC-20260806-STORE_03-0322;STORE_03;CASH-03;2026-08-06 20:49:27;SKU-010;2;25000;0;CASH
REC-20260806-STORE_03-0322;STORE_03;CASH-02;2026-08-06 20:49:27;SKU-008;3;12000;0;CASH
REC-20260806-STORE_03-0323;STORE_03;CASH-04;2026-08-06 9:22:10;SKU-009;4;25000;0;CARD
REC-20260806-STORE_03-0323;STORE_03;CASH-05;2026-08-06 9:22:10;SKU-020;1;12000;500;CARD
REC-20260806-STORE_03-0323;STORE_03;CASH-03;2026-08-06 9:22:10;SKU-001;4;45000;0;CASH
REC-20260806-STORE_03-0324;STORE_03;CASH-10;2026-08-06 20:21:39;SKU-007;3;12000;0;CASH
REC-20260806-STORE_03-0324;STORE_03;CASH-05;2026-08-06 20:21:39;SKU-002;3;12000;1000;CARD
REC-20260806-STORE_03-0325;STORE_03;CASH-05;2026-08-06 16:25:58;SKU-001;4;45000;500;CASH
REC-20260806-STORE_03-0326;STORE_03;CASH-02;2026-08-06 20:18:10;SKU-004;2;25000;0;CASH
REC-20260806-STORE_03-0327;STORE_03;CASH-06;2026-08-06 8:13:36;SKU-005;2;5000;0;CASH
REC-20260806-STORE_03-0327;STORE_03;CASH-05;2026-08-06 8:13:36;SKU-014;1;5000;500;CASH
REC-20260806-STORE_03-0327;STORE_03;CASH-09;2026-08-06 8:13:36;SKU-016;1;25000;500;CASH
REC-20260806-STORE_03-0328;STORE_03;CASH-07;2026-08-06 17:24:22;SKU-014;4;5000;0;CARD
REC-20260806-STORE_03-0328;STORE_03;CASH-06;2026-08-06 17:24:22;SKU-001;4;45000;500;CARD
REC-20260806-STORE_03-0329;STORE_03;CASH-08;2026-08-06 19:25:12;SKU-013;4;12000;0;CASH
REC-20260806-STORE_03-0329;STORE_03;CASH-04;2026-08-06 19:25:12;SKU-004;4;25000;0;CARD
REC-20260806-STORE_03-0330;STORE_03;CASH-02;2026-08-06 13:02:52;SKU-005;4;5000;0;CARD
REC-20260806-STORE_03-0331;STORE_03;CASH-10;2026-08-06 10:17:18;SKU-001;1;45000;0;CARD
REC-20260806-STORE_03-0331;STORE_03;CASH-01;2026-08-06 10:17:18;SKU-010;3;25000;500;CARD
REC-20260806-STORE_03-0332;STORE_03;CASH-04;2026-08-06 18:29:13;SKU-001;2;45000;1000;CASH
REC-20260806-STORE_03-0333;STORE_03;CASH-01;2026-08-06 17:46:21;SKU-024;3;12000;0;CASH
REC-20260806-STORE_03-0333;STORE_03;CASH-10;2026-08-06 17:46:21;SKU-036;1;45000;0;CARD
REC-20260806-STORE_03-0333;STORE_03;CASH-06;2026-08-06 17:46:21;SKU-006;2;45000;0;CARD
REC-20260806-STORE_03-0333;STORE_03;CASH-01;2026-08-06 17:46:21;SKU-001;1;45000;1000;CARD
REC-20260806-STORE_03-0333;STORE_03;CASH-05;2026-08-06 17:46:21;SKU-016;3;25000;0;CASH
REC-20260806-STORE_03-0334;STORE_03;CASH-06;2026-08-06 17:20:11;SKU-002;3;12000;0;CASH
REC-20260806-STORE_03-0334;STORE_03;CASH-07;2026-08-06 17:20:11;SKU-003;2;45000;0;CARD
REC-20260806-STORE_03-0335;STORE_03;CASH-09;2026-08-06 10:42:19;SKU-001;3;45000;0;CARD
REC-20260806-STORE_03-0335;STORE_03;CASH-05;2026-08-06 10:42:19;SKU-002;1;12000;0;CASH
REC-20260806-STORE_03-0335;STORE_03;CASH-03;2026-08-06 10:42:19;SKU-001;3;45000;0;CARD
REC-20260806-STORE_03-0336;STORE_03;CASH-01;2026-08-06 14:00:24;SKU-001;4;45000;0;CARD
REC-20260806-STORE_03-0336;STORE_03;CASH-10;2026-08-06 14:00:24;SKU-040;2;25000;0;CARD
REC-20260806-STORE_03-0336;STORE_03;CASH-03;2026-08-06 14:00:24;SKU-001;3;45000;0;CASH
REC-20260806-STORE_03-0337;STORE_03;CASH-05;2026-08-06 20:28:32;SKU-018;4;5000;500;CARD
REC-20260806-STORE_03-0337;STORE_03;CASH-09;2026-08-06 20:28:32;SKU-012;3;45000;0;CARD
REC-20260806-STORE_03-0338;STORE_03;CASH-01;2026-08-06 17:50:12;SKU-020;2;12000;0;CARD
REC-20260806-STORE_03-0339;STORE_03;CASH-04;2026-08-06 15:10:52;SKU-024;2;12000;1000;CASH
REC-20260806-STORE_03-0339;STORE_03;CASH-04;2026-08-06 15:10:52;SKU-002;1;12000;0;CARD
REC-20260806-STORE_03-0339;STORE_03;CASH-09;2026-08-06 15:10:52;SKU-003;3;45000;0;CARD
REC-20260806-STORE_03-0340;STORE_03;CASH-03;2026-08-06 16:46:26;SKU-007;3;12000;0;CASH
REC-20260806-STORE_03-0340;STORE_03;CASH-06;2026-08-06 16:46:26;SKU-002;1;12000;500;CARD
REC-20260806-STORE_03-0340;STORE_03;CASH-01;2026-08-06 16:46:26;SKU-008;2;12000;500;CARD
REC-20260806-STORE_03-0341;STORE_03;CASH-06;2026-08-06 15:02:35;SKU-002;2;12000;0;CASH
REC-20260806-STORE_03-0341;STORE_03;CASH-05;2026-08-06 15:02:35;SKU-001;1;45000;0;CARD
REC-20260806-STORE_03-0341;STORE_03;CASH-05;2026-08-06 15:02:35;SKU-005;1;5000;500;CARD
REC-20260806-STORE_03-0341;STORE_03;CASH-02;2026-08-06 15:02:35;SKU-014;4;5000;0;CARD
REC-20260806-STORE_03-0342;STORE_03;CASH-04;2026-08-06 19:18:48;SKU-009;4;25000;0;CARD
REC-20260806-STORE_03-0343;STORE_03;CASH-01;2026-08-06 10:54:54;SKU-001;2;45000;0;CARD
REC-20260806-STORE_03-0343;STORE_03;CASH-03;2026-08-06 10:54:54;SKU-005;1;5000;0;CASH
REC-20260806-STORE_03-0343;STORE_03;CASH-06;2026-08-06 10:54:54;SKU-008;1;12000;0;CARD
REC-20260806-STORE_03-0343;STORE_03;CASH-02;2026-08-06 10:54:54;SKU-003;1;45000;0;CARD
REC-20260806-STORE_03-0343;STORE_03;CASH-03;2026-08-06 10:54:54;SKU-007;3;12000;500;CASH
REC-20260806-STORE_03-0344;STORE_03;CASH-01;2026-08-06 16:20:31;SKU-001;2;45000;0;CARD
REC-20260806-STORE_03-0345;STORE_03;CASH-03;2026-08-06 18:25:35;SKU-040;3;25000;0;CARD
REC-20260806-STORE_03-0345;STORE_03;CASH-04;2026-08-06 18:25:35;SKU-011;3;5000;1000;CASH
REC-20260806-STORE_03-0345;STORE_03;CASH-02;2026-08-06 18:25:35;SKU-043;3;25000;0;CARD
REC-20260806-STORE_03-0346;STORE_03;CASH-09;2026-08-06 12:01:16;SKU-005;3;5000;0;CARD
REC-20260806-STORE_03-0346;STORE_03;CASH-05;2026-08-06 12:01:16;SKU-004;3;25000;0;CARD
REC-20260806-STORE_03-0346;STORE_03;CASH-01;2026-08-06 12:01:16;SKU-042;1;5000;0;CARD
REC-20260806-STORE_03-0347;STORE_03;CASH-08;2026-08-06 20:11:40;SKU-002;3;12000;500;CARD
REC-20260806-STORE_03-0348;STORE_03;CASH-02;2026-08-06 10:49:35;SKU-013;2;12000;0;CASH
REC-20260806-STORE_03-0348;STORE_03;CASH-09;2026-08-06 10:49:35;SKU-017;1;12000;0;CARD
REC-20260806-STORE_03-0348;STORE_03;CASH-05;2026-08-06 10:49:35;SKU-005;4;5000;0;CASH
REC-20260806-STORE_03-0349;STORE_03;CASH-10;2026-08-06 18:40:31;SKU-006;1;45000;1000;CARD
REC-20260806-STORE_03-0349;STORE_03;CASH-10;2026-08-06 18:40:31;SKU-027;4;5000;1000;CARD
REC-20260806-STORE_03-0349;STORE_03;CASH-01;2026-08-06 18:40:31;SKU-002;3;12000;0;CARD
REC-20260806-STORE_03-0349;STORE_03;CASH-03;2026-08-06 18:40:31;SKU-003;1;45000;0;CARD
REC-20260806-STORE_03-0349;STORE_03;CASH-10;2026-08-06 18:40:31;SKU-002;4;12000;1000;CASH
REC-20260806-STORE_03-0350;STORE_03;CASH-06;2026-08-06 15:16:21;SKU-040;3;25000;0;CARD
REC-20260806-STORE_03-0350;STORE_03;CASH-08;2026-08-06 15:16:21;SKU-010;4;25000;0;CARD
REC-20260806-STORE_03-0350;STORE_03;CASH-07;2026-08-06 15:16:21;SKU-003;2;45000;0;CARD
REC-20260806-STORE_03-0351;STORE_03;CASH-01;2026-08-06 10:16:51;SKU-002;1;12000;0;CASH
REC-20260806-STORE_03-0351;STORE_03;CASH-05;2026-08-06 10:16:51;SKU-001;1;45000;0;CARD
REC-20260806-STORE_03-0352;STORE_03;CASH-07;2026-08-06 20:33:02;SKU-005;2;5000;0;CARD
REC-20260806-STORE_03-0353;STORE_03;CASH-10;2026-08-06 16:44:47;SKU-001;3;45000;1000;CARD
REC-20260806-STORE_03-0353;STORE_03;CASH-07;2026-08-06 16:44:47;SKU-001;3;45000;0;CARD
REC-20260806-STORE_03-0353;STORE_03;CASH-08;2026-08-06 16:44:47;SKU-001;2;45000;500;CASH
REC-20260806-STORE_03-0353;STORE_03;CASH-01;2026-08-06 16:44:47;SKU-001;1;45000;500;CARD
REC-20260806-STORE_03-0354;STORE_03;CASH-05;2026-08-06 16:08:19;SKU-001;3;45000;1000;CASH
REC-20260806-STORE_03-0355;STORE_03;CASH-05;2026-08-06 19:44:20;SKU-002;4;12000;1000;CARD
REC-20260806-STORE_03-0355;STORE_03;CASH-06;2026-08-06 19:44:20;SKU-009;2;25000;0;CARD
REC-20260806-STORE_03-0355;STORE_03;CASH-10;2026-08-06 19:44:20;SKU-032;4;25000;0;CASH
REC-20260806-STORE_03-0356;STORE_03;CASH-10;2026-08-06 21:01:14;SKU-006;2;45000;0;CARD
REC-20260806-STORE_03-0356;STORE_03;CASH-01;2026-08-06 21:01:14;SKU-004;2;25000;0;CARD
REC-20260806-STORE_03-0356;STORE_03;CASH-09;2026-08-06 21:01:14;SKU-003;4;45000;0;CASH
REC-20260806-STORE_03-0356;STORE_03;CASH-04;2026-08-06 21:01:14;SKU-015;3;5000;0;CASH
REC-20260806-STORE_03-0356;STORE_03;CASH-01;2026-08-06 21:01:14;SKU-001;3;45000;1000;CARD
REC-20260806-STORE_03-0357;STORE_03;CASH-04;2026-08-06 16:07:13;SKU-023;1;45000;0;CARD
REC-20260806-STORE_03-0358;STORE_03;CASH-03;2026-08-06 15:17:10;SKU-003;4;45000;0;CARD
REC-20260806-STORE_03-0358;STORE_03;CASH-09;2026-08-06 15:17:10;SKU-007;1;12000;0;CASH
REC-20260806-STORE_03-0358;STORE_03;CASH-09;2026-08-06 15:17:10;SKU-002;3;12000;500;CASH
REC-20260806-STORE_03-0359;STORE_03;CASH-02;2026-08-06 17:06:29;SKU-002;3;12000;500;CARD
REC-20260806-STORE_03-0360;STORE_03;CASH-02;2026-08-06 17:05:53;SKU-020;3;12000;0;CARD
REC-20260806-STORE_03-0361;STORE_03;CASH-07;2026-08-06 11:02:09;SKU-012;4;45000;0;CARD
REC-20260806-STORE_03-0361;STORE_03;CASH-04;2026-08-06 11:02:09;SKU-018;4;5000;0;CASH
REC-20260806-STORE_03-0361;STORE_03;CASH-02;2026-08-06 11:02:09;SKU-048;3;25000;0;CARD
REC-20260806-STORE_03-0361;STORE_03;CASH-08;2026-08-06 11:02:09;SKU-003;3;45000;500;CASH
REC-20260806-STORE_03-0362;STORE_03;CASH-04;2026-08-06 9:04:39;SKU-001;1;45000;0;CASH
REC-20260806-STORE_03-0362;STORE_03;CASH-03;2026-08-06 9:04:39;SKU-001;2;45000;500;CARD
REC-20260806-STORE_03-0362;STORE_03;CASH-06;2026-08-06 9:04:39;SKU-014;4;5000;500;CARD
REC-20260806-STORE_03-0362;STORE_03;CASH-04;2026-08-06 9:04:39;SKU-010;3;25000;500;CARD
REC-20260806-STORE_03-0362;STORE_03;CASH-07;2026-08-06 9:04:39;SKU-006;3;45000;500;CARD
REC-20260806-STORE_03-0363;STORE_03;CASH-02;2026-08-06 12:53:09;SKU-018;2;5000;1000;CARD
REC-20260806-STORE_03-0363;STORE_03;CASH-03;2026-08-06 12:53:09;SKU-002;3;12000;1000;CARD
REC-20260806-STORE_03-0363;STORE_03;CASH-06;2026-08-06 12:53:09;SKU-015;1;5000;1000;CARD
REC-20260806-STORE_03-0364;STORE_03;CASH-08;2026-08-06 10:41:39;SKU-002;1;12000;0;CARD
REC-20260806-STORE_03-0365;STORE_03;CASH-06;2026-08-06 8:36:35;SKU-004;1;25000;500;CASH
REC-20260806-STORE_03-0365;STORE_03;CASH-07;2026-08-06 8:36:35;SKU-013;1;12000;0;CARD
REC-20260806-STORE_03-0365;STORE_03;CASH-03;2026-08-06 8:36:35;SKU-003;2;45000;0;CARD
REC-20260806-STORE_03-0365;STORE_03;CASH-06;2026-08-06 8:36:35;SKU-001;1;45000;0;CARD
REC-20260806-STORE_03-0365;STORE_03;CASH-04;2026-08-06 8:36:35;SKU-001;3;45000;0;CARD
REC-20260806-STORE_03-0366;STORE_03;CASH-05;2026-08-06 18:47:43;SKU-004;1;25000;0;CARD
REC-20260806-STORE_03-0367;STORE_03;CASH-10;2026-08-06 13:09:53;SKU-048;2;25000;0;CASH
REC-20260806-STORE_03-0367;STORE_03;CASH-08;2026-08-06 13:09:53;SKU-001;3;45000;0;CASH
REC-20260806-STORE_03-0367;STORE_03;CASH-10;2026-08-06 13:09:53;SKU-046;2;25000;0;CARD
REC-20260806-STORE_03-0367;STORE_03;CASH-09;2026-08-06 13:09:53;SKU-001;1;45000;500;CARD
REC-20260806-STORE_03-0368;STORE_03;CASH-03;2026-08-06 20:27:14;SKU-001;1;45000;500;CASH
REC-20260806-STORE_03-0368;STORE_03;CASH-02;2026-08-06 20:27:14;SKU-014;2;5000;0;CASH
REC-20260806-STORE_03-0369;STORE_03;CASH-03;2026-08-06 16:01:20;SKU-004;2;25000;500;CARD
REC-20260806-STORE_03-0369;STORE_03;CASH-09;2026-08-06 16:01:20;SKU-001;1;45000;0;CARD
REC-20260806-STORE_03-0369;STORE_03;CASH-10;2026-08-06 16:01:20;SKU-014;2;5000;0;CARD
REC-20260806-STORE_03-0369;STORE_03;CASH-07;2026-08-06 16:01:20;SKU-015;4;5000;0;CARD
REC-20260806-STORE_03-0370;STORE_03;CASH-05;2026-08-06 20:53:02;SKU-011;1;5000;500;CARD
REC-20260806-STORE_03-0370;STORE_03;CASH-05;2026-08-06 20:53:02;SKU-003;2;45000;1000;CASH
REC-20260806-STORE_03-0370;STORE_03;CASH-06;2026-08-06 20:53:02;SKU-001;2;45000;0;CARD
REC-20260806-STORE_03-0370;STORE_03;CASH-04;2026-08-06 20:53:02;SKU-027;4;5000;0;CASH
REC-20260806-STORE_03-0370;STORE_03;CASH-06;2026-08-06 20:53:02;SKU-007;1;12000;500;CARD
REC-20260806-STORE_03-0371;STORE_03;CASH-01;2026-08-06 9:11:57;SKU-017;2;12000;0;CARD
REC-20260806-STORE_03-0371;STORE_03;CASH-03;2026-08-06 9:11:57;SKU-014;2;5000;0;CARD
REC-20260806-STORE_03-0371;STORE_03;CASH-04;2026-08-06 9:11:57;SKU-004;1;25000;0;CASH
REC-20260806-STORE_03-0371;STORE_03;CASH-02;2026-08-06 9:11:57;SKU-023;4;45000;0;CASH
REC-20260806-STORE_03-0371;STORE_03;CASH-07;2026-08-06 9:11:57;SKU-024;3;12000;0;CARD
REC-20260806-STORE_03-0372;STORE_03;CASH-05;2026-08-06 17:05:17;SKU-003;2;45000;0;CASH
REC-20260806-STORE_03-0373;STORE_03;CASH-09;2026-08-06 15:59:23;SKU-045;4;45000;500;CARD
REC-20260806-STORE_03-0373;STORE_03;CASH-07;2026-08-06 15:59:23;SKU-004;2;25000;0;CASH
REC-20260806-STORE_03-0373;STORE_03;CASH-03;2026-08-06 15:59:23;SKU-016;3;25000;500;CARD
REC-20260806-STORE_03-0374;STORE_03;CASH-01;2026-08-06 9:03:47;SKU-004;1;25000;500;CARD
REC-20260806-STORE_03-0374;STORE_03;CASH-10;2026-08-06 9:03:47;SKU-004;2;25000;1000;CARD
REC-20260806-STORE_03-0375;STORE_03;CASH-03;2026-08-06 8:51:56;SKU-034;2;25000;0;CARD
REC-20260806-STORE_03-0375;STORE_03;CASH-06;2026-08-06 8:51:56;SKU-002;1;12000;0;CARD
REC-20260806-STORE_03-0375;STORE_03;CASH-08;2026-08-06 8:51:56;SKU-025;2;5000;500;CARD
REC-20260806-STORE_03-0375;STORE_03;CASH-01;2026-08-06 8:51:56;SKU-041;3;25000;0;CASH
REC-20260806-STORE_03-0376;STORE_03;CASH-01;2026-08-06 21:24:02;SKU-003;1;45000;0;CARD
REC-20260806-STORE_03-0376;STORE_03;CASH-08;2026-08-06 21:24:02;SKU-001;3;45000;0;CASH
REC-20260806-STORE_03-0376;STORE_03;CASH-05;2026-08-06 21:24:02;SKU-023;2;45000;0;CARD
REC-20260806-STORE_03-0376;STORE_03;CASH-02;2026-08-06 21:24:02;SKU-006;2;45000;1000;CARD
REC-20260806-STORE_03-0376;STORE_03;CASH-02;2026-08-06 21:24:02;SKU-006;1;45000;0;CARD
REC-20260806-STORE_03-0377;STORE_03;CASH-10;2026-08-06 21:05:53;SKU-029;4;5000;0;CASH
REC-20260806-STORE_03-0377;STORE_03;CASH-06;2026-08-06 21:05:53;SKU-002;1;12000;500;CARD
REC-20260806-STORE_03-0377;STORE_03;CASH-10;2026-08-06 21:05:53;SKU-027;1;5000;0;CARD
REC-20260806-STORE_03-0377;STORE_03;CASH-07;2026-08-06 21:05:53;SKU-002;1;12000;0;CASH
REC-20260806-STORE_03-0378;STORE_03;CASH-01;2026-08-06 20:20:34;SKU-032;4;25000;0;CASH
REC-20260806-STORE_03-0378;STORE_03;CASH-10;2026-08-06 20:20:34;SKU-036;4;45000;500;CARD
REC-20260806-STORE_03-0378;STORE_03;CASH-07;2026-08-06 20:20:34;SKU-001;3;45000;0;CASH
REC-20260806-STORE_03-0378;STORE_03;CASH-03;2026-08-06 20:20:34;SKU-002;1;12000;0;CASH
REC-20260806-STORE_03-0379;STORE_03;CASH-04;2026-08-06 15:27:00;SKU-027;1;5000;1000;CARD
REC-20260806-STORE_03-0379;STORE_03;CASH-03;2026-08-06 15:27:00;SKU-001;4;45000;1000;CARD
REC-20260806-STORE_03-0379;STORE_03;CASH-10;2026-08-06 15:27:00;SKU-001;3;45000;0;CASH
REC-20260806-STORE_03-0380;STORE_03;CASH-01;2026-08-06 12:18:54;SKU-043;3;25000;0;CASH
REC-20260806-STORE_03-0380;STORE_03;CASH-09;2026-08-06 12:18:54;SKU-043;1;25000;0;CASH
REC-20260806-STORE_03-0380;STORE_03;CASH-01;2026-08-06 12:18:54;SKU-004;1;25000;0;CARD
REC-20260806-STORE_03-0381;STORE_03;CASH-09;2026-08-06 20:11:28;SKU-004;3;25000;0;CASH
REC-20260806-STORE_03-0381;STORE_03;CASH-06;2026-08-06 20:11:28;SKU-049;4;5000;0;CASH
REC-20260806-STORE_03-0381;STORE_03;CASH-09;2026-08-06 20:11:28;SKU-001;2;45000;0;CASH
REC-20260806-STORE_03-0382;STORE_03;CASH-05;2026-08-06 15:41:19;SKU-002;1;12000;1000;CARD
REC-20260806-STORE_03-0382;STORE_03;CASH-05;2026-08-06 15:41:19;SKU-001;2;45000;0;CARD
REC-20260806-STORE_03-0382;STORE_03;CASH-10;2026-08-06 15:41:19;SKU-008;2;12000;0;CARD
REC-20260806-STORE_03-0383;STORE_03;CASH-09;2026-08-06 17:55:19;SKU-011;1;5000;0;CARD
REC-20260806-STORE_03-0383;STORE_03;CASH-01;2026-08-06 17:55:19;SKU-016;2;25000;1000;CASH
REC-20260806-STORE_03-0383;STORE_03;CASH-08;2026-08-06 17:55:19;SKU-026;4;12000;500;CARD
REC-20260806-STORE_03-0383;STORE_03;CASH-06;2026-08-06 17:55:19;SKU-013;2;12000;500;CASH
REC-20260806-STORE_03-0383;STORE_03;CASH-05;2026-08-06 17:55:19;SKU-023;1;45000;500;CARD
REC-20260806-STORE_03-0384;STORE_03;CASH-05;2026-08-06 21:11:02;SKU-006;2;45000;500;CASH
REC-20260806-STORE_03-0385;STORE_03;CASH-07;2026-08-06 17:20:37;SKU-002;3;12000;1000;CASH
REC-20260806-STORE_03-0386;STORE_03;CASH-09;2026-08-06 10:24:50;SKU-011;4;5000;1000;CASH
REC-20260806-STORE_03-0387;STORE_03;CASH-10;2026-08-06 12:40:57;SKU-005;1;5000;1000;CARD
REC-20260806-STORE_03-0387;STORE_03;CASH-03;2026-08-06 12:40:57;SKU-034;3;25000;0;CARD
REC-20260806-STORE_03-0388;STORE_03;CASH-03;2026-08-06 21:27:07;SKU-004;4;25000;500;CARD
REC-20260806-STORE_03-0389;STORE_03;CASH-10;2026-08-06 19:31:21;SKU-008;3;12000;500;CARD
REC-20260806-STORE_03-0390;STORE_03;CASH-06;2026-08-06 9:55:22;SKU-016;2;25000;0;CASH
REC-20260806-STORE_03-0390;STORE_03;CASH-01;2026-08-06 9:55:22;SKU-012;2;45000;0;CARD
REC-20260806-STORE_03-0391;STORE_03;CASH-04;2026-08-06 19:52:06;SKU-001;2;45000;0;CARD
REC-20260806-STORE_03-0391;STORE_03;CASH-07;2026-08-06 19:52:06;SKU-034;3;25000;0;CARD
REC-20260806-STORE_03-0391;STORE_03;CASH-02;2026-08-06 19:52:06;SKU-001;2;45000;0;CARD
REC-20260806-STORE_03-0391;STORE_03;CASH-06;2026-08-06 19:52:06;SKU-021;3;5000;1000;CASH
REC-20260806-STORE_03-0392;STORE_03;CASH-04;2026-08-06 15:55:36;SKU-001;4;45000;1000;CARD
REC-20260806-STORE_03-0392;STORE_03;CASH-04;2026-08-06 15:55:36;SKU-001;1;45000;0;CARD
REC-20260806-STORE_03-0393;STORE_03;CASH-10;2026-08-06 14:51:29;SKU-001;4;45000;1000;CASH
REC-20260806-STORE_03-0394;STORE_03;CASH-08;2026-08-06 14:21:59;SKU-043;4;25000;0;CARD
REC-20260806-STORE_03-0394;STORE_03;CASH-02;2026-08-06 14:21:59;SKU-001;4;45000;500;CASH
REC-20260806-STORE_03-0395;STORE_03;CASH-07;2026-08-06 8:19:57;SKU-001;2;45000;0;CARD
REC-20260806-STORE_03-0395;STORE_03;CASH-07;2026-08-06 8:19:57;SKU-004;1;25000;0;CARD
REC-20260806-STORE_03-0395;STORE_03;CASH-01;2026-08-06 8:19:57;SKU-001;1;45000;0;CASH
REC-20260806-STORE_03-0395;STORE_03;CASH-04;2026-08-06 8:19:57;SKU-001;1;45000;0;CARD
REC-20260806-STORE_03-0396;STORE_03;CASH-10;2026-08-06 19:15:25;SKU-012;2;45000;0;CARD
REC-20260806-STORE_03-0397;STORE_03;CASH-04;2026-08-06 20:59:35;SKU-005;4;5000;0;CASH
REC-20260806-STORE_03-0397;STORE_03;CASH-05;2026-08-06 20:59:35;SKU-003;1;45000;1000;CARD
REC-20260806-STORE_03-0397;STORE_03;CASH-07;2026-08-06 20:59:35;SKU-001;1;45000;0;CASH
REC-20260806-STORE_03-0398;STORE_03;CASH-05;2026-08-06 18:27:46;SKU-001;3;45000;500;CARD
REC-20260806-STORE_03-0398;STORE_03;CASH-09;2026-08-06 18:27:46;SKU-001;1;45000;500;CARD
REC-20260806-STORE_03-0398;STORE_03;CASH-03;2026-08-06 18:27:46;SKU-001;1;45000;500;CASH
REC-20260806-STORE_03-0399;STORE_03;CASH-04;2026-08-06 10:41:49;SKU-003;2;45000;0;CASH
REC-20260806-STORE_03-0399;STORE_03;CASH-02;2026-08-06 10:41:49;SKU-012;4;45000;0;CASH
REC-20260806-STORE_03-0399;STORE_03;CASH-09;2026-08-06 10:41:49;SKU-007;3;12000;0;CARD
REC-20260806-STORE_03-0399;STORE_03;CASH-08;2026-08-06 10:41:49;SKU-001;4;45000;0;CARD
REC-20260806-STORE_03-0400;STORE_03;CASH-09;2026-08-06 17:28:11;SKU-015;3;5000;0;CASH
REC-20260806-STORE_03-0400;STORE_03;CASH-03;2026-08-06 17:28:11;SKU-003;3;45000;0;CASH
REC-20260806-STORE_03-0401;STORE_03;CASH-10;2026-08-06 8:30:22;SKU-004;2;25000;0;CARD
REC-20260806-STORE_03-0401;STORE_03;CASH-05;2026-08-06 8:30:22;SKU-008;3;12000;0;CASH
REC-20260806-STORE_03-0401;STORE_03;CASH-03;2026-08-06 8:30:22;SKU-006;2;45000;0;CARD
REC-20260806-STORE_03-0401;STORE_03;CASH-08;2026-08-06 8:30:22;SKU-024;3;12000;0;CASH
REC-20260806-STORE_03-0402;STORE_03;CASH-08;2026-08-06 10:24:06;SKU-009;4;25000;1000;CARD
REC-20260806-STORE_03-0402;STORE_03;CASH-07;2026-08-06 10:24:06;SKU-023;1;45000;500;CARD
REC-20260806-STORE_03-0402;STORE_03;CASH-06;2026-08-06 10:24:06;SKU-003;3;45000;1000;CARD
REC-20260806-STORE_03-0402;STORE_03;CASH-06;2026-08-06 10:24:06;SKU-023;4;45000;0;CARD
REC-20260806-STORE_03-0402;STORE_03;CASH-09;2026-08-06 10:24:06;SKU-001;4;45000;0;CASH
REC-20260806-STORE_03-0403;STORE_03;CASH-04;2026-08-06 14:00:05;SKU-001;2;45000;0;CARD
REC-20260806-STORE_03-0403;STORE_03;CASH-08;2026-08-06 14:00:05;SKU-003;2;45000;0;CARD
REC-20260806-STORE_03-0403;STORE_03;CASH-04;2026-08-06 14:00:05;SKU-007;2;12000;500;CARD
REC-20260806-STORE_03-0403;STORE_03;CASH-07;2026-08-06 14:00:05;SKU-001;3;45000;0;CASH
REC-20260806-STORE_03-0403;STORE_03;CASH-08;2026-08-06 14:00:05;SKU-003;3;45000;500;CARD
REC-20260806-STORE_03-0404;STORE_03;CASH-04;2026-08-06 21:44:46;SKU-033;2;5000;500;CARD
REC-20260806-STORE_03-0404;STORE_03;CASH-02;2026-08-06 21:44:46;SKU-009;3;25000;500;CARD
REC-20260806-STORE_03-0404;STORE_03;CASH-06;2026-08-06 21:44:46;SKU-021;3;5000;0;CARD
REC-20260806-STORE_03-0404;STORE_03;CASH-08;2026-08-06 21:44:46;SKU-018;2;5000;0;CASH
REC-20260806-STORE_03-0404;STORE_03;CASH-08;2026-08-06 21:44:46;SKU-012;4;45000;1000;CASH
REC-20260806-STORE_03-0405;STORE_03;CASH-07;2026-08-06 11:37:01;SKU-001;3;45000;1000;CASH
REC-20260806-STORE_03-0405;STORE_03;CASH-05;2026-08-06 11:37:01;SKU-002;2;12000;1000;CASH
REC-20260806-STORE_03-0405;STORE_03;CASH-02;2026-08-06 11:37:01;SKU-004;2;25000;0;CARD
REC-20260806-STORE_03-0405;STORE_03;CASH-05;2026-08-06 11:37:01;SKU-002;2;12000;1000;CARD
REC-20260806-STORE_03-0406;STORE_03;CASH-05;2026-08-06 11:12:52;SKU-042;3;5000;0;CASH
REC-20260806-STORE_03-0406;STORE_03;CASH-04;2026-08-06 11:12:52;SKU-001;1;45000;0;CARD
REC-20260806-STORE_03-0407;STORE_03;CASH-06;2026-08-06 12:24:51;SKU-047;4;5000;0;CASH
REC-20260806-STORE_03-0408;STORE_03;CASH-08;2026-08-06 21:16:36;SKU-031;2;45000;0;CARD
REC-20260806-STORE_03-0409;STORE_03;CASH-05;2026-08-06 8:47:06;SKU-028;4;5000;500;CASH
REC-20260806-STORE_03-0409;STORE_03;CASH-03;2026-08-06 8:47:06;SKU-004;4;25000;1000;CARD
REC-20260806-STORE_03-0409;STORE_03;CASH-04;2026-08-06 8:47:06;SKU-002;1;12000;0;CARD
REC-20260806-STORE_03-0410;STORE_03;CASH-07;2026-08-06 18:46:45;SKU-005;2;5000;500;CARD
REC-20260806-STORE_03-0410;STORE_03;CASH-03;2026-08-06 18:46:45;SKU-002;2;12000;0;CARD
REC-20260806-STORE_03-0410;STORE_03;CASH-06;2026-08-06 18:46:45;SKU-007;2;12000;0;CARD
REC-20260806-STORE_03-0411;STORE_03;CASH-08;2026-08-06 17:47:51;SKU-001;3;45000;0;CARD
REC-20260806-STORE_03-0411;STORE_03;CASH-04;2026-08-06 17:47:51;SKU-001;1;45000;500;CASH
REC-20260806-STORE_03-0411;STORE_03;CASH-07;2026-08-06 17:47:51;SKU-006;4;45000;0;CARD
REC-20260806-STORE_03-0412;STORE_03;CASH-05;2026-08-06 13:04:46;SKU-028;2;5000;500;CARD
REC-20260806-STORE_03-0413;STORE_03;CASH-03;2026-08-06 18:24:31;SKU-001;4;45000;0;CASH
REC-20260806-STORE_03-0413;STORE_03;CASH-08;2026-08-06 18:24:31;SKU-035;1;5000;1000;CARD
REC-20260806-STORE_03-0413;STORE_03;CASH-04;2026-08-06 18:24:31;SKU-001;3;45000;0;CASH
REC-20260806-STORE_03-0413;STORE_03;CASH-03;2026-08-06 18:24:31;SKU-002;1;12000;1000;CASH
REC-20260806-STORE_03-0414;STORE_03;CASH-05;2026-08-06 10:52:35;SKU-002;3;12000;0;CARD
REC-20260806-STORE_03-0414;STORE_03;CASH-05;2026-08-06 10:52:35;SKU-024;4;12000;1000;CARD
REC-20260806-STORE_03-0414;STORE_03;CASH-06;2026-08-06 10:52:35;SKU-002;3;12000;500;CARD
REC-20260806-STORE_03-0414;STORE_03;CASH-01;2026-08-06 10:52:35;SKU-001;4;45000;0;CASH
REC-20260806-STORE_03-0415;STORE_03;CASH-10;2026-08-06 10:58:47;SKU-039;1;5000;0;CASH
REC-20260806-STORE_03-0416;STORE_03;CASH-02;2026-08-06 20:59:09;SKU-026;4;12000;0;CARD
REC-20260806-STORE_03-0417;STORE_03;CASH-07;2026-08-06 12:38:36;SKU-005;1;5000;500;CARD
REC-20260806-STORE_03-0417;STORE_03;CASH-08;2026-08-06 12:38:36;SKU-001;2;45000;0;CASH
REC-20260806-STORE_03-0417;STORE_03;CASH-05;2026-08-06 12:38:36;SKU-013;1;12000;0;CARD
REC-20260806-STORE_03-0417;STORE_03;CASH-05;2026-08-06 12:38:36;SKU-017;1;12000;0;CARD
REC-20260806-STORE_03-0418;STORE_03;CASH-01;2026-08-06 16:19:58;SKU-004;3;25000;0;CARD
REC-20260806-STORE_03-0418;STORE_03;CASH-07;2026-08-06 16:19:58;SKU-010;3;25000;0;CARD
REC-20260806-STORE_03-0418;STORE_03;CASH-08;2026-08-06 16:19:58;SKU-041;4;25000;1000;CASH
REC-20260806-STORE_03-0418;STORE_03;CASH-04;2026-08-06 16:19:58;SKU-003;3;45000;0;CARD
REC-20260806-STORE_03-0418;STORE_03;CASH-02;2026-08-06 16:19:58;SKU-002;2;12000;0;CARD
REC-20260806-STORE_03-0419;STORE_03;CASH-10;2026-08-06 15:26:24;SKU-001;2;45000;0;CARD
REC-20260806-STORE_03-0420;STORE_03;CASH-04;2026-08-06 12:55:14;SKU-019;2;25000;1000;CASH
REC-20260806-STORE_03-0420;STORE_03;CASH-08;2026-08-06 12:55:14;SKU-003;3;45000;500;CARD
REC-20260806-STORE_03-0420;STORE_03;CASH-05;2026-08-06 12:55:14;SKU-011;4;5000;0;CARD
REC-20260806-STORE_03-0421;STORE_03;CASH-07;2026-08-06 17:05:55;SKU-032;4;25000;500;CASH
REC-20260806-STORE_03-0421;STORE_03;CASH-09;2026-08-06 17:05:55;SKU-037;4;45000;0;CARD
REC-20260806-STORE_03-0421;STORE_03;CASH-03;2026-08-06 17:05:55;SKU-030;4;45000;0;CARD
REC-20260806-STORE_03-0421;STORE_03;CASH-04;2026-08-06 17:05:55;SKU-016;4;25000;500;CARD
REC-20260806-STORE_03-0421;STORE_03;CASH-06;2026-08-06 17:05:55;SKU-003;3;45000;0;CARD
REC-20260806-STORE_03-0422;STORE_03;CASH-06;2026-08-06 16:34:59;SKU-001;1;45000;1000;CARD
REC-20260806-STORE_03-0422;STORE_03;CASH-03;2026-08-06 16:34:59;SKU-016;2;25000;0;CARD
REC-20260806-STORE_03-0422;STORE_03;CASH-08;2026-08-06 16:34:59;SKU-003;4;45000;0;CASH
REC-20260806-STORE_03-0422;STORE_03;CASH-05;2026-08-06 16:34:59;SKU-004;2;25000;0;CASH
REC-20260806-STORE_03-0423;STORE_03;CASH-03;2026-08-06 8:36:53;SKU-038;3;12000;0;CASH
REC-20260806-STORE_03-0424;STORE_03;CASH-07;2026-08-06 9:17:01;SKU-004;2;25000;0;CARD
REC-20260806-STORE_03-0424;STORE_03;CASH-08;2026-08-06 9:17:01;SKU-010;2;25000;0;CARD
REC-20260806-STORE_03-0424;STORE_03;CASH-02;2026-08-06 9:17:01;SKU-002;2;12000;0;CARD
REC-20260806-STORE_03-0424;STORE_03;CASH-04;2026-08-06 9:17:01;SKU-001;1;45000;500;CARD
REC-20260806-STORE_03-0425;STORE_03;CASH-09;2026-08-06 8:43:51;SKU-001;1;45000;1000;CARD
REC-20260806-STORE_03-0425;STORE_03;CASH-01;2026-08-06 8:43:51;SKU-004;1;25000;1000;CARD
REC-20260806-STORE_03-0425;STORE_03;CASH-05;2026-08-06 8:43:51;SKU-010;1;25000;0;CASH
REC-20260806-STORE_03-0425;STORE_03;CASH-02;2026-08-06 8:43:51;SKU-019;4;25000;0;CASH
REC-20260806-STORE_03-0426;STORE_03;CASH-07;2026-08-06 20:01:32;SKU-001;4;45000;0;CARD
REC-20260806-STORE_03-0426;STORE_03;CASH-07;2026-08-06 20:01:32;SKU-002;2;12000;1000;CARD
REC-20260806-STORE_03-0426;STORE_03;CASH-01;2026-08-06 20:01:32;SKU-001;3;45000;0;CARD
REC-20260806-STORE_03-0426;STORE_03;CASH-04;2026-08-06 20:01:32;SKU-005;1;5000;1000;CARD
REC-20260806-STORE_03-0427;STORE_03;CASH-01;2026-08-06 9:18:20;SKU-003;4;45000;0;CARD
REC-20260806-STORE_03-0427;STORE_03;CASH-07;2026-08-06 9:18:20;SKU-016;3;25000;0;CARD
REC-20260806-STORE_03-0427;STORE_03;CASH-06;2026-08-06 9:18:20;SKU-005;1;5000;0;CARD
REC-20260806-STORE_03-0427;STORE_03;CASH-06;2026-08-06 9:18:20;SKU-005;4;5000;1000;CARD
REC-20260806-STORE_03-0428;STORE_03;CASH-09;2026-08-06 21:37:00;SKU-002;3;12000;500;CARD
REC-20260806-STORE_03-0428;STORE_03;CASH-08;2026-08-06 21:37:00;SKU-001;3;45000;1000;CARD
REC-20260806-STORE_03-0428;STORE_03;CASH-03;2026-08-06 21:37:00;SKU-015;1;5000;1000;CASH
REC-20260806-STORE_03-0428;STORE_03;CASH-09;2026-08-06 21:37:00;SKU-032;1;25000;0;CARD
REC-20260806-STORE_03-0428;STORE_03;CASH-06;2026-08-06 21:37:00;SKU-034;3;25000;0;CARD
REC-20260806-STORE_03-0429;STORE_03;CASH-06;2026-08-06 9:34:14;SKU-001;3;45000;0;CARD
REC-20260806-STORE_03-0429;STORE_03;CASH-04;2026-08-06 9:34:14;SKU-002;2;12000;0;CASH
REC-20260806-STORE_03-0429;STORE_03;CASH-07;2026-08-06 9:34:14;SKU-012;1;45000;0;CASH
REC-20260806-STORE_03-0430;STORE_03;CASH-09;2026-08-06 11:10:12;SKU-001;3;45000;1000;CASH
REC-20260806-STORE_03-0431;STORE_03;CASH-04;2026-08-06 8:52:50;SKU-006;4;45000;0;CARD
REC-20260806-STORE_03-0431;STORE_03;CASH-02;2026-08-06 8:52:50;SKU-045;1;45000;0;CASH
REC-20260806-STORE_03-0431;STORE_03;CASH-10;2026-08-06 8:52:50;SKU-028;1;5000;0;CASH
REC-20260806-STORE_03-0432;STORE_03;CASH-07;2026-08-06 10:24:28;SKU-013;2;12000;0;CARD
REC-20260806-STORE_03-0432;STORE_03;CASH-07;2026-08-06 10:24:28;SKU-001;1;45000;500;CARD
REC-20260806-STORE_03-0433;STORE_03;CASH-04;2026-08-06 12:43:59;SKU-002;2;12000;0;CARD
REC-20260806-STORE_03-0433;STORE_03;CASH-02;2026-08-06 12:43:59;SKU-019;1;25000;1000;CASH
REC-20260806-STORE_03-0433;STORE_03;CASH-08;2026-08-06 12:43:59;SKU-001;3;45000;0;CARD
REC-20260806-STORE_03-0433;STORE_03;CASH-04;2026-08-06 12:43:59;SKU-034;3;25000;0;CASH
REC-20260806-STORE_03-0433;STORE_03;CASH-07;2026-08-06 12:43:59;SKU-005;4;5000;1000;CASH
REC-20260806-STORE_03-0434;STORE_03;CASH-09;2026-08-06 19:40:56;SKU-004;4;25000;1000;CARD
REC-20260806-STORE_03-0435;STORE_03;CASH-04;2026-08-06 15:37:35;SKU-001;2;45000;0;CASH
REC-20260806-STORE_03-0435;STORE_03;CASH-06;2026-08-06 15:37:35;SKU-004;1;25000;500;CASH
REC-20260806-STORE_03-0435;STORE_03;CASH-04;2026-08-06 15:37:35;SKU-001;4;45000;0;CARD
REC-20260806-STORE_03-0436;STORE_03;CASH-03;2026-08-06 14:45:23;SKU-001;2;45000;0;CARD
REC-20260806-STORE_03-0436;STORE_03;CASH-01;2026-08-06 14:45:23;SKU-029;3;5000;500;CARD
REC-20260806-STORE_03-0436;STORE_03;CASH-05;2026-08-06 14:45:23;SKU-015;2;5000;500;CASH
REC-20260806-STORE_03-0436;STORE_03;CASH-04;2026-08-06 14:45:23;SKU-038;3;12000;0;CARD
REC-20260806-STORE_03-0437;STORE_03;CASH-02;2026-08-06 10:17:48;SKU-006;1;45000;1000;CARD
REC-20260806-STORE_03-0438;STORE_03;CASH-02;2026-08-06 17:00:00;SKU-021;4;5000;1000;CASH
REC-20260806-STORE_03-0438;STORE_03;CASH-04;2026-08-06 17:00:00;SKU-002;1;12000;0;CARD
REC-20260806-STORE_03-0439;STORE_03;CASH-09;2026-08-06 12:26:45;SKU-006;3;45000;0;CARD
REC-20260806-STORE_03-0439;STORE_03;CASH-02;2026-08-06 12:26:45;SKU-011;2;5000;500;CARD
REC-20260806-STORE_03-0440;STORE_03;CASH-01;2026-08-06 18:03:26;SKU-025;3;5000;0;CARD
REC-20260806-STORE_03-0441;STORE_03;CASH-10;2026-08-06 19:10:57;SKU-001;3;45000;500;CARD
REC-20260806-STORE_03-0441;STORE_03;CASH-02;2026-08-06 19:10:57;SKU-004;1;25000;0;CARD
REC-20260806-STORE_03-0441;STORE_03;CASH-01;2026-08-06 19:10:57;SKU-006;4;45000;0;CARD
REC-20260806-STORE_03-0441;STORE_03;CASH-05;2026-08-06 19:10:57;SKU-001;2;45000;0;CARD
REC-20260806-STORE_03-0442;STORE_03;CASH-07;2026-08-06 15:08:09;SKU-003;1;45000;0;CARD
REC-20260806-STORE_03-0442;STORE_03;CASH-09;2026-08-06 15:08:09;SKU-046;3;25000;0;CASH
REC-20260806-STORE_03-0442;STORE_03;CASH-07;2026-08-06 15:08:09;SKU-017;3;12000;0;CARD
REC-20260806-STORE_03-0443;STORE_03;CASH-09;2026-08-06 12:15:15;SKU-004;2;25000;0;CARD
REC-20260806-STORE_03-0443;STORE_03;CASH-10;2026-08-06 12:15:15;SKU-001;3;45000;1000;CASH
REC-20260806-STORE_03-0444;STORE_03;CASH-02;2026-08-06 15:09:40;SKU-033;4;5000;0;CARD
REC-20260806-STORE_03-0445;STORE_03;CASH-08;2026-08-06 17:37:29;SKU-002;1;12000;0;CASH
REC-20260806-STORE_03-0445;STORE_03;CASH-02;2026-08-06 17:37:29;SKU-001;4;45000;0;CASH
REC-20260806-STORE_03-0445;STORE_03;CASH-08;2026-08-06 17:37:29;SKU-002;1;12000;500;CASH
REC-20260806-STORE_03-0445;STORE_03;CASH-10;2026-08-06 17:37:29;SKU-003;4;45000;500;CARD
REC-20260806-STORE_03-0446;STORE_03;CASH-10;2026-08-06 8:25:04;SKU-003;1;45000;0;CARD
REC-20260806-STORE_03-0446;STORE_03;CASH-06;2026-08-06 8:25:04;SKU-002;1;12000;500;CARD
REC-20260806-STORE_03-0447;STORE_03;CASH-08;2026-08-06 8:41:45;SKU-001;2;45000;500;CARD
REC-20260806-STORE_03-0447;STORE_03;CASH-09;2026-08-06 8:41:45;SKU-001;1;45000;0;CARD
REC-20260806-STORE_03-0447;STORE_03;CASH-01;2026-08-06 8:41:45;SKU-014;4;5000;500;CASH
REC-20260806-STORE_03-0447;STORE_03;CASH-02;2026-08-06 8:41:45;SKU-014;2;5000;0;CARD
REC-20260806-STORE_03-0448;STORE_03;CASH-03;2026-08-06 21:45:25;SKU-001;2;45000;500;CARD
REC-20260806-STORE_03-0448;STORE_03;CASH-07;2026-08-06 21:45:25;SKU-007;4;12000;0;CARD
REC-20260806-STORE_03-0448;STORE_03;CASH-06;2026-08-06 21:45:25;SKU-001;2;45000;1000;CARD
REC-20260806-STORE_03-0448;STORE_03;CASH-02;2026-08-06 21:45:25;SKU-023;3;45000;500;CARD
REC-20260806-STORE_03-0448;STORE_03;CASH-03;2026-08-06 21:45:25;SKU-007;2;12000;500;CARD
REC-20260806-STORE_03-0449;STORE_03;CASH-08;2026-08-06 14:29:45;SKU-001;4;45000;1000;CARD
REC-20260806-STORE_03-0449;STORE_03;CASH-03;2026-08-06 14:29:45;SKU-011;4;5000;0;CARD
REC-20260806-STORE_03-0450;STORE_03;CASH-07;2026-08-06 8:23:12;SKU-014;4;5000;0;CASH
REC-20260806-STORE_03-0450;STORE_03;CASH-01;2026-08-06 8:23:12;SKU-001;1;45000;1000;CARD
REC-20260806-STORE_03-0450;STORE_03;CASH-06;2026-08-06 8:23:12;SKU-015;1;5000;1000;CARD
REC-20260806-STORE_03-0450;STORE_03;CASH-07;2026-08-06 8:23:12;SKU-033;3;5000;0;CASH
REC-20260806-STORE_03-0451;STORE_03;CASH-06;2026-08-06 18:48:07;SKU-020;4;12000;0;CASH
REC-20260806-STORE_03-0451;STORE_03;CASH-03;2026-08-06 18:48:07;SKU-019;4;25000;0;CARD
REC-20260806-STORE_03-0452;STORE_03;CASH-04;2026-08-06 18:05:34;SKU-028;1;5000;500;CARD
REC-20260806-STORE_03-0452;STORE_03;CASH-06;2026-08-06 18:05:34;SKU-003;2;45000;500;CARD
REC-20260806-STORE_03-0452;STORE_03;CASH-02;2026-08-06 18:05:34;SKU-015;1;5000;0;CARD
REC-20260806-STORE_03-0452;STORE_03;CASH-02;2026-08-06 18:05:34;SKU-003;3;45000;0;CARD
REC-20260806-STORE_03-0452;STORE_03;CASH-02;2026-08-06 18:05:34;SKU-022;3;12000;0;CARD
REC-20260806-STORE_03-0453;STORE_03;CASH-07;2026-08-06 21:31:16;SKU-016;2;25000;0;CARD
REC-20260806-STORE_03-0453;STORE_03;CASH-09;2026-08-06 21:31:16;SKU-001;3;45000;500;CASH
REC-20260806-STORE_03-0453;STORE_03;CASH-08;2026-08-06 21:31:16;SKU-001;4;45000;0;CARD
REC-20260806-STORE_03-0454;STORE_03;CASH-05;2026-08-06 8:48:07;SKU-028;1;5000;1000;CARD
REC-20260806-STORE_03-0454;STORE_03;CASH-02;2026-08-06 8:48:07;SKU-029;2;5000;0;CASH
REC-20260806-STORE_03-0454;STORE_03;CASH-01;2026-08-06 8:48:07;SKU-023;3;45000;0;CASH
REC-20260806-STORE_03-0454;STORE_03;CASH-09;2026-08-06 8:48:07;SKU-018;2;5000;0;CARD
REC-20260806-STORE_03-0455;STORE_03;CASH-04;2026-08-06 20:02:09;SKU-007;3;12000;500;CARD
REC-20260806-STORE_03-0455;STORE_03;CASH-03;2026-08-06 20:02:09;SKU-019;3;25000;500;CASH
REC-20260806-STORE_03-0456;STORE_03;CASH-10;2026-08-06 11:29:26;SKU-002;3;12000;0;CARD
REC-20260806-STORE_03-0456;STORE_03;CASH-07;2026-08-06 11:29:26;SKU-004;2;25000;1000;CARD
REC-20260806-STORE_03-0456;STORE_03;CASH-04;2026-08-06 11:29:26;SKU-013;3;12000;0;CARD
REC-20260806-STORE_03-0456;STORE_03;CASH-06;2026-08-06 11:29:26;SKU-009;4;25000;1000;CASH
REC-20260806-STORE_03-0456;STORE_03;CASH-06;2026-08-06 11:29:26;SKU-012;3;45000;0;CARD
REC-20260806-STORE_03-0457;STORE_03;CASH-05;2026-08-06 16:20:19;SKU-026;1;12000;0;CARD
REC-20260806-STORE_03-0457;STORE_03;CASH-04;2026-08-06 16:20:19;SKU-005;2;5000;0;CARD
REC-20260806-STORE_03-0457;STORE_03;CASH-08;2026-08-06 16:20:19;SKU-001;3;45000;0;CARD
REC-20260806-STORE_03-0457;STORE_03;CASH-09;2026-08-06 16:20:19;SKU-011;2;5000;0;CARD
REC-20260806-STORE_03-0457;STORE_03;CASH-10;2026-08-06 16:20:19;SKU-002;3;12000;1000;CARD
REC-20260806-STORE_03-0458;STORE_03;CASH-05;2026-08-06 12:06:24;SKU-001;3;45000;0;CARD
REC-20260806-STORE_03-0459;STORE_03;CASH-04;2026-08-06 13:56:37;SKU-001;1;45000;1000;CARD
REC-20260806-STORE_03-0459;STORE_03;CASH-02;2026-08-06 13:56:37;SKU-002;2;12000;0;CARD
REC-20260806-STORE_03-0459;STORE_03;CASH-06;2026-08-06 13:56:37;SKU-001;3;45000;1000;CASH
REC-20260806-STORE_03-0459;STORE_03;CASH-05;2026-08-06 13:56:37;SKU-003;1;45000;1000;CARD
REC-20260806-STORE_03-0459;STORE_03;CASH-10;2026-08-06 13:56:37;SKU-005;1;5000;0;CARD
REC-20260806-STORE_03-0460;STORE_03;CASH-04;2026-08-06 21:50:58;SKU-044;4;5000;500;CASH
REC-20260806-STORE_03-0461;STORE_03;CASH-01;2026-08-06 8:04:29;SKU-001;1;45000;0;CASH
REC-20260806-STORE_03-0461;STORE_03;CASH-05;2026-08-06 8:04:29;SKU-001;2;45000;1000;CARD
REC-20260806-STORE_03-0461;STORE_03;CASH-03;2026-08-06 8:04:29;SKU-002;3;12000;1000;CASH
REC-20260806-STORE_03-0462;STORE_03;CASH-03;2026-08-06 9:24:03;SKU-019;2;25000;0;CASH
REC-20260806-STORE_03-0462;STORE_03;CASH-08;2026-08-06 9:24:03;SKU-032;2;25000;0;CARD
REC-20260806-STORE_03-0462;STORE_03;CASH-04;2026-08-06 9:24:03;SKU-001;1;45000;1000;CARD
REC-20260806-STORE_03-0463;STORE_03;CASH-04;2026-08-06 13:35:08;SKU-002;1;12000;500;CARD
REC-20260806-STORE_03-0463;STORE_03;CASH-06;2026-08-06 13:35:08;SKU-015;3;5000;1000;CARD
REC-20260806-STORE_03-0463;STORE_03;CASH-04;2026-08-06 13:35:08;SKU-019;1;25000;0;CASH
REC-20260806-STORE_03-0463;STORE_03;CASH-07;2026-08-06 13:35:08;SKU-003;2;45000;0;CARD
REC-20260806-STORE_03-0463;STORE_03;CASH-05;2026-08-06 13:35:08;SKU-002;4;12000;0;CARD
REC-20260806-STORE_03-0464;STORE_03;CASH-07;2026-08-06 18:31:21;SKU-003;4;45000;500;CARD
REC-20260806-STORE_03-0464;STORE_03;CASH-07;2026-08-06 18:31:21;SKU-001;4;45000;0;CARD
REC-20260806-STORE_03-0464;STORE_03;CASH-09;2026-08-06 18:31:21;SKU-012;4;45000;0;CARD
REC-20260806-STORE_03-0464;STORE_03;CASH-10;2026-08-06 18:31:21;SKU-006;2;45000;0;CASH
REC-20260806-STORE_03-0465;STORE_03;CASH-06;2026-08-06 13:40:16;SKU-018;1;5000;1000;CARD
REC-20260806-STORE_03-0465;STORE_03;CASH-01;2026-08-06 13:40:16;SKU-006;3;45000;0;CARD
REC-20260806-STORE_03-0465;STORE_03;CASH-04;2026-08-06 13:40:16;SKU-001;4;45000;1000;CARD
REC-20260806-STORE_03-0465;STORE_03;CASH-07;2026-08-06 13:40:16;SKU-016;3;25000;0;CARD
REC-20260806-STORE_03-0465;STORE_03;CASH-01;2026-08-06 13:40:16;SKU-023;3;45000;1000;CARD
REC-20260806-STORE_03-0466;STORE_03;CASH-01;2026-08-06 10:47:38;SKU-002;3;12000;500;CARD
REC-20260806-STORE_03-0466;STORE_03;CASH-07;2026-08-06 10:47:38;SKU-002;3;12000;1000;CARD
REC-20260806-STORE_03-0467;STORE_03;CASH-06;2026-08-06 8:12:30;SKU-001;4;45000;0;CASH
REC-20260806-STORE_03-0468;STORE_03;CASH-05;2026-08-06 8:12:41;SKU-002;3;12000;1000;CARD
REC-20260806-STORE_03-0469;STORE_03;CASH-04;2026-08-06 15:09:49;SKU-001;2;45000;1000;CARD
REC-20260806-STORE_03-0470;STORE_03;CASH-10;2026-08-06 18:12:47;SKU-012;3;45000;500;CARD
REC-20260806-STORE_03-0470;STORE_03;CASH-05;2026-08-06 18:12:47;SKU-009;3;25000;0;CARD
REC-20260806-STORE_03-0470;STORE_03;CASH-05;2026-08-06 18:12:47;SKU-005;4;5000;1000;CASH
REC-20260806-STORE_03-0470;STORE_03;CASH-06;2026-08-06 18:12:47;SKU-005;3;5000;1000;CARD
REC-20260806-STORE_03-0471;STORE_03;CASH-06;2026-08-06 19:16:29;SKU-004;4;25000;1000;CARD
REC-20260806-STORE_03-0471;STORE_03;CASH-08;2026-08-06 19:16:29;SKU-001;4;45000;0;CARD
REC-20260806-STORE_03-0471;STORE_03;CASH-06;2026-08-06 19:16:29;SKU-010;2;25000;0;CARD
REC-20260806-STORE_03-0472;STORE_03;CASH-02;2026-08-06 20:25:38;SKU-001;1;45000;0;CARD
REC-20260806-STORE_03-0472;STORE_03;CASH-05;2026-08-06 20:25:38;SKU-014;2;5000;500;CASH
REC-20260806-STORE_03-0473;STORE_03;CASH-08;2026-08-06 14:34:14;SKU-012;2;45000;0;CARD
REC-20260806-STORE_03-0473;STORE_03;CASH-10;2026-08-06 14:34:14;SKU-036;1;45000;1000;CASH
REC-20260806-STORE_03-0473;STORE_03;CASH-05;2026-08-06 14:34:14;SKU-016;2;25000;0;CARD
REC-20260806-STORE_03-0473;STORE_03;CASH-06;2026-08-06 14:34:14;SKU-001;2;45000;1000;CASH
REC-20260806-STORE_03-0474;STORE_03;CASH-10;2026-08-06 17:16:07;SKU-012;4;45000;1000;CASH
REC-20260806-STORE_03-0474;STORE_03;CASH-09;2026-08-06 17:16:07;SKU-003;4;45000;0;CARD
REC-20260806-STORE_03-0474;STORE_03;CASH-08;2026-08-06 17:16:07;SKU-001;3;45000;0;CASH
REC-20260806-STORE_03-0474;STORE_03;CASH-10;2026-08-06 17:16:07;SKU-001;3;45000;0;CARD
REC-20260806-STORE_03-0475;STORE_03;CASH-08;2026-08-06 19:51:21;SKU-040;2;25000;0;CASH
REC-20260806-STORE_03-0475;STORE_03;CASH-02;2026-08-06 19:51:21;SKU-002;1;12000;0;CARD
REC-20260806-STORE_03-0475;STORE_03;CASH-02;2026-08-06 19:51:21;SKU-023;3;45000;0;CARD
REC-20260806-STORE_03-0476;STORE_03;CASH-03;2026-08-06 9:13:02;SKU-001;4;45000;0;CASH
REC-20260806-STORE_03-0476;STORE_03;CASH-02;2026-08-06 9:13:02;SKU-001;4;45000;500;CASH
REC-20260806-STORE_03-0477;STORE_03;CASH-05;2026-08-06 8:49:46;SKU-004;4;25000;500;CARD
REC-20260806-STORE_03-0478;STORE_03;CASH-09;2026-08-06 15:35:17;SKU-007;4;12000;0;CASH
REC-20260806-STORE_03-0478;STORE_03;CASH-10;2026-08-06 15:35:17;SKU-043;3;25000;0;CARD
REC-20260806-STORE_03-0478;STORE_03;CASH-02;2026-08-06 15:35:17;SKU-049;4;5000;0;CASH
REC-20260806-STORE_03-0478;STORE_03;CASH-02;2026-08-06 15:35:17;SKU-001;3;45000;0;CASH
REC-20260806-STORE_03-0478;STORE_03;CASH-03;2026-08-06 15:35:17;SKU-037;4;45000;0;CASH
REC-20260806-STORE_03-0479;STORE_03;CASH-07;2026-08-06 15:59:09;SKU-002;3;12000;1000;CARD
REC-20260806-STORE_03-0479;STORE_03;CASH-08;2026-08-06 15:59:09;SKU-014;2;5000;0;CASH
REC-20260806-STORE_03-0479;STORE_03;CASH-04;2026-08-06 15:59:09;SKU-004;3;25000;1000;CARD
REC-20260806-STORE_03-0479;STORE_03;CASH-02;2026-08-06 15:59:09;SKU-007;3;12000;500;CASH
REC-20260806-STORE_03-0480;STORE_03;CASH-09;2026-08-06 16:57:52;SKU-001;3;45000;0;CARD
REC-20260806-STORE_03-0480;STORE_03;CASH-04;2026-08-06 16:57:52;SKU-004;3;25000;1000;CARD
REC-20260806-STORE_03-0481;STORE_03;CASH-03;2026-08-06 11:19:40;SKU-001;4;45000;1000;CARD
REC-20260806-STORE_03-0481;STORE_03;CASH-04;2026-08-06 11:19:40;SKU-001;2;45000;0;CARD
REC-20260806-STORE_03-0482;STORE_03;CASH-04;2026-08-06 17:36:21;SKU-001;2;45000;0;CASH
REC-20260806-STORE_03-0482;STORE_03;CASH-03;2026-08-06 17:36:21;SKU-005;2;5000;500;CASH
REC-20260806-STORE_03-0482;STORE_03;CASH-08;2026-08-06 17:36:21;SKU-046;3;25000;1000;CARD
REC-20260806-STORE_03-0482;STORE_03;CASH-03;2026-08-06 17:36:21;SKU-001;1;45000;500;CASH
REC-20260806-STORE_03-0483;STORE_03;CASH-07;2026-08-06 20:29:40;SKU-016;4;25000;500;CARD
REC-20260806-STORE_03-0484;STORE_03;CASH-04;2026-08-06 15:14:03;SKU-019;3;25000;500;CARD
REC-20260806-STORE_03-0484;STORE_03;CASH-01;2026-08-06 15:14:03;SKU-003;4;45000;0;CARD
REC-20260806-STORE_03-0484;STORE_03;CASH-09;2026-08-06 15:14:03;SKU-043;4;25000;1000;CARD
REC-20260806-STORE_03-0484;STORE_03;CASH-04;2026-08-06 15:14:03;SKU-002;1;12000;0;CASH
REC-20260806-STORE_03-0484;STORE_03;CASH-08;2026-08-06 15:14:03;SKU-012;4;45000;1000;CARD
REC-20260806-STORE_03-0485;STORE_03;CASH-06;2026-08-06 12:00:39;SKU-008;1;12000;0;CARD
REC-20260806-STORE_03-0486;STORE_03;CASH-03;2026-08-06 21:02:43;SKU-023;1;45000;0;CARD
REC-20260806-STORE_03-0486;STORE_03;CASH-05;2026-08-06 21:02:43;SKU-016;3;25000;0;CARD
REC-20260806-STORE_03-0486;STORE_03;CASH-01;2026-08-06 21:02:43;SKU-001;1;45000;1000;CARD
REC-20260806-STORE_03-0487;STORE_03;CASH-06;2026-08-06 10:25:26;SKU-002;2;12000;0;CARD
REC-20260806-STORE_03-0487;STORE_03;CASH-03;2026-08-06 10:25:26;SKU-015;1;5000;1000;CARD
REC-20260806-STORE_03-0487;STORE_03;CASH-04;2026-08-06 10:25:26;SKU-001;4;45000;1000;CARD
REC-20260806-STORE_03-0488;STORE_03;CASH-10;2026-08-06 13:48:55;SKU-005;1;5000;0;CARD
REC-20260806-STORE_03-0488;STORE_03;CASH-03;2026-08-06 13:48:55;SKU-013;4;12000;0;CASH
REC-20260806-STORE_03-0488;STORE_03;CASH-07;2026-08-06 13:48:55;SKU-001;4;45000;0;CARD
REC-20260806-STORE_03-0489;STORE_03;CASH-06;2026-08-06 13:25:01;SKU-029;3;5000;0;CARD
REC-20260806-STORE_03-0489;STORE_03;CASH-06;2026-08-06 13:25:01;SKU-005;4;5000;0;CARD
REC-20260806-STORE_03-0489;STORE_03;CASH-06;2026-08-06 13:25:01;SKU-003;2;45000;0;CASH
REC-20260806-STORE_03-0490;STORE_03;CASH-02;2026-08-06 12:12:15;SKU-005;1;5000;0;CASH
REC-20260806-STORE_03-0490;STORE_03;CASH-04;2026-08-06 12:12:15;SKU-001;4;45000;0;CASH
REC-20260806-STORE_03-0490;STORE_03;CASH-08;2026-08-06 12:12:15;SKU-010;2;25000;0;CASH
REC-20260806-STORE_03-0490;STORE_03;CASH-01;2026-08-06 12:12:15;SKU-040;1;25000;500;CASH
REC-20260806-STORE_03-0491;STORE_03;CASH-01;2026-08-06 14:43:55;SKU-034;4;25000;0;CARD
REC-20260806-STORE_03-0491;STORE_03;CASH-09;2026-08-06 14:43:55;SKU-005;4;5000;0;CARD
REC-20260806-STORE_03-0491;STORE_03;CASH-03;2026-08-06 14:43:55;SKU-044;1;5000;0;CARD
REC-20260806-STORE_03-0491;STORE_03;CASH-06;2026-08-06 14:43:55;SKU-004;2;25000;500;CARD
REC-20260806-STORE_03-0492;STORE_03;CASH-01;2026-08-06 15:19:28;SKU-016;3;25000;0;CARD
REC-20260806-STORE_03-0492;STORE_03;CASH-06;2026-08-06 15:19:28;SKU-010;2;25000;0;CARD
REC-20260806-STORE_03-0492;STORE_03;CASH-04;2026-08-06 15:19:28;SKU-002;4;12000;1000;CASH
REC-20260806-STORE_03-0492;STORE_03;CASH-04;2026-08-06 15:19:28;SKU-046;1;25000;0;CASH
REC-20260806-STORE_03-0493;STORE_03;CASH-09;2026-08-06 13:39:09;SKU-001;4;45000;0;CARD
REC-20260806-STORE_03-0494;STORE_03;CASH-05;2026-08-06 20:49:56;SKU-002;3;12000;0;CARD
REC-20260806-STORE_03-0495;STORE_03;CASH-10;2026-08-06 8:42:02;SKU-010;3;25000;500;CASH
REC-20260806-STORE_03-0495;STORE_03;CASH-02;2026-08-06 8:42:02;SKU-001;4;45000;0;CASH
REC-20260806-STORE_03-0495;STORE_03;CASH-07;2026-08-06 8:42:02;SKU-010;4;25000;0;CASH
REC-20260806-STORE_03-0496;STORE_03;CASH-02;2026-08-06 21:42:12;SKU-019;4;25000;1000;CASH
REC-20260806-STORE_03-0497;STORE_03;CASH-07;2026-08-06 8:51:22;SKU-003;4;45000;0;CARD
REC-20260806-STORE_03-0498;STORE_03;CASH-10;2026-08-06 21:26:29;SKU-001;3;45000;0;CARD
REC-20260806-STORE_03-0498;STORE_03;CASH-09;2026-08-06 21:26:29;SKU-017;3;12000;1000;CARD
REC-20260806-STORE_03-0498;STORE_03;CASH-07;2026-08-06 21:26:29;SKU-005;3;5000;0;CARD
REC-20260806-STORE_03-0498;STORE_03;CASH-08;2026-08-06 21:26:29;SKU-007;2;12000;0;CARD
REC-20260806-STORE_03-0498;STORE_03;CASH-08;2026-08-06 21:26:29;SKU-004;1;25000;0;CARD
REC-20260806-STORE_03-0499;STORE_03;CASH-09;2026-08-06 8:19:36;SKU-011;2;5000;1000;CARD
REC-20260806-STORE_03-0499;STORE_03;CASH-08;2026-08-06 8:19:36;SKU-007;1;12000;0;CARD
REC-20260806-STORE_03-0500;STORE_03;CASH-05;2026-08-06 21:16:11;SKU-001;3;45000;500;CARD
REC-20260806-STORE_03-0500;STORE_03;CASH-02;2026-08-06 21:16:11;SKU-034;4;25000;0;CARD
REC-20260806-STORE_04-0001;STORE_04;CASH-07;2026-08-06 18:55:50;SKU-003;2;45000;1000;CARD
REC-20260806-STORE_04-0001;STORE_04;CASH-01;2026-08-06 18:55:50;SKU-023;2;45000;1000;CASH
REC-20260806-STORE_04-0001;STORE_04;CASH-06;2026-08-06 18:55:50;SKU-013;4;12000;0;CARD
REC-20260806-STORE_04-0001;STORE_04;CASH-01;2026-08-06 18:55:50;SKU-002;4;12000;500;CARD
REC-20260806-STORE_04-0002;STORE_04;CASH-10;2026-08-06 13:21:28;SKU-003;1;45000;0;CARD
REC-20260806-STORE_04-0002;STORE_04;CASH-03;2026-08-06 13:21:28;SKU-033;2;5000;0;CARD
REC-20260806-STORE_04-0002;STORE_04;CASH-08;2026-08-06 13:21:28;SKU-010;3;25000;0;CARD
REC-20260806-STORE_04-0003;STORE_04;CASH-03;2026-08-06 17:04:57;SKU-041;4;25000;0;CARD
REC-20260806-STORE_04-0004;STORE_04;CASH-02;2026-08-06 14:05:27;SKU-001;4;45000;0;CASH
REC-20260806-STORE_04-0005;STORE_04;CASH-03;2026-08-06 21:05:43;SKU-028;4;5000;0;CARD
REC-20260806-STORE_04-0005;STORE_04;CASH-03;2026-08-06 21:05:43;SKU-014;4;5000;1000;CASH
REC-20260806-STORE_04-0005;STORE_04;CASH-08;2026-08-06 21:05:43;SKU-003;2;45000;0;CARD
REC-20260806-STORE_04-0006;STORE_04;CASH-02;2026-08-06 8:12:33;SKU-027;3;5000;0;CARD
REC-20260806-STORE_04-0006;STORE_04;CASH-03;2026-08-06 8:12:33;SKU-001;2;45000;1000;CASH
REC-20260806-STORE_04-0006;STORE_04;CASH-10;2026-08-06 8:12:33;SKU-015;1;5000;0;CASH
REC-20260806-STORE_04-0006;STORE_04;CASH-10;2026-08-06 8:12:33;SKU-013;1;12000;0;CARD
REC-20260806-STORE_04-0007;STORE_04;CASH-03;2026-08-06 10:18:01;SKU-006;4;45000;0;CARD
REC-20260806-STORE_04-0007;STORE_04;CASH-02;2026-08-06 10:18:01;SKU-032;2;25000;500;CARD
REC-20260806-STORE_04-0007;STORE_04;CASH-09;2026-08-06 10:18:01;SKU-001;3;45000;0;CARD
REC-20260806-STORE_04-0007;STORE_04;CASH-06;2026-08-06 10:18:01;SKU-007;3;12000;500;CARD
REC-20260806-STORE_04-0008;STORE_04;CASH-01;2026-08-06 21:25:37;SKU-022;3;12000;500;CARD
REC-20260806-STORE_04-0009;STORE_04;CASH-04;2026-08-06 8:54:00;SKU-041;1;25000;0;CARD
REC-20260806-STORE_04-0009;STORE_04;CASH-02;2026-08-06 8:54:00;SKU-007;2;12000;0;CARD
REC-20260806-STORE_04-0009;STORE_04;CASH-04;2026-08-06 8:54:00;SKU-008;2;12000;0;CARD
REC-20260806-STORE_04-0009;STORE_04;CASH-04;2026-08-06 8:54:00;SKU-022;2;12000;1000;CARD
REC-20260806-STORE_04-0009;STORE_04;CASH-02;2026-08-06 8:54:00;SKU-009;4;25000;500;CARD
REC-20260806-STORE_04-0010;STORE_04;CASH-06;2026-08-06 11:16:18;SKU-001;3;45000;0;CARD
REC-20260806-STORE_04-0010;STORE_04;CASH-04;2026-08-06 11:16:18;SKU-009;1;25000;0;CASH
REC-20260806-STORE_04-0010;STORE_04;CASH-01;2026-08-06 11:16:18;SKU-029;3;5000;0;CASH
REC-20260806-STORE_04-0010;STORE_04;CASH-05;2026-08-06 11:16:18;SKU-002;4;12000;1000;CASH
REC-20260806-STORE_04-0010;STORE_04;CASH-07;2026-08-06 11:16:18;SKU-002;3;12000;500;CASH
REC-20260806-STORE_04-0011;STORE_04;CASH-09;2026-08-06 13:24:41;SKU-001;4;45000;0;CARD
REC-20260806-STORE_04-0011;STORE_04;CASH-06;2026-08-06 13:24:41;SKU-050;1;25000;0;CASH
REC-20260806-STORE_04-0011;STORE_04;CASH-07;2026-08-06 13:24:41;SKU-019;2;25000;0;CARD
REC-20260806-STORE_04-0011;STORE_04;CASH-04;2026-08-06 13:24:41;SKU-002;2;12000;1000;CARD
REC-20260806-STORE_04-0012;STORE_04;CASH-10;2026-08-06 17:23:20;SKU-003;3;45000;500;CASH
REC-20260806-STORE_04-0012;STORE_04;CASH-01;2026-08-06 17:23:20;SKU-024;3;12000;1000;CASH
REC-20260806-STORE_04-0012;STORE_04;CASH-08;2026-08-06 17:23:20;SKU-014;3;5000;0;CASH
REC-20260806-STORE_04-0012;STORE_04;CASH-07;2026-08-06 17:23:20;SKU-003;2;45000;1000;CARD
REC-20260806-STORE_04-0013;STORE_04;CASH-09;2026-08-06 8:15:30;SKU-019;1;25000;0;CARD
REC-20260806-STORE_04-0013;STORE_04;CASH-05;2026-08-06 8:15:30;SKU-004;3;25000;0;CARD
REC-20260806-STORE_04-0014;STORE_04;CASH-09;2026-08-06 21:57:09;SKU-001;3;45000;0;CASH
REC-20260806-STORE_04-0014;STORE_04;CASH-04;2026-08-06 21:57:09;SKU-003;4;45000;500;CARD
REC-20260806-STORE_04-0014;STORE_04;CASH-03;2026-08-06 21:57:09;SKU-005;1;5000;0;CASH
REC-20260806-STORE_04-0015;STORE_04;CASH-02;2026-08-06 15:04:11;SKU-009;3;25000;500;CARD
REC-20260806-STORE_04-0015;STORE_04;CASH-01;2026-08-06 15:04:11;SKU-010;3;25000;500;CARD
REC-20260806-STORE_04-0015;STORE_04;CASH-10;2026-08-06 15:04:11;SKU-005;4;5000;500;CARD
REC-20260806-STORE_04-0015;STORE_04;CASH-05;2026-08-06 15:04:11;SKU-002;3;12000;0;CARD
REC-20260806-STORE_04-0016;STORE_04;CASH-08;2026-08-06 9:09:48;SKU-025;2;5000;500;CASH
REC-20260806-STORE_04-0016;STORE_04;CASH-02;2026-08-06 9:09:48;SKU-001;4;45000;500;CARD
REC-20260806-STORE_04-0017;STORE_04;CASH-05;2026-08-06 21:59:20;SKU-041;1;25000;500;CARD
REC-20260806-STORE_04-0017;STORE_04;CASH-04;2026-08-06 21:59:20;SKU-024;2;12000;0;CARD
REC-20260806-STORE_04-0017;STORE_04;CASH-01;2026-08-06 21:59:20;SKU-008;1;12000;500;CARD
REC-20260806-STORE_04-0017;STORE_04;CASH-04;2026-08-06 21:59:20;SKU-005;4;5000;0;CARD
REC-20260806-STORE_04-0017;STORE_04;CASH-09;2026-08-06 21:59:20;SKU-015;3;5000;0;CASH
REC-20260806-STORE_04-0018;STORE_04;CASH-02;2026-08-06 12:27:28;SKU-028;2;5000;0;CASH
REC-20260806-STORE_04-0018;STORE_04;CASH-07;2026-08-06 12:27:28;SKU-003;3;45000;0;CASH
REC-20260806-STORE_04-0018;STORE_04;CASH-01;2026-08-06 12:27:28;SKU-002;4;12000;0;CARD
REC-20260806-STORE_04-0018;STORE_04;CASH-01;2026-08-06 12:27:28;SKU-006;4;45000;0;CARD
REC-20260806-STORE_04-0018;STORE_04;CASH-07;2026-08-06 12:27:28;SKU-032;3;25000;500;CARD
REC-20260806-STORE_04-0019;STORE_04;CASH-08;2026-08-06 11:42:26;SKU-007;4;12000;500;CARD
REC-20260806-STORE_04-0020;STORE_04;CASH-05;2026-08-06 17:50:19;SKU-013;1;12000;1000;CARD
REC-20260806-STORE_04-0020;STORE_04;CASH-02;2026-08-06 17:50:19;SKU-028;1;5000;0;CARD
REC-20260806-STORE_04-0020;STORE_04;CASH-03;2026-08-06 17:50:19;SKU-007;2;12000;1000;CARD
REC-20260806-STORE_04-0020;STORE_04;CASH-08;2026-08-06 17:50:19;SKU-002;4;12000;0;CASH
REC-20260806-STORE_04-0021;STORE_04;CASH-04;2026-08-06 9:19:46;SKU-020;1;12000;0;CARD
REC-20260806-STORE_04-0021;STORE_04;CASH-03;2026-08-06 9:19:46;SKU-036;2;45000;0;CARD
REC-20260806-STORE_04-0021;STORE_04;CASH-07;2026-08-06 9:19:46;SKU-001;2;45000;0;CARD
REC-20260806-STORE_04-0022;STORE_04;CASH-06;2026-08-06 13:32:24;SKU-012;2;45000;0;CARD
REC-20260806-STORE_04-0022;STORE_04;CASH-07;2026-08-06 13:32:24;SKU-002;3;12000;0;CARD
REC-20260806-STORE_04-0022;STORE_04;CASH-05;2026-08-06 13:32:24;SKU-007;1;12000;1000;CASH
REC-20260806-STORE_04-0022;STORE_04;CASH-06;2026-08-06 13:32:24;SKU-031;4;45000;1000;CARD
REC-20260806-STORE_04-0023;STORE_04;CASH-07;2026-08-06 13:50:54;SKU-003;4;45000;0;CASH
REC-20260806-STORE_04-0023;STORE_04;CASH-10;2026-08-06 13:50:54;SKU-008;1;12000;0;CARD
REC-20260806-STORE_04-0023;STORE_04;CASH-10;2026-08-06 13:50:54;SKU-008;1;12000;0;CARD
REC-20260806-STORE_04-0024;STORE_04;CASH-04;2026-08-06 15:06:50;SKU-001;4;45000;0;CARD
REC-20260806-STORE_04-0024;STORE_04;CASH-09;2026-08-06 15:06:50;SKU-001;3;45000;1000;CASH
REC-20260806-STORE_04-0025;STORE_04;CASH-07;2026-08-06 15:31:25;SKU-001;1;45000;0;CASH
REC-20260806-STORE_04-0025;STORE_04;CASH-04;2026-08-06 15:31:25;SKU-001;1;45000;500;CARD
REC-20260806-STORE_04-0025;STORE_04;CASH-04;2026-08-06 15:31:25;SKU-001;2;45000;1000;CASH
REC-20260806-STORE_04-0025;STORE_04;CASH-09;2026-08-06 15:31:25;SKU-017;4;12000;0;CARD
REC-20260806-STORE_04-0025;STORE_04;CASH-03;2026-08-06 15:31:25;SKU-001;3;45000;0;CARD
REC-20260806-STORE_04-0026;STORE_04;CASH-07;2026-08-06 20:53:54;SKU-002;4;12000;1000;CASH
REC-20260806-STORE_04-0027;STORE_04;CASH-10;2026-08-06 14:08:08;SKU-005;4;5000;0;CASH
REC-20260806-STORE_04-0028;STORE_04;CASH-06;2026-08-06 18:51:57;SKU-006;4;45000;1000;CARD
REC-20260806-STORE_04-0028;STORE_04;CASH-01;2026-08-06 18:51:57;SKU-012;2;45000;0;CASH
REC-20260806-STORE_04-0028;STORE_04;CASH-01;2026-08-06 18:51:57;SKU-001;4;45000;500;CASH
REC-20260806-STORE_04-0029;STORE_04;CASH-03;2026-08-06 16:28:44;SKU-008;4;12000;0;CASH
REC-20260806-STORE_04-0029;STORE_04;CASH-09;2026-08-06 16:28:44;SKU-038;4;12000;500;CARD
REC-20260806-STORE_04-0029;STORE_04;CASH-04;2026-08-06 16:28:44;SKU-003;2;45000;0;CASH
REC-20260806-STORE_04-0030;STORE_04;CASH-01;2026-08-06 17:32:01;SKU-001;4;45000;1000;CASH
REC-20260806-STORE_04-0030;STORE_04;CASH-01;2026-08-06 17:32:01;SKU-010;3;25000;500;CARD
REC-20260806-STORE_04-0030;STORE_04;CASH-02;2026-08-06 17:32:01;SKU-001;4;45000;500;CARD
REC-20260806-STORE_04-0030;STORE_04;CASH-10;2026-08-06 17:32:01;SKU-008;4;12000;500;CASH
REC-20260806-STORE_04-0031;STORE_04;CASH-10;2026-08-06 15:55:10;SKU-006;2;45000;0;CARD
REC-20260806-STORE_04-0031;STORE_04;CASH-06;2026-08-06 15:55:10;SKU-002;3;12000;0;CARD
REC-20260806-STORE_04-0031;STORE_04;CASH-06;2026-08-06 15:55:10;SKU-001;1;45000;0;CASH
REC-20260806-STORE_04-0032;STORE_04;CASH-09;2026-08-06 8:08:54;SKU-011;3;5000;500;CARD
REC-20260806-STORE_04-0032;STORE_04;CASH-07;2026-08-06 8:08:54;SKU-002;3;12000;0;CARD
REC-20260806-STORE_04-0033;STORE_04;CASH-02;2026-08-06 13:11:59;SKU-019;4;25000;0;CARD
REC-20260806-STORE_04-0033;STORE_04;CASH-09;2026-08-06 13:11:59;SKU-011;2;5000;0;CARD
REC-20260806-STORE_04-0034;STORE_04;CASH-10;2026-08-06 13:57:29;SKU-030;4;45000;0;CARD
REC-20260806-STORE_04-0034;STORE_04;CASH-05;2026-08-06 13:57:29;SKU-009;2;25000;0;CARD
REC-20260806-STORE_04-0035;STORE_04;CASH-06;2026-08-06 19:57:57;SKU-005;3;5000;0;CARD
REC-20260806-STORE_04-0035;STORE_04;CASH-05;2026-08-06 19:57:57;SKU-009;4;25000;0;CARD
REC-20260806-STORE_04-0035;STORE_04;CASH-03;2026-08-06 19:57:57;SKU-018;4;5000;0;CARD
REC-20260806-STORE_04-0035;STORE_04;CASH-10;2026-08-06 19:57:57;SKU-001;3;45000;0;CASH
REC-20260806-STORE_04-0036;STORE_04;CASH-03;2026-08-06 20:55:31;SKU-007;4;12000;0;CARD
REC-20260806-STORE_04-0036;STORE_04;CASH-06;2026-08-06 20:55:31;SKU-032;3;25000;500;CARD
REC-20260806-STORE_04-0036;STORE_04;CASH-02;2026-08-06 20:55:31;SKU-046;3;25000;0;CASH
REC-20260806-STORE_04-0036;STORE_04;CASH-07;2026-08-06 20:55:31;SKU-007;1;12000;0;CARD
REC-20260806-STORE_04-0036;STORE_04;CASH-08;2026-08-06 20:55:31;SKU-007;1;12000;0;CARD
REC-20260806-STORE_04-0037;STORE_04;CASH-02;2026-08-06 15:10:54;SKU-025;4;5000;0;CARD
REC-20260806-STORE_04-0037;STORE_04;CASH-02;2026-08-06 15:10:54;SKU-014;1;5000;500;CASH
REC-20260806-STORE_04-0037;STORE_04;CASH-09;2026-08-06 15:10:54;SKU-007;4;12000;0;CARD
REC-20260806-STORE_04-0037;STORE_04;CASH-05;2026-08-06 15:10:54;SKU-001;4;45000;0;CARD
REC-20260806-STORE_04-0037;STORE_04;CASH-01;2026-08-06 15:10:54;SKU-003;3;45000;500;CARD
REC-20260806-STORE_04-0038;STORE_04;CASH-06;2026-08-06 8:46:45;SKU-010;2;25000;0;CARD
REC-20260806-STORE_04-0038;STORE_04;CASH-01;2026-08-06 8:46:45;SKU-001;1;45000;0;CARD
REC-20260806-STORE_04-0038;STORE_04;CASH-02;2026-08-06 8:46:45;SKU-028;2;5000;500;CARD
REC-20260806-STORE_04-0038;STORE_04;CASH-04;2026-08-06 8:46:45;SKU-001;3;45000;500;CARD
REC-20260806-STORE_04-0039;STORE_04;CASH-03;2026-08-06 21:33:41;SKU-006;3;45000;0;CARD
REC-20260806-STORE_04-0039;STORE_04;CASH-06;2026-08-06 21:33:41;SKU-008;1;12000;0;CARD
REC-20260806-STORE_04-0039;STORE_04;CASH-05;2026-08-06 21:33:41;SKU-003;1;45000;0;CARD
REC-20260806-STORE_04-0039;STORE_04;CASH-01;2026-08-06 21:33:41;SKU-029;1;5000;0;CASH
REC-20260806-STORE_04-0039;STORE_04;CASH-04;2026-08-06 21:33:41;SKU-001;1;45000;0;CARD
REC-20260806-STORE_04-0040;STORE_04;CASH-10;2026-08-06 13:35:45;SKU-027;2;5000;1000;CASH
REC-20260806-STORE_04-0040;STORE_04;CASH-05;2026-08-06 13:35:45;SKU-002;4;12000;1000;CARD
REC-20260806-STORE_04-0040;STORE_04;CASH-01;2026-08-06 13:35:45;SKU-004;4;25000;1000;CARD
REC-20260806-STORE_04-0041;STORE_04;CASH-08;2026-08-06 20:41:42;SKU-001;1;45000;0;CASH
REC-20260806-STORE_04-0041;STORE_04;CASH-09;2026-08-06 20:41:42;SKU-001;2;45000;500;CASH
REC-20260806-STORE_04-0041;STORE_04;CASH-01;2026-08-06 20:41:42;SKU-002;3;12000;0;CARD
REC-20260806-STORE_04-0042;STORE_04;CASH-08;2026-08-06 9:22:23;SKU-005;3;5000;0;CASH
REC-20260806-STORE_04-0042;STORE_04;CASH-10;2026-08-06 9:22:23;SKU-008;1;12000;0;CASH
REC-20260806-STORE_04-0042;STORE_04;CASH-03;2026-08-06 9:22:23;SKU-023;1;45000;0;CARD
REC-20260806-STORE_04-0043;STORE_04;CASH-08;2026-08-06 9:39:19;SKU-001;3;45000;0;CASH
REC-20260806-STORE_04-0043;STORE_04;CASH-04;2026-08-06 9:39:19;SKU-002;3;12000;1000;CARD
REC-20260806-STORE_04-0043;STORE_04;CASH-01;2026-08-06 9:39:19;SKU-001;3;45000;500;CASH
REC-20260806-STORE_04-0043;STORE_04;CASH-08;2026-08-06 9:39:19;SKU-001;4;45000;500;CASH
REC-20260806-STORE_04-0043;STORE_04;CASH-02;2026-08-06 9:39:19;SKU-012;1;45000;1000;CARD
REC-20260806-STORE_04-0044;STORE_04;CASH-07;2026-08-06 16:04:16;SKU-031;2;45000;1000;CASH
REC-20260806-STORE_04-0045;STORE_04;CASH-07;2026-08-06 17:40:09;SKU-001;3;45000;0;CARD
REC-20260806-STORE_04-0045;STORE_04;CASH-04;2026-08-06 17:40:09;SKU-002;1;12000;0;CARD
REC-20260806-STORE_04-0045;STORE_04;CASH-05;2026-08-06 17:40:09;SKU-002;1;12000;0;CARD
REC-20260806-STORE_04-0045;STORE_04;CASH-07;2026-08-06 17:40:09;SKU-001;3;45000;500;CARD
REC-20260806-STORE_04-0046;STORE_04;CASH-04;2026-08-06 21:43:29;SKU-003;2;45000;1000;CARD
REC-20260806-STORE_04-0047;STORE_04;CASH-04;2026-08-06 20:07:53;SKU-018;2;5000;1000;CASH
REC-20260806-STORE_04-0047;STORE_04;CASH-02;2026-08-06 20:07:53;SKU-002;4;12000;500;CARD
REC-20260806-STORE_04-0047;STORE_04;CASH-06;2026-08-06 20:07:53;SKU-002;1;12000;0;CASH
REC-20260806-STORE_04-0047;STORE_04;CASH-03;2026-08-06 20:07:53;SKU-018;4;5000;1000;CARD
REC-20260806-STORE_04-0047;STORE_04;CASH-02;2026-08-06 20:07:53;SKU-001;2;45000;500;CARD
REC-20260806-STORE_04-0048;STORE_04;CASH-05;2026-08-06 11:36:47;SKU-003;2;45000;0;CASH
REC-20260806-STORE_04-0048;STORE_04;CASH-07;2026-08-06 11:36:47;SKU-012;3;45000;0;CASH
REC-20260806-STORE_04-0048;STORE_04;CASH-03;2026-08-06 11:36:47;SKU-014;2;5000;0;CASH
REC-20260806-STORE_04-0048;STORE_04;CASH-08;2026-08-06 11:36:47;SKU-004;3;25000;0;CASH
REC-20260806-STORE_04-0049;STORE_04;CASH-08;2026-08-06 11:03:17;SKU-030;1;45000;500;CARD
REC-20260806-STORE_04-0049;STORE_04;CASH-08;2026-08-06 11:03:17;SKU-005;4;5000;1000;CARD
REC-20260806-STORE_04-0049;STORE_04;CASH-09;2026-08-06 11:03:17;SKU-017;3;12000;500;CARD
REC-20260806-STORE_04-0049;STORE_04;CASH-02;2026-08-06 11:03:17;SKU-008;1;12000;0;CARD
REC-20260806-STORE_04-0049;STORE_04;CASH-09;2026-08-06 11:03:17;SKU-008;2;12000;0;CARD
REC-20260806-STORE_04-0050;STORE_04;CASH-01;2026-08-06 15:42:14;SKU-009;4;25000;1000;CARD
REC-20260806-STORE_04-0050;STORE_04;CASH-09;2026-08-06 15:42:14;SKU-003;2;45000;1000;CARD
REC-20260806-STORE_04-0051;STORE_04;CASH-10;2026-08-06 12:58:36;SKU-011;2;5000;1000;CARD
REC-20260806-STORE_04-0051;STORE_04;CASH-02;2026-08-06 12:58:36;SKU-002;1;12000;500;CASH
REC-20260806-STORE_04-0051;STORE_04;CASH-01;2026-08-06 12:58:36;SKU-017;4;12000;1000;CARD
REC-20260806-STORE_04-0051;STORE_04;CASH-03;2026-08-06 12:58:36;SKU-007;4;12000;0;CASH
REC-20260806-STORE_04-0051;STORE_04;CASH-04;2026-08-06 12:58:36;SKU-023;4;45000;0;CARD
REC-20260806-STORE_04-0052;STORE_04;CASH-10;2026-08-06 14:23:18;SKU-010;2;25000;1000;CARD
REC-20260806-STORE_04-0052;STORE_04;CASH-01;2026-08-06 14:23:18;SKU-007;2;12000;1000;CARD
REC-20260806-STORE_04-0052;STORE_04;CASH-08;2026-08-06 14:23:18;SKU-015;4;5000;0;CARD
REC-20260806-STORE_04-0052;STORE_04;CASH-09;2026-08-06 14:23:18;SKU-004;2;25000;0;CASH
REC-20260806-STORE_04-0052;STORE_04;CASH-03;2026-08-06 14:23:18;SKU-001;3;45000;0;CARD
REC-20260806-STORE_04-0053;STORE_04;CASH-02;2026-08-06 18:44:26;SKU-046;4;25000;0;CASH
REC-20260806-STORE_04-0053;STORE_04;CASH-04;2026-08-06 18:44:26;SKU-036;2;45000;0;CARD
REC-20260806-STORE_04-0054;STORE_04;CASH-05;2026-08-06 19:53:50;SKU-004;4;25000;1000;CARD
REC-20260806-STORE_04-0054;STORE_04;CASH-04;2026-08-06 19:53:50;SKU-001;2;45000;0;CASH
REC-20260806-STORE_04-0054;STORE_04;CASH-08;2026-08-06 19:53:50;SKU-001;2;45000;0;CARD
REC-20260806-STORE_04-0054;STORE_04;CASH-02;2026-08-06 19:53:50;SKU-001;4;45000;0;CARD
REC-20260806-STORE_04-0055;STORE_04;CASH-03;2026-08-06 9:58:41;SKU-014;2;5000;0;CARD
REC-20260806-STORE_04-0055;STORE_04;CASH-09;2026-08-06 9:58:41;SKU-001;2;45000;0;CASH
REC-20260806-STORE_04-0055;STORE_04;CASH-07;2026-08-06 9:58:41;SKU-031;2;45000;1000;CARD
REC-20260806-STORE_04-0056;STORE_04;CASH-01;2026-08-06 18:06:17;SKU-027;2;5000;0;CASH
REC-20260806-STORE_04-0056;STORE_04;CASH-10;2026-08-06 18:06:17;SKU-004;1;25000;500;CARD
REC-20260806-STORE_04-0057;STORE_04;CASH-04;2026-08-06 16:55:45;SKU-002;1;12000;0;CARD
REC-20260806-STORE_04-0057;STORE_04;CASH-07;2026-08-06 16:55:45;SKU-001;3;45000;0;CARD
REC-20260806-STORE_04-0057;STORE_04;CASH-04;2026-08-06 16:55:45;SKU-001;4;45000;500;CARD
REC-20260806-STORE_04-0058;STORE_04;CASH-01;2026-08-06 19:01:32;SKU-038;4;12000;0;CASH
REC-20260806-STORE_04-0058;STORE_04;CASH-01;2026-08-06 19:01:32;SKU-026;3;12000;0;CARD
REC-20260806-STORE_04-0058;STORE_04;CASH-03;2026-08-06 19:01:32;SKU-022;3;12000;1000;CASH
REC-20260806-STORE_04-0058;STORE_04;CASH-04;2026-08-06 19:01:32;SKU-006;2;45000;0;CASH
REC-20260806-STORE_04-0058;STORE_04;CASH-03;2026-08-06 19:01:32;SKU-007;3;12000;0;CARD
REC-20260806-STORE_04-0059;STORE_04;CASH-10;2026-08-06 18:37:46;SKU-010;1;25000;0;CARD
REC-20260806-STORE_04-0059;STORE_04;CASH-01;2026-08-06 18:37:46;SKU-005;3;5000;0;CARD
REC-20260806-STORE_04-0059;STORE_04;CASH-03;2026-08-06 18:37:46;SKU-020;2;12000;0;CASH
REC-20260806-STORE_04-0059;STORE_04;CASH-09;2026-08-06 18:37:46;SKU-001;2;45000;0;CASH
REC-20260806-STORE_04-0060;STORE_04;CASH-10;2026-08-06 13:50:44;SKU-001;4;45000;0;CASH
REC-20260806-STORE_04-0060;STORE_04;CASH-06;2026-08-06 13:50:44;SKU-001;2;45000;0;CARD
REC-20260806-STORE_04-0061;STORE_04;CASH-02;2026-08-06 17:49:30;SKU-002;2;12000;0;CARD
REC-20260806-STORE_04-0061;STORE_04;CASH-05;2026-08-06 17:49:30;SKU-001;1;45000;500;CARD
REC-20260806-STORE_04-0061;STORE_04;CASH-07;2026-08-06 17:49:30;SKU-002;3;12000;0;CASH
REC-20260806-STORE_04-0061;STORE_04;CASH-08;2026-08-06 17:49:30;SKU-003;1;45000;1000;CARD
REC-20260806-STORE_04-0062;STORE_04;CASH-07;2026-08-06 13:41:33;SKU-001;3;45000;1000;CASH
REC-20260806-STORE_04-0062;STORE_04;CASH-01;2026-08-06 13:41:33;SKU-008;2;12000;0;CARD
REC-20260806-STORE_04-0063;STORE_04;CASH-08;2026-08-06 10:38:45;SKU-001;3;45000;0;CARD
REC-20260806-STORE_04-0064;STORE_04;CASH-01;2026-08-06 21:11:19;SKU-003;3;45000;0;CARD
REC-20260806-STORE_04-0064;STORE_04;CASH-04;2026-08-06 21:11:19;SKU-032;4;25000;1000;CARD
REC-20260806-STORE_04-0064;STORE_04;CASH-04;2026-08-06 21:11:19;SKU-003;4;45000;0;CARD
REC-20260806-STORE_04-0064;STORE_04;CASH-04;2026-08-06 21:11:19;SKU-001;2;45000;0;CASH
REC-20260806-STORE_04-0065;STORE_04;CASH-10;2026-08-06 17:30:36;SKU-001;2;45000;0;CARD
REC-20260806-STORE_04-0065;STORE_04;CASH-08;2026-08-06 17:30:36;SKU-001;2;45000;1000;CARD
REC-20260806-STORE_04-0065;STORE_04;CASH-06;2026-08-06 17:30:36;SKU-033;3;5000;0;CARD
REC-20260806-STORE_04-0065;STORE_04;CASH-07;2026-08-06 17:30:36;SKU-001;3;45000;1000;CASH
REC-20260806-STORE_04-0066;STORE_04;CASH-10;2026-08-06 12:22:42;SKU-004;1;25000;0;CARD
REC-20260806-STORE_04-0066;STORE_04;CASH-03;2026-08-06 12:22:42;SKU-002;3;12000;500;CARD
REC-20260806-STORE_04-0067;STORE_04;CASH-08;2026-08-06 14:12:24;SKU-010;3;25000;1000;CASH
REC-20260806-STORE_04-0067;STORE_04;CASH-04;2026-08-06 14:12:24;SKU-001;4;45000;0;CARD
REC-20260806-STORE_04-0067;STORE_04;CASH-10;2026-08-06 14:12:24;SKU-016;2;25000;0;CASH
REC-20260806-STORE_04-0067;STORE_04;CASH-07;2026-08-06 14:12:24;SKU-002;3;12000;0;CASH
REC-20260806-STORE_04-0068;STORE_04;CASH-02;2026-08-06 12:41:18;SKU-040;4;25000;0;CARD
REC-20260806-STORE_04-0068;STORE_04;CASH-07;2026-08-06 12:41:18;SKU-028;4;5000;0;CASH
REC-20260806-STORE_04-0068;STORE_04;CASH-10;2026-08-06 12:41:18;SKU-001;3;45000;500;CARD
REC-20260806-STORE_04-0069;STORE_04;CASH-04;2026-08-06 19:48:13;SKU-027;4;5000;1000;CARD
REC-20260806-STORE_04-0069;STORE_04;CASH-04;2026-08-06 19:48:13;SKU-011;3;5000;0;CARD
REC-20260806-STORE_04-0069;STORE_04;CASH-07;2026-08-06 19:48:13;SKU-008;3;12000;500;CARD
REC-20260806-STORE_04-0069;STORE_04;CASH-08;2026-08-06 19:48:13;SKU-001;3;45000;0;CASH
REC-20260806-STORE_04-0069;STORE_04;CASH-04;2026-08-06 19:48:13;SKU-001;1;45000;0;CARD
REC-20260806-STORE_04-0070;STORE_04;CASH-03;2026-08-06 14:17:34;SKU-003;2;45000;1000;CARD
REC-20260806-STORE_04-0070;STORE_04;CASH-02;2026-08-06 14:17:34;SKU-030;3;45000;0;CARD
REC-20260806-STORE_04-0070;STORE_04;CASH-06;2026-08-06 14:17:34;SKU-038;4;12000;1000;CASH
REC-20260806-STORE_04-0071;STORE_04;CASH-01;2026-08-06 21:03:17;SKU-013;2;12000;0;CARD
REC-20260806-STORE_04-0071;STORE_04;CASH-09;2026-08-06 21:03:17;SKU-005;4;5000;0;CARD
REC-20260806-STORE_04-0071;STORE_04;CASH-03;2026-08-06 21:03:17;SKU-014;1;5000;1000;CARD
REC-20260806-STORE_04-0072;STORE_04;CASH-06;2026-08-06 9:21:12;SKU-001;1;45000;1000;CARD
REC-20260806-STORE_04-0073;STORE_04;CASH-08;2026-08-06 15:11:25;SKU-012;3;45000;0;CASH
REC-20260806-STORE_04-0073;STORE_04;CASH-01;2026-08-06 15:11:25;SKU-008;1;12000;0;CASH
REC-20260806-STORE_04-0073;STORE_04;CASH-03;2026-08-06 15:11:25;SKU-019;3;25000;0;CASH
REC-20260806-STORE_04-0073;STORE_04;CASH-10;2026-08-06 15:11:25;SKU-002;1;12000;500;CARD
REC-20260806-STORE_04-0073;STORE_04;CASH-06;2026-08-06 15:11:25;SKU-025;4;5000;0;CASH
REC-20260806-STORE_04-0074;STORE_04;CASH-06;2026-08-06 18:16:45;SKU-016;1;25000;0;CARD
REC-20260806-STORE_04-0075;STORE_04;CASH-02;2026-08-06 11:11:00;SKU-002;1;12000;500;CARD
REC-20260806-STORE_04-0075;STORE_04;CASH-01;2026-08-06 11:11:00;SKU-006;2;45000;0;CARD
REC-20260806-STORE_04-0076;STORE_04;CASH-04;2026-08-06 12:07:05;SKU-040;3;25000;0;CARD
REC-20260806-STORE_04-0076;STORE_04;CASH-01;2026-08-06 12:07:05;SKU-001;3;45000;1000;CARD
REC-20260806-STORE_04-0077;STORE_04;CASH-09;2026-08-06 16:28:33;SKU-003;1;45000;1000;CASH
REC-20260806-STORE_04-0077;STORE_04;CASH-01;2026-08-06 16:28:33;SKU-019;1;25000;0;CARD
REC-20260806-STORE_04-0077;STORE_04;CASH-06;2026-08-06 16:28:33;SKU-034;2;25000;500;CARD
REC-20260806-STORE_04-0078;STORE_04;CASH-07;2026-08-06 18:52:50;SKU-002;4;12000;500;CARD
REC-20260806-STORE_04-0078;STORE_04;CASH-07;2026-08-06 18:52:50;SKU-001;3;45000;1000;CASH
REC-20260806-STORE_04-0078;STORE_04;CASH-02;2026-08-06 18:52:50;SKU-004;3;25000;0;CARD
REC-20260806-STORE_04-0078;STORE_04;CASH-01;2026-08-06 18:52:50;SKU-001;4;45000;1000;CARD
REC-20260806-STORE_04-0079;STORE_04;CASH-08;2026-08-06 17:45:55;SKU-039;3;5000;0;CARD
REC-20260806-STORE_04-0080;STORE_04;CASH-07;2026-08-06 11:12:38;SKU-003;2;45000;1000;CARD
REC-20260806-STORE_04-0080;STORE_04;CASH-01;2026-08-06 11:12:38;SKU-001;2;45000;0;CARD
REC-20260806-STORE_04-0080;STORE_04;CASH-06;2026-08-06 11:12:38;SKU-004;1;25000;0;CASH
REC-20260806-STORE_04-0080;STORE_04;CASH-04;2026-08-06 11:12:38;SKU-001;1;45000;1000;CASH
REC-20260806-STORE_04-0080;STORE_04;CASH-05;2026-08-06 11:12:38;SKU-001;3;45000;0;CARD
REC-20260806-STORE_04-0081;STORE_04;CASH-03;2026-08-06 18:46:35;SKU-001;1;45000;0;CARD
REC-20260806-STORE_04-0081;STORE_04;CASH-06;2026-08-06 18:46:35;SKU-037;2;45000;0;CASH
REC-20260806-STORE_04-0081;STORE_04;CASH-03;2026-08-06 18:46:35;SKU-001;4;45000;500;CASH
REC-20260806-STORE_04-0082;STORE_04;CASH-01;2026-08-06 20:59:44;SKU-004;3;25000;1000;CARD
REC-20260806-STORE_04-0082;STORE_04;CASH-08;2026-08-06 20:59:44;SKU-035;4;5000;1000;CARD
REC-20260806-STORE_04-0083;STORE_04;CASH-09;2026-08-06 15:08:45;SKU-046;1;25000;0;CARD
REC-20260806-STORE_04-0083;STORE_04;CASH-09;2026-08-06 15:08:45;SKU-001;1;45000;0;CASH
REC-20260806-STORE_04-0084;STORE_04;CASH-02;2026-08-06 21:01:57;SKU-030;2;45000;0;CARD
REC-20260806-STORE_04-0084;STORE_04;CASH-01;2026-08-06 21:01:57;SKU-016;4;25000;0;CARD
REC-20260806-STORE_04-0084;STORE_04;CASH-07;2026-08-06 21:01:57;SKU-006;4;45000;0;CARD
REC-20260806-STORE_04-0084;STORE_04;CASH-05;2026-08-06 21:01:57;SKU-001;1;45000;0;CARD
REC-20260806-STORE_04-0085;STORE_04;CASH-08;2026-08-06 9:05:55;SKU-002;4;12000;0;CASH
REC-20260806-STORE_04-0086;STORE_04;CASH-10;2026-08-06 16:56:23;SKU-038;3;12000;0;CARD
REC-20260806-STORE_04-0087;STORE_04;CASH-01;2026-08-06 18:08:53;SKU-001;4;45000;0;CARD
REC-20260806-STORE_04-0087;STORE_04;CASH-10;2026-08-06 18:08:53;SKU-001;2;45000;500;CASH
REC-20260806-STORE_04-0088;STORE_04;CASH-07;2026-08-06 13:37:51;SKU-010;2;25000;0;CARD
REC-20260806-STORE_04-0088;STORE_04;CASH-05;2026-08-06 13:37:51;SKU-010;3;25000;0;CARD
REC-20260806-STORE_04-0088;STORE_04;CASH-09;2026-08-06 13:37:51;SKU-001;1;45000;1000;CASH
REC-20260806-STORE_04-0088;STORE_04;CASH-03;2026-08-06 13:37:51;SKU-001;1;45000;0;CASH
REC-20260806-STORE_04-0088;STORE_04;CASH-02;2026-08-06 13:37:51;SKU-041;3;25000;0;CASH
REC-20260806-STORE_04-0089;STORE_04;CASH-10;2026-08-06 14:04:40;SKU-013;3;12000;0;CARD
REC-20260806-STORE_04-0089;STORE_04;CASH-01;2026-08-06 14:04:40;SKU-012;3;45000;500;CARD
REC-20260806-STORE_04-0089;STORE_04;CASH-07;2026-08-06 14:04:40;SKU-020;4;12000;1000;CARD
REC-20260806-STORE_04-0089;STORE_04;CASH-10;2026-08-06 14:04:40;SKU-001;2;45000;0;CASH
REC-20260806-STORE_04-0090;STORE_04;CASH-05;2026-08-06 15:58:46;SKU-001;2;45000;1000;CASH
REC-20260806-STORE_04-0091;STORE_04;CASH-09;2026-08-06 11:48:35;SKU-007;2;12000;1000;CARD
REC-20260806-STORE_04-0091;STORE_04;CASH-05;2026-08-06 11:48:35;SKU-018;1;5000;0;CARD
REC-20260806-STORE_04-0092;STORE_04;CASH-04;2026-08-06 18:19:29;SKU-005;3;5000;1000;CARD
REC-20260806-STORE_04-0092;STORE_04;CASH-09;2026-08-06 18:19:29;SKU-006;1;45000;1000;CARD
REC-20260806-STORE_04-0092;STORE_04;CASH-03;2026-08-06 18:19:29;SKU-005;2;5000;0;CARD
REC-20260806-STORE_04-0092;STORE_04;CASH-03;2026-08-06 18:19:29;SKU-017;4;12000;0;CASH
REC-20260806-STORE_04-0092;STORE_04;CASH-08;2026-08-06 18:19:29;SKU-015;2;5000;500;CARD
REC-20260806-STORE_04-0093;STORE_04;CASH-05;2026-08-06 11:45:39;SKU-011;3;5000;0;CARD
REC-20260806-STORE_04-0093;STORE_04;CASH-08;2026-08-06 11:45:39;SKU-016;1;25000;0;CARD
REC-20260806-STORE_04-0093;STORE_04;CASH-02;2026-08-06 11:45:39;SKU-001;3;45000;500;CASH
REC-20260806-STORE_04-0093;STORE_04;CASH-08;2026-08-06 11:45:39;SKU-002;4;12000;0;CASH
REC-20260806-STORE_04-0093;STORE_04;CASH-02;2026-08-06 11:45:39;SKU-002;2;12000;0;CASH
REC-20260806-STORE_04-0094;STORE_04;CASH-07;2026-08-06 14:13:19;SKU-013;3;12000;0;CARD
REC-20260806-STORE_04-0095;STORE_04;CASH-03;2026-08-06 8:18:15;SKU-006;3;45000;0;CARD
REC-20260806-STORE_04-0095;STORE_04;CASH-07;2026-08-06 8:18:15;SKU-003;3;45000;1000;CARD
REC-20260806-STORE_04-0095;STORE_04;CASH-10;2026-08-06 8:18:15;SKU-004;2;25000;0;CASH
REC-20260806-STORE_04-0095;STORE_04;CASH-03;2026-08-06 8:18:15;SKU-001;2;45000;500;CASH
REC-20260806-STORE_04-0096;STORE_04;CASH-10;2026-08-06 19:24:07;SKU-001;3;45000;1000;CARD
REC-20260806-STORE_04-0096;STORE_04;CASH-03;2026-08-06 19:24:07;SKU-011;2;5000;0;CARD
REC-20260806-STORE_04-0096;STORE_04;CASH-06;2026-08-06 19:24:07;SKU-004;1;25000;500;CARD
REC-20260806-STORE_04-0096;STORE_04;CASH-03;2026-08-06 19:24:07;SKU-003;1;45000;0;CARD
REC-20260806-STORE_04-0097;STORE_04;CASH-09;2026-08-06 16:51:30;SKU-036;1;45000;0;CARD
REC-20260806-STORE_04-0097;STORE_04;CASH-09;2026-08-06 16:51:30;SKU-002;1;12000;0;CARD
REC-20260806-STORE_04-0097;STORE_04;CASH-02;2026-08-06 16:51:30;SKU-040;3;25000;500;CARD
REC-20260806-STORE_04-0098;STORE_04;CASH-03;2026-08-06 13:22:40;SKU-002;3;12000;0;CARD
REC-20260806-STORE_04-0098;STORE_04;CASH-10;2026-08-06 13:22:40;SKU-029;4;5000;500;CASH
REC-20260806-STORE_04-0099;STORE_04;CASH-01;2026-08-06 9:53:06;SKU-007;1;12000;0;CARD
REC-20260806-STORE_04-0099;STORE_04;CASH-07;2026-08-06 9:53:06;SKU-001;2;45000;0;CARD
REC-20260806-STORE_04-0099;STORE_04;CASH-06;2026-08-06 9:53:06;SKU-003;3;45000;1000;CARD
REC-20260806-STORE_04-0099;STORE_04;CASH-07;2026-08-06 9:53:06;SKU-007;2;12000;500;CARD
REC-20260806-STORE_04-0100;STORE_04;CASH-05;2026-08-06 17:03:44;SKU-004;2;25000;0;CASH
REC-20260806-STORE_04-0101;STORE_04;CASH-01;2026-08-06 19:48:31;SKU-015;3;5000;0;CARD
REC-20260806-STORE_04-0101;STORE_04;CASH-06;2026-08-06 19:48:31;SKU-007;1;12000;500;CASH
REC-20260806-STORE_04-0101;STORE_04;CASH-07;2026-08-06 19:48:31;SKU-005;3;5000;500;CARD
REC-20260806-STORE_04-0101;STORE_04;CASH-02;2026-08-06 19:48:31;SKU-001;4;45000;1000;CASH
REC-20260806-STORE_04-0101;STORE_04;CASH-02;2026-08-06 19:48:31;SKU-002;1;12000;500;CARD
REC-20260806-STORE_04-0102;STORE_04;CASH-03;2026-08-06 9:24:05;SKU-002;2;12000;500;CARD
REC-20260806-STORE_04-0102;STORE_04;CASH-10;2026-08-06 9:24:05;SKU-004;2;25000;0;CASH
REC-20260806-STORE_04-0102;STORE_04;CASH-09;2026-08-06 9:24:05;SKU-002;1;12000;1000;CARD
REC-20260806-STORE_04-0102;STORE_04;CASH-02;2026-08-06 9:24:05;SKU-018;1;5000;0;CARD
REC-20260806-STORE_04-0103;STORE_04;CASH-05;2026-08-06 20:51:54;SKU-011;2;5000;1000;CARD
REC-20260806-STORE_04-0103;STORE_04;CASH-04;2026-08-06 20:51:54;SKU-019;1;25000;500;CARD
REC-20260806-STORE_04-0103;STORE_04;CASH-10;2026-08-06 20:51:54;SKU-003;4;45000;0;CARD
REC-20260806-STORE_04-0103;STORE_04;CASH-04;2026-08-06 20:51:54;SKU-005;1;5000;0;CARD
REC-20260806-STORE_04-0103;STORE_04;CASH-10;2026-08-06 20:51:54;SKU-019;2;25000;0;CARD
REC-20260806-STORE_04-0104;STORE_04;CASH-01;2026-08-06 20:01:28;SKU-008;1;12000;500;CARD
REC-20260806-STORE_04-0104;STORE_04;CASH-02;2026-08-06 20:01:28;SKU-001;3;45000;500;CARD
REC-20260806-STORE_04-0104;STORE_04;CASH-03;2026-08-06 20:01:28;SKU-026;4;12000;500;CASH
REC-20260806-STORE_04-0104;STORE_04;CASH-01;2026-08-06 20:01:28;SKU-007;2;12000;0;CARD
REC-20260806-STORE_04-0104;STORE_04;CASH-06;2026-08-06 20:01:28;SKU-036;3;45000;0;CARD
REC-20260806-STORE_04-0105;STORE_04;CASH-04;2026-08-06 13:41:34;SKU-027;2;5000;0;CASH
REC-20260806-STORE_04-0105;STORE_04;CASH-02;2026-08-06 13:41:34;SKU-004;2;25000;500;CARD
REC-20260806-STORE_04-0105;STORE_04;CASH-05;2026-08-06 13:41:34;SKU-004;4;25000;0;CARD
REC-20260806-STORE_04-0105;STORE_04;CASH-01;2026-08-06 13:41:34;SKU-003;4;45000;0;CARD
REC-20260806-STORE_04-0105;STORE_04;CASH-08;2026-08-06 13:41:34;SKU-009;2;25000;500;CARD
REC-20260806-STORE_04-0106;STORE_04;CASH-07;2026-08-06 14:36:51;SKU-011;3;5000;1000;CARD
REC-20260806-STORE_04-0106;STORE_04;CASH-08;2026-08-06 14:36:51;SKU-040;4;25000;0;CARD
REC-20260806-STORE_04-0106;STORE_04;CASH-05;2026-08-06 14:36:51;SKU-002;2;12000;1000;CARD
REC-20260806-STORE_04-0106;STORE_04;CASH-08;2026-08-06 14:36:51;SKU-048;1;25000;500;CARD
REC-20260806-STORE_04-0106;STORE_04;CASH-03;2026-08-06 14:36:51;SKU-009;1;25000;0;CARD
REC-20260806-STORE_04-0107;STORE_04;CASH-10;2026-08-06 16:54:24;SKU-002;3;12000;1000;CASH
REC-20260806-STORE_04-0107;STORE_04;CASH-02;2026-08-06 16:54:24;SKU-005;1;5000;0;CARD
REC-20260806-STORE_04-0107;STORE_04;CASH-03;2026-08-06 16:54:24;SKU-010;3;25000;0;CARD
REC-20260806-STORE_04-0108;STORE_04;CASH-01;2026-08-06 16:29:57;SKU-035;2;5000;0;CARD
REC-20260806-STORE_04-0108;STORE_04;CASH-05;2026-08-06 16:29:57;SKU-001;1;45000;0;CARD
REC-20260806-STORE_04-0108;STORE_04;CASH-06;2026-08-06 16:29:57;SKU-002;2;12000;0;CASH
REC-20260806-STORE_04-0108;STORE_04;CASH-01;2026-08-06 16:29:57;SKU-013;2;12000;0;CARD
REC-20260806-STORE_04-0108;STORE_04;CASH-07;2026-08-06 16:29:57;SKU-001;1;45000;0;CARD
REC-20260806-STORE_04-0109;STORE_04;CASH-01;2026-08-06 13:18:38;SKU-023;1;45000;1000;CARD
REC-20260806-STORE_04-0110;STORE_04;CASH-08;2026-08-06 20:14:34;SKU-005;2;5000;0;CARD
REC-20260806-STORE_04-0110;STORE_04;CASH-06;2026-08-06 20:14:34;SKU-001;4;45000;0;CASH
REC-20260806-STORE_04-0110;STORE_04;CASH-09;2026-08-06 20:14:34;SKU-036;3;45000;500;CASH
REC-20260806-STORE_04-0110;STORE_04;CASH-08;2026-08-06 20:14:34;SKU-026;3;12000;500;CARD
REC-20260806-STORE_04-0110;STORE_04;CASH-06;2026-08-06 20:14:34;SKU-001;4;45000;0;CARD
REC-20260806-STORE_04-0111;STORE_04;CASH-09;2026-08-06 19:27:33;SKU-002;1;12000;0;CARD
REC-20260806-STORE_04-0112;STORE_04;CASH-05;2026-08-06 8:11:54;SKU-001;1;45000;0;CASH
REC-20260806-STORE_04-0112;STORE_04;CASH-05;2026-08-06 8:11:54;SKU-013;3;12000;0;CASH
REC-20260806-STORE_04-0112;STORE_04;CASH-02;2026-08-06 8:11:54;SKU-001;4;45000;0;CASH
REC-20260806-STORE_04-0112;STORE_04;CASH-07;2026-08-06 8:11:54;SKU-030;2;45000;1000;CASH
REC-20260806-STORE_04-0113;STORE_04;CASH-04;2026-08-06 11:23:02;SKU-001;4;45000;0;CASH
REC-20260806-STORE_04-0113;STORE_04;CASH-02;2026-08-06 11:23:02;SKU-041;4;25000;1000;CARD
REC-20260806-STORE_04-0114;STORE_04;CASH-03;2026-08-06 9:51:13;SKU-004;4;25000;500;CASH
REC-20260806-STORE_04-0114;STORE_04;CASH-03;2026-08-06 9:51:13;SKU-003;2;45000;0;CARD
REC-20260806-STORE_04-0114;STORE_04;CASH-02;2026-08-06 9:51:13;SKU-002;3;12000;1000;CASH
REC-20260806-STORE_04-0114;STORE_04;CASH-07;2026-08-06 9:51:13;SKU-006;3;45000;0;CARD
REC-20260806-STORE_04-0114;STORE_04;CASH-10;2026-08-06 9:51:13;SKU-002;2;12000;0;CASH
REC-20260806-STORE_04-0115;STORE_04;CASH-05;2026-08-06 8:29:00;SKU-003;2;45000;1000;CARD
REC-20260806-STORE_04-0116;STORE_04;CASH-02;2026-08-06 18:50:01;SKU-016;1;25000;0;CARD
REC-20260806-STORE_04-0116;STORE_04;CASH-04;2026-08-06 18:50:01;SKU-002;1;12000;0;CARD
REC-20260806-STORE_04-0116;STORE_04;CASH-01;2026-08-06 18:50:01;SKU-005;1;5000;0;CARD
REC-20260806-STORE_04-0116;STORE_04;CASH-10;2026-08-06 18:50:01;SKU-001;3;45000;0;CASH
REC-20260806-STORE_04-0116;STORE_04;CASH-07;2026-08-06 18:50:01;SKU-005;4;5000;1000;CASH
REC-20260806-STORE_04-0117;STORE_04;CASH-02;2026-08-06 15:09:58;SKU-003;4;45000;0;CARD
REC-20260806-STORE_04-0117;STORE_04;CASH-10;2026-08-06 15:09:58;SKU-008;1;12000;0;CARD
REC-20260806-STORE_04-0117;STORE_04;CASH-04;2026-08-06 15:09:58;SKU-007;1;12000;1000;CARD
REC-20260806-STORE_04-0118;STORE_04;CASH-09;2026-08-06 12:52:41;SKU-001;3;45000;500;CARD
REC-20260806-STORE_04-0118;STORE_04;CASH-08;2026-08-06 12:52:41;SKU-001;4;45000;1000;CARD
REC-20260806-STORE_04-0119;STORE_04;CASH-06;2026-08-06 8:16:21;SKU-004;2;25000;500;CASH
REC-20260806-STORE_04-0120;STORE_04;CASH-10;2026-08-06 13:06:30;SKU-004;2;25000;1000;CASH
REC-20260806-STORE_04-0120;STORE_04;CASH-10;2026-08-06 13:06:30;SKU-002;3;12000;0;CASH
REC-20260806-STORE_04-0120;STORE_04;CASH-01;2026-08-06 13:06:30;SKU-001;4;45000;0;CASH
REC-20260806-STORE_04-0120;STORE_04;CASH-10;2026-08-06 13:06:30;SKU-002;1;12000;0;CARD
REC-20260806-STORE_04-0121;STORE_04;CASH-06;2026-08-06 12:40:53;SKU-009;1;25000;500;CASH
REC-20260806-STORE_04-0121;STORE_04;CASH-02;2026-08-06 12:40:53;SKU-001;4;45000;0;CARD
REC-20260806-STORE_04-0121;STORE_04;CASH-08;2026-08-06 12:40:53;SKU-002;4;12000;500;CARD
REC-20260806-STORE_04-0122;STORE_04;CASH-04;2026-08-06 11:14:56;SKU-015;2;5000;1000;CASH
REC-20260806-STORE_04-0122;STORE_04;CASH-08;2026-08-06 11:14:56;SKU-003;3;45000;0;CASH
REC-20260806-STORE_04-0122;STORE_04;CASH-02;2026-08-06 11:14:56;SKU-030;4;45000;0;CASH
REC-20260806-STORE_04-0123;STORE_04;CASH-09;2026-08-06 19:14:46;SKU-002;2;12000;0;CASH
REC-20260806-STORE_04-0123;STORE_04;CASH-01;2026-08-06 19:14:46;SKU-027;3;5000;1000;CARD
REC-20260806-STORE_04-0124;STORE_04;CASH-06;2026-08-06 16:02:06;SKU-007;4;12000;0;CARD
REC-20260806-STORE_04-0124;STORE_04;CASH-07;2026-08-06 16:02:06;SKU-002;4;12000;0;CASH
REC-20260806-STORE_04-0125;STORE_04;CASH-09;2026-08-06 18:01:27;SKU-023;4;45000;0;CASH
REC-20260806-STORE_04-0125;STORE_04;CASH-06;2026-08-06 18:01:27;SKU-010;4;25000;0;CARD
REC-20260806-STORE_04-0125;STORE_04;CASH-05;2026-08-06 18:01:27;SKU-011;3;5000;1000;CARD
REC-20260806-STORE_04-0125;STORE_04;CASH-01;2026-08-06 18:01:27;SKU-001;2;45000;0;CARD
REC-20260806-STORE_04-0125;STORE_04;CASH-10;2026-08-06 18:01:27;SKU-039;4;5000;500;CARD
REC-20260806-STORE_04-0126;STORE_04;CASH-03;2026-08-06 8:51:34;SKU-008;2;12000;0;CASH
REC-20260806-STORE_04-0126;STORE_04;CASH-10;2026-08-06 8:51:34;SKU-003;3;45000;0;CASH
REC-20260806-STORE_04-0126;STORE_04;CASH-08;2026-08-06 8:51:34;SKU-030;2;45000;500;CARD
REC-20260806-STORE_04-0126;STORE_04;CASH-08;2026-08-06 8:51:34;SKU-034;3;25000;0;CARD
REC-20260806-STORE_04-0126;STORE_04;CASH-05;2026-08-06 8:51:34;SKU-002;1;12000;1000;CASH
REC-20260806-STORE_04-0127;STORE_04;CASH-08;2026-08-06 16:07:20;SKU-015;3;5000;0;CARD
REC-20260806-STORE_04-0127;STORE_04;CASH-07;2026-08-06 16:07:20;SKU-001;1;45000;0;CARD
REC-20260806-STORE_04-0127;STORE_04;CASH-03;2026-08-06 16:07:20;SKU-027;4;5000;0;CARD
REC-20260806-STORE_04-0127;STORE_04;CASH-02;2026-08-06 16:07:20;SKU-008;2;12000;0;CARD
REC-20260806-STORE_04-0128;STORE_04;CASH-09;2026-08-06 9:56:01;SKU-030;3;45000;1000;CASH
REC-20260806-STORE_04-0129;STORE_04;CASH-07;2026-08-06 10:57:10;SKU-010;1;25000;0;CARD
REC-20260806-STORE_04-0129;STORE_04;CASH-01;2026-08-06 10:57:10;SKU-002;1;12000;500;CASH
REC-20260806-STORE_04-0130;STORE_04;CASH-03;2026-08-06 17:29:30;SKU-003;1;45000;0;CARD
REC-20260806-STORE_04-0131;STORE_04;CASH-10;2026-08-06 10:53:51;SKU-001;2;45000;0;CASH
REC-20260806-STORE_04-0131;STORE_04;CASH-01;2026-08-06 10:53:51;SKU-041;4;25000;0;CARD
REC-20260806-STORE_04-0131;STORE_04;CASH-08;2026-08-06 10:53:51;SKU-002;4;12000;0;CARD
REC-20260806-STORE_04-0132;STORE_04;CASH-04;2026-08-06 9:09:14;SKU-014;3;5000;0;CARD
REC-20260806-STORE_04-0132;STORE_04;CASH-04;2026-08-06 9:09:14;SKU-004;1;25000;1000;CASH
REC-20260806-STORE_04-0132;STORE_04;CASH-06;2026-08-06 9:09:14;SKU-001;2;45000;0;CASH
REC-20260806-STORE_04-0133;STORE_04;CASH-06;2026-08-06 8:30:51;SKU-010;3;25000;0;CASH
REC-20260806-STORE_04-0133;STORE_04;CASH-02;2026-08-06 8:30:51;SKU-003;4;45000;0;CARD
REC-20260806-STORE_04-0133;STORE_04;CASH-02;2026-08-06 8:30:51;SKU-013;1;12000;0;CARD
REC-20260806-STORE_04-0133;STORE_04;CASH-01;2026-08-06 8:30:51;SKU-005;2;5000;0;CARD
REC-20260806-STORE_04-0134;STORE_04;CASH-01;2026-08-06 15:46:08;SKU-012;3;45000;0;CASH
REC-20260806-STORE_04-0134;STORE_04;CASH-07;2026-08-06 15:46:08;SKU-002;4;12000;0;CARD
REC-20260806-STORE_04-0135;STORE_04;CASH-03;2026-08-06 16:31:00;SKU-033;3;5000;500;CARD
REC-20260806-STORE_04-0135;STORE_04;CASH-04;2026-08-06 16:31:00;SKU-001;4;45000;1000;CARD
REC-20260806-STORE_04-0136;STORE_04;CASH-02;2026-08-06 19:15:52;SKU-008;3;12000;0;CARD
REC-20260806-STORE_04-0136;STORE_04;CASH-09;2026-08-06 19:15:52;SKU-005;4;5000;500;CARD
REC-20260806-STORE_04-0136;STORE_04;CASH-06;2026-08-06 19:15:52;SKU-002;2;12000;0;CARD
REC-20260806-STORE_04-0136;STORE_04;CASH-08;2026-08-06 19:15:52;SKU-001;1;45000;0;CASH
REC-20260806-STORE_04-0136;STORE_04;CASH-02;2026-08-06 19:15:52;SKU-030;4;45000;1000;CASH
REC-20260806-STORE_04-0137;STORE_04;CASH-01;2026-08-06 13:58:20;SKU-035;2;5000;0;CASH
REC-20260806-STORE_04-0137;STORE_04;CASH-10;2026-08-06 13:58:20;SKU-004;1;25000;1000;CARD
REC-20260806-STORE_04-0137;STORE_04;CASH-09;2026-08-06 13:58:20;SKU-002;1;12000;0;CASH
REC-20260806-STORE_04-0137;STORE_04;CASH-05;2026-08-06 13:58:20;SKU-014;4;5000;1000;CASH
REC-20260806-STORE_04-0138;STORE_04;CASH-01;2026-08-06 10:37:31;SKU-021;4;5000;0;CASH
REC-20260806-STORE_04-0138;STORE_04;CASH-10;2026-08-06 10:37:31;SKU-001;3;45000;500;CASH
REC-20260806-STORE_04-0138;STORE_04;CASH-08;2026-08-06 10:37:31;SKU-014;3;5000;1000;CARD
REC-20260806-STORE_04-0139;STORE_04;CASH-01;2026-08-06 21:30:21;SKU-012;1;45000;1000;CARD
REC-20260806-STORE_04-0139;STORE_04;CASH-09;2026-08-06 21:30:21;SKU-010;4;25000;500;CARD
REC-20260806-STORE_04-0139;STORE_04;CASH-02;2026-08-06 21:30:21;SKU-012;4;45000;0;CASH
REC-20260806-STORE_04-0140;STORE_04;CASH-08;2026-08-06 20:03:28;SKU-004;2;25000;500;CASH
REC-20260806-STORE_04-0140;STORE_04;CASH-01;2026-08-06 20:03:28;SKU-001;2;45000;0;CARD
REC-20260806-STORE_04-0140;STORE_04;CASH-04;2026-08-06 20:03:28;SKU-016;1;25000;1000;CARD
REC-20260806-STORE_04-0140;STORE_04;CASH-05;2026-08-06 20:03:28;SKU-002;4;12000;0;CARD
REC-20260806-STORE_04-0140;STORE_04;CASH-02;2026-08-06 20:03:28;SKU-001;3;45000;500;CARD
REC-20260806-STORE_04-0141;STORE_04;CASH-10;2026-08-06 8:06:36;SKU-010;1;25000;0;CARD
REC-20260806-STORE_04-0141;STORE_04;CASH-02;2026-08-06 8:06:36;SKU-039;3;5000;0;CASH
REC-20260806-STORE_04-0142;STORE_04;CASH-03;2026-08-06 19:54:17;SKU-009;2;25000;500;CARD
REC-20260806-STORE_04-0142;STORE_04;CASH-02;2026-08-06 19:54:17;SKU-001;1;45000;500;CARD
REC-20260806-STORE_04-0143;STORE_04;CASH-05;2026-08-06 15:17:31;SKU-002;1;12000;0;CARD
REC-20260806-STORE_04-0144;STORE_04;CASH-02;2026-08-06 14:58:13;SKU-001;3;45000;0;CARD
REC-20260806-STORE_04-0144;STORE_04;CASH-06;2026-08-06 14:58:13;SKU-047;1;5000;0;CARD
REC-20260806-STORE_04-0145;STORE_04;CASH-07;2026-08-06 10:48:44;SKU-009;4;25000;0;CARD
REC-20260806-STORE_04-0145;STORE_04;CASH-04;2026-08-06 10:48:44;SKU-027;4;5000;1000;CARD
REC-20260806-STORE_04-0145;STORE_04;CASH-04;2026-08-06 10:48:44;SKU-001;2;45000;0;CASH
REC-20260806-STORE_04-0146;STORE_04;CASH-04;2026-08-06 17:23:04;SKU-003;2;45000;0;CARD
REC-20260806-STORE_04-0146;STORE_04;CASH-05;2026-08-06 17:23:04;SKU-028;3;5000;500;CARD
REC-20260806-STORE_04-0146;STORE_04;CASH-05;2026-08-06 17:23:04;SKU-019;4;25000;500;CARD
REC-20260806-STORE_04-0146;STORE_04;CASH-05;2026-08-06 17:23:04;SKU-008;2;12000;0;CARD
REC-20260806-STORE_04-0146;STORE_04;CASH-08;2026-08-06 17:23:04;SKU-012;2;45000;0;CARD
REC-20260806-STORE_04-0147;STORE_04;CASH-08;2026-08-06 12:59:17;SKU-001;2;45000;0;CARD
REC-20260806-STORE_04-0147;STORE_04;CASH-08;2026-08-06 12:59:17;SKU-004;3;25000;0;CARD
REC-20260806-STORE_04-0147;STORE_04;CASH-03;2026-08-06 12:59:17;SKU-001;4;45000;0;CARD
REC-20260806-STORE_04-0148;STORE_04;CASH-05;2026-08-06 20:03:06;SKU-001;1;45000;500;CARD
REC-20260806-STORE_04-0148;STORE_04;CASH-03;2026-08-06 20:03:06;SKU-038;2;12000;1000;CARD
REC-20260806-STORE_04-0148;STORE_04;CASH-05;2026-08-06 20:03:06;SKU-004;4;25000;500;CARD
REC-20260806-STORE_04-0148;STORE_04;CASH-02;2026-08-06 20:03:06;SKU-013;2;12000;500;CASH
REC-20260806-STORE_04-0149;STORE_04;CASH-10;2026-08-06 18:56:09;SKU-003;4;45000;0;CARD
REC-20260806-STORE_04-0149;STORE_04;CASH-01;2026-08-06 18:56:09;SKU-023;1;45000;500;CARD
REC-20260806-STORE_04-0150;STORE_04;CASH-01;2026-08-06 12:29:03;SKU-007;2;12000;0;CASH
REC-20260806-STORE_04-0150;STORE_04;CASH-09;2026-08-06 12:29:03;SKU-002;1;12000;500;CARD
REC-20260806-STORE_04-0150;STORE_04;CASH-05;2026-08-06 12:29:03;SKU-002;2;12000;1000;CARD
REC-20260806-STORE_04-0151;STORE_04;CASH-06;2026-08-06 15:05:04;SKU-006;1;45000;0;CARD
REC-20260806-STORE_04-0151;STORE_04;CASH-04;2026-08-06 15:05:04;SKU-006;2;45000;1000;CARD
REC-20260806-STORE_04-0152;STORE_04;CASH-06;2026-08-06 11:13:05;SKU-002;4;12000;1000;CARD
REC-20260806-STORE_04-0152;STORE_04;CASH-01;2026-08-06 11:13:05;SKU-001;3;45000;0;CARD
REC-20260806-STORE_04-0152;STORE_04;CASH-01;2026-08-06 11:13:05;SKU-039;1;5000;0;CARD
REC-20260806-STORE_04-0152;STORE_04;CASH-08;2026-08-06 11:13:05;SKU-007;2;12000;0;CARD
REC-20260806-STORE_04-0153;STORE_04;CASH-03;2026-08-06 13:32:02;SKU-003;3;45000;500;CASH
REC-20260806-STORE_04-0153;STORE_04;CASH-09;2026-08-06 13:32:02;SKU-030;1;45000;0;CARD
REC-20260806-STORE_04-0153;STORE_04;CASH-06;2026-08-06 13:32:02;SKU-005;4;5000;0;CARD
REC-20260806-STORE_04-0153;STORE_04;CASH-08;2026-08-06 13:32:02;SKU-011;4;5000;500;CASH
REC-20260806-STORE_04-0154;STORE_04;CASH-09;2026-08-06 18:23:29;SKU-001;2;45000;1000;CARD
REC-20260806-STORE_04-0154;STORE_04;CASH-08;2026-08-06 18:23:29;SKU-006;3;45000;1000;CASH
REC-20260806-STORE_04-0154;STORE_04;CASH-01;2026-08-06 18:23:29;SKU-039;3;5000;0;CASH
REC-20260806-STORE_04-0154;STORE_04;CASH-09;2026-08-06 18:23:29;SKU-003;2;45000;0;CARD
REC-20260806-STORE_04-0154;STORE_04;CASH-01;2026-08-06 18:23:29;SKU-005;2;5000;1000;CARD
REC-20260806-STORE_04-0155;STORE_04;CASH-06;2026-08-06 21:42:49;SKU-002;3;12000;0;CASH
REC-20260806-STORE_04-0155;STORE_04;CASH-08;2026-08-06 21:42:49;SKU-038;3;12000;0;CASH
REC-20260806-STORE_04-0156;STORE_04;CASH-10;2026-08-06 10:37:42;SKU-004;3;25000;1000;CARD
REC-20260806-STORE_04-0156;STORE_04;CASH-10;2026-08-06 10:37:42;SKU-006;3;45000;1000;CASH
REC-20260806-STORE_04-0156;STORE_04;CASH-02;2026-08-06 10:37:42;SKU-011;4;5000;0;CASH
REC-20260806-STORE_04-0156;STORE_04;CASH-04;2026-08-06 10:37:42;SKU-001;2;45000;0;CASH
REC-20260806-STORE_04-0156;STORE_04;CASH-04;2026-08-06 10:37:42;SKU-043;1;25000;1000;CASH
REC-20260806-STORE_04-0157;STORE_04;CASH-01;2026-08-06 17:50:59;SKU-007;4;12000;0;CARD
REC-20260806-STORE_04-0157;STORE_04;CASH-03;2026-08-06 17:50:59;SKU-007;1;12000;0;CARD
REC-20260806-STORE_04-0157;STORE_04;CASH-04;2026-08-06 17:50:59;SKU-017;1;12000;500;CARD
REC-20260806-STORE_04-0157;STORE_04;CASH-07;2026-08-06 17:50:59;SKU-003;1;45000;0;CASH
REC-20260806-STORE_04-0157;STORE_04;CASH-02;2026-08-06 17:50:59;SKU-038;4;12000;0;CARD
REC-20260806-STORE_04-0158;STORE_04;CASH-09;2026-08-06 19:03:09;SKU-007;4;12000;1000;CARD
REC-20260806-STORE_04-0158;STORE_04;CASH-08;2026-08-06 19:03:09;SKU-003;2;45000;500;CARD
REC-20260806-STORE_04-0158;STORE_04;CASH-08;2026-08-06 19:03:09;SKU-002;3;12000;0;CARD
REC-20260806-STORE_04-0158;STORE_04;CASH-07;2026-08-06 19:03:09;SKU-030;1;45000;0;CARD
REC-20260806-STORE_04-0159;STORE_04;CASH-10;2026-08-06 10:06:54;SKU-004;3;25000;0;CARD
REC-20260806-STORE_04-0159;STORE_04;CASH-04;2026-08-06 10:06:54;SKU-017;4;12000;0;CARD
REC-20260806-STORE_04-0159;STORE_04;CASH-07;2026-08-06 10:06:54;SKU-004;1;25000;500;CARD
REC-20260806-STORE_04-0159;STORE_04;CASH-08;2026-08-06 10:06:54;SKU-007;3;12000;500;CARD
REC-20260806-STORE_04-0160;STORE_04;CASH-03;2026-08-06 11:01:17;SKU-025;3;5000;500;CARD
REC-20260806-STORE_04-0160;STORE_04;CASH-05;2026-08-06 11:01:17;SKU-005;1;5000;0;CASH
REC-20260806-STORE_04-0160;STORE_04;CASH-04;2026-08-06 11:01:17;SKU-001;2;45000;0;CARD
REC-20260806-STORE_04-0160;STORE_04;CASH-07;2026-08-06 11:01:17;SKU-007;3;12000;0;CASH
REC-20260806-STORE_04-0160;STORE_04;CASH-02;2026-08-06 11:01:17;SKU-028;2;5000;0;CARD
REC-20260806-STORE_04-0161;STORE_04;CASH-02;2026-08-06 9:09:42;SKU-011;4;5000;0;CASH
REC-20260806-STORE_04-0162;STORE_04;CASH-07;2026-08-06 18:32:31;SKU-014;4;5000;1000;CARD
REC-20260806-STORE_04-0162;STORE_04;CASH-04;2026-08-06 18:32:31;SKU-040;2;25000;0;CARD
REC-20260806-STORE_04-0162;STORE_04;CASH-05;2026-08-06 18:32:31;SKU-019;3;25000;0;CARD
REC-20260806-STORE_04-0162;STORE_04;CASH-05;2026-08-06 18:32:31;SKU-002;1;12000;0;CASH
REC-20260806-STORE_04-0162;STORE_04;CASH-08;2026-08-06 18:32:31;SKU-003;1;45000;500;CARD
REC-20260806-STORE_04-0163;STORE_04;CASH-03;2026-08-06 13:50:18;SKU-011;3;5000;1000;CASH
REC-20260806-STORE_04-0164;STORE_04;CASH-07;2026-08-06 21:31:16;SKU-001;1;45000;0;CARD
REC-20260806-STORE_04-0164;STORE_04;CASH-02;2026-08-06 21:31:16;SKU-001;2;45000;0;CASH
REC-20260806-STORE_04-0164;STORE_04;CASH-04;2026-08-06 21:31:16;SKU-027;3;5000;500;CARD
REC-20260806-STORE_04-0165;STORE_04;CASH-04;2026-08-06 11:14:57;SKU-011;2;5000;0;CARD
REC-20260806-STORE_04-0165;STORE_04;CASH-10;2026-08-06 11:14:57;SKU-006;3;45000;0;CARD
REC-20260806-STORE_04-0165;STORE_04;CASH-06;2026-08-06 11:14:57;SKU-007;3;12000;0;CARD
REC-20260806-STORE_04-0165;STORE_04;CASH-07;2026-08-06 11:14:57;SKU-014;3;5000;0;CASH
REC-20260806-STORE_04-0166;STORE_04;CASH-08;2026-08-06 10:11:42;SKU-024;4;12000;1000;CARD
REC-20260806-STORE_04-0166;STORE_04;CASH-01;2026-08-06 10:11:42;SKU-018;2;5000;0;CARD
REC-20260806-STORE_04-0167;STORE_04;CASH-09;2026-08-06 16:41:09;SKU-016;1;25000;1000;CARD
REC-20260806-STORE_04-0167;STORE_04;CASH-02;2026-08-06 16:41:09;SKU-001;4;45000;0;CASH
REC-20260806-STORE_04-0167;STORE_04;CASH-07;2026-08-06 16:41:09;SKU-010;1;25000;500;CASH
REC-20260806-STORE_04-0167;STORE_04;CASH-01;2026-08-06 16:41:09;SKU-001;4;45000;1000;CARD
REC-20260806-STORE_04-0167;STORE_04;CASH-09;2026-08-06 16:41:09;SKU-007;1;12000;1000;CARD
REC-20260806-STORE_04-0168;STORE_04;CASH-07;2026-08-06 13:41:35;SKU-009;4;25000;500;CARD
REC-20260806-STORE_04-0169;STORE_04;CASH-08;2026-08-06 12:32:46;SKU-001;4;45000;1000;CASH
REC-20260806-STORE_04-0169;STORE_04;CASH-08;2026-08-06 12:32:46;SKU-029;2;5000;0;CARD
REC-20260806-STORE_04-0169;STORE_04;CASH-10;2026-08-06 12:32:46;SKU-001;4;45000;500;CARD
REC-20260806-STORE_04-0170;STORE_04;CASH-08;2026-08-06 18:22:49;SKU-001;1;45000;0;CARD
REC-20260806-STORE_04-0170;STORE_04;CASH-03;2026-08-06 18:22:49;SKU-002;1;12000;500;CARD
REC-20260806-STORE_04-0170;STORE_04;CASH-04;2026-08-06 18:22:49;SKU-012;3;45000;0;CARD
REC-20260806-STORE_04-0170;STORE_04;CASH-05;2026-08-06 18:22:49;SKU-008;1;12000;0;CARD
REC-20260806-STORE_04-0171;STORE_04;CASH-08;2026-08-06 18:42:12;SKU-027;1;5000;0;CARD
REC-20260806-STORE_04-0171;STORE_04;CASH-04;2026-08-06 18:42:12;SKU-008;2;12000;500;CASH
REC-20260806-STORE_04-0171;STORE_04;CASH-03;2026-08-06 18:42:12;SKU-026;4;12000;500;CARD
REC-20260806-STORE_04-0171;STORE_04;CASH-06;2026-08-06 18:42:12;SKU-001;1;45000;0;CASH
REC-20260806-STORE_04-0171;STORE_04;CASH-06;2026-08-06 18:42:12;SKU-001;3;45000;0;CARD
REC-20260806-STORE_04-0172;STORE_04;CASH-05;2026-08-06 16:26:27;SKU-001;2;45000;0;CARD
REC-20260806-STORE_04-0172;STORE_04;CASH-05;2026-08-06 16:26:27;SKU-015;2;5000;500;CARD
REC-20260806-STORE_04-0172;STORE_04;CASH-08;2026-08-06 16:26:27;SKU-050;3;25000;0;CARD
REC-20260806-STORE_04-0173;STORE_04;CASH-08;2026-08-06 13:09:30;SKU-003;2;45000;1000;CARD
REC-20260806-STORE_04-0173;STORE_04;CASH-02;2026-08-06 13:09:30;SKU-006;4;45000;0;CASH
REC-20260806-STORE_04-0173;STORE_04;CASH-02;2026-08-06 13:09:30;SKU-032;1;25000;0;CARD
REC-20260806-STORE_04-0173;STORE_04;CASH-04;2026-08-06 13:09:30;SKU-004;3;25000;0;CARD
REC-20260806-STORE_04-0174;STORE_04;CASH-05;2026-08-06 21:03:56;SKU-001;1;45000;500;CARD
REC-20260806-STORE_04-0175;STORE_04;CASH-05;2026-08-06 15:30:27;SKU-001;2;45000;0;CARD
REC-20260806-STORE_04-0176;STORE_04;CASH-05;2026-08-06 19:27:13;SKU-019;2;25000;0;CASH
REC-20260806-STORE_04-0176;STORE_04;CASH-04;2026-08-06 19:27:13;SKU-011;4;5000;500;CARD
REC-20260806-STORE_04-0177;STORE_04;CASH-04;2026-08-06 16:57:58;SKU-021;1;5000;0;CARD
REC-20260806-STORE_04-0177;STORE_04;CASH-04;2026-08-06 16:57:58;SKU-001;3;45000;1000;CASH
REC-20260806-STORE_04-0177;STORE_04;CASH-05;2026-08-06 16:57:58;SKU-016;3;25000;1000;CARD
REC-20260806-STORE_04-0178;STORE_04;CASH-06;2026-08-06 21:51:48;SKU-041;3;25000;1000;CARD
REC-20260806-STORE_04-0178;STORE_04;CASH-09;2026-08-06 21:51:48;SKU-046;1;25000;0;CARD
REC-20260806-STORE_04-0178;STORE_04;CASH-04;2026-08-06 21:51:48;SKU-007;4;12000;1000;CARD
REC-20260806-STORE_04-0178;STORE_04;CASH-05;2026-08-06 21:51:48;SKU-002;2;12000;500;CASH
REC-20260806-STORE_04-0179;STORE_04;CASH-06;2026-08-06 11:06:05;SKU-003;1;45000;0;CARD
REC-20260806-STORE_04-0179;STORE_04;CASH-09;2026-08-06 11:06:05;SKU-044;1;5000;0;CASH
REC-20260806-STORE_04-0179;STORE_04;CASH-08;2026-08-06 11:06:05;SKU-008;1;12000;0;CARD
REC-20260806-STORE_04-0179;STORE_04;CASH-07;2026-08-06 11:06:05;SKU-043;4;25000;500;CARD
REC-20260806-STORE_04-0179;STORE_04;CASH-01;2026-08-06 11:06:05;SKU-037;1;45000;500;CARD
REC-20260806-STORE_04-0180;STORE_04;CASH-07;2026-08-06 15:12:44;SKU-013;4;12000;0;CARD
REC-20260806-STORE_04-0180;STORE_04;CASH-06;2026-08-06 15:12:44;SKU-001;1;45000;0;CARD
REC-20260806-STORE_04-0180;STORE_04;CASH-04;2026-08-06 15:12:44;SKU-012;2;45000;0;CARD
REC-20260806-STORE_04-0181;STORE_04;CASH-03;2026-08-06 13:40:32;SKU-028;3;5000;1000;CASH
REC-20260806-STORE_04-0181;STORE_04;CASH-07;2026-08-06 13:40:32;SKU-005;1;5000;0;CARD
REC-20260806-STORE_04-0181;STORE_04;CASH-08;2026-08-06 13:40:32;SKU-001;1;45000;0;CARD
REC-20260806-STORE_04-0181;STORE_04;CASH-06;2026-08-06 13:40:32;SKU-045;4;45000;1000;CASH
REC-20260806-STORE_04-0182;STORE_04;CASH-05;2026-08-06 19:31:28;SKU-004;4;25000;0;CASH
REC-20260806-STORE_04-0182;STORE_04;CASH-08;2026-08-06 19:31:28;SKU-002;1;12000;0;CARD
REC-20260806-STORE_04-0182;STORE_04;CASH-08;2026-08-06 19:31:28;SKU-040;3;25000;0;CARD
REC-20260806-STORE_04-0182;STORE_04;CASH-01;2026-08-06 19:31:28;SKU-008;1;12000;500;CASH
REC-20260806-STORE_04-0182;STORE_04;CASH-07;2026-08-06 19:31:28;SKU-023;2;45000;0;CARD
REC-20260806-STORE_04-0183;STORE_04;CASH-01;2026-08-06 16:41:56;SKU-001;2;45000;0;CASH
REC-20260806-STORE_04-0183;STORE_04;CASH-03;2026-08-06 16:41:56;SKU-006;3;45000;0;CARD
REC-20260806-STORE_04-0183;STORE_04;CASH-03;2026-08-06 16:41:56;SKU-004;2;25000;0;CASH
REC-20260806-STORE_04-0183;STORE_04;CASH-09;2026-08-06 16:41:56;SKU-001;2;45000;1000;CASH
REC-20260806-STORE_04-0184;STORE_04;CASH-08;2026-08-06 20:42:51;SKU-010;2;25000;500;CARD
REC-20260806-STORE_04-0184;STORE_04;CASH-04;2026-08-06 20:42:51;SKU-014;1;5000;500;CARD
REC-20260806-STORE_04-0185;STORE_04;CASH-05;2026-08-06 14:22:38;SKU-033;3;5000;500;CASH
REC-20260806-STORE_04-0185;STORE_04;CASH-01;2026-08-06 14:22:38;SKU-001;2;45000;1000;CASH
REC-20260806-STORE_04-0185;STORE_04;CASH-10;2026-08-06 14:22:38;SKU-001;4;45000;0;CARD
REC-20260806-STORE_04-0185;STORE_04;CASH-08;2026-08-06 14:22:38;SKU-006;2;45000;0;CASH
REC-20260806-STORE_04-0185;STORE_04;CASH-05;2026-08-06 14:22:38;SKU-015;2;5000;0;CASH
REC-20260806-STORE_04-0186;STORE_04;CASH-01;2026-08-06 21:02:58;SKU-002;2;12000;500;CASH
REC-20260806-STORE_04-0186;STORE_04;CASH-04;2026-08-06 21:02:58;SKU-007;1;12000;1000;CARD
REC-20260806-STORE_04-0186;STORE_04;CASH-08;2026-08-06 21:02:58;SKU-001;2;45000;0;CARD
REC-20260806-STORE_04-0186;STORE_04;CASH-09;2026-08-06 21:02:58;SKU-002;4;12000;1000;CARD
REC-20260806-STORE_04-0186;STORE_04;CASH-01;2026-08-06 21:02:58;SKU-009;2;25000;1000;CARD
REC-20260806-STORE_04-0187;STORE_04;CASH-08;2026-08-06 16:05:47;SKU-005;1;5000;0;CARD
REC-20260806-STORE_04-0187;STORE_04;CASH-09;2026-08-06 16:05:47;SKU-015;3;5000;500;CASH
REC-20260806-STORE_04-0187;STORE_04;CASH-08;2026-08-06 16:05:47;SKU-002;3;12000;0;CARD
REC-20260806-STORE_04-0188;STORE_04;CASH-02;2026-08-06 18:03:58;SKU-022;2;12000;1000;CARD
REC-20260806-STORE_04-0188;STORE_04;CASH-08;2026-08-06 18:03:58;SKU-001;2;45000;0;CASH
REC-20260806-STORE_04-0188;STORE_04;CASH-04;2026-08-06 18:03:58;SKU-001;2;45000;0;CARD
REC-20260806-STORE_04-0188;STORE_04;CASH-02;2026-08-06 18:03:58;SKU-007;3;12000;0;CARD
REC-20260806-STORE_04-0188;STORE_04;CASH-01;2026-08-06 18:03:58;SKU-005;4;5000;0;CARD
REC-20260806-STORE_04-0189;STORE_04;CASH-04;2026-08-06 16:42:08;SKU-008;4;12000;500;CARD
REC-20260806-STORE_04-0189;STORE_04;CASH-07;2026-08-06 16:42:08;SKU-001;1;45000;0;CARD
REC-20260806-STORE_04-0189;STORE_04;CASH-03;2026-08-06 16:42:08;SKU-002;3;12000;500;CARD
REC-20260806-STORE_04-0189;STORE_04;CASH-10;2026-08-06 16:42:08;SKU-031;2;45000;500;CARD
REC-20260806-STORE_04-0190;STORE_04;CASH-04;2026-08-06 13:20:52;SKU-014;1;5000;0;CARD
REC-20260806-STORE_04-0190;STORE_04;CASH-09;2026-08-06 13:20:52;SKU-001;4;45000;0;CARD
REC-20260806-STORE_04-0190;STORE_04;CASH-09;2026-08-06 13:20:52;SKU-006;1;45000;0;CARD
REC-20260806-STORE_04-0190;STORE_04;CASH-05;2026-08-06 13:20:52;SKU-012;4;45000;0;CARD
REC-20260806-STORE_04-0190;STORE_04;CASH-04;2026-08-06 13:20:52;SKU-015;4;5000;0;CARD
REC-20260806-STORE_04-0191;STORE_04;CASH-02;2026-08-06 10:17:27;SKU-041;1;25000;500;CARD
REC-20260806-STORE_04-0191;STORE_04;CASH-01;2026-08-06 10:17:27;SKU-002;4;12000;500;CARD
REC-20260806-STORE_04-0192;STORE_04;CASH-08;2026-08-06 14:47:00;SKU-011;3;5000;0;CARD
REC-20260806-STORE_04-0192;STORE_04;CASH-02;2026-08-06 14:47:00;SKU-011;4;5000;1000;CARD
REC-20260806-STORE_04-0192;STORE_04;CASH-06;2026-08-06 14:47:00;SKU-008;1;12000;500;CARD
REC-20260806-STORE_04-0193;STORE_04;CASH-09;2026-08-06 13:40:24;SKU-004;3;25000;0;CARD
REC-20260806-STORE_04-0193;STORE_04;CASH-08;2026-08-06 13:40:24;SKU-018;4;5000;0;CASH
REC-20260806-STORE_04-0194;STORE_04;CASH-06;2026-08-06 12:09:40;SKU-018;4;5000;0;CASH
REC-20260806-STORE_04-0195;STORE_04;CASH-07;2026-08-06 18:15:30;SKU-013;2;12000;0;CASH
REC-20260806-STORE_04-0195;STORE_04;CASH-06;2026-08-06 18:15:30;SKU-041;4;25000;500;CARD
REC-20260806-STORE_04-0195;STORE_04;CASH-02;2026-08-06 18:15:30;SKU-001;1;45000;0;CARD
REC-20260806-STORE_04-0196;STORE_04;CASH-03;2026-08-06 21:28:07;SKU-002;4;12000;500;CARD
REC-20260806-STORE_04-0196;STORE_04;CASH-04;2026-08-06 21:28:07;SKU-041;4;25000;1000;CARD
REC-20260806-STORE_04-0196;STORE_04;CASH-05;2026-08-06 21:28:07;SKU-007;1;12000;0;CARD
REC-20260806-STORE_04-0197;STORE_04;CASH-08;2026-08-06 10:07:18;SKU-031;3;45000;0;CARD
REC-20260806-STORE_04-0197;STORE_04;CASH-03;2026-08-06 10:07:18;SKU-018;2;5000;500;CARD
REC-20260806-STORE_04-0197;STORE_04;CASH-01;2026-08-06 10:07:18;SKU-017;4;12000;0;CARD
REC-20260806-STORE_04-0197;STORE_04;CASH-06;2026-08-06 10:07:18;SKU-002;2;12000;1000;CASH
REC-20260806-STORE_04-0197;STORE_04;CASH-10;2026-08-06 10:07:18;SKU-003;4;45000;0;CARD
REC-20260806-STORE_04-0198;STORE_04;CASH-01;2026-08-06 19:21:57;SKU-035;1;5000;0;CARD
REC-20260806-STORE_04-0198;STORE_04;CASH-03;2026-08-06 19:21:57;SKU-035;3;5000;0;CASH
REC-20260806-STORE_04-0198;STORE_04;CASH-07;2026-08-06 19:21:57;SKU-028;4;5000;500;CARD
REC-20260806-STORE_04-0199;STORE_04;CASH-04;2026-08-06 9:12:41;SKU-001;1;45000;0;CARD
REC-20260806-STORE_04-0199;STORE_04;CASH-03;2026-08-06 9:12:41;SKU-002;3;12000;1000;CARD
REC-20260806-STORE_04-0199;STORE_04;CASH-07;2026-08-06 9:12:41;SKU-002;3;12000;0;CASH
REC-20260806-STORE_04-0199;STORE_04;CASH-04;2026-08-06 9:12:41;SKU-002;1;12000;1000;CASH
REC-20260806-STORE_04-0200;STORE_04;CASH-04;2026-08-06 10:08:36;SKU-001;4;45000;0;CASH
REC-20260806-STORE_04-0200;STORE_04;CASH-01;2026-08-06 10:08:36;SKU-002;2;12000;0;CASH
REC-20260806-STORE_04-0200;STORE_04;CASH-07;2026-08-06 10:08:36;SKU-001;4;45000;0;CARD
REC-20260806-STORE_04-0201;STORE_04;CASH-03;2026-08-06 15:38:54;SKU-001;2;45000;0;CARD
REC-20260806-STORE_04-0202;STORE_04;CASH-08;2026-08-06 21:04:50;SKU-004;1;25000;0;CARD
REC-20260806-STORE_04-0202;STORE_04;CASH-07;2026-08-06 21:04:50;SKU-003;1;45000;1000;CARD
REC-20260806-STORE_04-0203;STORE_04;CASH-05;2026-08-06 12:47:39;SKU-040;4;25000;0;CASH
REC-20260806-STORE_04-0203;STORE_04;CASH-08;2026-08-06 12:47:39;SKU-003;1;45000;0;CARD
REC-20260806-STORE_04-0203;STORE_04;CASH-10;2026-08-06 12:47:39;SKU-013;4;12000;0;CARD
REC-20260806-STORE_04-0204;STORE_04;CASH-04;2026-08-06 13:41:18;SKU-001;3;45000;0;CARD
REC-20260806-STORE_04-0204;STORE_04;CASH-10;2026-08-06 13:41:18;SKU-004;3;25000;500;CARD
REC-20260806-STORE_04-0204;STORE_04;CASH-10;2026-08-06 13:41:18;SKU-001;2;45000;0;CARD
REC-20260806-STORE_04-0204;STORE_04;CASH-06;2026-08-06 13:41:18;SKU-014;3;5000;0;CASH
REC-20260806-STORE_04-0204;STORE_04;CASH-06;2026-08-06 13:41:18;SKU-023;2;45000;0;CASH
REC-20260806-STORE_04-0205;STORE_04;CASH-05;2026-08-06 11:21:44;SKU-009;3;25000;0;CARD
REC-20260806-STORE_04-0206;STORE_04;CASH-09;2026-08-06 12:05:54;SKU-041;2;25000;0;CASH
REC-20260806-STORE_04-0206;STORE_04;CASH-10;2026-08-06 12:05:54;SKU-001;3;45000;0;CASH
REC-20260806-STORE_04-0206;STORE_04;CASH-05;2026-08-06 12:05:54;SKU-003;2;45000;0;CARD
REC-20260806-STORE_04-0206;STORE_04;CASH-07;2026-08-06 12:05:54;SKU-001;3;45000;0;CARD
REC-20260806-STORE_04-0206;STORE_04;CASH-06;2026-08-06 12:05:54;SKU-001;4;45000;500;CARD
REC-20260806-STORE_04-0207;STORE_04;CASH-10;2026-08-06 15:34:15;SKU-020;2;12000;0;CARD
REC-20260806-STORE_04-0207;STORE_04;CASH-05;2026-08-06 15:34:15;SKU-007;3;12000;500;CARD
REC-20260806-STORE_04-0207;STORE_04;CASH-09;2026-08-06 15:34:15;SKU-006;2;45000;0;CARD
REC-20260806-STORE_04-0208;STORE_04;CASH-05;2026-08-06 8:10:00;SKU-015;3;5000;0;CARD
REC-20260806-STORE_04-0208;STORE_04;CASH-10;2026-08-06 8:10:00;SKU-036;4;45000;500;CARD
REC-20260806-STORE_04-0208;STORE_04;CASH-02;2026-08-06 8:10:00;SKU-004;1;25000;0;CARD
REC-20260806-STORE_04-0209;STORE_04;CASH-08;2026-08-06 9:59:00;SKU-002;4;12000;500;CARD
REC-20260806-STORE_04-0209;STORE_04;CASH-01;2026-08-06 9:59:00;SKU-046;4;25000;1000;CARD
REC-20260806-STORE_04-0209;STORE_04;CASH-06;2026-08-06 9:59:00;SKU-006;4;45000;500;CARD
REC-20260806-STORE_04-0210;STORE_04;CASH-10;2026-08-06 20:32:08;SKU-001;3;45000;0;CARD
REC-20260806-STORE_04-0211;STORE_04;CASH-10;2026-08-06 8:23:11;SKU-014;4;5000;0;CARD
REC-20260806-STORE_04-0211;STORE_04;CASH-06;2026-08-06 8:23:11;SKU-003;4;45000;1000;CASH
REC-20260806-STORE_04-0211;STORE_04;CASH-10;2026-08-06 8:23:11;SKU-002;1;12000;0;CARD
REC-20260806-STORE_04-0211;STORE_04;CASH-05;2026-08-06 8:23:11;SKU-003;4;45000;0;CARD
REC-20260806-STORE_04-0212;STORE_04;CASH-01;2026-08-06 14:30:30;SKU-015;2;5000;0;CASH
REC-20260806-STORE_04-0213;STORE_04;CASH-10;2026-08-06 21:53:41;SKU-002;4;12000;0;CARD
REC-20260806-STORE_04-0213;STORE_04;CASH-03;2026-08-06 21:53:41;SKU-001;3;45000;0;CASH
REC-20260806-STORE_04-0214;STORE_04;CASH-07;2026-08-06 12:51:18;SKU-010;4;25000;0;CASH
REC-20260806-STORE_04-0214;STORE_04;CASH-05;2026-08-06 12:51:18;SKU-001;1;45000;500;CASH
REC-20260806-STORE_04-0214;STORE_04;CASH-09;2026-08-06 12:51:18;SKU-004;1;25000;0;CARD
REC-20260806-STORE_04-0214;STORE_04;CASH-09;2026-08-06 12:51:18;SKU-013;4;12000;0;CARD
REC-20260806-STORE_04-0215;STORE_04;CASH-09;2026-08-06 19:09:46;SKU-019;1;25000;1000;CASH
REC-20260806-STORE_04-0215;STORE_04;CASH-05;2026-08-06 19:09:46;SKU-003;1;45000;1000;CARD
REC-20260806-STORE_04-0215;STORE_04;CASH-08;2026-08-06 19:09:46;SKU-011;2;5000;500;CASH
REC-20260806-STORE_04-0215;STORE_04;CASH-06;2026-08-06 19:09:46;SKU-036;4;45000;1000;CASH
REC-20260806-STORE_04-0216;STORE_04;CASH-02;2026-08-06 8:19:30;SKU-001;2;45000;500;CARD
REC-20260806-STORE_04-0216;STORE_04;CASH-02;2026-08-06 8:19:30;SKU-001;3;45000;1000;CARD
REC-20260806-STORE_04-0216;STORE_04;CASH-04;2026-08-06 8:19:30;SKU-001;1;45000;1000;CARD
REC-20260806-STORE_04-0217;STORE_04;CASH-01;2026-08-06 9:28:25;SKU-004;2;25000;500;CARD
REC-20260806-STORE_04-0217;STORE_04;CASH-02;2026-08-06 9:28:25;SKU-027;1;5000;0;CARD
REC-20260806-STORE_04-0217;STORE_04;CASH-08;2026-08-06 9:28:25;SKU-003;2;45000;0;CARD
REC-20260806-STORE_04-0218;STORE_04;CASH-02;2026-08-06 17:14:00;SKU-003;1;45000;0;CARD
REC-20260806-STORE_04-0218;STORE_04;CASH-07;2026-08-06 17:14:00;SKU-005;4;5000;1000;CARD
REC-20260806-STORE_04-0219;STORE_04;CASH-01;2026-08-06 16:38:53;SKU-024;3;12000;0;CARD
REC-20260806-STORE_04-0219;STORE_04;CASH-07;2026-08-06 16:38:53;SKU-042;3;5000;0;CARD
REC-20260806-STORE_04-0220;STORE_04;CASH-09;2026-08-06 15:49:16;SKU-003;4;45000;0;CARD
REC-20260806-STORE_04-0220;STORE_04;CASH-02;2026-08-06 15:49:16;SKU-001;2;45000;0;CARD
REC-20260806-STORE_04-0220;STORE_04;CASH-01;2026-08-06 15:49:16;SKU-038;2;12000;0;CASH
REC-20260806-STORE_04-0220;STORE_04;CASH-05;2026-08-06 15:49:16;SKU-004;4;25000;0;CARD
REC-20260806-STORE_04-0220;STORE_04;CASH-01;2026-08-06 15:49:16;SKU-002;1;12000;0;CASH
REC-20260806-STORE_04-0221;STORE_04;CASH-04;2026-08-06 13:42:03;SKU-047;4;5000;0;CARD
REC-20260806-STORE_04-0221;STORE_04;CASH-03;2026-08-06 13:42:03;SKU-013;4;12000;0;CARD
REC-20260806-STORE_04-0222;STORE_04;CASH-09;2026-08-06 19:50:30;SKU-008;3;12000;0;CARD
REC-20260806-STORE_04-0222;STORE_04;CASH-06;2026-08-06 19:50:30;SKU-014;3;5000;0;CARD
REC-20260806-STORE_04-0222;STORE_04;CASH-07;2026-08-06 19:50:30;SKU-002;1;12000;500;CASH
REC-20260806-STORE_04-0222;STORE_04;CASH-01;2026-08-06 19:50:30;SKU-018;2;5000;0;CARD
REC-20260806-STORE_04-0223;STORE_04;CASH-03;2026-08-06 9:12:24;SKU-019;3;25000;0;CARD
REC-20260806-STORE_04-0224;STORE_04;CASH-10;2026-08-06 13:25:19;SKU-002;3;12000;1000;CARD
REC-20260806-STORE_04-0225;STORE_04;CASH-08;2026-08-06 8:35:08;SKU-003;2;45000;1000;CARD
REC-20260806-STORE_04-0226;STORE_04;CASH-09;2026-08-06 16:23:36;SKU-003;3;45000;0;CASH
REC-20260806-STORE_04-0226;STORE_04;CASH-07;2026-08-06 16:23:36;SKU-005;3;5000;0;CASH
REC-20260806-STORE_04-0227;STORE_04;CASH-08;2026-08-06 19:45:36;SKU-001;1;45000;500;CARD
REC-20260806-STORE_04-0228;STORE_04;CASH-06;2026-08-06 16:33:28;SKU-014;3;5000;0;CASH
REC-20260806-STORE_04-0228;STORE_04;CASH-09;2026-08-06 16:33:28;SKU-024;1;12000;0;CASH
REC-20260806-STORE_04-0229;STORE_04;CASH-01;2026-08-06 11:30:41;SKU-016;3;25000;0;CARD
REC-20260806-STORE_04-0229;STORE_04;CASH-08;2026-08-06 11:30:41;SKU-002;1;12000;0;CASH
REC-20260806-STORE_04-0229;STORE_04;CASH-10;2026-08-06 11:30:41;SKU-012;4;45000;1000;CARD
REC-20260806-STORE_04-0229;STORE_04;CASH-09;2026-08-06 11:30:41;SKU-019;4;25000;0;CASH
REC-20260806-STORE_04-0230;STORE_04;CASH-06;2026-08-06 19:47:34;SKU-002;1;12000;0;CARD
REC-20260806-STORE_04-0230;STORE_04;CASH-08;2026-08-06 19:47:34;SKU-005;4;5000;0;CARD
REC-20260806-STORE_04-0230;STORE_04;CASH-08;2026-08-06 19:47:34;SKU-029;1;5000;1000;CARD
REC-20260806-STORE_04-0230;STORE_04;CASH-10;2026-08-06 19:47:34;SKU-001;2;45000;0;CASH
REC-20260806-STORE_04-0230;STORE_04;CASH-01;2026-08-06 19:47:34;SKU-002;3;12000;0;CARD
REC-20260806-STORE_04-0231;STORE_04;CASH-01;2026-08-06 19:36:58;SKU-002;3;12000;0;CARD
REC-20260806-STORE_04-0231;STORE_04;CASH-09;2026-08-06 19:36:58;SKU-012;2;45000;0;CARD
REC-20260806-STORE_04-0231;STORE_04;CASH-03;2026-08-06 19:36:58;SKU-013;2;12000;1000;CASH
REC-20260806-STORE_04-0231;STORE_04;CASH-09;2026-08-06 19:36:58;SKU-026;2;12000;0;CASH
REC-20260806-STORE_04-0231;STORE_04;CASH-05;2026-08-06 19:36:58;SKU-002;2;12000;500;CARD
REC-20260806-STORE_04-0232;STORE_04;CASH-07;2026-08-06 9:29:25;SKU-021;3;5000;0;CARD
REC-20260806-STORE_04-0232;STORE_04;CASH-01;2026-08-06 9:29:25;SKU-010;3;25000;0;CARD
REC-20260806-STORE_04-0233;STORE_04;CASH-10;2026-08-06 20:45:48;SKU-032;2;25000;0;CARD
REC-20260806-STORE_04-0233;STORE_04;CASH-03;2026-08-06 20:45:48;SKU-036;4;45000;0;CASH
REC-20260806-STORE_04-0233;STORE_04;CASH-02;2026-08-06 20:45:48;SKU-002;4;12000;0;CARD
REC-20260806-STORE_04-0233;STORE_04;CASH-05;2026-08-06 20:45:48;SKU-003;3;45000;1000;CARD
REC-20260806-STORE_04-0234;STORE_04;CASH-10;2026-08-06 13:34:17;SKU-032;3;25000;0;CASH
REC-20260806-STORE_04-0234;STORE_04;CASH-08;2026-08-06 13:34:17;SKU-002;2;12000;500;CARD
REC-20260806-STORE_04-0234;STORE_04;CASH-04;2026-08-06 13:34:17;SKU-047;3;5000;1000;CARD
REC-20260806-STORE_04-0234;STORE_04;CASH-10;2026-08-06 13:34:17;SKU-006;3;45000;0;CARD
REC-20260806-STORE_04-0234;STORE_04;CASH-08;2026-08-06 13:34:17;SKU-015;1;5000;0;CARD
REC-20260806-STORE_04-0235;STORE_04;CASH-03;2026-08-06 11:07:37;SKU-018;4;5000;1000;CASH
REC-20260806-STORE_04-0235;STORE_04;CASH-02;2026-08-06 11:07:37;SKU-014;2;5000;500;CARD
REC-20260806-STORE_04-0235;STORE_04;CASH-07;2026-08-06 11:07:37;SKU-001;3;45000;500;CARD
REC-20260806-STORE_04-0236;STORE_04;CASH-02;2026-08-06 15:23:12;SKU-001;3;45000;0;CARD
REC-20260806-STORE_04-0237;STORE_04;CASH-06;2026-08-06 16:29:40;SKU-007;1;12000;1000;CARD
REC-20260806-STORE_04-0237;STORE_04;CASH-07;2026-08-06 16:29:40;SKU-002;2;12000;0;CARD
REC-20260806-STORE_04-0237;STORE_04;CASH-09;2026-08-06 16:29:40;SKU-014;2;5000;1000;CARD
REC-20260806-STORE_04-0238;STORE_04;CASH-07;2026-08-06 20:17:48;SKU-002;1;12000;0;CARD
REC-20260806-STORE_04-0238;STORE_04;CASH-09;2026-08-06 20:17:48;SKU-001;2;45000;500;CARD
REC-20260806-STORE_04-0239;STORE_04;CASH-09;2026-08-06 11:09:05;SKU-001;2;45000;0;CARD
REC-20260806-STORE_04-0239;STORE_04;CASH-05;2026-08-06 11:09:05;SKU-002;2;12000;0;CARD
REC-20260806-STORE_04-0240;STORE_04;CASH-10;2026-08-06 11:59:34;SKU-001;2;45000;0;CASH
REC-20260806-STORE_04-0240;STORE_04;CASH-03;2026-08-06 11:59:34;SKU-004;3;25000;1000;CARD
REC-20260806-STORE_04-0240;STORE_04;CASH-06;2026-08-06 11:59:34;SKU-035;2;5000;0;CASH
REC-20260806-STORE_04-0240;STORE_04;CASH-04;2026-08-06 11:59:34;SKU-001;1;45000;0;CARD
REC-20260806-STORE_04-0240;STORE_04;CASH-03;2026-08-06 11:59:34;SKU-001;4;45000;0;CARD
REC-20260806-STORE_04-0241;STORE_04;CASH-08;2026-08-06 13:13:54;SKU-001;2;45000;0;CARD
REC-20260806-STORE_04-0241;STORE_04;CASH-05;2026-08-06 13:13:54;SKU-001;3;45000;1000;CARD
REC-20260806-STORE_04-0241;STORE_04;CASH-06;2026-08-06 13:13:54;SKU-001;3;45000;0;CARD
REC-20260806-STORE_04-0241;STORE_04;CASH-04;2026-08-06 13:13:54;SKU-024;2;12000;500;CASH
REC-20260806-STORE_04-0241;STORE_04;CASH-05;2026-08-06 13:13:54;SKU-001;4;45000;0;CARD
REC-20260806-STORE_04-0242;STORE_04;CASH-02;2026-08-06 13:28:36;SKU-001;3;45000;0;CARD
REC-20260806-STORE_04-0242;STORE_04;CASH-10;2026-08-06 13:28:36;SKU-001;4;45000;500;CARD
REC-20260806-STORE_04-0243;STORE_04;CASH-10;2026-08-06 21:30:38;SKU-002;2;12000;0;CARD
REC-20260806-STORE_04-0244;STORE_04;CASH-07;2026-08-06 10:06:07;SKU-001;3;45000;500;CASH
REC-20260806-STORE_04-0244;STORE_04;CASH-06;2026-08-06 10:06:07;SKU-045;3;45000;0;CARD
REC-20260806-STORE_04-0244;STORE_04;CASH-05;2026-08-06 10:06:07;SKU-049;4;5000;1000;CARD
REC-20260806-STORE_04-0244;STORE_04;CASH-10;2026-08-06 10:06:07;SKU-008;4;12000;1000;CARD
REC-20260806-STORE_04-0244;STORE_04;CASH-01;2026-08-06 10:06:07;SKU-001;1;45000;500;CARD
REC-20260806-STORE_04-0245;STORE_04;CASH-01;2026-08-06 10:26:52;SKU-001;4;45000;1000;CASH
REC-20260806-STORE_04-0245;STORE_04;CASH-08;2026-08-06 10:26:52;SKU-003;3;45000;1000;CASH
REC-20260806-STORE_04-0245;STORE_04;CASH-04;2026-08-06 10:26:52;SKU-025;3;5000;0;CARD
REC-20260806-STORE_04-0245;STORE_04;CASH-06;2026-08-06 10:26:52;SKU-001;4;45000;1000;CARD
REC-20260806-STORE_04-0246;STORE_04;CASH-07;2026-08-06 11:41:07;SKU-001;4;45000;0;CASH
REC-20260806-STORE_04-0246;STORE_04;CASH-10;2026-08-06 11:41:07;SKU-040;1;25000;500;CARD
REC-20260806-STORE_04-0246;STORE_04;CASH-01;2026-08-06 11:41:07;SKU-004;4;25000;0;CASH
REC-20260806-STORE_04-0246;STORE_04;CASH-09;2026-08-06 11:41:07;SKU-001;4;45000;1000;CARD
REC-20260806-STORE_04-0247;STORE_04;CASH-10;2026-08-06 15:54:07;SKU-001;4;45000;500;CASH
REC-20260806-STORE_04-0247;STORE_04;CASH-05;2026-08-06 15:54:07;SKU-002;2;12000;500;CARD
REC-20260806-STORE_04-0247;STORE_04;CASH-01;2026-08-06 15:54:07;SKU-001;3;45000;0;CASH
REC-20260806-STORE_04-0247;STORE_04;CASH-05;2026-08-06 15:54:07;SKU-001;2;45000;0;CARD
REC-20260806-STORE_04-0247;STORE_04;CASH-06;2026-08-06 15:54:07;SKU-045;4;45000;500;CASH
REC-20260806-STORE_04-0248;STORE_04;CASH-07;2026-08-06 17:24:11;SKU-002;2;12000;1000;CARD
REC-20260806-STORE_04-0249;STORE_04;CASH-09;2026-08-06 13:55:46;SKU-018;1;5000;0;CARD
REC-20260806-STORE_04-0249;STORE_04;CASH-08;2026-08-06 13:55:46;SKU-002;3;12000;1000;CARD
REC-20260806-STORE_04-0249;STORE_04;CASH-07;2026-08-06 13:55:46;SKU-004;3;25000;500;CARD
REC-20260806-STORE_04-0249;STORE_04;CASH-04;2026-08-06 13:55:46;SKU-025;3;5000;500;CASH
REC-20260806-STORE_04-0250;STORE_04;CASH-08;2026-08-06 16:46:26;SKU-008;4;12000;0;CARD
REC-20260806-STORE_04-0251;STORE_04;CASH-08;2026-08-06 12:43:04;SKU-004;1;25000;0;CARD
REC-20260806-STORE_04-0251;STORE_04;CASH-04;2026-08-06 12:43:04;SKU-001;3;45000;0;CASH
REC-20260806-STORE_04-0251;STORE_04;CASH-08;2026-08-06 12:43:04;SKU-001;1;45000;1000;CARD
REC-20260806-STORE_04-0251;STORE_04;CASH-01;2026-08-06 12:43:04;SKU-009;3;25000;1000;CARD
REC-20260806-STORE_04-0251;STORE_04;CASH-08;2026-08-06 12:43:04;SKU-001;1;45000;500;CARD
REC-20260806-STORE_04-0252;STORE_04;CASH-02;2026-08-06 16:06:46;SKU-002;3;12000;500;CASH
REC-20260806-STORE_04-0253;STORE_04;CASH-07;2026-08-06 21:24:15;SKU-013;2;12000;1000;CARD
REC-20260806-STORE_04-0254;STORE_04;CASH-06;2026-08-06 15:35:37;SKU-014;3;5000;1000;CASH
REC-20260806-STORE_04-0254;STORE_04;CASH-01;2026-08-06 15:35:37;SKU-007;4;12000;500;CARD
REC-20260806-STORE_04-0254;STORE_04;CASH-03;2026-08-06 15:35:37;SKU-002;2;12000;0;CARD
REC-20260806-STORE_04-0255;STORE_04;CASH-06;2026-08-06 12:43:40;SKU-050;1;25000;0;CARD
REC-20260806-STORE_04-0255;STORE_04;CASH-06;2026-08-06 12:43:40;SKU-016;2;25000;1000;CASH
REC-20260806-STORE_04-0255;STORE_04;CASH-06;2026-08-06 12:43:40;SKU-020;4;12000;0;CARD
REC-20260806-STORE_04-0256;STORE_04;CASH-09;2026-08-06 15:47:07;SKU-006;3;45000;0;CARD
REC-20260806-STORE_04-0256;STORE_04;CASH-07;2026-08-06 15:47:07;SKU-037;4;45000;0;CARD
REC-20260806-STORE_04-0256;STORE_04;CASH-06;2026-08-06 15:47:07;SKU-007;3;12000;0;CARD
REC-20260806-STORE_04-0256;STORE_04;CASH-01;2026-08-06 15:47:07;SKU-001;2;45000;1000;CASH
REC-20260806-STORE_04-0256;STORE_04;CASH-05;2026-08-06 15:47:07;SKU-022;2;12000;1000;CARD
REC-20260806-STORE_04-0257;STORE_04;CASH-05;2026-08-06 8:42:47;SKU-003;4;45000;0;CARD
REC-20260806-STORE_04-0258;STORE_04;CASH-05;2026-08-06 9:55:28;SKU-002;4;12000;1000;CARD
REC-20260806-STORE_04-0258;STORE_04;CASH-10;2026-08-06 9:55:28;SKU-004;1;25000;500;CARD
REC-20260806-STORE_04-0258;STORE_04;CASH-10;2026-08-06 9:55:28;SKU-034;4;25000;1000;CARD
REC-20260806-STORE_04-0259;STORE_04;CASH-05;2026-08-06 17:56:02;SKU-008;4;12000;500;CARD
REC-20260806-STORE_04-0259;STORE_04;CASH-01;2026-08-06 17:56:02;SKU-005;4;5000;0;CARD
REC-20260806-STORE_04-0259;STORE_04;CASH-03;2026-08-06 17:56:02;SKU-014;3;5000;0;CARD
REC-20260806-STORE_04-0259;STORE_04;CASH-10;2026-08-06 17:56:02;SKU-043;2;25000;500;CARD
REC-20260806-STORE_04-0260;STORE_04;CASH-06;2026-08-06 19:58:44;SKU-002;1;12000;0;CARD
REC-20260806-STORE_04-0260;STORE_04;CASH-03;2026-08-06 19:58:44;SKU-001;3;45000;0;CASH
REC-20260806-STORE_04-0260;STORE_04;CASH-01;2026-08-06 19:58:44;SKU-002;1;12000;1000;CARD
REC-20260806-STORE_04-0260;STORE_04;CASH-06;2026-08-06 19:58:44;SKU-007;2;12000;0;CARD
REC-20260806-STORE_04-0260;STORE_04;CASH-10;2026-08-06 19:58:44;SKU-001;4;45000;1000;CARD
REC-20260806-STORE_04-0261;STORE_04;CASH-01;2026-08-06 13:37:20;SKU-012;4;45000;1000;CASH
REC-20260806-STORE_04-0261;STORE_04;CASH-02;2026-08-06 13:37:20;SKU-001;4;45000;0;CASH
REC-20260806-STORE_04-0261;STORE_04;CASH-03;2026-08-06 13:37:20;SKU-004;1;25000;0;CASH
REC-20260806-STORE_04-0261;STORE_04;CASH-05;2026-08-06 13:37:20;SKU-001;2;45000;0;CASH
REC-20260806-STORE_04-0261;STORE_04;CASH-05;2026-08-06 13:37:20;SKU-001;4;45000;0;CARD
REC-20260806-STORE_04-0262;STORE_04;CASH-07;2026-08-06 16:42:37;SKU-001;4;45000;0;CASH
REC-20260806-STORE_04-0262;STORE_04;CASH-05;2026-08-06 16:42:37;SKU-029;1;5000;500;CARD
REC-20260806-STORE_04-0262;STORE_04;CASH-05;2026-08-06 16:42:37;SKU-042;3;5000;1000;CARD
REC-20260806-STORE_04-0262;STORE_04;CASH-05;2026-08-06 16:42:37;SKU-005;2;5000;0;CASH
REC-20260806-STORE_04-0262;STORE_04;CASH-08;2026-08-06 16:42:37;SKU-007;1;12000;0;CARD
REC-20260806-STORE_04-0263;STORE_04;CASH-01;2026-08-06 9:20:54;SKU-006;2;45000;500;CASH
REC-20260806-STORE_04-0264;STORE_04;CASH-04;2026-08-06 10:27:15;SKU-001;4;45000;0;CARD
REC-20260806-STORE_04-0265;STORE_04;CASH-06;2026-08-06 16:19:02;SKU-002;1;12000;0;CASH
REC-20260806-STORE_04-0265;STORE_04;CASH-08;2026-08-06 16:19:02;SKU-021;1;5000;500;CASH
REC-20260806-STORE_04-0265;STORE_04;CASH-06;2026-08-06 16:19:02;SKU-046;2;25000;1000;CARD
REC-20260806-STORE_04-0265;STORE_04;CASH-02;2026-08-06 16:19:02;SKU-005;3;5000;0;CASH
REC-20260806-STORE_04-0265;STORE_04;CASH-02;2026-08-06 16:19:02;SKU-022;2;12000;1000;CARD
REC-20260806-STORE_04-0266;STORE_04;CASH-09;2026-08-06 9:53:36;SKU-002;2;12000;0;CASH
REC-20260806-STORE_04-0267;STORE_04;CASH-07;2026-08-06 18:49:57;SKU-005;1;5000;0;CARD
REC-20260806-STORE_04-0267;STORE_04;CASH-05;2026-08-06 18:49:57;SKU-023;2;45000;0;CARD
REC-20260806-STORE_04-0268;STORE_04;CASH-07;2026-08-06 17:05:08;SKU-003;2;45000;500;CASH
REC-20260806-STORE_04-0268;STORE_04;CASH-02;2026-08-06 17:05:08;SKU-005;3;5000;0;CASH
REC-20260806-STORE_04-0268;STORE_04;CASH-05;2026-08-06 17:05:08;SKU-001;4;45000;0;CARD
REC-20260806-STORE_04-0268;STORE_04;CASH-06;2026-08-06 17:05:08;SKU-003;3;45000;0;CARD
REC-20260806-STORE_04-0268;STORE_04;CASH-01;2026-08-06 17:05:08;SKU-001;1;45000;0;CARD
REC-20260806-STORE_04-0269;STORE_04;CASH-05;2026-08-06 12:14:12;SKU-030;3;45000;0;CARD
REC-20260806-STORE_04-0269;STORE_04;CASH-08;2026-08-06 12:14:12;SKU-001;3;45000;1000;CARD
REC-20260806-STORE_04-0269;STORE_04;CASH-01;2026-08-06 12:14:12;SKU-001;1;45000;0;CARD
REC-20260806-STORE_04-0269;STORE_04;CASH-06;2026-08-06 12:14:12;SKU-003;3;45000;500;CASH
REC-20260806-STORE_04-0270;STORE_04;CASH-03;2026-08-06 9:23:31;SKU-003;2;45000;0;CARD
REC-20260806-STORE_04-0270;STORE_04;CASH-05;2026-08-06 9:23:31;SKU-004;2;25000;0;CARD
REC-20260806-STORE_04-0270;STORE_04;CASH-06;2026-08-06 9:23:31;SKU-009;4;25000;1000;CARD
REC-20260806-STORE_04-0271;STORE_04;CASH-07;2026-08-06 16:46:29;SKU-001;4;45000;0;CARD
REC-20260806-STORE_04-0271;STORE_04;CASH-05;2026-08-06 16:46:29;SKU-003;2;45000;0;CASH
REC-20260806-STORE_04-0271;STORE_04;CASH-02;2026-08-06 16:46:29;SKU-001;2;45000;0;CARD
REC-20260806-STORE_04-0271;STORE_04;CASH-03;2026-08-06 16:46:29;SKU-004;2;25000;500;CARD
REC-20260806-STORE_04-0271;STORE_04;CASH-03;2026-08-06 16:46:29;SKU-024;4;12000;0;CARD
REC-20260806-STORE_04-0272;STORE_04;CASH-06;2026-08-06 14:56:13;SKU-002;3;12000;1000;CARD
REC-20260806-STORE_04-0272;STORE_04;CASH-03;2026-08-06 14:56:13;SKU-047;3;5000;0;CASH
REC-20260806-STORE_04-0272;STORE_04;CASH-08;2026-08-06 14:56:13;SKU-006;2;45000;500;CASH
REC-20260806-STORE_04-0272;STORE_04;CASH-05;2026-08-06 14:56:13;SKU-001;2;45000;0;CARD
REC-20260806-STORE_04-0273;STORE_04;CASH-06;2026-08-06 10:46:20;SKU-030;2;45000;0;CASH
REC-20260806-STORE_04-0274;STORE_04;CASH-04;2026-08-06 8:17:56;SKU-007;2;12000;1000;CASH
REC-20260806-STORE_04-0274;STORE_04;CASH-04;2026-08-06 8:17:56;SKU-003;2;45000;0;CARD
REC-20260806-STORE_04-0275;STORE_04;CASH-06;2026-08-06 18:02:28;SKU-003;2;45000;0;CARD
REC-20260806-STORE_04-0275;STORE_04;CASH-06;2026-08-06 18:02:28;SKU-005;3;5000;1000;CASH
REC-20260806-STORE_04-0275;STORE_04;CASH-05;2026-08-06 18:02:28;SKU-003;4;45000;0;CASH
REC-20260806-STORE_04-0275;STORE_04;CASH-09;2026-08-06 18:02:28;SKU-009;3;25000;0;CARD
REC-20260806-STORE_04-0275;STORE_04;CASH-08;2026-08-06 18:02:28;SKU-019;3;25000;0;CARD
REC-20260806-STORE_04-0276;STORE_04;CASH-09;2026-08-06 13:15:08;SKU-001;4;45000;500;CARD
REC-20260806-STORE_04-0277;STORE_04;CASH-09;2026-08-06 11:44:57;SKU-002;1;12000;1000;CARD
REC-20260806-STORE_04-0277;STORE_04;CASH-07;2026-08-06 11:44:57;SKU-004;4;25000;0;CARD
REC-20260806-STORE_04-0277;STORE_04;CASH-05;2026-08-06 11:44:57;SKU-007;4;12000;0;CASH
REC-20260806-STORE_04-0277;STORE_04;CASH-02;2026-08-06 11:44:57;SKU-001;4;45000;0;CASH
REC-20260806-STORE_04-0278;STORE_04;CASH-02;2026-08-06 17:10:35;SKU-003;2;45000;0;CARD
REC-20260806-STORE_04-0278;STORE_04;CASH-02;2026-08-06 17:10:35;SKU-001;2;45000;0;CARD
REC-20260806-STORE_04-0278;STORE_04;CASH-07;2026-08-06 17:10:35;SKU-002;1;12000;0;CARD
REC-20260806-STORE_04-0278;STORE_04;CASH-09;2026-08-06 17:10:35;SKU-009;4;25000;1000;CASH
REC-20260806-STORE_04-0279;STORE_04;CASH-09;2026-08-06 13:59:02;SKU-001;2;45000;0;CARD
REC-20260806-STORE_04-0279;STORE_04;CASH-01;2026-08-06 13:59:02;SKU-005;3;5000;0;CARD
REC-20260806-STORE_04-0279;STORE_04;CASH-03;2026-08-06 13:59:02;SKU-001;3;45000;0;CASH
REC-20260806-STORE_04-0279;STORE_04;CASH-01;2026-08-06 13:59:02;SKU-028;4;5000;0;CARD
REC-20260806-STORE_04-0279;STORE_04;CASH-05;2026-08-06 13:59:02;SKU-003;4;45000;0;CASH
REC-20260806-STORE_04-0280;STORE_04;CASH-02;2026-08-06 10:59:14;SKU-001;1;45000;500;CARD
REC-20260806-STORE_04-0281;STORE_04;CASH-02;2026-08-06 11:34:50;SKU-001;3;45000;0;CASH
REC-20260806-STORE_04-0281;STORE_04;CASH-03;2026-08-06 11:34:50;SKU-001;1;45000;1000;CASH
REC-20260806-STORE_04-0281;STORE_04;CASH-03;2026-08-06 11:34:50;SKU-002;4;12000;0;CARD
REC-20260806-STORE_04-0281;STORE_04;CASH-04;2026-08-06 11:34:50;SKU-001;4;45000;1000;CARD
REC-20260806-STORE_04-0282;STORE_04;CASH-05;2026-08-06 19:11:13;SKU-008;1;12000;500;CASH
REC-20260806-STORE_04-0282;STORE_04;CASH-02;2026-08-06 19:11:13;SKU-044;3;5000;0;CARD
REC-20260806-STORE_04-0283;STORE_04;CASH-08;2026-08-06 13:03:27;SKU-032;3;25000;500;CARD
REC-20260806-STORE_04-0283;STORE_04;CASH-02;2026-08-06 13:03:27;SKU-015;4;5000;0;CARD
REC-20260806-STORE_04-0283;STORE_04;CASH-09;2026-08-06 13:03:27;SKU-025;1;5000;0;CARD
REC-20260806-STORE_04-0283;STORE_04;CASH-04;2026-08-06 13:03:27;SKU-002;1;12000;1000;CARD
REC-20260806-STORE_04-0283;STORE_04;CASH-08;2026-08-06 13:03:27;SKU-008;3;12000;0;CARD
REC-20260806-STORE_04-0284;STORE_04;CASH-02;2026-08-06 16:48:54;SKU-008;1;12000;0;CASH
REC-20260806-STORE_04-0284;STORE_04;CASH-08;2026-08-06 16:48:54;SKU-001;2;45000;0;CARD
REC-20260806-STORE_04-0284;STORE_04;CASH-02;2026-08-06 16:48:54;SKU-008;3;12000;0;CARD
REC-20260806-STORE_04-0284;STORE_04;CASH-08;2026-08-06 16:48:54;SKU-013;3;12000;0;CARD
REC-20260806-STORE_04-0285;STORE_04;CASH-03;2026-08-06 19:22:30;SKU-002;4;12000;0;CARD
REC-20260806-STORE_04-0286;STORE_04;CASH-01;2026-08-06 11:17:20;SKU-002;3;12000;0;CASH
REC-20260806-STORE_04-0286;STORE_04;CASH-10;2026-08-06 11:17:20;SKU-010;3;25000;0;CARD
REC-20260806-STORE_04-0286;STORE_04;CASH-10;2026-08-06 11:17:20;SKU-025;1;5000;500;CARD
REC-20260806-STORE_04-0286;STORE_04;CASH-07;2026-08-06 11:17:20;SKU-001;2;45000;1000;CARD
REC-20260806-STORE_04-0287;STORE_04;CASH-01;2026-08-06 20:59:27;SKU-013;4;12000;0;CASH
REC-20260806-STORE_04-0287;STORE_04;CASH-06;2026-08-06 20:59:27;SKU-001;1;45000;0;CARD
REC-20260806-STORE_04-0287;STORE_04;CASH-08;2026-08-06 20:59:27;SKU-003;2;45000;0;CARD
REC-20260806-STORE_04-0287;STORE_04;CASH-07;2026-08-06 20:59:27;SKU-001;3;45000;0;CARD
REC-20260806-STORE_04-0288;STORE_04;CASH-09;2026-08-06 20:31:50;SKU-001;1;45000;0;CARD
REC-20260806-STORE_04-0288;STORE_04;CASH-08;2026-08-06 20:31:50;SKU-001;1;45000;0;CARD
REC-20260806-STORE_04-0288;STORE_04;CASH-09;2026-08-06 20:31:50;SKU-006;3;45000;0;CASH
REC-20260806-STORE_04-0288;STORE_04;CASH-07;2026-08-06 20:31:50;SKU-001;2;45000;500;CASH
REC-20260806-STORE_04-0289;STORE_04;CASH-09;2026-08-06 8:39:23;SKU-043;4;25000;0;CASH
REC-20260806-STORE_04-0289;STORE_04;CASH-09;2026-08-06 8:39:23;SKU-003;3;45000;500;CARD
REC-20260806-STORE_04-0289;STORE_04;CASH-07;2026-08-06 8:39:23;SKU-002;1;12000;500;CASH
REC-20260806-STORE_04-0290;STORE_04;CASH-09;2026-08-06 19:15:18;SKU-005;4;5000;0;CARD
REC-20260806-STORE_04-0290;STORE_04;CASH-01;2026-08-06 19:15:18;SKU-001;4;45000;1000;CARD
REC-20260806-STORE_04-0290;STORE_04;CASH-09;2026-08-06 19:15:18;SKU-042;4;5000;500;CARD
REC-20260806-STORE_04-0291;STORE_04;CASH-07;2026-08-06 14:50:20;SKU-023;2;45000;0;CARD
REC-20260806-STORE_04-0291;STORE_04;CASH-02;2026-08-06 14:50:20;SKU-011;2;5000;0;CARD
REC-20260806-STORE_04-0291;STORE_04;CASH-06;2026-08-06 14:50:20;SKU-007;4;12000;0;CASH
REC-20260806-STORE_04-0291;STORE_04;CASH-10;2026-08-06 14:50:20;SKU-024;4;12000;0;CARD
REC-20260806-STORE_04-0292;STORE_04;CASH-09;2026-08-06 19:46:55;SKU-003;4;45000;0;CARD
REC-20260806-STORE_04-0292;STORE_04;CASH-05;2026-08-06 19:46:55;SKU-006;3;45000;1000;CARD
REC-20260806-STORE_04-0292;STORE_04;CASH-05;2026-08-06 19:46:55;SKU-003;1;45000;0;CARD
REC-20260806-STORE_04-0292;STORE_04;CASH-06;2026-08-06 19:46:55;SKU-026;1;12000;1000;CARD
REC-20260806-STORE_04-0293;STORE_04;CASH-04;2026-08-06 21:54:19;SKU-003;3;45000;500;CARD
REC-20260806-STORE_04-0293;STORE_04;CASH-02;2026-08-06 21:54:19;SKU-002;3;12000;1000;CARD
REC-20260806-STORE_04-0294;STORE_04;CASH-08;2026-08-06 11:52:04;SKU-004;1;25000;500;CASH
REC-20260806-STORE_04-0295;STORE_04;CASH-06;2026-08-06 18:05:17;SKU-004;3;25000;1000;CARD
REC-20260806-STORE_04-0296;STORE_04;CASH-10;2026-08-06 11:54:08;SKU-003;1;45000;1000;CARD
REC-20260806-STORE_04-0296;STORE_04;CASH-02;2026-08-06 11:54:08;SKU-008;4;12000;0;CARD
REC-20260806-STORE_04-0297;STORE_04;CASH-08;2026-08-06 18:18:17;SKU-001;2;45000;1000;CASH
REC-20260806-STORE_04-0297;STORE_04;CASH-01;2026-08-06 18:18:17;SKU-006;4;45000;0;CARD
REC-20260806-STORE_04-0297;STORE_04;CASH-04;2026-08-06 18:18:17;SKU-002;2;12000;0;CARD
REC-20260806-STORE_04-0298;STORE_04;CASH-06;2026-08-06 11:10:46;SKU-004;2;25000;0;CARD
REC-20260806-STORE_04-0298;STORE_04;CASH-01;2026-08-06 11:10:46;SKU-006;2;45000;500;CASH
REC-20260806-STORE_04-0298;STORE_04;CASH-07;2026-08-06 11:10:46;SKU-001;4;45000;0;CARD
REC-20260806-STORE_04-0299;STORE_04;CASH-05;2026-08-06 9:42:01;SKU-006;2;45000;0;CASH
REC-20260806-STORE_04-0299;STORE_04;CASH-08;2026-08-06 9:42:01;SKU-007;2;12000;0;CASH
REC-20260806-STORE_04-0299;STORE_04;CASH-10;2026-08-06 9:42:01;SKU-003;1;45000;0;CARD
REC-20260806-STORE_04-0300;STORE_04;CASH-01;2026-08-06 8:39:38;SKU-004;4;25000;1000;CARD
REC-20260806-STORE_04-0300;STORE_04;CASH-02;2026-08-06 8:39:38;SKU-050;2;25000;1000;CASH
REC-20260806-STORE_04-0300;STORE_04;CASH-05;2026-08-06 8:39:38;SKU-001;3;45000;0;CARD
REC-20260806-STORE_04-0301;STORE_04;CASH-01;2026-08-06 16:15:46;SKU-001;4;45000;500;CASH
REC-20260806-STORE_04-0301;STORE_04;CASH-07;2026-08-06 16:15:46;SKU-001;3;45000;0;CARD
REC-20260806-STORE_04-0301;STORE_04;CASH-07;2026-08-06 16:15:46;SKU-005;3;5000;0;CASH
REC-20260806-STORE_04-0301;STORE_04;CASH-01;2026-08-06 16:15:46;SKU-011;1;5000;0;CASH
REC-20260806-STORE_04-0302;STORE_04;CASH-07;2026-08-06 14:45:27;SKU-003;2;45000;0;CARD
REC-20260806-STORE_04-0302;STORE_04;CASH-03;2026-08-06 14:45:27;SKU-047;3;5000;0;CARD
REC-20260806-STORE_04-0302;STORE_04;CASH-10;2026-08-06 14:45:27;SKU-038;4;12000;0;CARD
REC-20260806-STORE_04-0302;STORE_04;CASH-01;2026-08-06 14:45:27;SKU-001;4;45000;0;CARD
REC-20260806-STORE_04-0303;STORE_04;CASH-02;2026-08-06 9:43:06;SKU-001;3;45000;0;CARD
REC-20260806-STORE_04-0303;STORE_04;CASH-02;2026-08-06 9:43:06;SKU-018;4;5000;500;CARD
REC-20260806-STORE_04-0303;STORE_04;CASH-05;2026-08-06 9:43:06;SKU-001;3;45000;0;CARD
REC-20260806-STORE_04-0304;STORE_04;CASH-09;2026-08-06 16:30:43;SKU-025;3;5000;0;CARD
REC-20260806-STORE_04-0304;STORE_04;CASH-01;2026-08-06 16:30:43;SKU-018;4;5000;0;CASH
REC-20260806-STORE_04-0305;STORE_04;CASH-10;2026-08-06 14:02:52;SKU-005;2;5000;0;CARD
REC-20260806-STORE_04-0305;STORE_04;CASH-06;2026-08-06 14:02:52;SKU-001;1;45000;1000;CARD
REC-20260806-STORE_04-0305;STORE_04;CASH-08;2026-08-06 14:02:52;SKU-027;1;5000;0;CARD
REC-20260806-STORE_04-0306;STORE_04;CASH-01;2026-08-06 10:04:43;SKU-001;1;45000;1000;CARD
REC-20260806-STORE_04-0306;STORE_04;CASH-05;2026-08-06 10:04:43;SKU-024;4;12000;0;CARD
REC-20260806-STORE_04-0306;STORE_04;CASH-04;2026-08-06 10:04:43;SKU-047;2;5000;0;CARD
REC-20260806-STORE_04-0307;STORE_04;CASH-09;2026-08-06 21:28:31;SKU-017;4;12000;0;CARD
REC-20260806-STORE_04-0307;STORE_04;CASH-08;2026-08-06 21:28:31;SKU-009;3;25000;0;CASH
REC-20260806-STORE_04-0307;STORE_04;CASH-03;2026-08-06 21:28:31;SKU-026;1;12000;0;CARD
REC-20260806-STORE_04-0307;STORE_04;CASH-09;2026-08-06 21:28:31;SKU-012;4;45000;1000;CARD
REC-20260806-STORE_04-0307;STORE_04;CASH-06;2026-08-06 21:28:31;SKU-001;4;45000;1000;CASH
REC-20260806-STORE_04-0308;STORE_04;CASH-04;2026-08-06 17:38:09;SKU-016;2;25000;0;CARD
REC-20260806-STORE_04-0308;STORE_04;CASH-03;2026-08-06 17:38:09;SKU-001;2;45000;1000;CASH
REC-20260806-STORE_04-0309;STORE_04;CASH-01;2026-08-06 21:07:27;SKU-008;4;12000;0;CARD
REC-20260806-STORE_04-0310;STORE_04;CASH-04;2026-08-06 19:29:07;SKU-001;4;45000;1000;CARD
REC-20260806-STORE_04-0310;STORE_04;CASH-09;2026-08-06 19:29:07;SKU-006;3;45000;500;CASH
REC-20260806-STORE_04-0310;STORE_04;CASH-02;2026-08-06 19:29:07;SKU-002;4;12000;0;CARD
REC-20260806-STORE_04-0310;STORE_04;CASH-03;2026-08-06 19:29:07;SKU-001;1;45000;1000;CARD
REC-20260806-STORE_04-0310;STORE_04;CASH-03;2026-08-06 19:29:07;SKU-033;3;5000;0;CARD
REC-20260806-STORE_04-0311;STORE_04;CASH-04;2026-08-06 10:40:08;SKU-042;1;5000;0;CASH
REC-20260806-STORE_04-0311;STORE_04;CASH-07;2026-08-06 10:40:08;SKU-005;2;5000;0;CASH
REC-20260806-STORE_04-0311;STORE_04;CASH-06;2026-08-06 10:40:08;SKU-002;2;12000;500;CASH
REC-20260806-STORE_04-0311;STORE_04;CASH-05;2026-08-06 10:40:08;SKU-012;1;45000;0;CASH
REC-20260806-STORE_04-0311;STORE_04;CASH-02;2026-08-06 10:40:08;SKU-001;1;45000;0;CARD
REC-20260806-STORE_04-0312;STORE_04;CASH-10;2026-08-06 11:10:43;SKU-001;4;45000;0;CARD
REC-20260806-STORE_04-0312;STORE_04;CASH-08;2026-08-06 11:10:43;SKU-002;1;12000;0;CARD
REC-20260806-STORE_04-0312;STORE_04;CASH-01;2026-08-06 11:10:43;SKU-004;1;25000;0;CASH
REC-20260806-STORE_04-0312;STORE_04;CASH-07;2026-08-06 11:10:43;SKU-002;1;12000;0;CARD
REC-20260806-STORE_04-0312;STORE_04;CASH-01;2026-08-06 11:10:43;SKU-001;3;45000;0;CASH
REC-20260806-STORE_04-0313;STORE_04;CASH-09;2026-08-06 13:58:48;SKU-009;4;25000;0;CARD
REC-20260806-STORE_04-0313;STORE_04;CASH-10;2026-08-06 13:58:48;SKU-002;1;12000;0;CASH
REC-20260806-STORE_04-0314;STORE_04;CASH-02;2026-08-06 13:32:46;SKU-001;2;45000;0;CARD
REC-20260806-STORE_04-0315;STORE_04;CASH-08;2026-08-06 17:13:09;SKU-015;2;5000;0;CARD
REC-20260806-STORE_04-0315;STORE_04;CASH-03;2026-08-06 17:13:09;SKU-004;2;25000;1000;CARD
REC-20260806-STORE_04-0315;STORE_04;CASH-04;2026-08-06 17:13:09;SKU-011;1;5000;1000;CASH
REC-20260806-STORE_04-0315;STORE_04;CASH-10;2026-08-06 17:13:09;SKU-002;4;12000;0;CASH
REC-20260806-STORE_04-0315;STORE_04;CASH-06;2026-08-06 17:13:09;SKU-004;3;25000;0;CARD
REC-20260806-STORE_04-0316;STORE_04;CASH-04;2026-08-06 16:53:21;SKU-005;1;5000;1000;CARD
REC-20260806-STORE_04-0316;STORE_04;CASH-10;2026-08-06 16:53:21;SKU-001;3;45000;500;CASH
REC-20260806-STORE_04-0316;STORE_04;CASH-05;2026-08-06 16:53:21;SKU-007;4;12000;1000;CARD
REC-20260806-STORE_04-0316;STORE_04;CASH-02;2026-08-06 16:53:21;SKU-002;2;12000;0;CARD
REC-20260806-STORE_04-0317;STORE_04;CASH-02;2026-08-06 14:29:38;SKU-027;3;5000;1000;CARD
REC-20260806-STORE_04-0317;STORE_04;CASH-02;2026-08-06 14:29:38;SKU-001;3;45000;500;CARD
REC-20260806-STORE_04-0317;STORE_04;CASH-06;2026-08-06 14:29:38;SKU-044;1;5000;0;CARD
REC-20260806-STORE_04-0317;STORE_04;CASH-09;2026-08-06 14:29:38;SKU-004;4;25000;1000;CARD
REC-20260806-STORE_04-0318;STORE_04;CASH-06;2026-08-06 18:44:32;SKU-001;1;45000;0;CARD
REC-20260806-STORE_04-0319;STORE_04;CASH-03;2026-08-06 9:18:06;SKU-012;3;45000;0;CASH
REC-20260806-STORE_04-0319;STORE_04;CASH-04;2026-08-06 9:18:06;SKU-003;4;45000;0;CASH
REC-20260806-STORE_04-0319;STORE_04;CASH-06;2026-08-06 9:18:06;SKU-002;4;12000;0;CASH
REC-20260806-STORE_04-0319;STORE_04;CASH-03;2026-08-06 9:18:06;SKU-015;4;5000;0;CARD
REC-20260806-STORE_04-0320;STORE_04;CASH-10;2026-08-06 19:25:02;SKU-005;3;5000;0;CASH
REC-20260806-STORE_04-0320;STORE_04;CASH-06;2026-08-06 19:25:02;SKU-002;3;12000;0;CARD
REC-20260806-STORE_04-0321;STORE_04;CASH-07;2026-08-06 14:41:53;SKU-026;3;12000;0;CASH
REC-20260806-STORE_04-0321;STORE_04;CASH-05;2026-08-06 14:41:53;SKU-002;4;12000;0;CARD
REC-20260806-STORE_04-0321;STORE_04;CASH-01;2026-08-06 14:41:53;SKU-025;2;5000;500;CASH
REC-20260806-STORE_04-0322;STORE_04;CASH-04;2026-08-06 12:51:23;SKU-001;3;45000;0;CASH
REC-20260806-STORE_04-0322;STORE_04;CASH-06;2026-08-06 12:51:23;SKU-015;1;5000;0;CARD
REC-20260806-STORE_04-0323;STORE_04;CASH-07;2026-08-06 10:21:56;SKU-002;3;12000;0;CARD
REC-20260806-STORE_04-0323;STORE_04;CASH-08;2026-08-06 10:21:56;SKU-001;1;45000;1000;CASH
REC-20260806-STORE_04-0323;STORE_04;CASH-02;2026-08-06 10:21:56;SKU-007;2;12000;0;CARD
REC-20260806-STORE_04-0324;STORE_04;CASH-02;2026-08-06 20:17:06;SKU-032;3;25000;500;CARD
REC-20260806-STORE_04-0325;STORE_04;CASH-02;2026-08-06 17:21:44;SKU-001;4;45000;0;CARD
REC-20260806-STORE_04-0326;STORE_04;CASH-02;2026-08-06 21:54:03;SKU-001;4;45000;1000;CARD
REC-20260806-STORE_04-0327;STORE_04;CASH-04;2026-08-06 13:23:49;SKU-005;2;5000;500;CARD
REC-20260806-STORE_04-0327;STORE_04;CASH-08;2026-08-06 13:23:49;SKU-003;1;45000;0;CARD
REC-20260806-STORE_04-0327;STORE_04;CASH-01;2026-08-06 13:23:49;SKU-020;3;12000;0;CASH
REC-20260806-STORE_04-0327;STORE_04;CASH-02;2026-08-06 13:23:49;SKU-042;4;5000;0;CASH
REC-20260806-STORE_04-0328;STORE_04;CASH-04;2026-08-06 17:47:59;SKU-032;2;25000;0;CASH
REC-20260806-STORE_04-0328;STORE_04;CASH-01;2026-08-06 17:47:59;SKU-016;4;25000;0;CARD
REC-20260806-STORE_04-0328;STORE_04;CASH-09;2026-08-06 17:47:59;SKU-002;4;12000;0;CARD
REC-20260806-STORE_04-0328;STORE_04;CASH-03;2026-08-06 17:47:59;SKU-009;4;25000;500;CARD
REC-20260806-STORE_04-0328;STORE_04;CASH-01;2026-08-06 17:47:59;SKU-001;2;45000;500;CARD
REC-20260806-STORE_04-0329;STORE_04;CASH-01;2026-08-06 15:41:33;SKU-007;3;12000;0;CASH
REC-20260806-STORE_04-0329;STORE_04;CASH-05;2026-08-06 15:41:33;SKU-001;4;45000;0;CARD
REC-20260806-STORE_04-0329;STORE_04;CASH-05;2026-08-06 15:41:33;SKU-004;2;25000;0;CARD
REC-20260806-STORE_04-0330;STORE_04;CASH-07;2026-08-06 20:11:21;SKU-047;1;5000;1000;CARD
REC-20260806-STORE_04-0331;STORE_04;CASH-02;2026-08-06 8:29:28;SKU-008;1;12000;0;CASH
REC-20260806-STORE_04-0332;STORE_04;CASH-09;2026-08-06 19:56:25;SKU-032;3;25000;0;CASH
REC-20260806-STORE_04-0333;STORE_04;CASH-08;2026-08-06 19:20:27;SKU-001;2;45000;500;CARD
REC-20260806-STORE_04-0333;STORE_04;CASH-03;2026-08-06 19:20:27;SKU-008;3;12000;500;CASH
REC-20260806-STORE_04-0333;STORE_04;CASH-10;2026-08-06 19:20:27;SKU-004;4;25000;0;CARD
REC-20260806-STORE_04-0334;STORE_04;CASH-02;2026-08-06 11:55:15;SKU-046;4;25000;500;CARD
REC-20260806-STORE_04-0334;STORE_04;CASH-09;2026-08-06 11:55:15;SKU-006;2;45000;1000;CASH
REC-20260806-STORE_04-0334;STORE_04;CASH-04;2026-08-06 11:55:15;SKU-044;4;5000;500;CARD
REC-20260806-STORE_04-0334;STORE_04;CASH-05;2026-08-06 11:55:15;SKU-002;1;12000;0;CASH
REC-20260806-STORE_04-0335;STORE_04;CASH-06;2026-08-06 8:28:15;SKU-007;1;12000;0;CASH
REC-20260806-STORE_04-0335;STORE_04;CASH-08;2026-08-06 8:28:15;SKU-001;1;45000;0;CARD
REC-20260806-STORE_04-0335;STORE_04;CASH-02;2026-08-06 8:28:15;SKU-002;2;12000;0;CARD
REC-20260806-STORE_04-0335;STORE_04;CASH-05;2026-08-06 8:28:15;SKU-001;2;45000;0;CARD
REC-20260806-STORE_04-0336;STORE_04;CASH-01;2026-08-06 9:13:39;SKU-002;3;12000;500;CASH
REC-20260806-STORE_04-0336;STORE_04;CASH-07;2026-08-06 9:13:39;SKU-010;3;25000;1000;CARD
REC-20260806-STORE_04-0336;STORE_04;CASH-02;2026-08-06 9:13:39;SKU-011;2;5000;0;CARD
REC-20260806-STORE_04-0337;STORE_04;CASH-10;2026-08-06 14:59:26;SKU-006;2;45000;0;CARD
REC-20260806-STORE_04-0338;STORE_04;CASH-04;2026-08-06 15:30:02;SKU-031;3;45000;0;CASH
REC-20260806-STORE_04-0338;STORE_04;CASH-05;2026-08-06 15:30:02;SKU-006;4;45000;0;CASH
REC-20260806-STORE_04-0339;STORE_04;CASH-08;2026-08-06 12:12:38;SKU-011;3;5000;0;CARD
REC-20260806-STORE_04-0339;STORE_04;CASH-08;2026-08-06 12:12:38;SKU-003;4;45000;1000;CASH
REC-20260806-STORE_04-0339;STORE_04;CASH-02;2026-08-06 12:12:38;SKU-001;1;45000;500;CASH
REC-20260806-STORE_04-0339;STORE_04;CASH-01;2026-08-06 12:12:38;SKU-010;4;25000;0;CARD
REC-20260806-STORE_04-0339;STORE_04;CASH-05;2026-08-06 12:12:38;SKU-012;2;45000;1000;CARD
REC-20260806-STORE_04-0340;STORE_04;CASH-08;2026-08-06 8:05:52;SKU-003;3;45000;500;CASH
REC-20260806-STORE_04-0341;STORE_04;CASH-01;2026-08-06 15:15:27;SKU-035;1;5000;500;CASH
REC-20260806-STORE_04-0341;STORE_04;CASH-10;2026-08-06 15:15:27;SKU-007;3;12000;0;CARD
REC-20260806-STORE_04-0342;STORE_04;CASH-08;2026-08-06 8:10:33;SKU-032;3;25000;1000;CARD
REC-20260806-STORE_04-0342;STORE_04;CASH-03;2026-08-06 8:10:33;SKU-005;2;5000;500;CASH
REC-20260806-STORE_04-0342;STORE_04;CASH-02;2026-08-06 8:10:33;SKU-001;1;45000;1000;CARD
REC-20260806-STORE_04-0343;STORE_04;CASH-05;2026-08-06 12:06:57;SKU-001;4;45000;0;CARD
REC-20260806-STORE_04-0343;STORE_04;CASH-06;2026-08-06 12:06:57;SKU-037;1;45000;0;CARD
REC-20260806-STORE_04-0344;STORE_04;CASH-08;2026-08-06 18:11:47;SKU-008;1;12000;1000;CARD
REC-20260806-STORE_04-0344;STORE_04;CASH-10;2026-08-06 18:11:47;SKU-002;1;12000;1000;CARD
REC-20260806-STORE_04-0344;STORE_04;CASH-02;2026-08-06 18:11:47;SKU-001;2;45000;0;CARD
REC-20260806-STORE_04-0344;STORE_04;CASH-09;2026-08-06 18:11:47;SKU-004;1;25000;0;CASH
REC-20260806-STORE_04-0344;STORE_04;CASH-01;2026-08-06 18:11:47;SKU-002;2;12000;1000;CARD
REC-20260806-STORE_04-0345;STORE_04;CASH-01;2026-08-06 13:01:04;SKU-022;1;12000;0;CARD
REC-20260806-STORE_04-0345;STORE_04;CASH-06;2026-08-06 13:01:04;SKU-013;4;12000;1000;CARD
REC-20260806-STORE_04-0345;STORE_04;CASH-08;2026-08-06 13:01:04;SKU-001;1;45000;0;CASH
REC-20260806-STORE_04-0345;STORE_04;CASH-10;2026-08-06 13:01:04;SKU-004;2;25000;0;CARD
REC-20260806-STORE_04-0346;STORE_04;CASH-08;2026-08-06 21:00:20;SKU-047;3;5000;500;CARD
REC-20260806-STORE_04-0346;STORE_04;CASH-09;2026-08-06 21:00:20;SKU-001;4;45000;0;CASH
REC-20260806-STORE_04-0346;STORE_04;CASH-05;2026-08-06 21:00:20;SKU-010;1;25000;0;CARD
REC-20260806-STORE_04-0346;STORE_04;CASH-08;2026-08-06 21:00:20;SKU-001;1;45000;0;CARD
REC-20260806-STORE_04-0347;STORE_04;CASH-03;2026-08-06 18:39:12;SKU-001;1;45000;0;CARD
REC-20260806-STORE_04-0347;STORE_04;CASH-04;2026-08-06 18:39:12;SKU-001;3;45000;500;CASH
REC-20260806-STORE_04-0347;STORE_04;CASH-09;2026-08-06 18:39:12;SKU-003;2;45000;1000;CARD
REC-20260806-STORE_04-0347;STORE_04;CASH-01;2026-08-06 18:39:12;SKU-001;4;45000;500;CARD
REC-20260806-STORE_04-0348;STORE_04;CASH-04;2026-08-06 11:54:30;SKU-001;1;45000;0;CARD
REC-20260806-STORE_04-0348;STORE_04;CASH-03;2026-08-06 11:54:30;SKU-005;4;5000;500;CARD
REC-20260806-STORE_04-0349;STORE_04;CASH-10;2026-08-06 18:17:45;SKU-012;3;45000;500;CARD
REC-20260806-STORE_04-0350;STORE_04;CASH-09;2026-08-06 13:49:44;SKU-003;3;45000;500;CASH
REC-20260806-STORE_04-0350;STORE_04;CASH-02;2026-08-06 13:49:44;SKU-003;1;45000;0;CARD
REC-20260806-STORE_04-0350;STORE_04;CASH-02;2026-08-06 13:49:44;SKU-002;2;12000;0;CARD
REC-20260806-STORE_04-0350;STORE_04;CASH-01;2026-08-06 13:49:44;SKU-019;3;25000;0;CARD
REC-20260806-STORE_04-0350;STORE_04;CASH-02;2026-08-06 13:49:44;SKU-001;1;45000;500;CARD
REC-20260806-STORE_04-0351;STORE_04;CASH-09;2026-08-06 12:14:39;SKU-003;3;45000;500;CARD
REC-20260806-STORE_04-0351;STORE_04;CASH-10;2026-08-06 12:14:39;SKU-003;4;45000;0;CARD
REC-20260806-STORE_04-0352;STORE_04;CASH-07;2026-08-06 14:58:27;SKU-001;1;45000;1000;CARD
REC-20260806-STORE_04-0353;STORE_04;CASH-08;2026-08-06 16:48:17;SKU-002;2;12000;0;CARD
REC-20260806-STORE_04-0353;STORE_04;CASH-03;2026-08-06 16:48:17;SKU-041;1;25000;500;CASH
REC-20260806-STORE_04-0353;STORE_04;CASH-05;2026-08-06 16:48:17;SKU-003;3;45000;500;CARD
REC-20260806-STORE_04-0353;STORE_04;CASH-10;2026-08-06 16:48:17;SKU-037;1;45000;0;CARD
REC-20260806-STORE_04-0354;STORE_04;CASH-06;2026-08-06 20:16:54;SKU-001;4;45000;0;CASH
REC-20260806-STORE_04-0355;STORE_04;CASH-05;2026-08-06 20:25:29;SKU-007;4;12000;0;CASH
REC-20260806-STORE_04-0355;STORE_04;CASH-02;2026-08-06 20:25:29;SKU-001;1;45000;1000;CARD
REC-20260806-STORE_04-0356;STORE_04;CASH-02;2026-08-06 17:40:36;SKU-040;3;25000;1000;CARD
REC-20260806-STORE_04-0357;STORE_04;CASH-01;2026-08-06 11:28:43;SKU-001;2;45000;0;CASH
REC-20260806-STORE_04-0357;STORE_04;CASH-08;2026-08-06 11:28:43;SKU-004;2;25000;1000;CASH
REC-20260806-STORE_04-0357;STORE_04;CASH-08;2026-08-06 11:28:43;SKU-013;1;12000;1000;CASH
REC-20260806-STORE_04-0358;STORE_04;CASH-03;2026-08-06 12:25:31;SKU-004;4;25000;0;CARD
REC-20260806-STORE_04-0358;STORE_04;CASH-02;2026-08-06 12:25:31;SKU-004;2;25000;0;CARD
REC-20260806-STORE_04-0358;STORE_04;CASH-05;2026-08-06 12:25:31;SKU-003;1;45000;0;CARD
REC-20260806-STORE_04-0358;STORE_04;CASH-04;2026-08-06 12:25:31;SKU-006;1;45000;0;CASH
REC-20260806-STORE_04-0358;STORE_04;CASH-05;2026-08-06 12:25:31;SKU-018;4;5000;0;CARD
REC-20260806-STORE_04-0359;STORE_04;CASH-07;2026-08-06 8:57:09;SKU-022;3;12000;0;CASH
REC-20260806-STORE_04-0359;STORE_04;CASH-09;2026-08-06 8:57:09;SKU-017;3;12000;0;CARD
REC-20260806-STORE_04-0359;STORE_04;CASH-07;2026-08-06 8:57:09;SKU-012;3;45000;0;CARD
REC-20260806-STORE_04-0359;STORE_04;CASH-10;2026-08-06 8:57:09;SKU-001;2;45000;500;CASH
REC-20260806-STORE_04-0360;STORE_04;CASH-02;2026-08-06 9:51:59;SKU-001;2;45000;500;CARD
REC-20260806-STORE_04-0361;STORE_04;CASH-01;2026-08-06 11:12:59;SKU-048;1;25000;500;CASH
REC-20260806-STORE_04-0362;STORE_04;CASH-03;2026-08-06 15:09:30;SKU-009;3;25000;500;CARD
REC-20260806-STORE_04-0362;STORE_04;CASH-06;2026-08-06 15:09:30;SKU-002;4;12000;0;CASH
REC-20260806-STORE_04-0362;STORE_04;CASH-09;2026-08-06 15:09:30;SKU-001;3;45000;0;CARD
REC-20260806-STORE_04-0363;STORE_04;CASH-06;2026-08-06 18:32:45;SKU-001;1;45000;500;CASH
REC-20260806-STORE_04-0363;STORE_04;CASH-03;2026-08-06 18:32:45;SKU-003;4;45000;500;CASH
REC-20260806-STORE_04-0363;STORE_04;CASH-06;2026-08-06 18:32:45;SKU-019;4;25000;0;CARD
REC-20260806-STORE_04-0363;STORE_04;CASH-03;2026-08-06 18:32:45;SKU-005;1;5000;0;CARD
REC-20260806-STORE_04-0363;STORE_04;CASH-04;2026-08-06 18:32:45;SKU-001;2;45000;500;CARD
REC-20260806-STORE_04-0364;STORE_04;CASH-05;2026-08-06 17:53:24;SKU-007;1;12000;1000;CARD
REC-20260806-STORE_04-0364;STORE_04;CASH-10;2026-08-06 17:53:24;SKU-001;4;45000;0;CARD
REC-20260806-STORE_04-0365;STORE_04;CASH-03;2026-08-06 20:57:33;SKU-041;3;25000;500;CASH
REC-20260806-STORE_04-0365;STORE_04;CASH-03;2026-08-06 20:57:33;SKU-005;3;5000;0;CARD
REC-20260806-STORE_04-0365;STORE_04;CASH-05;2026-08-06 20:57:33;SKU-041;2;25000;1000;CASH
REC-20260806-STORE_04-0366;STORE_04;CASH-09;2026-08-06 8:03:33;SKU-001;3;45000;0;CARD
REC-20260806-STORE_04-0366;STORE_04;CASH-01;2026-08-06 8:03:33;SKU-001;4;45000;500;CARD
REC-20260806-STORE_04-0366;STORE_04;CASH-04;2026-08-06 8:03:33;SKU-011;2;5000;500;CARD
REC-20260806-STORE_04-0366;STORE_04;CASH-02;2026-08-06 8:03:33;SKU-003;3;45000;500;CARD
REC-20260806-STORE_04-0366;STORE_04;CASH-04;2026-08-06 8:03:33;SKU-001;2;45000;500;CARD
REC-20260806-STORE_04-0367;STORE_04;CASH-08;2026-08-06 18:47:18;SKU-003;1;45000;0;CASH
REC-20260806-STORE_04-0367;STORE_04;CASH-10;2026-08-06 18:47:18;SKU-018;3;5000;0;CASH
REC-20260806-STORE_04-0368;STORE_04;CASH-06;2026-08-06 15:05:16;SKU-005;1;5000;1000;CASH
REC-20260806-STORE_04-0369;STORE_04;CASH-04;2026-08-06 15:30:21;SKU-012;4;45000;1000;CASH
REC-20260806-STORE_04-0369;STORE_04;CASH-10;2026-08-06 15:30:21;SKU-002;2;12000;0;CARD
REC-20260806-STORE_04-0370;STORE_04;CASH-03;2026-08-06 19:15:00;SKU-016;1;25000;0;CARD
REC-20260806-STORE_04-0370;STORE_04;CASH-10;2026-08-06 19:15:00;SKU-001;3;45000;500;CARD
REC-20260806-STORE_04-0370;STORE_04;CASH-04;2026-08-06 19:15:00;SKU-005;4;5000;0;CASH
REC-20260806-STORE_04-0370;STORE_04;CASH-02;2026-08-06 19:15:00;SKU-015;4;5000;1000;CARD
REC-20260806-STORE_04-0371;STORE_04;CASH-07;2026-08-06 16:04:27;SKU-008;2;12000;0;CARD
REC-20260806-STORE_04-0371;STORE_04;CASH-10;2026-08-06 16:04:27;SKU-002;2;12000;500;CARD
REC-20260806-STORE_04-0372;STORE_04;CASH-07;2026-08-06 14:49:44;SKU-001;4;45000;1000;CARD
REC-20260806-STORE_04-0372;STORE_04;CASH-06;2026-08-06 14:49:44;SKU-005;2;5000;0;CASH
REC-20260806-STORE_04-0373;STORE_04;CASH-01;2026-08-06 12:45:26;SKU-002;4;12000;0;CARD
REC-20260806-STORE_04-0374;STORE_04;CASH-09;2026-08-06 16:36:00;SKU-001;2;45000;1000;CARD
REC-20260806-STORE_04-0374;STORE_04;CASH-07;2026-08-06 16:36:00;SKU-001;3;45000;500;CARD
REC-20260806-STORE_04-0375;STORE_04;CASH-05;2026-08-06 19:36:24;SKU-004;3;25000;1000;CARD
REC-20260806-STORE_04-0375;STORE_04;CASH-09;2026-08-06 19:36:24;SKU-037;3;45000;0;CARD
REC-20260806-STORE_04-0375;STORE_04;CASH-03;2026-08-06 19:36:24;SKU-002;4;12000;0;CASH
REC-20260806-STORE_04-0375;STORE_04;CASH-05;2026-08-06 19:36:24;SKU-002;2;12000;0;CARD
REC-20260806-STORE_04-0375;STORE_04;CASH-05;2026-08-06 19:36:24;SKU-010;4;25000;1000;CARD
REC-20260806-STORE_04-0376;STORE_04;CASH-01;2026-08-06 10:11:15;SKU-001;2;45000;0;CASH
REC-20260806-STORE_04-0376;STORE_04;CASH-05;2026-08-06 10:11:15;SKU-013;4;12000;500;CARD
REC-20260806-STORE_04-0376;STORE_04;CASH-01;2026-08-06 10:11:15;SKU-001;2;45000;0;CASH
REC-20260806-STORE_04-0376;STORE_04;CASH-06;2026-08-06 10:11:15;SKU-001;2;45000;0;CARD
REC-20260806-STORE_04-0377;STORE_04;CASH-08;2026-08-06 21:22:59;SKU-001;4;45000;500;CARD
REC-20260806-STORE_04-0377;STORE_04;CASH-04;2026-08-06 21:22:59;SKU-007;3;12000;0;CARD
REC-20260806-STORE_04-0377;STORE_04;CASH-05;2026-08-06 21:22:59;SKU-030;4;45000;0;CARD
REC-20260806-STORE_04-0377;STORE_04;CASH-07;2026-08-06 21:22:59;SKU-014;2;5000;0;CASH
REC-20260806-STORE_04-0377;STORE_04;CASH-02;2026-08-06 21:22:59;SKU-024;4;12000;0;CARD
REC-20260806-STORE_04-0378;STORE_04;CASH-05;2026-08-06 14:54:44;SKU-008;4;12000;1000;CARD
REC-20260806-STORE_04-0379;STORE_04;CASH-10;2026-08-06 20:06:13;SKU-030;3;45000;0;CARD
REC-20260806-STORE_04-0379;STORE_04;CASH-10;2026-08-06 20:06:13;SKU-004;4;25000;1000;CASH
REC-20260806-STORE_04-0380;STORE_04;CASH-09;2026-08-06 8:21:09;SKU-003;3;45000;0;CARD
REC-20260806-STORE_04-0380;STORE_04;CASH-07;2026-08-06 8:21:09;SKU-023;3;45000;0;CARD
REC-20260806-STORE_04-0381;STORE_04;CASH-01;2026-08-06 21:09:23;SKU-001;3;45000;0;CASH
REC-20260806-STORE_04-0382;STORE_04;CASH-03;2026-08-06 17:35:20;SKU-020;1;12000;0;CARD
REC-20260806-STORE_04-0382;STORE_04;CASH-02;2026-08-06 17:35:20;SKU-007;3;12000;500;CARD
REC-20260806-STORE_04-0382;STORE_04;CASH-09;2026-08-06 17:35:20;SKU-035;1;5000;0;CASH
REC-20260806-STORE_04-0382;STORE_04;CASH-05;2026-08-06 17:35:20;SKU-010;3;25000;500;CASH
REC-20260806-STORE_04-0382;STORE_04;CASH-10;2026-08-06 17:35:20;SKU-001;3;45000;0;CARD
REC-20260806-STORE_04-0383;STORE_04;CASH-02;2026-08-06 14:24:09;SKU-004;2;25000;500;CASH
REC-20260806-STORE_04-0383;STORE_04;CASH-04;2026-08-06 14:24:09;SKU-001;4;45000;0;CARD
REC-20260806-STORE_04-0383;STORE_04;CASH-01;2026-08-06 14:24:09;SKU-016;3;25000;0;CARD
REC-20260806-STORE_04-0383;STORE_04;CASH-01;2026-08-06 14:24:09;SKU-001;2;45000;1000;CARD
REC-20260806-STORE_04-0384;STORE_04;CASH-06;2026-08-06 21:46:00;SKU-005;2;5000;500;CARD
REC-20260806-STORE_04-0384;STORE_04;CASH-09;2026-08-06 21:46:00;SKU-003;4;45000;0;CARD
REC-20260806-STORE_04-0384;STORE_04;CASH-04;2026-08-06 21:46:00;SKU-004;4;25000;1000;CASH
REC-20260806-STORE_04-0385;STORE_04;CASH-05;2026-08-06 11:20:41;SKU-004;4;25000;500;CASH
REC-20260806-STORE_04-0385;STORE_04;CASH-10;2026-08-06 11:20:41;SKU-027;3;5000;0;CARD
REC-20260806-STORE_04-0386;STORE_04;CASH-07;2026-08-06 16:44:19;SKU-001;2;45000;0;CARD
REC-20260806-STORE_04-0386;STORE_04;CASH-10;2026-08-06 16:44:19;SKU-039;4;5000;500;CARD
REC-20260806-STORE_04-0387;STORE_04;CASH-10;2026-08-06 14:49:10;SKU-010;1;25000;1000;CARD
REC-20260806-STORE_04-0387;STORE_04;CASH-09;2026-08-06 14:49:10;SKU-007;4;12000;0;CASH
REC-20260806-STORE_04-0387;STORE_04;CASH-02;2026-08-06 14:49:10;SKU-020;1;12000;0;CASH
REC-20260806-STORE_04-0388;STORE_04;CASH-10;2026-08-06 20:17:48;SKU-005;4;5000;500;CARD
REC-20260806-STORE_04-0388;STORE_04;CASH-08;2026-08-06 20:17:48;SKU-016;2;25000;1000;CARD
REC-20260806-STORE_04-0388;STORE_04;CASH-06;2026-08-06 20:17:48;SKU-013;1;12000;500;CARD
REC-20260806-STORE_04-0388;STORE_04;CASH-07;2026-08-06 20:17:48;SKU-006;3;45000;1000;CARD
REC-20260806-STORE_04-0388;STORE_04;CASH-04;2026-08-06 20:17:48;SKU-014;4;5000;500;CARD
REC-20260806-STORE_04-0389;STORE_04;CASH-05;2026-08-06 11:06:07;SKU-006;3;45000;500;CARD
REC-20260806-STORE_04-0389;STORE_04;CASH-07;2026-08-06 11:06:07;SKU-013;2;12000;0;CARD
REC-20260806-STORE_04-0390;STORE_04;CASH-05;2026-08-06 20:58:41;SKU-001;4;45000;0;CASH
REC-20260806-STORE_04-0390;STORE_04;CASH-08;2026-08-06 20:58:41;SKU-003;2;45000;500;CARD
REC-20260806-STORE_04-0391;STORE_04;CASH-09;2026-08-06 15:59:27;SKU-001;3;45000;0;CASH
REC-20260806-STORE_04-0391;STORE_04;CASH-07;2026-08-06 15:59:27;SKU-006;3;45000;500;CASH
REC-20260806-STORE_04-0391;STORE_04;CASH-05;2026-08-06 15:59:27;SKU-004;3;25000;1000;CASH
REC-20260806-STORE_04-0392;STORE_04;CASH-03;2026-08-06 9:08:47;SKU-001;2;45000;0;CARD
REC-20260806-STORE_04-0392;STORE_04;CASH-10;2026-08-06 9:08:47;SKU-001;3;45000;0;CARD
REC-20260806-STORE_04-0392;STORE_04;CASH-05;2026-08-06 9:08:47;SKU-002;2;12000;0;CASH
REC-20260806-STORE_04-0392;STORE_04;CASH-08;2026-08-06 9:08:47;SKU-021;1;5000;1000;CASH
REC-20260806-STORE_04-0392;STORE_04;CASH-04;2026-08-06 9:08:47;SKU-007;1;12000;500;CASH
REC-20260806-STORE_04-0393;STORE_04;CASH-01;2026-08-06 21:46:03;SKU-003;2;45000;0;CARD
REC-20260806-STORE_04-0393;STORE_04;CASH-04;2026-08-06 21:46:03;SKU-001;1;45000;500;CARD
REC-20260806-STORE_04-0393;STORE_04;CASH-02;2026-08-06 21:46:03;SKU-002;2;12000;1000;CARD
REC-20260806-STORE_04-0393;STORE_04;CASH-03;2026-08-06 21:46:03;SKU-026;4;12000;0;CARD
REC-20260806-STORE_04-0393;STORE_04;CASH-10;2026-08-06 21:46:03;SKU-044;3;5000;0;CARD
REC-20260806-STORE_04-0394;STORE_04;CASH-07;2026-08-06 21:50:34;SKU-003;4;45000;0;CARD
REC-20260806-STORE_04-0394;STORE_04;CASH-08;2026-08-06 21:50:34;SKU-012;2;45000;0;CARD
REC-20260806-STORE_04-0394;STORE_04;CASH-01;2026-08-06 21:50:34;SKU-007;3;12000;0;CASH
REC-20260806-STORE_04-0394;STORE_04;CASH-09;2026-08-06 21:50:34;SKU-009;3;25000;0;CARD
REC-20260806-STORE_04-0395;STORE_04;CASH-05;2026-08-06 15:45:57;SKU-034;3;25000;0;CARD
REC-20260806-STORE_04-0395;STORE_04;CASH-01;2026-08-06 15:45:57;SKU-004;1;25000;0;CASH
REC-20260806-STORE_04-0395;STORE_04;CASH-10;2026-08-06 15:45:57;SKU-003;1;45000;0;CARD
REC-20260806-STORE_04-0395;STORE_04;CASH-02;2026-08-06 15:45:57;SKU-007;4;12000;500;CASH
REC-20260806-STORE_04-0395;STORE_04;CASH-05;2026-08-06 15:45:57;SKU-002;1;12000;500;CARD
REC-20260806-STORE_04-0396;STORE_04;CASH-09;2026-08-06 20:53:23;SKU-001;3;45000;0;CARD
REC-20260806-STORE_04-0396;STORE_04;CASH-08;2026-08-06 20:53:23;SKU-013;2;12000;1000;CASH
REC-20260806-STORE_04-0397;STORE_04;CASH-07;2026-08-06 17:40:46;SKU-008;3;12000;0;CARD
REC-20260806-STORE_04-0397;STORE_04;CASH-04;2026-08-06 17:40:46;SKU-005;2;5000;0;CARD
REC-20260806-STORE_04-0397;STORE_04;CASH-09;2026-08-06 17:40:46;SKU-007;3;12000;500;CASH
REC-20260806-STORE_04-0397;STORE_04;CASH-05;2026-08-06 17:40:46;SKU-007;2;12000;0;CASH
REC-20260806-STORE_04-0398;STORE_04;CASH-05;2026-08-06 16:12:07;SKU-005;3;5000;0;CARD
REC-20260806-STORE_04-0398;STORE_04;CASH-04;2026-08-06 16:12:07;SKU-004;2;25000;500;CASH
REC-20260806-STORE_04-0399;STORE_04;CASH-08;2026-08-06 17:15:50;SKU-010;2;25000;500;CARD
REC-20260806-STORE_04-0399;STORE_04;CASH-02;2026-08-06 17:15:50;SKU-001;4;45000;500;CASH
REC-20260806-STORE_04-0399;STORE_04;CASH-03;2026-08-06 17:15:50;SKU-045;1;45000;1000;CARD
REC-20260806-STORE_04-0399;STORE_04;CASH-10;2026-08-06 17:15:50;SKU-002;4;12000;500;CASH
REC-20260806-STORE_04-0399;STORE_04;CASH-08;2026-08-06 17:15:50;SKU-010;1;25000;0;CASH
REC-20260806-STORE_04-0400;STORE_04;CASH-04;2026-08-06 8:31:27;SKU-028;1;5000;0;CASH
REC-20260806-STORE_04-0400;STORE_04;CASH-08;2026-08-06 8:31:27;SKU-006;2;45000;500;CARD
REC-20260806-STORE_04-0400;STORE_04;CASH-01;2026-08-06 8:31:27;SKU-002;1;12000;1000;CARD
REC-20260806-STORE_04-0401;STORE_04;CASH-05;2026-08-06 21:21:47;SKU-002;2;12000;0;CARD
REC-20260806-STORE_04-0401;STORE_04;CASH-04;2026-08-06 21:21:47;SKU-002;4;12000;0;CARD
REC-20260806-STORE_04-0401;STORE_04;CASH-08;2026-08-06 21:21:47;SKU-005;2;5000;500;CASH
REC-20260806-STORE_04-0402;STORE_04;CASH-04;2026-08-06 21:35:14;SKU-033;1;5000;0;CARD
REC-20260806-STORE_04-0402;STORE_04;CASH-08;2026-08-06 21:35:14;SKU-003;4;45000;0;CARD
REC-20260806-STORE_04-0403;STORE_04;CASH-08;2026-08-06 13:07:22;SKU-001;2;45000;0;CASH
REC-20260806-STORE_04-0403;STORE_04;CASH-02;2026-08-06 13:07:22;SKU-041;4;25000;0;CARD
REC-20260806-STORE_04-0403;STORE_04;CASH-03;2026-08-06 13:07:22;SKU-003;2;45000;1000;CARD
REC-20260806-STORE_04-0403;STORE_04;CASH-08;2026-08-06 13:07:22;SKU-008;4;12000;0;CASH
REC-20260806-STORE_04-0403;STORE_04;CASH-07;2026-08-06 13:07:22;SKU-018;4;5000;1000;CASH
REC-20260806-STORE_04-0404;STORE_04;CASH-08;2026-08-06 21:56:25;SKU-003;2;45000;500;CARD
REC-20260806-STORE_04-0404;STORE_04;CASH-07;2026-08-06 21:56:25;SKU-015;1;5000;1000;CARD
REC-20260806-STORE_04-0404;STORE_04;CASH-03;2026-08-06 21:56:25;SKU-038;1;12000;0;CARD
REC-20260806-STORE_04-0404;STORE_04;CASH-02;2026-08-06 21:56:25;SKU-048;3;25000;0;CARD
REC-20260806-STORE_04-0404;STORE_04;CASH-08;2026-08-06 21:56:25;SKU-006;3;45000;0;CASH
REC-20260806-STORE_04-0405;STORE_04;CASH-04;2026-08-06 21:21:24;SKU-008;3;12000;0;CASH
REC-20260806-STORE_04-0406;STORE_04;CASH-04;2026-08-06 17:47:37;SKU-003;3;45000;0;CARD
REC-20260806-STORE_04-0406;STORE_04;CASH-02;2026-08-06 17:47:37;SKU-017;2;12000;0;CARD
REC-20260806-STORE_04-0406;STORE_04;CASH-01;2026-08-06 17:47:37;SKU-003;3;45000;1000;CASH
REC-20260806-STORE_04-0406;STORE_04;CASH-05;2026-08-06 17:47:37;SKU-006;4;45000;0;CARD
REC-20260806-STORE_04-0407;STORE_04;CASH-01;2026-08-06 16:54:34;SKU-005;1;5000;500;CARD
REC-20260806-STORE_04-0407;STORE_04;CASH-01;2026-08-06 16:54:34;SKU-048;3;25000;1000;CASH
REC-20260806-STORE_04-0407;STORE_04;CASH-09;2026-08-06 16:54:34;SKU-002;1;12000;0;CARD
REC-20260806-STORE_04-0408;STORE_04;CASH-10;2026-08-06 14:05:24;SKU-002;3;12000;500;CARD
REC-20260806-STORE_04-0408;STORE_04;CASH-01;2026-08-06 14:05:24;SKU-046;2;25000;1000;CARD
REC-20260806-STORE_04-0409;STORE_04;CASH-04;2026-08-06 15:47:56;SKU-002;3;12000;0;CARD
REC-20260806-STORE_04-0409;STORE_04;CASH-10;2026-08-06 15:47:56;SKU-001;2;45000;500;CARD
REC-20260806-STORE_04-0409;STORE_04;CASH-04;2026-08-06 15:47:56;SKU-018;3;5000;0;CASH
REC-20260806-STORE_04-0409;STORE_04;CASH-08;2026-08-06 15:47:56;SKU-012;4;45000;0;CASH
REC-20260806-STORE_04-0410;STORE_04;CASH-06;2026-08-06 20:10:26;SKU-015;4;5000;0;CARD
REC-20260806-STORE_04-0410;STORE_04;CASH-04;2026-08-06 20:10:26;SKU-029;2;5000;500;CARD
REC-20260806-STORE_04-0410;STORE_04;CASH-02;2026-08-06 20:10:26;SKU-009;4;25000;500;CARD
REC-20260806-STORE_04-0410;STORE_04;CASH-02;2026-08-06 20:10:26;SKU-004;1;25000;500;CARD
REC-20260806-STORE_04-0411;STORE_04;CASH-10;2026-08-06 10:02:19;SKU-021;4;5000;1000;CASH
REC-20260806-STORE_04-0411;STORE_04;CASH-03;2026-08-06 10:02:19;SKU-006;3;45000;0;CARD
REC-20260806-STORE_04-0412;STORE_04;CASH-06;2026-08-06 21:03:09;SKU-018;2;5000;0;CARD
REC-20260806-STORE_04-0412;STORE_04;CASH-01;2026-08-06 21:03:09;SKU-010;2;25000;500;CARD
REC-20260806-STORE_04-0413;STORE_04;CASH-02;2026-08-06 13:42:18;SKU-001;4;45000;1000;CARD
REC-20260806-STORE_04-0413;STORE_04;CASH-09;2026-08-06 13:42:18;SKU-041;4;25000;0;CASH
REC-20260806-STORE_04-0413;STORE_04;CASH-10;2026-08-06 13:42:18;SKU-018;1;5000;500;CARD
REC-20260806-STORE_04-0414;STORE_04;CASH-05;2026-08-06 9:49:18;SKU-003;3;45000;0;CASH
REC-20260806-STORE_04-0415;STORE_04;CASH-08;2026-08-06 20:36:03;SKU-039;3;5000;500;CARD
REC-20260806-STORE_04-0415;STORE_04;CASH-04;2026-08-06 20:36:03;SKU-001;3;45000;0;CARD
REC-20260806-STORE_04-0416;STORE_04;CASH-05;2026-08-06 14:51:03;SKU-042;4;5000;0;CARD
REC-20260806-STORE_04-0417;STORE_04;CASH-02;2026-08-06 12:07:09;SKU-002;2;12000;1000;CARD
REC-20260806-STORE_04-0418;STORE_04;CASH-01;2026-08-06 16:07:28;SKU-018;3;5000;0;CARD
REC-20260806-STORE_04-0418;STORE_04;CASH-07;2026-08-06 16:07:28;SKU-017;2;12000;1000;CARD
REC-20260806-STORE_04-0418;STORE_04;CASH-10;2026-08-06 16:07:28;SKU-001;4;45000;500;CARD
REC-20260806-STORE_04-0418;STORE_04;CASH-03;2026-08-06 16:07:28;SKU-001;1;45000;500;CARD
REC-20260806-STORE_04-0419;STORE_04;CASH-03;2026-08-06 10:22:33;SKU-047;1;5000;0;CASH
REC-20260806-STORE_04-0419;STORE_04;CASH-04;2026-08-06 10:22:33;SKU-036;2;45000;1000;CARD
REC-20260806-STORE_04-0419;STORE_04;CASH-04;2026-08-06 10:22:33;SKU-003;3;45000;1000;CASH
REC-20260806-STORE_04-0419;STORE_04;CASH-01;2026-08-06 10:22:33;SKU-003;3;45000;0;CARD
REC-20260806-STORE_04-0419;STORE_04;CASH-09;2026-08-06 10:22:33;SKU-001;2;45000;0;CARD
REC-20260806-STORE_04-0420;STORE_04;CASH-10;2026-08-06 10:25:06;SKU-004;3;25000;1000;CARD
REC-20260806-STORE_04-0421;STORE_04;CASH-04;2026-08-06 10:39:30;SKU-001;2;45000;0;CARD
REC-20260806-STORE_04-0421;STORE_04;CASH-04;2026-08-06 10:39:30;SKU-002;1;12000;500;CASH
REC-20260806-STORE_04-0422;STORE_04;CASH-08;2026-08-06 16:49:10;SKU-003;2;45000;0;CARD
REC-20260806-STORE_04-0422;STORE_04;CASH-01;2026-08-06 16:49:10;SKU-001;3;45000;0;CASH
REC-20260806-STORE_04-0422;STORE_04;CASH-02;2026-08-06 16:49:10;SKU-001;1;45000;0;CARD
REC-20260806-STORE_04-0422;STORE_04;CASH-04;2026-08-06 16:49:10;SKU-003;3;45000;1000;CARD
REC-20260806-STORE_04-0422;STORE_04;CASH-09;2026-08-06 16:49:10;SKU-012;2;45000;0;CARD
REC-20260806-STORE_04-0423;STORE_04;CASH-06;2026-08-06 20:20:04;SKU-002;2;12000;1000;CARD
REC-20260806-STORE_04-0424;STORE_04;CASH-04;2026-08-06 20:07:17;SKU-001;1;45000;0;CARD
REC-20260806-STORE_04-0424;STORE_04;CASH-06;2026-08-06 20:07:17;SKU-001;2;45000;1000;CASH
REC-20260806-STORE_04-0424;STORE_04;CASH-01;2026-08-06 20:07:17;SKU-025;2;5000;0;CARD
REC-20260806-STORE_04-0424;STORE_04;CASH-01;2026-08-06 20:07:17;SKU-001;3;45000;0;CASH
REC-20260806-STORE_04-0425;STORE_04;CASH-07;2026-08-06 11:56:54;SKU-001;1;45000;0;CARD
REC-20260806-STORE_04-0425;STORE_04;CASH-07;2026-08-06 11:56:54;SKU-008;2;12000;500;CARD
REC-20260806-STORE_04-0425;STORE_04;CASH-03;2026-08-06 11:56:54;SKU-003;2;45000;0;CASH
REC-20260806-STORE_04-0426;STORE_04;CASH-08;2026-08-06 14:26:18;SKU-025;2;5000;0;CASH
REC-20260806-STORE_04-0426;STORE_04;CASH-06;2026-08-06 14:26:18;SKU-043;1;25000;500;CASH
REC-20260806-STORE_04-0426;STORE_04;CASH-05;2026-08-06 14:26:18;SKU-029;3;5000;1000;CASH
REC-20260806-STORE_04-0426;STORE_04;CASH-01;2026-08-06 14:26:18;SKU-005;2;5000;1000;CASH
REC-20260806-STORE_04-0427;STORE_04;CASH-07;2026-08-06 9:43:40;SKU-001;2;45000;0;CASH
REC-20260806-STORE_04-0428;STORE_04;CASH-02;2026-08-06 18:14:04;SKU-001;2;45000;1000;CASH
REC-20260806-STORE_04-0428;STORE_04;CASH-02;2026-08-06 18:14:04;SKU-001;4;45000;1000;CARD
REC-20260806-STORE_04-0428;STORE_04;CASH-06;2026-08-06 18:14:04;SKU-003;2;45000;1000;CASH
REC-20260806-STORE_04-0429;STORE_04;CASH-10;2026-08-06 12:28:29;SKU-045;2;45000;500;CASH
REC-20260806-STORE_04-0429;STORE_04;CASH-07;2026-08-06 12:28:29;SKU-016;1;25000;500;CASH
REC-20260806-STORE_04-0429;STORE_04;CASH-09;2026-08-06 12:28:29;SKU-001;1;45000;0;CARD
REC-20260806-STORE_04-0429;STORE_04;CASH-03;2026-08-06 12:28:29;SKU-001;4;45000;1000;CARD
REC-20260806-STORE_04-0430;STORE_04;CASH-09;2026-08-06 15:24:28;SKU-014;1;5000;0;CARD
REC-20260806-STORE_04-0430;STORE_04;CASH-06;2026-08-06 15:24:28;SKU-008;1;12000;0;CARD
REC-20260806-STORE_04-0430;STORE_04;CASH-09;2026-08-06 15:24:28;SKU-003;4;45000;0;CARD
REC-20260806-STORE_04-0430;STORE_04;CASH-01;2026-08-06 15:24:28;SKU-005;3;5000;500;CARD
REC-20260806-STORE_04-0431;STORE_04;CASH-10;2026-08-06 17:24:37;SKU-001;3;45000;0;CARD
REC-20260806-STORE_04-0431;STORE_04;CASH-10;2026-08-06 17:24:37;SKU-019;1;25000;1000;CARD
REC-20260806-STORE_04-0431;STORE_04;CASH-10;2026-08-06 17:24:37;SKU-028;2;5000;0;CARD
REC-20260806-STORE_04-0431;STORE_04;CASH-03;2026-08-06 17:24:37;SKU-046;4;25000;0;CARD
REC-20260806-STORE_04-0431;STORE_04;CASH-04;2026-08-06 17:24:37;SKU-004;4;25000;1000;CASH
REC-20260806-STORE_04-0432;STORE_04;CASH-04;2026-08-06 18:56:00;SKU-002;1;12000;0;CARD
REC-20260806-STORE_04-0432;STORE_04;CASH-09;2026-08-06 18:56:00;SKU-001;2;45000;0;CARD
REC-20260806-STORE_04-0432;STORE_04;CASH-09;2026-08-06 18:56:00;SKU-006;3;45000;500;CARD
REC-20260806-STORE_04-0432;STORE_04;CASH-04;2026-08-06 18:56:00;SKU-005;4;5000;0;CARD
REC-20260806-STORE_04-0433;STORE_04;CASH-09;2026-08-06 15:01:45;SKU-041;2;25000;0;CARD
REC-20260806-STORE_04-0433;STORE_04;CASH-02;2026-08-06 15:01:45;SKU-003;1;45000;0;CASH
REC-20260806-STORE_04-0434;STORE_04;CASH-01;2026-08-06 18:31:31;SKU-005;1;5000;0;CASH
REC-20260806-STORE_04-0434;STORE_04;CASH-08;2026-08-06 18:31:31;SKU-001;1;45000;0;CASH
REC-20260806-STORE_04-0434;STORE_04;CASH-07;2026-08-06 18:31:31;SKU-011;3;5000;500;CARD
REC-20260806-STORE_04-0435;STORE_04;CASH-10;2026-08-06 12:01:40;SKU-001;1;45000;1000;CARD
REC-20260806-STORE_04-0435;STORE_04;CASH-01;2026-08-06 12:01:40;SKU-021;3;5000;0;CASH
REC-20260806-STORE_04-0435;STORE_04;CASH-09;2026-08-06 12:01:40;SKU-018;3;5000;0;CASH
REC-20260806-STORE_04-0435;STORE_04;CASH-03;2026-08-06 12:01:40;SKU-022;2;12000;1000;CARD
REC-20260806-STORE_04-0435;STORE_04;CASH-02;2026-08-06 12:01:40;SKU-045;3;45000;1000;CASH
REC-20260806-STORE_04-0436;STORE_04;CASH-03;2026-08-06 15:30:31;SKU-001;1;45000;500;CARD
REC-20260806-STORE_04-0436;STORE_04;CASH-04;2026-08-06 15:30:31;SKU-005;3;5000;0;CASH
REC-20260806-STORE_04-0437;STORE_04;CASH-09;2026-08-06 21:34:28;SKU-011;3;5000;0;CARD
REC-20260806-STORE_04-0437;STORE_04;CASH-06;2026-08-06 21:34:28;SKU-003;4;45000;1000;CARD
REC-20260806-STORE_04-0437;STORE_04;CASH-04;2026-08-06 21:34:28;SKU-008;3;12000;0;CARD
REC-20260806-STORE_04-0437;STORE_04;CASH-06;2026-08-06 21:34:28;SKU-046;2;25000;0;CARD
REC-20260806-STORE_04-0437;STORE_04;CASH-07;2026-08-06 21:34:28;SKU-004;1;25000;0;CARD
REC-20260806-STORE_04-0438;STORE_04;CASH-04;2026-08-06 11:54:04;SKU-024;1;12000;500;CASH
REC-20260806-STORE_04-0438;STORE_04;CASH-05;2026-08-06 11:54:04;SKU-003;3;45000;500;CASH
REC-20260806-STORE_04-0438;STORE_04;CASH-07;2026-08-06 11:54:04;SKU-002;1;12000;0;CARD
REC-20260806-STORE_04-0438;STORE_04;CASH-10;2026-08-06 11:54:04;SKU-001;2;45000;0;CASH
REC-20260806-STORE_04-0439;STORE_04;CASH-10;2026-08-06 16:00:19;SKU-004;4;25000;1000;CASH
REC-20260806-STORE_04-0439;STORE_04;CASH-04;2026-08-06 16:00:19;SKU-003;1;45000;1000;CARD
REC-20260806-STORE_04-0439;STORE_04;CASH-08;2026-08-06 16:00:19;SKU-008;1;12000;0;CARD
REC-20260806-STORE_04-0440;STORE_04;CASH-10;2026-08-06 12:56:23;SKU-011;3;5000;0;CARD
REC-20260806-STORE_04-0440;STORE_04;CASH-08;2026-08-06 12:56:23;SKU-001;2;45000;0;CARD
REC-20260806-STORE_04-0440;STORE_04;CASH-09;2026-08-06 12:56:23;SKU-037;4;45000;0;CARD
REC-20260806-STORE_04-0440;STORE_04;CASH-02;2026-08-06 12:56:23;SKU-031;3;45000;0;CARD
REC-20260806-STORE_04-0441;STORE_04;CASH-02;2026-08-06 21:02:53;SKU-013;1;12000;0;CASH
REC-20260806-STORE_04-0442;STORE_04;CASH-10;2026-08-06 13:00:01;SKU-020;2;12000;0;CASH
REC-20260806-STORE_04-0442;STORE_04;CASH-01;2026-08-06 13:00:01;SKU-004;4;25000;0;CASH
REC-20260806-STORE_04-0442;STORE_04;CASH-08;2026-08-06 13:00:01;SKU-043;2;25000;0;CARD
REC-20260806-STORE_04-0442;STORE_04;CASH-02;2026-08-06 13:00:01;SKU-001;1;45000;500;CARD
REC-20260806-STORE_04-0442;STORE_04;CASH-09;2026-08-06 13:00:01;SKU-001;2;45000;0;CARD
REC-20260806-STORE_04-0443;STORE_04;CASH-06;2026-08-06 16:14:57;SKU-046;2;25000;500;CARD
REC-20260806-STORE_04-0443;STORE_04;CASH-04;2026-08-06 16:14:57;SKU-006;3;45000;500;CARD
REC-20260806-STORE_04-0443;STORE_04;CASH-06;2026-08-06 16:14:57;SKU-009;2;25000;500;CARD
REC-20260806-STORE_04-0443;STORE_04;CASH-03;2026-08-06 16:14:57;SKU-050;4;25000;0;CARD
REC-20260806-STORE_04-0443;STORE_04;CASH-08;2026-08-06 16:14:57;SKU-009;3;25000;1000;CARD
REC-20260806-STORE_04-0444;STORE_04;CASH-09;2026-08-06 13:53:40;SKU-009;2;25000;0;CASH
REC-20260806-STORE_04-0444;STORE_04;CASH-08;2026-08-06 13:53:40;SKU-002;4;12000;0;CASH
REC-20260806-STORE_04-0444;STORE_04;CASH-08;2026-08-06 13:53:40;SKU-038;3;12000;0;CASH
REC-20260806-STORE_04-0444;STORE_04;CASH-01;2026-08-06 13:53:40;SKU-004;1;25000;500;CASH
REC-20260806-STORE_04-0444;STORE_04;CASH-01;2026-08-06 13:53:40;SKU-003;3;45000;0;CARD
REC-20260806-STORE_04-0445;STORE_04;CASH-06;2026-08-06 16:40:27;SKU-001;1;45000;0;CARD
REC-20260806-STORE_04-0445;STORE_04;CASH-02;2026-08-06 16:40:27;SKU-001;1;45000;0;CARD
REC-20260806-STORE_04-0445;STORE_04;CASH-04;2026-08-06 16:40:27;SKU-004;3;25000;0;CARD
REC-20260806-STORE_04-0445;STORE_04;CASH-10;2026-08-06 16:40:27;SKU-002;2;12000;500;CARD
REC-20260806-STORE_04-0445;STORE_04;CASH-10;2026-08-06 16:40:27;SKU-007;3;12000;0;CARD
REC-20260806-STORE_04-0446;STORE_04;CASH-08;2026-08-06 11:09:06;SKU-009;2;25000;1000;CASH
REC-20260806-STORE_04-0446;STORE_04;CASH-04;2026-08-06 11:09:06;SKU-010;4;25000;0;CASH
REC-20260806-STORE_04-0447;STORE_04;CASH-04;2026-08-06 19:33:35;SKU-009;3;25000;500;CARD
REC-20260806-STORE_04-0447;STORE_04;CASH-04;2026-08-06 19:33:35;SKU-034;4;25000;0;CARD
REC-20260806-STORE_04-0447;STORE_04;CASH-06;2026-08-06 19:33:35;SKU-007;2;12000;0;CASH
REC-20260806-STORE_04-0448;STORE_04;CASH-03;2026-08-06 9:05:45;SKU-026;3;12000;0;CASH
REC-20260806-STORE_04-0448;STORE_04;CASH-03;2026-08-06 9:05:45;SKU-009;4;25000;500;CASH
REC-20260806-STORE_04-0448;STORE_04;CASH-09;2026-08-06 9:05:45;SKU-001;3;45000;0;CARD
REC-20260806-STORE_04-0449;STORE_04;CASH-03;2026-08-06 15:11:35;SKU-001;2;45000;500;CARD
REC-20260806-STORE_04-0449;STORE_04;CASH-10;2026-08-06 15:11:35;SKU-002;4;12000;0;CASH
REC-20260806-STORE_04-0449;STORE_04;CASH-09;2026-08-06 15:11:35;SKU-002;1;12000;0;CARD
REC-20260806-STORE_04-0449;STORE_04;CASH-03;2026-08-06 15:11:35;SKU-047;1;5000;500;CASH
REC-20260806-STORE_04-0450;STORE_04;CASH-05;2026-08-06 18:23:00;SKU-010;4;25000;500;CARD
REC-20260806-STORE_04-0450;STORE_04;CASH-02;2026-08-06 18:23:00;SKU-002;3;12000;1000;CASH
REC-20260806-STORE_04-0451;STORE_04;CASH-04;2026-08-06 21:47:42;SKU-001;3;45000;500;CASH
REC-20260806-STORE_04-0451;STORE_04;CASH-05;2026-08-06 21:47:42;SKU-001;2;45000;0;CASH
REC-20260806-STORE_04-0451;STORE_04;CASH-10;2026-08-06 21:47:42;SKU-023;4;45000;500;CASH
REC-20260806-STORE_04-0451;STORE_04;CASH-07;2026-08-06 21:47:42;SKU-008;3;12000;0;CARD
REC-20260806-STORE_04-0452;STORE_04;CASH-03;2026-08-06 16:29:27;SKU-005;4;5000;0;CASH
REC-20260806-STORE_04-0452;STORE_04;CASH-07;2026-08-06 16:29:27;SKU-004;4;25000;1000;CASH
REC-20260806-STORE_04-0452;STORE_04;CASH-10;2026-08-06 16:29:27;SKU-010;1;25000;0;CARD
REC-20260806-STORE_04-0452;STORE_04;CASH-07;2026-08-06 16:29:27;SKU-002;1;12000;1000;CASH
REC-20260806-STORE_04-0452;STORE_04;CASH-07;2026-08-06 16:29:27;SKU-001;4;45000;1000;CASH
REC-20260806-STORE_04-0453;STORE_04;CASH-07;2026-08-06 11:45:20;SKU-001;2;45000;500;CASH
REC-20260806-STORE_04-0453;STORE_04;CASH-03;2026-08-06 11:45:20;SKU-011;4;5000;1000;CARD
REC-20260806-STORE_04-0454;STORE_04;CASH-09;2026-08-06 16:14:42;SKU-050;4;25000;0;CARD
REC-20260806-STORE_04-0454;STORE_04;CASH-03;2026-08-06 16:14:42;SKU-001;4;45000;500;CASH
REC-20260806-STORE_04-0454;STORE_04;CASH-06;2026-08-06 16:14:42;SKU-009;3;25000;0;CASH
REC-20260806-STORE_04-0455;STORE_04;CASH-02;2026-08-06 20:02:18;SKU-004;2;25000;0;CARD
REC-20260806-STORE_04-0456;STORE_04;CASH-03;2026-08-06 18:04:42;SKU-001;4;45000;500;CASH
REC-20260806-STORE_04-0456;STORE_04;CASH-01;2026-08-06 18:04:42;SKU-001;2;45000;0;CARD
REC-20260806-STORE_04-0456;STORE_04;CASH-10;2026-08-06 18:04:42;SKU-019;4;25000;0;CARD
REC-20260806-STORE_04-0457;STORE_04;CASH-07;2026-08-06 10:36:46;SKU-020;2;12000;1000;CARD
REC-20260806-STORE_04-0458;STORE_04;CASH-03;2026-08-06 11:37:31;SKU-004;1;25000;500;CARD
REC-20260806-STORE_04-0458;STORE_04;CASH-06;2026-08-06 11:37:31;SKU-005;1;5000;500;CARD
REC-20260806-STORE_04-0458;STORE_04;CASH-01;2026-08-06 11:37:31;SKU-001;4;45000;0;CASH
REC-20260806-STORE_04-0458;STORE_04;CASH-09;2026-08-06 11:37:31;SKU-009;1;25000;0;CASH
REC-20260806-STORE_04-0458;STORE_04;CASH-10;2026-08-06 11:37:31;SKU-003;1;45000;0;CASH
REC-20260806-STORE_04-0459;STORE_04;CASH-05;2026-08-06 17:39:55;SKU-018;2;5000;0;CARD
REC-20260806-STORE_04-0459;STORE_04;CASH-07;2026-08-06 17:39:55;SKU-004;4;25000;0;CARD
REC-20260806-STORE_04-0459;STORE_04;CASH-06;2026-08-06 17:39:55;SKU-003;2;45000;0;CASH
REC-20260806-STORE_04-0460;STORE_04;CASH-08;2026-08-06 9:48:58;SKU-001;4;45000;1000;CARD
REC-20260806-STORE_04-0460;STORE_04;CASH-08;2026-08-06 9:48:58;SKU-014;3;5000;500;CARD
REC-20260806-STORE_04-0460;STORE_04;CASH-09;2026-08-06 9:48:58;SKU-007;1;12000;500;CASH
REC-20260806-STORE_04-0460;STORE_04;CASH-02;2026-08-06 9:48:58;SKU-001;1;45000;0;CASH
REC-20260806-STORE_04-0461;STORE_04;CASH-01;2026-08-06 9:46:25;SKU-001;4;45000;1000;CARD
REC-20260806-STORE_04-0462;STORE_04;CASH-04;2026-08-06 13:04:22;SKU-001;3;45000;0;CARD
REC-20260806-STORE_04-0462;STORE_04;CASH-01;2026-08-06 13:04:22;SKU-001;4;45000;500;CARD
REC-20260806-STORE_04-0462;STORE_04;CASH-09;2026-08-06 13:04:22;SKU-001;1;45000;1000;CASH
REC-20260806-STORE_04-0462;STORE_04;CASH-10;2026-08-06 13:04:22;SKU-005;2;5000;0;CARD
REC-20260806-STORE_04-0463;STORE_04;CASH-03;2026-08-06 20:52:11;SKU-018;3;5000;500;CARD
REC-20260806-STORE_04-0463;STORE_04;CASH-02;2026-08-06 20:52:11;SKU-004;3;25000;0;CARD
REC-20260806-STORE_04-0463;STORE_04;CASH-06;2026-08-06 20:52:11;SKU-005;4;5000;0;CASH
REC-20260806-STORE_04-0463;STORE_04;CASH-06;2026-08-06 20:52:11;SKU-043;2;25000;0;CASH
REC-20260806-STORE_04-0463;STORE_04;CASH-02;2026-08-06 20:52:11;SKU-001;1;45000;500;CASH
REC-20260806-STORE_04-0464;STORE_04;CASH-01;2026-08-06 13:57:26;SKU-009;4;25000;0;CARD
REC-20260806-STORE_04-0465;STORE_04;CASH-07;2026-08-06 13:05:00;SKU-017;4;12000;500;CARD
REC-20260806-STORE_04-0465;STORE_04;CASH-06;2026-08-06 13:05:00;SKU-002;2;12000;0;CARD
REC-20260806-STORE_04-0466;STORE_04;CASH-02;2026-08-06 17:57:38;SKU-002;2;12000;1000;CARD
REC-20260806-STORE_04-0466;STORE_04;CASH-04;2026-08-06 17:57:38;SKU-016;1;25000;1000;CASH
REC-20260806-STORE_04-0466;STORE_04;CASH-10;2026-08-06 17:57:38;SKU-001;2;45000;0;CARD
REC-20260806-STORE_04-0466;STORE_04;CASH-09;2026-08-06 17:57:38;SKU-016;3;25000;0;CARD
REC-20260806-STORE_04-0467;STORE_04;CASH-05;2026-08-06 15:09:38;SKU-015;1;5000;500;CARD
REC-20260806-STORE_04-0467;STORE_04;CASH-08;2026-08-06 15:09:38;SKU-017;4;12000;0;CARD
REC-20260806-STORE_04-0467;STORE_04;CASH-03;2026-08-06 15:09:38;SKU-002;3;12000;500;CARD
REC-20260806-STORE_04-0468;STORE_04;CASH-02;2026-08-06 9:05:30;SKU-021;1;5000;0;CASH
REC-20260806-STORE_04-0469;STORE_04;CASH-01;2026-08-06 13:30:25;SKU-042;1;5000;0;CARD
REC-20260806-STORE_04-0469;STORE_04;CASH-09;2026-08-06 13:30:25;SKU-008;4;12000;0;CARD
REC-20260806-STORE_04-0470;STORE_04;CASH-10;2026-08-06 18:54:24;SKU-036;2;45000;0;CARD
REC-20260806-STORE_04-0470;STORE_04;CASH-05;2026-08-06 18:54:24;SKU-002;1;12000;0;CASH
REC-20260806-STORE_04-0470;STORE_04;CASH-02;2026-08-06 18:54:24;SKU-017;3;12000;0;CARD
REC-20260806-STORE_04-0471;STORE_04;CASH-06;2026-08-06 11:07:11;SKU-002;1;12000;0;CARD
REC-20260806-STORE_04-0471;STORE_04;CASH-10;2026-08-06 11:07:11;SKU-001;4;45000;1000;CASH
REC-20260806-STORE_04-0471;STORE_04;CASH-08;2026-08-06 11:07:11;SKU-002;2;12000;0;CARD
REC-20260806-STORE_04-0471;STORE_04;CASH-05;2026-08-06 11:07:11;SKU-017;1;12000;0;CASH
REC-20260806-STORE_04-0472;STORE_04;CASH-10;2026-08-06 20:27:24;SKU-002;4;12000;1000;CARD
REC-20260806-STORE_04-0472;STORE_04;CASH-05;2026-08-06 20:27:24;SKU-005;3;5000;0;CARD
REC-20260806-STORE_04-0473;STORE_04;CASH-07;2026-08-06 12:37:27;SKU-001;3;45000;0;CASH
REC-20260806-STORE_04-0473;STORE_04;CASH-02;2026-08-06 12:37:27;SKU-026;3;12000;0;CARD
REC-20260806-STORE_04-0473;STORE_04;CASH-01;2026-08-06 12:37:27;SKU-006;1;45000;1000;CARD
REC-20260806-STORE_04-0473;STORE_04;CASH-10;2026-08-06 12:37:27;SKU-001;2;45000;0;CARD
REC-20260806-STORE_04-0473;STORE_04;CASH-05;2026-08-06 12:37:27;SKU-007;4;12000;1000;CARD
REC-20260806-STORE_04-0474;STORE_04;CASH-08;2026-08-06 14:20:07;SKU-029;4;5000;500;CARD
REC-20260806-STORE_04-0474;STORE_04;CASH-02;2026-08-06 14:20:07;SKU-001;1;45000;500;CASH
REC-20260806-STORE_04-0475;STORE_04;CASH-02;2026-08-06 16:05:45;SKU-016;1;25000;0;CARD
REC-20260806-STORE_04-0475;STORE_04;CASH-07;2026-08-06 16:05:45;SKU-001;1;45000;0;CASH
REC-20260806-STORE_04-0476;STORE_04;CASH-08;2026-08-06 14:03:36;SKU-009;3;25000;0;CASH
REC-20260806-STORE_04-0476;STORE_04;CASH-10;2026-08-06 14:03:36;SKU-003;2;45000;1000;CARD
REC-20260806-STORE_04-0476;STORE_04;CASH-10;2026-08-06 14:03:36;SKU-045;3;45000;0;CARD
REC-20260806-STORE_04-0477;STORE_04;CASH-10;2026-08-06 17:17:00;SKU-002;1;12000;0;CARD
REC-20260806-STORE_04-0477;STORE_04;CASH-07;2026-08-06 17:17:00;SKU-026;1;12000;0;CASH
REC-20260806-STORE_04-0478;STORE_04;CASH-07;2026-08-06 9:28:16;SKU-004;2;25000;0;CARD
REC-20260806-STORE_04-0478;STORE_04;CASH-02;2026-08-06 9:28:16;SKU-002;1;12000;0;CARD
REC-20260806-STORE_04-0478;STORE_04;CASH-03;2026-08-06 9:28:16;SKU-023;3;45000;0;CASH
REC-20260806-STORE_04-0478;STORE_04;CASH-09;2026-08-06 9:28:16;SKU-001;4;45000;1000;CARD
REC-20260806-STORE_04-0479;STORE_04;CASH-06;2026-08-06 16:40:28;SKU-001;2;45000;500;CASH
REC-20260806-STORE_04-0480;STORE_04;CASH-02;2026-08-06 15:32:19;SKU-011;2;5000;0;CARD
REC-20260806-STORE_04-0480;STORE_04;CASH-10;2026-08-06 15:32:19;SKU-047;1;5000;0;CARD
REC-20260806-STORE_04-0480;STORE_04;CASH-01;2026-08-06 15:32:19;SKU-021;2;5000;1000;CARD
REC-20260806-STORE_04-0480;STORE_04;CASH-10;2026-08-06 15:32:19;SKU-006;1;45000;1000;CASH
REC-20260806-STORE_04-0480;STORE_04;CASH-04;2026-08-06 15:32:19;SKU-005;4;5000;1000;CASH
REC-20260806-STORE_04-0481;STORE_04;CASH-08;2026-08-06 20:59:12;SKU-001;4;45000;0;CARD
REC-20260806-STORE_04-0481;STORE_04;CASH-05;2026-08-06 20:59:12;SKU-039;2;5000;0;CARD
REC-20260806-STORE_04-0481;STORE_04;CASH-04;2026-08-06 20:59:12;SKU-018;2;5000;0;CASH
REC-20260806-STORE_04-0481;STORE_04;CASH-07;2026-08-06 20:59:12;SKU-025;4;5000;1000;CASH
REC-20260806-STORE_04-0482;STORE_04;CASH-06;2026-08-06 13:08:57;SKU-001;3;45000;1000;CARD
REC-20260806-STORE_04-0482;STORE_04;CASH-07;2026-08-06 13:08:57;SKU-002;4;12000;500;CASH
REC-20260806-STORE_04-0482;STORE_04;CASH-03;2026-08-06 13:08:57;SKU-048;4;25000;1000;CARD
REC-20260806-STORE_04-0482;STORE_04;CASH-03;2026-08-06 13:08:57;SKU-001;1;45000;500;CARD
REC-20260806-STORE_04-0482;STORE_04;CASH-10;2026-08-06 13:08:57;SKU-004;2;25000;0;CARD
REC-20260806-STORE_04-0483;STORE_04;CASH-01;2026-08-06 18:32:49;SKU-001;3;45000;500;CARD
REC-20260806-STORE_04-0483;STORE_04;CASH-07;2026-08-06 18:32:49;SKU-003;3;45000;1000;CASH
REC-20260806-STORE_04-0483;STORE_04;CASH-07;2026-08-06 18:32:49;SKU-009;1;25000;500;CASH
REC-20260806-STORE_04-0483;STORE_04;CASH-03;2026-08-06 18:32:49;SKU-009;1;25000;0;CARD
REC-20260806-STORE_04-0483;STORE_04;CASH-02;2026-08-06 18:32:49;SKU-001;2;45000;0;CASH
REC-20260806-STORE_04-0484;STORE_04;CASH-01;2026-08-06 21:47:20;SKU-001;1;45000;0;CASH
REC-20260806-STORE_04-0485;STORE_04;CASH-03;2026-08-06 8:32:06;SKU-001;3;45000;1000;CARD
REC-20260806-STORE_04-0485;STORE_04;CASH-01;2026-08-06 8:32:06;SKU-025;3;5000;500;CARD
REC-20260806-STORE_04-0485;STORE_04;CASH-01;2026-08-06 8:32:06;SKU-001;3;45000;500;CARD
REC-20260806-STORE_04-0485;STORE_04;CASH-06;2026-08-06 8:32:06;SKU-001;3;45000;0;CARD
REC-20260806-STORE_04-0485;STORE_04;CASH-04;2026-08-06 8:32:06;SKU-014;3;5000;0;CASH
REC-20260806-STORE_04-0486;STORE_04;CASH-02;2026-08-06 13:06:56;SKU-007;1;12000;0;CASH
REC-20260806-STORE_04-0486;STORE_04;CASH-06;2026-08-06 13:06:56;SKU-007;4;12000;500;CARD
REC-20260806-STORE_04-0486;STORE_04;CASH-02;2026-08-06 13:06:56;SKU-002;3;12000;500;CARD
REC-20260806-STORE_04-0486;STORE_04;CASH-06;2026-08-06 13:06:56;SKU-002;3;12000;0;CASH
REC-20260806-STORE_04-0487;STORE_04;CASH-06;2026-08-06 15:05:22;SKU-001;1;45000;0;CASH
REC-20260806-STORE_04-0487;STORE_04;CASH-01;2026-08-06 15:05:22;SKU-001;1;45000;1000;CARD
REC-20260806-STORE_04-0488;STORE_04;CASH-03;2026-08-06 9:19:29;SKU-001;2;45000;0;CARD
REC-20260806-STORE_04-0488;STORE_04;CASH-03;2026-08-06 9:19:29;SKU-009;3;25000;0;CASH
REC-20260806-STORE_04-0488;STORE_04;CASH-04;2026-08-06 9:19:29;SKU-003;4;45000;1000;CASH
REC-20260806-STORE_04-0488;STORE_04;CASH-08;2026-08-06 9:19:29;SKU-001;1;45000;0;CARD
REC-20260806-STORE_04-0489;STORE_04;CASH-10;2026-08-06 13:27:55;SKU-040;1;25000;0;CASH
REC-20260806-STORE_04-0489;STORE_04;CASH-02;2026-08-06 13:27:55;SKU-030;1;45000;500;CARD
REC-20260806-STORE_04-0489;STORE_04;CASH-04;2026-08-06 13:27:55;SKU-009;3;25000;0;CASH
REC-20260806-STORE_04-0489;STORE_04;CASH-01;2026-08-06 13:27:55;SKU-002;4;12000;0;CARD
REC-20260806-STORE_04-0489;STORE_04;CASH-10;2026-08-06 13:27:55;SKU-031;1;45000;500;CASH
REC-20260806-STORE_04-0490;STORE_04;CASH-01;2026-08-06 14:57:16;SKU-005;2;5000;0;CARD
REC-20260806-STORE_04-0490;STORE_04;CASH-04;2026-08-06 14:57:16;SKU-001;2;45000;500;CARD
REC-20260806-STORE_04-0491;STORE_04;CASH-06;2026-08-06 8:45:42;SKU-003;4;45000;500;CARD
REC-20260806-STORE_04-0491;STORE_04;CASH-09;2026-08-06 8:45:42;SKU-001;3;45000;1000;CASH
REC-20260806-STORE_04-0491;STORE_04;CASH-03;2026-08-06 8:45:42;SKU-003;2;45000;0;CASH
REC-20260806-STORE_04-0491;STORE_04;CASH-08;2026-08-06 8:45:42;SKU-002;2;12000;0;CASH
REC-20260806-STORE_04-0492;STORE_04;CASH-09;2026-08-06 21:08:46;SKU-005;1;5000;500;CARD
REC-20260806-STORE_04-0492;STORE_04;CASH-06;2026-08-06 21:08:46;SKU-001;3;45000;0;CARD
REC-20260806-STORE_04-0493;STORE_04;CASH-08;2026-08-06 17:44:18;SKU-001;4;45000;500;CASH
REC-20260806-STORE_04-0493;STORE_04;CASH-07;2026-08-06 17:44:18;SKU-020;3;12000;500;CARD
REC-20260806-STORE_04-0493;STORE_04;CASH-06;2026-08-06 17:44:18;SKU-002;1;12000;500;CASH
REC-20260806-STORE_04-0493;STORE_04;CASH-07;2026-08-06 17:44:18;SKU-050;3;25000;1000;CARD
REC-20260806-STORE_04-0493;STORE_04;CASH-10;2026-08-06 17:44:18;SKU-002;1;12000;0;CARD
REC-20260806-STORE_04-0494;STORE_04;CASH-09;2026-08-06 12:43:19;SKU-003;4;45000;1000;CASH
REC-20260806-STORE_04-0495;STORE_04;CASH-09;2026-08-06 11:57:04;SKU-002;2;12000;500;CARD
REC-20260806-STORE_04-0495;STORE_04;CASH-02;2026-08-06 11:57:04;SKU-010;4;25000;1000;CARD
REC-20260806-STORE_04-0496;STORE_04;CASH-04;2026-08-06 12:55:42;SKU-048;4;25000;1000;CARD
REC-20260806-STORE_04-0496;STORE_04;CASH-06;2026-08-06 12:55:42;SKU-002;4;12000;0;CARD
REC-20260806-STORE_04-0496;STORE_04;CASH-01;2026-08-06 12:55:42;SKU-015;3;5000;0;CARD
REC-20260806-STORE_04-0496;STORE_04;CASH-03;2026-08-06 12:55:42;SKU-001;1;45000;500;CARD
REC-20260806-STORE_04-0497;STORE_04;CASH-03;2026-08-06 19:15:05;SKU-001;4;45000;0;CASH
REC-20260806-STORE_04-0497;STORE_04;CASH-09;2026-08-06 19:15:05;SKU-001;4;45000;1000;CARD
REC-20260806-STORE_04-0498;STORE_04;CASH-07;2026-08-06 9:34:12;SKU-010;2;25000;1000;CARD
REC-20260806-STORE_04-0498;STORE_04;CASH-09;2026-08-06 9:34:12;SKU-013;2;12000;1000;CASH
REC-20260806-STORE_04-0498;STORE_04;CASH-07;2026-08-06 9:34:12;SKU-010;4;25000;0;CASH
REC-20260806-STORE_04-0498;STORE_04;CASH-10;2026-08-06 9:34:12;SKU-001;1;45000;1000;CARD
REC-20260806-STORE_04-0498;STORE_04;CASH-07;2026-08-06 9:34:12;SKU-001;2;45000;1000;CARD
REC-20260806-STORE_04-0499;STORE_04;CASH-05;2026-08-06 10:14:09;SKU-001;3;45000;0;CARD
REC-20260806-STORE_04-0499;STORE_04;CASH-02;2026-08-06 10:14:09;SKU-014;4;5000;0;CARD
REC-20260806-STORE_04-0499;STORE_04;CASH-02;2026-08-06 10:14:09;SKU-018;4;5000;1000;CASH
REC-20260806-STORE_04-0499;STORE_04;CASH-07;2026-08-06 10:14:09;SKU-008;3;12000;500;CARD
REC-20260806-STORE_04-0500;STORE_04;CASH-06;2026-08-06 17:41:20;SKU-015;1;5000;0;CASH
REC-20260806-STORE_04-0500;STORE_04;CASH-06;2026-08-06 17:41:20;SKU-021;1;5000;500;CARD
REC-20260806-STORE_04-0500;STORE_04;CASH-05;2026-08-06 17:41:20;SKU-001;1;45000;1000;CARD
REC-20260806-STORE_05-0001;STORE_05;CASH-09;2026-08-06 21:50:16;SKU-001;3;45000;500;CARD
REC-20260806-STORE_05-0001;STORE_05;CASH-01;2026-08-06 21:50:16;SKU-007;4;12000;0;CARD
REC-20260806-STORE_05-0001;STORE_05;CASH-04;2026-08-06 21:50:16;SKU-002;1;12000;0;CARD
REC-20260806-STORE_05-0002;STORE_05;CASH-05;2026-08-06 18:49:38;SKU-006;4;45000;0;CASH
REC-20260806-STORE_05-0002;STORE_05;CASH-03;2026-08-06 18:49:38;SKU-029;3;5000;0;CASH
REC-20260806-STORE_05-0003;STORE_05;CASH-01;2026-08-06 18:26:01;SKU-001;2;45000;500;CARD
REC-20260806-STORE_05-0004;STORE_05;CASH-04;2026-08-06 15:01:30;SKU-050;2;25000;1000;CASH
REC-20260806-STORE_05-0004;STORE_05;CASH-10;2026-08-06 15:01:30;SKU-001;3;45000;500;CARD
REC-20260806-STORE_05-0005;STORE_05;CASH-08;2026-08-06 13:53:44;SKU-027;1;5000;500;CARD
REC-20260806-STORE_05-0005;STORE_05;CASH-04;2026-08-06 13:53:44;SKU-005;3;5000;0;CARD
REC-20260806-STORE_05-0005;STORE_05;CASH-05;2026-08-06 13:53:44;SKU-011;3;5000;1000;CASH
REC-20260806-STORE_05-0006;STORE_05;CASH-10;2026-08-06 21:38:11;SKU-014;1;5000;1000;CARD
REC-20260806-STORE_05-0006;STORE_05;CASH-03;2026-08-06 21:38:11;SKU-001;1;45000;1000;CARD
REC-20260806-STORE_05-0006;STORE_05;CASH-02;2026-08-06 21:38:11;SKU-002;2;12000;0;CARD
REC-20260806-STORE_05-0006;STORE_05;CASH-02;2026-08-06 21:38:11;SKU-004;1;25000;0;CARD
REC-20260806-STORE_05-0007;STORE_05;CASH-08;2026-08-06 17:43:30;SKU-015;2;5000;1000;CARD
REC-20260806-STORE_05-0007;STORE_05;CASH-08;2026-08-06 17:43:30;SKU-016;2;25000;0;CASH
REC-20260806-STORE_05-0007;STORE_05;CASH-02;2026-08-06 17:43:30;SKU-016;2;25000;0;CASH
REC-20260806-STORE_05-0007;STORE_05;CASH-08;2026-08-06 17:43:30;SKU-001;1;45000;0;CASH
REC-20260806-STORE_05-0008;STORE_05;CASH-07;2026-08-06 18:40:16;SKU-008;1;12000;0;CARD
REC-20260806-STORE_05-0008;STORE_05;CASH-03;2026-08-06 18:40:16;SKU-003;3;45000;1000;CARD
REC-20260806-STORE_05-0008;STORE_05;CASH-10;2026-08-06 18:40:16;SKU-032;2;25000;0;CARD
REC-20260806-STORE_05-0008;STORE_05;CASH-07;2026-08-06 18:40:16;SKU-010;1;25000;0;CARD
REC-20260806-STORE_05-0009;STORE_05;CASH-10;2026-08-06 12:47:31;SKU-001;3;45000;0;CARD
REC-20260806-STORE_05-0010;STORE_05;CASH-08;2026-08-06 15:01:11;SKU-004;1;25000;0;CARD
REC-20260806-STORE_05-0010;STORE_05;CASH-06;2026-08-06 15:01:11;SKU-001;3;45000;500;CARD
REC-20260806-STORE_05-0010;STORE_05;CASH-10;2026-08-06 15:01:11;SKU-010;1;25000;1000;CARD
REC-20260806-STORE_05-0010;STORE_05;CASH-04;2026-08-06 15:01:11;SKU-002;2;12000;0;CASH
REC-20260806-STORE_05-0010;STORE_05;CASH-07;2026-08-06 15:01:11;SKU-008;4;12000;0;CARD
REC-20260806-STORE_05-0011;STORE_05;CASH-08;2026-08-06 20:58:30;SKU-043;4;25000;0;CASH
REC-20260806-STORE_05-0011;STORE_05;CASH-05;2026-08-06 20:58:30;SKU-047;1;5000;500;CARD
REC-20260806-STORE_05-0011;STORE_05;CASH-03;2026-08-06 20:58:30;SKU-001;2;45000;0;CASH
REC-20260806-STORE_05-0011;STORE_05;CASH-02;2026-08-06 20:58:30;SKU-005;3;5000;1000;CASH
REC-20260806-STORE_05-0011;STORE_05;CASH-09;2026-08-06 20:58:30;SKU-017;2;12000;0;CARD
REC-20260806-STORE_05-0012;STORE_05;CASH-01;2026-08-06 18:25:31;SKU-004;4;25000;1000;CASH
REC-20260806-STORE_05-0012;STORE_05;CASH-09;2026-08-06 18:25:31;SKU-001;4;45000;0;CASH
REC-20260806-STORE_05-0013;STORE_05;CASH-01;2026-08-06 19:26:13;SKU-042;4;5000;1000;CASH
REC-20260806-STORE_05-0013;STORE_05;CASH-08;2026-08-06 19:26:13;SKU-001;3;45000;0;CARD
REC-20260806-STORE_05-0013;STORE_05;CASH-02;2026-08-06 19:26:13;SKU-002;3;12000;1000;CASH
REC-20260806-STORE_05-0013;STORE_05;CASH-09;2026-08-06 19:26:13;SKU-007;2;12000;500;CASH
REC-20260806-STORE_05-0014;STORE_05;CASH-09;2026-08-06 17:41:55;SKU-044;4;5000;0;CARD
REC-20260806-STORE_05-0014;STORE_05;CASH-01;2026-08-06 17:41:55;SKU-010;1;25000;0;CARD
REC-20260806-STORE_05-0014;STORE_05;CASH-01;2026-08-06 17:41:55;SKU-015;2;5000;0;CASH
REC-20260806-STORE_05-0014;STORE_05;CASH-06;2026-08-06 17:41:55;SKU-009;1;25000;0;CARD
REC-20260806-STORE_05-0015;STORE_05;CASH-02;2026-08-06 10:29:02;SKU-011;1;5000;500;CARD
REC-20260806-STORE_05-0015;STORE_05;CASH-02;2026-08-06 10:29:02;SKU-001;1;45000;500;CASH
REC-20260806-STORE_05-0016;STORE_05;CASH-08;2026-08-06 19:01:41;SKU-002;1;12000;0;CARD
REC-20260806-STORE_05-0017;STORE_05;CASH-08;2026-08-06 17:51:10;SKU-003;2;45000;0;CASH
REC-20260806-STORE_05-0017;STORE_05;CASH-08;2026-08-06 17:51:10;SKU-005;2;5000;0;CARD
REC-20260806-STORE_05-0017;STORE_05;CASH-02;2026-08-06 17:51:10;SKU-048;1;25000;500;CARD
REC-20260806-STORE_05-0017;STORE_05;CASH-02;2026-08-06 17:51:10;SKU-001;2;45000;0;CASH
REC-20260806-STORE_05-0018;STORE_05;CASH-10;2026-08-06 16:06:10;SKU-006;1;45000;0;CARD
REC-20260806-STORE_05-0018;STORE_05;CASH-06;2026-08-06 16:06:10;SKU-002;4;12000;1000;CASH
REC-20260806-STORE_05-0018;STORE_05;CASH-07;2026-08-06 16:06:10;SKU-002;3;12000;1000;CARD
REC-20260806-STORE_05-0018;STORE_05;CASH-02;2026-08-06 16:06:10;SKU-009;1;25000;0;CARD
REC-20260806-STORE_05-0019;STORE_05;CASH-05;2026-08-06 14:22:58;SKU-042;3;5000;0;CASH
REC-20260806-STORE_05-0019;STORE_05;CASH-02;2026-08-06 14:22:58;SKU-004;2;25000;500;CASH
REC-20260806-STORE_05-0019;STORE_05;CASH-03;2026-08-06 14:22:58;SKU-001;2;45000;0;CARD
REC-20260806-STORE_05-0019;STORE_05;CASH-02;2026-08-06 14:22:58;SKU-001;2;45000;1000;CARD
REC-20260806-STORE_05-0019;STORE_05;CASH-02;2026-08-06 14:22:58;SKU-001;2;45000;1000;CASH
REC-20260806-STORE_05-0020;STORE_05;CASH-08;2026-08-06 12:26:05;SKU-001;2;45000;0;CARD
REC-20260806-STORE_05-0021;STORE_05;CASH-04;2026-08-06 8:51:55;SKU-049;3;5000;500;CASH
REC-20260806-STORE_05-0021;STORE_05;CASH-03;2026-08-06 8:51:55;SKU-016;2;25000;0;CARD
REC-20260806-STORE_05-0021;STORE_05;CASH-10;2026-08-06 8:51:55;SKU-001;2;45000;0;CARD
REC-20260806-STORE_05-0022;STORE_05;CASH-09;2026-08-06 20:50:29;SKU-001;4;45000;500;CASH
REC-20260806-STORE_05-0022;STORE_05;CASH-06;2026-08-06 20:50:29;SKU-001;2;45000;0;CASH
REC-20260806-STORE_05-0022;STORE_05;CASH-01;2026-08-06 20:50:29;SKU-001;4;45000;500;CARD
REC-20260806-STORE_05-0023;STORE_05;CASH-01;2026-08-06 19:27:40;SKU-007;3;12000;0;CARD
REC-20260806-STORE_05-0023;STORE_05;CASH-07;2026-08-06 19:27:40;SKU-001;2;45000;0;CARD
REC-20260806-STORE_05-0023;STORE_05;CASH-09;2026-08-06 19:27:40;SKU-001;4;45000;0;CARD
REC-20260806-STORE_05-0023;STORE_05;CASH-10;2026-08-06 19:27:40;SKU-031;3;45000;0;CARD
REC-20260806-STORE_05-0023;STORE_05;CASH-04;2026-08-06 19:27:40;SKU-002;1;12000;0;CARD
REC-20260806-STORE_05-0024;STORE_05;CASH-06;2026-08-06 20:14:51;SKU-001;4;45000;500;CARD
REC-20260806-STORE_05-0024;STORE_05;CASH-02;2026-08-06 20:14:51;SKU-001;2;45000;0;CASH
REC-20260806-STORE_05-0025;STORE_05;CASH-10;2026-08-06 13:47:13;SKU-002;3;12000;500;CARD
REC-20260806-STORE_05-0025;STORE_05;CASH-09;2026-08-06 13:47:13;SKU-018;4;5000;0;CARD
REC-20260806-STORE_05-0025;STORE_05;CASH-05;2026-08-06 13:47:13;SKU-017;1;12000;0;CARD
REC-20260806-STORE_05-0026;STORE_05;CASH-05;2026-08-06 9:26:38;SKU-002;4;12000;0;CARD
REC-20260806-STORE_05-0026;STORE_05;CASH-02;2026-08-06 9:26:38;SKU-004;3;25000;500;CASH
REC-20260806-STORE_05-0027;STORE_05;CASH-02;2026-08-06 16:35:57;SKU-001;4;45000;500;CARD
REC-20260806-STORE_05-0028;STORE_05;CASH-06;2026-08-06 10:06:37;SKU-005;3;5000;1000;CARD
REC-20260806-STORE_05-0028;STORE_05;CASH-07;2026-08-06 10:06:37;SKU-001;3;45000;0;CARD
REC-20260806-STORE_05-0028;STORE_05;CASH-09;2026-08-06 10:06:37;SKU-010;3;25000;1000;CARD
REC-20260806-STORE_05-0028;STORE_05;CASH-02;2026-08-06 10:06:37;SKU-002;2;12000;0;CARD
REC-20260806-STORE_05-0029;STORE_05;CASH-06;2026-08-06 11:01:28;SKU-013;3;12000;0;CARD
REC-20260806-STORE_05-0029;STORE_05;CASH-01;2026-08-06 11:01:28;SKU-001;2;45000;0;CASH
REC-20260806-STORE_05-0029;STORE_05;CASH-08;2026-08-06 11:01:28;SKU-001;4;45000;0;CASH
REC-20260806-STORE_05-0029;STORE_05;CASH-06;2026-08-06 11:01:28;SKU-029;4;5000;0;CARD
REC-20260806-STORE_05-0029;STORE_05;CASH-06;2026-08-06 11:01:28;SKU-001;2;45000;1000;CASH
REC-20260806-STORE_05-0030;STORE_05;CASH-09;2026-08-06 14:32:10;SKU-017;2;12000;0;CASH
REC-20260806-STORE_05-0030;STORE_05;CASH-05;2026-08-06 14:32:10;SKU-001;2;45000;0;CASH
REC-20260806-STORE_05-0030;STORE_05;CASH-04;2026-08-06 14:32:10;SKU-008;3;12000;0;CASH
REC-20260806-STORE_05-0030;STORE_05;CASH-10;2026-08-06 14:32:10;SKU-026;2;12000;500;CARD
REC-20260806-STORE_05-0031;STORE_05;CASH-09;2026-08-06 15:52:00;SKU-042;4;5000;500;CARD
REC-20260806-STORE_05-0032;STORE_05;CASH-01;2026-08-06 18:10:25;SKU-002;2;12000;1000;CARD
REC-20260806-STORE_05-0032;STORE_05;CASH-10;2026-08-06 18:10:25;SKU-005;4;5000;1000;CARD
REC-20260806-STORE_05-0032;STORE_05;CASH-01;2026-08-06 18:10:25;SKU-005;1;5000;500;CASH
REC-20260806-STORE_05-0032;STORE_05;CASH-02;2026-08-06 18:10:25;SKU-035;3;5000;0;CARD
REC-20260806-STORE_05-0032;STORE_05;CASH-07;2026-08-06 18:10:25;SKU-006;4;45000;0;CASH
REC-20260806-STORE_05-0033;STORE_05;CASH-02;2026-08-06 10:45:34;SKU-003;2;45000;500;CARD
REC-20260806-STORE_05-0034;STORE_05;CASH-03;2026-08-06 13:31:32;SKU-019;4;25000;500;CARD
REC-20260806-STORE_05-0034;STORE_05;CASH-09;2026-08-06 13:31:32;SKU-013;1;12000;0;CARD
REC-20260806-STORE_05-0034;STORE_05;CASH-06;2026-08-06 13:31:32;SKU-010;3;25000;0;CASH
REC-20260806-STORE_05-0035;STORE_05;CASH-02;2026-08-06 10:22:04;SKU-016;4;25000;0;CARD
REC-20260806-STORE_05-0035;STORE_05;CASH-03;2026-08-06 10:22:04;SKU-010;1;25000;0;CARD
REC-20260806-STORE_05-0035;STORE_05;CASH-03;2026-08-06 10:22:04;SKU-003;3;45000;0;CASH
REC-20260806-STORE_05-0035;STORE_05;CASH-02;2026-08-06 10:22:04;SKU-002;2;12000;0;CARD
REC-20260806-STORE_05-0036;STORE_05;CASH-06;2026-08-06 13:53:01;SKU-002;2;12000;0;CASH
REC-20260806-STORE_05-0036;STORE_05;CASH-03;2026-08-06 13:53:01;SKU-001;1;45000;0;CASH
REC-20260806-STORE_05-0036;STORE_05;CASH-05;2026-08-06 13:53:01;SKU-001;2;45000;0;CASH
REC-20260806-STORE_05-0037;STORE_05;CASH-04;2026-08-06 18:42:22;SKU-009;1;25000;0;CARD
REC-20260806-STORE_05-0038;STORE_05;CASH-01;2026-08-06 11:04:38;SKU-010;3;25000;1000;CARD
REC-20260806-STORE_05-0038;STORE_05;CASH-02;2026-08-06 11:04:38;SKU-003;3;45000;1000;CARD
REC-20260806-STORE_05-0038;STORE_05;CASH-08;2026-08-06 11:04:38;SKU-001;4;45000;500;CASH
REC-20260806-STORE_05-0038;STORE_05;CASH-05;2026-08-06 11:04:38;SKU-001;4;45000;0;CARD
REC-20260806-STORE_05-0039;STORE_05;CASH-09;2026-08-06 17:40:07;SKU-009;2;25000;0;CARD
REC-20260806-STORE_05-0039;STORE_05;CASH-07;2026-08-06 17:40:07;SKU-005;4;5000;1000;CARD
REC-20260806-STORE_05-0039;STORE_05;CASH-10;2026-08-06 17:40:07;SKU-013;4;12000;0;CARD
REC-20260806-STORE_05-0040;STORE_05;CASH-05;2026-08-06 18:49:53;SKU-034;3;25000;0;CASH
REC-20260806-STORE_05-0040;STORE_05;CASH-02;2026-08-06 18:49:53;SKU-019;3;25000;0;CARD
REC-20260806-STORE_05-0041;STORE_05;CASH-09;2026-08-06 12:36:30;SKU-006;1;45000;0;CASH
REC-20260806-STORE_05-0041;STORE_05;CASH-10;2026-08-06 12:36:30;SKU-013;3;12000;1000;CASH
REC-20260806-STORE_05-0041;STORE_05;CASH-03;2026-08-06 12:36:30;SKU-001;3;45000;500;CARD
REC-20260806-STORE_05-0041;STORE_05;CASH-06;2026-08-06 12:36:30;SKU-001;4;45000;0;CARD
REC-20260806-STORE_05-0042;STORE_05;CASH-09;2026-08-06 12:49:59;SKU-001;1;45000;0;CASH
REC-20260806-STORE_05-0042;STORE_05;CASH-10;2026-08-06 12:49:59;SKU-011;4;5000;0;CASH
REC-20260806-STORE_05-0042;STORE_05;CASH-04;2026-08-06 12:49:59;SKU-045;3;45000;1000;CARD
REC-20260806-STORE_05-0042;STORE_05;CASH-10;2026-08-06 12:49:59;SKU-015;3;5000;1000;CASH
REC-20260806-STORE_05-0043;STORE_05;CASH-08;2026-08-06 13:50:19;SKU-015;1;5000;500;CARD
REC-20260806-STORE_05-0043;STORE_05;CASH-05;2026-08-06 13:50:19;SKU-008;4;12000;1000;CASH
REC-20260806-STORE_05-0043;STORE_05;CASH-10;2026-08-06 13:50:19;SKU-001;4;45000;0;CASH
REC-20260806-STORE_05-0044;STORE_05;CASH-09;2026-08-06 19:12:05;SKU-001;4;45000;0;CASH
REC-20260806-STORE_05-0044;STORE_05;CASH-05;2026-08-06 19:12:05;SKU-017;3;12000;1000;CARD
REC-20260806-STORE_05-0044;STORE_05;CASH-06;2026-08-06 19:12:05;SKU-004;4;25000;0;CASH
REC-20260806-STORE_05-0044;STORE_05;CASH-04;2026-08-06 19:12:05;SKU-011;2;5000;500;CARD
REC-20260806-STORE_05-0044;STORE_05;CASH-05;2026-08-06 19:12:05;SKU-035;4;5000;500;CASH
REC-20260806-STORE_05-0045;STORE_05;CASH-01;2026-08-06 8:30:27;SKU-001;1;45000;0;CARD
REC-20260806-STORE_05-0045;STORE_05;CASH-07;2026-08-06 8:30:27;SKU-002;3;12000;1000;CARD
REC-20260806-STORE_05-0045;STORE_05;CASH-08;2026-08-06 8:30:27;SKU-001;1;45000;500;CARD
REC-20260806-STORE_05-0045;STORE_05;CASH-10;2026-08-06 8:30:27;SKU-014;4;5000;500;CARD
REC-20260806-STORE_05-0046;STORE_05;CASH-02;2026-08-06 11:34:11;SKU-001;3;45000;0;CARD
REC-20260806-STORE_05-0046;STORE_05;CASH-10;2026-08-06 11:34:11;SKU-012;4;45000;0;CARD
REC-20260806-STORE_05-0046;STORE_05;CASH-06;2026-08-06 11:34:11;SKU-007;2;12000;500;CASH
REC-20260806-STORE_05-0046;STORE_05;CASH-02;2026-08-06 11:34:11;SKU-001;2;45000;0;CARD
REC-20260806-STORE_05-0046;STORE_05;CASH-04;2026-08-06 11:34:11;SKU-006;1;45000;0;CASH
REC-20260806-STORE_05-0047;STORE_05;CASH-02;2026-08-06 18:08:01;SKU-002;1;12000;1000;CARD
REC-20260806-STORE_05-0048;STORE_05;CASH-09;2026-08-06 13:04:49;SKU-002;3;12000;0;CARD
REC-20260806-STORE_05-0048;STORE_05;CASH-03;2026-08-06 13:04:49;SKU-001;1;45000;0;CARD
REC-20260806-STORE_05-0048;STORE_05;CASH-01;2026-08-06 13:04:49;SKU-005;1;5000;500;CARD
REC-20260806-STORE_05-0048;STORE_05;CASH-08;2026-08-06 13:04:49;SKU-001;3;45000;1000;CARD
REC-20260806-STORE_05-0049;STORE_05;CASH-09;2026-08-06 20:51:02;SKU-004;3;25000;0;CASH
REC-20260806-STORE_05-0049;STORE_05;CASH-03;2026-08-06 20:51:02;SKU-002;1;12000;500;CARD
REC-20260806-STORE_05-0049;STORE_05;CASH-07;2026-08-06 20:51:02;SKU-001;3;45000;1000;CARD
REC-20260806-STORE_05-0049;STORE_05;CASH-07;2026-08-06 20:51:02;SKU-001;2;45000;500;CARD
REC-20260806-STORE_05-0050;STORE_05;CASH-01;2026-08-06 19:33:33;SKU-004;2;25000;0;CASH
REC-20260806-STORE_05-0050;STORE_05;CASH-05;2026-08-06 19:33:33;SKU-006;1;45000;0;CASH
REC-20260806-STORE_05-0051;STORE_05;CASH-08;2026-08-06 19:22:58;SKU-005;2;5000;0;CARD
REC-20260806-STORE_05-0051;STORE_05;CASH-07;2026-08-06 19:22:58;SKU-023;2;45000;0;CASH
REC-20260806-STORE_05-0051;STORE_05;CASH-04;2026-08-06 19:22:58;SKU-029;4;5000;0;CARD
REC-20260806-STORE_05-0051;STORE_05;CASH-07;2026-08-06 19:22:58;SKU-003;1;45000;1000;CARD
REC-20260806-STORE_05-0051;STORE_05;CASH-02;2026-08-06 19:22:58;SKU-008;1;12000;500;CASH
REC-20260806-STORE_05-0052;STORE_05;CASH-09;2026-08-06 19:36:40;SKU-019;2;25000;1000;CARD
REC-20260806-STORE_05-0052;STORE_05;CASH-06;2026-08-06 19:36:40;SKU-009;1;25000;1000;CARD
REC-20260806-STORE_05-0052;STORE_05;CASH-06;2026-08-06 19:36:40;SKU-001;1;45000;1000;CARD
REC-20260806-STORE_05-0052;STORE_05;CASH-06;2026-08-06 19:36:40;SKU-004;3;25000;0;CARD
REC-20260806-STORE_05-0052;STORE_05;CASH-04;2026-08-06 19:36:40;SKU-003;1;45000;0;CARD
REC-20260806-STORE_05-0053;STORE_05;CASH-04;2026-08-06 11:23:57;SKU-026;1;12000;0;CARD
REC-20260806-STORE_05-0053;STORE_05;CASH-02;2026-08-06 11:23:57;SKU-036;2;45000;500;CARD
REC-20260806-STORE_05-0053;STORE_05;CASH-02;2026-08-06 11:23:57;SKU-006;1;45000;1000;CASH
REC-20260806-STORE_05-0053;STORE_05;CASH-09;2026-08-06 11:23:57;SKU-003;2;45000;0;CASH
REC-20260806-STORE_05-0054;STORE_05;CASH-03;2026-08-06 11:55:52;SKU-005;1;5000;0;CARD
REC-20260806-STORE_05-0054;STORE_05;CASH-10;2026-08-06 11:55:52;SKU-003;4;45000;1000;CARD
REC-20260806-STORE_05-0055;STORE_05;CASH-05;2026-08-06 14:57:46;SKU-001;4;45000;500;CARD
REC-20260806-STORE_05-0055;STORE_05;CASH-09;2026-08-06 14:57:46;SKU-012;2;45000;0;CARD
REC-20260806-STORE_05-0055;STORE_05;CASH-04;2026-08-06 14:57:46;SKU-004;4;25000;500;CASH
REC-20260806-STORE_05-0056;STORE_05;CASH-09;2026-08-06 12:59:29;SKU-001;4;45000;0;CASH
REC-20260806-STORE_05-0057;STORE_05;CASH-01;2026-08-06 14:19:45;SKU-004;4;25000;0;CASH
REC-20260806-STORE_05-0057;STORE_05;CASH-06;2026-08-06 14:19:45;SKU-002;1;12000;1000;CARD
REC-20260806-STORE_05-0057;STORE_05;CASH-04;2026-08-06 14:19:45;SKU-001;3;45000;0;CARD
REC-20260806-STORE_05-0057;STORE_05;CASH-08;2026-08-06 14:19:45;SKU-002;2;12000;1000;CARD
REC-20260806-STORE_05-0057;STORE_05;CASH-02;2026-08-06 14:19:45;SKU-001;2;45000;0;CASH
REC-20260806-STORE_05-0058;STORE_05;CASH-01;2026-08-06 15:22:36;SKU-001;1;45000;1000;CASH
REC-20260806-STORE_05-0058;STORE_05;CASH-01;2026-08-06 15:22:36;SKU-001;1;45000;0;CASH
REC-20260806-STORE_05-0058;STORE_05;CASH-10;2026-08-06 15:22:36;SKU-001;1;45000;0;CASH
REC-20260806-STORE_05-0059;STORE_05;CASH-06;2026-08-06 11:07:33;SKU-045;1;45000;500;CARD
REC-20260806-STORE_05-0059;STORE_05;CASH-03;2026-08-06 11:07:33;SKU-049;4;5000;1000;CASH
REC-20260806-STORE_05-0059;STORE_05;CASH-02;2026-08-06 11:07:33;SKU-009;1;25000;0;CARD
REC-20260806-STORE_05-0060;STORE_05;CASH-10;2026-08-06 13:43:25;SKU-015;4;5000;0;CASH
REC-20260806-STORE_05-0060;STORE_05;CASH-01;2026-08-06 13:43:25;SKU-014;4;5000;0;CASH
REC-20260806-STORE_05-0060;STORE_05;CASH-04;2026-08-06 13:43:25;SKU-001;1;45000;0;CASH
REC-20260806-STORE_05-0060;STORE_05;CASH-06;2026-08-06 13:43:25;SKU-014;3;5000;1000;CARD
REC-20260806-STORE_05-0061;STORE_05;CASH-07;2026-08-06 15:40:05;SKU-001;4;45000;0;CASH
REC-20260806-STORE_05-0061;STORE_05;CASH-08;2026-08-06 15:40:05;SKU-016;3;25000;1000;CARD
REC-20260806-STORE_05-0062;STORE_05;CASH-07;2026-08-06 9:40:32;SKU-018;4;5000;0;CARD
REC-20260806-STORE_05-0062;STORE_05;CASH-07;2026-08-06 9:40:32;SKU-004;4;25000;500;CASH
REC-20260806-STORE_05-0062;STORE_05;CASH-10;2026-08-06 9:40:32;SKU-001;1;45000;0;CARD
REC-20260806-STORE_05-0063;STORE_05;CASH-04;2026-08-06 13:04:58;SKU-016;1;25000;0;CARD
REC-20260806-STORE_05-0063;STORE_05;CASH-05;2026-08-06 13:04:58;SKU-001;1;45000;0;CARD
REC-20260806-STORE_05-0063;STORE_05;CASH-08;2026-08-06 13:04:58;SKU-014;4;5000;0;CARD
REC-20260806-STORE_05-0063;STORE_05;CASH-01;2026-08-06 13:04:58;SKU-005;1;5000;0;CARD
REC-20260806-STORE_05-0063;STORE_05;CASH-03;2026-08-06 13:04:58;SKU-008;4;12000;500;CASH
REC-20260806-STORE_05-0064;STORE_05;CASH-09;2026-08-06 14:02:59;SKU-023;1;45000;500;CARD
REC-20260806-STORE_05-0064;STORE_05;CASH-02;2026-08-06 14:02:59;SKU-001;3;45000;0;CASH
REC-20260806-STORE_05-0064;STORE_05;CASH-02;2026-08-06 14:02:59;SKU-006;2;45000;0;CARD
REC-20260806-STORE_05-0064;STORE_05;CASH-02;2026-08-06 14:02:59;SKU-023;3;45000;0;CARD
REC-20260806-STORE_05-0065;STORE_05;CASH-04;2026-08-06 10:22:59;SKU-002;3;12000;0;CARD
REC-20260806-STORE_05-0065;STORE_05;CASH-07;2026-08-06 10:22:59;SKU-002;1;12000;0;CARD
REC-20260806-STORE_05-0065;STORE_05;CASH-10;2026-08-06 10:22:59;SKU-001;4;45000;1000;CASH
REC-20260806-STORE_05-0065;STORE_05;CASH-04;2026-08-06 10:22:59;SKU-007;1;12000;1000;CARD
REC-20260806-STORE_05-0065;STORE_05;CASH-02;2026-08-06 10:22:59;SKU-004;4;25000;0;CARD
REC-20260806-STORE_05-0066;STORE_05;CASH-04;2026-08-06 20:47:39;SKU-023;3;45000;0;CARD
REC-20260806-STORE_05-0066;STORE_05;CASH-01;2026-08-06 20:47:39;SKU-009;4;25000;0;CASH
REC-20260806-STORE_05-0066;STORE_05;CASH-07;2026-08-06 20:47:39;SKU-001;1;45000;500;CARD
REC-20260806-STORE_05-0066;STORE_05;CASH-07;2026-08-06 20:47:39;SKU-002;2;12000;0;CARD
REC-20260806-STORE_05-0067;STORE_05;CASH-04;2026-08-06 17:07:43;SKU-002;4;12000;0;CARD
REC-20260806-STORE_05-0067;STORE_05;CASH-02;2026-08-06 17:07:43;SKU-039;2;5000;500;CASH
REC-20260806-STORE_05-0067;STORE_05;CASH-10;2026-08-06 17:07:43;SKU-002;1;12000;500;CARD
REC-20260806-STORE_05-0067;STORE_05;CASH-02;2026-08-06 17:07:43;SKU-001;3;45000;0;CASH
REC-20260806-STORE_05-0067;STORE_05;CASH-03;2026-08-06 17:07:43;SKU-001;1;45000;500;CASH
REC-20260806-STORE_05-0068;STORE_05;CASH-09;2026-08-06 10:32:26;SKU-013;4;12000;0;CARD
REC-20260806-STORE_05-0068;STORE_05;CASH-08;2026-08-06 10:32:26;SKU-037;4;45000;500;CARD
REC-20260806-STORE_05-0068;STORE_05;CASH-10;2026-08-06 10:32:26;SKU-005;3;5000;1000;CARD
REC-20260806-STORE_05-0068;STORE_05;CASH-07;2026-08-06 10:32:26;SKU-002;4;12000;0;CASH
REC-20260806-STORE_05-0069;STORE_05;CASH-09;2026-08-06 15:24:58;SKU-001;1;45000;0;CARD
REC-20260806-STORE_05-0069;STORE_05;CASH-08;2026-08-06 15:24:58;SKU-009;1;25000;0;CASH
REC-20260806-STORE_05-0070;STORE_05;CASH-06;2026-08-06 14:21:45;SKU-005;3;5000;0;CARD
REC-20260806-STORE_05-0070;STORE_05;CASH-07;2026-08-06 14:21:45;SKU-001;2;45000;0;CARD
REC-20260806-STORE_05-0070;STORE_05;CASH-09;2026-08-06 14:21:45;SKU-002;3;12000;1000;CASH
REC-20260806-STORE_05-0070;STORE_05;CASH-05;2026-08-06 14:21:45;SKU-001;3;45000;500;CARD
REC-20260806-STORE_05-0070;STORE_05;CASH-03;2026-08-06 14:21:45;SKU-006;1;45000;0;CASH
REC-20260806-STORE_05-0071;STORE_05;CASH-04;2026-08-06 17:14:05;SKU-002;1;12000;0;CASH
REC-20260806-STORE_05-0071;STORE_05;CASH-03;2026-08-06 17:14:05;SKU-001;1;45000;0;CARD
REC-20260806-STORE_05-0071;STORE_05;CASH-02;2026-08-06 17:14:05;SKU-001;1;45000;0;CARD
REC-20260806-STORE_05-0072;STORE_05;CASH-06;2026-08-06 8:01:18;SKU-012;1;45000;500;CASH
REC-20260806-STORE_05-0072;STORE_05;CASH-01;2026-08-06 8:01:18;SKU-009;3;25000;0;CASH
REC-20260806-STORE_05-0072;STORE_05;CASH-09;2026-08-06 8:01:18;SKU-003;4;45000;1000;CARD
REC-20260806-STORE_05-0072;STORE_05;CASH-03;2026-08-06 8:01:18;SKU-009;4;25000;500;CARD
REC-20260806-STORE_05-0072;STORE_05;CASH-07;2026-08-06 8:01:18;SKU-004;2;25000;0;CASH
REC-20260806-STORE_05-0073;STORE_05;CASH-05;2026-08-06 10:54:39;SKU-001;3;45000;500;CARD
REC-20260806-STORE_05-0073;STORE_05;CASH-02;2026-08-06 10:54:39;SKU-001;3;45000;0;CASH
REC-20260806-STORE_05-0074;STORE_05;CASH-02;2026-08-06 15:20:35;SKU-020;2;12000;0;CASH
REC-20260806-STORE_05-0074;STORE_05;CASH-02;2026-08-06 15:20:35;SKU-002;1;12000;0;CASH
REC-20260806-STORE_05-0074;STORE_05;CASH-01;2026-08-06 15:20:35;SKU-012;1;45000;0;CARD
REC-20260806-STORE_05-0074;STORE_05;CASH-09;2026-08-06 15:20:35;SKU-031;2;45000;0;CARD
REC-20260806-STORE_05-0074;STORE_05;CASH-09;2026-08-06 15:20:35;SKU-010;3;25000;0;CARD
REC-20260806-STORE_05-0075;STORE_05;CASH-08;2026-08-06 16:55:00;SKU-010;1;25000;500;CASH
REC-20260806-STORE_05-0075;STORE_05;CASH-06;2026-08-06 16:55:00;SKU-004;1;25000;0;CARD
REC-20260806-STORE_05-0075;STORE_05;CASH-03;2026-08-06 16:55:00;SKU-004;2;25000;1000;CARD
REC-20260806-STORE_05-0075;STORE_05;CASH-01;2026-08-06 16:55:00;SKU-006;1;45000;1000;CASH
REC-20260806-STORE_05-0076;STORE_05;CASH-05;2026-08-06 17:28:03;SKU-001;2;45000;1000;CARD
REC-20260806-STORE_05-0076;STORE_05;CASH-04;2026-08-06 17:28:03;SKU-002;3;12000;0;CASH
REC-20260806-STORE_05-0076;STORE_05;CASH-06;2026-08-06 17:28:03;SKU-004;3;25000;0;CARD
REC-20260806-STORE_05-0076;STORE_05;CASH-04;2026-08-06 17:28:03;SKU-042;3;5000;0;CARD
REC-20260806-STORE_05-0077;STORE_05;CASH-02;2026-08-06 9:23:21;SKU-042;4;5000;1000;CARD
REC-20260806-STORE_05-0078;STORE_05;CASH-10;2026-08-06 15:55:02;SKU-001;2;45000;0;CASH
REC-20260806-STORE_05-0078;STORE_05;CASH-02;2026-08-06 15:55:02;SKU-004;4;25000;500;CASH
REC-20260806-STORE_05-0078;STORE_05;CASH-07;2026-08-06 15:55:02;SKU-001;4;45000;500;CARD
REC-20260806-STORE_05-0079;STORE_05;CASH-01;2026-08-06 19:07:10;SKU-025;4;5000;1000;CARD
REC-20260806-STORE_05-0079;STORE_05;CASH-05;2026-08-06 19:07:10;SKU-004;3;25000;0;CASH
REC-20260806-STORE_05-0080;STORE_05;CASH-10;2026-08-06 12:21:27;SKU-025;2;5000;1000;CARD
REC-20260806-STORE_05-0080;STORE_05;CASH-07;2026-08-06 12:21:27;SKU-027;1;5000;0;CASH
REC-20260806-STORE_05-0080;STORE_05;CASH-05;2026-08-06 12:21:27;SKU-003;2;45000;500;CASH
REC-20260806-STORE_05-0080;STORE_05;CASH-01;2026-08-06 12:21:27;SKU-017;3;12000;500;CASH
REC-20260806-STORE_05-0081;STORE_05;CASH-09;2026-08-06 12:08:27;SKU-002;1;12000;0;CARD
REC-20260806-STORE_05-0081;STORE_05;CASH-05;2026-08-06 12:08:27;SKU-033;3;5000;0;CARD
REC-20260806-STORE_05-0082;STORE_05;CASH-09;2026-08-06 19:04:47;SKU-002;3;12000;1000;CARD
REC-20260806-STORE_05-0082;STORE_05;CASH-08;2026-08-06 19:04:47;SKU-025;4;5000;1000;CASH
REC-20260806-STORE_05-0083;STORE_05;CASH-04;2026-08-06 14:55:14;SKU-005;4;5000;0;CASH
REC-20260806-STORE_05-0083;STORE_05;CASH-07;2026-08-06 14:55:14;SKU-001;2;45000;1000;CARD
REC-20260806-STORE_05-0083;STORE_05;CASH-07;2026-08-06 14:55:14;SKU-003;4;45000;0;CARD
REC-20260806-STORE_05-0084;STORE_05;CASH-03;2026-08-06 10:45:43;SKU-025;4;5000;0;CASH
REC-20260806-STORE_05-0084;STORE_05;CASH-09;2026-08-06 10:45:43;SKU-009;4;25000;0;CARD
REC-20260806-STORE_05-0085;STORE_05;CASH-10;2026-08-06 11:33:41;SKU-048;1;25000;500;CARD
REC-20260806-STORE_05-0086;STORE_05;CASH-10;2026-08-06 12:25:15;SKU-001;3;45000;1000;CASH
REC-20260806-STORE_05-0086;STORE_05;CASH-05;2026-08-06 12:25:15;SKU-003;2;45000;0;CASH
REC-20260806-STORE_05-0086;STORE_05;CASH-10;2026-08-06 12:25:15;SKU-004;3;25000;1000;CARD
REC-20260806-STORE_05-0086;STORE_05;CASH-10;2026-08-06 12:25:15;SKU-007;4;12000;0;CARD
REC-20260806-STORE_05-0087;STORE_05;CASH-04;2026-08-06 19:33:53;SKU-042;1;5000;500;CARD
REC-20260806-STORE_05-0088;STORE_05;CASH-04;2026-08-06 10:45:12;SKU-001;4;45000;0;CARD
REC-20260806-STORE_05-0089;STORE_05;CASH-04;2026-08-06 9:51:51;SKU-005;4;5000;0;CASH
REC-20260806-STORE_05-0089;STORE_05;CASH-01;2026-08-06 9:51:51;SKU-013;4;12000;500;CARD
REC-20260806-STORE_05-0089;STORE_05;CASH-08;2026-08-06 9:51:51;SKU-018;3;5000;0;CARD
REC-20260806-STORE_05-0089;STORE_05;CASH-04;2026-08-06 9:51:51;SKU-043;4;25000;0;CASH
REC-20260806-STORE_05-0090;STORE_05;CASH-09;2026-08-06 15:48:23;SKU-039;3;5000;0;CARD
REC-20260806-STORE_05-0091;STORE_05;CASH-07;2026-08-06 20:37:02;SKU-047;2;5000;1000;CASH
REC-20260806-STORE_05-0091;STORE_05;CASH-09;2026-08-06 20:37:02;SKU-003;4;45000;0;CARD
REC-20260806-STORE_05-0091;STORE_05;CASH-10;2026-08-06 20:37:02;SKU-001;2;45000;0;CASH
REC-20260806-STORE_05-0091;STORE_05;CASH-06;2026-08-06 20:37:02;SKU-016;3;25000;0;CARD
REC-20260806-STORE_05-0092;STORE_05;CASH-02;2026-08-06 13:21:04;SKU-001;3;45000;0;CARD
REC-20260806-STORE_05-0092;STORE_05;CASH-05;2026-08-06 13:21:04;SKU-001;2;45000;0;CASH
REC-20260806-STORE_05-0093;STORE_05;CASH-05;2026-08-06 9:24:14;SKU-001;2;45000;0;CARD
REC-20260806-STORE_05-0093;STORE_05;CASH-04;2026-08-06 9:24:14;SKU-005;3;5000;1000;CARD
REC-20260806-STORE_05-0093;STORE_05;CASH-03;2026-08-06 9:24:14;SKU-005;3;5000;0;CASH
REC-20260806-STORE_05-0094;STORE_05;CASH-09;2026-08-06 8:56:49;SKU-031;1;45000;0;CARD
REC-20260806-STORE_05-0094;STORE_05;CASH-03;2026-08-06 8:56:49;SKU-004;2;25000;0;CARD
REC-20260806-STORE_05-0095;STORE_05;CASH-01;2026-08-06 15:06:13;SKU-011;1;5000;0;CASH
REC-20260806-STORE_05-0095;STORE_05;CASH-07;2026-08-06 15:06:13;SKU-020;3;12000;0;CARD
REC-20260806-STORE_05-0095;STORE_05;CASH-06;2026-08-06 15:06:13;SKU-001;1;45000;0;CARD
REC-20260806-STORE_05-0095;STORE_05;CASH-08;2026-08-06 15:06:13;SKU-017;3;12000;0;CASH
REC-20260806-STORE_05-0095;STORE_05;CASH-09;2026-08-06 15:06:13;SKU-016;1;25000;1000;CARD
REC-20260806-STORE_05-0096;STORE_05;CASH-02;2026-08-06 13:56:15;SKU-005;2;5000;1000;CARD
REC-20260806-STORE_05-0097;STORE_05;CASH-07;2026-08-06 18:38:20;SKU-044;4;5000;0;CARD
REC-20260806-STORE_05-0097;STORE_05;CASH-04;2026-08-06 18:38:20;SKU-011;3;5000;0;CASH
REC-20260806-STORE_05-0097;STORE_05;CASH-08;2026-08-06 18:38:20;SKU-002;4;12000;500;CARD
REC-20260806-STORE_05-0097;STORE_05;CASH-06;2026-08-06 18:38:20;SKU-004;4;25000;1000;CASH
REC-20260806-STORE_05-0098;STORE_05;CASH-02;2026-08-06 17:53:43;SKU-001;1;45000;0;CARD
REC-20260806-STORE_05-0098;STORE_05;CASH-02;2026-08-06 17:53:43;SKU-014;1;5000;0;CARD
REC-20260806-STORE_05-0099;STORE_05;CASH-03;2026-08-06 13:47:19;SKU-040;4;25000;500;CARD
REC-20260806-STORE_05-0099;STORE_05;CASH-03;2026-08-06 13:47:19;SKU-040;2;25000;0;CASH
REC-20260806-STORE_05-0099;STORE_05;CASH-09;2026-08-06 13:47:19;SKU-007;1;12000;0;CARD
REC-20260806-STORE_05-0100;STORE_05;CASH-03;2026-08-06 13:05:29;SKU-045;4;45000;0;CASH
REC-20260806-STORE_05-0101;STORE_05;CASH-09;2026-08-06 15:00:00;SKU-001;2;45000;0;CARD
REC-20260806-STORE_05-0101;STORE_05;CASH-05;2026-08-06 15:00:00;SKU-005;4;5000;1000;CARD
REC-20260806-STORE_05-0101;STORE_05;CASH-09;2026-08-06 15:00:00;SKU-001;4;45000;1000;CARD
REC-20260806-STORE_05-0102;STORE_05;CASH-07;2026-08-06 11:57:19;SKU-010;2;25000;500;CARD
REC-20260806-STORE_05-0102;STORE_05;CASH-10;2026-08-06 11:57:19;SKU-009;3;25000;1000;CARD
REC-20260806-STORE_05-0102;STORE_05;CASH-06;2026-08-06 11:57:19;SKU-005;1;5000;0;CARD
REC-20260806-STORE_05-0103;STORE_05;CASH-05;2026-08-06 16:50:24;SKU-007;2;12000;0;CARD
REC-20260806-STORE_05-0103;STORE_05;CASH-02;2026-08-06 16:50:24;SKU-001;4;45000;0;CARD
REC-20260806-STORE_05-0103;STORE_05;CASH-03;2026-08-06 16:50:24;SKU-001;1;45000;1000;CASH
REC-20260806-STORE_05-0103;STORE_05;CASH-07;2026-08-06 16:50:24;SKU-001;3;45000;0;CASH
REC-20260806-STORE_05-0104;STORE_05;CASH-06;2026-08-06 17:30:34;SKU-010;1;25000;0;CASH
REC-20260806-STORE_05-0104;STORE_05;CASH-10;2026-08-06 17:30:34;SKU-048;3;25000;1000;CARD
REC-20260806-STORE_05-0104;STORE_05;CASH-01;2026-08-06 17:30:34;SKU-005;1;5000;0;CARD
REC-20260806-STORE_05-0104;STORE_05;CASH-04;2026-08-06 17:30:34;SKU-020;3;12000;0;CARD
REC-20260806-STORE_05-0105;STORE_05;CASH-07;2026-08-06 12:34:15;SKU-032;4;25000;1000;CARD
REC-20260806-STORE_05-0105;STORE_05;CASH-03;2026-08-06 12:34:15;SKU-006;4;45000;0;CARD
REC-20260806-STORE_05-0105;STORE_05;CASH-02;2026-08-06 12:34:15;SKU-013;3;12000;500;CARD
REC-20260806-STORE_05-0105;STORE_05;CASH-06;2026-08-06 12:34:15;SKU-001;3;45000;500;CARD
REC-20260806-STORE_05-0106;STORE_05;CASH-02;2026-08-06 13:55:25;SKU-001;1;45000;0;CARD
REC-20260806-STORE_05-0106;STORE_05;CASH-04;2026-08-06 13:55:25;SKU-003;4;45000;1000;CARD
REC-20260806-STORE_05-0106;STORE_05;CASH-08;2026-08-06 13:55:25;SKU-001;3;45000;0;CARD
REC-20260806-STORE_05-0107;STORE_05;CASH-03;2026-08-06 17:49:37;SKU-001;2;45000;0;CARD
REC-20260806-STORE_05-0107;STORE_05;CASH-09;2026-08-06 17:49:37;SKU-001;3;45000;1000;CARD
REC-20260806-STORE_05-0107;STORE_05;CASH-05;2026-08-06 17:49:37;SKU-019;4;25000;0;CARD
REC-20260806-STORE_05-0108;STORE_05;CASH-08;2026-08-06 18:50:35;SKU-004;4;25000;0;CARD
REC-20260806-STORE_05-0108;STORE_05;CASH-05;2026-08-06 18:50:35;SKU-034;2;25000;0;CARD
REC-20260806-STORE_05-0108;STORE_05;CASH-03;2026-08-06 18:50:35;SKU-007;1;12000;0;CARD
REC-20260806-STORE_05-0108;STORE_05;CASH-09;2026-08-06 18:50:35;SKU-003;3;45000;0;CASH
REC-20260806-STORE_05-0109;STORE_05;CASH-04;2026-08-06 14:09:46;SKU-003;1;45000;0;CARD
REC-20260806-STORE_05-0109;STORE_05;CASH-07;2026-08-06 14:09:46;SKU-035;3;5000;1000;CASH
REC-20260806-STORE_05-0109;STORE_05;CASH-04;2026-08-06 14:09:46;SKU-002;4;12000;0;CARD
REC-20260806-STORE_05-0109;STORE_05;CASH-06;2026-08-06 14:09:46;SKU-008;4;12000;500;CASH
REC-20260806-STORE_05-0110;STORE_05;CASH-02;2026-08-06 11:24:01;SKU-003;4;45000;0;CASH
REC-20260806-STORE_05-0110;STORE_05;CASH-01;2026-08-06 11:24:01;SKU-007;2;12000;500;CARD
REC-20260806-STORE_05-0110;STORE_05;CASH-06;2026-08-06 11:24:01;SKU-001;2;45000;0;CASH
REC-20260806-STORE_05-0111;STORE_05;CASH-03;2026-08-06 19:09:28;SKU-003;4;45000;0;CARD
REC-20260806-STORE_05-0111;STORE_05;CASH-07;2026-08-06 19:09:28;SKU-001;4;45000;0;CASH
REC-20260806-STORE_05-0112;STORE_05;CASH-05;2026-08-06 20:18:25;SKU-008;3;12000;0;CARD
REC-20260806-STORE_05-0112;STORE_05;CASH-04;2026-08-06 20:18:25;SKU-020;4;12000;500;CASH
REC-20260806-STORE_05-0112;STORE_05;CASH-10;2026-08-06 20:18:25;SKU-015;3;5000;0;CASH
REC-20260806-STORE_05-0112;STORE_05;CASH-01;2026-08-06 20:18:25;SKU-019;2;25000;0;CARD
REC-20260806-STORE_05-0113;STORE_05;CASH-08;2026-08-06 13:36:56;SKU-005;2;5000;0;CARD
REC-20260806-STORE_05-0113;STORE_05;CASH-09;2026-08-06 13:36:56;SKU-004;4;25000;1000;CARD
REC-20260806-STORE_05-0113;STORE_05;CASH-08;2026-08-06 13:36:56;SKU-047;2;5000;0;CARD
REC-20260806-STORE_05-0113;STORE_05;CASH-03;2026-08-06 13:36:56;SKU-012;4;45000;0;CARD
REC-20260806-STORE_05-0113;STORE_05;CASH-07;2026-08-06 13:36:56;SKU-001;4;45000;0;CARD
REC-20260806-STORE_05-0114;STORE_05;CASH-08;2026-08-06 17:19:03;SKU-010;4;25000;0;CARD
REC-20260806-STORE_05-0114;STORE_05;CASH-04;2026-08-06 17:19:03;SKU-046;1;25000;0;CARD
REC-20260806-STORE_05-0114;STORE_05;CASH-10;2026-08-06 17:19:03;SKU-014;2;5000;0;CARD
REC-20260806-STORE_05-0115;STORE_05;CASH-10;2026-08-06 13:52:58;SKU-010;1;25000;0;CARD
REC-20260806-STORE_05-0115;STORE_05;CASH-02;2026-08-06 13:52:58;SKU-005;3;5000;1000;CARD
REC-20260806-STORE_05-0115;STORE_05;CASH-06;2026-08-06 13:52:58;SKU-004;3;25000;0;CARD
REC-20260806-STORE_05-0116;STORE_05;CASH-09;2026-08-06 16:48:46;SKU-002;2;12000;0;CASH
REC-20260806-STORE_05-0116;STORE_05;CASH-07;2026-08-06 16:48:46;SKU-003;4;45000;0;CARD
REC-20260806-STORE_05-0116;STORE_05;CASH-03;2026-08-06 16:48:46;SKU-001;4;45000;500;CARD
REC-20260806-STORE_05-0116;STORE_05;CASH-04;2026-08-06 16:48:46;SKU-001;1;45000;500;CARD
REC-20260806-STORE_05-0116;STORE_05;CASH-09;2026-08-06 16:48:46;SKU-001;2;45000;0;CARD
REC-20260806-STORE_05-0117;STORE_05;CASH-01;2026-08-06 14:05:34;SKU-017;1;12000;0;CARD
REC-20260806-STORE_05-0117;STORE_05;CASH-07;2026-08-06 14:05:34;SKU-004;4;25000;500;CASH
REC-20260806-STORE_05-0118;STORE_05;CASH-06;2026-08-06 8:14:41;SKU-019;4;25000;0;CASH
REC-20260806-STORE_05-0118;STORE_05;CASH-07;2026-08-06 8:14:41;SKU-027;4;5000;500;CARD
REC-20260806-STORE_05-0118;STORE_05;CASH-02;2026-08-06 8:14:41;SKU-003;4;45000;500;CARD
REC-20260806-STORE_05-0119;STORE_05;CASH-08;2026-08-06 18:38:41;SKU-036;3;45000;0;CASH
REC-20260806-STORE_05-0119;STORE_05;CASH-02;2026-08-06 18:38:41;SKU-021;4;5000;0;CARD
REC-20260806-STORE_05-0120;STORE_05;CASH-08;2026-08-06 16:13:51;SKU-002;4;12000;1000;CARD
REC-20260806-STORE_05-0120;STORE_05;CASH-07;2026-08-06 16:13:51;SKU-002;1;12000;0;CASH
REC-20260806-STORE_05-0120;STORE_05;CASH-05;2026-08-06 16:13:51;SKU-002;4;12000;0;CARD
REC-20260806-STORE_05-0121;STORE_05;CASH-03;2026-08-06 8:32:45;SKU-006;4;45000;0;CARD
REC-20260806-STORE_05-0121;STORE_05;CASH-06;2026-08-06 8:32:45;SKU-008;3;12000;1000;CARD
REC-20260806-STORE_05-0121;STORE_05;CASH-08;2026-08-06 8:32:45;SKU-004;4;25000;0;CARD
REC-20260806-STORE_05-0122;STORE_05;CASH-08;2026-08-06 12:11:20;SKU-004;3;25000;500;CARD
REC-20260806-STORE_05-0123;STORE_05;CASH-02;2026-08-06 20:43:22;SKU-005;1;5000;500;CASH
REC-20260806-STORE_05-0123;STORE_05;CASH-04;2026-08-06 20:43:22;SKU-007;3;12000;500;CARD
REC-20260806-STORE_05-0123;STORE_05;CASH-07;2026-08-06 20:43:22;SKU-006;3;45000;0;CASH
REC-20260806-STORE_05-0123;STORE_05;CASH-08;2026-08-06 20:43:22;SKU-002;4;12000;0;CARD
REC-20260806-STORE_05-0123;STORE_05;CASH-05;2026-08-06 20:43:22;SKU-001;1;45000;500;CARD
REC-20260806-STORE_05-0124;STORE_05;CASH-01;2026-08-06 11:25:30;SKU-005;3;5000;1000;CARD
REC-20260806-STORE_05-0124;STORE_05;CASH-07;2026-08-06 11:25:30;SKU-001;4;45000;0;CARD
REC-20260806-STORE_05-0124;STORE_05;CASH-08;2026-08-06 11:25:30;SKU-005;2;5000;0;CARD
REC-20260806-STORE_05-0124;STORE_05;CASH-10;2026-08-06 11:25:30;SKU-010;4;25000;0;CASH
REC-20260806-STORE_05-0124;STORE_05;CASH-04;2026-08-06 11:25:30;SKU-001;4;45000;0;CARD
REC-20260806-STORE_05-0125;STORE_05;CASH-01;2026-08-06 11:30:04;SKU-004;1;25000;0;CARD
REC-20260806-STORE_05-0125;STORE_05;CASH-09;2026-08-06 11:30:04;SKU-002;4;12000;0;CASH
REC-20260806-STORE_05-0125;STORE_05;CASH-09;2026-08-06 11:30:04;SKU-012;2;45000;0;CARD
REC-20260806-STORE_05-0125;STORE_05;CASH-08;2026-08-06 11:30:04;SKU-008;2;12000;1000;CARD
REC-20260806-STORE_05-0125;STORE_05;CASH-05;2026-08-06 11:30:04;SKU-001;1;45000;1000;CARD
REC-20260806-STORE_05-0126;STORE_05;CASH-06;2026-08-06 15:56:13;SKU-006;4;45000;0;CARD
REC-20260806-STORE_05-0126;STORE_05;CASH-08;2026-08-06 15:56:13;SKU-001;4;45000;0;CASH
REC-20260806-STORE_05-0126;STORE_05;CASH-01;2026-08-06 15:56:13;SKU-002;1;12000;0;CARD
REC-20260806-STORE_05-0127;STORE_05;CASH-03;2026-08-06 11:03:15;SKU-008;2;12000;0;CASH
REC-20260806-STORE_05-0127;STORE_05;CASH-02;2026-08-06 11:03:15;SKU-011;2;5000;1000;CASH
REC-20260806-STORE_05-0128;STORE_05;CASH-09;2026-08-06 14:16:49;SKU-001;1;45000;0;CARD
REC-20260806-STORE_05-0128;STORE_05;CASH-02;2026-08-06 14:16:49;SKU-050;3;25000;0;CARD
REC-20260806-STORE_05-0128;STORE_05;CASH-10;2026-08-06 14:16:49;SKU-017;1;12000;500;CARD
REC-20260806-STORE_05-0128;STORE_05;CASH-06;2026-08-06 14:16:49;SKU-002;4;12000;0;CARD
REC-20260806-STORE_05-0128;STORE_05;CASH-09;2026-08-06 14:16:49;SKU-006;4;45000;0;CARD
REC-20260806-STORE_05-0129;STORE_05;CASH-09;2026-08-06 13:26:13;SKU-001;2;45000;0;CARD
REC-20260806-STORE_05-0129;STORE_05;CASH-10;2026-08-06 13:26:13;SKU-001;2;45000;0;CARD
REC-20260806-STORE_05-0129;STORE_05;CASH-04;2026-08-06 13:26:13;SKU-001;4;45000;0;CASH
REC-20260806-STORE_05-0129;STORE_05;CASH-07;2026-08-06 13:26:13;SKU-003;4;45000;1000;CARD
REC-20260806-STORE_05-0129;STORE_05;CASH-09;2026-08-06 13:26:13;SKU-035;4;5000;0;CARD
REC-20260806-STORE_05-0130;STORE_05;CASH-10;2026-08-06 8:04:13;SKU-013;3;12000;500;CARD
REC-20260806-STORE_05-0131;STORE_05;CASH-06;2026-08-06 10:08:52;SKU-020;4;12000;1000;CASH
REC-20260806-STORE_05-0131;STORE_05;CASH-08;2026-08-06 10:08:52;SKU-002;1;12000;0;CARD
REC-20260806-STORE_05-0131;STORE_05;CASH-10;2026-08-06 10:08:52;SKU-001;1;45000;0;CARD
REC-20260806-STORE_05-0132;STORE_05;CASH-06;2026-08-06 19:48:38;SKU-043;4;25000;0;CARD
REC-20260806-STORE_05-0132;STORE_05;CASH-10;2026-08-06 19:48:38;SKU-013;4;12000;0;CARD
REC-20260806-STORE_05-0132;STORE_05;CASH-10;2026-08-06 19:48:38;SKU-004;4;25000;0;CASH
REC-20260806-STORE_05-0133;STORE_05;CASH-10;2026-08-06 8:19:24;SKU-002;4;12000;1000;CARD
REC-20260806-STORE_05-0133;STORE_05;CASH-10;2026-08-06 8:19:24;SKU-007;4;12000;0;CARD
REC-20260806-STORE_05-0133;STORE_05;CASH-08;2026-08-06 8:19:24;SKU-008;2;12000;1000;CASH
REC-20260806-STORE_05-0133;STORE_05;CASH-04;2026-08-06 8:19:24;SKU-010;4;25000;500;CASH
REC-20260806-STORE_05-0134;STORE_05;CASH-06;2026-08-06 12:16:55;SKU-017;1;12000;0;CARD
REC-20260806-STORE_05-0134;STORE_05;CASH-04;2026-08-06 12:16:55;SKU-003;3;45000;500;CARD
REC-20260806-STORE_05-0134;STORE_05;CASH-10;2026-08-06 12:16:55;SKU-036;3;45000;0;CASH
REC-20260806-STORE_05-0135;STORE_05;CASH-10;2026-08-06 14:17:04;SKU-001;4;45000;0;CARD
REC-20260806-STORE_05-0135;STORE_05;CASH-07;2026-08-06 14:17:04;SKU-001;4;45000;0;CARD
REC-20260806-STORE_05-0135;STORE_05;CASH-05;2026-08-06 14:17:04;SKU-006;4;45000;0;CARD
REC-20260806-STORE_05-0135;STORE_05;CASH-01;2026-08-06 14:17:04;SKU-008;3;12000;0;CARD
REC-20260806-STORE_05-0135;STORE_05;CASH-04;2026-08-06 14:17:04;SKU-007;1;12000;0;CASH
REC-20260806-STORE_05-0136;STORE_05;CASH-07;2026-08-06 16:47:35;SKU-001;2;45000;500;CASH
REC-20260806-STORE_05-0136;STORE_05;CASH-02;2026-08-06 16:47:35;SKU-014;3;5000;0;CASH
REC-20260806-STORE_05-0136;STORE_05;CASH-08;2026-08-06 16:47:35;SKU-013;3;12000;0;CARD
REC-20260806-STORE_05-0136;STORE_05;CASH-03;2026-08-06 16:47:35;SKU-003;4;45000;0;CARD
REC-20260806-STORE_05-0136;STORE_05;CASH-10;2026-08-06 16:47:35;SKU-001;4;45000;0;CARD
REC-20260806-STORE_05-0137;STORE_05;CASH-09;2026-08-06 14:59:20;SKU-023;1;45000;500;CARD
REC-20260806-STORE_05-0138;STORE_05;CASH-09;2026-08-06 16:07:50;SKU-001;1;45000;500;CARD
REC-20260806-STORE_05-0138;STORE_05;CASH-02;2026-08-06 16:07:50;SKU-017;2;12000;0;CARD
REC-20260806-STORE_05-0138;STORE_05;CASH-06;2026-08-06 16:07:50;SKU-023;2;45000;0;CARD
REC-20260806-STORE_05-0138;STORE_05;CASH-08;2026-08-06 16:07:50;SKU-015;4;5000;500;CASH
REC-20260806-STORE_05-0138;STORE_05;CASH-08;2026-08-06 16:07:50;SKU-012;2;45000;500;CASH
REC-20260806-STORE_05-0139;STORE_05;CASH-03;2026-08-06 11:05:37;SKU-001;3;45000;0;CARD
REC-20260806-STORE_05-0139;STORE_05;CASH-04;2026-08-06 11:05:37;SKU-001;1;45000;0;CARD
REC-20260806-STORE_05-0139;STORE_05;CASH-04;2026-08-06 11:05:37;SKU-017;2;12000;0;CARD
REC-20260806-STORE_05-0139;STORE_05;CASH-06;2026-08-06 11:05:37;SKU-001;2;45000;500;CARD
REC-20260806-STORE_05-0139;STORE_05;CASH-06;2026-08-06 11:05:37;SKU-006;1;45000;500;CARD
REC-20260806-STORE_05-0140;STORE_05;CASH-01;2026-08-06 19:21:48;SKU-024;3;12000;0;CARD
REC-20260806-STORE_05-0140;STORE_05;CASH-08;2026-08-06 19:21:48;SKU-001;1;45000;1000;CASH
REC-20260806-STORE_05-0141;STORE_05;CASH-02;2026-08-06 21:04:49;SKU-001;4;45000;0;CARD
REC-20260806-STORE_05-0141;STORE_05;CASH-03;2026-08-06 21:04:49;SKU-019;2;25000;500;CARD
REC-20260806-STORE_05-0141;STORE_05;CASH-09;2026-08-06 21:04:49;SKU-002;4;12000;0;CASH
REC-20260806-STORE_05-0142;STORE_05;CASH-04;2026-08-06 14:54:54;SKU-016;2;25000;0;CARD
REC-20260806-STORE_05-0142;STORE_05;CASH-02;2026-08-06 14:54:54;SKU-014;4;5000;0;CASH
REC-20260806-STORE_05-0143;STORE_05;CASH-02;2026-08-06 9:22:18;SKU-018;4;5000;500;CARD
REC-20260806-STORE_05-0143;STORE_05;CASH-02;2026-08-06 9:22:18;SKU-005;1;5000;500;CASH
REC-20260806-STORE_05-0143;STORE_05;CASH-05;2026-08-06 9:22:18;SKU-008;2;12000;500;CASH
REC-20260806-STORE_05-0144;STORE_05;CASH-01;2026-08-06 14:48:26;SKU-048;3;25000;0;CARD
REC-20260806-STORE_05-0145;STORE_05;CASH-06;2026-08-06 10:01:38;SKU-005;2;5000;0;CARD
REC-20260806-STORE_05-0145;STORE_05;CASH-07;2026-08-06 10:01:38;SKU-003;1;45000;1000;CARD
REC-20260806-STORE_05-0145;STORE_05;CASH-03;2026-08-06 10:01:38;SKU-001;3;45000;0;CARD
REC-20260806-STORE_05-0146;STORE_05;CASH-06;2026-08-06 16:18:05;SKU-002;2;12000;1000;CARD
REC-20260806-STORE_05-0147;STORE_05;CASH-01;2026-08-06 16:11:02;SKU-002;2;12000;1000;CARD
REC-20260806-STORE_05-0147;STORE_05;CASH-08;2026-08-06 16:11:02;SKU-047;3;5000;1000;CASH
REC-20260806-STORE_05-0147;STORE_05;CASH-10;2026-08-06 16:11:02;SKU-003;3;45000;500;CARD
REC-20260806-STORE_05-0147;STORE_05;CASH-01;2026-08-06 16:11:02;SKU-002;1;12000;0;CARD
REC-20260806-STORE_05-0148;STORE_05;CASH-02;2026-08-06 20:37:55;SKU-011;3;5000;1000;CARD
REC-20260806-STORE_05-0148;STORE_05;CASH-04;2026-08-06 20:37:55;SKU-018;2;5000;1000;CARD
REC-20260806-STORE_05-0149;STORE_05;CASH-06;2026-08-06 17:27:45;SKU-040;3;25000;0;CASH
REC-20260806-STORE_05-0149;STORE_05;CASH-03;2026-08-06 17:27:45;SKU-001;2;45000;0;CASH
REC-20260806-STORE_05-0149;STORE_05;CASH-08;2026-08-06 17:27:45;SKU-024;4;12000;0;CARD
REC-20260806-STORE_05-0149;STORE_05;CASH-08;2026-08-06 17:27:45;SKU-001;4;45000;0;CARD
REC-20260806-STORE_05-0149;STORE_05;CASH-10;2026-08-06 17:27:45;SKU-021;4;5000;0;CASH
REC-20260806-STORE_05-0150;STORE_05;CASH-07;2026-08-06 15:17:10;SKU-004;1;25000;0;CARD
REC-20260806-STORE_05-0150;STORE_05;CASH-09;2026-08-06 15:17:10;SKU-003;1;45000;500;CARD
REC-20260806-STORE_05-0151;STORE_05;CASH-03;2026-08-06 19:28:52;SKU-031;1;45000;0;CARD
REC-20260806-STORE_05-0151;STORE_05;CASH-07;2026-08-06 19:28:52;SKU-033;2;5000;0;CARD
REC-20260806-STORE_05-0152;STORE_05;CASH-04;2026-08-06 11:05:15;SKU-004;1;25000;0;CARD
REC-20260806-STORE_05-0152;STORE_05;CASH-02;2026-08-06 11:05:15;SKU-024;2;12000;0;CARD
REC-20260806-STORE_05-0152;STORE_05;CASH-10;2026-08-06 11:05:15;SKU-007;3;12000;0;CARD
REC-20260806-STORE_05-0153;STORE_05;CASH-03;2026-08-06 17:09:02;SKU-002;3;12000;500;CARD
REC-20260806-STORE_05-0154;STORE_05;CASH-08;2026-08-06 11:38:35;SKU-030;2;45000;1000;CARD
REC-20260806-STORE_05-0154;STORE_05;CASH-08;2026-08-06 11:38:35;SKU-001;4;45000;0;CARD
REC-20260806-STORE_05-0155;STORE_05;CASH-04;2026-08-06 9:11:07;SKU-001;1;45000;0;CASH
REC-20260806-STORE_05-0155;STORE_05;CASH-06;2026-08-06 9:11:07;SKU-033;3;5000;500;CARD
REC-20260806-STORE_05-0155;STORE_05;CASH-06;2026-08-06 9:11:07;SKU-048;3;25000;0;CASH
REC-20260806-STORE_05-0155;STORE_05;CASH-04;2026-08-06 9:11:07;SKU-001;4;45000;1000;CASH
REC-20260806-STORE_05-0156;STORE_05;CASH-05;2026-08-06 18:59:19;SKU-001;1;45000;1000;CARD
REC-20260806-STORE_05-0156;STORE_05;CASH-05;2026-08-06 18:59:19;SKU-005;4;5000;0;CASH
REC-20260806-STORE_05-0156;STORE_05;CASH-08;2026-08-06 18:59:19;SKU-001;4;45000;0;CASH
REC-20260806-STORE_05-0156;STORE_05;CASH-06;2026-08-06 18:59:19;SKU-003;1;45000;1000;CARD
REC-20260806-STORE_05-0156;STORE_05;CASH-03;2026-08-06 18:59:19;SKU-002;4;12000;0;CARD
REC-20260806-STORE_05-0157;STORE_05;CASH-10;2026-08-06 9:30:08;SKU-018;3;5000;0;CARD
REC-20260806-STORE_05-0157;STORE_05;CASH-10;2026-08-06 9:30:08;SKU-038;1;12000;0;CARD
REC-20260806-STORE_05-0157;STORE_05;CASH-01;2026-08-06 9:30:08;SKU-010;2;25000;0;CARD
REC-20260806-STORE_05-0157;STORE_05;CASH-03;2026-08-06 9:30:08;SKU-009;3;25000;0;CARD
REC-20260806-STORE_05-0158;STORE_05;CASH-09;2026-08-06 20:06:57;SKU-023;3;45000;500;CASH
REC-20260806-STORE_05-0158;STORE_05;CASH-10;2026-08-06 20:06:57;SKU-044;1;5000;0;CARD
REC-20260806-STORE_05-0158;STORE_05;CASH-04;2026-08-06 20:06:57;SKU-026;4;12000;0;CARD
REC-20260806-STORE_05-0158;STORE_05;CASH-02;2026-08-06 20:06:57;SKU-017;1;12000;0;CARD
REC-20260806-STORE_05-0159;STORE_05;CASH-04;2026-08-06 17:45:25;SKU-029;1;5000;1000;CARD
REC-20260806-STORE_05-0159;STORE_05;CASH-10;2026-08-06 17:45:25;SKU-001;2;45000;500;CASH
REC-20260806-STORE_05-0159;STORE_05;CASH-02;2026-08-06 17:45:25;SKU-018;2;5000;0;CARD
REC-20260806-STORE_05-0159;STORE_05;CASH-03;2026-08-06 17:45:25;SKU-016;1;25000;0;CARD
REC-20260806-STORE_05-0159;STORE_05;CASH-03;2026-08-06 17:45:25;SKU-009;1;25000;500;CARD
REC-20260806-STORE_05-0160;STORE_05;CASH-01;2026-08-06 12:57:16;SKU-035;4;5000;0;CARD
REC-20260806-STORE_05-0160;STORE_05;CASH-05;2026-08-06 12:57:16;SKU-001;2;45000;0;CARD
REC-20260806-STORE_05-0161;STORE_05;CASH-02;2026-08-06 9:13:29;SKU-023;3;45000;0;CARD
REC-20260806-STORE_05-0161;STORE_05;CASH-10;2026-08-06 9:13:29;SKU-037;1;45000;1000;CARD
REC-20260806-STORE_05-0161;STORE_05;CASH-04;2026-08-06 9:13:29;SKU-001;1;45000;0;CASH
REC-20260806-STORE_05-0161;STORE_05;CASH-06;2026-08-06 9:13:29;SKU-035;3;5000;1000;CARD
REC-20260806-STORE_05-0162;STORE_05;CASH-03;2026-08-06 21:32:41;SKU-001;3;45000;0;CASH
REC-20260806-STORE_05-0162;STORE_05;CASH-09;2026-08-06 21:32:41;SKU-042;1;5000;0;CASH
REC-20260806-STORE_05-0162;STORE_05;CASH-03;2026-08-06 21:32:41;SKU-004;3;25000;1000;CARD
REC-20260806-STORE_05-0162;STORE_05;CASH-07;2026-08-06 21:32:41;SKU-001;1;45000;0;CARD
REC-20260806-STORE_05-0162;STORE_05;CASH-07;2026-08-06 21:32:41;SKU-001;4;45000;0;CARD
REC-20260806-STORE_05-0163;STORE_05;CASH-02;2026-08-06 19:24:15;SKU-002;1;12000;500;CARD
REC-20260806-STORE_05-0163;STORE_05;CASH-02;2026-08-06 19:24:15;SKU-024;1;12000;0;CARD
REC-20260806-STORE_05-0163;STORE_05;CASH-09;2026-08-06 19:24:15;SKU-037;1;45000;0;CARD
REC-20260806-STORE_05-0164;STORE_05;CASH-02;2026-08-06 10:22:09;SKU-001;2;45000;0;CARD
REC-20260806-STORE_05-0164;STORE_05;CASH-05;2026-08-06 10:22:09;SKU-002;3;12000;500;CARD
REC-20260806-STORE_05-0164;STORE_05;CASH-03;2026-08-06 10:22:09;SKU-016;3;25000;500;CARD
REC-20260806-STORE_05-0165;STORE_05;CASH-03;2026-08-06 10:11:56;SKU-015;4;5000;1000;CARD
REC-20260806-STORE_05-0165;STORE_05;CASH-07;2026-08-06 10:11:56;SKU-001;4;45000;0;CARD
REC-20260806-STORE_05-0166;STORE_05;CASH-09;2026-08-06 18:17:42;SKU-007;3;12000;1000;CASH
REC-20260806-STORE_05-0167;STORE_05;CASH-10;2026-08-06 12:18:37;SKU-028;1;5000;0;CARD
REC-20260806-STORE_05-0167;STORE_05;CASH-08;2026-08-06 12:18:37;SKU-008;4;12000;0;CASH
REC-20260806-STORE_05-0167;STORE_05;CASH-08;2026-08-06 12:18:37;SKU-001;3;45000;500;CARD
REC-20260806-STORE_05-0167;STORE_05;CASH-07;2026-08-06 12:18:37;SKU-008;4;12000;500;CARD
REC-20260806-STORE_05-0168;STORE_05;CASH-10;2026-08-06 17:49:19;SKU-003;4;45000;500;CARD
REC-20260806-STORE_05-0168;STORE_05;CASH-06;2026-08-06 17:49:19;SKU-020;4;12000;0;CARD
REC-20260806-STORE_05-0169;STORE_05;CASH-08;2026-08-06 10:37:09;SKU-001;1;45000;1000;CARD
REC-20260806-STORE_05-0169;STORE_05;CASH-03;2026-08-06 10:37:09;SKU-029;1;5000;0;CARD
REC-20260806-STORE_05-0169;STORE_05;CASH-03;2026-08-06 10:37:09;SKU-007;3;12000;0;CARD
REC-20260806-STORE_05-0170;STORE_05;CASH-01;2026-08-06 18:30:53;SKU-002;4;12000;500;CASH
REC-20260806-STORE_05-0171;STORE_05;CASH-03;2026-08-06 19:51:23;SKU-004;1;25000;0;CARD
REC-20260806-STORE_05-0171;STORE_05;CASH-07;2026-08-06 19:51:23;SKU-046;4;25000;0;CARD
REC-20260806-STORE_05-0172;STORE_05;CASH-01;2026-08-06 12:12:43;SKU-008;1;12000;500;CARD
REC-20260806-STORE_05-0172;STORE_05;CASH-09;2026-08-06 12:12:43;SKU-021;3;5000;0;CASH
REC-20260806-STORE_05-0172;STORE_05;CASH-05;2026-08-06 12:12:43;SKU-014;4;5000;0;CASH
REC-20260806-STORE_05-0173;STORE_05;CASH-03;2026-08-06 10:10:23;SKU-021;1;5000;0;CARD
REC-20260806-STORE_05-0173;STORE_05;CASH-02;2026-08-06 10:10:23;SKU-031;1;45000;500;CASH
REC-20260806-STORE_05-0173;STORE_05;CASH-10;2026-08-06 10:10:23;SKU-004;1;25000;500;CASH
REC-20260806-STORE_05-0173;STORE_05;CASH-09;2026-08-06 10:10:23;SKU-001;3;45000;0;CASH
REC-20260806-STORE_05-0173;STORE_05;CASH-05;2026-08-06 10:10:23;SKU-001;1;45000;0;CARD
REC-20260806-STORE_05-0174;STORE_05;CASH-04;2026-08-06 13:01:55;SKU-002;4;12000;500;CARD
REC-20260806-STORE_05-0174;STORE_05;CASH-10;2026-08-06 13:01:55;SKU-001;4;45000;500;CARD
REC-20260806-STORE_05-0175;STORE_05;CASH-09;2026-08-06 11:31:51;SKU-004;1;25000;0;CARD
REC-20260806-STORE_05-0175;STORE_05;CASH-03;2026-08-06 11:31:51;SKU-047;4;5000;1000;CARD
REC-20260806-STORE_05-0175;STORE_05;CASH-07;2026-08-06 11:31:51;SKU-013;3;12000;0;CARD
REC-20260806-STORE_05-0176;STORE_05;CASH-04;2026-08-06 21:34:58;SKU-006;3;45000;0;CARD
REC-20260806-STORE_05-0177;STORE_05;CASH-10;2026-08-06 21:44:10;SKU-017;3;12000;0;CARD
REC-20260806-STORE_05-0177;STORE_05;CASH-04;2026-08-06 21:44:10;SKU-009;4;25000;500;CARD
REC-20260806-STORE_05-0177;STORE_05;CASH-06;2026-08-06 21:44:10;SKU-029;3;5000;1000;CASH
REC-20260806-STORE_05-0177;STORE_05;CASH-08;2026-08-06 21:44:10;SKU-003;3;45000;0;CARD
REC-20260806-STORE_05-0178;STORE_05;CASH-10;2026-08-06 8:50:27;SKU-017;3;12000;500;CARD
REC-20260806-STORE_05-0178;STORE_05;CASH-07;2026-08-06 8:50:27;SKU-004;3;25000;0;CARD
REC-20260806-STORE_05-0178;STORE_05;CASH-06;2026-08-06 8:50:27;SKU-001;1;45000;0;CARD
REC-20260806-STORE_05-0178;STORE_05;CASH-06;2026-08-06 8:50:27;SKU-001;1;45000;0;CASH
REC-20260806-STORE_05-0179;STORE_05;CASH-02;2026-08-06 9:48:22;SKU-002;3;12000;500;CARD
REC-20260806-STORE_05-0179;STORE_05;CASH-09;2026-08-06 9:48:22;SKU-004;2;25000;500;CARD
REC-20260806-STORE_05-0179;STORE_05;CASH-08;2026-08-06 9:48:22;SKU-021;4;5000;0;CARD
REC-20260806-STORE_05-0179;STORE_05;CASH-06;2026-08-06 9:48:22;SKU-002;3;12000;0;CARD
REC-20260806-STORE_05-0180;STORE_05;CASH-01;2026-08-06 19:59:15;SKU-010;3;25000;1000;CARD
REC-20260806-STORE_05-0181;STORE_05;CASH-04;2026-08-06 11:33:07;SKU-004;4;25000;0;CASH
REC-20260806-STORE_05-0181;STORE_05;CASH-06;2026-08-06 11:33:07;SKU-019;2;25000;0;CASH
REC-20260806-STORE_05-0181;STORE_05;CASH-01;2026-08-06 11:33:07;SKU-001;3;45000;500;CASH
REC-20260806-STORE_05-0182;STORE_05;CASH-03;2026-08-06 18:48:14;SKU-010;1;25000;0;CASH
REC-20260806-STORE_05-0182;STORE_05;CASH-01;2026-08-06 18:48:14;SKU-019;2;25000;500;CARD
REC-20260806-STORE_05-0182;STORE_05;CASH-03;2026-08-06 18:48:14;SKU-002;1;12000;0;CARD
REC-20260806-STORE_05-0182;STORE_05;CASH-01;2026-08-06 18:48:14;SKU-003;2;45000;0;CARD
REC-20260806-STORE_05-0183;STORE_05;CASH-04;2026-08-06 17:03:25;SKU-029;4;5000;500;CARD
REC-20260806-STORE_05-0184;STORE_05;CASH-07;2026-08-06 11:56:38;SKU-001;2;45000;0;CASH
REC-20260806-STORE_05-0185;STORE_05;CASH-04;2026-08-06 13:02:41;SKU-007;4;12000;500;CARD
REC-20260806-STORE_05-0185;STORE_05;CASH-02;2026-08-06 13:02:41;SKU-003;2;45000;0;CARD
REC-20260806-STORE_05-0185;STORE_05;CASH-03;2026-08-06 13:02:41;SKU-026;1;12000;500;CARD
REC-20260806-STORE_05-0185;STORE_05;CASH-02;2026-08-06 13:02:41;SKU-005;2;5000;0;CASH
REC-20260806-STORE_05-0186;STORE_05;CASH-05;2026-08-06 21:29:59;SKU-003;2;45000;0;CARD
REC-20260806-STORE_05-0186;STORE_05;CASH-06;2026-08-06 21:29:59;SKU-025;3;5000;0;CARD
REC-20260806-STORE_05-0187;STORE_05;CASH-03;2026-08-06 9:51:23;SKU-005;1;5000;0;CARD
REC-20260806-STORE_05-0187;STORE_05;CASH-06;2026-08-06 9:51:23;SKU-026;4;12000;1000;CASH
REC-20260806-STORE_05-0187;STORE_05;CASH-08;2026-08-06 9:51:23;SKU-003;1;45000;500;CARD
REC-20260806-STORE_05-0187;STORE_05;CASH-03;2026-08-06 9:51:23;SKU-007;1;12000;1000;CASH
REC-20260806-STORE_05-0188;STORE_05;CASH-07;2026-08-06 21:51:23;SKU-020;3;12000;500;CARD
REC-20260806-STORE_05-0188;STORE_05;CASH-08;2026-08-06 21:51:23;SKU-024;1;12000;1000;CASH
REC-20260806-STORE_05-0188;STORE_05;CASH-04;2026-08-06 21:51:23;SKU-002;4;12000;1000;CASH
REC-20260806-STORE_05-0188;STORE_05;CASH-02;2026-08-06 21:51:23;SKU-002;4;12000;0;CASH
REC-20260806-STORE_05-0188;STORE_05;CASH-07;2026-08-06 21:51:23;SKU-002;1;12000;1000;CARD
REC-20260806-STORE_05-0189;STORE_05;CASH-10;2026-08-06 9:10:59;SKU-013;4;12000;0;CASH
REC-20260806-STORE_05-0189;STORE_05;CASH-02;2026-08-06 9:10:59;SKU-001;4;45000;0;CARD
REC-20260806-STORE_05-0189;STORE_05;CASH-03;2026-08-06 9:10:59;SKU-016;2;25000;0;CARD
REC-20260806-STORE_05-0190;STORE_05;CASH-08;2026-08-06 15:11:13;SKU-001;2;45000;0;CARD
REC-20260806-STORE_05-0190;STORE_05;CASH-03;2026-08-06 15:11:13;SKU-022;3;12000;1000;CASH
REC-20260806-STORE_05-0190;STORE_05;CASH-03;2026-08-06 15:11:13;SKU-016;1;25000;1000;CARD
REC-20260806-STORE_05-0190;STORE_05;CASH-03;2026-08-06 15:11:13;SKU-020;1;12000;0;CASH
REC-20260806-STORE_05-0191;STORE_05;CASH-06;2026-08-06 16:34:52;SKU-001;4;45000;0;CARD
REC-20260806-STORE_05-0191;STORE_05;CASH-04;2026-08-06 16:34:52;SKU-028;4;5000;0;CASH
REC-20260806-STORE_05-0191;STORE_05;CASH-09;2026-08-06 16:34:52;SKU-008;1;12000;500;CARD
REC-20260806-STORE_05-0191;STORE_05;CASH-01;2026-08-06 16:34:52;SKU-005;1;5000;0;CARD
REC-20260806-STORE_05-0191;STORE_05;CASH-09;2026-08-06 16:34:52;SKU-005;3;5000;0;CASH
REC-20260806-STORE_05-0192;STORE_05;CASH-03;2026-08-06 9:40:23;SKU-003;1;45000;500;CARD
REC-20260806-STORE_05-0192;STORE_05;CASH-01;2026-08-06 9:40:23;SKU-013;2;12000;1000;CARD
REC-20260806-STORE_05-0192;STORE_05;CASH-02;2026-08-06 9:40:23;SKU-007;4;12000;1000;CARD
REC-20260806-STORE_05-0193;STORE_05;CASH-05;2026-08-06 13:52:06;SKU-006;2;45000;500;CASH
REC-20260806-STORE_05-0193;STORE_05;CASH-09;2026-08-06 13:52:06;SKU-006;2;45000;0;CARD
REC-20260806-STORE_05-0193;STORE_05;CASH-07;2026-08-06 13:52:06;SKU-027;4;5000;0;CASH
REC-20260806-STORE_05-0193;STORE_05;CASH-05;2026-08-06 13:52:06;SKU-003;4;45000;0;CARD
REC-20260806-STORE_05-0194;STORE_05;CASH-04;2026-08-06 14:18:01;SKU-003;2;45000;1000;CASH
REC-20260806-STORE_05-0194;STORE_05;CASH-07;2026-08-06 14:18:01;SKU-038;1;12000;0;CARD
REC-20260806-STORE_05-0194;STORE_05;CASH-01;2026-08-06 14:18:01;SKU-018;2;5000;1000;CARD
REC-20260806-STORE_05-0194;STORE_05;CASH-07;2026-08-06 14:18:01;SKU-001;4;45000;0;CARD
REC-20260806-STORE_05-0194;STORE_05;CASH-05;2026-08-06 14:18:01;SKU-002;2;12000;0;CARD
REC-20260806-STORE_05-0195;STORE_05;CASH-03;2026-08-06 12:19:22;SKU-001;4;45000;500;CARD
REC-20260806-STORE_05-0196;STORE_05;CASH-08;2026-08-06 20:51:33;SKU-017;3;12000;0;CASH
REC-20260806-STORE_05-0196;STORE_05;CASH-01;2026-08-06 20:51:33;SKU-001;3;45000;1000;CASH
REC-20260806-STORE_05-0196;STORE_05;CASH-10;2026-08-06 20:51:33;SKU-007;2;12000;0;CARD
REC-20260806-STORE_05-0196;STORE_05;CASH-08;2026-08-06 20:51:33;SKU-008;1;12000;1000;CARD
REC-20260806-STORE_05-0196;STORE_05;CASH-04;2026-08-06 20:51:33;SKU-004;1;25000;1000;CARD
REC-20260806-STORE_05-0197;STORE_05;CASH-04;2026-08-06 19:35:29;SKU-003;3;45000;0;CARD
REC-20260806-STORE_05-0197;STORE_05;CASH-07;2026-08-06 19:35:29;SKU-012;2;45000;0;CASH
REC-20260806-STORE_05-0198;STORE_05;CASH-10;2026-08-06 9:01:37;SKU-017;4;12000;0;CASH
REC-20260806-STORE_05-0198;STORE_05;CASH-06;2026-08-06 9:01:37;SKU-003;3;45000;1000;CASH
REC-20260806-STORE_05-0198;STORE_05;CASH-04;2026-08-06 9:01:37;SKU-001;4;45000;500;CASH
REC-20260806-STORE_05-0199;STORE_05;CASH-09;2026-08-06 18:30:27;SKU-004;3;25000;0;CARD
REC-20260806-STORE_05-0199;STORE_05;CASH-06;2026-08-06 18:30:27;SKU-004;2;25000;0;CARD
REC-20260806-STORE_05-0199;STORE_05;CASH-01;2026-08-06 18:30:27;SKU-001;4;45000;0;CARD
REC-20260806-STORE_05-0200;STORE_05;CASH-09;2026-08-06 17:19:23;SKU-004;3;25000;0;CASH
REC-20260806-STORE_05-0200;STORE_05;CASH-05;2026-08-06 17:19:23;SKU-004;1;25000;0;CARD
REC-20260806-STORE_05-0200;STORE_05;CASH-04;2026-08-06 17:19:23;SKU-010;2;25000;0;CASH
REC-20260806-STORE_05-0200;STORE_05;CASH-03;2026-08-06 17:19:23;SKU-005;2;5000;1000;CARD
REC-20260806-STORE_05-0200;STORE_05;CASH-04;2026-08-06 17:19:23;SKU-001;3;45000;0;CASH
REC-20260806-STORE_05-0201;STORE_05;CASH-01;2026-08-06 12:52:01;SKU-010;1;25000;1000;CARD
REC-20260806-STORE_05-0201;STORE_05;CASH-05;2026-08-06 12:52:01;SKU-002;2;12000;500;CARD
REC-20260806-STORE_05-0202;STORE_05;CASH-03;2026-08-06 16:20:40;SKU-002;2;12000;0;CASH
REC-20260806-STORE_05-0202;STORE_05;CASH-05;2026-08-06 16:20:40;SKU-013;3;12000;500;CARD
REC-20260806-STORE_05-0202;STORE_05;CASH-09;2026-08-06 16:20:40;SKU-001;1;45000;0;CASH
REC-20260806-STORE_05-0203;STORE_05;CASH-10;2026-08-06 21:06:59;SKU-007;4;12000;1000;CARD
REC-20260806-STORE_05-0203;STORE_05;CASH-06;2026-08-06 21:06:59;SKU-023;4;45000;0;CARD
REC-20260806-STORE_05-0203;STORE_05;CASH-08;2026-08-06 21:06:59;SKU-032;3;25000;0;CARD
REC-20260806-STORE_05-0203;STORE_05;CASH-09;2026-08-06 21:06:59;SKU-001;4;45000;0;CARD
REC-20260806-STORE_05-0204;STORE_05;CASH-04;2026-08-06 10:00:31;SKU-036;2;45000;1000;CARD
REC-20260806-STORE_05-0204;STORE_05;CASH-01;2026-08-06 10:00:31;SKU-023;3;45000;500;CARD
REC-20260806-STORE_05-0204;STORE_05;CASH-01;2026-08-06 10:00:31;SKU-005;2;5000;0;CASH
REC-20260806-STORE_05-0204;STORE_05;CASH-01;2026-08-06 10:00:31;SKU-004;3;25000;1000;CARD
REC-20260806-STORE_05-0205;STORE_05;CASH-02;2026-08-06 11:49:05;SKU-023;1;45000;0;CARD
REC-20260806-STORE_05-0205;STORE_05;CASH-04;2026-08-06 11:49:05;SKU-001;3;45000;0;CARD
REC-20260806-STORE_05-0205;STORE_05;CASH-05;2026-08-06 11:49:05;SKU-005;3;5000;0;CARD
REC-20260806-STORE_05-0206;STORE_05;CASH-04;2026-08-06 17:27:08;SKU-014;3;5000;0;CARD
REC-20260806-STORE_05-0206;STORE_05;CASH-07;2026-08-06 17:27:08;SKU-001;3;45000;0;CARD
REC-20260806-STORE_05-0206;STORE_05;CASH-01;2026-08-06 17:27:08;SKU-001;1;45000;0;CARD
REC-20260806-STORE_05-0206;STORE_05;CASH-06;2026-08-06 17:27:08;SKU-013;2;12000;0;CARD
REC-20260806-STORE_05-0206;STORE_05;CASH-07;2026-08-06 17:27:08;SKU-001;4;45000;500;CARD
REC-20260806-STORE_05-0207;STORE_05;CASH-01;2026-08-06 14:15:36;SKU-004;3;25000;0;CARD
REC-20260806-STORE_05-0207;STORE_05;CASH-02;2026-08-06 14:15:36;SKU-002;1;12000;0;CARD
REC-20260806-STORE_05-0207;STORE_05;CASH-06;2026-08-06 14:15:36;SKU-001;4;45000;1000;CARD
REC-20260806-STORE_05-0207;STORE_05;CASH-08;2026-08-06 14:15:36;SKU-001;1;45000;500;CARD
REC-20260806-STORE_05-0207;STORE_05;CASH-01;2026-08-06 14:15:36;SKU-011;1;5000;500;CASH
REC-20260806-STORE_05-0208;STORE_05;CASH-05;2026-08-06 11:02:58;SKU-003;4;45000;0;CARD
REC-20260806-STORE_05-0208;STORE_05;CASH-01;2026-08-06 11:02:58;SKU-002;2;12000;0;CASH
REC-20260806-STORE_05-0209;STORE_05;CASH-02;2026-08-06 15:23:59;SKU-012;2;45000;0;CARD
REC-20260806-STORE_05-0209;STORE_05;CASH-05;2026-08-06 15:23:59;SKU-005;2;5000;1000;CASH
REC-20260806-STORE_05-0209;STORE_05;CASH-07;2026-08-06 15:23:59;SKU-035;1;5000;0;CARD
REC-20260806-STORE_05-0209;STORE_05;CASH-07;2026-08-06 15:23:59;SKU-046;3;25000;0;CARD
REC-20260806-STORE_05-0210;STORE_05;CASH-10;2026-08-06 17:58:43;SKU-037;3;45000;0;CARD
REC-20260806-STORE_05-0210;STORE_05;CASH-08;2026-08-06 17:58:43;SKU-003;4;45000;0;CARD
REC-20260806-STORE_05-0210;STORE_05;CASH-02;2026-08-06 17:58:43;SKU-002;4;12000;1000;CASH
REC-20260806-STORE_05-0210;STORE_05;CASH-06;2026-08-06 17:58:43;SKU-020;4;12000;0;CARD
REC-20260806-STORE_05-0211;STORE_05;CASH-05;2026-08-06 20:26:44;SKU-004;1;25000;0;CASH
REC-20260806-STORE_05-0211;STORE_05;CASH-05;2026-08-06 20:26:44;SKU-001;3;45000;1000;CARD
REC-20260806-STORE_05-0211;STORE_05;CASH-03;2026-08-06 20:26:44;SKU-004;2;25000;0;CARD
REC-20260806-STORE_05-0211;STORE_05;CASH-09;2026-08-06 20:26:44;SKU-018;4;5000;500;CARD
REC-20260806-STORE_05-0212;STORE_05;CASH-07;2026-08-06 14:24:07;SKU-046;3;25000;0;CARD
REC-20260806-STORE_05-0212;STORE_05;CASH-08;2026-08-06 14:24:07;SKU-006;2;45000;0;CARD
REC-20260806-STORE_05-0212;STORE_05;CASH-06;2026-08-06 14:24:07;SKU-031;2;45000;0;CARD
REC-20260806-STORE_05-0213;STORE_05;CASH-03;2026-08-06 12:31:23;SKU-023;2;45000;500;CASH
REC-20260806-STORE_05-0214;STORE_05;CASH-01;2026-08-06 12:28:53;SKU-040;2;25000;0;CARD
REC-20260806-STORE_05-0214;STORE_05;CASH-05;2026-08-06 12:28:53;SKU-031;3;45000;0;CARD
REC-20260806-STORE_05-0214;STORE_05;CASH-08;2026-08-06 12:28:53;SKU-003;3;45000;500;CASH
REC-20260806-STORE_05-0215;STORE_05;CASH-10;2026-08-06 11:20:38;SKU-011;2;5000;1000;CARD
REC-20260806-STORE_05-0215;STORE_05;CASH-06;2026-08-06 11:20:38;SKU-006;3;45000;0;CARD
REC-20260806-STORE_05-0215;STORE_05;CASH-06;2026-08-06 11:20:38;SKU-006;2;45000;0;CARD
REC-20260806-STORE_05-0215;STORE_05;CASH-04;2026-08-06 11:20:38;SKU-003;3;45000;1000;CASH
REC-20260806-STORE_05-0215;STORE_05;CASH-02;2026-08-06 11:20:38;SKU-028;2;5000;500;CARD
REC-20260806-STORE_05-0216;STORE_05;CASH-02;2026-08-06 13:21:03;SKU-002;4;12000;0;CASH
REC-20260806-STORE_05-0217;STORE_05;CASH-04;2026-08-06 13:57:35;SKU-013;1;12000;1000;CASH
REC-20260806-STORE_05-0217;STORE_05;CASH-09;2026-08-06 13:57:35;SKU-001;3;45000;500;CARD
REC-20260806-STORE_05-0217;STORE_05;CASH-10;2026-08-06 13:57:35;SKU-024;2;12000;0;CASH
REC-20260806-STORE_05-0217;STORE_05;CASH-06;2026-08-06 13:57:35;SKU-006;4;45000;0;CASH
REC-20260806-STORE_05-0217;STORE_05;CASH-02;2026-08-06 13:57:35;SKU-025;1;5000;0;CARD
REC-20260806-STORE_05-0218;STORE_05;CASH-03;2026-08-06 17:21:42;SKU-007;1;12000;500;CARD
REC-20260806-STORE_05-0218;STORE_05;CASH-08;2026-08-06 17:21:42;SKU-037;2;45000;0;CARD
REC-20260806-STORE_05-0218;STORE_05;CASH-06;2026-08-06 17:21:42;SKU-010;1;25000;0;CARD
REC-20260806-STORE_05-0218;STORE_05;CASH-08;2026-08-06 17:21:42;SKU-001;4;45000;1000;CARD
REC-20260806-STORE_05-0218;STORE_05;CASH-01;2026-08-06 17:21:42;SKU-002;2;12000;500;CARD
REC-20260806-STORE_05-0219;STORE_05;CASH-01;2026-08-06 16:48:22;SKU-039;4;5000;500;CARD
REC-20260806-STORE_05-0220;STORE_05;CASH-04;2026-08-06 11:34:20;SKU-002;2;12000;1000;CASH
REC-20260806-STORE_05-0220;STORE_05;CASH-06;2026-08-06 11:34:20;SKU-011;4;5000;1000;CARD
REC-20260806-STORE_05-0220;STORE_05;CASH-04;2026-08-06 11:34:20;SKU-007;2;12000;1000;CARD
REC-20260806-STORE_05-0221;STORE_05;CASH-03;2026-08-06 17:49:10;SKU-041;4;25000;0;CASH
REC-20260806-STORE_05-0222;STORE_05;CASH-10;2026-08-06 10:48:39;SKU-002;2;12000;0;CASH
REC-20260806-STORE_05-0222;STORE_05;CASH-08;2026-08-06 10:48:39;SKU-022;1;12000;1000;CARD
REC-20260806-STORE_05-0222;STORE_05;CASH-05;2026-08-06 10:48:39;SKU-012;4;45000;0;CARD
REC-20260806-STORE_05-0222;STORE_05;CASH-06;2026-08-06 10:48:39;SKU-003;3;45000;0;CASH
REC-20260806-STORE_05-0222;STORE_05;CASH-09;2026-08-06 10:48:39;SKU-010;2;25000;0;CARD
REC-20260806-STORE_05-0223;STORE_05;CASH-08;2026-08-06 12:43:42;SKU-044;1;5000;500;CASH
REC-20260806-STORE_05-0223;STORE_05;CASH-04;2026-08-06 12:43:42;SKU-003;1;45000;500;CARD
REC-20260806-STORE_05-0224;STORE_05;CASH-04;2026-08-06 13:00:14;SKU-036;1;45000;1000;CARD
REC-20260806-STORE_05-0224;STORE_05;CASH-04;2026-08-06 13:00:14;SKU-028;4;5000;0;CARD
REC-20260806-STORE_05-0224;STORE_05;CASH-10;2026-08-06 13:00:14;SKU-001;2;45000;0;CASH
REC-20260806-STORE_05-0224;STORE_05;CASH-09;2026-08-06 13:00:14;SKU-034;3;25000;0;CARD
REC-20260806-STORE_05-0224;STORE_05;CASH-04;2026-08-06 13:00:14;SKU-013;2;12000;0;CARD
REC-20260806-STORE_05-0225;STORE_05;CASH-05;2026-08-06 9:27:35;SKU-002;1;12000;0;CARD
REC-20260806-STORE_05-0225;STORE_05;CASH-04;2026-08-06 9:27:35;SKU-033;2;5000;1000;CARD
REC-20260806-STORE_05-0225;STORE_05;CASH-10;2026-08-06 9:27:35;SKU-001;2;45000;0;CASH
REC-20260806-STORE_05-0225;STORE_05;CASH-08;2026-08-06 9:27:35;SKU-022;4;12000;0;CASH
REC-20260806-STORE_05-0225;STORE_05;CASH-04;2026-08-06 9:27:35;SKU-010;3;25000;0;CARD
REC-20260806-STORE_05-0226;STORE_05;CASH-04;2026-08-06 16:40:06;SKU-005;1;5000;500;CARD
REC-20260806-STORE_05-0226;STORE_05;CASH-02;2026-08-06 16:40:06;SKU-001;3;45000;0;CARD
REC-20260806-STORE_05-0226;STORE_05;CASH-03;2026-08-06 16:40:06;SKU-011;4;5000;1000;CARD
REC-20260806-STORE_05-0226;STORE_05;CASH-05;2026-08-06 16:40:06;SKU-003;4;45000;1000;CARD
REC-20260806-STORE_05-0227;STORE_05;CASH-05;2026-08-06 14:20:59;SKU-003;3;45000;0;CARD
REC-20260806-STORE_05-0227;STORE_05;CASH-03;2026-08-06 14:20:59;SKU-035;3;5000;0;CARD
REC-20260806-STORE_05-0227;STORE_05;CASH-08;2026-08-06 14:20:59;SKU-019;2;25000;500;CARD
REC-20260806-STORE_05-0228;STORE_05;CASH-06;2026-08-06 17:21:29;SKU-012;2;45000;500;CARD
REC-20260806-STORE_05-0228;STORE_05;CASH-08;2026-08-06 17:21:29;SKU-003;3;45000;500;CASH
REC-20260806-STORE_05-0229;STORE_05;CASH-01;2026-08-06 19:36:29;SKU-001;1;45000;0;CARD
REC-20260806-STORE_05-0229;STORE_05;CASH-05;2026-08-06 19:36:29;SKU-002;2;12000;500;CARD
REC-20260806-STORE_05-0229;STORE_05;CASH-10;2026-08-06 19:36:29;SKU-005;2;5000;1000;CARD
REC-20260806-STORE_05-0229;STORE_05;CASH-04;2026-08-06 19:36:29;SKU-009;4;25000;500;CARD
REC-20260806-STORE_05-0229;STORE_05;CASH-05;2026-08-06 19:36:29;SKU-003;3;45000;0;CARD
REC-20260806-STORE_05-0230;STORE_05;CASH-06;2026-08-06 8:14:32;SKU-001;1;45000;0;CARD
REC-20260806-STORE_05-0230;STORE_05;CASH-06;2026-08-06 8:14:32;SKU-006;4;45000;0;CASH
REC-20260806-STORE_05-0230;STORE_05;CASH-01;2026-08-06 8:14:32;SKU-018;1;5000;1000;CASH
REC-20260806-STORE_05-0231;STORE_05;CASH-05;2026-08-06 9:25:05;SKU-002;2;12000;500;CARD
REC-20260806-STORE_05-0232;STORE_05;CASH-08;2026-08-06 10:47:41;SKU-001;3;45000;0;CARD
REC-20260806-STORE_05-0232;STORE_05;CASH-08;2026-08-06 10:47:41;SKU-010;3;25000;0;CARD
REC-20260806-STORE_05-0232;STORE_05;CASH-09;2026-08-06 10:47:41;SKU-028;3;5000;500;CARD
REC-20260806-STORE_05-0232;STORE_05;CASH-09;2026-08-06 10:47:41;SKU-001;1;45000;500;CARD
REC-20260806-STORE_05-0233;STORE_05;CASH-09;2026-08-06 10:21:43;SKU-001;2;45000;0;CARD
REC-20260806-STORE_05-0234;STORE_05;CASH-01;2026-08-06 13:28:24;SKU-011;1;5000;0;CARD
REC-20260806-STORE_05-0234;STORE_05;CASH-08;2026-08-06 13:28:24;SKU-001;4;45000;0;CARD
REC-20260806-STORE_05-0234;STORE_05;CASH-10;2026-08-06 13:28:24;SKU-033;2;5000;0;CARD
REC-20260806-STORE_05-0234;STORE_05;CASH-10;2026-08-06 13:28:24;SKU-003;4;45000;500;CARD
REC-20260806-STORE_05-0234;STORE_05;CASH-02;2026-08-06 13:28:24;SKU-003;4;45000;1000;CASH
REC-20260806-STORE_05-0235;STORE_05;CASH-02;2026-08-06 8:06:03;SKU-026;1;12000;0;CASH
REC-20260806-STORE_05-0235;STORE_05;CASH-10;2026-08-06 8:06:03;SKU-003;2;45000;0;CARD
REC-20260806-STORE_05-0235;STORE_05;CASH-04;2026-08-06 8:06:03;SKU-002;3;12000;0;CARD
REC-20260806-STORE_05-0236;STORE_05;CASH-05;2026-08-06 11:00:37;SKU-048;2;25000;0;CASH
REC-20260806-STORE_05-0236;STORE_05;CASH-08;2026-08-06 11:00:37;SKU-002;1;12000;0;CARD
REC-20260806-STORE_05-0237;STORE_05;CASH-02;2026-08-06 10:02:26;SKU-001;1;45000;1000;CASH
REC-20260806-STORE_05-0237;STORE_05;CASH-10;2026-08-06 10:02:26;SKU-016;3;25000;0;CARD
REC-20260806-STORE_05-0237;STORE_05;CASH-07;2026-08-06 10:02:26;SKU-001;2;45000;0;CARD
REC-20260806-STORE_05-0237;STORE_05;CASH-09;2026-08-06 10:02:26;SKU-008;4;12000;500;CASH
REC-20260806-STORE_05-0238;STORE_05;CASH-07;2026-08-06 10:55:10;SKU-011;3;5000;0;CARD
REC-20260806-STORE_05-0238;STORE_05;CASH-04;2026-08-06 10:55:10;SKU-049;1;5000;1000;CASH
REC-20260806-STORE_05-0238;STORE_05;CASH-08;2026-08-06 10:55:10;SKU-012;2;45000;0;CARD
REC-20260806-STORE_05-0238;STORE_05;CASH-03;2026-08-06 10:55:10;SKU-049;1;5000;500;CARD
REC-20260806-STORE_05-0238;STORE_05;CASH-07;2026-08-06 10:55:10;SKU-032;2;25000;1000;CARD
REC-20260806-STORE_05-0239;STORE_05;CASH-02;2026-08-06 11:24:42;SKU-004;2;25000;0;CARD
REC-20260806-STORE_05-0239;STORE_05;CASH-03;2026-08-06 11:24:42;SKU-006;4;45000;0;CARD
REC-20260806-STORE_05-0240;STORE_05;CASH-05;2026-08-06 19:03:36;SKU-001;3;45000;500;CARD
REC-20260806-STORE_05-0240;STORE_05;CASH-02;2026-08-06 19:03:36;SKU-004;1;25000;0;CASH
REC-20260806-STORE_05-0240;STORE_05;CASH-04;2026-08-06 19:03:36;SKU-001;2;45000;0;CARD
REC-20260806-STORE_05-0240;STORE_05;CASH-03;2026-08-06 19:03:36;SKU-009;1;25000;1000;CARD
REC-20260806-STORE_05-0240;STORE_05;CASH-02;2026-08-06 19:03:36;SKU-019;4;25000;1000;CARD
REC-20260806-STORE_05-0241;STORE_05;CASH-09;2026-08-06 18:49:00;SKU-001;3;45000;0;CASH
REC-20260806-STORE_05-0241;STORE_05;CASH-09;2026-08-06 18:49:00;SKU-003;1;45000;0;CASH
REC-20260806-STORE_05-0241;STORE_05;CASH-06;2026-08-06 18:49:00;SKU-029;4;5000;1000;CASH
REC-20260806-STORE_05-0241;STORE_05;CASH-10;2026-08-06 18:49:00;SKU-001;4;45000;0;CARD
REC-20260806-STORE_05-0241;STORE_05;CASH-04;2026-08-06 18:49:00;SKU-001;3;45000;0;CARD
REC-20260806-STORE_05-0242;STORE_05;CASH-07;2026-08-06 12:07:12;SKU-001;2;45000;0;CASH
REC-20260806-STORE_05-0243;STORE_05;CASH-01;2026-08-06 11:26:56;SKU-038;4;12000;500;CASH
REC-20260806-STORE_05-0243;STORE_05;CASH-08;2026-08-06 11:26:56;SKU-015;4;5000;0;CARD
REC-20260806-STORE_05-0243;STORE_05;CASH-08;2026-08-06 11:26:56;SKU-001;4;45000;1000;CASH
REC-20260806-STORE_05-0244;STORE_05;CASH-10;2026-08-06 17:24:52;SKU-017;4;12000;1000;CARD
REC-20260806-STORE_05-0244;STORE_05;CASH-03;2026-08-06 17:24:52;SKU-001;4;45000;0;CARD
REC-20260806-STORE_05-0245;STORE_05;CASH-09;2026-08-06 12:15:39;SKU-001;4;45000;500;CASH
REC-20260806-STORE_05-0245;STORE_05;CASH-01;2026-08-06 12:15:39;SKU-003;2;45000;1000;CARD
REC-20260806-STORE_05-0245;STORE_05;CASH-02;2026-08-06 12:15:39;SKU-002;4;12000;1000;CASH
REC-20260806-STORE_05-0245;STORE_05;CASH-04;2026-08-06 12:15:39;SKU-002;4;12000;0;CASH
REC-20260806-STORE_05-0246;STORE_05;CASH-01;2026-08-06 12:55:37;SKU-001;4;45000;0;CARD
REC-20260806-STORE_05-0246;STORE_05;CASH-01;2026-08-06 12:55:37;SKU-018;3;5000;0;CARD
REC-20260806-STORE_05-0246;STORE_05;CASH-10;2026-08-06 12:55:37;SKU-024;1;12000;0;CARD
REC-20260806-STORE_05-0247;STORE_05;CASH-02;2026-08-06 16:20:08;SKU-003;3;45000;1000;CASH
REC-20260806-STORE_05-0248;STORE_05;CASH-10;2026-08-06 13:27:18;SKU-010;2;25000;0;CARD
REC-20260806-STORE_05-0248;STORE_05;CASH-04;2026-08-06 13:27:18;SKU-029;4;5000;1000;CASH
REC-20260806-STORE_05-0249;STORE_05;CASH-01;2026-08-06 21:05:15;SKU-025;2;5000;1000;CARD
REC-20260806-STORE_05-0249;STORE_05;CASH-10;2026-08-06 21:05:15;SKU-004;4;25000;0;CASH
REC-20260806-STORE_05-0249;STORE_05;CASH-06;2026-08-06 21:05:15;SKU-002;3;12000;0;CARD
REC-20260806-STORE_05-0249;STORE_05;CASH-01;2026-08-06 21:05:15;SKU-006;2;45000;0;CASH
REC-20260806-STORE_05-0249;STORE_05;CASH-08;2026-08-06 21:05:15;SKU-002;3;12000;500;CARD
REC-20260806-STORE_05-0250;STORE_05;CASH-10;2026-08-06 15:44:23;SKU-011;4;5000;0;CASH
REC-20260806-STORE_05-0251;STORE_05;CASH-10;2026-08-06 9:06:19;SKU-003;1;45000;0;CASH
REC-20260806-STORE_05-0251;STORE_05;CASH-02;2026-08-06 9:06:19;SKU-002;4;12000;0;CARD
REC-20260806-STORE_05-0252;STORE_05;CASH-06;2026-08-06 21:06:16;SKU-004;2;25000;0;CASH
REC-20260806-STORE_05-0252;STORE_05;CASH-03;2026-08-06 21:06:16;SKU-001;3;45000;0;CARD
REC-20260806-STORE_05-0253;STORE_05;CASH-08;2026-08-06 16:01:49;SKU-018;1;5000;0;CASH
REC-20260806-STORE_05-0254;STORE_05;CASH-10;2026-08-06 20:02:50;SKU-009;1;25000;0;CARD
REC-20260806-STORE_05-0254;STORE_05;CASH-07;2026-08-06 20:02:50;SKU-030;4;45000;1000;CARD
REC-20260806-STORE_05-0254;STORE_05;CASH-10;2026-08-06 20:02:50;SKU-001;1;45000;500;CARD
REC-20260806-STORE_05-0254;STORE_05;CASH-10;2026-08-06 20:02:50;SKU-001;3;45000;0;CARD
REC-20260806-STORE_05-0254;STORE_05;CASH-09;2026-08-06 20:02:50;SKU-005;2;5000;1000;CARD
REC-20260806-STORE_05-0255;STORE_05;CASH-07;2026-08-06 13:11:03;SKU-005;3;5000;0;CARD
REC-20260806-STORE_05-0255;STORE_05;CASH-07;2026-08-06 13:11:03;SKU-001;1;45000;0;CARD
REC-20260806-STORE_05-0255;STORE_05;CASH-01;2026-08-06 13:11:03;SKU-001;3;45000;500;CARD
REC-20260806-STORE_05-0255;STORE_05;CASH-08;2026-08-06 13:11:03;SKU-001;1;45000;1000;CASH
REC-20260806-STORE_05-0255;STORE_05;CASH-10;2026-08-06 13:11:03;SKU-001;4;45000;0;CARD
REC-20260806-STORE_05-0256;STORE_05;CASH-03;2026-08-06 10:57:03;SKU-005;2;5000;1000;CARD
REC-20260806-STORE_05-0256;STORE_05;CASH-01;2026-08-06 10:57:03;SKU-012;4;45000;500;CARD
REC-20260806-STORE_05-0256;STORE_05;CASH-06;2026-08-06 10:57:03;SKU-042;4;5000;500;CARD
REC-20260806-STORE_05-0256;STORE_05;CASH-10;2026-08-06 10:57:03;SKU-016;4;25000;0;CASH
REC-20260806-STORE_05-0257;STORE_05;CASH-04;2026-08-06 20:32:36;SKU-003;1;45000;500;CASH
REC-20260806-STORE_05-0257;STORE_05;CASH-05;2026-08-06 20:32:36;SKU-002;3;12000;0;CARD
REC-20260806-STORE_05-0257;STORE_05;CASH-03;2026-08-06 20:32:36;SKU-009;2;25000;0;CARD
REC-20260806-STORE_05-0257;STORE_05;CASH-09;2026-08-06 20:32:36;SKU-004;3;25000;0;CARD
REC-20260806-STORE_05-0257;STORE_05;CASH-09;2026-08-06 20:32:36;SKU-002;3;12000;1000;CASH
REC-20260806-STORE_05-0258;STORE_05;CASH-08;2026-08-06 12:40:43;SKU-020;2;12000;0;CARD
REC-20260806-STORE_05-0258;STORE_05;CASH-09;2026-08-06 12:40:43;SKU-007;1;12000;0;CARD
REC-20260806-STORE_05-0258;STORE_05;CASH-02;2026-08-06 12:40:43;SKU-001;1;45000;0;CARD
REC-20260806-STORE_05-0259;STORE_05;CASH-04;2026-08-06 18:22:22;SKU-003;1;45000;1000;CARD
REC-20260806-STORE_05-0259;STORE_05;CASH-08;2026-08-06 18:22:22;SKU-050;1;25000;500;CARD
REC-20260806-STORE_05-0259;STORE_05;CASH-01;2026-08-06 18:22:22;SKU-005;1;5000;0;CARD
REC-20260806-STORE_05-0260;STORE_05;CASH-01;2026-08-06 20:53:44;SKU-001;3;45000;500;CASH
REC-20260806-STORE_05-0260;STORE_05;CASH-07;2026-08-06 20:53:44;SKU-022;1;12000;500;CARD
REC-20260806-STORE_05-0260;STORE_05;CASH-01;2026-08-06 20:53:44;SKU-023;4;45000;500;CARD
REC-20260806-STORE_05-0260;STORE_05;CASH-07;2026-08-06 20:53:44;SKU-028;2;5000;0;CARD
REC-20260806-STORE_05-0261;STORE_05;CASH-04;2026-08-06 18:42:56;SKU-015;2;5000;1000;CASH
REC-20260806-STORE_05-0261;STORE_05;CASH-10;2026-08-06 18:42:56;SKU-007;2;12000;500;CASH
REC-20260806-STORE_05-0261;STORE_05;CASH-06;2026-08-06 18:42:56;SKU-025;4;5000;1000;CASH
REC-20260806-STORE_05-0262;STORE_05;CASH-02;2026-08-06 9:15:03;SKU-008;2;12000;1000;CASH
REC-20260806-STORE_05-0262;STORE_05;CASH-10;2026-08-06 9:15:03;SKU-007;4;12000;0;CASH
REC-20260806-STORE_05-0263;STORE_05;CASH-03;2026-08-06 21:07:13;SKU-001;1;45000;500;CASH
REC-20260806-STORE_05-0263;STORE_05;CASH-06;2026-08-06 21:07:13;SKU-001;1;45000;0;CARD
REC-20260806-STORE_05-0264;STORE_05;CASH-09;2026-08-06 8:22:19;SKU-009;1;25000;0;CARD
REC-20260806-STORE_05-0264;STORE_05;CASH-10;2026-08-06 8:22:19;SKU-030;3;45000;0;CARD
REC-20260806-STORE_05-0265;STORE_05;CASH-01;2026-08-06 11:10:32;SKU-006;4;45000;1000;CASH
REC-20260806-STORE_05-0265;STORE_05;CASH-08;2026-08-06 11:10:32;SKU-005;1;5000;0;CASH
REC-20260806-STORE_05-0265;STORE_05;CASH-05;2026-08-06 11:10:32;SKU-012;1;45000;0;CARD
REC-20260806-STORE_05-0265;STORE_05;CASH-05;2026-08-06 11:10:32;SKU-003;1;45000;1000;CARD
REC-20260806-STORE_05-0266;STORE_05;CASH-10;2026-08-06 15:53:44;SKU-002;4;12000;0;CARD
REC-20260806-STORE_05-0266;STORE_05;CASH-07;2026-08-06 15:53:44;SKU-002;1;12000;0;CARD
REC-20260806-STORE_05-0267;STORE_05;CASH-06;2026-08-06 8:50:13;SKU-050;2;25000;0;CASH
REC-20260806-STORE_05-0267;STORE_05;CASH-06;2026-08-06 8:50:13;SKU-010;3;25000;1000;CARD
REC-20260806-STORE_05-0267;STORE_05;CASH-01;2026-08-06 8:50:13;SKU-004;2;25000;0;CASH
REC-20260806-STORE_05-0268;STORE_05;CASH-06;2026-08-06 21:23:02;SKU-002;1;12000;0;CARD
REC-20260806-STORE_05-0268;STORE_05;CASH-08;2026-08-06 21:23:02;SKU-004;4;25000;0;CARD
REC-20260806-STORE_05-0269;STORE_05;CASH-01;2026-08-06 19:47:13;SKU-014;2;5000;0;CASH
REC-20260806-STORE_05-0269;STORE_05;CASH-06;2026-08-06 19:47:13;SKU-001;2;45000;0;CASH
REC-20260806-STORE_05-0270;STORE_05;CASH-07;2026-08-06 8:19:40;SKU-004;3;25000;0;CASH
REC-20260806-STORE_05-0271;STORE_05;CASH-04;2026-08-06 16:30:15;SKU-022;2;12000;1000;CASH
REC-20260806-STORE_05-0271;STORE_05;CASH-01;2026-08-06 16:30:15;SKU-018;4;5000;500;CARD
REC-20260806-STORE_05-0272;STORE_05;CASH-04;2026-08-06 15:48:47;SKU-007;4;12000;0;CARD
REC-20260806-STORE_05-0272;STORE_05;CASH-06;2026-08-06 15:48:47;SKU-032;2;25000;1000;CARD
REC-20260806-STORE_05-0272;STORE_05;CASH-05;2026-08-06 15:48:47;SKU-045;1;45000;0;CARD
REC-20260806-STORE_05-0272;STORE_05;CASH-05;2026-08-06 15:48:47;SKU-005;2;5000;0;CASH
REC-20260806-STORE_05-0273;STORE_05;CASH-05;2026-08-06 14:49:58;SKU-006;2;45000;500;CARD
REC-20260806-STORE_05-0273;STORE_05;CASH-02;2026-08-06 14:49:58;SKU-002;2;12000;0;CARD
REC-20260806-STORE_05-0274;STORE_05;CASH-06;2026-08-06 11:32:25;SKU-003;4;45000;0;CARD
REC-20260806-STORE_05-0274;STORE_05;CASH-10;2026-08-06 11:32:25;SKU-001;2;45000;0;CARD
REC-20260806-STORE_05-0274;STORE_05;CASH-08;2026-08-06 11:32:25;SKU-001;3;45000;1000;CARD
REC-20260806-STORE_05-0274;STORE_05;CASH-02;2026-08-06 11:32:25;SKU-007;1;12000;0;CASH
REC-20260806-STORE_05-0274;STORE_05;CASH-09;2026-08-06 11:32:25;SKU-004;3;25000;1000;CARD
REC-20260806-STORE_05-0275;STORE_05;CASH-05;2026-08-06 15:13:51;SKU-001;2;45000;0;CARD
REC-20260806-STORE_05-0275;STORE_05;CASH-02;2026-08-06 15:13:51;SKU-003;1;45000;0;CARD
REC-20260806-STORE_05-0276;STORE_05;CASH-05;2026-08-06 19:52:17;SKU-002;3;12000;500;CARD
REC-20260806-STORE_05-0276;STORE_05;CASH-08;2026-08-06 19:52:17;SKU-003;2;45000;0;CASH
REC-20260806-STORE_05-0277;STORE_05;CASH-06;2026-08-06 19:49:38;SKU-003;1;45000;0;CARD
REC-20260806-STORE_05-0277;STORE_05;CASH-09;2026-08-06 19:49:38;SKU-017;1;12000;500;CARD
REC-20260806-STORE_05-0277;STORE_05;CASH-05;2026-08-06 19:49:38;SKU-004;3;25000;1000;CASH
REC-20260806-STORE_05-0278;STORE_05;CASH-10;2026-08-06 12:54:13;SKU-008;4;12000;0;CARD
REC-20260806-STORE_05-0279;STORE_05;CASH-07;2026-08-06 13:22:03;SKU-010;2;25000;0;CARD
REC-20260806-STORE_05-0279;STORE_05;CASH-08;2026-08-06 13:22:03;SKU-001;1;45000;1000;CARD
REC-20260806-STORE_05-0279;STORE_05;CASH-06;2026-08-06 13:22:03;SKU-003;3;45000;500;CARD
REC-20260806-STORE_05-0279;STORE_05;CASH-04;2026-08-06 13:22:03;SKU-009;2;25000;0;CARD
REC-20260806-STORE_05-0279;STORE_05;CASH-04;2026-08-06 13:22:03;SKU-019;1;25000;0;CARD
REC-20260806-STORE_05-0280;STORE_05;CASH-02;2026-08-06 15:04:24;SKU-001;3;45000;0;CARD
REC-20260806-STORE_05-0280;STORE_05;CASH-09;2026-08-06 15:04:24;SKU-011;4;5000;0;CARD
REC-20260806-STORE_05-0281;STORE_05;CASH-02;2026-08-06 15:40:28;SKU-003;2;45000;0;CARD
REC-20260806-STORE_05-0281;STORE_05;CASH-09;2026-08-06 15:40:28;SKU-002;4;12000;1000;CASH
REC-20260806-STORE_05-0281;STORE_05;CASH-02;2026-08-06 15:40:28;SKU-048;2;25000;1000;CASH
REC-20260806-STORE_05-0282;STORE_05;CASH-02;2026-08-06 20:56:31;SKU-001;4;45000;500;CARD
REC-20260806-STORE_05-0282;STORE_05;CASH-07;2026-08-06 20:56:31;SKU-001;4;45000;0;CARD
REC-20260806-STORE_05-0282;STORE_05;CASH-10;2026-08-06 20:56:31;SKU-001;3;45000;1000;CARD
REC-20260806-STORE_05-0283;STORE_05;CASH-10;2026-08-06 8:42:38;SKU-001;2;45000;500;CASH
REC-20260806-STORE_05-0283;STORE_05;CASH-10;2026-08-06 8:42:38;SKU-008;1;12000;0;CARD
REC-20260806-STORE_05-0283;STORE_05;CASH-05;2026-08-06 8:42:38;SKU-001;1;45000;0;CASH
REC-20260806-STORE_05-0283;STORE_05;CASH-10;2026-08-06 8:42:38;SKU-007;3;12000;0;CASH
REC-20260806-STORE_05-0283;STORE_05;CASH-08;2026-08-06 8:42:38;SKU-002;3;12000;0;CASH
REC-20260806-STORE_05-0284;STORE_05;CASH-10;2026-08-06 13:04:20;SKU-009;2;25000;0;CASH
REC-20260806-STORE_05-0285;STORE_05;CASH-02;2026-08-06 10:24:12;SKU-004;3;25000;0;CARD
REC-20260806-STORE_05-0285;STORE_05;CASH-03;2026-08-06 10:24:12;SKU-001;1;45000;0;CARD
REC-20260806-STORE_05-0285;STORE_05;CASH-04;2026-08-06 10:24:12;SKU-024;4;12000;0;CARD
REC-20260806-STORE_05-0286;STORE_05;CASH-05;2026-08-06 8:14:19;SKU-007;2;12000;0;CARD
REC-20260806-STORE_05-0287;STORE_05;CASH-05;2026-08-06 12:10:48;SKU-043;2;25000;0;CASH
REC-20260806-STORE_05-0287;STORE_05;CASH-10;2026-08-06 12:10:48;SKU-017;1;12000;1000;CASH
REC-20260806-STORE_05-0287;STORE_05;CASH-09;2026-08-06 12:10:48;SKU-013;1;12000;500;CARD
REC-20260806-STORE_05-0287;STORE_05;CASH-05;2026-08-06 12:10:48;SKU-006;3;45000;500;CARD
REC-20260806-STORE_05-0288;STORE_05;CASH-04;2026-08-06 12:25:30;SKU-037;1;45000;0;CASH
REC-20260806-STORE_05-0288;STORE_05;CASH-08;2026-08-06 12:25:30;SKU-031;1;45000;0;CARD
REC-20260806-STORE_05-0288;STORE_05;CASH-03;2026-08-06 12:25:30;SKU-026;1;12000;0;CARD
REC-20260806-STORE_05-0289;STORE_05;CASH-09;2026-08-06 9:20:15;SKU-001;3;45000;500;CASH
REC-20260806-STORE_05-0289;STORE_05;CASH-02;2026-08-06 9:20:15;SKU-001;4;45000;0;CASH
REC-20260806-STORE_05-0289;STORE_05;CASH-09;2026-08-06 9:20:15;SKU-014;3;5000;0;CASH
REC-20260806-STORE_05-0289;STORE_05;CASH-03;2026-08-06 9:20:15;SKU-002;3;12000;500;CARD
REC-20260806-STORE_05-0289;STORE_05;CASH-10;2026-08-06 9:20:15;SKU-015;3;5000;500;CARD
REC-20260806-STORE_05-0290;STORE_05;CASH-02;2026-08-06 14:25:22;SKU-002;1;12000;0;CASH
REC-20260806-STORE_05-0290;STORE_05;CASH-06;2026-08-06 14:25:22;SKU-045;3;45000;500;CASH
REC-20260806-STORE_05-0291;STORE_05;CASH-06;2026-08-06 21:20:52;SKU-017;2;12000;1000;CASH
REC-20260806-STORE_05-0291;STORE_05;CASH-01;2026-08-06 21:20:52;SKU-046;2;25000;500;CARD
REC-20260806-STORE_05-0291;STORE_05;CASH-10;2026-08-06 21:20:52;SKU-002;3;12000;0;CASH
REC-20260806-STORE_05-0291;STORE_05;CASH-05;2026-08-06 21:20:52;SKU-001;2;45000;0;CARD
REC-20260806-STORE_05-0292;STORE_05;CASH-06;2026-08-06 14:02:33;SKU-001;4;45000;500;CASH
REC-20260806-STORE_05-0292;STORE_05;CASH-03;2026-08-06 14:02:33;SKU-001;3;45000;0;CARD
REC-20260806-STORE_05-0293;STORE_05;CASH-04;2026-08-06 12:15:07;SKU-004;2;25000;0;CARD
REC-20260806-STORE_05-0293;STORE_05;CASH-08;2026-08-06 12:15:07;SKU-001;1;45000;0;CARD
REC-20260806-STORE_05-0294;STORE_05;CASH-01;2026-08-06 9:50:10;SKU-001;2;45000;500;CASH
REC-20260806-STORE_05-0294;STORE_05;CASH-03;2026-08-06 9:50:10;SKU-004;3;25000;500;CARD
REC-20260806-STORE_05-0294;STORE_05;CASH-02;2026-08-06 9:50:10;SKU-003;2;45000;1000;CARD
REC-20260806-STORE_05-0295;STORE_05;CASH-07;2026-08-06 14:03:41;SKU-033;2;5000;0;CASH
REC-20260806-STORE_05-0296;STORE_05;CASH-07;2026-08-06 16:31:12;SKU-005;1;5000;0;CASH
REC-20260806-STORE_05-0296;STORE_05;CASH-05;2026-08-06 16:31:12;SKU-008;3;12000;0;CARD
REC-20260806-STORE_05-0296;STORE_05;CASH-06;2026-08-06 16:31:12;SKU-046;4;25000;0;CARD
REC-20260806-STORE_05-0296;STORE_05;CASH-10;2026-08-06 16:31:12;SKU-048;2;25000;0;CASH
REC-20260806-STORE_05-0297;STORE_05;CASH-07;2026-08-06 9:55:44;SKU-001;1;45000;500;CARD
REC-20260806-STORE_05-0297;STORE_05;CASH-08;2026-08-06 9:55:44;SKU-019;1;25000;0;CASH
REC-20260806-STORE_05-0297;STORE_05;CASH-09;2026-08-06 9:55:44;SKU-001;1;45000;0;CASH
REC-20260806-STORE_05-0298;STORE_05;CASH-04;2026-08-06 17:25:49;SKU-047;3;5000;0;CASH
REC-20260806-STORE_05-0298;STORE_05;CASH-02;2026-08-06 17:25:49;SKU-003;2;45000;0;CARD
REC-20260806-STORE_05-0298;STORE_05;CASH-07;2026-08-06 17:25:49;SKU-005;1;5000;500;CARD
REC-20260806-STORE_05-0298;STORE_05;CASH-02;2026-08-06 17:25:49;SKU-001;3;45000;0;CARD
REC-20260806-STORE_05-0299;STORE_05;CASH-08;2026-08-06 13:40:46;SKU-001;2;45000;0;CARD
REC-20260806-STORE_05-0299;STORE_05;CASH-05;2026-08-06 13:40:46;SKU-003;4;45000;0;CARD
REC-20260806-STORE_05-0299;STORE_05;CASH-06;2026-08-06 13:40:46;SKU-005;3;5000;500;CARD
REC-20260806-STORE_05-0299;STORE_05;CASH-09;2026-08-06 13:40:46;SKU-040;1;25000;0;CARD
REC-20260806-STORE_05-0299;STORE_05;CASH-05;2026-08-06 13:40:46;SKU-010;3;25000;1000;CARD
REC-20260806-STORE_05-0300;STORE_05;CASH-10;2026-08-06 19:25:12;SKU-017;1;12000;0;CASH
REC-20260806-STORE_05-0300;STORE_05;CASH-09;2026-08-06 19:25:12;SKU-002;1;12000;0;CARD
REC-20260806-STORE_05-0300;STORE_05;CASH-09;2026-08-06 19:25:12;SKU-002;1;12000;0;CARD
REC-20260806-STORE_05-0300;STORE_05;CASH-05;2026-08-06 19:25:12;SKU-045;3;45000;0;CARD
REC-20260806-STORE_05-0300;STORE_05;CASH-06;2026-08-06 19:25:12;SKU-004;4;25000;1000;CASH
REC-20260806-STORE_05-0301;STORE_05;CASH-07;2026-08-06 8:00:39;SKU-010;1;25000;0;CASH
REC-20260806-STORE_05-0301;STORE_05;CASH-06;2026-08-06 8:00:39;SKU-003;2;45000;1000;CASH
REC-20260806-STORE_05-0301;STORE_05;CASH-08;2026-08-06 8:00:39;SKU-026;2;12000;1000;CARD
REC-20260806-STORE_05-0301;STORE_05;CASH-01;2026-08-06 8:00:39;SKU-001;3;45000;0;CARD
REC-20260806-STORE_05-0301;STORE_05;CASH-03;2026-08-06 8:00:39;SKU-004;3;25000;0;CASH
REC-20260806-STORE_05-0302;STORE_05;CASH-03;2026-08-06 18:29:49;SKU-004;2;25000;500;CARD
REC-20260806-STORE_05-0302;STORE_05;CASH-06;2026-08-06 18:29:49;SKU-001;1;45000;0;CASH
REC-20260806-STORE_05-0302;STORE_05;CASH-08;2026-08-06 18:29:49;SKU-027;3;5000;1000;CASH
REC-20260806-STORE_05-0302;STORE_05;CASH-10;2026-08-06 18:29:49;SKU-008;2;12000;500;CARD
REC-20260806-STORE_05-0302;STORE_05;CASH-04;2026-08-06 18:29:49;SKU-001;4;45000;0;CARD
REC-20260806-STORE_05-0303;STORE_05;CASH-10;2026-08-06 13:12:28;SKU-004;3;25000;1000;CASH
REC-20260806-STORE_05-0304;STORE_05;CASH-05;2026-08-06 20:29:44;SKU-038;3;12000;0;CARD
REC-20260806-STORE_05-0304;STORE_05;CASH-06;2026-08-06 20:29:44;SKU-003;1;45000;0;CARD
REC-20260806-STORE_05-0304;STORE_05;CASH-09;2026-08-06 20:29:44;SKU-048;2;25000;1000;CARD
REC-20260806-STORE_05-0304;STORE_05;CASH-05;2026-08-06 20:29:44;SKU-048;4;25000;500;CARD
REC-20260806-STORE_05-0304;STORE_05;CASH-07;2026-08-06 20:29:44;SKU-003;4;45000;0;CASH
REC-20260806-STORE_05-0305;STORE_05;CASH-02;2026-08-06 14:20:37;SKU-009;3;25000;0;CASH
REC-20260806-STORE_05-0306;STORE_05;CASH-06;2026-08-06 15:01:00;SKU-013;2;12000;1000;CASH
REC-20260806-STORE_05-0306;STORE_05;CASH-09;2026-08-06 15:01:00;SKU-011;1;5000;0;CARD
REC-20260806-STORE_05-0306;STORE_05;CASH-10;2026-08-06 15:01:00;SKU-011;1;5000;500;CARD
REC-20260806-STORE_05-0306;STORE_05;CASH-05;2026-08-06 15:01:00;SKU-007;2;12000;500;CARD
REC-20260806-STORE_05-0306;STORE_05;CASH-06;2026-08-06 15:01:00;SKU-018;2;5000;0;CASH
REC-20260806-STORE_05-0307;STORE_05;CASH-05;2026-08-06 14:13:25;SKU-005;4;5000;500;CASH
REC-20260806-STORE_05-0308;STORE_05;CASH-02;2026-08-06 10:44:28;SKU-001;2;45000;0;CARD
REC-20260806-STORE_05-0308;STORE_05;CASH-08;2026-08-06 10:44:28;SKU-014;1;5000;0;CARD
REC-20260806-STORE_05-0308;STORE_05;CASH-05;2026-08-06 10:44:28;SKU-024;3;12000;0;CARD
REC-20260806-STORE_05-0308;STORE_05;CASH-09;2026-08-06 10:44:28;SKU-001;2;45000;0;CASH
REC-20260806-STORE_05-0309;STORE_05;CASH-05;2026-08-06 21:16:54;SKU-001;4;45000;0;CASH
REC-20260806-STORE_05-0309;STORE_05;CASH-08;2026-08-06 21:16:54;SKU-028;3;5000;0;CASH
REC-20260806-STORE_05-0309;STORE_05;CASH-09;2026-08-06 21:16:54;SKU-002;2;12000;0;CARD
REC-20260806-STORE_05-0310;STORE_05;CASH-03;2026-08-06 14:03:12;SKU-008;4;12000;0;CASH
REC-20260806-STORE_05-0310;STORE_05;CASH-08;2026-08-06 14:03:12;SKU-015;4;5000;1000;CARD
REC-20260806-STORE_05-0310;STORE_05;CASH-07;2026-08-06 14:03:12;SKU-046;1;25000;1000;CASH
REC-20260806-STORE_05-0310;STORE_05;CASH-09;2026-08-06 14:03:12;SKU-031;4;45000;500;CARD
REC-20260806-STORE_05-0310;STORE_05;CASH-08;2026-08-06 14:03:12;SKU-001;3;45000;1000;CARD
REC-20260806-STORE_05-0311;STORE_05;CASH-04;2026-08-06 17:56:35;SKU-001;2;45000;0;CARD
REC-20260806-STORE_05-0312;STORE_05;CASH-05;2026-08-06 11:22:06;SKU-008;1;12000;1000;CARD
REC-20260806-STORE_05-0312;STORE_05;CASH-05;2026-08-06 11:22:06;SKU-013;1;12000;500;CARD
REC-20260806-STORE_05-0312;STORE_05;CASH-05;2026-08-06 11:22:06;SKU-003;2;45000;500;CARD
REC-20260806-STORE_05-0312;STORE_05;CASH-03;2026-08-06 11:22:06;SKU-002;1;12000;0;CASH
REC-20260806-STORE_05-0313;STORE_05;CASH-01;2026-08-06 15:41:45;SKU-035;3;5000;1000;CARD
REC-20260806-STORE_05-0313;STORE_05;CASH-08;2026-08-06 15:41:45;SKU-028;4;5000;0;CARD
REC-20260806-STORE_05-0313;STORE_05;CASH-07;2026-08-06 15:41:45;SKU-024;1;12000;0;CARD
REC-20260806-STORE_05-0313;STORE_05;CASH-06;2026-08-06 15:41:45;SKU-010;2;25000;0;CARD
REC-20260806-STORE_05-0314;STORE_05;CASH-06;2026-08-06 13:00:38;SKU-001;2;45000;0;CARD
REC-20260806-STORE_05-0314;STORE_05;CASH-06;2026-08-06 13:00:38;SKU-017;4;12000;500;CASH
REC-20260806-STORE_05-0315;STORE_05;CASH-10;2026-08-06 17:38:40;SKU-003;2;45000;0;CARD
REC-20260806-STORE_05-0315;STORE_05;CASH-03;2026-08-06 17:38:40;SKU-018;3;5000;1000;CARD
REC-20260806-STORE_05-0315;STORE_05;CASH-05;2026-08-06 17:38:40;SKU-014;3;5000;0;CARD
REC-20260806-STORE_05-0316;STORE_05;CASH-02;2026-08-06 18:43:32;SKU-014;2;5000;0;CARD
REC-20260806-STORE_05-0316;STORE_05;CASH-03;2026-08-06 18:43:32;SKU-001;3;45000;1000;CASH
REC-20260806-STORE_05-0316;STORE_05;CASH-10;2026-08-06 18:43:32;SKU-031;1;45000;500;CARD
REC-20260806-STORE_05-0317;STORE_05;CASH-01;2026-08-06 16:13:48;SKU-038;1;12000;0;CARD
REC-20260806-STORE_05-0317;STORE_05;CASH-03;2026-08-06 16:13:48;SKU-026;2;12000;0;CASH
REC-20260806-STORE_05-0317;STORE_05;CASH-09;2026-08-06 16:13:48;SKU-008;4;12000;0;CARD
REC-20260806-STORE_05-0318;STORE_05;CASH-09;2026-08-06 17:20:29;SKU-024;4;12000;0;CARD
REC-20260806-STORE_05-0318;STORE_05;CASH-08;2026-08-06 17:20:29;SKU-014;2;5000;0;CASH
REC-20260806-STORE_05-0318;STORE_05;CASH-01;2026-08-06 17:20:29;SKU-001;3;45000;0;CARD
REC-20260806-STORE_05-0318;STORE_05;CASH-06;2026-08-06 17:20:29;SKU-003;2;45000;0;CARD
REC-20260806-STORE_05-0319;STORE_05;CASH-02;2026-08-06 9:40:12;SKU-002;4;12000;1000;CARD
REC-20260806-STORE_05-0319;STORE_05;CASH-04;2026-08-06 9:40:12;SKU-004;2;25000;0;CASH
REC-20260806-STORE_05-0319;STORE_05;CASH-08;2026-08-06 9:40:12;SKU-001;4;45000;0;CARD
REC-20260806-STORE_05-0320;STORE_05;CASH-06;2026-08-06 12:00:43;SKU-048;1;25000;1000;CASH
REC-20260806-STORE_05-0321;STORE_05;CASH-07;2026-08-06 20:58:54;SKU-047;2;5000;0;CARD
REC-20260806-STORE_05-0321;STORE_05;CASH-03;2026-08-06 20:58:54;SKU-002;3;12000;0;CASH
REC-20260806-STORE_05-0321;STORE_05;CASH-09;2026-08-06 20:58:54;SKU-011;1;5000;0;CARD
REC-20260806-STORE_05-0322;STORE_05;CASH-04;2026-08-06 8:32:10;SKU-003;1;45000;500;CARD
REC-20260806-STORE_05-0323;STORE_05;CASH-05;2026-08-06 8:39:45;SKU-002;1;12000;500;CASH
REC-20260806-STORE_05-0323;STORE_05;CASH-01;2026-08-06 8:39:45;SKU-025;1;5000;500;CARD
REC-20260806-STORE_05-0323;STORE_05;CASH-04;2026-08-06 8:39:45;SKU-002;1;12000;0;CASH
REC-20260806-STORE_05-0324;STORE_05;CASH-06;2026-08-06 10:02:47;SKU-011;2;5000;1000;CARD
REC-20260806-STORE_05-0324;STORE_05;CASH-02;2026-08-06 10:02:47;SKU-001;2;45000;0;CARD
REC-20260806-STORE_05-0324;STORE_05;CASH-08;2026-08-06 10:02:47;SKU-011;2;5000;0;CARD
REC-20260806-STORE_05-0324;STORE_05;CASH-09;2026-08-06 10:02:47;SKU-004;2;25000;0;CARD
REC-20260806-STORE_05-0325;STORE_05;CASH-02;2026-08-06 10:28:54;SKU-001;1;45000;0;CASH
REC-20260806-STORE_05-0325;STORE_05;CASH-09;2026-08-06 10:28:54;SKU-015;1;5000;0;CARD
REC-20260806-STORE_05-0325;STORE_05;CASH-07;2026-08-06 10:28:54;SKU-001;1;45000;0;CARD
REC-20260806-STORE_05-0325;STORE_05;CASH-07;2026-08-06 10:28:54;SKU-002;4;12000;0;CARD
REC-20260806-STORE_05-0325;STORE_05;CASH-07;2026-08-06 10:28:54;SKU-018;1;5000;0;CASH
REC-20260806-STORE_05-0326;STORE_05;CASH-07;2026-08-06 11:31:45;SKU-001;3;45000;1000;CARD
REC-20260806-STORE_05-0327;STORE_05;CASH-08;2026-08-06 15:42:01;SKU-017;1;12000;0;CARD
REC-20260806-STORE_05-0327;STORE_05;CASH-02;2026-08-06 15:42:01;SKU-001;1;45000;1000;CARD
REC-20260806-STORE_05-0328;STORE_05;CASH-06;2026-08-06 13:28:40;SKU-001;3;45000;0;CARD
REC-20260806-STORE_05-0328;STORE_05;CASH-09;2026-08-06 13:28:40;SKU-017;1;12000;0;CARD
REC-20260806-STORE_05-0329;STORE_05;CASH-10;2026-08-06 14:50:14;SKU-022;1;12000;0;CASH
REC-20260806-STORE_05-0329;STORE_05;CASH-10;2026-08-06 14:50:14;SKU-017;3;12000;500;CARD
REC-20260806-STORE_05-0329;STORE_05;CASH-04;2026-08-06 14:50:14;SKU-041;4;25000;0;CASH
REC-20260806-STORE_05-0330;STORE_05;CASH-07;2026-08-06 8:46:12;SKU-004;4;25000;500;CARD
REC-20260806-STORE_05-0330;STORE_05;CASH-05;2026-08-06 8:46:12;SKU-001;2;45000;1000;CARD
REC-20260806-STORE_05-0330;STORE_05;CASH-05;2026-08-06 8:46:12;SKU-013;4;12000;500;CARD
REC-20260806-STORE_05-0330;STORE_05;CASH-04;2026-08-06 8:46:12;SKU-004;2;25000;0;CARD
REC-20260806-STORE_05-0331;STORE_05;CASH-10;2026-08-06 21:34:49;SKU-005;4;5000;500;CARD
REC-20260806-STORE_05-0331;STORE_05;CASH-10;2026-08-06 21:34:49;SKU-001;4;45000;0;CASH
REC-20260806-STORE_05-0332;STORE_05;CASH-04;2026-08-06 17:41:24;SKU-002;3;12000;0;CARD
REC-20260806-STORE_05-0332;STORE_05;CASH-06;2026-08-06 17:41:24;SKU-005;2;5000;500;CARD
REC-20260806-STORE_05-0332;STORE_05;CASH-02;2026-08-06 17:41:24;SKU-015;1;5000;0;CASH
REC-20260806-STORE_05-0333;STORE_05;CASH-10;2026-08-06 12:19:00;SKU-006;2;45000;1000;CARD
REC-20260806-STORE_05-0333;STORE_05;CASH-08;2026-08-06 12:19:00;SKU-032;1;25000;0;CARD
REC-20260806-STORE_05-0333;STORE_05;CASH-05;2026-08-06 12:19:00;SKU-002;3;12000;0;CASH
REC-20260806-STORE_05-0333;STORE_05;CASH-10;2026-08-06 12:19:00;SKU-005;2;5000;1000;CARD
REC-20260806-STORE_05-0333;STORE_05;CASH-02;2026-08-06 12:19:00;SKU-007;4;12000;0;CARD
REC-20260806-STORE_05-0334;STORE_05;CASH-01;2026-08-06 17:50:46;SKU-001;4;45000;0;CARD
REC-20260806-STORE_05-0334;STORE_05;CASH-07;2026-08-06 17:50:46;SKU-049;2;5000;1000;CARD
REC-20260806-STORE_05-0334;STORE_05;CASH-08;2026-08-06 17:50:46;SKU-008;2;12000;0;CARD
REC-20260806-STORE_05-0334;STORE_05;CASH-06;2026-08-06 17:50:46;SKU-007;1;12000;0;CASH
REC-20260806-STORE_05-0335;STORE_05;CASH-03;2026-08-06 21:30:59;SKU-043;2;25000;1000;CASH
REC-20260806-STORE_05-0336;STORE_05;CASH-10;2026-08-06 21:00:27;SKU-001;4;45000;0;CASH
REC-20260806-STORE_05-0336;STORE_05;CASH-09;2026-08-06 21:00:27;SKU-001;3;45000;500;CARD
REC-20260806-STORE_05-0337;STORE_05;CASH-01;2026-08-06 16:30:18;SKU-034;4;25000;500;CASH
REC-20260806-STORE_05-0337;STORE_05;CASH-08;2026-08-06 16:30:18;SKU-001;4;45000;0;CASH
REC-20260806-STORE_05-0337;STORE_05;CASH-10;2026-08-06 16:30:18;SKU-002;3;12000;0;CARD
REC-20260806-STORE_05-0337;STORE_05;CASH-04;2026-08-06 16:30:18;SKU-027;4;5000;0;CARD
REC-20260806-STORE_05-0337;STORE_05;CASH-07;2026-08-06 16:30:18;SKU-001;4;45000;0;CARD
REC-20260806-STORE_05-0338;STORE_05;CASH-03;2026-08-06 18:43:36;SKU-015;1;5000;1000;CARD
REC-20260806-STORE_05-0338;STORE_05;CASH-05;2026-08-06 18:43:36;SKU-015;3;5000;0;CASH
REC-20260806-STORE_05-0338;STORE_05;CASH-05;2026-08-06 18:43:36;SKU-001;2;45000;1000;CARD
REC-20260806-STORE_05-0339;STORE_05;CASH-08;2026-08-06 11:27:39;SKU-001;1;45000;500;CARD
REC-20260806-STORE_05-0340;STORE_05;CASH-06;2026-08-06 15:04:05;SKU-001;2;45000;1000;CARD
REC-20260806-STORE_05-0340;STORE_05;CASH-06;2026-08-06 15:04:05;SKU-039;2;5000;500;CARD
REC-20260806-STORE_05-0340;STORE_05;CASH-06;2026-08-06 15:04:05;SKU-001;2;45000;1000;CARD
REC-20260806-STORE_05-0341;STORE_05;CASH-03;2026-08-06 18:31:24;SKU-028;4;5000;1000;CARD
REC-20260806-STORE_05-0341;STORE_05;CASH-06;2026-08-06 18:31:24;SKU-014;4;5000;0;CASH
REC-20260806-STORE_05-0341;STORE_05;CASH-04;2026-08-06 18:31:24;SKU-006;3;45000;1000;CARD
REC-20260806-STORE_05-0341;STORE_05;CASH-06;2026-08-06 18:31:24;SKU-001;3;45000;1000;CASH
REC-20260806-STORE_05-0342;STORE_05;CASH-05;2026-08-06 21:50:20;SKU-001;1;45000;500;CARD
REC-20260806-STORE_05-0342;STORE_05;CASH-08;2026-08-06 21:50:20;SKU-001;3;45000;0;CARD
REC-20260806-STORE_05-0342;STORE_05;CASH-05;2026-08-06 21:50:20;SKU-003;2;45000;0;CASH
REC-20260806-STORE_05-0343;STORE_05;CASH-04;2026-08-06 18:17:04;SKU-038;4;12000;1000;CARD
REC-20260806-STORE_05-0343;STORE_05;CASH-02;2026-08-06 18:17:04;SKU-030;3;45000;0;CASH
REC-20260806-STORE_05-0344;STORE_05;CASH-03;2026-08-06 12:23:46;SKU-026;4;12000;1000;CARD
REC-20260806-STORE_05-0344;STORE_05;CASH-01;2026-08-06 12:23:46;SKU-010;3;25000;0;CASH
REC-20260806-STORE_05-0344;STORE_05;CASH-02;2026-08-06 12:23:46;SKU-001;3;45000;0;CASH
REC-20260806-STORE_05-0345;STORE_05;CASH-09;2026-08-06 19:10:04;SKU-035;3;5000;500;CARD
REC-20260806-STORE_05-0345;STORE_05;CASH-03;2026-08-06 19:10:04;SKU-006;1;45000;500;CARD
REC-20260806-STORE_05-0345;STORE_05;CASH-10;2026-08-06 19:10:04;SKU-003;3;45000;1000;CARD
REC-20260806-STORE_05-0346;STORE_05;CASH-09;2026-08-06 13:18:58;SKU-008;4;12000;1000;CARD
REC-20260806-STORE_05-0346;STORE_05;CASH-05;2026-08-06 13:18:58;SKU-006;2;45000;0;CARD
REC-20260806-STORE_05-0346;STORE_05;CASH-07;2026-08-06 13:18:58;SKU-007;2;12000;0;CASH
REC-20260806-STORE_05-0346;STORE_05;CASH-04;2026-08-06 13:18:58;SKU-010;1;25000;500;CARD
REC-20260806-STORE_05-0347;STORE_05;CASH-09;2026-08-06 20:59:54;SKU-022;4;12000;0;CARD
REC-20260806-STORE_05-0348;STORE_05;CASH-09;2026-08-06 20:01:42;SKU-004;3;25000;0;CASH
REC-20260806-STORE_05-0348;STORE_05;CASH-08;2026-08-06 20:01:42;SKU-001;3;45000;0;CASH
REC-20260806-STORE_05-0349;STORE_05;CASH-10;2026-08-06 10:02:22;SKU-010;3;25000;1000;CARD
REC-20260806-STORE_05-0349;STORE_05;CASH-01;2026-08-06 10:02:22;SKU-001;2;45000;1000;CARD
REC-20260806-STORE_05-0349;STORE_05;CASH-04;2026-08-06 10:02:22;SKU-045;4;45000;0;CARD
REC-20260806-STORE_05-0349;STORE_05;CASH-03;2026-08-06 10:02:22;SKU-004;1;25000;1000;CARD
REC-20260806-STORE_05-0349;STORE_05;CASH-01;2026-08-06 10:02:22;SKU-002;4;12000;0;CASH
REC-20260806-STORE_05-0350;STORE_05;CASH-10;2026-08-06 16:35:28;SKU-011;4;5000;1000;CASH
REC-20260806-STORE_05-0351;STORE_05;CASH-07;2026-08-06 12:39:05;SKU-008;4;12000;0;CARD
REC-20260806-STORE_05-0351;STORE_05;CASH-03;2026-08-06 12:39:05;SKU-001;2;45000;0;CARD
REC-20260806-STORE_05-0351;STORE_05;CASH-09;2026-08-06 12:39:05;SKU-001;1;45000;0;CARD
REC-20260806-STORE_05-0351;STORE_05;CASH-06;2026-08-06 12:39:05;SKU-044;2;5000;0;CASH
REC-20260806-STORE_05-0352;STORE_05;CASH-09;2026-08-06 16:48:40;SKU-001;1;45000;0;CASH
REC-20260806-STORE_05-0352;STORE_05;CASH-02;2026-08-06 16:48:40;SKU-041;2;25000;0;CARD
REC-20260806-STORE_05-0352;STORE_05;CASH-10;2026-08-06 16:48:40;SKU-024;4;12000;0;CARD
REC-20260806-STORE_05-0353;STORE_05;CASH-06;2026-08-06 10:37:19;SKU-006;3;45000;0;CARD
REC-20260806-STORE_05-0353;STORE_05;CASH-09;2026-08-06 10:37:19;SKU-001;2;45000;0;CARD
REC-20260806-STORE_05-0353;STORE_05;CASH-07;2026-08-06 10:37:19;SKU-007;3;12000;0;CASH
REC-20260806-STORE_05-0353;STORE_05;CASH-04;2026-08-06 10:37:19;SKU-001;2;45000;1000;CARD
REC-20260806-STORE_05-0353;STORE_05;CASH-07;2026-08-06 10:37:19;SKU-002;2;12000;0;CARD
REC-20260806-STORE_05-0354;STORE_05;CASH-02;2026-08-06 9:53:38;SKU-001;1;45000;0;CASH
REC-20260806-STORE_05-0355;STORE_05;CASH-07;2026-08-06 13:48:16;SKU-005;3;5000;0;CARD
REC-20260806-STORE_05-0355;STORE_05;CASH-02;2026-08-06 13:48:16;SKU-008;4;12000;0;CARD
REC-20260806-STORE_05-0355;STORE_05;CASH-06;2026-08-06 13:48:16;SKU-004;3;25000;500;CASH
REC-20260806-STORE_05-0355;STORE_05;CASH-10;2026-08-06 13:48:16;SKU-006;3;45000;1000;CASH
REC-20260806-STORE_05-0355;STORE_05;CASH-06;2026-08-06 13:48:16;SKU-009;1;25000;0;CARD
REC-20260806-STORE_05-0356;STORE_05;CASH-10;2026-08-06 10:35:43;SKU-001;4;45000;500;CARD
REC-20260806-STORE_05-0356;STORE_05;CASH-02;2026-08-06 10:35:43;SKU-001;4;45000;0;CASH
REC-20260806-STORE_05-0356;STORE_05;CASH-07;2026-08-06 10:35:43;SKU-003;3;45000;500;CARD
REC-20260806-STORE_05-0356;STORE_05;CASH-04;2026-08-06 10:35:43;SKU-003;3;45000;0;CARD
REC-20260806-STORE_05-0357;STORE_05;CASH-05;2026-08-06 21:57:51;SKU-002;2;12000;0;CARD
REC-20260806-STORE_05-0357;STORE_05;CASH-09;2026-08-06 21:57:51;SKU-001;4;45000;500;CARD
REC-20260806-STORE_05-0358;STORE_05;CASH-04;2026-08-06 21:07:37;SKU-002;4;12000;500;CARD
REC-20260806-STORE_05-0358;STORE_05;CASH-06;2026-08-06 21:07:37;SKU-001;3;45000;0;CASH
REC-20260806-STORE_05-0358;STORE_05;CASH-05;2026-08-06 21:07:37;SKU-006;1;45000;0;CARD
REC-20260806-STORE_05-0358;STORE_05;CASH-10;2026-08-06 21:07:37;SKU-001;3;45000;500;CASH
REC-20260806-STORE_05-0359;STORE_05;CASH-07;2026-08-06 20:40:58;SKU-003;3;45000;0;CARD
REC-20260806-STORE_05-0359;STORE_05;CASH-05;2026-08-06 20:40:58;SKU-002;1;12000;500;CARD
REC-20260806-STORE_05-0359;STORE_05;CASH-09;2026-08-06 20:40:58;SKU-009;1;25000;0;CASH
REC-20260806-STORE_05-0360;STORE_05;CASH-01;2026-08-06 19:36:48;SKU-018;2;5000;0;CASH
REC-20260806-STORE_05-0361;STORE_05;CASH-01;2026-08-06 9:34:15;SKU-016;3;25000;500;CARD
REC-20260806-STORE_05-0361;STORE_05;CASH-01;2026-08-06 9:34:15;SKU-001;3;45000;1000;CARD
REC-20260806-STORE_05-0362;STORE_05;CASH-03;2026-08-06 19:07:28;SKU-018;4;5000;0;CARD
REC-20260806-STORE_05-0362;STORE_05;CASH-10;2026-08-06 19:07:28;SKU-003;1;45000;500;CASH
REC-20260806-STORE_05-0362;STORE_05;CASH-10;2026-08-06 19:07:28;SKU-002;4;12000;500;CARD
REC-20260806-STORE_05-0362;STORE_05;CASH-09;2026-08-06 19:07:28;SKU-025;2;5000;0;CARD
REC-20260806-STORE_05-0362;STORE_05;CASH-01;2026-08-06 19:07:28;SKU-002;2;12000;500;CARD
REC-20260806-STORE_05-0363;STORE_05;CASH-09;2026-08-06 20:18:11;SKU-029;4;5000;0;CARD
REC-20260806-STORE_05-0364;STORE_05;CASH-04;2026-08-06 13:32:25;SKU-002;2;12000;500;CARD
REC-20260806-STORE_05-0364;STORE_05;CASH-09;2026-08-06 13:32:25;SKU-001;3;45000;0;CARD
REC-20260806-STORE_05-0365;STORE_05;CASH-05;2026-08-06 14:22:14;SKU-005;4;5000;500;CARD
REC-20260806-STORE_05-0365;STORE_05;CASH-08;2026-08-06 14:22:14;SKU-001;2;45000;1000;CARD
REC-20260806-STORE_05-0365;STORE_05;CASH-06;2026-08-06 14:22:14;SKU-013;2;12000;0;CARD
REC-20260806-STORE_05-0366;STORE_05;CASH-08;2026-08-06 21:58:42;SKU-001;1;45000;0;CARD
REC-20260806-STORE_05-0366;STORE_05;CASH-01;2026-08-06 21:58:42;SKU-001;1;45000;0;CARD
REC-20260806-STORE_05-0367;STORE_05;CASH-03;2026-08-06 12:48:36;SKU-001;1;45000;0;CASH
REC-20260806-STORE_05-0367;STORE_05;CASH-02;2026-08-06 12:48:36;SKU-011;1;5000;0;CASH
REC-20260806-STORE_05-0368;STORE_05;CASH-07;2026-08-06 13:36:25;SKU-001;2;45000;0;CARD
REC-20260806-STORE_05-0368;STORE_05;CASH-07;2026-08-06 13:36:25;SKU-001;4;45000;0;CARD
REC-20260806-STORE_05-0369;STORE_05;CASH-09;2026-08-06 8:32:32;SKU-001;3;45000;500;CASH
REC-20260806-STORE_05-0369;STORE_05;CASH-03;2026-08-06 8:32:32;SKU-006;4;45000;1000;CARD
REC-20260806-STORE_05-0370;STORE_05;CASH-03;2026-08-06 15:11:49;SKU-001;3;45000;0;CASH
REC-20260806-STORE_05-0370;STORE_05;CASH-05;2026-08-06 15:11:49;SKU-002;1;12000;0;CARD
REC-20260806-STORE_05-0370;STORE_05;CASH-06;2026-08-06 15:11:49;SKU-001;3;45000;500;CARD
REC-20260806-STORE_05-0370;STORE_05;CASH-06;2026-08-06 15:11:49;SKU-003;4;45000;1000;CARD
REC-20260806-STORE_05-0371;STORE_05;CASH-04;2026-08-06 19:28:31;SKU-011;4;5000;0;CARD
REC-20260806-STORE_05-0371;STORE_05;CASH-04;2026-08-06 19:28:31;SKU-034;4;25000;1000;CASH
REC-20260806-STORE_05-0372;STORE_05;CASH-07;2026-08-06 18:37:50;SKU-002;4;12000;1000;CARD
REC-20260806-STORE_05-0372;STORE_05;CASH-01;2026-08-06 18:37:50;SKU-006;1;45000;0;CARD
REC-20260806-STORE_05-0372;STORE_05;CASH-10;2026-08-06 18:37:50;SKU-004;1;25000;0;CASH
REC-20260806-STORE_05-0372;STORE_05;CASH-08;2026-08-06 18:37:50;SKU-002;2;12000;500;CASH
REC-20260806-STORE_05-0373;STORE_05;CASH-10;2026-08-06 14:39:00;SKU-001;1;45000;0;CARD
REC-20260806-STORE_05-0373;STORE_05;CASH-04;2026-08-06 14:39:00;SKU-020;2;12000;0;CASH
REC-20260806-STORE_05-0373;STORE_05;CASH-05;2026-08-06 14:39:00;SKU-030;4;45000;500;CARD
REC-20260806-STORE_05-0374;STORE_05;CASH-08;2026-08-06 11:05:55;SKU-015;1;5000;0;CARD
REC-20260806-STORE_05-0374;STORE_05;CASH-09;2026-08-06 11:05:55;SKU-001;2;45000;0;CARD
REC-20260806-STORE_05-0375;STORE_05;CASH-09;2026-08-06 13:46:07;SKU-003;1;45000;0;CASH
REC-20260806-STORE_05-0375;STORE_05;CASH-07;2026-08-06 13:46:07;SKU-022;3;12000;0;CARD
REC-20260806-STORE_05-0375;STORE_05;CASH-09;2026-08-06 13:46:07;SKU-021;1;5000;0;CARD
REC-20260806-STORE_05-0375;STORE_05;CASH-07;2026-08-06 13:46:07;SKU-019;3;25000;0;CASH
REC-20260806-STORE_05-0376;STORE_05;CASH-09;2026-08-06 15:52:34;SKU-001;2;45000;0;CASH
REC-20260806-STORE_05-0376;STORE_05;CASH-08;2026-08-06 15:52:34;SKU-009;1;25000;0;CARD
REC-20260806-STORE_05-0377;STORE_05;CASH-03;2026-08-06 17:33:29;SKU-001;1;45000;0;CARD
REC-20260806-STORE_05-0377;STORE_05;CASH-03;2026-08-06 17:33:29;SKU-008;2;12000;0;CARD
REC-20260806-STORE_05-0377;STORE_05;CASH-06;2026-08-06 17:33:29;SKU-017;4;12000;500;CARD
REC-20260806-STORE_05-0377;STORE_05;CASH-09;2026-08-06 17:33:29;SKU-010;2;25000;1000;CASH
REC-20260806-STORE_05-0377;STORE_05;CASH-10;2026-08-06 17:33:29;SKU-033;4;5000;500;CARD
REC-20260806-STORE_05-0378;STORE_05;CASH-04;2026-08-06 21:40:26;SKU-045;3;45000;0;CASH
REC-20260806-STORE_05-0378;STORE_05;CASH-02;2026-08-06 21:40:26;SKU-032;4;25000;0;CARD
REC-20260806-STORE_05-0378;STORE_05;CASH-02;2026-08-06 21:40:26;SKU-001;3;45000;0;CASH
REC-20260806-STORE_05-0378;STORE_05;CASH-08;2026-08-06 21:40:26;SKU-022;2;12000;1000;CARD
REC-20260806-STORE_05-0379;STORE_05;CASH-05;2026-08-06 13:00:46;SKU-015;3;5000;0;CASH
REC-20260806-STORE_05-0379;STORE_05;CASH-08;2026-08-06 13:00:46;SKU-034;4;25000;0;CARD
REC-20260806-STORE_05-0380;STORE_05;CASH-03;2026-08-06 16:51:01;SKU-042;2;5000;1000;CARD
REC-20260806-STORE_05-0381;STORE_05;CASH-07;2026-08-06 8:42:24;SKU-002;2;12000;0;CARD
REC-20260806-STORE_05-0381;STORE_05;CASH-10;2026-08-06 8:42:24;SKU-005;3;5000;500;CASH
REC-20260806-STORE_05-0381;STORE_05;CASH-10;2026-08-06 8:42:24;SKU-003;1;45000;500;CARD
REC-20260806-STORE_05-0381;STORE_05;CASH-07;2026-08-06 8:42:24;SKU-013;2;12000;0;CARD
REC-20260806-STORE_05-0381;STORE_05;CASH-02;2026-08-06 8:42:24;SKU-004;3;25000;0;CARD
REC-20260806-STORE_05-0382;STORE_05;CASH-09;2026-08-06 17:12:20;SKU-009;1;25000;0;CARD
REC-20260806-STORE_05-0383;STORE_05;CASH-06;2026-08-06 10:32:56;SKU-027;2;5000;0;CASH
REC-20260806-STORE_05-0383;STORE_05;CASH-01;2026-08-06 10:32:56;SKU-037;2;45000;500;CARD
REC-20260806-STORE_05-0383;STORE_05;CASH-06;2026-08-06 10:32:56;SKU-006;1;45000;0;CARD
REC-20260806-STORE_05-0383;STORE_05;CASH-05;2026-08-06 10:32:56;SKU-001;4;45000;0;CARD
REC-20260806-STORE_05-0384;STORE_05;CASH-09;2026-08-06 9:06:50;SKU-040;4;25000;0;CARD
REC-20260806-STORE_05-0384;STORE_05;CASH-04;2026-08-06 9:06:50;SKU-007;3;12000;0;CASH
REC-20260806-STORE_05-0384;STORE_05;CASH-04;2026-08-06 9:06:50;SKU-023;4;45000;0;CASH
REC-20260806-STORE_05-0384;STORE_05;CASH-05;2026-08-06 9:06:50;SKU-007;1;12000;500;CARD
REC-20260806-STORE_05-0385;STORE_05;CASH-02;2026-08-06 20:13:22;SKU-001;2;45000;0;CARD
REC-20260806-STORE_05-0385;STORE_05;CASH-08;2026-08-06 20:13:22;SKU-006;4;45000;0;CASH
REC-20260806-STORE_05-0385;STORE_05;CASH-03;2026-08-06 20:13:22;SKU-010;2;25000;1000;CARD
REC-20260806-STORE_05-0386;STORE_05;CASH-02;2026-08-06 15:42:44;SKU-001;3;45000;1000;CASH
REC-20260806-STORE_05-0386;STORE_05;CASH-03;2026-08-06 15:42:44;SKU-003;3;45000;500;CARD
REC-20260806-STORE_05-0387;STORE_05;CASH-02;2026-08-06 10:52:46;SKU-006;3;45000;0;CASH
REC-20260806-STORE_05-0388;STORE_05;CASH-05;2026-08-06 13:02:11;SKU-001;3;45000;500;CARD
REC-20260806-STORE_05-0388;STORE_05;CASH-05;2026-08-06 13:02:11;SKU-005;2;5000;500;CASH
REC-20260806-STORE_05-0388;STORE_05;CASH-07;2026-08-06 13:02:11;SKU-029;4;5000;500;CASH
REC-20260806-STORE_05-0389;STORE_05;CASH-03;2026-08-06 8:51:27;SKU-001;2;45000;0;CARD
REC-20260806-STORE_05-0389;STORE_05;CASH-10;2026-08-06 8:51:27;SKU-002;1;12000;0;CASH
REC-20260806-STORE_05-0389;STORE_05;CASH-03;2026-08-06 8:51:27;SKU-001;1;45000;0;CARD
REC-20260806-STORE_05-0389;STORE_05;CASH-08;2026-08-06 8:51:27;SKU-001;3;45000;1000;CARD
REC-20260806-STORE_05-0389;STORE_05;CASH-07;2026-08-06 8:51:27;SKU-001;2;45000;0;CARD
REC-20260806-STORE_05-0390;STORE_05;CASH-07;2026-08-06 21:44:01;SKU-007;1;12000;0;CASH
REC-20260806-STORE_05-0390;STORE_05;CASH-04;2026-08-06 21:44:01;SKU-008;1;12000;0;CARD
REC-20260806-STORE_05-0390;STORE_05;CASH-06;2026-08-06 21:44:01;SKU-011;1;5000;0;CASH
REC-20260806-STORE_05-0390;STORE_05;CASH-03;2026-08-06 21:44:01;SKU-002;2;12000;0;CARD
REC-20260806-STORE_05-0390;STORE_05;CASH-07;2026-08-06 21:44:01;SKU-002;3;12000;500;CARD
REC-20260806-STORE_05-0391;STORE_05;CASH-07;2026-08-06 15:23:35;SKU-011;2;5000;500;CARD
REC-20260806-STORE_05-0391;STORE_05;CASH-08;2026-08-06 15:23:35;SKU-009;1;25000;0;CARD
REC-20260806-STORE_05-0391;STORE_05;CASH-01;2026-08-06 15:23:35;SKU-001;2;45000;0;CARD
REC-20260806-STORE_05-0391;STORE_05;CASH-06;2026-08-06 15:23:35;SKU-011;2;5000;0;CARD
REC-20260806-STORE_05-0391;STORE_05;CASH-07;2026-08-06 15:23:35;SKU-001;3;45000;0;CARD
REC-20260806-STORE_05-0392;STORE_05;CASH-08;2026-08-06 11:20:12;SKU-004;3;25000;0;CARD
REC-20260806-STORE_05-0392;STORE_05;CASH-02;2026-08-06 11:20:12;SKU-002;4;12000;0;CARD
REC-20260806-STORE_05-0393;STORE_05;CASH-05;2026-08-06 18:23:52;SKU-001;3;45000;0;CARD
REC-20260806-STORE_05-0393;STORE_05;CASH-01;2026-08-06 18:23:52;SKU-033;2;5000;0;CARD
REC-20260806-STORE_05-0393;STORE_05;CASH-09;2026-08-06 18:23:52;SKU-035;1;5000;0;CASH
REC-20260806-STORE_05-0393;STORE_05;CASH-01;2026-08-06 18:23:52;SKU-005;2;5000;0;CARD
REC-20260806-STORE_05-0394;STORE_05;CASH-08;2026-08-06 14:54:26;SKU-014;3;5000;1000;CARD
REC-20260806-STORE_05-0394;STORE_05;CASH-06;2026-08-06 14:54:26;SKU-001;2;45000;0;CASH
REC-20260806-STORE_05-0394;STORE_05;CASH-10;2026-08-06 14:54:26;SKU-005;3;5000;500;CARD
REC-20260806-STORE_05-0395;STORE_05;CASH-06;2026-08-06 13:21:53;SKU-003;4;45000;1000;CARD
REC-20260806-STORE_05-0395;STORE_05;CASH-07;2026-08-06 13:21:53;SKU-007;3;12000;1000;CARD
REC-20260806-STORE_05-0395;STORE_05;CASH-03;2026-08-06 13:21:53;SKU-014;3;5000;500;CARD
REC-20260806-STORE_05-0396;STORE_05;CASH-05;2026-08-06 15:47:27;SKU-010;1;25000;0;CARD
REC-20260806-STORE_05-0397;STORE_05;CASH-06;2026-08-06 15:52:29;SKU-001;2;45000;0;CARD
REC-20260806-STORE_05-0397;STORE_05;CASH-06;2026-08-06 15:52:29;SKU-012;3;45000;500;CARD
REC-20260806-STORE_05-0398;STORE_05;CASH-07;2026-08-06 12:26:28;SKU-002;2;12000;1000;CARD
REC-20260806-STORE_05-0398;STORE_05;CASH-07;2026-08-06 12:26:28;SKU-005;3;5000;0;CASH
REC-20260806-STORE_05-0399;STORE_05;CASH-05;2026-08-06 13:37:08;SKU-015;2;5000;0;CARD
REC-20260806-STORE_05-0400;STORE_05;CASH-05;2026-08-06 15:55:51;SKU-003;1;45000;1000;CARD
REC-20260806-STORE_05-0401;STORE_05;CASH-06;2026-08-06 20:38:35;SKU-003;1;45000;0;CASH
REC-20260806-STORE_05-0401;STORE_05;CASH-02;2026-08-06 20:38:35;SKU-004;1;25000;0;CARD
REC-20260806-STORE_05-0402;STORE_05;CASH-05;2026-08-06 14:10:54;SKU-012;1;45000;0;CARD
REC-20260806-STORE_05-0402;STORE_05;CASH-04;2026-08-06 14:10:54;SKU-001;2;45000;1000;CARD
REC-20260806-STORE_05-0402;STORE_05;CASH-03;2026-08-06 14:10:54;SKU-014;1;5000;1000;CARD
REC-20260806-STORE_05-0402;STORE_05;CASH-01;2026-08-06 14:10:54;SKU-002;4;12000;0;CASH
REC-20260806-STORE_05-0403;STORE_05;CASH-08;2026-08-06 12:40:54;SKU-013;3;12000;0;CARD
REC-20260806-STORE_05-0403;STORE_05;CASH-10;2026-08-06 12:40:54;SKU-033;2;5000;0;CARD
REC-20260806-STORE_05-0403;STORE_05;CASH-08;2026-08-06 12:40:54;SKU-002;3;12000;0;CARD
REC-20260806-STORE_05-0403;STORE_05;CASH-10;2026-08-06 12:40:54;SKU-001;4;45000;1000;CARD
REC-20260806-STORE_05-0404;STORE_05;CASH-09;2026-08-06 17:46:52;SKU-029;3;5000;500;CASH
REC-20260806-STORE_05-0404;STORE_05;CASH-08;2026-08-06 17:46:52;SKU-003;2;45000;500;CASH
REC-20260806-STORE_05-0404;STORE_05;CASH-10;2026-08-06 17:46:52;SKU-002;3;12000;0;CARD
REC-20260806-STORE_05-0404;STORE_05;CASH-02;2026-08-06 17:46:52;SKU-006;2;45000;0;CARD
REC-20260806-STORE_05-0405;STORE_05;CASH-08;2026-08-06 11:43:30;SKU-001;4;45000;0;CARD
REC-20260806-STORE_05-0405;STORE_05;CASH-09;2026-08-06 11:43:30;SKU-014;4;5000;0;CARD
REC-20260806-STORE_05-0405;STORE_05;CASH-08;2026-08-06 11:43:30;SKU-013;2;12000;500;CARD
REC-20260806-STORE_05-0406;STORE_05;CASH-03;2026-08-06 8:59:23;SKU-042;4;5000;1000;CARD
REC-20260806-STORE_05-0407;STORE_05;CASH-06;2026-08-06 12:35:17;SKU-012;4;45000;1000;CARD
REC-20260806-STORE_05-0407;STORE_05;CASH-03;2026-08-06 12:35:17;SKU-010;2;25000;1000;CARD
REC-20260806-STORE_05-0407;STORE_05;CASH-07;2026-08-06 12:35:17;SKU-002;2;12000;0;CARD
REC-20260806-STORE_05-0407;STORE_05;CASH-04;2026-08-06 12:35:17;SKU-001;1;45000;500;CARD
REC-20260806-STORE_05-0407;STORE_05;CASH-09;2026-08-06 12:35:17;SKU-021;3;5000;1000;CASH
REC-20260806-STORE_05-0408;STORE_05;CASH-08;2026-08-06 14:54:34;SKU-015;3;5000;0;CARD
REC-20260806-STORE_05-0409;STORE_05;CASH-07;2026-08-06 9:23:21;SKU-003;4;45000;500;CARD
REC-20260806-STORE_05-0409;STORE_05;CASH-07;2026-08-06 9:23:21;SKU-006;1;45000;0;CARD
REC-20260806-STORE_05-0409;STORE_05;CASH-07;2026-08-06 9:23:21;SKU-027;2;5000;0;CARD
REC-20260806-STORE_05-0409;STORE_05;CASH-02;2026-08-06 9:23:21;SKU-032;4;25000;0;CASH
REC-20260806-STORE_05-0410;STORE_05;CASH-05;2026-08-06 19:29:43;SKU-036;1;45000;0;CASH
REC-20260806-STORE_05-0410;STORE_05;CASH-09;2026-08-06 19:29:43;SKU-007;3;12000;500;CARD
REC-20260806-STORE_05-0410;STORE_05;CASH-02;2026-08-06 19:29:43;SKU-001;2;45000;0;CARD
REC-20260806-STORE_05-0410;STORE_05;CASH-05;2026-08-06 19:29:43;SKU-003;3;45000;1000;CARD
REC-20260806-STORE_05-0411;STORE_05;CASH-07;2026-08-06 8:38:33;SKU-001;2;45000;0;CASH
REC-20260806-STORE_05-0411;STORE_05;CASH-02;2026-08-06 8:38:33;SKU-012;2;45000;0;CARD
REC-20260806-STORE_05-0411;STORE_05;CASH-05;2026-08-06 8:38:33;SKU-030;2;45000;0;CARD
REC-20260806-STORE_05-0411;STORE_05;CASH-07;2026-08-06 8:38:33;SKU-009;4;25000;500;CARD
REC-20260806-STORE_05-0412;STORE_05;CASH-05;2026-08-06 19:30:30;SKU-005;3;5000;500;CARD
REC-20260806-STORE_05-0412;STORE_05;CASH-07;2026-08-06 19:30:30;SKU-031;3;45000;0;CARD
REC-20260806-STORE_05-0413;STORE_05;CASH-10;2026-08-06 17:39:50;SKU-016;4;25000;1000;CARD
REC-20260806-STORE_05-0413;STORE_05;CASH-07;2026-08-06 17:39:50;SKU-023;2;45000;0;CASH
REC-20260806-STORE_05-0413;STORE_05;CASH-09;2026-08-06 17:39:50;SKU-025;1;5000;0;CARD
REC-20260806-STORE_05-0413;STORE_05;CASH-10;2026-08-06 17:39:50;SKU-008;4;12000;0;CASH
REC-20260806-STORE_05-0414;STORE_05;CASH-06;2026-08-06 16:20:37;SKU-035;3;5000;0;CARD
REC-20260806-STORE_05-0414;STORE_05;CASH-04;2026-08-06 16:20:37;SKU-001;2;45000;0;CASH
REC-20260806-STORE_05-0414;STORE_05;CASH-08;2026-08-06 16:20:37;SKU-001;4;45000;0;CASH
REC-20260806-STORE_05-0415;STORE_05;CASH-04;2026-08-06 12:08:14;SKU-004;4;25000;0;CARD
REC-20260806-STORE_05-0415;STORE_05;CASH-09;2026-08-06 12:08:14;SKU-001;4;45000;0;CASH
REC-20260806-STORE_05-0415;STORE_05;CASH-05;2026-08-06 12:08:14;SKU-001;4;45000;0;CARD
REC-20260806-STORE_05-0416;STORE_05;CASH-07;2026-08-06 17:36:06;SKU-001;3;45000;0;CARD
REC-20260806-STORE_05-0417;STORE_05;CASH-01;2026-08-06 11:05:09;SKU-005;2;5000;500;CARD
REC-20260806-STORE_05-0417;STORE_05;CASH-04;2026-08-06 11:05:09;SKU-005;1;5000;0;CASH
REC-20260806-STORE_05-0417;STORE_05;CASH-01;2026-08-06 11:05:09;SKU-016;1;25000;0;CARD
REC-20260806-STORE_05-0417;STORE_05;CASH-09;2026-08-06 11:05:09;SKU-002;1;12000;500;CARD
REC-20260806-STORE_05-0418;STORE_05;CASH-05;2026-08-06 15:19:14;SKU-005;3;5000;0;CASH
REC-20260806-STORE_05-0418;STORE_05;CASH-05;2026-08-06 15:19:14;SKU-031;1;45000;500;CASH
REC-20260806-STORE_05-0419;STORE_05;CASH-04;2026-08-06 10:30:33;SKU-002;1;12000;0;CARD
REC-20260806-STORE_05-0419;STORE_05;CASH-02;2026-08-06 10:30:33;SKU-001;2;45000;1000;CARD
REC-20260806-STORE_05-0419;STORE_05;CASH-01;2026-08-06 10:30:33;SKU-006;3;45000;500;CARD
REC-20260806-STORE_05-0419;STORE_05;CASH-02;2026-08-06 10:30:33;SKU-003;4;45000;0;CASH
REC-20260806-STORE_05-0419;STORE_05;CASH-04;2026-08-06 10:30:33;SKU-036;1;45000;0;CARD
REC-20260806-STORE_05-0420;STORE_05;CASH-01;2026-08-06 20:26:11;SKU-031;3;45000;1000;CARD
REC-20260806-STORE_05-0421;STORE_05;CASH-02;2026-08-06 17:46:15;SKU-001;1;45000;1000;CARD
REC-20260806-STORE_05-0421;STORE_05;CASH-09;2026-08-06 17:46:15;SKU-001;1;45000;1000;CASH
REC-20260806-STORE_05-0421;STORE_05;CASH-08;2026-08-06 17:46:15;SKU-001;3;45000;1000;CARD
REC-20260806-STORE_05-0421;STORE_05;CASH-09;2026-08-06 17:46:15;SKU-020;4;12000;0;CARD
REC-20260806-STORE_05-0421;STORE_05;CASH-01;2026-08-06 17:46:15;SKU-014;1;5000;0;CASH
REC-20260806-STORE_05-0422;STORE_05;CASH-05;2026-08-06 17:17:17;SKU-027;2;5000;0;CARD
REC-20260806-STORE_05-0422;STORE_05;CASH-01;2026-08-06 17:17:17;SKU-001;2;45000;1000;CARD
REC-20260806-STORE_05-0422;STORE_05;CASH-02;2026-08-06 17:17:17;SKU-026;2;12000;500;CASH
REC-20260806-STORE_05-0422;STORE_05;CASH-10;2026-08-06 17:17:17;SKU-014;4;5000;500;CARD
REC-20260806-STORE_05-0423;STORE_05;CASH-08;2026-08-06 16:31:51;SKU-019;3;25000;0;CASH
REC-20260806-STORE_05-0423;STORE_05;CASH-06;2026-08-06 16:31:51;SKU-001;3;45000;1000;CASH
REC-20260806-STORE_05-0423;STORE_05;CASH-07;2026-08-06 16:31:51;SKU-007;2;12000;0;CARD
REC-20260806-STORE_05-0423;STORE_05;CASH-01;2026-08-06 16:31:51;SKU-011;1;5000;0;CASH
REC-20260806-STORE_05-0424;STORE_05;CASH-01;2026-08-06 21:33:14;SKU-035;3;5000;500;CARD
REC-20260806-STORE_05-0424;STORE_05;CASH-01;2026-08-06 21:33:14;SKU-004;4;25000;1000;CARD
REC-20260806-STORE_05-0424;STORE_05;CASH-05;2026-08-06 21:33:14;SKU-001;2;45000;0;CARD
REC-20260806-STORE_05-0424;STORE_05;CASH-10;2026-08-06 21:33:14;SKU-001;2;45000;0;CARD
REC-20260806-STORE_05-0425;STORE_05;CASH-03;2026-08-06 21:25:19;SKU-009;2;25000;0;CARD
REC-20260806-STORE_05-0425;STORE_05;CASH-08;2026-08-06 21:25:19;SKU-004;4;25000;0;CARD
REC-20260806-STORE_05-0425;STORE_05;CASH-10;2026-08-06 21:25:19;SKU-005;4;5000;500;CARD
REC-20260806-STORE_05-0425;STORE_05;CASH-08;2026-08-06 21:25:19;SKU-006;2;45000;0;CASH
REC-20260806-STORE_05-0426;STORE_05;CASH-04;2026-08-06 12:45:36;SKU-023;4;45000;0;CARD
REC-20260806-STORE_05-0426;STORE_05;CASH-09;2026-08-06 12:45:36;SKU-024;1;12000;1000;CARD
REC-20260806-STORE_05-0426;STORE_05;CASH-07;2026-08-06 12:45:36;SKU-005;4;5000;0;CASH
REC-20260806-STORE_05-0426;STORE_05;CASH-02;2026-08-06 12:45:36;SKU-009;4;25000;0;CASH
REC-20260806-STORE_05-0426;STORE_05;CASH-05;2026-08-06 12:45:36;SKU-026;2;12000;1000;CARD
REC-20260806-STORE_05-0427;STORE_05;CASH-05;2026-08-06 17:04:03;SKU-001;2;45000;0;CARD
REC-20260806-STORE_05-0427;STORE_05;CASH-01;2026-08-06 17:04:03;SKU-035;4;5000;500;CARD
REC-20260806-STORE_05-0427;STORE_05;CASH-05;2026-08-06 17:04:03;SKU-034;2;25000;0;CARD
REC-20260806-STORE_05-0427;STORE_05;CASH-03;2026-08-06 17:04:03;SKU-001;2;45000;500;CARD
REC-20260806-STORE_05-0428;STORE_05;CASH-03;2026-08-06 17:05:27;SKU-003;4;45000;0;CARD
REC-20260806-STORE_05-0429;STORE_05;CASH-09;2026-08-06 8:07:38;SKU-001;4;45000;0;CASH
REC-20260806-STORE_05-0430;STORE_05;CASH-03;2026-08-06 10:20:24;SKU-012;1;45000;1000;CARD
REC-20260806-STORE_05-0430;STORE_05;CASH-05;2026-08-06 10:20:24;SKU-002;2;12000;500;CARD
REC-20260806-STORE_05-0430;STORE_05;CASH-06;2026-08-06 10:20:24;SKU-001;2;45000;0;CASH
REC-20260806-STORE_05-0430;STORE_05;CASH-07;2026-08-06 10:20:24;SKU-001;3;45000;0;CARD
REC-20260806-STORE_05-0431;STORE_05;CASH-08;2026-08-06 16:40:19;SKU-002;3;12000;500;CASH
REC-20260806-STORE_05-0432;STORE_05;CASH-06;2026-08-06 8:29:11;SKU-007;1;12000;500;CASH
REC-20260806-STORE_05-0433;STORE_05;CASH-10;2026-08-06 8:37:11;SKU-001;2;45000;0;CARD
REC-20260806-STORE_05-0433;STORE_05;CASH-06;2026-08-06 8:37:11;SKU-019;1;25000;0;CARD
REC-20260806-STORE_05-0433;STORE_05;CASH-07;2026-08-06 8:37:11;SKU-007;3;12000;0;CARD
REC-20260806-STORE_05-0434;STORE_05;CASH-03;2026-08-06 9:19:11;SKU-006;3;45000;0;CASH
REC-20260806-STORE_05-0434;STORE_05;CASH-10;2026-08-06 9:19:11;SKU-001;1;45000;1000;CARD
REC-20260806-STORE_05-0435;STORE_05;CASH-04;2026-08-06 12:03:52;SKU-033;1;5000;0;CASH
REC-20260806-STORE_05-0435;STORE_05;CASH-03;2026-08-06 12:03:52;SKU-004;2;25000;0;CASH
REC-20260806-STORE_05-0435;STORE_05;CASH-06;2026-08-06 12:03:52;SKU-005;3;5000;500;CASH
REC-20260806-STORE_05-0436;STORE_05;CASH-03;2026-08-06 8:16:07;SKU-009;1;25000;1000;CARD
REC-20260806-STORE_05-0436;STORE_05;CASH-08;2026-08-06 8:16:07;SKU-006;3;45000;0;CARD
REC-20260806-STORE_05-0436;STORE_05;CASH-08;2026-08-06 8:16:07;SKU-002;3;12000;1000;CARD
REC-20260806-STORE_05-0437;STORE_05;CASH-07;2026-08-06 11:25:41;SKU-012;2;45000;1000;CASH
REC-20260806-STORE_05-0437;STORE_05;CASH-09;2026-08-06 11:25:41;SKU-001;1;45000;1000;CARD
REC-20260806-STORE_05-0437;STORE_05;CASH-10;2026-08-06 11:25:41;SKU-002;1;12000;0;CASH
REC-20260806-STORE_05-0438;STORE_05;CASH-08;2026-08-06 19:34:22;SKU-005;2;5000;0;CARD
REC-20260806-STORE_05-0439;STORE_05;CASH-10;2026-08-06 17:46:36;SKU-013;3;12000;1000;CASH
REC-20260806-STORE_05-0439;STORE_05;CASH-02;2026-08-06 17:46:36;SKU-009;1;25000;500;CARD
REC-20260806-STORE_05-0439;STORE_05;CASH-06;2026-08-06 17:46:36;SKU-002;4;12000;0;CARD
REC-20260806-STORE_05-0439;STORE_05;CASH-04;2026-08-06 17:46:36;SKU-002;3;12000;500;CARD
REC-20260806-STORE_05-0439;STORE_05;CASH-01;2026-08-06 17:46:36;SKU-002;2;12000;0;CARD
REC-20260806-STORE_05-0440;STORE_05;CASH-05;2026-08-06 19:32:33;SKU-002;1;12000;500;CARD
REC-20260806-STORE_05-0441;STORE_05;CASH-09;2026-08-06 12:35:19;SKU-001;3;45000;0;CARD
REC-20260806-STORE_05-0441;STORE_05;CASH-07;2026-08-06 12:35:19;SKU-004;3;25000;0;CARD
REC-20260806-STORE_05-0441;STORE_05;CASH-06;2026-08-06 12:35:19;SKU-003;1;45000;500;CARD
REC-20260806-STORE_05-0442;STORE_05;CASH-01;2026-08-06 12:09:47;SKU-031;4;45000;500;CASH
REC-20260806-STORE_05-0442;STORE_05;CASH-03;2026-08-06 12:09:47;SKU-003;2;45000;1000;CASH
REC-20260806-STORE_05-0442;STORE_05;CASH-10;2026-08-06 12:09:47;SKU-018;1;5000;500;CARD
REC-20260806-STORE_05-0443;STORE_05;CASH-06;2026-08-06 14:52:35;SKU-012;3;45000;1000;CARD
REC-20260806-STORE_05-0443;STORE_05;CASH-02;2026-08-06 14:52:35;SKU-017;2;12000;0;CARD
REC-20260806-STORE_05-0444;STORE_05;CASH-10;2026-08-06 20:22:03;SKU-028;2;5000;500;CASH
REC-20260806-STORE_05-0444;STORE_05;CASH-09;2026-08-06 20:22:03;SKU-040;1;25000;500;CARD
REC-20260806-STORE_05-0444;STORE_05;CASH-03;2026-08-06 20:22:03;SKU-017;4;12000;0;CARD
REC-20260806-STORE_05-0444;STORE_05;CASH-04;2026-08-06 20:22:03;SKU-029;3;5000;500;CARD
REC-20260806-STORE_05-0444;STORE_05;CASH-06;2026-08-06 20:22:03;SKU-003;2;45000;500;CARD
REC-20260806-STORE_05-0445;STORE_05;CASH-02;2026-08-06 16:12:41;SKU-020;1;12000;0;CARD
REC-20260806-STORE_05-0445;STORE_05;CASH-09;2026-08-06 16:12:41;SKU-003;3;45000;1000;CARD
REC-20260806-STORE_05-0445;STORE_05;CASH-09;2026-08-06 16:12:41;SKU-015;2;5000;1000;CARD
REC-20260806-STORE_05-0445;STORE_05;CASH-10;2026-08-06 16:12:41;SKU-002;4;12000;1000;CARD
REC-20260806-STORE_05-0445;STORE_05;CASH-01;2026-08-06 16:12:41;SKU-045;4;45000;1000;CARD
REC-20260806-STORE_05-0446;STORE_05;CASH-07;2026-08-06 12:05:02;SKU-001;1;45000;500;CASH
REC-20260806-STORE_05-0446;STORE_05;CASH-06;2026-08-06 12:05:02;SKU-001;1;45000;0;CASH
REC-20260806-STORE_05-0446;STORE_05;CASH-06;2026-08-06 12:05:02;SKU-002;3;12000;1000;CARD
REC-20260806-STORE_05-0446;STORE_05;CASH-03;2026-08-06 12:05:02;SKU-013;4;12000;0;CASH
REC-20260806-STORE_05-0447;STORE_05;CASH-09;2026-08-06 15:34:46;SKU-008;1;12000;1000;CARD
REC-20260806-STORE_05-0447;STORE_05;CASH-01;2026-08-06 15:34:46;SKU-033;3;5000;0;CARD
REC-20260806-STORE_05-0447;STORE_05;CASH-07;2026-08-06 15:34:46;SKU-010;3;25000;500;CARD
REC-20260806-STORE_05-0447;STORE_05;CASH-10;2026-08-06 15:34:46;SKU-027;2;5000;0;CARD
REC-20260806-STORE_05-0447;STORE_05;CASH-03;2026-08-06 15:34:46;SKU-002;1;12000;500;CARD
REC-20260806-STORE_05-0448;STORE_05;CASH-04;2026-08-06 15:00:29;SKU-008;1;12000;0;CARD
REC-20260806-STORE_05-0448;STORE_05;CASH-02;2026-08-06 15:00:29;SKU-002;4;12000;500;CARD
REC-20260806-STORE_05-0449;STORE_05;CASH-04;2026-08-06 9:33:55;SKU-001;4;45000;1000;CARD
REC-20260806-STORE_05-0450;STORE_05;CASH-02;2026-08-06 12:26:37;SKU-012;4;45000;1000;CARD
REC-20260806-STORE_05-0450;STORE_05;CASH-05;2026-08-06 12:26:37;SKU-003;3;45000;0;CASH
REC-20260806-STORE_05-0450;STORE_05;CASH-07;2026-08-06 12:26:37;SKU-001;3;45000;0;CARD
REC-20260806-STORE_05-0450;STORE_05;CASH-04;2026-08-06 12:26:37;SKU-040;2;25000;0;CARD
REC-20260806-STORE_05-0450;STORE_05;CASH-01;2026-08-06 12:26:37;SKU-004;3;25000;0;CASH
REC-20260806-STORE_05-0451;STORE_05;CASH-09;2026-08-06 8:03:10;SKU-012;3;45000;0;CARD
REC-20260806-STORE_05-0451;STORE_05;CASH-08;2026-08-06 8:03:10;SKU-031;1;45000;0;CASH
REC-20260806-STORE_05-0451;STORE_05;CASH-09;2026-08-06 8:03:10;SKU-016;2;25000;0;CASH
REC-20260806-STORE_05-0451;STORE_05;CASH-01;2026-08-06 8:03:10;SKU-011;2;5000;1000;CARD
REC-20260806-STORE_05-0451;STORE_05;CASH-09;2026-08-06 8:03:10;SKU-003;4;45000;0;CASH
REC-20260806-STORE_05-0452;STORE_05;CASH-01;2026-08-06 13:34:38;SKU-001;3;45000;1000;CARD
REC-20260806-STORE_05-0452;STORE_05;CASH-06;2026-08-06 13:34:38;SKU-038;4;12000;1000;CASH
REC-20260806-STORE_05-0452;STORE_05;CASH-06;2026-08-06 13:34:38;SKU-023;1;45000;500;CARD
REC-20260806-STORE_05-0453;STORE_05;CASH-05;2026-08-06 13:03:47;SKU-005;4;5000;0;CARD
REC-20260806-STORE_05-0453;STORE_05;CASH-05;2026-08-06 13:03:47;SKU-001;1;45000;500;CASH
REC-20260806-STORE_05-0453;STORE_05;CASH-03;2026-08-06 13:03:47;SKU-001;1;45000;0;CARD
REC-20260806-STORE_05-0454;STORE_05;CASH-09;2026-08-06 17:42:55;SKU-001;3;45000;1000;CARD
REC-20260806-STORE_05-0454;STORE_05;CASH-06;2026-08-06 17:42:55;SKU-001;1;45000;0;CASH
REC-20260806-STORE_05-0455;STORE_05;CASH-02;2026-08-06 19:11:38;SKU-004;4;25000;0;CARD
REC-20260806-STORE_05-0455;STORE_05;CASH-02;2026-08-06 19:11:38;SKU-013;2;12000;500;CARD
REC-20260806-STORE_05-0455;STORE_05;CASH-03;2026-08-06 19:11:38;SKU-004;1;25000;0;CARD
REC-20260806-STORE_05-0455;STORE_05;CASH-03;2026-08-06 19:11:38;SKU-001;2;45000;0;CARD
REC-20260806-STORE_05-0455;STORE_05;CASH-10;2026-08-06 19:11:38;SKU-002;1;12000;0;CARD
REC-20260806-STORE_05-0456;STORE_05;CASH-05;2026-08-06 15:27:26;SKU-004;1;25000;1000;CARD
REC-20260806-STORE_05-0456;STORE_05;CASH-05;2026-08-06 15:27:26;SKU-001;3;45000;0;CARD
REC-20260806-STORE_05-0456;STORE_05;CASH-10;2026-08-06 15:27:26;SKU-002;2;12000;1000;CARD
REC-20260806-STORE_05-0457;STORE_05;CASH-08;2026-08-06 13:43:34;SKU-005;4;5000;0;CARD
REC-20260806-STORE_05-0458;STORE_05;CASH-09;2026-08-06 18:45:51;SKU-026;1;12000;0;CARD
REC-20260806-STORE_05-0459;STORE_05;CASH-04;2026-08-06 15:09:16;SKU-007;1;12000;500;CARD
REC-20260806-STORE_05-0460;STORE_05;CASH-06;2026-08-06 8:35:53;SKU-008;4;12000;0;CASH
REC-20260806-STORE_05-0461;STORE_05;CASH-07;2026-08-06 11:18:28;SKU-002;3;12000;0;CARD
REC-20260806-STORE_05-0461;STORE_05;CASH-06;2026-08-06 11:18:28;SKU-008;3;12000;0;CASH
REC-20260806-STORE_05-0461;STORE_05;CASH-02;2026-08-06 11:18:28;SKU-005;4;5000;500;CARD
REC-20260806-STORE_05-0461;STORE_05;CASH-01;2026-08-06 11:18:28;SKU-019;4;25000;500;CASH
REC-20260806-STORE_05-0461;STORE_05;CASH-09;2026-08-06 11:18:28;SKU-003;1;45000;0;CARD
REC-20260806-STORE_05-0462;STORE_05;CASH-08;2026-08-06 12:32:16;SKU-015;3;5000;0;CARD
REC-20260806-STORE_05-0462;STORE_05;CASH-04;2026-08-06 12:32:16;SKU-004;1;25000;0;CARD
REC-20260806-STORE_05-0463;STORE_05;CASH-08;2026-08-06 11:54:46;SKU-003;3;45000;1000;CARD
REC-20260806-STORE_05-0464;STORE_05;CASH-08;2026-08-06 13:31:56;SKU-004;1;25000;0;CARD
REC-20260806-STORE_05-0464;STORE_05;CASH-04;2026-08-06 13:31:56;SKU-019;2;25000;500;CARD
REC-20260806-STORE_05-0464;STORE_05;CASH-08;2026-08-06 13:31:56;SKU-001;2;45000;0;CASH
REC-20260806-STORE_05-0465;STORE_05;CASH-05;2026-08-06 17:28:33;SKU-002;3;12000;0;CARD
REC-20260806-STORE_05-0466;STORE_05;CASH-09;2026-08-06 14:23:39;SKU-002;4;12000;500;CARD
REC-20260806-STORE_05-0466;STORE_05;CASH-04;2026-08-06 14:23:39;SKU-001;3;45000;0;CASH
REC-20260806-STORE_05-0467;STORE_05;CASH-01;2026-08-06 20:04:21;SKU-039;2;5000;500;CARD
REC-20260806-STORE_05-0467;STORE_05;CASH-05;2026-08-06 20:04:21;SKU-008;2;12000;0;CASH
REC-20260806-STORE_05-0467;STORE_05;CASH-02;2026-08-06 20:04:21;SKU-040;2;25000;0;CASH
REC-20260806-STORE_05-0467;STORE_05;CASH-02;2026-08-06 20:04:21;SKU-004;3;25000;0;CARD
REC-20260806-STORE_05-0468;STORE_05;CASH-09;2026-08-06 11:33:38;SKU-002;2;12000;0;CARD
REC-20260806-STORE_05-0468;STORE_05;CASH-05;2026-08-06 11:33:38;SKU-002;3;12000;500;CASH
REC-20260806-STORE_05-0468;STORE_05;CASH-01;2026-08-06 11:33:38;SKU-003;1;45000;0;CASH
REC-20260806-STORE_05-0468;STORE_05;CASH-07;2026-08-06 11:33:38;SKU-002;3;12000;0;CASH
REC-20260806-STORE_05-0468;STORE_05;CASH-05;2026-08-06 11:33:38;SKU-023;1;45000;500;CARD
REC-20260806-STORE_05-0469;STORE_05;CASH-04;2026-08-06 21:54:33;SKU-005;1;5000;0;CARD
REC-20260806-STORE_05-0470;STORE_05;CASH-07;2026-08-06 12:10:08;SKU-048;3;25000;0;CARD
REC-20260806-STORE_05-0470;STORE_05;CASH-01;2026-08-06 12:10:08;SKU-012;1;45000;0;CASH
REC-20260806-STORE_05-0470;STORE_05;CASH-08;2026-08-06 12:10:08;SKU-011;2;5000;500;CARD
REC-20260806-STORE_05-0471;STORE_05;CASH-02;2026-08-06 10:03:56;SKU-002;1;12000;0;CARD
REC-20260806-STORE_05-0471;STORE_05;CASH-04;2026-08-06 10:03:56;SKU-001;2;45000;0;CASH
REC-20260806-STORE_05-0471;STORE_05;CASH-10;2026-08-06 10:03:56;SKU-004;2;25000;1000;CARD
REC-20260806-STORE_05-0471;STORE_05;CASH-03;2026-08-06 10:03:56;SKU-004;2;25000;0;CARD
REC-20260806-STORE_05-0472;STORE_05;CASH-04;2026-08-06 8:59:40;SKU-003;3;45000;0;CASH
REC-20260806-STORE_05-0472;STORE_05;CASH-04;2026-08-06 8:59:40;SKU-006;1;45000;0;CASH
REC-20260806-STORE_05-0472;STORE_05;CASH-08;2026-08-06 8:59:40;SKU-023;3;45000;0;CARD
REC-20260806-STORE_05-0472;STORE_05;CASH-01;2026-08-06 8:59:40;SKU-001;3;45000;0;CARD
REC-20260806-STORE_05-0472;STORE_05;CASH-04;2026-08-06 8:59:40;SKU-009;3;25000;1000;CARD
REC-20260806-STORE_05-0473;STORE_05;CASH-05;2026-08-06 11:53:35;SKU-001;1;45000;0;CARD
REC-20260806-STORE_05-0473;STORE_05;CASH-10;2026-08-06 11:53:35;SKU-002;1;12000;1000;CARD
REC-20260806-STORE_05-0473;STORE_05;CASH-10;2026-08-06 11:53:35;SKU-002;4;12000;0;CARD
REC-20260806-STORE_05-0473;STORE_05;CASH-07;2026-08-06 11:53:35;SKU-016;2;25000;1000;CARD
REC-20260806-STORE_05-0473;STORE_05;CASH-05;2026-08-06 11:53:35;SKU-006;4;45000;0;CARD
REC-20260806-STORE_05-0474;STORE_05;CASH-07;2026-08-06 8:32:46;SKU-001;4;45000;500;CARD
REC-20260806-STORE_05-0475;STORE_05;CASH-03;2026-08-06 21:11:24;SKU-002;2;12000;0;CARD
REC-20260806-STORE_05-0475;STORE_05;CASH-03;2026-08-06 21:11:24;SKU-001;4;45000;1000;CASH
REC-20260806-STORE_05-0475;STORE_05;CASH-08;2026-08-06 21:11:24;SKU-003;2;45000;0;CARD
REC-20260806-STORE_05-0475;STORE_05;CASH-05;2026-08-06 21:11:24;SKU-004;3;25000;500;CARD
REC-20260806-STORE_05-0476;STORE_05;CASH-09;2026-08-06 8:07:54;SKU-001;1;45000;0;CARD
REC-20260806-STORE_05-0476;STORE_05;CASH-01;2026-08-06 8:07:54;SKU-001;2;45000;0;CASH
REC-20260806-STORE_05-0476;STORE_05;CASH-02;2026-08-06 8:07:54;SKU-010;2;25000;1000;CARD
REC-20260806-STORE_05-0476;STORE_05;CASH-10;2026-08-06 8:07:54;SKU-002;1;12000;0;CARD
REC-20260806-STORE_05-0476;STORE_05;CASH-07;2026-08-06 8:07:54;SKU-045;2;45000;0;CASH
REC-20260806-STORE_05-0477;STORE_05;CASH-03;2026-08-06 12:36:41;SKU-005;1;5000;0;CARD
REC-20260806-STORE_05-0477;STORE_05;CASH-03;2026-08-06 12:36:41;SKU-022;3;12000;500;CARD
REC-20260806-STORE_05-0477;STORE_05;CASH-09;2026-08-06 12:36:41;SKU-016;4;25000;500;CASH
REC-20260806-STORE_05-0477;STORE_05;CASH-02;2026-08-06 12:36:41;SKU-005;1;5000;0;CARD
REC-20260806-STORE_05-0478;STORE_05;CASH-04;2026-08-06 14:57:57;SKU-013;2;12000;0;CASH
REC-20260806-STORE_05-0478;STORE_05;CASH-04;2026-08-06 14:57:57;SKU-001;2;45000;500;CASH
REC-20260806-STORE_05-0479;STORE_05;CASH-01;2026-08-06 19:45:54;SKU-009;2;25000;0;CARD
REC-20260806-STORE_05-0479;STORE_05;CASH-10;2026-08-06 19:45:54;SKU-041;2;25000;1000;CARD
REC-20260806-STORE_05-0480;STORE_05;CASH-07;2026-08-06 18:41:26;SKU-009;3;25000;500;CARD
REC-20260806-STORE_05-0481;STORE_05;CASH-05;2026-08-06 16:13:03;SKU-001;2;45000;0;CARD
REC-20260806-STORE_05-0481;STORE_05;CASH-10;2026-08-06 16:13:03;SKU-019;1;25000;500;CARD
REC-20260806-STORE_05-0481;STORE_05;CASH-07;2026-08-06 16:13:03;SKU-001;2;45000;1000;CASH
REC-20260806-STORE_05-0482;STORE_05;CASH-10;2026-08-06 20:45:51;SKU-001;2;45000;0;CARD
REC-20260806-STORE_05-0482;STORE_05;CASH-03;2026-08-06 20:45:51;SKU-013;4;12000;500;CARD
REC-20260806-STORE_05-0482;STORE_05;CASH-09;2026-08-06 20:45:51;SKU-001;3;45000;0;CARD
REC-20260806-STORE_05-0482;STORE_05;CASH-02;2026-08-06 20:45:51;SKU-002;2;12000;500;CARD
REC-20260806-STORE_05-0483;STORE_05;CASH-08;2026-08-06 10:23:27;SKU-002;4;12000;1000;CASH
REC-20260806-STORE_05-0484;STORE_05;CASH-03;2026-08-06 19:19:43;SKU-042;1;5000;0;CASH
REC-20260806-STORE_05-0484;STORE_05;CASH-08;2026-08-06 19:19:43;SKU-028;1;5000;500;CASH
REC-20260806-STORE_05-0485;STORE_05;CASH-04;2026-08-06 20:30:53;SKU-001;3;45000;1000;CARD
REC-20260806-STORE_05-0485;STORE_05;CASH-04;2026-08-06 20:30:53;SKU-002;2;12000;0;CARD
REC-20260806-STORE_05-0485;STORE_05;CASH-03;2026-08-06 20:30:53;SKU-030;2;45000;0;CASH
REC-20260806-STORE_05-0486;STORE_05;CASH-09;2026-08-06 10:06:26;SKU-023;4;45000;1000;CASH
REC-20260806-STORE_05-0487;STORE_05;CASH-01;2026-08-06 13:46:22;SKU-001;2;45000;1000;CARD
REC-20260806-STORE_05-0487;STORE_05;CASH-02;2026-08-06 13:46:22;SKU-001;2;45000;0;CARD
REC-20260806-STORE_05-0488;STORE_05;CASH-03;2026-08-06 13:29:35;SKU-008;2;12000;0;CARD
REC-20260806-STORE_05-0488;STORE_05;CASH-01;2026-08-06 13:29:35;SKU-001;3;45000;1000;CARD
REC-20260806-STORE_05-0488;STORE_05;CASH-06;2026-08-06 13:29:35;SKU-001;3;45000;1000;CARD
REC-20260806-STORE_05-0489;STORE_05;CASH-05;2026-08-06 13:05:04;SKU-001;4;45000;0;CARD
REC-20260806-STORE_05-0489;STORE_05;CASH-08;2026-08-06 13:05:04;SKU-004;3;25000;1000;CARD
REC-20260806-STORE_05-0489;STORE_05;CASH-03;2026-08-06 13:05:04;SKU-001;3;45000;500;CARD
REC-20260806-STORE_05-0490;STORE_05;CASH-03;2026-08-06 12:30:03;SKU-020;2;12000;0;CARD
REC-20260806-STORE_05-0490;STORE_05;CASH-04;2026-08-06 12:30:03;SKU-038;1;12000;0;CASH
REC-20260806-STORE_05-0490;STORE_05;CASH-04;2026-08-06 12:30:03;SKU-003;3;45000;1000;CARD
REC-20260806-STORE_05-0490;STORE_05;CASH-06;2026-08-06 12:30:03;SKU-028;1;5000;500;CASH
REC-20260806-STORE_05-0491;STORE_05;CASH-02;2026-08-06 14:02:16;SKU-041;3;25000;0;CASH
REC-20260806-STORE_05-0492;STORE_05;CASH-10;2026-08-06 13:20:22;SKU-004;3;25000;500;CARD
REC-20260806-STORE_05-0492;STORE_05;CASH-03;2026-08-06 13:20:22;SKU-001;2;45000;0;CASH
REC-20260806-STORE_05-0492;STORE_05;CASH-05;2026-08-06 13:20:22;SKU-002;1;12000;0;CASH
REC-20260806-STORE_05-0492;STORE_05;CASH-07;2026-08-06 13:20:22;SKU-001;1;45000;1000;CARD
REC-20260806-STORE_05-0493;STORE_05;CASH-07;2026-08-06 16:21:12;SKU-001;1;45000;1000;CARD
REC-20260806-STORE_05-0493;STORE_05;CASH-02;2026-08-06 16:21:12;SKU-002;2;12000;1000;CASH
REC-20260806-STORE_05-0493;STORE_05;CASH-02;2026-08-06 16:21:12;SKU-019;4;25000;0;CARD
REC-20260806-STORE_05-0493;STORE_05;CASH-02;2026-08-06 16:21:12;SKU-002;1;12000;500;CASH
REC-20260806-STORE_05-0493;STORE_05;CASH-08;2026-08-06 16:21:12;SKU-001;2;45000;0;CARD
REC-20260806-STORE_05-0494;STORE_05;CASH-05;2026-08-06 16:23:55;SKU-022;1;12000;0;CARD
REC-20260806-STORE_05-0494;STORE_05;CASH-05;2026-08-06 16:23:55;SKU-007;4;12000;500;CARD
REC-20260806-STORE_05-0495;STORE_05;CASH-02;2026-08-06 13:36:03;SKU-013;4;12000;0;CASH
REC-20260806-STORE_05-0495;STORE_05;CASH-01;2026-08-06 13:36:03;SKU-001;3;45000;0;CASH
REC-20260806-STORE_05-0495;STORE_05;CASH-06;2026-08-06 13:36:03;SKU-003;1;45000;0;CARD
REC-20260806-STORE_05-0495;STORE_05;CASH-08;2026-08-06 13:36:03;SKU-001;4;45000;0;CARD
REC-20260806-STORE_05-0496;STORE_05;CASH-04;2026-08-06 17:58:48;SKU-018;4;5000;0;CASH
REC-20260806-STORE_05-0496;STORE_05;CASH-09;2026-08-06 17:58:48;SKU-001;3;45000;500;CARD
REC-20260806-STORE_05-0496;STORE_05;CASH-06;2026-08-06 17:58:48;SKU-003;1;45000;1000;CASH
REC-20260806-STORE_05-0497;STORE_05;CASH-05;2026-08-06 14:38:19;SKU-001;2;45000;1000;CARD
REC-20260806-STORE_05-0498;STORE_05;CASH-03;2026-08-06 19:38:14;SKU-010;3;25000;0;CARD
REC-20260806-STORE_05-0498;STORE_05;CASH-07;2026-08-06 19:38:14;SKU-003;4;45000;0;CARD
REC-20260806-STORE_05-0499;STORE_05;CASH-10;2026-08-06 15:17:43;SKU-004;1;25000;500;CARD
REC-20260806-STORE_05-0499;STORE_05;CASH-07;2026-08-06 15:17:43;SKU-018;3;5000;0;CARD
REC-20260806-STORE_05-0499;STORE_05;CASH-01;2026-08-06 15:17:43;SKU-002;2;12000;500;CARD
REC-20260806-STORE_05-0500;STORE_05;CASH-05;2026-08-06 9:47:23;SKU-009;3;25000;0;CASH
REC-20260806-STORE_05-0500;STORE_05;CASH-04;2026-08-06 9:47:23;SKU-006;1;45000;1000;CASH
REC-20260806-STORE_05-0500;STORE_05;CASH-07;2026-08-06 9:47:23;SKU-016;3;25000;1000;CARD
REC-20260806-STORE_05-0500;STORE_05;CASH-03;2026-08-06 9:47:23;SKU-004;1;25000;0;CARD
REC-20260806-STORE_05-0500;STORE_05;CASH-07;2026-08-06 9:47:23;SKU-004;3;25000;0;CARD
