receipt_no;store_code;cashier_id;sale_datetime_raw;sku;qty_raw;unit_price_raw;discount_raw;payment_type
REC-20260725-STORE_01-0001;STORE_01;CASH-09;2026-07-25 20:23:47;SKU-005;4;5000;1000;CARD
REC-20260725-STORE_01-0001;STORE_01;CASH-03;2026-07-25 20:23:47;SKU-011;3;5000;0;CASH
REC-20260725-STORE_01-0002;STORE_01;CASH-08;2026-07-25 16:36:50;SKU-003;1;45000;0;CARD
REC-20260725-STORE_01-0002;STORE_01;CASH-01;2026-07-25 16:36:50;SKU-007;1;12000;500;CARD
REC-20260725-STORE_01-0003;STORE_01;CASH-10;2026-07-25 8:43:26;SKU-025;2;5000;0;CARD
REC-20260725-STORE_01-0003;STORE_01;CASH-06;2026-07-25 8:43:26;SKU-009;4;25000;0;CARD
REC-20260725-STORE_01-0003;STORE_01;CASH-08;2026-07-25 8:43:26;SKU-001;4;45000;0;CARD
REC-20260725-STORE_01-0004;STORE_01;CASH-10;2026-07-25 18:38:20;SKU-001;1;45000;0;CARD
REC-20260725-STORE_01-0004;STORE_01;CASH-05;2026-07-25 18:38:20;SKU-003;4;45000;0;CARD
REC-20260725-STORE_01-0004;STORE_01;CASH-03;2026-07-25 18:38:20;SKU-003;3;45000;1000;CARD
REC-20260725-STORE_01-0005;STORE_01;CASH-09;2026-07-25 14:43:32;SKU-003;3;45000;1000;CARD
REC-20260725-STORE_01-0005;STORE_01;CASH-07;2026-07-25 14:43:32;SKU-038;1;12000;0;CARD
REC-20260725-STORE_01-0005;STORE_01;CASH-09;2026-07-25 14:43:32;SKU-004;2;25000;1000;CASH
REC-20260725-STORE_01-0005;STORE_01;CASH-10;2026-07-25 14:43:32;SKU-010;2;25000;0;CARD
REC-20260725-STORE_01-0005;STORE_01;CASH-09;2026-07-25 14:43:32;SKU-006;3;45000;0;CARD
REC-20260725-STORE_01-0006;STORE_01;CASH-10;2026-07-25 21:15:07;SKU-001;1;45000;500;CASH
REC-20260725-STORE_01-0006;STORE_01;CASH-05;2026-07-25 21:15:07;SKU-009;1;25000;1000;CASH
REC-20260725-STORE_01-0006;STORE_01;CASH-02;2026-07-25 21:15:07;SKU-005;3;5000;500;CASH
REC-20260725-STORE_01-0006;STORE_01;CASH-02;2026-07-25 21:15:07;SKU-003;4;45000;0;CASH
REC-20260725-STORE_01-0007;STORE_01;CASH-04;2026-07-25 12:54:24;SKU-001;2;45000;500;CARD
REC-20260725-STORE_01-0007;STORE_01;CASH-05;2026-07-25 12:54:24;SKU-001;2;45000;0;CARD
REC-20260725-STORE_01-0007;STORE_01;CASH-09;2026-07-25 12:54:24;SKU-003;4;45000;0;CASH
REC-20260725-STORE_01-0007;STORE_01;CASH-01;2026-07-25 12:54:24;SKU-008;1;12000;1000;CARD
REC-20260725-STORE_01-0008;STORE_01;CASH-05;2026-07-25 14:50:55;SKU-024;2;12000;0;CARD
REC-20260725-STORE_01-0008;STORE_01;CASH-04;2026-07-25 14:50:55;SKU-035;1;5000;0;CARD
REC-20260725-STORE_01-0008;STORE_01;CASH-09;2026-07-25 14:50:55;SKU-030;3;45000;500;CARD
REC-20260725-STORE_01-0009;STORE_01;CASH-01;2026-07-25 21:57:16;SKU-001;1;45000;0;CASH
REC-20260725-STORE_01-0009;STORE_01;CASH-10;2026-07-25 21:57:16;SKU-001;1;45000;0;CARD
REC-20260725-STORE_01-0009;STORE_01;CASH-10;2026-07-25 21:57:16;SKU-003;2;45000;1000;CARD
REC-20260725-STORE_01-0010;STORE_01;CASH-05;2026-07-25 14:58:46;SKU-015;2;5000;0;CASH
REC-20260725-STORE_01-0010;STORE_01;CASH-01;2026-07-25 14:58:46;SKU-007;2;12000;0;CARD
REC-20260725-STORE_01-0010;STORE_01;CASH-02;2026-07-25 14:58:46;SKU-004;2;25000;0;CARD
REC-20260725-STORE_01-0010;STORE_01;CASH-01;2026-07-25 14:58:46;SKU-001;3;45000;0;CARD
REC-20260725-STORE_01-0010;STORE_01;CASH-03;2026-07-25 14:58:46;SKU-044;2;5000;0;CARD
REC-20260725-STORE_01-0011;STORE_01;CASH-04;2026-07-25 12:43:12;SKU-032;4;25000;1000;CASH
REC-20260725-STORE_01-0011;STORE_01;CASH-01;2026-07-25 12:43:12;SKU-026;3;12000;0;CASH
REC-20260725-STORE_01-0012;STORE_01;CASH-05;2026-07-25 11:16:59;SKU-001;1;45000;500;CARD
REC-20260725-STORE_01-0012;STORE_01;CASH-01;2026-07-25 11:16:59;SKU-001;2;45000;0;CASH
REC-20260725-STORE_01-0012;STORE_01;CASH-06;2026-07-25 11:16:59;SKU-001;4;45000;0;CASH
REC-20260725-STORE_01-0013;STORE_01;CASH-09;2026-07-25 18:54:21;SKU-030;3;45000;0;CASH
REC-20260725-STORE_01-0013;STORE_01;CASH-09;2026-07-25 18:54:21;SKU-001;2;45000;0;CARD
REC-20260725-STORE_01-0014;STORE_01;CASH-07;2026-07-25 13:22:26;SKU-048;3;25000;0;CARD
REC-20260725-STORE_01-0014;STORE_01;CASH-08;2026-07-25 13:22:26;SKU-003;4;45000;1000;CARD
REC-20260725-STORE_01-0015;STORE_01;CASH-01;2026-07-25 8:07:47;SKU-003;3;45000;0;CARD
REC-20260725-STORE_01-0015;STORE_01;CASH-06;2026-07-25 8:07:47;SKU-005;1;5000;1000;CASH
REC-20260725-STORE_01-0015;STORE_01;CASH-10;2026-07-25 8:07:47;SKU-018;2;5000;500;CASH
REC-20260725-STORE_01-0016;STORE_01;CASH-04;2026-07-25 14:01:14;SKU-044;1;5000;0;CASH
REC-20260725-STORE_01-0017;STORE_01;CASH-08;2026-07-25 17:29:06;SKU-001;1;45000;0;CASH
REC-20260725-STORE_01-0018;STORE_01;CASH-02;2026-07-25 17:38:25;SKU-008;4;12000;1000;CARD
REC-20260725-STORE_01-0018;STORE_01;CASH-08;2026-07-25 17:38:25;SKU-002;2;12000;0;CASH
REC-20260725-STORE_01-0018;STORE_01;CASH-10;2026-07-25 17:38:25;SKU-008;2;12000;1000;CARD
REC-20260725-STORE_01-0019;STORE_01;CASH-03;2026-07-25 17:01:05;SKU-001;2;45000;0;CARD
REC-20260725-STORE_01-0019;STORE_01;CASH-06;2026-07-25 17:01:05;SKU-002;2;12000;0;CARD
REC-20260725-STORE_01-0019;STORE_01;CASH-02;2026-07-25 17:01:05;SKU-001;1;45000;0;CARD
REC-20260725-STORE_01-0019;STORE_01;CASH-03;2026-07-25 17:01:05;SKU-009;2;25000;0;CARD
REC-20260725-STORE_01-0019;STORE_01;CASH-04;2026-07-25 17:01:05;SKU-001;1;45000;0;CARD
REC-20260725-STORE_01-0020;STORE_01;CASH-09;2026-07-25 20:07:03;SKU-004;4;25000;0;CARD
REC-20260725-STORE_01-0020;STORE_01;CASH-01;2026-07-25 20:07:03;SKU-011;4;5000;1000;CARD
REC-20260725-STORE_01-0020;STORE_01;CASH-07;2026-07-25 20:07:03;SKU-001;4;45000;0;CARD
REC-20260725-STORE_01-0020;STORE_01;CASH-07;2026-07-25 20:07:03;SKU-001;3;45000;0;CARD
REC-20260725-STORE_01-0020;STORE_01;CASH-08;2026-07-25 20:07:03;SKU-001;3;45000;500;CARD
REC-20260725-STORE_01-0021;STORE_01;CASH-10;2026-07-25 17:39:10;SKU-015;4;5000;0;CARD
REC-20260725-STORE_01-0021;STORE_01;CASH-02;2026-07-25 17:39:10;SKU-018;2;5000;500;CASH
REC-20260725-STORE_01-0022;STORE_01;CASH-02;2026-07-25 17:30:15;SKU-020;3;12000;1000;CASH
REC-20260725-STORE_01-0022;STORE_01;CASH-07;2026-07-25 17:30:15;SKU-002;3;12000;0;CARD
REC-20260725-STORE_01-0022;STORE_01;CASH-08;2026-07-25 17:30:15;SKU-002;4;12000;500;CARD
REC-20260725-STORE_01-0023;STORE_01;CASH-05;2026-07-25 20:49:35;SKU-001;4;45000;1000;CASH
REC-20260725-STORE_01-0023;STORE_01;CASH-03;2026-07-25 20:49:35;SKU-022;2;12000;0;CASH
REC-20260725-STORE_01-0023;STORE_01;CASH-09;2026-07-25 20:49:35;SKU-004;2;25000;0;CASH
REC-20260725-STORE_01-0024;STORE_01;CASH-03;2026-07-25 21:26:48;SKU-001;2;45000;0;CARD
REC-20260725-STORE_01-0024;STORE_01;CASH-05;2026-07-25 21:26:48;SKU-026;2;12000;0;CARD
REC-20260725-STORE_01-0025;STORE_01;CASH-10;2026-07-25 19:02:12;SKU-001;4;45000;0;CARD
REC-20260725-STORE_01-0025;STORE_01;CASH-08;2026-07-25 19:02:12;SKU-016;4;25000;0;CARD
REC-20260725-STORE_01-0025;STORE_01;CASH-08;2026-07-25 19:02:12;SKU-006;2;45000;500;CARD
REC-20260725-STORE_01-0025;STORE_01;CASH-10;2026-07-25 19:02:12;SKU-042;4;5000;1000;CASH
REC-20260725-STORE_01-0025;STORE_01;CASH-09;2026-07-25 19:02:12;SKU-002;1;12000;0;CARD
REC-20260725-STORE_01-0026;STORE_01;CASH-01;2026-07-25 17:37:27;SKU-012;2;45000;500;CASH
REC-20260725-STORE_01-0027;STORE_01;CASH-10;2026-07-25 19:17:08;SKU-001;2;45000;0;CARD
REC-20260725-STORE_01-0027;STORE_01;CASH-03;2026-07-25 19:17:08;SKU-031;4;45000;0;CARD
REC-20260725-STORE_01-0027;STORE_01;CASH-03;2026-07-25 19:17:08;SKU-010;3;25000;1000;CARD
REC-20260725-STORE_01-0027;STORE_01;CASH-09;2026-07-25 19:17:08;SKU-037;1;45000;0;CASH
REC-20260725-STORE_01-0027;STORE_01;CASH-04;2026-07-25 19:17:08;SKU-003;1;45000;0;CASH
REC-20260725-STORE_01-0028;STORE_01;CASH-02;2026-07-25 21:51:29;SKU-012;2;45000;0;CARD
REC-20260725-STORE_01-0028;STORE_01;CASH-10;2026-07-25 21:51:29;SKU-002;1;12000;500;CARD
REC-20260725-STORE_01-0028;STORE_01;CASH-08;2026-07-25 21:51:29;SKU-003;1;45000;500;CARD
REC-20260725-STORE_01-0028;STORE_01;CASH-05;2026-07-25 21:51:29;SKU-010;1;25000;0;CARD
REC-20260725-STORE_01-0028;STORE_01;CASH-07;2026-07-25 21:51:29;SKU-010;1;25000;1000;CARD
REC-20260725-STORE_01-0029;STORE_01;CASH-01;2026-07-25 18:18:12;SKU-023;1;45000;0;CARD
REC-20260725-STORE_01-0030;STORE_01;CASH-01;2026-07-25 14:53:35;SKU-029;3;5000;1000;CARD
REC-20260725-STORE_01-0030;STORE_01;CASH-03;2026-07-25 14:53:35;SKU-004;4;25000;1000;CARD
REC-20260725-STORE_01-0030;STORE_01;CASH-10;2026-07-25 14:53:35;SKU-007;1;12000;0;CASH
REC-20260725-STORE_01-0030;STORE_01;CASH-04;2026-07-25 14:53:35;SKU-002;4;12000;0;CARD
REC-20260725-STORE_01-0030;STORE_01;CASH-03;2026-07-25 14:53:35;SKU-017;1;12000;0;CARD
REC-20260725-STORE_01-0031;STORE_01;CASH-04;2026-07-25 13:57:57;SKU-016;1;25000;500;CASH
REC-20260725-STORE_01-0031;STORE_01;CASH-08;2026-07-25 13:57:57;SKU-022;2;12000;1000;CARD
REC-20260725-STORE_01-0031;STORE_01;CASH-05;2026-07-25 13:57:57;SKU-001;2;45000;0;CARD
REC-20260725-STORE_01-0031;STORE_01;CASH-02;2026-07-25 13:57:57;SKU-009;3;25000;0;CARD
REC-20260725-STORE_01-0031;STORE_01;CASH-01;2026-07-25 13:57:57;SKU-005;1;5000;1000;CARD
REC-20260725-STORE_01-0032;STORE_01;CASH-08;2026-07-25 9:03:33;SKU-001;2;45000;500;CARD
REC-20260725-STORE_01-0032;STORE_01;CASH-06;2026-07-25 9:03:33;SKU-003;2;45000;0;CASH
REC-20260725-STORE_01-0032;STORE_01;CASH-03;2026-07-25 9:03:33;SKU-001;4;45000;0;CARD
REC-20260725-STORE_01-0033;STORE_01;CASH-03;2026-07-25 13:43:44;SKU-003;2;45000;500;CASH
REC-20260725-STORE_01-0033;STORE_01;CASH-03;2026-07-25 13:43:44;SKU-001;1;45000;500;CARD
REC-20260725-STORE_01-0033;STORE_01;CASH-05;2026-07-25 13:43:44;SKU-001;2;45000;500;CASH
REC-20260725-STORE_01-0033;STORE_01;CASH-10;2026-07-25 13:43:44;SKU-002;3;12000;0;CARD
REC-20260725-STORE_01-0034;STORE_01;CASH-04;2026-07-25 10:36:28;SKU-002;4;12000;1000;CARD
REC-20260725-STORE_01-0034;STORE_01;CASH-09;2026-07-25 10:36:28;SKU-001;1;45000;0;CARD
REC-20260725-STORE_01-0034;STORE_01;CASH-06;2026-07-25 10:36:28;SKU-002;4;12000;0;CARD
REC-20260725-STORE_01-0034;STORE_01;CASH-01;2026-07-25 10:36:28;SKU-002;1;12000;1000;CARD
REC-20260725-STORE_01-0035;STORE_01;CASH-04;2026-07-25 18:15:28;SKU-015;1;5000;0;CASH
REC-20260725-STORE_01-0035;STORE_01;CASH-10;2026-07-25 18:15:28;SKU-026;4;12000;500;CASH
REC-20260725-STORE_01-0035;STORE_01;CASH-09;2026-07-25 18:15:28;SKU-020;1;12000;1000;CASH
REC-20260725-STORE_01-0035;STORE_01;CASH-03;2026-07-25 18:15:28;SKU-001;2;45000;1000;CARD
REC-20260725-STORE_01-0036;STORE_01;CASH-04;2026-07-25 16:21:10;SKU-010;2;25000;0;CARD
REC-20260725-STORE_01-0036;STORE_01;CASH-04;2026-07-25 16:21:10;SKU-045;3;45000;0;CARD
REC-20260725-STORE_01-0036;STORE_01;CASH-08;2026-07-25 16:21:10;SKU-031;2;45000;1000;CARD
REC-20260725-STORE_01-0036;STORE_01;CASH-10;2026-07-25 16:21:10;SKU-001;4;45000;500;CARD
REC-20260725-STORE_01-0037;STORE_01;CASH-05;2026-07-25 17:44:03;SKU-015;4;5000;0;CARD
REC-20260725-STORE_01-0037;STORE_01;CASH-03;2026-07-25 17:44:03;SKU-038;2;12000;500;CARD
REC-20260725-STORE_01-0037;STORE_01;CASH-03;2026-07-25 17:44:03;SKU-020;1;12000;500;CARD
REC-20260725-STORE_01-0037;STORE_01;CASH-06;2026-07-25 17:44:03;SKU-006;4;45000;0;CARD
REC-20260725-STORE_01-0037;STORE_01;CASH-09;2026-07-25 17:44:03;SKU-001;1;45000;0;CASH
REC-20260725-STORE_01-0038;STORE_01;CASH-04;2026-07-25 9:48:31;SKU-017;1;12000;0;CARD
REC-20260725-STORE_01-0038;STORE_01;CASH-10;2026-07-25 9:48:31;SKU-005;4;5000;0;CARD
REC-20260725-STORE_01-0038;STORE_01;CASH-10;2026-07-25 9:48:31;SKU-027;3;5000;0;CARD
REC-20260725-STORE_01-0038;STORE_01;CASH-06;2026-07-25 9:48:31;SKU-002;4;12000;0;CASH
REC-20260725-STORE_01-0038;STORE_01;CASH-06;2026-07-25 9:48:31;SKU-028;2;5000;500;CARD
REC-20260725-STORE_01-0039;STORE_01;CASH-06;2026-07-25 21:45:23;SKU-003;4;45000;1000;CARD
REC-20260725-STORE_01-0040;STORE_01;CASH-07;2026-07-25 15:01:59;SKU-001;3;45000;0;CARD
REC-20260725-STORE_01-0040;STORE_01;CASH-09;2026-07-25 15:01:59;SKU-001;4;45000;0;CARD
REC-20260725-STORE_01-0040;STORE_01;CASH-02;2026-07-25 15:01:59;SKU-019;3;25000;500;CARD
REC-20260725-STORE_01-0040;STORE_01;CASH-01;2026-07-25 15:01:59;SKU-035;4;5000;1000;CARD
REC-20260725-STORE_01-0041;STORE_01;CASH-07;2026-07-25 21:42:52;SKU-048;2;25000;1000;CARD
REC-20260725-STORE_01-0041;STORE_01;CASH-06;2026-07-25 21:42:52;SKU-010;3;25000;1000;CARD
REC-20260725-STORE_01-0041;STORE_01;CASH-02;2026-07-25 21:42:52;SKU-001;1;45000;0;CASH
REC-20260725-STORE_01-0042;STORE_01;CASH-10;2026-07-25 8:31:57;SKU-001;2;45000;0;CARD
REC-20260725-STORE_01-0042;STORE_01;CASH-03;2026-07-25 8:31:57;SKU-037;1;45000;1000;CASH
REC-20260725-STORE_01-0042;STORE_01;CASH-09;2026-07-25 8:31:57;SKU-002;2;12000;1000;CASH
REC-20260725-STORE_01-0042;STORE_01;CASH-01;2026-07-25 8:31:57;SKU-001;1;45000;0;CARD
REC-20260725-STORE_01-0042;STORE_01;CASH-08;2026-07-25 8:31:57;SKU-006;4;45000;500;CARD
REC-20260725-STORE_01-0043;STORE_01;CASH-04;2026-07-25 9:17:51;SKU-046;1;25000;0;CASH
REC-20260725-STORE_01-0044;STORE_01;CASH-03;2026-07-25 16:19:41;SKU-013;4;12000;1000;CASH
REC-20260725-STORE_01-0045;STORE_01;CASH-05;2026-07-25 18:48:05;SKU-003;2;45000;0;CARD
REC-20260725-STORE_01-0046;STORE_01;CASH-01;2026-07-25 19:27:44;SKU-041;4;25000;0;CARD
REC-20260725-STORE_01-0047;STORE_01;CASH-08;2026-07-25 15:39:45;SKU-010;1;25000;1000;CARD
REC-20260725-STORE_01-0047;STORE_01;CASH-07;2026-07-25 15:39:45;SKU-039;1;5000;0;CASH
REC-20260725-STORE_01-0047;STORE_01;CASH-01;2026-07-25 15:39:45;SKU-002;2;12000;0;CARD
REC-20260725-STORE_01-0047;STORE_01;CASH-09;2026-07-25 15:39:45;SKU-015;4;5000;0;CASH
REC-20260725-STORE_01-0047;STORE_01;CASH-07;2026-07-25 15:39:45;SKU-001;1;45000;1000;CARD
REC-20260725-STORE_01-0048;STORE_01;CASH-05;2026-07-25 10:54:59;SKU-004;3;25000;0;CARD
REC-20260725-STORE_01-0048;STORE_01;CASH-10;2026-07-25 10:54:59;SKU-001;1;45000;0;CARD
REC-20260725-STORE_01-0049;STORE_01;CASH-01;2026-07-25 19:30:51;SKU-007;3;12000;0;CASH
REC-20260725-STORE_01-0049;STORE_01;CASH-06;2026-07-25 19:30:51;SKU-027;2;5000;0;CASH
REC-20260725-STORE_01-0049;STORE_01;CASH-02;2026-07-25 19:30:51;SKU-001;2;45000;0;CASH
REC-20260725-STORE_01-0050;STORE_01;CASH-01;2026-07-25 15:51:08;SKU-002;3;12000;0;CARD
REC-20260725-STORE_01-0050;STORE_01;CASH-10;2026-07-25 15:51:08;SKU-026;1;12000;500;CARD
REC-20260725-STORE_01-0050;STORE_01;CASH-06;2026-07-25 15:51:08;SKU-005;4;5000;500;CARD
REC-20260725-STORE_01-0050;STORE_01;CASH-02;2026-07-25 15:51:08;SKU-002;4;12000;0;CARD
REC-20260725-STORE_01-0051;STORE_01;CASH-09;2026-07-25 15:36:07;SKU-002;1;12000;0;CASH
REC-20260725-STORE_01-0051;STORE_01;CASH-03;2026-07-25 15:36:07;SKU-018;4;5000;500;CASH
REC-20260725-STORE_01-0051;STORE_01;CASH-02;2026-07-25 15:36:07;SKU-012;2;45000;0;CASH
REC-20260725-STORE_01-0051;STORE_01;CASH-10;2026-07-25 15:36:07;SKU-030;2;45000;0;CASH
REC-20260725-STORE_01-0051;STORE_01;CASH-06;2026-07-25 15:36:07;SKU-007;2;12000;0;CARD
REC-20260725-STORE_01-0052;STORE_01;CASH-01;2026-07-25 21:19:15;SKU-001;1;45000;0;CASH
REC-20260725-STORE_01-0053;STORE_01;CASH-04;2026-07-25 17:57:02;SKU-001;3;45000;500;CASH
REC-20260725-STORE_01-0053;STORE_01;CASH-06;2026-07-25 17:57:02;SKU-002;4;12000;500;CARD
REC-20260725-STORE_01-0053;STORE_01;CASH-01;2026-07-25 17:57:02;SKU-001;1;45000;0;CARD
REC-20260725-STORE_01-0053;STORE_01;CASH-06;2026-07-25 17:57:02;SKU-001;1;45000;0;CASH
REC-20260725-STORE_01-0053;STORE_01;CASH-06;2026-07-25 17:57:02;SKU-015;2;5000;1000;CARD
REC-20260725-STORE_01-0054;STORE_01;CASH-03;2026-07-25 15:20:10;SKU-002;4;12000;0;CASH
REC-20260725-STORE_01-0054;STORE_01;CASH-02;2026-07-25 15:20:10;SKU-001;3;45000;500;CASH
REC-20260725-STORE_01-0055;STORE_01;CASH-10;2026-07-25 17:09:59;SKU-003;4;45000;0;CARD
REC-20260725-STORE_01-0055;STORE_01;CASH-06;2026-07-25 17:09:59;SKU-001;4;45000;1000;CARD
REC-20260725-STORE_01-0055;STORE_01;CASH-04;2026-07-25 17:09:59;SKU-001;4;45000;0;CARD
REC-20260725-STORE_01-0056;STORE_01;CASH-06;2026-07-25 17:03:17;SKU-004;3;25000;1000;CASH
REC-20260725-STORE_01-0056;STORE_01;CASH-07;2026-07-25 17:03:17;SKU-001;1;45000;1000;CARD
REC-20260725-STORE_01-0056;STORE_01;CASH-05;2026-07-25 17:03:17;SKU-030;4;45000;0;CASH
REC-20260725-STORE_01-0057;STORE_01;CASH-10;2026-07-25 11:00:56;SKU-008;2;12000;500;CASH
REC-20260725-STORE_01-0057;STORE_01;CASH-10;2026-07-25 11:00:56;SKU-024;3;12000;0;CASH
REC-20260725-STORE_01-0057;STORE_01;CASH-08;2026-07-25 11:00:56;SKU-002;3;12000;0;CARD
REC-20260725-STORE_01-0058;STORE_01;CASH-06;2026-07-25 13:27:17;SKU-012;3;45000;0;CARD
REC-20260725-STORE_01-0058;STORE_01;CASH-06;2026-07-25 13:27:17;SKU-005;3;5000;0;CARD
REC-20260725-STORE_01-0058;STORE_01;CASH-10;2026-07-25 13:27:17;SKU-008;3;12000;500;CASH
REC-20260725-STORE_01-0058;STORE_01;CASH-02;2026-07-25 13:27:17;SKU-039;1;5000;500;CASH
REC-20260725-STORE_01-0058;STORE_01;CASH-04;2026-07-25 13:27:17;SKU-036;3;45000;500;CARD
REC-20260725-STORE_01-0059;STORE_01;CASH-01;2026-07-25 16:11:27;SKU-001;2;45000;1000;CARD
REC-20260725-STORE_01-0059;STORE_01;CASH-04;2026-07-25 16:11:27;SKU-001;3;45000;1000;CASH
REC-20260725-STORE_01-0059;STORE_01;CASH-09;2026-07-25 16:11:27;SKU-001;2;45000;0;CARD
REC-20260725-STORE_01-0059;STORE_01;CASH-09;2026-07-25 16:11:27;SKU-007;1;12000;500;CARD
REC-20260725-STORE_01-0060;STORE_01;CASH-08;2026-07-25 17:51:20;SKU-001;4;45000;500;CARD
REC-20260725-STORE_01-0061;STORE_01;CASH-10;2026-07-25 18:44:42;SKU-002;2;12000;0;CASH
REC-20260725-STORE_01-0061;STORE_01;CASH-01;2026-07-25 18:44:42;SKU-008;3;12000;0;CARD
REC-20260725-STORE_01-0061;STORE_01;CASH-04;2026-07-25 18:44:42;SKU-010;1;25000;0;CASH
REC-20260725-STORE_01-0061;STORE_01;CASH-10;2026-07-25 18:44:42;SKU-017;3;12000;0;CASH
REC-20260725-STORE_01-0061;STORE_01;CASH-04;2026-07-25 18:44:42;SKU-022;3;12000;0;CASH
REC-20260725-STORE_01-0062;STORE_01;CASH-09;2026-07-25 9:54:30;SKU-001;2;45000;1000;CARD
REC-20260725-STORE_01-0062;STORE_01;CASH-02;2026-07-25 9:54:30;SKU-003;3;45000;0;CARD
REC-20260725-STORE_01-0062;STORE_01;CASH-05;2026-07-25 9:54:30;SKU-003;4;45000;1000;CARD
REC-20260725-STORE_01-0062;STORE_01;CASH-01;2026-07-25 9:54:30;SKU-001;1;45000;0;CARD
REC-20260725-STORE_01-0063;STORE_01;CASH-09;2026-07-25 20:14:22;SKU-027;3;5000;500;CARD
REC-20260725-STORE_01-0063;STORE_01;CASH-01;2026-07-25 20:14:22;SKU-015;1;5000;0;CASH
REC-20260725-STORE_01-0063;STORE_01;CASH-01;2026-07-25 20:14:22;SKU-010;3;25000;0;CASH
REC-20260725-STORE_01-0064;STORE_01;CASH-07;2026-07-25 18:04:59;SKU-001;1;45000;500;CARD
REC-20260725-STORE_01-0064;STORE_01;CASH-01;2026-07-25 18:04:59;SKU-030;4;45000;0;CARD
REC-20260725-STORE_01-0064;STORE_01;CASH-09;2026-07-25 18:04:59;SKU-001;4;45000;1000;CASH
REC-20260725-STORE_01-0064;STORE_01;CASH-03;2026-07-25 18:04:59;SKU-006;3;45000;0;CARD
REC-20260725-STORE_01-0064;STORE_01;CASH-03;2026-07-25 18:04:59;SKU-049;2;5000;0;CARD
REC-20260725-STORE_01-0065;STORE_01;CASH-06;2026-07-25 10:53:00;SKU-003;1;45000;500;CASH
REC-20260725-STORE_01-0065;STORE_01;CASH-08;2026-07-25 10:53:00;SKU-005;4;5000;500;CASH
REC-20260725-STORE_01-0065;STORE_01;CASH-08;2026-07-25 10:53:00;SKU-001;2;45000;0;CARD
REC-20260725-STORE_01-0066;STORE_01;CASH-06;2026-07-25 17:51:13;SKU-001;1;45000;1000;CARD
REC-20260725-STORE_01-0066;STORE_01;CASH-09;2026-07-25 17:51:13;SKU-002;1;12000;500;CARD
REC-20260725-STORE_01-0066;STORE_01;CASH-09;2026-07-25 17:51:13;SKU-002;4;12000;0;CARD
REC-20260725-STORE_01-0067;STORE_01;CASH-10;2026-07-25 15:50:10;SKU-002;1;12000;0;CARD
REC-20260725-STORE_01-0067;STORE_01;CASH-10;2026-07-25 15:50:10;SKU-003;3;45000;500;CARD
REC-20260725-STORE_01-0067;STORE_01;CASH-05;2026-07-25 15:50:10;SKU-001;2;45000;1000;CARD
REC-20260725-STORE_01-0067;STORE_01;CASH-09;2026-07-25 15:50:10;SKU-001;4;45000;0;CARD
REC-20260725-STORE_01-0067;STORE_01;CASH-10;2026-07-25 15:50:10;SKU-005;2;5000;500;CASH
REC-20260725-STORE_01-0068;STORE_01;CASH-03;2026-07-25 21:18:27;SKU-007;4;12000;500;CASH
REC-20260725-STORE_01-0068;STORE_01;CASH-08;2026-07-25 21:18:27;SKU-006;4;45000;500;CARD
REC-20260725-STORE_01-0069;STORE_01;CASH-01;2026-07-25 10:01:35;SKU-032;2;25000;500;CASH
REC-20260725-STORE_01-0070;STORE_01;CASH-09;2026-07-25 11:11:51;SKU-006;2;45000;1000;CASH
REC-20260725-STORE_01-0070;STORE_01;CASH-02;2026-07-25 11:11:51;SKU-002;4;12000;500;CARD
REC-20260725-STORE_01-0070;STORE_01;CASH-04;2026-07-25 11:11:51;SKU-001;2;45000;0;CARD
REC-20260725-STORE_01-0070;STORE_01;CASH-06;2026-07-25 11:11:51;SKU-003;1;45000;0;CARD
REC-20260725-STORE_01-0071;STORE_01;CASH-05;2026-07-25 17:02:19;SKU-006;2;45000;0;CARD
REC-20260725-STORE_01-0072;STORE_01;CASH-03;2026-07-25 16:38:09;SKU-001;4;45000;0;CASH
REC-20260725-STORE_01-0072;STORE_01;CASH-04;2026-07-25 16:38:09;SKU-004;2;25000;0;CARD
REC-20260725-STORE_01-0073;STORE_01;CASH-10;2026-07-25 11:28:27;SKU-003;3;45000;0;CARD
REC-20260725-STORE_01-0073;STORE_01;CASH-09;2026-07-25 11:28:27;SKU-036;2;45000;500;CARD
REC-20260725-STORE_01-0073;STORE_01;CASH-04;2026-07-25 11:28:27;SKU-013;4;12000;0;CARD
REC-20260725-STORE_01-0073;STORE_01;CASH-07;2026-07-25 11:28:27;SKU-007;4;12000;500;CASH
REC-20260725-STORE_01-0073;STORE_01;CASH-10;2026-07-25 11:28:27;SKU-001;2;45000;0;CARD
REC-20260725-STORE_01-0074;STORE_01;CASH-09;2026-07-25 18:56:50;SKU-001;3;45000;0;CARD
REC-20260725-STORE_01-0074;STORE_01;CASH-03;2026-07-25 18:56:50;SKU-041;3;25000;500;CASH
REC-20260725-STORE_01-0074;STORE_01;CASH-09;2026-07-25 18:56:50;SKU-008;3;12000;0;CARD
REC-20260725-STORE_01-0074;STORE_01;CASH-01;2026-07-25 18:56:50;SKU-002;1;12000;0;CARD
REC-20260725-STORE_01-0074;STORE_01;CASH-10;2026-07-25 18:56:50;SKU-001;1;45000;0;CASH
REC-20260725-STORE_01-0075;STORE_01;CASH-03;2026-07-25 17:21:36;SKU-039;3;5000;500;CASH
REC-20260725-STORE_01-0075;STORE_01;CASH-05;2026-07-25 17:21:36;SKU-034;3;25000;0;CARD
REC-20260725-STORE_01-0075;STORE_01;CASH-05;2026-07-25 17:21:36;SKU-009;4;25000;0;CASH
REC-20260725-STORE_01-0075;STORE_01;CASH-03;2026-07-25 17:21:36;SKU-043;3;25000;500;CARD
REC-20260725-STORE_01-0075;STORE_01;CASH-02;2026-07-25 17:21:36;SKU-043;2;25000;500;CASH
REC-20260725-STORE_01-0076;STORE_01;CASH-01;2026-07-25 21:49:43;SKU-011;1;5000;500;CARD
REC-20260725-STORE_01-0076;STORE_01;CASH-07;2026-07-25 21:49:43;SKU-034;1;25000;1000;CARD
REC-20260725-STORE_01-0076;STORE_01;CASH-01;2026-07-25 21:49:43;SKU-008;4;12000;1000;CASH
REC-20260725-STORE_01-0076;STORE_01;CASH-03;2026-07-25 21:49:43;SKU-036;2;45000;0;CARD
REC-20260725-STORE_01-0076;STORE_01;CASH-06;2026-07-25 21:49:43;SKU-001;3;45000;0;CARD
REC-20260725-STORE_01-0077;STORE_01;CASH-09;2026-07-25 19:47:16;SKU-001;1;45000;500;CASH
REC-20260725-STORE_01-0077;STORE_01;CASH-09;2026-07-25 19:47:16;SKU-003;3;45000;0;CARD
REC-20260725-STORE_01-0078;STORE_01;CASH-05;2026-07-25 8:38:43;SKU-014;1;5000;0;CASH
REC-20260725-STORE_01-0078;STORE_01;CASH-06;2026-07-25 8:38:43;SKU-001;4;45000;0;CARD
REC-20260725-STORE_01-0078;STORE_01;CASH-09;2026-07-25 8:38:43;SKU-013;2;12000;0;CARD
REC-20260725-STORE_01-0079;STORE_01;CASH-07;2026-07-25 17:47:54;SKU-002;3;12000;0;CASH
REC-20260725-STORE_01-0080;STORE_01;CASH-07;2026-07-25 16:19:39;SKU-008;3;12000;500;CARD
REC-20260725-STORE_01-0080;STORE_01;CASH-08;2026-07-25 16:19:39;SKU-048;3;25000;0;CARD
REC-20260725-STORE_01-0080;STORE_01;CASH-01;2026-07-25 16:19:39;SKU-001;4;45000;500;CARD
REC-20260725-STORE_01-0081;STORE_01;CASH-02;2026-07-25 21:23:30;SKU-049;2;5000;1000;CARD
REC-20260725-STORE_01-0081;STORE_01;CASH-03;2026-07-25 21:23:30;SKU-028;4;5000;0;CARD
REC-20260725-STORE_01-0081;STORE_01;CASH-06;2026-07-25 21:23:30;SKU-029;3;5000;0;CARD
REC-20260725-STORE_01-0082;STORE_01;CASH-06;2026-07-25 16:42:34;SKU-001;3;45000;1000;CARD
REC-20260725-STORE_01-0082;STORE_01;CASH-01;2026-07-25 16:42:34;SKU-001;4;45000;1000;CARD
REC-20260725-STORE_01-0082;STORE_01;CASH-10;2026-07-25 16:42:34;SKU-001;2;45000;0;CARD
REC-20260725-STORE_01-0082;STORE_01;CASH-05;2026-07-25 16:42:34;SKU-007;3;12000;0;CARD
REC-20260725-STORE_01-0083;STORE_01;CASH-01;2026-07-25 14:38:31;SKU-011;2;5000;500;CARD
REC-20260725-STORE_01-0083;STORE_01;CASH-02;2026-07-25 14:38:31;SKU-008;4;12000;0;CARD
REC-20260725-STORE_01-0083;STORE_01;CASH-05;2026-07-25 14:38:31;SKU-003;4;45000;0;CARD
REC-20260725-STORE_01-0084;STORE_01;CASH-09;2026-07-25 16:33:34;SKU-003;1;45000;0;CARD
REC-20260725-STORE_01-0084;STORE_01;CASH-04;2026-07-25 16:33:34;SKU-001;1;45000;0;CASH
REC-20260725-STORE_01-0084;STORE_01;CASH-07;2026-07-25 16:33:34;SKU-001;3;45000;1000;CASH
REC-20260725-STORE_01-0085;STORE_01;CASH-06;2026-07-25 16:33:00;SKU-009;2;25000;0;CASH
REC-20260725-STORE_01-0085;STORE_01;CASH-04;2026-07-25 16:33:00;SKU-025;3;5000;0;CARD
REC-20260725-STORE_01-0085;STORE_01;CASH-02;2026-07-25 16:33:00;SKU-001;1;45000;1000;CASH
REC-20260725-STORE_01-0085;STORE_01;CASH-06;2026-07-25 16:33:00;SKU-001;1;45000;1000;CARD
REC-20260725-STORE_01-0085;STORE_01;CASH-09;2026-07-25 16:33:00;SKU-001;1;45000;500;CARD
REC-20260725-STORE_01-0086;STORE_01;CASH-07;2026-07-25 9:16:34;SKU-032;1;25000;0;CASH
REC-20260725-STORE_01-0086;STORE_01;CASH-04;2026-07-25 9:16:34;SKU-043;3;25000;0;CASH
REC-20260725-STORE_01-0087;STORE_01;CASH-10;2026-07-25 18:04:46;SKU-012;2;45000;0;CASH
REC-20260725-STORE_01-0087;STORE_01;CASH-06;2026-07-25 18:04:46;SKU-039;2;5000;0;CARD
REC-20260725-STORE_01-0087;STORE_01;CASH-02;2026-07-25 18:04:46;SKU-005;4;5000;0;CARD
REC-20260725-STORE_01-0088;STORE_01;CASH-09;2026-07-25 9:07:19;SKU-016;1;25000;0;CARD
REC-20260725-STORE_01-0088;STORE_01;CASH-04;2026-07-25 9:07:19;SKU-008;2;12000;1000;CARD
REC-20260725-STORE_01-0088;STORE_01;CASH-07;2026-07-25 9:07:19;SKU-021;2;5000;0;CARD
REC-20260725-STORE_01-0088;STORE_01;CASH-01;2026-07-25 9:07:19;SKU-003;2;45000;500;CARD
REC-20260725-STORE_01-0088;STORE_01;CASH-01;2026-07-25 9:07:19;SKU-003;1;45000;0;CASH
REC-20260725-STORE_01-0089;STORE_01;CASH-03;2026-07-25 21:51:42;SKU-002;2;12000;0;CASH
REC-20260725-STORE_01-0090;STORE_01;CASH-03;2026-07-25 11:53:09;SKU-031;2;45000;1000;CASH
REC-20260725-STORE_01-0090;STORE_01;CASH-05;2026-07-25 11:53:09;SKU-002;2;12000;0;CARD
REC-20260725-STORE_01-0090;STORE_01;CASH-08;2026-07-25 11:53:09;SKU-005;1;5000;500;CARD
REC-20260725-STORE_01-0090;STORE_01;CASH-10;2026-07-25 11:53:09;SKU-004;3;25000;0;CARD
REC-20260725-STORE_01-0090;STORE_01;CASH-07;2026-07-25 11:53:09;SKU-002;2;12000;1000;CASH
REC-20260725-STORE_01-0091;STORE_01;CASH-03;2026-07-25 17:46:52;SKU-028;1;5000;1000;CARD
REC-20260725-STORE_01-0092;STORE_01;CASH-10;2026-07-25 19:11:06;SKU-003;1;45000;0;CARD
REC-20260725-STORE_01-0092;STORE_01;CASH-06;2026-07-25 19:11:06;SKU-001;1;45000;0;CASH
REC-20260725-STORE_01-0092;STORE_01;CASH-04;2026-07-25 19:11:06;SKU-045;2;45000;1000;CASH
REC-20260725-STORE_01-0092;STORE_01;CASH-03;2026-07-25 19:11:06;SKU-004;4;25000;500;CARD
REC-20260725-STORE_01-0092;STORE_01;CASH-05;2026-07-25 19:11:06;SKU-036;3;45000;0;CARD
REC-20260725-STORE_01-0093;STORE_01;CASH-05;2026-07-25 14:42:31;SKU-010;1;25000;500;CARD
REC-20260725-STORE_01-0093;STORE_01;CASH-05;2026-07-25 14:42:31;SKU-010;4;25000;0;CARD
REC-20260725-STORE_01-0093;STORE_01;CASH-09;2026-07-25 14:42:31;SKU-001;4;45000;0;CARD
REC-20260725-STORE_01-0093;STORE_01;CASH-06;2026-07-25 14:42:31;SKU-010;2;25000;1000;CARD
REC-20260725-STORE_01-0093;STORE_01;CASH-01;2026-07-25 14:42:31;SKU-001;3;45000;500;CARD
REC-20260725-STORE_01-0094;STORE_01;CASH-07;2026-07-25 9:56:10;SKU-022;2;12000;1000;CASH
REC-20260725-STORE_01-0095;STORE_01;CASH-08;2026-07-25 10:02:37;SKU-004;3;25000;0;CARD
REC-20260725-STORE_01-0095;STORE_01;CASH-03;2026-07-25 10:02:37;SKU-007;4;12000;0;CARD
REC-20260725-STORE_01-0095;STORE_01;CASH-03;2026-07-25 10:02:37;SKU-043;2;25000;0;CARD
REC-20260725-STORE_01-0095;STORE_01;CASH-08;2026-07-25 10:02:37;SKU-041;2;25000;0;CASH
REC-20260725-STORE_01-0095;STORE_01;CASH-09;2026-07-25 10:02:37;SKU-028;2;5000;0;CARD
REC-20260725-STORE_01-0096;STORE_01;CASH-05;2026-07-25 21:09:53;SKU-012;2;45000;1000;CARD
REC-20260725-STORE_01-0096;STORE_01;CASH-03;2026-07-25 21:09:53;SKU-001;4;45000;0;CARD
REC-20260725-STORE_01-0096;STORE_01;CASH-07;2026-07-25 21:09:53;SKU-001;4;45000;0;CARD
REC-20260725-STORE_01-0096;STORE_01;CASH-04;2026-07-25 21:09:53;SKU-001;2;45000;0;CARD
REC-20260725-STORE_01-0096;STORE_01;CASH-10;2026-07-25 21:09:53;SKU-008;4;12000;0;CASH
REC-20260725-STORE_01-0097;STORE_01;CASH-07;2026-07-25 16:25:15;SKU-001;3;45000;0;CASH
REC-20260725-STORE_01-0097;STORE_01;CASH-10;2026-07-25 16:25:15;SKU-009;2;25000;0;CASH
REC-20260725-STORE_01-0097;STORE_01;CASH-03;2026-07-25 16:25:15;SKU-008;3;12000;1000;CASH
REC-20260725-STORE_01-0098;STORE_01;CASH-07;2026-07-25 15:27:29;SKU-003;1;45000;1000;CARD
REC-20260725-STORE_01-0099;STORE_01;CASH-05;2026-07-25 9:05:53;SKU-001;4;45000;0;CARD
REC-20260725-STORE_01-0099;STORE_01;CASH-01;2026-07-25 9:05:53;SKU-001;3;45000;1000;CASH
REC-20260725-STORE_01-0099;STORE_01;CASH-07;2026-07-25 9:05:53;SKU-012;1;45000;0;CASH
REC-20260725-STORE_01-0099;STORE_01;CASH-07;2026-07-25 9:05:53;SKU-012;2;45000;0;CARD
REC-20260725-STORE_01-0099;STORE_01;CASH-01;2026-07-25 9:05:53;SKU-027;2;5000;500;CARD
REC-20260725-STORE_01-0100;STORE_01;CASH-04;2026-07-25 12:40:16;SKU-003;2;45000;0;CARD
REC-20260725-STORE_01-0100;STORE_01;CASH-02;2026-07-25 12:40:16;SKU-003;1;45000;1000;CARD
REC-20260725-STORE_01-0100;STORE_01;CASH-09;2026-07-25 12:40:16;SKU-032;3;25000;1000;CARD
REC-20260725-STORE_01-0101;STORE_01;CASH-03;2026-07-25 16:16:23;SKU-040;2;25000;0;CASH
REC-20260725-STORE_01-0101;STORE_01;CASH-01;2026-07-25 16:16:23;SKU-005;3;5000;0;CASH
REC-20260725-STORE_01-0102;STORE_01;CASH-04;2026-07-25 13:07:33;SKU-010;3;25000;0;CARD
REC-20260725-STORE_01-0102;STORE_01;CASH-05;2026-07-25 13:07:33;SKU-007;2;12000;0;CASH
REC-20260725-STORE_01-0102;STORE_01;CASH-06;2026-07-25 13:07:33;SKU-009;3;25000;1000;CARD
REC-20260725-STORE_01-0102;STORE_01;CASH-08;2026-07-25 13:07:33;SKU-009;4;25000;500;CARD
REC-20260725-STORE_01-0103;STORE_01;CASH-08;2026-07-25 16:46:26;SKU-042;4;5000;500;CASH
REC-20260725-STORE_01-0103;STORE_01;CASH-05;2026-07-25 16:46:26;SKU-001;2;45000;0;CASH
REC-20260725-STORE_01-0103;STORE_01;CASH-10;2026-07-25 16:46:26;SKU-003;4;45000;1000;CASH
REC-20260725-STORE_01-0103;STORE_01;CASH-01;2026-07-25 16:46:26;SKU-006;2;45000;0;CASH
REC-20260725-STORE_01-0103;STORE_01;CASH-05;2026-07-25 16:46:26;SKU-003;1;45000;0;CARD
REC-20260725-STORE_01-0104;STORE_01;CASH-05;2026-07-25 12:49:05;SKU-030;2;45000;0;CARD
REC-20260725-STORE_01-0104;STORE_01;CASH-02;2026-07-25 12:49:05;SKU-008;4;12000;1000;CASH
REC-20260725-STORE_01-0104;STORE_01;CASH-10;2026-07-25 12:49:05;SKU-024;3;12000;1000;CASH
REC-20260725-STORE_01-0104;STORE_01;CASH-02;2026-07-25 12:49:05;SKU-033;4;5000;500;CARD
REC-20260725-STORE_01-0105;STORE_01;CASH-03;2026-07-25 8:00:12;SKU-014;2;5000;1000;CARD
REC-20260725-STORE_01-0105;STORE_01;CASH-05;2026-07-25 8:00:12;SKU-025;1;5000;500;CARD
REC-20260725-STORE_01-0105;STORE_01;CASH-09;2026-07-25 8:00:12;SKU-029;3;5000;0;CARD
REC-20260725-STORE_01-0105;STORE_01;CASH-03;2026-07-25 8:00:12;SKU-003;2;45000;0;CASH
REC-20260725-STORE_01-0106;STORE_01;CASH-05;2026-07-25 21:36:00;SKU-002;2;12000;0;CASH
REC-20260725-STORE_01-0106;STORE_01;CASH-09;2026-07-25 21:36:00;SKU-031;1;45000;0;CASH
REC-20260725-STORE_01-0107;STORE_01;CASH-10;2026-07-25 16:25:17;SKU-005;3;5000;0;CARD
REC-20260725-STORE_01-0107;STORE_01;CASH-02;2026-07-25 16:25:17;SKU-002;2;12000;500;CARD
REC-20260725-STORE_01-0108;STORE_01;CASH-08;2026-07-25 10:55:27;SKU-007;2;12000;0;CARD
REC-20260725-STORE_01-0108;STORE_01;CASH-01;2026-07-25 10:55:27;SKU-007;4;12000;0;CARD
REC-20260725-STORE_01-0108;STORE_01;CASH-04;2026-07-25 10:55:27;SKU-001;2;45000;500;CASH
REC-20260725-STORE_01-0108;STORE_01;CASH-09;2026-07-25 10:55:27;SKU-003;4;45000;1000;CARD
REC-20260725-STORE_01-0108;STORE_01;CASH-08;2026-07-25 10:55:27;SKU-005;4;5000;0;CARD
REC-20260725-STORE_01-0109;STORE_01;CASH-09;2026-07-25 14:50:30;SKU-030;2;45000;0;CARD
REC-20260725-STORE_01-0109;STORE_01;CASH-08;2026-07-25 14:50:30;SKU-025;2;5000;500;CARD
REC-20260725-STORE_01-0109;STORE_01;CASH-04;2026-07-25 14:50:30;SKU-002;4;12000;0;CARD
REC-20260725-STORE_01-0109;STORE_01;CASH-08;2026-07-25 14:50:30;SKU-005;2;5000;0;CASH
REC-20260725-STORE_01-0109;STORE_01;CASH-06;2026-07-25 14:50:30;SKU-001;1;45000;0;CARD
REC-20260725-STORE_01-0110;STORE_01;CASH-10;2026-07-25 19:18:17;SKU-001;3;45000;0;CARD
REC-20260725-STORE_01-0111;STORE_01;CASH-09;2026-07-25 11:14:26;SKU-015;3;5000;0;CASH
REC-20260725-STORE_01-0111;STORE_01;CASH-08;2026-07-25 11:14:26;SKU-001;4;45000;0;CARD
REC-20260725-STORE_01-0111;STORE_01;CASH-10;2026-07-25 11:14:26;SKU-005;1;5000;0;CASH
REC-20260725-STORE_01-0111;STORE_01;CASH-02;2026-07-25 11:14:26;SKU-007;4;12000;0;CASH
REC-20260725-STORE_01-0112;STORE_01;CASH-09;2026-07-25 12:16:47;SKU-011;4;5000;0;CASH
REC-20260725-STORE_01-0112;STORE_01;CASH-06;2026-07-25 12:16:47;SKU-003;1;45000;0;CASH
REC-20260725-STORE_01-0112;STORE_01;CASH-04;2026-07-25 12:16:47;SKU-003;3;45000;0;CARD
REC-20260725-STORE_01-0113;STORE_01;CASH-06;2026-07-25 8:41:54;SKU-001;1;45000;0;CARD
REC-20260725-STORE_01-0113;STORE_01;CASH-08;2026-07-25 8:41:54;SKU-001;3;45000;1000;CARD
REC-20260725-STORE_01-0114;STORE_01;CASH-07;2026-07-25 19:44:48;SKU-020;3;12000;0;CASH
REC-20260725-STORE_01-0114;STORE_01;CASH-04;2026-07-25 19:44:48;SKU-028;4;5000;0;CASH
REC-20260725-STORE_01-0115;STORE_01;CASH-07;2026-07-25 10:47:33;SKU-037;4;45000;500;CASH
REC-20260725-STORE_01-0115;STORE_01;CASH-05;2026-07-25 10:47:33;SKU-001;2;45000;0;CASH
REC-20260725-STORE_01-0115;STORE_01;CASH-04;2026-07-25 10:47:33;SKU-001;3;45000;0;CASH
REC-20260725-STORE_01-0115;STORE_01;CASH-01;2026-07-25 10:47:33;SKU-001;2;45000;0;CASH
REC-20260725-STORE_01-0115;STORE_01;CASH-05;2026-07-25 10:47:33;SKU-013;2;12000;0;CARD
REC-20260725-STORE_01-0116;STORE_01;CASH-07;2026-07-25 11:28:27;SKU-003;2;45000;1000;CARD
REC-20260725-STORE_01-0116;STORE_01;CASH-04;2026-07-25 11:28:27;SKU-001;4;45000;0;CASH
REC-20260725-STORE_01-0116;STORE_01;CASH-01;2026-07-25 11:28:27;SKU-008;1;12000;0;CARD
REC-20260725-STORE_01-0116;STORE_01;CASH-02;2026-07-25 11:28:27;SKU-001;2;45000;0;CARD
REC-20260725-STORE_01-0117;STORE_01;CASH-01;2026-07-25 18:31:53;SKU-023;3;45000;500;CARD
REC-20260725-STORE_01-0117;STORE_01;CASH-03;2026-07-25 18:31:53;SKU-019;4;25000;0;CASH
REC-20260725-STORE_01-0117;STORE_01;CASH-01;2026-07-25 18:31:53;SKU-001;3;45000;0;CARD
REC-20260725-STORE_01-0118;STORE_01;CASH-04;2026-07-25 16:06:50;SKU-004;3;25000;500;CARD
REC-20260725-STORE_01-0118;STORE_01;CASH-05;2026-07-25 16:06:50;SKU-001;1;45000;500;CARD
REC-20260725-STORE_01-0119;STORE_01;CASH-05;2026-07-25 9:46:14;SKU-001;1;45000;500;CASH
REC-20260725-STORE_01-0119;STORE_01;CASH-03;2026-07-25 9:46:14;SKU-001;1;45000;0;CASH
REC-20260725-STORE_01-0119;STORE_01;CASH-03;2026-07-25 9:46:14;SKU-003;3;45000;0;CASH
REC-20260725-STORE_01-0119;STORE_01;CASH-06;2026-07-25 9:46:14;SKU-001;3;45000;1000;CARD
REC-20260725-STORE_01-0120;STORE_01;CASH-08;2026-07-25 8:50:31;SKU-049;3;5000;0;CARD
REC-20260725-STORE_01-0121;STORE_01;CASH-09;2026-07-25 10:24:43;SKU-020;4;12000;0;CASH
REC-20260725-STORE_01-0121;STORE_01;CASH-04;2026-07-25 10:24:43;SKU-002;4;12000;0;CARD
REC-20260725-STORE_01-0122;STORE_01;CASH-07;2026-07-25 18:35:44;SKU-001;2;45000;0;CARD
REC-20260725-STORE_01-0122;STORE_01;CASH-10;2026-07-25 18:35:44;SKU-024;2;12000;0;CARD
REC-20260725-STORE_01-0123;STORE_01;CASH-06;2026-07-25 14:36:46;SKU-004;1;25000;500;CARD
REC-20260725-STORE_01-0123;STORE_01;CASH-10;2026-07-25 14:36:46;SKU-036;3;45000;1000;CARD
REC-20260725-STORE_01-0123;STORE_01;CASH-03;2026-07-25 14:36:46;SKU-020;4;12000;0;CASH
REC-20260725-STORE_01-0123;STORE_01;CASH-01;2026-07-25 14:36:46;SKU-003;1;45000;1000;CASH
REC-20260725-STORE_01-0124;STORE_01;CASH-02;2026-07-25 17:01:32;SKU-002;3;12000;0;CARD
REC-20260725-STORE_01-0124;STORE_01;CASH-01;2026-07-25 17:01:32;SKU-002;1;12000;1000;CARD
REC-20260725-STORE_01-0124;STORE_01;CASH-01;2026-07-25 17:01:32;SKU-005;2;5000;0;CARD
REC-20260725-STORE_01-0125;STORE_01;CASH-07;2026-07-25 9:53:47;SKU-002;1;12000;1000;CARD
REC-20260725-STORE_01-0125;STORE_01;CASH-09;2026-07-25 9:53:47;SKU-004;1;25000;0;CASH
REC-20260725-STORE_01-0125;STORE_01;CASH-09;2026-07-25 9:53:47;SKU-001;2;45000;500;CARD
REC-20260725-STORE_01-0125;STORE_01;CASH-10;2026-07-25 9:53:47;SKU-002;2;12000;0;CASH
REC-20260725-STORE_01-0126;STORE_01;CASH-02;2026-07-25 18:29:19;SKU-050;4;25000;0;CARD
REC-20260725-STORE_01-0126;STORE_01;CASH-08;2026-07-25 18:29:19;SKU-043;3;25000;0;CARD
REC-20260725-STORE_01-0126;STORE_01;CASH-05;2026-07-25 18:29:19;SKU-001;3;45000;0;CASH
REC-20260725-STORE_01-0126;STORE_01;CASH-10;2026-07-25 18:29:19;SKU-001;2;45000;1000;CARD
REC-20260725-STORE_01-0127;STORE_01;CASH-06;2026-07-25 20:18:01;SKU-001;4;45000;500;CARD
REC-20260725-STORE_01-0127;STORE_01;CASH-04;2026-07-25 20:18:01;SKU-001;2;45000;0;CASH
REC-20260725-STORE_01-0127;STORE_01;CASH-05;2026-07-25 20:18:01;SKU-001;1;45000;500;CARD
REC-20260725-STORE_01-0127;STORE_01;CASH-08;2026-07-25 20:18:01;SKU-011;2;5000;0;CASH
REC-20260725-STORE_01-0127;STORE_01;CASH-10;2026-07-25 20:18:01;SKU-004;2;25000;500;CASH
REC-20260725-STORE_01-0128;STORE_01;CASH-04;2026-07-25 17:15:22;SKU-002;3;12000;1000;CARD
REC-20260725-STORE_01-0128;STORE_01;CASH-06;2026-07-25 17:15:22;SKU-019;3;25000;0;CARD
REC-20260725-STORE_01-0129;STORE_01;CASH-03;2026-07-25 11:47:12;SKU-016;2;25000;0;CASH
REC-20260725-STORE_01-0129;STORE_01;CASH-08;2026-07-25 11:47:12;SKU-005;4;5000;1000;CARD
REC-20260725-STORE_01-0130;STORE_01;CASH-06;2026-07-25 12:30:21;SKU-005;1;5000;0;CARD
REC-20260725-STORE_01-0130;STORE_01;CASH-09;2026-07-25 12:30:21;SKU-019;1;25000;0;CASH
REC-20260725-STORE_01-0131;STORE_01;CASH-04;2026-07-25 15:19:32;SKU-001;4;45000;1000;CARD
REC-20260725-STORE_01-0131;STORE_01;CASH-05;2026-07-25 15:19:32;SKU-001;4;45000;500;CASH
REC-20260725-STORE_01-0131;STORE_01;CASH-04;2026-07-25 15:19:32;SKU-001;1;45000;0;CARD
REC-20260725-STORE_01-0132;STORE_01;CASH-06;2026-07-25 16:34:30;SKU-048;1;25000;0;CASH
REC-20260725-STORE_01-0132;STORE_01;CASH-09;2026-07-25 16:34:30;SKU-002;1;12000;0;CARD
REC-20260725-STORE_01-0133;STORE_01;CASH-01;2026-07-25 12:23:05;SKU-004;2;25000;0;CARD
REC-20260725-STORE_01-0133;STORE_01;CASH-08;2026-07-25 12:23:05;SKU-005;3;5000;0;CASH
REC-20260725-STORE_01-0133;STORE_01;CASH-04;2026-07-25 12:23:05;SKU-003;3;45000;500;CASH
REC-20260725-STORE_01-0133;STORE_01;CASH-06;2026-07-25 12:23:05;SKU-006;4;45000;0;CARD
REC-20260725-STORE_01-0134;STORE_01;CASH-10;2026-07-25 11:45:53;SKU-034;4;25000;1000;CASH
REC-20260725-STORE_01-0134;STORE_01;CASH-01;2026-07-25 11:45:53;SKU-046;2;25000;0;CASH
REC-20260725-STORE_01-0134;STORE_01;CASH-02;2026-07-25 11:45:53;SKU-004;1;25000;0;CARD
REC-20260725-STORE_01-0135;STORE_01;CASH-10;2026-07-25 8:04:00;SKU-007;2;12000;1000;CARD
REC-20260725-STORE_01-0135;STORE_01;CASH-06;2026-07-25 8:04:00;SKU-004;2;25000;500;CASH
REC-20260725-STORE_01-0135;STORE_01;CASH-05;2026-07-25 8:04:00;SKU-002;3;12000;500;CARD
REC-20260725-STORE_01-0135;STORE_01;CASH-05;2026-07-25 8:04:00;SKU-003;2;45000;1000;CARD
REC-20260725-STORE_01-0135;STORE_01;CASH-02;2026-07-25 8:04:00;SKU-004;3;25000;500;CARD
REC-20260725-STORE_01-0136;STORE_01;CASH-09;2026-07-25 9:47:24;SKU-006;1;45000;1000;CASH
REC-20260725-STORE_01-0136;STORE_01;CASH-06;2026-07-25 9:47:24;SKU-001;4;45000;1000;CARD
REC-20260725-STORE_01-0136;STORE_01;CASH-02;2026-07-25 9:47:24;SKU-030;2;45000;1000;CASH
REC-20260725-STORE_01-0136;STORE_01;CASH-08;2026-07-25 9:47:24;SKU-040;1;25000;0;CARD
REC-20260725-STORE_01-0137;STORE_01;CASH-01;2026-07-25 13:31:39;SKU-006;4;45000;0;CASH
REC-20260725-STORE_01-0137;STORE_01;CASH-06;2026-07-25 13:31:39;SKU-014;1;5000;0;CARD
REC-20260725-STORE_01-0137;STORE_01;CASH-07;2026-07-25 13:31:39;SKU-037;3;45000;1000;CASH
REC-20260725-STORE_01-0137;STORE_01;CASH-06;2026-07-25 13:31:39;SKU-007;3;12000;0;CARD
REC-20260725-STORE_01-0137;STORE_01;CASH-03;2026-07-25 13:31:39;SKU-005;2;5000;1000;CARD
REC-20260725-STORE_01-0138;STORE_01;CASH-04;2026-07-25 12:18:51;SKU-001;4;45000;500;CASH
REC-20260725-STORE_01-0139;STORE_01;CASH-03;2026-07-25 17:08:41;SKU-015;2;5000;0;CARD
REC-20260725-STORE_01-0139;STORE_01;CASH-08;2026-07-25 17:08:41;SKU-030;1;45000;0;CARD
REC-20260725-STORE_01-0139;STORE_01;CASH-06;2026-07-25 17:08:41;SKU-003;3;45000;0;CARD
REC-20260725-STORE_01-0139;STORE_01;CASH-04;2026-07-25 17:08:41;SKU-044;3;5000;500;CARD
REC-20260725-STORE_01-0139;STORE_01;CASH-05;2026-07-25 17:08:41;SKU-020;4;12000;500;CARD
REC-20260725-STORE_01-0140;STORE_01;CASH-02;2026-07-25 15:11:18;SKU-005;4;5000;500;CASH
REC-20260725-STORE_01-0140;STORE_01;CASH-01;2026-07-25 15:11:18;SKU-004;2;25000;1000;CARD
REC-20260725-STORE_01-0141;STORE_01;CASH-08;2026-07-25 9:50:00;SKU-001;3;45000;0;CARD
REC-20260725-STORE_01-0141;STORE_01;CASH-05;2026-07-25 9:50:00;SKU-008;4;12000;0;CARD
REC-20260725-STORE_01-0141;STORE_01;CASH-05;2026-07-25 9:50:00;SKU-034;2;25000;0;CARD
REC-20260725-STORE_01-0141;STORE_01;CASH-05;2026-07-25 9:50:00;SKU-002;1;12000;500;CASH
REC-20260725-STORE_01-0142;STORE_01;CASH-04;2026-07-25 21:44:25;SKU-014;4;5000;0;CARD
REC-20260725-STORE_01-0142;STORE_01;CASH-01;2026-07-25 21:44:25;SKU-008;3;12000;0;CARD
REC-20260725-STORE_01-0143;STORE_01;CASH-03;2026-07-25 11:22:18;SKU-036;4;45000;0;CASH
REC-20260725-STORE_01-0143;STORE_01;CASH-06;2026-07-25 11:22:18;SKU-025;4;5000;500;CASH
REC-20260725-STORE_01-0143;STORE_01;CASH-07;2026-07-25 11:22:18;SKU-038;1;12000;0;CARD
REC-20260725-STORE_01-0143;STORE_01;CASH-06;2026-07-25 11:22:18;SKU-013;1;12000;0;CARD
REC-20260725-STORE_01-0143;STORE_01;CASH-09;2026-07-25 11:22:18;SKU-039;2;5000;0;CASH
REC-20260725-STORE_01-0144;STORE_01;CASH-04;2026-07-25 12:14:53;SKU-016;4;25000;0;CARD
REC-20260725-STORE_01-0144;STORE_01;CASH-05;2026-07-25 12:14:53;SKU-007;1;12000;0;CASH
REC-20260725-STORE_01-0144;STORE_01;CASH-03;2026-07-25 12:14:53;SKU-003;1;45000;500;CASH
REC-20260725-STORE_01-0144;STORE_01;CASH-07;2026-07-25 12:14:53;SKU-007;4;12000;1000;CARD
REC-20260725-STORE_01-0145;STORE_01;CASH-06;2026-07-25 21:32:56;SKU-032;3;25000;0;CARD
REC-20260725-STORE_01-0145;STORE_01;CASH-07;2026-07-25 21:32:56;SKU-007;1;12000;500;CARD
REC-20260725-STORE_01-0146;STORE_01;CASH-03;2026-07-25 8:58:08;SKU-002;3;12000;0;CARD
REC-20260725-STORE_01-0146;STORE_01;CASH-08;2026-07-25 8:58:08;SKU-028;3;5000;0;CARD
REC-20260725-STORE_01-0146;STORE_01;CASH-02;2026-07-25 8:58:08;SKU-001;1;45000;0;CASH
REC-20260725-STORE_01-0147;STORE_01;CASH-02;2026-07-25 20:32:24;SKU-036;4;45000;0;CARD
REC-20260725-STORE_01-0147;STORE_01;CASH-03;2026-07-25 20:32:24;SKU-033;4;5000;500;CASH
REC-20260725-STORE_01-0148;STORE_01;CASH-01;2026-07-25 20:11:21;SKU-010;2;25000;0;CARD
REC-20260725-STORE_01-0148;STORE_01;CASH-06;2026-07-25 20:11:21;SKU-038;4;12000;1000;CARD
REC-20260725-STORE_01-0148;STORE_01;CASH-05;2026-07-25 20:11:21;SKU-002;4;12000;500;CASH
REC-20260725-STORE_01-0148;STORE_01;CASH-01;2026-07-25 20:11:21;SKU-004;1;25000;0;CASH
REC-20260725-STORE_01-0149;STORE_01;CASH-08;2026-07-25 11:03:50;SKU-012;1;45000;0;CASH
REC-20260725-STORE_01-0149;STORE_01;CASH-08;2026-07-25 11:03:50;SKU-003;4;45000;0;CASH
REC-20260725-STORE_01-0150;STORE_01;CASH-06;2026-07-25 8:08:12;SKU-038;3;12000;0;CASH
REC-20260725-STORE_01-0151;STORE_01;CASH-08;2026-07-25 15:35:56;SKU-001;3;45000;0;CASH
REC-20260725-STORE_01-0151;STORE_01;CASH-08;2026-07-25 15:35:56;SKU-001;1;45000;1000;CASH
REC-20260725-STORE_01-0151;STORE_01;CASH-06;2026-07-25 15:35:56;SKU-008;2;12000;0;CARD
REC-20260725-STORE_01-0151;STORE_01;CASH-06;2026-07-25 15:35:56;SKU-002;4;12000;1000;CARD
REC-20260725-STORE_01-0152;STORE_01;CASH-02;2026-07-25 11:13:06;SKU-003;2;45000;0;CARD
REC-20260725-STORE_01-0153;STORE_01;CASH-09;2026-07-25 11:12:20;SKU-006;1;45000;500;CARD
REC-20260725-STORE_01-0154;STORE_01;CASH-05;2026-07-25 17:32:06;SKU-020;3;12000;500;CASH
REC-20260725-STORE_01-0155;STORE_01;CASH-09;2026-07-25 14:35:31;SKU-001;1;45000;1000;CASH
REC-20260725-STORE_01-0155;STORE_01;CASH-09;2026-07-25 14:35:31;SKU-001;4;45000;0;CASH
REC-20260725-STORE_01-0156;STORE_01;CASH-02;2026-07-25 16:12:49;SKU-007;1;12000;0;CASH
REC-20260725-STORE_01-0156;STORE_01;CASH-03;2026-07-25 16:12:49;SKU-005;2;5000;0;CARD
REC-20260725-STORE_01-0156;STORE_01;CASH-05;2026-07-25 16:12:49;SKU-009;4;25000;0;CASH
REC-20260725-STORE_01-0156;STORE_01;CASH-05;2026-07-25 16:12:49;SKU-006;2;45000;0;CARD
REC-20260725-STORE_01-0157;STORE_01;CASH-02;2026-07-25 11:15:33;SKU-003;3;45000;0;CARD
REC-20260725-STORE_01-0157;STORE_01;CASH-09;2026-07-25 11:15:33;SKU-048;1;25000;500;CARD
REC-20260725-STORE_01-0157;STORE_01;CASH-07;2026-07-25 11:15:33;SKU-004;4;25000;0;CARD
REC-20260725-STORE_01-0158;STORE_01;CASH-01;2026-07-25 20:01:45;SKU-035;4;5000;0;CARD
REC-20260725-STORE_01-0158;STORE_01;CASH-02;2026-07-25 20:01:45;SKU-001;3;45000;0;CASH
REC-20260725-STORE_01-0158;STORE_01;CASH-06;2026-07-25 20:01:45;SKU-001;4;45000;1000;CASH
REC-20260725-STORE_01-0159;STORE_01;CASH-10;2026-07-25 13:59:14;SKU-009;3;25000;0;CARD
REC-20260725-STORE_01-0159;STORE_01;CASH-05;2026-07-25 13:59:14;SKU-006;4;45000;0;CASH
REC-20260725-STORE_01-0160;STORE_01;CASH-01;2026-07-25 19:43:33;SKU-003;1;45000;0;CASH
REC-20260725-STORE_01-0161;STORE_01;CASH-10;2026-07-25 8:58:36;SKU-048;1;25000;0;CARD
REC-20260725-STORE_01-0162;STORE_01;CASH-04;2026-07-25 20:24:19;SKU-005;4;5000;1000;CASH
REC-20260725-STORE_01-0162;STORE_01;CASH-08;2026-07-25 20:24:19;SKU-017;1;12000;0;CASH
REC-20260725-STORE_01-0162;STORE_01;CASH-08;2026-07-25 20:24:19;SKU-045;1;45000;500;CARD
REC-20260725-STORE_01-0163;STORE_01;CASH-05;2026-07-25 21:39:12;SKU-010;4;25000;1000;CASH
REC-20260725-STORE_01-0163;STORE_01;CASH-02;2026-07-25 21:39:12;SKU-012;1;45000;500;CARD
REC-20260725-STORE_01-0163;STORE_01;CASH-07;2026-07-25 21:39:12;SKU-001;4;45000;0;CARD
REC-20260725-STORE_01-0163;STORE_01;CASH-09;2026-07-25 21:39:12;SKU-022;4;12000;1000;CARD
REC-20260725-STORE_01-0163;STORE_01;CASH-01;2026-07-25 21:39:12;SKU-017;4;12000;0;CARD
REC-20260725-STORE_01-0164;STORE_01;CASH-07;2026-07-25 16:32:52;SKU-023;1;45000;1000;CARD
REC-20260725-STORE_01-0164;STORE_01;CASH-08;2026-07-25 16:32:52;SKU-005;1;5000;1000;CARD
REC-20260725-STORE_01-0165;STORE_01;CASH-10;2026-07-25 16:25:35;SKU-001;2;45000;500;CASH
REC-20260725-STORE_01-0165;STORE_01;CASH-08;2026-07-25 16:25:35;SKU-002;2;12000;500;CARD
REC-20260725-STORE_01-0165;STORE_01;CASH-06;2026-07-25 16:25:35;SKU-001;2;45000;1000;CARD
REC-20260725-STORE_01-0166;STORE_01;CASH-09;2026-07-25 17:18:03;SKU-040;2;25000;0;CARD
REC-20260725-STORE_01-0167;STORE_01;CASH-10;2026-07-25 17:55:34;SKU-004;1;25000;1000;CARD
REC-20260725-STORE_01-0167;STORE_01;CASH-07;2026-07-25 17:55:34;SKU-010;4;25000;500;CASH
REC-20260725-STORE_01-0168;STORE_01;CASH-01;2026-07-25 17:35:18;SKU-001;4;45000;500;CARD
REC-20260725-STORE_01-0168;STORE_01;CASH-10;2026-07-25 17:35:18;SKU-016;1;25000;500;CARD
REC-20260725-STORE_01-0168;STORE_01;CASH-01;2026-07-25 17:35:18;SKU-003;2;45000;0;CASH
REC-20260725-STORE_01-0169;STORE_01;CASH-02;2026-07-25 21:02:38;SKU-002;1;12000;0;CASH
REC-20260725-STORE_01-0170;STORE_01;CASH-06;2026-07-25 13:44:41;SKU-001;3;45000;0;CASH
REC-20260725-STORE_01-0170;STORE_01;CASH-01;2026-07-25 13:44:41;SKU-002;1;12000;1000;CARD
REC-20260725-STORE_01-0171;STORE_01;CASH-10;2026-07-25 8:30:22;SKU-005;3;5000;0;CARD
REC-20260725-STORE_01-0171;STORE_01;CASH-08;2026-07-25 8:30:22;SKU-009;1;25000;0;CARD
REC-20260725-STORE_01-0171;STORE_01;CASH-06;2026-07-25 8:30:22;SKU-001;2;45000;0;CARD
REC-20260725-STORE_01-0172;STORE_01;CASH-08;2026-07-25 8:34:17;SKU-003;4;45000;500;CASH
REC-20260725-STORE_01-0172;STORE_01;CASH-01;2026-07-25 8:34:17;SKU-006;3;45000;1000;CARD
REC-20260725-STORE_01-0172;STORE_01;CASH-01;2026-07-25 8:34:17;SKU-003;1;45000;0;CASH
REC-20260725-STORE_01-0173;STORE_01;CASH-01;2026-07-25 12:35:52;SKU-004;4;25000;0;CASH
REC-20260725-STORE_01-0173;STORE_01;CASH-03;2026-07-25 12:35:52;SKU-001;4;45000;1000;CARD
REC-20260725-STORE_01-0173;STORE_01;CASH-04;2026-07-25 12:35:52;SKU-005;2;5000;1000;CASH
REC-20260725-STORE_01-0173;STORE_01;CASH-06;2026-07-25 12:35:52;SKU-006;4;45000;1000;CASH
REC-20260725-STORE_01-0173;STORE_01;CASH-05;2026-07-25 12:35:52;SKU-048;4;25000;0;CARD
REC-20260725-STORE_01-0174;STORE_01;CASH-05;2026-07-25 9:51:37;SKU-003;2;45000;0;CARD
REC-20260725-STORE_01-0174;STORE_01;CASH-06;2026-07-25 9:51:37;SKU-007;3;12000;500;CARD
REC-20260725-STORE_01-0174;STORE_01;CASH-05;2026-07-25 9:51:37;SKU-018;3;5000;0;CARD
REC-20260725-STORE_01-0175;STORE_01;CASH-07;2026-07-25 10:15:39;SKU-004;2;25000;0;CASH
REC-20260725-STORE_01-0175;STORE_01;CASH-09;2026-07-25 10:15:39;SKU-002;2;12000;0;CARD
REC-20260725-STORE_01-0175;STORE_01;CASH-05;2026-07-25 10:15:39;SKU-015;1;5000;500;CARD
REC-20260725-STORE_01-0175;STORE_01;CASH-03;2026-07-25 10:15:39;SKU-008;1;12000;0;CARD
REC-20260725-STORE_01-0176;STORE_01;CASH-08;2026-07-25 9:19:33;SKU-004;1;25000;0;CARD
REC-20260725-STORE_01-0176;STORE_01;CASH-04;2026-07-25 9:19:33;SKU-001;2;45000;1000;CARD
REC-20260725-STORE_01-0176;STORE_01;CASH-07;2026-07-25 9:19:33;SKU-005;4;5000;1000;CASH
REC-20260725-STORE_01-0177;STORE_01;CASH-04;2026-07-25 15:47:44;SKU-001;2;45000;0;CARD
REC-20260725-STORE_01-0177;STORE_01;CASH-06;2026-07-25 15:47:44;SKU-002;2;12000;0;CASH
REC-20260725-STORE_01-0177;STORE_01;CASH-01;2026-07-25 15:47:44;SKU-004;1;25000;1000;CARD
REC-20260725-STORE_01-0177;STORE_01;CASH-03;2026-07-25 15:47:44;SKU-010;3;25000;1000;CASH
REC-20260725-STORE_01-0177;STORE_01;CASH-03;2026-07-25 15:47:44;SKU-003;4;45000;0;CARD
REC-20260725-STORE_01-0178;STORE_01;CASH-03;2026-07-25 18:39:23;SKU-001;4;45000;500;CASH
REC-20260725-STORE_01-0178;STORE_01;CASH-10;2026-07-25 18:39:23;SKU-001;4;45000;500;CASH
REC-20260725-STORE_01-0178;STORE_01;CASH-09;2026-07-25 18:39:23;SKU-001;2;45000;1000;CASH
REC-20260725-STORE_01-0179;STORE_01;CASH-09;2026-07-25 17:25:14;SKU-006;4;45000;0;CARD
REC-20260725-STORE_01-0180;STORE_01;CASH-09;2026-07-25 14:23:26;SKU-001;4;45000;1000;CASH
REC-20260725-STORE_01-0180;STORE_01;CASH-05;2026-07-25 14:23:26;SKU-008;4;12000;0;CARD
REC-20260725-STORE_01-0181;STORE_01;CASH-04;2026-07-25 21:32:48;SKU-011;4;5000;0;CARD
REC-20260725-STORE_01-0181;STORE_01;CASH-02;2026-07-25 21:32:48;SKU-003;1;45000;1000;CARD
REC-20260725-STORE_01-0181;STORE_01;CASH-04;2026-07-25 21:32:48;SKU-003;1;45000;0;CARD
REC-20260725-STORE_01-0181;STORE_01;CASH-08;2026-07-25 21:32:48;SKU-008;1;12000;0;CARD
REC-20260725-STORE_01-0181;STORE_01;CASH-02;2026-07-25 21:32:48;SKU-002;2;12000;1000;CARD
REC-20260725-STORE_01-0182;STORE_01;CASH-04;2026-07-25 11:49:08;SKU-014;4;5000;1000;CARD
REC-20260725-STORE_01-0182;STORE_01;CASH-10;2026-07-25 11:49:08;SKU-039;4;5000;500;CASH
REC-20260725-STORE_01-0182;STORE_01;CASH-06;2026-07-25 11:49:08;SKU-028;4;5000;0;CARD
REC-20260725-STORE_01-0182;STORE_01;CASH-08;2026-07-25 11:49:08;SKU-001;4;45000;0;CASH
REC-20260725-STORE_01-0182;STORE_01;CASH-01;2026-07-25 11:49:08;SKU-001;2;45000;0;CASH
REC-20260725-STORE_01-0183;STORE_01;CASH-10;2026-07-25 10:30:52;SKU-011;1;5000;0;CARD
REC-20260725-STORE_01-0183;STORE_01;CASH-08;2026-07-25 10:30:52;SKU-002;1;12000;0;CARD
REC-20260725-STORE_01-0183;STORE_01;CASH-10;2026-07-25 10:30:52;SKU-014;4;5000;0;CASH
REC-20260725-STORE_01-0184;STORE_01;CASH-02;2026-07-25 16:40:15;SKU-001;2;45000;0;CARD
REC-20260725-STORE_01-0184;STORE_01;CASH-03;2026-07-25 16:40:15;SKU-013;2;12000;1000;CARD
REC-20260725-STORE_01-0184;STORE_01;CASH-09;2026-07-25 16:40:15;SKU-001;4;45000;500;CARD
REC-20260725-STORE_01-0184;STORE_01;CASH-05;2026-07-25 16:40:15;SKU-002;4;12000;500;CASH
REC-20260725-STORE_01-0184;STORE_01;CASH-08;2026-07-25 16:40:15;SKU-001;4;45000;0;CARD
REC-20260725-STORE_01-0185;STORE_01;CASH-05;2026-07-25 20:47:56;SKU-007;4;12000;1000;CARD
REC-20260725-STORE_01-0185;STORE_01;CASH-01;2026-07-25 20:47:56;SKU-002;1;12000;0;CARD
REC-20260725-STORE_01-0185;STORE_01;CASH-07;2026-07-25 20:47:56;SKU-001;1;45000;1000;CASH
REC-20260725-STORE_01-0186;STORE_01;CASH-05;2026-07-25 18:16:13;SKU-001;3;45000;500;CASH
REC-20260725-STORE_01-0186;STORE_01;CASH-03;2026-07-25 18:16:13;SKU-014;2;5000;1000;CARD
REC-20260725-STORE_01-0186;STORE_01;CASH-01;2026-07-25 18:16:13;SKU-029;3;5000;500;CASH
REC-20260725-STORE_01-0187;STORE_01;CASH-09;2026-07-25 19:57:08;SKU-001;3;45000;0;CASH
REC-20260725-STORE_01-0187;STORE_01;CASH-04;2026-07-25 19:57:08;SKU-001;3;45000;0;CASH
REC-20260725-STORE_01-0187;STORE_01;CASH-09;2026-07-25 19:57:08;SKU-003;4;45000;0;CASH
REC-20260725-STORE_01-0188;STORE_01;CASH-09;2026-07-25 8:23:35;SKU-003;3;45000;1000;CARD
REC-20260725-STORE_01-0188;STORE_01;CASH-06;2026-07-25 8:23:35;SKU-021;4;5000;500;CASH
REC-20260725-STORE_01-0188;STORE_01;CASH-03;2026-07-25 8:23:35;SKU-012;3;45000;0;CARD
REC-20260725-STORE_01-0188;STORE_01;CASH-06;2026-07-25 8:23:35;SKU-001;1;45000;500;CARD
REC-20260725-STORE_01-0189;STORE_01;CASH-01;2026-07-25 9:47:24;SKU-006;3;45000;0;CARD
REC-20260725-STORE_01-0189;STORE_01;CASH-03;2026-07-25 9:47:24;SKU-024;3;12000;0;CARD
REC-20260725-STORE_01-0189;STORE_01;CASH-10;2026-07-25 9:47:24;SKU-006;1;45000;500;CARD
REC-20260725-STORE_01-0190;STORE_01;CASH-05;2026-07-25 14:57:01;SKU-010;4;25000;1000;CARD
REC-20260725-STORE_01-0190;STORE_01;CASH-01;2026-07-25 14:57:01;SKU-003;4;45000;0;CASH
REC-20260725-STORE_01-0190;STORE_01;CASH-02;2026-07-25 14:57:01;SKU-010;4;25000;500;CARD
REC-20260725-STORE_01-0190;STORE_01;CASH-05;2026-07-25 14:57:01;SKU-001;3;45000;1000;CASH
REC-20260725-STORE_01-0190;STORE_01;CASH-01;2026-07-25 14:57:01;SKU-007;4;12000;1000;CARD
REC-20260725-STORE_01-0191;STORE_01;CASH-06;2026-07-25 16:21:34;SKU-049;2;5000;1000;CASH
REC-20260725-STORE_01-0192;STORE_01;CASH-03;2026-07-25 18:19:56;SKU-004;2;25000;0;CARD
REC-20260725-STORE_01-0192;STORE_01;CASH-01;2026-07-25 18:19:56;SKU-002;4;12000;0;CASH
REC-20260725-STORE_01-0192;STORE_01;CASH-09;2026-07-25 18:19:56;SKU-001;2;45000;0;CARD
REC-20260725-STORE_01-0192;STORE_01;CASH-06;2026-07-25 18:19:56;SKU-006;2;45000;0;CARD
REC-20260725-STORE_01-0193;STORE_01;CASH-10;2026-07-25 15:28:28;SKU-003;1;45000;0;CASH
REC-20260725-STORE_01-0193;STORE_01;CASH-05;2026-07-25 15:28:28;SKU-002;4;12000;0;CARD
REC-20260725-STORE_01-0193;STORE_01;CASH-07;2026-07-25 15:28:28;SKU-002;2;12000;0;CASH
REC-20260725-STORE_01-0193;STORE_01;CASH-05;2026-07-25 15:28:28;SKU-001;4;45000;1000;CARD
REC-20260725-STORE_01-0194;STORE_01;CASH-06;2026-07-25 18:08:13;SKU-006;2;45000;500;CARD
REC-20260725-STORE_01-0194;STORE_01;CASH-06;2026-07-25 18:08:13;SKU-022;2;12000;1000;CASH
REC-20260725-STORE_01-0195;STORE_01;CASH-09;2026-07-25 8:13:26;SKU-028;2;5000;0;CARD
REC-20260725-STORE_01-0195;STORE_01;CASH-01;2026-07-25 8:13:26;SKU-026;2;12000;0;CARD
REC-20260725-STORE_01-0196;STORE_01;CASH-07;2026-07-25 14:53:57;SKU-001;1;45000;1000;CARD
REC-20260725-STORE_01-0196;STORE_01;CASH-08;2026-07-25 14:53:57;SKU-008;3;12000;1000;CASH
REC-20260725-STORE_01-0197;STORE_01;CASH-05;2026-07-25 21:41:29;SKU-035;1;5000;500;CARD
REC-20260725-STORE_01-0197;STORE_01;CASH-06;2026-07-25 21:41:29;SKU-002;4;12000;1000;CASH
REC-20260725-STORE_01-0197;STORE_01;CASH-05;2026-07-25 21:41:29;SKU-006;4;45000;500;CARD
REC-20260725-STORE_01-0198;STORE_01;CASH-03;2026-07-25 11:43:47;SKU-012;4;45000;1000;CARD
REC-20260725-STORE_01-0198;STORE_01;CASH-01;2026-07-25 11:43:47;SKU-023;3;45000;0;CASH
REC-20260725-STORE_01-0199;STORE_01;CASH-05;2026-07-25 17:53:36;SKU-012;4;45000;0;CARD
REC-20260725-STORE_01-0199;STORE_01;CASH-05;2026-07-25 17:53:36;SKU-001;3;45000;500;CASH
REC-20260725-STORE_01-0199;STORE_01;CASH-10;2026-07-25 17:53:36;SKU-013;1;12000;0;CASH
REC-20260725-STORE_01-0200;STORE_01;CASH-07;2026-07-25 13:40:21;SKU-015;4;5000;0;CARD
REC-20260725-STORE_01-0200;STORE_01;CASH-01;2026-07-25 13:40:21;SKU-007;3;12000;0;CARD
REC-20260725-STORE_01-0200;STORE_01;CASH-09;2026-07-25 13:40:21;SKU-031;4;45000;500;CARD
REC-20260725-STORE_01-0200;STORE_01;CASH-05;2026-07-25 13:40:21;SKU-003;2;45000;500;CASH
REC-20260725-STORE_01-0200;STORE_01;CASH-01;2026-07-25 13:40:21;SKU-001;4;45000;500;CASH
REC-20260725-STORE_01-0201;STORE_01;CASH-05;2026-07-25 8:44:12;SKU-006;3;45000;0;CARD
REC-20260725-STORE_01-0201;STORE_01;CASH-05;2026-07-25 8:44:12;SKU-018;2;5000;0;CASH
REC-20260725-STORE_01-0201;STORE_01;CASH-07;2026-07-25 8:44:12;SKU-004;3;25000;0;CARD
REC-20260725-STORE_01-0201;STORE_01;CASH-10;2026-07-25 8:44:12;SKU-005;1;5000;0;CASH
REC-20260725-STORE_01-0202;STORE_01;CASH-03;2026-07-25 14:37:17;SKU-001;2;45000;1000;CARD
REC-20260725-STORE_01-0202;STORE_01;CASH-01;2026-07-25 14:37:17;SKU-037;2;45000;0;CASH
REC-20260725-STORE_01-0202;STORE_01;CASH-09;2026-07-25 14:37:17;SKU-038;1;12000;0;CARD
REC-20260725-STORE_01-0203;STORE_01;CASH-04;2026-07-25 13:16:10;SKU-016;1;25000;0;CASH
REC-20260725-STORE_01-0203;STORE_01;CASH-05;2026-07-25 13:16:10;SKU-003;2;45000;0;CASH
REC-20260725-STORE_01-0204;STORE_01;CASH-03;2026-07-25 13:37:43;SKU-017;3;12000;0;CARD
REC-20260725-STORE_01-0204;STORE_01;CASH-08;2026-07-25 13:37:43;SKU-015;2;5000;0;CARD
REC-20260725-STORE_01-0204;STORE_01;CASH-04;2026-07-25 13:37:43;SKU-001;4;45000;0;CASH
REC-20260725-STORE_01-0205;STORE_01;CASH-09;2026-07-25 8:34:56;SKU-007;4;12000;1000;CARD
REC-20260725-STORE_01-0205;STORE_01;CASH-01;2026-07-25 8:34:56;SKU-034;1;25000;0;CASH
REC-20260725-STORE_01-0205;STORE_01;CASH-04;2026-07-25 8:34:56;SKU-027;1;5000;0;CASH
REC-20260725-STORE_01-0205;STORE_01;CASH-06;2026-07-25 8:34:56;SKU-005;1;5000;1000;CARD
REC-20260725-STORE_01-0205;STORE_01;CASH-05;2026-07-25 8:34:56;SKU-006;4;45000;0;CARD
REC-20260725-STORE_01-0206;STORE_01;CASH-10;2026-07-25 19:36:21;SKU-005;1;5000;1000;CARD
REC-20260725-STORE_01-0206;STORE_01;CASH-01;2026-07-25 19:36:21;SKU-014;1;5000;0;CARD
REC-20260725-STORE_01-0206;STORE_01;CASH-09;2026-07-25 19:36:21;SKU-001;2;45000;0;CARD
REC-20260725-STORE_01-0206;STORE_01;CASH-02;2026-07-25 19:36:21;SKU-010;2;25000;0;CARD
REC-20260725-STORE_01-0206;STORE_01;CASH-02;2026-07-25 19:36:21;SKU-023;3;45000;0;CARD
REC-20260725-STORE_01-0207;STORE_01;CASH-05;2026-07-25 8:54:09;SKU-001;4;45000;0;CARD
REC-20260725-STORE_01-0207;STORE_01;CASH-04;2026-07-25 8:54:09;SKU-001;3;45000;0;CARD
REC-20260725-STORE_01-0207;STORE_01;CASH-05;2026-07-25 8:54:09;SKU-002;4;12000;0;CASH
REC-20260725-STORE_01-0207;STORE_01;CASH-10;2026-07-25 8:54:09;SKU-002;4;12000;500;CASH
REC-20260725-STORE_01-0207;STORE_01;CASH-09;2026-07-25 8:54:09;SKU-004;4;25000;500;CARD
REC-20260725-STORE_01-0208;STORE_01;CASH-09;2026-07-25 13:15:45;SKU-006;1;45000;0;CASH
REC-20260725-STORE_01-0208;STORE_01;CASH-10;2026-07-25 13:15:45;SKU-015;1;5000;0;CARD
REC-20260725-STORE_01-0208;STORE_01;CASH-03;2026-07-25 13:15:45;SKU-041;2;25000;1000;CARD
REC-20260725-STORE_01-0208;STORE_01;CASH-07;2026-07-25 13:15:45;SKU-001;4;45000;0;CARD
REC-20260725-STORE_01-0208;STORE_01;CASH-01;2026-07-25 13:15:45;SKU-039;3;5000;1000;CARD
REC-20260725-STORE_01-0209;STORE_01;CASH-10;2026-07-25 13:32:21;SKU-005;1;5000;0;CARD
REC-20260725-STORE_01-0209;STORE_01;CASH-02;2026-07-25 13:32:21;SKU-018;4;5000;500;CARD
REC-20260725-STORE_01-0210;STORE_01;CASH-10;2026-07-25 10:29:01;SKU-005;4;5000;0;CARD
REC-20260725-STORE_01-0210;STORE_01;CASH-04;2026-07-25 10:29:01;SKU-011;3;5000;1000;CARD
REC-20260725-STORE_01-0210;STORE_01;CASH-01;2026-07-25 10:29:01;SKU-027;2;5000;500;CARD
REC-20260725-STORE_01-0210;STORE_01;CASH-07;2026-07-25 10:29:01;SKU-043;2;25000;0;CARD
REC-20260725-STORE_01-0211;STORE_01;CASH-06;2026-07-25 16:01:02;SKU-018;1;5000;500;CARD
REC-20260725-STORE_01-0211;STORE_01;CASH-08;2026-07-25 16:01:02;SKU-015;3;5000;0;CARD
REC-20260725-STORE_01-0211;STORE_01;CASH-08;2026-07-25 16:01:02;SKU-026;3;12000;0;CARD
REC-20260725-STORE_01-0211;STORE_01;CASH-08;2026-07-25 16:01:02;SKU-002;3;12000;0;CARD
REC-20260725-STORE_01-0211;STORE_01;CASH-07;2026-07-25 16:01:02;SKU-020;1;12000;0;CARD
REC-20260725-STORE_01-0212;STORE_01;CASH-10;2026-07-25 14:13:15;SKU-013;4;12000;0;CASH
REC-20260725-STORE_01-0212;STORE_01;CASH-10;2026-07-25 14:13:15;SKU-004;1;25000;500;CARD
REC-20260725-STORE_01-0213;STORE_01;CASH-08;2026-07-25 19:43:54;SKU-037;3;45000;0;CASH
REC-20260725-STORE_01-0213;STORE_01;CASH-10;2026-07-25 19:43:54;SKU-011;3;5000;0;CARD
REC-20260725-STORE_01-0213;STORE_01;CASH-02;2026-07-25 19:43:54;SKU-012;2;45000;0;CASH
REC-20260725-STORE_01-0214;STORE_01;CASH-07;2026-07-25 11:07:12;SKU-009;2;25000;0;CASH
REC-20260725-STORE_01-0214;STORE_01;CASH-03;2026-07-25 11:07:12;SKU-023;3;45000;0;CARD
REC-20260725-STORE_01-0214;STORE_01;CASH-04;2026-07-25 11:07:12;SKU-001;1;45000;0;CARD
REC-20260725-STORE_01-0215;STORE_01;CASH-02;2026-07-25 17:02:32;SKU-006;2;45000;0;CASH
REC-20260725-STORE_01-0215;STORE_01;CASH-08;2026-07-25 17:02:32;SKU-001;1;45000;0;CARD
REC-20260725-STORE_01-0215;STORE_01;CASH-07;2026-07-25 17:02:32;SKU-002;1;12000;0;CARD
REC-20260725-STORE_01-0216;STORE_01;CASH-04;2026-07-25 18:37:09;SKU-010;1;25000;500;CASH
REC-20260725-STORE_01-0216;STORE_01;CASH-05;2026-07-25 18:37:09;SKU-006;1;45000;1000;CASH
REC-20260725-STORE_01-0217;STORE_01;CASH-04;2026-07-25 15:37:55;SKU-001;3;45000;0;CASH
REC-20260725-STORE_01-0217;STORE_01;CASH-05;2026-07-25 15:37:55;SKU-002;1;12000;0;CARD
REC-20260725-STORE_01-0218;STORE_01;CASH-04;2026-07-25 9:16:18;SKU-009;3;25000;0;CASH
REC-20260725-STORE_01-0219;STORE_01;CASH-06;2026-07-25 16:53:34;SKU-008;2;12000;1000;CASH
REC-20260725-STORE_01-0219;STORE_01;CASH-03;2026-07-25 16:53:34;SKU-018;2;5000;1000;CARD
REC-20260725-STORE_01-0219;STORE_01;CASH-06;2026-07-25 16:53:34;SKU-001;4;45000;0;CASH
REC-20260725-STORE_01-0219;STORE_01;CASH-04;2026-07-25 16:53:34;SKU-009;2;25000;0;CASH
REC-20260725-STORE_01-0220;STORE_01;CASH-07;2026-07-25 11:33:47;SKU-001;4;45000;0;CASH
REC-20260725-STORE_01-0220;STORE_01;CASH-09;2026-07-25 11:33:47;SKU-001;4;45000;1000;CASH
REC-20260725-STORE_01-0220;STORE_01;CASH-03;2026-07-25 11:33:47;SKU-041;4;25000;1000;CARD
REC-20260725-STORE_01-0220;STORE_01;CASH-02;2026-07-25 11:33:47;SKU-007;2;12000;0;CARD
REC-20260725-STORE_01-0221;STORE_01;CASH-07;2026-07-25 20:55:44;SKU-003;3;45000;0;CARD
REC-20260725-STORE_01-0221;STORE_01;CASH-03;2026-07-25 20:55:44;SKU-042;1;5000;0;CASH
REC-20260725-STORE_01-0221;STORE_01;CASH-05;2026-07-25 20:55:44;SKU-001;2;45000;0;CASH
REC-20260725-STORE_01-0222;STORE_01;CASH-09;2026-07-25 8:55:54;SKU-001;4;45000;0;CARD
REC-20260725-STORE_01-0223;STORE_01;CASH-02;2026-07-25 18:14:21;SKU-011;1;5000;0;CARD
REC-20260725-STORE_01-0223;STORE_01;CASH-10;2026-07-25 18:14:21;SKU-005;1;5000;0;CARD
REC-20260725-STORE_01-0223;STORE_01;CASH-01;2026-07-25 18:14:21;SKU-007;1;12000;500;CARD
REC-20260725-STORE_01-0223;STORE_01;CASH-04;2026-07-25 18:14:21;SKU-001;1;45000;0;CARD
REC-20260725-STORE_01-0224;STORE_01;CASH-09;2026-07-25 15:44:22;SKU-009;1;25000;500;CASH
REC-20260725-STORE_01-0224;STORE_01;CASH-09;2026-07-25 15:44:22;SKU-034;3;25000;0;CARD
REC-20260725-STORE_01-0224;STORE_01;CASH-08;2026-07-25 15:44:22;SKU-038;1;12000;0;CARD
REC-20260725-STORE_01-0224;STORE_01;CASH-02;2026-07-25 15:44:22;SKU-001;4;45000;500;CASH
REC-20260725-STORE_01-0224;STORE_01;CASH-09;2026-07-25 15:44:22;SKU-001;2;45000;0;CARD
REC-20260725-STORE_01-0225;STORE_01;CASH-04;2026-07-25 12:02:39;SKU-001;3;45000;0;CASH
REC-20260725-STORE_01-0225;STORE_01;CASH-05;2026-07-25 12:02:39;SKU-004;2;25000;0;CARD
REC-20260725-STORE_01-0225;STORE_01;CASH-10;2026-07-25 12:02:39;SKU-029;4;5000;0;CASH
REC-20260725-STORE_01-0225;STORE_01;CASH-07;2026-07-25 12:02:39;SKU-001;1;45000;1000;CASH
REC-20260725-STORE_01-0225;STORE_01;CASH-08;2026-07-25 12:02:39;SKU-006;3;45000;1000;CARD
REC-20260725-STORE_01-0226;STORE_01;CASH-02;2026-07-25 13:26:47;SKU-004;2;25000;500;CARD
REC-20260725-STORE_01-0226;STORE_01;CASH-01;2026-07-25 13:26:47;SKU-022;3;12000;1000;CARD
REC-20260725-STORE_01-0227;STORE_01;CASH-06;2026-07-25 9:29:52;SKU-001;4;45000;0;CARD
REC-20260725-STORE_01-0227;STORE_01;CASH-01;2026-07-25 9:29:52;SKU-004;3;25000;0;CARD
REC-20260725-STORE_01-0227;STORE_01;CASH-07;2026-07-25 9:29:52;SKU-008;3;12000;1000;CARD
REC-20260725-STORE_01-0227;STORE_01;CASH-01;2026-07-25 9:29:52;SKU-022;1;12000;500;CARD
REC-20260725-STORE_01-0227;STORE_01;CASH-03;2026-07-25 9:29:52;SKU-006;2;45000;500;CARD
REC-20260725-STORE_01-0228;STORE_01;CASH-04;2026-07-25 9:59:02;SKU-038;3;12000;0;CARD
REC-20260725-STORE_01-0228;STORE_01;CASH-10;2026-07-25 9:59:02;SKU-002;1;12000;0;CARD
REC-20260725-STORE_01-0228;STORE_01;CASH-07;2026-07-25 9:59:02;SKU-003;1;45000;0;CARD
REC-20260725-STORE_01-0229;STORE_01;CASH-05;2026-07-25 20:49:56;SKU-017;3;12000;500;CARD
REC-20260725-STORE_01-0229;STORE_01;CASH-02;2026-07-25 20:49:56;SKU-038;3;12000;1000;CARD
REC-20260725-STORE_01-0229;STORE_01;CASH-04;2026-07-25 20:49:56;SKU-023;2;45000;500;CASH
REC-20260725-STORE_01-0230;STORE_01;CASH-09;2026-07-25 10:08:48;SKU-002;1;12000;500;CARD
REC-20260725-STORE_01-0230;STORE_01;CASH-03;2026-07-25 10:08:48;SKU-014;4;5000;0;CASH
REC-20260725-STORE_01-0231;STORE_01;CASH-04;2026-07-25 20:25:47;SKU-010;3;25000;0;CASH
REC-20260725-STORE_01-0232;STORE_01;CASH-06;2026-07-25 21:31:25;SKU-014;4;5000;0;CARD
REC-20260725-STORE_01-0232;STORE_01;CASH-10;2026-07-25 21:31:25;SKU-015;1;5000;0;CASH
REC-20260725-STORE_01-0232;STORE_01;CASH-03;2026-07-25 21:31:25;SKU-037;3;45000;0;CASH
REC-20260725-STORE_01-0232;STORE_01;CASH-02;2026-07-25 21:31:25;SKU-001;1;45000;1000;CASH
REC-20260725-STORE_01-0233;STORE_01;CASH-08;2026-07-25 20:47:10;SKU-002;4;12000;0;CARD
REC-20260725-STORE_01-0233;STORE_01;CASH-08;2026-07-25 20:47:10;SKU-003;2;45000;0;CARD
REC-20260725-STORE_01-0233;STORE_01;CASH-02;2026-07-25 20:47:10;SKU-001;2;45000;0;CARD
REC-20260725-STORE_01-0233;STORE_01;CASH-05;2026-07-25 20:47:10;SKU-049;4;5000;0;CARD
REC-20260725-STORE_01-0233;STORE_01;CASH-07;2026-07-25 20:47:10;SKU-006;4;45000;500;CARD
REC-20260725-STORE_01-0234;STORE_01;CASH-10;2026-07-25 11:50:17;SKU-003;4;45000;0;CASH
REC-20260725-STORE_01-0235;STORE_01;CASH-05;2026-07-25 10:21:13;SKU-007;1;12000;0;CASH
REC-20260725-STORE_01-0236;STORE_01;CASH-06;2026-07-25 13:58:33;SKU-003;2;45000;1000;CARD
REC-20260725-STORE_01-0236;STORE_01;CASH-01;2026-07-25 13:58:33;SKU-048;3;25000;500;CARD
REC-20260725-STORE_01-0237;STORE_01;CASH-04;2026-07-25 21:08:12;SKU-004;3;25000;1000;CARD
REC-20260725-STORE_01-0238;STORE_01;CASH-10;2026-07-25 19:45:14;SKU-023;3;45000;0;CASH
REC-20260725-STORE_01-0238;STORE_01;CASH-05;2026-07-25 19:45:14;SKU-002;2;12000;1000;CARD
REC-20260725-STORE_01-0238;STORE_01;CASH-07;2026-07-25 19:45:14;SKU-018;4;5000;0;CASH
REC-20260725-STORE_01-0238;STORE_01;CASH-03;2026-07-25 19:45:14;SKU-001;4;45000;0;CARD
REC-20260725-STORE_01-0239;STORE_01;CASH-08;2026-07-25 13:27:02;SKU-002;3;12000;0;CASH
REC-20260725-STORE_01-0239;STORE_01;CASH-09;2026-07-25 13:27:02;SKU-001;4;45000;0;CASH
REC-20260725-STORE_01-0239;STORE_01;CASH-02;2026-07-25 13:27:02;SKU-002;3;12000;1000;CASH
REC-20260725-STORE_01-0239;STORE_01;CASH-03;2026-07-25 13:27:02;SKU-009;1;25000;0;CASH
REC-20260725-STORE_01-0240;STORE_01;CASH-03;2026-07-25 21:45:31;SKU-001;1;45000;0;CARD
REC-20260725-STORE_01-0240;STORE_01;CASH-02;2026-07-25 21:45:31;SKU-001;3;45000;0;CARD
REC-20260725-STORE_01-0241;STORE_01;CASH-06;2026-07-25 17:37:59;SKU-005;2;5000;0;CARD
REC-20260725-STORE_01-0241;STORE_01;CASH-08;2026-07-25 17:37:59;SKU-007;1;12000;500;CASH
REC-20260725-STORE_01-0242;STORE_01;CASH-04;2026-07-25 19:01:25;SKU-002;2;12000;0;CASH
REC-20260725-STORE_01-0242;STORE_01;CASH-03;2026-07-25 19:01:25;SKU-005;4;5000;1000;CASH
REC-20260725-STORE_01-0242;STORE_01;CASH-02;2026-07-25 19:01:25;SKU-005;3;5000;0;CARD
REC-20260725-STORE_01-0243;STORE_01;CASH-10;2026-07-25 19:35:42;SKU-002;3;12000;0;CASH
REC-20260725-STORE_01-0243;STORE_01;CASH-01;2026-07-25 19:35:42;SKU-040;3;25000;500;CARD
REC-20260725-STORE_01-0244;STORE_01;CASH-06;2026-07-25 13:49:37;SKU-045;1;45000;0;CASH
REC-20260725-STORE_01-0245;STORE_01;CASH-10;2026-07-25 19:48:24;SKU-020;3;12000;0;CASH
REC-20260725-STORE_01-0245;STORE_01;CASH-05;2026-07-25 19:48:24;SKU-010;2;25000;0;CASH
REC-20260725-STORE_01-0246;STORE_01;CASH-01;2026-07-25 21:22:13;SKU-002;3;12000;0;CASH
REC-20260725-STORE_01-0246;STORE_01;CASH-08;2026-07-25 21:22:13;SKU-041;3;25000;0;CARD
REC-20260725-STORE_01-0246;STORE_01;CASH-06;2026-07-25 21:22:13;SKU-021;2;5000;0;CASH
REC-20260725-STORE_01-0246;STORE_01;CASH-05;2026-07-25 21:22:13;SKU-001;4;45000;0;CARD
REC-20260725-STORE_01-0246;STORE_01;CASH-08;2026-07-25 21:22:13;SKU-003;1;45000;0;CASH
REC-20260725-STORE_01-0247;STORE_01;CASH-08;2026-07-25 13:46:44;SKU-004;3;25000;0;CARD
REC-20260725-STORE_01-0247;STORE_01;CASH-03;2026-07-25 13:46:44;SKU-027;2;5000;0;CARD
REC-20260725-STORE_01-0247;STORE_01;CASH-07;2026-07-25 13:46:44;SKU-004;4;25000;1000;CARD
REC-20260725-STORE_01-0248;STORE_01;CASH-07;2026-07-25 18:23:17;SKU-011;1;5000;0;CASH
REC-20260725-STORE_01-0249;STORE_01;CASH-05;2026-07-25 13:38:20;SKU-005;4;5000;0;CARD
REC-20260725-STORE_01-0250;STORE_01;CASH-09;2026-07-25 13:36:44;SKU-003;2;45000;0;CARD
REC-20260725-STORE_01-0251;STORE_01;CASH-10;2026-07-25 21:43:51;SKU-026;2;12000;0;CARD
REC-20260725-STORE_01-0251;STORE_01;CASH-09;2026-07-25 21:43:51;SKU-004;4;25000;500;CASH
REC-20260725-STORE_01-0251;STORE_01;CASH-09;2026-07-25 21:43:51;SKU-005;2;5000;1000;CARD
REC-20260725-STORE_01-0251;STORE_01;CASH-08;2026-07-25 21:43:51;SKU-003;1;45000;0;CASH
REC-20260725-STORE_01-0251;STORE_01;CASH-09;2026-07-25 21:43:51;SKU-007;2;12000;0;CARD
REC-20260725-STORE_01-0252;STORE_01;CASH-07;2026-07-25 18:08:29;SKU-024;4;12000;1000;CASH
REC-20260725-STORE_01-0252;STORE_01;CASH-10;2026-07-25 18:08:29;SKU-004;2;25000;0;CARD
REC-20260725-STORE_01-0252;STORE_01;CASH-03;2026-07-25 18:08:29;SKU-001;2;45000;1000;CARD
REC-20260725-STORE_01-0252;STORE_01;CASH-06;2026-07-25 18:08:29;SKU-002;3;12000;1000;CARD
REC-20260725-STORE_01-0252;STORE_01;CASH-06;2026-07-25 18:08:29;SKU-002;1;12000;1000;CARD
REC-20260725-STORE_01-0253;STORE_01;CASH-07;2026-07-25 16:22:33;SKU-001;2;45000;0;CARD
REC-20260725-STORE_01-0253;STORE_01;CASH-06;2026-07-25 16:22:33;SKU-020;2;12000;0;CARD
REC-20260725-STORE_01-0254;STORE_01;CASH-09;2026-07-25 19:33:05;SKU-005;2;5000;500;CASH
REC-20260725-STORE_01-0255;STORE_01;CASH-09;2026-07-25 10:59:51;SKU-009;2;25000;0;CASH
REC-20260725-STORE_01-0255;STORE_01;CASH-05;2026-07-25 10:59:51;SKU-001;4;45000;0;CARD
REC-20260725-STORE_01-0255;STORE_01;CASH-09;2026-07-25 10:59:51;SKU-001;4;45000;0;CARD
REC-20260725-STORE_01-0255;STORE_01;CASH-05;2026-07-25 10:59:51;SKU-001;1;45000;500;CASH
REC-20260725-STORE_01-0256;STORE_01;CASH-04;2026-07-25 16:57:56;SKU-003;1;45000;500;CASH
REC-20260725-STORE_01-0256;STORE_01;CASH-04;2026-07-25 16:57:56;SKU-001;4;45000;0;CARD
REC-20260725-STORE_01-0256;STORE_01;CASH-03;2026-07-25 16:57:56;SKU-001;4;45000;0;CASH
REC-20260725-STORE_01-0256;STORE_01;CASH-03;2026-07-25 16:57:56;SKU-001;4;45000;500;CASH
REC-20260725-STORE_01-0256;STORE_01;CASH-05;2026-07-25 16:57:56;SKU-015;3;5000;0;CASH
REC-20260725-STORE_01-0257;STORE_01;CASH-08;2026-07-25 14:31:20;SKU-006;2;45000;0;CARD
REC-20260725-STORE_01-0257;STORE_01;CASH-01;2026-07-25 14:31:20;SKU-009;1;25000;500;CARD
REC-20260725-STORE_01-0257;STORE_01;CASH-02;2026-07-25 14:31:20;SKU-017;3;12000;500;CARD
REC-20260725-STORE_01-0257;STORE_01;CASH-08;2026-07-25 14:31:20;SKU-036;1;45000;1000;CARD
REC-20260725-STORE_01-0258;STORE_01;CASH-03;2026-07-25 11:57:45;SKU-001;1;45000;500;CASH
REC-20260725-STORE_01-0258;STORE_01;CASH-06;2026-07-25 11:57:45;SKU-001;2;45000;0;CARD
REC-20260725-STORE_01-0258;STORE_01;CASH-06;2026-07-25 11:57:45;SKU-030;3;45000;1000;CARD
REC-20260725-STORE_01-0258;STORE_01;CASH-04;2026-07-25 11:57:45;SKU-006;1;45000;500;CASH
REC-20260725-STORE_01-0259;STORE_01;CASH-09;2026-07-25 18:46:43;SKU-004;3;25000;500;CARD
REC-20260725-STORE_01-0259;STORE_01;CASH-09;2026-07-25 18:46:43;SKU-042;1;5000;500;CARD
REC-20260725-STORE_01-0259;STORE_01;CASH-09;2026-07-25 18:46:43;SKU-036;2;45000;0;CARD
REC-20260725-STORE_01-0260;STORE_01;CASH-03;2026-07-25 13:09:52;SKU-036;2;45000;1000;CARD
REC-20260725-STORE_01-0260;STORE_01;CASH-10;2026-07-25 13:09:52;SKU-001;1;45000;1000;CARD
REC-20260725-STORE_01-0261;STORE_01;CASH-02;2026-07-25 12:37:59;SKU-003;3;45000;1000;CARD
REC-20260725-STORE_01-0261;STORE_01;CASH-04;2026-07-25 12:37:59;SKU-020;1;12000;0;CARD
REC-20260725-STORE_01-0261;STORE_01;CASH-05;2026-07-25 12:37:59;SKU-001;4;45000;0;CARD
REC-20260725-STORE_01-0261;STORE_01;CASH-03;2026-07-25 12:37:59;SKU-016;4;25000;1000;CARD
REC-20260725-STORE_01-0262;STORE_01;CASH-07;2026-07-25 12:41:44;SKU-001;4;45000;0;CASH
REC-20260725-STORE_01-0262;STORE_01;CASH-03;2026-07-25 12:41:44;SKU-020;1;12000;0;CASH
REC-20260725-STORE_01-0262;STORE_01;CASH-04;2026-07-25 12:41:44;SKU-006;3;45000;500;CARD
REC-20260725-STORE_01-0262;STORE_01;CASH-04;2026-07-25 12:41:44;SKU-018;4;5000;0;CARD
REC-20260725-STORE_01-0262;STORE_01;CASH-01;2026-07-25 12:41:44;SKU-008;2;12000;1000;CASH
REC-20260725-STORE_01-0263;STORE_01;CASH-10;2026-07-25 16:35:38;SKU-002;1;12000;500;CASH
REC-20260725-STORE_01-0264;STORE_01;CASH-09;2026-07-25 20:25:59;SKU-014;1;5000;0;CARD
REC-20260725-STORE_01-0264;STORE_01;CASH-10;2026-07-25 20:25:59;SKU-007;1;12000;1000;CARD
REC-20260725-STORE_01-0264;STORE_01;CASH-07;2026-07-25 20:25:59;SKU-008;4;12000;500;CASH
REC-20260725-STORE_01-0265;STORE_01;CASH-04;2026-07-25 8:21:18;SKU-002;1;12000;0;CARD
REC-20260725-STORE_01-0265;STORE_01;CASH-04;2026-07-25 8:21:18;SKU-022;2;12000;0;CARD
REC-20260725-STORE_01-0265;STORE_01;CASH-01;2026-07-25 8:21:18;SKU-011;2;5000;1000;CASH
REC-20260725-STORE_01-0266;STORE_01;CASH-08;2026-07-25 11:37:26;SKU-009;1;25000;0;CASH
REC-20260725-STORE_01-0266;STORE_01;CASH-02;2026-07-25 11:37:26;SKU-029;4;5000;500;CARD
REC-20260725-STORE_01-0266;STORE_01;CASH-06;2026-07-25 11:37:26;SKU-038;4;12000;0;CARD
REC-20260725-STORE_01-0266;STORE_01;CASH-06;2026-07-25 11:37:26;SKU-001;1;45000;0;CASH
REC-20260725-STORE_01-0267;STORE_01;CASH-01;2026-07-25 12:31:38;SKU-003;1;45000;0;CARD
REC-20260725-STORE_01-0267;STORE_01;CASH-07;2026-07-25 12:31:38;SKU-005;4;5000;1000;CASH
REC-20260725-STORE_01-0267;STORE_01;CASH-03;2026-07-25 12:31:38;SKU-009;4;25000;500;CARD
REC-20260725-STORE_01-0268;STORE_01;CASH-06;2026-07-25 12:53:33;SKU-050;1;25000;1000;CARD
REC-20260725-STORE_01-0268;STORE_01;CASH-04;2026-07-25 12:53:33;SKU-004;2;25000;0;CARD
REC-20260725-STORE_01-0269;STORE_01;CASH-03;2026-07-25 19:47:24;SKU-004;2;25000;0;CARD
REC-20260725-STORE_01-0270;STORE_01;CASH-08;2026-07-25 14:37:20;SKU-002;1;12000;500;CASH
REC-20260725-STORE_01-0270;STORE_01;CASH-08;2026-07-25 14:37:20;SKU-011;3;5000;0;CASH
REC-20260725-STORE_01-0270;STORE_01;CASH-05;2026-07-25 14:37:20;SKU-004;4;25000;0;CARD
REC-20260725-STORE_01-0270;STORE_01;CASH-03;2026-07-25 14:37:20;SKU-001;3;45000;0;CASH
REC-20260725-STORE_01-0270;STORE_01;CASH-03;2026-07-25 14:37:20;SKU-001;3;45000;500;CARD
REC-20260725-STORE_01-0271;STORE_01;CASH-09;2026-07-25 19:36:07;SKU-007;4;12000;0;CARD
REC-20260725-STORE_01-0271;STORE_01;CASH-08;2026-07-25 19:36:07;SKU-009;1;25000;0;CARD
REC-20260725-STORE_01-0271;STORE_01;CASH-06;2026-07-25 19:36:07;SKU-002;1;12000;1000;CASH
REC-20260725-STORE_01-0271;STORE_01;CASH-08;2026-07-25 19:36:07;SKU-033;4;5000;1000;CARD
REC-20260725-STORE_01-0271;STORE_01;CASH-02;2026-07-25 19:36:07;SKU-003;2;45000;0;CARD
REC-20260725-STORE_01-0272;STORE_01;CASH-04;2026-07-25 9:28:53;SKU-041;3;25000;500;CARD
REC-20260725-STORE_01-0273;STORE_01;CASH-01;2026-07-25 21:02:47;SKU-023;3;45000;500;CARD
REC-20260725-STORE_01-0273;STORE_01;CASH-09;2026-07-25 21:02:47;SKU-001;1;45000;1000;CARD
REC-20260725-STORE_01-0273;STORE_01;CASH-07;2026-07-25 21:02:47;SKU-027;2;5000;1000;CARD
REC-20260725-STORE_01-0274;STORE_01;CASH-06;2026-07-25 21:04:18;SKU-008;3;12000;0;CASH
REC-20260725-STORE_01-0274;STORE_01;CASH-05;2026-07-25 21:04:18;SKU-001;3;45000;0;CARD
REC-20260725-STORE_01-0275;STORE_01;CASH-05;2026-07-25 11:40:59;SKU-001;1;45000;0;CARD
REC-20260725-STORE_01-0275;STORE_01;CASH-05;2026-07-25 11:40:59;SKU-011;2;5000;500;CASH
REC-20260725-STORE_01-0275;STORE_01;CASH-08;2026-07-25 11:40:59;SKU-026;2;12000;1000;CASH
REC-20260725-STORE_01-0276;STORE_01;CASH-01;2026-07-25 20:06:42;SKU-001;2;45000;0;CARD
REC-20260725-STORE_01-0277;STORE_01;CASH-06;2026-07-25 13:09:56;SKU-016;1;25000;0;CARD
REC-20260725-STORE_01-0277;STORE_01;CASH-04;2026-07-25 13:09:56;SKU-016;1;25000;0;CARD
REC-20260725-STORE_01-0277;STORE_01;CASH-03;2026-07-25 13:09:56;SKU-033;3;5000;0;CARD
REC-20260725-STORE_01-0278;STORE_01;CASH-06;2026-07-25 8:42:03;SKU-001;4;45000;0;CASH
REC-20260725-STORE_01-0278;STORE_01;CASH-10;2026-07-25 8:42:03;SKU-001;3;45000;0;CARD
REC-20260725-STORE_01-0279;STORE_01;CASH-08;2026-07-25 21:43:09;SKU-002;4;12000;0;CARD
REC-20260725-STORE_01-0279;STORE_01;CASH-06;2026-07-25 21:43:09;SKU-001;4;45000;0;CASH
REC-20260725-STORE_01-0279;STORE_01;CASH-10;2026-07-25 21:43:09;SKU-003;3;45000;1000;CASH
REC-20260725-STORE_01-0279;STORE_01;CASH-04;2026-07-25 21:43:09;SKU-018;4;5000;0;CARD
REC-20260725-STORE_01-0280;STORE_01;CASH-10;2026-07-25 8:15:35;SKU-021;1;5000;0;CARD
REC-20260725-STORE_01-0280;STORE_01;CASH-02;2026-07-25 8:15:35;SKU-008;1;12000;0;CASH
REC-20260725-STORE_01-0280;STORE_01;CASH-08;2026-07-25 8:15:35;SKU-009;3;25000;0;CARD
REC-20260725-STORE_01-0280;STORE_01;CASH-09;2026-07-25 8:15:35;SKU-039;4;5000;0;CASH
REC-20260725-STORE_01-0280;STORE_01;CASH-09;2026-07-25 8:15:35;SKU-008;4;12000;0;CARD
REC-20260725-STORE_01-0281;STORE_01;CASH-07;2026-07-25 16:31:19;SKU-008;2;12000;0;CASH
REC-20260725-STORE_01-0281;STORE_01;CASH-06;2026-07-25 16:31:19;SKU-001;4;45000;0;CASH
REC-20260725-STORE_01-0282;STORE_01;CASH-04;2026-07-25 10:04:08;SKU-001;2;45000;500;CARD
REC-20260725-STORE_01-0283;STORE_01;CASH-03;2026-07-25 10:20:16;SKU-019;1;25000;500;CARD
REC-20260725-STORE_01-0283;STORE_01;CASH-10;2026-07-25 10:20:16;SKU-002;4;12000;0;CARD
REC-20260725-STORE_01-0283;STORE_01;CASH-01;2026-07-25 10:20:16;SKU-008;2;12000;0;CASH
REC-20260725-STORE_01-0283;STORE_01;CASH-07;2026-07-25 10:20:16;SKU-001;2;45000;0;CASH
REC-20260725-STORE_01-0284;STORE_01;CASH-10;2026-07-25 16:12:21;SKU-033;4;5000;0;CASH
REC-20260725-STORE_01-0285;STORE_01;CASH-06;2026-07-25 21:49:17;SKU-001;3;45000;0;CASH
REC-20260725-STORE_01-0285;STORE_01;CASH-03;2026-07-25 21:49:17;SKU-029;3;5000;500;CARD
REC-20260725-STORE_01-0285;STORE_01;CASH-08;2026-07-25 21:49:17;SKU-008;2;12000;0;CARD
REC-20260725-STORE_01-0286;STORE_01;CASH-04;2026-07-25 13:53:49;SKU-002;3;12000;500;CASH
REC-20260725-STORE_01-0287;STORE_01;CASH-05;2026-07-25 17:39:28;SKU-002;3;12000;0;CASH
REC-20260725-STORE_01-0288;STORE_01;CASH-07;2026-07-25 11:37:09;SKU-002;3;12000;0;CARD
REC-20260725-STORE_01-0288;STORE_01;CASH-05;2026-07-25 11:37:09;SKU-004;1;25000;0;CARD
REC-20260725-STORE_01-0288;STORE_01;CASH-10;2026-07-25 11:37:09;SKU-003;1;45000;0;CARD
REC-20260725-STORE_01-0289;STORE_01;CASH-04;2026-07-25 10:37:38;SKU-003;1;45000;0;CARD
REC-20260725-STORE_01-0289;STORE_01;CASH-05;2026-07-25 10:37:38;SKU-002;4;12000;1000;CASH
REC-20260725-STORE_01-0289;STORE_01;CASH-05;2026-07-25 10:37:38;SKU-001;2;45000;0;CASH
REC-20260725-STORE_01-0289;STORE_01;CASH-06;2026-07-25 10:37:38;SKU-003;4;45000;500;CARD
REC-20260725-STORE_01-0289;STORE_01;CASH-03;2026-07-25 10:37:38;SKU-003;2;45000;0;CARD
REC-20260725-STORE_01-0290;STORE_01;CASH-06;2026-07-25 11:19:35;SKU-005;3;5000;0;CASH
REC-20260725-STORE_01-0290;STORE_01;CASH-08;2026-07-25 11:19:35;SKU-007;3;12000;500;CARD
REC-20260725-STORE_01-0290;STORE_01;CASH-04;2026-07-25 11:19:35;SKU-036;2;45000;0;CARD
REC-20260725-STORE_01-0290;STORE_01;CASH-07;2026-07-25 11:19:35;SKU-034;4;25000;0;CASH
REC-20260725-STORE_01-0290;STORE_01;CASH-10;2026-07-25 11:19:35;SKU-006;4;45000;500;CASH
REC-20260725-STORE_01-0291;STORE_01;CASH-03;2026-07-25 14:06:17;SKU-005;2;5000;500;CARD
REC-20260725-STORE_01-0291;STORE_01;CASH-03;2026-07-25 14:06:17;SKU-008;1;12000;0;CASH
REC-20260725-STORE_01-0292;STORE_01;CASH-03;2026-07-25 16:51:31;SKU-024;3;12000;0;CASH
REC-20260725-STORE_01-0293;STORE_01;CASH-08;2026-07-25 11:08:29;SKU-002;2;12000;0;CARD
REC-20260725-STORE_01-0293;STORE_01;CASH-05;2026-07-25 11:08:29;SKU-017;1;12000;500;CASH
REC-20260725-STORE_01-0293;STORE_01;CASH-09;2026-07-25 11:08:29;SKU-044;4;5000;1000;CARD
REC-20260725-STORE_01-0294;STORE_01;CASH-09;2026-07-25 14:53:36;SKU-043;3;25000;500;CARD
REC-20260725-STORE_01-0294;STORE_01;CASH-07;2026-07-25 14:53:36;SKU-002;1;12000;0;CARD
REC-20260725-STORE_01-0294;STORE_01;CASH-03;2026-07-25 14:53:36;SKU-003;3;45000;0;CASH
REC-20260725-STORE_01-0295;STORE_01;CASH-03;2026-07-25 18:09:47;SKU-043;1;25000;0;CARD
REC-20260725-STORE_01-0295;STORE_01;CASH-01;2026-07-25 18:09:47;SKU-039;2;5000;1000;CARD
REC-20260725-STORE_01-0296;STORE_01;CASH-04;2026-07-25 15:15:48;SKU-002;1;12000;500;CARD
REC-20260725-STORE_01-0296;STORE_01;CASH-01;2026-07-25 15:15:48;SKU-001;2;45000;0;CARD
REC-20260725-STORE_01-0296;STORE_01;CASH-03;2026-07-25 15:15:48;SKU-034;4;25000;0;CARD
REC-20260725-STORE_01-0297;STORE_01;CASH-05;2026-07-25 15:09:26;SKU-045;1;45000;1000;CASH
REC-20260725-STORE_01-0297;STORE_01;CASH-07;2026-07-25 15:09:26;SKU-018;3;5000;0;CASH
REC-20260725-STORE_01-0298;STORE_01;CASH-08;2026-07-25 21:26:51;SKU-029;2;5000;0;CARD
REC-20260725-STORE_01-0298;STORE_01;CASH-08;2026-07-25 21:26:51;SKU-001;2;45000;0;CARD
REC-20260725-STORE_01-0299;STORE_01;CASH-01;2026-07-25 11:28:21;SKU-003;2;45000;0;CARD
REC-20260725-STORE_01-0299;STORE_01;CASH-08;2026-07-25 11:28:21;SKU-007;4;12000;0;CARD
REC-20260725-STORE_01-0299;STORE_01;CASH-04;2026-07-25 11:28:21;SKU-001;1;45000;0;CARD
REC-20260725-STORE_01-0299;STORE_01;CASH-01;2026-07-25 11:28:21;SKU-008;1;12000;500;CASH
REC-20260725-STORE_01-0300;STORE_01;CASH-10;2026-07-25 16:25:57;SKU-001;1;45000;0;CARD
REC-20260725-STORE_01-0300;STORE_01;CASH-03;2026-07-25 16:25:57;SKU-008;3;12000;1000;CARD
REC-20260725-STORE_01-0300;STORE_01;CASH-04;2026-07-25 16:25:57;SKU-015;4;5000;1000;CARD
REC-20260725-STORE_01-0300;STORE_01;CASH-04;2026-07-25 16:25:57;SKU-019;3;25000;0;CARD
REC-20260725-STORE_01-0301;STORE_01;CASH-06;2026-07-25 19:07:28;SKU-003;3;45000;0;CARD
REC-20260725-STORE_01-0301;STORE_01;CASH-01;2026-07-25 19:07:28;SKU-013;3;12000;1000;CARD
REC-20260725-STORE_01-0301;STORE_01;CASH-04;2026-07-25 19:07:28;SKU-019;3;25000;1000;CARD
REC-20260725-STORE_01-0301;STORE_01;CASH-09;2026-07-25 19:07:28;SKU-003;4;45000;500;CARD
REC-20260725-STORE_01-0302;STORE_01;CASH-06;2026-07-25 19:34:13;SKU-002;1;12000;0;CASH
REC-20260725-STORE_01-0302;STORE_01;CASH-03;2026-07-25 19:34:13;SKU-014;4;5000;0;CASH
REC-20260725-STORE_01-0302;STORE_01;CASH-06;2026-07-25 19:34:13;SKU-018;1;5000;0;CASH
REC-20260725-STORE_01-0302;STORE_01;CASH-09;2026-07-25 19:34:13;SKU-003;4;45000;0;CARD
REC-20260725-STORE_01-0302;STORE_01;CASH-05;2026-07-25 19:34:13;SKU-025;1;5000;0;CARD
REC-20260725-STORE_01-0303;STORE_01;CASH-04;2026-07-25 15:07:13;SKU-015;2;5000;500;CARD
REC-20260725-STORE_01-0304;STORE_01;CASH-05;2026-07-25 9:14:37;SKU-002;4;12000;0;CASH
REC-20260725-STORE_01-0304;STORE_01;CASH-01;2026-07-25 9:14:37;SKU-012;4;45000;1000;CARD
REC-20260725-STORE_01-0304;STORE_01;CASH-04;2026-07-25 9:14:37;SKU-026;3;12000;1000;CARD
REC-20260725-STORE_01-0304;STORE_01;CASH-04;2026-07-25 9:14:37;SKU-001;2;45000;0;CARD
REC-20260725-STORE_01-0304;STORE_01;CASH-06;2026-07-25 9:14:37;SKU-040;3;25000;500;CASH
REC-20260725-STORE_01-0305;STORE_01;CASH-01;2026-07-25 19:10:58;SKU-012;2;45000;500;CASH
REC-20260725-STORE_01-0306;STORE_01;CASH-01;2026-07-25 12:54:07;SKU-003;1;45000;0;CARD
REC-20260725-STORE_01-0306;STORE_01;CASH-08;2026-07-25 12:54:07;SKU-001;3;45000;0;CARD
REC-20260725-STORE_01-0306;STORE_01;CASH-08;2026-07-25 12:54:07;SKU-002;1;12000;0;CARD
REC-20260725-STORE_01-0307;STORE_01;CASH-01;2026-07-25 11:04:51;SKU-001;3;45000;0;CASH
REC-20260725-STORE_01-0307;STORE_01;CASH-05;2026-07-25 11:04:51;SKU-003;3;45000;1000;CARD
REC-20260725-STORE_01-0308;STORE_01;CASH-05;2026-07-25 18:52:07;SKU-035;1;5000;0;CASH
REC-20260725-STORE_01-0309;STORE_01;CASH-09;2026-07-25 18:52:00;SKU-001;1;45000;0;CARD
REC-20260725-STORE_01-0309;STORE_01;CASH-02;2026-07-25 18:52:00;SKU-001;1;45000;1000;CARD
REC-20260725-STORE_01-0309;STORE_01;CASH-06;2026-07-25 18:52:00;SKU-024;3;12000;500;CARD
REC-20260725-STORE_01-0309;STORE_01;CASH-03;2026-07-25 18:52:00;SKU-001;2;45000;0;CARD
REC-20260725-STORE_01-0310;STORE_01;CASH-10;2026-07-25 8:22:09;SKU-009;1;25000;500;CARD
REC-20260725-STORE_01-0310;STORE_01;CASH-05;2026-07-25 8:22:09;SKU-002;3;12000;0;CARD
REC-20260725-STORE_01-0310;STORE_01;CASH-06;2026-07-25 8:22:09;SKU-005;2;5000;0;CARD
REC-20260725-STORE_01-0310;STORE_01;CASH-10;2026-07-25 8:22:09;SKU-021;3;5000;0;CARD
REC-20260725-STORE_01-0311;STORE_01;CASH-04;2026-07-25 8:32:03;SKU-002;2;12000;1000;CASH
REC-20260725-STORE_01-0312;STORE_01;CASH-02;2026-07-25 11:40:38;SKU-002;1;12000;500;CARD
REC-20260725-STORE_01-0312;STORE_01;CASH-01;2026-07-25 11:40:38;SKU-001;1;45000;1000;CARD
REC-20260725-STORE_01-0312;STORE_01;CASH-08;2026-07-25 11:40:38;SKU-033;4;5000;0;CARD
REC-20260725-STORE_01-0312;STORE_01;CASH-04;2026-07-25 11:40:38;SKU-026;4;12000;0;CARD
REC-20260725-STORE_01-0312;STORE_01;CASH-10;2026-07-25 11:40:38;SKU-001;1;45000;500;CARD
REC-20260725-STORE_01-0313;STORE_01;CASH-10;2026-07-25 11:18:21;SKU-015;4;5000;0;CARD
REC-20260725-STORE_01-0314;STORE_01;CASH-07;2026-07-25 11:39:24;SKU-009;4;25000;0;CASH
REC-20260725-STORE_01-0314;STORE_01;CASH-09;2026-07-25 11:39:24;SKU-003;4;45000;500;CARD
REC-20260725-STORE_01-0314;STORE_01;CASH-06;2026-07-25 11:39:24;SKU-013;2;12000;0;CASH
REC-20260725-STORE_01-0314;STORE_01;CASH-05;2026-07-25 11:39:24;SKU-006;1;45000;0;CARD
REC-20260725-STORE_01-0314;STORE_01;CASH-04;2026-07-25 11:39:24;SKU-017;2;12000;1000;CASH
REC-20260725-STORE_01-0315;STORE_01;CASH-04;2026-07-25 19:21:56;SKU-002;3;12000;500;CASH
REC-20260725-STORE_01-0315;STORE_01;CASH-05;2026-07-25 19:21:56;SKU-003;2;45000;0;CARD
REC-20260725-STORE_01-0315;STORE_01;CASH-02;2026-07-25 19:21:56;SKU-001;1;45000;0;CARD
REC-20260725-STORE_01-0315;STORE_01;CASH-08;2026-07-25 19:21:56;SKU-001;4;45000;1000;CARD
REC-20260725-STORE_01-0316;STORE_01;CASH-01;2026-07-25 10:14:48;SKU-009;4;25000;0;CARD
REC-20260725-STORE_01-0316;STORE_01;CASH-06;2026-07-25 10:14:48;SKU-033;3;5000;1000;CARD
REC-20260725-STORE_01-0316;STORE_01;CASH-09;2026-07-25 10:14:48;SKU-001;2;45000;1000;CARD
REC-20260725-STORE_01-0317;STORE_01;CASH-10;2026-07-25 19:35:21;SKU-002;4;12000;0;CASH
REC-20260725-STORE_01-0317;STORE_01;CASH-02;2026-07-25 19:35:21;SKU-023;1;45000;1000;CASH
REC-20260725-STORE_01-0317;STORE_01;CASH-06;2026-07-25 19:35:21;SKU-001;4;45000;0;CARD
REC-20260725-STORE_01-0317;STORE_01;CASH-09;2026-07-25 19:35:21;SKU-001;4;45000;1000;CARD
REC-20260725-STORE_01-0317;STORE_01;CASH-09;2026-07-25 19:35:21;SKU-002;2;12000;0;CASH
REC-20260725-STORE_01-0318;STORE_01;CASH-06;2026-07-25 14:51:55;SKU-002;3;12000;0;CARD
REC-20260725-STORE_01-0318;STORE_01;CASH-08;2026-07-25 14:51:55;SKU-006;2;45000;500;CARD
REC-20260725-STORE_01-0318;STORE_01;CASH-07;2026-07-25 14:51:55;SKU-021;4;5000;1000;CARD
REC-20260725-STORE_01-0318;STORE_01;CASH-04;2026-07-25 14:51:55;SKU-014;1;5000;0;CASH
REC-20260725-STORE_01-0318;STORE_01;CASH-08;2026-07-25 14:51:55;SKU-001;3;45000;0;CARD
REC-20260725-STORE_01-0319;STORE_01;CASH-07;2026-07-25 16:11:22;SKU-020;3;12000;0;CASH
REC-20260725-STORE_01-0319;STORE_01;CASH-06;2026-07-25 16:11:22;SKU-019;2;25000;1000;CARD
REC-20260725-STORE_01-0320;STORE_01;CASH-03;2026-07-25 13:34:36;SKU-016;2;25000;0;CARD
REC-20260725-STORE_01-0321;STORE_01;CASH-02;2026-07-25 12:13:49;SKU-021;4;5000;1000;CARD
REC-20260725-STORE_01-0321;STORE_01;CASH-04;2026-07-25 12:13:49;SKU-029;4;5000;1000;CASH
REC-20260725-STORE_01-0321;STORE_01;CASH-01;2026-07-25 12:13:49;SKU-001;1;45000;0;CARD
REC-20260725-STORE_01-0321;STORE_01;CASH-03;2026-07-25 12:13:49;SKU-001;3;45000;0;CARD
REC-20260725-STORE_01-0321;STORE_01;CASH-01;2026-07-25 12:13:49;SKU-006;3;45000;0;CARD
REC-20260725-STORE_01-0322;STORE_01;CASH-06;2026-07-25 18:22:07;SKU-001;1;45000;1000;CARD
REC-20260725-STORE_01-0322;STORE_01;CASH-01;2026-07-25 18:22:07;SKU-018;2;5000;1000;CARD
REC-20260725-STORE_01-0322;STORE_01;CASH-03;2026-07-25 18:22:07;SKU-002;3;12000;0;CARD
REC-20260725-STORE_01-0322;STORE_01;CASH-07;2026-07-25 18:22:07;SKU-001;2;45000;0;CASH
REC-20260725-STORE_01-0323;STORE_01;CASH-07;2026-07-25 20:07:47;SKU-005;1;5000;0;CARD
REC-20260725-STORE_01-0323;STORE_01;CASH-05;2026-07-25 20:07:47;SKU-003;1;45000;500;CASH
REC-20260725-STORE_01-0324;STORE_01;CASH-02;2026-07-25 21:45:47;SKU-001;1;45000;0;CASH
REC-20260725-STORE_01-0324;STORE_01;CASH-07;2026-07-25 21:45:47;SKU-003;2;45000;500;CASH
REC-20260725-STORE_01-0325;STORE_01;CASH-02;2026-07-25 17:29:58;SKU-006;2;45000;0;CARD
REC-20260725-STORE_01-0325;STORE_01;CASH-09;2026-07-25 17:29:58;SKU-007;1;12000;0;CARD
REC-20260725-STORE_01-0326;STORE_01;CASH-06;2026-07-25 13:58:17;SKU-002;3;12000;0;CARD
REC-20260725-STORE_01-0326;STORE_01;CASH-05;2026-07-25 13:58:17;SKU-023;3;45000;0;CARD
REC-20260725-STORE_01-0326;STORE_01;CASH-06;2026-07-25 13:58:17;SKU-002;2;12000;0;CARD
REC-20260725-STORE_01-0326;STORE_01;CASH-04;2026-07-25 13:58:17;SKU-003;3;45000;500;CARD
REC-20260725-STORE_01-0327;STORE_01;CASH-06;2026-07-25 8:04:15;SKU-003;1;45000;500;CARD
REC-20260725-STORE_01-0327;STORE_01;CASH-04;2026-07-25 8:04:15;SKU-004;1;25000;0;CASH
REC-20260725-STORE_01-0327;STORE_01;CASH-09;2026-07-25 8:04:15;SKU-030;2;45000;0;CASH
REC-20260725-STORE_01-0328;STORE_01;CASH-10;2026-07-25 12:55:50;SKU-007;3;12000;0;CARD
REC-20260725-STORE_01-0328;STORE_01;CASH-07;2026-07-25 12:55:50;SKU-017;4;12000;1000;CARD
REC-20260725-STORE_01-0329;STORE_01;CASH-03;2026-07-25 14:01:10;SKU-001;1;45000;0;CARD
REC-20260725-STORE_01-0329;STORE_01;CASH-03;2026-07-25 14:01:10;SKU-001;1;45000;0;CASH
REC-20260725-STORE_01-0329;STORE_01;CASH-06;2026-07-25 14:01:10;SKU-049;4;5000;0;CASH
REC-20260725-STORE_01-0330;STORE_01;CASH-03;2026-07-25 9:46:20;SKU-001;3;45000;0;CARD
REC-20260725-STORE_01-0330;STORE_01;CASH-10;2026-07-25 9:46:20;SKU-029;2;5000;1000;CASH
REC-20260725-STORE_01-0331;STORE_01;CASH-10;2026-07-25 19:34:53;SKU-010;2;25000;500;CARD
REC-20260725-STORE_01-0331;STORE_01;CASH-10;2026-07-25 19:34:53;SKU-041;3;25000;500;CARD
REC-20260725-STORE_01-0332;STORE_01;CASH-05;2026-07-25 14:04:46;SKU-001;1;45000;500;CARD
REC-20260725-STORE_01-0332;STORE_01;CASH-04;2026-07-25 14:04:46;SKU-019;2;25000;0;CASH
REC-20260725-STORE_01-0333;STORE_01;CASH-09;2026-07-25 11:18:48;SKU-023;4;45000;0;CARD
REC-20260725-STORE_01-0333;STORE_01;CASH-01;2026-07-25 11:18:48;SKU-028;3;5000;1000;CASH
REC-20260725-STORE_01-0333;STORE_01;CASH-02;2026-07-25 11:18:48;SKU-044;2;5000;0;CASH
REC-20260725-STORE_01-0334;STORE_01;CASH-07;2026-07-25 11:25:53;SKU-026;4;12000;500;CASH
REC-20260725-STORE_01-0334;STORE_01;CASH-08;2026-07-25 11:25:53;SKU-012;1;45000;0;CARD
REC-20260725-STORE_01-0334;STORE_01;CASH-08;2026-07-25 11:25:53;SKU-010;1;25000;1000;CARD
REC-20260725-STORE_01-0334;STORE_01;CASH-10;2026-07-25 11:25:53;SKU-006;3;45000;0;CARD
REC-20260725-STORE_01-0335;STORE_01;CASH-05;2026-07-25 17:29:36;SKU-036;4;45000;1000;CASH
REC-20260725-STORE_01-0335;STORE_01;CASH-08;2026-07-25 17:29:36;SKU-001;4;45000;0;CARD
REC-20260725-STORE_01-0335;STORE_01;CASH-05;2026-07-25 17:29:36;SKU-001;3;45000;0;CARD
REC-20260725-STORE_01-0336;STORE_01;CASH-03;2026-07-25 12:57:13;SKU-026;1;12000;500;CASH
REC-20260725-STORE_01-0336;STORE_01;CASH-05;2026-07-25 12:57:13;SKU-002;2;12000;0;CARD
REC-20260725-STORE_01-0336;STORE_01;CASH-06;2026-07-25 12:57:13;SKU-022;3;12000;0;CARD
REC-20260725-STORE_01-0337;STORE_01;CASH-03;2026-07-25 19:38:42;SKU-001;2;45000;0;CARD
REC-20260725-STORE_01-0337;STORE_01;CASH-10;2026-07-25 19:38:42;SKU-022;1;12000;0;CARD
REC-20260725-STORE_01-0338;STORE_01;CASH-05;2026-07-25 20:12:16;SKU-003;3;45000;500;CARD
REC-20260725-STORE_01-0338;STORE_01;CASH-08;2026-07-25 20:12:16;SKU-005;3;5000;0;CASH
REC-20260725-STORE_01-0338;STORE_01;CASH-06;2026-07-25 20:12:16;SKU-027;1;5000;1000;CASH
REC-20260725-STORE_01-0338;STORE_01;CASH-02;2026-07-25 20:12:16;SKU-002;1;12000;0;CASH
REC-20260725-STORE_01-0339;STORE_01;CASH-10;2026-07-25 12:16:53;SKU-001;4;45000;1000;CARD
REC-20260725-STORE_01-0339;STORE_01;CASH-02;2026-07-25 12:16:53;SKU-015;4;5000;0;CARD
REC-20260725-STORE_01-0339;STORE_01;CASH-03;2026-07-25 12:16:53;SKU-002;2;12000;500;CARD
REC-20260725-STORE_01-0339;STORE_01;CASH-04;2026-07-25 12:16:53;SKU-008;3;12000;1000;CASH
REC-20260725-STORE_01-0340;STORE_01;CASH-06;2026-07-25 15:41:35;SKU-007;1;12000;0;CASH
REC-20260725-STORE_01-0340;STORE_01;CASH-08;2026-07-25 15:41:35;SKU-003;3;45000;1000;CARD
REC-20260725-STORE_01-0340;STORE_01;CASH-05;2026-07-25 15:41:35;SKU-007;3;12000;0;CARD
REC-20260725-STORE_01-0341;STORE_01;CASH-07;2026-07-25 18:10:37;SKU-002;4;12000;0;CARD
REC-20260725-STORE_01-0341;STORE_01;CASH-02;2026-07-25 18:10:37;SKU-032;3;25000;1000;CARD
REC-20260725-STORE_01-0341;STORE_01;CASH-09;2026-07-25 18:10:37;SKU-003;2;45000;0;CASH
REC-20260725-STORE_01-0342;STORE_01;CASH-09;2026-07-25 12:14:53;SKU-001;3;45000;0;CASH
REC-20260725-STORE_01-0342;STORE_01;CASH-10;2026-07-25 12:14:53;SKU-001;2;45000;1000;CARD
REC-20260725-STORE_01-0342;STORE_01;CASH-01;2026-07-25 12:14:53;SKU-001;4;45000;0;CARD
REC-20260725-STORE_01-0342;STORE_01;CASH-04;2026-07-25 12:14:53;SKU-013;1;12000;1000;CASH
REC-20260725-STORE_01-0343;STORE_01;CASH-05;2026-07-25 11:23:52;SKU-028;3;5000;0;CARD
REC-20260725-STORE_01-0343;STORE_01;CASH-09;2026-07-25 11:23:52;SKU-001;4;45000;0;CARD
REC-20260725-STORE_01-0343;STORE_01;CASH-09;2026-07-25 11:23:52;SKU-037;3;45000;1000;CARD
REC-20260725-STORE_01-0344;STORE_01;CASH-07;2026-07-25 17:06:49;SKU-001;1;45000;500;CARD
REC-20260725-STORE_01-0344;STORE_01;CASH-03;2026-07-25 17:06:49;SKU-002;3;12000;1000;CASH
REC-20260725-STORE_01-0344;STORE_01;CASH-10;2026-07-25 17:06:49;SKU-003;4;45000;0;CARD
REC-20260725-STORE_01-0344;STORE_01;CASH-05;2026-07-25 17:06:49;SKU-003;1;45000;0;CARD
REC-20260725-STORE_01-0344;STORE_01;CASH-09;2026-07-25 17:06:49;SKU-002;1;12000;0;CASH
REC-20260725-STORE_01-0345;STORE_01;CASH-02;2026-07-25 21:12:09;SKU-030;4;45000;0;CARD
REC-20260725-STORE_01-0346;STORE_01;CASH-03;2026-07-25 9:14:53;SKU-002;4;12000;0;CASH
REC-20260725-STORE_01-0346;STORE_01;CASH-09;2026-07-25 9:14:53;SKU-006;4;45000;1000;CARD
REC-20260725-STORE_01-0347;STORE_01;CASH-01;2026-07-25 11:14:53;SKU-003;1;45000;500;CARD
REC-20260725-STORE_01-0347;STORE_01;CASH-09;2026-07-25 11:14:53;SKU-001;1;45000;500;CARD
REC-20260725-STORE_01-0348;STORE_01;CASH-07;2026-07-25 8:22:30;SKU-017;4;12000;0;CASH
REC-20260725-STORE_01-0348;STORE_01;CASH-05;2026-07-25 8:22:30;SKU-031;3;45000;0;CARD
REC-20260725-STORE_01-0348;STORE_01;CASH-10;2026-07-25 8:22:30;SKU-010;3;25000;500;CARD
REC-20260725-STORE_01-0348;STORE_01;CASH-02;2026-07-25 8:22:30;SKU-003;1;45000;0;CARD
REC-20260725-STORE_01-0349;STORE_01;CASH-03;2026-07-25 9:09:11;SKU-001;4;45000;0;CARD
REC-20260725-STORE_01-0349;STORE_01;CASH-01;2026-07-25 9:09:11;SKU-002;3;12000;0;CASH
REC-20260725-STORE_01-0349;STORE_01;CASH-06;2026-07-25 9:09:11;SKU-003;4;45000;0;CARD
REC-20260725-STORE_01-0349;STORE_01;CASH-05;2026-07-25 9:09:11;SKU-012;1;45000;1000;CARD
REC-20260725-STORE_01-0350;STORE_01;CASH-07;2026-07-25 8:36:44;SKU-046;4;25000;500;CARD
REC-20260725-STORE_01-0350;STORE_01;CASH-01;2026-07-25 8:36:44;SKU-002;2;12000;0;CARD
REC-20260725-STORE_01-0350;STORE_01;CASH-08;2026-07-25 8:36:44;SKU-001;4;45000;0;CASH
REC-20260725-STORE_01-0350;STORE_01;CASH-05;2026-07-25 8:36:44;SKU-005;1;5000;0;CARD
REC-20260725-STORE_01-0351;STORE_01;CASH-07;2026-07-25 19:26:32;SKU-001;2;45000;0;CASH
REC-20260725-STORE_01-0351;STORE_01;CASH-03;2026-07-25 19:26:32;SKU-002;2;12000;0;CASH
REC-20260725-STORE_01-0351;STORE_01;CASH-06;2026-07-25 19:26:32;SKU-047;4;5000;1000;CARD
REC-20260725-STORE_01-0351;STORE_01;CASH-10;2026-07-25 19:26:32;SKU-005;2;5000;0;CARD
REC-20260725-STORE_01-0352;STORE_01;CASH-09;2026-07-25 18:36:58;SKU-024;4;12000;0;CARD
REC-20260725-STORE_01-0352;STORE_01;CASH-09;2026-07-25 18:36:58;SKU-001;1;45000;0;CARD
REC-20260725-STORE_01-0352;STORE_01;CASH-05;2026-07-25 18:36:58;SKU-001;1;45000;500;CASH
REC-20260725-STORE_01-0353;STORE_01;CASH-07;2026-07-25 8:06:35;SKU-023;4;45000;500;CARD
REC-20260725-STORE_01-0354;STORE_01;CASH-08;2026-07-25 11:46:04;SKU-006;2;45000;1000;CARD
REC-20260725-STORE_01-0354;STORE_01;CASH-04;2026-07-25 11:46:04;SKU-021;1;5000;0;CASH
REC-20260725-STORE_01-0355;STORE_01;CASH-02;2026-07-25 21:01:48;SKU-028;1;5000;0;CARD
REC-20260725-STORE_01-0356;STORE_01;CASH-10;2026-07-25 18:07:34;SKU-001;2;45000;0;CASH
REC-20260725-STORE_01-0356;STORE_01;CASH-05;2026-07-25 18:07:34;SKU-005;2;5000;500;CARD
REC-20260725-STORE_01-0356;STORE_01;CASH-08;2026-07-25 18:07:34;SKU-008;3;12000;1000;CASH
REC-20260725-STORE_01-0357;STORE_01;CASH-08;2026-07-25 11:10:47;SKU-014;4;5000;0;CARD
REC-20260725-STORE_01-0357;STORE_01;CASH-06;2026-07-25 11:10:47;SKU-004;1;25000;500;CASH
REC-20260725-STORE_01-0358;STORE_01;CASH-01;2026-07-25 21:44:10;SKU-001;2;45000;0;CARD
REC-20260725-STORE_01-0358;STORE_01;CASH-04;2026-07-25 21:44:10;SKU-016;3;25000;500;CASH
REC-20260725-STORE_01-0358;STORE_01;CASH-09;2026-07-25 21:44:10;SKU-039;2;5000;0;CARD
REC-20260725-STORE_01-0359;STORE_01;CASH-04;2026-07-25 10:18:28;SKU-001;1;45000;0;CARD
REC-20260725-STORE_01-0359;STORE_01;CASH-06;2026-07-25 10:18:28;SKU-016;2;25000;1000;CARD
REC-20260725-STORE_01-0359;STORE_01;CASH-10;2026-07-25 10:18:28;SKU-012;4;45000;500;CARD
REC-20260725-STORE_01-0359;STORE_01;CASH-05;2026-07-25 10:18:28;SKU-014;2;5000;0;CASH
REC-20260725-STORE_01-0359;STORE_01;CASH-02;2026-07-25 10:18:28;SKU-009;3;25000;0;CARD
REC-20260725-STORE_01-0360;STORE_01;CASH-06;2026-07-25 13:47:00;SKU-004;4;25000;0;CARD
REC-20260725-STORE_01-0360;STORE_01;CASH-09;2026-07-25 13:47:00;SKU-006;4;45000;0;CARD
REC-20260725-STORE_01-0361;STORE_01;CASH-05;2026-07-25 15:44:13;SKU-001;3;45000;0;CARD
REC-20260725-STORE_01-0361;STORE_01;CASH-06;2026-07-25 15:44:13;SKU-011;3;5000;0;CARD
REC-20260725-STORE_01-0362;STORE_01;CASH-09;2026-07-25 12:27:29;SKU-008;4;12000;1000;CASH
REC-20260725-STORE_01-0362;STORE_01;CASH-10;2026-07-25 12:27:29;SKU-009;2;25000;500;CARD
REC-20260725-STORE_01-0362;STORE_01;CASH-02;2026-07-25 12:27:29;SKU-005;2;5000;0;CARD
REC-20260725-STORE_01-0363;STORE_01;CASH-07;2026-07-25 14:58:23;SKU-001;4;45000;0;CARD
REC-20260725-STORE_01-0363;STORE_01;CASH-08;2026-07-25 14:58:23;SKU-001;2;45000;500;CARD
REC-20260725-STORE_01-0363;STORE_01;CASH-07;2026-07-25 14:58:23;SKU-036;2;45000;0;CARD
REC-20260725-STORE_01-0363;STORE_01;CASH-08;2026-07-25 14:58:23;SKU-006;3;45000;500;CARD
REC-20260725-STORE_01-0363;STORE_01;CASH-07;2026-07-25 14:58:23;SKU-023;4;45000;0;CARD
REC-20260725-STORE_01-0364;STORE_01;CASH-01;2026-07-25 9:27:00;SKU-002;3;12000;0;CASH
REC-20260725-STORE_01-0365;STORE_01;CASH-01;2026-07-25 21:59:26;SKU-011;3;5000;1000;CARD
REC-20260725-STORE_01-0365;STORE_01;CASH-04;2026-07-25 21:59:26;SKU-001;2;45000;1000;CARD
REC-20260725-STORE_01-0366;STORE_01;CASH-07;2026-07-25 19:45:26;SKU-001;1;45000;0;CASH
REC-20260725-STORE_01-0367;STORE_01;CASH-01;2026-07-25 20:29:43;SKU-005;3;5000;1000;CARD
REC-20260725-STORE_01-0367;STORE_01;CASH-04;2026-07-25 20:29:43;SKU-012;2;45000;0;CARD
REC-20260725-STORE_01-0368;STORE_01;CASH-08;2026-07-25 14:32:39;SKU-002;2;12000;500;CARD
REC-20260725-STORE_01-0368;STORE_01;CASH-03;2026-07-25 14:32:39;SKU-001;1;45000;500;CARD
REC-20260725-STORE_01-0368;STORE_01;CASH-06;2026-07-25 14:32:39;SKU-012;3;45000;0;CASH
REC-20260725-STORE_01-0368;STORE_01;CASH-05;2026-07-25 14:32:39;SKU-001;3;45000;0;CARD
REC-20260725-STORE_01-0369;STORE_01;CASH-05;2026-07-25 20:59:17;SKU-001;2;45000;1000;CARD
REC-20260725-STORE_01-0370;STORE_01;CASH-01;2026-07-25 9:59:04;SKU-007;3;12000;0;CASH
REC-20260725-STORE_01-0371;STORE_01;CASH-03;2026-07-25 19:23:20;SKU-044;3;5000;0;CARD
REC-20260725-STORE_01-0372;STORE_01;CASH-03;2026-07-25 8:28:37;SKU-017;4;12000;500;CARD
REC-20260725-STORE_01-0373;STORE_01;CASH-08;2026-07-25 8:38:42;SKU-001;1;45000;1000;CARD
REC-20260725-STORE_01-0373;STORE_01;CASH-02;2026-07-25 8:38:42;SKU-007;2;12000;500;CARD
REC-20260725-STORE_01-0374;STORE_01;CASH-06;2026-07-25 18:48:52;SKU-021;2;5000;0;CARD
REC-20260725-STORE_01-0375;STORE_01;CASH-06;2026-07-25 19:05:25;SKU-014;2;5000;0;CASH
REC-20260725-STORE_01-0376;STORE_01;CASH-10;2026-07-25 16:27:20;SKU-009;1;25000;1000;CARD
REC-20260725-STORE_01-0376;STORE_01;CASH-10;2026-07-25 16:27:20;SKU-005;4;5000;0;CASH
REC-20260725-STORE_01-0377;STORE_01;CASH-04;2026-07-25 9:41:58;SKU-013;2;12000;0;CASH
REC-20260725-STORE_01-0377;STORE_01;CASH-08;2026-07-25 9:41:58;SKU-014;3;5000;500;CARD
REC-20260725-STORE_01-0378;STORE_01;CASH-03;2026-07-25 18:28:20;SKU-033;2;5000;0;CARD
REC-20260725-STORE_01-0378;STORE_01;CASH-05;2026-07-25 18:28:20;SKU-003;4;45000;1000;CASH
REC-20260725-STORE_01-0378;STORE_01;CASH-01;2026-07-25 18:28:20;SKU-008;2;12000;0;CASH
REC-20260725-STORE_01-0378;STORE_01;CASH-09;2026-07-25 18:28:20;SKU-011;4;5000;0;CASH
REC-20260725-STORE_01-0379;STORE_01;CASH-06;2026-07-25 18:12:38;SKU-002;1;12000;500;CASH
REC-20260725-STORE_01-0380;STORE_01;CASH-03;2026-07-25 11:25:12;SKU-001;4;45000;1000;CASH
REC-20260725-STORE_01-0380;STORE_01;CASH-06;2026-07-25 11:25:12;SKU-011;3;5000;500;CASH
REC-20260725-STORE_01-0381;STORE_01;CASH-06;2026-07-25 13:56:29;SKU-039;4;5000;0;CARD
REC-20260725-STORE_01-0382;STORE_01;CASH-05;2026-07-25 8:26:35;SKU-002;1;12000;1000;CASH
REC-20260725-STORE_01-0382;STORE_01;CASH-03;2026-07-25 8:26:35;SKU-001;4;45000;0;CASH
REC-20260725-STORE_01-0382;STORE_01;CASH-03;2026-07-25 8:26:35;SKU-003;3;45000;0;CARD
REC-20260725-STORE_01-0382;STORE_01;CASH-01;2026-07-25 8:26:35;SKU-007;3;12000;0;CASH
REC-20260725-STORE_01-0382;STORE_01;CASH-10;2026-07-25 8:26:35;SKU-002;4;12000;0;CARD
REC-20260725-STORE_01-0383;STORE_01;CASH-10;2026-07-25 19:39:50;SKU-018;4;5000;0;CARD
REC-20260725-STORE_01-0384;STORE_01;CASH-05;2026-07-25 8:12:21;SKU-005;2;5000;0;CASH
REC-20260725-STORE_01-0384;STORE_01;CASH-01;2026-07-25 8:12:21;SKU-003;1;45000;0;CASH
REC-20260725-STORE_01-0384;STORE_01;CASH-09;2026-07-25 8:12:21;SKU-001;3;45000;0;CARD
REC-20260725-STORE_01-0385;STORE_01;CASH-05;2026-07-25 13:55:43;SKU-034;2;25000;0;CASH
REC-20260725-STORE_01-0385;STORE_01;CASH-02;2026-07-25 13:55:43;SKU-002;1;12000;500;CARD
REC-20260725-STORE_01-0385;STORE_01;CASH-09;2026-07-25 13:55:43;SKU-020;3;12000;500;CASH
REC-20260725-STORE_01-0386;STORE_01;CASH-08;2026-07-25 11:23:04;SKU-007;4;12000;0;CASH
REC-20260725-STORE_01-0386;STORE_01;CASH-05;2026-07-25 11:23:04;SKU-019;4;25000;0;CARD
REC-20260725-STORE_01-0386;STORE_01;CASH-10;2026-07-25 11:23:04;SKU-013;3;12000;0;CARD
REC-20260725-STORE_01-0386;STORE_01;CASH-08;2026-07-25 11:23:04;SKU-005;1;5000;500;CASH
REC-20260725-STORE_01-0387;STORE_01;CASH-03;2026-07-25 9:03:51;SKU-001;2;45000;0;CASH
REC-20260725-STORE_01-0387;STORE_01;CASH-04;2026-07-25 9:03:51;SKU-014;2;5000;1000;CASH
REC-20260725-STORE_01-0387;STORE_01;CASH-10;2026-07-25 9:03:51;SKU-013;4;12000;1000;CASH
REC-20260725-STORE_01-0387;STORE_01;CASH-02;2026-07-25 9:03:51;SKU-012;1;45000;1000;CARD
REC-20260725-STORE_01-0388;STORE_01;CASH-03;2026-07-25 9:34:45;SKU-001;4;45000;0;CASH
REC-20260725-STORE_01-0388;STORE_01;CASH-08;2026-07-25 9:34:45;SKU-035;4;5000;0;CASH
REC-20260725-STORE_01-0388;STORE_01;CASH-01;2026-07-25 9:34:45;SKU-002;2;12000;0;CASH
REC-20260725-STORE_01-0388;STORE_01;CASH-07;2026-07-25 9:34:45;SKU-003;1;45000;1000;CARD
REC-20260725-STORE_01-0389;STORE_01;CASH-07;2026-07-25 21:00:51;SKU-003;4;45000;0;CARD
REC-20260725-STORE_01-0389;STORE_01;CASH-04;2026-07-25 21:00:51;SKU-005;2;5000;0;CARD
REC-20260725-STORE_01-0389;STORE_01;CASH-10;2026-07-25 21:00:51;SKU-003;3;45000;1000;CASH
REC-20260725-STORE_01-0389;STORE_01;CASH-05;2026-07-25 21:00:51;SKU-009;3;25000;500;CASH
REC-20260725-STORE_01-0389;STORE_01;CASH-04;2026-07-25 21:00:51;SKU-004;3;25000;0;CASH
REC-20260725-STORE_01-0390;STORE_01;CASH-04;2026-07-25 8:35:25;SKU-038;4;12000;1000;CASH
REC-20260725-STORE_01-0391;STORE_01;CASH-02;2026-07-25 10:12:03;SKU-014;4;5000;0;CARD
REC-20260725-STORE_01-0391;STORE_01;CASH-08;2026-07-25 10:12:03;SKU-026;4;12000;0;CARD
REC-20260725-STORE_01-0391;STORE_01;CASH-05;2026-07-25 10:12:03;SKU-015;3;5000;500;CARD
REC-20260725-STORE_01-0391;STORE_01;CASH-04;2026-07-25 10:12:03;SKU-001;4;45000;0;CARD
REC-20260725-STORE_01-0391;STORE_01;CASH-03;2026-07-25 10:12:03;SKU-001;1;45000;500;CARD
REC-20260725-STORE_01-0392;STORE_01;CASH-04;2026-07-25 19:41:02;SKU-003;1;45000;500;CARD
REC-20260725-STORE_01-0392;STORE_01;CASH-02;2026-07-25 19:41:02;SKU-003;4;45000;0;CASH
REC-20260725-STORE_01-0392;STORE_01;CASH-06;2026-07-25 19:41:02;SKU-007;1;12000;0;CARD
REC-20260725-STORE_01-0392;STORE_01;CASH-07;2026-07-25 19:41:02;SKU-019;3;25000;0;CARD
REC-20260725-STORE_01-0393;STORE_01;CASH-02;2026-07-25 9:03:45;SKU-037;2;45000;0;CARD
REC-20260725-STORE_01-0393;STORE_01;CASH-06;2026-07-25 9:03:45;SKU-007;1;12000;500;CASH
REC-20260725-STORE_01-0393;STORE_01;CASH-05;2026-07-25 9:03:45;SKU-011;4;5000;500;CARD
REC-20260725-STORE_01-0393;STORE_01;CASH-07;2026-07-25 9:03:45;SKU-006;4;45000;1000;CASH
REC-20260725-STORE_01-0394;STORE_01;CASH-10;2026-07-25 21:15:34;SKU-001;1;45000;0;CASH
REC-20260725-STORE_01-0394;STORE_01;CASH-09;2026-07-25 21:15:34;SKU-044;4;5000;0;CARD
REC-20260725-STORE_01-0394;STORE_01;CASH-02;2026-07-25 21:15:34;SKU-004;4;25000;0;CARD
REC-20260725-STORE_01-0394;STORE_01;CASH-01;2026-07-25 21:15:34;SKU-007;2;12000;0;CARD
REC-20260725-STORE_01-0394;STORE_01;CASH-02;2026-07-25 21:15:34;SKU-012;2;45000;1000;CASH
REC-20260725-STORE_01-0395;STORE_01;CASH-03;2026-07-25 19:31:56;SKU-003;3;45000;0;CARD
REC-20260725-STORE_01-0395;STORE_01;CASH-04;2026-07-25 19:31:56;SKU-004;4;25000;500;CARD
REC-20260725-STORE_01-0396;STORE_01;CASH-08;2026-07-25 10:17:36;SKU-039;1;5000;1000;CASH
REC-20260725-STORE_01-0396;STORE_01;CASH-08;2026-07-25 10:17:36;SKU-016;4;25000;0;CARD
REC-20260725-STORE_01-0396;STORE_01;CASH-03;2026-07-25 10:17:36;SKU-002;1;12000;0;CARD
REC-20260725-STORE_01-0397;STORE_01;CASH-03;2026-07-25 18:51:45;SKU-004;1;25000;500;CARD
REC-20260725-STORE_01-0397;STORE_01;CASH-07;2026-07-25 18:51:45;SKU-016;4;25000;0;CASH
REC-20260725-STORE_01-0398;STORE_01;CASH-10;2026-07-25 16:25:56;SKU-008;1;12000;500;CARD
REC-20260725-STORE_01-0398;STORE_01;CASH-03;2026-07-25 16:25:56;SKU-035;3;5000;500;CARD
REC-20260725-STORE_01-0398;STORE_01;CASH-01;2026-07-25 16:25:56;SKU-006;4;45000;500;CASH
REC-20260725-STORE_01-0399;STORE_01;CASH-04;2026-07-25 11:22:00;SKU-001;3;45000;500;CARD
REC-20260725-STORE_01-0399;STORE_01;CASH-07;2026-07-25 11:22:00;SKU-002;1;12000;0;CARD
REC-20260725-STORE_01-0399;STORE_01;CASH-07;2026-07-25 11:22:00;SKU-010;2;25000;500;CARD
REC-20260725-STORE_01-0400;STORE_01;CASH-07;2026-07-25 15:17:57;SKU-001;1;45000;0;CASH
REC-20260725-STORE_01-0400;STORE_01;CASH-03;2026-07-25 15:17:57;SKU-031;1;45000;0;CASH
REC-20260725-STORE_01-0400;STORE_01;CASH-07;2026-07-25 15:17:57;SKU-030;4;45000;500;CARD
REC-20260725-STORE_01-0401;STORE_01;CASH-03;2026-07-25 13:50:45;SKU-013;3;12000;0;CARD
REC-20260725-STORE_01-0401;STORE_01;CASH-10;2026-07-25 13:50:45;SKU-001;3;45000;500;CASH
REC-20260725-STORE_01-0401;STORE_01;CASH-03;2026-07-25 13:50:45;SKU-003;1;45000;500;CARD
REC-20260725-STORE_01-0401;STORE_01;CASH-06;2026-07-25 13:50:45;SKU-015;2;5000;0;CASH
REC-20260725-STORE_01-0402;STORE_01;CASH-01;2026-07-25 16:59:30;SKU-004;3;25000;500;CASH
REC-20260725-STORE_01-0402;STORE_01;CASH-10;2026-07-25 16:59:30;SKU-040;1;25000;1000;CARD
REC-20260725-STORE_01-0402;STORE_01;CASH-01;2026-07-25 16:59:30;SKU-001;1;45000;0;CASH
REC-20260725-STORE_01-0403;STORE_01;CASH-04;2026-07-25 15:48:23;SKU-002;4;12000;500;CARD
REC-20260725-STORE_01-0404;STORE_01;CASH-08;2026-07-25 16:15:23;SKU-004;4;25000;0;CARD
REC-20260725-STORE_01-0405;STORE_01;CASH-01;2026-07-25 12:29:50;SKU-003;1;45000;0;CARD
REC-20260725-STORE_01-0405;STORE_01;CASH-08;2026-07-25 12:29:50;SKU-044;3;5000;0;CARD
REC-20260725-STORE_01-0406;STORE_01;CASH-03;2026-07-25 19:01:18;SKU-002;3;12000;0;CARD
REC-20260725-STORE_01-0406;STORE_01;CASH-09;2026-07-25 19:01:18;SKU-036;4;45000;1000;CARD
REC-20260725-STORE_01-0406;STORE_01;CASH-10;2026-07-25 19:01:18;SKU-004;4;25000;0;CARD
REC-20260725-STORE_01-0406;STORE_01;CASH-10;2026-07-25 19:01:18;SKU-016;1;25000;500;CARD
REC-20260725-STORE_01-0407;STORE_01;CASH-01;2026-07-25 11:27:31;SKU-007;1;12000;0;CASH
REC-20260725-STORE_01-0408;STORE_01;CASH-07;2026-07-25 9:33:35;SKU-010;1;25000;500;CARD
REC-20260725-STORE_01-0408;STORE_01;CASH-02;2026-07-25 9:33:35;SKU-014;3;5000;0;CASH
REC-20260725-STORE_01-0408;STORE_01;CASH-09;2026-07-25 9:33:35;SKU-001;4;45000;0;CARD
REC-20260725-STORE_01-0409;STORE_01;CASH-01;2026-07-25 15:31:55;SKU-035;4;5000;0;CASH
REC-20260725-STORE_01-0410;STORE_01;CASH-08;2026-07-25 9:04:40;SKU-025;4;5000;1000;CASH
REC-20260725-STORE_01-0410;STORE_01;CASH-01;2026-07-25 9:04:40;SKU-045;4;45000;0;CARD
REC-20260725-STORE_01-0410;STORE_01;CASH-01;2026-07-25 9:04:40;SKU-002;3;12000;0;CARD
REC-20260725-STORE_01-0410;STORE_01;CASH-10;2026-07-25 9:04:40;SKU-001;4;45000;0;CARD
REC-20260725-STORE_01-0410;STORE_01;CASH-04;2026-07-25 9:04:40;SKU-001;2;45000;500;CASH
REC-20260725-STORE_01-0411;STORE_01;CASH-07;2026-07-25 20:48:53;SKU-009;3;25000;500;CARD
REC-20260725-STORE_01-0411;STORE_01;CASH-04;2026-07-25 20:48:53;SKU-003;4;45000;0;CASH
REC-20260725-STORE_01-0411;STORE_01;CASH-09;2026-07-25 20:48:53;SKU-002;1;12000;1000;CASH
REC-20260725-STORE_01-0411;STORE_01;CASH-01;2026-07-25 20:48:53;SKU-008;4;12000;0;CARD
REC-20260725-STORE_01-0412;STORE_01;CASH-05;2026-07-25 20:49:00;SKU-001;1;45000;500;CARD
REC-20260725-STORE_01-0412;STORE_01;CASH-06;2026-07-25 20:49:00;SKU-023;4;45000;0;CASH
REC-20260725-STORE_01-0412;STORE_01;CASH-04;2026-07-25 20:49:00;SKU-001;3;45000;0;CASH
REC-20260725-STORE_01-0412;STORE_01;CASH-10;2026-07-25 20:49:00;SKU-006;2;45000;1000;CARD
REC-20260725-STORE_01-0413;STORE_01;CASH-02;2026-07-25 10:36:17;SKU-002;2;12000;500;CASH
REC-20260725-STORE_01-0413;STORE_01;CASH-02;2026-07-25 10:36:17;SKU-002;2;12000;0;CARD
REC-20260725-STORE_01-0413;STORE_01;CASH-09;2026-07-25 10:36:17;SKU-003;3;45000;1000;CARD
REC-20260725-STORE_01-0413;STORE_01;CASH-10;2026-07-25 10:36:17;SKU-040;1;25000;500;CARD
REC-20260725-STORE_01-0414;STORE_01;CASH-05;2026-07-25 10:49:39;SKU-003;4;45000;500;CARD
REC-20260725-STORE_01-0414;STORE_01;CASH-08;2026-07-25 10:49:39;SKU-004;3;25000;1000;CASH
REC-20260725-STORE_01-0414;STORE_01;CASH-09;2026-07-25 10:49:39;SKU-002;2;12000;500;CARD
REC-20260725-STORE_01-0415;STORE_01;CASH-06;2026-07-25 18:44:25;SKU-028;3;5000;500;CASH
REC-20260725-STORE_01-0415;STORE_01;CASH-04;2026-07-25 18:44:25;SKU-001;4;45000;0;CARD
REC-20260725-STORE_01-0415;STORE_01;CASH-09;2026-07-25 18:44:25;SKU-027;1;5000;0;CARD
REC-20260725-STORE_01-0415;STORE_01;CASH-04;2026-07-25 18:44:25;SKU-011;2;5000;1000;CARD
REC-20260725-STORE_01-0415;STORE_01;CASH-03;2026-07-25 18:44:25;SKU-001;4;45000;500;CARD
REC-20260725-STORE_01-0416;STORE_01;CASH-09;2026-07-25 17:30:55;SKU-011;2;5000;1000;CASH
REC-20260725-STORE_01-0416;STORE_01;CASH-04;2026-07-25 17:30:55;SKU-046;4;25000;500;CARD
REC-20260725-STORE_01-0416;STORE_01;CASH-04;2026-07-25 17:30:55;SKU-006;3;45000;1000;CARD
REC-20260725-STORE_01-0416;STORE_01;CASH-03;2026-07-25 17:30:55;SKU-004;3;25000;0;CARD
REC-20260725-STORE_01-0417;STORE_01;CASH-09;2026-07-25 13:52:24;SKU-039;4;5000;1000;CASH
REC-20260725-STORE_01-0417;STORE_01;CASH-04;2026-07-25 13:52:24;SKU-006;3;45000;0;CASH
REC-20260725-STORE_01-0417;STORE_01;CASH-07;2026-07-25 13:52:24;SKU-001;1;45000;0;CASH
REC-20260725-STORE_01-0417;STORE_01;CASH-04;2026-07-25 13:52:24;SKU-039;4;5000;0;CASH
REC-20260725-STORE_01-0418;STORE_01;CASH-07;2026-07-25 12:48:36;SKU-001;1;45000;500;CARD
REC-20260725-STORE_01-0418;STORE_01;CASH-01;2026-07-25 12:48:36;SKU-003;2;45000;0;CARD
REC-20260725-STORE_01-0418;STORE_01;CASH-07;2026-07-25 12:48:36;SKU-001;4;45000;0;CASH
REC-20260725-STORE_01-0418;STORE_01;CASH-04;2026-07-25 12:48:36;SKU-002;2;12000;0;CARD
REC-20260725-STORE_01-0419;STORE_01;CASH-10;2026-07-25 18:23:40;SKU-002;3;12000;500;CARD
REC-20260725-STORE_01-0419;STORE_01;CASH-07;2026-07-25 18:23:40;SKU-003;4;45000;1000;CASH
REC-20260725-STORE_01-0419;STORE_01;CASH-03;2026-07-25 18:23:40;SKU-011;2;5000;0;CASH
REC-20260725-STORE_01-0419;STORE_01;CASH-10;2026-07-25 18:23:40;SKU-012;4;45000;1000;CASH
REC-20260725-STORE_01-0419;STORE_01;CASH-05;2026-07-25 18:23:40;SKU-005;2;5000;500;CARD
REC-20260725-STORE_01-0420;STORE_01;CASH-10;2026-07-25 13:55:06;SKU-024;1;12000;0;CARD
REC-20260725-STORE_01-0420;STORE_01;CASH-08;2026-07-25 13:55:06;SKU-002;3;12000;500;CARD
REC-20260725-STORE_01-0420;STORE_01;CASH-07;2026-07-25 13:55:06;SKU-017;4;12000;0;CARD
REC-20260725-STORE_01-0421;STORE_01;CASH-04;2026-07-25 11:32:09;SKU-002;3;12000;1000;CASH
REC-20260725-STORE_01-0422;STORE_01;CASH-03;2026-07-25 20:48:17;SKU-021;3;5000;1000;CARD
REC-20260725-STORE_01-0422;STORE_01;CASH-05;2026-07-25 20:48:17;SKU-001;3;45000;1000;CARD
REC-20260725-STORE_01-0422;STORE_01;CASH-10;2026-07-25 20:48:17;SKU-005;2;5000;0;CARD
REC-20260725-STORE_01-0422;STORE_01;CASH-06;2026-07-25 20:48:17;SKU-004;2;25000;0;CASH
REC-20260725-STORE_01-0422;STORE_01;CASH-05;2026-07-25 20:48:17;SKU-035;2;5000;500;CASH
REC-20260725-STORE_01-0423;STORE_01;CASH-07;2026-07-25 8:47:35;SKU-014;3;5000;500;CARD
REC-20260725-STORE_01-0423;STORE_01;CASH-10;2026-07-25 8:47:35;SKU-003;4;45000;0;CASH
REC-20260725-STORE_01-0424;STORE_01;CASH-09;2026-07-25 15:51:45;SKU-015;4;5000;0;CARD
REC-20260725-STORE_01-0424;STORE_01;CASH-02;2026-07-25 15:51:45;SKU-001;1;45000;1000;CASH
REC-20260725-STORE_01-0424;STORE_01;CASH-04;2026-07-25 15:51:45;SKU-010;2;25000;1000;CARD
REC-20260725-STORE_01-0424;STORE_01;CASH-10;2026-07-25 15:51:45;SKU-008;1;12000;0;CASH
REC-20260725-STORE_01-0424;STORE_01;CASH-10;2026-07-25 15:51:45;SKU-003;2;45000;0;CARD
REC-20260725-STORE_01-0425;STORE_01;CASH-01;2026-07-25 21:53:19;SKU-007;2;12000;0;CARD
REC-20260725-STORE_01-0426;STORE_01;CASH-01;2026-07-25 11:09:14;SKU-007;1;12000;0;CARD
REC-20260725-STORE_01-0426;STORE_01;CASH-01;2026-07-25 11:09:14;SKU-007;1;12000;500;CARD
REC-20260725-STORE_01-0426;STORE_01;CASH-06;2026-07-25 11:09:14;SKU-027;4;5000;1000;CASH
REC-20260725-STORE_01-0426;STORE_01;CASH-04;2026-07-25 11:09:14;SKU-006;1;45000;0;CARD
REC-20260725-STORE_01-0427;STORE_01;CASH-03;2026-07-25 20:45:47;SKU-004;1;25000;0;CASH
REC-20260725-STORE_01-0428;STORE_01;CASH-10;2026-07-25 15:38:17;SKU-002;3;12000;0;CARD
REC-20260725-STORE_01-0429;STORE_01;CASH-05;2026-07-25 19:13:03;SKU-005;2;5000;0;CARD
REC-20260725-STORE_01-0430;STORE_01;CASH-05;2026-07-25 15:26:46;SKU-032;3;25000;0;CASH
REC-20260725-STORE_01-0430;STORE_01;CASH-04;2026-07-25 15:26:46;SKU-019;1;25000;0;CASH
REC-20260725-STORE_01-0430;STORE_01;CASH-03;2026-07-25 15:26:46;SKU-014;4;5000;0;CARD
REC-20260725-STORE_01-0430;STORE_01;CASH-07;2026-07-25 15:26:46;SKU-011;3;5000;0;CARD
REC-20260725-STORE_01-0430;STORE_01;CASH-08;2026-07-25 15:26:46;SKU-008;3;12000;0;CASH
REC-20260725-STORE_01-0431;STORE_01;CASH-10;2026-07-25 10:21:21;SKU-014;2;5000;0;CASH
REC-20260725-STORE_01-0431;STORE_01;CASH-09;2026-07-25 10:21:21;SKU-001;3;45000;0;CARD
REC-20260725-STORE_01-0431;STORE_01;CASH-09;2026-07-25 10:21:21;SKU-013;1;12000;0;CARD
REC-20260725-STORE_01-0432;STORE_01;CASH-01;2026-07-25 18:42:58;SKU-006;3;45000;0;CARD
REC-20260725-STORE_01-0432;STORE_01;CASH-04;2026-07-25 18:42:58;SKU-005;2;5000;500;CARD
REC-20260725-STORE_01-0432;STORE_01;CASH-06;2026-07-25 18:42:58;SKU-001;2;45000;0;CARD
REC-20260725-STORE_01-0433;STORE_01;CASH-08;2026-07-25 18:37:14;SKU-008;1;12000;0;CASH
REC-20260725-STORE_01-0434;STORE_01;CASH-04;2026-07-25 12:43:17;SKU-022;3;12000;0;CASH
REC-20260725-STORE_01-0434;STORE_01;CASH-01;2026-07-25 12:43:17;SKU-005;2;5000;0;CARD
REC-20260725-STORE_01-0434;STORE_01;CASH-09;2026-07-25 12:43:17;SKU-001;4;45000;0;CARD
REC-20260725-STORE_01-0435;STORE_01;CASH-01;2026-07-25 17:07:37;SKU-001;3;45000;0;CARD
REC-20260725-STORE_01-0435;STORE_01;CASH-03;2026-07-25 17:07:37;SKU-026;3;12000;0;CARD
REC-20260725-STORE_01-0435;STORE_01;CASH-09;2026-07-25 17:07:37;SKU-011;1;5000;0;CARD
REC-20260725-STORE_01-0435;STORE_01;CASH-04;2026-07-25 17:07:37;SKU-002;4;12000;0;CASH
REC-20260725-STORE_01-0435;STORE_01;CASH-06;2026-07-25 17:07:37;SKU-022;3;12000;500;CARD
REC-20260725-STORE_01-0436;STORE_01;CASH-07;2026-07-25 20:51:47;SKU-001;1;45000;1000;CARD
REC-20260725-STORE_01-0436;STORE_01;CASH-03;2026-07-25 20:51:47;SKU-008;2;12000;0;CASH
REC-20260725-STORE_01-0436;STORE_01;CASH-02;2026-07-25 20:51:47;SKU-025;2;5000;0;CASH
REC-20260725-STORE_01-0436;STORE_01;CASH-01;2026-07-25 20:51:47;SKU-013;3;12000;0;CARD
REC-20260725-STORE_01-0436;STORE_01;CASH-09;2026-07-25 20:51:47;SKU-006;4;45000;0;CARD
REC-20260725-STORE_01-0437;STORE_01;CASH-08;2026-07-25 10:32:43;SKU-001;4;45000;1000;CARD
REC-20260725-STORE_01-0437;STORE_01;CASH-10;2026-07-25 10:32:43;SKU-001;3;45000;0;CARD
REC-20260725-STORE_01-0438;STORE_01;CASH-02;2026-07-25 8:08:36;SKU-027;1;5000;0;CASH
REC-20260725-STORE_01-0439;STORE_01;CASH-09;2026-07-25 18:14:21;SKU-038;2;12000;1000;CARD
REC-20260725-STORE_01-0439;STORE_01;CASH-05;2026-07-25 18:14:21;SKU-002;3;12000;0;CARD
REC-20260725-STORE_01-0439;STORE_01;CASH-02;2026-07-25 18:14:21;SKU-001;4;45000;0;CASH
REC-20260725-STORE_01-0439;STORE_01;CASH-10;2026-07-25 18:14:21;SKU-002;1;12000;0;CASH
REC-20260725-STORE_01-0440;STORE_01;CASH-09;2026-07-25 21:39:49;SKU-023;2;45000;0;CASH
REC-20260725-STORE_01-0440;STORE_01;CASH-04;2026-07-25 21:39:49;SKU-004;2;25000;1000;CARD
REC-20260725-STORE_01-0440;STORE_01;CASH-06;2026-07-25 21:39:49;SKU-018;1;5000;0;CASH
REC-20260725-STORE_01-0441;STORE_01;CASH-10;2026-07-25 15:50:12;SKU-001;3;45000;0;CARD
REC-20260725-STORE_01-0441;STORE_01;CASH-10;2026-07-25 15:50:12;SKU-001;1;45000;0;CARD
REC-20260725-STORE_01-0442;STORE_01;CASH-09;2026-07-25 21:34:37;SKU-001;1;45000;500;CASH
REC-20260725-STORE_01-0443;STORE_01;CASH-09;2026-07-25 10:56:28;SKU-009;2;25000;0;CARD
REC-20260725-STORE_01-0443;STORE_01;CASH-04;2026-07-25 10:56:28;SKU-048;2;25000;0;CARD
REC-20260725-STORE_01-0443;STORE_01;CASH-07;2026-07-25 10:56:28;SKU-012;2;45000;0;CASH
REC-20260725-STORE_01-0443;STORE_01;CASH-08;2026-07-25 10:56:28;SKU-042;2;5000;500;CARD
REC-20260725-STORE_01-0444;STORE_01;CASH-07;2026-07-25 15:24:18;SKU-043;1;25000;0;CARD
REC-20260725-STORE_01-0444;STORE_01;CASH-10;2026-07-25 15:24:18;SKU-001;3;45000;0;CARD
REC-20260725-STORE_01-0444;STORE_01;CASH-01;2026-07-25 15:24:18;SKU-028;4;5000;0;CASH
REC-20260725-STORE_01-0444;STORE_01;CASH-08;2026-07-25 15:24:18;SKU-004;4;25000;500;CARD
REC-20260725-STORE_01-0445;STORE_01;CASH-09;2026-07-25 10:29:49;SKU-001;1;45000;0;CARD
REC-20260725-STORE_01-0445;STORE_01;CASH-07;2026-07-25 10:29:49;SKU-005;3;5000;1000;CARD
REC-20260725-STORE_01-0446;STORE_01;CASH-06;2026-07-25 13:53:50;SKU-003;2;45000;1000;CARD
REC-20260725-STORE_01-0446;STORE_01;CASH-05;2026-07-25 13:53:50;SKU-003;2;45000;0;CARD
REC-20260725-STORE_01-0447;STORE_01;CASH-04;2026-07-25 17:05:14;SKU-002;4;12000;0;CASH
REC-20260725-STORE_01-0447;STORE_01;CASH-07;2026-07-25 17:05:14;SKU-004;4;25000;500;CARD
REC-20260725-STORE_01-0448;STORE_01;CASH-02;2026-07-25 18:17:12;SKU-007;2;12000;0;CARD
REC-20260725-STORE_01-0448;STORE_01;CASH-03;2026-07-25 18:17:12;SKU-016;2;25000;500;CASH
REC-20260725-STORE_01-0448;STORE_01;CASH-02;2026-07-25 18:17:12;SKU-011;2;5000;500;CARD
REC-20260725-STORE_01-0448;STORE_01;CASH-08;2026-07-25 18:17:12;SKU-002;1;12000;1000;CARD
REC-20260725-STORE_01-0448;STORE_01;CASH-01;2026-07-25 18:17:12;SKU-001;4;45000;0;CARD
REC-20260725-STORE_01-0449;STORE_01;CASH-09;2026-07-25 13:40:46;SKU-006;3;45000;1000;CARD
REC-20260725-STORE_01-0449;STORE_01;CASH-01;2026-07-25 13:40:46;SKU-003;2;45000;500;CASH
REC-20260725-STORE_01-0450;STORE_01;CASH-04;2026-07-25 15:38:18;SKU-001;1;45000;1000;CARD
REC-20260725-STORE_01-0450;STORE_01;CASH-10;2026-07-25 15:38:18;SKU-001;4;45000;500;CASH
REC-20260725-STORE_01-0450;STORE_01;CASH-02;2026-07-25 15:38:18;SKU-001;4;45000;0;CARD
REC-20260725-STORE_01-0451;STORE_01;CASH-02;2026-07-25 19:23:24;SKU-003;4;45000;0;CARD
REC-20260725-STORE_01-0452;STORE_01;CASH-03;2026-07-25 14:42:40;SKU-004;3;25000;0;CARD
REC-20260725-STORE_01-0452;STORE_01;CASH-09;2026-07-25 14:42:40;SKU-001;3;45000;0;CARD
REC-20260725-STORE_01-0452;STORE_01;CASH-08;2026-07-25 14:42:40;SKU-039;2;5000;0;CARD
REC-20260725-STORE_01-0453;STORE_01;CASH-10;2026-07-25 12:15:07;SKU-004;3;25000;0;CARD
REC-20260725-STORE_01-0453;STORE_01;CASH-09;2026-07-25 12:15:07;SKU-001;2;45000;0;CASH
REC-20260725-STORE_01-0453;STORE_01;CASH-01;2026-07-25 12:15:07;SKU-003;1;45000;0;CASH
REC-20260725-STORE_01-0454;STORE_01;CASH-04;2026-07-25 16:17:35;SKU-018;2;5000;500;CARD
REC-20260725-STORE_01-0454;STORE_01;CASH-02;2026-07-25 16:17:35;SKU-002;2;12000;1000;CASH
REC-20260725-STORE_01-0454;STORE_01;CASH-09;2026-07-25 16:17:35;SKU-024;4;12000;0;CASH
REC-20260725-STORE_01-0454;STORE_01;CASH-06;2026-07-25 16:17:35;SKU-014;1;5000;0;CARD
REC-20260725-STORE_01-0454;STORE_01;CASH-09;2026-07-25 16:17:35;SKU-037;2;45000;500;CARD
REC-20260725-STORE_01-0455;STORE_01;CASH-02;2026-07-25 14:37:07;SKU-036;1;45000;0;CARD
REC-20260725-STORE_01-0455;STORE_01;CASH-03;2026-07-25 14:37:07;SKU-003;2;45000;0;CARD
REC-20260725-STORE_01-0455;STORE_01;CASH-07;2026-07-25 14:37:07;SKU-034;2;25000;0;CARD
REC-20260725-STORE_01-0455;STORE_01;CASH-01;2026-07-25 14:37:07;SKU-017;3;12000;0;CARD
REC-20260725-STORE_01-0455;STORE_01;CASH-04;2026-07-25 14:37:07;SKU-021;3;5000;500;CASH
REC-20260725-STORE_01-0456;STORE_01;CASH-08;2026-07-25 9:24:54;SKU-005;2;5000;0;CASH
REC-20260725-STORE_01-0457;STORE_01;CASH-02;2026-07-25 16:13:23;SKU-049;4;5000;1000;CASH
REC-20260725-STORE_01-0457;STORE_01;CASH-03;2026-07-25 16:13:23;SKU-003;1;45000;500;CARD
REC-20260725-STORE_01-0457;STORE_01;CASH-09;2026-07-25 16:13:23;SKU-025;1;5000;1000;CARD
REC-20260725-STORE_01-0457;STORE_01;CASH-02;2026-07-25 16:13:23;SKU-045;2;45000;500;CASH
REC-20260725-STORE_01-0458;STORE_01;CASH-06;2026-07-25 10:49:39;SKU-003;4;45000;0;CASH
REC-20260725-STORE_01-0458;STORE_01;CASH-04;2026-07-25 10:49:39;SKU-002;4;12000;0;CARD
REC-20260725-STORE_01-0458;STORE_01;CASH-01;2026-07-25 10:49:39;SKU-001;4;45000;0;CARD
REC-20260725-STORE_01-0459;STORE_01;CASH-08;2026-07-25 13:14:50;SKU-001;1;45000;500;CARD
REC-20260725-STORE_01-0459;STORE_01;CASH-10;2026-07-25 13:14:50;SKU-001;4;45000;0;CARD
REC-20260725-STORE_01-0460;STORE_01;CASH-01;2026-07-25 12:47:41;SKU-001;3;45000;0;CASH
REC-20260725-STORE_01-0460;STORE_01;CASH-07;2026-07-25 12:47:41;SKU-003;4;45000;500;CASH
REC-20260725-STORE_01-0461;STORE_01;CASH-07;2026-07-25 14:33:40;SKU-001;1;45000;0;CARD
REC-20260725-STORE_01-0461;STORE_01;CASH-08;2026-07-25 14:33:40;SKU-010;1;25000;0;CARD
REC-20260725-STORE_01-0461;STORE_01;CASH-07;2026-07-25 14:33:40;SKU-028;1;5000;0;CASH
REC-20260725-STORE_01-0461;STORE_01;CASH-06;2026-07-25 14:33:40;SKU-001;1;45000;0;CASH
REC-20260725-STORE_01-0462;STORE_01;CASH-06;2026-07-25 20:06:32;SKU-002;4;12000;0;CARD
REC-20260725-STORE_01-0462;STORE_01;CASH-03;2026-07-25 20:06:32;SKU-004;2;25000;0;CARD
REC-20260725-STORE_01-0463;STORE_01;CASH-02;2026-07-25 15:09:32;SKU-001;3;45000;0;CARD
REC-20260725-STORE_01-0464;STORE_01;CASH-07;2026-07-25 19:59:41;SKU-027;2;5000;0;CARD
REC-20260725-STORE_01-0465;STORE_01;CASH-10;2026-07-25 21:59:11;SKU-002;3;12000;1000;CARD
REC-20260725-STORE_01-0465;STORE_01;CASH-07;2026-07-25 21:59:11;SKU-001;2;45000;500;CARD
REC-20260725-STORE_01-0465;STORE_01;CASH-10;2026-07-25 21:59:11;SKU-003;3;45000;0;CARD
REC-20260725-STORE_01-0465;STORE_01;CASH-06;2026-07-25 21:59:11;SKU-003;2;45000;0;CARD
REC-20260725-STORE_01-0466;STORE_01;CASH-05;2026-07-25 9:51:57;SKU-021;1;5000;0;CARD
REC-20260725-STORE_01-0466;STORE_01;CASH-01;2026-07-25 9:51:57;SKU-026;1;12000;0;CASH
REC-20260725-STORE_01-0466;STORE_01;CASH-02;2026-07-25 9:51:57;SKU-017;4;12000;0;CARD
REC-20260725-STORE_01-0467;STORE_01;CASH-05;2026-07-25 11:14:29;SKU-029;3;5000;0;CARD
REC-20260725-STORE_01-0467;STORE_01;CASH-04;2026-07-25 11:14:29;SKU-001;4;45000;0;CARD
REC-20260725-STORE_01-0467;STORE_01;CASH-09;2026-07-25 11:14:29;SKU-005;1;5000;0;CARD
REC-20260725-STORE_01-0467;STORE_01;CASH-08;2026-07-25 11:14:29;SKU-002;1;12000;0;CASH
REC-20260725-STORE_01-0467;STORE_01;CASH-06;2026-07-25 11:14:29;SKU-004;3;25000;0;CASH
REC-20260725-STORE_01-0468;STORE_01;CASH-10;2026-07-25 16:23:39;SKU-012;1;45000;1000;CASH
REC-20260725-STORE_01-0468;STORE_01;CASH-03;2026-07-25 16:23:39;SKU-022;3;12000;0;CARD
REC-20260725-STORE_01-0468;STORE_01;CASH-08;2026-07-25 16:23:39;SKU-001;4;45000;500;CARD
REC-20260725-STORE_01-0469;STORE_01;CASH-01;2026-07-25 12:32:40;SKU-001;2;45000;500;CARD
REC-20260725-STORE_01-0470;STORE_01;CASH-04;2026-07-25 11:20:40;SKU-009;1;25000;0;CARD
REC-20260725-STORE_01-0470;STORE_01;CASH-03;2026-07-25 11:20:40;SKU-001;1;45000;1000;CASH
REC-20260725-STORE_01-0470;STORE_01;CASH-01;2026-07-25 11:20:40;SKU-002;1;12000;0;CARD
REC-20260725-STORE_01-0470;STORE_01;CASH-03;2026-07-25 11:20:40;SKU-014;1;5000;0;CASH
REC-20260725-STORE_01-0470;STORE_01;CASH-06;2026-07-25 11:20:40;SKU-002;1;12000;0;CARD
REC-20260725-STORE_01-0471;STORE_01;CASH-04;2026-07-25 14:48:49;SKU-010;1;25000;0;CASH
REC-20260725-STORE_01-0472;STORE_01;CASH-08;2026-07-25 11:12:58;SKU-013;2;12000;0;CARD
REC-20260725-STORE_01-0472;STORE_01;CASH-03;2026-07-25 11:12:58;SKU-003;1;45000;0;CARD
REC-20260725-STORE_01-0473;STORE_01;CASH-04;2026-07-25 19:29:55;SKU-003;2;45000;0;CARD
REC-20260725-STORE_01-0473;STORE_01;CASH-08;2026-07-25 19:29:55;SKU-004;4;25000;0;CARD
REC-20260725-STORE_01-0474;STORE_01;CASH-01;2026-07-25 15:23:46;SKU-047;1;5000;0;CARD
REC-20260725-STORE_01-0474;STORE_01;CASH-02;2026-07-25 15:23:46;SKU-008;1;12000;500;CASH
REC-20260725-STORE_01-0474;STORE_01;CASH-06;2026-07-25 15:23:46;SKU-002;4;12000;0;CASH
REC-20260725-STORE_01-0475;STORE_01;CASH-10;2026-07-25 21:28:24;SKU-004;3;25000;0;CARD
REC-20260725-STORE_01-0475;STORE_01;CASH-09;2026-07-25 21:28:24;SKU-041;1;25000;500;CARD
REC-20260725-STORE_01-0475;STORE_01;CASH-03;2026-07-25 21:28:24;SKU-003;2;45000;1000;CARD
REC-20260725-STORE_01-0475;STORE_01;CASH-09;2026-07-25 21:28:24;SKU-019;2;25000;0;CARD
REC-20260725-STORE_01-0476;STORE_01;CASH-08;2026-07-25 14:55:04;SKU-011;1;5000;0;CARD
REC-20260725-STORE_01-0476;STORE_01;CASH-08;2026-07-25 14:55:04;SKU-020;1;12000;1000;CARD
REC-20260725-STORE_01-0477;STORE_01;CASH-08;2026-07-25 8:44:38;SKU-007;3;12000;1000;CARD
REC-20260725-STORE_01-0477;STORE_01;CASH-06;2026-07-25 8:44:38;SKU-010;4;25000;1000;CARD
REC-20260725-STORE_01-0478;STORE_01;CASH-03;2026-07-25 18:18:50;SKU-006;3;45000;500;CASH
REC-20260725-STORE_01-0478;STORE_01;CASH-03;2026-07-25 18:18:50;SKU-004;2;25000;0;CASH
REC-20260725-STORE_01-0479;STORE_01;CASH-10;2026-07-25 18:29:58;SKU-012;3;45000;0;CARD
REC-20260725-STORE_01-0479;STORE_01;CASH-01;2026-07-25 18:29:58;SKU-005;4;5000;500;CASH
REC-20260725-STORE_01-0479;STORE_01;CASH-07;2026-07-25 18:29:58;SKU-001;2;45000;500;CARD
REC-20260725-STORE_01-0480;STORE_01;CASH-08;2026-07-25 16:39:21;SKU-002;3;12000;500;CARD
REC-20260725-STORE_01-0481;STORE_01;CASH-06;2026-07-25 18:59:19;SKU-001;1;45000;0;CARD
REC-20260725-STORE_01-0482;STORE_01;CASH-08;2026-07-25 18:40:09;SKU-004;3;25000;0;CASH
REC-20260725-STORE_01-0482;STORE_01;CASH-10;2026-07-25 18:40:09;SKU-007;4;12000;0;CARD
REC-20260725-STORE_01-0482;STORE_01;CASH-06;2026-07-25 18:40:09;SKU-004;2;25000;1000;CASH
REC-20260725-STORE_01-0483;STORE_01;CASH-09;2026-07-25 14:51:53;SKU-002;3;12000;0;CARD
REC-20260725-STORE_01-0483;STORE_01;CASH-04;2026-07-25 14:51:53;SKU-002;3;12000;0;CARD
REC-20260725-STORE_01-0483;STORE_01;CASH-06;2026-07-25 14:51:53;SKU-001;4;45000;0;CASH
REC-20260725-STORE_01-0484;STORE_01;CASH-07;2026-07-25 16:58:24;SKU-025;3;5000;0;CASH
REC-20260725-STORE_01-0484;STORE_01;CASH-06;2026-07-25 16:58:24;SKU-001;4;45000;1000;CASH
REC-20260725-STORE_01-0485;STORE_01;CASH-02;2026-07-25 12:43:04;SKU-035;4;5000;1000;CASH
REC-20260725-STORE_01-0485;STORE_01;CASH-05;2026-07-25 12:43:04;SKU-004;3;25000;0;CASH
REC-20260725-STORE_01-0485;STORE_01;CASH-08;2026-07-25 12:43:04;SKU-006;3;45000;500;CARD
REC-20260725-STORE_01-0485;STORE_01;CASH-08;2026-07-25 12:43:04;SKU-003;4;45000;500;CARD
REC-20260725-STORE_01-0486;STORE_01;CASH-10;2026-07-25 20:48:59;SKU-001;2;45000;0;CARD
REC-20260725-STORE_01-0486;STORE_01;CASH-06;2026-07-25 20:48:59;SKU-026;2;12000;500;CARD
REC-20260725-STORE_01-0486;STORE_01;CASH-03;2026-07-25 20:48:59;SKU-008;4;12000;1000;CASH
REC-20260725-STORE_01-0486;STORE_01;CASH-09;2026-07-25 20:48:59;SKU-001;2;45000;0;CARD
REC-20260725-STORE_01-0486;STORE_01;CASH-06;2026-07-25 20:48:59;SKU-005;4;5000;1000;CARD
REC-20260725-STORE_01-0487;STORE_01;CASH-07;2026-07-25 18:06:42;SKU-013;3;12000;0;CARD
REC-20260725-STORE_01-0487;STORE_01;CASH-06;2026-07-25 18:06:42;SKU-003;1;45000;1000;CARD
REC-20260725-STORE_01-0488;STORE_01;CASH-05;2026-07-25 11:36:07;SKU-004;4;25000;0;CARD
REC-20260725-STORE_01-0488;STORE_01;CASH-06;2026-07-25 11:36:07;SKU-003;4;45000;0;CASH
REC-20260725-STORE_01-0489;STORE_01;CASH-04;2026-07-25 20:06:11;SKU-007;1;12000;1000;CARD
REC-20260725-STORE_01-0489;STORE_01;CASH-02;2026-07-25 20:06:11;SKU-002;4;12000;500;CARD
REC-20260725-STORE_01-0490;STORE_01;CASH-02;2026-07-25 16:23:42;SKU-042;2;5000;500;CARD
REC-20260725-STORE_01-0490;STORE_01;CASH-02;2026-07-25 16:23:42;SKU-029;2;5000;0;CARD
REC-20260725-STORE_01-0490;STORE_01;CASH-08;2026-07-25 16:23:42;SKU-008;3;12000;1000;CARD
REC-20260725-STORE_01-0490;STORE_01;CASH-05;2026-07-25 16:23:42;SKU-001;4;45000;0;CASH
REC-20260725-STORE_01-0490;STORE_01;CASH-10;2026-07-25 16:23:42;SKU-002;1;12000;0;CARD
REC-20260725-STORE_01-0491;STORE_01;CASH-02;2026-07-25 20:10:47;SKU-027;3;5000;0;CASH
REC-20260725-STORE_01-0492;STORE_01;CASH-10;2026-07-25 13:27:48;SKU-008;4;12000;500;CARD
REC-20260725-STORE_01-0492;STORE_01;CASH-05;2026-07-25 13:27:48;SKU-006;3;45000;500;CARD
REC-20260725-STORE_01-0492;STORE_01;CASH-01;2026-07-25 13:27:48;SKU-016;2;25000;0;CASH
REC-20260725-STORE_01-0493;STORE_01;CASH-09;2026-07-25 21:34:34;SKU-040;1;25000;1000;CARD
REC-20260725-STORE_01-0493;STORE_01;CASH-06;2026-07-25 21:34:34;SKU-002;1;12000;0;CARD
REC-20260725-STORE_01-0494;STORE_01;CASH-09;2026-07-25 10:32:26;SKU-021;4;5000;0;CARD
REC-20260725-STORE_01-0495;STORE_01;CASH-01;2026-07-25 20:16:16;SKU-001;2;45000;500;CARD
REC-20260725-STORE_01-0495;STORE_01;CASH-06;2026-07-25 20:16:16;SKU-002;4;12000;0;CARD
REC-20260725-STORE_01-0495;STORE_01;CASH-08;2026-07-25 20:16:16;SKU-005;1;5000;0;CARD
REC-20260725-STORE_01-0496;STORE_01;CASH-03;2026-07-25 12:30:52;SKU-002;4;12000;0;CASH
REC-20260725-STORE_01-0496;STORE_01;CASH-06;2026-07-25 12:30:52;SKU-001;3;45000;0;CARD
REC-20260725-STORE_01-0497;STORE_01;CASH-10;2026-07-25 15:39:30;SKU-001;3;45000;0;CARD
REC-20260725-STORE_01-0498;STORE_01;CASH-08;2026-07-25 10:50:35;SKU-002;4;12000;0;CASH
REC-20260725-STORE_01-0498;STORE_01;CASH-08;2026-07-25 10:50:35;SKU-003;2;45000;0;CASH
REC-20260725-STORE_01-0498;STORE_01;CASH-10;2026-07-25 10:50:35;SKU-020;1;12000;0;CARD
REC-20260725-STORE_01-0498;STORE_01;CASH-09;2026-07-25 10:50:35;SKU-029;3;5000;0;CARD
REC-20260725-STORE_01-0498;STORE_01;CASH-01;2026-07-25 10:50:35;SKU-002;4;12000;0;CASH
REC-20260725-STORE_01-0499;STORE_01;CASH-09;2026-07-25 15:07:42;SKU-019;3;25000;0;CASH
REC-20260725-STORE_01-0499;STORE_01;CASH-07;2026-07-25 15:07:42;SKU-044;3;5000;500;CARD
REC-20260725-STORE_01-0500;STORE_01;CASH-09;2026-07-25 11:28:42;SKU-002;4;12000;0;CARD
REC-20260725-STORE_01-0500;STORE_01;CASH-10;2026-07-25 11:28:42;SKU-017;3;12000;0;CASH
REC-20260725-STORE_01-0500;STORE_01;CASH-02;2026-07-25 11:28:42;SKU-040;4;25000;0;CASH
REC-20260725-STORE_01-0500;STORE_01;CASH-01;2026-07-25 11:28:42;SKU-013;1;12000;0;CARD
REC-20260725-STORE_01-0501;STORE_01;CASH-03;2026-07-25 17:12:04;SKU-030;1;45000;0;CARD
REC-20260725-STORE_01-0502;STORE_01;CASH-10;2026-07-25 12:04:27;SKU-011;2;5000;0;CARD
REC-20260725-STORE_01-0503;STORE_01;CASH-09;2026-07-25 19:52:51;SKU-006;2;45000;0;CARD
REC-20260725-STORE_01-0503;STORE_01;CASH-09;2026-07-25 19:52:51;SKU-037;4;45000;0;CASH
REC-20260725-STORE_01-0503;STORE_01;CASH-04;2026-07-25 19:52:51;SKU-025;4;5000;0;CARD
REC-20260725-STORE_01-0504;STORE_01;CASH-03;2026-07-25 19:28:49;SKU-022;1;12000;0;CARD
REC-20260725-STORE_01-0504;STORE_01;CASH-09;2026-07-25 19:28:49;SKU-003;3;45000;0;CARD
REC-20260725-STORE_01-0504;STORE_01;CASH-07;2026-07-25 19:28:49;SKU-027;2;5000;0;CARD
REC-20260725-STORE_01-0505;STORE_01;CASH-01;2026-07-25 15:26:08;SKU-010;2;25000;0;CASH
REC-20260725-STORE_01-0505;STORE_01;CASH-09;2026-07-25 15:26:08;SKU-004;1;25000;0;CASH
REC-20260725-STORE_01-0505;STORE_01;CASH-10;2026-07-25 15:26:08;SKU-004;2;25000;0;CASH
REC-20260725-STORE_01-0506;STORE_01;CASH-06;2026-07-25 18:47:57;SKU-004;2;25000;0;CASH
REC-20260725-STORE_01-0506;STORE_01;CASH-07;2026-07-25 18:47:57;SKU-034;4;25000;0;CARD
REC-20260725-STORE_01-0506;STORE_01;CASH-05;2026-07-25 18:47:57;SKU-001;2;45000;0;CARD
REC-20260725-STORE_01-0506;STORE_01;CASH-03;2026-07-25 18:47:57;SKU-005;2;5000;0;CASH
REC-20260725-STORE_01-0506;STORE_01;CASH-09;2026-07-25 18:47:57;SKU-003;3;45000;0;CARD
REC-20260725-STORE_01-0507;STORE_01;CASH-03;2026-07-25 20:53:49;SKU-001;4;45000;0;CASH
REC-20260725-STORE_01-0507;STORE_01;CASH-01;2026-07-25 20:53:49;SKU-018;2;5000;0;CARD
REC-20260725-STORE_01-0507;STORE_01;CASH-09;2026-07-25 20:53:49;SKU-017;2;12000;500;CARD
REC-20260725-STORE_01-0507;STORE_01;CASH-03;2026-07-25 20:53:49;SKU-003;2;45000;1000;CASH
REC-20260725-STORE_01-0508;STORE_01;CASH-04;2026-07-25 17:45:51;SKU-002;1;12000;0;CARD
REC-20260725-STORE_01-0508;STORE_01;CASH-10;2026-07-25 17:45:51;SKU-022;4;12000;0;CARD
REC-20260725-STORE_01-0509;STORE_01;CASH-02;2026-07-25 8:33:22;SKU-029;4;5000;1000;CARD
REC-20260725-STORE_01-0510;STORE_01;CASH-04;2026-07-25 15:17:56;SKU-021;2;5000;500;CASH
REC-20260725-STORE_01-0510;STORE_01;CASH-03;2026-07-25 15:17:56;SKU-008;2;12000;500;CARD
REC-20260725-STORE_01-0510;STORE_01;CASH-05;2026-07-25 15:17:56;SKU-033;3;5000;0;CASH
REC-20260725-STORE_01-0511;STORE_01;CASH-06;2026-07-25 18:29:52;SKU-001;2;45000;0;CARD
REC-20260725-STORE_01-0511;STORE_01;CASH-06;2026-07-25 18:29:52;SKU-002;4;12000;0;CARD
REC-20260725-STORE_01-0511;STORE_01;CASH-02;2026-07-25 18:29:52;SKU-006;2;45000;0;CASH
REC-20260725-STORE_01-0511;STORE_01;CASH-03;2026-07-25 18:29:52;SKU-001;1;45000;0;CASH
REC-20260725-STORE_01-0511;STORE_01;CASH-04;2026-07-25 18:29:52;SKU-013;2;12000;0;CARD
REC-20260725-STORE_01-0512;STORE_01;CASH-07;2026-07-25 14:42:23;SKU-004;1;25000;0;CASH
REC-20260725-STORE_01-0512;STORE_01;CASH-10;2026-07-25 14:42:23;SKU-001;4;45000;0;CARD
REC-20260725-STORE_01-0512;STORE_01;CASH-02;2026-07-25 14:42:23;SKU-041;2;25000;0;CASH
REC-20260725-STORE_01-0512;STORE_01;CASH-10;2026-07-25 14:42:23;SKU-002;3;12000;0;CARD
REC-20260725-STORE_01-0512;STORE_01;CASH-05;2026-07-25 14:42:23;SKU-001;1;45000;1000;CARD
REC-20260725-STORE_01-0513;STORE_01;CASH-06;2026-07-25 16:19:24;SKU-007;2;12000;0;CARD
REC-20260725-STORE_01-0513;STORE_01;CASH-06;2026-07-25 16:19:24;SKU-018;2;5000;0;CASH
REC-20260725-STORE_01-0513;STORE_01;CASH-06;2026-07-25 16:19:24;SKU-025;2;5000;0;CARD
REC-20260725-STORE_01-0513;STORE_01;CASH-10;2026-07-25 16:19:24;SKU-047;1;5000;500;CASH
REC-20260725-STORE_01-0514;STORE_01;CASH-09;2026-07-25 20:40:12;SKU-041;2;25000;500;CARD
REC-20260725-STORE_01-0515;STORE_01;CASH-01;2026-07-25 8:59:01;SKU-006;2;45000;1000;CASH
REC-20260725-STORE_01-0515;STORE_01;CASH-02;2026-07-25 8:59:01;SKU-010;1;25000;500;CARD
REC-20260725-STORE_01-0515;STORE_01;CASH-05;2026-07-25 8:59:01;SKU-004;2;25000;1000;CASH
REC-20260725-STORE_01-0516;STORE_01;CASH-07;2026-07-25 12:46:29;SKU-035;1;5000;0;CASH
REC-20260725-STORE_01-0516;STORE_01;CASH-03;2026-07-25 12:46:29;SKU-004;2;25000;0;CARD
REC-20260725-STORE_01-0517;STORE_01;CASH-09;2026-07-25 14:01:10;SKU-023;1;45000;0;CASH
REC-20260725-STORE_01-0517;STORE_01;CASH-04;2026-07-25 14:01:10;SKU-001;3;45000;0;CARD
REC-20260725-STORE_01-0517;STORE_01;CASH-03;2026-07-25 14:01:10;SKU-001;4;45000;0;CARD
REC-20260725-STORE_01-0517;STORE_01;CASH-10;2026-07-25 14:01:10;SKU-001;4;45000;500;CARD
REC-20260725-STORE_01-0518;STORE_01;CASH-02;2026-07-25 14:32:49;SKU-005;1;5000;1000;CASH
REC-20260725-STORE_01-0518;STORE_01;CASH-05;2026-07-25 14:32:49;SKU-002;3;12000;500;CARD
REC-20260725-STORE_01-0518;STORE_01;CASH-09;2026-07-25 14:32:49;SKU-022;1;12000;0;CARD
REC-20260725-STORE_01-0518;STORE_01;CASH-01;2026-07-25 14:32:49;SKU-004;1;25000;0;CARD
REC-20260725-STORE_01-0519;STORE_01;CASH-02;2026-07-25 18:49:08;SKU-004;3;25000;0;CASH
REC-20260725-STORE_01-0519;STORE_01;CASH-05;2026-07-25 18:49:08;SKU-039;3;5000;0;CARD
REC-20260725-STORE_01-0519;STORE_01;CASH-03;2026-07-25 18:49:08;SKU-001;3;45000;0;CASH
REC-20260725-STORE_01-0519;STORE_01;CASH-09;2026-07-25 18:49:08;SKU-019;3;25000;0;CASH
REC-20260725-STORE_01-0520;STORE_01;CASH-01;2026-07-25 20:48:00;SKU-012;3;45000;1000;CARD
REC-20260725-STORE_01-0520;STORE_01;CASH-04;2026-07-25 20:48:00;SKU-002;1;12000;0;CARD
REC-20260725-STORE_01-0520;STORE_01;CASH-07;2026-07-25 20:48:00;SKU-002;4;12000;0;CASH
REC-20260725-STORE_01-0520;STORE_01;CASH-09;2026-07-25 20:48:00;SKU-009;1;25000;500;CARD
REC-20260725-STORE_01-0520;STORE_01;CASH-10;2026-07-25 20:48:00;SKU-012;1;45000;1000;CASH
REC-20260725-STORE_01-0521;STORE_01;CASH-10;2026-07-25 10:01:39;SKU-001;3;45000;0;CARD
REC-20260725-STORE_01-0521;STORE_01;CASH-07;2026-07-25 10:01:39;SKU-020;1;12000;0;CARD
REC-20260725-STORE_01-0521;STORE_01;CASH-07;2026-07-25 10:01:39;SKU-001;4;45000;1000;CARD
REC-20260725-STORE_01-0521;STORE_01;CASH-05;2026-07-25 10:01:39;SKU-003;4;45000;500;CARD
REC-20260725-STORE_01-0522;STORE_01;CASH-03;2026-07-25 11:11:39;SKU-004;1;25000;1000;CARD
REC-20260725-STORE_01-0522;STORE_01;CASH-09;2026-07-25 11:11:39;SKU-030;2;45000;0;CASH
REC-20260725-STORE_01-0523;STORE_01;CASH-07;2026-07-25 8:24:45;SKU-025;4;5000;0;CASH
REC-20260725-STORE_01-0523;STORE_01;CASH-06;2026-07-25 8:24:45;SKU-003;4;45000;1000;CASH
REC-20260725-STORE_01-0523;STORE_01;CASH-01;2026-07-25 8:24:45;SKU-009;1;25000;0;CASH
REC-20260725-STORE_01-0524;STORE_01;CASH-06;2026-07-25 19:37:17;SKU-002;2;12000;0;CARD
REC-20260725-STORE_01-0524;STORE_01;CASH-06;2026-07-25 19:37:17;SKU-024;1;12000;0;CARD
REC-20260725-STORE_01-0524;STORE_01;CASH-05;2026-07-25 19:37:17;SKU-005;4;5000;1000;CASH
REC-20260725-STORE_01-0524;STORE_01;CASH-03;2026-07-25 19:37:17;SKU-010;1;25000;0;CARD
REC-20260725-STORE_01-0525;STORE_01;CASH-03;2026-07-25 8:58:31;SKU-004;4;25000;0;CARD
REC-20260725-STORE_01-0525;STORE_01;CASH-01;2026-07-25 8:58:31;SKU-012;3;45000;0;CARD
REC-20260725-STORE_01-0525;STORE_01;CASH-03;2026-07-25 8:58:31;SKU-006;1;45000;0;CARD
REC-20260725-STORE_01-0525;STORE_01;CASH-07;2026-07-25 8:58:31;SKU-007;3;12000;0;CASH
REC-20260725-STORE_01-0526;STORE_01;CASH-05;2026-07-25 21:23:27;SKU-001;1;45000;1000;CARD
REC-20260725-STORE_01-0526;STORE_01;CASH-07;2026-07-25 21:23:27;SKU-006;4;45000;0;CARD
REC-20260725-STORE_01-0527;STORE_01;CASH-06;2026-07-25 18:45:10;SKU-010;3;25000;0;CARD
REC-20260725-STORE_01-0527;STORE_01;CASH-09;2026-07-25 18:45:10;SKU-049;3;5000;500;CARD
REC-20260725-STORE_01-0527;STORE_01;CASH-07;2026-07-25 18:45:10;SKU-001;1;45000;0;CARD
REC-20260725-STORE_01-0527;STORE_01;CASH-07;2026-07-25 18:45:10;SKU-001;2;45000;500;CARD
REC-20260725-STORE_01-0527;STORE_01;CASH-08;2026-07-25 18:45:10;SKU-012;2;45000;0;CARD
REC-20260725-STORE_01-0528;STORE_01;CASH-10;2026-07-25 9:37:55;SKU-003;4;45000;0;CARD
REC-20260725-STORE_01-0529;STORE_01;CASH-04;2026-07-25 14:52:14;SKU-033;3;5000;0;CASH
REC-20260725-STORE_01-0529;STORE_01;CASH-09;2026-07-25 14:52:14;SKU-003;3;45000;0;CARD
REC-20260725-STORE_01-0529;STORE_01;CASH-05;2026-07-25 14:52:14;SKU-007;3;12000;500;CARD
REC-20260725-STORE_01-0529;STORE_01;CASH-03;2026-07-25 14:52:14;SKU-001;1;45000;0;CASH
REC-20260725-STORE_01-0529;STORE_01;CASH-03;2026-07-25 14:52:14;SKU-004;2;25000;1000;CARD
REC-20260725-STORE_01-0530;STORE_01;CASH-01;2026-07-25 21:13:32;SKU-011;1;5000;1000;CARD
REC-20260725-STORE_01-0530;STORE_01;CASH-10;2026-07-25 21:13:32;SKU-014;3;5000;0;CARD
REC-20260725-STORE_01-0530;STORE_01;CASH-09;2026-07-25 21:13:32;SKU-001;3;45000;0;CARD
REC-20260725-STORE_01-0531;STORE_01;CASH-03;2026-07-25 14:37:00;SKU-002;3;12000;0;CARD
REC-20260725-STORE_01-0532;STORE_01;CASH-07;2026-07-25 20:17:03;SKU-003;1;45000;1000;CARD
REC-20260725-STORE_01-0532;STORE_01;CASH-07;2026-07-25 20:17:03;SKU-004;3;25000;0;CASH
REC-20260725-STORE_01-0533;STORE_01;CASH-09;2026-07-25 8:10:05;SKU-001;1;45000;500;CARD
REC-20260725-STORE_01-0534;STORE_01;CASH-03;2026-07-25 13:37:11;SKU-044;3;5000;0;CARD
REC-20260725-STORE_01-0534;STORE_01;CASH-08;2026-07-25 13:37:11;SKU-004;2;25000;0;CARD
REC-20260725-STORE_01-0534;STORE_01;CASH-08;2026-07-25 13:37:11;SKU-003;1;45000;1000;CASH
REC-20260725-STORE_01-0534;STORE_01;CASH-09;2026-07-25 13:37:11;SKU-036;4;45000;0;CASH
REC-20260725-STORE_01-0534;STORE_01;CASH-02;2026-07-25 13:37:11;SKU-035;1;5000;1000;CASH
REC-20260725-STORE_01-0535;STORE_01;CASH-10;2026-07-25 11:50:46;SKU-050;1;25000;1000;CARD
REC-20260725-STORE_01-0535;STORE_01;CASH-01;2026-07-25 11:50:46;SKU-029;4;5000;0;CARD
REC-20260725-STORE_01-0535;STORE_01;CASH-09;2026-07-25 11:50:46;SKU-007;4;12000;500;CARD
REC-20260725-STORE_01-0535;STORE_01;CASH-03;2026-07-25 11:50:46;SKU-005;3;5000;500;CARD
REC-20260725-STORE_01-0536;STORE_01;CASH-03;2026-07-25 19:55:40;SKU-003;3;45000;0;CARD
REC-20260725-STORE_01-0536;STORE_01;CASH-02;2026-07-25 19:55:40;SKU-045;3;45000;0;CASH
REC-20260725-STORE_01-0537;STORE_01;CASH-04;2026-07-25 13:05:58;SKU-002;4;12000;0;CASH
REC-20260725-STORE_01-0537;STORE_01;CASH-05;2026-07-25 13:05:58;SKU-008;4;12000;1000;CARD
REC-20260725-STORE_01-0537;STORE_01;CASH-09;2026-07-25 13:05:58;SKU-001;2;45000;0;CASH
REC-20260725-STORE_01-0537;STORE_01;CASH-10;2026-07-25 13:05:58;SKU-009;4;25000;0;CASH
REC-20260725-STORE_01-0537;STORE_01;CASH-05;2026-07-25 13:05:58;SKU-016;3;25000;500;CARD
REC-20260725-STORE_01-0538;STORE_01;CASH-07;2026-07-25 9:06:34;SKU-036;2;45000;0;CASH
REC-20260725-STORE_01-0538;STORE_01;CASH-02;2026-07-25 9:06:34;SKU-018;3;5000;1000;CARD
REC-20260725-STORE_01-0538;STORE_01;CASH-08;2026-07-25 9:06:34;SKU-038;1;12000;0;CARD
REC-20260725-STORE_01-0539;STORE_01;CASH-03;2026-07-25 9:38:12;SKU-015;1;5000;0;CASH
REC-20260725-STORE_01-0539;STORE_01;CASH-01;2026-07-25 9:38:12;SKU-003;2;45000;0;CARD
REC-20260725-STORE_01-0539;STORE_01;CASH-07;2026-07-25 9:38:12;SKU-001;4;45000;1000;CARD
REC-20260725-STORE_01-0539;STORE_01;CASH-07;2026-07-25 9:38:12;SKU-001;1;45000;0;CARD
REC-20260725-STORE_01-0539;STORE_01;CASH-10;2026-07-25 9:38:12;SKU-049;1;5000;1000;CARD
REC-20260725-STORE_01-0540;STORE_01;CASH-10;2026-07-25 17:07:48;SKU-035;1;5000;1000;CARD
REC-20260725-STORE_01-0540;STORE_01;CASH-05;2026-07-25 17:07:48;SKU-001;2;45000;0;CASH
REC-20260725-STORE_01-0540;STORE_01;CASH-04;2026-07-25 17:07:48;SKU-019;4;25000;0;CASH
REC-20260725-STORE_01-0541;STORE_01;CASH-04;2026-07-25 9:44:28;SKU-024;3;12000;500;CASH
REC-20260725-STORE_01-0541;STORE_01;CASH-02;2026-07-25 9:44:28;SKU-032;2;25000;0;CASH
REC-20260725-STORE_01-0541;STORE_01;CASH-01;2026-07-25 9:44:28;SKU-001;1;45000;500;CARD
REC-20260725-STORE_01-0542;STORE_01;CASH-02;2026-07-25 9:47:12;SKU-001;1;45000;1000;CARD
REC-20260725-STORE_01-0542;STORE_01;CASH-10;2026-07-25 9:47:12;SKU-001;4;45000;1000;CASH
REC-20260725-STORE_01-0542;STORE_01;CASH-08;2026-07-25 9:47:12;SKU-050;4;25000;0;CARD
REC-20260725-STORE_01-0542;STORE_01;CASH-07;2026-07-25 9:47:12;SKU-001;4;45000;0;CARD
REC-20260725-STORE_01-0542;STORE_01;CASH-08;2026-07-25 9:47:12;SKU-003;1;45000;0;CARD
REC-20260725-STORE_01-0543;STORE_01;CASH-09;2026-07-25 17:21:20;SKU-005;1;5000;500;CASH
REC-20260725-STORE_01-0543;STORE_01;CASH-04;2026-07-25 17:21:20;SKU-033;4;5000;0;CARD
REC-20260725-STORE_01-0544;STORE_01;CASH-01;2026-07-25 18:19:44;SKU-014;1;5000;0;CARD
REC-20260725-STORE_01-0544;STORE_01;CASH-03;2026-07-25 18:19:44;SKU-004;1;25000;0;CASH
REC-20260725-STORE_01-0545;STORE_01;CASH-04;2026-07-25 17:06:18;SKU-003;1;45000;0;CASH
REC-20260725-STORE_01-0545;STORE_01;CASH-08;2026-07-25 17:06:18;SKU-001;1;45000;0;CASH
REC-20260725-STORE_01-0545;STORE_01;CASH-02;2026-07-25 17:06:18;SKU-004;4;25000;0;CARD
REC-20260725-STORE_01-0545;STORE_01;CASH-01;2026-07-25 17:06:18;SKU-008;2;12000;0;CARD
REC-20260725-STORE_01-0545;STORE_01;CASH-03;2026-07-25 17:06:18;SKU-017;3;12000;0;CARD
REC-20260725-STORE_01-0546;STORE_01;CASH-08;2026-07-25 16:54:59;SKU-001;1;45000;0;CASH
REC-20260725-STORE_01-0546;STORE_01;CASH-06;2026-07-25 16:54:59;SKU-001;1;45000;0;CARD
REC-20260725-STORE_01-0547;STORE_01;CASH-10;2026-07-25 14:38:09;SKU-015;1;5000;1000;CARD
REC-20260725-STORE_01-0547;STORE_01;CASH-09;2026-07-25 14:38:09;SKU-032;2;25000;0;CARD
REC-20260725-STORE_01-0547;STORE_01;CASH-06;2026-07-25 14:38:09;SKU-043;2;25000;1000;CARD
REC-20260725-STORE_01-0548;STORE_01;CASH-08;2026-07-25 8:50:09;SKU-005;2;5000;0;CASH
REC-20260725-STORE_01-0549;STORE_01;CASH-04;2026-07-25 12:11:43;SKU-003;1;45000;0;CARD
REC-20260725-STORE_01-0549;STORE_01;CASH-05;2026-07-25 12:11:43;SKU-038;3;12000;0;CASH
REC-20260725-STORE_01-0549;STORE_01;CASH-07;2026-07-25 12:11:43;SKU-005;4;5000;500;CARD
REC-20260725-STORE_01-0549;STORE_01;CASH-10;2026-07-25 12:11:43;SKU-003;3;45000;0;CARD
REC-20260725-STORE_01-0550;STORE_01;CASH-07;2026-07-25 17:38:25;SKU-019;2;25000;500;CASH
REC-20260725-STORE_01-0550;STORE_01;CASH-09;2026-07-25 17:38:25;SKU-001;4;45000;1000;CASH
REC-20260725-STORE_01-0550;STORE_01;CASH-09;2026-07-25 17:38:25;SKU-007;1;12000;0;CARD
REC-20260725-STORE_01-0550;STORE_01;CASH-03;2026-07-25 17:38:25;SKU-005;2;5000;0;CARD
REC-20260725-STORE_01-0550;STORE_01;CASH-04;2026-07-25 17:38:25;SKU-001;4;45000;0;CARD
REC-20260725-STORE_01-0551;STORE_01;CASH-03;2026-07-25 10:43:23;SKU-008;3;12000;0;CARD
REC-20260725-STORE_01-0551;STORE_01;CASH-04;2026-07-25 10:43:23;SKU-001;3;45000;500;CASH
REC-20260725-STORE_01-0551;STORE_01;CASH-10;2026-07-25 10:43:23;SKU-022;4;12000;0;CASH
REC-20260725-STORE_01-0552;STORE_01;CASH-08;2026-07-25 21:34:46;SKU-001;1;45000;0;CARD
REC-20260725-STORE_01-0553;STORE_01;CASH-10;2026-07-25 8:40:44;SKU-024;1;12000;1000;CARD
REC-20260725-STORE_01-0553;STORE_01;CASH-02;2026-07-25 8:40:44;SKU-002;4;12000;1000;CASH
REC-20260725-STORE_01-0554;STORE_01;CASH-09;2026-07-25 8:12:10;SKU-002;3;12000;500;CASH
REC-20260725-STORE_01-0554;STORE_01;CASH-02;2026-07-25 8:12:10;SKU-004;4;25000;0;CASH
REC-20260725-STORE_01-0554;STORE_01;CASH-10;2026-07-25 8:12:10;SKU-005;3;5000;1000;CARD
REC-20260725-STORE_01-0554;STORE_01;CASH-07;2026-07-25 8:12:10;SKU-012;2;45000;0;CARD
REC-20260725-STORE_01-0555;STORE_01;CASH-04;2026-07-25 19:08:09;SKU-002;2;12000;500;CASH
REC-20260725-STORE_01-0555;STORE_01;CASH-08;2026-07-25 19:08:09;SKU-005;4;5000;1000;CARD
REC-20260725-STORE_01-0555;STORE_01;CASH-06;2026-07-25 19:08:09;SKU-015;2;5000;0;CARD
REC-20260725-STORE_01-0556;STORE_01;CASH-08;2026-07-25 16:27:33;SKU-003;1;45000;0;CARD
REC-20260725-STORE_01-0556;STORE_01;CASH-09;2026-07-25 16:27:33;SKU-001;2;45000;1000;CARD
REC-20260725-STORE_01-0556;STORE_01;CASH-07;2026-07-25 16:27:33;SKU-008;3;12000;0;CARD
REC-20260725-STORE_01-0556;STORE_01;CASH-03;2026-07-25 16:27:33;SKU-045;2;45000;1000;CARD
REC-20260725-STORE_01-0556;STORE_01;CASH-02;2026-07-25 16:27:33;SKU-006;4;45000;500;CARD
REC-20260725-STORE_01-0557;STORE_01;CASH-08;2026-07-25 8:23:15;SKU-002;4;12000;1000;CARD
REC-20260725-STORE_01-0557;STORE_01;CASH-05;2026-07-25 8:23:15;SKU-033;3;5000;0;CASH
REC-20260725-STORE_01-0557;STORE_01;CASH-01;2026-07-25 8:23:15;SKU-002;1;12000;0;CASH
REC-20260725-STORE_01-0557;STORE_01;CASH-04;2026-07-25 8:23:15;SKU-002;1;12000;1000;CARD
REC-20260725-STORE_01-0558;STORE_01;CASH-07;2026-07-25 16:23:29;SKU-002;3;12000;500;CASH
REC-20260725-STORE_01-0558;STORE_01;CASH-08;2026-07-25 16:23:29;SKU-006;1;45000;0;CARD
REC-20260725-STORE_01-0559;STORE_01;CASH-03;2026-07-25 14:20:24;SKU-007;4;12000;0;CARD
REC-20260725-STORE_01-0560;STORE_01;CASH-08;2026-07-25 9:26:10;SKU-013;2;12000;0;CARD
REC-20260725-STORE_01-0560;STORE_01;CASH-02;2026-07-25 9:26:10;SKU-004;4;25000;0;CASH
REC-20260725-STORE_01-0560;STORE_01;CASH-06;2026-07-25 9:26:10;SKU-003;4;45000;1000;CASH
REC-20260725-STORE_01-0561;STORE_01;CASH-02;2026-07-25 9:04:32;SKU-001;4;45000;0;CASH
REC-20260725-STORE_01-0561;STORE_01;CASH-03;2026-07-25 9:04:32;SKU-018;4;5000;0;CASH
REC-20260725-STORE_01-0562;STORE_01;CASH-02;2026-07-25 20:21:38;SKU-031;3;45000;1000;CARD
REC-20260725-STORE_01-0563;STORE_01;CASH-04;2026-07-25 8:19:55;SKU-012;4;45000;500;CASH
REC-20260725-STORE_01-0563;STORE_01;CASH-03;2026-07-25 8:19:55;SKU-002;4;12000;0;CARD
REC-20260725-STORE_01-0563;STORE_01;CASH-01;2026-07-25 8:19:55;SKU-014;4;5000;1000;CASH
REC-20260725-STORE_01-0563;STORE_01;CASH-01;2026-07-25 8:19:55;SKU-015;3;5000;500;CASH
REC-20260725-STORE_01-0564;STORE_01;CASH-08;2026-07-25 17:50:55;SKU-016;1;25000;0;CARD
REC-20260725-STORE_01-0564;STORE_01;CASH-02;2026-07-25 17:50:55;SKU-029;4;5000;0;CARD
REC-20260725-STORE_01-0564;STORE_01;CASH-06;2026-07-25 17:50:55;SKU-006;3;45000;0;CARD
REC-20260725-STORE_01-0564;STORE_01;CASH-10;2026-07-25 17:50:55;SKU-002;3;12000;0;CARD
REC-20260725-STORE_01-0565;STORE_01;CASH-05;2026-07-25 13:58:42;SKU-001;4;45000;500;CARD
REC-20260725-STORE_01-0565;STORE_01;CASH-08;2026-07-25 13:58:42;SKU-015;4;5000;1000;CASH
REC-20260725-STORE_01-0565;STORE_01;CASH-09;2026-07-25 13:58:42;SKU-002;1;12000;0;CARD
REC-20260725-STORE_01-0565;STORE_01;CASH-04;2026-07-25 13:58:42;SKU-021;3;5000;0;CARD
REC-20260725-STORE_01-0565;STORE_01;CASH-03;2026-07-25 13:58:42;SKU-001;4;45000;500;CARD
REC-20260725-STORE_01-0566;STORE_01;CASH-05;2026-07-25 16:52:12;SKU-001;4;45000;0;CARD
REC-20260725-STORE_01-0566;STORE_01;CASH-08;2026-07-25 16:52:12;SKU-002;4;12000;0;CARD
REC-20260725-STORE_01-0566;STORE_01;CASH-02;2026-07-25 16:52:12;SKU-005;2;5000;0;CARD
REC-20260725-STORE_01-0567;STORE_01;CASH-03;2026-07-25 9:00:16;SKU-001;3;45000;0;CARD
REC-20260725-STORE_01-0567;STORE_01;CASH-03;2026-07-25 9:00:16;SKU-001;4;45000;0;CARD
REC-20260725-STORE_01-0567;STORE_01;CASH-06;2026-07-25 9:00:16;SKU-036;4;45000;0;CASH
REC-20260725-STORE_01-0567;STORE_01;CASH-02;2026-07-25 9:00:16;SKU-004;3;25000;0;CASH
REC-20260725-STORE_01-0567;STORE_01;CASH-07;2026-07-25 9:00:16;SKU-001;1;45000;1000;CARD
REC-20260725-STORE_01-0568;STORE_01;CASH-03;2026-07-25 20:56:52;SKU-015;4;5000;1000;CASH
REC-20260725-STORE_01-0568;STORE_01;CASH-04;2026-07-25 20:56:52;SKU-006;2;45000;0;CASH
REC-20260725-STORE_01-0568;STORE_01;CASH-03;2026-07-25 20:56:52;SKU-001;4;45000;0;CARD
REC-20260725-STORE_01-0569;STORE_01;CASH-08;2026-07-25 21:26:59;SKU-010;2;25000;0;CARD
REC-20260725-STORE_01-0569;STORE_01;CASH-10;2026-07-25 21:26:59;SKU-032;2;25000;1000;CARD
REC-20260725-STORE_01-0569;STORE_01;CASH-06;2026-07-25 21:26:59;SKU-005;4;5000;0;CARD
REC-20260725-STORE_01-0569;STORE_01;CASH-09;2026-07-25 21:26:59;SKU-024;3;12000;0;CARD
REC-20260725-STORE_01-0569;STORE_01;CASH-03;2026-07-25 21:26:59;SKU-003;2;45000;0;CASH
REC-20260725-STORE_01-0570;STORE_01;CASH-06;2026-07-25 20:03:02;SKU-023;2;45000;0;CARD
REC-20260725-STORE_01-0570;STORE_01;CASH-08;2026-07-25 20:03:02;SKU-005;2;5000;1000;CASH
REC-20260725-STORE_01-0571;STORE_01;CASH-08;2026-07-25 17:45:24;SKU-026;3;12000;500;CASH
REC-20260725-STORE_01-0571;STORE_01;CASH-07;2026-07-25 17:45:24;SKU-001;3;45000;0;CARD
REC-20260725-STORE_01-0572;STORE_01;CASH-10;2026-07-25 11:15:58;SKU-004;1;25000;500;CASH
REC-20260725-STORE_01-0572;STORE_01;CASH-10;2026-07-25 11:15:58;SKU-001;2;45000;1000;CASH
REC-20260725-STORE_01-0572;STORE_01;CASH-05;2026-07-25 11:15:58;SKU-005;3;5000;500;CARD
REC-20260725-STORE_01-0573;STORE_01;CASH-02;2026-07-25 19:02:17;SKU-001;2;45000;0;CARD
REC-20260725-STORE_01-0573;STORE_01;CASH-03;2026-07-25 19:02:17;SKU-001;1;45000;0;CARD
REC-20260725-STORE_01-0573;STORE_01;CASH-03;2026-07-25 19:02:17;SKU-005;4;5000;0;CARD
REC-20260725-STORE_01-0574;STORE_01;CASH-04;2026-07-25 8:47:23;SKU-002;1;12000;0;CARD
REC-20260725-STORE_01-0574;STORE_01;CASH-07;2026-07-25 8:47:23;SKU-003;3;45000;0;CASH
REC-20260725-STORE_01-0574;STORE_01;CASH-02;2026-07-25 8:47:23;SKU-007;1;12000;0;CASH
REC-20260725-STORE_01-0575;STORE_01;CASH-05;2026-07-25 18:20:09;SKU-002;1;12000;1000;CARD
REC-20260725-STORE_01-0575;STORE_01;CASH-04;2026-07-25 18:20:09;SKU-002;3;12000;500;CARD
REC-20260725-STORE_01-0575;STORE_01;CASH-02;2026-07-25 18:20:09;SKU-029;1;5000;1000;CARD
REC-20260725-STORE_01-0576;STORE_01;CASH-04;2026-07-25 13:44:34;SKU-001;2;45000;1000;CASH
REC-20260725-STORE_01-0576;STORE_01;CASH-10;2026-07-25 13:44:34;SKU-003;4;45000;0;CASH
REC-20260725-STORE_01-0576;STORE_01;CASH-10;2026-07-25 13:44:34;SKU-001;4;45000;0;CASH
REC-20260725-STORE_01-0577;STORE_01;CASH-06;2026-07-25 15:26:11;SKU-001;1;45000;0;CARD
REC-20260725-STORE_01-0577;STORE_01;CASH-07;2026-07-25 15:26:11;SKU-001;4;45000;0;CARD
REC-20260725-STORE_01-0577;STORE_01;CASH-04;2026-07-25 15:26:11;SKU-014;3;5000;1000;CASH
REC-20260725-STORE_01-0577;STORE_01;CASH-04;2026-07-25 15:26:11;SKU-013;1;12000;500;CASH
REC-20260725-STORE_01-0577;STORE_01;CASH-04;2026-07-25 15:26:11;SKU-001;4;45000;0;CARD
REC-20260725-STORE_01-0578;STORE_01;CASH-09;2026-07-25 12:30:58;SKU-002;1;12000;0;CARD
REC-20260725-STORE_01-0578;STORE_01;CASH-02;2026-07-25 12:30:58;SKU-045;4;45000;500;CARD
REC-20260725-STORE_01-0578;STORE_01;CASH-05;2026-07-25 12:30:58;SKU-036;1;45000;500;CARD
REC-20260725-STORE_01-0578;STORE_01;CASH-01;2026-07-25 12:30:58;SKU-002;1;12000;0;CARD
REC-20260725-STORE_01-0578;STORE_01;CASH-02;2026-07-25 12:30:58;SKU-004;4;25000;1000;CASH
REC-20260725-STORE_01-0579;STORE_01;CASH-08;2026-07-25 18:55:53;SKU-032;1;25000;0;CASH
REC-20260725-STORE_01-0580;STORE_01;CASH-01;2026-07-25 12:14:27;SKU-001;1;45000;1000;CARD
REC-20260725-STORE_01-0580;STORE_01;CASH-06;2026-07-25 12:14:27;SKU-001;1;45000;0;CASH
REC-20260725-STORE_01-0581;STORE_01;CASH-05;2026-07-25 8:00:58;SKU-004;1;25000;1000;CARD
REC-20260725-STORE_01-0581;STORE_01;CASH-04;2026-07-25 8:00:58;SKU-009;2;25000;0;CASH
REC-20260725-STORE_01-0581;STORE_01;CASH-06;2026-07-25 8:00:58;SKU-001;3;45000;0;CARD
REC-20260725-STORE_01-0582;STORE_01;CASH-01;2026-07-25 15:51:48;SKU-006;3;45000;0;CARD
REC-20260725-STORE_01-0582;STORE_01;CASH-01;2026-07-25 15:51:48;SKU-005;2;5000;0;CASH
REC-20260725-STORE_01-0582;STORE_01;CASH-01;2026-07-25 15:51:48;SKU-001;1;45000;1000;CASH
REC-20260725-STORE_01-0582;STORE_01;CASH-03;2026-07-25 15:51:48;SKU-002;3;12000;0;CARD
REC-20260725-STORE_01-0583;STORE_01;CASH-09;2026-07-25 16:45:35;SKU-046;2;25000;1000;CARD
REC-20260725-STORE_01-0583;STORE_01;CASH-08;2026-07-25 16:45:35;SKU-016;2;25000;0;CASH
REC-20260725-STORE_01-0584;STORE_01;CASH-02;2026-07-25 13:23:18;SKU-010;3;25000;0;CARD
REC-20260725-STORE_01-0584;STORE_01;CASH-08;2026-07-25 13:23:18;SKU-047;3;5000;0;CASH
REC-20260725-STORE_01-0585;STORE_01;CASH-02;2026-07-25 9:20:27;SKU-004;3;25000;0;CASH
REC-20260725-STORE_01-0585;STORE_01;CASH-02;2026-07-25 9:20:27;SKU-002;4;12000;500;CASH
REC-20260725-STORE_01-0585;STORE_01;CASH-10;2026-07-25 9:20:27;SKU-005;3;5000;0;CARD
REC-20260725-STORE_01-0586;STORE_01;CASH-06;2026-07-25 8:04:50;SKU-001;4;45000;1000;CARD
REC-20260725-STORE_01-0586;STORE_01;CASH-03;2026-07-25 8:04:50;SKU-046;4;25000;0;CARD
REC-20260725-STORE_01-0586;STORE_01;CASH-06;2026-07-25 8:04:50;SKU-001;2;45000;0;CARD
REC-20260725-STORE_01-0586;STORE_01;CASH-09;2026-07-25 8:04:50;SKU-002;2;12000;0;CARD
REC-20260725-STORE_01-0587;STORE_01;CASH-08;2026-07-25 19:06:01;SKU-002;1;12000;0;CARD
REC-20260725-STORE_01-0587;STORE_01;CASH-02;2026-07-25 19:06:01;SKU-014;4;5000;1000;CARD
REC-20260725-STORE_01-0588;STORE_01;CASH-06;2026-07-25 21:28:28;SKU-001;2;45000;0;CASH
REC-20260725-STORE_01-0588;STORE_01;CASH-02;2026-07-25 21:28:28;SKU-001;4;45000;500;CARD
REC-20260725-STORE_01-0588;STORE_01;CASH-04;2026-07-25 21:28:28;SKU-019;2;25000;1000;CARD
REC-20260725-STORE_01-0588;STORE_01;CASH-05;2026-07-25 21:28:28;SKU-002;4;12000;500;CARD
REC-20260725-STORE_01-0588;STORE_01;CASH-10;2026-07-25 21:28:28;SKU-005;2;5000;0;CASH
REC-20260725-STORE_01-0589;STORE_01;CASH-07;2026-07-25 14:59:20;SKU-001;4;45000;1000;CARD
REC-20260725-STORE_01-0589;STORE_01;CASH-10;2026-07-25 14:59:20;SKU-002;1;12000;0;CARD
REC-20260725-STORE_01-0589;STORE_01;CASH-05;2026-07-25 14:59:20;SKU-002;2;12000;500;CASH
REC-20260725-STORE_01-0589;STORE_01;CASH-09;2026-07-25 14:59:20;SKU-006;3;45000;0;CARD
REC-20260725-STORE_01-0589;STORE_01;CASH-04;2026-07-25 14:59:20;SKU-001;1;45000;0;CASH
REC-20260725-STORE_01-0590;STORE_01;CASH-01;2026-07-25 14:50:16;SKU-001;3;45000;0;CARD
REC-20260725-STORE_01-0590;STORE_01;CASH-02;2026-07-25 14:50:16;SKU-001;2;45000;0;CASH
REC-20260725-STORE_01-0590;STORE_01;CASH-03;2026-07-25 14:50:16;SKU-001;1;45000;0;CASH
REC-20260725-STORE_01-0590;STORE_01;CASH-06;2026-07-25 14:50:16;SKU-011;2;5000;0;CARD
REC-20260725-STORE_01-0591;STORE_01;CASH-03;2026-07-25 9:29:51;SKU-008;3;12000;500;CASH
REC-20260725-STORE_01-0592;STORE_01;CASH-02;2026-07-25 18:33:59;SKU-003;1;45000;1000;CASH
REC-20260725-STORE_01-0593;STORE_01;CASH-08;2026-07-25 8:57:50;SKU-001;1;45000;0;CASH
REC-20260725-STORE_01-0593;STORE_01;CASH-05;2026-07-25 8:57:50;SKU-017;1;12000;500;CARD
REC-20260725-STORE_01-0593;STORE_01;CASH-04;2026-07-25 8:57:50;SKU-005;3;5000;0;CARD
REC-20260725-STORE_01-0593;STORE_01;CASH-10;2026-07-25 8:57:50;SKU-020;2;12000;0;CARD
REC-20260725-STORE_01-0594;STORE_01;CASH-04;2026-07-25 9:34:57;SKU-014;1;5000;1000;CARD
REC-20260725-STORE_01-0594;STORE_01;CASH-08;2026-07-25 9:34:57;SKU-015;2;5000;0;CARD
REC-20260725-STORE_01-0594;STORE_01;CASH-01;2026-07-25 9:34:57;SKU-001;1;45000;0;CARD
REC-20260725-STORE_01-0594;STORE_01;CASH-02;2026-07-25 9:34:57;SKU-001;4;45000;0;CASH
REC-20260725-STORE_01-0594;STORE_01;CASH-03;2026-07-25 9:34:57;SKU-003;1;45000;0;CARD
REC-20260725-STORE_01-0595;STORE_01;CASH-09;2026-07-25 8:16:40;SKU-003;1;45000;0;CARD
REC-20260725-STORE_01-0596;STORE_01;CASH-03;2026-07-25 8:35:29;SKU-001;2;45000;0;CARD
REC-20260725-STORE_01-0597;STORE_01;CASH-08;2026-07-25 16:52:11;SKU-021;2;5000;500;CARD
REC-20260725-STORE_01-0598;STORE_01;CASH-10;2026-07-25 9:56:05;SKU-005;3;5000;0;CASH
REC-20260725-STORE_01-0598;STORE_01;CASH-04;2026-07-25 9:56:05;SKU-014;2;5000;0;CARD
REC-20260725-STORE_01-0598;STORE_01;CASH-07;2026-07-25 9:56:05;SKU-007;2;12000;500;CARD
REC-20260725-STORE_01-0598;STORE_01;CASH-03;2026-07-25 9:56:05;SKU-009;4;25000;500;CASH
REC-20260725-STORE_01-0598;STORE_01;CASH-02;2026-07-25 9:56:05;SKU-001;1;45000;1000;CARD
REC-20260725-STORE_01-0599;STORE_01;CASH-10;2026-07-25 10:54:32;SKU-008;1;12000;500;CASH
REC-20260725-STORE_01-0599;STORE_01;CASH-07;2026-07-25 10:54:32;SKU-002;4;12000;1000;CARD
REC-20260725-STORE_01-0599;STORE_01;CASH-09;2026-07-25 10:54:32;SKU-027;3;5000;1000;CASH
REC-20260725-STORE_01-0599;STORE_01;CASH-03;2026-07-25 10:54:32;SKU-003;4;45000;0;CARD
REC-20260725-STORE_01-0599;STORE_01;CASH-05;2026-07-25 10:54:32;SKU-001;1;45000;1000;CARD
REC-20260725-STORE_01-0600;STORE_01;CASH-01;2026-07-25 20:57:59;SKU-001;1;45000;500;CASH
REC-20260725-STORE_01-0600;STORE_01;CASH-05;2026-07-25 20:57:59;SKU-001;4;45000;0;CARD
REC-20260725-STORE_01-0600;STORE_01;CASH-01;2026-07-25 20:57:59;SKU-007;3;12000;0;CARD
REC-20260725-STORE_01-0600;STORE_01;CASH-02;2026-07-25 20:57:59;SKU-016;3;25000;0;CARD
REC-20260725-STORE_01-0601;STORE_01;CASH-05;2026-07-25 8:26:33;SKU-029;4;5000;0;CARD
REC-20260725-STORE_01-0601;STORE_01;CASH-07;2026-07-25 8:26:33;SKU-022;2;12000;0;CASH
REC-20260725-STORE_01-0601;STORE_01;CASH-06;2026-07-25 8:26:33;SKU-016;2;25000;0;CASH
REC-20260725-STORE_01-0602;STORE_01;CASH-08;2026-07-25 16:41:29;SKU-020;1;12000;0;CASH
REC-20260725-STORE_01-0602;STORE_01;CASH-03;2026-07-25 16:41:29;SKU-005;2;5000;1000;CARD
REC-20260725-STORE_01-0602;STORE_01;CASH-01;2026-07-25 16:41:29;SKU-032;2;25000;0;CASH
REC-20260725-STORE_01-0603;STORE_01;CASH-09;2026-07-25 20:11:18;SKU-003;4;45000;0;CASH
REC-20260725-STORE_01-0603;STORE_01;CASH-04;2026-07-25 20:11:18;SKU-001;4;45000;0;CARD
REC-20260725-STORE_01-0603;STORE_01;CASH-04;2026-07-25 20:11:18;SKU-001;4;45000;0;CARD
REC-20260725-STORE_01-0603;STORE_01;CASH-04;2026-07-25 20:11:18;SKU-001;1;45000;0;CARD
REC-20260725-STORE_01-0604;STORE_01;CASH-01;2026-07-25 11:11:00;SKU-002;1;12000;500;CARD
REC-20260725-STORE_01-0604;STORE_01;CASH-03;2026-07-25 11:11:00;SKU-008;4;12000;1000;CARD
REC-20260725-STORE_01-0604;STORE_01;CASH-04;2026-07-25 11:11:00;SKU-001;3;45000;0;CARD
REC-20260725-STORE_01-0605;STORE_01;CASH-04;2026-07-25 11:57:36;SKU-001;2;45000;0;CASH
REC-20260725-STORE_01-0605;STORE_01;CASH-09;2026-07-25 11:57:36;SKU-003;3;45000;500;CARD
REC-20260725-STORE_01-0606;STORE_01;CASH-02;2026-07-25 9:22:39;SKU-001;1;45000;0;CARD
REC-20260725-STORE_01-0606;STORE_01;CASH-06;2026-07-25 9:22:39;SKU-004;3;25000;0;CASH
REC-20260725-STORE_01-0606;STORE_01;CASH-09;2026-07-25 9:22:39;SKU-018;2;5000;0;CARD
REC-20260725-STORE_01-0606;STORE_01;CASH-05;2026-07-25 9:22:39;SKU-010;3;25000;1000;CASH
REC-20260725-STORE_01-0606;STORE_01;CASH-02;2026-07-25 9:22:39;SKU-013;3;12000;0;CARD
REC-20260725-STORE_01-0607;STORE_01;CASH-10;2026-07-25 9:04:51;SKU-032;3;25000;1000;CARD
REC-20260725-STORE_01-0607;STORE_01;CASH-08;2026-07-25 9:04:51;SKU-040;1;25000;0;CASH
REC-20260725-STORE_01-0607;STORE_01;CASH-08;2026-07-25 9:04:51;SKU-037;3;45000;1000;CARD
REC-20260725-STORE_01-0608;STORE_01;CASH-07;2026-07-25 17:23:24;SKU-021;2;5000;0;CARD
REC-20260725-STORE_01-0608;STORE_01;CASH-05;2026-07-25 17:23:24;SKU-001;3;45000;0;CASH
REC-20260725-STORE_01-0608;STORE_01;CASH-07;2026-07-25 17:23:24;SKU-047;2;5000;0;CARD
REC-20260725-STORE_01-0608;STORE_01;CASH-05;2026-07-25 17:23:24;SKU-003;2;45000;0;CASH
REC-20260725-STORE_01-0609;STORE_01;CASH-03;2026-07-25 11:58:52;SKU-016;1;25000;0;CARD
REC-20260725-STORE_01-0609;STORE_01;CASH-08;2026-07-25 11:58:52;SKU-002;3;12000;500;CASH
REC-20260725-STORE_01-0609;STORE_01;CASH-06;2026-07-25 11:58:52;SKU-001;3;45000;0;CARD
REC-20260725-STORE_01-0610;STORE_01;CASH-02;2026-07-25 20:07:50;SKU-001;3;45000;1000;CARD
REC-20260725-STORE_01-0610;STORE_01;CASH-08;2026-07-25 20:07:50;SKU-005;2;5000;0;CARD
REC-20260725-STORE_01-0610;STORE_01;CASH-04;2026-07-25 20:07:50;SKU-001;2;45000;0;CASH
REC-20260725-STORE_01-0611;STORE_01;CASH-07;2026-07-25 9:43:15;SKU-021;3;5000;500;CARD
REC-20260725-STORE_01-0612;STORE_01;CASH-07;2026-07-25 15:45:58;SKU-004;2;25000;0;CASH
REC-20260725-STORE_01-0612;STORE_01;CASH-03;2026-07-25 15:45:58;SKU-001;1;45000;0;CASH
REC-20260725-STORE_01-0612;STORE_01;CASH-08;2026-07-25 15:45:58;SKU-001;1;45000;0;CASH
REC-20260725-STORE_01-0613;STORE_01;CASH-01;2026-07-25 15:03:55;SKU-036;4;45000;0;CASH
REC-20260725-STORE_01-0613;STORE_01;CASH-02;2026-07-25 15:03:55;SKU-028;1;5000;0;CARD
REC-20260725-STORE_01-0613;STORE_01;CASH-04;2026-07-25 15:03:55;SKU-001;2;45000;1000;CARD
REC-20260725-STORE_01-0613;STORE_01;CASH-03;2026-07-25 15:03:55;SKU-035;1;5000;0;CASH
REC-20260725-STORE_01-0613;STORE_01;CASH-02;2026-07-25 15:03:55;SKU-002;4;12000;0;CASH
REC-20260725-STORE_01-0614;STORE_01;CASH-10;2026-07-25 17:29:18;SKU-035;4;5000;0;CARD
REC-20260725-STORE_01-0614;STORE_01;CASH-07;2026-07-25 17:29:18;SKU-017;3;12000;0;CARD
REC-20260725-STORE_01-0614;STORE_01;CASH-05;2026-07-25 17:29:18;SKU-001;1;45000;1000;CARD
REC-20260725-STORE_01-0615;STORE_01;CASH-06;2026-07-25 17:20:00;SKU-016;4;25000;0;CARD
REC-20260725-STORE_01-0615;STORE_01;CASH-04;2026-07-25 17:20:00;SKU-005;1;5000;0;CASH
REC-20260725-STORE_01-0615;STORE_01;CASH-02;2026-07-25 17:20:00;SKU-014;2;5000;500;CARD
REC-20260725-STORE_01-0615;STORE_01;CASH-10;2026-07-25 17:20:00;SKU-002;2;12000;0;CASH
REC-20260725-STORE_01-0615;STORE_01;CASH-07;2026-07-25 17:20:00;SKU-043;4;25000;0;CASH
REC-20260725-STORE_01-0616;STORE_01;CASH-01;2026-07-25 21:38:03;SKU-007;4;12000;0;CARD
REC-20260725-STORE_01-0616;STORE_01;CASH-04;2026-07-25 21:38:03;SKU-002;2;12000;0;CASH
REC-20260725-STORE_01-0616;STORE_01;CASH-04;2026-07-25 21:38:03;SKU-002;1;12000;500;CARD
REC-20260725-STORE_01-0616;STORE_01;CASH-02;2026-07-25 21:38:03;SKU-002;3;12000;1000;CARD
REC-20260725-STORE_01-0616;STORE_01;CASH-08;2026-07-25 21:38:03;SKU-016;1;25000;1000;CARD
REC-20260725-STORE_01-0617;STORE_01;CASH-07;2026-07-25 9:22:38;SKU-003;2;45000;500;CARD
REC-20260725-STORE_01-0618;STORE_01;CASH-03;2026-07-25 16:43:59;SKU-001;1;45000;0;CARD
REC-20260725-STORE_01-0618;STORE_01;CASH-05;2026-07-25 16:43:59;SKU-006;1;45000;500;CASH
REC-20260725-STORE_01-0619;STORE_01;CASH-02;2026-07-25 17:34:29;SKU-003;4;45000;0;CASH
REC-20260725-STORE_01-0620;STORE_01;CASH-09;2026-07-25 21:00:53;SKU-002;2;12000;1000;CASH
REC-20260725-STORE_01-0620;STORE_01;CASH-07;2026-07-25 21:00:53;SKU-002;4;12000;500;CASH
REC-20260725-STORE_01-0620;STORE_01;CASH-09;2026-07-25 21:00:53;SKU-009;2;25000;0;CASH
REC-20260725-STORE_01-0621;STORE_01;CASH-10;2026-07-25 17:20:14;SKU-005;1;5000;500;CASH
REC-20260725-STORE_01-0621;STORE_01;CASH-06;2026-07-25 17:20:14;SKU-017;3;12000;0;CARD
REC-20260725-STORE_01-0622;STORE_01;CASH-07;2026-07-25 15:07:52;SKU-003;2;45000;1000;CARD
REC-20260725-STORE_01-0622;STORE_01;CASH-03;2026-07-25 15:07:52;SKU-011;4;5000;1000;CARD
REC-20260725-STORE_01-0622;STORE_01;CASH-09;2026-07-25 15:07:52;SKU-011;1;5000;0;CARD
REC-20260725-STORE_01-0623;STORE_01;CASH-07;2026-07-25 21:28:35;SKU-003;2;45000;0;CASH
REC-20260725-STORE_01-0623;STORE_01;CASH-06;2026-07-25 21:28:35;SKU-001;2;45000;0;CARD
REC-20260725-STORE_01-0624;STORE_01;CASH-04;2026-07-25 13:34:06;SKU-001;1;45000;0;CARD
REC-20260725-STORE_01-0625;STORE_01;CASH-06;2026-07-25 15:33:10;SKU-004;3;25000;500;CASH
REC-20260725-STORE_01-0625;STORE_01;CASH-02;2026-07-25 15:33:10;SKU-003;1;45000;1000;CARD
REC-20260725-STORE_01-0625;STORE_01;CASH-04;2026-07-25 15:33:10;SKU-016;4;25000;0;CARD
REC-20260725-STORE_01-0625;STORE_01;CASH-08;2026-07-25 15:33:10;SKU-002;3;12000;0;CARD
REC-20260725-STORE_01-0625;STORE_01;CASH-06;2026-07-25 15:33:10;SKU-032;3;25000;1000;CARD
REC-20260725-STORE_01-0626;STORE_01;CASH-02;2026-07-25 17:34:56;SKU-001;3;45000;0;CARD
REC-20260725-STORE_01-0627;STORE_01;CASH-10;2026-07-25 13:42:10;SKU-001;3;45000;0;CASH
REC-20260725-STORE_01-0627;STORE_01;CASH-08;2026-07-25 13:42:10;SKU-026;4;12000;0;CASH
REC-20260725-STORE_01-0628;STORE_01;CASH-10;2026-07-25 12:19:02;SKU-023;2;45000;0;CARD
REC-20260725-STORE_01-0628;STORE_01;CASH-03;2026-07-25 12:19:02;SKU-011;1;5000;0;CARD
REC-20260725-STORE_01-0628;STORE_01;CASH-04;2026-07-25 12:19:02;SKU-019;4;25000;500;CARD
REC-20260725-STORE_01-0629;STORE_01;CASH-01;2026-07-25 20:25:26;SKU-017;2;12000;1000;CASH
REC-20260725-STORE_01-0630;STORE_01;CASH-05;2026-07-25 16:04:40;SKU-001;2;45000;0;CARD
REC-20260725-STORE_01-0630;STORE_01;CASH-06;2026-07-25 16:04:40;SKU-003;2;45000;500;CARD
REC-20260725-STORE_01-0630;STORE_01;CASH-04;2026-07-25 16:04:40;SKU-002;3;12000;0;CARD
REC-20260725-STORE_01-0630;STORE_01;CASH-02;2026-07-25 16:04:40;SKU-042;4;5000;500;CARD
REC-20260725-STORE_01-0631;STORE_01;CASH-02;2026-07-25 16:12:45;SKU-013;3;12000;0;CARD
REC-20260725-STORE_01-0631;STORE_01;CASH-04;2026-07-25 16:12:45;SKU-001;1;45000;1000;CASH
REC-20260725-STORE_01-0631;STORE_01;CASH-04;2026-07-25 16:12:45;SKU-001;2;45000;500;CASH
REC-20260725-STORE_01-0631;STORE_01;CASH-08;2026-07-25 16:12:45;SKU-010;2;25000;0;CARD
REC-20260725-STORE_01-0631;STORE_01;CASH-10;2026-07-25 16:12:45;SKU-001;4;45000;0;CARD
REC-20260725-STORE_01-0632;STORE_01;CASH-09;2026-07-25 13:25:17;SKU-030;2;45000;0;CASH
REC-20260725-STORE_01-0633;STORE_01;CASH-05;2026-07-25 13:52:54;SKU-001;4;45000;0;CARD
REC-20260725-STORE_01-0634;STORE_01;CASH-08;2026-07-25 8:03:30;SKU-003;2;45000;0;CASH
REC-20260725-STORE_01-0634;STORE_01;CASH-10;2026-07-25 8:03:30;SKU-013;4;12000;0;CASH
REC-20260725-STORE_01-0634;STORE_01;CASH-09;2026-07-25 8:03:30;SKU-015;1;5000;0;CARD
REC-20260725-STORE_01-0635;STORE_01;CASH-01;2026-07-25 19:15:53;SKU-044;3;5000;500;CARD
REC-20260725-STORE_01-0635;STORE_01;CASH-03;2026-07-25 19:15:53;SKU-001;4;45000;0;CARD
REC-20260725-STORE_01-0635;STORE_01;CASH-06;2026-07-25 19:15:53;SKU-003;1;45000;500;CARD
REC-20260725-STORE_01-0635;STORE_01;CASH-09;2026-07-25 19:15:53;SKU-008;1;12000;0;CARD
REC-20260725-STORE_01-0636;STORE_01;CASH-07;2026-07-25 8:34:18;SKU-001;3;45000;500;CASH
REC-20260725-STORE_01-0636;STORE_01;CASH-03;2026-07-25 8:34:18;SKU-020;3;12000;1000;CARD
REC-20260725-STORE_01-0636;STORE_01;CASH-03;2026-07-25 8:34:18;SKU-017;1;12000;1000;CASH
REC-20260725-STORE_01-0637;STORE_01;CASH-05;2026-07-25 17:39:14;SKU-001;2;45000;500;CASH
REC-20260725-STORE_01-0638;STORE_01;CASH-02;2026-07-25 20:21:28;SKU-005;1;5000;0;CARD
REC-20260725-STORE_01-0638;STORE_01;CASH-10;2026-07-25 20:21:28;SKU-004;1;25000;0;CARD
REC-20260725-STORE_01-0638;STORE_01;CASH-08;2026-07-25 20:21:28;SKU-029;2;5000;0;CARD
REC-20260725-STORE_01-0638;STORE_01;CASH-06;2026-07-25 20:21:28;SKU-023;1;45000;0;CASH
REC-20260725-STORE_01-0639;STORE_01;CASH-06;2026-07-25 10:03:05;SKU-028;1;5000;0;CASH
REC-20260725-STORE_01-0639;STORE_01;CASH-01;2026-07-25 10:03:05;SKU-014;4;5000;1000;CARD
REC-20260725-STORE_01-0640;STORE_01;CASH-01;2026-07-25 16:06:35;SKU-033;1;5000;0;CARD
REC-20260725-STORE_01-0641;STORE_01;CASH-01;2026-07-25 13:16:06;SKU-022;4;12000;0;CARD
REC-20260725-STORE_01-0641;STORE_01;CASH-08;2026-07-25 13:16:06;SKU-001;3;45000;500;CASH
REC-20260725-STORE_01-0641;STORE_01;CASH-05;2026-07-25 13:16:06;SKU-001;1;45000;500;CARD
REC-20260725-STORE_01-0642;STORE_01;CASH-05;2026-07-25 18:19:51;SKU-001;2;45000;1000;CARD
REC-20260725-STORE_01-0642;STORE_01;CASH-08;2026-07-25 18:19:51;SKU-026;3;12000;0;CASH
REC-20260725-STORE_01-0643;STORE_01;CASH-05;2026-07-25 20:57:16;SKU-002;4;12000;0;CARD
REC-20260725-STORE_01-0643;STORE_01;CASH-04;2026-07-25 20:57:16;SKU-001;2;45000;0;CARD
REC-20260725-STORE_01-0643;STORE_01;CASH-04;2026-07-25 20:57:16;SKU-001;3;45000;0;CARD
REC-20260725-STORE_01-0644;STORE_01;CASH-04;2026-07-25 21:30:36;SKU-026;3;12000;0;CASH
REC-20260725-STORE_01-0644;STORE_01;CASH-06;2026-07-25 21:30:36;SKU-004;1;25000;1000;CASH
REC-20260725-STORE_01-0644;STORE_01;CASH-02;2026-07-25 21:30:36;SKU-021;4;5000;500;CASH
REC-20260725-STORE_01-0645;STORE_01;CASH-08;2026-07-25 15:20:08;SKU-038;4;12000;1000;CARD
REC-20260725-STORE_01-0645;STORE_01;CASH-04;2026-07-25 15:20:08;SKU-003;3;45000;0;CASH
REC-20260725-STORE_01-0645;STORE_01;CASH-03;2026-07-25 15:20:08;SKU-007;1;12000;0;CASH
REC-20260725-STORE_01-0645;STORE_01;CASH-10;2026-07-25 15:20:08;SKU-005;2;5000;0;CARD
REC-20260725-STORE_01-0646;STORE_01;CASH-03;2026-07-25 11:36:23;SKU-002;1;12000;1000;CASH
REC-20260725-STORE_01-0646;STORE_01;CASH-06;2026-07-25 11:36:23;SKU-013;2;12000;0;CASH
REC-20260725-STORE_01-0646;STORE_01;CASH-08;2026-07-25 11:36:23;SKU-004;4;25000;0;CASH
REC-20260725-STORE_01-0646;STORE_01;CASH-06;2026-07-25 11:36:23;SKU-021;2;5000;0;CARD
REC-20260725-STORE_01-0647;STORE_01;CASH-03;2026-07-25 12:42:43;SKU-004;2;25000;1000;CARD
REC-20260725-STORE_01-0647;STORE_01;CASH-05;2026-07-25 12:42:43;SKU-004;2;25000;1000;CARD
REC-20260725-STORE_01-0647;STORE_01;CASH-09;2026-07-25 12:42:43;SKU-034;1;25000;0;CASH
REC-20260725-STORE_01-0647;STORE_01;CASH-06;2026-07-25 12:42:43;SKU-003;3;45000;0;CARD
REC-20260725-STORE_01-0647;STORE_01;CASH-10;2026-07-25 12:42:43;SKU-002;2;12000;0;CASH
REC-20260725-STORE_01-0648;STORE_01;CASH-02;2026-07-25 15:41:59;SKU-018;1;5000;0;CARD
REC-20260725-STORE_01-0648;STORE_01;CASH-05;2026-07-25 15:41:59;SKU-026;1;12000;0;CASH
REC-20260725-STORE_01-0648;STORE_01;CASH-03;2026-07-25 15:41:59;SKU-003;3;45000;0;CARD
REC-20260725-STORE_01-0648;STORE_01;CASH-05;2026-07-25 15:41:59;SKU-001;2;45000;500;CARD
REC-20260725-STORE_01-0649;STORE_01;CASH-05;2026-07-25 11:01:39;SKU-003;1;45000;500;CARD
REC-20260725-STORE_01-0650;STORE_01;CASH-10;2026-07-25 17:22:30;SKU-008;4;12000;1000;CARD
REC-20260725-STORE_01-0650;STORE_01;CASH-01;2026-07-25 17:22:30;SKU-025;2;5000;0;CARD
REC-20260725-STORE_01-0650;STORE_01;CASH-06;2026-07-25 17:22:30;SKU-043;3;25000;1000;CARD
REC-20260725-STORE_01-0651;STORE_01;CASH-03;2026-07-25 9:24:20;SKU-050;1;25000;0;CASH
REC-20260725-STORE_01-0651;STORE_01;CASH-09;2026-07-25 9:24:20;SKU-001;4;45000;500;CARD
REC-20260725-STORE_01-0651;STORE_01;CASH-05;2026-07-25 9:24:20;SKU-002;3;12000;1000;CARD
REC-20260725-STORE_01-0652;STORE_01;CASH-04;2026-07-25 15:43:53;SKU-008;4;12000;0;CASH
REC-20260725-STORE_01-0652;STORE_01;CASH-06;2026-07-25 15:43:53;SKU-009;3;25000;0;CARD
REC-20260725-STORE_01-0653;STORE_01;CASH-03;2026-07-25 11:51:54;SKU-004;4;25000;500;CASH
REC-20260725-STORE_01-0653;STORE_01;CASH-03;2026-07-25 11:51:54;SKU-016;2;25000;500;CARD
REC-20260725-STORE_01-0654;STORE_01;CASH-01;2026-07-25 21:28:26;SKU-003;1;45000;0;CARD
REC-20260725-STORE_01-0654;STORE_01;CASH-10;2026-07-25 21:28:26;SKU-001;1;45000;0;CASH
REC-20260725-STORE_01-0654;STORE_01;CASH-09;2026-07-25 21:28:26;SKU-001;3;45000;0;CARD
REC-20260725-STORE_01-0655;STORE_01;CASH-01;2026-07-25 21:19:28;SKU-012;1;45000;1000;CARD
REC-20260725-STORE_01-0655;STORE_01;CASH-04;2026-07-25 21:19:28;SKU-023;2;45000;0;CARD
REC-20260725-STORE_01-0655;STORE_01;CASH-03;2026-07-25 21:19:28;SKU-018;3;5000;0;CASH
REC-20260725-STORE_01-0655;STORE_01;CASH-04;2026-07-25 21:19:28;SKU-009;1;25000;1000;CASH
REC-20260725-STORE_01-0656;STORE_01;CASH-04;2026-07-25 9:24:43;SKU-004;1;25000;500;CASH
REC-20260725-STORE_01-0656;STORE_01;CASH-04;2026-07-25 9:24:43;SKU-013;3;12000;0;CARD
REC-20260725-STORE_01-0657;STORE_01;CASH-08;2026-07-25 12:22:32;SKU-002;3;12000;0;CARD
REC-20260725-STORE_01-0657;STORE_01;CASH-08;2026-07-25 12:22:32;SKU-006;3;45000;0;CASH
REC-20260725-STORE_01-0658;STORE_01;CASH-06;2026-07-25 15:52:26;SKU-001;1;45000;0;CASH
REC-20260725-STORE_01-0658;STORE_01;CASH-05;2026-07-25 15:52:26;SKU-009;2;25000;0;CARD
REC-20260725-STORE_01-0659;STORE_01;CASH-04;2026-07-25 15:31:59;SKU-005;1;5000;0;CARD
REC-20260725-STORE_01-0659;STORE_01;CASH-01;2026-07-25 15:31:59;SKU-001;2;45000;0;CARD
REC-20260725-STORE_01-0659;STORE_01;CASH-01;2026-07-25 15:31:59;SKU-004;3;25000;500;CARD
REC-20260725-STORE_01-0659;STORE_01;CASH-03;2026-07-25 15:31:59;SKU-002;3;12000;0;CARD
REC-20260725-STORE_01-0659;STORE_01;CASH-10;2026-07-25 15:31:59;SKU-001;1;45000;1000;CARD
REC-20260725-STORE_01-0660;STORE_01;CASH-08;2026-07-25 18:18:28;SKU-031;4;45000;0;CARD
REC-20260725-STORE_01-0660;STORE_01;CASH-10;2026-07-25 18:18:28;SKU-010;3;25000;0;CARD
REC-20260725-STORE_01-0660;STORE_01;CASH-01;2026-07-25 18:18:28;SKU-021;4;5000;500;CASH
REC-20260725-STORE_01-0660;STORE_01;CASH-04;2026-07-25 18:18:28;SKU-005;1;5000;500;CARD
REC-20260725-STORE_01-0661;STORE_01;CASH-01;2026-07-25 9:44:41;SKU-007;3;12000;0;CASH
REC-20260725-STORE_01-0661;STORE_01;CASH-03;2026-07-25 9:44:41;SKU-003;2;45000;500;CARD
REC-20260725-STORE_01-0662;STORE_01;CASH-08;2026-07-25 11:33:06;SKU-002;3;12000;0;CARD
REC-20260725-STORE_01-0662;STORE_01;CASH-07;2026-07-25 11:33:06;SKU-048;3;25000;0;CARD
REC-20260725-STORE_01-0662;STORE_01;CASH-02;2026-07-25 11:33:06;SKU-005;1;5000;0;CASH
REC-20260725-STORE_01-0662;STORE_01;CASH-09;2026-07-25 11:33:06;SKU-006;2;45000;0;CARD
REC-20260725-STORE_01-0662;STORE_01;CASH-09;2026-07-25 11:33:06;SKU-010;1;25000;500;CASH
REC-20260725-STORE_01-0663;STORE_01;CASH-04;2026-07-25 11:53:55;SKU-001;1;45000;1000;CASH
REC-20260725-STORE_01-0663;STORE_01;CASH-03;2026-07-25 11:53:55;SKU-002;4;12000;1000;CARD
REC-20260725-STORE_01-0663;STORE_01;CASH-03;2026-07-25 11:53:55;SKU-001;2;45000;500;CASH
REC-20260725-STORE_01-0663;STORE_01;CASH-06;2026-07-25 11:53:55;SKU-001;2;45000;0;CASH
REC-20260725-STORE_01-0663;STORE_01;CASH-07;2026-07-25 11:53:55;SKU-005;4;5000;0;CARD
REC-20260725-STORE_01-0664;STORE_01;CASH-01;2026-07-25 15:26:46;SKU-013;3;12000;500;CASH
REC-20260725-STORE_01-0665;STORE_01;CASH-10;2026-07-25 12:04:52;SKU-005;3;5000;0;CARD
REC-20260725-STORE_01-0665;STORE_01;CASH-04;2026-07-25 12:04:52;SKU-029;1;5000;1000;CASH
REC-20260725-STORE_01-0665;STORE_01;CASH-05;2026-07-25 12:04:52;SKU-044;4;5000;0;CARD
REC-20260725-STORE_01-0665;STORE_01;CASH-08;2026-07-25 12:04:52;SKU-034;3;25000;0;CARD
REC-20260725-STORE_01-0665;STORE_01;CASH-10;2026-07-25 12:04:52;SKU-003;2;45000;0;CARD
REC-20260725-STORE_01-0666;STORE_01;CASH-09;2026-07-25 12:24:13;SKU-001;4;45000;1000;CARD
REC-20260725-STORE_01-0666;STORE_01;CASH-07;2026-07-25 12:24:13;SKU-001;4;45000;1000;CASH
REC-20260725-STORE_01-0667;STORE_01;CASH-08;2026-07-25 8:09:49;SKU-012;1;45000;0;CASH
REC-20260725-STORE_01-0667;STORE_01;CASH-02;2026-07-25 8:09:49;SKU-015;2;5000;1000;CARD
REC-20260725-STORE_01-0667;STORE_01;CASH-04;2026-07-25 8:09:49;SKU-016;1;25000;500;CARD
REC-20260725-STORE_01-0667;STORE_01;CASH-04;2026-07-25 8:09:49;SKU-044;2;5000;0;CASH
REC-20260725-STORE_01-0667;STORE_01;CASH-10;2026-07-25 8:09:49;SKU-002;2;12000;0;CARD
REC-20260725-STORE_01-0668;STORE_01;CASH-05;2026-07-25 11:05:21;SKU-002;1;12000;0;CARD
REC-20260725-STORE_01-0668;STORE_01;CASH-05;2026-07-25 11:05:21;SKU-009;4;25000;0;CARD
REC-20260725-STORE_01-0668;STORE_01;CASH-04;2026-07-25 11:05:21;SKU-009;1;25000;0;CARD
REC-20260725-STORE_01-0668;STORE_01;CASH-07;2026-07-25 11:05:21;SKU-014;1;5000;0;CARD
REC-20260725-STORE_01-0669;STORE_01;CASH-09;2026-07-25 15:34:50;SKU-002;2;12000;1000;CARD
REC-20260725-STORE_01-0670;STORE_01;CASH-02;2026-07-25 16:59:55;SKU-001;1;45000;0;CARD
REC-20260725-STORE_01-0670;STORE_01;CASH-08;2026-07-25 16:59:55;SKU-001;4;45000;0;CARD
REC-20260725-STORE_01-0670;STORE_01;CASH-05;2026-07-25 16:59:55;SKU-016;4;25000;0;CARD
REC-20260725-STORE_01-0671;STORE_01;CASH-02;2026-07-25 12:54:30;SKU-015;1;5000;500;CASH
REC-20260725-STORE_01-0671;STORE_01;CASH-07;2026-07-25 12:54:30;SKU-001;1;45000;500;CARD
REC-20260725-STORE_01-0671;STORE_01;CASH-04;2026-07-25 12:54:30;SKU-035;4;5000;0;CASH
REC-20260725-STORE_01-0671;STORE_01;CASH-03;2026-07-25 12:54:30;SKU-035;2;5000;0;CASH
REC-20260725-STORE_01-0672;STORE_01;CASH-04;2026-07-25 12:30:09;SKU-016;3;25000;1000;CASH
REC-20260725-STORE_01-0672;STORE_01;CASH-05;2026-07-25 12:30:09;SKU-002;1;12000;1000;CARD
REC-20260725-STORE_01-0672;STORE_01;CASH-02;2026-07-25 12:30:09;SKU-007;2;12000;500;CARD
REC-20260725-STORE_01-0672;STORE_01;CASH-10;2026-07-25 12:30:09;SKU-012;1;45000;0;CARD
REC-20260725-STORE_01-0672;STORE_01;CASH-02;2026-07-25 12:30:09;SKU-019;1;25000;0;CARD
REC-20260725-STORE_01-0673;STORE_01;CASH-03;2026-07-25 17:04:01;SKU-009;2;25000;0;CARD
REC-20260725-STORE_01-0673;STORE_01;CASH-02;2026-07-25 17:04:01;SKU-011;3;5000;0;CARD
REC-20260725-STORE_01-0673;STORE_01;CASH-06;2026-07-25 17:04:01;SKU-003;4;45000;0;CARD
REC-20260725-STORE_01-0673;STORE_01;CASH-01;2026-07-25 17:04:01;SKU-002;4;12000;1000;CASH
REC-20260725-STORE_01-0673;STORE_01;CASH-10;2026-07-25 17:04:01;SKU-006;4;45000;0;CARD
REC-20260725-STORE_01-0674;STORE_01;CASH-08;2026-07-25 17:30:17;SKU-026;1;12000;500;CARD
REC-20260725-STORE_01-0674;STORE_01;CASH-08;2026-07-25 17:30:17;SKU-001;2;45000;1000;CARD
REC-20260725-STORE_01-0674;STORE_01;CASH-10;2026-07-25 17:30:17;SKU-001;2;45000;0;CARD
REC-20260725-STORE_01-0674;STORE_01;CASH-06;2026-07-25 17:30:17;SKU-035;1;5000;0;CASH
REC-20260725-STORE_01-0674;STORE_01;CASH-10;2026-07-25 17:30:17;SKU-001;2;45000;0;CARD
REC-20260725-STORE_01-0675;STORE_01;CASH-06;2026-07-25 18:52:35;SKU-001;2;45000;0;CASH
REC-20260725-STORE_01-0675;STORE_01;CASH-04;2026-07-25 18:52:35;SKU-008;1;12000;0;CARD
REC-20260725-STORE_01-0675;STORE_01;CASH-04;2026-07-25 18:52:35;SKU-001;2;45000;1000;CARD
REC-20260725-STORE_01-0675;STORE_01;CASH-10;2026-07-25 18:52:35;SKU-001;4;45000;0;CASH
REC-20260725-STORE_01-0675;STORE_01;CASH-01;2026-07-25 18:52:35;SKU-027;1;5000;500;CARD
REC-20260725-STORE_01-0676;STORE_01;CASH-03;2026-07-25 13:04:30;SKU-010;3;25000;500;CASH
REC-20260725-STORE_01-0676;STORE_01;CASH-06;2026-07-25 13:04:30;SKU-005;1;5000;500;CARD
REC-20260725-STORE_01-0677;STORE_01;CASH-05;2026-07-25 18:21:48;SKU-046;2;25000;500;CARD
REC-20260725-STORE_01-0677;STORE_01;CASH-06;2026-07-25 18:21:48;SKU-015;4;5000;1000;CARD
REC-20260725-STORE_01-0677;STORE_01;CASH-09;2026-07-25 18:21:48;SKU-019;1;25000;0;CASH
REC-20260725-STORE_01-0677;STORE_01;CASH-05;2026-07-25 18:21:48;SKU-005;3;5000;500;CARD
REC-20260725-STORE_01-0677;STORE_01;CASH-09;2026-07-25 18:21:48;SKU-009;3;25000;0;CARD
REC-20260725-STORE_01-0678;STORE_01;CASH-03;2026-07-25 15:33:34;SKU-003;3;45000;1000;CARD
REC-20260725-STORE_01-0679;STORE_01;CASH-09;2026-07-25 10:23:09;SKU-002;4;12000;0;CASH
REC-20260725-STORE_01-0680;STORE_01;CASH-08;2026-07-25 13:52:37;SKU-014;4;5000;500;CARD
REC-20260725-STORE_01-0680;STORE_01;CASH-04;2026-07-25 13:52:37;SKU-005;3;5000;0;CARD
REC-20260725-STORE_01-0680;STORE_01;CASH-03;2026-07-25 13:52:37;SKU-001;1;45000;500;CASH
REC-20260725-STORE_01-0680;STORE_01;CASH-02;2026-07-25 13:52:37;SKU-006;1;45000;1000;CASH
REC-20260725-STORE_01-0680;STORE_01;CASH-02;2026-07-25 13:52:37;SKU-001;1;45000;0;CASH
REC-20260725-STORE_01-0681;STORE_01;CASH-08;2026-07-25 11:01:34;SKU-015;2;5000;1000;CARD
REC-20260725-STORE_01-0681;STORE_01;CASH-09;2026-07-25 11:01:34;SKU-002;2;12000;0;CASH
REC-20260725-STORE_01-0681;STORE_01;CASH-06;2026-07-25 11:01:34;SKU-001;1;45000;0;CARD
REC-20260725-STORE_01-0682;STORE_01;CASH-08;2026-07-25 15:11:04;SKU-030;4;45000;0;CARD
REC-20260725-STORE_01-0682;STORE_01;CASH-09;2026-07-25 15:11:04;SKU-006;1;45000;1000;CARD
REC-20260725-STORE_01-0682;STORE_01;CASH-05;2026-07-25 15:11:04;SKU-002;3;12000;0;CARD
REC-20260725-STORE_01-0682;STORE_01;CASH-06;2026-07-25 15:11:04;SKU-004;1;25000;0;CASH
REC-20260725-STORE_01-0682;STORE_01;CASH-07;2026-07-25 15:11:04;SKU-002;3;12000;0;CARD
REC-20260725-STORE_01-0683;STORE_01;CASH-07;2026-07-25 15:59:39;SKU-001;1;45000;0;CARD
REC-20260725-STORE_01-0683;STORE_01;CASH-08;2026-07-25 15:59:39;SKU-005;3;5000;1000;CARD
REC-20260725-STORE_01-0683;STORE_01;CASH-02;2026-07-25 15:59:39;SKU-019;3;25000;0;CARD
REC-20260725-STORE_01-0684;STORE_01;CASH-02;2026-07-25 15:53:15;SKU-003;4;45000;0;CASH
REC-20260725-STORE_01-0684;STORE_01;CASH-09;2026-07-25 15:53:15;SKU-003;1;45000;0;CARD
REC-20260725-STORE_01-0684;STORE_01;CASH-02;2026-07-25 15:53:15;SKU-013;1;12000;0;CASH
REC-20260725-STORE_01-0684;STORE_01;CASH-08;2026-07-25 15:53:15;SKU-032;2;25000;0;CARD
REC-20260725-STORE_01-0685;STORE_01;CASH-07;2026-07-25 18:51:22;SKU-001;4;45000;500;CASH
REC-20260725-STORE_01-0686;STORE_01;CASH-06;2026-07-25 17:02:35;SKU-009;1;25000;500;CARD
REC-20260725-STORE_01-0686;STORE_01;CASH-04;2026-07-25 17:02:35;SKU-004;4;25000;0;CARD
REC-20260725-STORE_01-0686;STORE_01;CASH-07;2026-07-25 17:02:35;SKU-009;2;25000;0;CARD
REC-20260725-STORE_01-0686;STORE_01;CASH-07;2026-07-25 17:02:35;SKU-005;2;5000;0;CASH
REC-20260725-STORE_01-0686;STORE_01;CASH-09;2026-07-25 17:02:35;SKU-020;1;12000;500;CARD
REC-20260725-STORE_01-0687;STORE_01;CASH-07;2026-07-25 13:42:46;SKU-046;4;25000;1000;CARD
REC-20260725-STORE_01-0687;STORE_01;CASH-06;2026-07-25 13:42:46;SKU-001;1;45000;0;CASH
REC-20260725-STORE_01-0687;STORE_01;CASH-02;2026-07-25 13:42:46;SKU-004;2;25000;0;CARD
REC-20260725-STORE_01-0687;STORE_01;CASH-08;2026-07-25 13:42:46;SKU-005;3;5000;1000;CARD
REC-20260725-STORE_01-0688;STORE_01;CASH-09;2026-07-25 12:45:47;SKU-011;1;5000;0;CARD
REC-20260725-STORE_01-0688;STORE_01;CASH-05;2026-07-25 12:45:47;SKU-001;1;45000;500;CASH
REC-20260725-STORE_01-0688;STORE_01;CASH-02;2026-07-25 12:45:47;SKU-004;1;25000;500;CASH
REC-20260725-STORE_01-0688;STORE_01;CASH-09;2026-07-25 12:45:47;SKU-001;2;45000;0;CARD
REC-20260725-STORE_01-0688;STORE_01;CASH-04;2026-07-25 12:45:47;SKU-026;1;12000;0;CARD
REC-20260725-STORE_01-0689;STORE_01;CASH-07;2026-07-25 19:30:31;SKU-026;3;12000;0;CARD
REC-20260725-STORE_01-0689;STORE_01;CASH-02;2026-07-25 19:30:31;SKU-030;2;45000;500;CASH
REC-20260725-STORE_01-0689;STORE_01;CASH-02;2026-07-25 19:30:31;SKU-004;2;25000;1000;CARD
REC-20260725-STORE_01-0690;STORE_01;CASH-05;2026-07-25 11:25:07;SKU-003;3;45000;0;CARD
REC-20260725-STORE_01-0690;STORE_01;CASH-05;2026-07-25 11:25:07;SKU-001;3;45000;0;CARD
REC-20260725-STORE_01-0690;STORE_01;CASH-09;2026-07-25 11:25:07;SKU-023;4;45000;0;CASH
REC-20260725-STORE_01-0691;STORE_01;CASH-03;2026-07-25 20:24:56;SKU-001;1;45000;0;CARD
REC-20260725-STORE_01-0691;STORE_01;CASH-01;2026-07-25 20:24:56;SKU-002;4;12000;1000;CASH
REC-20260725-STORE_01-0691;STORE_01;CASH-02;2026-07-25 20:24:56;SKU-002;2;12000;0;CARD
REC-20260725-STORE_01-0691;STORE_01;CASH-02;2026-07-25 20:24:56;SKU-026;1;12000;0;CARD
REC-20260725-STORE_01-0691;STORE_01;CASH-02;2026-07-25 20:24:56;SKU-001;3;45000;500;CASH
REC-20260725-STORE_01-0692;STORE_01;CASH-07;2026-07-25 21:41:39;SKU-024;3;12000;0;CASH
REC-20260725-STORE_01-0692;STORE_01;CASH-01;2026-07-25 21:41:39;SKU-006;1;45000;500;CASH
REC-20260725-STORE_01-0692;STORE_01;CASH-04;2026-07-25 21:41:39;SKU-002;1;12000;0;CASH
REC-20260725-STORE_01-0692;STORE_01;CASH-08;2026-07-25 21:41:39;SKU-018;1;5000;0;CASH
REC-20260725-STORE_01-0692;STORE_01;CASH-02;2026-07-25 21:41:39;SKU-027;3;5000;500;CARD
REC-20260725-STORE_01-0693;STORE_01;CASH-01;2026-07-25 12:00:58;SKU-001;2;45000;0;CARD
REC-20260725-STORE_01-0693;STORE_01;CASH-02;2026-07-25 12:00:58;SKU-012;3;45000;500;CARD
REC-20260725-STORE_01-0693;STORE_01;CASH-03;2026-07-25 12:00:58;SKU-002;3;12000;0;CARD
REC-20260725-STORE_01-0694;STORE_01;CASH-02;2026-07-25 20:42:13;SKU-027;1;5000;500;CARD
REC-20260725-STORE_01-0694;STORE_01;CASH-01;2026-07-25 20:42:13;SKU-049;4;5000;0;CARD
REC-20260725-STORE_01-0694;STORE_01;CASH-10;2026-07-25 20:42:13;SKU-015;4;5000;0;CASH
REC-20260725-STORE_01-0695;STORE_01;CASH-05;2026-07-25 11:35:28;SKU-001;3;45000;0;CASH
REC-20260725-STORE_01-0695;STORE_01;CASH-10;2026-07-25 11:35:28;SKU-008;1;12000;0;CASH
REC-20260725-STORE_01-0695;STORE_01;CASH-02;2026-07-25 11:35:28;SKU-004;3;25000;0;CARD
REC-20260725-STORE_01-0695;STORE_01;CASH-04;2026-07-25 11:35:28;SKU-012;2;45000;0;CARD
REC-20260725-STORE_01-0695;STORE_01;CASH-01;2026-07-25 11:35:28;SKU-043;3;25000;0;CARD
REC-20260725-STORE_01-0696;STORE_01;CASH-08;2026-07-25 21:16:06;SKU-018;2;5000;0;CARD
REC-20260725-STORE_01-0696;STORE_01;CASH-10;2026-07-25 21:16:06;SKU-046;3;25000;0;CARD
REC-20260725-STORE_01-0696;STORE_01;CASH-04;2026-07-25 21:16:06;SKU-001;1;45000;500;CASH
REC-20260725-STORE_01-0697;STORE_01;CASH-07;2026-07-25 12:55:04;SKU-001;2;45000;500;CARD
REC-20260725-STORE_01-0697;STORE_01;CASH-06;2026-07-25 12:55:04;SKU-026;2;12000;1000;CARD
REC-20260725-STORE_01-0698;STORE_01;CASH-02;2026-07-25 11:22:11;SKU-001;4;45000;0;CARD
REC-20260725-STORE_01-0698;STORE_01;CASH-10;2026-07-25 11:22:11;SKU-018;4;5000;0;CARD
REC-20260725-STORE_01-0699;STORE_01;CASH-08;2026-07-25 10:27:15;SKU-029;4;5000;0;CARD
REC-20260725-STORE_01-0699;STORE_01;CASH-02;2026-07-25 10:27:15;SKU-003;4;45000;0;CARD
REC-20260725-STORE_01-0699;STORE_01;CASH-08;2026-07-25 10:27:15;SKU-004;3;25000;0;CARD
REC-20260725-STORE_01-0700;STORE_01;CASH-01;2026-07-25 14:59:48;SKU-018;2;5000;0;CARD
REC-20260725-STORE_02-0001;STORE_02;CASH-05;2026-07-25 21:32:43;SKU-001;2;45000;1000;CASH
REC-20260725-STORE_02-0001;STORE_02;CASH-07;2026-07-25 21:32:43;SKU-005;2;5000;0;CASH
REC-20260725-STORE_02-0001;STORE_02;CASH-01;2026-07-25 21:32:43;SKU-004;1;25000;0;CARD
REC-20260725-STORE_02-0002;STORE_02;CASH-02;2026-07-25 20:28:58;SKU-032;1;25000;0;CASH
REC-20260725-STORE_02-0002;STORE_02;CASH-10;2026-07-25 20:28:58;SKU-008;2;12000;500;CARD
REC-20260725-STORE_02-0002;STORE_02;CASH-07;2026-07-25 20:28:58;SKU-001;4;45000;0;CARD
REC-20260725-STORE_02-0003;STORE_02;CASH-01;2026-07-25 18:58:01;SKU-040;3;25000;0;CARD
REC-20260725-STORE_02-0003;STORE_02;CASH-10;2026-07-25 18:58:01;SKU-028;2;5000;0;CARD
REC-20260725-STORE_02-0004;STORE_02;CASH-06;2026-07-25 21:41:30;SKU-004;1;25000;0;CARD
REC-20260725-STORE_02-0004;STORE_02;CASH-10;2026-07-25 21:41:30;SKU-001;4;45000;0;CARD
REC-20260725-STORE_02-0004;STORE_02;CASH-03;2026-07-25 21:41:30;SKU-038;4;12000;1000;CARD
REC-20260725-STORE_02-0005;STORE_02;CASH-01;2026-07-25 12:04:24;SKU-017;1;12000;0;CARD
REC-20260725-STORE_02-0005;STORE_02;CASH-10;2026-07-25 12:04:24;SKU-042;1;5000;0;CARD
REC-20260725-STORE_02-0006;STORE_02;CASH-07;2026-07-25 13:09:15;SKU-011;3;5000;0;CARD
REC-20260725-STORE_02-0006;STORE_02;CASH-03;2026-07-25 13:09:15;SKU-008;2;12000;0;CARD
REC-20260725-STORE_02-0006;STORE_02;CASH-05;2026-07-25 13:09:15;SKU-027;4;5000;0;CARD
REC-20260725-STORE_02-0006;STORE_02;CASH-06;2026-07-25 13:09:15;SKU-039;4;5000;1000;CASH
REC-20260725-STORE_02-0006;STORE_02;CASH-06;2026-07-25 13:09:15;SKU-029;3;5000;500;CASH
REC-20260725-STORE_02-0007;STORE_02;CASH-08;2026-07-25 14:44:51;SKU-004;3;25000;0;CARD
REC-20260725-STORE_02-0007;STORE_02;CASH-03;2026-07-25 14:44:51;SKU-005;4;5000;0;CASH
REC-20260725-STORE_02-0007;STORE_02;CASH-01;2026-07-25 14:44:51;SKU-001;4;45000;500;CARD
REC-20260725-STORE_02-0008;STORE_02;CASH-01;2026-07-25 10:10:06;SKU-001;4;45000;0;CARD
REC-20260725-STORE_02-0008;STORE_02;CASH-06;2026-07-25 10:10:06;SKU-005;3;5000;0;CARD
REC-20260725-STORE_02-0008;STORE_02;CASH-03;2026-07-25 10:10:06;SKU-028;1;5000;0;CARD
REC-20260725-STORE_02-0009;STORE_02;CASH-07;2026-07-25 11:40:00;SKU-041;1;25000;500;CARD
REC-20260725-STORE_02-0010;STORE_02;CASH-04;2026-07-25 9:17:13;SKU-037;2;45000;0;CARD
REC-20260725-STORE_02-0010;STORE_02;CASH-02;2026-07-25 9:17:13;SKU-002;1;12000;0;CASH
REC-20260725-STORE_02-0010;STORE_02;CASH-04;2026-07-25 9:17:13;SKU-004;3;25000;0;CASH
REC-20260725-STORE_02-0010;STORE_02;CASH-07;2026-07-25 9:17:13;SKU-016;3;25000;0;CARD
REC-20260725-STORE_02-0011;STORE_02;CASH-08;2026-07-25 19:35:09;SKU-009;2;25000;500;CASH
REC-20260725-STORE_02-0011;STORE_02;CASH-03;2026-07-25 19:35:09;SKU-001;4;45000;0;CARD
REC-20260725-STORE_02-0012;STORE_02;CASH-05;2026-07-25 17:01:30;SKU-012;3;45000;0;CARD
REC-20260725-STORE_02-0012;STORE_02;CASH-05;2026-07-25 17:01:30;SKU-016;1;25000;500;CARD
REC-20260725-STORE_02-0013;STORE_02;CASH-03;2026-07-25 21:11:08;SKU-013;2;12000;0;CARD
REC-20260725-STORE_02-0013;STORE_02;CASH-09;2026-07-25 21:11:08;SKU-002;2;12000;1000;CARD
REC-20260725-STORE_02-0014;STORE_02;CASH-03;2026-07-25 20:54:14;SKU-003;4;45000;0;CARD
REC-20260725-STORE_02-0014;STORE_02;CASH-09;2026-07-25 20:54:14;SKU-007;1;12000;0;CARD
REC-20260725-STORE_02-0015;STORE_02;CASH-10;2026-07-25 17:29:36;SKU-036;3;45000;500;CARD
REC-20260725-STORE_02-0015;STORE_02;CASH-08;2026-07-25 17:29:36;SKU-001;2;45000;0;CASH
REC-20260725-STORE_02-0015;STORE_02;CASH-05;2026-07-25 17:29:36;SKU-003;1;45000;0;CARD
REC-20260725-STORE_02-0015;STORE_02;CASH-01;2026-07-25 17:29:36;SKU-046;3;25000;0;CARD
REC-20260725-STORE_02-0015;STORE_02;CASH-02;2026-07-25 17:29:36;SKU-001;1;45000;0;CARD
REC-20260725-STORE_02-0016;STORE_02;CASH-06;2026-07-25 19:34:29;SKU-005;2;5000;0;CASH
REC-20260725-STORE_02-0016;STORE_02;CASH-01;2026-07-25 19:34:29;SKU-023;2;45000;0;CASH
REC-20260725-STORE_02-0017;STORE_02;CASH-02;2026-07-25 15:01:02;SKU-002;4;12000;500;CARD
REC-20260725-STORE_02-0017;STORE_02;CASH-10;2026-07-25 15:01:02;SKU-005;4;5000;0;CARD
REC-20260725-STORE_02-0017;STORE_02;CASH-07;2026-07-25 15:01:02;SKU-003;2;45000;0;CARD
REC-20260725-STORE_02-0018;STORE_02;CASH-06;2026-07-25 19:39:43;SKU-005;2;5000;0;CARD
REC-20260725-STORE_02-0018;STORE_02;CASH-10;2026-07-25 19:39:43;SKU-002;4;12000;0;CASH
REC-20260725-STORE_02-0018;STORE_02;CASH-02;2026-07-25 19:39:43;SKU-012;1;45000;0;CARD
REC-20260725-STORE_02-0018;STORE_02;CASH-05;2026-07-25 19:39:43;SKU-022;1;12000;500;CARD
REC-20260725-STORE_02-0018;STORE_02;CASH-01;2026-07-25 19:39:43;SKU-029;1;5000;1000;CASH
REC-20260725-STORE_02-0019;STORE_02;CASH-06;2026-07-25 12:24:37;SKU-006;1;45000;0;CARD
REC-20260725-STORE_02-0019;STORE_02;CASH-09;2026-07-25 12:24:37;SKU-019;1;25000;0;CARD
REC-20260725-STORE_02-0019;STORE_02;CASH-09;2026-07-25 12:24:37;SKU-002;3;12000;0;CASH
REC-20260725-STORE_02-0019;STORE_02;CASH-06;2026-07-25 12:24:37;SKU-019;3;25000;0;CARD
REC-20260725-STORE_02-0019;STORE_02;CASH-07;2026-07-25 12:24:37;SKU-001;2;45000;0;CARD
REC-20260725-STORE_02-0020;STORE_02;CASH-02;2026-07-25 10:48:36;SKU-036;1;45000;0;CARD
REC-20260725-STORE_02-0021;STORE_02;CASH-10;2026-07-25 17:07:11;SKU-007;3;12000;1000;CARD
REC-20260725-STORE_02-0022;STORE_02;CASH-07;2026-07-25 11:04:59;SKU-050;3;25000;500;CARD
REC-20260725-STORE_02-0022;STORE_02;CASH-05;2026-07-25 11:04:59;SKU-002;2;12000;1000;CARD
REC-20260725-STORE_02-0023;STORE_02;CASH-01;2026-07-25 9:53:45;SKU-001;3;45000;1000;CARD
REC-20260725-STORE_02-0023;STORE_02;CASH-03;2026-07-25 9:53:45;SKU-002;3;12000;0;CASH
REC-20260725-STORE_02-0023;STORE_02;CASH-10;2026-07-25 9:53:45;SKU-004;2;25000;1000;CARD
REC-20260725-STORE_02-0024;STORE_02;CASH-02;2026-07-25 17:28:25;SKU-015;4;5000;0;CARD
REC-20260725-STORE_02-0025;STORE_02;CASH-09;2026-07-25 18:01:30;SKU-001;4;45000;0;CASH
REC-20260725-STORE_02-0025;STORE_02;CASH-01;2026-07-25 18:01:30;SKU-022;1;12000;500;CARD
REC-20260725-STORE_02-0025;STORE_02;CASH-03;2026-07-25 18:01:30;SKU-021;1;5000;0;CARD
REC-20260725-STORE_02-0025;STORE_02;CASH-06;2026-07-25 18:01:30;SKU-017;4;12000;0;CARD
REC-20260725-STORE_02-0025;STORE_02;CASH-08;2026-07-25 18:01:30;SKU-001;3;45000;0;CASH
REC-20260725-STORE_02-0026;STORE_02;CASH-08;2026-07-25 15:54:48;SKU-001;4;45000;0;CARD
REC-20260725-STORE_02-0026;STORE_02;CASH-02;2026-07-25 15:54:48;SKU-014;4;5000;500;CARD
REC-20260725-STORE_02-0026;STORE_02;CASH-04;2026-07-25 15:54:48;SKU-005;3;5000;1000;CARD
REC-20260725-STORE_02-0026;STORE_02;CASH-07;2026-07-25 15:54:48;SKU-040;4;25000;0;CARD
REC-20260725-STORE_02-0026;STORE_02;CASH-06;2026-07-25 15:54:48;SKU-002;4;12000;0;CARD
REC-20260725-STORE_02-0027;STORE_02;CASH-07;2026-07-25 13:47:35;SKU-005;3;5000;0;CARD
REC-20260725-STORE_02-0027;STORE_02;CASH-10;2026-07-25 13:47:35;SKU-036;4;45000;500;CARD
REC-20260725-STORE_02-0027;STORE_02;CASH-02;2026-07-25 13:47:35;SKU-016;2;25000;0;CARD
REC-20260725-STORE_02-0027;STORE_02;CASH-01;2026-07-25 13:47:35;SKU-005;4;5000;0;CASH
REC-20260725-STORE_02-0027;STORE_02;CASH-03;2026-07-25 13:47:35;SKU-005;4;5000;0;CARD
REC-20260725-STORE_02-0028;STORE_02;CASH-01;2026-07-25 16:40:16;SKU-002;2;12000;1000;CASH
REC-20260725-STORE_02-0029;STORE_02;CASH-02;2026-07-25 10:09:34;SKU-024;4;12000;0;CARD
REC-20260725-STORE_02-0029;STORE_02;CASH-07;2026-07-25 10:09:34;SKU-014;4;5000;0;CARD
REC-20260725-STORE_02-0029;STORE_02;CASH-04;2026-07-25 10:09:34;SKU-008;3;12000;0;CARD
REC-20260725-STORE_02-0030;STORE_02;CASH-02;2026-07-25 10:27:11;SKU-040;1;25000;500;CARD
REC-20260725-STORE_02-0031;STORE_02;CASH-05;2026-07-25 9:35:03;SKU-002;1;12000;0;CASH
REC-20260725-STORE_02-0031;STORE_02;CASH-01;2026-07-25 9:35:03;SKU-016;4;25000;0;CARD
REC-20260725-STORE_02-0031;STORE_02;CASH-10;2026-07-25 9:35:03;SKU-042;4;5000;500;CASH
REC-20260725-STORE_02-0031;STORE_02;CASH-08;2026-07-25 9:35:03;SKU-003;2;45000;500;CARD
REC-20260725-STORE_02-0031;STORE_02;CASH-06;2026-07-25 9:35:03;SKU-001;4;45000;0;CASH
REC-20260725-STORE_02-0032;STORE_02;CASH-09;2026-07-25 21:33:32;SKU-001;4;45000;0;CASH
REC-20260725-STORE_02-0032;STORE_02;CASH-02;2026-07-25 21:33:32;SKU-003;3;45000;0;CARD
REC-20260725-STORE_02-0033;STORE_02;CASH-05;2026-07-25 14:29:49;SKU-013;1;12000;500;CASH
REC-20260725-STORE_02-0033;STORE_02;CASH-09;2026-07-25 14:29:49;SKU-001;4;45000;500;CARD
REC-20260725-STORE_02-0034;STORE_02;CASH-09;2026-07-25 19:08:34;SKU-001;2;45000;0;CARD
REC-20260725-STORE_02-0034;STORE_02;CASH-02;2026-07-25 19:08:34;SKU-007;3;12000;0;CASH
REC-20260725-STORE_02-0035;STORE_02;CASH-07;2026-07-25 9:34:48;SKU-011;2;5000;500;CASH
REC-20260725-STORE_02-0035;STORE_02;CASH-03;2026-07-25 9:34:48;SKU-013;2;12000;0;CARD
REC-20260725-STORE_02-0035;STORE_02;CASH-01;2026-07-25 9:34:48;SKU-011;1;5000;500;CASH
REC-20260725-STORE_02-0035;STORE_02;CASH-02;2026-07-25 9:34:48;SKU-002;1;12000;0;CARD
REC-20260725-STORE_02-0036;STORE_02;CASH-04;2026-07-25 10:48:43;SKU-001;4;45000;0;CASH
REC-20260725-STORE_02-0036;STORE_02;CASH-10;2026-07-25 10:48:43;SKU-002;4;12000;0;CASH
REC-20260725-STORE_02-0036;STORE_02;CASH-04;2026-07-25 10:48:43;SKU-023;1;45000;0;CARD
REC-20260725-STORE_02-0037;STORE_02;CASH-10;2026-07-25 19:15:42;SKU-001;1;45000;0;CASH
REC-20260725-STORE_02-0038;STORE_02;CASH-08;2026-07-25 17:04:56;SKU-008;1;12000;1000;CARD
REC-20260725-STORE_02-0038;STORE_02;CASH-03;2026-07-25 17:04:56;SKU-009;4;25000;0;CARD
REC-20260725-STORE_02-0039;STORE_02;CASH-03;2026-07-25 14:34:36;SKU-007;1;12000;500;CASH
REC-20260725-STORE_02-0040;STORE_02;CASH-08;2026-07-25 21:33:01;SKU-007;4;12000;0;CARD
REC-20260725-STORE_02-0040;STORE_02;CASH-06;2026-07-25 21:33:01;SKU-017;2;12000;500;CASH
REC-20260725-STORE_02-0040;STORE_02;CASH-04;2026-07-25 21:33:01;SKU-005;3;5000;0;CARD
REC-20260725-STORE_02-0040;STORE_02;CASH-03;2026-07-25 21:33:01;SKU-003;4;45000;0;CARD
REC-20260725-STORE_02-0040;STORE_02;CASH-05;2026-07-25 21:33:01;SKU-035;1;5000;1000;CASH
REC-20260725-STORE_02-0041;STORE_02;CASH-03;2026-07-25 8:11:17;SKU-023;3;45000;0;CARD
REC-20260725-STORE_02-0041;STORE_02;CASH-06;2026-07-25 8:11:17;SKU-004;4;25000;0;CARD
REC-20260725-STORE_02-0042;STORE_02;CASH-06;2026-07-25 13:02:30;SKU-009;4;25000;0;CASH
REC-20260725-STORE_02-0042;STORE_02;CASH-10;2026-07-25 13:02:30;SKU-001;4;45000;0;CARD
REC-20260725-STORE_02-0042;STORE_02;CASH-10;2026-07-25 13:02:30;SKU-001;3;45000;500;CASH
REC-20260725-STORE_02-0042;STORE_02;CASH-02;2026-07-25 13:02:30;SKU-007;3;12000;0;CASH
REC-20260725-STORE_02-0042;STORE_02;CASH-02;2026-07-25 13:02:30;SKU-001;2;45000;0;CASH
REC-20260725-STORE_02-0043;STORE_02;CASH-01;2026-07-25 19:35:36;SKU-004;2;25000;0;CARD
REC-20260725-STORE_02-0044;STORE_02;CASH-01;2026-07-25 12:06:07;SKU-002;2;12000;1000;CARD
REC-20260725-STORE_02-0044;STORE_02;CASH-03;2026-07-25 12:06:07;SKU-034;2;25000;500;CASH
REC-20260725-STORE_02-0044;STORE_02;CASH-08;2026-07-25 12:06:07;SKU-001;3;45000;0;CARD
REC-20260725-STORE_02-0044;STORE_02;CASH-07;2026-07-25 12:06:07;SKU-001;4;45000;0;CARD
REC-20260725-STORE_02-0045;STORE_02;CASH-08;2026-07-25 9:21:39;SKU-013;4;12000;0;CARD
REC-20260725-STORE_02-0045;STORE_02;CASH-02;2026-07-25 9:21:39;SKU-019;4;25000;0;CASH
REC-20260725-STORE_02-0045;STORE_02;CASH-03;2026-07-25 9:21:39;SKU-015;1;5000;0;CARD
REC-20260725-STORE_02-0046;STORE_02;CASH-07;2026-07-25 20:17:05;SKU-002;2;12000;0;CARD
REC-20260725-STORE_02-0046;STORE_02;CASH-01;2026-07-25 20:17:05;SKU-003;4;45000;500;CASH
REC-20260725-STORE_02-0046;STORE_02;CASH-05;2026-07-25 20:17:05;SKU-001;1;45000;500;CASH
REC-20260725-STORE_02-0046;STORE_02;CASH-02;2026-07-25 20:17:05;SKU-009;1;25000;1000;CARD
REC-20260725-STORE_02-0047;STORE_02;CASH-01;2026-07-25 8:15:07;SKU-012;1;45000;500;CARD
REC-20260725-STORE_02-0047;STORE_02;CASH-01;2026-07-25 8:15:07;SKU-008;1;12000;0;CARD
REC-20260725-STORE_02-0047;STORE_02;CASH-08;2026-07-25 8:15:07;SKU-002;3;12000;0;CASH
REC-20260725-STORE_02-0047;STORE_02;CASH-10;2026-07-25 8:15:07;SKU-001;4;45000;0;CARD
REC-20260725-STORE_02-0047;STORE_02;CASH-06;2026-07-25 8:15:07;SKU-011;4;5000;500;CARD
REC-20260725-STORE_02-0048;STORE_02;CASH-09;2026-07-25 17:44:58;SKU-001;4;45000;0;CARD
REC-20260725-STORE_02-0048;STORE_02;CASH-01;2026-07-25 17:44:58;SKU-022;4;12000;500;CARD
REC-20260725-STORE_02-0048;STORE_02;CASH-02;2026-07-25 17:44:58;SKU-026;4;12000;500;CARD
REC-20260725-STORE_02-0048;STORE_02;CASH-02;2026-07-25 17:44:58;SKU-001;3;45000;0;CARD
REC-20260725-STORE_02-0048;STORE_02;CASH-03;2026-07-25 17:44:58;SKU-003;1;45000;0;CASH
REC-20260725-STORE_02-0049;STORE_02;CASH-02;2026-07-25 10:03:26;SKU-002;2;12000;0;CARD
REC-20260725-STORE_02-0050;STORE_02;CASH-06;2026-07-25 18:54:23;SKU-045;1;45000;0;CARD
REC-20260725-STORE_02-0050;STORE_02;CASH-09;2026-07-25 18:54:23;SKU-002;1;12000;500;CASH
REC-20260725-STORE_02-0050;STORE_02;CASH-04;2026-07-25 18:54:23;SKU-002;4;12000;0;CASH
REC-20260725-STORE_02-0051;STORE_02;CASH-06;2026-07-25 20:32:42;SKU-023;1;45000;1000;CARD
REC-20260725-STORE_02-0052;STORE_02;CASH-01;2026-07-25 13:24:51;SKU-044;4;5000;500;CARD
REC-20260725-STORE_02-0052;STORE_02;CASH-02;2026-07-25 13:24:51;SKU-001;2;45000;1000;CARD
REC-20260725-STORE_02-0052;STORE_02;CASH-07;2026-07-25 13:24:51;SKU-016;2;25000;0;CARD
REC-20260725-STORE_02-0052;STORE_02;CASH-10;2026-07-25 13:24:51;SKU-020;2;12000;0;CARD
REC-20260725-STORE_02-0053;STORE_02;CASH-07;2026-07-25 16:52:51;SKU-021;3;5000;0;CARD
REC-20260725-STORE_02-0053;STORE_02;CASH-06;2026-07-25 16:52:51;SKU-043;2;25000;0;CARD
REC-20260725-STORE_02-0054;STORE_02;CASH-07;2026-07-25 14:14:58;SKU-001;3;45000;0;CARD
REC-20260725-STORE_02-0054;STORE_02;CASH-06;2026-07-25 14:14:58;SKU-011;4;5000;0;CASH
REC-20260725-STORE_02-0054;STORE_02;CASH-07;2026-07-25 14:14:58;SKU-015;3;5000;1000;CARD
REC-20260725-STORE_02-0054;STORE_02;CASH-10;2026-07-25 14:14:58;SKU-002;2;12000;0;CARD
REC-20260725-STORE_02-0055;STORE_02;CASH-03;2026-07-25 12:37:52;SKU-001;1;45000;0;CARD
REC-20260725-STORE_02-0055;STORE_02;CASH-06;2026-07-25 12:37:52;SKU-032;3;25000;0;CARD
REC-20260725-STORE_02-0055;STORE_02;CASH-02;2026-07-25 12:37:52;SKU-049;4;5000;0;CARD
REC-20260725-STORE_02-0056;STORE_02;CASH-03;2026-07-25 21:25:52;SKU-014;1;5000;0;CARD
REC-20260725-STORE_02-0057;STORE_02;CASH-01;2026-07-25 13:39:24;SKU-031;4;45000;0;CARD
REC-20260725-STORE_02-0057;STORE_02;CASH-01;2026-07-25 13:39:24;SKU-001;2;45000;0;CARD
REC-20260725-STORE_02-0058;STORE_02;CASH-07;2026-07-25 14:51:13;SKU-003;1;45000;500;CARD
REC-20260725-STORE_02-0058;STORE_02;CASH-08;2026-07-25 14:51:13;SKU-028;4;5000;500;CARD
REC-20260725-STORE_02-0058;STORE_02;CASH-03;2026-07-25 14:51:13;SKU-001;4;45000;500;CASH
REC-20260725-STORE_02-0059;STORE_02;CASH-03;2026-07-25 8:53:45;SKU-001;4;45000;0;CARD
REC-20260725-STORE_02-0059;STORE_02;CASH-05;2026-07-25 8:53:45;SKU-001;4;45000;0;CASH
REC-20260725-STORE_02-0059;STORE_02;CASH-03;2026-07-25 8:53:45;SKU-001;3;45000;0;CARD
REC-20260725-STORE_02-0059;STORE_02;CASH-08;2026-07-25 8:53:45;SKU-024;4;12000;500;CARD
REC-20260725-STORE_02-0059;STORE_02;CASH-07;2026-07-25 8:53:45;SKU-029;2;5000;1000;CARD
REC-20260725-STORE_02-0060;STORE_02;CASH-10;2026-07-25 14:33:35;SKU-003;1;45000;0;CARD
REC-20260725-STORE_02-0060;STORE_02;CASH-02;2026-07-25 14:33:35;SKU-001;1;45000;0;CARD
REC-20260725-STORE_02-0061;STORE_02;CASH-01;2026-07-25 19:18:14;SKU-006;1;45000;0;CARD
REC-20260725-STORE_02-0062;STORE_02;CASH-05;2026-07-25 15:50:13;SKU-009;4;25000;0;CARD
REC-20260725-STORE_02-0062;STORE_02;CASH-08;2026-07-25 15:50:13;SKU-025;4;5000;1000;CASH
REC-20260725-STORE_02-0062;STORE_02;CASH-09;2026-07-25 15:50:13;SKU-001;3;45000;0;CARD
REC-20260725-STORE_02-0062;STORE_02;CASH-07;2026-07-25 15:50:13;SKU-006;2;45000;0;CARD
REC-20260725-STORE_02-0063;STORE_02;CASH-02;2026-07-25 19:08:40;SKU-043;4;25000;500;CASH
REC-20260725-STORE_02-0063;STORE_02;CASH-06;2026-07-25 19:08:40;SKU-003;1;45000;0;CARD
REC-20260725-STORE_02-0063;STORE_02;CASH-03;2026-07-25 19:08:40;SKU-002;4;12000;1000;CARD
REC-20260725-STORE_02-0063;STORE_02;CASH-05;2026-07-25 19:08:40;SKU-001;2;45000;1000;CARD
REC-20260725-STORE_02-0064;STORE_02;CASH-04;2026-07-25 12:32:23;SKU-047;4;5000;500;CARD
REC-20260725-STORE_02-0065;STORE_02;CASH-05;2026-07-25 14:50:13;SKU-046;1;25000;0;CARD
REC-20260725-STORE_02-0065;STORE_02;CASH-02;2026-07-25 14:50:13;SKU-026;4;12000;0;CASH
REC-20260725-STORE_02-0065;STORE_02;CASH-08;2026-07-25 14:50:13;SKU-001;4;45000;0;CARD
REC-20260725-STORE_02-0065;STORE_02;CASH-09;2026-07-25 14:50:13;SKU-002;2;12000;0;CASH
REC-20260725-STORE_02-0066;STORE_02;CASH-10;2026-07-25 16:10:54;SKU-001;1;45000;1000;CARD
REC-20260725-STORE_02-0066;STORE_02;CASH-05;2026-07-25 16:10:54;SKU-037;2;45000;500;CARD
REC-20260725-STORE_02-0067;STORE_02;CASH-07;2026-07-25 17:33:42;SKU-001;3;45000;0;CARD
REC-20260725-STORE_02-0067;STORE_02;CASH-04;2026-07-25 17:33:42;SKU-001;3;45000;0;CARD
REC-20260725-STORE_02-0067;STORE_02;CASH-05;2026-07-25 17:33:42;SKU-033;2;5000;500;CARD
REC-20260725-STORE_02-0068;STORE_02;CASH-04;2026-07-25 8:17:08;SKU-033;3;5000;500;CARD
REC-20260725-STORE_02-0068;STORE_02;CASH-08;2026-07-25 8:17:08;SKU-011;1;5000;0;CASH
REC-20260725-STORE_02-0068;STORE_02;CASH-02;2026-07-25 8:17:08;SKU-001;3;45000;1000;CARD
REC-20260725-STORE_02-0069;STORE_02;CASH-09;2026-07-25 14:38:31;SKU-007;3;12000;0;CASH
REC-20260725-STORE_02-0069;STORE_02;CASH-08;2026-07-25 14:38:31;SKU-001;3;45000;500;CARD
REC-20260725-STORE_02-0069;STORE_02;CASH-05;2026-07-25 14:38:31;SKU-010;3;25000;500;CASH
REC-20260725-STORE_02-0070;STORE_02;CASH-06;2026-07-25 18:54:49;SKU-003;1;45000;0;CASH
REC-20260725-STORE_02-0070;STORE_02;CASH-07;2026-07-25 18:54:49;SKU-011;1;5000;1000;CARD
REC-20260725-STORE_02-0070;STORE_02;CASH-08;2026-07-25 18:54:49;SKU-010;3;25000;0;CARD
REC-20260725-STORE_02-0071;STORE_02;CASH-09;2026-07-25 9:58:07;SKU-029;2;5000;500;CASH
REC-20260725-STORE_02-0071;STORE_02;CASH-01;2026-07-25 9:58:07;SKU-003;3;45000;0;CARD
REC-20260725-STORE_02-0071;STORE_02;CASH-08;2026-07-25 9:58:07;SKU-013;3;12000;500;CARD
REC-20260725-STORE_02-0071;STORE_02;CASH-01;2026-07-25 9:58:07;SKU-007;2;12000;500;CARD
REC-20260725-STORE_02-0071;STORE_02;CASH-02;2026-07-25 9:58:07;SKU-009;3;25000;1000;CARD
REC-20260725-STORE_02-0072;STORE_02;CASH-05;2026-07-25 12:37:30;SKU-009;3;25000;0;CARD
REC-20260725-STORE_02-0072;STORE_02;CASH-08;2026-07-25 12:37:30;SKU-040;1;25000;0;CASH
REC-20260725-STORE_02-0072;STORE_02;CASH-06;2026-07-25 12:37:30;SKU-019;3;25000;500;CARD
REC-20260725-STORE_02-0072;STORE_02;CASH-06;2026-07-25 12:37:30;SKU-047;4;5000;0;CASH
REC-20260725-STORE_02-0073;STORE_02;CASH-07;2026-07-25 14:33:09;SKU-001;2;45000;1000;CARD
REC-20260725-STORE_02-0073;STORE_02;CASH-01;2026-07-25 14:33:09;SKU-010;2;25000;0;CASH
REC-20260725-STORE_02-0074;STORE_02;CASH-01;2026-07-25 20:20:31;SKU-026;4;12000;0;CARD
REC-20260725-STORE_02-0075;STORE_02;CASH-04;2026-07-25 15:29:08;SKU-007;3;12000;1000;CASH
REC-20260725-STORE_02-0075;STORE_02;CASH-02;2026-07-25 15:29:08;SKU-010;3;25000;0;CARD
REC-20260725-STORE_02-0076;STORE_02;CASH-08;2026-07-25 20:38:18;SKU-019;2;25000;1000;CASH
REC-20260725-STORE_02-0076;STORE_02;CASH-05;2026-07-25 20:38:18;SKU-022;4;12000;0;CARD
REC-20260725-STORE_02-0076;STORE_02;CASH-06;2026-07-25 20:38:18;SKU-002;4;12000;0;CARD
REC-20260725-STORE_02-0076;STORE_02;CASH-04;2026-07-25 20:38:18;SKU-009;4;25000;0;CARD
REC-20260725-STORE_02-0077;STORE_02;CASH-08;2026-07-25 9:28:50;SKU-002;2;12000;0;CARD
REC-20260725-STORE_02-0078;STORE_02;CASH-08;2026-07-25 16:19:36;SKU-014;3;5000;0;CARD
REC-20260725-STORE_02-0079;STORE_02;CASH-01;2026-07-25 18:07:29;SKU-006;3;45000;500;CASH
REC-20260725-STORE_02-0079;STORE_02;CASH-06;2026-07-25 18:07:29;SKU-002;1;12000;1000;CARD
REC-20260725-STORE_02-0079;STORE_02;CASH-10;2026-07-25 18:07:29;SKU-009;3;25000;0;CARD
REC-20260725-STORE_02-0079;STORE_02;CASH-06;2026-07-25 18:07:29;SKU-008;1;12000;0;CARD
REC-20260725-STORE_02-0080;STORE_02;CASH-03;2026-07-25 14:08:51;SKU-002;4;12000;0;CARD
REC-20260725-STORE_02-0080;STORE_02;CASH-09;2026-07-25 14:08:51;SKU-001;3;45000;0;CASH
REC-20260725-STORE_02-0080;STORE_02;CASH-02;2026-07-25 14:08:51;SKU-009;4;25000;0;CARD
REC-20260725-STORE_02-0081;STORE_02;CASH-05;2026-07-25 18:46:41;SKU-002;4;12000;500;CARD
REC-20260725-STORE_02-0081;STORE_02;CASH-09;2026-07-25 18:46:41;SKU-017;3;12000;500;CARD
REC-20260725-STORE_02-0081;STORE_02;CASH-01;2026-07-25 18:46:41;SKU-001;1;45000;0;CARD
REC-20260725-STORE_02-0081;STORE_02;CASH-07;2026-07-25 18:46:41;SKU-013;1;12000;500;CASH
REC-20260725-STORE_02-0082;STORE_02;CASH-04;2026-07-25 9:12:41;SKU-031;1;45000;0;CARD
REC-20260725-STORE_02-0082;STORE_02;CASH-04;2026-07-25 9:12:41;SKU-023;1;45000;0;CARD
REC-20260725-STORE_02-0082;STORE_02;CASH-08;2026-07-25 9:12:41;SKU-012;2;45000;0;CARD
REC-20260725-STORE_02-0082;STORE_02;CASH-10;2026-07-25 9:12:41;SKU-004;2;25000;1000;CARD
REC-20260725-STORE_02-0083;STORE_02;CASH-03;2026-07-25 16:27:30;SKU-001;2;45000;1000;CARD
REC-20260725-STORE_02-0083;STORE_02;CASH-07;2026-07-25 16:27:30;SKU-006;3;45000;1000;CASH
REC-20260725-STORE_02-0084;STORE_02;CASH-06;2026-07-25 14:18:18;SKU-001;2;45000;1000;CASH
REC-20260725-STORE_02-0084;STORE_02;CASH-05;2026-07-25 14:18:18;SKU-003;1;45000;500;CASH
REC-20260725-STORE_02-0084;STORE_02;CASH-05;2026-07-25 14:18:18;SKU-019;1;25000;0;CARD
REC-20260725-STORE_02-0085;STORE_02;CASH-07;2026-07-25 12:58:38;SKU-045;3;45000;1000;CASH
REC-20260725-STORE_02-0085;STORE_02;CASH-05;2026-07-25 12:58:38;SKU-001;2;45000;500;CARD
REC-20260725-STORE_02-0085;STORE_02;CASH-10;2026-07-25 12:58:38;SKU-003;1;45000;500;CASH
REC-20260725-STORE_02-0086;STORE_02;CASH-08;2026-07-25 10:24:21;SKU-024;3;12000;500;CARD
REC-20260725-STORE_02-0086;STORE_02;CASH-04;2026-07-25 10:24:21;SKU-006;2;45000;0;CASH
REC-20260725-STORE_02-0086;STORE_02;CASH-07;2026-07-25 10:24:21;SKU-001;2;45000;0;CARD
REC-20260725-STORE_02-0086;STORE_02;CASH-08;2026-07-25 10:24:21;SKU-015;3;5000;0;CARD
REC-20260725-STORE_02-0087;STORE_02;CASH-09;2026-07-25 8:09:24;SKU-007;1;12000;0;CASH
REC-20260725-STORE_02-0087;STORE_02;CASH-05;2026-07-25 8:09:24;SKU-002;1;12000;1000;CASH
REC-20260725-STORE_02-0087;STORE_02;CASH-03;2026-07-25 8:09:24;SKU-002;1;12000;0;CARD
REC-20260725-STORE_02-0087;STORE_02;CASH-08;2026-07-25 8:09:24;SKU-001;3;45000;500;CARD
REC-20260725-STORE_02-0087;STORE_02;CASH-10;2026-07-25 8:09:24;SKU-003;3;45000;1000;CARD
REC-20260725-STORE_02-0088;STORE_02;CASH-01;2026-07-25 16:25:44;SKU-002;4;12000;0;CARD
REC-20260725-STORE_02-0088;STORE_02;CASH-10;2026-07-25 16:25:44;SKU-006;1;45000;500;CASH
REC-20260725-STORE_02-0089;STORE_02;CASH-01;2026-07-25 18:51:25;SKU-049;3;5000;0;CARD
REC-20260725-STORE_02-0089;STORE_02;CASH-02;2026-07-25 18:51:25;SKU-001;1;45000;1000;CARD
REC-20260725-STORE_02-0089;STORE_02;CASH-02;2026-07-25 18:51:25;SKU-007;4;12000;500;CASH
REC-20260725-STORE_02-0090;STORE_02;CASH-09;2026-07-25 16:54:44;SKU-023;4;45000;0;CARD
REC-20260725-STORE_02-0090;STORE_02;CASH-06;2026-07-25 16:54:44;SKU-023;3;45000;500;CARD
REC-20260725-STORE_02-0090;STORE_02;CASH-01;2026-07-25 16:54:44;SKU-001;1;45000;0;CASH
REC-20260725-STORE_02-0091;STORE_02;CASH-04;2026-07-25 12:20:03;SKU-012;2;45000;0;CARD
REC-20260725-STORE_02-0091;STORE_02;CASH-03;2026-07-25 12:20:03;SKU-008;3;12000;1000;CARD
REC-20260725-STORE_02-0091;STORE_02;CASH-02;2026-07-25 12:20:03;SKU-014;1;5000;0;CASH
REC-20260725-STORE_02-0091;STORE_02;CASH-06;2026-07-25 12:20:03;SKU-014;1;5000;1000;CARD
REC-20260725-STORE_02-0092;STORE_02;CASH-10;2026-07-25 15:04:28;SKU-040;4;25000;500;CARD
REC-20260725-STORE_02-0092;STORE_02;CASH-08;2026-07-25 15:04:28;SKU-008;3;12000;500;CARD
REC-20260725-STORE_02-0092;STORE_02;CASH-08;2026-07-25 15:04:28;SKU-009;1;25000;0;CARD
REC-20260725-STORE_02-0092;STORE_02;CASH-03;2026-07-25 15:04:28;SKU-031;1;45000;500;CARD
REC-20260725-STORE_02-0093;STORE_02;CASH-03;2026-07-25 9:23:43;SKU-011;3;5000;1000;CARD
REC-20260725-STORE_02-0094;STORE_02;CASH-05;2026-07-25 13:36:56;SKU-009;1;25000;0;CARD
REC-20260725-STORE_02-0094;STORE_02;CASH-03;2026-07-25 13:36:56;SKU-002;2;12000;1000;CASH
REC-20260725-STORE_02-0094;STORE_02;CASH-01;2026-07-25 13:36:56;SKU-009;2;25000;1000;CARD
REC-20260725-STORE_02-0094;STORE_02;CASH-02;2026-07-25 13:36:56;SKU-003;3;45000;500;CASH
REC-20260725-STORE_02-0094;STORE_02;CASH-02;2026-07-25 13:36:56;SKU-003;2;45000;500;CASH
REC-20260725-STORE_02-0095;STORE_02;CASH-07;2026-07-25 21:26:31;SKU-003;2;45000;0;CARD
REC-20260725-STORE_02-0095;STORE_02;CASH-08;2026-07-25 21:26:31;SKU-002;3;12000;0;CARD
REC-20260725-STORE_02-0095;STORE_02;CASH-09;2026-07-25 21:26:31;SKU-003;3;45000;0;CARD
REC-20260725-STORE_02-0095;STORE_02;CASH-08;2026-07-25 21:26:31;SKU-001;3;45000;0;CASH
REC-20260725-STORE_02-0095;STORE_02;CASH-05;2026-07-25 21:26:31;SKU-002;4;12000;0;CASH
REC-20260725-STORE_02-0096;STORE_02;CASH-05;2026-07-25 9:14:25;SKU-002;4;12000;0;CARD
REC-20260725-STORE_02-0096;STORE_02;CASH-05;2026-07-25 9:14:25;SKU-002;3;12000;0;CASH
REC-20260725-STORE_02-0096;STORE_02;CASH-08;2026-07-25 9:14:25;SKU-013;3;12000;0;CASH
REC-20260725-STORE_02-0096;STORE_02;CASH-07;2026-07-25 9:14:25;SKU-019;1;25000;0;CARD
REC-20260725-STORE_02-0097;STORE_02;CASH-09;2026-07-25 18:43:48;SKU-001;1;45000;0;CASH
REC-20260725-STORE_02-0097;STORE_02;CASH-01;2026-07-25 18:43:48;SKU-003;4;45000;1000;CASH
REC-20260725-STORE_02-0098;STORE_02;CASH-05;2026-07-25 9:55:38;SKU-002;1;12000;1000;CARD
REC-20260725-STORE_02-0098;STORE_02;CASH-05;2026-07-25 9:55:38;SKU-001;4;45000;0;CASH
REC-20260725-STORE_02-0098;STORE_02;CASH-09;2026-07-25 9:55:38;SKU-029;1;5000;1000;CASH
REC-20260725-STORE_02-0098;STORE_02;CASH-09;2026-07-25 9:55:38;SKU-044;4;5000;1000;CASH
REC-20260725-STORE_02-0099;STORE_02;CASH-08;2026-07-25 17:35:32;SKU-020;3;12000;0;CARD
REC-20260725-STORE_02-0100;STORE_02;CASH-02;2026-07-25 21:47:30;SKU-026;3;12000;1000;CASH
REC-20260725-STORE_02-0101;STORE_02;CASH-06;2026-07-25 11:46:02;SKU-041;4;25000;0;CASH
REC-20260725-STORE_02-0101;STORE_02;CASH-06;2026-07-25 11:46:02;SKU-025;2;5000;1000;CARD
REC-20260725-STORE_02-0101;STORE_02;CASH-03;2026-07-25 11:46:02;SKU-001;1;45000;500;CASH
REC-20260725-STORE_02-0102;STORE_02;CASH-05;2026-07-25 17:49:54;SKU-013;2;12000;1000;CASH
REC-20260725-STORE_02-0102;STORE_02;CASH-05;2026-07-25 17:49:54;SKU-029;4;5000;0;CARD
REC-20260725-STORE_02-0102;STORE_02;CASH-03;2026-07-25 17:49:54;SKU-003;2;45000;500;CARD
REC-20260725-STORE_02-0102;STORE_02;CASH-06;2026-07-25 17:49:54;SKU-002;4;12000;1000;CARD
REC-20260725-STORE_02-0102;STORE_02;CASH-04;2026-07-25 17:49:54;SKU-010;3;25000;1000;CASH
REC-20260725-STORE_02-0103;STORE_02;CASH-08;2026-07-25 17:58:55;SKU-020;4;12000;0;CARD
REC-20260725-STORE_02-0103;STORE_02;CASH-06;2026-07-25 17:58:55;SKU-001;4;45000;1000;CARD
REC-20260725-STORE_02-0103;STORE_02;CASH-04;2026-07-25 17:58:55;SKU-014;3;5000;500;CASH
REC-20260725-STORE_02-0104;STORE_02;CASH-04;2026-07-25 14:57:59;SKU-010;1;25000;0;CARD
REC-20260725-STORE_02-0104;STORE_02;CASH-08;2026-07-25 14:57:59;SKU-014;2;5000;0;CARD
REC-20260725-STORE_02-0105;STORE_02;CASH-07;2026-07-25 11:12:37;SKU-012;4;45000;1000;CARD
REC-20260725-STORE_02-0105;STORE_02;CASH-08;2026-07-25 11:12:37;SKU-039;1;5000;0;CASH
REC-20260725-STORE_02-0105;STORE_02;CASH-08;2026-07-25 11:12:37;SKU-001;2;45000;1000;CASH
REC-20260725-STORE_02-0105;STORE_02;CASH-03;2026-07-25 11:12:37;SKU-005;2;5000;0;CARD
REC-20260725-STORE_02-0106;STORE_02;CASH-04;2026-07-25 13:48:56;SKU-011;4;5000;0;CASH
REC-20260725-STORE_02-0106;STORE_02;CASH-05;2026-07-25 13:48:56;SKU-008;3;12000;1000;CARD
REC-20260725-STORE_02-0107;STORE_02;CASH-09;2026-07-25 16:20:48;SKU-045;3;45000;0;CASH
REC-20260725-STORE_02-0107;STORE_02;CASH-10;2026-07-25 16:20:48;SKU-001;2;45000;1000;CARD
REC-20260725-STORE_02-0107;STORE_02;CASH-04;2026-07-25 16:20:48;SKU-012;2;45000;0;CASH
REC-20260725-STORE_02-0107;STORE_02;CASH-03;2026-07-25 16:20:48;SKU-019;2;25000;0;CARD
REC-20260725-STORE_02-0107;STORE_02;CASH-04;2026-07-25 16:20:48;SKU-017;4;12000;500;CASH
REC-20260725-STORE_02-0108;STORE_02;CASH-08;2026-07-25 20:21:57;SKU-007;4;12000;1000;CARD
REC-20260725-STORE_02-0108;STORE_02;CASH-01;2026-07-25 20:21:57;SKU-038;4;12000;0;CARD
REC-20260725-STORE_02-0109;STORE_02;CASH-10;2026-07-25 20:52:35;SKU-001;2;45000;0;CASH
REC-20260725-STORE_02-0109;STORE_02;CASH-01;2026-07-25 20:52:35;SKU-014;3;5000;0;CASH
REC-20260725-STORE_02-0109;STORE_02;CASH-05;2026-07-25 20:52:35;SKU-001;2;45000;0;CARD
REC-20260725-STORE_02-0109;STORE_02;CASH-04;2026-07-25 20:52:35;SKU-001;4;45000;0;CASH
REC-20260725-STORE_02-0110;STORE_02;CASH-02;2026-07-25 13:08:47;SKU-002;2;12000;0;CARD
REC-20260725-STORE_02-0110;STORE_02;CASH-09;2026-07-25 13:08:47;SKU-011;4;5000;0;CARD
REC-20260725-STORE_02-0110;STORE_02;CASH-06;2026-07-25 13:08:47;SKU-012;2;45000;1000;CARD
REC-20260725-STORE_02-0110;STORE_02;CASH-06;2026-07-25 13:08:47;SKU-016;4;25000;0;CARD
REC-20260725-STORE_02-0110;STORE_02;CASH-07;2026-07-25 13:08:47;SKU-005;3;5000;500;CARD
REC-20260725-STORE_02-0111;STORE_02;CASH-03;2026-07-25 18:27:45;SKU-001;3;45000;0;CARD
REC-20260725-STORE_02-0112;STORE_02;CASH-09;2026-07-25 19:41:39;SKU-039;3;5000;500;CARD
REC-20260725-STORE_02-0112;STORE_02;CASH-09;2026-07-25 19:41:39;SKU-003;3;45000;0;CARD
REC-20260725-STORE_02-0113;STORE_02;CASH-02;2026-07-25 11:34:09;SKU-030;4;45000;0;CARD
REC-20260725-STORE_02-0113;STORE_02;CASH-04;2026-07-25 11:34:09;SKU-007;4;12000;0;CASH
REC-20260725-STORE_02-0113;STORE_02;CASH-09;2026-07-25 11:34:09;SKU-003;2;45000;500;CARD
REC-20260725-STORE_02-0113;STORE_02;CASH-01;2026-07-25 11:34:09;SKU-001;2;45000;0;CASH
REC-20260725-STORE_02-0114;STORE_02;CASH-01;2026-07-25 11:57:19;SKU-003;1;45000;1000;CARD
REC-20260725-STORE_02-0114;STORE_02;CASH-10;2026-07-25 11:57:19;SKU-002;4;12000;0;CASH
REC-20260725-STORE_02-0114;STORE_02;CASH-09;2026-07-25 11:57:19;SKU-001;3;45000;1000;CARD
REC-20260725-STORE_02-0115;STORE_02;CASH-02;2026-07-25 19:10:42;SKU-001;1;45000;0;CASH
REC-20260725-STORE_02-0116;STORE_02;CASH-06;2026-07-25 21:47:09;SKU-047;3;5000;0;CASH
REC-20260725-STORE_02-0116;STORE_02;CASH-05;2026-07-25 21:47:09;SKU-001;1;45000;500;CARD
REC-20260725-STORE_02-0116;STORE_02;CASH-01;2026-07-25 21:47:09;SKU-006;4;45000;0;CARD
REC-20260725-STORE_02-0116;STORE_02;CASH-04;2026-07-25 21:47:09;SKU-001;4;45000;500;CARD
REC-20260725-STORE_02-0117;STORE_02;CASH-02;2026-07-25 18:12:38;SKU-002;2;12000;500;CARD
REC-20260725-STORE_02-0118;STORE_02;CASH-04;2026-07-25 20:29:16;SKU-035;2;5000;1000;CARD
REC-20260725-STORE_02-0118;STORE_02;CASH-04;2026-07-25 20:29:16;SKU-002;4;12000;0;CARD
REC-20260725-STORE_02-0118;STORE_02;CASH-03;2026-07-25 20:29:16;SKU-016;2;25000;500;CARD
REC-20260725-STORE_02-0118;STORE_02;CASH-02;2026-07-25 20:29:16;SKU-011;1;5000;500;CARD
REC-20260725-STORE_02-0118;STORE_02;CASH-10;2026-07-25 20:29:16;SKU-001;1;45000;1000;CASH
REC-20260725-STORE_02-0119;STORE_02;CASH-04;2026-07-25 11:52:49;SKU-007;4;12000;1000;CARD
REC-20260725-STORE_02-0119;STORE_02;CASH-01;2026-07-25 11:52:49;SKU-027;3;5000;0;CARD
REC-20260725-STORE_02-0119;STORE_02;CASH-07;2026-07-25 11:52:49;SKU-009;3;25000;1000;CARD
REC-20260725-STORE_02-0119;STORE_02;CASH-07;2026-07-25 11:52:49;SKU-015;1;5000;0;CASH
REC-20260725-STORE_02-0120;STORE_02;CASH-01;2026-07-25 15:06:20;SKU-042;2;5000;0;CARD
REC-20260725-STORE_02-0120;STORE_02;CASH-03;2026-07-25 15:06:20;SKU-019;1;25000;500;CARD
REC-20260725-STORE_02-0120;STORE_02;CASH-03;2026-07-25 15:06:20;SKU-024;1;12000;500;CARD
REC-20260725-STORE_02-0120;STORE_02;CASH-06;2026-07-25 15:06:20;SKU-002;4;12000;0;CARD
REC-20260725-STORE_02-0121;STORE_02;CASH-07;2026-07-25 8:18:08;SKU-003;2;45000;1000;CARD
REC-20260725-STORE_02-0121;STORE_02;CASH-04;2026-07-25 8:18:08;SKU-002;2;12000;500;CASH
REC-20260725-STORE_02-0121;STORE_02;CASH-04;2026-07-25 8:18:08;SKU-013;4;12000;0;CASH
REC-20260725-STORE_02-0122;STORE_02;CASH-09;2026-07-25 16:14:09;SKU-011;2;5000;0;CARD
REC-20260725-STORE_02-0122;STORE_02;CASH-02;2026-07-25 16:14:09;SKU-031;4;45000;1000;CARD
REC-20260725-STORE_02-0122;STORE_02;CASH-09;2026-07-25 16:14:09;SKU-016;1;25000;0;CARD
REC-20260725-STORE_02-0122;STORE_02;CASH-02;2026-07-25 16:14:09;SKU-006;2;45000;500;CASH
REC-20260725-STORE_02-0122;STORE_02;CASH-02;2026-07-25 16:14:09;SKU-004;3;25000;0;CARD
REC-20260725-STORE_02-0123;STORE_02;CASH-10;2026-07-25 18:33:10;SKU-007;1;12000;0;CASH
REC-20260725-STORE_02-0123;STORE_02;CASH-07;2026-07-25 18:33:10;SKU-033;1;5000;1000;CASH
REC-20260725-STORE_02-0124;STORE_02;CASH-04;2026-07-25 14:37:44;SKU-003;4;45000;1000;CARD
REC-20260725-STORE_02-0124;STORE_02;CASH-09;2026-07-25 14:37:44;SKU-006;1;45000;1000;CASH
REC-20260725-STORE_02-0124;STORE_02;CASH-02;2026-07-25 14:37:44;SKU-035;4;5000;0;CASH
REC-20260725-STORE_02-0125;STORE_02;CASH-07;2026-07-25 13:35:57;SKU-001;1;45000;500;CASH
REC-20260725-STORE_02-0125;STORE_02;CASH-08;2026-07-25 13:35:57;SKU-001;3;45000;0;CASH
REC-20260725-STORE_02-0126;STORE_02;CASH-09;2026-07-25 20:55:51;SKU-003;1;45000;0;CASH
REC-20260725-STORE_02-0127;STORE_02;CASH-02;2026-07-25 18:14:25;SKU-007;2;12000;0;CARD
REC-20260725-STORE_02-0127;STORE_02;CASH-09;2026-07-25 18:14:25;SKU-002;1;12000;0;CASH
REC-20260725-STORE_02-0127;STORE_02;CASH-02;2026-07-25 18:14:25;SKU-001;3;45000;0;CASH
REC-20260725-STORE_02-0128;STORE_02;CASH-05;2026-07-25 20:27:52;SKU-011;1;5000;1000;CARD
REC-20260725-STORE_02-0128;STORE_02;CASH-04;2026-07-25 20:27:52;SKU-034;1;25000;1000;CARD
REC-20260725-STORE_02-0129;STORE_02;CASH-04;2026-07-25 12:29:21;SKU-023;1;45000;0;CARD
REC-20260725-STORE_02-0129;STORE_02;CASH-08;2026-07-25 12:29:21;SKU-024;3;12000;500;CASH
REC-20260725-STORE_02-0130;STORE_02;CASH-08;2026-07-25 20:18:01;SKU-008;2;12000;0;CASH
REC-20260725-STORE_02-0130;STORE_02;CASH-06;2026-07-25 20:18:01;SKU-033;4;5000;0;CARD
REC-20260725-STORE_02-0130;STORE_02;CASH-05;2026-07-25 20:18:01;SKU-016;3;25000;0;CARD
REC-20260725-STORE_02-0130;STORE_02;CASH-02;2026-07-25 20:18:01;SKU-001;3;45000;0;CASH
REC-20260725-STORE_02-0130;STORE_02;CASH-08;2026-07-25 20:18:01;SKU-004;1;25000;0;CARD
REC-20260725-STORE_02-0131;STORE_02;CASH-08;2026-07-25 16:07:51;SKU-030;4;45000;500;CARD
REC-20260725-STORE_02-0131;STORE_02;CASH-06;2026-07-25 16:07:51;SKU-002;2;12000;0;CARD
REC-20260725-STORE_02-0131;STORE_02;CASH-07;2026-07-25 16:07:51;SKU-001;3;45000;0;CARD
REC-20260725-STORE_02-0131;STORE_02;CASH-04;2026-07-25 16:07:51;SKU-002;4;12000;1000;CASH
REC-20260725-STORE_02-0132;STORE_02;CASH-05;2026-07-25 10:57:19;SKU-004;1;25000;0;CASH
REC-20260725-STORE_02-0132;STORE_02;CASH-08;2026-07-25 10:57:19;SKU-003;2;45000;0;CASH
REC-20260725-STORE_02-0132;STORE_02;CASH-07;2026-07-25 10:57:19;SKU-001;4;45000;0;CARD
REC-20260725-STORE_02-0132;STORE_02;CASH-06;2026-07-25 10:57:19;SKU-017;1;12000;0;CASH
REC-20260725-STORE_02-0132;STORE_02;CASH-03;2026-07-25 10:57:19;SKU-002;4;12000;0;CARD
REC-20260725-STORE_02-0133;STORE_02;CASH-08;2026-07-25 10:22:10;SKU-006;2;45000;0;CARD
REC-20260725-STORE_02-0134;STORE_02;CASH-10;2026-07-25 20:45:57;SKU-001;3;45000;1000;CARD
REC-20260725-STORE_02-0134;STORE_02;CASH-10;2026-07-25 20:45:57;SKU-008;2;12000;0;CARD
REC-20260725-STORE_02-0134;STORE_02;CASH-07;2026-07-25 20:45:57;SKU-002;3;12000;1000;CASH
REC-20260725-STORE_02-0134;STORE_02;CASH-05;2026-07-25 20:45:57;SKU-001;4;45000;1000;CARD
REC-20260725-STORE_02-0135;STORE_02;CASH-02;2026-07-25 18:33:42;SKU-026;4;12000;500;CASH
REC-20260725-STORE_02-0136;STORE_02;CASH-06;2026-07-25 9:43:31;SKU-001;4;45000;500;CARD
REC-20260725-STORE_02-0136;STORE_02;CASH-08;2026-07-25 9:43:31;SKU-005;1;5000;1000;CARD
REC-20260725-STORE_02-0137;STORE_02;CASH-10;2026-07-25 15:46:45;SKU-001;2;45000;500;CASH
REC-20260725-STORE_02-0137;STORE_02;CASH-10;2026-07-25 15:46:45;SKU-007;4;12000;500;CASH
REC-20260725-STORE_02-0137;STORE_02;CASH-05;2026-07-25 15:46:45;SKU-014;3;5000;500;CARD
REC-20260725-STORE_02-0137;STORE_02;CASH-02;2026-07-25 15:46:45;SKU-013;2;12000;0;CASH
REC-20260725-STORE_02-0137;STORE_02;CASH-05;2026-07-25 15:46:45;SKU-012;3;45000;0;CASH
REC-20260725-STORE_02-0138;STORE_02;CASH-04;2026-07-25 15:47:25;SKU-003;1;45000;0;CASH
REC-20260725-STORE_02-0138;STORE_02;CASH-01;2026-07-25 15:47:25;SKU-001;4;45000;0;CASH
REC-20260725-STORE_02-0138;STORE_02;CASH-02;2026-07-25 15:47:25;SKU-010;3;25000;1000;CARD
REC-20260725-STORE_02-0138;STORE_02;CASH-04;2026-07-25 15:47:25;SKU-010;4;25000;500;CARD
REC-20260725-STORE_02-0138;STORE_02;CASH-05;2026-07-25 15:47:25;SKU-001;1;45000;0;CASH
REC-20260725-STORE_02-0139;STORE_02;CASH-03;2026-07-25 21:20:51;SKU-006;3;45000;0;CARD
REC-20260725-STORE_02-0140;STORE_02;CASH-08;2026-07-25 10:49:23;SKU-004;3;25000;0;CASH
REC-20260725-STORE_02-0141;STORE_02;CASH-01;2026-07-25 19:33:13;SKU-005;1;5000;0;CARD
REC-20260725-STORE_02-0141;STORE_02;CASH-08;2026-07-25 19:33:13;SKU-002;3;12000;0;CASH
REC-20260725-STORE_02-0141;STORE_02;CASH-03;2026-07-25 19:33:13;SKU-020;2;12000;0;CARD
REC-20260725-STORE_02-0142;STORE_02;CASH-05;2026-07-25 12:52:14;SKU-013;2;12000;1000;CASH
REC-20260725-STORE_02-0142;STORE_02;CASH-04;2026-07-25 12:52:14;SKU-050;3;25000;0;CARD
REC-20260725-STORE_02-0142;STORE_02;CASH-05;2026-07-25 12:52:14;SKU-003;1;45000;0;CARD
REC-20260725-STORE_02-0142;STORE_02;CASH-07;2026-07-25 12:52:14;SKU-026;1;12000;0;CASH
REC-20260725-STORE_02-0143;STORE_02;CASH-07;2026-07-25 10:05:25;SKU-002;2;12000;500;CASH
REC-20260725-STORE_02-0143;STORE_02;CASH-07;2026-07-25 10:05:25;SKU-012;1;45000;0;CARD
REC-20260725-STORE_02-0144;STORE_02;CASH-10;2026-07-25 16:34:20;SKU-005;4;5000;0;CARD
REC-20260725-STORE_02-0144;STORE_02;CASH-01;2026-07-25 16:34:20;SKU-002;4;12000;0;CASH
REC-20260725-STORE_02-0145;STORE_02;CASH-06;2026-07-25 18:35:32;SKU-008;1;12000;500;CARD
REC-20260725-STORE_02-0145;STORE_02;CASH-02;2026-07-25 18:35:32;SKU-004;4;25000;1000;CASH
REC-20260725-STORE_02-0145;STORE_02;CASH-04;2026-07-25 18:35:32;SKU-007;4;12000;500;CASH
REC-20260725-STORE_02-0145;STORE_02;CASH-10;2026-07-25 18:35:32;SKU-001;4;45000;500;CASH
REC-20260725-STORE_02-0146;STORE_02;CASH-01;2026-07-25 11:34:25;SKU-001;2;45000;500;CASH
REC-20260725-STORE_02-0146;STORE_02;CASH-10;2026-07-25 11:34:25;SKU-001;2;45000;0;CARD
REC-20260725-STORE_02-0146;STORE_02;CASH-07;2026-07-25 11:34:25;SKU-042;1;5000;0;CARD
REC-20260725-STORE_02-0147;STORE_02;CASH-04;2026-07-25 9:38:44;SKU-009;2;25000;1000;CARD
REC-20260725-STORE_02-0147;STORE_02;CASH-09;2026-07-25 9:38:44;SKU-013;3;12000;0;CARD
REC-20260725-STORE_02-0147;STORE_02;CASH-09;2026-07-25 9:38:44;SKU-004;3;25000;0;CARD
REC-20260725-STORE_02-0148;STORE_02;CASH-09;2026-07-25 13:00:42;SKU-001;1;45000;0;CARD
REC-20260725-STORE_02-0148;STORE_02;CASH-05;2026-07-25 13:00:42;SKU-049;4;5000;0;CASH
REC-20260725-STORE_02-0148;STORE_02;CASH-10;2026-07-25 13:00:42;SKU-002;3;12000;0;CASH
REC-20260725-STORE_02-0148;STORE_02;CASH-05;2026-07-25 13:00:42;SKU-001;1;45000;1000;CARD
REC-20260725-STORE_02-0148;STORE_02;CASH-01;2026-07-25 13:00:42;SKU-001;4;45000;1000;CASH
REC-20260725-STORE_02-0149;STORE_02;CASH-02;2026-07-25 18:06:41;SKU-004;1;25000;0;CASH
REC-20260725-STORE_02-0149;STORE_02;CASH-01;2026-07-25 18:06:41;SKU-049;1;5000;500;CARD
REC-20260725-STORE_02-0150;STORE_02;CASH-06;2026-07-25 21:07:23;SKU-001;4;45000;500;CASH
REC-20260725-STORE_02-0151;STORE_02;CASH-10;2026-07-25 11:07:48;SKU-002;2;12000;500;CARD
REC-20260725-STORE_02-0152;STORE_02;CASH-04;2026-07-25 15:00:25;SKU-046;4;25000;1000;CARD
REC-20260725-STORE_02-0152;STORE_02;CASH-05;2026-07-25 15:00:25;SKU-001;1;45000;1000;CARD
REC-20260725-STORE_02-0153;STORE_02;CASH-09;2026-07-25 8:03:02;SKU-007;1;12000;1000;CASH
REC-20260725-STORE_02-0153;STORE_02;CASH-02;2026-07-25 8:03:02;SKU-012;1;45000;0;CASH
REC-20260725-STORE_02-0154;STORE_02;CASH-10;2026-07-25 15:15:32;SKU-018;3;5000;0;CARD
REC-20260725-STORE_02-0154;STORE_02;CASH-05;2026-07-25 15:15:32;SKU-001;3;45000;1000;CARD
REC-20260725-STORE_02-0154;STORE_02;CASH-04;2026-07-25 15:15:32;SKU-001;4;45000;500;CASH
REC-20260725-STORE_02-0154;STORE_02;CASH-10;2026-07-25 15:15:32;SKU-023;1;45000;0;CARD
REC-20260725-STORE_02-0155;STORE_02;CASH-09;2026-07-25 8:34:58;SKU-022;1;12000;500;CARD
REC-20260725-STORE_02-0155;STORE_02;CASH-01;2026-07-25 8:34:58;SKU-007;2;12000;1000;CARD
REC-20260725-STORE_02-0155;STORE_02;CASH-07;2026-07-25 8:34:58;SKU-011;1;5000;0;CASH
REC-20260725-STORE_02-0155;STORE_02;CASH-03;2026-07-25 8:34:58;SKU-029;4;5000;0;CASH
REC-20260725-STORE_02-0156;STORE_02;CASH-10;2026-07-25 20:31:43;SKU-020;2;12000;500;CARD
REC-20260725-STORE_02-0156;STORE_02;CASH-09;2026-07-25 20:31:43;SKU-003;2;45000;1000;CASH
REC-20260725-STORE_02-0156;STORE_02;CASH-02;2026-07-25 20:31:43;SKU-004;1;25000;0;CASH
REC-20260725-STORE_02-0157;STORE_02;CASH-07;2026-07-25 13:40:16;SKU-003;1;45000;500;CARD
REC-20260725-STORE_02-0157;STORE_02;CASH-08;2026-07-25 13:40:16;SKU-029;2;5000;0;CARD
REC-20260725-STORE_02-0158;STORE_02;CASH-02;2026-07-25 15:10:01;SKU-001;2;45000;1000;CARD
REC-20260725-STORE_02-0158;STORE_02;CASH-08;2026-07-25 15:10:01;SKU-009;2;25000;1000;CASH
REC-20260725-STORE_02-0158;STORE_02;CASH-05;2026-07-25 15:10:01;SKU-011;2;5000;0;CARD
REC-20260725-STORE_02-0158;STORE_02;CASH-04;2026-07-25 15:10:01;SKU-007;1;12000;1000;CARD
REC-20260725-STORE_02-0159;STORE_02;CASH-04;2026-07-25 8:40:01;SKU-010;3;25000;1000;CARD
REC-20260725-STORE_02-0159;STORE_02;CASH-08;2026-07-25 8:40:01;SKU-002;3;12000;500;CARD
REC-20260725-STORE_02-0159;STORE_02;CASH-05;2026-07-25 8:40:01;SKU-003;2;45000;1000;CARD
REC-20260725-STORE_02-0159;STORE_02;CASH-09;2026-07-25 8:40:01;SKU-003;1;45000;0;CASH
REC-20260725-STORE_02-0159;STORE_02;CASH-07;2026-07-25 8:40:01;SKU-009;1;25000;1000;CASH
REC-20260725-STORE_02-0160;STORE_02;CASH-02;2026-07-25 18:52:14;SKU-008;2;12000;1000;CARD
REC-20260725-STORE_02-0160;STORE_02;CASH-09;2026-07-25 18:52:14;SKU-007;2;12000;0;CASH
REC-20260725-STORE_02-0160;STORE_02;CASH-10;2026-07-25 18:52:14;SKU-001;1;45000;0;CARD
REC-20260725-STORE_02-0160;STORE_02;CASH-03;2026-07-25 18:52:14;SKU-002;4;12000;0;CARD
REC-20260725-STORE_02-0161;STORE_02;CASH-06;2026-07-25 18:45:39;SKU-002;4;12000;0;CARD
REC-20260725-STORE_02-0162;STORE_02;CASH-02;2026-07-25 14:22:48;SKU-043;2;25000;0;CASH
REC-20260725-STORE_02-0162;STORE_02;CASH-07;2026-07-25 14:22:48;SKU-002;2;12000;0;CASH
REC-20260725-STORE_02-0162;STORE_02;CASH-04;2026-07-25 14:22:48;SKU-047;1;5000;0;CARD
REC-20260725-STORE_02-0162;STORE_02;CASH-08;2026-07-25 14:22:48;SKU-001;1;45000;500;CASH
REC-20260725-STORE_02-0162;STORE_02;CASH-02;2026-07-25 14:22:48;SKU-038;2;12000;500;CARD
REC-20260725-STORE_02-0163;STORE_02;CASH-08;2026-07-25 20:12:17;SKU-008;4;12000;0;CARD
REC-20260725-STORE_02-0163;STORE_02;CASH-07;2026-07-25 20:12:17;SKU-019;4;25000;0;CARD
REC-20260725-STORE_02-0163;STORE_02;CASH-07;2026-07-25 20:12:17;SKU-023;1;45000;1000;CASH
REC-20260725-STORE_02-0164;STORE_02;CASH-05;2026-07-25 16:59:19;SKU-007;1;12000;0;CARD
REC-20260725-STORE_02-0164;STORE_02;CASH-07;2026-07-25 16:59:19;SKU-027;4;5000;1000;CASH
REC-20260725-STORE_02-0164;STORE_02;CASH-10;2026-07-25 16:59:19;SKU-001;2;45000;0;CARD
REC-20260725-STORE_02-0164;STORE_02;CASH-05;2026-07-25 16:59:19;SKU-002;4;12000;0;CARD
REC-20260725-STORE_02-0165;STORE_02;CASH-04;2026-07-25 20:22:18;SKU-022;2;12000;0;CARD
REC-20260725-STORE_02-0165;STORE_02;CASH-03;2026-07-25 20:22:18;SKU-001;2;45000;1000;CASH
REC-20260725-STORE_02-0165;STORE_02;CASH-10;2026-07-25 20:22:18;SKU-001;4;45000;0;CASH
REC-20260725-STORE_02-0165;STORE_02;CASH-07;2026-07-25 20:22:18;SKU-001;4;45000;0;CARD
REC-20260725-STORE_02-0165;STORE_02;CASH-09;2026-07-25 20:22:18;SKU-009;1;25000;0;CASH
REC-20260725-STORE_02-0166;STORE_02;CASH-02;2026-07-25 13:27:24;SKU-001;1;45000;1000;CARD
REC-20260725-STORE_02-0166;STORE_02;CASH-04;2026-07-25 13:27:24;SKU-001;4;45000;1000;CASH
REC-20260725-STORE_02-0166;STORE_02;CASH-10;2026-07-25 13:27:24;SKU-009;2;25000;0;CARD
REC-20260725-STORE_02-0167;STORE_02;CASH-04;2026-07-25 18:17:07;SKU-027;3;5000;0;CARD
REC-20260725-STORE_02-0168;STORE_02;CASH-03;2026-07-25 14:48:50;SKU-019;2;25000;0;CASH
REC-20260725-STORE_02-0168;STORE_02;CASH-07;2026-07-25 14:48:50;SKU-005;4;5000;0;CARD
REC-20260725-STORE_02-0168;STORE_02;CASH-04;2026-07-25 14:48:50;SKU-020;3;12000;500;CARD
REC-20260725-STORE_02-0169;STORE_02;CASH-09;2026-07-25 19:38:39;SKU-008;3;12000;500;CARD
REC-20260725-STORE_02-0169;STORE_02;CASH-07;2026-07-25 19:38:39;SKU-001;2;45000;0;CARD
REC-20260725-STORE_02-0169;STORE_02;CASH-01;2026-07-25 19:38:39;SKU-001;1;45000;500;CASH
REC-20260725-STORE_02-0170;STORE_02;CASH-04;2026-07-25 14:30:46;SKU-006;3;45000;500;CARD
REC-20260725-STORE_02-0170;STORE_02;CASH-06;2026-07-25 14:30:46;SKU-001;2;45000;1000;CARD
REC-20260725-STORE_02-0171;STORE_02;CASH-09;2026-07-25 15:45:05;SKU-013;3;12000;500;CARD
REC-20260725-STORE_02-0171;STORE_02;CASH-09;2026-07-25 15:45:05;SKU-002;4;12000;1000;CASH
REC-20260725-STORE_02-0171;STORE_02;CASH-03;2026-07-25 15:45:05;SKU-039;1;5000;0;CARD
REC-20260725-STORE_02-0171;STORE_02;CASH-05;2026-07-25 15:45:05;SKU-012;2;45000;0;CASH
REC-20260725-STORE_02-0172;STORE_02;CASH-05;2026-07-25 19:50:12;SKU-002;3;12000;1000;CARD
REC-20260725-STORE_02-0172;STORE_02;CASH-06;2026-07-25 19:50:12;SKU-017;2;12000;500;CARD
REC-20260725-STORE_02-0172;STORE_02;CASH-04;2026-07-25 19:50:12;SKU-001;1;45000;1000;CARD
REC-20260725-STORE_02-0172;STORE_02;CASH-07;2026-07-25 19:50:12;SKU-003;3;45000;1000;CASH
REC-20260725-STORE_02-0172;STORE_02;CASH-06;2026-07-25 19:50:12;SKU-017;4;12000;0;CARD
REC-20260725-STORE_02-0173;STORE_02;CASH-04;2026-07-25 19:26:54;SKU-002;3;12000;1000;CARD
REC-20260725-STORE_02-0174;STORE_02;CASH-03;2026-07-25 10:42:03;SKU-001;3;45000;500;CASH
REC-20260725-STORE_02-0174;STORE_02;CASH-01;2026-07-25 10:42:03;SKU-014;1;5000;0;CARD
REC-20260725-STORE_02-0174;STORE_02;CASH-09;2026-07-25 10:42:03;SKU-016;1;25000;500;CARD
REC-20260725-STORE_02-0174;STORE_02;CASH-06;2026-07-25 10:42:03;SKU-007;4;12000;1000;CARD
REC-20260725-STORE_02-0174;STORE_02;CASH-04;2026-07-25 10:42:03;SKU-013;4;12000;0;CASH
REC-20260725-STORE_02-0175;STORE_02;CASH-03;2026-07-25 9:26:26;SKU-003;2;45000;500;CARD
REC-20260725-STORE_02-0175;STORE_02;CASH-05;2026-07-25 9:26:26;SKU-045;3;45000;1000;CASH
REC-20260725-STORE_02-0175;STORE_02;CASH-10;2026-07-25 9:26:26;SKU-021;4;5000;500;CASH
REC-20260725-STORE_02-0175;STORE_02;CASH-08;2026-07-25 9:26:26;SKU-029;3;5000;0;CARD
REC-20260725-STORE_02-0176;STORE_02;CASH-08;2026-07-25 8:15:25;SKU-011;4;5000;0;CARD
REC-20260725-STORE_02-0176;STORE_02;CASH-04;2026-07-25 8:15:25;SKU-012;1;45000;0;CARD
REC-20260725-STORE_02-0177;STORE_02;CASH-07;2026-07-25 9:12:16;SKU-009;3;25000;0;CARD
REC-20260725-STORE_02-0177;STORE_02;CASH-05;2026-07-25 9:12:16;SKU-002;3;12000;0;CARD
REC-20260725-STORE_02-0177;STORE_02;CASH-01;2026-07-25 9:12:16;SKU-004;4;25000;0;CARD
REC-20260725-STORE_02-0178;STORE_02;CASH-03;2026-07-25 13:03:08;SKU-023;3;45000;0;CARD
REC-20260725-STORE_02-0178;STORE_02;CASH-02;2026-07-25 13:03:08;SKU-004;4;25000;1000;CARD
REC-20260725-STORE_02-0178;STORE_02;CASH-06;2026-07-25 13:03:08;SKU-001;2;45000;0;CARD
REC-20260725-STORE_02-0178;STORE_02;CASH-08;2026-07-25 13:03:08;SKU-004;2;25000;0;CARD
REC-20260725-STORE_02-0178;STORE_02;CASH-04;2026-07-25 13:03:08;SKU-001;1;45000;0;CARD
REC-20260725-STORE_02-0179;STORE_02;CASH-01;2026-07-25 16:28:51;SKU-005;2;5000;0;CARD
REC-20260725-STORE_02-0179;STORE_02;CASH-09;2026-07-25 16:28:51;SKU-003;1;45000;0;CARD
REC-20260725-STORE_02-0179;STORE_02;CASH-10;2026-07-25 16:28:51;SKU-001;3;45000;0;CARD
REC-20260725-STORE_02-0179;STORE_02;CASH-03;2026-07-25 16:28:51;SKU-001;2;45000;0;CASH
REC-20260725-STORE_02-0179;STORE_02;CASH-05;2026-07-25 16:28:51;SKU-025;2;5000;0;CASH
REC-20260725-STORE_02-0180;STORE_02;CASH-05;2026-07-25 8:35:34;SKU-028;4;5000;0;CARD
REC-20260725-STORE_02-0180;STORE_02;CASH-06;2026-07-25 8:35:34;SKU-005;2;5000;0;CASH
REC-20260725-STORE_02-0180;STORE_02;CASH-09;2026-07-25 8:35:34;SKU-001;2;45000;0;CASH
REC-20260725-STORE_02-0181;STORE_02;CASH-03;2026-07-25 18:41:47;SKU-040;4;25000;500;CARD
REC-20260725-STORE_02-0181;STORE_02;CASH-09;2026-07-25 18:41:47;SKU-001;1;45000;0;CARD
REC-20260725-STORE_02-0182;STORE_02;CASH-09;2026-07-25 21:58:00;SKU-006;3;45000;0;CARD
REC-20260725-STORE_02-0182;STORE_02;CASH-09;2026-07-25 21:58:00;SKU-001;2;45000;0;CARD
REC-20260725-STORE_02-0182;STORE_02;CASH-04;2026-07-25 21:58:00;SKU-004;2;25000;500;CARD
REC-20260725-STORE_02-0182;STORE_02;CASH-09;2026-07-25 21:58:00;SKU-006;1;45000;0;CARD
REC-20260725-STORE_02-0182;STORE_02;CASH-02;2026-07-25 21:58:00;SKU-001;2;45000;0;CASH
REC-20260725-STORE_02-0183;STORE_02;CASH-07;2026-07-25 10:30:30;SKU-001;3;45000;0;CASH
REC-20260725-STORE_02-0183;STORE_02;CASH-10;2026-07-25 10:30:30;SKU-006;2;45000;0;CARD
REC-20260725-STORE_02-0184;STORE_02;CASH-01;2026-07-25 14:30:14;SKU-001;1;45000;0;CARD
REC-20260725-STORE_02-0184;STORE_02;CASH-05;2026-07-25 14:30:14;SKU-001;2;45000;1000;CARD
REC-20260725-STORE_02-0184;STORE_02;CASH-03;2026-07-25 14:30:14;SKU-003;4;45000;500;CARD
REC-20260725-STORE_02-0184;STORE_02;CASH-05;2026-07-25 14:30:14;SKU-001;1;45000;1000;CARD
REC-20260725-STORE_02-0184;STORE_02;CASH-01;2026-07-25 14:30:14;SKU-034;4;25000;0;CARD
REC-20260725-STORE_02-0185;STORE_02;CASH-02;2026-07-25 19:23:22;SKU-005;4;5000;0;CARD
REC-20260725-STORE_02-0185;STORE_02;CASH-04;2026-07-25 19:23:22;SKU-006;4;45000;0;CARD
REC-20260725-STORE_02-0185;STORE_02;CASH-08;2026-07-25 19:23:22;SKU-007;1;12000;500;CASH
REC-20260725-STORE_02-0185;STORE_02;CASH-10;2026-07-25 19:23:22;SKU-007;4;12000;0;CASH
REC-20260725-STORE_02-0186;STORE_02;CASH-01;2026-07-25 16:07:58;SKU-031;4;45000;0;CARD
REC-20260725-STORE_02-0186;STORE_02;CASH-04;2026-07-25 16:07:58;SKU-002;1;12000;0;CARD
REC-20260725-STORE_02-0187;STORE_02;CASH-10;2026-07-25 9:15:02;SKU-038;2;12000;0;CARD
REC-20260725-STORE_02-0187;STORE_02;CASH-03;2026-07-25 9:15:02;SKU-001;4;45000;0;CASH
REC-20260725-STORE_02-0187;STORE_02;CASH-07;2026-07-25 9:15:02;SKU-009;3;25000;0;CARD
REC-20260725-STORE_02-0187;STORE_02;CASH-02;2026-07-25 9:15:02;SKU-045;2;45000;0;CARD
REC-20260725-STORE_02-0187;STORE_02;CASH-04;2026-07-25 9:15:02;SKU-028;3;5000;1000;CASH
REC-20260725-STORE_02-0188;STORE_02;CASH-10;2026-07-25 11:54:53;SKU-021;2;5000;1000;CASH
REC-20260725-STORE_02-0188;STORE_02;CASH-08;2026-07-25 11:54:53;SKU-001;3;45000;1000;CARD
REC-20260725-STORE_02-0188;STORE_02;CASH-03;2026-07-25 11:54:53;SKU-008;4;12000;500;CARD
REC-20260725-STORE_02-0188;STORE_02;CASH-03;2026-07-25 11:54:53;SKU-008;1;12000;0;CARD
REC-20260725-STORE_02-0189;STORE_02;CASH-01;2026-07-25 10:17:46;SKU-001;4;45000;0;CASH
REC-20260725-STORE_02-0189;STORE_02;CASH-10;2026-07-25 10:17:46;SKU-006;4;45000;0;CARD
REC-20260725-STORE_02-0189;STORE_02;CASH-04;2026-07-25 10:17:46;SKU-001;1;45000;500;CARD
REC-20260725-STORE_02-0189;STORE_02;CASH-06;2026-07-25 10:17:46;SKU-005;4;5000;500;CARD
REC-20260725-STORE_02-0189;STORE_02;CASH-05;2026-07-25 10:17:46;SKU-001;3;45000;0;CASH
REC-20260725-STORE_02-0190;STORE_02;CASH-09;2026-07-25 18:01:01;SKU-004;3;25000;500;CARD
REC-20260725-STORE_02-0190;STORE_02;CASH-03;2026-07-25 18:01:01;SKU-009;1;25000;0;CARD
REC-20260725-STORE_02-0190;STORE_02;CASH-04;2026-07-25 18:01:01;SKU-006;2;45000;0;CARD
REC-20260725-STORE_02-0190;STORE_02;CASH-03;2026-07-25 18:01:01;SKU-026;2;12000;0;CARD
REC-20260725-STORE_02-0191;STORE_02;CASH-05;2026-07-25 21:06:58;SKU-039;1;5000;1000;CARD
REC-20260725-STORE_02-0191;STORE_02;CASH-04;2026-07-25 21:06:58;SKU-007;1;12000;500;CARD
REC-20260725-STORE_02-0191;STORE_02;CASH-04;2026-07-25 21:06:58;SKU-002;3;12000;500;CARD
REC-20260725-STORE_02-0192;STORE_02;CASH-01;2026-07-25 16:32:52;SKU-003;1;45000;0;CARD
REC-20260725-STORE_02-0193;STORE_02;CASH-06;2026-07-25 17:05:34;SKU-001;3;45000;0;CARD
REC-20260725-STORE_02-0194;STORE_02;CASH-08;2026-07-25 21:16:51;SKU-001;3;45000;0;CARD
REC-20260725-STORE_02-0194;STORE_02;CASH-03;2026-07-25 21:16:51;SKU-001;1;45000;0;CARD
REC-20260725-STORE_02-0194;STORE_02;CASH-03;2026-07-25 21:16:51;SKU-029;2;5000;1000;CARD
REC-20260725-STORE_02-0195;STORE_02;CASH-10;2026-07-25 18:45:57;SKU-001;2;45000;0;CARD
REC-20260725-STORE_02-0195;STORE_02;CASH-02;2026-07-25 18:45:57;SKU-002;1;12000;500;CARD
REC-20260725-STORE_02-0196;STORE_02;CASH-04;2026-07-25 13:26:23;SKU-007;4;12000;0;CARD
REC-20260725-STORE_02-0196;STORE_02;CASH-06;2026-07-25 13:26:23;SKU-007;1;12000;0;CASH
REC-20260725-STORE_02-0196;STORE_02;CASH-06;2026-07-25 13:26:23;SKU-003;4;45000;500;CARD
REC-20260725-STORE_02-0197;STORE_02;CASH-02;2026-07-25 9:03:53;SKU-017;3;12000;0;CASH
REC-20260725-STORE_02-0197;STORE_02;CASH-02;2026-07-25 9:03:53;SKU-002;3;12000;0;CASH
REC-20260725-STORE_02-0197;STORE_02;CASH-04;2026-07-25 9:03:53;SKU-005;4;5000;0;CASH
REC-20260725-STORE_02-0198;STORE_02;CASH-01;2026-07-25 12:23:01;SKU-015;2;5000;1000;CASH
REC-20260725-STORE_02-0199;STORE_02;CASH-01;2026-07-25 20:11:36;SKU-011;3;5000;1000;CARD
REC-20260725-STORE_02-0199;STORE_02;CASH-02;2026-07-25 20:11:36;SKU-003;1;45000;0;CARD
REC-20260725-STORE_02-0199;STORE_02;CASH-01;2026-07-25 20:11:36;SKU-001;2;45000;500;CARD
REC-20260725-STORE_02-0199;STORE_02;CASH-10;2026-07-25 20:11:36;SKU-022;3;12000;0;CARD
REC-20260725-STORE_02-0200;STORE_02;CASH-03;2026-07-25 17:42:26;SKU-021;1;5000;1000;CARD
REC-20260725-STORE_02-0200;STORE_02;CASH-09;2026-07-25 17:42:26;SKU-001;2;45000;500;CARD
REC-20260725-STORE_02-0201;STORE_02;CASH-03;2026-07-25 9:15:38;SKU-001;1;45000;0;CARD
REC-20260725-STORE_02-0201;STORE_02;CASH-05;2026-07-25 9:15:38;SKU-019;4;25000;0;CASH
REC-20260725-STORE_02-0201;STORE_02;CASH-08;2026-07-25 9:15:38;SKU-003;2;45000;0;CARD
REC-20260725-STORE_02-0202;STORE_02;CASH-02;2026-07-25 8:53:04;SKU-004;4;25000;1000;CASH
REC-20260725-STORE_02-0202;STORE_02;CASH-03;2026-07-25 8:53:04;SKU-001;1;45000;1000;CASH
REC-20260725-STORE_02-0202;STORE_02;CASH-09;2026-07-25 8:53:04;SKU-002;3;12000;0;CASH
REC-20260725-STORE_02-0203;STORE_02;CASH-03;2026-07-25 8:08:21;SKU-008;4;12000;0;CASH
REC-20260725-STORE_02-0203;STORE_02;CASH-04;2026-07-25 8:08:21;SKU-021;1;5000;1000;CARD
REC-20260725-STORE_02-0203;STORE_02;CASH-05;2026-07-25 8:08:21;SKU-002;1;12000;0;CARD
REC-20260725-STORE_02-0204;STORE_02;CASH-01;2026-07-25 17:54:29;SKU-001;2;45000;0;CARD
REC-20260725-STORE_02-0204;STORE_02;CASH-04;2026-07-25 17:54:29;SKU-021;4;5000;0;CARD
REC-20260725-STORE_02-0204;STORE_02;CASH-08;2026-07-25 17:54:29;SKU-037;2;45000;0;CARD
REC-20260725-STORE_02-0204;STORE_02;CASH-09;2026-07-25 17:54:29;SKU-010;4;25000;500;CARD
REC-20260725-STORE_02-0204;STORE_02;CASH-10;2026-07-25 17:54:29;SKU-001;2;45000;0;CASH
REC-20260725-STORE_02-0205;STORE_02;CASH-10;2026-07-25 19:27:01;SKU-004;4;25000;0;CASH
REC-20260725-STORE_02-0205;STORE_02;CASH-02;2026-07-25 19:27:01;SKU-019;3;25000;500;CASH
REC-20260725-STORE_02-0205;STORE_02;CASH-10;2026-07-25 19:27:01;SKU-004;3;25000;0;CASH
REC-20260725-STORE_02-0205;STORE_02;CASH-05;2026-07-25 19:27:01;SKU-001;4;45000;0;CASH
REC-20260725-STORE_02-0205;STORE_02;CASH-04;2026-07-25 19:27:01;SKU-005;3;5000;0;CARD
REC-20260725-STORE_02-0206;STORE_02;CASH-02;2026-07-25 16:10:56;SKU-001;4;45000;500;CASH
REC-20260725-STORE_02-0206;STORE_02;CASH-03;2026-07-25 16:10:56;SKU-002;4;12000;0;CARD
REC-20260725-STORE_02-0206;STORE_02;CASH-01;2026-07-25 16:10:56;SKU-005;3;5000;500;CARD
REC-20260725-STORE_02-0206;STORE_02;CASH-06;2026-07-25 16:10:56;SKU-011;2;5000;0;CASH
REC-20260725-STORE_02-0207;STORE_02;CASH-08;2026-07-25 8:28:40;SKU-021;3;5000;1000;CASH
REC-20260725-STORE_02-0207;STORE_02;CASH-09;2026-07-25 8:28:40;SKU-010;2;25000;1000;CASH
REC-20260725-STORE_02-0207;STORE_02;CASH-05;2026-07-25 8:28:40;SKU-001;1;45000;500;CARD
REC-20260725-STORE_02-0207;STORE_02;CASH-06;2026-07-25 8:28:40;SKU-050;2;25000;500;CARD
REC-20260725-STORE_02-0208;STORE_02;CASH-06;2026-07-25 17:22:37;SKU-009;2;25000;500;CARD
REC-20260725-STORE_02-0208;STORE_02;CASH-09;2026-07-25 17:22:37;SKU-024;4;12000;0;CASH
REC-20260725-STORE_02-0208;STORE_02;CASH-03;2026-07-25 17:22:37;SKU-018;3;5000;1000;CASH
REC-20260725-STORE_02-0209;STORE_02;CASH-08;2026-07-25 20:15:32;SKU-002;1;12000;500;CARD
REC-20260725-STORE_02-0209;STORE_02;CASH-03;2026-07-25 20:15:32;SKU-001;2;45000;1000;CARD
REC-20260725-STORE_02-0209;STORE_02;CASH-05;2026-07-25 20:15:32;SKU-032;4;25000;0;CASH
REC-20260725-STORE_02-0209;STORE_02;CASH-05;2026-07-25 20:15:32;SKU-025;2;5000;500;CASH
REC-20260725-STORE_02-0209;STORE_02;CASH-03;2026-07-25 20:15:32;SKU-001;3;45000;0;CARD
REC-20260725-STORE_02-0210;STORE_02;CASH-03;2026-07-25 16:16:57;SKU-001;3;45000;1000;CARD
REC-20260725-STORE_02-0210;STORE_02;CASH-01;2026-07-25 16:16:57;SKU-010;4;25000;1000;CARD
REC-20260725-STORE_02-0210;STORE_02;CASH-07;2026-07-25 16:16:57;SKU-002;2;12000;500;CARD
REC-20260725-STORE_02-0210;STORE_02;CASH-07;2026-07-25 16:16:57;SKU-001;4;45000;1000;CASH
REC-20260725-STORE_02-0210;STORE_02;CASH-02;2026-07-25 16:16:57;SKU-011;3;5000;500;CARD
REC-20260725-STORE_02-0211;STORE_02;CASH-06;2026-07-25 16:00:40;SKU-014;3;5000;0;CARD
REC-20260725-STORE_02-0211;STORE_02;CASH-03;2026-07-25 16:00:40;SKU-046;1;25000;500;CASH
REC-20260725-STORE_02-0211;STORE_02;CASH-06;2026-07-25 16:00:40;SKU-025;2;5000;0;CARD
REC-20260725-STORE_02-0211;STORE_02;CASH-10;2026-07-25 16:00:40;SKU-003;2;45000;1000;CARD
REC-20260725-STORE_02-0211;STORE_02;CASH-07;2026-07-25 16:00:40;SKU-002;3;12000;1000;CASH
REC-20260725-STORE_02-0212;STORE_02;CASH-09;2026-07-25 12:46:53;SKU-003;1;45000;1000;CARD
REC-20260725-STORE_02-0212;STORE_02;CASH-03;2026-07-25 12:46:53;SKU-016;4;25000;500;CARD
REC-20260725-STORE_02-0212;STORE_02;CASH-06;2026-07-25 12:46:53;SKU-011;2;5000;0;CARD
REC-20260725-STORE_02-0212;STORE_02;CASH-01;2026-07-25 12:46:53;SKU-013;3;12000;0;CASH
REC-20260725-STORE_02-0213;STORE_02;CASH-02;2026-07-25 13:27:04;SKU-018;2;5000;0;CASH
REC-20260725-STORE_02-0213;STORE_02;CASH-10;2026-07-25 13:27:04;SKU-001;2;45000;500;CASH
REC-20260725-STORE_02-0214;STORE_02;CASH-10;2026-07-25 9:19:19;SKU-001;1;45000;0;CASH
REC-20260725-STORE_02-0214;STORE_02;CASH-03;2026-07-25 9:19:19;SKU-001;4;45000;0;CARD
REC-20260725-STORE_02-0214;STORE_02;CASH-07;2026-07-25 9:19:19;SKU-019;1;25000;0;CASH
REC-20260725-STORE_02-0215;STORE_02;CASH-06;2026-07-25 17:51:59;SKU-013;3;12000;0;CARD
REC-20260725-STORE_02-0216;STORE_02;CASH-01;2026-07-25 19:45:14;SKU-002;2;12000;0;CASH
REC-20260725-STORE_02-0216;STORE_02;CASH-09;2026-07-25 19:45:14;SKU-007;3;12000;500;CASH
REC-20260725-STORE_02-0217;STORE_02;CASH-03;2026-07-25 11:06:03;SKU-013;4;12000;0;CARD
REC-20260725-STORE_02-0217;STORE_02;CASH-07;2026-07-25 11:06:03;SKU-015;4;5000;500;CASH
REC-20260725-STORE_02-0218;STORE_02;CASH-06;2026-07-25 21:20:06;SKU-001;4;45000;1000;CARD
REC-20260725-STORE_02-0218;STORE_02;CASH-01;2026-07-25 21:20:06;SKU-002;3;12000;0;CARD
REC-20260725-STORE_02-0219;STORE_02;CASH-05;2026-07-25 19:45:10;SKU-005;2;5000;0;CARD
REC-20260725-STORE_02-0220;STORE_02;CASH-03;2026-07-25 11:39:07;SKU-003;4;45000;0;CASH
REC-20260725-STORE_02-0220;STORE_02;CASH-08;2026-07-25 11:39:07;SKU-001;4;45000;0;CASH
REC-20260725-STORE_02-0220;STORE_02;CASH-03;2026-07-25 11:39:07;SKU-002;3;12000;1000;CARD
REC-20260725-STORE_02-0220;STORE_02;CASH-10;2026-07-25 11:39:07;SKU-002;3;12000;1000;CARD
REC-20260725-STORE_02-0220;STORE_02;CASH-05;2026-07-25 11:39:07;SKU-001;4;45000;0;CARD
REC-20260725-STORE_02-0221;STORE_02;CASH-03;2026-07-25 13:15:47;SKU-038;3;12000;0;CARD
REC-20260725-STORE_02-0221;STORE_02;CASH-10;2026-07-25 13:15:47;SKU-023;2;45000;500;CASH
REC-20260725-STORE_02-0221;STORE_02;CASH-03;2026-07-25 13:15:47;SKU-006;2;45000;500;CARD
REC-20260725-STORE_02-0221;STORE_02;CASH-06;2026-07-25 13:15:47;SKU-012;3;45000;0;CASH
REC-20260725-STORE_02-0222;STORE_02;CASH-08;2026-07-25 14:25:29;SKU-023;4;45000;0;CARD
REC-20260725-STORE_02-0222;STORE_02;CASH-05;2026-07-25 14:25:29;SKU-003;2;45000;1000;CARD
REC-20260725-STORE_02-0222;STORE_02;CASH-08;2026-07-25 14:25:29;SKU-001;3;45000;0;CASH
REC-20260725-STORE_02-0222;STORE_02;CASH-10;2026-07-25 14:25:29;SKU-004;4;25000;1000;CARD
REC-20260725-STORE_02-0222;STORE_02;CASH-09;2026-07-25 14:25:29;SKU-001;4;45000;500;CASH
REC-20260725-STORE_02-0223;STORE_02;CASH-05;2026-07-25 8:48:52;SKU-015;1;5000;0;CASH
REC-20260725-STORE_02-0223;STORE_02;CASH-06;2026-07-25 8:48:52;SKU-003;4;45000;0;CARD
REC-20260725-STORE_02-0223;STORE_02;CASH-02;2026-07-25 8:48:52;SKU-001;3;45000;0;CARD
REC-20260725-STORE_02-0223;STORE_02;CASH-02;2026-07-25 8:48:52;SKU-018;4;5000;1000;CARD
REC-20260725-STORE_02-0224;STORE_02;CASH-08;2026-07-25 17:07:19;SKU-005;2;5000;0;CASH
REC-20260725-STORE_02-0224;STORE_02;CASH-08;2026-07-25 17:07:19;SKU-014;3;5000;0;CARD
REC-20260725-STORE_02-0224;STORE_02;CASH-07;2026-07-25 17:07:19;SKU-004;1;25000;0;CARD
REC-20260725-STORE_02-0224;STORE_02;CASH-07;2026-07-25 17:07:19;SKU-026;3;12000;0;CARD
REC-20260725-STORE_02-0225;STORE_02;CASH-10;2026-07-25 9:08:06;SKU-003;1;45000;500;CASH
REC-20260725-STORE_02-0225;STORE_02;CASH-05;2026-07-25 9:08:06;SKU-007;1;12000;500;CARD
REC-20260725-STORE_02-0225;STORE_02;CASH-03;2026-07-25 9:08:06;SKU-004;4;25000;0;CARD
REC-20260725-STORE_02-0226;STORE_02;CASH-10;2026-07-25 18:47:06;SKU-019;1;25000;1000;CARD
REC-20260725-STORE_02-0227;STORE_02;CASH-04;2026-07-25 14:41:22;SKU-004;1;25000;1000;CARD
REC-20260725-STORE_02-0228;STORE_02;CASH-06;2026-07-25 18:58:12;SKU-011;2;5000;0;CARD
REC-20260725-STORE_02-0228;STORE_02;CASH-03;2026-07-25 18:58:12;SKU-019;2;25000;0;CARD
REC-20260725-STORE_02-0229;STORE_02;CASH-01;2026-07-25 11:25:10;SKU-002;1;12000;0;CARD
REC-20260725-STORE_02-0229;STORE_02;CASH-04;2026-07-25 11:25:10;SKU-026;4;12000;0;CARD
REC-20260725-STORE_02-0230;STORE_02;CASH-08;2026-07-25 10:59:36;SKU-008;4;12000;1000;CARD
REC-20260725-STORE_02-0230;STORE_02;CASH-05;2026-07-25 10:59:36;SKU-001;4;45000;0;CASH
REC-20260725-STORE_02-0230;STORE_02;CASH-04;2026-07-25 10:59:36;SKU-005;3;5000;1000;CARD
REC-20260725-STORE_02-0230;STORE_02;CASH-08;2026-07-25 10:59:36;SKU-003;2;45000;0;CASH
REC-20260725-STORE_02-0231;STORE_02;CASH-06;2026-07-25 16:52:45;SKU-001;4;45000;1000;CARD
REC-20260725-STORE_02-0231;STORE_02;CASH-07;2026-07-25 16:52:45;SKU-028;1;5000;1000;CASH
REC-20260725-STORE_02-0232;STORE_02;CASH-02;2026-07-25 11:01:02;SKU-001;4;45000;1000;CARD
REC-20260725-STORE_02-0232;STORE_02;CASH-05;2026-07-25 11:01:02;SKU-002;4;12000;0;CARD
REC-20260725-STORE_02-0232;STORE_02;CASH-06;2026-07-25 11:01:02;SKU-014;4;5000;0;CARD
REC-20260725-STORE_02-0233;STORE_02;CASH-02;2026-07-25 16:43:54;SKU-031;2;45000;1000;CARD
REC-20260725-STORE_02-0233;STORE_02;CASH-07;2026-07-25 16:43:54;SKU-023;3;45000;0;CASH
REC-20260725-STORE_02-0233;STORE_02;CASH-08;2026-07-25 16:43:54;SKU-016;1;25000;0;CARD
REC-20260725-STORE_02-0233;STORE_02;CASH-09;2026-07-25 16:43:54;SKU-001;2;45000;500;CASH
REC-20260725-STORE_02-0233;STORE_02;CASH-01;2026-07-25 16:43:54;SKU-004;4;25000;0;CASH
REC-20260725-STORE_02-0234;STORE_02;CASH-02;2026-07-25 11:44:01;SKU-002;1;12000;0;CARD
REC-20260725-STORE_02-0234;STORE_02;CASH-10;2026-07-25 11:44:01;SKU-001;2;45000;0;CARD
REC-20260725-STORE_02-0235;STORE_02;CASH-09;2026-07-25 13:09:01;SKU-001;1;45000;0;CARD
REC-20260725-STORE_02-0236;STORE_02;CASH-07;2026-07-25 19:10:49;SKU-009;4;25000;0;CARD
REC-20260725-STORE_02-0236;STORE_02;CASH-06;2026-07-25 19:10:49;SKU-001;1;45000;500;CASH
REC-20260725-STORE_02-0236;STORE_02;CASH-02;2026-07-25 19:10:49;SKU-040;4;25000;0;CARD
REC-20260725-STORE_02-0237;STORE_02;CASH-01;2026-07-25 14:32:58;SKU-001;1;45000;1000;CARD
REC-20260725-STORE_02-0237;STORE_02;CASH-09;2026-07-25 14:32:58;SKU-001;1;45000;0;CARD
REC-20260725-STORE_02-0237;STORE_02;CASH-07;2026-07-25 14:32:58;SKU-027;2;5000;1000;CARD
REC-20260725-STORE_02-0237;STORE_02;CASH-08;2026-07-25 14:32:58;SKU-004;3;25000;500;CASH
REC-20260725-STORE_02-0237;STORE_02;CASH-08;2026-07-25 14:32:58;SKU-001;4;45000;1000;CARD
REC-20260725-STORE_02-0238;STORE_02;CASH-05;2026-07-25 9:38:04;SKU-002;3;12000;0;CARD
REC-20260725-STORE_02-0238;STORE_02;CASH-10;2026-07-25 9:38:04;SKU-001;2;45000;0;CASH
REC-20260725-STORE_02-0238;STORE_02;CASH-08;2026-07-25 9:38:04;SKU-001;4;45000;0;CARD
REC-20260725-STORE_02-0239;STORE_02;CASH-05;2026-07-25 11:38:06;SKU-002;4;12000;0;CARD
REC-20260725-STORE_02-0239;STORE_02;CASH-09;2026-07-25 11:38:06;SKU-009;2;25000;0;CARD
REC-20260725-STORE_02-0239;STORE_02;CASH-10;2026-07-25 11:38:06;SKU-007;3;12000;0;CARD
REC-20260725-STORE_02-0240;STORE_02;CASH-06;2026-07-25 17:28:18;SKU-001;1;45000;500;CARD
REC-20260725-STORE_02-0241;STORE_02;CASH-09;2026-07-25 20:17:14;SKU-001;4;45000;0;CARD
REC-20260725-STORE_02-0241;STORE_02;CASH-08;2026-07-25 20:17:14;SKU-015;4;5000;0;CASH
REC-20260725-STORE_02-0241;STORE_02;CASH-04;2026-07-25 20:17:14;SKU-023;2;45000;0;CARD
REC-20260725-STORE_02-0241;STORE_02;CASH-08;2026-07-25 20:17:14;SKU-002;1;12000;0;CARD
REC-20260725-STORE_02-0242;STORE_02;CASH-10;2026-07-25 8:28:43;SKU-003;2;45000;0;CASH
REC-20260725-STORE_02-0243;STORE_02;CASH-01;2026-07-25 11:37:22;SKU-002;4;12000;1000;CARD
REC-20260725-STORE_02-0243;STORE_02;CASH-07;2026-07-25 11:37:22;SKU-042;1;5000;0;CARD
REC-20260725-STORE_02-0243;STORE_02;CASH-08;2026-07-25 11:37:22;SKU-001;3;45000;0;CASH
REC-20260725-STORE_02-0243;STORE_02;CASH-02;2026-07-25 11:37:22;SKU-009;4;25000;0;CARD
REC-20260725-STORE_02-0243;STORE_02;CASH-10;2026-07-25 11:37:22;SKU-004;1;25000;0;CASH
REC-20260725-STORE_02-0244;STORE_02;CASH-03;2026-07-25 19:40:42;SKU-034;1;25000;0;CARD
REC-20260725-STORE_02-0244;STORE_02;CASH-10;2026-07-25 19:40:42;SKU-030;3;45000;500;CASH
REC-20260725-STORE_02-0245;STORE_02;CASH-05;2026-07-25 12:23:59;SKU-007;3;12000;0;CARD
REC-20260725-STORE_02-0245;STORE_02;CASH-09;2026-07-25 12:23:59;SKU-004;3;25000;1000;CARD
REC-20260725-STORE_02-0246;STORE_02;CASH-02;2026-07-25 11:57:07;SKU-039;2;5000;0;CARD
REC-20260725-STORE_02-0247;STORE_02;CASH-02;2026-07-25 14:07:35;SKU-028;2;5000;0;CARD
REC-20260725-STORE_02-0247;STORE_02;CASH-01;2026-07-25 14:07:35;SKU-002;4;12000;500;CARD
REC-20260725-STORE_02-0247;STORE_02;CASH-06;2026-07-25 14:07:35;SKU-003;1;45000;500;CASH
REC-20260725-STORE_02-0247;STORE_02;CASH-02;2026-07-25 14:07:35;SKU-002;3;12000;0;CARD
REC-20260725-STORE_02-0248;STORE_02;CASH-10;2026-07-25 19:59:06;SKU-002;1;12000;0;CARD
REC-20260725-STORE_02-0248;STORE_02;CASH-08;2026-07-25 19:59:06;SKU-002;3;12000;0;CARD
REC-20260725-STORE_02-0248;STORE_02;CASH-03;2026-07-25 19:59:06;SKU-013;2;12000;0;CARD
REC-20260725-STORE_02-0248;STORE_02;CASH-02;2026-07-25 19:59:06;SKU-006;4;45000;0;CARD
REC-20260725-STORE_02-0249;STORE_02;CASH-03;2026-07-25 21:08:31;SKU-005;4;5000;500;CARD
REC-20260725-STORE_02-0249;STORE_02;CASH-09;2026-07-25 21:08:31;SKU-005;3;5000;0;CARD
REC-20260725-STORE_02-0250;STORE_02;CASH-01;2026-07-25 17:25:26;SKU-001;2;45000;500;CARD
REC-20260725-STORE_02-0250;STORE_02;CASH-06;2026-07-25 17:25:26;SKU-001;3;45000;0;CARD
REC-20260725-STORE_02-0250;STORE_02;CASH-04;2026-07-25 17:25:26;SKU-001;3;45000;500;CASH
REC-20260725-STORE_02-0250;STORE_02;CASH-08;2026-07-25 17:25:26;SKU-006;3;45000;1000;CASH
REC-20260725-STORE_02-0251;STORE_02;CASH-07;2026-07-25 17:13:48;SKU-041;2;25000;0;CARD
REC-20260725-STORE_02-0251;STORE_02;CASH-10;2026-07-25 17:13:48;SKU-003;4;45000;1000;CARD
REC-20260725-STORE_02-0251;STORE_02;CASH-05;2026-07-25 17:13:48;SKU-013;1;12000;0;CARD
REC-20260725-STORE_02-0251;STORE_02;CASH-03;2026-07-25 17:13:48;SKU-030;4;45000;1000;CARD
REC-20260725-STORE_02-0251;STORE_02;CASH-04;2026-07-25 17:13:48;SKU-001;2;45000;0;CASH
REC-20260725-STORE_02-0252;STORE_02;CASH-08;2026-07-25 17:40:03;SKU-008;1;12000;500;CASH
REC-20260725-STORE_02-0253;STORE_02;CASH-03;2026-07-25 15:50:18;SKU-039;1;5000;1000;CASH
REC-20260725-STORE_02-0253;STORE_02;CASH-05;2026-07-25 15:50:18;SKU-005;2;5000;1000;CARD
REC-20260725-STORE_02-0253;STORE_02;CASH-01;2026-07-25 15:50:18;SKU-011;4;5000;500;CARD
REC-20260725-STORE_02-0254;STORE_02;CASH-09;2026-07-25 9:37:30;SKU-041;2;25000;500;CARD
REC-20260725-STORE_02-0254;STORE_02;CASH-10;2026-07-25 9:37:30;SKU-003;2;45000;0;CASH
REC-20260725-STORE_02-0254;STORE_02;CASH-07;2026-07-25 9:37:30;SKU-046;1;25000;0;CARD
REC-20260725-STORE_02-0254;STORE_02;CASH-06;2026-07-25 9:37:30;SKU-021;3;5000;1000;CARD
REC-20260725-STORE_02-0254;STORE_02;CASH-01;2026-07-25 9:37:30;SKU-001;4;45000;0;CASH
REC-20260725-STORE_02-0255;STORE_02;CASH-09;2026-07-25 15:10:03;SKU-005;4;5000;0;CARD
REC-20260725-STORE_02-0255;STORE_02;CASH-09;2026-07-25 15:10:03;SKU-001;2;45000;500;CASH
REC-20260725-STORE_02-0256;STORE_02;CASH-03;2026-07-25 14:25:10;SKU-004;2;25000;0;CASH
REC-20260725-STORE_02-0256;STORE_02;CASH-06;2026-07-25 14:25:10;SKU-011;3;5000;0;CARD
REC-20260725-STORE_02-0256;STORE_02;CASH-09;2026-07-25 14:25:10;SKU-008;1;12000;500;CARD
REC-20260725-STORE_02-0256;STORE_02;CASH-09;2026-07-25 14:25:10;SKU-004;2;25000;1000;CASH
REC-20260725-STORE_02-0256;STORE_02;CASH-03;2026-07-25 14:25:10;SKU-001;1;45000;500;CARD
REC-20260725-STORE_02-0257;STORE_02;CASH-10;2026-07-25 14:13:26;SKU-001;2;45000;0;CASH
REC-20260725-STORE_02-0257;STORE_02;CASH-10;2026-07-25 14:13:26;SKU-001;3;45000;1000;CARD
REC-20260725-STORE_02-0257;STORE_02;CASH-06;2026-07-25 14:13:26;SKU-002;2;12000;0;CARD
REC-20260725-STORE_02-0257;STORE_02;CASH-07;2026-07-25 14:13:26;SKU-001;1;45000;1000;CARD
REC-20260725-STORE_02-0258;STORE_02;CASH-10;2026-07-25 12:12:08;SKU-001;1;45000;0;CARD
REC-20260725-STORE_02-0258;STORE_02;CASH-03;2026-07-25 12:12:08;SKU-001;1;45000;1000;CARD
REC-20260725-STORE_02-0258;STORE_02;CASH-05;2026-07-25 12:12:08;SKU-003;4;45000;0;CARD
REC-20260725-STORE_02-0258;STORE_02;CASH-01;2026-07-25 12:12:08;SKU-004;3;25000;1000;CARD
REC-20260725-STORE_02-0259;STORE_02;CASH-10;2026-07-25 11:26:12;SKU-001;4;45000;1000;CASH
REC-20260725-STORE_02-0259;STORE_02;CASH-02;2026-07-25 11:26:12;SKU-004;4;25000;500;CASH
REC-20260725-STORE_02-0259;STORE_02;CASH-02;2026-07-25 11:26:12;SKU-001;2;45000;500;CASH
REC-20260725-STORE_02-0259;STORE_02;CASH-08;2026-07-25 11:26:12;SKU-014;1;5000;0;CARD
REC-20260725-STORE_02-0259;STORE_02;CASH-04;2026-07-25 11:26:12;SKU-002;1;12000;0;CARD
REC-20260725-STORE_02-0260;STORE_02;CASH-04;2026-07-25 15:33:25;SKU-001;2;45000;1000;CASH
REC-20260725-STORE_02-0260;STORE_02;CASH-10;2026-07-25 15:33:25;SKU-002;1;12000;0;CARD
REC-20260725-STORE_02-0260;STORE_02;CASH-05;2026-07-25 15:33:25;SKU-041;2;25000;500;CARD
REC-20260725-STORE_02-0260;STORE_02;CASH-09;2026-07-25 15:33:25;SKU-001;4;45000;0;CARD
REC-20260725-STORE_02-0261;STORE_02;CASH-09;2026-07-25 19:46:57;SKU-017;2;12000;1000;CARD
REC-20260725-STORE_02-0261;STORE_02;CASH-02;2026-07-25 19:46:57;SKU-002;2;12000;0;CARD
REC-20260725-STORE_02-0262;STORE_02;CASH-08;2026-07-25 20:01:17;SKU-034;3;25000;1000;CARD
REC-20260725-STORE_02-0263;STORE_02;CASH-01;2026-07-25 17:50:46;SKU-009;4;25000;1000;CASH
REC-20260725-STORE_02-0263;STORE_02;CASH-06;2026-07-25 17:50:46;SKU-001;4;45000;500;CARD
REC-20260725-STORE_02-0264;STORE_02;CASH-05;2026-07-25 17:29:22;SKU-043;3;25000;0;CARD
REC-20260725-STORE_02-0264;STORE_02;CASH-10;2026-07-25 17:29:22;SKU-005;2;5000;0;CARD
REC-20260725-STORE_02-0265;STORE_02;CASH-04;2026-07-25 12:40:45;SKU-003;2;45000;0;CARD
REC-20260725-STORE_02-0265;STORE_02;CASH-08;2026-07-25 12:40:45;SKU-009;3;25000;1000;CARD
REC-20260725-STORE_02-0265;STORE_02;CASH-02;2026-07-25 12:40:45;SKU-007;4;12000;1000;CARD
REC-20260725-STORE_02-0265;STORE_02;CASH-10;2026-07-25 12:40:45;SKU-004;2;25000;1000;CARD
REC-20260725-STORE_02-0265;STORE_02;CASH-02;2026-07-25 12:40:45;SKU-003;3;45000;0;CASH
REC-20260725-STORE_02-0266;STORE_02;CASH-02;2026-07-25 19:05:25;SKU-003;3;45000;1000;CASH
REC-20260725-STORE_02-0266;STORE_02;CASH-01;2026-07-25 19:05:25;SKU-005;4;5000;0;CASH
REC-20260725-STORE_02-0266;STORE_02;CASH-09;2026-07-25 19:05:25;SKU-019;3;25000;500;CARD
REC-20260725-STORE_02-0266;STORE_02;CASH-09;2026-07-25 19:05:25;SKU-005;3;5000;500;CARD
REC-20260725-STORE_02-0267;STORE_02;CASH-05;2026-07-25 15:43:56;SKU-001;2;45000;0;CARD
REC-20260725-STORE_02-0267;STORE_02;CASH-02;2026-07-25 15:43:56;SKU-002;1;12000;0;CARD
REC-20260725-STORE_02-0267;STORE_02;CASH-08;2026-07-25 15:43:56;SKU-002;4;12000;0;CARD
REC-20260725-STORE_02-0267;STORE_02;CASH-07;2026-07-25 15:43:56;SKU-001;3;45000;1000;CARD
REC-20260725-STORE_02-0267;STORE_02;CASH-08;2026-07-25 15:43:56;SKU-021;2;5000;500;CARD
REC-20260725-STORE_02-0268;STORE_02;CASH-05;2026-07-25 11:39:38;SKU-031;3;45000;500;CARD
REC-20260725-STORE_02-0268;STORE_02;CASH-10;2026-07-25 11:39:38;SKU-003;1;45000;500;CARD
REC-20260725-STORE_02-0268;STORE_02;CASH-09;2026-07-25 11:39:38;SKU-013;2;12000;1000;CARD
REC-20260725-STORE_02-0268;STORE_02;CASH-01;2026-07-25 11:39:38;SKU-004;1;25000;0;CASH
REC-20260725-STORE_02-0269;STORE_02;CASH-09;2026-07-25 14:41:33;SKU-001;4;45000;500;CASH
REC-20260725-STORE_02-0269;STORE_02;CASH-03;2026-07-25 14:41:33;SKU-047;3;5000;0;CARD
REC-20260725-STORE_02-0269;STORE_02;CASH-01;2026-07-25 14:41:33;SKU-018;3;5000;0;CASH
REC-20260725-STORE_02-0269;STORE_02;CASH-01;2026-07-25 14:41:33;SKU-026;2;12000;0;CARD
REC-20260725-STORE_02-0269;STORE_02;CASH-02;2026-07-25 14:41:33;SKU-008;1;12000;0;CASH
REC-20260725-STORE_02-0270;STORE_02;CASH-04;2026-07-25 9:28:28;SKU-027;3;5000;0;CARD
REC-20260725-STORE_02-0270;STORE_02;CASH-07;2026-07-25 9:28:28;SKU-001;3;45000;0;CASH
REC-20260725-STORE_02-0270;STORE_02;CASH-05;2026-07-25 9:28:28;SKU-001;2;45000;1000;CASH
REC-20260725-STORE_02-0271;STORE_02;CASH-02;2026-07-25 20:15:14;SKU-002;2;12000;1000;CARD
REC-20260725-STORE_02-0271;STORE_02;CASH-08;2026-07-25 20:15:14;SKU-004;3;25000;1000;CARD
REC-20260725-STORE_02-0272;STORE_02;CASH-09;2026-07-25 17:49:35;SKU-022;4;12000;1000;CARD
REC-20260725-STORE_02-0272;STORE_02;CASH-08;2026-07-25 17:49:35;SKU-031;4;45000;500;CARD
REC-20260725-STORE_02-0273;STORE_02;CASH-06;2026-07-25 16:29:26;SKU-001;4;45000;1000;CARD
REC-20260725-STORE_02-0274;STORE_02;CASH-10;2026-07-25 8:01:22;SKU-002;2;12000;500;CASH
REC-20260725-STORE_02-0274;STORE_02;CASH-03;2026-07-25 8:01:22;SKU-022;1;12000;0;CASH
REC-20260725-STORE_02-0274;STORE_02;CASH-02;2026-07-25 8:01:22;SKU-003;4;45000;0;CARD
REC-20260725-STORE_02-0274;STORE_02;CASH-06;2026-07-25 8:01:22;SKU-020;1;12000;0;CARD
REC-20260725-STORE_02-0274;STORE_02;CASH-09;2026-07-25 8:01:22;SKU-002;3;12000;0;CASH
REC-20260725-STORE_02-0275;STORE_02;CASH-08;2026-07-25 12:58:41;SKU-004;1;25000;0;CASH
REC-20260725-STORE_02-0275;STORE_02;CASH-10;2026-07-25 12:58:41;SKU-010;1;25000;0;CARD
REC-20260725-STORE_02-0275;STORE_02;CASH-04;2026-07-25 12:58:41;SKU-039;3;5000;0;CASH
REC-20260725-STORE_02-0275;STORE_02;CASH-08;2026-07-25 12:58:41;SKU-028;2;5000;0;CASH
REC-20260725-STORE_02-0276;STORE_02;CASH-04;2026-07-25 12:54:19;SKU-011;1;5000;0;CARD
REC-20260725-STORE_02-0276;STORE_02;CASH-09;2026-07-25 12:54:19;SKU-007;2;12000;0;CARD
REC-20260725-STORE_02-0276;STORE_02;CASH-02;2026-07-25 12:54:19;SKU-040;1;25000;1000;CASH
REC-20260725-STORE_02-0277;STORE_02;CASH-06;2026-07-25 16:54:11;SKU-012;1;45000;0;CARD
REC-20260725-STORE_02-0277;STORE_02;CASH-06;2026-07-25 16:54:11;SKU-005;1;5000;0;CARD
REC-20260725-STORE_02-0277;STORE_02;CASH-07;2026-07-25 16:54:11;SKU-042;4;5000;1000;CARD
REC-20260725-STORE_02-0277;STORE_02;CASH-02;2026-07-25 16:54:11;SKU-001;2;45000;1000;CARD
REC-20260725-STORE_02-0278;STORE_02;CASH-04;2026-07-25 18:47:34;SKU-005;2;5000;0;CARD
REC-20260725-STORE_02-0278;STORE_02;CASH-02;2026-07-25 18:47:34;SKU-018;1;5000;0;CARD
REC-20260725-STORE_02-0278;STORE_02;CASH-05;2026-07-25 18:47:34;SKU-048;1;25000;0;CARD
REC-20260725-STORE_02-0278;STORE_02;CASH-06;2026-07-25 18:47:34;SKU-008;3;12000;0;CASH
REC-20260725-STORE_02-0279;STORE_02;CASH-08;2026-07-25 19:47:10;SKU-002;1;12000;0;CARD
REC-20260725-STORE_02-0279;STORE_02;CASH-09;2026-07-25 19:47:10;SKU-007;2;12000;1000;CARD
REC-20260725-STORE_02-0279;STORE_02;CASH-10;2026-07-25 19:47:10;SKU-016;4;25000;500;CASH
REC-20260725-STORE_02-0279;STORE_02;CASH-08;2026-07-25 19:47:10;SKU-001;2;45000;500;CASH
REC-20260725-STORE_02-0280;STORE_02;CASH-01;2026-07-25 9:18:58;SKU-001;2;45000;500;CARD
REC-20260725-STORE_02-0280;STORE_02;CASH-03;2026-07-25 9:18:58;SKU-004;2;25000;0;CARD
REC-20260725-STORE_02-0280;STORE_02;CASH-10;2026-07-25 9:18:58;SKU-005;2;5000;500;CASH
REC-20260725-STORE_02-0280;STORE_02;CASH-01;2026-07-25 9:18:58;SKU-002;3;12000;0;CARD
REC-20260725-STORE_02-0281;STORE_02;CASH-01;2026-07-25 14:38:49;SKU-005;3;5000;500;CASH
REC-20260725-STORE_02-0281;STORE_02;CASH-10;2026-07-25 14:38:49;SKU-001;2;45000;500;CARD
REC-20260725-STORE_02-0281;STORE_02;CASH-07;2026-07-25 14:38:49;SKU-049;4;5000;0;CASH
REC-20260725-STORE_02-0281;STORE_02;CASH-07;2026-07-25 14:38:49;SKU-001;3;45000;0;CASH
REC-20260725-STORE_02-0281;STORE_02;CASH-08;2026-07-25 14:38:49;SKU-034;4;25000;500;CASH
REC-20260725-STORE_02-0282;STORE_02;CASH-07;2026-07-25 14:43:57;SKU-004;3;25000;1000;CARD
REC-20260725-STORE_02-0282;STORE_02;CASH-08;2026-07-25 14:43:57;SKU-005;3;5000;0;CASH
REC-20260725-STORE_02-0282;STORE_02;CASH-02;2026-07-25 14:43:57;SKU-004;3;25000;1000;CASH
REC-20260725-STORE_02-0283;STORE_02;CASH-01;2026-07-25 13:55:02;SKU-040;1;25000;0;CARD
REC-20260725-STORE_02-0283;STORE_02;CASH-09;2026-07-25 13:55:02;SKU-016;1;25000;500;CARD
REC-20260725-STORE_02-0283;STORE_02;CASH-06;2026-07-25 13:55:02;SKU-018;3;5000;1000;CARD
REC-20260725-STORE_02-0283;STORE_02;CASH-05;2026-07-25 13:55:02;SKU-009;1;25000;0;CASH
REC-20260725-STORE_02-0283;STORE_02;CASH-04;2026-07-25 13:55:02;SKU-010;2;25000;0;CASH
REC-20260725-STORE_02-0284;STORE_02;CASH-04;2026-07-25 8:33:43;SKU-031;1;45000;1000;CARD
REC-20260725-STORE_02-0284;STORE_02;CASH-08;2026-07-25 8:33:43;SKU-001;4;45000;1000;CARD
REC-20260725-STORE_02-0284;STORE_02;CASH-10;2026-07-25 8:33:43;SKU-001;1;45000;1000;CARD
REC-20260725-STORE_02-0284;STORE_02;CASH-04;2026-07-25 8:33:43;SKU-016;4;25000;1000;CASH
REC-20260725-STORE_02-0285;STORE_02;CASH-03;2026-07-25 16:45:32;SKU-003;3;45000;0;CARD
REC-20260725-STORE_02-0285;STORE_02;CASH-01;2026-07-25 16:45:32;SKU-050;3;25000;0;CASH
REC-20260725-STORE_02-0286;STORE_02;CASH-05;2026-07-25 17:54:08;SKU-001;4;45000;0;CASH
REC-20260725-STORE_02-0286;STORE_02;CASH-04;2026-07-25 17:54:08;SKU-001;3;45000;500;CASH
REC-20260725-STORE_02-0286;STORE_02;CASH-05;2026-07-25 17:54:08;SKU-006;2;45000;500;CASH
REC-20260725-STORE_02-0286;STORE_02;CASH-06;2026-07-25 17:54:08;SKU-001;1;45000;0;CASH
REC-20260725-STORE_02-0286;STORE_02;CASH-09;2026-07-25 17:54:08;SKU-001;3;45000;0;CARD
REC-20260725-STORE_02-0287;STORE_02;CASH-05;2026-07-25 20:03:05;SKU-004;3;25000;1000;CARD
REC-20260725-STORE_02-0287;STORE_02;CASH-01;2026-07-25 20:03:05;SKU-004;3;25000;1000;CARD
REC-20260725-STORE_02-0287;STORE_02;CASH-07;2026-07-25 20:03:05;SKU-013;3;12000;0;CARD
REC-20260725-STORE_02-0288;STORE_02;CASH-05;2026-07-25 10:28:36;SKU-003;2;45000;0;CARD
REC-20260725-STORE_02-0289;STORE_02;CASH-01;2026-07-25 21:39:22;SKU-001;2;45000;500;CASH
REC-20260725-STORE_02-0289;STORE_02;CASH-05;2026-07-25 21:39:22;SKU-004;2;25000;500;CASH
REC-20260725-STORE_02-0290;STORE_02;CASH-10;2026-07-25 8:23:43;SKU-002;3;12000;0;CARD
REC-20260725-STORE_02-0290;STORE_02;CASH-10;2026-07-25 8:23:43;SKU-030;2;45000;500;CARD
REC-20260725-STORE_02-0290;STORE_02;CASH-06;2026-07-25 8:23:43;SKU-001;2;45000;0;CARD
REC-20260725-STORE_02-0290;STORE_02;CASH-09;2026-07-25 8:23:43;SKU-001;4;45000;1000;CARD
REC-20260725-STORE_02-0291;STORE_02;CASH-03;2026-07-25 21:55:08;SKU-001;2;45000;1000;CARD
REC-20260725-STORE_02-0291;STORE_02;CASH-08;2026-07-25 21:55:08;SKU-003;3;45000;0;CARD
REC-20260725-STORE_02-0291;STORE_02;CASH-07;2026-07-25 21:55:08;SKU-027;3;5000;0;CARD
REC-20260725-STORE_02-0291;STORE_02;CASH-09;2026-07-25 21:55:08;SKU-002;4;12000;0;CASH
REC-20260725-STORE_02-0291;STORE_02;CASH-09;2026-07-25 21:55:08;SKU-001;2;45000;0;CARD
REC-20260725-STORE_02-0292;STORE_02;CASH-10;2026-07-25 10:29:44;SKU-001;4;45000;0;CARD
REC-20260725-STORE_02-0292;STORE_02;CASH-02;2026-07-25 10:29:44;SKU-034;4;25000;0;CARD
REC-20260725-STORE_02-0292;STORE_02;CASH-03;2026-07-25 10:29:44;SKU-002;2;12000;0;CASH
REC-20260725-STORE_02-0293;STORE_02;CASH-03;2026-07-25 12:27:11;SKU-004;1;25000;0;CARD
REC-20260725-STORE_02-0293;STORE_02;CASH-10;2026-07-25 12:27:11;SKU-003;1;45000;500;CASH
REC-20260725-STORE_02-0293;STORE_02;CASH-05;2026-07-25 12:27:11;SKU-001;1;45000;0;CARD
REC-20260725-STORE_02-0293;STORE_02;CASH-07;2026-07-25 12:27:11;SKU-014;1;5000;0;CARD
REC-20260725-STORE_02-0293;STORE_02;CASH-04;2026-07-25 12:27:11;SKU-002;2;12000;0;CASH
REC-20260725-STORE_02-0294;STORE_02;CASH-04;2026-07-25 13:19:37;SKU-007;1;12000;500;CARD
REC-20260725-STORE_02-0294;STORE_02;CASH-04;2026-07-25 13:19:37;SKU-005;4;5000;0;CASH
REC-20260725-STORE_02-0294;STORE_02;CASH-04;2026-07-25 13:19:37;SKU-015;2;5000;0;CARD
REC-20260725-STORE_02-0294;STORE_02;CASH-05;2026-07-25 13:19:37;SKU-008;3;12000;0;CARD
REC-20260725-STORE_02-0295;STORE_02;CASH-10;2026-07-25 17:15:34;SKU-001;4;45000;500;CARD
REC-20260725-STORE_02-0295;STORE_02;CASH-05;2026-07-25 17:15:34;SKU-040;3;25000;500;CARD
REC-20260725-STORE_02-0295;STORE_02;CASH-09;2026-07-25 17:15:34;SKU-002;1;12000;500;CARD
REC-20260725-STORE_02-0296;STORE_02;CASH-06;2026-07-25 20:53:17;SKU-002;1;12000;500;CARD
REC-20260725-STORE_02-0296;STORE_02;CASH-02;2026-07-25 20:53:17;SKU-004;2;25000;1000;CARD
REC-20260725-STORE_02-0296;STORE_02;CASH-05;2026-07-25 20:53:17;SKU-004;3;25000;0;CARD
REC-20260725-STORE_02-0296;STORE_02;CASH-01;2026-07-25 20:53:17;SKU-001;1;45000;500;CASH
REC-20260725-STORE_02-0297;STORE_02;CASH-01;2026-07-25 16:27:29;SKU-001;3;45000;500;CASH
REC-20260725-STORE_02-0297;STORE_02;CASH-02;2026-07-25 16:27:29;SKU-042;2;5000;0;CARD
REC-20260725-STORE_02-0298;STORE_02;CASH-02;2026-07-25 21:45:50;SKU-018;1;5000;0;CARD
REC-20260725-STORE_02-0299;STORE_02;CASH-10;2026-07-25 12:10:29;SKU-026;3;12000;500;CASH
REC-20260725-STORE_02-0299;STORE_02;CASH-03;2026-07-25 12:10:29;SKU-001;2;45000;500;CARD
REC-20260725-STORE_02-0299;STORE_02;CASH-03;2026-07-25 12:10:29;SKU-002;4;12000;0;CARD
REC-20260725-STORE_02-0299;STORE_02;CASH-09;2026-07-25 12:10:29;SKU-016;4;25000;500;CARD
REC-20260725-STORE_02-0299;STORE_02;CASH-04;2026-07-25 12:10:29;SKU-028;3;5000;0;CARD
REC-20260725-STORE_02-0300;STORE_02;CASH-06;2026-07-25 13:52:38;SKU-010;3;25000;500;CARD
REC-20260725-STORE_02-0300;STORE_02;CASH-08;2026-07-25 13:52:38;SKU-014;3;5000;500;CASH
REC-20260725-STORE_02-0300;STORE_02;CASH-07;2026-07-25 13:52:38;SKU-010;1;25000;0;CARD
REC-20260725-STORE_02-0301;STORE_02;CASH-01;2026-07-25 15:56:20;SKU-012;1;45000;0;CARD
REC-20260725-STORE_02-0302;STORE_02;CASH-03;2026-07-25 11:51:16;SKU-001;1;45000;0;CARD
REC-20260725-STORE_02-0302;STORE_02;CASH-03;2026-07-25 11:51:16;SKU-037;2;45000;0;CARD
REC-20260725-STORE_02-0302;STORE_02;CASH-01;2026-07-25 11:51:16;SKU-043;4;25000;0;CARD
REC-20260725-STORE_02-0302;STORE_02;CASH-01;2026-07-25 11:51:16;SKU-011;1;5000;0;CASH
REC-20260725-STORE_02-0302;STORE_02;CASH-05;2026-07-25 11:51:16;SKU-010;1;25000;500;CASH
REC-20260725-STORE_02-0303;STORE_02;CASH-07;2026-07-25 14:02:33;SKU-008;3;12000;0;CASH
REC-20260725-STORE_02-0303;STORE_02;CASH-09;2026-07-25 14:02:33;SKU-001;2;45000;0;CARD
REC-20260725-STORE_02-0303;STORE_02;CASH-06;2026-07-25 14:02:33;SKU-002;1;12000;0;CASH
REC-20260725-STORE_02-0303;STORE_02;CASH-08;2026-07-25 14:02:33;SKU-001;1;45000;0;CARD
REC-20260725-STORE_02-0303;STORE_02;CASH-08;2026-07-25 14:02:33;SKU-005;3;5000;1000;CARD
REC-20260725-STORE_02-0304;STORE_02;CASH-01;2026-07-25 16:22:59;SKU-016;2;25000;0;CARD
REC-20260725-STORE_02-0305;STORE_02;CASH-07;2026-07-25 16:13:03;SKU-003;3;45000;0;CARD
REC-20260725-STORE_02-0305;STORE_02;CASH-04;2026-07-25 16:13:03;SKU-002;4;12000;500;CARD
REC-20260725-STORE_02-0306;STORE_02;CASH-02;2026-07-25 14:23:57;SKU-002;2;12000;500;CARD
REC-20260725-STORE_02-0306;STORE_02;CASH-07;2026-07-25 14:23:57;SKU-006;4;45000;1000;CASH
REC-20260725-STORE_02-0306;STORE_02;CASH-05;2026-07-25 14:23:57;SKU-003;2;45000;0;CARD
REC-20260725-STORE_02-0306;STORE_02;CASH-07;2026-07-25 14:23:57;SKU-019;3;25000;1000;CASH
REC-20260725-STORE_02-0306;STORE_02;CASH-07;2026-07-25 14:23:57;SKU-009;4;25000;0;CARD
REC-20260725-STORE_02-0307;STORE_02;CASH-08;2026-07-25 15:43:56;SKU-001;3;45000;0;CARD
REC-20260725-STORE_02-0308;STORE_02;CASH-04;2026-07-25 12:46:14;SKU-001;2;45000;0;CARD
REC-20260725-STORE_02-0309;STORE_02;CASH-10;2026-07-25 8:01:04;SKU-001;3;45000;0;CARD
REC-20260725-STORE_02-0309;STORE_02;CASH-02;2026-07-25 8:01:04;SKU-020;2;12000;500;CARD
REC-20260725-STORE_02-0310;STORE_02;CASH-06;2026-07-25 21:54:09;SKU-019;2;25000;0;CASH
REC-20260725-STORE_02-0311;STORE_02;CASH-06;2026-07-25 9:54:04;SKU-034;3;25000;500;CARD
REC-20260725-STORE_02-0311;STORE_02;CASH-07;2026-07-25 9:54:04;SKU-009;2;25000;500;CARD
REC-20260725-STORE_02-0311;STORE_02;CASH-03;2026-07-25 9:54:04;SKU-023;1;45000;0;CASH
REC-20260725-STORE_02-0311;STORE_02;CASH-08;2026-07-25 9:54:04;SKU-019;4;25000;0;CASH
REC-20260725-STORE_02-0312;STORE_02;CASH-01;2026-07-25 8:59:14;SKU-003;4;45000;500;CARD
REC-20260725-STORE_02-0312;STORE_02;CASH-10;2026-07-25 8:59:14;SKU-032;4;25000;1000;CARD
REC-20260725-STORE_02-0312;STORE_02;CASH-08;2026-07-25 8:59:14;SKU-001;4;45000;500;CASH
REC-20260725-STORE_02-0312;STORE_02;CASH-01;2026-07-25 8:59:14;SKU-006;2;45000;0;CARD
REC-20260725-STORE_02-0313;STORE_02;CASH-07;2026-07-25 16:37:53;SKU-001;2;45000;500;CARD
REC-20260725-STORE_02-0313;STORE_02;CASH-10;2026-07-25 16:37:53;SKU-007;2;12000;0;CARD
REC-20260725-STORE_02-0313;STORE_02;CASH-04;2026-07-25 16:37:53;SKU-002;3;12000;0;CASH
REC-20260725-STORE_02-0314;STORE_02;CASH-10;2026-07-25 20:00:42;SKU-001;1;45000;500;CASH
REC-20260725-STORE_02-0314;STORE_02;CASH-09;2026-07-25 20:00:42;SKU-034;1;25000;500;CARD
REC-20260725-STORE_02-0315;STORE_02;CASH-05;2026-07-25 21:31:58;SKU-001;1;45000;0;CARD
REC-20260725-STORE_02-0315;STORE_02;CASH-01;2026-07-25 21:31:58;SKU-001;2;45000;0;CASH
REC-20260725-STORE_02-0315;STORE_02;CASH-04;2026-07-25 21:31:58;SKU-001;4;45000;1000;CARD
REC-20260725-STORE_02-0315;STORE_02;CASH-06;2026-07-25 21:31:58;SKU-004;3;25000;0;CARD
REC-20260725-STORE_02-0316;STORE_02;CASH-02;2026-07-25 9:24:09;SKU-006;2;45000;1000;CASH
REC-20260725-STORE_02-0316;STORE_02;CASH-04;2026-07-25 9:24:09;SKU-020;4;12000;0;CASH
REC-20260725-STORE_02-0317;STORE_02;CASH-03;2026-07-25 17:46:03;SKU-001;4;45000;0;CASH
REC-20260725-STORE_02-0317;STORE_02;CASH-05;2026-07-25 17:46:03;SKU-011;3;5000;0;CARD
REC-20260725-STORE_02-0317;STORE_02;CASH-03;2026-07-25 17:46:03;SKU-007;2;12000;1000;CASH
REC-20260725-STORE_02-0317;STORE_02;CASH-09;2026-07-25 17:46:03;SKU-008;3;12000;1000;CARD
REC-20260725-STORE_02-0318;STORE_02;CASH-08;2026-07-25 19:54:04;SKU-010;3;25000;0;CASH
REC-20260725-STORE_02-0318;STORE_02;CASH-05;2026-07-25 19:54:04;SKU-002;3;12000;0;CARD
REC-20260725-STORE_02-0318;STORE_02;CASH-08;2026-07-25 19:54:04;SKU-004;4;25000;0;CARD
REC-20260725-STORE_02-0318;STORE_02;CASH-02;2026-07-25 19:54:04;SKU-001;3;45000;0;CARD
REC-20260725-STORE_02-0319;STORE_02;CASH-05;2026-07-25 18:54:58;SKU-003;1;45000;0;CARD
REC-20260725-STORE_02-0319;STORE_02;CASH-05;2026-07-25 18:54:58;SKU-004;4;25000;1000;CASH
REC-20260725-STORE_02-0319;STORE_02;CASH-01;2026-07-25 18:54:58;SKU-022;1;12000;500;CARD
REC-20260725-STORE_02-0319;STORE_02;CASH-03;2026-07-25 18:54:58;SKU-011;2;5000;1000;CASH
REC-20260725-STORE_02-0319;STORE_02;CASH-09;2026-07-25 18:54:58;SKU-001;1;45000;1000;CASH
REC-20260725-STORE_02-0320;STORE_02;CASH-01;2026-07-25 8:35:26;SKU-002;2;12000;1000;CARD
REC-20260725-STORE_02-0320;STORE_02;CASH-04;2026-07-25 8:35:26;SKU-008;1;12000;0;CARD
REC-20260725-STORE_02-0321;STORE_02;CASH-05;2026-07-25 14:36:46;SKU-001;3;45000;500;CARD
REC-20260725-STORE_02-0321;STORE_02;CASH-07;2026-07-25 14:36:46;SKU-001;4;45000;0;CASH
REC-20260725-STORE_02-0321;STORE_02;CASH-06;2026-07-25 14:36:46;SKU-005;2;5000;0;CASH
REC-20260725-STORE_02-0321;STORE_02;CASH-03;2026-07-25 14:36:46;SKU-011;2;5000;0;CARD
REC-20260725-STORE_02-0322;STORE_02;CASH-05;2026-07-25 14:01:28;SKU-009;2;25000;0;CARD
REC-20260725-STORE_02-0322;STORE_02;CASH-09;2026-07-25 14:01:28;SKU-037;1;45000;1000;CARD
REC-20260725-STORE_02-0322;STORE_02;CASH-03;2026-07-25 14:01:28;SKU-002;2;12000;1000;CARD
REC-20260725-STORE_02-0323;STORE_02;CASH-09;2026-07-25 14:49:32;SKU-001;2;45000;0;CARD
REC-20260725-STORE_02-0323;STORE_02;CASH-04;2026-07-25 14:49:32;SKU-004;3;25000;500;CARD
REC-20260725-STORE_02-0324;STORE_02;CASH-04;2026-07-25 17:21:18;SKU-010;1;25000;0;CARD
REC-20260725-STORE_02-0324;STORE_02;CASH-04;2026-07-25 17:21:18;SKU-004;2;25000;500;CARD
REC-20260725-STORE_02-0325;STORE_02;CASH-09;2026-07-25 8:44:28;SKU-016;2;25000;500;CASH
REC-20260725-STORE_02-0325;STORE_02;CASH-04;2026-07-25 8:44:28;SKU-010;2;25000;0;CARD
REC-20260725-STORE_02-0326;STORE_02;CASH-05;2026-07-25 9:53:30;SKU-024;4;12000;500;CARD
REC-20260725-STORE_02-0327;STORE_02;CASH-04;2026-07-25 12:06:43;SKU-005;4;5000;500;CARD
REC-20260725-STORE_02-0327;STORE_02;CASH-07;2026-07-25 12:06:43;SKU-019;2;25000;0;CARD
REC-20260725-STORE_02-0327;STORE_02;CASH-05;2026-07-25 12:06:43;SKU-001;4;45000;0;CARD
REC-20260725-STORE_02-0327;STORE_02;CASH-06;2026-07-25 12:06:43;SKU-002;4;12000;0;CARD
REC-20260725-STORE_02-0327;STORE_02;CASH-02;2026-07-25 12:06:43;SKU-047;1;5000;0;CARD
REC-20260725-STORE_02-0328;STORE_02;CASH-02;2026-07-25 9:41:30;SKU-011;2;5000;500;CARD
REC-20260725-STORE_02-0328;STORE_02;CASH-03;2026-07-25 9:41:30;SKU-001;3;45000;0;CASH
REC-20260725-STORE_02-0328;STORE_02;CASH-03;2026-07-25 9:41:30;SKU-035;1;5000;1000;CASH
REC-20260725-STORE_02-0328;STORE_02;CASH-02;2026-07-25 9:41:30;SKU-005;4;5000;1000;CASH
REC-20260725-STORE_02-0329;STORE_02;CASH-09;2026-07-25 16:29:19;SKU-032;2;25000;500;CASH
REC-20260725-STORE_02-0329;STORE_02;CASH-08;2026-07-25 16:29:19;SKU-020;3;12000;500;CARD
REC-20260725-STORE_02-0329;STORE_02;CASH-06;2026-07-25 16:29:19;SKU-010;4;25000;0;CASH
REC-20260725-STORE_02-0330;STORE_02;CASH-04;2026-07-25 13:01:24;SKU-037;2;45000;1000;CASH
REC-20260725-STORE_02-0331;STORE_02;CASH-04;2026-07-25 11:29:20;SKU-040;2;25000;0;CARD
REC-20260725-STORE_02-0331;STORE_02;CASH-01;2026-07-25 11:29:20;SKU-005;3;5000;0;CARD
REC-20260725-STORE_02-0332;STORE_02;CASH-05;2026-07-25 18:54:40;SKU-001;1;45000;0;CARD
REC-20260725-STORE_02-0333;STORE_02;CASH-07;2026-07-25 18:41:02;SKU-001;3;45000;0;CARD
REC-20260725-STORE_02-0333;STORE_02;CASH-08;2026-07-25 18:41:02;SKU-050;2;25000;0;CASH
REC-20260725-STORE_02-0334;STORE_02;CASH-05;2026-07-25 8:55:33;SKU-017;3;12000;0;CARD
REC-20260725-STORE_02-0334;STORE_02;CASH-09;2026-07-25 8:55:33;SKU-003;3;45000;0;CASH
REC-20260725-STORE_02-0335;STORE_02;CASH-06;2026-07-25 13:16:38;SKU-014;1;5000;0;CARD
REC-20260725-STORE_02-0335;STORE_02;CASH-04;2026-07-25 13:16:38;SKU-001;1;45000;0;CASH
REC-20260725-STORE_02-0335;STORE_02;CASH-09;2026-07-25 13:16:38;SKU-046;2;25000;1000;CARD
REC-20260725-STORE_02-0335;STORE_02;CASH-10;2026-07-25 13:16:38;SKU-001;4;45000;0;CARD
REC-20260725-STORE_02-0336;STORE_02;CASH-06;2026-07-25 9:54:41;SKU-032;3;25000;0;CARD
REC-20260725-STORE_02-0337;STORE_02;CASH-10;2026-07-25 10:10:42;SKU-017;2;12000;0;CASH
REC-20260725-STORE_02-0338;STORE_02;CASH-10;2026-07-25 8:16:25;SKU-002;3;12000;0;CASH
REC-20260725-STORE_02-0338;STORE_02;CASH-10;2026-07-25 8:16:25;SKU-027;2;5000;500;CASH
REC-20260725-STORE_02-0338;STORE_02;CASH-10;2026-07-25 8:16:25;SKU-013;3;12000;500;CARD
REC-20260725-STORE_02-0338;STORE_02;CASH-09;2026-07-25 8:16:25;SKU-001;4;45000;0;CARD
REC-20260725-STORE_02-0339;STORE_02;CASH-08;2026-07-25 16:50:53;SKU-003;1;45000;1000;CARD
REC-20260725-STORE_02-0339;STORE_02;CASH-01;2026-07-25 16:50:53;SKU-036;2;45000;0;CARD
REC-20260725-STORE_02-0339;STORE_02;CASH-07;2026-07-25 16:50:53;SKU-028;4;5000;0;CASH
REC-20260725-STORE_02-0340;STORE_02;CASH-02;2026-07-25 10:34:46;SKU-002;3;12000;0;CARD
REC-20260725-STORE_02-0340;STORE_02;CASH-04;2026-07-25 10:34:46;SKU-015;3;5000;1000;CARD
REC-20260725-STORE_02-0340;STORE_02;CASH-03;2026-07-25 10:34:46;SKU-003;1;45000;0;CARD
REC-20260725-STORE_02-0340;STORE_02;CASH-10;2026-07-25 10:34:46;SKU-005;2;5000;0;CASH
REC-20260725-STORE_02-0341;STORE_02;CASH-05;2026-07-25 17:39:50;SKU-003;3;45000;1000;CARD
REC-20260725-STORE_02-0342;STORE_02;CASH-02;2026-07-25 16:23:06;SKU-002;1;12000;500;CARD
REC-20260725-STORE_02-0343;STORE_02;CASH-03;2026-07-25 10:11:53;SKU-001;4;45000;1000;CARD
REC-20260725-STORE_02-0343;STORE_02;CASH-04;2026-07-25 10:11:53;SKU-024;4;12000;0;CARD
REC-20260725-STORE_02-0343;STORE_02;CASH-09;2026-07-25 10:11:53;SKU-001;2;45000;0;CASH
REC-20260725-STORE_02-0343;STORE_02;CASH-05;2026-07-25 10:11:53;SKU-042;2;5000;0;CARD
REC-20260725-STORE_02-0343;STORE_02;CASH-08;2026-07-25 10:11:53;SKU-035;3;5000;0;CASH
REC-20260725-STORE_02-0344;STORE_02;CASH-02;2026-07-25 10:33:34;SKU-015;4;5000;500;CASH
REC-20260725-STORE_02-0344;STORE_02;CASH-02;2026-07-25 10:33:34;SKU-027;2;5000;0;CARD
REC-20260725-STORE_02-0345;STORE_02;CASH-03;2026-07-25 12:20:21;SKU-006;2;45000;500;CARD
REC-20260725-STORE_02-0346;STORE_02;CASH-04;2026-07-25 14:56:43;SKU-006;2;45000;500;CASH
REC-20260725-STORE_02-0347;STORE_02;CASH-06;2026-07-25 12:22:29;SKU-016;4;25000;0;CARD
REC-20260725-STORE_02-0347;STORE_02;CASH-08;2026-07-25 12:22:29;SKU-004;4;25000;0;CARD
REC-20260725-STORE_02-0347;STORE_02;CASH-08;2026-07-25 12:22:29;SKU-024;2;12000;0;CARD
REC-20260725-STORE_02-0348;STORE_02;CASH-10;2026-07-25 17:12:31;SKU-004;1;25000;0;CARD
REC-20260725-STORE_02-0348;STORE_02;CASH-05;2026-07-25 17:12:31;SKU-050;2;25000;500;CARD
REC-20260725-STORE_02-0348;STORE_02;CASH-08;2026-07-25 17:12:31;SKU-015;4;5000;1000;CASH
REC-20260725-STORE_02-0348;STORE_02;CASH-07;2026-07-25 17:12:31;SKU-003;1;45000;500;CASH
REC-20260725-STORE_02-0348;STORE_02;CASH-06;2026-07-25 17:12:31;SKU-013;4;12000;500;CARD
REC-20260725-STORE_02-0349;STORE_02;CASH-04;2026-07-25 18:44:18;SKU-012;2;45000;0;CARD
REC-20260725-STORE_02-0349;STORE_02;CASH-02;2026-07-25 18:44:18;SKU-002;2;12000;0;CARD
REC-20260725-STORE_02-0349;STORE_02;CASH-01;2026-07-25 18:44:18;SKU-005;2;5000;500;CASH
REC-20260725-STORE_02-0349;STORE_02;CASH-05;2026-07-25 18:44:18;SKU-014;1;5000;0;CARD
REC-20260725-STORE_02-0350;STORE_02;CASH-03;2026-07-25 10:18:53;SKU-028;3;5000;0;CARD
REC-20260725-STORE_02-0350;STORE_02;CASH-04;2026-07-25 10:18:53;SKU-007;1;12000;0;CARD
REC-20260725-STORE_02-0351;STORE_02;CASH-08;2026-07-25 19:10:32;SKU-025;2;5000;0;CASH
REC-20260725-STORE_02-0351;STORE_02;CASH-01;2026-07-25 19:10:32;SKU-004;4;25000;0;CASH
REC-20260725-STORE_02-0351;STORE_02;CASH-08;2026-07-25 19:10:32;SKU-003;3;45000;0;CARD
REC-20260725-STORE_02-0351;STORE_02;CASH-03;2026-07-25 19:10:32;SKU-021;3;5000;500;CARD
REC-20260725-STORE_02-0351;STORE_02;CASH-03;2026-07-25 19:10:32;SKU-003;1;45000;0;CASH
REC-20260725-STORE_02-0352;STORE_02;CASH-02;2026-07-25 19:49:36;SKU-001;3;45000;0;CARD
REC-20260725-STORE_02-0352;STORE_02;CASH-05;2026-07-25 19:49:36;SKU-002;3;12000;500;CARD
REC-20260725-STORE_02-0352;STORE_02;CASH-03;2026-07-25 19:49:36;SKU-049;1;5000;0;CARD
REC-20260725-STORE_02-0352;STORE_02;CASH-07;2026-07-25 19:49:36;SKU-007;4;12000;500;CARD
REC-20260725-STORE_02-0352;STORE_02;CASH-09;2026-07-25 19:49:36;SKU-023;3;45000;0;CARD
REC-20260725-STORE_02-0353;STORE_02;CASH-06;2026-07-25 19:10:30;SKU-004;3;25000;0;CARD
REC-20260725-STORE_02-0353;STORE_02;CASH-08;2026-07-25 19:10:30;SKU-006;4;45000;0;CASH
REC-20260725-STORE_02-0353;STORE_02;CASH-06;2026-07-25 19:10:30;SKU-025;2;5000;0;CARD
REC-20260725-STORE_02-0353;STORE_02;CASH-03;2026-07-25 19:10:30;SKU-001;3;45000;500;CASH
REC-20260725-STORE_02-0353;STORE_02;CASH-10;2026-07-25 19:10:30;SKU-025;2;5000;0;CARD
REC-20260725-STORE_02-0354;STORE_02;CASH-08;2026-07-25 13:27:36;SKU-002;1;12000;1000;CARD
REC-20260725-STORE_02-0355;STORE_02;CASH-03;2026-07-25 16:55:38;SKU-012;4;45000;1000;CARD
REC-20260725-STORE_02-0355;STORE_02;CASH-04;2026-07-25 16:55:38;SKU-008;1;12000;0;CASH
REC-20260725-STORE_02-0355;STORE_02;CASH-01;2026-07-25 16:55:38;SKU-002;3;12000;0;CASH
REC-20260725-STORE_02-0355;STORE_02;CASH-09;2026-07-25 16:55:38;SKU-001;3;45000;500;CARD
REC-20260725-STORE_02-0356;STORE_02;CASH-03;2026-07-25 19:20:01;SKU-050;4;25000;0;CARD
REC-20260725-STORE_02-0356;STORE_02;CASH-03;2026-07-25 19:20:01;SKU-006;4;45000;0;CARD
REC-20260725-STORE_02-0356;STORE_02;CASH-07;2026-07-25 19:20:01;SKU-002;1;12000;0;CASH
REC-20260725-STORE_02-0357;STORE_02;CASH-05;2026-07-25 17:28:51;SKU-015;4;5000;0;CARD
REC-20260725-STORE_02-0357;STORE_02;CASH-10;2026-07-25 17:28:51;SKU-001;3;45000;0;CARD
REC-20260725-STORE_02-0358;STORE_02;CASH-04;2026-07-25 15:56:17;SKU-006;2;45000;1000;CASH
REC-20260725-STORE_02-0358;STORE_02;CASH-05;2026-07-25 15:56:17;SKU-027;4;5000;1000;CASH
REC-20260725-STORE_02-0358;STORE_02;CASH-05;2026-07-25 15:56:17;SKU-017;2;12000;0;CASH
REC-20260725-STORE_02-0358;STORE_02;CASH-10;2026-07-25 15:56:17;SKU-001;2;45000;1000;CARD
REC-20260725-STORE_02-0359;STORE_02;CASH-08;2026-07-25 11:26:52;SKU-009;1;25000;1000;CASH
REC-20260725-STORE_02-0359;STORE_02;CASH-01;2026-07-25 11:26:52;SKU-001;2;45000;1000;CASH
REC-20260725-STORE_02-0359;STORE_02;CASH-10;2026-07-25 11:26:52;SKU-003;4;45000;1000;CARD
REC-20260725-STORE_02-0359;STORE_02;CASH-03;2026-07-25 11:26:52;SKU-001;4;45000;0;CARD
REC-20260725-STORE_02-0360;STORE_02;CASH-07;2026-07-25 17:56:01;SKU-006;2;45000;500;CARD
REC-20260725-STORE_02-0360;STORE_02;CASH-07;2026-07-25 17:56:01;SKU-012;2;45000;500;CARD
REC-20260725-STORE_02-0361;STORE_02;CASH-07;2026-07-25 16:38:40;SKU-032;1;25000;500;CARD
REC-20260725-STORE_02-0361;STORE_02;CASH-04;2026-07-25 16:38:40;SKU-050;2;25000;0;CARD
REC-20260725-STORE_02-0361;STORE_02;CASH-06;2026-07-25 16:38:40;SKU-003;3;45000;1000;CARD
REC-20260725-STORE_02-0361;STORE_02;CASH-05;2026-07-25 16:38:40;SKU-002;3;12000;0;CARD
REC-20260725-STORE_02-0362;STORE_02;CASH-05;2026-07-25 11:14:17;SKU-009;3;25000;0;CASH
REC-20260725-STORE_02-0362;STORE_02;CASH-08;2026-07-25 11:14:17;SKU-003;3;45000;1000;CARD
REC-20260725-STORE_02-0363;STORE_02;CASH-09;2026-07-25 20:44:19;SKU-003;2;45000;0;CARD
REC-20260725-STORE_02-0363;STORE_02;CASH-04;2026-07-25 20:44:19;SKU-023;2;45000;500;CARD
REC-20260725-STORE_02-0363;STORE_02;CASH-09;2026-07-25 20:44:19;SKU-001;2;45000;0;CARD
REC-20260725-STORE_02-0363;STORE_02;CASH-09;2026-07-25 20:44:19;SKU-014;4;5000;500;CARD
REC-20260725-STORE_02-0363;STORE_02;CASH-07;2026-07-25 20:44:19;SKU-011;3;5000;0;CARD
REC-20260725-STORE_02-0364;STORE_02;CASH-10;2026-07-25 9:39:00;SKU-030;2;45000;0;CASH
REC-20260725-STORE_02-0364;STORE_02;CASH-02;2026-07-25 9:39:00;SKU-044;3;5000;1000;CARD
REC-20260725-STORE_02-0364;STORE_02;CASH-08;2026-07-25 9:39:00;SKU-041;3;25000;0;CASH
REC-20260725-STORE_02-0365;STORE_02;CASH-01;2026-07-25 12:41:50;SKU-009;2;25000;500;CARD
REC-20260725-STORE_02-0365;STORE_02;CASH-10;2026-07-25 12:41:50;SKU-007;1;12000;1000;CARD
REC-20260725-STORE_02-0366;STORE_02;CASH-09;2026-07-25 12:55:12;SKU-005;4;5000;0;CARD
REC-20260725-STORE_02-0367;STORE_02;CASH-09;2026-07-25 19:16:51;SKU-015;1;5000;500;CARD
REC-20260725-STORE_02-0368;STORE_02;CASH-05;2026-07-25 9:00:11;SKU-015;4;5000;0;CASH
REC-20260725-STORE_02-0368;STORE_02;CASH-01;2026-07-25 9:00:11;SKU-029;3;5000;0;CARD
REC-20260725-STORE_02-0369;STORE_02;CASH-03;2026-07-25 12:31:14;SKU-001;2;45000;0;CARD
REC-20260725-STORE_02-0369;STORE_02;CASH-08;2026-07-25 12:31:14;SKU-001;4;45000;0;CARD
REC-20260725-STORE_02-0369;STORE_02;CASH-06;2026-07-25 12:31:14;SKU-010;1;25000;0;CARD
REC-20260725-STORE_02-0369;STORE_02;CASH-07;2026-07-25 12:31:14;SKU-004;1;25000;1000;CASH
REC-20260725-STORE_02-0370;STORE_02;CASH-10;2026-07-25 8:53:38;SKU-001;4;45000;0;CARD
REC-20260725-STORE_02-0370;STORE_02;CASH-05;2026-07-25 8:53:38;SKU-001;4;45000;0;CARD
REC-20260725-STORE_02-0370;STORE_02;CASH-06;2026-07-25 8:53:38;SKU-002;3;12000;1000;CARD
REC-20260725-STORE_02-0371;STORE_02;CASH-07;2026-07-25 11:01:39;SKU-001;1;45000;0;CARD
REC-20260725-STORE_02-0371;STORE_02;CASH-10;2026-07-25 11:01:39;SKU-044;2;5000;0;CASH
REC-20260725-STORE_02-0371;STORE_02;CASH-10;2026-07-25 11:01:39;SKU-002;1;12000;0;CARD
REC-20260725-STORE_02-0371;STORE_02;CASH-02;2026-07-25 11:01:39;SKU-006;4;45000;0;CARD
REC-20260725-STORE_02-0372;STORE_02;CASH-09;2026-07-25 9:51:42;SKU-020;4;12000;0;CARD
REC-20260725-STORE_02-0372;STORE_02;CASH-03;2026-07-25 9:51:42;SKU-004;1;25000;0;CARD
REC-20260725-STORE_02-0372;STORE_02;CASH-07;2026-07-25 9:51:42;SKU-011;1;5000;0;CARD
REC-20260725-STORE_02-0372;STORE_02;CASH-07;2026-07-25 9:51:42;SKU-001;1;45000;0;CARD
REC-20260725-STORE_02-0372;STORE_02;CASH-07;2026-07-25 9:51:42;SKU-013;1;12000;1000;CARD
REC-20260725-STORE_02-0373;STORE_02;CASH-07;2026-07-25 11:40:45;SKU-001;1;45000;500;CASH
REC-20260725-STORE_02-0373;STORE_02;CASH-07;2026-07-25 11:40:45;SKU-016;1;25000;0;CARD
REC-20260725-STORE_02-0373;STORE_02;CASH-05;2026-07-25 11:40:45;SKU-007;1;12000;0;CASH
REC-20260725-STORE_02-0373;STORE_02;CASH-04;2026-07-25 11:40:45;SKU-003;2;45000;500;CARD
REC-20260725-STORE_02-0374;STORE_02;CASH-04;2026-07-25 11:38:10;SKU-015;2;5000;0;CARD
REC-20260725-STORE_02-0374;STORE_02;CASH-08;2026-07-25 11:38:10;SKU-001;4;45000;0;CARD
REC-20260725-STORE_02-0374;STORE_02;CASH-04;2026-07-25 11:38:10;SKU-034;3;25000;0;CARD
REC-20260725-STORE_02-0375;STORE_02;CASH-02;2026-07-25 21:24:17;SKU-001;1;45000;1000;CARD
REC-20260725-STORE_02-0375;STORE_02;CASH-02;2026-07-25 21:24:17;SKU-007;3;12000;0;CARD
REC-20260725-STORE_02-0376;STORE_02;CASH-04;2026-07-25 20:40:15;SKU-013;1;12000;500;CASH
REC-20260725-STORE_02-0376;STORE_02;CASH-02;2026-07-25 20:40:15;SKU-029;2;5000;0;CARD
REC-20260725-STORE_02-0377;STORE_02;CASH-04;2026-07-25 8:11:18;SKU-010;3;25000;0;CARD
REC-20260725-STORE_02-0377;STORE_02;CASH-06;2026-07-25 8:11:18;SKU-006;3;45000;0;CASH
REC-20260725-STORE_02-0378;STORE_02;CASH-10;2026-07-25 9:30:04;SKU-007;2;12000;1000;CARD
REC-20260725-STORE_02-0378;STORE_02;CASH-02;2026-07-25 9:30:04;SKU-001;1;45000;0;CARD
REC-20260725-STORE_02-0378;STORE_02;CASH-04;2026-07-25 9:30:04;SKU-004;3;25000;0;CASH
REC-20260725-STORE_02-0378;STORE_02;CASH-06;2026-07-25 9:30:04;SKU-005;4;5000;0;CARD
REC-20260725-STORE_02-0379;STORE_02;CASH-07;2026-07-25 8:30:24;SKU-018;2;5000;500;CARD
REC-20260725-STORE_02-0379;STORE_02;CASH-07;2026-07-25 8:30:24;SKU-002;1;12000;500;CARD
REC-20260725-STORE_02-0379;STORE_02;CASH-07;2026-07-25 8:30:24;SKU-015;4;5000;500;CARD
REC-20260725-STORE_02-0379;STORE_02;CASH-09;2026-07-25 8:30:24;SKU-002;2;12000;0;CASH
REC-20260725-STORE_02-0380;STORE_02;CASH-08;2026-07-25 12:50:28;SKU-004;2;25000;0;CASH
REC-20260725-STORE_02-0380;STORE_02;CASH-02;2026-07-25 12:50:28;SKU-027;4;5000;0;CASH
REC-20260725-STORE_02-0381;STORE_02;CASH-05;2026-07-25 16:31:09;SKU-027;2;5000;500;CASH
REC-20260725-STORE_02-0381;STORE_02;CASH-05;2026-07-25 16:31:09;SKU-034;1;25000;0;CASH
REC-20260725-STORE_02-0381;STORE_02;CASH-09;2026-07-25 16:31:09;SKU-025;3;5000;0;CARD
REC-20260725-STORE_02-0381;STORE_02;CASH-02;2026-07-25 16:31:09;SKU-037;2;45000;0;CASH
REC-20260725-STORE_02-0382;STORE_02;CASH-07;2026-07-25 20:57:52;SKU-001;3;45000;1000;CARD
REC-20260725-STORE_02-0382;STORE_02;CASH-05;2026-07-25 20:57:52;SKU-005;2;5000;0;CASH
REC-20260725-STORE_02-0382;STORE_02;CASH-02;2026-07-25 20:57:52;SKU-017;2;12000;500;CASH
REC-20260725-STORE_02-0383;STORE_02;CASH-05;2026-07-25 11:00:18;SKU-001;3;45000;500;CASH
REC-20260725-STORE_02-0383;STORE_02;CASH-02;2026-07-25 11:00:18;SKU-002;4;12000;0;CASH
REC-20260725-STORE_02-0383;STORE_02;CASH-04;2026-07-25 11:00:18;SKU-001;2;45000;0;CARD
REC-20260725-STORE_02-0383;STORE_02;CASH-08;2026-07-25 11:00:18;SKU-003;2;45000;0;CARD
REC-20260725-STORE_02-0383;STORE_02;CASH-07;2026-07-25 11:00:18;SKU-030;2;45000;1000;CASH
REC-20260725-STORE_02-0384;STORE_02;CASH-03;2026-07-25 16:19:30;SKU-001;1;45000;0;CASH
REC-20260725-STORE_02-0384;STORE_02;CASH-06;2026-07-25 16:19:30;SKU-011;3;5000;500;CARD
REC-20260725-STORE_02-0384;STORE_02;CASH-04;2026-07-25 16:19:30;SKU-041;1;25000;0;CARD
REC-20260725-STORE_02-0384;STORE_02;CASH-03;2026-07-25 16:19:30;SKU-048;3;25000;500;CASH
REC-20260725-STORE_02-0384;STORE_02;CASH-05;2026-07-25 16:19:30;SKU-008;1;12000;0;CARD
REC-20260725-STORE_02-0385;STORE_02;CASH-01;2026-07-25 21:33:31;SKU-017;2;12000;0;CASH
REC-20260725-STORE_02-0385;STORE_02;CASH-07;2026-07-25 21:33:31;SKU-001;3;45000;500;CARD
REC-20260725-STORE_02-0385;STORE_02;CASH-08;2026-07-25 21:33:31;SKU-001;1;45000;1000;CASH
REC-20260725-STORE_02-0386;STORE_02;CASH-02;2026-07-25 10:03:27;SKU-001;2;45000;500;CASH
REC-20260725-STORE_02-0386;STORE_02;CASH-07;2026-07-25 10:03:27;SKU-001;4;45000;1000;CARD
REC-20260725-STORE_02-0386;STORE_02;CASH-05;2026-07-25 10:03:27;SKU-003;3;45000;0;CARD
REC-20260725-STORE_02-0387;STORE_02;CASH-10;2026-07-25 18:29:44;SKU-018;4;5000;0;CARD
REC-20260725-STORE_02-0388;STORE_02;CASH-09;2026-07-25 18:44:23;SKU-003;2;45000;0;CARD
REC-20260725-STORE_02-0389;STORE_02;CASH-10;2026-07-25 16:50:58;SKU-027;2;5000;0;CARD
REC-20260725-STORE_02-0389;STORE_02;CASH-08;2026-07-25 16:50:58;SKU-003;3;45000;0;CASH
REC-20260725-STORE_02-0389;STORE_02;CASH-01;2026-07-25 16:50:58;SKU-003;2;45000;0;CARD
REC-20260725-STORE_02-0390;STORE_02;CASH-01;2026-07-25 17:41:07;SKU-038;1;12000;0;CARD
REC-20260725-STORE_02-0390;STORE_02;CASH-05;2026-07-25 17:41:07;SKU-027;2;5000;1000;CARD
REC-20260725-STORE_02-0390;STORE_02;CASH-01;2026-07-25 17:41:07;SKU-009;1;25000;0;CARD
REC-20260725-STORE_02-0390;STORE_02;CASH-03;2026-07-25 17:41:07;SKU-029;4;5000;0;CARD
REC-20260725-STORE_02-0391;STORE_02;CASH-05;2026-07-25 14:20:57;SKU-002;1;12000;0;CARD
REC-20260725-STORE_02-0391;STORE_02;CASH-08;2026-07-25 14:20:57;SKU-009;4;25000;0;CARD
REC-20260725-STORE_02-0391;STORE_02;CASH-10;2026-07-25 14:20:57;SKU-016;3;25000;0;CARD
REC-20260725-STORE_02-0391;STORE_02;CASH-09;2026-07-25 14:20:57;SKU-001;3;45000;500;CASH
REC-20260725-STORE_02-0391;STORE_02;CASH-09;2026-07-25 14:20:57;SKU-002;4;12000;0;CARD
REC-20260725-STORE_02-0392;STORE_02;CASH-10;2026-07-25 9:55:00;SKU-024;1;12000;0;CARD
REC-20260725-STORE_02-0393;STORE_02;CASH-04;2026-07-25 13:00:11;SKU-001;3;45000;500;CASH
REC-20260725-STORE_02-0393;STORE_02;CASH-09;2026-07-25 13:00:11;SKU-002;2;12000;0;CASH
REC-20260725-STORE_02-0393;STORE_02;CASH-01;2026-07-25 13:00:11;SKU-003;3;45000;0;CARD
REC-20260725-STORE_02-0393;STORE_02;CASH-05;2026-07-25 13:00:11;SKU-007;4;12000;1000;CASH
REC-20260725-STORE_02-0394;STORE_02;CASH-03;2026-07-25 16:50:16;SKU-033;3;5000;0;CARD
REC-20260725-STORE_02-0394;STORE_02;CASH-04;2026-07-25 16:50:16;SKU-050;3;25000;0;CASH
REC-20260725-STORE_02-0395;STORE_02;CASH-05;2026-07-25 20:35:05;SKU-001;1;45000;500;CARD
REC-20260725-STORE_02-0395;STORE_02;CASH-10;2026-07-25 20:35:05;SKU-005;1;5000;0;CASH
REC-20260725-STORE_02-0395;STORE_02;CASH-04;2026-07-25 20:35:05;SKU-028;1;5000;500;CARD
REC-20260725-STORE_02-0395;STORE_02;CASH-03;2026-07-25 20:35:05;SKU-005;2;5000;500;CARD
REC-20260725-STORE_02-0396;STORE_02;CASH-07;2026-07-25 13:29:27;SKU-021;2;5000;0;CARD
REC-20260725-STORE_02-0396;STORE_02;CASH-04;2026-07-25 13:29:27;SKU-006;2;45000;500;CARD
REC-20260725-STORE_02-0396;STORE_02;CASH-01;2026-07-25 13:29:27;SKU-006;4;45000;500;CARD
REC-20260725-STORE_02-0397;STORE_02;CASH-01;2026-07-25 21:41:19;SKU-001;2;45000;500;CARD
REC-20260725-STORE_02-0397;STORE_02;CASH-03;2026-07-25 21:41:19;SKU-001;3;45000;0;CARD
REC-20260725-STORE_02-0397;STORE_02;CASH-06;2026-07-25 21:41:19;SKU-011;1;5000;500;CARD
REC-20260725-STORE_02-0397;STORE_02;CASH-09;2026-07-25 21:41:19;SKU-037;2;45000;0;CARD
REC-20260725-STORE_02-0397;STORE_02;CASH-06;2026-07-25 21:41:19;SKU-003;4;45000;500;CARD
REC-20260725-STORE_02-0398;STORE_02;CASH-07;2026-07-25 18:46:59;SKU-001;4;45000;0;CARD
REC-20260725-STORE_02-0399;STORE_02;CASH-05;2026-07-25 18:43:29;SKU-001;2;45000;0;CASH
REC-20260725-STORE_02-0399;STORE_02;CASH-07;2026-07-25 18:43:29;SKU-008;4;12000;500;CARD
REC-20260725-STORE_02-0400;STORE_02;CASH-02;2026-07-25 15:24:25;SKU-001;2;45000;0;CARD
REC-20260725-STORE_02-0400;STORE_02;CASH-09;2026-07-25 15:24:25;SKU-010;2;25000;0;CARD
REC-20260725-STORE_02-0400;STORE_02;CASH-05;2026-07-25 15:24:25;SKU-001;1;45000;1000;CASH
REC-20260725-STORE_02-0401;STORE_02;CASH-05;2026-07-25 18:34:36;SKU-015;4;5000;1000;CASH
REC-20260725-STORE_02-0401;STORE_02;CASH-02;2026-07-25 18:34:36;SKU-006;3;45000;1000;CASH
REC-20260725-STORE_02-0401;STORE_02;CASH-10;2026-07-25 18:34:36;SKU-020;3;12000;1000;CASH
REC-20260725-STORE_02-0401;STORE_02;CASH-04;2026-07-25 18:34:36;SKU-002;1;12000;0;CARD
REC-20260725-STORE_02-0401;STORE_02;CASH-10;2026-07-25 18:34:36;SKU-001;3;45000;0;CARD
REC-20260725-STORE_02-0402;STORE_02;CASH-08;2026-07-25 21:43:50;SKU-005;2;5000;0;CARD
REC-20260725-STORE_02-0402;STORE_02;CASH-10;2026-07-25 21:43:50;SKU-028;2;5000;0;CARD
REC-20260725-STORE_02-0402;STORE_02;CASH-03;2026-07-25 21:43:50;SKU-001;4;45000;0;CARD
REC-20260725-STORE_02-0403;STORE_02;CASH-01;2026-07-25 8:25:47;SKU-005;4;5000;0;CASH
REC-20260725-STORE_02-0403;STORE_02;CASH-10;2026-07-25 8:25:47;SKU-004;4;25000;0;CARD
REC-20260725-STORE_02-0403;STORE_02;CASH-05;2026-07-25 8:25:47;SKU-001;4;45000;0;CASH
REC-20260725-STORE_02-0404;STORE_02;CASH-04;2026-07-25 19:04:25;SKU-002;3;12000;0;CARD
REC-20260725-STORE_02-0404;STORE_02;CASH-09;2026-07-25 19:04:25;SKU-015;2;5000;0;CARD
REC-20260725-STORE_02-0404;STORE_02;CASH-07;2026-07-25 19:04:25;SKU-003;4;45000;500;CASH
REC-20260725-STORE_02-0404;STORE_02;CASH-01;2026-07-25 19:04:25;SKU-001;3;45000;0;CASH
REC-20260725-STORE_02-0404;STORE_02;CASH-09;2026-07-25 19:04:25;SKU-001;4;45000;0;CARD
REC-20260725-STORE_02-0405;STORE_02;CASH-03;2026-07-25 8:21:16;SKU-029;3;5000;0;CASH
REC-20260725-STORE_02-0405;STORE_02;CASH-05;2026-07-25 8:21:16;SKU-025;3;5000;500;CARD
REC-20260725-STORE_02-0405;STORE_02;CASH-01;2026-07-25 8:21:16;SKU-001;3;45000;0;CARD
REC-20260725-STORE_02-0406;STORE_02;CASH-03;2026-07-25 12:56:25;SKU-019;2;25000;1000;CARD
REC-20260725-STORE_02-0406;STORE_02;CASH-06;2026-07-25 12:56:25;SKU-001;1;45000;0;CARD
REC-20260725-STORE_02-0406;STORE_02;CASH-04;2026-07-25 12:56:25;SKU-012;2;45000;0;CARD
REC-20260725-STORE_02-0406;STORE_02;CASH-07;2026-07-25 12:56:25;SKU-007;3;12000;0;CARD
REC-20260725-STORE_02-0406;STORE_02;CASH-06;2026-07-25 12:56:25;SKU-001;1;45000;0;CARD
REC-20260725-STORE_02-0407;STORE_02;CASH-04;2026-07-25 12:13:56;SKU-002;1;12000;0;CARD
REC-20260725-STORE_02-0408;STORE_02;CASH-01;2026-07-25 18:02:25;SKU-005;1;5000;0;CASH
REC-20260725-STORE_02-0409;STORE_02;CASH-02;2026-07-25 20:23:03;SKU-001;4;45000;0;CASH
REC-20260725-STORE_02-0410;STORE_02;CASH-10;2026-07-25 20:35:14;SKU-047;3;5000;0;CARD
REC-20260725-STORE_02-0410;STORE_02;CASH-05;2026-07-25 20:35:14;SKU-002;1;12000;0;CARD
REC-20260725-STORE_02-0410;STORE_02;CASH-08;2026-07-25 20:35:14;SKU-030;3;45000;0;CARD
REC-20260725-STORE_02-0410;STORE_02;CASH-06;2026-07-25 20:35:14;SKU-003;1;45000;500;CARD
REC-20260725-STORE_02-0411;STORE_02;CASH-06;2026-07-25 8:36:33;SKU-008;4;12000;1000;CARD
REC-20260725-STORE_02-0411;STORE_02;CASH-06;2026-07-25 8:36:33;SKU-026;1;12000;500;CASH
REC-20260725-STORE_02-0411;STORE_02;CASH-04;2026-07-25 8:36:33;SKU-015;1;5000;500;CASH
REC-20260725-STORE_02-0412;STORE_02;CASH-07;2026-07-25 20:04:22;SKU-017;3;12000;0;CASH
REC-20260725-STORE_02-0412;STORE_02;CASH-06;2026-07-25 20:04:22;SKU-005;4;5000;500;CASH
REC-20260725-STORE_02-0412;STORE_02;CASH-09;2026-07-25 20:04:22;SKU-012;2;45000;0;CASH
REC-20260725-STORE_02-0413;STORE_02;CASH-01;2026-07-25 8:55:16;SKU-012;3;45000;0;CARD
REC-20260725-STORE_02-0413;STORE_02;CASH-02;2026-07-25 8:55:16;SKU-033;3;5000;0;CARD
REC-20260725-STORE_02-0413;STORE_02;CASH-07;2026-07-25 8:55:16;SKU-001;2;45000;0;CASH
REC-20260725-STORE_02-0413;STORE_02;CASH-02;2026-07-25 8:55:16;SKU-003;4;45000;500;CARD
REC-20260725-STORE_02-0413;STORE_02;CASH-01;2026-07-25 8:55:16;SKU-003;1;45000;500;CASH
REC-20260725-STORE_02-0414;STORE_02;CASH-10;2026-07-25 8:09:43;SKU-002;1;12000;0;CARD
REC-20260725-STORE_02-0414;STORE_02;CASH-08;2026-07-25 8:09:43;SKU-013;1;12000;0;CARD
REC-20260725-STORE_02-0414;STORE_02;CASH-02;2026-07-25 8:09:43;SKU-002;2;12000;0;CARD
REC-20260725-STORE_02-0414;STORE_02;CASH-06;2026-07-25 8:09:43;SKU-045;1;45000;0;CASH
REC-20260725-STORE_02-0414;STORE_02;CASH-10;2026-07-25 8:09:43;SKU-009;1;25000;500;CARD
REC-20260725-STORE_02-0415;STORE_02;CASH-01;2026-07-25 16:23:26;SKU-004;3;25000;0;CASH
REC-20260725-STORE_02-0415;STORE_02;CASH-04;2026-07-25 16:23:26;SKU-019;2;25000;0;CARD
REC-20260725-STORE_02-0415;STORE_02;CASH-08;2026-07-25 16:23:26;SKU-002;3;12000;0;CARD
REC-20260725-STORE_02-0415;STORE_02;CASH-03;2026-07-25 16:23:26;SKU-050;1;25000;0;CASH
REC-20260725-STORE_02-0415;STORE_02;CASH-07;2026-07-25 16:23:26;SKU-002;4;12000;1000;CARD
REC-20260725-STORE_02-0416;STORE_02;CASH-09;2026-07-25 21:53:14;SKU-012;1;45000;500;CARD
REC-20260725-STORE_02-0416;STORE_02;CASH-06;2026-07-25 21:53:14;SKU-002;4;12000;0;CASH
REC-20260725-STORE_02-0417;STORE_02;CASH-09;2026-07-25 11:29:22;SKU-037;1;45000;500;CASH
REC-20260725-STORE_02-0417;STORE_02;CASH-08;2026-07-25 11:29:22;SKU-001;3;45000;0;CARD
REC-20260725-STORE_02-0418;STORE_02;CASH-09;2026-07-25 20:18:56;SKU-002;4;12000;1000;CARD
REC-20260725-STORE_02-0418;STORE_02;CASH-07;2026-07-25 20:18:56;SKU-002;3;12000;500;CARD
REC-20260725-STORE_02-0419;STORE_02;CASH-06;2026-07-25 14:55:59;SKU-028;3;5000;1000;CASH
REC-20260725-STORE_02-0419;STORE_02;CASH-03;2026-07-25 14:55:59;SKU-030;2;45000;500;CARD
REC-20260725-STORE_02-0419;STORE_02;CASH-06;2026-07-25 14:55:59;SKU-006;2;45000;0;CARD
REC-20260725-STORE_02-0420;STORE_02;CASH-06;2026-07-25 12:48:11;SKU-009;2;25000;0;CASH
REC-20260725-STORE_02-0420;STORE_02;CASH-08;2026-07-25 12:48:11;SKU-001;2;45000;1000;CASH
REC-20260725-STORE_02-0420;STORE_02;CASH-05;2026-07-25 12:48:11;SKU-004;3;25000;500;CARD
REC-20260725-STORE_02-0421;STORE_02;CASH-03;2026-07-25 14:37:32;SKU-001;1;45000;500;CASH
REC-20260725-STORE_02-0421;STORE_02;CASH-06;2026-07-25 14:37:32;SKU-002;2;12000;1000;CASH
REC-20260725-STORE_02-0421;STORE_02;CASH-04;2026-07-25 14:37:32;SKU-001;3;45000;1000;CARD
REC-20260725-STORE_02-0422;STORE_02;CASH-03;2026-07-25 13:29:33;SKU-001;2;45000;0;CASH
REC-20260725-STORE_02-0422;STORE_02;CASH-10;2026-07-25 13:29:33;SKU-001;4;45000;500;CARD
REC-20260725-STORE_02-0422;STORE_02;CASH-02;2026-07-25 13:29:33;SKU-037;1;45000;0;CASH
REC-20260725-STORE_02-0423;STORE_02;CASH-02;2026-07-25 16:33:12;SKU-002;2;12000;0;CARD
REC-20260725-STORE_02-0423;STORE_02;CASH-06;2026-07-25 16:33:12;SKU-003;4;45000;0;CASH
REC-20260725-STORE_02-0423;STORE_02;CASH-03;2026-07-25 16:33:12;SKU-001;4;45000;0;CARD
REC-20260725-STORE_02-0423;STORE_02;CASH-01;2026-07-25 16:33:12;SKU-005;2;5000;500;CARD
REC-20260725-STORE_02-0424;STORE_02;CASH-08;2026-07-25 19:52:04;SKU-004;4;25000;1000;CARD
REC-20260725-STORE_02-0424;STORE_02;CASH-01;2026-07-25 19:52:04;SKU-008;3;12000;0;CASH
REC-20260725-STORE_02-0424;STORE_02;CASH-02;2026-07-25 19:52:04;SKU-025;3;5000;0;CASH
REC-20260725-STORE_02-0424;STORE_02;CASH-07;2026-07-25 19:52:04;SKU-029;3;5000;0;CASH
REC-20260725-STORE_02-0424;STORE_02;CASH-06;2026-07-25 19:52:04;SKU-020;3;12000;0;CARD
REC-20260725-STORE_02-0425;STORE_02;CASH-09;2026-07-25 18:02:04;SKU-001;4;45000;0;CARD
REC-20260725-STORE_02-0426;STORE_02;CASH-01;2026-07-25 17:03:34;SKU-007;2;12000;0;CARD
REC-20260725-STORE_02-0426;STORE_02;CASH-01;2026-07-25 17:03:34;SKU-001;4;45000;1000;CARD
REC-20260725-STORE_02-0426;STORE_02;CASH-02;2026-07-25 17:03:34;SKU-030;2;45000;500;CARD
REC-20260725-STORE_02-0426;STORE_02;CASH-02;2026-07-25 17:03:34;SKU-011;2;5000;500;CASH
REC-20260725-STORE_02-0427;STORE_02;CASH-03;2026-07-25 18:51:41;SKU-004;2;25000;1000;CARD
REC-20260725-STORE_02-0427;STORE_02;CASH-05;2026-07-25 18:51:41;SKU-022;1;12000;500;CARD
REC-20260725-STORE_02-0428;STORE_02;CASH-03;2026-07-25 9:33:23;SKU-012;1;45000;0;CARD
REC-20260725-STORE_02-0428;STORE_02;CASH-03;2026-07-25 9:33:23;SKU-009;4;25000;500;CASH
REC-20260725-STORE_02-0428;STORE_02;CASH-05;2026-07-25 9:33:23;SKU-001;2;45000;500;CASH
REC-20260725-STORE_02-0429;STORE_02;CASH-02;2026-07-25 20:26:22;SKU-015;2;5000;0;CARD
REC-20260725-STORE_02-0429;STORE_02;CASH-07;2026-07-25 20:26:22;SKU-003;2;45000;0;CARD
REC-20260725-STORE_02-0429;STORE_02;CASH-04;2026-07-25 20:26:22;SKU-001;2;45000;1000;CASH
REC-20260725-STORE_02-0429;STORE_02;CASH-04;2026-07-25 20:26:22;SKU-032;3;25000;500;CARD
REC-20260725-STORE_02-0429;STORE_02;CASH-01;2026-07-25 20:26:22;SKU-017;2;12000;0;CASH
REC-20260725-STORE_02-0430;STORE_02;CASH-02;2026-07-25 19:35:09;SKU-013;1;12000;500;CASH
REC-20260725-STORE_02-0430;STORE_02;CASH-01;2026-07-25 19:35:09;SKU-003;2;45000;0;CARD
REC-20260725-STORE_02-0430;STORE_02;CASH-08;2026-07-25 19:35:09;SKU-049;1;5000;0;CARD
REC-20260725-STORE_02-0430;STORE_02;CASH-06;2026-07-25 19:35:09;SKU-010;2;25000;0;CARD
REC-20260725-STORE_02-0431;STORE_02;CASH-09;2026-07-25 18:57:06;SKU-004;3;25000;0;CASH
REC-20260725-STORE_02-0432;STORE_02;CASH-07;2026-07-25 11:02:56;SKU-005;1;5000;0;CARD
REC-20260725-STORE_02-0432;STORE_02;CASH-10;2026-07-25 11:02:56;SKU-001;2;45000;0;CARD
REC-20260725-STORE_02-0432;STORE_02;CASH-05;2026-07-25 11:02:56;SKU-004;1;25000;0;CARD
REC-20260725-STORE_02-0432;STORE_02;CASH-04;2026-07-25 11:02:56;SKU-035;2;5000;1000;CASH
REC-20260725-STORE_02-0432;STORE_02;CASH-10;2026-07-25 11:02:56;SKU-001;4;45000;500;CASH
REC-20260725-STORE_02-0433;STORE_02;CASH-05;2026-07-25 18:07:53;SKU-003;2;45000;0;CASH
REC-20260725-STORE_02-0433;STORE_02;CASH-04;2026-07-25 18:07:53;SKU-006;1;45000;0;CARD
REC-20260725-STORE_02-0433;STORE_02;CASH-07;2026-07-25 18:07:53;SKU-001;2;45000;0;CASH
REC-20260725-STORE_02-0433;STORE_02;CASH-10;2026-07-25 18:07:53;SKU-003;2;45000;0;CARD
REC-20260725-STORE_02-0433;STORE_02;CASH-02;2026-07-25 18:07:53;SKU-005;1;5000;0;CARD
REC-20260725-STORE_02-0434;STORE_02;CASH-01;2026-07-25 12:00:35;SKU-006;2;45000;0;CASH
REC-20260725-STORE_02-0434;STORE_02;CASH-05;2026-07-25 12:00:35;SKU-012;3;45000;0;CASH
REC-20260725-STORE_02-0434;STORE_02;CASH-02;2026-07-25 12:00:35;SKU-014;1;5000;500;CASH
REC-20260725-STORE_02-0434;STORE_02;CASH-03;2026-07-25 12:00:35;SKU-001;4;45000;0;CARD
REC-20260725-STORE_02-0434;STORE_02;CASH-10;2026-07-25 12:00:35;SKU-015;2;5000;500;CARD
REC-20260725-STORE_02-0435;STORE_02;CASH-07;2026-07-25 12:31:25;SKU-003;1;45000;0;CARD
REC-20260725-STORE_02-0435;STORE_02;CASH-02;2026-07-25 12:31:25;SKU-008;4;12000;0;CARD
REC-20260725-STORE_02-0435;STORE_02;CASH-02;2026-07-25 12:31:25;SKU-037;3;45000;0;CARD
REC-20260725-STORE_02-0435;STORE_02;CASH-01;2026-07-25 12:31:25;SKU-013;3;12000;500;CARD
REC-20260725-STORE_02-0436;STORE_02;CASH-08;2026-07-25 15:19:42;SKU-001;2;45000;0;CARD
REC-20260725-STORE_02-0436;STORE_02;CASH-08;2026-07-25 15:19:42;SKU-003;4;45000;0;CARD
REC-20260725-STORE_02-0436;STORE_02;CASH-02;2026-07-25 15:19:42;SKU-006;4;45000;0;CARD
REC-20260725-STORE_02-0437;STORE_02;CASH-10;2026-07-25 12:21:27;SKU-010;1;25000;1000;CARD
REC-20260725-STORE_02-0437;STORE_02;CASH-06;2026-07-25 12:21:27;SKU-017;4;12000;0;CASH
REC-20260725-STORE_02-0438;STORE_02;CASH-06;2026-07-25 21:17:11;SKU-013;1;12000;500;CASH
REC-20260725-STORE_02-0438;STORE_02;CASH-05;2026-07-25 21:17:11;SKU-001;4;45000;0;CASH
REC-20260725-STORE_02-0438;STORE_02;CASH-01;2026-07-25 21:17:11;SKU-013;3;12000;0;CASH
REC-20260725-STORE_02-0439;STORE_02;CASH-10;2026-07-25 13:31:42;SKU-041;2;25000;0;CARD
REC-20260725-STORE_02-0439;STORE_02;CASH-08;2026-07-25 13:31:42;SKU-048;4;25000;0;CARD
REC-20260725-STORE_02-0439;STORE_02;CASH-08;2026-07-25 13:31:42;SKU-003;2;45000;0;CARD
REC-20260725-STORE_02-0439;STORE_02;CASH-06;2026-07-25 13:31:42;SKU-016;1;25000;500;CARD
REC-20260725-STORE_02-0439;STORE_02;CASH-05;2026-07-25 13:31:42;SKU-001;2;45000;0;CARD
REC-20260725-STORE_02-0440;STORE_02;CASH-05;2026-07-25 12:06:06;SKU-003;2;45000;0;CARD
REC-20260725-STORE_02-0440;STORE_02;CASH-10;2026-07-25 12:06:06;SKU-011;3;5000;0;CARD
REC-20260725-STORE_02-0440;STORE_02;CASH-08;2026-07-25 12:06:06;SKU-005;4;5000;500;CASH
REC-20260725-STORE_02-0440;STORE_02;CASH-05;2026-07-25 12:06:06;SKU-001;3;45000;1000;CARD
REC-20260725-STORE_02-0440;STORE_02;CASH-09;2026-07-25 12:06:06;SKU-001;4;45000;0;CARD
REC-20260725-STORE_02-0441;STORE_02;CASH-05;2026-07-25 11:38:04;SKU-001;1;45000;1000;CARD
REC-20260725-STORE_02-0441;STORE_02;CASH-01;2026-07-25 11:38:04;SKU-016;3;25000;0;CASH
REC-20260725-STORE_02-0442;STORE_02;CASH-01;2026-07-25 9:03:55;SKU-005;4;5000;0;CARD
REC-20260725-STORE_02-0442;STORE_02;CASH-05;2026-07-25 9:03:55;SKU-023;1;45000;0;CARD
REC-20260725-STORE_02-0443;STORE_02;CASH-01;2026-07-25 18:38:24;SKU-014;1;5000;0;CASH
REC-20260725-STORE_02-0443;STORE_02;CASH-02;2026-07-25 18:38:24;SKU-001;3;45000;0;CASH
REC-20260725-STORE_02-0443;STORE_02;CASH-04;2026-07-25 18:38:24;SKU-011;3;5000;0;CARD
REC-20260725-STORE_02-0443;STORE_02;CASH-02;2026-07-25 18:38:24;SKU-001;3;45000;0;CARD
REC-20260725-STORE_02-0443;STORE_02;CASH-06;2026-07-25 18:38:24;SKU-010;4;25000;0;CASH
REC-20260725-STORE_02-0444;STORE_02;CASH-01;2026-07-25 10:55:30;SKU-002;4;12000;0;CARD
REC-20260725-STORE_02-0444;STORE_02;CASH-01;2026-07-25 10:55:30;SKU-015;4;5000;1000;CARD
REC-20260725-STORE_02-0445;STORE_02;CASH-05;2026-07-25 12:41:16;SKU-022;4;12000;0;CARD
REC-20260725-STORE_02-0445;STORE_02;CASH-04;2026-07-25 12:41:16;SKU-022;3;12000;0;CASH
REC-20260725-STORE_02-0445;STORE_02;CASH-02;2026-07-25 12:41:16;SKU-010;4;25000;0;CARD
REC-20260725-STORE_02-0446;STORE_02;CASH-07;2026-07-25 15:53:06;SKU-001;1;45000;0;CARD
REC-20260725-STORE_02-0446;STORE_02;CASH-03;2026-07-25 15:53:06;SKU-005;1;5000;500;CARD
REC-20260725-STORE_02-0446;STORE_02;CASH-09;2026-07-25 15:53:06;SKU-001;4;45000;0;CARD
REC-20260725-STORE_02-0447;STORE_02;CASH-08;2026-07-25 17:54:14;SKU-013;1;12000;0;CASH
REC-20260725-STORE_02-0447;STORE_02;CASH-05;2026-07-25 17:54:14;SKU-005;3;5000;0;CARD
REC-20260725-STORE_02-0448;STORE_02;CASH-10;2026-07-25 16:56:30;SKU-048;4;25000;1000;CARD
REC-20260725-STORE_02-0449;STORE_02;CASH-05;2026-07-25 20:24:47;SKU-002;3;12000;0;CASH
REC-20260725-STORE_02-0449;STORE_02;CASH-01;2026-07-25 20:24:47;SKU-010;3;25000;0;CASH
REC-20260725-STORE_02-0449;STORE_02;CASH-04;2026-07-25 20:24:47;SKU-002;2;12000;500;CASH
REC-20260725-STORE_02-0449;STORE_02;CASH-06;2026-07-25 20:24:47;SKU-001;2;45000;0;CARD
REC-20260725-STORE_02-0449;STORE_02;CASH-07;2026-07-25 20:24:47;SKU-002;2;12000;0;CARD
REC-20260725-STORE_02-0450;STORE_02;CASH-02;2026-07-25 17:09:40;SKU-004;2;25000;0;CARD
REC-20260725-STORE_02-0450;STORE_02;CASH-07;2026-07-25 17:09:40;SKU-001;2;45000;500;CARD
REC-20260725-STORE_02-0451;STORE_02;CASH-06;2026-07-25 17:35:55;SKU-014;3;5000;1000;CARD
REC-20260725-STORE_02-0451;STORE_02;CASH-08;2026-07-25 17:35:55;SKU-002;3;12000;0;CARD
REC-20260725-STORE_02-0451;STORE_02;CASH-09;2026-07-25 17:35:55;SKU-003;2;45000;500;CARD
REC-20260725-STORE_02-0452;STORE_02;CASH-07;2026-07-25 10:36:43;SKU-018;4;5000;0;CASH
REC-20260725-STORE_02-0452;STORE_02;CASH-03;2026-07-25 10:36:43;SKU-001;3;45000;0;CASH
REC-20260725-STORE_02-0452;STORE_02;CASH-07;2026-07-25 10:36:43;SKU-001;3;45000;0;CARD
REC-20260725-STORE_02-0452;STORE_02;CASH-02;2026-07-25 10:36:43;SKU-006;4;45000;0;CARD
REC-20260725-STORE_02-0452;STORE_02;CASH-02;2026-07-25 10:36:43;SKU-034;4;25000;0;CARD
REC-20260725-STORE_02-0453;STORE_02;CASH-01;2026-07-25 11:33:11;SKU-013;4;12000;0;CARD
REC-20260725-STORE_02-0453;STORE_02;CASH-04;2026-07-25 11:33:11;SKU-030;3;45000;0;CARD
REC-20260725-STORE_02-0454;STORE_02;CASH-04;2026-07-25 21:29:34;SKU-015;3;5000;1000;CASH
REC-20260725-STORE_02-0454;STORE_02;CASH-08;2026-07-25 21:29:34;SKU-016;2;25000;500;CASH
REC-20260725-STORE_02-0454;STORE_02;CASH-03;2026-07-25 21:29:34;SKU-002;2;12000;500;CARD
REC-20260725-STORE_02-0455;STORE_02;CASH-01;2026-07-25 14:44:49;SKU-002;4;12000;0;CASH
REC-20260725-STORE_02-0455;STORE_02;CASH-10;2026-07-25 14:44:49;SKU-030;1;45000;500;CARD
REC-20260725-STORE_02-0456;STORE_02;CASH-06;2026-07-25 8:29:42;SKU-041;1;25000;0;CASH
REC-20260725-STORE_02-0456;STORE_02;CASH-02;2026-07-25 8:29:42;SKU-001;2;45000;500;CARD
REC-20260725-STORE_02-0456;STORE_02;CASH-08;2026-07-25 8:29:42;SKU-011;2;5000;500;CARD
REC-20260725-STORE_02-0456;STORE_02;CASH-03;2026-07-25 8:29:42;SKU-001;4;45000;0;CARD
REC-20260725-STORE_02-0457;STORE_02;CASH-07;2026-07-25 13:25:27;SKU-032;2;25000;500;CARD
REC-20260725-STORE_02-0457;STORE_02;CASH-09;2026-07-25 13:25:27;SKU-001;3;45000;0;CARD
REC-20260725-STORE_02-0458;STORE_02;CASH-05;2026-07-25 9:09:11;SKU-001;2;45000;0;CARD
REC-20260725-STORE_02-0458;STORE_02;CASH-04;2026-07-25 9:09:11;SKU-017;2;12000;1000;CASH
REC-20260725-STORE_02-0458;STORE_02;CASH-02;2026-07-25 9:09:11;SKU-026;1;12000;500;CARD
REC-20260725-STORE_02-0459;STORE_02;CASH-06;2026-07-25 21:37:21;SKU-016;2;25000;0;CASH
REC-20260725-STORE_02-0459;STORE_02;CASH-02;2026-07-25 21:37:21;SKU-014;4;5000;500;CARD
REC-20260725-STORE_02-0459;STORE_02;CASH-10;2026-07-25 21:37:21;SKU-008;1;12000;500;CASH
REC-20260725-STORE_02-0460;STORE_02;CASH-07;2026-07-25 16:35:09;SKU-011;1;5000;0;CASH
REC-20260725-STORE_02-0460;STORE_02;CASH-01;2026-07-25 16:35:09;SKU-020;3;12000;1000;CARD
REC-20260725-STORE_02-0460;STORE_02;CASH-01;2026-07-25 16:35:09;SKU-004;4;25000;0;CARD
REC-20260725-STORE_02-0461;STORE_02;CASH-09;2026-07-25 10:28:42;SKU-001;1;45000;500;CARD
REC-20260725-STORE_02-0461;STORE_02;CASH-03;2026-07-25 10:28:42;SKU-010;1;25000;1000;CASH
REC-20260725-STORE_02-0461;STORE_02;CASH-01;2026-07-25 10:28:42;SKU-033;1;5000;0;CARD
REC-20260725-STORE_02-0462;STORE_02;CASH-07;2026-07-25 9:40:55;SKU-003;1;45000;0;CARD
REC-20260725-STORE_02-0463;STORE_02;CASH-01;2026-07-25 18:39:27;SKU-042;3;5000;0;CARD
REC-20260725-STORE_02-0463;STORE_02;CASH-09;2026-07-25 18:39:27;SKU-015;1;5000;0;CASH
REC-20260725-STORE_02-0464;STORE_02;CASH-04;2026-07-25 14:51:56;SKU-003;2;45000;500;CASH
REC-20260725-STORE_02-0464;STORE_02;CASH-09;2026-07-25 14:51:56;SKU-047;3;5000;0;CARD
REC-20260725-STORE_02-0465;STORE_02;CASH-03;2026-07-25 10:02:31;SKU-001;3;45000;0;CASH
REC-20260725-STORE_02-0465;STORE_02;CASH-01;2026-07-25 10:02:31;SKU-048;1;25000;0;CARD
REC-20260725-STORE_02-0465;STORE_02;CASH-04;2026-07-25 10:02:31;SKU-003;2;45000;0;CARD
REC-20260725-STORE_02-0465;STORE_02;CASH-09;2026-07-25 10:02:31;SKU-001;4;45000;1000;CARD
REC-20260725-STORE_02-0465;STORE_02;CASH-07;2026-07-25 10:02:31;SKU-028;1;5000;0;CASH
REC-20260725-STORE_02-0466;STORE_02;CASH-04;2026-07-25 9:25:42;SKU-004;1;25000;0;CASH
REC-20260725-STORE_02-0466;STORE_02;CASH-06;2026-07-25 9:25:42;SKU-017;4;12000;0;CASH
REC-20260725-STORE_02-0466;STORE_02;CASH-02;2026-07-25 9:25:42;SKU-017;4;12000;0;CARD
REC-20260725-STORE_02-0466;STORE_02;CASH-06;2026-07-25 9:25:42;SKU-020;4;12000;0;CARD
REC-20260725-STORE_02-0467;STORE_02;CASH-06;2026-07-25 19:19:24;SKU-001;3;45000;0;CARD
REC-20260725-STORE_02-0467;STORE_02;CASH-07;2026-07-25 19:19:24;SKU-003;3;45000;500;CARD
REC-20260725-STORE_02-0468;STORE_02;CASH-04;2026-07-25 20:54:13;SKU-009;3;25000;0;CARD
REC-20260725-STORE_02-0469;STORE_02;CASH-04;2026-07-25 21:00:51;SKU-012;2;45000;0;CARD
REC-20260725-STORE_02-0469;STORE_02;CASH-02;2026-07-25 21:00:51;SKU-004;2;25000;1000;CASH
REC-20260725-STORE_02-0469;STORE_02;CASH-03;2026-07-25 21:00:51;SKU-001;2;45000;0;CARD
REC-20260725-STORE_02-0469;STORE_02;CASH-03;2026-07-25 21:00:51;SKU-023;3;45000;0;CARD
REC-20260725-STORE_02-0469;STORE_02;CASH-06;2026-07-25 21:00:51;SKU-012;1;45000;0;CARD
REC-20260725-STORE_02-0470;STORE_02;CASH-05;2026-07-25 8:10:46;SKU-001;1;45000;500;CASH
REC-20260725-STORE_02-0470;STORE_02;CASH-03;2026-07-25 8:10:46;SKU-001;2;45000;0;CARD
REC-20260725-STORE_02-0470;STORE_02;CASH-04;2026-07-25 8:10:46;SKU-001;1;45000;500;CARD
REC-20260725-STORE_02-0471;STORE_02;CASH-09;2026-07-25 21:50:22;SKU-001;2;45000;500;CASH
REC-20260725-STORE_02-0471;STORE_02;CASH-09;2026-07-25 21:50:22;SKU-001;4;45000;500;CARD
REC-20260725-STORE_02-0471;STORE_02;CASH-02;2026-07-25 21:50:22;SKU-003;3;45000;1000;CARD
REC-20260725-STORE_02-0471;STORE_02;CASH-07;2026-07-25 21:50:22;SKU-001;1;45000;0;CARD
REC-20260725-STORE_02-0471;STORE_02;CASH-05;2026-07-25 21:50:22;SKU-035;3;5000;500;CARD
REC-20260725-STORE_02-0472;STORE_02;CASH-01;2026-07-25 9:28:33;SKU-046;3;25000;500;CASH
REC-20260725-STORE_02-0472;STORE_02;CASH-04;2026-07-25 9:28:33;SKU-005;2;5000;500;CASH
REC-20260725-STORE_02-0473;STORE_02;CASH-05;2026-07-25 13:46:56;SKU-002;2;12000;1000;CASH
REC-20260725-STORE_02-0473;STORE_02;CASH-09;2026-07-25 13:46:56;SKU-003;3;45000;500;CARD
REC-20260725-STORE_02-0473;STORE_02;CASH-01;2026-07-25 13:46:56;SKU-011;1;5000;500;CASH
REC-20260725-STORE_02-0473;STORE_02;CASH-01;2026-07-25 13:46:56;SKU-005;3;5000;0;CASH
REC-20260725-STORE_02-0474;STORE_02;CASH-07;2026-07-25 12:24:19;SKU-027;4;5000;0;CARD
REC-20260725-STORE_02-0474;STORE_02;CASH-07;2026-07-25 12:24:19;SKU-001;3;45000;500;CARD
REC-20260725-STORE_02-0475;STORE_02;CASH-02;2026-07-25 12:09:51;SKU-001;2;45000;500;CARD
REC-20260725-STORE_02-0475;STORE_02;CASH-08;2026-07-25 12:09:51;SKU-017;4;12000;0;CARD
REC-20260725-STORE_02-0475;STORE_02;CASH-05;2026-07-25 12:09:51;SKU-012;4;45000;1000;CARD
REC-20260725-STORE_02-0475;STORE_02;CASH-05;2026-07-25 12:09:51;SKU-002;4;12000;500;CASH
REC-20260725-STORE_02-0476;STORE_02;CASH-06;2026-07-25 11:02:50;SKU-005;3;5000;0;CARD
REC-20260725-STORE_02-0476;STORE_02;CASH-07;2026-07-25 11:02:50;SKU-003;3;45000;1000;CARD
REC-20260725-STORE_02-0476;STORE_02;CASH-05;2026-07-25 11:02:50;SKU-008;2;12000;0;CASH
REC-20260725-STORE_02-0476;STORE_02;CASH-05;2026-07-25 11:02:50;SKU-022;2;12000;0;CASH
REC-20260725-STORE_02-0476;STORE_02;CASH-07;2026-07-25 11:02:50;SKU-009;2;25000;500;CARD
REC-20260725-STORE_02-0477;STORE_02;CASH-03;2026-07-25 20:30:17;SKU-001;1;45000;0;CARD
REC-20260725-STORE_02-0477;STORE_02;CASH-03;2026-07-25 20:30:17;SKU-001;3;45000;0;CASH
REC-20260725-STORE_02-0477;STORE_02;CASH-03;2026-07-25 20:30:17;SKU-027;4;5000;0;CASH
REC-20260725-STORE_02-0477;STORE_02;CASH-02;2026-07-25 20:30:17;SKU-002;2;12000;1000;CASH
REC-20260725-STORE_02-0478;STORE_02;CASH-05;2026-07-25 19:37:53;SKU-001;2;45000;1000;CARD
REC-20260725-STORE_02-0478;STORE_02;CASH-10;2026-07-25 19:37:53;SKU-001;2;45000;0;CASH
REC-20260725-STORE_02-0479;STORE_02;CASH-01;2026-07-25 20:29:02;SKU-023;4;45000;0;CASH
REC-20260725-STORE_02-0479;STORE_02;CASH-03;2026-07-25 20:29:02;SKU-006;2;45000;0;CARD
REC-20260725-STORE_02-0479;STORE_02;CASH-03;2026-07-25 20:29:02;SKU-001;3;45000;0;CARD
REC-20260725-STORE_02-0479;STORE_02;CASH-02;2026-07-25 20:29:02;SKU-019;4;25000;0;CARD
REC-20260725-STORE_02-0480;STORE_02;CASH-09;2026-07-25 17:37:13;SKU-005;1;5000;500;CASH
REC-20260725-STORE_02-0480;STORE_02;CASH-04;2026-07-25 17:37:13;SKU-046;2;25000;500;CASH
REC-20260725-STORE_02-0480;STORE_02;CASH-01;2026-07-25 17:37:13;SKU-001;2;45000;0;CARD
REC-20260725-STORE_02-0480;STORE_02;CASH-03;2026-07-25 17:37:13;SKU-002;1;12000;0;CASH
REC-20260725-STORE_02-0481;STORE_02;CASH-04;2026-07-25 9:05:29;SKU-001;3;45000;500;CARD
REC-20260725-STORE_02-0481;STORE_02;CASH-07;2026-07-25 9:05:29;SKU-005;3;5000;0;CASH
REC-20260725-STORE_02-0482;STORE_02;CASH-01;2026-07-25 12:01:07;SKU-005;4;5000;0;CASH
REC-20260725-STORE_02-0482;STORE_02;CASH-04;2026-07-25 12:01:07;SKU-049;3;5000;0;CARD
REC-20260725-STORE_02-0482;STORE_02;CASH-05;2026-07-25 12:01:07;SKU-003;2;45000;1000;CASH
REC-20260725-STORE_02-0482;STORE_02;CASH-04;2026-07-25 12:01:07;SKU-002;3;12000;0;CASH
REC-20260725-STORE_02-0483;STORE_02;CASH-09;2026-07-25 13:05:06;SKU-001;2;45000;500;CARD
REC-20260725-STORE_02-0483;STORE_02;CASH-07;2026-07-25 13:05:06;SKU-017;4;12000;500;CASH
REC-20260725-STORE_02-0484;STORE_02;CASH-04;2026-07-25 9:55:41;SKU-030;3;45000;1000;CARD
REC-20260725-STORE_02-0484;STORE_02;CASH-01;2026-07-25 9:55:41;SKU-004;1;25000;0;CASH
REC-20260725-STORE_02-0484;STORE_02;CASH-04;2026-07-25 9:55:41;SKU-007;3;12000;0;CARD
REC-20260725-STORE_02-0485;STORE_02;CASH-02;2026-07-25 17:42:08;SKU-001;3;45000;0;CARD
REC-20260725-STORE_02-0486;STORE_02;CASH-07;2026-07-25 17:03:17;SKU-041;2;25000;0;CASH
REC-20260725-STORE_02-0486;STORE_02;CASH-06;2026-07-25 17:03:17;SKU-008;2;12000;0;CASH
REC-20260725-STORE_02-0486;STORE_02;CASH-09;2026-07-25 17:03:17;SKU-002;4;12000;1000;CASH
REC-20260725-STORE_02-0486;STORE_02;CASH-10;2026-07-25 17:03:17;SKU-006;3;45000;0;CARD
REC-20260725-STORE_02-0487;STORE_02;CASH-08;2026-07-25 14:47:55;SKU-001;3;45000;1000;CARD
REC-20260725-STORE_02-0487;STORE_02;CASH-09;2026-07-25 14:47:55;SKU-008;1;12000;0;CARD
REC-20260725-STORE_02-0487;STORE_02;CASH-07;2026-07-25 14:47:55;SKU-041;3;25000;0;CASH
REC-20260725-STORE_02-0488;STORE_02;CASH-05;2026-07-25 21:47:30;SKU-001;2;45000;1000;CARD
REC-20260725-STORE_02-0488;STORE_02;CASH-06;2026-07-25 21:47:30;SKU-002;1;12000;0;CARD
REC-20260725-STORE_02-0489;STORE_02;CASH-08;2026-07-25 8:33:23;SKU-002;2;12000;0;CASH
REC-20260725-STORE_02-0489;STORE_02;CASH-02;2026-07-25 8:33:23;SKU-017;2;12000;0;CARD
REC-20260725-STORE_02-0490;STORE_02;CASH-03;2026-07-25 20:19:14;SKU-009;4;25000;0;CARD
REC-20260725-STORE_02-0490;STORE_02;CASH-04;2026-07-25 20:19:14;SKU-014;4;5000;1000;CASH
REC-20260725-STORE_02-0490;STORE_02;CASH-07;2026-07-25 20:19:14;SKU-002;4;12000;0;CARD
REC-20260725-STORE_02-0490;STORE_02;CASH-07;2026-07-25 20:19:14;SKU-001;2;45000;0;CARD
REC-20260725-STORE_02-0490;STORE_02;CASH-04;2026-07-25 20:19:14;SKU-030;2;45000;0;CARD
REC-20260725-STORE_02-0491;STORE_02;CASH-02;2026-07-25 15:45:28;SKU-011;2;5000;0;CARD
REC-20260725-STORE_02-0491;STORE_02;CASH-08;2026-07-25 15:45:28;SKU-002;3;12000;0;CASH
REC-20260725-STORE_02-0492;STORE_02;CASH-10;2026-07-25 13:24:55;SKU-039;2;5000;500;CASH
REC-20260725-STORE_02-0492;STORE_02;CASH-09;2026-07-25 13:24:55;SKU-022;4;12000;1000;CARD
REC-20260725-STORE_02-0492;STORE_02;CASH-08;2026-07-25 13:24:55;SKU-039;4;5000;500;CARD
REC-20260725-STORE_02-0492;STORE_02;CASH-02;2026-07-25 13:24:55;SKU-001;1;45000;500;CARD
REC-20260725-STORE_02-0492;STORE_02;CASH-03;2026-07-25 13:24:55;SKU-002;4;12000;0;CARD
REC-20260725-STORE_02-0493;STORE_02;CASH-07;2026-07-25 17:03:59;SKU-014;4;5000;0;CARD
REC-20260725-STORE_02-0493;STORE_02;CASH-04;2026-07-25 17:03:59;SKU-031;3;45000;0;CARD
REC-20260725-STORE_02-0493;STORE_02;CASH-05;2026-07-25 17:03:59;SKU-001;3;45000;500;CARD
REC-20260725-STORE_02-0493;STORE_02;CASH-02;2026-07-25 17:03:59;SKU-001;3;45000;0;CARD
REC-20260725-STORE_02-0493;STORE_02;CASH-08;2026-07-25 17:03:59;SKU-009;4;25000;0;CASH
REC-20260725-STORE_02-0494;STORE_02;CASH-07;2026-07-25 9:18:03;SKU-004;4;25000;0;CASH
REC-20260725-STORE_02-0494;STORE_02;CASH-07;2026-07-25 9:18:03;SKU-005;1;5000;0;CASH
REC-20260725-STORE_02-0494;STORE_02;CASH-06;2026-07-25 9:18:03;SKU-001;4;45000;0;CASH
REC-20260725-STORE_02-0494;STORE_02;CASH-07;2026-07-25 9:18:03;SKU-009;2;25000;1000;CASH
REC-20260725-STORE_02-0494;STORE_02;CASH-04;2026-07-25 9:18:03;SKU-027;2;5000;1000;CARD
REC-20260725-STORE_02-0495;STORE_02;CASH-04;2026-07-25 16:36:15;SKU-009;4;25000;500;CARD
REC-20260725-STORE_02-0495;STORE_02;CASH-05;2026-07-25 16:36:15;SKU-029;1;5000;500;CARD
REC-20260725-STORE_02-0495;STORE_02;CASH-05;2026-07-25 16:36:15;SKU-040;4;25000;500;CARD
REC-20260725-STORE_02-0495;STORE_02;CASH-09;2026-07-25 16:36:15;SKU-012;3;45000;500;CARD
REC-20260725-STORE_02-0495;STORE_02;CASH-02;2026-07-25 16:36:15;SKU-002;1;12000;0;CASH
REC-20260725-STORE_02-0496;STORE_02;CASH-04;2026-07-25 15:36:49;SKU-001;2;45000;0;CASH
REC-20260725-STORE_02-0496;STORE_02;CASH-05;2026-07-25 15:36:49;SKU-050;2;25000;0;CARD
REC-20260725-STORE_02-0496;STORE_02;CASH-09;2026-07-25 15:36:49;SKU-001;2;45000;0;CARD
REC-20260725-STORE_02-0496;STORE_02;CASH-05;2026-07-25 15:36:49;SKU-005;1;5000;1000;CARD
REC-20260725-STORE_02-0497;STORE_02;CASH-03;2026-07-25 15:54:16;SKU-009;2;25000;0;CARD
REC-20260725-STORE_02-0497;STORE_02;CASH-10;2026-07-25 15:54:16;SKU-002;3;12000;0;CARD
REC-20260725-STORE_02-0497;STORE_02;CASH-09;2026-07-25 15:54:16;SKU-001;2;45000;1000;CARD
REC-20260725-STORE_02-0497;STORE_02;CASH-03;2026-07-25 15:54:16;SKU-032;4;25000;0;CARD
REC-20260725-STORE_02-0498;STORE_02;CASH-06;2026-07-25 13:45:13;SKU-004;1;25000;0;CARD
REC-20260725-STORE_02-0499;STORE_02;CASH-02;2026-07-25 9:08:00;SKU-011;3;5000;500;CASH
REC-20260725-STORE_02-0499;STORE_02;CASH-06;2026-07-25 9:08:00;SKU-006;3;45000;0;CARD
REC-20260725-STORE_02-0499;STORE_02;CASH-04;2026-07-25 9:08:00;SKU-009;3;25000;0;CARD
REC-20260725-STORE_02-0499;STORE_02;CASH-09;2026-07-25 9:08:00;SKU-017;4;12000;1000;CARD
REC-20260725-STORE_02-0500;STORE_02;CASH-08;2026-07-25 20:50:00;SKU-001;1;45000;0;CASH
REC-20260725-STORE_02-0500;STORE_02;CASH-05;2026-07-25 20:50:00;SKU-001;4;45000;1000;CARD
REC-20260725-STORE_02-0500;STORE_02;CASH-09;2026-07-25 20:50:00;SKU-003;1;45000;0;CARD
REC-20260725-STORE_02-0500;STORE_02;CASH-06;2026-07-25 20:50:00;SKU-006;3;45000;500;CARD
REC-20260725-STORE_02-0500;STORE_02;CASH-08;2026-07-25 20:50:00;SKU-008;3;12000;0;CASH
REC-20260725-STORE_02-0501;STORE_02;CASH-05;2026-07-25 17:42:54;SKU-015;1;5000;0;CARD
REC-20260725-STORE_02-0502;STORE_02;CASH-09;2026-07-25 8:44:35;SKU-001;1;45000;0;CASH
REC-20260725-STORE_02-0502;STORE_02;CASH-02;2026-07-25 8:44:35;SKU-002;4;12000;0;CASH
REC-20260725-STORE_02-0502;STORE_02;CASH-07;2026-07-25 8:44:35;SKU-003;4;45000;1000;CARD
REC-20260725-STORE_02-0502;STORE_02;CASH-09;2026-07-25 8:44:35;SKU-001;4;45000;0;CARD
REC-20260725-STORE_02-0502;STORE_02;CASH-06;2026-07-25 8:44:35;SKU-004;3;25000;0;CASH
REC-20260725-STORE_02-0503;STORE_02;CASH-02;2026-07-25 15:30:13;SKU-002;1;12000;0;CARD
REC-20260725-STORE_02-0504;STORE_02;CASH-04;2026-07-25 21:12:11;SKU-001;1;45000;0;CARD
REC-20260725-STORE_02-0504;STORE_02;CASH-08;2026-07-25 21:12:11;SKU-001;3;45000;1000;CARD
REC-20260725-STORE_02-0504;STORE_02;CASH-03;2026-07-25 21:12:11;SKU-005;2;5000;0;CARD
REC-20260725-STORE_02-0504;STORE_02;CASH-05;2026-07-25 21:12:11;SKU-005;2;5000;0;CARD
REC-20260725-STORE_02-0504;STORE_02;CASH-02;2026-07-25 21:12:11;SKU-039;1;5000;1000;CARD
REC-20260725-STORE_02-0505;STORE_02;CASH-04;2026-07-25 13:12:42;SKU-003;2;45000;0;CARD
REC-20260725-STORE_02-0505;STORE_02;CASH-09;2026-07-25 13:12:42;SKU-011;4;5000;0;CARD
REC-20260725-STORE_02-0505;STORE_02;CASH-01;2026-07-25 13:12:42;SKU-001;3;45000;1000;CASH
REC-20260725-STORE_02-0505;STORE_02;CASH-02;2026-07-25 13:12:42;SKU-025;3;5000;0;CARD
REC-20260725-STORE_02-0506;STORE_02;CASH-10;2026-07-25 18:45:37;SKU-012;4;45000;1000;CARD
REC-20260725-STORE_02-0506;STORE_02;CASH-06;2026-07-25 18:45:37;SKU-001;4;45000;1000;CARD
REC-20260725-STORE_02-0506;STORE_02;CASH-05;2026-07-25 18:45:37;SKU-005;3;5000;0;CARD
REC-20260725-STORE_02-0506;STORE_02;CASH-03;2026-07-25 18:45:37;SKU-012;1;45000;0;CARD
REC-20260725-STORE_02-0506;STORE_02;CASH-01;2026-07-25 18:45:37;SKU-003;1;45000;500;CASH
REC-20260725-STORE_02-0507;STORE_02;CASH-10;2026-07-25 16:54:32;SKU-001;2;45000;0;CASH
REC-20260725-STORE_02-0507;STORE_02;CASH-03;2026-07-25 16:54:32;SKU-002;2;12000;0;CARD
REC-20260725-STORE_02-0507;STORE_02;CASH-05;2026-07-25 16:54:32;SKU-011;4;5000;0;CARD
REC-20260725-STORE_02-0507;STORE_02;CASH-10;2026-07-25 16:54:32;SKU-001;2;45000;0;CARD
REC-20260725-STORE_02-0508;STORE_02;CASH-10;2026-07-25 8:35:25;SKU-007;4;12000;0;CARD
REC-20260725-STORE_02-0508;STORE_02;CASH-05;2026-07-25 8:35:25;SKU-027;4;5000;0;CARD
REC-20260725-STORE_02-0508;STORE_02;CASH-04;2026-07-25 8:35:25;SKU-001;2;45000;1000;CARD
REC-20260725-STORE_02-0509;STORE_02;CASH-10;2026-07-25 20:08:53;SKU-001;2;45000;1000;CARD
REC-20260725-STORE_02-0509;STORE_02;CASH-05;2026-07-25 20:08:53;SKU-004;2;25000;1000;CARD
REC-20260725-STORE_02-0509;STORE_02;CASH-08;2026-07-25 20:08:53;SKU-001;3;45000;1000;CASH
REC-20260725-STORE_02-0510;STORE_02;CASH-05;2026-07-25 14:25:29;SKU-019;3;25000;0;CARD
REC-20260725-STORE_02-0510;STORE_02;CASH-04;2026-07-25 14:25:29;SKU-006;3;45000;0;CASH
REC-20260725-STORE_02-0510;STORE_02;CASH-08;2026-07-25 14:25:29;SKU-002;4;12000;0;CASH
REC-20260725-STORE_02-0510;STORE_02;CASH-02;2026-07-25 14:25:29;SKU-007;1;12000;0;CARD
REC-20260725-STORE_02-0511;STORE_02;CASH-10;2026-07-25 12:44:35;SKU-002;2;12000;500;CARD
REC-20260725-STORE_02-0511;STORE_02;CASH-06;2026-07-25 12:44:35;SKU-002;3;12000;1000;CARD
REC-20260725-STORE_02-0511;STORE_02;CASH-07;2026-07-25 12:44:35;SKU-002;1;12000;0;CARD
REC-20260725-STORE_02-0511;STORE_02;CASH-04;2026-07-25 12:44:35;SKU-011;1;5000;1000;CARD
REC-20260725-STORE_02-0511;STORE_02;CASH-03;2026-07-25 12:44:35;SKU-001;2;45000;0;CARD
REC-20260725-STORE_02-0512;STORE_02;CASH-08;2026-07-25 15:29:05;SKU-006;2;45000;0;CARD
REC-20260725-STORE_02-0512;STORE_02;CASH-01;2026-07-25 15:29:05;SKU-002;2;12000;500;CARD
REC-20260725-STORE_02-0512;STORE_02;CASH-02;2026-07-25 15:29:05;SKU-001;1;45000;0;CARD
REC-20260725-STORE_02-0513;STORE_02;CASH-01;2026-07-25 8:23:03;SKU-010;1;25000;0;CARD
REC-20260725-STORE_02-0513;STORE_02;CASH-10;2026-07-25 8:23:03;SKU-001;2;45000;0;CASH
REC-20260725-STORE_02-0513;STORE_02;CASH-04;2026-07-25 8:23:03;SKU-026;1;12000;500;CARD
REC-20260725-STORE_02-0513;STORE_02;CASH-08;2026-07-25 8:23:03;SKU-004;1;25000;500;CARD
REC-20260725-STORE_02-0514;STORE_02;CASH-02;2026-07-25 16:50:45;SKU-046;2;25000;1000;CASH
REC-20260725-STORE_02-0515;STORE_02;CASH-08;2026-07-25 19:37:31;SKU-006;3;45000;0;CASH
REC-20260725-STORE_02-0515;STORE_02;CASH-08;2026-07-25 19:37:31;SKU-001;2;45000;0;CASH
REC-20260725-STORE_02-0515;STORE_02;CASH-09;2026-07-25 19:37:31;SKU-005;1;5000;0;CARD
REC-20260725-STORE_02-0515;STORE_02;CASH-02;2026-07-25 19:37:31;SKU-003;3;45000;0;CARD
REC-20260725-STORE_02-0516;STORE_02;CASH-07;2026-07-25 8:30:43;SKU-001;1;45000;0;CARD
REC-20260725-STORE_02-0517;STORE_02;CASH-02;2026-07-25 18:01:40;SKU-002;2;12000;0;CARD
REC-20260725-STORE_02-0517;STORE_02;CASH-08;2026-07-25 18:01:40;SKU-014;3;5000;0;CASH
REC-20260725-STORE_02-0517;STORE_02;CASH-08;2026-07-25 18:01:40;SKU-004;2;25000;1000;CARD
REC-20260725-STORE_02-0518;STORE_02;CASH-04;2026-07-25 21:54:12;SKU-002;1;12000;0;CARD
REC-20260725-STORE_02-0518;STORE_02;CASH-10;2026-07-25 21:54:12;SKU-019;4;25000;0;CARD
REC-20260725-STORE_02-0518;STORE_02;CASH-09;2026-07-25 21:54:12;SKU-027;2;5000;0;CARD
REC-20260725-STORE_02-0518;STORE_02;CASH-08;2026-07-25 21:54:12;SKU-001;1;45000;0;CARD
REC-20260725-STORE_02-0519;STORE_02;CASH-02;2026-07-25 20:42:58;SKU-020;1;12000;0;CASH
REC-20260725-STORE_02-0520;STORE_02;CASH-01;2026-07-25 11:36:56;SKU-011;2;5000;1000;CARD
REC-20260725-STORE_02-0520;STORE_02;CASH-04;2026-07-25 11:36:56;SKU-005;3;5000;0;CARD
REC-20260725-STORE_02-0520;STORE_02;CASH-05;2026-07-25 11:36:56;SKU-001;3;45000;500;CARD
REC-20260725-STORE_02-0520;STORE_02;CASH-04;2026-07-25 11:36:56;SKU-001;2;45000;0;CARD
REC-20260725-STORE_02-0520;STORE_02;CASH-06;2026-07-25 11:36:56;SKU-013;4;12000;0;CARD
REC-20260725-STORE_02-0521;STORE_02;CASH-04;2026-07-25 12:55:55;SKU-006;1;45000;1000;CASH
REC-20260725-STORE_02-0521;STORE_02;CASH-03;2026-07-25 12:55:55;SKU-012;1;45000;0;CARD
REC-20260725-STORE_02-0521;STORE_02;CASH-08;2026-07-25 12:55:55;SKU-001;1;45000;1000;CARD
REC-20260725-STORE_02-0521;STORE_02;CASH-08;2026-07-25 12:55:55;SKU-033;1;5000;1000;CASH
REC-20260725-STORE_02-0521;STORE_02;CASH-02;2026-07-25 12:55:55;SKU-009;3;25000;0;CASH
REC-20260725-STORE_02-0522;STORE_02;CASH-09;2026-07-25 13:28:53;SKU-001;4;45000;0;CASH
REC-20260725-STORE_02-0523;STORE_02;CASH-01;2026-07-25 13:39:30;SKU-001;3;45000;0;CARD
REC-20260725-STORE_02-0523;STORE_02;CASH-01;2026-07-25 13:39:30;SKU-012;4;45000;500;CASH
REC-20260725-STORE_02-0524;STORE_02;CASH-08;2026-07-25 20:48:17;SKU-001;2;45000;500;CARD
REC-20260725-STORE_02-0524;STORE_02;CASH-06;2026-07-25 20:48:17;SKU-001;4;45000;500;CARD
REC-20260725-STORE_02-0524;STORE_02;CASH-05;2026-07-25 20:48:17;SKU-040;1;25000;0;CASH
REC-20260725-STORE_02-0525;STORE_02;CASH-07;2026-07-25 18:59:43;SKU-005;2;5000;0;CARD
REC-20260725-STORE_02-0525;STORE_02;CASH-04;2026-07-25 18:59:43;SKU-002;2;12000;0;CASH
REC-20260725-STORE_02-0525;STORE_02;CASH-09;2026-07-25 18:59:43;SKU-003;3;45000;0;CARD
REC-20260725-STORE_02-0525;STORE_02;CASH-02;2026-07-25 18:59:43;SKU-021;1;5000;0;CARD
REC-20260725-STORE_02-0526;STORE_02;CASH-10;2026-07-25 8:42:19;SKU-015;2;5000;0;CARD
REC-20260725-STORE_02-0526;STORE_02;CASH-06;2026-07-25 8:42:19;SKU-001;4;45000;1000;CARD
REC-20260725-STORE_02-0526;STORE_02;CASH-02;2026-07-25 8:42:19;SKU-001;1;45000;0;CARD
REC-20260725-STORE_02-0526;STORE_02;CASH-03;2026-07-25 8:42:19;SKU-004;4;25000;0;CARD
REC-20260725-STORE_02-0526;STORE_02;CASH-10;2026-07-25 8:42:19;SKU-015;1;5000;1000;CASH
REC-20260725-STORE_02-0527;STORE_02;CASH-08;2026-07-25 15:25:54;SKU-001;4;45000;0;CARD
REC-20260725-STORE_02-0527;STORE_02;CASH-03;2026-07-25 15:25:54;SKU-011;2;5000;0;CARD
REC-20260725-STORE_02-0527;STORE_02;CASH-09;2026-07-25 15:25:54;SKU-007;1;12000;0;CARD
REC-20260725-STORE_02-0527;STORE_02;CASH-05;2026-07-25 15:25:54;SKU-014;1;5000;0;CASH
REC-20260725-STORE_02-0528;STORE_02;CASH-02;2026-07-25 9:54:58;SKU-014;4;5000;0;CARD
REC-20260725-STORE_02-0529;STORE_02;CASH-08;2026-07-25 10:20:54;SKU-049;3;5000;0;CARD
REC-20260725-STORE_02-0529;STORE_02;CASH-02;2026-07-25 10:20:54;SKU-010;2;25000;0;CASH
REC-20260725-STORE_02-0530;STORE_02;CASH-10;2026-07-25 16:23:23;SKU-018;3;5000;0;CARD
REC-20260725-STORE_02-0530;STORE_02;CASH-03;2026-07-25 16:23:23;SKU-002;4;12000;1000;CARD
REC-20260725-STORE_02-0531;STORE_02;CASH-02;2026-07-25 8:46:40;SKU-001;4;45000;0;CASH
REC-20260725-STORE_02-0531;STORE_02;CASH-08;2026-07-25 8:46:40;SKU-006;3;45000;1000;CASH
REC-20260725-STORE_02-0531;STORE_02;CASH-03;2026-07-25 8:46:40;SKU-004;3;25000;0;CARD
REC-20260725-STORE_02-0532;STORE_02;CASH-08;2026-07-25 13:21:11;SKU-002;1;12000;500;CARD
REC-20260725-STORE_02-0532;STORE_02;CASH-10;2026-07-25 13:21:11;SKU-003;3;45000;1000;CARD
REC-20260725-STORE_02-0532;STORE_02;CASH-10;2026-07-25 13:21:11;SKU-012;3;45000;500;CARD
REC-20260725-STORE_02-0533;STORE_02;CASH-02;2026-07-25 8:55:05;SKU-001;2;45000;1000;CARD
REC-20260725-STORE_02-0533;STORE_02;CASH-01;2026-07-25 8:55:05;SKU-005;2;5000;0;CASH
REC-20260725-STORE_02-0533;STORE_02;CASH-08;2026-07-25 8:55:05;SKU-024;1;12000;0;CASH
REC-20260725-STORE_02-0534;STORE_02;CASH-05;2026-07-25 11:04:12;SKU-006;4;45000;0;CARD
REC-20260725-STORE_02-0534;STORE_02;CASH-07;2026-07-25 11:04:12;SKU-007;3;12000;0;CASH
REC-20260725-STORE_02-0534;STORE_02;CASH-02;2026-07-25 11:04:12;SKU-003;3;45000;1000;CASH
REC-20260725-STORE_02-0535;STORE_02;CASH-05;2026-07-25 15:19:31;SKU-001;1;45000;0;CARD
REC-20260725-STORE_02-0535;STORE_02;CASH-07;2026-07-25 15:19:31;SKU-008;1;12000;0;CASH
REC-20260725-STORE_02-0535;STORE_02;CASH-02;2026-07-25 15:19:31;SKU-003;2;45000;500;CARD
REC-20260725-STORE_02-0535;STORE_02;CASH-02;2026-07-25 15:19:31;SKU-037;4;45000;0;CASH
REC-20260725-STORE_02-0535;STORE_02;CASH-04;2026-07-25 15:19:31;SKU-004;1;25000;1000;CASH
REC-20260725-STORE_02-0536;STORE_02;CASH-06;2026-07-25 20:45:08;SKU-012;3;45000;500;CASH
REC-20260725-STORE_02-0536;STORE_02;CASH-04;2026-07-25 20:45:08;SKU-044;1;5000;0;CASH
REC-20260725-STORE_02-0536;STORE_02;CASH-03;2026-07-25 20:45:08;SKU-003;3;45000;0;CARD
REC-20260725-STORE_02-0536;STORE_02;CASH-01;2026-07-25 20:45:08;SKU-002;3;12000;0;CARD
REC-20260725-STORE_02-0537;STORE_02;CASH-01;2026-07-25 14:26:08;SKU-004;2;25000;0;CASH
REC-20260725-STORE_02-0537;STORE_02;CASH-07;2026-07-25 14:26:08;SKU-021;1;5000;0;CASH
REC-20260725-STORE_02-0538;STORE_02;CASH-10;2026-07-25 12:28:33;SKU-019;1;25000;0;CARD
REC-20260725-STORE_02-0538;STORE_02;CASH-05;2026-07-25 12:28:33;SKU-005;3;5000;500;CARD
REC-20260725-STORE_02-0539;STORE_02;CASH-10;2026-07-25 16:02:27;SKU-001;1;45000;500;CARD
REC-20260725-STORE_02-0540;STORE_02;CASH-07;2026-07-25 16:02:05;SKU-003;3;45000;500;CARD
REC-20260725-STORE_02-0540;STORE_02;CASH-10;2026-07-25 16:02:05;SKU-002;4;12000;0;CARD
REC-20260725-STORE_02-0540;STORE_02;CASH-02;2026-07-25 16:02:05;SKU-007;2;12000;1000;CARD
REC-20260725-STORE_02-0540;STORE_02;CASH-01;2026-07-25 16:02:05;SKU-001;3;45000;0;CARD
REC-20260725-STORE_02-0540;STORE_02;CASH-10;2026-07-25 16:02:05;SKU-012;2;45000;0;CARD
REC-20260725-STORE_02-0541;STORE_02;CASH-07;2026-07-25 8:12:44;SKU-001;1;45000;500;CARD
REC-20260725-STORE_02-0541;STORE_02;CASH-06;2026-07-25 8:12:44;SKU-039;3;5000;1000;CASH
REC-20260725-STORE_02-0541;STORE_02;CASH-08;2026-07-25 8:12:44;SKU-044;2;5000;500;CARD
REC-20260725-STORE_02-0541;STORE_02;CASH-10;2026-07-25 8:12:44;SKU-022;4;12000;0;CARD
REC-20260725-STORE_02-0542;STORE_02;CASH-10;2026-07-25 20:45:43;SKU-001;2;45000;0;CARD
REC-20260725-STORE_02-0542;STORE_02;CASH-02;2026-07-25 20:45:43;SKU-006;1;45000;0;CARD
REC-20260725-STORE_02-0542;STORE_02;CASH-10;2026-07-25 20:45:43;SKU-036;4;45000;1000;CARD
REC-20260725-STORE_02-0542;STORE_02;CASH-04;2026-07-25 20:45:43;SKU-039;2;5000;0;CARD
REC-20260725-STORE_02-0543;STORE_02;CASH-03;2026-07-25 19:55:12;SKU-001;3;45000;1000;CARD
REC-20260725-STORE_02-0543;STORE_02;CASH-04;2026-07-25 19:55:12;SKU-023;3;45000;0;CARD
REC-20260725-STORE_02-0543;STORE_02;CASH-02;2026-07-25 19:55:12;SKU-041;1;25000;1000;CARD
REC-20260725-STORE_02-0544;STORE_02;CASH-08;2026-07-25 14:26:04;SKU-001;4;45000;0;CARD
REC-20260725-STORE_02-0544;STORE_02;CASH-08;2026-07-25 14:26:04;SKU-003;4;45000;0;CASH
REC-20260725-STORE_02-0544;STORE_02;CASH-01;2026-07-25 14:26:04;SKU-001;1;45000;0;CASH
REC-20260725-STORE_02-0544;STORE_02;CASH-01;2026-07-25 14:26:04;SKU-003;2;45000;0;CASH
REC-20260725-STORE_02-0545;STORE_02;CASH-07;2026-07-25 12:22:41;SKU-046;3;25000;500;CARD
REC-20260725-STORE_02-0545;STORE_02;CASH-07;2026-07-25 12:22:41;SKU-001;2;45000;0;CARD
REC-20260725-STORE_02-0545;STORE_02;CASH-05;2026-07-25 12:22:41;SKU-007;1;12000;0;CASH
REC-20260725-STORE_02-0545;STORE_02;CASH-08;2026-07-25 12:22:41;SKU-017;3;12000;0;CARD
REC-20260725-STORE_02-0545;STORE_02;CASH-10;2026-07-25 12:22:41;SKU-007;1;12000;0;CARD
REC-20260725-STORE_02-0546;STORE_02;CASH-10;2026-07-25 16:01:24;SKU-002;1;12000;0;CASH
REC-20260725-STORE_02-0547;STORE_02;CASH-06;2026-07-25 20:47:55;SKU-001;2;45000;0;CARD
REC-20260725-STORE_02-0547;STORE_02;CASH-06;2026-07-25 20:47:55;SKU-001;1;45000;0;CARD
REC-20260725-STORE_02-0547;STORE_02;CASH-03;2026-07-25 20:47:55;SKU-001;4;45000;1000;CASH
REC-20260725-STORE_02-0547;STORE_02;CASH-09;2026-07-25 20:47:55;SKU-009;2;25000;0;CARD
REC-20260725-STORE_02-0547;STORE_02;CASH-06;2026-07-25 20:47:55;SKU-001;1;45000;0;CARD
REC-20260725-STORE_02-0548;STORE_02;CASH-07;2026-07-25 11:20:36;SKU-004;2;25000;1000;CARD
REC-20260725-STORE_02-0548;STORE_02;CASH-01;2026-07-25 11:20:36;SKU-001;2;45000;0;CARD
REC-20260725-STORE_02-0548;STORE_02;CASH-01;2026-07-25 11:20:36;SKU-038;3;12000;0;CARD
REC-20260725-STORE_02-0548;STORE_02;CASH-04;2026-07-25 11:20:36;SKU-008;4;12000;500;CASH
REC-20260725-STORE_02-0548;STORE_02;CASH-08;2026-07-25 11:20:36;SKU-009;1;25000;500;CARD
REC-20260725-STORE_02-0549;STORE_02;CASH-02;2026-07-25 18:25:39;SKU-001;4;45000;0;CASH
REC-20260725-STORE_02-0549;STORE_02;CASH-02;2026-07-25 18:25:39;SKU-001;2;45000;1000;CARD
REC-20260725-STORE_02-0549;STORE_02;CASH-01;2026-07-25 18:25:39;SKU-001;4;45000;500;CASH
REC-20260725-STORE_02-0550;STORE_02;CASH-01;2026-07-25 18:36:48;SKU-002;1;12000;0;CARD
REC-20260725-STORE_02-0550;STORE_02;CASH-10;2026-07-25 18:36:48;SKU-001;4;45000;1000;CASH
REC-20260725-STORE_02-0551;STORE_02;CASH-09;2026-07-25 10:39:01;SKU-001;4;45000;0;CARD
REC-20260725-STORE_02-0551;STORE_02;CASH-03;2026-07-25 10:39:01;SKU-002;1;12000;500;CARD
REC-20260725-STORE_02-0551;STORE_02;CASH-05;2026-07-25 10:39:01;SKU-004;3;25000;0;CARD
REC-20260725-STORE_02-0552;STORE_02;CASH-07;2026-07-25 16:55:43;SKU-002;2;12000;0;CASH
REC-20260725-STORE_02-0552;STORE_02;CASH-07;2026-07-25 16:55:43;SKU-025;1;5000;0;CARD
REC-20260725-STORE_02-0552;STORE_02;CASH-09;2026-07-25 16:55:43;SKU-024;1;12000;0;CASH
REC-20260725-STORE_02-0552;STORE_02;CASH-03;2026-07-25 16:55:43;SKU-004;3;25000;0;CARD
REC-20260725-STORE_02-0553;STORE_02;CASH-09;2026-07-25 20:40:49;SKU-002;2;12000;1000;CARD
REC-20260725-STORE_02-0553;STORE_02;CASH-08;2026-07-25 20:40:49;SKU-003;1;45000;0;CARD
REC-20260725-STORE_02-0553;STORE_02;CASH-02;2026-07-25 20:40:49;SKU-007;1;12000;0;CARD
REC-20260725-STORE_02-0554;STORE_02;CASH-02;2026-07-25 12:10:07;SKU-001;3;45000;1000;CARD
REC-20260725-STORE_02-0554;STORE_02;CASH-07;2026-07-25 12:10:07;SKU-006;4;45000;0;CARD
REC-20260725-STORE_02-0554;STORE_02;CASH-10;2026-07-25 12:10:07;SKU-003;1;45000;0;CASH
REC-20260725-STORE_02-0554;STORE_02;CASH-07;2026-07-25 12:10:07;SKU-001;4;45000;500;CASH
REC-20260725-STORE_02-0554;STORE_02;CASH-06;2026-07-25 12:10:07;SKU-001;3;45000;0;CARD
REC-20260725-STORE_02-0555;STORE_02;CASH-02;2026-07-25 20:46:16;SKU-017;4;12000;0;CASH
REC-20260725-STORE_02-0555;STORE_02;CASH-05;2026-07-25 20:46:16;SKU-001;1;45000;0;CARD
REC-20260725-STORE_02-0555;STORE_02;CASH-10;2026-07-25 20:46:16;SKU-002;2;12000;0;CARD
REC-20260725-STORE_02-0555;STORE_02;CASH-02;2026-07-25 20:46:16;SKU-002;2;12000;0;CARD
REC-20260725-STORE_02-0555;STORE_02;CASH-10;2026-07-25 20:46:16;SKU-001;3;45000;1000;CARD
REC-20260725-STORE_02-0556;STORE_02;CASH-06;2026-07-25 11:30:06;SKU-002;4;12000;500;CARD
REC-20260725-STORE_02-0556;STORE_02;CASH-02;2026-07-25 11:30:06;SKU-028;3;5000;0;CARD
REC-20260725-STORE_02-0557;STORE_02;CASH-02;2026-07-25 16:36:29;SKU-024;1;12000;0;CASH
REC-20260725-STORE_02-0557;STORE_02;CASH-05;2026-07-25 16:36:29;SKU-047;1;5000;500;CARD
REC-20260725-STORE_02-0557;STORE_02;CASH-02;2026-07-25 16:36:29;SKU-009;2;25000;0;CARD
REC-20260725-STORE_02-0558;STORE_02;CASH-01;2026-07-25 20:37:22;SKU-006;1;45000;0;CASH
REC-20260725-STORE_02-0558;STORE_02;CASH-04;2026-07-25 20:37:22;SKU-002;3;12000;500;CARD
REC-20260725-STORE_02-0558;STORE_02;CASH-05;2026-07-25 20:37:22;SKU-024;3;12000;0;CASH
REC-20260725-STORE_02-0559;STORE_02;CASH-02;2026-07-25 11:26:02;SKU-001;4;45000;0;CARD
REC-20260725-STORE_02-0560;STORE_02;CASH-03;2026-07-25 12:51:02;SKU-044;1;5000;1000;CASH
REC-20260725-STORE_02-0560;STORE_02;CASH-07;2026-07-25 12:51:02;SKU-001;3;45000;1000;CARD
REC-20260725-STORE_02-0560;STORE_02;CASH-07;2026-07-25 12:51:02;SKU-004;2;25000;500;CARD
REC-20260725-STORE_02-0560;STORE_02;CASH-04;2026-07-25 12:51:02;SKU-038;3;12000;0;CASH
REC-20260725-STORE_02-0561;STORE_02;CASH-06;2026-07-25 17:46:30;SKU-001;1;45000;0;CARD
REC-20260725-STORE_02-0561;STORE_02;CASH-01;2026-07-25 17:46:30;SKU-001;3;45000;0;CARD
REC-20260725-STORE_02-0561;STORE_02;CASH-08;2026-07-25 17:46:30;SKU-013;4;12000;500;CARD
REC-20260725-STORE_02-0561;STORE_02;CASH-08;2026-07-25 17:46:30;SKU-003;3;45000;500;CARD
REC-20260725-STORE_02-0562;STORE_02;CASH-09;2026-07-25 10:51:57;SKU-002;2;12000;0;CARD
REC-20260725-STORE_02-0562;STORE_02;CASH-08;2026-07-25 10:51:57;SKU-043;2;25000;0;CARD
REC-20260725-STORE_02-0562;STORE_02;CASH-09;2026-07-25 10:51:57;SKU-001;4;45000;0;CARD
REC-20260725-STORE_02-0562;STORE_02;CASH-05;2026-07-25 10:51:57;SKU-002;1;12000;0;CARD
REC-20260725-STORE_02-0562;STORE_02;CASH-04;2026-07-25 10:51:57;SKU-004;4;25000;0;CARD
REC-20260725-STORE_02-0563;STORE_02;CASH-01;2026-07-25 10:04:58;SKU-004;1;25000;0;CARD
REC-20260725-STORE_02-0563;STORE_02;CASH-07;2026-07-25 10:04:58;SKU-002;2;12000;1000;CARD
REC-20260725-STORE_02-0563;STORE_02;CASH-04;2026-07-25 10:04:58;SKU-028;1;5000;0;CARD
REC-20260725-STORE_02-0564;STORE_02;CASH-08;2026-07-25 9:52:56;SKU-006;2;45000;0;CARD
REC-20260725-STORE_02-0564;STORE_02;CASH-10;2026-07-25 9:52:56;SKU-001;1;45000;0;CASH
REC-20260725-STORE_02-0564;STORE_02;CASH-08;2026-07-25 9:52:56;SKU-009;1;25000;0;CARD
REC-20260725-STORE_02-0564;STORE_02;CASH-03;2026-07-25 9:52:56;SKU-001;4;45000;0;CARD
REC-20260725-STORE_02-0564;STORE_02;CASH-09;2026-07-25 9:52:56;SKU-008;3;12000;500;CARD
REC-20260725-STORE_02-0565;STORE_02;CASH-04;2026-07-25 19:35:03;SKU-001;4;45000;0;CASH
REC-20260725-STORE_02-0565;STORE_02;CASH-05;2026-07-25 19:35:03;SKU-039;1;5000;0;CARD
REC-20260725-STORE_02-0565;STORE_02;CASH-08;2026-07-25 19:35:03;SKU-009;2;25000;0;CASH
REC-20260725-STORE_02-0566;STORE_02;CASH-03;2026-07-25 17:16:14;SKU-010;1;25000;1000;CARD
REC-20260725-STORE_02-0566;STORE_02;CASH-09;2026-07-25 17:16:14;SKU-004;1;25000;0;CARD
REC-20260725-STORE_02-0566;STORE_02;CASH-01;2026-07-25 17:16:14;SKU-017;1;12000;0;CARD
REC-20260725-STORE_02-0566;STORE_02;CASH-05;2026-07-25 17:16:14;SKU-010;2;25000;500;CARD
REC-20260725-STORE_02-0566;STORE_02;CASH-03;2026-07-25 17:16:14;SKU-001;3;45000;0;CARD
REC-20260725-STORE_02-0567;STORE_02;CASH-05;2026-07-25 20:39:57;SKU-009;1;25000;500;CASH
REC-20260725-STORE_02-0567;STORE_02;CASH-07;2026-07-25 20:39:57;SKU-001;3;45000;0;CASH
REC-20260725-STORE_02-0568;STORE_02;CASH-09;2026-07-25 18:52:11;SKU-016;2;25000;0;CARD
REC-20260725-STORE_02-0569;STORE_02;CASH-09;2026-07-25 9:50:38;SKU-004;2;25000;0;CASH
REC-20260725-STORE_02-0569;STORE_02;CASH-06;2026-07-25 9:50:38;SKU-003;1;45000;0;CASH
REC-20260725-STORE_02-0570;STORE_02;CASH-06;2026-07-25 18:44:41;SKU-002;4;12000;1000;CARD
REC-20260725-STORE_02-0570;STORE_02;CASH-04;2026-07-25 18:44:41;SKU-005;2;5000;500;CARD
REC-20260725-STORE_02-0570;STORE_02;CASH-02;2026-07-25 18:44:41;SKU-001;3;45000;0;CARD
REC-20260725-STORE_02-0570;STORE_02;CASH-01;2026-07-25 18:44:41;SKU-001;1;45000;0;CASH
REC-20260725-STORE_02-0571;STORE_02;CASH-09;2026-07-25 11:14:57;SKU-015;4;5000;0;CARD
REC-20260725-STORE_02-0571;STORE_02;CASH-03;2026-07-25 11:14:57;SKU-009;4;25000;500;CARD
REC-20260725-STORE_02-0571;STORE_02;CASH-09;2026-07-25 11:14:57;SKU-015;1;5000;0;CARD
REC-20260725-STORE_02-0571;STORE_02;CASH-04;2026-07-25 11:14:57;SKU-002;3;12000;1000;CARD
REC-20260725-STORE_02-0572;STORE_02;CASH-09;2026-07-25 20:17:02;SKU-011;2;5000;0;CARD
REC-20260725-STORE_02-0572;STORE_02;CASH-02;2026-07-25 20:17:02;SKU-002;4;12000;0;CARD
REC-20260725-STORE_02-0572;STORE_02;CASH-02;2026-07-25 20:17:02;SKU-010;1;25000;1000;CARD
REC-20260725-STORE_02-0572;STORE_02;CASH-04;2026-07-25 20:17:02;SKU-001;3;45000;0;CARD
REC-20260725-STORE_02-0573;STORE_02;CASH-08;2026-07-25 11:01:20;SKU-022;3;12000;0;CASH
REC-20260725-STORE_02-0573;STORE_02;CASH-02;2026-07-25 11:01:20;SKU-004;3;25000;0;CARD
REC-20260725-STORE_02-0573;STORE_02;CASH-10;2026-07-25 11:01:20;SKU-004;3;25000;0;CASH
REC-20260725-STORE_02-0574;STORE_02;CASH-10;2026-07-25 13:05:42;SKU-018;1;5000;500;CARD
REC-20260725-STORE_02-0574;STORE_02;CASH-03;2026-07-25 13:05:42;SKU-001;1;45000;0;CARD
REC-20260725-STORE_02-0574;STORE_02;CASH-06;2026-07-25 13:05:42;SKU-029;3;5000;500;CASH
REC-20260725-STORE_02-0575;STORE_02;CASH-09;2026-07-25 13:53:00;SKU-001;4;45000;0;CASH
REC-20260725-STORE_02-0576;STORE_02;CASH-09;2026-07-25 15:18:16;SKU-006;4;45000;1000;CARD
REC-20260725-STORE_02-0576;STORE_02;CASH-05;2026-07-25 15:18:16;SKU-016;3;25000;1000;CASH
REC-20260725-STORE_02-0576;STORE_02;CASH-06;2026-07-25 15:18:16;SKU-002;1;12000;0;CARD
REC-20260725-STORE_02-0576;STORE_02;CASH-03;2026-07-25 15:18:16;SKU-027;4;5000;1000;CASH
REC-20260725-STORE_02-0576;STORE_02;CASH-03;2026-07-25 15:18:16;SKU-019;1;25000;1000;CASH
REC-20260725-STORE_02-0577;STORE_02;CASH-05;2026-07-25 16:49:11;SKU-011;3;5000;0;CARD
REC-20260725-STORE_02-0578;STORE_02;CASH-08;2026-07-25 14:03:32;SKU-005;1;5000;0;CARD
REC-20260725-STORE_02-0578;STORE_02;CASH-06;2026-07-25 14:03:32;SKU-001;4;45000;0;CARD
REC-20260725-STORE_02-0578;STORE_02;CASH-07;2026-07-25 14:03:32;SKU-019;1;25000;0;CARD
REC-20260725-STORE_02-0578;STORE_02;CASH-01;2026-07-25 14:03:32;SKU-021;3;5000;500;CARD
REC-20260725-STORE_02-0579;STORE_02;CASH-08;2026-07-25 10:17:08;SKU-002;2;12000;0;CARD
REC-20260725-STORE_02-0579;STORE_02;CASH-10;2026-07-25 10:17:08;SKU-019;1;25000;500;CARD
REC-20260725-STORE_02-0579;STORE_02;CASH-05;2026-07-25 10:17:08;SKU-004;4;25000;0;CASH
REC-20260725-STORE_02-0579;STORE_02;CASH-08;2026-07-25 10:17:08;SKU-001;2;45000;0;CASH
REC-20260725-STORE_02-0580;STORE_02;CASH-09;2026-07-25 19:59:20;SKU-001;1;45000;0;CASH
REC-20260725-STORE_02-0581;STORE_02;CASH-10;2026-07-25 17:35:13;SKU-034;4;25000;1000;CARD
REC-20260725-STORE_02-0581;STORE_02;CASH-06;2026-07-25 17:35:13;SKU-029;2;5000;0;CASH
REC-20260725-STORE_02-0581;STORE_02;CASH-08;2026-07-25 17:35:13;SKU-001;2;45000;0;CASH
REC-20260725-STORE_02-0581;STORE_02;CASH-02;2026-07-25 17:35:13;SKU-037;3;45000;0;CARD
REC-20260725-STORE_02-0581;STORE_02;CASH-05;2026-07-25 17:35:13;SKU-019;4;25000;1000;CASH
REC-20260725-STORE_02-0582;STORE_02;CASH-07;2026-07-25 11:30:36;SKU-032;1;25000;0;CARD
REC-20260725-STORE_02-0582;STORE_02;CASH-08;2026-07-25 11:30:36;SKU-002;3;12000;0;CARD
REC-20260725-STORE_02-0582;STORE_02;CASH-02;2026-07-25 11:30:36;SKU-037;3;45000;0;CASH
REC-20260725-STORE_02-0582;STORE_02;CASH-08;2026-07-25 11:30:36;SKU-015;1;5000;0;CASH
REC-20260725-STORE_02-0582;STORE_02;CASH-06;2026-07-25 11:30:36;SKU-002;3;12000;0;CARD
REC-20260725-STORE_02-0583;STORE_02;CASH-09;2026-07-25 12:46:14;SKU-001;1;45000;500;CARD
REC-20260725-STORE_02-0583;STORE_02;CASH-04;2026-07-25 12:46:14;SKU-012;3;45000;0;CARD
REC-20260725-STORE_02-0583;STORE_02;CASH-09;2026-07-25 12:46:14;SKU-023;3;45000;0;CARD
REC-20260725-STORE_02-0583;STORE_02;CASH-09;2026-07-25 12:46:14;SKU-001;3;45000;500;CASH
REC-20260725-STORE_02-0583;STORE_02;CASH-07;2026-07-25 12:46:14;SKU-007;1;12000;0;CARD
REC-20260725-STORE_02-0584;STORE_02;CASH-10;2026-07-25 21:16:24;SKU-044;1;5000;0;CARD
REC-20260725-STORE_02-0584;STORE_02;CASH-08;2026-07-25 21:16:24;SKU-001;2;45000;0;CARD
REC-20260725-STORE_02-0585;STORE_02;CASH-01;2026-07-25 12:05:17;SKU-026;2;12000;0;CARD
REC-20260725-STORE_02-0585;STORE_02;CASH-10;2026-07-25 12:05:17;SKU-007;4;12000;0;CARD
REC-20260725-STORE_02-0585;STORE_02;CASH-02;2026-07-25 12:05:17;SKU-004;3;25000;0;CARD
REC-20260725-STORE_02-0585;STORE_02;CASH-10;2026-07-25 12:05:17;SKU-001;2;45000;500;CARD
REC-20260725-STORE_02-0585;STORE_02;CASH-06;2026-07-25 12:05:17;SKU-005;1;5000;0;CASH
REC-20260725-STORE_02-0586;STORE_02;CASH-08;2026-07-25 13:56:11;SKU-031;1;45000;0;CARD
REC-20260725-STORE_02-0587;STORE_02;CASH-10;2026-07-25 8:45:45;SKU-003;1;45000;0;CASH
REC-20260725-STORE_02-0587;STORE_02;CASH-04;2026-07-25 8:45:45;SKU-003;1;45000;0;CARD
REC-20260725-STORE_02-0587;STORE_02;CASH-05;2026-07-25 8:45:45;SKU-002;1;12000;0;CASH
REC-20260725-STORE_02-0588;STORE_02;CASH-09;2026-07-25 17:52:19;SKU-027;3;5000;1000;CASH
REC-20260725-STORE_02-0588;STORE_02;CASH-09;2026-07-25 17:52:19;SKU-004;2;25000;0;CASH
REC-20260725-STORE_02-0588;STORE_02;CASH-06;2026-07-25 17:52:19;SKU-007;3;12000;500;CARD
REC-20260725-STORE_02-0589;STORE_02;CASH-03;2026-07-25 15:47:42;SKU-017;4;12000;0;CASH
REC-20260725-STORE_02-0589;STORE_02;CASH-06;2026-07-25 15:47:42;SKU-017;4;12000;500;CARD
REC-20260725-STORE_02-0589;STORE_02;CASH-04;2026-07-25 15:47:42;SKU-003;4;45000;0;CARD
REC-20260725-STORE_02-0589;STORE_02;CASH-08;2026-07-25 15:47:42;SKU-012;1;45000;1000;CARD
REC-20260725-STORE_02-0590;STORE_02;CASH-02;2026-07-25 19:41:25;SKU-026;4;12000;1000;CARD
REC-20260725-STORE_02-0590;STORE_02;CASH-04;2026-07-25 19:41:25;SKU-001;4;45000;0;CASH
REC-20260725-STORE_02-0590;STORE_02;CASH-07;2026-07-25 19:41:25;SKU-001;2;45000;500;CASH
REC-20260725-STORE_02-0590;STORE_02;CASH-02;2026-07-25 19:41:25;SKU-028;1;5000;0;CASH
REC-20260725-STORE_02-0591;STORE_02;CASH-06;2026-07-25 19:10:56;SKU-023;3;45000;0;CARD
REC-20260725-STORE_02-0592;STORE_02;CASH-09;2026-07-25 18:42:14;SKU-002;4;12000;1000;CARD
REC-20260725-STORE_02-0592;STORE_02;CASH-07;2026-07-25 18:42:14;SKU-022;2;12000;1000;CARD
REC-20260725-STORE_02-0592;STORE_02;CASH-03;2026-07-25 18:42:14;SKU-018;4;5000;0;CARD
REC-20260725-STORE_02-0592;STORE_02;CASH-01;2026-07-25 18:42:14;SKU-004;4;25000;500;CARD
REC-20260725-STORE_02-0593;STORE_02;CASH-08;2026-07-25 19:41:23;SKU-005;4;5000;0;CARD
REC-20260725-STORE_02-0593;STORE_02;CASH-03;2026-07-25 19:41:23;SKU-039;2;5000;0;CASH
REC-20260725-STORE_02-0593;STORE_02;CASH-09;2026-07-25 19:41:23;SKU-014;3;5000;0;CARD
REC-20260725-STORE_02-0593;STORE_02;CASH-06;2026-07-25 19:41:23;SKU-001;4;45000;0;CARD
REC-20260725-STORE_02-0593;STORE_02;CASH-04;2026-07-25 19:41:23;SKU-026;3;12000;0;CARD
REC-20260725-STORE_02-0594;STORE_02;CASH-04;2026-07-25 20:33:39;SKU-022;4;12000;0;CARD
REC-20260725-STORE_02-0594;STORE_02;CASH-04;2026-07-25 20:33:39;SKU-006;4;45000;1000;CARD
REC-20260725-STORE_02-0594;STORE_02;CASH-06;2026-07-25 20:33:39;SKU-002;2;12000;0;CARD
REC-20260725-STORE_02-0595;STORE_02;CASH-02;2026-07-25 8:12:06;SKU-038;1;12000;0;CARD
REC-20260725-STORE_02-0595;STORE_02;CASH-02;2026-07-25 8:12:06;SKU-050;4;25000;0;CARD
REC-20260725-STORE_02-0595;STORE_02;CASH-01;2026-07-25 8:12:06;SKU-013;3;12000;1000;CARD
REC-20260725-STORE_02-0595;STORE_02;CASH-03;2026-07-25 8:12:06;SKU-001;4;45000;0;CARD
REC-20260725-STORE_02-0596;STORE_02;CASH-08;2026-07-25 14:26:44;SKU-006;2;45000;500;CARD
REC-20260725-STORE_02-0597;STORE_02;CASH-01;2026-07-25 21:32:22;SKU-002;2;12000;500;CARD
REC-20260725-STORE_02-0598;STORE_02;CASH-08;2026-07-25 19:56:46;SKU-006;2;45000;1000;CARD
REC-20260725-STORE_02-0599;STORE_02;CASH-01;2026-07-25 15:05:27;SKU-005;4;5000;500;CASH
REC-20260725-STORE_02-0599;STORE_02;CASH-06;2026-07-25 15:05:27;SKU-019;3;25000;1000;CASH
REC-20260725-STORE_02-0599;STORE_02;CASH-09;2026-07-25 15:05:27;SKU-043;4;25000;1000;CARD
REC-20260725-STORE_02-0600;STORE_02;CASH-06;2026-07-25 13:30:30;SKU-001;1;45000;0;CASH
REC-20260725-STORE_02-0601;STORE_02;CASH-07;2026-07-25 18:38:44;SKU-022;3;12000;500;CARD
REC-20260725-STORE_02-0601;STORE_02;CASH-02;2026-07-25 18:38:44;SKU-008;3;12000;0;CARD
REC-20260725-STORE_02-0601;STORE_02;CASH-05;2026-07-25 18:38:44;SKU-001;2;45000;500;CARD
REC-20260725-STORE_02-0601;STORE_02;CASH-02;2026-07-25 18:38:44;SKU-003;1;45000;1000;CARD
REC-20260725-STORE_02-0602;STORE_02;CASH-06;2026-07-25 10:46:20;SKU-043;4;25000;1000;CARD
REC-20260725-STORE_02-0602;STORE_02;CASH-01;2026-07-25 10:46:20;SKU-001;1;45000;0;CARD
REC-20260725-STORE_02-0602;STORE_02;CASH-10;2026-07-25 10:46:20;SKU-028;1;5000;500;CARD
REC-20260725-STORE_02-0602;STORE_02;CASH-03;2026-07-25 10:46:20;SKU-010;1;25000;500;CARD
REC-20260725-STORE_02-0602;STORE_02;CASH-03;2026-07-25 10:46:20;SKU-003;2;45000;0;CARD
REC-20260725-STORE_02-0603;STORE_02;CASH-04;2026-07-25 21:08:12;SKU-001;3;45000;0;CARD
REC-20260725-STORE_02-0603;STORE_02;CASH-08;2026-07-25 21:08:12;SKU-014;2;5000;1000;CASH
REC-20260725-STORE_02-0603;STORE_02;CASH-09;2026-07-25 21:08:12;SKU-001;3;45000;0;CARD
REC-20260725-STORE_02-0603;STORE_02;CASH-04;2026-07-25 21:08:12;SKU-036;1;45000;0;CARD
REC-20260725-STORE_02-0604;STORE_02;CASH-01;2026-07-25 13:30:23;SKU-010;3;25000;0;CASH
REC-20260725-STORE_02-0604;STORE_02;CASH-02;2026-07-25 13:30:23;SKU-045;1;45000;0;CARD
REC-20260725-STORE_02-0604;STORE_02;CASH-08;2026-07-25 13:30:23;SKU-002;4;12000;1000;CASH
REC-20260725-STORE_02-0604;STORE_02;CASH-07;2026-07-25 13:30:23;SKU-002;1;12000;0;CARD
REC-20260725-STORE_02-0604;STORE_02;CASH-05;2026-07-25 13:30:23;SKU-008;3;12000;1000;CASH
REC-20260725-STORE_02-0605;STORE_02;CASH-06;2026-07-25 20:33:45;SKU-001;2;45000;0;CARD
REC-20260725-STORE_02-0605;STORE_02;CASH-09;2026-07-25 20:33:45;SKU-048;4;25000;1000;CARD
REC-20260725-STORE_02-0605;STORE_02;CASH-08;2026-07-25 20:33:45;SKU-003;1;45000;0;CARD
REC-20260725-STORE_02-0605;STORE_02;CASH-09;2026-07-25 20:33:45;SKU-029;3;5000;0;CARD
REC-20260725-STORE_02-0606;STORE_02;CASH-09;2026-07-25 9:56:36;SKU-002;4;12000;0;CASH
REC-20260725-STORE_02-0606;STORE_02;CASH-07;2026-07-25 9:56:36;SKU-001;4;45000;0;CASH
REC-20260725-STORE_02-0607;STORE_02;CASH-05;2026-07-25 11:24:01;SKU-001;3;45000;0;CARD
REC-20260725-STORE_02-0607;STORE_02;CASH-01;2026-07-25 11:24:01;SKU-013;3;12000;500;CARD
REC-20260725-STORE_02-0608;STORE_02;CASH-10;2026-07-25 9:16:15;SKU-001;4;45000;0;CASH
REC-20260725-STORE_02-0608;STORE_02;CASH-10;2026-07-25 9:16:15;SKU-002;2;12000;0;CARD
REC-20260725-STORE_02-0608;STORE_02;CASH-09;2026-07-25 9:16:15;SKU-005;3;5000;500;CASH
REC-20260725-STORE_02-0609;STORE_02;CASH-05;2026-07-25 18:41:47;SKU-012;2;45000;1000;CASH
REC-20260725-STORE_02-0610;STORE_02;CASH-05;2026-07-25 21:30:02;SKU-003;4;45000;1000;CASH
REC-20260725-STORE_02-0610;STORE_02;CASH-02;2026-07-25 21:30:02;SKU-001;1;45000;0;CARD
REC-20260725-STORE_02-0610;STORE_02;CASH-10;2026-07-25 21:30:02;SKU-007;2;12000;0;CASH
REC-20260725-STORE_02-0610;STORE_02;CASH-06;2026-07-25 21:30:02;SKU-001;2;45000;500;CARD
REC-20260725-STORE_02-0610;STORE_02;CASH-07;2026-07-25 21:30:02;SKU-003;4;45000;0;CASH
REC-20260725-STORE_02-0611;STORE_02;CASH-10;2026-07-25 11:31:22;SKU-012;4;45000;500;CASH
REC-20260725-STORE_02-0611;STORE_02;CASH-05;2026-07-25 11:31:22;SKU-004;1;25000;0;CARD
REC-20260725-STORE_02-0611;STORE_02;CASH-04;2026-07-25 11:31:22;SKU-019;1;25000;0;CARD
REC-20260725-STORE_02-0611;STORE_02;CASH-06;2026-07-25 11:31:22;SKU-001;4;45000;1000;CASH
REC-20260725-STORE_02-0612;STORE_02;CASH-10;2026-07-25 11:01:03;SKU-017;3;12000;0;CASH
REC-20260725-STORE_02-0612;STORE_02;CASH-03;2026-07-25 11:01:03;SKU-004;1;25000;500;CARD
REC-20260725-STORE_02-0612;STORE_02;CASH-06;2026-07-25 11:01:03;SKU-001;3;45000;1000;CARD
REC-20260725-STORE_02-0612;STORE_02;CASH-05;2026-07-25 11:01:03;SKU-001;4;45000;0;CARD
REC-20260725-STORE_02-0612;STORE_02;CASH-07;2026-07-25 11:01:03;SKU-038;1;12000;1000;CASH
REC-20260725-STORE_02-0613;STORE_02;CASH-05;2026-07-25 10:29:47;SKU-001;3;45000;1000;CARD
REC-20260725-STORE_02-0614;STORE_02;CASH-05;2026-07-25 14:51:29;SKU-004;2;25000;0;CASH
REC-20260725-STORE_02-0614;STORE_02;CASH-01;2026-07-25 14:51:29;SKU-034;4;25000;0;CARD
REC-20260725-STORE_02-0615;STORE_02;CASH-10;2026-07-25 8:39:39;SKU-001;4;45000;1000;CARD
REC-20260725-STORE_02-0615;STORE_02;CASH-09;2026-07-25 8:39:39;SKU-025;3;5000;0;CARD
REC-20260725-STORE_02-0615;STORE_02;CASH-04;2026-07-25 8:39:39;SKU-030;4;45000;0;CARD
REC-20260725-STORE_02-0615;STORE_02;CASH-03;2026-07-25 8:39:39;SKU-012;3;45000;0;CARD
REC-20260725-STORE_02-0616;STORE_02;CASH-03;2026-07-25 13:22:14;SKU-003;1;45000;0;CARD
REC-20260725-STORE_02-0616;STORE_02;CASH-05;2026-07-25 13:22:14;SKU-045;4;45000;1000;CARD
REC-20260725-STORE_02-0616;STORE_02;CASH-04;2026-07-25 13:22:14;SKU-001;4;45000;500;CARD
REC-20260725-STORE_02-0616;STORE_02;CASH-09;2026-07-25 13:22:14;SKU-001;1;45000;0;CARD
REC-20260725-STORE_02-0617;STORE_02;CASH-06;2026-07-25 9:35:15;SKU-001;3;45000;0;CARD
REC-20260725-STORE_02-0617;STORE_02;CASH-08;2026-07-25 9:35:15;SKU-014;3;5000;1000;CARD
REC-20260725-STORE_02-0617;STORE_02;CASH-10;2026-07-25 9:35:15;SKU-001;4;45000;0;CARD
REC-20260725-STORE_02-0618;STORE_02;CASH-09;2026-07-25 9:43:31;SKU-008;4;12000;0;CASH
REC-20260725-STORE_02-0618;STORE_02;CASH-10;2026-07-25 9:43:31;SKU-001;2;45000;0;CASH
REC-20260725-STORE_02-0618;STORE_02;CASH-01;2026-07-25 9:43:31;SKU-001;2;45000;0;CASH
REC-20260725-STORE_02-0618;STORE_02;CASH-02;2026-07-25 9:43:31;SKU-027;2;5000;0;CARD
REC-20260725-STORE_02-0618;STORE_02;CASH-08;2026-07-25 9:43:31;SKU-021;1;5000;500;CARD
REC-20260725-STORE_02-0619;STORE_02;CASH-10;2026-07-25 17:06:33;SKU-003;1;45000;0;CASH
REC-20260725-STORE_02-0619;STORE_02;CASH-05;2026-07-25 17:06:33;SKU-001;4;45000;0;CARD
REC-20260725-STORE_02-0620;STORE_02;CASH-07;2026-07-25 18:12:39;SKU-013;2;12000;0;CARD
REC-20260725-STORE_02-0620;STORE_02;CASH-05;2026-07-25 18:12:39;SKU-011;1;5000;500;CASH
REC-20260725-STORE_02-0620;STORE_02;CASH-02;2026-07-25 18:12:39;SKU-002;1;12000;0;CASH
REC-20260725-STORE_02-0620;STORE_02;CASH-04;2026-07-25 18:12:39;SKU-001;3;45000;0;CARD
REC-20260725-STORE_02-0621;STORE_02;CASH-08;2026-07-25 9:43:05;SKU-005;2;5000;1000;CARD
REC-20260725-STORE_02-0621;STORE_02;CASH-02;2026-07-25 9:43:05;SKU-002;2;12000;0;CARD
REC-20260725-STORE_02-0621;STORE_02;CASH-01;2026-07-25 9:43:05;SKU-018;1;5000;1000;CARD
REC-20260725-STORE_02-0621;STORE_02;CASH-05;2026-07-25 9:43:05;SKU-002;1;12000;0;CARD
REC-20260725-STORE_02-0621;STORE_02;CASH-08;2026-07-25 9:43:05;SKU-042;2;5000;1000;CARD
REC-20260725-STORE_02-0622;STORE_02;CASH-05;2026-07-25 15:03:18;SKU-003;2;45000;0;CASH
REC-20260725-STORE_02-0622;STORE_02;CASH-04;2026-07-25 15:03:18;SKU-006;3;45000;500;CASH
REC-20260725-STORE_02-0622;STORE_02;CASH-03;2026-07-25 15:03:18;SKU-041;4;25000;0;CARD
REC-20260725-STORE_02-0623;STORE_02;CASH-05;2026-07-25 15:33:57;SKU-001;4;45000;0;CARD
REC-20260725-STORE_02-0623;STORE_02;CASH-10;2026-07-25 15:33:57;SKU-002;2;12000;500;CASH
REC-20260725-STORE_02-0623;STORE_02;CASH-01;2026-07-25 15:33:57;SKU-007;3;12000;0;CARD
REC-20260725-STORE_02-0623;STORE_02;CASH-10;2026-07-25 15:33:57;SKU-001;2;45000;500;CARD
REC-20260725-STORE_02-0623;STORE_02;CASH-02;2026-07-25 15:33:57;SKU-015;1;5000;0;CARD
REC-20260725-STORE_02-0624;STORE_02;CASH-01;2026-07-25 20:24:00;SKU-033;1;5000;0;CARD
REC-20260725-STORE_02-0624;STORE_02;CASH-08;2026-07-25 20:24:00;SKU-014;1;5000;500;CASH
REC-20260725-STORE_02-0624;STORE_02;CASH-08;2026-07-25 20:24:00;SKU-001;2;45000;0;CARD
REC-20260725-STORE_02-0625;STORE_02;CASH-03;2026-07-25 18:42:54;SKU-026;3;12000;0;CARD
REC-20260725-STORE_02-0625;STORE_02;CASH-03;2026-07-25 18:42:54;SKU-003;2;45000;0;CASH
REC-20260725-STORE_02-0625;STORE_02;CASH-01;2026-07-25 18:42:54;SKU-001;4;45000;0;CARD
REC-20260725-STORE_02-0626;STORE_02;CASH-04;2026-07-25 9:35:24;SKU-031;1;45000;0;CARD
REC-20260725-STORE_02-0626;STORE_02;CASH-03;2026-07-25 9:35:24;SKU-001;4;45000;500;CARD
REC-20260725-STORE_02-0626;STORE_02;CASH-09;2026-07-25 9:35:24;SKU-001;1;45000;0;CARD
REC-20260725-STORE_02-0626;STORE_02;CASH-06;2026-07-25 9:35:24;SKU-045;1;45000;0;CASH
REC-20260725-STORE_02-0627;STORE_02;CASH-10;2026-07-25 21:36:49;SKU-011;3;5000;0;CASH
REC-20260725-STORE_02-0628;STORE_02;CASH-10;2026-07-25 20:15:32;SKU-006;3;45000;0;CASH
REC-20260725-STORE_02-0628;STORE_02;CASH-05;2026-07-25 20:15:32;SKU-001;3;45000;0;CARD
REC-20260725-STORE_02-0629;STORE_02;CASH-10;2026-07-25 17:04:47;SKU-005;2;5000;1000;CARD
REC-20260725-STORE_02-0629;STORE_02;CASH-07;2026-07-25 17:04:47;SKU-018;4;5000;500;CASH
REC-20260725-STORE_02-0629;STORE_02;CASH-10;2026-07-25 17:04:47;SKU-004;1;25000;0;CARD
REC-20260725-STORE_02-0629;STORE_02;CASH-03;2026-07-25 17:04:47;SKU-010;3;25000;500;CARD
REC-20260725-STORE_02-0630;STORE_02;CASH-07;2026-07-25 18:02:03;SKU-027;3;5000;0;CARD
REC-20260725-STORE_02-0630;STORE_02;CASH-06;2026-07-25 18:02:03;SKU-022;2;12000;1000;CARD
REC-20260725-STORE_02-0631;STORE_02;CASH-03;2026-07-25 14:01:25;SKU-018;2;5000;500;CARD
REC-20260725-STORE_02-0631;STORE_02;CASH-07;2026-07-25 14:01:25;SKU-039;4;5000;1000;CARD
REC-20260725-STORE_02-0631;STORE_02;CASH-07;2026-07-25 14:01:25;SKU-007;2;12000;1000;CARD
REC-20260725-STORE_02-0631;STORE_02;CASH-07;2026-07-25 14:01:25;SKU-003;2;45000;0;CASH
REC-20260725-STORE_02-0631;STORE_02;CASH-01;2026-07-25 14:01:25;SKU-008;4;12000;0;CARD
REC-20260725-STORE_02-0632;STORE_02;CASH-06;2026-07-25 20:49:37;SKU-005;2;5000;1000;CARD
REC-20260725-STORE_02-0633;STORE_02;CASH-03;2026-07-25 9:23:57;SKU-009;3;25000;0;CASH
REC-20260725-STORE_02-0633;STORE_02;CASH-09;2026-07-25 9:23:57;SKU-004;4;25000;0;CASH
REC-20260725-STORE_02-0633;STORE_02;CASH-07;2026-07-25 9:23:57;SKU-049;1;5000;0;CARD
REC-20260725-STORE_02-0633;STORE_02;CASH-07;2026-07-25 9:23:57;SKU-009;1;25000;1000;CARD
REC-20260725-STORE_02-0634;STORE_02;CASH-01;2026-07-25 18:21:20;SKU-011;3;5000;500;CARD
REC-20260725-STORE_02-0634;STORE_02;CASH-08;2026-07-25 18:21:20;SKU-018;3;5000;0;CARD
REC-20260725-STORE_02-0634;STORE_02;CASH-06;2026-07-25 18:21:20;SKU-007;3;12000;1000;CARD
REC-20260725-STORE_02-0635;STORE_02;CASH-07;2026-07-25 14:40:17;SKU-003;1;45000;0;CASH
REC-20260725-STORE_02-0635;STORE_02;CASH-04;2026-07-25 14:40:17;SKU-012;2;45000;0;CARD
REC-20260725-STORE_02-0636;STORE_02;CASH-08;2026-07-25 18:24:19;SKU-020;2;12000;0;CASH
REC-20260725-STORE_02-0636;STORE_02;CASH-01;2026-07-25 18:24:19;SKU-004;2;25000;500;CASH
REC-20260725-STORE_02-0636;STORE_02;CASH-04;2026-07-25 18:24:19;SKU-011;2;5000;0;CARD
REC-20260725-STORE_02-0636;STORE_02;CASH-05;2026-07-25 18:24:19;SKU-014;3;5000;500;CARD
REC-20260725-STORE_02-0637;STORE_02;CASH-07;2026-07-25 19:41:59;SKU-021;3;5000;500;CARD
REC-20260725-STORE_02-0637;STORE_02;CASH-09;2026-07-25 19:41:59;SKU-009;3;25000;0;CARD
REC-20260725-STORE_02-0637;STORE_02;CASH-05;2026-07-25 19:41:59;SKU-006;4;45000;500;CASH
REC-20260725-STORE_02-0637;STORE_02;CASH-04;2026-07-25 19:41:59;SKU-006;2;45000;0;CARD
REC-20260725-STORE_02-0638;STORE_02;CASH-10;2026-07-25 13:40:03;SKU-006;3;45000;1000;CARD
REC-20260725-STORE_02-0638;STORE_02;CASH-01;2026-07-25 13:40:03;SKU-044;1;5000;0;CASH
REC-20260725-STORE_02-0638;STORE_02;CASH-02;2026-07-25 13:40:03;SKU-002;4;12000;500;CARD
REC-20260725-STORE_02-0638;STORE_02;CASH-10;2026-07-25 13:40:03;SKU-013;4;12000;500;CASH
REC-20260725-STORE_02-0639;STORE_02;CASH-08;2026-07-25 8:31:51;SKU-006;3;45000;0;CASH
REC-20260725-STORE_02-0639;STORE_02;CASH-04;2026-07-25 8:31:51;SKU-020;2;12000;500;CARD
REC-20260725-STORE_02-0639;STORE_02;CASH-06;2026-07-25 8:31:51;SKU-002;4;12000;0;CARD
REC-20260725-STORE_02-0639;STORE_02;CASH-01;2026-07-25 8:31:51;SKU-015;1;5000;0;CASH
REC-20260725-STORE_02-0639;STORE_02;CASH-05;2026-07-25 8:31:51;SKU-001;2;45000;1000;CARD
REC-20260725-STORE_02-0640;STORE_02;CASH-05;2026-07-25 9:55:13;SKU-041;2;25000;500;CARD
REC-20260725-STORE_02-0640;STORE_02;CASH-09;2026-07-25 9:55:13;SKU-009;1;25000;1000;CARD
REC-20260725-STORE_02-0640;STORE_02;CASH-02;2026-07-25 9:55:13;SKU-016;1;25000;0;CASH
REC-20260725-STORE_02-0640;STORE_02;CASH-03;2026-07-25 9:55:13;SKU-005;3;5000;0;CARD
REC-20260725-STORE_02-0641;STORE_02;CASH-08;2026-07-25 10:40:53;SKU-001;4;45000;1000;CARD
REC-20260725-STORE_02-0641;STORE_02;CASH-04;2026-07-25 10:40:53;SKU-004;1;25000;0;CARD
REC-20260725-STORE_02-0641;STORE_02;CASH-09;2026-07-25 10:40:53;SKU-001;1;45000;0;CARD
REC-20260725-STORE_02-0641;STORE_02;CASH-05;2026-07-25 10:40:53;SKU-032;2;25000;0;CARD
REC-20260725-STORE_02-0642;STORE_02;CASH-08;2026-07-25 12:48:11;SKU-002;4;12000;0;CASH
REC-20260725-STORE_02-0643;STORE_02;CASH-06;2026-07-25 17:22:04;SKU-033;3;5000;0;CARD
REC-20260725-STORE_02-0643;STORE_02;CASH-04;2026-07-25 17:22:04;SKU-003;4;45000;0;CARD
REC-20260725-STORE_02-0643;STORE_02;CASH-08;2026-07-25 17:22:04;SKU-006;1;45000;0;CARD
REC-20260725-STORE_02-0643;STORE_02;CASH-08;2026-07-25 17:22:04;SKU-012;1;45000;1000;CARD
REC-20260725-STORE_02-0644;STORE_02;CASH-10;2026-07-25 19:01:27;SKU-005;3;5000;500;CARD
REC-20260725-STORE_02-0644;STORE_02;CASH-04;2026-07-25 19:01:27;SKU-003;3;45000;0;CARD
REC-20260725-STORE_02-0644;STORE_02;CASH-06;2026-07-25 19:01:27;SKU-008;2;12000;0;CARD
REC-20260725-STORE_02-0645;STORE_02;CASH-03;2026-07-25 20:39:04;SKU-002;3;12000;0;CARD
REC-20260725-STORE_02-0645;STORE_02;CASH-08;2026-07-25 20:39:04;SKU-002;2;12000;0;CASH
REC-20260725-STORE_02-0646;STORE_02;CASH-02;2026-07-25 18:50:11;SKU-002;4;12000;1000;CARD
REC-20260725-STORE_02-0646;STORE_02;CASH-07;2026-07-25 18:50:11;SKU-003;2;45000;1000;CARD
REC-20260725-STORE_02-0646;STORE_02;CASH-07;2026-07-25 18:50:11;SKU-023;2;45000;0;CASH
REC-20260725-STORE_02-0646;STORE_02;CASH-01;2026-07-25 18:50:11;SKU-001;3;45000;0;CASH
REC-20260725-STORE_02-0647;STORE_02;CASH-03;2026-07-25 20:24:45;SKU-001;4;45000;500;CARD
REC-20260725-STORE_02-0647;STORE_02;CASH-07;2026-07-25 20:24:45;SKU-003;1;45000;0;CARD
REC-20260725-STORE_02-0647;STORE_02;CASH-07;2026-07-25 20:24:45;SKU-004;4;25000;0;CARD
REC-20260725-STORE_02-0647;STORE_02;CASH-08;2026-07-25 20:24:45;SKU-002;1;12000;0;CARD
REC-20260725-STORE_02-0648;STORE_02;CASH-07;2026-07-25 9:35:44;SKU-002;2;12000;0;CARD
REC-20260725-STORE_02-0648;STORE_02;CASH-01;2026-07-25 9:35:44;SKU-002;1;12000;0;CARD
REC-20260725-STORE_02-0648;STORE_02;CASH-06;2026-07-25 9:35:44;SKU-010;3;25000;1000;CASH
REC-20260725-STORE_02-0648;STORE_02;CASH-09;2026-07-25 9:35:44;SKU-023;1;45000;1000;CASH
REC-20260725-STORE_02-0648;STORE_02;CASH-03;2026-07-25 9:35:44;SKU-003;3;45000;1000;CASH
REC-20260725-STORE_02-0649;STORE_02;CASH-07;2026-07-25 15:48:49;SKU-026;4;12000;1000;CASH
REC-20260725-STORE_02-0649;STORE_02;CASH-08;2026-07-25 15:48:49;SKU-015;2;5000;1000;CARD
REC-20260725-STORE_02-0649;STORE_02;CASH-01;2026-07-25 15:48:49;SKU-004;1;25000;500;CARD
REC-20260725-STORE_02-0649;STORE_02;CASH-07;2026-07-25 15:48:49;SKU-004;4;25000;0;CARD
REC-20260725-STORE_02-0650;STORE_02;CASH-10;2026-07-25 9:18:34;SKU-022;1;12000;0;CARD
REC-20260725-STORE_02-0651;STORE_02;CASH-02;2026-07-25 18:21:25;SKU-007;2;12000;0;CARD
REC-20260725-STORE_02-0651;STORE_02;CASH-04;2026-07-25 18:21:25;SKU-043;2;25000;500;CASH
REC-20260725-STORE_02-0651;STORE_02;CASH-02;2026-07-25 18:21:25;SKU-004;1;25000;500;CARD
REC-20260725-STORE_02-0651;STORE_02;CASH-01;2026-07-25 18:21:25;SKU-003;3;45000;500;CARD
REC-20260725-STORE_02-0651;STORE_02;CASH-04;2026-07-25 18:21:25;SKU-003;2;45000;500;CARD
REC-20260725-STORE_02-0652;STORE_02;CASH-05;2026-07-25 16:56:08;SKU-007;1;12000;500;CARD
REC-20260725-STORE_02-0652;STORE_02;CASH-07;2026-07-25 16:56:08;SKU-009;3;25000;0;CASH
REC-20260725-STORE_02-0652;STORE_02;CASH-02;2026-07-25 16:56:08;SKU-008;2;12000;0;CARD
REC-20260725-STORE_02-0652;STORE_02;CASH-08;2026-07-25 16:56:08;SKU-023;1;45000;0;CASH
REC-20260725-STORE_02-0653;STORE_02;CASH-08;2026-07-25 10:24:39;SKU-005;2;5000;1000;CARD
REC-20260725-STORE_02-0654;STORE_02;CASH-01;2026-07-25 10:30:14;SKU-001;3;45000;500;CARD
REC-20260725-STORE_02-0655;STORE_02;CASH-05;2026-07-25 16:43:26;SKU-021;2;5000;500;CARD
REC-20260725-STORE_02-0655;STORE_02;CASH-09;2026-07-25 16:43:26;SKU-007;3;12000;0;CASH
REC-20260725-STORE_02-0655;STORE_02;CASH-09;2026-07-25 16:43:26;SKU-004;1;25000;500;CASH
REC-20260725-STORE_02-0656;STORE_02;CASH-01;2026-07-25 20:29:44;SKU-002;3;12000;500;CASH
REC-20260725-STORE_02-0657;STORE_02;CASH-05;2026-07-25 17:04:01;SKU-004;1;25000;1000;CARD
REC-20260725-STORE_02-0657;STORE_02;CASH-01;2026-07-25 17:04:01;SKU-003;4;45000;0;CASH
REC-20260725-STORE_02-0657;STORE_02;CASH-01;2026-07-25 17:04:01;SKU-003;3;45000;0;CARD
REC-20260725-STORE_02-0657;STORE_02;CASH-09;2026-07-25 17:04:01;SKU-005;4;5000;0;CARD
REC-20260725-STORE_02-0657;STORE_02;CASH-04;2026-07-25 17:04:01;SKU-011;1;5000;0;CASH
REC-20260725-STORE_02-0658;STORE_02;CASH-06;2026-07-25 19:27:34;SKU-003;4;45000;500;CARD
REC-20260725-STORE_02-0658;STORE_02;CASH-04;2026-07-25 19:27:34;SKU-004;4;25000;0;CARD
REC-20260725-STORE_02-0658;STORE_02;CASH-01;2026-07-25 19:27:34;SKU-003;4;45000;500;CARD
REC-20260725-STORE_02-0658;STORE_02;CASH-03;2026-07-25 19:27:34;SKU-013;4;12000;0;CASH
REC-20260725-STORE_02-0659;STORE_02;CASH-07;2026-07-25 14:35:02;SKU-023;1;45000;1000;CARD
REC-20260725-STORE_02-0659;STORE_02;CASH-09;2026-07-25 14:35:02;SKU-001;3;45000;500;CASH
REC-20260725-STORE_02-0659;STORE_02;CASH-06;2026-07-25 14:35:02;SKU-027;2;5000;0;CASH
REC-20260725-STORE_02-0660;STORE_02;CASH-10;2026-07-25 20:24:59;SKU-027;1;5000;1000;CASH
REC-20260725-STORE_02-0661;STORE_02;CASH-07;2026-07-25 20:46:21;SKU-005;1;5000;1000;CASH
REC-20260725-STORE_02-0662;STORE_02;CASH-08;2026-07-25 20:04:54;SKU-013;4;12000;1000;CARD
REC-20260725-STORE_02-0662;STORE_02;CASH-05;2026-07-25 20:04:54;SKU-003;4;45000;500;CASH
REC-20260725-STORE_02-0662;STORE_02;CASH-03;2026-07-25 20:04:54;SKU-014;2;5000;500;CASH
REC-20260725-STORE_02-0662;STORE_02;CASH-01;2026-07-25 20:04:54;SKU-009;3;25000;1000;CARD
REC-20260725-STORE_02-0663;STORE_02;CASH-01;2026-07-25 17:17:45;SKU-002;1;12000;500;CARD
REC-20260725-STORE_02-0663;STORE_02;CASH-07;2026-07-25 17:17:45;SKU-001;1;45000;1000;CARD
REC-20260725-STORE_02-0663;STORE_02;CASH-05;2026-07-25 17:17:45;SKU-018;4;5000;0;CARD
REC-20260725-STORE_02-0664;STORE_02;CASH-06;2026-07-25 9:18:43;SKU-001;1;45000;0;CARD
REC-20260725-STORE_02-0664;STORE_02;CASH-08;2026-07-25 9:18:43;SKU-001;1;45000;0;CASH
REC-20260725-STORE_02-0665;STORE_02;CASH-08;2026-07-25 10:45:04;SKU-001;1;45000;500;CARD
REC-20260725-STORE_02-0665;STORE_02;CASH-07;2026-07-25 10:45:04;SKU-001;4;45000;1000;CASH
REC-20260725-STORE_02-0665;STORE_02;CASH-06;2026-07-25 10:45:04;SKU-008;1;12000;0;CARD
REC-20260725-STORE_02-0665;STORE_02;CASH-01;2026-07-25 10:45:04;SKU-024;2;12000;0;CARD
REC-20260725-STORE_02-0665;STORE_02;CASH-04;2026-07-25 10:45:04;SKU-023;2;45000;0;CARD
REC-20260725-STORE_02-0666;STORE_02;CASH-01;2026-07-25 21:42:54;SKU-004;4;25000;1000;CASH
REC-20260725-STORE_02-0666;STORE_02;CASH-05;2026-07-25 21:42:54;SKU-001;4;45000;1000;CARD
REC-20260725-STORE_02-0667;STORE_02;CASH-02;2026-07-25 11:52:13;SKU-002;1;12000;500;CASH
REC-20260725-STORE_02-0667;STORE_02;CASH-03;2026-07-25 11:52:13;SKU-040;3;25000;1000;CARD
REC-20260725-STORE_02-0668;STORE_02;CASH-08;2026-07-25 13:43:06;SKU-046;2;25000;500;CASH
REC-20260725-STORE_02-0668;STORE_02;CASH-04;2026-07-25 13:43:06;SKU-011;4;5000;0;CASH
REC-20260725-STORE_02-0668;STORE_02;CASH-06;2026-07-25 13:43:06;SKU-001;3;45000;0;CARD
REC-20260725-STORE_02-0669;STORE_02;CASH-10;2026-07-25 21:42:55;SKU-005;4;5000;500;CASH
REC-20260725-STORE_02-0670;STORE_02;CASH-05;2026-07-25 9:50:30;SKU-011;2;5000;0;CARD
REC-20260725-STORE_02-0671;STORE_02;CASH-05;2026-07-25 18:53:27;SKU-003;1;45000;500;CASH
REC-20260725-STORE_02-0671;STORE_02;CASH-08;2026-07-25 18:53:27;SKU-011;4;5000;0;CARD
REC-20260725-STORE_02-0671;STORE_02;CASH-03;2026-07-25 18:53:27;SKU-006;3;45000;1000;CARD
REC-20260725-STORE_02-0671;STORE_02;CASH-06;2026-07-25 18:53:27;SKU-001;3;45000;1000;CARD
REC-20260725-STORE_02-0671;STORE_02;CASH-08;2026-07-25 18:53:27;SKU-002;4;12000;0;CASH
REC-20260725-STORE_02-0672;STORE_02;CASH-10;2026-07-25 10:46:28;SKU-003;2;45000;500;CARD
REC-20260725-STORE_02-0672;STORE_02;CASH-02;2026-07-25 10:46:28;SKU-001;4;45000;0;CARD
REC-20260725-STORE_02-0672;STORE_02;CASH-04;2026-07-25 10:46:28;SKU-004;3;25000;1000;CARD
REC-20260725-STORE_02-0672;STORE_02;CASH-06;2026-07-25 10:46:28;SKU-031;4;45000;1000;CARD
REC-20260725-STORE_02-0672;STORE_02;CASH-10;2026-07-25 10:46:28;SKU-001;4;45000;0;CARD
REC-20260725-STORE_02-0673;STORE_02;CASH-07;2026-07-25 11:55:14;SKU-019;2;25000;500;CARD
REC-20260725-STORE_02-0673;STORE_02;CASH-09;2026-07-25 11:55:14;SKU-002;4;12000;500;CASH
REC-20260725-STORE_02-0673;STORE_02;CASH-10;2026-07-25 11:55:14;SKU-004;3;25000;1000;CASH
REC-20260725-STORE_02-0673;STORE_02;CASH-07;2026-07-25 11:55:14;SKU-005;1;5000;0;CARD
REC-20260725-STORE_02-0673;STORE_02;CASH-08;2026-07-25 11:55:14;SKU-001;2;45000;0;CARD
REC-20260725-STORE_02-0674;STORE_02;CASH-08;2026-07-25 11:57:35;SKU-024;2;12000;0;CARD
REC-20260725-STORE_02-0674;STORE_02;CASH-08;2026-07-25 11:57:35;SKU-001;2;45000;500;CARD
REC-20260725-STORE_02-0675;STORE_02;CASH-05;2026-07-25 19:43:52;SKU-015;3;5000;0;CARD
REC-20260725-STORE_02-0675;STORE_02;CASH-10;2026-07-25 19:43:52;SKU-030;2;45000;0;CARD
REC-20260725-STORE_02-0675;STORE_02;CASH-04;2026-07-25 19:43:52;SKU-002;1;12000;1000;CASH
REC-20260725-STORE_02-0675;STORE_02;CASH-10;2026-07-25 19:43:52;SKU-001;3;45000;500;CASH
REC-20260725-STORE_02-0676;STORE_02;CASH-05;2026-07-25 19:45:52;SKU-003;1;45000;500;CASH
REC-20260725-STORE_02-0676;STORE_02;CASH-05;2026-07-25 19:45:52;SKU-001;2;45000;0;CARD
REC-20260725-STORE_02-0676;STORE_02;CASH-04;2026-07-25 19:45:52;SKU-001;2;45000;0;CARD
REC-20260725-STORE_02-0677;STORE_02;CASH-05;2026-07-25 17:25:25;SKU-011;3;5000;1000;CARD
REC-20260725-STORE_02-0677;STORE_02;CASH-06;2026-07-25 17:25:25;SKU-008;4;12000;0;CARD
REC-20260725-STORE_02-0677;STORE_02;CASH-02;2026-07-25 17:25:25;SKU-001;4;45000;1000;CARD
REC-20260725-STORE_02-0677;STORE_02;CASH-08;2026-07-25 17:25:25;SKU-002;1;12000;500;CARD
REC-20260725-STORE_02-0677;STORE_02;CASH-09;2026-07-25 17:25:25;SKU-001;1;45000;0;CARD
REC-20260725-STORE_02-0678;STORE_02;CASH-10;2026-07-25 13:21:54;SKU-001;2;45000;0;CARD
REC-20260725-STORE_02-0678;STORE_02;CASH-05;2026-07-25 13:21:54;SKU-024;4;12000;0;CARD
REC-20260725-STORE_02-0679;STORE_02;CASH-10;2026-07-25 14:50:32;SKU-002;1;12000;1000;CASH
REC-20260725-STORE_02-0679;STORE_02;CASH-07;2026-07-25 14:50:32;SKU-031;2;45000;500;CARD
REC-20260725-STORE_02-0680;STORE_02;CASH-05;2026-07-25 16:28:31;SKU-001;2;45000;0;CARD
REC-20260725-STORE_02-0680;STORE_02;CASH-09;2026-07-25 16:28:31;SKU-012;4;45000;1000;CARD
REC-20260725-STORE_02-0681;STORE_02;CASH-04;2026-07-25 13:34:14;SKU-002;2;12000;0;CARD
REC-20260725-STORE_02-0681;STORE_02;CASH-04;2026-07-25 13:34:14;SKU-037;4;45000;0;CASH
REC-20260725-STORE_02-0682;STORE_02;CASH-01;2026-07-25 20:06:01;SKU-003;2;45000;1000;CARD
REC-20260725-STORE_02-0682;STORE_02;CASH-08;2026-07-25 20:06:01;SKU-009;2;25000;0;CARD
REC-20260725-STORE_02-0682;STORE_02;CASH-06;2026-07-25 20:06:01;SKU-018;4;5000;0;CARD
REC-20260725-STORE_02-0682;STORE_02;CASH-07;2026-07-25 20:06:01;SKU-001;1;45000;0;CARD
REC-20260725-STORE_02-0683;STORE_02;CASH-04;2026-07-25 20:31:46;SKU-002;2;12000;500;CARD
REC-20260725-STORE_02-0683;STORE_02;CASH-06;2026-07-25 20:31:46;SKU-027;1;5000;1000;CARD
REC-20260725-STORE_02-0683;STORE_02;CASH-04;2026-07-25 20:31:46;SKU-001;4;45000;0;CARD
REC-20260725-STORE_02-0684;STORE_02;CASH-01;2026-07-25 8:40:57;SKU-010;2;25000;500;CASH
REC-20260725-STORE_02-0685;STORE_02;CASH-09;2026-07-25 9:22:27;SKU-001;4;45000;0;CARD
REC-20260725-STORE_02-0685;STORE_02;CASH-02;2026-07-25 9:22:27;SKU-027;4;5000;0;CASH
REC-20260725-STORE_02-0685;STORE_02;CASH-10;2026-07-25 9:22:27;SKU-006;3;45000;500;CASH
REC-20260725-STORE_02-0685;STORE_02;CASH-07;2026-07-25 9:22:27;SKU-016;2;25000;1000;CASH
REC-20260725-STORE_02-0685;STORE_02;CASH-01;2026-07-25 9:22:27;SKU-027;2;5000;0;CARD
REC-20260725-STORE_02-0686;STORE_02;CASH-05;2026-07-25 19:09:56;SKU-006;2;45000;1000;CARD
REC-20260725-STORE_02-0686;STORE_02;CASH-04;2026-07-25 19:09:56;SKU-006;4;45000;0;CASH
REC-20260725-STORE_02-0686;STORE_02;CASH-01;2026-07-25 19:09:56;SKU-001;3;45000;0;CARD
REC-20260725-STORE_02-0687;STORE_02;CASH-03;2026-07-25 14:46:33;SKU-019;3;25000;500;CARD
REC-20260725-STORE_02-0687;STORE_02;CASH-08;2026-07-25 14:46:33;SKU-034;4;25000;0;CARD
REC-20260725-STORE_02-0687;STORE_02;CASH-06;2026-07-25 14:46:33;SKU-001;3;45000;1000;CARD
REC-20260725-STORE_02-0687;STORE_02;CASH-03;2026-07-25 14:46:33;SKU-001;2;45000;0;CASH
REC-20260725-STORE_02-0688;STORE_02;CASH-07;2026-07-25 8:59:28;SKU-031;2;45000;0;CARD
REC-20260725-STORE_02-0688;STORE_02;CASH-08;2026-07-25 8:59:28;SKU-011;3;5000;1000;CARD
REC-20260725-STORE_02-0688;STORE_02;CASH-10;2026-07-25 8:59:28;SKU-002;1;12000;500;CARD
REC-20260725-STORE_02-0688;STORE_02;CASH-04;2026-07-25 8:59:28;SKU-003;4;45000;0;CASH
REC-20260725-STORE_02-0689;STORE_02;CASH-01;2026-07-25 14:24:54;SKU-017;1;12000;1000;CARD
REC-20260725-STORE_02-0690;STORE_02;CASH-01;2026-07-25 20:16:48;SKU-003;3;45000;0;CARD
REC-20260725-STORE_02-0691;STORE_02;CASH-02;2026-07-25 18:51:19;SKU-007;2;12000;0;CARD
REC-20260725-STORE_02-0691;STORE_02;CASH-02;2026-07-25 18:51:19;SKU-031;4;45000;0;CASH
REC-20260725-STORE_02-0691;STORE_02;CASH-06;2026-07-25 18:51:19;SKU-006;1;45000;1000;CARD
REC-20260725-STORE_02-0691;STORE_02;CASH-04;2026-07-25 18:51:19;SKU-009;3;25000;1000;CASH
REC-20260725-STORE_02-0692;STORE_02;CASH-09;2026-07-25 10:53:01;SKU-035;1;5000;1000;CASH
REC-20260725-STORE_02-0692;STORE_02;CASH-08;2026-07-25 10:53:01;SKU-001;4;45000;500;CARD
REC-20260725-STORE_02-0692;STORE_02;CASH-01;2026-07-25 10:53:01;SKU-002;3;12000;0;CARD
REC-20260725-STORE_02-0692;STORE_02;CASH-08;2026-07-25 10:53:01;SKU-020;2;12000;1000;CARD
REC-20260725-STORE_02-0692;STORE_02;CASH-07;2026-07-25 10:53:01;SKU-009;2;25000;0;CASH
REC-20260725-STORE_02-0693;STORE_02;CASH-05;2026-07-25 20:17:02;SKU-004;2;25000;0;CASH
REC-20260725-STORE_02-0693;STORE_02;CASH-06;2026-07-25 20:17:02;SKU-001;1;45000;1000;CASH
REC-20260725-STORE_02-0693;STORE_02;CASH-05;2026-07-25 20:17:02;SKU-003;2;45000;500;CASH
REC-20260725-STORE_02-0693;STORE_02;CASH-01;2026-07-25 20:17:02;SKU-048;1;25000;500;CASH
REC-20260725-STORE_02-0694;STORE_02;CASH-06;2026-07-25 13:42:41;SKU-001;3;45000;0;CARD
REC-20260725-STORE_02-0694;STORE_02;CASH-08;2026-07-25 13:42:41;SKU-001;4;45000;0;CARD
REC-20260725-STORE_02-0694;STORE_02;CASH-01;2026-07-25 13:42:41;SKU-006;1;45000;500;CARD
REC-20260725-STORE_02-0694;STORE_02;CASH-08;2026-07-25 13:42:41;SKU-006;3;45000;1000;CARD
REC-20260725-STORE_02-0694;STORE_02;CASH-09;2026-07-25 13:42:41;SKU-007;3;12000;1000;CASH
REC-20260725-STORE_02-0695;STORE_02;CASH-01;2026-07-25 15:26:47;SKU-010;1;25000;0;CARD
REC-20260725-STORE_02-0695;STORE_02;CASH-01;2026-07-25 15:26:47;SKU-004;1;25000;0;CASH
REC-20260725-STORE_02-0696;STORE_02;CASH-08;2026-07-25 8:26:52;SKU-029;3;5000;0;CARD
REC-20260725-STORE_02-0696;STORE_02;CASH-03;2026-07-25 8:26:52;SKU-001;4;45000;0;CARD
REC-20260725-STORE_02-0696;STORE_02;CASH-05;2026-07-25 8:26:52;SKU-020;1;12000;0;CARD
REC-20260725-STORE_02-0696;STORE_02;CASH-02;2026-07-25 8:26:52;SKU-002;2;12000;0;CARD
REC-20260725-STORE_02-0696;STORE_02;CASH-01;2026-07-25 8:26:52;SKU-002;2;12000;0;CARD
REC-20260725-STORE_02-0697;STORE_02;CASH-10;2026-07-25 20:30:52;SKU-001;1;45000;0;CASH
REC-20260725-STORE_02-0697;STORE_02;CASH-09;2026-07-25 20:30:52;SKU-026;3;12000;0;CASH
REC-20260725-STORE_02-0698;STORE_02;CASH-05;2026-07-25 8:13:17;SKU-001;1;45000;0;CARD
REC-20260725-STORE_02-0698;STORE_02;CASH-08;2026-07-25 8:13:17;SKU-004;1;25000;500;CASH
REC-20260725-STORE_02-0699;STORE_02;CASH-03;2026-07-25 9:48:21;SKU-001;3;45000;500;CARD
REC-20260725-STORE_02-0699;STORE_02;CASH-01;2026-07-25 9:48:21;SKU-003;3;45000;0;CARD
REC-20260725-STORE_02-0699;STORE_02;CASH-05;2026-07-25 9:48:21;SKU-003;3;45000;0;CASH
REC-20260725-STORE_02-0699;STORE_02;CASH-03;2026-07-25 9:48:21;SKU-004;3;25000;500;CARD
REC-20260725-STORE_02-0700;STORE_02;CASH-07;2026-07-25 19:04:36;SKU-002;4;12000;0;CARD
REC-20260725-STORE_02-0700;STORE_02;CASH-10;2026-07-25 19:04:36;SKU-006;4;45000;1000;CASH
REC-20260725-STORE_02-0700;STORE_02;CASH-02;2026-07-25 19:04:36;SKU-027;2;5000;0;CARD
REC-20260725-STORE_02-0700;STORE_02;CASH-06;2026-07-25 19:04:36;SKU-017;2;12000;0;CASH
REC-20260725-STORE_03-0001;STORE_03;CASH-01;2026-07-25 15:30:16;SKU-001;4;45000;500;CARD
REC-20260725-STORE_03-0001;STORE_03;CASH-02;2026-07-25 15:30:16;SKU-031;4;45000;0;CARD
REC-20260725-STORE_03-0001;STORE_03;CASH-04;2026-07-25 15:30:16;SKU-011;2;5000;0;CARD
REC-20260725-STORE_03-0001;STORE_03;CASH-06;2026-07-25 15:30:16;SKU-040;2;25000;0;CASH
REC-20260725-STORE_03-0002;STORE_03;CASH-01;2026-07-25 17:09:45;SKU-005;1;5000;0;CARD
REC-20260725-STORE_03-0003;STORE_03;CASH-06;2026-07-25 14:55:37;SKU-001;3;45000;0;CARD
REC-20260725-STORE_03-0003;STORE_03;CASH-04;2026-07-25 14:55:37;SKU-001;1;45000;0;CASH
REC-20260725-STORE_03-0003;STORE_03;CASH-08;2026-07-25 14:55:37;SKU-001;1;45000;0;CARD
REC-20260725-STORE_03-0004;STORE_03;CASH-06;2026-07-25 15:40:50;SKU-037;1;45000;0;CARD
REC-20260725-STORE_03-0004;STORE_03;CASH-05;2026-07-25 15:40:50;SKU-008;1;12000;500;CARD
REC-20260725-STORE_03-0004;STORE_03;CASH-06;2026-07-25 15:40:50;SKU-003;4;45000;0;CASH
REC-20260725-STORE_03-0004;STORE_03;CASH-08;2026-07-25 15:40:50;SKU-001;4;45000;0;CASH
REC-20260725-STORE_03-0004;STORE_03;CASH-06;2026-07-25 15:40:50;SKU-004;2;25000;0;CASH
REC-20260725-STORE_03-0005;STORE_03;CASH-08;2026-07-25 18:24:06;SKU-001;2;45000;0;CASH
REC-20260725-STORE_03-0005;STORE_03;CASH-09;2026-07-25 18:24:06;SKU-045;2;45000;0;CARD
REC-20260725-STORE_03-0005;STORE_03;CASH-10;2026-07-25 18:24:06;SKU-030;3;45000;0;CASH
REC-20260725-STORE_03-0005;STORE_03;CASH-09;2026-07-25 18:24:06;SKU-008;1;12000;500;CARD
REC-20260725-STORE_03-0006;STORE_03;CASH-07;2026-07-25 13:31:42;SKU-010;3;25000;500;CARD
REC-20260725-STORE_03-0006;STORE_03;CASH-05;2026-07-25 13:31:42;SKU-009;3;25000;500;CASH
REC-20260725-STORE_03-0006;STORE_03;CASH-07;2026-07-25 13:31:42;SKU-001;3;45000;1000;CARD
REC-20260725-STORE_03-0006;STORE_03;CASH-08;2026-07-25 13:31:42;SKU-001;1;45000;0;CARD
REC-20260725-STORE_03-0006;STORE_03;CASH-04;2026-07-25 13:31:42;SKU-009;4;25000;0;CARD
REC-20260725-STORE_03-0007;STORE_03;CASH-09;2026-07-25 11:23:29;SKU-001;4;45000;500;CARD
REC-20260725-STORE_03-0007;STORE_03;CASH-06;2026-07-25 11:23:29;SKU-002;2;12000;0;CARD
REC-20260725-STORE_03-0007;STORE_03;CASH-04;2026-07-25 11:23:29;SKU-013;1;12000;0;CARD
REC-20260725-STORE_03-0007;STORE_03;CASH-05;2026-07-25 11:23:29;SKU-001;1;45000;0;CARD
REC-20260725-STORE_03-0008;STORE_03;CASH-06;2026-07-25 20:03:09;SKU-002;1;12000;1000;CARD
REC-20260725-STORE_03-0008;STORE_03;CASH-05;2026-07-25 20:03:09;SKU-012;4;45000;500;CARD
REC-20260725-STORE_03-0008;STORE_03;CASH-03;2026-07-25 20:03:09;SKU-010;4;25000;0;CARD
REC-20260725-STORE_03-0008;STORE_03;CASH-03;2026-07-25 20:03:09;SKU-027;3;5000;1000;CARD
REC-20260725-STORE_03-0008;STORE_03;CASH-01;2026-07-25 20:03:09;SKU-006;4;45000;0;CARD
REC-20260725-STORE_03-0009;STORE_03;CASH-03;2026-07-25 11:04:31;SKU-002;4;12000;0;CARD
REC-20260725-STORE_03-0009;STORE_03;CASH-05;2026-07-25 11:04:31;SKU-001;4;45000;0;CASH
REC-20260725-STORE_03-0009;STORE_03;CASH-06;2026-07-25 11:04:31;SKU-001;4;45000;500;CARD
REC-20260725-STORE_03-0009;STORE_03;CASH-09;2026-07-25 11:04:31;SKU-004;1;25000;0;CARD
REC-20260725-STORE_03-0010;STORE_03;CASH-03;2026-07-25 13:21:38;SKU-005;4;5000;0;CASH
REC-20260725-STORE_03-0010;STORE_03;CASH-04;2026-07-25 13:21:38;SKU-003;1;45000;0;CASH
REC-20260725-STORE_03-0011;STORE_03;CASH-08;2026-07-25 12:50:29;SKU-002;4;12000;500;CASH
REC-20260725-STORE_03-0011;STORE_03;CASH-01;2026-07-25 12:50:29;SKU-001;4;45000;0;CARD
REC-20260725-STORE_03-0011;STORE_03;CASH-08;2026-07-25 12:50:29;SKU-033;4;5000;500;CASH
REC-20260725-STORE_03-0012;STORE_03;CASH-08;2026-07-25 16:49:08;SKU-002;2;12000;0;CASH
REC-20260725-STORE_03-0012;STORE_03;CASH-05;2026-07-25 16:49:08;SKU-026;2;12000;500;CARD
REC-20260725-STORE_03-0012;STORE_03;CASH-02;2026-07-25 16:49:08;SKU-008;2;12000;0;CARD
REC-20260725-STORE_03-0012;STORE_03;CASH-05;2026-07-25 16:49:08;SKU-020;4;12000;0;CARD
REC-20260725-STORE_03-0013;STORE_03;CASH-09;2026-07-25 11:34:47;SKU-019;3;25000;0;CARD
REC-20260725-STORE_03-0013;STORE_03;CASH-10;2026-07-25 11:34:47;SKU-001;3;45000;500;CARD
REC-20260725-STORE_03-0013;STORE_03;CASH-05;2026-07-25 11:34:47;SKU-006;1;45000;0;CARD
REC-20260725-STORE_03-0013;STORE_03;CASH-03;2026-07-25 11:34:47;SKU-001;4;45000;0;CARD
REC-20260725-STORE_03-0013;STORE_03;CASH-07;2026-07-25 11:34:47;SKU-006;1;45000;0;CARD
REC-20260725-STORE_03-0014;STORE_03;CASH-08;2026-07-25 11:05:35;SKU-006;3;45000;1000;CARD
REC-20260725-STORE_03-0014;STORE_03;CASH-08;2026-07-25 11:05:35;SKU-003;1;45000;500;CARD
REC-20260725-STORE_03-0014;STORE_03;CASH-09;2026-07-25 11:05:35;SKU-002;2;12000;0;CASH
REC-20260725-STORE_03-0014;STORE_03;CASH-08;2026-07-25 11:05:35;SKU-009;3;25000;500;CASH
REC-20260725-STORE_03-0015;STORE_03;CASH-08;2026-07-25 13:10:34;SKU-004;2;25000;1000;CASH
REC-20260725-STORE_03-0015;STORE_03;CASH-08;2026-07-25 13:10:34;SKU-019;2;25000;0;CASH
REC-20260725-STORE_03-0015;STORE_03;CASH-03;2026-07-25 13:10:34;SKU-022;1;12000;1000;CARD
REC-20260725-STORE_03-0016;STORE_03;CASH-08;2026-07-25 18:38:25;SKU-003;2;45000;500;CARD
REC-20260725-STORE_03-0016;STORE_03;CASH-04;2026-07-25 18:38:25;SKU-001;1;45000;0;CARD
REC-20260725-STORE_03-0017;STORE_03;CASH-10;2026-07-25 17:09:56;SKU-013;2;12000;1000;CARD
REC-20260725-STORE_03-0018;STORE_03;CASH-06;2026-07-25 17:31:07;SKU-001;3;45000;500;CARD
REC-20260725-STORE_03-0018;STORE_03;CASH-02;2026-07-25 17:31:07;SKU-012;2;45000;1000;CARD
REC-20260725-STORE_03-0018;STORE_03;CASH-05;2026-07-25 17:31:07;SKU-002;4;12000;0;CASH
REC-20260725-STORE_03-0018;STORE_03;CASH-10;2026-07-25 17:31:07;SKU-016;3;25000;0;CARD
REC-20260725-STORE_03-0018;STORE_03;CASH-07;2026-07-25 17:31:07;SKU-007;2;12000;500;CASH
REC-20260725-STORE_03-0019;STORE_03;CASH-07;2026-07-25 11:15:20;SKU-037;4;45000;500;CARD
REC-20260725-STORE_03-0019;STORE_03;CASH-05;2026-07-25 11:15:20;SKU-001;4;45000;1000;CASH
REC-20260725-STORE_03-0019;STORE_03;CASH-02;2026-07-25 11:15:20;SKU-001;1;45000;500;CASH
REC-20260725-STORE_03-0020;STORE_03;CASH-03;2026-07-25 14:03:34;SKU-048;1;25000;0;CARD
REC-20260725-STORE_03-0020;STORE_03;CASH-08;2026-07-25 14:03:34;SKU-045;4;45000;0;CARD
REC-20260725-STORE_03-0020;STORE_03;CASH-07;2026-07-25 14:03:34;SKU-010;4;25000;0;CARD
REC-20260725-STORE_03-0021;STORE_03;CASH-01;2026-07-25 21:42:37;SKU-030;2;45000;0;CARD
REC-20260725-STORE_03-0022;STORE_03;CASH-08;2026-07-25 17:29:46;SKU-001;2;45000;0;CARD
REC-20260725-STORE_03-0022;STORE_03;CASH-02;2026-07-25 17:29:46;SKU-001;4;45000;0;CARD
REC-20260725-STORE_03-0022;STORE_03;CASH-10;2026-07-25 17:29:46;SKU-011;4;5000;0;CARD
REC-20260725-STORE_03-0023;STORE_03;CASH-05;2026-07-25 8:30:47;SKU-024;2;12000;0;CARD
REC-20260725-STORE_03-0023;STORE_03;CASH-05;2026-07-25 8:30:47;SKU-005;2;5000;0;CARD
REC-20260725-STORE_03-0023;STORE_03;CASH-06;2026-07-25 8:30:47;SKU-001;4;45000;500;CASH
REC-20260725-STORE_03-0024;STORE_03;CASH-10;2026-07-25 21:14:12;SKU-003;3;45000;0;CARD
REC-20260725-STORE_03-0024;STORE_03;CASH-07;2026-07-25 21:14:12;SKU-023;2;45000;500;CASH
REC-20260725-STORE_03-0024;STORE_03;CASH-05;2026-07-25 21:14:12;SKU-004;1;25000;0;CARD
REC-20260725-STORE_03-0024;STORE_03;CASH-10;2026-07-25 21:14:12;SKU-007;4;12000;0;CASH
REC-20260725-STORE_03-0025;STORE_03;CASH-07;2026-07-25 19:48:21;SKU-001;3;45000;500;CASH
REC-20260725-STORE_03-0025;STORE_03;CASH-08;2026-07-25 19:48:21;SKU-014;2;5000;0;CARD
REC-20260725-STORE_03-0025;STORE_03;CASH-03;2026-07-25 19:48:21;SKU-011;4;5000;500;CASH
REC-20260725-STORE_03-0025;STORE_03;CASH-09;2026-07-25 19:48:21;SKU-008;4;12000;1000;CARD
REC-20260725-STORE_03-0025;STORE_03;CASH-09;2026-07-25 19:48:21;SKU-002;2;12000;0;CARD
REC-20260725-STORE_03-0026;STORE_03;CASH-05;2026-07-25 21:46:09;SKU-001;2;45000;0;CARD
REC-20260725-STORE_03-0026;STORE_03;CASH-10;2026-07-25 21:46:09;SKU-007;4;12000;1000;CARD
REC-20260725-STORE_03-0026;STORE_03;CASH-10;2026-07-25 21:46:09;SKU-001;1;45000;0;CARD
REC-20260725-STORE_03-0026;STORE_03;CASH-02;2026-07-25 21:46:09;SKU-001;1;45000;500;CARD
REC-20260725-STORE_03-0027;STORE_03;CASH-06;2026-07-25 14:43:24;SKU-041;3;25000;0;CARD
REC-20260725-STORE_03-0027;STORE_03;CASH-03;2026-07-25 14:43:24;SKU-001;1;45000;0;CASH
REC-20260725-STORE_03-0027;STORE_03;CASH-07;2026-07-25 14:43:24;SKU-028;2;5000;0;CARD
REC-20260725-STORE_03-0027;STORE_03;CASH-06;2026-07-25 14:43:24;SKU-005;2;5000;0;CARD
REC-20260725-STORE_03-0028;STORE_03;CASH-07;2026-07-25 16:20:58;SKU-040;3;25000;500;CASH
REC-20260725-STORE_03-0028;STORE_03;CASH-01;2026-07-25 16:20:58;SKU-020;1;12000;0;CASH
REC-20260725-STORE_03-0028;STORE_03;CASH-01;2026-07-25 16:20:58;SKU-009;4;25000;0;CARD
REC-20260725-STORE_03-0028;STORE_03;CASH-01;2026-07-25 16:20:58;SKU-001;3;45000;0;CARD
REC-20260725-STORE_03-0028;STORE_03;CASH-07;2026-07-25 16:20:58;SKU-006;4;45000;500;CASH
REC-20260725-STORE_03-0029;STORE_03;CASH-08;2026-07-25 16:14:47;SKU-001;4;45000;0;CARD
REC-20260725-STORE_03-0029;STORE_03;CASH-06;2026-07-25 16:14:47;SKU-001;1;45000;1000;CARD
REC-20260725-STORE_03-0029;STORE_03;CASH-06;2026-07-25 16:14:47;SKU-037;2;45000;1000;CARD
REC-20260725-STORE_03-0029;STORE_03;CASH-05;2026-07-25 16:14:47;SKU-030;3;45000;500;CARD
REC-20260725-STORE_03-0030;STORE_03;CASH-09;2026-07-25 9:33:03;SKU-001;2;45000;500;CARD
REC-20260725-STORE_03-0030;STORE_03;CASH-02;2026-07-25 9:33:03;SKU-002;3;12000;500;CARD
REC-20260725-STORE_03-0030;STORE_03;CASH-05;2026-07-25 9:33:03;SKU-035;4;5000;0;CARD
REC-20260725-STORE_03-0030;STORE_03;CASH-08;2026-07-25 9:33:03;SKU-002;1;12000;0;CARD
REC-20260725-STORE_03-0031;STORE_03;CASH-07;2026-07-25 13:39:19;SKU-001;1;45000;1000;CASH
REC-20260725-STORE_03-0032;STORE_03;CASH-06;2026-07-25 14:36:10;SKU-041;4;25000;0;CASH
REC-20260725-STORE_03-0032;STORE_03;CASH-09;2026-07-25 14:36:10;SKU-001;3;45000;1000;CASH
REC-20260725-STORE_03-0032;STORE_03;CASH-10;2026-07-25 14:36:10;SKU-050;1;25000;0;CARD
REC-20260725-STORE_03-0032;STORE_03;CASH-06;2026-07-25 14:36:10;SKU-006;3;45000;0;CASH
REC-20260725-STORE_03-0033;STORE_03;CASH-06;2026-07-25 17:13:42;SKU-002;3;12000;500;CASH
REC-20260725-STORE_03-0033;STORE_03;CASH-03;2026-07-25 17:13:42;SKU-005;3;5000;1000;CASH
REC-20260725-STORE_03-0033;STORE_03;CASH-01;2026-07-25 17:13:42;SKU-008;3;12000;1000;CARD
REC-20260725-STORE_03-0033;STORE_03;CASH-09;2026-07-25 17:13:42;SKU-001;3;45000;500;CARD
REC-20260725-STORE_03-0033;STORE_03;CASH-01;2026-07-25 17:13:42;SKU-003;2;45000;500;CARD
REC-20260725-STORE_03-0034;STORE_03;CASH-01;2026-07-25 19:28:56;SKU-001;3;45000;1000;CARD
REC-20260725-STORE_03-0034;STORE_03;CASH-02;2026-07-25 19:28:56;SKU-016;1;25000;1000;CASH
REC-20260725-STORE_03-0034;STORE_03;CASH-10;2026-07-25 19:28:56;SKU-022;3;12000;0;CARD
REC-20260725-STORE_03-0034;STORE_03;CASH-01;2026-07-25 19:28:56;SKU-021;4;5000;500;CARD
REC-20260725-STORE_03-0034;STORE_03;CASH-06;2026-07-25 19:28:56;SKU-016;3;25000;0;CARD
REC-20260725-STORE_03-0035;STORE_03;CASH-09;2026-07-25 8:03:39;SKU-001;1;45000;500;CASH
REC-20260725-STORE_03-0035;STORE_03;CASH-09;2026-07-25 8:03:39;SKU-001;1;45000;0;CARD
REC-20260725-STORE_03-0036;STORE_03;CASH-02;2026-07-25 16:14:58;SKU-002;1;12000;500;CARD
REC-20260725-STORE_03-0036;STORE_03;CASH-06;2026-07-25 16:14:58;SKU-004;1;25000;0;CASH
REC-20260725-STORE_03-0036;STORE_03;CASH-09;2026-07-25 16:14:58;SKU-001;3;45000;0;CARD
REC-20260725-STORE_03-0036;STORE_03;CASH-05;2026-07-25 16:14:58;SKU-002;2;12000;1000;CARD
REC-20260725-STORE_03-0037;STORE_03;CASH-02;2026-07-25 16:41:07;SKU-003;3;45000;0;CASH
REC-20260725-STORE_03-0037;STORE_03;CASH-09;2026-07-25 16:41:07;SKU-008;3;12000;0;CARD
REC-20260725-STORE_03-0037;STORE_03;CASH-10;2026-07-25 16:41:07;SKU-002;2;12000;0;CASH
REC-20260725-STORE_03-0037;STORE_03;CASH-01;2026-07-25 16:41:07;SKU-012;2;45000;1000;CARD
REC-20260725-STORE_03-0038;STORE_03;CASH-09;2026-07-25 10:55:24;SKU-003;3;45000;1000;CASH
REC-20260725-STORE_03-0039;STORE_03;CASH-02;2026-07-25 11:02:15;SKU-014;3;5000;0;CASH
REC-20260725-STORE_03-0039;STORE_03;CASH-07;2026-07-25 11:02:15;SKU-001;3;45000;0;CARD
REC-20260725-STORE_03-0040;STORE_03;CASH-05;2026-07-25 14:28:57;SKU-004;1;25000;1000;CARD
REC-20260725-STORE_03-0041;STORE_03;CASH-08;2026-07-25 17:20:33;SKU-005;3;5000;500;CARD
REC-20260725-STORE_03-0041;STORE_03;CASH-05;2026-07-25 17:20:33;SKU-006;1;45000;1000;CASH
REC-20260725-STORE_03-0041;STORE_03;CASH-01;2026-07-25 17:20:33;SKU-044;2;5000;500;CARD
REC-20260725-STORE_03-0042;STORE_03;CASH-05;2026-07-25 8:52:07;SKU-004;3;25000;1000;CASH
REC-20260725-STORE_03-0042;STORE_03;CASH-01;2026-07-25 8:52:07;SKU-001;2;45000;0;CASH
REC-20260725-STORE_03-0042;STORE_03;CASH-08;2026-07-25 8:52:07;SKU-022;3;12000;500;CASH
REC-20260725-STORE_03-0042;STORE_03;CASH-07;2026-07-25 8:52:07;SKU-001;4;45000;500;CASH
REC-20260725-STORE_03-0043;STORE_03;CASH-03;2026-07-25 19:50:43;SKU-001;2;45000;1000;CASH
REC-20260725-STORE_03-0043;STORE_03;CASH-09;2026-07-25 19:50:43;SKU-018;3;5000;0;CASH
REC-20260725-STORE_03-0043;STORE_03;CASH-03;2026-07-25 19:50:43;SKU-007;1;12000;0;CARD
REC-20260725-STORE_03-0043;STORE_03;CASH-10;2026-07-25 19:50:43;SKU-006;1;45000;0;CASH
REC-20260725-STORE_03-0043;STORE_03;CASH-10;2026-07-25 19:50:43;SKU-002;4;12000;1000;CASH
REC-20260725-STORE_03-0044;STORE_03;CASH-06;2026-07-25 14:03:49;SKU-033;4;5000;500;CASH
REC-20260725-STORE_03-0044;STORE_03;CASH-02;2026-07-25 14:03:49;SKU-001;1;45000;1000;CASH
REC-20260725-STORE_03-0045;STORE_03;CASH-03;2026-07-25 21:52:57;SKU-016;1;25000;1000;CASH
REC-20260725-STORE_03-0045;STORE_03;CASH-02;2026-07-25 21:52:57;SKU-012;1;45000;1000;CASH
REC-20260725-STORE_03-0045;STORE_03;CASH-09;2026-07-25 21:52:57;SKU-001;4;45000;0;CARD
REC-20260725-STORE_03-0046;STORE_03;CASH-06;2026-07-25 11:47:08;SKU-001;1;45000;1000;CARD
REC-20260725-STORE_03-0047;STORE_03;CASH-07;2026-07-25 13:23:00;SKU-003;1;45000;0;CARD
REC-20260725-STORE_03-0047;STORE_03;CASH-01;2026-07-25 13:23:00;SKU-001;2;45000;0;CARD
REC-20260725-STORE_03-0047;STORE_03;CASH-01;2026-07-25 13:23:00;SKU-002;1;12000;0;CARD
REC-20260725-STORE_03-0047;STORE_03;CASH-08;2026-07-25 13:23:00;SKU-001;1;45000;0;CARD
REC-20260725-STORE_03-0048;STORE_03;CASH-07;2026-07-25 17:51:46;SKU-001;1;45000;0;CARD
REC-20260725-STORE_03-0049;STORE_03;CASH-08;2026-07-25 9:51:48;SKU-003;1;45000;500;CARD
REC-20260725-STORE_03-0049;STORE_03;CASH-08;2026-07-25 9:51:48;SKU-030;2;45000;0;CARD
REC-20260725-STORE_03-0050;STORE_03;CASH-09;2026-07-25 16:46:58;SKU-013;2;12000;0;CASH
REC-20260725-STORE_03-0051;STORE_03;CASH-09;2026-07-25 14:34:45;SKU-001;3;45000;1000;CASH
REC-20260725-STORE_03-0051;STORE_03;CASH-09;2026-07-25 14:34:45;SKU-024;4;12000;0;CASH
REC-20260725-STORE_03-0052;STORE_03;CASH-02;2026-07-25 13:55:11;SKU-003;2;45000;0;CARD
REC-20260725-STORE_03-0052;STORE_03;CASH-04;2026-07-25 13:55:11;SKU-030;3;45000;500;CARD
REC-20260725-STORE_03-0053;STORE_03;CASH-01;2026-07-25 21:37:10;SKU-002;3;12000;1000;CARD
REC-20260725-STORE_03-0053;STORE_03;CASH-02;2026-07-25 21:37:10;SKU-008;3;12000;0;CARD
REC-20260725-STORE_03-0054;STORE_03;CASH-02;2026-07-25 8:19:40;SKU-006;2;45000;1000;CASH
REC-20260725-STORE_03-0054;STORE_03;CASH-09;2026-07-25 8:19:40;SKU-001;4;45000;0;CASH
REC-20260725-STORE_03-0054;STORE_03;CASH-08;2026-07-25 8:19:40;SKU-004;1;25000;0;CARD
REC-20260725-STORE_03-0054;STORE_03;CASH-03;2026-07-25 8:19:40;SKU-003;2;45000;0;CASH
REC-20260725-STORE_03-0054;STORE_03;CASH-02;2026-07-25 8:19:40;SKU-002;1;12000;0;CARD
REC-20260725-STORE_03-0055;STORE_03;CASH-09;2026-07-25 18:23:25;SKU-006;1;45000;0;CASH
REC-20260725-STORE_03-0055;STORE_03;CASH-05;2026-07-25 18:23:25;SKU-004;1;25000;1000;CARD
REC-20260725-STORE_03-0056;STORE_03;CASH-08;2026-07-25 14:18:01;SKU-006;4;45000;0;CARD
REC-20260725-STORE_03-0056;STORE_03;CASH-01;2026-07-25 14:18:01;SKU-012;3;45000;0;CASH
REC-20260725-STORE_03-0056;STORE_03;CASH-04;2026-07-25 14:18:01;SKU-046;2;25000;0;CARD
REC-20260725-STORE_03-0056;STORE_03;CASH-09;2026-07-25 14:18:01;SKU-003;1;45000;0;CARD
REC-20260725-STORE_03-0057;STORE_03;CASH-08;2026-07-25 15:11:39;SKU-035;2;5000;0;CARD
REC-20260725-STORE_03-0057;STORE_03;CASH-09;2026-07-25 15:11:39;SKU-004;4;25000;0;CARD
REC-20260725-STORE_03-0057;STORE_03;CASH-01;2026-07-25 15:11:39;SKU-001;2;45000;1000;CASH
REC-20260725-STORE_03-0057;STORE_03;CASH-06;2026-07-25 15:11:39;SKU-004;2;25000;0;CARD
REC-20260725-STORE_03-0057;STORE_03;CASH-05;2026-07-25 15:11:39;SKU-003;2;45000;0;CASH
REC-20260725-STORE_03-0058;STORE_03;CASH-03;2026-07-25 16:41:19;SKU-001;3;45000;1000;CARD
REC-20260725-STORE_03-0058;STORE_03;CASH-09;2026-07-25 16:41:19;SKU-004;4;25000;0;CARD
REC-20260725-STORE_03-0058;STORE_03;CASH-01;2026-07-25 16:41:19;SKU-016;2;25000;500;CARD
REC-20260725-STORE_03-0058;STORE_03;CASH-05;2026-07-25 16:41:19;SKU-002;4;12000;500;CARD
REC-20260725-STORE_03-0058;STORE_03;CASH-09;2026-07-25 16:41:19;SKU-001;4;45000;0;CARD
REC-20260725-STORE_03-0059;STORE_03;CASH-10;2026-07-25 16:43:29;SKU-002;3;12000;0;CARD
REC-20260725-STORE_03-0059;STORE_03;CASH-01;2026-07-25 16:43:29;SKU-001;3;45000;1000;CARD
REC-20260725-STORE_03-0059;STORE_03;CASH-03;2026-07-25 16:43:29;SKU-034;2;25000;500;CASH
REC-20260725-STORE_03-0060;STORE_03;CASH-06;2026-07-25 18:16:14;SKU-005;2;5000;0;CARD
REC-20260725-STORE_03-0060;STORE_03;CASH-06;2026-07-25 18:16:14;SKU-045;2;45000;0;CARD
REC-20260725-STORE_03-0060;STORE_03;CASH-06;2026-07-25 18:16:14;SKU-001;4;45000;0;CARD
REC-20260725-STORE_03-0060;STORE_03;CASH-01;2026-07-25 18:16:14;SKU-011;1;5000;0;CARD
REC-20260725-STORE_03-0061;STORE_03;CASH-07;2026-07-25 14:57:17;SKU-005;2;5000;0;CASH
REC-20260725-STORE_03-0061;STORE_03;CASH-02;2026-07-25 14:57:17;SKU-048;4;25000;1000;CASH
REC-20260725-STORE_03-0061;STORE_03;CASH-06;2026-07-25 14:57:17;SKU-005;2;5000;1000;CARD
REC-20260725-STORE_03-0061;STORE_03;CASH-09;2026-07-25 14:57:17;SKU-006;3;45000;0;CARD
REC-20260725-STORE_03-0062;STORE_03;CASH-09;2026-07-25 8:13:32;SKU-030;1;45000;500;CARD
REC-20260725-STORE_03-0063;STORE_03;CASH-03;2026-07-25 13:12:16;SKU-008;1;12000;0;CASH
REC-20260725-STORE_03-0063;STORE_03;CASH-02;2026-07-25 13:12:16;SKU-003;4;45000;0;CARD
REC-20260725-STORE_03-0063;STORE_03;CASH-05;2026-07-25 13:12:16;SKU-015;3;5000;0;CASH
REC-20260725-STORE_03-0064;STORE_03;CASH-07;2026-07-25 13:29:09;SKU-001;4;45000;1000;CARD
REC-20260725-STORE_03-0064;STORE_03;CASH-10;2026-07-25 13:29:09;SKU-003;3;45000;0;CARD
REC-20260725-STORE_03-0064;STORE_03;CASH-07;2026-07-25 13:29:09;SKU-016;4;25000;500;CARD
REC-20260725-STORE_03-0064;STORE_03;CASH-06;2026-07-25 13:29:09;SKU-016;2;25000;0;CARD
REC-20260725-STORE_03-0064;STORE_03;CASH-07;2026-07-25 13:29:09;SKU-002;4;12000;0;CARD
REC-20260725-STORE_03-0065;STORE_03;CASH-04;2026-07-25 21:04:08;SKU-009;2;25000;0;CARD
REC-20260725-STORE_03-0065;STORE_03;CASH-05;2026-07-25 21:04:08;SKU-009;4;25000;1000;CARD
REC-20260725-STORE_03-0065;STORE_03;CASH-05;2026-07-25 21:04:08;SKU-023;1;45000;0;CARD
REC-20260725-STORE_03-0066;STORE_03;CASH-06;2026-07-25 12:29:54;SKU-012;4;45000;0;CARD
REC-20260725-STORE_03-0066;STORE_03;CASH-10;2026-07-25 12:29:54;SKU-003;1;45000;0;CARD
REC-20260725-STORE_03-0066;STORE_03;CASH-07;2026-07-25 12:29:54;SKU-009;3;25000;0;CARD
REC-20260725-STORE_03-0067;STORE_03;CASH-05;2026-07-25 11:27:43;SKU-048;4;25000;0;CARD
REC-20260725-STORE_03-0067;STORE_03;CASH-01;2026-07-25 11:27:43;SKU-002;3;12000;500;CARD
REC-20260725-STORE_03-0068;STORE_03;CASH-07;2026-07-25 18:45:46;SKU-031;4;45000;0;CASH
REC-20260725-STORE_03-0068;STORE_03;CASH-02;2026-07-25 18:45:46;SKU-001;3;45000;1000;CARD
REC-20260725-STORE_03-0069;STORE_03;CASH-04;2026-07-25 12:09:37;SKU-017;4;12000;1000;CARD
REC-20260725-STORE_03-0069;STORE_03;CASH-07;2026-07-25 12:09:37;SKU-003;3;45000;1000;CASH
REC-20260725-STORE_03-0069;STORE_03;CASH-08;2026-07-25 12:09:37;SKU-003;3;45000;0;CASH
REC-20260725-STORE_03-0069;STORE_03;CASH-05;2026-07-25 12:09:37;SKU-021;1;5000;500;CARD
REC-20260725-STORE_03-0070;STORE_03;CASH-09;2026-07-25 11:32:49;SKU-005;4;5000;0;CARD
REC-20260725-STORE_03-0070;STORE_03;CASH-07;2026-07-25 11:32:49;SKU-010;3;25000;0;CARD
REC-20260725-STORE_03-0070;STORE_03;CASH-02;2026-07-25 11:32:49;SKU-009;2;25000;1000;CARD
REC-20260725-STORE_03-0071;STORE_03;CASH-10;2026-07-25 21:36:08;SKU-001;4;45000;0;CARD
REC-20260725-STORE_03-0071;STORE_03;CASH-04;2026-07-25 21:36:08;SKU-013;1;12000;0;CARD
REC-20260725-STORE_03-0072;STORE_03;CASH-06;2026-07-25 17:12:52;SKU-001;4;45000;0;CARD
REC-20260725-STORE_03-0072;STORE_03;CASH-10;2026-07-25 17:12:52;SKU-001;1;45000;0;CARD
REC-20260725-STORE_03-0073;STORE_03;CASH-02;2026-07-25 17:35:32;SKU-009;4;25000;0;CARD
REC-20260725-STORE_03-0073;STORE_03;CASH-09;2026-07-25 17:35:32;SKU-022;4;12000;0;CASH
REC-20260725-STORE_03-0074;STORE_03;CASH-03;2026-07-25 15:48:04;SKU-029;2;5000;1000;CASH
REC-20260725-STORE_03-0074;STORE_03;CASH-08;2026-07-25 15:48:04;SKU-002;1;12000;1000;CASH
REC-20260725-STORE_03-0074;STORE_03;CASH-03;2026-07-25 15:48:04;SKU-023;4;45000;0;CARD
REC-20260725-STORE_03-0075;STORE_03;CASH-04;2026-07-25 9:18:25;SKU-001;4;45000;500;CASH
REC-20260725-STORE_03-0075;STORE_03;CASH-07;2026-07-25 9:18:25;SKU-039;2;5000;0;CARD
REC-20260725-STORE_03-0075;STORE_03;CASH-03;2026-07-25 9:18:25;SKU-007;2;12000;0;CASH
REC-20260725-STORE_03-0075;STORE_03;CASH-02;2026-07-25 9:18:25;SKU-005;2;5000;0;CARD
REC-20260725-STORE_03-0075;STORE_03;CASH-04;2026-07-25 9:18:25;SKU-036;1;45000;0;CASH
REC-20260725-STORE_03-0076;STORE_03;CASH-05;2026-07-25 20:00:16;SKU-036;3;45000;0;CASH
REC-20260725-STORE_03-0076;STORE_03;CASH-08;2026-07-25 20:00:16;SKU-034;2;25000;0;CASH
REC-20260725-STORE_03-0076;STORE_03;CASH-03;2026-07-25 20:00:16;SKU-010;2;25000;1000;CARD
REC-20260725-STORE_03-0076;STORE_03;CASH-08;2026-07-25 20:00:16;SKU-038;1;12000;0;CARD
REC-20260725-STORE_03-0077;STORE_03;CASH-06;2026-07-25 11:24:37;SKU-001;4;45000;0;CARD
REC-20260725-STORE_03-0077;STORE_03;CASH-01;2026-07-25 11:24:37;SKU-011;3;5000;0;CARD
REC-20260725-STORE_03-0077;STORE_03;CASH-04;2026-07-25 11:24:37;SKU-011;2;5000;500;CARD
REC-20260725-STORE_03-0078;STORE_03;CASH-08;2026-07-25 9:05:31;SKU-002;1;12000;0;CARD
REC-20260725-STORE_03-0078;STORE_03;CASH-10;2026-07-25 9:05:31;SKU-011;2;5000;0;CARD
REC-20260725-STORE_03-0079;STORE_03;CASH-05;2026-07-25 15:37:56;SKU-026;3;12000;0;CARD
REC-20260725-STORE_03-0079;STORE_03;CASH-03;2026-07-25 15:37:56;SKU-049;2;5000;0;CARD
REC-20260725-STORE_03-0079;STORE_03;CASH-04;2026-07-25 15:37:56;SKU-023;3;45000;0;CASH
REC-20260725-STORE_03-0080;STORE_03;CASH-01;2026-07-25 16:40:47;SKU-005;4;5000;0;CASH
REC-20260725-STORE_03-0080;STORE_03;CASH-04;2026-07-25 16:40:47;SKU-012;4;45000;500;CARD
REC-20260725-STORE_03-0080;STORE_03;CASH-08;2026-07-25 16:40:47;SKU-002;2;12000;0;CASH
REC-20260725-STORE_03-0080;STORE_03;CASH-04;2026-07-25 16:40:47;SKU-028;2;5000;500;CARD
REC-20260725-STORE_03-0080;STORE_03;CASH-10;2026-07-25 16:40:47;SKU-001;2;45000;1000;CASH
REC-20260725-STORE_03-0081;STORE_03;CASH-01;2026-07-25 9:45:52;SKU-048;3;25000;1000;CASH
REC-20260725-STORE_03-0081;STORE_03;CASH-05;2026-07-25 9:45:52;SKU-002;3;12000;0;CASH
REC-20260725-STORE_03-0081;STORE_03;CASH-01;2026-07-25 9:45:52;SKU-016;3;25000;1000;CASH
REC-20260725-STORE_03-0081;STORE_03;CASH-03;2026-07-25 9:45:52;SKU-006;1;45000;0;CARD
REC-20260725-STORE_03-0081;STORE_03;CASH-03;2026-07-25 9:45:52;SKU-004;4;25000;0;CARD
REC-20260725-STORE_03-0082;STORE_03;CASH-04;2026-07-25 19:31:22;SKU-040;4;25000;500;CARD
REC-20260725-STORE_03-0082;STORE_03;CASH-02;2026-07-25 19:31:22;SKU-001;3;45000;0;CASH
REC-20260725-STORE_03-0083;STORE_03;CASH-10;2026-07-25 16:11:49;SKU-008;4;12000;0;CASH
REC-20260725-STORE_03-0083;STORE_03;CASH-09;2026-07-25 16:11:49;SKU-009;3;25000;500;CARD
REC-20260725-STORE_03-0083;STORE_03;CASH-04;2026-07-25 16:11:49;SKU-006;2;45000;500;CARD
REC-20260725-STORE_03-0083;STORE_03;CASH-08;2026-07-25 16:11:49;SKU-002;2;12000;0;CASH
REC-20260725-STORE_03-0084;STORE_03;CASH-02;2026-07-25 20:09:25;SKU-015;1;5000;0;CASH
REC-20260725-STORE_03-0084;STORE_03;CASH-01;2026-07-25 20:09:25;SKU-001;3;45000;1000;CARD
REC-20260725-STORE_03-0084;STORE_03;CASH-09;2026-07-25 20:09:25;SKU-001;1;45000;0;CARD
REC-20260725-STORE_03-0084;STORE_03;CASH-07;2026-07-25 20:09:25;SKU-001;4;45000;0;CASH
REC-20260725-STORE_03-0084;STORE_03;CASH-05;2026-07-25 20:09:25;SKU-001;3;45000;500;CARD
REC-20260725-STORE_03-0085;STORE_03;CASH-07;2026-07-25 9:51:26;SKU-012;1;45000;500;CASH
REC-20260725-STORE_03-0085;STORE_03;CASH-06;2026-07-25 9:51:26;SKU-004;3;25000;500;CARD
REC-20260725-STORE_03-0086;STORE_03;CASH-02;2026-07-25 17:53:48;SKU-001;2;45000;0;CARD
REC-20260725-STORE_03-0086;STORE_03;CASH-02;2026-07-25 17:53:48;SKU-008;1;12000;0;CARD
REC-20260725-STORE_03-0086;STORE_03;CASH-09;2026-07-25 17:53:48;SKU-011;2;5000;0;CASH
REC-20260725-STORE_03-0086;STORE_03;CASH-01;2026-07-25 17:53:48;SKU-018;1;5000;0;CASH
REC-20260725-STORE_03-0086;STORE_03;CASH-06;2026-07-25 17:53:48;SKU-001;2;45000;0;CARD
REC-20260725-STORE_03-0087;STORE_03;CASH-04;2026-07-25 16:23:05;SKU-001;2;45000;500;CARD
REC-20260725-STORE_03-0087;STORE_03;CASH-09;2026-07-25 16:23:05;SKU-011;3;5000;0;CARD
REC-20260725-STORE_03-0087;STORE_03;CASH-03;2026-07-25 16:23:05;SKU-003;1;45000;0;CARD
REC-20260725-STORE_03-0087;STORE_03;CASH-02;2026-07-25 16:23:05;SKU-019;1;25000;0;CARD
REC-20260725-STORE_03-0087;STORE_03;CASH-03;2026-07-25 16:23:05;SKU-029;3;5000;500;CARD
REC-20260725-STORE_03-0088;STORE_03;CASH-05;2026-07-25 14:19:00;SKU-001;1;45000;0;CASH
REC-20260725-STORE_03-0088;STORE_03;CASH-09;2026-07-25 14:19:00;SKU-002;2;12000;0;CASH
REC-20260725-STORE_03-0088;STORE_03;CASH-03;2026-07-25 14:19:00;SKU-001;1;45000;0;CASH
REC-20260725-STORE_03-0088;STORE_03;CASH-01;2026-07-25 14:19:00;SKU-001;2;45000;500;CASH
REC-20260725-STORE_03-0089;STORE_03;CASH-10;2026-07-25 9:00:43;SKU-001;1;45000;0;CASH
REC-20260725-STORE_03-0089;STORE_03;CASH-09;2026-07-25 9:00:43;SKU-011;3;5000;0;CASH
REC-20260725-STORE_03-0090;STORE_03;CASH-09;2026-07-25 14:16:06;SKU-023;4;45000;1000;CASH
REC-20260725-STORE_03-0090;STORE_03;CASH-01;2026-07-25 14:16:06;SKU-003;2;45000;0;CARD
REC-20260725-STORE_03-0091;STORE_03;CASH-09;2026-07-25 18:42:57;SKU-024;1;12000;0;CARD
REC-20260725-STORE_03-0091;STORE_03;CASH-08;2026-07-25 18:42:57;SKU-009;1;25000;0;CASH
REC-20260725-STORE_03-0091;STORE_03;CASH-02;2026-07-25 18:42:57;SKU-006;1;45000;0;CASH
REC-20260725-STORE_03-0091;STORE_03;CASH-04;2026-07-25 18:42:57;SKU-004;4;25000;500;CASH
REC-20260725-STORE_03-0091;STORE_03;CASH-02;2026-07-25 18:42:57;SKU-001;4;45000;0;CASH
REC-20260725-STORE_03-0092;STORE_03;CASH-10;2026-07-25 8:31:09;SKU-004;2;25000;0;CARD
REC-20260725-STORE_03-0092;STORE_03;CASH-02;2026-07-25 8:31:09;SKU-035;4;5000;0;CASH
REC-20260725-STORE_03-0093;STORE_03;CASH-04;2026-07-25 10:46:52;SKU-007;2;12000;500;CARD
REC-20260725-STORE_03-0093;STORE_03;CASH-09;2026-07-25 10:46:52;SKU-001;2;45000;0;CARD
REC-20260725-STORE_03-0093;STORE_03;CASH-03;2026-07-25 10:46:52;SKU-049;2;5000;0;CARD
REC-20260725-STORE_03-0093;STORE_03;CASH-10;2026-07-25 10:46:52;SKU-016;2;25000;1000;CARD
REC-20260725-STORE_03-0093;STORE_03;CASH-01;2026-07-25 10:46:52;SKU-007;1;12000;0;CASH
REC-20260725-STORE_03-0094;STORE_03;CASH-09;2026-07-25 20:13:26;SKU-009;3;25000;0;CASH
REC-20260725-STORE_03-0094;STORE_03;CASH-08;2026-07-25 20:13:26;SKU-003;3;45000;0;CASH
REC-20260725-STORE_03-0095;STORE_03;CASH-05;2026-07-25 14:42:23;SKU-044;4;5000;0;CASH
REC-20260725-STORE_03-0095;STORE_03;CASH-10;2026-07-25 14:42:23;SKU-001;3;45000;0;CARD
REC-20260725-STORE_03-0095;STORE_03;CASH-07;2026-07-25 14:42:23;SKU-003;3;45000;1000;CASH
REC-20260725-STORE_03-0096;STORE_03;CASH-08;2026-07-25 13:03:37;SKU-004;4;25000;1000;CASH
REC-20260725-STORE_03-0097;STORE_03;CASH-10;2026-07-25 15:12:30;SKU-004;4;25000;0;CARD
REC-20260725-STORE_03-0097;STORE_03;CASH-10;2026-07-25 15:12:30;SKU-005;4;5000;1000;CARD
REC-20260725-STORE_03-0097;STORE_03;CASH-05;2026-07-25 15:12:30;SKU-001;3;45000;500;CARD
REC-20260725-STORE_03-0098;STORE_03;CASH-10;2026-07-25 21:16:25;SKU-011;3;5000;500;CASH
REC-20260725-STORE_03-0098;STORE_03;CASH-02;2026-07-25 21:16:25;SKU-018;3;5000;1000;CARD
REC-20260725-STORE_03-0099;STORE_03;CASH-10;2026-07-25 18:23:03;SKU-036;4;45000;0;CARD
REC-20260725-STORE_03-0099;STORE_03;CASH-06;2026-07-25 18:23:03;SKU-022;4;12000;0;CARD
REC-20260725-STORE_03-0099;STORE_03;CASH-01;2026-07-25 18:23:03;SKU-001;1;45000;1000;CARD
REC-20260725-STORE_03-0099;STORE_03;CASH-05;2026-07-25 18:23:03;SKU-003;2;45000;500;CASH
REC-20260725-STORE_03-0099;STORE_03;CASH-01;2026-07-25 18:23:03;SKU-005;1;5000;500;CASH
REC-20260725-STORE_03-0100;STORE_03;CASH-03;2026-07-25 21:55:27;SKU-014;1;5000;0;CASH
REC-20260725-STORE_03-0100;STORE_03;CASH-01;2026-07-25 21:55:27;SKU-003;3;45000;0;CASH
REC-20260725-STORE_03-0100;STORE_03;CASH-02;2026-07-25 21:55:27;SKU-001;3;45000;1000;CARD
REC-20260725-STORE_03-0100;STORE_03;CASH-06;2026-07-25 21:55:27;SKU-001;4;45000;1000;CARD
REC-20260725-STORE_03-0100;STORE_03;CASH-02;2026-07-25 21:55:27;SKU-007;3;12000;0;CARD
REC-20260725-STORE_03-0101;STORE_03;CASH-02;2026-07-25 17:38:55;SKU-045;4;45000;0;CASH
REC-20260725-STORE_03-0101;STORE_03;CASH-09;2026-07-25 17:38:55;SKU-024;2;12000;500;CASH
REC-20260725-STORE_03-0101;STORE_03;CASH-02;2026-07-25 17:38:55;SKU-001;4;45000;0;CARD
REC-20260725-STORE_03-0101;STORE_03;CASH-03;2026-07-25 17:38:55;SKU-007;3;12000;0;CARD
REC-20260725-STORE_03-0102;STORE_03;CASH-08;2026-07-25 10:22:00;SKU-010;2;25000;0;CARD
REC-20260725-STORE_03-0103;STORE_03;CASH-09;2026-07-25 14:05:30;SKU-032;4;25000;500;CARD
REC-20260725-STORE_03-0104;STORE_03;CASH-05;2026-07-25 14:06:17;SKU-011;4;5000;0;CARD
REC-20260725-STORE_03-0104;STORE_03;CASH-02;2026-07-25 14:06:17;SKU-002;2;12000;500;CARD
REC-20260725-STORE_03-0105;STORE_03;CASH-04;2026-07-25 10:20:30;SKU-011;2;5000;0;CASH
REC-20260725-STORE_03-0105;STORE_03;CASH-07;2026-07-25 10:20:30;SKU-017;1;12000;0;CASH
REC-20260725-STORE_03-0105;STORE_03;CASH-02;2026-07-25 10:20:30;SKU-041;1;25000;0;CARD
REC-20260725-STORE_03-0105;STORE_03;CASH-04;2026-07-25 10:20:30;SKU-012;1;45000;0;CARD
REC-20260725-STORE_03-0106;STORE_03;CASH-01;2026-07-25 16:23:25;SKU-005;4;5000;0;CARD
REC-20260725-STORE_03-0106;STORE_03;CASH-09;2026-07-25 16:23:25;SKU-020;2;12000;500;CARD
REC-20260725-STORE_03-0106;STORE_03;CASH-02;2026-07-25 16:23:25;SKU-013;4;12000;500;CASH
REC-20260725-STORE_03-0106;STORE_03;CASH-06;2026-07-25 16:23:25;SKU-001;1;45000;1000;CARD
REC-20260725-STORE_03-0107;STORE_03;CASH-01;2026-07-25 12:05:36;SKU-001;4;45000;1000;CARD
REC-20260725-STORE_03-0107;STORE_03;CASH-04;2026-07-25 12:05:36;SKU-003;1;45000;0;CARD
REC-20260725-STORE_03-0108;STORE_03;CASH-08;2026-07-25 14:48:24;SKU-001;4;45000;0;CASH
REC-20260725-STORE_03-0108;STORE_03;CASH-07;2026-07-25 14:48:24;SKU-010;2;25000;0;CARD
REC-20260725-STORE_03-0108;STORE_03;CASH-05;2026-07-25 14:48:24;SKU-001;4;45000;0;CARD
REC-20260725-STORE_03-0108;STORE_03;CASH-02;2026-07-25 14:48:24;SKU-011;3;5000;0;CARD
REC-20260725-STORE_03-0108;STORE_03;CASH-09;2026-07-25 14:48:24;SKU-002;2;12000;0;CASH
REC-20260725-STORE_03-0109;STORE_03;CASH-05;2026-07-25 10:54:49;SKU-017;1;12000;1000;CARD
REC-20260725-STORE_03-0109;STORE_03;CASH-01;2026-07-25 10:54:49;SKU-027;3;5000;500;CARD
REC-20260725-STORE_03-0109;STORE_03;CASH-02;2026-07-25 10:54:49;SKU-009;3;25000;0;CASH
REC-20260725-STORE_03-0110;STORE_03;CASH-02;2026-07-25 8:10:17;SKU-045;3;45000;500;CARD
REC-20260725-STORE_03-0110;STORE_03;CASH-02;2026-07-25 8:10:17;SKU-019;1;25000;0;CASH
REC-20260725-STORE_03-0111;STORE_03;CASH-10;2026-07-25 11:10:07;SKU-020;2;12000;0;CASH
REC-20260725-STORE_03-0111;STORE_03;CASH-05;2026-07-25 11:10:07;SKU-035;3;5000;1000;CARD
REC-20260725-STORE_03-0111;STORE_03;CASH-04;2026-07-25 11:10:07;SKU-003;2;45000;0;CARD
REC-20260725-STORE_03-0111;STORE_03;CASH-07;2026-07-25 11:10:07;SKU-005;4;5000;0;CARD
REC-20260725-STORE_03-0112;STORE_03;CASH-06;2026-07-25 14:35:49;SKU-007;3;12000;0;CARD
REC-20260725-STORE_03-0112;STORE_03;CASH-09;2026-07-25 14:35:49;SKU-012;4;45000;1000;CARD
REC-20260725-STORE_03-0112;STORE_03;CASH-01;2026-07-25 14:35:49;SKU-002;2;12000;0;CARD
REC-20260725-STORE_03-0112;STORE_03;CASH-02;2026-07-25 14:35:49;SKU-012;2;45000;0;CASH
REC-20260725-STORE_03-0112;STORE_03;CASH-04;2026-07-25 14:35:49;SKU-001;1;45000;0;CASH
REC-20260725-STORE_03-0113;STORE_03;CASH-02;2026-07-25 20:26:58;SKU-008;4;12000;1000;CASH
REC-20260725-STORE_03-0114;STORE_03;CASH-07;2026-07-25 20:37:10;SKU-023;4;45000;0;CARD
REC-20260725-STORE_03-0115;STORE_03;CASH-01;2026-07-25 8:32:12;SKU-012;1;45000;1000;CASH
REC-20260725-STORE_03-0115;STORE_03;CASH-03;2026-07-25 8:32:12;SKU-001;4;45000;0;CARD
REC-20260725-STORE_03-0116;STORE_03;CASH-08;2026-07-25 10:55:45;SKU-002;2;12000;0;CARD
REC-20260725-STORE_03-0117;STORE_03;CASH-10;2026-07-25 15:43:25;SKU-018;2;5000;0;CARD
REC-20260725-STORE_03-0117;STORE_03;CASH-04;2026-07-25 15:43:25;SKU-004;2;25000;1000;CASH
REC-20260725-STORE_03-0118;STORE_03;CASH-05;2026-07-25 8:10:58;SKU-001;2;45000;500;CARD
REC-20260725-STORE_03-0118;STORE_03;CASH-08;2026-07-25 8:10:58;SKU-006;4;45000;0;CARD
REC-20260725-STORE_03-0118;STORE_03;CASH-09;2026-07-25 8:10:58;SKU-001;2;45000;500;CASH
REC-20260725-STORE_03-0118;STORE_03;CASH-10;2026-07-25 8:10:58;SKU-001;4;45000;500;CARD
REC-20260725-STORE_03-0119;STORE_03;CASH-04;2026-07-25 19:18:38;SKU-010;4;25000;500;CARD
REC-20260725-STORE_03-0119;STORE_03;CASH-07;2026-07-25 19:18:38;SKU-002;3;12000;500;CARD
REC-20260725-STORE_03-0120;STORE_03;CASH-04;2026-07-25 9:15:41;SKU-006;2;45000;0;CARD
REC-20260725-STORE_03-0120;STORE_03;CASH-10;2026-07-25 9:15:41;SKU-039;3;5000;0;CARD
REC-20260725-STORE_03-0121;STORE_03;CASH-03;2026-07-25 21:51:58;SKU-003;3;45000;0;CARD
REC-20260725-STORE_03-0122;STORE_03;CASH-08;2026-07-25 18:14:21;SKU-001;3;45000;1000;CARD
REC-20260725-STORE_03-0123;STORE_03;CASH-05;2026-07-25 11:38:07;SKU-007;4;12000;0;CARD
REC-20260725-STORE_03-0123;STORE_03;CASH-04;2026-07-25 11:38:07;SKU-001;4;45000;0;CARD
REC-20260725-STORE_03-0123;STORE_03;CASH-07;2026-07-25 11:38:07;SKU-043;2;25000;1000;CASH
REC-20260725-STORE_03-0124;STORE_03;CASH-07;2026-07-25 13:07:19;SKU-001;4;45000;0;CASH
REC-20260725-STORE_03-0124;STORE_03;CASH-08;2026-07-25 13:07:19;SKU-017;3;12000;500;CARD
REC-20260725-STORE_03-0124;STORE_03;CASH-09;2026-07-25 13:07:19;SKU-001;2;45000;0;CASH
REC-20260725-STORE_03-0125;STORE_03;CASH-01;2026-07-25 21:23:45;SKU-002;4;12000;0;CARD
REC-20260725-STORE_03-0125;STORE_03;CASH-09;2026-07-25 21:23:45;SKU-019;3;25000;0;CARD
REC-20260725-STORE_03-0125;STORE_03;CASH-08;2026-07-25 21:23:45;SKU-004;2;25000;500;CARD
REC-20260725-STORE_03-0125;STORE_03;CASH-04;2026-07-25 21:23:45;SKU-001;2;45000;500;CASH
REC-20260725-STORE_03-0126;STORE_03;CASH-06;2026-07-25 13:03:48;SKU-028;1;5000;500;CASH
REC-20260725-STORE_03-0127;STORE_03;CASH-08;2026-07-25 19:25:49;SKU-003;4;45000;0;CASH
REC-20260725-STORE_03-0127;STORE_03;CASH-02;2026-07-25 19:25:49;SKU-002;1;12000;0;CASH
REC-20260725-STORE_03-0127;STORE_03;CASH-04;2026-07-25 19:25:49;SKU-002;3;12000;1000;CARD
REC-20260725-STORE_03-0128;STORE_03;CASH-05;2026-07-25 18:20:04;SKU-012;2;45000;500;CARD
REC-20260725-STORE_03-0128;STORE_03;CASH-01;2026-07-25 18:20:04;SKU-003;1;45000;1000;CARD
REC-20260725-STORE_03-0128;STORE_03;CASH-05;2026-07-25 18:20:04;SKU-016;2;25000;0;CARD
REC-20260725-STORE_03-0128;STORE_03;CASH-08;2026-07-25 18:20:04;SKU-015;1;5000;0;CARD
REC-20260725-STORE_03-0128;STORE_03;CASH-10;2026-07-25 18:20:04;SKU-021;3;5000;0;CARD
REC-20260725-STORE_03-0129;STORE_03;CASH-08;2026-07-25 20:28:43;SKU-002;1;12000;1000;CASH
REC-20260725-STORE_03-0129;STORE_03;CASH-01;2026-07-25 20:28:43;SKU-027;2;5000;0;CARD
REC-20260725-STORE_03-0130;STORE_03;CASH-05;2026-07-25 9:22:43;SKU-013;3;12000;0;CARD
REC-20260725-STORE_03-0131;STORE_03;CASH-09;2026-07-25 15:16:07;SKU-008;2;12000;0;CARD
REC-20260725-STORE_03-0131;STORE_03;CASH-03;2026-07-25 15:16:07;SKU-030;4;45000;500;CASH
REC-20260725-STORE_03-0131;STORE_03;CASH-05;2026-07-25 15:16:07;SKU-010;1;25000;0;CARD
REC-20260725-STORE_03-0131;STORE_03;CASH-10;2026-07-25 15:16:07;SKU-024;4;12000;0;CARD
REC-20260725-STORE_03-0132;STORE_03;CASH-04;2026-07-25 14:28:55;SKU-009;3;25000;0;CASH
REC-20260725-STORE_03-0132;STORE_03;CASH-07;2026-07-25 14:28:55;SKU-001;3;45000;500;CARD
REC-20260725-STORE_03-0133;STORE_03;CASH-09;2026-07-25 13:26:34;SKU-041;4;25000;0;CARD
REC-20260725-STORE_03-0134;STORE_03;CASH-02;2026-07-25 11:44:53;SKU-026;4;12000;0;CARD
REC-20260725-STORE_03-0134;STORE_03;CASH-07;2026-07-25 11:44:53;SKU-002;1;12000;1000;CASH
REC-20260725-STORE_03-0135;STORE_03;CASH-05;2026-07-25 19:25:42;SKU-003;3;45000;0;CARD
REC-20260725-STORE_03-0135;STORE_03;CASH-01;2026-07-25 19:25:42;SKU-021;4;5000;0;CARD
REC-20260725-STORE_03-0135;STORE_03;CASH-07;2026-07-25 19:25:42;SKU-029;2;5000;500;CARD
REC-20260725-STORE_03-0136;STORE_03;CASH-05;2026-07-25 14:22:24;SKU-001;2;45000;0;CASH
REC-20260725-STORE_03-0137;STORE_03;CASH-10;2026-07-25 19:02:25;SKU-039;4;5000;0;CARD
REC-20260725-STORE_03-0137;STORE_03;CASH-03;2026-07-25 19:02:25;SKU-002;4;12000;500;CARD
REC-20260725-STORE_03-0137;STORE_03;CASH-02;2026-07-25 19:02:25;SKU-021;2;5000;0;CASH
REC-20260725-STORE_03-0137;STORE_03;CASH-01;2026-07-25 19:02:25;SKU-004;4;25000;500;CASH
REC-20260725-STORE_03-0137;STORE_03;CASH-03;2026-07-25 19:02:25;SKU-001;2;45000;0;CARD
REC-20260725-STORE_03-0138;STORE_03;CASH-10;2026-07-25 15:32:43;SKU-006;4;45000;0;CARD
REC-20260725-STORE_03-0138;STORE_03;CASH-07;2026-07-25 15:32:43;SKU-003;1;45000;1000;CARD
REC-20260725-STORE_03-0138;STORE_03;CASH-08;2026-07-25 15:32:43;SKU-004;3;25000;1000;CARD
REC-20260725-STORE_03-0139;STORE_03;CASH-02;2026-07-25 15:22:46;SKU-003;1;45000;1000;CARD
REC-20260725-STORE_03-0139;STORE_03;CASH-06;2026-07-25 15:22:46;SKU-001;2;45000;1000;CASH
REC-20260725-STORE_03-0140;STORE_03;CASH-03;2026-07-25 19:45:55;SKU-011;4;5000;0;CARD
REC-20260725-STORE_03-0140;STORE_03;CASH-05;2026-07-25 19:45:55;SKU-006;1;45000;1000;CASH
REC-20260725-STORE_03-0140;STORE_03;CASH-05;2026-07-25 19:45:55;SKU-040;4;25000;0;CASH
REC-20260725-STORE_03-0140;STORE_03;CASH-01;2026-07-25 19:45:55;SKU-001;3;45000;500;CARD
REC-20260725-STORE_03-0141;STORE_03;CASH-09;2026-07-25 18:07:00;SKU-015;2;5000;0;CARD
REC-20260725-STORE_03-0141;STORE_03;CASH-09;2026-07-25 18:07:00;SKU-001;3;45000;1000;CASH
REC-20260725-STORE_03-0141;STORE_03;CASH-02;2026-07-25 18:07:00;SKU-033;1;5000;0;CASH
REC-20260725-STORE_03-0141;STORE_03;CASH-10;2026-07-25 18:07:00;SKU-022;2;12000;0;CARD
REC-20260725-STORE_03-0141;STORE_03;CASH-09;2026-07-25 18:07:00;SKU-007;4;12000;0;CARD
REC-20260725-STORE_03-0142;STORE_03;CASH-05;2026-07-25 8:03:19;SKU-034;1;25000;0;CARD
REC-20260725-STORE_03-0142;STORE_03;CASH-07;2026-07-25 8:03:19;SKU-001;4;45000;0;CARD
REC-20260725-STORE_03-0142;STORE_03;CASH-02;2026-07-25 8:03:19;SKU-003;1;45000;500;CARD
REC-20260725-STORE_03-0143;STORE_03;CASH-09;2026-07-25 13:11:38;SKU-020;1;12000;500;CASH
REC-20260725-STORE_03-0143;STORE_03;CASH-07;2026-07-25 13:11:38;SKU-001;1;45000;0;CARD
REC-20260725-STORE_03-0143;STORE_03;CASH-08;2026-07-25 13:11:38;SKU-005;4;5000;0;CASH
REC-20260725-STORE_03-0143;STORE_03;CASH-08;2026-07-25 13:11:38;SKU-014;1;5000;0;CARD
REC-20260725-STORE_03-0143;STORE_03;CASH-06;2026-07-25 13:11:38;SKU-001;4;45000;0;CARD
REC-20260725-STORE_03-0144;STORE_03;CASH-01;2026-07-25 18:02:48;SKU-010;3;25000;0;CARD
REC-20260725-STORE_03-0145;STORE_03;CASH-10;2026-07-25 17:12:48;SKU-033;4;5000;0;CASH
REC-20260725-STORE_03-0145;STORE_03;CASH-09;2026-07-25 17:12:48;SKU-036;4;45000;1000;CARD
REC-20260725-STORE_03-0145;STORE_03;CASH-08;2026-07-25 17:12:48;SKU-026;2;12000;0;CASH
REC-20260725-STORE_03-0145;STORE_03;CASH-01;2026-07-25 17:12:48;SKU-017;1;12000;0;CARD
REC-20260725-STORE_03-0145;STORE_03;CASH-02;2026-07-25 17:12:48;SKU-010;2;25000;0;CARD
REC-20260725-STORE_03-0146;STORE_03;CASH-01;2026-07-25 12:45:43;SKU-006;4;45000;500;CASH
REC-20260725-STORE_03-0147;STORE_03;CASH-02;2026-07-25 8:59:53;SKU-002;1;12000;500;CASH
REC-20260725-STORE_03-0147;STORE_03;CASH-09;2026-07-25 8:59:53;SKU-003;1;45000;0;CASH
REC-20260725-STORE_03-0147;STORE_03;CASH-10;2026-07-25 8:59:53;SKU-002;1;12000;1000;CARD
REC-20260725-STORE_03-0147;STORE_03;CASH-10;2026-07-25 8:59:53;SKU-039;3;5000;0;CARD
REC-20260725-STORE_03-0147;STORE_03;CASH-01;2026-07-25 8:59:53;SKU-002;3;12000;0;CASH
REC-20260725-STORE_03-0148;STORE_03;CASH-03;2026-07-25 8:03:50;SKU-001;4;45000;500;CARD
REC-20260725-STORE_03-0148;STORE_03;CASH-05;2026-07-25 8:03:50;SKU-001;2;45000;0;CASH
REC-20260725-STORE_03-0149;STORE_03;CASH-04;2026-07-25 15:24:50;SKU-013;1;12000;500;CARD
REC-20260725-STORE_03-0149;STORE_03;CASH-08;2026-07-25 15:24:50;SKU-001;4;45000;1000;CARD
REC-20260725-STORE_03-0150;STORE_03;CASH-06;2026-07-25 21:16:54;SKU-003;3;45000;0;CARD
REC-20260725-STORE_03-0150;STORE_03;CASH-06;2026-07-25 21:16:54;SKU-001;1;45000;500;CASH
REC-20260725-STORE_03-0150;STORE_03;CASH-01;2026-07-25 21:16:54;SKU-030;1;45000;1000;CARD
REC-20260725-STORE_03-0151;STORE_03;CASH-04;2026-07-25 17:41:55;SKU-002;1;12000;1000;CARD
REC-20260725-STORE_03-0151;STORE_03;CASH-07;2026-07-25 17:41:55;SKU-004;1;25000;0;CARD
REC-20260725-STORE_03-0151;STORE_03;CASH-09;2026-07-25 17:41:55;SKU-003;1;45000;1000;CARD
REC-20260725-STORE_03-0152;STORE_03;CASH-01;2026-07-25 21:25:40;SKU-017;2;12000;0;CARD
REC-20260725-STORE_03-0152;STORE_03;CASH-06;2026-07-25 21:25:40;SKU-015;1;5000;0;CARD
REC-20260725-STORE_03-0152;STORE_03;CASH-07;2026-07-25 21:25:40;SKU-001;4;45000;0;CASH
REC-20260725-STORE_03-0152;STORE_03;CASH-09;2026-07-25 21:25:40;SKU-012;2;45000;0;CARD
REC-20260725-STORE_03-0153;STORE_03;CASH-03;2026-07-25 14:07:18;SKU-012;1;45000;0;CARD
REC-20260725-STORE_03-0153;STORE_03;CASH-06;2026-07-25 14:07:18;SKU-007;4;12000;1000;CASH
REC-20260725-STORE_03-0154;STORE_03;CASH-05;2026-07-25 17:41:41;SKU-044;3;5000;0;CASH
REC-20260725-STORE_03-0154;STORE_03;CASH-03;2026-07-25 17:41:41;SKU-009;2;25000;0;CARD
REC-20260725-STORE_03-0155;STORE_03;CASH-06;2026-07-25 18:19:25;SKU-021;3;5000;1000;CARD
REC-20260725-STORE_03-0155;STORE_03;CASH-08;2026-07-25 18:19:25;SKU-002;4;12000;0;CASH
REC-20260725-STORE_03-0155;STORE_03;CASH-06;2026-07-25 18:19:25;SKU-004;2;25000;0;CARD
REC-20260725-STORE_03-0155;STORE_03;CASH-01;2026-07-25 18:19:25;SKU-017;2;12000;0;CARD
REC-20260725-STORE_03-0156;STORE_03;CASH-08;2026-07-25 19:28:00;SKU-002;3;12000;0;CASH
REC-20260725-STORE_03-0156;STORE_03;CASH-10;2026-07-25 19:28:00;SKU-007;2;12000;0;CASH
REC-20260725-STORE_03-0157;STORE_03;CASH-05;2026-07-25 20:19:18;SKU-002;3;12000;1000;CARD
REC-20260725-STORE_03-0157;STORE_03;CASH-04;2026-07-25 20:19:18;SKU-004;2;25000;0;CARD
REC-20260725-STORE_03-0157;STORE_03;CASH-03;2026-07-25 20:19:18;SKU-007;2;12000;0;CARD
REC-20260725-STORE_03-0157;STORE_03;CASH-10;2026-07-25 20:19:18;SKU-010;1;25000;0;CASH
REC-20260725-STORE_03-0158;STORE_03;CASH-08;2026-07-25 14:59:49;SKU-004;1;25000;0;CARD
REC-20260725-STORE_03-0158;STORE_03;CASH-02;2026-07-25 14:59:49;SKU-010;1;25000;0;CARD
REC-20260725-STORE_03-0158;STORE_03;CASH-04;2026-07-25 14:59:49;SKU-002;3;12000;0;CASH
REC-20260725-STORE_03-0159;STORE_03;CASH-05;2026-07-25 19:29:31;SKU-003;3;45000;500;CASH
REC-20260725-STORE_03-0160;STORE_03;CASH-09;2026-07-25 15:43:20;SKU-002;3;12000;0;CARD
REC-20260725-STORE_03-0161;STORE_03;CASH-01;2026-07-25 13:42:27;SKU-002;2;12000;500;CARD
REC-20260725-STORE_03-0162;STORE_03;CASH-07;2026-07-25 20:33:22;SKU-032;2;25000;1000;CARD
REC-20260725-STORE_03-0162;STORE_03;CASH-07;2026-07-25 20:33:22;SKU-001;3;45000;0;CARD
REC-20260725-STORE_03-0162;STORE_03;CASH-06;2026-07-25 20:33:22;SKU-006;4;45000;0;CARD
REC-20260725-STORE_03-0162;STORE_03;CASH-05;2026-07-25 20:33:22;SKU-011;3;5000;1000;CASH
REC-20260725-STORE_03-0162;STORE_03;CASH-03;2026-07-25 20:33:22;SKU-001;1;45000;500;CARD
REC-20260725-STORE_03-0163;STORE_03;CASH-06;2026-07-25 15:28:13;SKU-022;2;12000;0;CARD
REC-20260725-STORE_03-0163;STORE_03;CASH-01;2026-07-25 15:28:13;SKU-019;2;25000;0;CARD
REC-20260725-STORE_03-0164;STORE_03;CASH-05;2026-07-25 12:11:39;SKU-010;4;25000;0;CARD
REC-20260725-STORE_03-0164;STORE_03;CASH-08;2026-07-25 12:11:39;SKU-037;1;45000;1000;CARD
REC-20260725-STORE_03-0164;STORE_03;CASH-07;2026-07-25 12:11:39;SKU-021;4;5000;0;CASH
REC-20260725-STORE_03-0165;STORE_03;CASH-01;2026-07-25 8:49:16;SKU-001;2;45000;0;CARD
REC-20260725-STORE_03-0165;STORE_03;CASH-08;2026-07-25 8:49:16;SKU-001;3;45000;0;CARD
REC-20260725-STORE_03-0165;STORE_03;CASH-07;2026-07-25 8:49:16;SKU-012;3;45000;1000;CARD
REC-20260725-STORE_03-0165;STORE_03;CASH-07;2026-07-25 8:49:16;SKU-001;4;45000;0;CARD
REC-20260725-STORE_03-0165;STORE_03;CASH-04;2026-07-25 8:49:16;SKU-002;3;12000;0;CARD
REC-20260725-STORE_03-0166;STORE_03;CASH-10;2026-07-25 16:10:43;SKU-030;4;45000;500;CASH
REC-20260725-STORE_03-0167;STORE_03;CASH-10;2026-07-25 16:33:56;SKU-027;3;5000;0;CASH
REC-20260725-STORE_03-0167;STORE_03;CASH-06;2026-07-25 16:33:56;SKU-002;1;12000;0;CARD
REC-20260725-STORE_03-0167;STORE_03;CASH-01;2026-07-25 16:33:56;SKU-003;2;45000;1000;CARD
REC-20260725-STORE_03-0168;STORE_03;CASH-05;2026-07-25 20:07:47;SKU-022;1;12000;0;CARD
REC-20260725-STORE_03-0168;STORE_03;CASH-06;2026-07-25 20:07:47;SKU-010;2;25000;0;CASH
REC-20260725-STORE_03-0168;STORE_03;CASH-03;2026-07-25 20:07:47;SKU-003;2;45000;0;CARD
REC-20260725-STORE_03-0169;STORE_03;CASH-10;2026-07-25 20:07:49;SKU-020;4;12000;1000;CARD
REC-20260725-STORE_03-0169;STORE_03;CASH-08;2026-07-25 20:07:49;SKU-003;1;45000;0;CASH
REC-20260725-STORE_03-0169;STORE_03;CASH-02;2026-07-25 20:07:49;SKU-019;1;25000;0;CASH
REC-20260725-STORE_03-0169;STORE_03;CASH-02;2026-07-25 20:07:49;SKU-006;1;45000;500;CASH
REC-20260725-STORE_03-0169;STORE_03;CASH-03;2026-07-25 20:07:49;SKU-014;1;5000;1000;CARD
REC-20260725-STORE_03-0170;STORE_03;CASH-02;2026-07-25 17:19:04;SKU-001;4;45000;0;CARD
REC-20260725-STORE_03-0170;STORE_03;CASH-10;2026-07-25 17:19:04;SKU-020;4;12000;0;CARD
REC-20260725-STORE_03-0170;STORE_03;CASH-01;2026-07-25 17:19:04;SKU-003;1;45000;500;CARD
REC-20260725-STORE_03-0170;STORE_03;CASH-07;2026-07-25 17:19:04;SKU-008;2;12000;0;CARD
REC-20260725-STORE_03-0170;STORE_03;CASH-04;2026-07-25 17:19:04;SKU-003;4;45000;0;CARD
REC-20260725-STORE_03-0171;STORE_03;CASH-08;2026-07-25 17:06:11;SKU-004;4;25000;1000;CARD
REC-20260725-STORE_03-0171;STORE_03;CASH-10;2026-07-25 17:06:11;SKU-001;2;45000;1000;CARD
REC-20260725-STORE_03-0171;STORE_03;CASH-09;2026-07-25 17:06:11;SKU-001;3;45000;0;CARD
REC-20260725-STORE_03-0172;STORE_03;CASH-10;2026-07-25 12:47:26;SKU-001;3;45000;0;CARD
REC-20260725-STORE_03-0172;STORE_03;CASH-08;2026-07-25 12:47:26;SKU-004;2;25000;1000;CARD
REC-20260725-STORE_03-0172;STORE_03;CASH-09;2026-07-25 12:47:26;SKU-015;3;5000;1000;CARD
REC-20260725-STORE_03-0172;STORE_03;CASH-08;2026-07-25 12:47:26;SKU-001;2;45000;0;CARD
REC-20260725-STORE_03-0173;STORE_03;CASH-06;2026-07-25 12:27:10;SKU-045;3;45000;500;CARD
REC-20260725-STORE_03-0173;STORE_03;CASH-03;2026-07-25 12:27:10;SKU-048;3;25000;0;CASH
REC-20260725-STORE_03-0173;STORE_03;CASH-07;2026-07-25 12:27:10;SKU-007;2;12000;1000;CARD
REC-20260725-STORE_03-0173;STORE_03;CASH-08;2026-07-25 12:27:10;SKU-001;4;45000;0;CARD
REC-20260725-STORE_03-0173;STORE_03;CASH-08;2026-07-25 12:27:10;SKU-001;2;45000;0;CARD
REC-20260725-STORE_03-0174;STORE_03;CASH-05;2026-07-25 18:07:24;SKU-039;3;5000;0;CARD
REC-20260725-STORE_03-0174;STORE_03;CASH-05;2026-07-25 18:07:24;SKU-002;3;12000;0;CARD
REC-20260725-STORE_03-0175;STORE_03;CASH-10;2026-07-25 21:20:21;SKU-007;1;12000;0;CARD
REC-20260725-STORE_03-0175;STORE_03;CASH-09;2026-07-25 21:20:21;SKU-006;3;45000;500;CASH
REC-20260725-STORE_03-0175;STORE_03;CASH-01;2026-07-25 21:20:21;SKU-017;2;12000;1000;CARD
REC-20260725-STORE_03-0176;STORE_03;CASH-10;2026-07-25 15:05:17;SKU-020;2;12000;0;CARD
REC-20260725-STORE_03-0177;STORE_03;CASH-01;2026-07-25 18:19:11;SKU-003;4;45000;0;CARD
REC-20260725-STORE_03-0178;STORE_03;CASH-08;2026-07-25 15:59:22;SKU-020;4;12000;0;CARD
REC-20260725-STORE_03-0178;STORE_03;CASH-10;2026-07-25 15:59:22;SKU-003;4;45000;0;CARD
REC-20260725-STORE_03-0178;STORE_03;CASH-07;2026-07-25 15:59:22;SKU-003;3;45000;0;CARD
REC-20260725-STORE_03-0179;STORE_03;CASH-01;2026-07-25 21:44:07;SKU-001;2;45000;0;CASH
REC-20260725-STORE_03-0179;STORE_03;CASH-07;2026-07-25 21:44:07;SKU-032;1;25000;0;CARD
REC-20260725-STORE_03-0180;STORE_03;CASH-09;2026-07-25 15:55:11;SKU-004;1;25000;500;CARD
REC-20260725-STORE_03-0180;STORE_03;CASH-08;2026-07-25 15:55:11;SKU-027;3;5000;0;CARD
REC-20260725-STORE_03-0180;STORE_03;CASH-10;2026-07-25 15:55:11;SKU-001;1;45000;500;CARD
REC-20260725-STORE_03-0180;STORE_03;CASH-02;2026-07-25 15:55:11;SKU-002;2;12000;0;CASH
REC-20260725-STORE_03-0181;STORE_03;CASH-03;2026-07-25 21:06:26;SKU-029;2;5000;1000;CARD
REC-20260725-STORE_03-0181;STORE_03;CASH-03;2026-07-25 21:06:26;SKU-021;1;5000;0;CARD
REC-20260725-STORE_03-0181;STORE_03;CASH-04;2026-07-25 21:06:26;SKU-001;1;45000;500;CASH
REC-20260725-STORE_03-0182;STORE_03;CASH-02;2026-07-25 10:54:17;SKU-040;1;25000;0;CARD
REC-20260725-STORE_03-0182;STORE_03;CASH-05;2026-07-25 10:54:17;SKU-013;2;12000;0;CASH
REC-20260725-STORE_03-0182;STORE_03;CASH-06;2026-07-25 10:54:17;SKU-029;3;5000;500;CASH
REC-20260725-STORE_03-0182;STORE_03;CASH-09;2026-07-25 10:54:17;SKU-007;2;12000;1000;CASH
REC-20260725-STORE_03-0183;STORE_03;CASH-02;2026-07-25 14:23:40;SKU-003;2;45000;1000;CASH
REC-20260725-STORE_03-0184;STORE_03;CASH-04;2026-07-25 10:33:04;SKU-001;1;45000;0;CASH
REC-20260725-STORE_03-0185;STORE_03;CASH-03;2026-07-25 21:57:19;SKU-001;1;45000;0;CARD
REC-20260725-STORE_03-0185;STORE_03;CASH-03;2026-07-25 21:57:19;SKU-026;2;12000;0;CARD
REC-20260725-STORE_03-0186;STORE_03;CASH-05;2026-07-25 9:19:48;SKU-002;2;12000;0;CARD
REC-20260725-STORE_03-0186;STORE_03;CASH-05;2026-07-25 9:19:48;SKU-001;3;45000;0;CARD
REC-20260725-STORE_03-0187;STORE_03;CASH-01;2026-07-25 16:01:42;SKU-002;3;12000;0;CARD
REC-20260725-STORE_03-0187;STORE_03;CASH-03;2026-07-25 16:01:42;SKU-011;3;5000;500;CARD
REC-20260725-STORE_03-0187;STORE_03;CASH-01;2026-07-25 16:01:42;SKU-006;2;45000;0;CARD
REC-20260725-STORE_03-0187;STORE_03;CASH-10;2026-07-25 16:01:42;SKU-004;2;25000;500;CARD
REC-20260725-STORE_03-0187;STORE_03;CASH-04;2026-07-25 16:01:42;SKU-008;2;12000;1000;CARD
REC-20260725-STORE_03-0188;STORE_03;CASH-02;2026-07-25 8:24:13;SKU-023;3;45000;0;CARD
REC-20260725-STORE_03-0188;STORE_03;CASH-01;2026-07-25 8:24:13;SKU-007;3;12000;0;CARD
REC-20260725-STORE_03-0188;STORE_03;CASH-02;2026-07-25 8:24:13;SKU-002;4;12000;0;CARD
REC-20260725-STORE_03-0188;STORE_03;CASH-10;2026-07-25 8:24:13;SKU-001;4;45000;0;CARD
REC-20260725-STORE_03-0188;STORE_03;CASH-03;2026-07-25 8:24:13;SKU-004;1;25000;500;CARD
REC-20260725-STORE_03-0189;STORE_03;CASH-05;2026-07-25 15:21:07;SKU-022;3;12000;0;CASH
REC-20260725-STORE_03-0189;STORE_03;CASH-03;2026-07-25 15:21:07;SKU-002;4;12000;1000;CASH
REC-20260725-STORE_03-0189;STORE_03;CASH-04;2026-07-25 15:21:07;SKU-003;2;45000;0;CARD
REC-20260725-STORE_03-0190;STORE_03;CASH-10;2026-07-25 10:34:50;SKU-002;4;12000;0;CARD
REC-20260725-STORE_03-0191;STORE_03;CASH-02;2026-07-25 20:19:21;SKU-001;4;45000;0;CARD
REC-20260725-STORE_03-0191;STORE_03;CASH-05;2026-07-25 20:19:21;SKU-004;3;25000;0;CASH
REC-20260725-STORE_03-0191;STORE_03;CASH-10;2026-07-25 20:19:21;SKU-005;4;5000;0;CASH
REC-20260725-STORE_03-0192;STORE_03;CASH-07;2026-07-25 11:41:50;SKU-007;4;12000;500;CASH
REC-20260725-STORE_03-0192;STORE_03;CASH-06;2026-07-25 11:41:50;SKU-003;3;45000;0;CARD
REC-20260725-STORE_03-0193;STORE_03;CASH-08;2026-07-25 18:02:32;SKU-025;1;5000;0;CARD
REC-20260725-STORE_03-0193;STORE_03;CASH-03;2026-07-25 18:02:32;SKU-001;2;45000;500;CARD
REC-20260725-STORE_03-0193;STORE_03;CASH-07;2026-07-25 18:02:32;SKU-005;2;5000;0;CARD
REC-20260725-STORE_03-0194;STORE_03;CASH-10;2026-07-25 21:30:06;SKU-001;1;45000;1000;CARD
REC-20260725-STORE_03-0194;STORE_03;CASH-01;2026-07-25 21:30:06;SKU-001;2;45000;0;CARD
REC-20260725-STORE_03-0194;STORE_03;CASH-03;2026-07-25 21:30:06;SKU-003;4;45000;0;CASH
REC-20260725-STORE_03-0194;STORE_03;CASH-07;2026-07-25 21:30:06;SKU-007;1;12000;0;CARD
REC-20260725-STORE_03-0194;STORE_03;CASH-04;2026-07-25 21:30:06;SKU-006;3;45000;500;CARD
REC-20260725-STORE_03-0195;STORE_03;CASH-01;2026-07-25 12:29:55;SKU-006;2;45000;0;CARD
REC-20260725-STORE_03-0195;STORE_03;CASH-07;2026-07-25 12:29:55;SKU-008;2;12000;0;CASH
REC-20260725-STORE_03-0195;STORE_03;CASH-04;2026-07-25 12:29:55;SKU-008;1;12000;1000;CARD
REC-20260725-STORE_03-0195;STORE_03;CASH-04;2026-07-25 12:29:55;SKU-011;1;5000;0;CARD
REC-20260725-STORE_03-0196;STORE_03;CASH-03;2026-07-25 8:41:19;SKU-004;3;25000;0;CARD
REC-20260725-STORE_03-0196;STORE_03;CASH-05;2026-07-25 8:41:19;SKU-001;1;45000;0;CASH
REC-20260725-STORE_03-0196;STORE_03;CASH-02;2026-07-25 8:41:19;SKU-001;3;45000;1000;CASH
REC-20260725-STORE_03-0197;STORE_03;CASH-01;2026-07-25 19:39:18;SKU-008;2;12000;0;CASH
REC-20260725-STORE_03-0197;STORE_03;CASH-09;2026-07-25 19:39:18;SKU-010;2;25000;0;CARD
REC-20260725-STORE_03-0197;STORE_03;CASH-05;2026-07-25 19:39:18;SKU-013;1;12000;0;CASH
REC-20260725-STORE_03-0197;STORE_03;CASH-08;2026-07-25 19:39:18;SKU-002;2;12000;1000;CARD
REC-20260725-STORE_03-0197;STORE_03;CASH-04;2026-07-25 19:39:18;SKU-001;4;45000;1000;CARD
REC-20260725-STORE_03-0198;STORE_03;CASH-04;2026-07-25 21:54:25;SKU-002;1;12000;0;CARD
REC-20260725-STORE_03-0199;STORE_03;CASH-01;2026-07-25 14:45:54;SKU-002;4;12000;0;CASH
REC-20260725-STORE_03-0199;STORE_03;CASH-09;2026-07-25 14:45:54;SKU-001;1;45000;500;CARD
REC-20260725-STORE_03-0199;STORE_03;CASH-03;2026-07-25 14:45:54;SKU-001;4;45000;1000;CARD
REC-20260725-STORE_03-0199;STORE_03;CASH-02;2026-07-25 14:45:54;SKU-013;2;12000;1000;CARD
REC-20260725-STORE_03-0199;STORE_03;CASH-10;2026-07-25 14:45:54;SKU-005;4;5000;1000;CARD
REC-20260725-STORE_03-0200;STORE_03;CASH-06;2026-07-25 15:34:11;SKU-001;2;45000;0;CASH
REC-20260725-STORE_03-0200;STORE_03;CASH-10;2026-07-25 15:34:11;SKU-004;3;25000;0;CASH
REC-20260725-STORE_03-0200;STORE_03;CASH-02;2026-07-25 15:34:11;SKU-004;4;25000;0;CASH
REC-20260725-STORE_03-0200;STORE_03;CASH-08;2026-07-25 15:34:11;SKU-009;1;25000;1000;CASH
REC-20260725-STORE_03-0201;STORE_03;CASH-05;2026-07-25 21:07:07;SKU-002;1;12000;0;CARD
REC-20260725-STORE_03-0201;STORE_03;CASH-02;2026-07-25 21:07:07;SKU-001;2;45000;0;CASH
REC-20260725-STORE_03-0201;STORE_03;CASH-02;2026-07-25 21:07:07;SKU-002;4;12000;0;CARD
REC-20260725-STORE_03-0202;STORE_03;CASH-04;2026-07-25 12:12:11;SKU-001;1;45000;0;CARD
REC-20260725-STORE_03-0202;STORE_03;CASH-01;2026-07-25 12:12:11;SKU-001;1;45000;0;CARD
REC-20260725-STORE_03-0202;STORE_03;CASH-01;2026-07-25 12:12:11;SKU-001;1;45000;0;CARD
REC-20260725-STORE_03-0203;STORE_03;CASH-06;2026-07-25 16:36:59;SKU-005;4;5000;0;CARD
REC-20260725-STORE_03-0203;STORE_03;CASH-10;2026-07-25 16:36:59;SKU-006;4;45000;0;CASH
REC-20260725-STORE_03-0204;STORE_03;CASH-01;2026-07-25 16:57:12;SKU-001;3;45000;0;CARD
REC-20260725-STORE_03-0204;STORE_03;CASH-07;2026-07-25 16:57:12;SKU-003;3;45000;0;CARD
REC-20260725-STORE_03-0204;STORE_03;CASH-09;2026-07-25 16:57:12;SKU-010;4;25000;0;CARD
REC-20260725-STORE_03-0204;STORE_03;CASH-03;2026-07-25 16:57:12;SKU-004;1;25000;0;CASH
REC-20260725-STORE_03-0204;STORE_03;CASH-03;2026-07-25 16:57:12;SKU-007;4;12000;0;CARD
REC-20260725-STORE_03-0205;STORE_03;CASH-06;2026-07-25 12:00:34;SKU-001;1;45000;0;CASH
REC-20260725-STORE_03-0205;STORE_03;CASH-05;2026-07-25 12:00:34;SKU-001;2;45000;0;CASH
REC-20260725-STORE_03-0206;STORE_03;CASH-05;2026-07-25 11:47:10;SKU-001;1;45000;500;CARD
REC-20260725-STORE_03-0206;STORE_03;CASH-05;2026-07-25 11:47:10;SKU-040;1;25000;0;CASH
REC-20260725-STORE_03-0207;STORE_03;CASH-05;2026-07-25 13:27:01;SKU-038;2;12000;0;CARD
REC-20260725-STORE_03-0207;STORE_03;CASH-05;2026-07-25 13:27:01;SKU-002;1;12000;500;CARD
REC-20260725-STORE_03-0207;STORE_03;CASH-09;2026-07-25 13:27:01;SKU-021;4;5000;1000;CASH
REC-20260725-STORE_03-0207;STORE_03;CASH-04;2026-07-25 13:27:01;SKU-020;2;12000;500;CARD
REC-20260725-STORE_03-0207;STORE_03;CASH-03;2026-07-25 13:27:01;SKU-041;1;25000;0;CARD
REC-20260725-STORE_03-0208;STORE_03;CASH-05;2026-07-25 17:07:31;SKU-012;4;45000;1000;CARD
REC-20260725-STORE_03-0209;STORE_03;CASH-08;2026-07-25 19:34:48;SKU-001;3;45000;0;CASH
REC-20260725-STORE_03-0209;STORE_03;CASH-01;2026-07-25 19:34:48;SKU-003;2;45000;0;CARD
REC-20260725-STORE_03-0209;STORE_03;CASH-05;2026-07-25 19:34:48;SKU-048;1;25000;0;CARD
REC-20260725-STORE_03-0209;STORE_03;CASH-01;2026-07-25 19:34:48;SKU-001;1;45000;0;CARD
REC-20260725-STORE_03-0210;STORE_03;CASH-03;2026-07-25 14:55:07;SKU-003;1;45000;1000;CARD
REC-20260725-STORE_03-0210;STORE_03;CASH-02;2026-07-25 14:55:07;SKU-025;1;5000;500;CARD
REC-20260725-STORE_03-0210;STORE_03;CASH-04;2026-07-25 14:55:07;SKU-027;4;5000;0;CASH
REC-20260725-STORE_03-0210;STORE_03;CASH-06;2026-07-25 14:55:07;SKU-002;1;12000;0;CASH
REC-20260725-STORE_03-0210;STORE_03;CASH-05;2026-07-25 14:55:07;SKU-003;3;45000;0;CARD
REC-20260725-STORE_03-0211;STORE_03;CASH-03;2026-07-25 16:05:25;SKU-046;1;25000;500;CASH
REC-20260725-STORE_03-0211;STORE_03;CASH-04;2026-07-25 16:05:25;SKU-008;3;12000;0;CASH
REC-20260725-STORE_03-0212;STORE_03;CASH-10;2026-07-25 13:00:11;SKU-039;2;5000;1000;CARD
REC-20260725-STORE_03-0212;STORE_03;CASH-09;2026-07-25 13:00:11;SKU-002;4;12000;500;CASH
REC-20260725-STORE_03-0213;STORE_03;CASH-06;2026-07-25 17:29:34;SKU-021;2;5000;1000;CARD
REC-20260725-STORE_03-0213;STORE_03;CASH-09;2026-07-25 17:29:34;SKU-005;1;5000;0;CASH
REC-20260725-STORE_03-0213;STORE_03;CASH-09;2026-07-25 17:29:34;SKU-005;3;5000;0;CASH
REC-20260725-STORE_03-0213;STORE_03;CASH-05;2026-07-25 17:29:34;SKU-003;4;45000;0;CASH
REC-20260725-STORE_03-0213;STORE_03;CASH-08;2026-07-25 17:29:34;SKU-002;1;12000;0;CASH
REC-20260725-STORE_03-0214;STORE_03;CASH-05;2026-07-25 13:03:24;SKU-044;4;5000;0;CARD
REC-20260725-STORE_03-0214;STORE_03;CASH-06;2026-07-25 13:03:24;SKU-012;3;45000;0;CARD
REC-20260725-STORE_03-0214;STORE_03;CASH-09;2026-07-25 13:03:24;SKU-001;2;45000;1000;CARD
REC-20260725-STORE_03-0214;STORE_03;CASH-05;2026-07-25 13:03:24;SKU-001;1;45000;1000;CARD
REC-20260725-STORE_03-0215;STORE_03;CASH-07;2026-07-25 12:33:29;SKU-009;3;25000;0;CARD
REC-20260725-STORE_03-0215;STORE_03;CASH-03;2026-07-25 12:33:29;SKU-001;1;45000;1000;CARD
REC-20260725-STORE_03-0216;STORE_03;CASH-09;2026-07-25 19:47:05;SKU-002;4;12000;500;CASH
REC-20260725-STORE_03-0216;STORE_03;CASH-10;2026-07-25 19:47:05;SKU-013;2;12000;0;CARD
REC-20260725-STORE_03-0216;STORE_03;CASH-03;2026-07-25 19:47:05;SKU-002;2;12000;500;CARD
REC-20260725-STORE_03-0217;STORE_03;CASH-07;2026-07-25 18:05:39;SKU-001;2;45000;0;CASH
REC-20260725-STORE_03-0217;STORE_03;CASH-01;2026-07-25 18:05:39;SKU-001;3;45000;1000;CARD
REC-20260725-STORE_03-0217;STORE_03;CASH-06;2026-07-25 18:05:39;SKU-002;1;12000;0;CARD
REC-20260725-STORE_03-0217;STORE_03;CASH-01;2026-07-25 18:05:39;SKU-004;3;25000;0;CARD
REC-20260725-STORE_03-0218;STORE_03;CASH-08;2026-07-25 13:55:42;SKU-003;1;45000;1000;CARD
REC-20260725-STORE_03-0218;STORE_03;CASH-09;2026-07-25 13:55:42;SKU-039;3;5000;1000;CARD
REC-20260725-STORE_03-0218;STORE_03;CASH-03;2026-07-25 13:55:42;SKU-002;2;12000;1000;CARD
REC-20260725-STORE_03-0218;STORE_03;CASH-04;2026-07-25 13:55:42;SKU-010;4;25000;0;CARD
REC-20260725-STORE_03-0218;STORE_03;CASH-03;2026-07-25 13:55:42;SKU-010;3;25000;1000;CASH
REC-20260725-STORE_03-0219;STORE_03;CASH-02;2026-07-25 15:11:32;SKU-043;3;25000;0;CARD
REC-20260725-STORE_03-0219;STORE_03;CASH-10;2026-07-25 15:11:32;SKU-007;1;12000;0;CARD
REC-20260725-STORE_03-0219;STORE_03;CASH-10;2026-07-25 15:11:32;SKU-001;2;45000;1000;CASH
REC-20260725-STORE_03-0220;STORE_03;CASH-09;2026-07-25 19:19:22;SKU-014;2;5000;500;CARD
REC-20260725-STORE_03-0220;STORE_03;CASH-04;2026-07-25 19:19:22;SKU-031;3;45000;1000;CARD
REC-20260725-STORE_03-0220;STORE_03;CASH-06;2026-07-25 19:19:22;SKU-011;3;5000;500;CARD
REC-20260725-STORE_03-0220;STORE_03;CASH-04;2026-07-25 19:19:22;SKU-024;3;12000;500;CARD
REC-20260725-STORE_03-0220;STORE_03;CASH-03;2026-07-25 19:19:22;SKU-034;3;25000;0;CARD
REC-20260725-STORE_03-0221;STORE_03;CASH-08;2026-07-25 14:15:27;SKU-001;4;45000;0;CARD
REC-20260725-STORE_03-0221;STORE_03;CASH-04;2026-07-25 14:15:27;SKU-001;2;45000;0;CARD
REC-20260725-STORE_03-0221;STORE_03;CASH-08;2026-07-25 14:15:27;SKU-005;2;5000;0;CARD
REC-20260725-STORE_03-0221;STORE_03;CASH-07;2026-07-25 14:15:27;SKU-004;3;25000;0;CARD
REC-20260725-STORE_03-0221;STORE_03;CASH-02;2026-07-25 14:15:27;SKU-004;2;25000;0;CARD
REC-20260725-STORE_03-0222;STORE_03;CASH-03;2026-07-25 10:53:57;SKU-006;4;45000;1000;CARD
REC-20260725-STORE_03-0223;STORE_03;CASH-05;2026-07-25 20:41:42;SKU-034;2;25000;1000;CARD
REC-20260725-STORE_03-0223;STORE_03;CASH-10;2026-07-25 20:41:42;SKU-025;1;5000;0;CARD
REC-20260725-STORE_03-0223;STORE_03;CASH-10;2026-07-25 20:41:42;SKU-024;1;12000;0;CASH
REC-20260725-STORE_03-0223;STORE_03;CASH-07;2026-07-25 20:41:42;SKU-003;2;45000;0;CARD
REC-20260725-STORE_03-0224;STORE_03;CASH-02;2026-07-25 12:08:45;SKU-030;1;45000;0;CARD
REC-20260725-STORE_03-0224;STORE_03;CASH-10;2026-07-25 12:08:45;SKU-003;1;45000;500;CASH
REC-20260725-STORE_03-0225;STORE_03;CASH-05;2026-07-25 13:23:57;SKU-014;4;5000;0;CASH
REC-20260725-STORE_03-0225;STORE_03;CASH-10;2026-07-25 13:23:57;SKU-001;3;45000;0;CARD
REC-20260725-STORE_03-0225;STORE_03;CASH-02;2026-07-25 13:23:57;SKU-023;3;45000;0;CASH
REC-20260725-STORE_03-0226;STORE_03;CASH-09;2026-07-25 16:03:10;SKU-001;2;45000;500;CARD
REC-20260725-STORE_03-0226;STORE_03;CASH-04;2026-07-25 16:03:10;SKU-006;2;45000;1000;CARD
REC-20260725-STORE_03-0226;STORE_03;CASH-04;2026-07-25 16:03:10;SKU-006;4;45000;0;CASH
REC-20260725-STORE_03-0227;STORE_03;CASH-07;2026-07-25 14:53:54;SKU-021;4;5000;500;CASH
REC-20260725-STORE_03-0228;STORE_03;CASH-09;2026-07-25 9:39:49;SKU-016;3;25000;0;CASH
REC-20260725-STORE_03-0228;STORE_03;CASH-06;2026-07-25 9:39:49;SKU-001;1;45000;1000;CARD
REC-20260725-STORE_03-0229;STORE_03;CASH-09;2026-07-25 9:49:39;SKU-034;1;25000;0;CARD
REC-20260725-STORE_03-0229;STORE_03;CASH-10;2026-07-25 9:49:39;SKU-044;4;5000;0;CASH
REC-20260725-STORE_03-0230;STORE_03;CASH-04;2026-07-25 19:21:35;SKU-002;2;12000;500;CASH
REC-20260725-STORE_03-0230;STORE_03;CASH-09;2026-07-25 19:21:35;SKU-001;2;45000;500;CASH
REC-20260725-STORE_03-0231;STORE_03;CASH-03;2026-07-25 12:19:37;SKU-012;1;45000;1000;CARD
REC-20260725-STORE_03-0231;STORE_03;CASH-10;2026-07-25 12:19:37;SKU-003;3;45000;500;CARD
REC-20260725-STORE_03-0232;STORE_03;CASH-08;2026-07-25 17:28:36;SKU-038;3;12000;500;CARD
REC-20260725-STORE_03-0232;STORE_03;CASH-09;2026-07-25 17:28:36;SKU-010;4;25000;1000;CASH
REC-20260725-STORE_03-0233;STORE_03;CASH-02;2026-07-25 21:57:18;SKU-002;2;12000;500;CARD
REC-20260725-STORE_03-0234;STORE_03;CASH-03;2026-07-25 8:19:34;SKU-008;4;12000;0;CARD
REC-20260725-STORE_03-0234;STORE_03;CASH-03;2026-07-25 8:19:34;SKU-003;2;45000;1000;CARD
REC-20260725-STORE_03-0235;STORE_03;CASH-01;2026-07-25 13:00:49;SKU-049;1;5000;0;CARD
REC-20260725-STORE_03-0236;STORE_03;CASH-06;2026-07-25 13:16:45;SKU-001;2;45000;500;CARD
REC-20260725-STORE_03-0236;STORE_03;CASH-10;2026-07-25 13:16:45;SKU-045;3;45000;500;CARD
REC-20260725-STORE_03-0236;STORE_03;CASH-07;2026-07-25 13:16:45;SKU-001;1;45000;500;CARD
REC-20260725-STORE_03-0236;STORE_03;CASH-07;2026-07-25 13:16:45;SKU-027;2;5000;0;CARD
REC-20260725-STORE_03-0237;STORE_03;CASH-03;2026-07-25 8:47:26;SKU-003;3;45000;0;CASH
REC-20260725-STORE_03-0238;STORE_03;CASH-05;2026-07-25 19:50:34;SKU-001;3;45000;1000;CASH
REC-20260725-STORE_03-0238;STORE_03;CASH-03;2026-07-25 19:50:34;SKU-001;4;45000;500;CARD
REC-20260725-STORE_03-0238;STORE_03;CASH-10;2026-07-25 19:50:34;SKU-025;1;5000;0;CASH
REC-20260725-STORE_03-0238;STORE_03;CASH-10;2026-07-25 19:50:34;SKU-001;4;45000;1000;CASH
REC-20260725-STORE_03-0239;STORE_03;CASH-03;2026-07-25 19:54:56;SKU-037;1;45000;1000;CARD
REC-20260725-STORE_03-0240;STORE_03;CASH-08;2026-07-25 10:24:28;SKU-006;4;45000;0;CARD
REC-20260725-STORE_03-0240;STORE_03;CASH-08;2026-07-25 10:24:28;SKU-001;1;45000;500;CARD
REC-20260725-STORE_03-0240;STORE_03;CASH-01;2026-07-25 10:24:28;SKU-035;1;5000;1000;CARD
REC-20260725-STORE_03-0240;STORE_03;CASH-01;2026-07-25 10:24:28;SKU-006;4;45000;1000;CASH
REC-20260725-STORE_03-0241;STORE_03;CASH-07;2026-07-25 16:39:07;SKU-036;1;45000;1000;CARD
REC-20260725-STORE_03-0241;STORE_03;CASH-09;2026-07-25 16:39:07;SKU-001;1;45000;0;CASH
REC-20260725-STORE_03-0241;STORE_03;CASH-06;2026-07-25 16:39:07;SKU-010;3;25000;0;CASH
REC-20260725-STORE_03-0241;STORE_03;CASH-02;2026-07-25 16:39:07;SKU-013;4;12000;1000;CARD
REC-20260725-STORE_03-0241;STORE_03;CASH-05;2026-07-25 16:39:07;SKU-003;1;45000;1000;CARD
REC-20260725-STORE_03-0242;STORE_03;CASH-07;2026-07-25 10:49:06;SKU-022;2;12000;500;CARD
REC-20260725-STORE_03-0242;STORE_03;CASH-07;2026-07-25 10:49:06;SKU-024;3;12000;0;CARD
REC-20260725-STORE_03-0243;STORE_03;CASH-01;2026-07-25 16:54:37;SKU-007;1;12000;500;CASH
REC-20260725-STORE_03-0243;STORE_03;CASH-10;2026-07-25 16:54:37;SKU-029;2;5000;1000;CARD
REC-20260725-STORE_03-0243;STORE_03;CASH-09;2026-07-25 16:54:37;SKU-024;2;12000;1000;CARD
REC-20260725-STORE_03-0243;STORE_03;CASH-04;2026-07-25 16:54:37;SKU-007;3;12000;0;CARD
REC-20260725-STORE_03-0243;STORE_03;CASH-02;2026-07-25 16:54:37;SKU-001;3;45000;0;CASH
REC-20260725-STORE_03-0244;STORE_03;CASH-07;2026-07-25 21:10:10;SKU-039;2;5000;0;CARD
REC-20260725-STORE_03-0244;STORE_03;CASH-06;2026-07-25 21:10:10;SKU-001;4;45000;0;CARD
REC-20260725-STORE_03-0244;STORE_03;CASH-07;2026-07-25 21:10:10;SKU-009;3;25000;0;CASH
REC-20260725-STORE_03-0244;STORE_03;CASH-08;2026-07-25 21:10:10;SKU-023;4;45000;0;CASH
REC-20260725-STORE_03-0244;STORE_03;CASH-01;2026-07-25 21:10:10;SKU-023;4;45000;0;CASH
REC-20260725-STORE_03-0245;STORE_03;CASH-05;2026-07-25 9:34:18;SKU-001;2;45000;1000;CARD
REC-20260725-STORE_03-0246;STORE_03;CASH-08;2026-07-25 18:59:51;SKU-005;1;5000;1000;CARD
REC-20260725-STORE_03-0246;STORE_03;CASH-03;2026-07-25 18:59:51;SKU-039;2;5000;0;CARD
REC-20260725-STORE_03-0246;STORE_03;CASH-07;2026-07-25 18:59:51;SKU-029;1;5000;0;CARD
REC-20260725-STORE_03-0247;STORE_03;CASH-08;2026-07-25 9:18:38;SKU-003;2;45000;0;CARD
REC-20260725-STORE_03-0247;STORE_03;CASH-06;2026-07-25 9:18:38;SKU-001;2;45000;0;CARD
REC-20260725-STORE_03-0248;STORE_03;CASH-07;2026-07-25 21:45:26;SKU-003;1;45000;0;CASH
REC-20260725-STORE_03-0248;STORE_03;CASH-05;2026-07-25 21:45:26;SKU-050;1;25000;500;CARD
REC-20260725-STORE_03-0248;STORE_03;CASH-01;2026-07-25 21:45:26;SKU-016;1;25000;1000;CARD
REC-20260725-STORE_03-0249;STORE_03;CASH-10;2026-07-25 9:11:30;SKU-004;4;25000;1000;CARD
REC-20260725-STORE_03-0250;STORE_03;CASH-03;2026-07-25 15:56:34;SKU-032;3;25000;0;CASH
REC-20260725-STORE_03-0250;STORE_03;CASH-10;2026-07-25 15:56:34;SKU-003;4;45000;0;CARD
REC-20260725-STORE_03-0250;STORE_03;CASH-08;2026-07-25 15:56:34;SKU-001;1;45000;0;CARD
REC-20260725-STORE_03-0250;STORE_03;CASH-01;2026-07-25 15:56:34;SKU-002;4;12000;500;CARD
REC-20260725-STORE_03-0251;STORE_03;CASH-01;2026-07-25 20:23:56;SKU-003;4;45000;0;CARD
REC-20260725-STORE_03-0251;STORE_03;CASH-09;2026-07-25 20:23:56;SKU-011;3;5000;0;CARD
REC-20260725-STORE_03-0251;STORE_03;CASH-07;2026-07-25 20:23:56;SKU-003;1;45000;0;CARD
REC-20260725-STORE_03-0252;STORE_03;CASH-04;2026-07-25 20:12:15;SKU-003;3;45000;0;CASH
REC-20260725-STORE_03-0253;STORE_03;CASH-04;2026-07-25 17:07:44;SKU-008;4;12000;0;CARD
REC-20260725-STORE_03-0253;STORE_03;CASH-05;2026-07-25 17:07:44;SKU-019;1;25000;0;CASH
REC-20260725-STORE_03-0253;STORE_03;CASH-10;2026-07-25 17:07:44;SKU-034;1;25000;500;CARD
REC-20260725-STORE_03-0253;STORE_03;CASH-07;2026-07-25 17:07:44;SKU-001;4;45000;0;CARD
REC-20260725-STORE_03-0253;STORE_03;CASH-09;2026-07-25 17:07:44;SKU-031;3;45000;0;CARD
REC-20260725-STORE_03-0254;STORE_03;CASH-03;2026-07-25 20:51:05;SKU-003;4;45000;0;CARD
REC-20260725-STORE_03-0254;STORE_03;CASH-10;2026-07-25 20:51:05;SKU-044;3;5000;0;CARD
REC-20260725-STORE_03-0254;STORE_03;CASH-05;2026-07-25 20:51:05;SKU-002;3;12000;1000;CARD
REC-20260725-STORE_03-0255;STORE_03;CASH-01;2026-07-25 11:31:16;SKU-042;4;5000;0;CASH
REC-20260725-STORE_03-0256;STORE_03;CASH-08;2026-07-25 17:12:02;SKU-030;2;45000;0;CARD
REC-20260725-STORE_03-0256;STORE_03;CASH-04;2026-07-25 17:12:02;SKU-006;4;45000;500;CASH
REC-20260725-STORE_03-0256;STORE_03;CASH-02;2026-07-25 17:12:02;SKU-013;1;12000;1000;CASH
REC-20260725-STORE_03-0256;STORE_03;CASH-10;2026-07-25 17:12:02;SKU-010;1;25000;0;CASH
REC-20260725-STORE_03-0256;STORE_03;CASH-05;2026-07-25 17:12:02;SKU-019;1;25000;500;CASH
REC-20260725-STORE_03-0257;STORE_03;CASH-09;2026-07-25 17:14:23;SKU-004;3;25000;0;CARD
REC-20260725-STORE_03-0258;STORE_03;CASH-10;2026-07-25 15:59:03;SKU-003;4;45000;0;CASH
REC-20260725-STORE_03-0258;STORE_03;CASH-02;2026-07-25 15:59:03;SKU-038;4;12000;1000;CARD
REC-20260725-STORE_03-0258;STORE_03;CASH-07;2026-07-25 15:59:03;SKU-005;1;5000;500;CARD
REC-20260725-STORE_03-0258;STORE_03;CASH-06;2026-07-25 15:59:03;SKU-011;1;5000;500;CASH
REC-20260725-STORE_03-0258;STORE_03;CASH-07;2026-07-25 15:59:03;SKU-001;3;45000;500;CARD
REC-20260725-STORE_03-0259;STORE_03;CASH-01;2026-07-25 16:11:53;SKU-013;2;12000;0;CASH
REC-20260725-STORE_03-0259;STORE_03;CASH-06;2026-07-25 16:11:53;SKU-007;3;12000;1000;CASH
REC-20260725-STORE_03-0259;STORE_03;CASH-10;2026-07-25 16:11:53;SKU-008;1;12000;0;CASH
REC-20260725-STORE_03-0259;STORE_03;CASH-09;2026-07-25 16:11:53;SKU-003;2;45000;500;CARD
REC-20260725-STORE_03-0259;STORE_03;CASH-03;2026-07-25 16:11:53;SKU-003;1;45000;500;CARD
REC-20260725-STORE_03-0260;STORE_03;CASH-05;2026-07-25 16:03:54;SKU-010;1;25000;500;CASH
REC-20260725-STORE_03-0260;STORE_03;CASH-05;2026-07-25 16:03:54;SKU-006;3;45000;0;CARD
REC-20260725-STORE_03-0260;STORE_03;CASH-04;2026-07-25 16:03:54;SKU-010;1;25000;0;CARD
REC-20260725-STORE_03-0261;STORE_03;CASH-02;2026-07-25 21:15:52;SKU-008;4;12000;500;CARD
REC-20260725-STORE_03-0261;STORE_03;CASH-05;2026-07-25 21:15:52;SKU-039;4;5000;0;CARD
REC-20260725-STORE_03-0261;STORE_03;CASH-09;2026-07-25 21:15:52;SKU-004;4;25000;0;CARD
REC-20260725-STORE_03-0261;STORE_03;CASH-04;2026-07-25 21:15:52;SKU-029;1;5000;500;CARD
REC-20260725-STORE_03-0261;STORE_03;CASH-07;2026-07-25 21:15:52;SKU-003;1;45000;1000;CASH
REC-20260725-STORE_03-0262;STORE_03;CASH-07;2026-07-25 18:03:28;SKU-002;2;12000;0;CARD
REC-20260725-STORE_03-0263;STORE_03;CASH-06;2026-07-25 11:33:33;SKU-016;4;25000;1000;CASH
REC-20260725-STORE_03-0263;STORE_03;CASH-02;2026-07-25 11:33:33;SKU-004;3;25000;0;CARD
REC-20260725-STORE_03-0264;STORE_03;CASH-05;2026-07-25 9:19:54;SKU-004;4;25000;500;CARD
REC-20260725-STORE_03-0264;STORE_03;CASH-04;2026-07-25 9:19:54;SKU-012;4;45000;0;CARD
REC-20260725-STORE_03-0264;STORE_03;CASH-03;2026-07-25 9:19:54;SKU-046;1;25000;0;CASH
REC-20260725-STORE_03-0264;STORE_03;CASH-03;2026-07-25 9:19:54;SKU-002;2;12000;1000;CARD
REC-20260725-STORE_03-0265;STORE_03;CASH-05;2026-07-25 8:12:16;SKU-027;2;5000;1000;CARD
REC-20260725-STORE_03-0265;STORE_03;CASH-07;2026-07-25 8:12:16;SKU-008;3;12000;0;CARD
REC-20260725-STORE_03-0266;STORE_03;CASH-01;2026-07-25 19:35:15;SKU-036;3;45000;1000;CASH
REC-20260725-STORE_03-0266;STORE_03;CASH-10;2026-07-25 19:35:15;SKU-001;2;45000;0;CASH
REC-20260725-STORE_03-0266;STORE_03;CASH-01;2026-07-25 19:35:15;SKU-017;2;12000;0;CARD
REC-20260725-STORE_03-0267;STORE_03;CASH-06;2026-07-25 19:01:01;SKU-007;1;12000;0;CARD
REC-20260725-STORE_03-0268;STORE_03;CASH-04;2026-07-25 12:52:02;SKU-033;1;5000;500;CASH
REC-20260725-STORE_03-0268;STORE_03;CASH-10;2026-07-25 12:52:02;SKU-008;4;12000;0;CASH
REC-20260725-STORE_03-0268;STORE_03;CASH-10;2026-07-25 12:52:02;SKU-001;3;45000;0;CASH
REC-20260725-STORE_03-0268;STORE_03;CASH-07;2026-07-25 12:52:02;SKU-003;3;45000;0;CARD
REC-20260725-STORE_03-0268;STORE_03;CASH-03;2026-07-25 12:52:02;SKU-035;1;5000;500;CARD
REC-20260725-STORE_03-0269;STORE_03;CASH-03;2026-07-25 9:28:25;SKU-002;4;12000;1000;CARD
REC-20260725-STORE_03-0269;STORE_03;CASH-02;2026-07-25 9:28:25;SKU-010;4;25000;500;CARD
REC-20260725-STORE_03-0269;STORE_03;CASH-03;2026-07-25 9:28:25;SKU-015;2;5000;0;CARD
REC-20260725-STORE_03-0269;STORE_03;CASH-08;2026-07-25 9:28:25;SKU-019;2;25000;500;CASH
REC-20260725-STORE_03-0270;STORE_03;CASH-08;2026-07-25 15:26:19;SKU-001;4;45000;1000;CARD
REC-20260725-STORE_03-0270;STORE_03;CASH-07;2026-07-25 15:26:19;SKU-005;2;5000;0;CARD
REC-20260725-STORE_03-0270;STORE_03;CASH-06;2026-07-25 15:26:19;SKU-014;2;5000;500;CARD
REC-20260725-STORE_03-0270;STORE_03;CASH-01;2026-07-25 15:26:19;SKU-003;4;45000;0;CARD
REC-20260725-STORE_03-0271;STORE_03;CASH-02;2026-07-25 8:06:31;SKU-023;2;45000;1000;CASH
REC-20260725-STORE_03-0271;STORE_03;CASH-01;2026-07-25 8:06:31;SKU-004;3;25000;1000;CARD
REC-20260725-STORE_03-0271;STORE_03;CASH-08;2026-07-25 8:06:31;SKU-007;1;12000;500;CARD
REC-20260725-STORE_03-0271;STORE_03;CASH-10;2026-07-25 8:06:31;SKU-011;2;5000;0;CARD
REC-20260725-STORE_03-0271;STORE_03;CASH-10;2026-07-25 8:06:31;SKU-009;3;25000;1000;CARD
REC-20260725-STORE_03-0272;STORE_03;CASH-08;2026-07-25 13:41:10;SKU-016;4;25000;0;CASH
REC-20260725-STORE_03-0272;STORE_03;CASH-10;2026-07-25 13:41:10;SKU-001;1;45000;0;CARD
REC-20260725-STORE_03-0272;STORE_03;CASH-08;2026-07-25 13:41:10;SKU-006;2;45000;0;CARD
REC-20260725-STORE_03-0273;STORE_03;CASH-06;2026-07-25 10:41:07;SKU-013;2;12000;1000;CARD
REC-20260725-STORE_03-0273;STORE_03;CASH-10;2026-07-25 10:41:07;SKU-010;3;25000;0;CARD
REC-20260725-STORE_03-0273;STORE_03;CASH-04;2026-07-25 10:41:07;SKU-027;4;5000;0;CASH
REC-20260725-STORE_03-0273;STORE_03;CASH-01;2026-07-25 10:41:07;SKU-010;1;25000;1000;CASH
REC-20260725-STORE_03-0273;STORE_03;CASH-07;2026-07-25 10:41:07;SKU-003;2;45000;0;CASH
REC-20260725-STORE_03-0274;STORE_03;CASH-03;2026-07-25 19:23:36;SKU-002;3;12000;0;CASH
REC-20260725-STORE_03-0274;STORE_03;CASH-07;2026-07-25 19:23:36;SKU-001;4;45000;0;CASH
REC-20260725-STORE_03-0275;STORE_03;CASH-04;2026-07-25 16:57:22;SKU-012;1;45000;1000;CASH
REC-20260725-STORE_03-0275;STORE_03;CASH-08;2026-07-25 16:57:22;SKU-003;2;45000;500;CASH
REC-20260725-STORE_03-0275;STORE_03;CASH-06;2026-07-25 16:57:22;SKU-047;3;5000;0;CARD
REC-20260725-STORE_03-0276;STORE_03;CASH-08;2026-07-25 19:26:35;SKU-012;4;45000;0;CASH
REC-20260725-STORE_03-0276;STORE_03;CASH-08;2026-07-25 19:26:35;SKU-031;1;45000;0;CARD
REC-20260725-STORE_03-0276;STORE_03;CASH-05;2026-07-25 19:26:35;SKU-001;2;45000;0;CASH
REC-20260725-STORE_03-0277;STORE_03;CASH-06;2026-07-25 16:19:57;SKU-003;2;45000;500;CARD
REC-20260725-STORE_03-0277;STORE_03;CASH-05;2026-07-25 16:19:57;SKU-034;4;25000;500;CASH
REC-20260725-STORE_03-0277;STORE_03;CASH-06;2026-07-25 16:19:57;SKU-001;4;45000;1000;CARD
REC-20260725-STORE_03-0277;STORE_03;CASH-01;2026-07-25 16:19:57;SKU-005;3;5000;0;CASH
REC-20260725-STORE_03-0277;STORE_03;CASH-06;2026-07-25 16:19:57;SKU-011;1;5000;0;CASH
REC-20260725-STORE_03-0278;STORE_03;CASH-10;2026-07-25 9:18:53;SKU-001;4;45000;0;CARD
REC-20260725-STORE_03-0278;STORE_03;CASH-02;2026-07-25 9:18:53;SKU-004;1;25000;500;CARD
REC-20260725-STORE_03-0278;STORE_03;CASH-10;2026-07-25 9:18:53;SKU-018;3;5000;0;CARD
REC-20260725-STORE_03-0279;STORE_03;CASH-08;2026-07-25 16:42:20;SKU-027;4;5000;0;CARD
REC-20260725-STORE_03-0279;STORE_03;CASH-04;2026-07-25 16:42:20;SKU-001;1;45000;0;CARD
REC-20260725-STORE_03-0279;STORE_03;CASH-04;2026-07-25 16:42:20;SKU-003;4;45000;0;CASH
REC-20260725-STORE_03-0280;STORE_03;CASH-03;2026-07-25 18:45:22;SKU-013;3;12000;0;CASH
REC-20260725-STORE_03-0280;STORE_03;CASH-10;2026-07-25 18:45:22;SKU-002;4;12000;0;CASH
REC-20260725-STORE_03-0280;STORE_03;CASH-08;2026-07-25 18:45:22;SKU-001;4;45000;0;CARD
REC-20260725-STORE_03-0281;STORE_03;CASH-05;2026-07-25 13:32:15;SKU-001;1;45000;1000;CARD
REC-20260725-STORE_03-0281;STORE_03;CASH-06;2026-07-25 13:32:15;SKU-028;4;5000;0;CARD
REC-20260725-STORE_03-0281;STORE_03;CASH-04;2026-07-25 13:32:15;SKU-002;1;12000;0;CARD
REC-20260725-STORE_03-0282;STORE_03;CASH-07;2026-07-25 14:53:12;SKU-001;1;45000;0;CARD
REC-20260725-STORE_03-0282;STORE_03;CASH-07;2026-07-25 14:53:12;SKU-002;4;12000;1000;CARD
REC-20260725-STORE_03-0282;STORE_03;CASH-10;2026-07-25 14:53:12;SKU-004;2;25000;500;CARD
REC-20260725-STORE_03-0283;STORE_03;CASH-08;2026-07-25 20:21:13;SKU-027;4;5000;500;CARD
REC-20260725-STORE_03-0284;STORE_03;CASH-08;2026-07-25 16:56:10;SKU-002;3;12000;500;CASH
REC-20260725-STORE_03-0284;STORE_03;CASH-10;2026-07-25 16:56:10;SKU-026;2;12000;0;CARD
REC-20260725-STORE_03-0284;STORE_03;CASH-03;2026-07-25 16:56:10;SKU-009;3;25000;0;CARD
REC-20260725-STORE_03-0284;STORE_03;CASH-05;2026-07-25 16:56:10;SKU-044;1;5000;0;CARD
REC-20260725-STORE_03-0285;STORE_03;CASH-08;2026-07-25 20:06:20;SKU-004;2;25000;0;CASH
REC-20260725-STORE_03-0285;STORE_03;CASH-03;2026-07-25 20:06:20;SKU-001;3;45000;500;CARD
REC-20260725-STORE_03-0285;STORE_03;CASH-02;2026-07-25 20:06:20;SKU-048;2;25000;0;CARD
REC-20260725-STORE_03-0285;STORE_03;CASH-09;2026-07-25 20:06:20;SKU-009;2;25000;1000;CARD
REC-20260725-STORE_03-0286;STORE_03;CASH-03;2026-07-25 18:25:00;SKU-046;1;25000;1000;CARD
REC-20260725-STORE_03-0286;STORE_03;CASH-07;2026-07-25 18:25:00;SKU-010;1;25000;0;CASH
REC-20260725-STORE_03-0286;STORE_03;CASH-04;2026-07-25 18:25:00;SKU-008;1;12000;0;CARD
REC-20260725-STORE_03-0287;STORE_03;CASH-04;2026-07-25 16:15:33;SKU-006;1;45000;500;CARD
REC-20260725-STORE_03-0287;STORE_03;CASH-07;2026-07-25 16:15:33;SKU-011;2;5000;500;CASH
REC-20260725-STORE_03-0288;STORE_03;CASH-01;2026-07-25 16:42:31;SKU-018;3;5000;1000;CARD
REC-20260725-STORE_03-0288;STORE_03;CASH-06;2026-07-25 16:42:31;SKU-004;1;25000;500;CARD
REC-20260725-STORE_03-0288;STORE_03;CASH-07;2026-07-25 16:42:31;SKU-001;2;45000;1000;CASH
REC-20260725-STORE_03-0289;STORE_03;CASH-04;2026-07-25 9:46:01;SKU-002;3;12000;0;CARD
REC-20260725-STORE_03-0289;STORE_03;CASH-08;2026-07-25 9:46:01;SKU-012;1;45000;0;CASH
REC-20260725-STORE_03-0290;STORE_03;CASH-06;2026-07-25 20:51:18;SKU-032;3;25000;1000;CASH
REC-20260725-STORE_03-0290;STORE_03;CASH-05;2026-07-25 20:51:18;SKU-004;4;25000;0;CARD
REC-20260725-STORE_03-0291;STORE_03;CASH-10;2026-07-25 9:19:45;SKU-007;1;12000;0;CARD
REC-20260725-STORE_03-0291;STORE_03;CASH-08;2026-07-25 9:19:45;SKU-004;2;25000;0;CASH
REC-20260725-STORE_03-0291;STORE_03;CASH-08;2026-07-25 9:19:45;SKU-001;4;45000;1000;CARD
REC-20260725-STORE_03-0291;STORE_03;CASH-07;2026-07-25 9:19:45;SKU-003;2;45000;0;CASH
REC-20260725-STORE_03-0292;STORE_03;CASH-08;2026-07-25 20:23:11;SKU-012;2;45000;0;CARD
REC-20260725-STORE_03-0293;STORE_03;CASH-10;2026-07-25 16:36:18;SKU-003;2;45000;0;CARD
REC-20260725-STORE_03-0294;STORE_03;CASH-09;2026-07-25 17:11:16;SKU-037;4;45000;0;CASH
REC-20260725-STORE_03-0294;STORE_03;CASH-08;2026-07-25 17:11:16;SKU-001;2;45000;500;CARD
REC-20260725-STORE_03-0295;STORE_03;CASH-10;2026-07-25 16:02:30;SKU-042;3;5000;0;CARD
REC-20260725-STORE_03-0295;STORE_03;CASH-09;2026-07-25 16:02:30;SKU-013;2;12000;0;CASH
REC-20260725-STORE_03-0296;STORE_03;CASH-02;2026-07-25 17:11:11;SKU-015;3;5000;1000;CARD
REC-20260725-STORE_03-0296;STORE_03;CASH-04;2026-07-25 17:11:11;SKU-020;3;12000;0;CASH
REC-20260725-STORE_03-0296;STORE_03;CASH-06;2026-07-25 17:11:11;SKU-001;1;45000;1000;CASH
REC-20260725-STORE_03-0297;STORE_03;CASH-06;2026-07-25 17:28:52;SKU-045;3;45000;0;CARD
REC-20260725-STORE_03-0298;STORE_03;CASH-05;2026-07-25 8:18:50;SKU-002;4;12000;500;CASH
REC-20260725-STORE_03-0298;STORE_03;CASH-04;2026-07-25 8:18:50;SKU-003;1;45000;0;CASH
REC-20260725-STORE_03-0298;STORE_03;CASH-10;2026-07-25 8:18:50;SKU-009;2;25000;500;CASH
REC-20260725-STORE_03-0298;STORE_03;CASH-10;2026-07-25 8:18:50;SKU-001;4;45000;0;CARD
REC-20260725-STORE_03-0299;STORE_03;CASH-02;2026-07-25 14:39:09;SKU-004;3;25000;0;CARD
REC-20260725-STORE_03-0299;STORE_03;CASH-01;2026-07-25 14:39:09;SKU-015;1;5000;500;CARD
REC-20260725-STORE_03-0299;STORE_03;CASH-02;2026-07-25 14:39:09;SKU-001;3;45000;500;CARD
REC-20260725-STORE_03-0299;STORE_03;CASH-06;2026-07-25 14:39:09;SKU-003;3;45000;0;CASH
REC-20260725-STORE_03-0300;STORE_03;CASH-04;2026-07-25 21:04:46;SKU-048;3;25000;0;CASH
REC-20260725-STORE_03-0301;STORE_03;CASH-08;2026-07-25 16:01:33;SKU-017;2;12000;0;CARD
REC-20260725-STORE_03-0301;STORE_03;CASH-10;2026-07-25 16:01:33;SKU-009;2;25000;0;CASH
REC-20260725-STORE_03-0301;STORE_03;CASH-05;2026-07-25 16:01:33;SKU-012;1;45000;0;CASH
REC-20260725-STORE_03-0302;STORE_03;CASH-08;2026-07-25 21:00:42;SKU-001;4;45000;1000;CARD
REC-20260725-STORE_03-0302;STORE_03;CASH-08;2026-07-25 21:00:42;SKU-030;1;45000;1000;CARD
REC-20260725-STORE_03-0302;STORE_03;CASH-03;2026-07-25 21:00:42;SKU-017;4;12000;1000;CARD
REC-20260725-STORE_03-0302;STORE_03;CASH-10;2026-07-25 21:00:42;SKU-006;1;45000;1000;CARD
REC-20260725-STORE_03-0303;STORE_03;CASH-08;2026-07-25 19:35:13;SKU-019;1;25000;500;CARD
REC-20260725-STORE_03-0303;STORE_03;CASH-02;2026-07-25 19:35:13;SKU-001;4;45000;0;CARD
REC-20260725-STORE_03-0303;STORE_03;CASH-06;2026-07-25 19:35:13;SKU-002;3;12000;500;CASH
REC-20260725-STORE_03-0303;STORE_03;CASH-08;2026-07-25 19:35:13;SKU-001;3;45000;0;CARD
REC-20260725-STORE_03-0303;STORE_03;CASH-06;2026-07-25 19:35:13;SKU-009;3;25000;1000;CARD
REC-20260725-STORE_03-0304;STORE_03;CASH-04;2026-07-25 17:20:57;SKU-001;1;45000;500;CARD
REC-20260725-STORE_03-0304;STORE_03;CASH-02;2026-07-25 17:20:57;SKU-020;1;12000;1000;CASH
REC-20260725-STORE_03-0304;STORE_03;CASH-06;2026-07-25 17:20:57;SKU-003;4;45000;0;CARD
REC-20260725-STORE_03-0305;STORE_03;CASH-05;2026-07-25 12:31:54;SKU-003;2;45000;500;CARD
REC-20260725-STORE_03-0305;STORE_03;CASH-10;2026-07-25 12:31:54;SKU-001;4;45000;1000;CASH
REC-20260725-STORE_03-0305;STORE_03;CASH-10;2026-07-25 12:31:54;SKU-007;4;12000;0;CARD
REC-20260725-STORE_03-0305;STORE_03;CASH-01;2026-07-25 12:31:54;SKU-003;3;45000;500;CASH
REC-20260725-STORE_03-0306;STORE_03;CASH-06;2026-07-25 14:19:39;SKU-028;1;5000;0;CASH
REC-20260725-STORE_03-0307;STORE_03;CASH-06;2026-07-25 21:04:04;SKU-001;3;45000;0;CARD
REC-20260725-STORE_03-0307;STORE_03;CASH-05;2026-07-25 21:04:04;SKU-013;4;12000;500;CARD
REC-20260725-STORE_03-0307;STORE_03;CASH-09;2026-07-25 21:04:04;SKU-001;4;45000;1000;CARD
REC-20260725-STORE_03-0307;STORE_03;CASH-08;2026-07-25 21:04:04;SKU-003;3;45000;1000;CARD
REC-20260725-STORE_03-0307;STORE_03;CASH-07;2026-07-25 21:04:04;SKU-044;1;5000;1000;CARD
REC-20260725-STORE_03-0308;STORE_03;CASH-03;2026-07-25 12:25:40;SKU-024;1;12000;500;CASH
REC-20260725-STORE_03-0308;STORE_03;CASH-07;2026-07-25 12:25:40;SKU-002;4;12000;0;CARD
REC-20260725-STORE_03-0308;STORE_03;CASH-07;2026-07-25 12:25:40;SKU-001;4;45000;0;CASH
REC-20260725-STORE_03-0308;STORE_03;CASH-07;2026-07-25 12:25:40;SKU-018;1;5000;0;CARD
REC-20260725-STORE_03-0309;STORE_03;CASH-06;2026-07-25 16:20:54;SKU-006;3;45000;1000;CASH
REC-20260725-STORE_03-0309;STORE_03;CASH-04;2026-07-25 16:20:54;SKU-003;3;45000;0;CASH
REC-20260725-STORE_03-0309;STORE_03;CASH-10;2026-07-25 16:20:54;SKU-040;4;25000;1000;CASH
REC-20260725-STORE_03-0310;STORE_03;CASH-07;2026-07-25 21:58:58;SKU-001;4;45000;0;CARD
REC-20260725-STORE_03-0310;STORE_03;CASH-09;2026-07-25 21:58:58;SKU-018;1;5000;500;CARD
REC-20260725-STORE_03-0310;STORE_03;CASH-06;2026-07-25 21:58:58;SKU-001;4;45000;0;CARD
REC-20260725-STORE_03-0310;STORE_03;CASH-03;2026-07-25 21:58:58;SKU-011;2;5000;0;CARD
REC-20260725-STORE_03-0311;STORE_03;CASH-04;2026-07-25 16:00:14;SKU-016;1;25000;0;CASH
REC-20260725-STORE_03-0311;STORE_03;CASH-09;2026-07-25 16:00:14;SKU-001;3;45000;0;CASH
REC-20260725-STORE_03-0311;STORE_03;CASH-07;2026-07-25 16:00:14;SKU-026;2;12000;0;CASH
REC-20260725-STORE_03-0311;STORE_03;CASH-08;2026-07-25 16:00:14;SKU-006;2;45000;0;CARD
REC-20260725-STORE_03-0311;STORE_03;CASH-09;2026-07-25 16:00:14;SKU-002;4;12000;0;CARD
REC-20260725-STORE_03-0312;STORE_03;CASH-01;2026-07-25 13:03:42;SKU-001;4;45000;0;CASH
REC-20260725-STORE_03-0312;STORE_03;CASH-06;2026-07-25 13:03:42;SKU-005;1;5000;1000;CARD
REC-20260725-STORE_03-0312;STORE_03;CASH-03;2026-07-25 13:03:42;SKU-015;4;5000;0;CASH
REC-20260725-STORE_03-0312;STORE_03;CASH-08;2026-07-25 13:03:42;SKU-020;2;12000;1000;CARD
REC-20260725-STORE_03-0313;STORE_03;CASH-04;2026-07-25 21:16:29;SKU-003;1;45000;0;CASH
REC-20260725-STORE_03-0314;STORE_03;CASH-08;2026-07-25 12:34:01;SKU-001;3;45000;1000;CARD
REC-20260725-STORE_03-0314;STORE_03;CASH-03;2026-07-25 12:34:01;SKU-013;3;12000;0;CARD
REC-20260725-STORE_03-0314;STORE_03;CASH-03;2026-07-25 12:34:01;SKU-012;3;45000;0;CARD
REC-20260725-STORE_03-0314;STORE_03;CASH-08;2026-07-25 12:34:01;SKU-001;4;45000;0;CASH
REC-20260725-STORE_03-0315;STORE_03;CASH-03;2026-07-25 8:06:02;SKU-001;4;45000;0;CARD
REC-20260725-STORE_03-0316;STORE_03;CASH-05;2026-07-25 16:52:34;SKU-001;1;45000;500;CARD
REC-20260725-STORE_03-0316;STORE_03;CASH-04;2026-07-25 16:52:34;SKU-002;2;12000;0;CARD
REC-20260725-STORE_03-0316;STORE_03;CASH-05;2026-07-25 16:52:34;SKU-005;2;5000;0;CARD
REC-20260725-STORE_03-0316;STORE_03;CASH-02;2026-07-25 16:52:34;SKU-027;4;5000;1000;CARD
REC-20260725-STORE_03-0316;STORE_03;CASH-04;2026-07-25 16:52:34;SKU-008;1;12000;1000;CARD
REC-20260725-STORE_03-0317;STORE_03;CASH-04;2026-07-25 17:57:19;SKU-002;4;12000;500;CARD
REC-20260725-STORE_03-0318;STORE_03;CASH-10;2026-07-25 17:04:22;SKU-001;1;45000;0;CARD
REC-20260725-STORE_03-0318;STORE_03;CASH-07;2026-07-25 17:04:22;SKU-001;4;45000;0;CASH
REC-20260725-STORE_03-0318;STORE_03;CASH-09;2026-07-25 17:04:22;SKU-011;3;5000;500;CARD
REC-20260725-STORE_03-0318;STORE_03;CASH-07;2026-07-25 17:04:22;SKU-014;1;5000;0;CASH
REC-20260725-STORE_03-0319;STORE_03;CASH-02;2026-07-25 16:51:54;SKU-020;4;12000;1000;CASH
REC-20260725-STORE_03-0319;STORE_03;CASH-06;2026-07-25 16:51:54;SKU-024;4;12000;500;CARD
REC-20260725-STORE_03-0319;STORE_03;CASH-05;2026-07-25 16:51:54;SKU-009;1;25000;1000;CARD
REC-20260725-STORE_03-0319;STORE_03;CASH-04;2026-07-25 16:51:54;SKU-005;4;5000;0;CARD
REC-20260725-STORE_03-0320;STORE_03;CASH-07;2026-07-25 18:38:34;SKU-001;1;45000;1000;CARD
REC-20260725-STORE_03-0320;STORE_03;CASH-08;2026-07-25 18:38:34;SKU-003;4;45000;500;CARD
REC-20260725-STORE_03-0320;STORE_03;CASH-03;2026-07-25 18:38:34;SKU-001;1;45000;0;CASH
REC-20260725-STORE_03-0320;STORE_03;CASH-08;2026-07-25 18:38:34;SKU-002;1;12000;0;CARD
REC-20260725-STORE_03-0320;STORE_03;CASH-06;2026-07-25 18:38:34;SKU-001;3;45000;0;CASH
REC-20260725-STORE_03-0321;STORE_03;CASH-06;2026-07-25 17:57:39;SKU-001;3;45000;0;CARD
REC-20260725-STORE_03-0321;STORE_03;CASH-04;2026-07-25 17:57:39;SKU-001;1;45000;1000;CARD
REC-20260725-STORE_03-0321;STORE_03;CASH-04;2026-07-25 17:57:39;SKU-004;1;25000;0;CASH
REC-20260725-STORE_03-0322;STORE_03;CASH-10;2026-07-25 20:59:19;SKU-002;4;12000;500;CARD
REC-20260725-STORE_03-0322;STORE_03;CASH-10;2026-07-25 20:59:19;SKU-019;1;25000;500;CASH
REC-20260725-STORE_03-0322;STORE_03;CASH-05;2026-07-25 20:59:19;SKU-001;3;45000;0;CARD
REC-20260725-STORE_03-0322;STORE_03;CASH-09;2026-07-25 20:59:19;SKU-036;4;45000;0;CARD
REC-20260725-STORE_03-0323;STORE_03;CASH-04;2026-07-25 9:06:31;SKU-001;4;45000;0;CARD
REC-20260725-STORE_03-0324;STORE_03;CASH-09;2026-07-25 15:26:23;SKU-001;3;45000;0;CARD
REC-20260725-STORE_03-0324;STORE_03;CASH-05;2026-07-25 15:26:23;SKU-027;3;5000;1000;CASH
REC-20260725-STORE_03-0324;STORE_03;CASH-08;2026-07-25 15:26:23;SKU-004;2;25000;0;CARD
REC-20260725-STORE_03-0324;STORE_03;CASH-01;2026-07-25 15:26:23;SKU-001;3;45000;0;CARD
REC-20260725-STORE_03-0325;STORE_03;CASH-10;2026-07-25 15:13:48;SKU-026;1;12000;1000;CASH
REC-20260725-STORE_03-0326;STORE_03;CASH-10;2026-07-25 12:08:42;SKU-032;2;25000;0;CASH
REC-20260725-STORE_03-0326;STORE_03;CASH-06;2026-07-25 12:08:42;SKU-014;4;5000;0;CARD
REC-20260725-STORE_03-0327;STORE_03;CASH-02;2026-07-25 14:16:06;SKU-011;4;5000;500;CASH
REC-20260725-STORE_03-0327;STORE_03;CASH-03;2026-07-25 14:16:06;SKU-030;3;45000;1000;CASH
REC-20260725-STORE_03-0327;STORE_03;CASH-01;2026-07-25 14:16:06;SKU-005;4;5000;500;CARD
REC-20260725-STORE_03-0327;STORE_03;CASH-05;2026-07-25 14:16:06;SKU-036;2;45000;500;CARD
REC-20260725-STORE_03-0327;STORE_03;CASH-07;2026-07-25 14:16:06;SKU-002;4;12000;0;CARD
REC-20260725-STORE_03-0328;STORE_03;CASH-07;2026-07-25 8:33:41;SKU-003;4;45000;0;CARD
REC-20260725-STORE_03-0328;STORE_03;CASH-04;2026-07-25 8:33:41;SKU-004;4;25000;0;CARD
REC-20260725-STORE_03-0328;STORE_03;CASH-06;2026-07-25 8:33:41;SKU-044;1;5000;0;CARD
REC-20260725-STORE_03-0328;STORE_03;CASH-01;2026-07-25 8:33:41;SKU-001;2;45000;0;CARD
REC-20260725-STORE_03-0328;STORE_03;CASH-07;2026-07-25 8:33:41;SKU-007;1;12000;0;CARD
REC-20260725-STORE_03-0329;STORE_03;CASH-09;2026-07-25 9:07:54;SKU-002;3;12000;0;CASH
REC-20260725-STORE_03-0329;STORE_03;CASH-02;2026-07-25 9:07:54;SKU-010;4;25000;0;CASH
REC-20260725-STORE_03-0329;STORE_03;CASH-06;2026-07-25 9:07:54;SKU-013;1;12000;1000;CASH
REC-20260725-STORE_03-0330;STORE_03;CASH-04;2026-07-25 20:29:10;SKU-013;1;12000;0;CASH
REC-20260725-STORE_03-0330;STORE_03;CASH-01;2026-07-25 20:29:10;SKU-031;4;45000;500;CASH
REC-20260725-STORE_03-0330;STORE_03;CASH-04;2026-07-25 20:29:10;SKU-014;1;5000;500;CARD
REC-20260725-STORE_03-0331;STORE_03;CASH-05;2026-07-25 11:59:24;SKU-001;2;45000;0;CARD
REC-20260725-STORE_03-0331;STORE_03;CASH-04;2026-07-25 11:59:24;SKU-001;1;45000;0;CARD
REC-20260725-STORE_03-0331;STORE_03;CASH-07;2026-07-25 11:59:24;SKU-003;4;45000;1000;CARD
REC-20260725-STORE_03-0331;STORE_03;CASH-06;2026-07-25 11:59:24;SKU-001;4;45000;0;CASH
REC-20260725-STORE_03-0332;STORE_03;CASH-03;2026-07-25 9:09:22;SKU-002;4;12000;0;CARD
REC-20260725-STORE_03-0333;STORE_03;CASH-08;2026-07-25 13:02:32;SKU-001;4;45000;1000;CARD
REC-20260725-STORE_03-0333;STORE_03;CASH-01;2026-07-25 13:02:32;SKU-002;2;12000;0;CARD
REC-20260725-STORE_03-0333;STORE_03;CASH-01;2026-07-25 13:02:32;SKU-001;3;45000;1000;CARD
REC-20260725-STORE_03-0333;STORE_03;CASH-04;2026-07-25 13:02:32;SKU-001;3;45000;1000;CASH
REC-20260725-STORE_03-0333;STORE_03;CASH-08;2026-07-25 13:02:32;SKU-001;4;45000;0;CARD
REC-20260725-STORE_03-0334;STORE_03;CASH-08;2026-07-25 17:45:37;SKU-030;3;45000;1000;CARD
REC-20260725-STORE_03-0334;STORE_03;CASH-08;2026-07-25 17:45:37;SKU-006;2;45000;0;CASH
REC-20260725-STORE_03-0334;STORE_03;CASH-10;2026-07-25 17:45:37;SKU-004;4;25000;1000;CARD
REC-20260725-STORE_03-0334;STORE_03;CASH-02;2026-07-25 17:45:37;SKU-048;1;25000;0;CARD
REC-20260725-STORE_03-0335;STORE_03;CASH-08;2026-07-25 12:25:59;SKU-002;4;12000;0;CASH
REC-20260725-STORE_03-0335;STORE_03;CASH-10;2026-07-25 12:25:59;SKU-007;1;12000;0;CASH
REC-20260725-STORE_03-0335;STORE_03;CASH-06;2026-07-25 12:25:59;SKU-043;4;25000;0;CASH
REC-20260725-STORE_03-0336;STORE_03;CASH-05;2026-07-25 21:01:26;SKU-008;1;12000;0;CARD
REC-20260725-STORE_03-0336;STORE_03;CASH-08;2026-07-25 21:01:26;SKU-001;4;45000;0;CASH
REC-20260725-STORE_03-0336;STORE_03;CASH-02;2026-07-25 21:01:26;SKU-038;4;12000;0;CASH
REC-20260725-STORE_03-0336;STORE_03;CASH-07;2026-07-25 21:01:26;SKU-048;1;25000;0;CARD
REC-20260725-STORE_03-0337;STORE_03;CASH-10;2026-07-25 18:19:15;SKU-002;1;12000;0;CARD
REC-20260725-STORE_03-0338;STORE_03;CASH-06;2026-07-25 18:43:39;SKU-002;3;12000;0;CARD
REC-20260725-STORE_03-0338;STORE_03;CASH-03;2026-07-25 18:43:39;SKU-001;1;45000;0;CARD
REC-20260725-STORE_03-0339;STORE_03;CASH-07;2026-07-25 12:06:53;SKU-003;1;45000;1000;CARD
REC-20260725-STORE_03-0340;STORE_03;CASH-02;2026-07-25 13:28:02;SKU-002;1;12000;1000;CARD
REC-20260725-STORE_03-0340;STORE_03;CASH-01;2026-07-25 13:28:02;SKU-002;3;12000;0;CASH
REC-20260725-STORE_03-0340;STORE_03;CASH-06;2026-07-25 13:28:02;SKU-044;4;5000;0;CASH
REC-20260725-STORE_03-0340;STORE_03;CASH-09;2026-07-25 13:28:02;SKU-001;3;45000;0;CARD
REC-20260725-STORE_03-0340;STORE_03;CASH-08;2026-07-25 13:28:02;SKU-031;1;45000;0;CASH
REC-20260725-STORE_03-0341;STORE_03;CASH-07;2026-07-25 15:00:57;SKU-007;4;12000;0;CARD
REC-20260725-STORE_03-0342;STORE_03;CASH-10;2026-07-25 12:54:59;SKU-001;3;45000;0;CASH
REC-20260725-STORE_03-0342;STORE_03;CASH-03;2026-07-25 12:54:59;SKU-001;3;45000;0;CARD
REC-20260725-STORE_03-0342;STORE_03;CASH-08;2026-07-25 12:54:59;SKU-003;1;45000;500;CASH
REC-20260725-STORE_03-0343;STORE_03;CASH-02;2026-07-25 9:01:21;SKU-001;1;45000;0;CARD
REC-20260725-STORE_03-0343;STORE_03;CASH-05;2026-07-25 9:01:21;SKU-008;3;12000;0;CASH
REC-20260725-STORE_03-0343;STORE_03;CASH-03;2026-07-25 9:01:21;SKU-010;2;25000;500;CASH
REC-20260725-STORE_03-0343;STORE_03;CASH-08;2026-07-25 9:01:21;SKU-020;2;12000;1000;CARD
REC-20260725-STORE_03-0344;STORE_03;CASH-10;2026-07-25 17:27:28;SKU-017;3;12000;0;CARD
REC-20260725-STORE_03-0345;STORE_03;CASH-02;2026-07-25 21:23:13;SKU-004;4;25000;1000;CASH
REC-20260725-STORE_03-0345;STORE_03;CASH-02;2026-07-25 21:23:13;SKU-002;1;12000;0;CASH
REC-20260725-STORE_03-0345;STORE_03;CASH-10;2026-07-25 21:23:13;SKU-001;3;45000;1000;CARD
REC-20260725-STORE_03-0345;STORE_03;CASH-09;2026-07-25 21:23:13;SKU-013;1;12000;0;CARD
REC-20260725-STORE_03-0345;STORE_03;CASH-03;2026-07-25 21:23:13;SKU-004;1;25000;0;CARD
REC-20260725-STORE_03-0346;STORE_03;CASH-09;2026-07-25 12:53:58;SKU-021;4;5000;1000;CASH
REC-20260725-STORE_03-0346;STORE_03;CASH-10;2026-07-25 12:53:58;SKU-011;2;5000;0;CARD
REC-20260725-STORE_03-0347;STORE_03;CASH-10;2026-07-25 10:54:11;SKU-001;1;45000;0;CARD
REC-20260725-STORE_03-0347;STORE_03;CASH-07;2026-07-25 10:54:11;SKU-001;4;45000;1000;CASH
REC-20260725-STORE_03-0348;STORE_03;CASH-05;2026-07-25 19:52:00;SKU-004;2;25000;1000;CASH
REC-20260725-STORE_03-0348;STORE_03;CASH-01;2026-07-25 19:52:00;SKU-003;2;45000;0;CARD
REC-20260725-STORE_03-0349;STORE_03;CASH-03;2026-07-25 16:31:29;SKU-003;4;45000;500;CARD
REC-20260725-STORE_03-0349;STORE_03;CASH-02;2026-07-25 16:31:29;SKU-012;4;45000;0;CASH
REC-20260725-STORE_03-0350;STORE_03;CASH-09;2026-07-25 15:07:56;SKU-026;3;12000;500;CARD
REC-20260725-STORE_03-0350;STORE_03;CASH-05;2026-07-25 15:07:56;SKU-016;1;25000;0;CASH
REC-20260725-STORE_03-0351;STORE_03;CASH-02;2026-07-25 21:47:44;SKU-004;4;25000;1000;CARD
REC-20260725-STORE_03-0351;STORE_03;CASH-04;2026-07-25 21:47:44;SKU-009;4;25000;0;CARD
REC-20260725-STORE_03-0351;STORE_03;CASH-04;2026-07-25 21:47:44;SKU-024;1;12000;0;CASH
REC-20260725-STORE_03-0351;STORE_03;CASH-05;2026-07-25 21:47:44;SKU-033;2;5000;500;CARD
REC-20260725-STORE_03-0352;STORE_03;CASH-04;2026-07-25 14:37:17;SKU-002;4;12000;0;CASH
REC-20260725-STORE_03-0352;STORE_03;CASH-01;2026-07-25 14:37:17;SKU-001;2;45000;1000;CARD
REC-20260725-STORE_03-0352;STORE_03;CASH-01;2026-07-25 14:37:17;SKU-038;1;12000;500;CARD
REC-20260725-STORE_03-0353;STORE_03;CASH-02;2026-07-25 11:37:28;SKU-001;2;45000;500;CARD
REC-20260725-STORE_03-0353;STORE_03;CASH-07;2026-07-25 11:37:28;SKU-002;1;12000;500;CASH
REC-20260725-STORE_03-0354;STORE_03;CASH-07;2026-07-25 21:42:26;SKU-001;2;45000;0;CARD
REC-20260725-STORE_03-0354;STORE_03;CASH-07;2026-07-25 21:42:26;SKU-050;3;25000;0;CARD
REC-20260725-STORE_03-0354;STORE_03;CASH-01;2026-07-25 21:42:26;SKU-025;2;5000;0;CARD
REC-20260725-STORE_03-0355;STORE_03;CASH-01;2026-07-25 18:38:10;SKU-002;2;12000;0;CARD
REC-20260725-STORE_03-0355;STORE_03;CASH-08;2026-07-25 18:38:10;SKU-050;1;25000;0;CASH
REC-20260725-STORE_03-0355;STORE_03;CASH-07;2026-07-25 18:38:10;SKU-001;1;45000;0;CARD
REC-20260725-STORE_03-0355;STORE_03;CASH-05;2026-07-25 18:38:10;SKU-020;1;12000;0;CARD
REC-20260725-STORE_03-0356;STORE_03;CASH-07;2026-07-25 17:59:05;SKU-001;4;45000;0;CARD
REC-20260725-STORE_03-0356;STORE_03;CASH-03;2026-07-25 17:59:05;SKU-002;2;12000;0;CARD
REC-20260725-STORE_03-0356;STORE_03;CASH-09;2026-07-25 17:59:05;SKU-001;1;45000;500;CARD
REC-20260725-STORE_03-0357;STORE_03;CASH-07;2026-07-25 15:11:32;SKU-012;4;45000;0;CARD
REC-20260725-STORE_03-0357;STORE_03;CASH-02;2026-07-25 15:11:32;SKU-001;3;45000;0;CARD
REC-20260725-STORE_03-0357;STORE_03;CASH-09;2026-07-25 15:11:32;SKU-001;4;45000;0;CARD
REC-20260725-STORE_03-0357;STORE_03;CASH-09;2026-07-25 15:11:32;SKU-024;2;12000;500;CARD
REC-20260725-STORE_03-0357;STORE_03;CASH-07;2026-07-25 15:11:32;SKU-013;1;12000;0;CASH
REC-20260725-STORE_03-0358;STORE_03;CASH-05;2026-07-25 12:00:56;SKU-001;4;45000;0;CARD
REC-20260725-STORE_03-0358;STORE_03;CASH-01;2026-07-25 12:00:56;SKU-001;3;45000;0;CARD
REC-20260725-STORE_03-0358;STORE_03;CASH-09;2026-07-25 12:00:56;SKU-046;4;25000;0;CASH
REC-20260725-STORE_03-0358;STORE_03;CASH-04;2026-07-25 12:00:56;SKU-001;2;45000;1000;CARD
REC-20260725-STORE_03-0359;STORE_03;CASH-10;2026-07-25 19:13:41;SKU-001;3;45000;0;CASH
REC-20260725-STORE_03-0359;STORE_03;CASH-10;2026-07-25 19:13:41;SKU-009;2;25000;1000;CARD
REC-20260725-STORE_03-0360;STORE_03;CASH-03;2026-07-25 8:19:57;SKU-006;3;45000;500;CARD
REC-20260725-STORE_03-0360;STORE_03;CASH-07;2026-07-25 8:19:57;SKU-001;2;45000;0;CARD
REC-20260725-STORE_03-0360;STORE_03;CASH-10;2026-07-25 8:19:57;SKU-002;2;12000;500;CASH
REC-20260725-STORE_03-0360;STORE_03;CASH-07;2026-07-25 8:19:57;SKU-016;3;25000;0;CARD
REC-20260725-STORE_03-0360;STORE_03;CASH-05;2026-07-25 8:19:57;SKU-001;4;45000;0;CARD
REC-20260725-STORE_03-0361;STORE_03;CASH-08;2026-07-25 15:05:13;SKU-002;1;12000;1000;CASH
REC-20260725-STORE_03-0361;STORE_03;CASH-08;2026-07-25 15:05:13;SKU-021;1;5000;0;CARD
REC-20260725-STORE_03-0361;STORE_03;CASH-10;2026-07-25 15:05:13;SKU-003;4;45000;0;CARD
REC-20260725-STORE_03-0361;STORE_03;CASH-07;2026-07-25 15:05:13;SKU-017;2;12000;1000;CARD
REC-20260725-STORE_03-0362;STORE_03;CASH-10;2026-07-25 10:28:27;SKU-014;4;5000;500;CARD
REC-20260725-STORE_03-0362;STORE_03;CASH-04;2026-07-25 10:28:27;SKU-006;4;45000;0;CARD
REC-20260725-STORE_03-0363;STORE_03;CASH-06;2026-07-25 12:27:52;SKU-006;2;45000;0;CARD
REC-20260725-STORE_03-0363;STORE_03;CASH-05;2026-07-25 12:27:52;SKU-021;1;5000;1000;CARD
REC-20260725-STORE_03-0363;STORE_03;CASH-02;2026-07-25 12:27:52;SKU-003;1;45000;0;CARD
REC-20260725-STORE_03-0363;STORE_03;CASH-03;2026-07-25 12:27:52;SKU-012;2;45000;0;CARD
REC-20260725-STORE_03-0363;STORE_03;CASH-05;2026-07-25 12:27:52;SKU-006;2;45000;0;CARD
REC-20260725-STORE_03-0364;STORE_03;CASH-07;2026-07-25 12:28:58;SKU-010;3;25000;0;CASH
REC-20260725-STORE_03-0364;STORE_03;CASH-08;2026-07-25 12:28:58;SKU-004;3;25000;0;CASH
REC-20260725-STORE_03-0364;STORE_03;CASH-04;2026-07-25 12:28:58;SKU-001;1;45000;500;CARD
REC-20260725-STORE_03-0364;STORE_03;CASH-10;2026-07-25 12:28:58;SKU-013;1;12000;0;CARD
REC-20260725-STORE_03-0364;STORE_03;CASH-08;2026-07-25 12:28:58;SKU-001;2;45000;1000;CASH
REC-20260725-STORE_03-0365;STORE_03;CASH-03;2026-07-25 12:28:25;SKU-003;1;45000;1000;CASH
REC-20260725-STORE_03-0365;STORE_03;CASH-04;2026-07-25 12:28:25;SKU-012;1;45000;0;CARD
REC-20260725-STORE_03-0365;STORE_03;CASH-04;2026-07-25 12:28:25;SKU-002;2;12000;0;CARD
REC-20260725-STORE_03-0365;STORE_03;CASH-04;2026-07-25 12:28:25;SKU-007;3;12000;0;CASH
REC-20260725-STORE_03-0365;STORE_03;CASH-09;2026-07-25 12:28:25;SKU-024;3;12000;1000;CARD
REC-20260725-STORE_03-0366;STORE_03;CASH-02;2026-07-25 14:13:00;SKU-001;3;45000;500;CARD
REC-20260725-STORE_03-0366;STORE_03;CASH-03;2026-07-25 14:13:00;SKU-046;3;25000;0;CARD
REC-20260725-STORE_03-0366;STORE_03;CASH-10;2026-07-25 14:13:00;SKU-002;1;12000;0;CARD
REC-20260725-STORE_03-0367;STORE_03;CASH-03;2026-07-25 13:23:02;SKU-014;1;5000;500;CASH
REC-20260725-STORE_03-0367;STORE_03;CASH-03;2026-07-25 13:23:02;SKU-036;3;45000;1000;CASH
REC-20260725-STORE_03-0367;STORE_03;CASH-01;2026-07-25 13:23:02;SKU-011;3;5000;1000;CASH
REC-20260725-STORE_03-0367;STORE_03;CASH-04;2026-07-25 13:23:02;SKU-002;3;12000;0;CASH
REC-20260725-STORE_03-0367;STORE_03;CASH-04;2026-07-25 13:23:02;SKU-032;2;25000;0;CASH
REC-20260725-STORE_03-0368;STORE_03;CASH-09;2026-07-25 12:43:52;SKU-004;1;25000;1000;CARD
REC-20260725-STORE_03-0369;STORE_03;CASH-04;2026-07-25 10:48:14;SKU-001;4;45000;500;CARD
REC-20260725-STORE_03-0369;STORE_03;CASH-02;2026-07-25 10:48:14;SKU-014;2;5000;0;CARD
REC-20260725-STORE_03-0370;STORE_03;CASH-08;2026-07-25 14:34:36;SKU-005;4;5000;1000;CASH
REC-20260725-STORE_03-0371;STORE_03;CASH-06;2026-07-25 20:27:35;SKU-005;3;5000;0;CARD
REC-20260725-STORE_03-0371;STORE_03;CASH-08;2026-07-25 20:27:35;SKU-001;1;45000;0;CARD
REC-20260725-STORE_03-0371;STORE_03;CASH-06;2026-07-25 20:27:35;SKU-002;4;12000;0;CARD
REC-20260725-STORE_03-0371;STORE_03;CASH-01;2026-07-25 20:27:35;SKU-002;2;12000;0;CARD
REC-20260725-STORE_03-0371;STORE_03;CASH-04;2026-07-25 20:27:35;SKU-045;4;45000;0;CASH
REC-20260725-STORE_03-0372;STORE_03;CASH-06;2026-07-25 18:20:48;SKU-004;2;25000;1000;CARD
REC-20260725-STORE_03-0372;STORE_03;CASH-07;2026-07-25 18:20:48;SKU-010;4;25000;500;CASH
REC-20260725-STORE_03-0372;STORE_03;CASH-05;2026-07-25 18:20:48;SKU-003;3;45000;500;CARD
REC-20260725-STORE_03-0372;STORE_03;CASH-07;2026-07-25 18:20:48;SKU-024;4;12000;500;CARD
REC-20260725-STORE_03-0373;STORE_03;CASH-01;2026-07-25 20:46:14;SKU-002;3;12000;1000;CARD
REC-20260725-STORE_03-0373;STORE_03;CASH-08;2026-07-25 20:46:14;SKU-001;1;45000;0;CARD
REC-20260725-STORE_03-0374;STORE_03;CASH-09;2026-07-25 12:04:36;SKU-014;1;5000;1000;CARD
REC-20260725-STORE_03-0375;STORE_03;CASH-03;2026-07-25 9:31:37;SKU-002;4;12000;0;CARD
REC-20260725-STORE_03-0375;STORE_03;CASH-10;2026-07-25 9:31:37;SKU-002;3;12000;0;CARD
REC-20260725-STORE_03-0375;STORE_03;CASH-07;2026-07-25 9:31:37;SKU-002;1;12000;500;CASH
REC-20260725-STORE_03-0375;STORE_03;CASH-03;2026-07-25 9:31:37;SKU-048;4;25000;1000;CARD
REC-20260725-STORE_03-0375;STORE_03;CASH-09;2026-07-25 9:31:37;SKU-005;3;5000;0;CASH
REC-20260725-STORE_03-0376;STORE_03;CASH-04;2026-07-25 12:51:51;SKU-004;1;25000;1000;CARD
REC-20260725-STORE_03-0376;STORE_03;CASH-01;2026-07-25 12:51:51;SKU-005;1;5000;0;CARD
REC-20260725-STORE_03-0377;STORE_03;CASH-08;2026-07-25 17:08:31;SKU-002;1;12000;0;CARD
REC-20260725-STORE_03-0378;STORE_03;CASH-08;2026-07-25 15:54:52;SKU-017;1;12000;0;CASH
REC-20260725-STORE_03-0378;STORE_03;CASH-09;2026-07-25 15:54:52;SKU-006;2;45000;0;CARD
REC-20260725-STORE_03-0378;STORE_03;CASH-01;2026-07-25 15:54:52;SKU-005;1;5000;0;CARD
REC-20260725-STORE_03-0378;STORE_03;CASH-02;2026-07-25 15:54:52;SKU-001;2;45000;500;CARD
REC-20260725-STORE_03-0378;STORE_03;CASH-08;2026-07-25 15:54:52;SKU-003;1;45000;0;CARD
REC-20260725-STORE_03-0379;STORE_03;CASH-06;2026-07-25 13:11:23;SKU-005;2;5000;0;CARD
REC-20260725-STORE_03-0379;STORE_03;CASH-10;2026-07-25 13:11:23;SKU-003;4;45000;0;CARD
REC-20260725-STORE_03-0379;STORE_03;CASH-10;2026-07-25 13:11:23;SKU-013;2;12000;0;CASH
REC-20260725-STORE_03-0379;STORE_03;CASH-10;2026-07-25 13:11:23;SKU-001;2;45000;1000;CARD
REC-20260725-STORE_03-0379;STORE_03;CASH-04;2026-07-25 13:11:23;SKU-001;2;45000;0;CARD
REC-20260725-STORE_03-0380;STORE_03;CASH-02;2026-07-25 11:15:22;SKU-035;1;5000;1000;CARD
REC-20260725-STORE_03-0380;STORE_03;CASH-01;2026-07-25 11:15:22;SKU-031;1;45000;0;CARD
REC-20260725-STORE_03-0380;STORE_03;CASH-08;2026-07-25 11:15:22;SKU-015;2;5000;0;CASH
REC-20260725-STORE_03-0380;STORE_03;CASH-04;2026-07-25 11:15:22;SKU-005;4;5000;1000;CARD
REC-20260725-STORE_03-0380;STORE_03;CASH-10;2026-07-25 11:15:22;SKU-028;3;5000;500;CASH
REC-20260725-STORE_03-0381;STORE_03;CASH-01;2026-07-25 18:53:05;SKU-003;2;45000;0;CARD
REC-20260725-STORE_03-0381;STORE_03;CASH-06;2026-07-25 18:53:05;SKU-001;3;45000;0;CASH
REC-20260725-STORE_03-0381;STORE_03;CASH-04;2026-07-25 18:53:05;SKU-036;4;45000;0;CARD
REC-20260725-STORE_03-0381;STORE_03;CASH-03;2026-07-25 18:53:05;SKU-027;1;5000;1000;CASH
REC-20260725-STORE_03-0382;STORE_03;CASH-05;2026-07-25 15:31:25;SKU-021;2;5000;1000;CASH
REC-20260725-STORE_03-0382;STORE_03;CASH-08;2026-07-25 15:31:25;SKU-029;2;5000;0;CARD
REC-20260725-STORE_03-0382;STORE_03;CASH-05;2026-07-25 15:31:25;SKU-012;3;45000;0;CASH
REC-20260725-STORE_03-0382;STORE_03;CASH-04;2026-07-25 15:31:25;SKU-002;2;12000;0;CASH
REC-20260725-STORE_03-0382;STORE_03;CASH-01;2026-07-25 15:31:25;SKU-014;4;5000;0;CASH
REC-20260725-STORE_03-0383;STORE_03;CASH-02;2026-07-25 8:48:52;SKU-001;1;45000;500;CARD
REC-20260725-STORE_03-0383;STORE_03;CASH-10;2026-07-25 8:48:52;SKU-026;2;12000;0;CASH
REC-20260725-STORE_03-0384;STORE_03;CASH-10;2026-07-25 11:04:14;SKU-012;2;45000;0;CARD
REC-20260725-STORE_03-0384;STORE_03;CASH-03;2026-07-25 11:04:14;SKU-001;2;45000;0;CARD
REC-20260725-STORE_03-0384;STORE_03;CASH-04;2026-07-25 11:04:14;SKU-001;2;45000;0;CARD
REC-20260725-STORE_03-0384;STORE_03;CASH-06;2026-07-25 11:04:14;SKU-015;4;5000;0;CASH
REC-20260725-STORE_03-0385;STORE_03;CASH-07;2026-07-25 21:38:09;SKU-040;4;25000;1000;CASH
REC-20260725-STORE_03-0385;STORE_03;CASH-04;2026-07-25 21:38:09;SKU-001;4;45000;0;CARD
REC-20260725-STORE_03-0385;STORE_03;CASH-07;2026-07-25 21:38:09;SKU-009;3;25000;0;CARD
REC-20260725-STORE_03-0385;STORE_03;CASH-10;2026-07-25 21:38:09;SKU-006;4;45000;0;CARD
REC-20260725-STORE_03-0386;STORE_03;CASH-04;2026-07-25 11:17:14;SKU-008;3;12000;500;CARD
REC-20260725-STORE_03-0386;STORE_03;CASH-08;2026-07-25 11:17:14;SKU-002;3;12000;0;CARD
REC-20260725-STORE_03-0387;STORE_03;CASH-01;2026-07-25 11:26:11;SKU-048;2;25000;0;CASH
REC-20260725-STORE_03-0387;STORE_03;CASH-07;2026-07-25 11:26:11;SKU-025;4;5000;500;CARD
REC-20260725-STORE_03-0387;STORE_03;CASH-08;2026-07-25 11:26:11;SKU-001;3;45000;500;CARD
REC-20260725-STORE_03-0387;STORE_03;CASH-10;2026-07-25 11:26:11;SKU-002;2;12000;0;CARD
REC-20260725-STORE_03-0387;STORE_03;CASH-10;2026-07-25 11:26:11;SKU-003;1;45000;1000;CASH
REC-20260725-STORE_03-0388;STORE_03;CASH-08;2026-07-25 13:23:57;SKU-001;4;45000;1000;CASH
REC-20260725-STORE_03-0388;STORE_03;CASH-03;2026-07-25 13:23:57;SKU-001;3;45000;1000;CARD
REC-20260725-STORE_03-0388;STORE_03;CASH-10;2026-07-25 13:23:57;SKU-007;1;12000;1000;CASH
REC-20260725-STORE_03-0389;STORE_03;CASH-05;2026-07-25 15:00:20;SKU-045;2;45000;0;CASH
REC-20260725-STORE_03-0390;STORE_03;CASH-08;2026-07-25 13:12:06;SKU-002;1;12000;0;CARD
REC-20260725-STORE_03-0390;STORE_03;CASH-04;2026-07-25 13:12:06;SKU-001;1;45000;0;CARD
REC-20260725-STORE_03-0391;STORE_03;CASH-03;2026-07-25 14:38:43;SKU-012;4;45000;0;CARD
REC-20260725-STORE_03-0392;STORE_03;CASH-10;2026-07-25 13:03:20;SKU-001;1;45000;0;CASH
REC-20260725-STORE_03-0393;STORE_03;CASH-03;2026-07-25 20:26:36;SKU-012;4;45000;0;CARD
REC-20260725-STORE_03-0394;STORE_03;CASH-03;2026-07-25 16:17:53;SKU-011;4;5000;0;CARD
REC-20260725-STORE_03-0394;STORE_03;CASH-01;2026-07-25 16:17:53;SKU-001;2;45000;0;CARD
REC-20260725-STORE_03-0395;STORE_03;CASH-08;2026-07-25 18:55:57;SKU-001;3;45000;500;CASH
REC-20260725-STORE_03-0395;STORE_03;CASH-05;2026-07-25 18:55:57;SKU-014;3;5000;500;CASH
REC-20260725-STORE_03-0395;STORE_03;CASH-04;2026-07-25 18:55:57;SKU-004;4;25000;0;CARD
REC-20260725-STORE_03-0395;STORE_03;CASH-04;2026-07-25 18:55:57;SKU-001;3;45000;0;CASH
REC-20260725-STORE_03-0396;STORE_03;CASH-04;2026-07-25 14:48:02;SKU-018;3;5000;0;CARD
REC-20260725-STORE_03-0396;STORE_03;CASH-09;2026-07-25 14:48:02;SKU-002;4;12000;0;CASH
REC-20260725-STORE_03-0396;STORE_03;CASH-08;2026-07-25 14:48:02;SKU-001;3;45000;0;CARD
REC-20260725-STORE_03-0396;STORE_03;CASH-10;2026-07-25 14:48:02;SKU-004;3;25000;0;CARD
REC-20260725-STORE_03-0396;STORE_03;CASH-07;2026-07-25 14:48:02;SKU-005;3;5000;1000;CARD
REC-20260725-STORE_03-0397;STORE_03;CASH-09;2026-07-25 13:22:40;SKU-021;1;5000;0;CARD
REC-20260725-STORE_03-0397;STORE_03;CASH-04;2026-07-25 13:22:40;SKU-018;2;5000;1000;CARD
REC-20260725-STORE_03-0398;STORE_03;CASH-09;2026-07-25 18:11:18;SKU-045;3;45000;0;CARD
REC-20260725-STORE_03-0398;STORE_03;CASH-06;2026-07-25 18:11:18;SKU-001;1;45000;0;CASH
REC-20260725-STORE_03-0398;STORE_03;CASH-06;2026-07-25 18:11:18;SKU-006;4;45000;0;CARD
REC-20260725-STORE_03-0398;STORE_03;CASH-08;2026-07-25 18:11:18;SKU-010;4;25000;500;CARD
REC-20260725-STORE_03-0399;STORE_03;CASH-06;2026-07-25 8:06:20;SKU-002;1;12000;0;CARD
REC-20260725-STORE_03-0399;STORE_03;CASH-04;2026-07-25 8:06:20;SKU-001;2;45000;1000;CASH
REC-20260725-STORE_03-0399;STORE_03;CASH-06;2026-07-25 8:06:20;SKU-001;4;45000;0;CARD
REC-20260725-STORE_03-0399;STORE_03;CASH-10;2026-07-25 8:06:20;SKU-001;4;45000;0;CARD
REC-20260725-STORE_03-0400;STORE_03;CASH-09;2026-07-25 10:37:44;SKU-015;4;5000;0;CARD
REC-20260725-STORE_03-0400;STORE_03;CASH-03;2026-07-25 10:37:44;SKU-032;1;25000;0;CASH
REC-20260725-STORE_03-0400;STORE_03;CASH-02;2026-07-25 10:37:44;SKU-001;3;45000;1000;CARD
REC-20260725-STORE_03-0401;STORE_03;CASH-03;2026-07-25 12:28:04;SKU-003;3;45000;0;CASH
REC-20260725-STORE_03-0401;STORE_03;CASH-07;2026-07-25 12:28:04;SKU-030;3;45000;1000;CARD
REC-20260725-STORE_03-0401;STORE_03;CASH-05;2026-07-25 12:28:04;SKU-001;4;45000;0;CARD
REC-20260725-STORE_03-0401;STORE_03;CASH-04;2026-07-25 12:28:04;SKU-014;3;5000;0;CARD
REC-20260725-STORE_03-0402;STORE_03;CASH-06;2026-07-25 19:29:05;SKU-032;1;25000;0;CARD
REC-20260725-STORE_03-0403;STORE_03;CASH-03;2026-07-25 11:32:17;SKU-004;4;25000;0;CARD
REC-20260725-STORE_03-0403;STORE_03;CASH-03;2026-07-25 11:32:17;SKU-002;3;12000;0;CARD
REC-20260725-STORE_03-0404;STORE_03;CASH-03;2026-07-25 11:38:02;SKU-003;2;45000;500;CARD
REC-20260725-STORE_03-0404;STORE_03;CASH-06;2026-07-25 11:38:02;SKU-019;2;25000;500;CASH
REC-20260725-STORE_03-0404;STORE_03;CASH-09;2026-07-25 11:38:02;SKU-005;1;5000;500;CASH
REC-20260725-STORE_03-0404;STORE_03;CASH-10;2026-07-25 11:38:02;SKU-001;3;45000;500;CARD
REC-20260725-STORE_03-0404;STORE_03;CASH-01;2026-07-25 11:38:02;SKU-003;4;45000;0;CARD
REC-20260725-STORE_03-0405;STORE_03;CASH-02;2026-07-25 9:45:46;SKU-023;4;45000;0;CASH
REC-20260725-STORE_03-0405;STORE_03;CASH-10;2026-07-25 9:45:46;SKU-025;2;5000;1000;CARD
REC-20260725-STORE_03-0406;STORE_03;CASH-02;2026-07-25 18:50:39;SKU-004;3;25000;500;CARD
REC-20260725-STORE_03-0406;STORE_03;CASH-04;2026-07-25 18:50:39;SKU-027;3;5000;0;CARD
REC-20260725-STORE_03-0406;STORE_03;CASH-01;2026-07-25 18:50:39;SKU-037;4;45000;0;CARD
REC-20260725-STORE_03-0406;STORE_03;CASH-04;2026-07-25 18:50:39;SKU-004;2;25000;0;CASH
REC-20260725-STORE_03-0407;STORE_03;CASH-09;2026-07-25 14:23:36;SKU-001;1;45000;1000;CASH
REC-20260725-STORE_03-0407;STORE_03;CASH-01;2026-07-25 14:23:36;SKU-006;4;45000;0;CARD
REC-20260725-STORE_03-0408;STORE_03;CASH-07;2026-07-25 9:58:16;SKU-005;3;5000;0;CARD
REC-20260725-STORE_03-0408;STORE_03;CASH-09;2026-07-25 9:58:16;SKU-014;2;5000;0;CARD
REC-20260725-STORE_03-0408;STORE_03;CASH-09;2026-07-25 9:58:16;SKU-007;1;12000;500;CASH
REC-20260725-STORE_03-0408;STORE_03;CASH-08;2026-07-25 9:58:16;SKU-002;3;12000;0;CARD
REC-20260725-STORE_03-0409;STORE_03;CASH-02;2026-07-25 15:08:29;SKU-010;2;25000;0;CARD
REC-20260725-STORE_03-0410;STORE_03;CASH-06;2026-07-25 21:54:16;SKU-020;1;12000;0;CASH
REC-20260725-STORE_03-0410;STORE_03;CASH-02;2026-07-25 21:54:16;SKU-004;3;25000;0;CASH
REC-20260725-STORE_03-0410;STORE_03;CASH-08;2026-07-25 21:54:16;SKU-002;2;12000;0;CARD
REC-20260725-STORE_03-0411;STORE_03;CASH-08;2026-07-25 11:10:27;SKU-004;1;25000;500;CASH
REC-20260725-STORE_03-0412;STORE_03;CASH-10;2026-07-25 14:49:30;SKU-040;4;25000;0;CARD
REC-20260725-STORE_03-0412;STORE_03;CASH-10;2026-07-25 14:49:30;SKU-001;1;45000;0;CARD
REC-20260725-STORE_03-0412;STORE_03;CASH-02;2026-07-25 14:49:30;SKU-030;2;45000;500;CARD
REC-20260725-STORE_03-0412;STORE_03;CASH-09;2026-07-25 14:49:30;SKU-039;1;5000;500;CARD
REC-20260725-STORE_03-0412;STORE_03;CASH-10;2026-07-25 14:49:30;SKU-016;1;25000;0;CARD
REC-20260725-STORE_03-0413;STORE_03;CASH-06;2026-07-25 12:00:08;SKU-012;1;45000;0;CASH
REC-20260725-STORE_03-0414;STORE_03;CASH-02;2026-07-25 13:10:14;SKU-006;4;45000;0;CARD
REC-20260725-STORE_03-0415;STORE_03;CASH-03;2026-07-25 17:27:39;SKU-002;2;12000;1000;CARD
REC-20260725-STORE_03-0416;STORE_03;CASH-09;2026-07-25 8:09:51;SKU-009;4;25000;1000;CARD
REC-20260725-STORE_03-0416;STORE_03;CASH-05;2026-07-25 8:09:51;SKU-010;2;25000;0;CARD
REC-20260725-STORE_03-0416;STORE_03;CASH-03;2026-07-25 8:09:51;SKU-028;4;5000;0;CASH
REC-20260725-STORE_03-0417;STORE_03;CASH-07;2026-07-25 13:18:22;SKU-002;4;12000;1000;CASH
REC-20260725-STORE_03-0417;STORE_03;CASH-08;2026-07-25 13:18:22;SKU-004;2;25000;0;CASH
REC-20260725-STORE_03-0417;STORE_03;CASH-10;2026-07-25 13:18:22;SKU-025;1;5000;500;CARD
REC-20260725-STORE_03-0417;STORE_03;CASH-06;2026-07-25 13:18:22;SKU-003;2;45000;0;CASH
REC-20260725-STORE_03-0417;STORE_03;CASH-06;2026-07-25 13:18:22;SKU-040;2;25000;500;CARD
REC-20260725-STORE_03-0418;STORE_03;CASH-04;2026-07-25 12:23:04;SKU-005;1;5000;0;CARD
REC-20260725-STORE_03-0418;STORE_03;CASH-10;2026-07-25 12:23:04;SKU-025;1;5000;500;CARD
REC-20260725-STORE_03-0418;STORE_03;CASH-07;2026-07-25 12:23:04;SKU-004;1;25000;500;CASH
REC-20260725-STORE_03-0418;STORE_03;CASH-04;2026-07-25 12:23:04;SKU-019;3;25000;1000;CARD
REC-20260725-STORE_03-0418;STORE_03;CASH-09;2026-07-25 12:23:04;SKU-030;4;45000;1000;CASH
REC-20260725-STORE_03-0419;STORE_03;CASH-02;2026-07-25 17:19:58;SKU-011;3;5000;1000;CARD
REC-20260725-STORE_03-0419;STORE_03;CASH-09;2026-07-25 17:19:58;SKU-024;1;12000;0;CASH
REC-20260725-STORE_03-0420;STORE_03;CASH-07;2026-07-25 10:21:12;SKU-016;2;25000;0;CASH
REC-20260725-STORE_03-0420;STORE_03;CASH-04;2026-07-25 10:21:12;SKU-005;2;5000;0;CARD
REC-20260725-STORE_03-0420;STORE_03;CASH-05;2026-07-25 10:21:12;SKU-005;3;5000;0;CASH
REC-20260725-STORE_03-0420;STORE_03;CASH-02;2026-07-25 10:21:12;SKU-008;1;12000;0;CARD
REC-20260725-STORE_03-0420;STORE_03;CASH-10;2026-07-25 10:21:12;SKU-024;4;12000;500;CASH
REC-20260725-STORE_03-0421;STORE_03;CASH-07;2026-07-25 11:04:34;SKU-012;2;45000;1000;CARD
REC-20260725-STORE_03-0421;STORE_03;CASH-07;2026-07-25 11:04:34;SKU-023;4;45000;1000;CARD
REC-20260725-STORE_03-0421;STORE_03;CASH-02;2026-07-25 11:04:34;SKU-025;1;5000;1000;CARD
REC-20260725-STORE_03-0421;STORE_03;CASH-07;2026-07-25 11:04:34;SKU-003;1;45000;0;CASH
REC-20260725-STORE_03-0421;STORE_03;CASH-06;2026-07-25 11:04:34;SKU-042;4;5000;1000;CARD
REC-20260725-STORE_03-0422;STORE_03;CASH-03;2026-07-25 20:57:34;SKU-023;3;45000;0;CASH
REC-20260725-STORE_03-0422;STORE_03;CASH-09;2026-07-25 20:57:34;SKU-002;4;12000;0;CARD
REC-20260725-STORE_03-0422;STORE_03;CASH-05;2026-07-25 20:57:34;SKU-003;2;45000;0;CASH
REC-20260725-STORE_03-0422;STORE_03;CASH-01;2026-07-25 20:57:34;SKU-003;1;45000;0;CARD
REC-20260725-STORE_03-0423;STORE_03;CASH-08;2026-07-25 8:25:01;SKU-033;2;5000;0;CARD
REC-20260725-STORE_03-0423;STORE_03;CASH-10;2026-07-25 8:25:01;SKU-001;4;45000;0;CASH
REC-20260725-STORE_03-0423;STORE_03;CASH-08;2026-07-25 8:25:01;SKU-002;3;12000;0;CARD
REC-20260725-STORE_03-0423;STORE_03;CASH-04;2026-07-25 8:25:01;SKU-036;3;45000;500;CARD
REC-20260725-STORE_03-0423;STORE_03;CASH-01;2026-07-25 8:25:01;SKU-020;1;12000;0;CARD
REC-20260725-STORE_03-0424;STORE_03;CASH-01;2026-07-25 15:51:59;SKU-007;2;12000;0;CARD
REC-20260725-STORE_03-0424;STORE_03;CASH-04;2026-07-25 15:51:59;SKU-005;1;5000;0;CARD
REC-20260725-STORE_03-0424;STORE_03;CASH-07;2026-07-25 15:51:59;SKU-001;4;45000;1000;CARD
REC-20260725-STORE_03-0425;STORE_03;CASH-04;2026-07-25 14:46:35;SKU-001;1;45000;0;CARD
REC-20260725-STORE_03-0425;STORE_03;CASH-01;2026-07-25 14:46:35;SKU-002;3;12000;0;CARD
REC-20260725-STORE_03-0426;STORE_03;CASH-06;2026-07-25 16:44:15;SKU-002;3;12000;0;CARD
REC-20260725-STORE_03-0426;STORE_03;CASH-04;2026-07-25 16:44:15;SKU-001;1;45000;0;CASH
REC-20260725-STORE_03-0426;STORE_03;CASH-08;2026-07-25 16:44:15;SKU-003;4;45000;500;CASH
REC-20260725-STORE_03-0426;STORE_03;CASH-07;2026-07-25 16:44:15;SKU-020;1;12000;0;CARD
REC-20260725-STORE_03-0426;STORE_03;CASH-05;2026-07-25 16:44:15;SKU-002;2;12000;0;CARD
REC-20260725-STORE_03-0427;STORE_03;CASH-10;2026-07-25 8:32:29;SKU-022;4;12000;1000;CARD
REC-20260725-STORE_03-0427;STORE_03;CASH-02;2026-07-25 8:32:29;SKU-009;4;25000;500;CASH
REC-20260725-STORE_03-0427;STORE_03;CASH-01;2026-07-25 8:32:29;SKU-005;3;5000;0;CASH
REC-20260725-STORE_03-0428;STORE_03;CASH-07;2026-07-25 9:55:52;SKU-034;1;25000;0;CARD
REC-20260725-STORE_03-0428;STORE_03;CASH-01;2026-07-25 9:55:52;SKU-008;1;12000;500;CARD
REC-20260725-STORE_03-0428;STORE_03;CASH-09;2026-07-25 9:55:52;SKU-001;2;45000;0;CARD
REC-20260725-STORE_03-0428;STORE_03;CASH-01;2026-07-25 9:55:52;SKU-010;4;25000;1000;CARD
REC-20260725-STORE_03-0428;STORE_03;CASH-01;2026-07-25 9:55:52;SKU-037;4;45000;1000;CARD
REC-20260725-STORE_03-0429;STORE_03;CASH-08;2026-07-25 14:30:30;SKU-006;1;45000;500;CARD
REC-20260725-STORE_03-0430;STORE_03;CASH-07;2026-07-25 14:28:03;SKU-046;2;25000;0;CASH
REC-20260725-STORE_03-0430;STORE_03;CASH-04;2026-07-25 14:28:03;SKU-003;2;45000;1000;CARD
REC-20260725-STORE_03-0430;STORE_03;CASH-04;2026-07-25 14:28:03;SKU-002;1;12000;0;CASH
REC-20260725-STORE_03-0430;STORE_03;CASH-07;2026-07-25 14:28:03;SKU-028;4;5000;1000;CARD
REC-20260725-STORE_03-0430;STORE_03;CASH-03;2026-07-25 14:28:03;SKU-001;1;45000;0;CARD
REC-20260725-STORE_03-0431;STORE_03;CASH-07;2026-07-25 20:33:42;SKU-014;3;5000;500;CARD
REC-20260725-STORE_03-0432;STORE_03;CASH-01;2026-07-25 15:03:36;SKU-001;2;45000;0;CARD
REC-20260725-STORE_03-0432;STORE_03;CASH-04;2026-07-25 15:03:36;SKU-007;2;12000;0;CARD
REC-20260725-STORE_03-0433;STORE_03;CASH-02;2026-07-25 10:14:10;SKU-047;3;5000;500;CARD
REC-20260725-STORE_03-0434;STORE_03;CASH-07;2026-07-25 18:21:46;SKU-026;1;12000;1000;CARD
REC-20260725-STORE_03-0434;STORE_03;CASH-04;2026-07-25 18:21:46;SKU-018;4;5000;0;CARD
REC-20260725-STORE_03-0434;STORE_03;CASH-01;2026-07-25 18:21:46;SKU-002;2;12000;500;CASH
REC-20260725-STORE_03-0434;STORE_03;CASH-06;2026-07-25 18:21:46;SKU-010;3;25000;0;CARD
REC-20260725-STORE_03-0434;STORE_03;CASH-05;2026-07-25 18:21:46;SKU-001;4;45000;1000;CARD
REC-20260725-STORE_03-0435;STORE_03;CASH-02;2026-07-25 13:23:15;SKU-001;4;45000;0;CARD
REC-20260725-STORE_03-0435;STORE_03;CASH-09;2026-07-25 13:23:15;SKU-032;1;25000;500;CASH
REC-20260725-STORE_03-0435;STORE_03;CASH-02;2026-07-25 13:23:15;SKU-002;3;12000;0;CARD
REC-20260725-STORE_03-0435;STORE_03;CASH-05;2026-07-25 13:23:15;SKU-022;1;12000;1000;CASH
REC-20260725-STORE_03-0436;STORE_03;CASH-01;2026-07-25 21:06:24;SKU-041;2;25000;0;CARD
REC-20260725-STORE_03-0436;STORE_03;CASH-06;2026-07-25 21:06:24;SKU-012;2;45000;1000;CASH
REC-20260725-STORE_03-0436;STORE_03;CASH-10;2026-07-25 21:06:24;SKU-002;3;12000;0;CARD
REC-20260725-STORE_03-0437;STORE_03;CASH-08;2026-07-25 19:23:34;SKU-046;3;25000;500;CARD
REC-20260725-STORE_03-0437;STORE_03;CASH-10;2026-07-25 19:23:34;SKU-049;2;5000;0;CARD
REC-20260725-STORE_03-0438;STORE_03;CASH-06;2026-07-25 16:29:03;SKU-003;2;45000;0;CARD
REC-20260725-STORE_03-0438;STORE_03;CASH-08;2026-07-25 16:29:03;SKU-005;2;5000;0;CARD
REC-20260725-STORE_03-0439;STORE_03;CASH-07;2026-07-25 14:38:51;SKU-019;2;25000;500;CASH
REC-20260725-STORE_03-0440;STORE_03;CASH-05;2026-07-25 12:14:30;SKU-001;2;45000;1000;CARD
REC-20260725-STORE_03-0440;STORE_03;CASH-07;2026-07-25 12:14:30;SKU-008;1;12000;0;CARD
REC-20260725-STORE_03-0441;STORE_03;CASH-09;2026-07-25 15:53:15;SKU-034;3;25000;0;CARD
REC-20260725-STORE_03-0441;STORE_03;CASH-05;2026-07-25 15:53:15;SKU-001;2;45000;500;CASH
REC-20260725-STORE_03-0441;STORE_03;CASH-02;2026-07-25 15:53:15;SKU-016;4;25000;1000;CARD
REC-20260725-STORE_03-0442;STORE_03;CASH-05;2026-07-25 15:39:06;SKU-001;1;45000;500;CASH
REC-20260725-STORE_03-0442;STORE_03;CASH-08;2026-07-25 15:39:06;SKU-001;3;45000;0;CARD
REC-20260725-STORE_03-0442;STORE_03;CASH-06;2026-07-25 15:39:06;SKU-049;2;5000;0;CARD
REC-20260725-STORE_03-0442;STORE_03;CASH-06;2026-07-25 15:39:06;SKU-009;3;25000;0;CARD
REC-20260725-STORE_03-0443;STORE_03;CASH-06;2026-07-25 9:45:19;SKU-018;4;5000;500;CARD
REC-20260725-STORE_03-0444;STORE_03;CASH-06;2026-07-25 17:00:28;SKU-001;1;45000;0;CARD
REC-20260725-STORE_03-0444;STORE_03;CASH-04;2026-07-25 17:00:28;SKU-008;2;12000;500;CARD
REC-20260725-STORE_03-0444;STORE_03;CASH-01;2026-07-25 17:00:28;SKU-001;2;45000;500;CASH
REC-20260725-STORE_03-0445;STORE_03;CASH-01;2026-07-25 17:55:47;SKU-019;3;25000;500;CARD
REC-20260725-STORE_03-0446;STORE_03;CASH-02;2026-07-25 15:28:14;SKU-005;3;5000;0;CASH
REC-20260725-STORE_03-0446;STORE_03;CASH-06;2026-07-25 15:28:14;SKU-005;3;5000;0;CARD
REC-20260725-STORE_03-0446;STORE_03;CASH-06;2026-07-25 15:28:14;SKU-026;1;12000;1000;CARD
REC-20260725-STORE_03-0447;STORE_03;CASH-02;2026-07-25 20:46:58;SKU-001;3;45000;500;CARD
REC-20260725-STORE_03-0447;STORE_03;CASH-02;2026-07-25 20:46:58;SKU-002;1;12000;0;CASH
REC-20260725-STORE_03-0448;STORE_03;CASH-06;2026-07-25 21:59:24;SKU-001;4;45000;500;CARD
REC-20260725-STORE_03-0448;STORE_03;CASH-09;2026-07-25 21:59:24;SKU-015;2;5000;0;CARD
REC-20260725-STORE_03-0449;STORE_03;CASH-08;2026-07-25 11:42:38;SKU-012;1;45000;500;CARD
REC-20260725-STORE_03-0449;STORE_03;CASH-06;2026-07-25 11:42:38;SKU-001;1;45000;0;CARD
REC-20260725-STORE_03-0449;STORE_03;CASH-08;2026-07-25 11:42:38;SKU-026;4;12000;500;CASH
REC-20260725-STORE_03-0449;STORE_03;CASH-06;2026-07-25 11:42:38;SKU-007;2;12000;1000;CASH
REC-20260725-STORE_03-0449;STORE_03;CASH-03;2026-07-25 11:42:38;SKU-002;4;12000;0;CARD
REC-20260725-STORE_03-0450;STORE_03;CASH-06;2026-07-25 16:29:57;SKU-001;4;45000;1000;CARD
REC-20260725-STORE_03-0450;STORE_03;CASH-08;2026-07-25 16:29:57;SKU-002;2;12000;500;CARD
REC-20260725-STORE_03-0450;STORE_03;CASH-01;2026-07-25 16:29:57;SKU-001;3;45000;0;CARD
REC-20260725-STORE_03-0450;STORE_03;CASH-08;2026-07-25 16:29:57;SKU-012;2;45000;0;CASH
REC-20260725-STORE_03-0450;STORE_03;CASH-07;2026-07-25 16:29:57;SKU-003;4;45000;0;CASH
REC-20260725-STORE_03-0451;STORE_03;CASH-07;2026-07-25 9:47:02;SKU-004;3;25000;0;CASH
REC-20260725-STORE_03-0451;STORE_03;CASH-05;2026-07-25 9:47:02;SKU-016;2;25000;0;CARD
REC-20260725-STORE_03-0451;STORE_03;CASH-03;2026-07-25 9:47:02;SKU-011;3;5000;0;CARD
REC-20260725-STORE_03-0452;STORE_03;CASH-01;2026-07-25 16:09:40;SKU-011;2;5000;1000;CARD
REC-20260725-STORE_03-0452;STORE_03;CASH-04;2026-07-25 16:09:40;SKU-015;4;5000;0;CASH
REC-20260725-STORE_03-0452;STORE_03;CASH-10;2026-07-25 16:09:40;SKU-002;3;12000;0;CARD
REC-20260725-STORE_03-0453;STORE_03;CASH-05;2026-07-25 8:13:11;SKU-026;2;12000;0;CARD
REC-20260725-STORE_03-0454;STORE_03;CASH-08;2026-07-25 20:54:46;SKU-005;2;5000;0;CASH
REC-20260725-STORE_03-0454;STORE_03;CASH-04;2026-07-25 20:54:46;SKU-002;2;12000;500;CARD
REC-20260725-STORE_03-0454;STORE_03;CASH-01;2026-07-25 20:54:46;SKU-002;3;12000;0;CARD
REC-20260725-STORE_03-0454;STORE_03;CASH-09;2026-07-25 20:54:46;SKU-011;3;5000;0;CASH
REC-20260725-STORE_03-0454;STORE_03;CASH-03;2026-07-25 20:54:46;SKU-013;2;12000;1000;CASH
REC-20260725-STORE_03-0455;STORE_03;CASH-03;2026-07-25 8:09:38;SKU-023;1;45000;0;CASH
REC-20260725-STORE_03-0455;STORE_03;CASH-06;2026-07-25 8:09:38;SKU-011;1;5000;0;CARD
REC-20260725-STORE_03-0456;STORE_03;CASH-06;2026-07-25 16:39:02;SKU-003;3;45000;1000;CASH
REC-20260725-STORE_03-0456;STORE_03;CASH-07;2026-07-25 16:39:02;SKU-003;4;45000;500;CASH
REC-20260725-STORE_03-0457;STORE_03;CASH-01;2026-07-25 21:58:35;SKU-010;3;25000;1000;CASH
REC-20260725-STORE_03-0457;STORE_03;CASH-06;2026-07-25 21:58:35;SKU-031;4;45000;500;CARD
REC-20260725-STORE_03-0458;STORE_03;CASH-09;2026-07-25 13:08:43;SKU-001;3;45000;0;CARD
REC-20260725-STORE_03-0459;STORE_03;CASH-02;2026-07-25 10:32:59;SKU-003;2;45000;1000;CASH
REC-20260725-STORE_03-0459;STORE_03;CASH-02;2026-07-25 10:32:59;SKU-015;4;5000;0;CARD
REC-20260725-STORE_03-0460;STORE_03;CASH-10;2026-07-25 9:41:14;SKU-001;3;45000;500;CASH
REC-20260725-STORE_03-0460;STORE_03;CASH-06;2026-07-25 9:41:14;SKU-003;4;45000;500;CARD
REC-20260725-STORE_03-0460;STORE_03;CASH-05;2026-07-25 9:41:14;SKU-001;3;45000;0;CARD
REC-20260725-STORE_03-0460;STORE_03;CASH-02;2026-07-25 9:41:14;SKU-006;3;45000;0;CASH
REC-20260725-STORE_03-0461;STORE_03;CASH-03;2026-07-25 13:06:02;SKU-001;1;45000;1000;CASH
REC-20260725-STORE_03-0461;STORE_03;CASH-03;2026-07-25 13:06:02;SKU-037;3;45000;0;CARD
REC-20260725-STORE_03-0461;STORE_03;CASH-06;2026-07-25 13:06:02;SKU-037;2;45000;0;CARD
REC-20260725-STORE_03-0462;STORE_03;CASH-01;2026-07-25 21:31:16;SKU-003;3;45000;500;CASH
REC-20260725-STORE_03-0463;STORE_03;CASH-08;2026-07-25 18:23:39;SKU-001;2;45000;0;CASH
REC-20260725-STORE_03-0463;STORE_03;CASH-04;2026-07-25 18:23:39;SKU-002;3;12000;0;CASH
REC-20260725-STORE_03-0463;STORE_03;CASH-01;2026-07-25 18:23:39;SKU-004;4;25000;0;CARD
REC-20260725-STORE_03-0463;STORE_03;CASH-06;2026-07-25 18:23:39;SKU-019;3;25000;500;CARD
REC-20260725-STORE_03-0463;STORE_03;CASH-06;2026-07-25 18:23:39;SKU-019;2;25000;1000;CARD
REC-20260725-STORE_03-0464;STORE_03;CASH-10;2026-07-25 12:08:22;SKU-015;2;5000;0;CARD
REC-20260725-STORE_03-0465;STORE_03;CASH-06;2026-07-25 8:48:16;SKU-009;2;25000;0;CARD
REC-20260725-STORE_03-0466;STORE_03;CASH-08;2026-07-25 15:57:52;SKU-003;3;45000;0;CARD
REC-20260725-STORE_03-0467;STORE_03;CASH-10;2026-07-25 20:17:08;SKU-013;3;12000;1000;CARD
REC-20260725-STORE_03-0467;STORE_03;CASH-05;2026-07-25 20:17:08;SKU-001;2;45000;0;CARD
REC-20260725-STORE_03-0467;STORE_03;CASH-10;2026-07-25 20:17:08;SKU-001;1;45000;500;CASH
REC-20260725-STORE_03-0468;STORE_03;CASH-01;2026-07-25 18:46:51;SKU-007;1;12000;1000;CASH
REC-20260725-STORE_03-0468;STORE_03;CASH-02;2026-07-25 18:46:51;SKU-003;1;45000;0;CARD
REC-20260725-STORE_03-0468;STORE_03;CASH-04;2026-07-25 18:46:51;SKU-020;4;12000;0;CARD
REC-20260725-STORE_03-0468;STORE_03;CASH-06;2026-07-25 18:46:51;SKU-002;2;12000;0;CARD
REC-20260725-STORE_03-0468;STORE_03;CASH-05;2026-07-25 18:46:51;SKU-016;2;25000;0;CARD
REC-20260725-STORE_03-0469;STORE_03;CASH-09;2026-07-25 20:47:46;SKU-040;2;25000;1000;CARD
REC-20260725-STORE_03-0469;STORE_03;CASH-04;2026-07-25 20:47:46;SKU-018;2;5000;0;CARD
REC-20260725-STORE_03-0470;STORE_03;CASH-02;2026-07-25 19:41:41;SKU-006;1;45000;500;CARD
REC-20260725-STORE_03-0470;STORE_03;CASH-06;2026-07-25 19:41:41;SKU-003;4;45000;1000;CASH
REC-20260725-STORE_03-0470;STORE_03;CASH-09;2026-07-25 19:41:41;SKU-008;2;12000;0;CASH
REC-20260725-STORE_03-0471;STORE_03;CASH-10;2026-07-25 11:29:43;SKU-010;4;25000;1000;CASH
REC-20260725-STORE_03-0472;STORE_03;CASH-01;2026-07-25 21:56:30;SKU-001;1;45000;500;CARD
REC-20260725-STORE_03-0473;STORE_03;CASH-02;2026-07-25 12:09:09;SKU-001;2;45000;1000;CASH
REC-20260725-STORE_03-0473;STORE_03;CASH-10;2026-07-25 12:09:09;SKU-008;2;12000;0;CARD
REC-20260725-STORE_03-0473;STORE_03;CASH-08;2026-07-25 12:09:09;SKU-001;2;45000;1000;CARD
REC-20260725-STORE_03-0473;STORE_03;CASH-06;2026-07-25 12:09:09;SKU-003;4;45000;0;CASH
REC-20260725-STORE_03-0473;STORE_03;CASH-05;2026-07-25 12:09:09;SKU-020;1;12000;0;CARD
REC-20260725-STORE_03-0474;STORE_03;CASH-04;2026-07-25 8:58:39;SKU-003;4;45000;0;CARD
REC-20260725-STORE_03-0474;STORE_03;CASH-02;2026-07-25 8:58:39;SKU-024;2;12000;500;CARD
REC-20260725-STORE_03-0474;STORE_03;CASH-05;2026-07-25 8:58:39;SKU-040;4;25000;0;CASH
REC-20260725-STORE_03-0474;STORE_03;CASH-06;2026-07-25 8:58:39;SKU-003;4;45000;1000;CARD
REC-20260725-STORE_03-0474;STORE_03;CASH-02;2026-07-25 8:58:39;SKU-016;2;25000;0;CARD
REC-20260725-STORE_03-0475;STORE_03;CASH-05;2026-07-25 17:38:45;SKU-001;3;45000;1000;CARD
REC-20260725-STORE_03-0475;STORE_03;CASH-08;2026-07-25 17:38:45;SKU-005;1;5000;0;CARD
REC-20260725-STORE_03-0475;STORE_03;CASH-10;2026-07-25 17:38:45;SKU-001;1;45000;1000;CARD
REC-20260725-STORE_03-0476;STORE_03;CASH-01;2026-07-25 10:31:02;SKU-002;3;12000;500;CARD
REC-20260725-STORE_03-0477;STORE_03;CASH-10;2026-07-25 21:32:17;SKU-001;1;45000;0;CARD
REC-20260725-STORE_03-0478;STORE_03;CASH-03;2026-07-25 21:12:57;SKU-010;1;25000;500;CARD
REC-20260725-STORE_03-0478;STORE_03;CASH-08;2026-07-25 21:12:57;SKU-005;3;5000;500;CARD
REC-20260725-STORE_03-0479;STORE_03;CASH-04;2026-07-25 9:47:15;SKU-001;1;45000;0;CARD
REC-20260725-STORE_03-0479;STORE_03;CASH-02;2026-07-25 9:47:15;SKU-002;1;12000;1000;CARD
REC-20260725-STORE_03-0479;STORE_03;CASH-10;2026-07-25 9:47:15;SKU-004;4;25000;0;CASH
REC-20260725-STORE_03-0480;STORE_03;CASH-02;2026-07-25 9:42:26;SKU-001;1;45000;0;CASH
REC-20260725-STORE_03-0481;STORE_03;CASH-07;2026-07-25 20:10:46;SKU-027;4;5000;0;CASH
REC-20260725-STORE_03-0482;STORE_03;CASH-02;2026-07-25 16:29:00;SKU-036;3;45000;0;CASH
REC-20260725-STORE_03-0482;STORE_03;CASH-01;2026-07-25 16:29:00;SKU-004;2;25000;0;CARD
REC-20260725-STORE_03-0482;STORE_03;CASH-10;2026-07-25 16:29:00;SKU-001;4;45000;1000;CASH
REC-20260725-STORE_03-0483;STORE_03;CASH-08;2026-07-25 11:28:24;SKU-001;3;45000;1000;CASH
REC-20260725-STORE_03-0483;STORE_03;CASH-01;2026-07-25 11:28:24;SKU-001;1;45000;0;CARD
REC-20260725-STORE_03-0483;STORE_03;CASH-07;2026-07-25 11:28:24;SKU-004;3;25000;0;CARD
REC-20260725-STORE_03-0484;STORE_03;CASH-04;2026-07-25 15:25:31;SKU-001;3;45000;0;CASH
REC-20260725-STORE_03-0484;STORE_03;CASH-05;2026-07-25 15:25:31;SKU-042;1;5000;0;CARD
REC-20260725-STORE_03-0484;STORE_03;CASH-08;2026-07-25 15:25:31;SKU-001;3;45000;1000;CARD
REC-20260725-STORE_03-0484;STORE_03;CASH-02;2026-07-25 15:25:31;SKU-003;1;45000;0;CARD
REC-20260725-STORE_03-0484;STORE_03;CASH-04;2026-07-25 15:25:31;SKU-006;1;45000;0;CASH
REC-20260725-STORE_03-0485;STORE_03;CASH-09;2026-07-25 11:11:35;SKU-043;1;25000;0;CASH
REC-20260725-STORE_03-0485;STORE_03;CASH-06;2026-07-25 11:11:35;SKU-001;4;45000;1000;CARD
REC-20260725-STORE_03-0486;STORE_03;CASH-07;2026-07-25 9:19:02;SKU-002;1;12000;1000;CARD
REC-20260725-STORE_03-0486;STORE_03;CASH-10;2026-07-25 9:19:02;SKU-023;1;45000;0;CARD
REC-20260725-STORE_03-0486;STORE_03;CASH-09;2026-07-25 9:19:02;SKU-042;1;5000;500;CASH
REC-20260725-STORE_03-0486;STORE_03;CASH-03;2026-07-25 9:19:02;SKU-039;2;5000;500;CARD
REC-20260725-STORE_03-0487;STORE_03;CASH-08;2026-07-25 14:17:25;SKU-001;1;45000;500;CARD
REC-20260725-STORE_03-0488;STORE_03;CASH-01;2026-07-25 15:34:17;SKU-018;2;5000;0;CASH
REC-20260725-STORE_03-0488;STORE_03;CASH-04;2026-07-25 15:34:17;SKU-012;2;45000;1000;CARD
REC-20260725-STORE_03-0488;STORE_03;CASH-07;2026-07-25 15:34:17;SKU-031;1;45000;0;CASH
REC-20260725-STORE_03-0488;STORE_03;CASH-06;2026-07-25 15:34:17;SKU-001;2;45000;0;CARD
REC-20260725-STORE_03-0489;STORE_03;CASH-03;2026-07-25 10:04:06;SKU-005;4;5000;0;CASH
REC-20260725-STORE_03-0489;STORE_03;CASH-05;2026-07-25 10:04:06;SKU-044;1;5000;0;CASH
REC-20260725-STORE_03-0489;STORE_03;CASH-07;2026-07-25 10:04:06;SKU-014;1;5000;0;CASH
REC-20260725-STORE_03-0489;STORE_03;CASH-05;2026-07-25 10:04:06;SKU-001;1;45000;0;CARD
REC-20260725-STORE_03-0489;STORE_03;CASH-05;2026-07-25 10:04:06;SKU-032;4;25000;500;CARD
REC-20260725-STORE_03-0490;STORE_03;CASH-03;2026-07-25 20:02:34;SKU-004;2;25000;0;CARD
REC-20260725-STORE_03-0490;STORE_03;CASH-04;2026-07-25 20:02:34;SKU-032;2;25000;0;CASH
REC-20260725-STORE_03-0490;STORE_03;CASH-10;2026-07-25 20:02:34;SKU-005;4;5000;0;CARD
REC-20260725-STORE_03-0490;STORE_03;CASH-01;2026-07-25 20:02:34;SKU-029;4;5000;0;CARD
REC-20260725-STORE_03-0491;STORE_03;CASH-04;2026-07-25 16:04:39;SKU-021;4;5000;0;CARD
REC-20260725-STORE_03-0492;STORE_03;CASH-07;2026-07-25 9:07:14;SKU-001;3;45000;500;CASH
REC-20260725-STORE_03-0492;STORE_03;CASH-05;2026-07-25 9:07:14;SKU-001;1;45000;500;CASH
REC-20260725-STORE_03-0493;STORE_03;CASH-10;2026-07-25 10:09:03;SKU-029;3;5000;500;CARD
REC-20260725-STORE_03-0493;STORE_03;CASH-04;2026-07-25 10:09:03;SKU-002;4;12000;0;CARD
REC-20260725-STORE_03-0493;STORE_03;CASH-06;2026-07-25 10:09:03;SKU-004;4;25000;0;CARD
REC-20260725-STORE_03-0494;STORE_03;CASH-06;2026-07-25 13:25:16;SKU-004;3;25000;1000;CASH
REC-20260725-STORE_03-0494;STORE_03;CASH-08;2026-07-25 13:25:16;SKU-001;3;45000;0;CARD
REC-20260725-STORE_03-0494;STORE_03;CASH-10;2026-07-25 13:25:16;SKU-008;2;12000;0;CARD
REC-20260725-STORE_03-0495;STORE_03;CASH-01;2026-07-25 8:16:34;SKU-003;2;45000;0;CARD
REC-20260725-STORE_03-0495;STORE_03;CASH-04;2026-07-25 8:16:34;SKU-016;1;25000;1000;CARD
REC-20260725-STORE_03-0495;STORE_03;CASH-09;2026-07-25 8:16:34;SKU-004;3;25000;0;CARD
REC-20260725-STORE_03-0495;STORE_03;CASH-02;2026-07-25 8:16:34;SKU-001;1;45000;500;CARD
REC-20260725-STORE_03-0496;STORE_03;CASH-07;2026-07-25 10:46:29;SKU-001;2;45000;500;CARD
REC-20260725-STORE_03-0496;STORE_03;CASH-06;2026-07-25 10:46:29;SKU-004;3;25000;0;CASH
REC-20260725-STORE_03-0497;STORE_03;CASH-08;2026-07-25 10:02:58;SKU-014;4;5000;500;CASH
REC-20260725-STORE_03-0497;STORE_03;CASH-04;2026-07-25 10:02:58;SKU-008;4;12000;0;CARD
REC-20260725-STORE_03-0497;STORE_03;CASH-07;2026-07-25 10:02:58;SKU-003;4;45000;500;CARD
REC-20260725-STORE_03-0498;STORE_03;CASH-09;2026-07-25 10:26:08;SKU-001;1;45000;0;CARD
REC-20260725-STORE_03-0498;STORE_03;CASH-10;2026-07-25 10:26:08;SKU-012;4;45000;0;CASH
REC-20260725-STORE_03-0498;STORE_03;CASH-02;2026-07-25 10:26:08;SKU-003;1;45000;0;CASH
REC-20260725-STORE_03-0498;STORE_03;CASH-05;2026-07-25 10:26:08;SKU-002;2;12000;0;CARD
REC-20260725-STORE_03-0499;STORE_03;CASH-02;2026-07-25 15:48:30;SKU-001;4;45000;1000;CASH
REC-20260725-STORE_03-0499;STORE_03;CASH-03;2026-07-25 15:48:30;SKU-012;2;45000;1000;CARD
REC-20260725-STORE_03-0499;STORE_03;CASH-05;2026-07-25 15:48:30;SKU-005;3;5000;1000;CARD
REC-20260725-STORE_03-0499;STORE_03;CASH-02;2026-07-25 15:48:30;SKU-047;2;5000;0;CARD
REC-20260725-STORE_03-0500;STORE_03;CASH-01;2026-07-25 18:25:52;SKU-005;2;5000;0;CARD
REC-20260725-STORE_03-0501;STORE_03;CASH-07;2026-07-25 17:46:43;SKU-033;3;5000;0;CARD
REC-20260725-STORE_03-0502;STORE_03;CASH-09;2026-07-25 20:38:53;SKU-013;4;12000;500;CARD
REC-20260725-STORE_03-0502;STORE_03;CASH-09;2026-07-25 20:38:53;SKU-001;3;45000;0;CARD
REC-20260725-STORE_03-0503;STORE_03;CASH-02;2026-07-25 16:39:28;SKU-001;3;45000;1000;CARD
REC-20260725-STORE_03-0504;STORE_03;CASH-01;2026-07-25 11:13:20;SKU-022;2;12000;0;CASH
REC-20260725-STORE_03-0504;STORE_03;CASH-05;2026-07-25 11:13:20;SKU-009;3;25000;1000;CARD
REC-20260725-STORE_03-0505;STORE_03;CASH-03;2026-07-25 19:23:11;SKU-006;4;45000;0;CARD
REC-20260725-STORE_03-0506;STORE_03;CASH-04;2026-07-25 19:55:52;SKU-013;4;12000;0;CARD
REC-20260725-STORE_03-0506;STORE_03;CASH-02;2026-07-25 19:55:52;SKU-005;4;5000;500;CASH
REC-20260725-STORE_03-0507;STORE_03;CASH-01;2026-07-25 15:55:58;SKU-030;3;45000;0;CASH
REC-20260725-STORE_03-0507;STORE_03;CASH-10;2026-07-25 15:55:58;SKU-001;3;45000;0;CARD
REC-20260725-STORE_03-0507;STORE_03;CASH-05;2026-07-25 15:55:58;SKU-003;1;45000;0;CASH
REC-20260725-STORE_03-0508;STORE_03;CASH-09;2026-07-25 15:44:26;SKU-002;3;12000;0;CARD
REC-20260725-STORE_03-0509;STORE_03;CASH-10;2026-07-25 21:57:58;SKU-043;3;25000;1000;CASH
REC-20260725-STORE_03-0509;STORE_03;CASH-08;2026-07-25 21:57:58;SKU-036;4;45000;500;CARD
REC-20260725-STORE_03-0510;STORE_03;CASH-01;2026-07-25 19:54:00;SKU-005;2;5000;0;CASH
REC-20260725-STORE_03-0510;STORE_03;CASH-02;2026-07-25 19:54:00;SKU-001;2;45000;0;CARD
REC-20260725-STORE_03-0511;STORE_03;CASH-05;2026-07-25 16:55:57;SKU-010;3;25000;1000;CASH
REC-20260725-STORE_03-0512;STORE_03;CASH-05;2026-07-25 13:33:10;SKU-001;4;45000;1000;CARD
REC-20260725-STORE_03-0512;STORE_03;CASH-10;2026-07-25 13:33:10;SKU-001;2;45000;500;CARD
REC-20260725-STORE_03-0512;STORE_03;CASH-08;2026-07-25 13:33:10;SKU-001;2;45000;0;CASH
REC-20260725-STORE_03-0512;STORE_03;CASH-08;2026-07-25 13:33:10;SKU-014;4;5000;500;CARD
REC-20260725-STORE_03-0513;STORE_03;CASH-05;2026-07-25 16:25:42;SKU-014;3;5000;1000;CARD
REC-20260725-STORE_03-0513;STORE_03;CASH-07;2026-07-25 16:25:42;SKU-046;3;25000;0;CARD
REC-20260725-STORE_03-0513;STORE_03;CASH-02;2026-07-25 16:25:42;SKU-009;4;25000;0;CARD
REC-20260725-STORE_03-0513;STORE_03;CASH-07;2026-07-25 16:25:42;SKU-006;2;45000;0;CARD
REC-20260725-STORE_03-0513;STORE_03;CASH-02;2026-07-25 16:25:42;SKU-001;2;45000;500;CARD
REC-20260725-STORE_03-0514;STORE_03;CASH-02;2026-07-25 19:09:54;SKU-005;3;5000;0;CARD
REC-20260725-STORE_03-0514;STORE_03;CASH-03;2026-07-25 19:09:54;SKU-036;4;45000;0;CARD
REC-20260725-STORE_03-0514;STORE_03;CASH-08;2026-07-25 19:09:54;SKU-006;2;45000;500;CARD
REC-20260725-STORE_03-0514;STORE_03;CASH-06;2026-07-25 19:09:54;SKU-006;1;45000;500;CARD
REC-20260725-STORE_03-0515;STORE_03;CASH-10;2026-07-25 18:05:13;SKU-042;1;5000;0;CASH
REC-20260725-STORE_03-0515;STORE_03;CASH-03;2026-07-25 18:05:13;SKU-009;2;25000;0;CARD
REC-20260725-STORE_03-0515;STORE_03;CASH-09;2026-07-25 18:05:13;SKU-001;4;45000;0;CARD
REC-20260725-STORE_03-0516;STORE_03;CASH-07;2026-07-25 13:37:42;SKU-007;4;12000;1000;CARD
REC-20260725-STORE_03-0516;STORE_03;CASH-01;2026-07-25 13:37:42;SKU-019;3;25000;0;CARD
REC-20260725-STORE_03-0516;STORE_03;CASH-05;2026-07-25 13:37:42;SKU-001;4;45000;0;CARD
REC-20260725-STORE_03-0516;STORE_03;CASH-04;2026-07-25 13:37:42;SKU-023;1;45000;500;CARD
REC-20260725-STORE_03-0517;STORE_03;CASH-09;2026-07-25 16:11:32;SKU-008;3;12000;1000;CASH
REC-20260725-STORE_03-0517;STORE_03;CASH-08;2026-07-25 16:11:32;SKU-009;4;25000;0;CARD
REC-20260725-STORE_03-0517;STORE_03;CASH-08;2026-07-25 16:11:32;SKU-011;2;5000;0;CARD
REC-20260725-STORE_03-0518;STORE_03;CASH-06;2026-07-25 14:52:07;SKU-002;3;12000;1000;CARD
REC-20260725-STORE_03-0518;STORE_03;CASH-03;2026-07-25 14:52:07;SKU-002;1;12000;1000;CASH
REC-20260725-STORE_03-0519;STORE_03;CASH-03;2026-07-25 10:59:56;SKU-001;4;45000;1000;CARD
REC-20260725-STORE_03-0520;STORE_03;CASH-05;2026-07-25 18:41:55;SKU-011;1;5000;0;CASH
REC-20260725-STORE_03-0520;STORE_03;CASH-03;2026-07-25 18:41:55;SKU-006;3;45000;0;CARD
REC-20260725-STORE_03-0520;STORE_03;CASH-01;2026-07-25 18:41:55;SKU-004;3;25000;0;CASH
REC-20260725-STORE_03-0520;STORE_03;CASH-05;2026-07-25 18:41:55;SKU-003;2;45000;0;CARD
REC-20260725-STORE_03-0520;STORE_03;CASH-01;2026-07-25 18:41:55;SKU-042;4;5000;0;CARD
REC-20260725-STORE_03-0521;STORE_03;CASH-01;2026-07-25 14:04:15;SKU-002;1;12000;0;CARD
REC-20260725-STORE_03-0521;STORE_03;CASH-10;2026-07-25 14:04:15;SKU-010;4;25000;500;CARD
REC-20260725-STORE_03-0522;STORE_03;CASH-10;2026-07-25 17:00:21;SKU-003;4;45000;500;CARD
REC-20260725-STORE_03-0522;STORE_03;CASH-10;2026-07-25 17:00:21;SKU-001;4;45000;500;CASH
REC-20260725-STORE_03-0523;STORE_03;CASH-04;2026-07-25 10:21:41;SKU-003;3;45000;0;CASH
REC-20260725-STORE_03-0523;STORE_03;CASH-06;2026-07-25 10:21:41;SKU-001;3;45000;0;CARD
REC-20260725-STORE_03-0523;STORE_03;CASH-01;2026-07-25 10:21:41;SKU-027;2;5000;1000;CARD
REC-20260725-STORE_03-0524;STORE_03;CASH-02;2026-07-25 18:41:38;SKU-021;4;5000;0;CARD
REC-20260725-STORE_03-0524;STORE_03;CASH-08;2026-07-25 18:41:38;SKU-008;2;12000;0;CASH
REC-20260725-STORE_03-0525;STORE_03;CASH-09;2026-07-25 10:31:30;SKU-014;2;5000;0;CASH
REC-20260725-STORE_03-0525;STORE_03;CASH-05;2026-07-25 10:31:30;SKU-001;1;45000;500;CARD
REC-20260725-STORE_03-0525;STORE_03;CASH-05;2026-07-25 10:31:30;SKU-006;1;45000;0;CARD
REC-20260725-STORE_03-0526;STORE_03;CASH-09;2026-07-25 15:56:43;SKU-005;3;5000;0;CARD
REC-20260725-STORE_03-0527;STORE_03;CASH-04;2026-07-25 17:51:59;SKU-006;3;45000;500;CARD
REC-20260725-STORE_03-0527;STORE_03;CASH-01;2026-07-25 17:51:59;SKU-006;4;45000;1000;CARD
REC-20260725-STORE_03-0528;STORE_03;CASH-04;2026-07-25 9:09:33;SKU-001;4;45000;0;CARD
REC-20260725-STORE_03-0529;STORE_03;CASH-03;2026-07-25 17:17:26;SKU-001;4;45000;0;CASH
REC-20260725-STORE_03-0529;STORE_03;CASH-06;2026-07-25 17:17:26;SKU-002;2;12000;0;CARD
REC-20260725-STORE_03-0530;STORE_03;CASH-08;2026-07-25 21:52:44;SKU-004;2;25000;500;CARD
REC-20260725-STORE_03-0530;STORE_03;CASH-08;2026-07-25 21:52:44;SKU-029;3;5000;500;CARD
REC-20260725-STORE_03-0531;STORE_03;CASH-05;2026-07-25 17:44:36;SKU-010;4;25000;0;CARD
REC-20260725-STORE_03-0532;STORE_03;CASH-07;2026-07-25 16:31:03;SKU-003;1;45000;0;CARD
REC-20260725-STORE_03-0532;STORE_03;CASH-04;2026-07-25 16:31:03;SKU-006;2;45000;0;CASH
REC-20260725-STORE_03-0532;STORE_03;CASH-03;2026-07-25 16:31:03;SKU-003;1;45000;0;CARD
REC-20260725-STORE_03-0532;STORE_03;CASH-03;2026-07-25 16:31:03;SKU-043;3;25000;500;CARD
REC-20260725-STORE_03-0532;STORE_03;CASH-04;2026-07-25 16:31:03;SKU-004;3;25000;0;CARD
REC-20260725-STORE_03-0533;STORE_03;CASH-04;2026-07-25 10:52:34;SKU-005;2;5000;0;CASH
REC-20260725-STORE_03-0533;STORE_03;CASH-04;2026-07-25 10:52:34;SKU-011;4;5000;0;CARD
REC-20260725-STORE_03-0533;STORE_03;CASH-08;2026-07-25 10:52:34;SKU-004;4;25000;0;CARD
REC-20260725-STORE_03-0533;STORE_03;CASH-07;2026-07-25 10:52:34;SKU-003;2;45000;0;CARD
REC-20260725-STORE_03-0533;STORE_03;CASH-05;2026-07-25 10:52:34;SKU-007;3;12000;0;CARD
REC-20260725-STORE_03-0534;STORE_03;CASH-05;2026-07-25 21:03:46;SKU-012;4;45000;1000;CARD
REC-20260725-STORE_03-0534;STORE_03;CASH-09;2026-07-25 21:03:46;SKU-022;1;12000;500;CARD
REC-20260725-STORE_03-0534;STORE_03;CASH-08;2026-07-25 21:03:46;SKU-002;3;12000;0;CASH
REC-20260725-STORE_03-0534;STORE_03;CASH-01;2026-07-25 21:03:46;SKU-034;1;25000;500;CARD
REC-20260725-STORE_03-0535;STORE_03;CASH-04;2026-07-25 16:17:49;SKU-005;3;5000;0;CARD
REC-20260725-STORE_03-0535;STORE_03;CASH-06;2026-07-25 16:17:49;SKU-009;1;25000;0;CARD
REC-20260725-STORE_03-0535;STORE_03;CASH-06;2026-07-25 16:17:49;SKU-001;4;45000;0;CARD
REC-20260725-STORE_03-0535;STORE_03;CASH-03;2026-07-25 16:17:49;SKU-002;2;12000;0;CARD
REC-20260725-STORE_03-0536;STORE_03;CASH-04;2026-07-25 20:40:38;SKU-001;3;45000;0;CASH
REC-20260725-STORE_03-0536;STORE_03;CASH-02;2026-07-25 20:40:38;SKU-006;2;45000;0;CARD
REC-20260725-STORE_03-0536;STORE_03;CASH-09;2026-07-25 20:40:38;SKU-038;4;12000;0;CASH
REC-20260725-STORE_03-0536;STORE_03;CASH-06;2026-07-25 20:40:38;SKU-004;2;25000;1000;CARD
REC-20260725-STORE_03-0536;STORE_03;CASH-09;2026-07-25 20:40:38;SKU-017;2;12000;0;CARD
REC-20260725-STORE_03-0537;STORE_03;CASH-07;2026-07-25 14:48:00;SKU-001;3;45000;0;CARD
REC-20260725-STORE_03-0537;STORE_03;CASH-03;2026-07-25 14:48:00;SKU-003;2;45000;0;CARD
REC-20260725-STORE_03-0537;STORE_03;CASH-04;2026-07-25 14:48:00;SKU-001;2;45000;1000;CASH
REC-20260725-STORE_03-0538;STORE_03;CASH-05;2026-07-25 8:41:27;SKU-002;2;12000;1000;CASH
REC-20260725-STORE_03-0539;STORE_03;CASH-02;2026-07-25 18:10:47;SKU-001;1;45000;500;CARD
REC-20260725-STORE_03-0540;STORE_03;CASH-03;2026-07-25 20:05:06;SKU-003;3;45000;0;CASH
REC-20260725-STORE_03-0541;STORE_03;CASH-02;2026-07-25 8:39:35;SKU-011;2;5000;500;CARD
REC-20260725-STORE_03-0542;STORE_03;CASH-01;2026-07-25 14:06:40;SKU-026;3;12000;0;CARD
REC-20260725-STORE_03-0542;STORE_03;CASH-08;2026-07-25 14:06:40;SKU-047;2;5000;0;CARD
REC-20260725-STORE_03-0542;STORE_03;CASH-07;2026-07-25 14:06:40;SKU-022;1;12000;500;CARD
REC-20260725-STORE_03-0542;STORE_03;CASH-06;2026-07-25 14:06:40;SKU-003;2;45000;0;CARD
REC-20260725-STORE_03-0543;STORE_03;CASH-05;2026-07-25 13:11:19;SKU-029;4;5000;0;CASH
REC-20260725-STORE_03-0543;STORE_03;CASH-03;2026-07-25 13:11:19;SKU-001;3;45000;0;CASH
REC-20260725-STORE_03-0543;STORE_03;CASH-06;2026-07-25 13:11:19;SKU-005;4;5000;500;CARD
REC-20260725-STORE_03-0543;STORE_03;CASH-05;2026-07-25 13:11:19;SKU-019;1;25000;1000;CARD
REC-20260725-STORE_03-0543;STORE_03;CASH-01;2026-07-25 13:11:19;SKU-005;3;5000;500;CASH
REC-20260725-STORE_03-0544;STORE_03;CASH-08;2026-07-25 16:38:23;SKU-001;2;45000;1000;CARD
REC-20260725-STORE_03-0544;STORE_03;CASH-10;2026-07-25 16:38:23;SKU-016;1;25000;0;CARD
REC-20260725-STORE_03-0544;STORE_03;CASH-09;2026-07-25 16:38:23;SKU-037;2;45000;0;CARD
REC-20260725-STORE_03-0544;STORE_03;CASH-05;2026-07-25 16:38:23;SKU-004;1;25000;0;CARD
REC-20260725-STORE_03-0544;STORE_03;CASH-01;2026-07-25 16:38:23;SKU-030;1;45000;0;CASH
REC-20260725-STORE_03-0545;STORE_03;CASH-08;2026-07-25 17:05:41;SKU-006;3;45000;0;CARD
REC-20260725-STORE_03-0546;STORE_03;CASH-04;2026-07-25 8:11:26;SKU-001;2;45000;500;CASH
REC-20260725-STORE_03-0546;STORE_03;CASH-09;2026-07-25 8:11:26;SKU-007;2;12000;0;CARD
REC-20260725-STORE_03-0546;STORE_03;CASH-05;2026-07-25 8:11:26;SKU-008;4;12000;500;CARD
REC-20260725-STORE_03-0546;STORE_03;CASH-06;2026-07-25 8:11:26;SKU-036;4;45000;0;CASH
REC-20260725-STORE_03-0547;STORE_03;CASH-03;2026-07-25 8:37:27;SKU-027;2;5000;0;CASH
REC-20260725-STORE_03-0548;STORE_03;CASH-03;2026-07-25 9:04:55;SKU-003;2;45000;0;CASH
REC-20260725-STORE_03-0548;STORE_03;CASH-06;2026-07-25 9:04:55;SKU-001;3;45000;0;CARD
REC-20260725-STORE_03-0549;STORE_03;CASH-03;2026-07-25 13:37:18;SKU-012;3;45000;1000;CARD
REC-20260725-STORE_03-0550;STORE_03;CASH-02;2026-07-25 21:56:28;SKU-024;4;12000;0;CARD
REC-20260725-STORE_03-0550;STORE_03;CASH-08;2026-07-25 21:56:28;SKU-020;2;12000;1000;CARD
REC-20260725-STORE_03-0550;STORE_03;CASH-10;2026-07-25 21:56:28;SKU-001;1;45000;0;CARD
REC-20260725-STORE_03-0550;STORE_03;CASH-10;2026-07-25 21:56:28;SKU-001;2;45000;0;CARD
REC-20260725-STORE_03-0551;STORE_03;CASH-04;2026-07-25 9:19:13;SKU-032;3;25000;0;CASH
REC-20260725-STORE_03-0552;STORE_03;CASH-03;2026-07-25 15:22:55;SKU-001;3;45000;0;CARD
REC-20260725-STORE_03-0552;STORE_03;CASH-04;2026-07-25 15:22:55;SKU-001;2;45000;500;CASH
REC-20260725-STORE_03-0552;STORE_03;CASH-07;2026-07-25 15:22:55;SKU-012;1;45000;0;CARD
REC-20260725-STORE_03-0552;STORE_03;CASH-07;2026-07-25 15:22:55;SKU-009;2;25000;0;CASH
REC-20260725-STORE_03-0553;STORE_03;CASH-08;2026-07-25 21:39:41;SKU-001;3;45000;0;CARD
REC-20260725-STORE_03-0553;STORE_03;CASH-04;2026-07-25 21:39:41;SKU-008;3;12000;500;CASH
REC-20260725-STORE_03-0553;STORE_03;CASH-07;2026-07-25 21:39:41;SKU-001;3;45000;500;CASH
REC-20260725-STORE_03-0553;STORE_03;CASH-06;2026-07-25 21:39:41;SKU-004;3;25000;500;CASH
REC-20260725-STORE_03-0554;STORE_03;CASH-09;2026-07-25 19:36:47;SKU-004;1;25000;500;CASH
REC-20260725-STORE_03-0554;STORE_03;CASH-01;2026-07-25 19:36:47;SKU-019;4;25000;0;CARD
REC-20260725-STORE_03-0554;STORE_03;CASH-01;2026-07-25 19:36:47;SKU-002;2;12000;500;CASH
REC-20260725-STORE_03-0554;STORE_03;CASH-09;2026-07-25 19:36:47;SKU-001;4;45000;0;CARD
REC-20260725-STORE_03-0555;STORE_03;CASH-08;2026-07-25 20:02:01;SKU-045;3;45000;0;CARD
REC-20260725-STORE_03-0555;STORE_03;CASH-08;2026-07-25 20:02:01;SKU-001;2;45000;0;CASH
REC-20260725-STORE_03-0555;STORE_03;CASH-01;2026-07-25 20:02:01;SKU-003;4;45000;500;CARD
REC-20260725-STORE_03-0556;STORE_03;CASH-01;2026-07-25 19:42:12;SKU-002;1;12000;0;CARD
REC-20260725-STORE_03-0556;STORE_03;CASH-02;2026-07-25 19:42:12;SKU-001;1;45000;0;CASH
REC-20260725-STORE_03-0557;STORE_03;CASH-10;2026-07-25 19:33:16;SKU-001;2;45000;1000;CASH
REC-20260725-STORE_03-0557;STORE_03;CASH-08;2026-07-25 19:33:16;SKU-009;3;25000;500;CASH
REC-20260725-STORE_03-0558;STORE_03;CASH-08;2026-07-25 12:39:09;SKU-003;2;45000;0;CASH
REC-20260725-STORE_03-0558;STORE_03;CASH-09;2026-07-25 12:39:09;SKU-005;2;5000;0;CARD
REC-20260725-STORE_03-0558;STORE_03;CASH-02;2026-07-25 12:39:09;SKU-001;2;45000;0;CASH
REC-20260725-STORE_03-0559;STORE_03;CASH-09;2026-07-25 13:08:19;SKU-003;4;45000;500;CASH
REC-20260725-STORE_03-0560;STORE_03;CASH-07;2026-07-25 10:09:20;SKU-020;1;12000;0;CASH
REC-20260725-STORE_03-0560;STORE_03;CASH-02;2026-07-25 10:09:20;SKU-012;4;45000;0;CARD
REC-20260725-STORE_03-0561;STORE_03;CASH-06;2026-07-25 15:26:10;SKU-033;3;5000;0;CASH
REC-20260725-STORE_03-0561;STORE_03;CASH-09;2026-07-25 15:26:10;SKU-009;2;25000;1000;CASH
REC-20260725-STORE_03-0562;STORE_03;CASH-08;2026-07-25 9:54:57;SKU-018;4;5000;0;CASH
REC-20260725-STORE_03-0562;STORE_03;CASH-02;2026-07-25 9:54:57;SKU-001;4;45000;0;CASH
REC-20260725-STORE_03-0563;STORE_03;CASH-10;2026-07-25 20:47:46;SKU-025;4;5000;0;CARD
REC-20260725-STORE_03-0563;STORE_03;CASH-04;2026-07-25 20:47:46;SKU-006;2;45000;0;CASH
REC-20260725-STORE_03-0563;STORE_03;CASH-10;2026-07-25 20:47:46;SKU-012;4;45000;1000;CARD
REC-20260725-STORE_03-0563;STORE_03;CASH-10;2026-07-25 20:47:46;SKU-002;2;12000;0;CASH
REC-20260725-STORE_03-0564;STORE_03;CASH-09;2026-07-25 12:06:21;SKU-037;3;45000;500;CARD
REC-20260725-STORE_03-0564;STORE_03;CASH-04;2026-07-25 12:06:21;SKU-001;3;45000;0;CARD
REC-20260725-STORE_03-0565;STORE_03;CASH-02;2026-07-25 15:41:53;SKU-001;4;45000;1000;CASH
REC-20260725-STORE_03-0565;STORE_03;CASH-05;2026-07-25 15:41:53;SKU-002;4;12000;0;CASH
REC-20260725-STORE_03-0565;STORE_03;CASH-08;2026-07-25 15:41:53;SKU-001;1;45000;1000;CARD
REC-20260725-STORE_03-0565;STORE_03;CASH-04;2026-07-25 15:41:53;SKU-001;4;45000;0;CARD
REC-20260725-STORE_03-0565;STORE_03;CASH-03;2026-07-25 15:41:53;SKU-007;4;12000;0;CASH
REC-20260725-STORE_03-0566;STORE_03;CASH-04;2026-07-25 16:46:27;SKU-002;2;12000;0;CARD
REC-20260725-STORE_03-0566;STORE_03;CASH-10;2026-07-25 16:46:27;SKU-015;3;5000;1000;CARD
REC-20260725-STORE_03-0566;STORE_03;CASH-09;2026-07-25 16:46:27;SKU-002;4;12000;0;CARD
REC-20260725-STORE_03-0567;STORE_03;CASH-07;2026-07-25 12:53:53;SKU-001;3;45000;0;CASH
REC-20260725-STORE_03-0568;STORE_03;CASH-04;2026-07-25 15:31:07;SKU-015;4;5000;500;CARD
REC-20260725-STORE_03-0568;STORE_03;CASH-03;2026-07-25 15:31:07;SKU-018;3;5000;0;CARD
REC-20260725-STORE_03-0568;STORE_03;CASH-03;2026-07-25 15:31:07;SKU-006;1;45000;0;CASH
REC-20260725-STORE_03-0568;STORE_03;CASH-05;2026-07-25 15:31:07;SKU-001;3;45000;0;CASH
REC-20260725-STORE_03-0568;STORE_03;CASH-10;2026-07-25 15:31:07;SKU-030;1;45000;500;CASH
REC-20260725-STORE_03-0569;STORE_03;CASH-07;2026-07-25 14:15:11;SKU-001;2;45000;500;CARD
REC-20260725-STORE_03-0570;STORE_03;CASH-04;2026-07-25 15:55:07;SKU-002;4;12000;500;CARD
REC-20260725-STORE_03-0570;STORE_03;CASH-05;2026-07-25 15:55:07;SKU-011;1;5000;0;CARD
REC-20260725-STORE_03-0570;STORE_03;CASH-04;2026-07-25 15:55:07;SKU-007;3;12000;1000;CASH
REC-20260725-STORE_03-0571;STORE_03;CASH-09;2026-07-25 17:40:33;SKU-001;4;45000;500;CARD
REC-20260725-STORE_03-0571;STORE_03;CASH-05;2026-07-25 17:40:33;SKU-032;2;25000;0;CARD
REC-20260725-STORE_03-0571;STORE_03;CASH-06;2026-07-25 17:40:33;SKU-038;3;12000;500;CARD
REC-20260725-STORE_03-0571;STORE_03;CASH-05;2026-07-25 17:40:33;SKU-001;4;45000;500;CASH
REC-20260725-STORE_03-0572;STORE_03;CASH-07;2026-07-25 21:52:55;SKU-004;2;25000;0;CARD
REC-20260725-STORE_03-0573;STORE_03;CASH-10;2026-07-25 20:51:23;SKU-002;2;12000;0;CARD
REC-20260725-STORE_03-0573;STORE_03;CASH-05;2026-07-25 20:51:23;SKU-003;1;45000;500;CARD
REC-20260725-STORE_03-0573;STORE_03;CASH-03;2026-07-25 20:51:23;SKU-023;4;45000;0;CARD
REC-20260725-STORE_03-0574;STORE_03;CASH-10;2026-07-25 18:34:56;SKU-007;3;12000;0;CASH
REC-20260725-STORE_03-0574;STORE_03;CASH-06;2026-07-25 18:34:56;SKU-030;3;45000;0;CASH
REC-20260725-STORE_03-0574;STORE_03;CASH-03;2026-07-25 18:34:56;SKU-009;2;25000;0;CARD
REC-20260725-STORE_03-0574;STORE_03;CASH-05;2026-07-25 18:34:56;SKU-010;4;25000;0;CARD
REC-20260725-STORE_03-0574;STORE_03;CASH-03;2026-07-25 18:34:56;SKU-001;1;45000;0;CARD
REC-20260725-STORE_03-0575;STORE_03;CASH-09;2026-07-25 16:09:13;SKU-001;4;45000;0;CARD
REC-20260725-STORE_03-0576;STORE_03;CASH-04;2026-07-25 11:40:08;SKU-001;1;45000;0;CASH
REC-20260725-STORE_03-0577;STORE_03;CASH-02;2026-07-25 13:27:33;SKU-001;4;45000;1000;CARD
REC-20260725-STORE_03-0577;STORE_03;CASH-01;2026-07-25 13:27:33;SKU-005;3;5000;0;CASH
REC-20260725-STORE_03-0577;STORE_03;CASH-10;2026-07-25 13:27:33;SKU-008;4;12000;0;CARD
REC-20260725-STORE_03-0577;STORE_03;CASH-03;2026-07-25 13:27:33;SKU-050;2;25000;0;CASH
REC-20260725-STORE_03-0578;STORE_03;CASH-01;2026-07-25 14:55:40;SKU-001;3;45000;0;CARD
REC-20260725-STORE_03-0578;STORE_03;CASH-04;2026-07-25 14:55:40;SKU-009;3;25000;0;CARD
REC-20260725-STORE_03-0579;STORE_03;CASH-03;2026-07-25 20:45:07;SKU-001;3;45000;0;CASH
REC-20260725-STORE_03-0579;STORE_03;CASH-02;2026-07-25 20:45:07;SKU-003;4;45000;1000;CASH
REC-20260725-STORE_03-0579;STORE_03;CASH-06;2026-07-25 20:45:07;SKU-003;4;45000;1000;CARD
REC-20260725-STORE_03-0579;STORE_03;CASH-05;2026-07-25 20:45:07;SKU-010;3;25000;500;CARD
REC-20260725-STORE_03-0580;STORE_03;CASH-10;2026-07-25 19:52:25;SKU-003;2;45000;0;CARD
REC-20260725-STORE_03-0580;STORE_03;CASH-05;2026-07-25 19:52:25;SKU-048;4;25000;0;CARD
REC-20260725-STORE_03-0581;STORE_03;CASH-04;2026-07-25 14:55:43;SKU-032;3;25000;0;CASH
REC-20260725-STORE_03-0581;STORE_03;CASH-02;2026-07-25 14:55:43;SKU-004;4;25000;1000;CASH
REC-20260725-STORE_03-0582;STORE_03;CASH-10;2026-07-25 18:29:29;SKU-004;2;25000;0;CASH
REC-20260725-STORE_03-0582;STORE_03;CASH-03;2026-07-25 18:29:29;SKU-046;2;25000;0;CARD
REC-20260725-STORE_03-0582;STORE_03;CASH-10;2026-07-25 18:29:29;SKU-032;3;25000;0;CASH
REC-20260725-STORE_03-0582;STORE_03;CASH-03;2026-07-25 18:29:29;SKU-019;3;25000;0;CARD
REC-20260725-STORE_03-0582;STORE_03;CASH-10;2026-07-25 18:29:29;SKU-001;1;45000;0;CARD
REC-20260725-STORE_03-0583;STORE_03;CASH-08;2026-07-25 14:30:23;SKU-001;2;45000;1000;CARD
REC-20260725-STORE_03-0584;STORE_03;CASH-01;2026-07-25 14:55:18;SKU-006;2;45000;0;CARD
REC-20260725-STORE_03-0585;STORE_03;CASH-04;2026-07-25 21:49:28;SKU-002;1;12000;1000;CARD
REC-20260725-STORE_03-0585;STORE_03;CASH-06;2026-07-25 21:49:28;SKU-003;2;45000;500;CARD
REC-20260725-STORE_03-0585;STORE_03;CASH-01;2026-07-25 21:49:28;SKU-001;1;45000;1000;CARD
REC-20260725-STORE_03-0585;STORE_03;CASH-02;2026-07-25 21:49:28;SKU-021;2;5000;1000;CARD
REC-20260725-STORE_03-0586;STORE_03;CASH-10;2026-07-25 16:42:58;SKU-020;2;12000;0;CARD
REC-20260725-STORE_03-0587;STORE_03;CASH-02;2026-07-25 17:16:47;SKU-012;1;45000;0;CARD
REC-20260725-STORE_03-0587;STORE_03;CASH-04;2026-07-25 17:16:47;SKU-035;2;5000;0;CARD
REC-20260725-STORE_03-0587;STORE_03;CASH-10;2026-07-25 17:16:47;SKU-003;3;45000;0;CASH
REC-20260725-STORE_03-0587;STORE_03;CASH-07;2026-07-25 17:16:47;SKU-046;3;25000;0;CARD
REC-20260725-STORE_03-0588;STORE_03;CASH-06;2026-07-25 8:16:26;SKU-002;1;12000;0;CARD
REC-20260725-STORE_03-0588;STORE_03;CASH-10;2026-07-25 8:16:26;SKU-001;4;45000;0;CASH
REC-20260725-STORE_03-0588;STORE_03;CASH-05;2026-07-25 8:16:26;SKU-013;2;12000;0;CASH
REC-20260725-STORE_03-0588;STORE_03;CASH-03;2026-07-25 8:16:26;SKU-001;1;45000;1000;CARD
REC-20260725-STORE_03-0588;STORE_03;CASH-04;2026-07-25 8:16:26;SKU-001;3;45000;0;CARD
REC-20260725-STORE_03-0589;STORE_03;CASH-04;2026-07-25 12:58:48;SKU-034;2;25000;0;CASH
REC-20260725-STORE_03-0589;STORE_03;CASH-06;2026-07-25 12:58:48;SKU-005;4;5000;0;CARD
REC-20260725-STORE_03-0589;STORE_03;CASH-04;2026-07-25 12:58:48;SKU-001;4;45000;0;CASH
REC-20260725-STORE_03-0590;STORE_03;CASH-02;2026-07-25 12:03:45;SKU-021;1;5000;1000;CARD
REC-20260725-STORE_03-0590;STORE_03;CASH-09;2026-07-25 12:03:45;SKU-006;3;45000;0;CARD
REC-20260725-STORE_03-0590;STORE_03;CASH-03;2026-07-25 12:03:45;SKU-001;3;45000;1000;CARD
REC-20260725-STORE_03-0591;STORE_03;CASH-01;2026-07-25 17:51:26;SKU-012;4;45000;0;CARD
REC-20260725-STORE_03-0591;STORE_03;CASH-05;2026-07-25 17:51:26;SKU-001;4;45000;0;CASH
REC-20260725-STORE_03-0591;STORE_03;CASH-03;2026-07-25 17:51:26;SKU-020;3;12000;0;CARD
REC-20260725-STORE_03-0592;STORE_03;CASH-03;2026-07-25 16:35:52;SKU-001;2;45000;1000;CARD
REC-20260725-STORE_03-0593;STORE_03;CASH-05;2026-07-25 11:13:30;SKU-001;2;45000;0;CASH
REC-20260725-STORE_03-0593;STORE_03;CASH-05;2026-07-25 11:13:30;SKU-009;1;25000;1000;CARD
REC-20260725-STORE_03-0593;STORE_03;CASH-09;2026-07-25 11:13:30;SKU-002;4;12000;0;CARD
REC-20260725-STORE_03-0593;STORE_03;CASH-03;2026-07-25 11:13:30;SKU-015;2;5000;0;CARD
REC-20260725-STORE_03-0594;STORE_03;CASH-06;2026-07-25 16:01:06;SKU-009;4;25000;1000;CASH
REC-20260725-STORE_03-0595;STORE_03;CASH-10;2026-07-25 10:36:30;SKU-001;3;45000;500;CARD
REC-20260725-STORE_03-0596;STORE_03;CASH-08;2026-07-25 20:45:17;SKU-006;1;45000;1000;CARD
REC-20260725-STORE_03-0596;STORE_03;CASH-05;2026-07-25 20:45:17;SKU-011;2;5000;500;CASH
REC-20260725-STORE_03-0596;STORE_03;CASH-05;2026-07-25 20:45:17;SKU-002;2;12000;0;CARD
REC-20260725-STORE_03-0596;STORE_03;CASH-10;2026-07-25 20:45:17;SKU-041;2;25000;500;CARD
REC-20260725-STORE_03-0597;STORE_03;CASH-06;2026-07-25 21:21:19;SKU-001;2;45000;0;CARD
REC-20260725-STORE_03-0597;STORE_03;CASH-01;2026-07-25 21:21:19;SKU-001;3;45000;0;CARD
REC-20260725-STORE_03-0597;STORE_03;CASH-01;2026-07-25 21:21:19;SKU-002;1;12000;500;CARD
REC-20260725-STORE_03-0597;STORE_03;CASH-07;2026-07-25 21:21:19;SKU-001;3;45000;1000;CASH
REC-20260725-STORE_03-0597;STORE_03;CASH-07;2026-07-25 21:21:19;SKU-002;4;12000;0;CASH
REC-20260725-STORE_03-0598;STORE_03;CASH-08;2026-07-25 8:48:58;SKU-015;4;5000;0;CASH
REC-20260725-STORE_03-0598;STORE_03;CASH-10;2026-07-25 8:48:58;SKU-001;3;45000;0;CASH
REC-20260725-STORE_03-0599;STORE_03;CASH-02;2026-07-25 21:21:08;SKU-047;3;5000;0;CASH
REC-20260725-STORE_03-0599;STORE_03;CASH-08;2026-07-25 21:21:08;SKU-006;2;45000;1000;CARD
REC-20260725-STORE_03-0599;STORE_03;CASH-07;2026-07-25 21:21:08;SKU-028;2;5000;0;CARD
REC-20260725-STORE_03-0599;STORE_03;CASH-07;2026-07-25 21:21:08;SKU-003;2;45000;1000;CASH
REC-20260725-STORE_03-0600;STORE_03;CASH-02;2026-07-25 11:13:55;SKU-014;3;5000;500;CASH
REC-20260725-STORE_03-0600;STORE_03;CASH-10;2026-07-25 11:13:55;SKU-003;4;45000;1000;CARD
REC-20260725-STORE_03-0601;STORE_03;CASH-05;2026-07-25 14:21:33;SKU-001;3;45000;1000;CARD
REC-20260725-STORE_03-0601;STORE_03;CASH-09;2026-07-25 14:21:33;SKU-014;2;5000;0;CARD
REC-20260725-STORE_03-0601;STORE_03;CASH-06;2026-07-25 14:21:33;SKU-026;4;12000;0;CARD
REC-20260725-STORE_03-0601;STORE_03;CASH-06;2026-07-25 14:21:33;SKU-001;4;45000;1000;CARD
REC-20260725-STORE_03-0601;STORE_03;CASH-03;2026-07-25 14:21:33;SKU-003;1;45000;1000;CASH
REC-20260725-STORE_03-0602;STORE_03;CASH-07;2026-07-25 12:55:57;SKU-004;1;25000;1000;CARD
REC-20260725-STORE_03-0602;STORE_03;CASH-02;2026-07-25 12:55:57;SKU-040;3;25000;0;CARD
REC-20260725-STORE_03-0602;STORE_03;CASH-04;2026-07-25 12:55:57;SKU-009;4;25000;0;CASH
REC-20260725-STORE_03-0603;STORE_03;CASH-10;2026-07-25 13:02:46;SKU-002;4;12000;500;CARD
REC-20260725-STORE_03-0604;STORE_03;CASH-04;2026-07-25 18:40:23;SKU-013;3;12000;0;CARD
REC-20260725-STORE_03-0604;STORE_03;CASH-06;2026-07-25 18:40:23;SKU-037;2;45000;500;CARD
REC-20260725-STORE_03-0604;STORE_03;CASH-02;2026-07-25 18:40:23;SKU-002;3;12000;1000;CARD
REC-20260725-STORE_03-0604;STORE_03;CASH-09;2026-07-25 18:40:23;SKU-007;4;12000;0;CARD
REC-20260725-STORE_03-0605;STORE_03;CASH-07;2026-07-25 20:19:57;SKU-002;2;12000;0;CASH
REC-20260725-STORE_03-0606;STORE_03;CASH-10;2026-07-25 20:33:37;SKU-027;3;5000;0;CASH
REC-20260725-STORE_03-0607;STORE_03;CASH-03;2026-07-25 9:35:27;SKU-004;3;25000;1000;CARD
REC-20260725-STORE_03-0607;STORE_03;CASH-02;2026-07-25 9:35:27;SKU-034;4;25000;500;CARD
REC-20260725-STORE_03-0607;STORE_03;CASH-09;2026-07-25 9:35:27;SKU-022;4;12000;0;CARD
REC-20260725-STORE_03-0608;STORE_03;CASH-05;2026-07-25 18:49:22;SKU-006;4;45000;1000;CASH
REC-20260725-STORE_03-0608;STORE_03;CASH-07;2026-07-25 18:49:22;SKU-001;3;45000;0;CARD
REC-20260725-STORE_03-0608;STORE_03;CASH-08;2026-07-25 18:49:22;SKU-002;2;12000;0;CARD
REC-20260725-STORE_03-0608;STORE_03;CASH-05;2026-07-25 18:49:22;SKU-001;3;45000;0;CARD
REC-20260725-STORE_03-0608;STORE_03;CASH-01;2026-07-25 18:49:22;SKU-015;4;5000;0;CARD
REC-20260725-STORE_03-0609;STORE_03;CASH-06;2026-07-25 10:31:59;SKU-003;3;45000;1000;CARD
REC-20260725-STORE_03-0609;STORE_03;CASH-09;2026-07-25 10:31:59;SKU-048;2;25000;0;CARD
REC-20260725-STORE_03-0609;STORE_03;CASH-09;2026-07-25 10:31:59;SKU-002;2;12000;0;CARD
REC-20260725-STORE_03-0609;STORE_03;CASH-05;2026-07-25 10:31:59;SKU-014;1;5000;0;CARD
REC-20260725-STORE_03-0610;STORE_03;CASH-03;2026-07-25 9:32:23;SKU-029;2;5000;0;CARD
REC-20260725-STORE_03-0610;STORE_03;CASH-10;2026-07-25 9:32:23;SKU-004;1;25000;0;CARD
REC-20260725-STORE_03-0610;STORE_03;CASH-03;2026-07-25 9:32:23;SKU-009;2;25000;0;CARD
REC-20260725-STORE_03-0610;STORE_03;CASH-10;2026-07-25 9:32:23;SKU-001;4;45000;1000;CARD
REC-20260725-STORE_03-0611;STORE_03;CASH-10;2026-07-25 20:36:32;SKU-002;4;12000;1000;CASH
REC-20260725-STORE_03-0611;STORE_03;CASH-04;2026-07-25 20:36:32;SKU-001;3;45000;0;CARD
REC-20260725-STORE_03-0611;STORE_03;CASH-05;2026-07-25 20:36:32;SKU-025;4;5000;500;CASH
REC-20260725-STORE_03-0611;STORE_03;CASH-09;2026-07-25 20:36:32;SKU-012;4;45000;0;CARD
REC-20260725-STORE_03-0612;STORE_03;CASH-09;2026-07-25 13:59:01;SKU-001;1;45000;0;CARD
REC-20260725-STORE_03-0612;STORE_03;CASH-06;2026-07-25 13:59:01;SKU-010;1;25000;500;CARD
REC-20260725-STORE_03-0612;STORE_03;CASH-06;2026-07-25 13:59:01;SKU-002;2;12000;0;CARD
REC-20260725-STORE_03-0612;STORE_03;CASH-08;2026-07-25 13:59:01;SKU-002;2;12000;500;CARD
REC-20260725-STORE_03-0613;STORE_03;CASH-10;2026-07-25 19:02:31;SKU-008;2;12000;0;CARD
REC-20260725-STORE_03-0614;STORE_03;CASH-04;2026-07-25 18:14:30;SKU-040;4;25000;0;CARD
REC-20260725-STORE_03-0615;STORE_03;CASH-05;2026-07-25 8:29:53;SKU-001;3;45000;0;CASH
REC-20260725-STORE_03-0616;STORE_03;CASH-01;2026-07-25 21:41:26;SKU-019;3;25000;0;CARD
REC-20260725-STORE_03-0617;STORE_03;CASH-05;2026-07-25 8:35:37;SKU-002;2;12000;0;CARD
REC-20260725-STORE_03-0617;STORE_03;CASH-05;2026-07-25 8:35:37;SKU-010;1;25000;1000;CASH
REC-20260725-STORE_03-0617;STORE_03;CASH-09;2026-07-25 8:35:37;SKU-008;2;12000;0;CARD
REC-20260725-STORE_03-0617;STORE_03;CASH-05;2026-07-25 8:35:37;SKU-005;2;5000;0;CARD
REC-20260725-STORE_03-0617;STORE_03;CASH-05;2026-07-25 8:35:37;SKU-012;2;45000;0;CARD
REC-20260725-STORE_03-0618;STORE_03;CASH-05;2026-07-25 18:19:09;SKU-035;4;5000;0;CASH
REC-20260725-STORE_03-0618;STORE_03;CASH-03;2026-07-25 18:19:09;SKU-027;4;5000;1000;CASH
REC-20260725-STORE_03-0618;STORE_03;CASH-10;2026-07-25 18:19:09;SKU-005;2;5000;0;CASH
REC-20260725-STORE_03-0618;STORE_03;CASH-06;2026-07-25 18:19:09;SKU-002;3;12000;0;CARD
REC-20260725-STORE_03-0618;STORE_03;CASH-09;2026-07-25 18:19:09;SKU-002;3;12000;500;CARD
REC-20260725-STORE_03-0619;STORE_03;CASH-05;2026-07-25 21:24:19;SKU-001;2;45000;0;CASH
REC-20260725-STORE_03-0619;STORE_03;CASH-07;2026-07-25 21:24:19;SKU-008;3;12000;500;CARD
REC-20260725-STORE_03-0619;STORE_03;CASH-01;2026-07-25 21:24:19;SKU-007;1;12000;0;CARD
REC-20260725-STORE_03-0620;STORE_03;CASH-06;2026-07-25 18:54:18;SKU-002;1;12000;0;CARD
REC-20260725-STORE_03-0620;STORE_03;CASH-09;2026-07-25 18:54:18;SKU-009;4;25000;0;CARD
REC-20260725-STORE_03-0620;STORE_03;CASH-02;2026-07-25 18:54:18;SKU-004;1;25000;500;CARD
REC-20260725-STORE_03-0621;STORE_03;CASH-09;2026-07-25 18:55:33;SKU-023;2;45000;0;CARD
REC-20260725-STORE_03-0621;STORE_03;CASH-01;2026-07-25 18:55:33;SKU-003;2;45000;0;CASH
REC-20260725-STORE_03-0621;STORE_03;CASH-06;2026-07-25 18:55:33;SKU-002;4;12000;1000;CARD
REC-20260725-STORE_03-0622;STORE_03;CASH-02;2026-07-25 15:59:22;SKU-001;1;45000;0;CARD
REC-20260725-STORE_03-0622;STORE_03;CASH-10;2026-07-25 15:59:22;SKU-023;1;45000;0;CARD
REC-20260725-STORE_03-0622;STORE_03;CASH-06;2026-07-25 15:59:22;SKU-003;1;45000;500;CARD
REC-20260725-STORE_03-0622;STORE_03;CASH-05;2026-07-25 15:59:22;SKU-003;2;45000;500;CARD
REC-20260725-STORE_03-0622;STORE_03;CASH-06;2026-07-25 15:59:22;SKU-008;2;12000;500;CARD
REC-20260725-STORE_03-0623;STORE_03;CASH-07;2026-07-25 11:54:58;SKU-001;4;45000;1000;CARD
REC-20260725-STORE_03-0624;STORE_03;CASH-10;2026-07-25 9:56:07;SKU-030;4;45000;0;CARD
REC-20260725-STORE_03-0624;STORE_03;CASH-05;2026-07-25 9:56:07;SKU-017;1;12000;0;CASH
REC-20260725-STORE_03-0624;STORE_03;CASH-02;2026-07-25 9:56:07;SKU-019;3;25000;500;CASH
REC-20260725-STORE_03-0624;STORE_03;CASH-09;2026-07-25 9:56:07;SKU-031;4;45000;500;CARD
REC-20260725-STORE_03-0624;STORE_03;CASH-05;2026-07-25 9:56:07;SKU-023;3;45000;0;CARD
REC-20260725-STORE_03-0625;STORE_03;CASH-08;2026-07-25 19:18:09;SKU-012;1;45000;0;CASH
REC-20260725-STORE_03-0625;STORE_03;CASH-05;2026-07-25 19:18:09;SKU-001;1;45000;0;CARD
REC-20260725-STORE_03-0625;STORE_03;CASH-05;2026-07-25 19:18:09;SKU-002;4;12000;500;CASH
REC-20260725-STORE_03-0625;STORE_03;CASH-08;2026-07-25 19:18:09;SKU-002;4;12000;0;CARD
REC-20260725-STORE_03-0626;STORE_03;CASH-01;2026-07-25 14:42:00;SKU-038;1;12000;0;CASH
REC-20260725-STORE_03-0627;STORE_03;CASH-01;2026-07-25 17:23:00;SKU-021;2;5000;0;CARD
REC-20260725-STORE_03-0627;STORE_03;CASH-09;2026-07-25 17:23:00;SKU-011;4;5000;0;CARD
REC-20260725-STORE_03-0627;STORE_03;CASH-08;2026-07-25 17:23:00;SKU-001;4;45000;1000;CARD
REC-20260725-STORE_03-0627;STORE_03;CASH-07;2026-07-25 17:23:00;SKU-002;2;12000;500;CARD
REC-20260725-STORE_03-0627;STORE_03;CASH-07;2026-07-25 17:23:00;SKU-002;1;12000;0;CARD
REC-20260725-STORE_03-0628;STORE_03;CASH-02;2026-07-25 12:04:25;SKU-001;2;45000;0;CASH
REC-20260725-STORE_03-0629;STORE_03;CASH-07;2026-07-25 19:08:37;SKU-005;4;5000;500;CARD
REC-20260725-STORE_03-0629;STORE_03;CASH-02;2026-07-25 19:08:37;SKU-001;2;45000;0;CASH
REC-20260725-STORE_03-0630;STORE_03;CASH-02;2026-07-25 21:47:31;SKU-002;4;12000;1000;CASH
REC-20260725-STORE_03-0630;STORE_03;CASH-06;2026-07-25 21:47:31;SKU-004;4;25000;0;CARD
REC-20260725-STORE_03-0630;STORE_03;CASH-08;2026-07-25 21:47:31;SKU-048;1;25000;0;CARD
REC-20260725-STORE_03-0630;STORE_03;CASH-03;2026-07-25 21:47:31;SKU-005;2;5000;500;CARD
REC-20260725-STORE_03-0630;STORE_03;CASH-04;2026-07-25 21:47:31;SKU-012;1;45000;0;CARD
REC-20260725-STORE_03-0631;STORE_03;CASH-03;2026-07-25 9:00:44;SKU-002;3;12000;500;CASH
REC-20260725-STORE_03-0631;STORE_03;CASH-02;2026-07-25 9:00:44;SKU-015;1;5000;500;CARD
REC-20260725-STORE_03-0631;STORE_03;CASH-06;2026-07-25 9:00:44;SKU-005;1;5000;0;CASH
REC-20260725-STORE_03-0632;STORE_03;CASH-03;2026-07-25 14:44:59;SKU-036;2;45000;0;CASH
REC-20260725-STORE_03-0633;STORE_03;CASH-06;2026-07-25 15:53:09;SKU-047;2;5000;0;CASH
REC-20260725-STORE_03-0633;STORE_03;CASH-03;2026-07-25 15:53:09;SKU-015;1;5000;0;CARD
REC-20260725-STORE_03-0634;STORE_03;CASH-03;2026-07-25 11:42:40;SKU-006;4;45000;0;CASH
REC-20260725-STORE_03-0634;STORE_03;CASH-05;2026-07-25 11:42:40;SKU-004;1;25000;1000;CARD
REC-20260725-STORE_03-0635;STORE_03;CASH-05;2026-07-25 14:58:07;SKU-022;1;12000;500;CASH
REC-20260725-STORE_03-0635;STORE_03;CASH-07;2026-07-25 14:58:07;SKU-001;1;45000;500;CARD
REC-20260725-STORE_03-0635;STORE_03;CASH-06;2026-07-25 14:58:07;SKU-001;1;45000;0;CARD
REC-20260725-STORE_03-0636;STORE_03;CASH-05;2026-07-25 11:28:09;SKU-002;4;12000;500;CARD
REC-20260725-STORE_03-0636;STORE_03;CASH-02;2026-07-25 11:28:09;SKU-023;1;45000;0;CASH
REC-20260725-STORE_03-0637;STORE_03;CASH-02;2026-07-25 15:51:37;SKU-006;4;45000;0;CASH
REC-20260725-STORE_03-0637;STORE_03;CASH-09;2026-07-25 15:51:37;SKU-001;3;45000;1000;CARD
REC-20260725-STORE_03-0637;STORE_03;CASH-01;2026-07-25 15:51:37;SKU-012;3;45000;0;CARD
REC-20260725-STORE_03-0637;STORE_03;CASH-09;2026-07-25 15:51:37;SKU-006;2;45000;1000;CASH
REC-20260725-STORE_03-0637;STORE_03;CASH-09;2026-07-25 15:51:37;SKU-004;3;25000;0;CASH
REC-20260725-STORE_03-0638;STORE_03;CASH-01;2026-07-25 17:02:20;SKU-004;2;25000;500;CARD
REC-20260725-STORE_03-0638;STORE_03;CASH-08;2026-07-25 17:02:20;SKU-001;3;45000;0;CASH
REC-20260725-STORE_03-0638;STORE_03;CASH-05;2026-07-25 17:02:20;SKU-015;3;5000;1000;CARD
REC-20260725-STORE_03-0638;STORE_03;CASH-06;2026-07-25 17:02:20;SKU-006;3;45000;0;CARD
REC-20260725-STORE_03-0638;STORE_03;CASH-05;2026-07-25 17:02:20;SKU-010;3;25000;0;CARD
REC-20260725-STORE_03-0639;STORE_03;CASH-03;2026-07-25 17:54:50;SKU-046;4;25000;0;CASH
REC-20260725-STORE_03-0640;STORE_03;CASH-10;2026-07-25 13:11:34;SKU-014;4;5000;1000;CARD
REC-20260725-STORE_03-0640;STORE_03;CASH-07;2026-07-25 13:11:34;SKU-011;2;5000;0;CARD
REC-20260725-STORE_03-0641;STORE_03;CASH-08;2026-07-25 10:31:44;SKU-007;3;12000;1000;CARD
REC-20260725-STORE_03-0641;STORE_03;CASH-09;2026-07-25 10:31:44;SKU-047;2;5000;1000;CASH
REC-20260725-STORE_03-0642;STORE_03;CASH-01;2026-07-25 20:20:08;SKU-001;4;45000;0;CASH
REC-20260725-STORE_03-0643;STORE_03;CASH-02;2026-07-25 8:58:29;SKU-018;3;5000;0;CARD
REC-20260725-STORE_03-0643;STORE_03;CASH-02;2026-07-25 8:58:29;SKU-036;3;45000;500;CARD
REC-20260725-STORE_03-0643;STORE_03;CASH-05;2026-07-25 8:58:29;SKU-001;1;45000;1000;CARD
REC-20260725-STORE_03-0643;STORE_03;CASH-02;2026-07-25 8:58:29;SKU-001;3;45000;0;CARD
REC-20260725-STORE_03-0644;STORE_03;CASH-04;2026-07-25 16:52:42;SKU-035;4;5000;0;CARD
REC-20260725-STORE_03-0644;STORE_03;CASH-06;2026-07-25 16:52:42;SKU-003;4;45000;0;CARD
REC-20260725-STORE_03-0645;STORE_03;CASH-09;2026-07-25 17:14:08;SKU-024;2;12000;0;CASH
REC-20260725-STORE_03-0645;STORE_03;CASH-02;2026-07-25 17:14:08;SKU-005;4;5000;1000;CASH
REC-20260725-STORE_03-0646;STORE_03;CASH-01;2026-07-25 16:53:04;SKU-039;3;5000;500;CARD
REC-20260725-STORE_03-0646;STORE_03;CASH-04;2026-07-25 16:53:04;SKU-003;4;45000;500;CASH
REC-20260725-STORE_03-0646;STORE_03;CASH-01;2026-07-25 16:53:04;SKU-048;3;25000;0;CASH
REC-20260725-STORE_03-0647;STORE_03;CASH-05;2026-07-25 21:23:17;SKU-002;2;12000;0;CASH
REC-20260725-STORE_03-0647;STORE_03;CASH-02;2026-07-25 21:23:17;SKU-031;2;45000;0;CASH
REC-20260725-STORE_03-0647;STORE_03;CASH-03;2026-07-25 21:23:17;SKU-026;1;12000;500;CASH
REC-20260725-STORE_03-0647;STORE_03;CASH-03;2026-07-25 21:23:17;SKU-014;3;5000;0;CARD
REC-20260725-STORE_03-0648;STORE_03;CASH-07;2026-07-25 21:41:53;SKU-001;2;45000;1000;CARD
REC-20260725-STORE_03-0648;STORE_03;CASH-07;2026-07-25 21:41:53;SKU-010;2;25000;500;CARD
REC-20260725-STORE_03-0648;STORE_03;CASH-07;2026-07-25 21:41:53;SKU-012;3;45000;1000;CASH
REC-20260725-STORE_03-0649;STORE_03;CASH-08;2026-07-25 19:17:00;SKU-013;1;12000;0;CARD
REC-20260725-STORE_03-0650;STORE_03;CASH-02;2026-07-25 21:46:11;SKU-010;2;25000;500;CARD
REC-20260725-STORE_03-0650;STORE_03;CASH-04;2026-07-25 21:46:11;SKU-001;1;45000;500;CASH
REC-20260725-STORE_03-0650;STORE_03;CASH-04;2026-07-25 21:46:11;SKU-003;2;45000;500;CASH
REC-20260725-STORE_03-0650;STORE_03;CASH-02;2026-07-25 21:46:11;SKU-004;4;25000;0;CARD
REC-20260725-STORE_03-0650;STORE_03;CASH-03;2026-07-25 21:46:11;SKU-004;1;25000;500;CASH
REC-20260725-STORE_03-0651;STORE_03;CASH-10;2026-07-25 15:41:28;SKU-005;3;5000;0;CARD
REC-20260725-STORE_03-0651;STORE_03;CASH-10;2026-07-25 15:41:28;SKU-003;3;45000;500;CARD
REC-20260725-STORE_03-0652;STORE_03;CASH-06;2026-07-25 8:17:09;SKU-016;3;25000;1000;CARD
REC-20260725-STORE_03-0652;STORE_03;CASH-05;2026-07-25 8:17:09;SKU-002;2;12000;1000;CARD
REC-20260725-STORE_03-0652;STORE_03;CASH-05;2026-07-25 8:17:09;SKU-022;4;12000;0;CARD
REC-20260725-STORE_03-0652;STORE_03;CASH-06;2026-07-25 8:17:09;SKU-001;2;45000;0;CASH
REC-20260725-STORE_03-0652;STORE_03;CASH-01;2026-07-25 8:17:09;SKU-026;3;12000;0;CARD
REC-20260725-STORE_03-0653;STORE_03;CASH-10;2026-07-25 12:36:13;SKU-027;2;5000;0;CASH
REC-20260725-STORE_03-0654;STORE_03;CASH-06;2026-07-25 18:26:01;SKU-022;3;12000;0;CARD
REC-20260725-STORE_03-0654;STORE_03;CASH-01;2026-07-25 18:26:01;SKU-002;2;12000;500;CARD
REC-20260725-STORE_03-0654;STORE_03;CASH-02;2026-07-25 18:26:01;SKU-005;3;5000;500;CARD
REC-20260725-STORE_03-0654;STORE_03;CASH-07;2026-07-25 18:26:01;SKU-001;3;45000;0;CARD
REC-20260725-STORE_03-0654;STORE_03;CASH-03;2026-07-25 18:26:01;SKU-003;1;45000;0;CARD
REC-20260725-STORE_03-0655;STORE_03;CASH-08;2026-07-25 13:26:05;SKU-021;3;5000;500;CARD
REC-20260725-STORE_03-0655;STORE_03;CASH-05;2026-07-25 13:26:05;SKU-009;1;25000;0;CARD
REC-20260725-STORE_03-0655;STORE_03;CASH-10;2026-07-25 13:26:05;SKU-003;1;45000;0;CARD
REC-20260725-STORE_03-0655;STORE_03;CASH-06;2026-07-25 13:26:05;SKU-003;1;45000;0;CARD
REC-20260725-STORE_03-0656;STORE_03;CASH-03;2026-07-25 12:30:23;SKU-004;1;25000;1000;CASH
REC-20260725-STORE_03-0656;STORE_03;CASH-08;2026-07-25 12:30:23;SKU-010;3;25000;0;CARD
REC-20260725-STORE_03-0657;STORE_03;CASH-01;2026-07-25 14:09:18;SKU-032;3;25000;0;CARD
REC-20260725-STORE_03-0657;STORE_03;CASH-02;2026-07-25 14:09:18;SKU-015;2;5000;0;CASH
REC-20260725-STORE_03-0657;STORE_03;CASH-03;2026-07-25 14:09:18;SKU-019;2;25000;1000;CASH
REC-20260725-STORE_03-0657;STORE_03;CASH-08;2026-07-25 14:09:18;SKU-002;2;12000;1000;CARD
REC-20260725-STORE_03-0658;STORE_03;CASH-07;2026-07-25 14:50:38;SKU-007;4;12000;1000;CARD
REC-20260725-STORE_03-0658;STORE_03;CASH-09;2026-07-25 14:50:38;SKU-005;3;5000;0;CARD
REC-20260725-STORE_03-0659;STORE_03;CASH-09;2026-07-25 16:11:24;SKU-001;3;45000;1000;CASH
REC-20260725-STORE_03-0660;STORE_03;CASH-05;2026-07-25 18:22:29;SKU-002;4;12000;0;CARD
REC-20260725-STORE_03-0660;STORE_03;CASH-10;2026-07-25 18:22:29;SKU-002;1;12000;1000;CARD
REC-20260725-STORE_03-0661;STORE_03;CASH-10;2026-07-25 11:44:58;SKU-004;2;25000;0;CARD
REC-20260725-STORE_03-0661;STORE_03;CASH-08;2026-07-25 11:44:58;SKU-004;4;25000;0;CARD
REC-20260725-STORE_03-0661;STORE_03;CASH-03;2026-07-25 11:44:58;SKU-001;2;45000;0;CARD
REC-20260725-STORE_03-0662;STORE_03;CASH-09;2026-07-25 9:50:52;SKU-041;2;25000;500;CASH
REC-20260725-STORE_03-0662;STORE_03;CASH-07;2026-07-25 9:50:52;SKU-001;4;45000;1000;CARD
REC-20260725-STORE_03-0662;STORE_03;CASH-02;2026-07-25 9:50:52;SKU-002;4;12000;0;CASH
REC-20260725-STORE_03-0662;STORE_03;CASH-06;2026-07-25 9:50:52;SKU-001;4;45000;1000;CARD
REC-20260725-STORE_03-0663;STORE_03;CASH-03;2026-07-25 15:32:22;SKU-002;4;12000;500;CASH
REC-20260725-STORE_03-0663;STORE_03;CASH-07;2026-07-25 15:32:22;SKU-005;4;5000;0;CASH
REC-20260725-STORE_03-0664;STORE_03;CASH-05;2026-07-25 21:11:24;SKU-004;1;25000;0;CARD
REC-20260725-STORE_03-0664;STORE_03;CASH-01;2026-07-25 21:11:24;SKU-001;2;45000;0;CARD
REC-20260725-STORE_03-0664;STORE_03;CASH-04;2026-07-25 21:11:24;SKU-006;2;45000;0;CARD
REC-20260725-STORE_03-0664;STORE_03;CASH-04;2026-07-25 21:11:24;SKU-013;2;12000;0;CASH
REC-20260725-STORE_03-0664;STORE_03;CASH-03;2026-07-25 21:11:24;SKU-006;1;45000;0;CARD
REC-20260725-STORE_03-0665;STORE_03;CASH-09;2026-07-25 9:48:34;SKU-002;3;12000;0;CARD
REC-20260725-STORE_03-0665;STORE_03;CASH-08;2026-07-25 9:48:34;SKU-038;2;12000;0;CARD
REC-20260725-STORE_03-0665;STORE_03;CASH-01;2026-07-25 9:48:34;SKU-001;3;45000;0;CASH
REC-20260725-STORE_03-0665;STORE_03;CASH-01;2026-07-25 9:48:34;SKU-007;1;12000;500;CASH
REC-20260725-STORE_03-0666;STORE_03;CASH-04;2026-07-25 19:55:50;SKU-003;4;45000;1000;CARD
REC-20260725-STORE_03-0666;STORE_03;CASH-02;2026-07-25 19:55:50;SKU-018;1;5000;0;CASH
REC-20260725-STORE_03-0666;STORE_03;CASH-04;2026-07-25 19:55:50;SKU-013;4;12000;0;CASH
REC-20260725-STORE_03-0667;STORE_03;CASH-02;2026-07-25 12:01:50;SKU-002;3;12000;500;CASH
REC-20260725-STORE_03-0667;STORE_03;CASH-08;2026-07-25 12:01:50;SKU-034;3;25000;0;CASH
REC-20260725-STORE_03-0667;STORE_03;CASH-01;2026-07-25 12:01:50;SKU-033;3;5000;0;CARD
REC-20260725-STORE_03-0667;STORE_03;CASH-01;2026-07-25 12:01:50;SKU-001;1;45000;0;CARD
REC-20260725-STORE_03-0667;STORE_03;CASH-01;2026-07-25 12:01:50;SKU-023;3;45000;0;CARD
REC-20260725-STORE_03-0668;STORE_03;CASH-08;2026-07-25 17:26:11;SKU-007;2;12000;500;CARD
REC-20260725-STORE_03-0669;STORE_03;CASH-02;2026-07-25 12:57:14;SKU-004;3;25000;1000;CARD
REC-20260725-STORE_03-0669;STORE_03;CASH-01;2026-07-25 12:57:14;SKU-028;2;5000;0;CASH
REC-20260725-STORE_03-0669;STORE_03;CASH-05;2026-07-25 12:57:14;SKU-006;3;45000;0;CASH
REC-20260725-STORE_03-0669;STORE_03;CASH-03;2026-07-25 12:57:14;SKU-014;3;5000;0;CARD
REC-20260725-STORE_03-0670;STORE_03;CASH-04;2026-07-25 11:35:04;SKU-017;3;12000;1000;CARD
REC-20260725-STORE_03-0670;STORE_03;CASH-04;2026-07-25 11:35:04;SKU-008;1;12000;500;CASH
REC-20260725-STORE_03-0670;STORE_03;CASH-09;2026-07-25 11:35:04;SKU-011;2;5000;1000;CASH
REC-20260725-STORE_03-0670;STORE_03;CASH-07;2026-07-25 11:35:04;SKU-023;1;45000;1000;CARD
REC-20260725-STORE_03-0671;STORE_03;CASH-02;2026-07-25 13:46:05;SKU-002;2;12000;0;CASH
REC-20260725-STORE_03-0671;STORE_03;CASH-03;2026-07-25 13:46:05;SKU-002;3;12000;0;CASH
REC-20260725-STORE_03-0671;STORE_03;CASH-02;2026-07-25 13:46:05;SKU-013;4;12000;1000;CARD
REC-20260725-STORE_03-0671;STORE_03;CASH-07;2026-07-25 13:46:05;SKU-009;2;25000;1000;CARD
REC-20260725-STORE_03-0671;STORE_03;CASH-09;2026-07-25 13:46:05;SKU-031;3;45000;1000;CARD
REC-20260725-STORE_03-0672;STORE_03;CASH-03;2026-07-25 16:19:35;SKU-019;1;25000;500;CARD
REC-20260725-STORE_03-0672;STORE_03;CASH-07;2026-07-25 16:19:35;SKU-001;2;45000;0;CARD
REC-20260725-STORE_03-0672;STORE_03;CASH-10;2026-07-25 16:19:35;SKU-002;1;12000;0;CARD
REC-20260725-STORE_03-0672;STORE_03;CASH-06;2026-07-25 16:19:35;SKU-024;1;12000;0;CARD
REC-20260725-STORE_03-0672;STORE_03;CASH-05;2026-07-25 16:19:35;SKU-008;2;12000;500;CARD
REC-20260725-STORE_03-0673;STORE_03;CASH-03;2026-07-25 10:35:52;SKU-001;1;45000;1000;CARD
REC-20260725-STORE_03-0674;STORE_03;CASH-02;2026-07-25 8:07:42;SKU-006;3;45000;1000;CARD
REC-20260725-STORE_03-0674;STORE_03;CASH-03;2026-07-25 8:07:42;SKU-005;1;5000;0;CASH
REC-20260725-STORE_03-0675;STORE_03;CASH-10;2026-07-25 21:19:00;SKU-001;1;45000;0;CARD
REC-20260725-STORE_03-0675;STORE_03;CASH-08;2026-07-25 21:19:00;SKU-005;1;5000;0;CARD
REC-20260725-STORE_03-0675;STORE_03;CASH-08;2026-07-25 21:19:00;SKU-011;2;5000;500;CARD
REC-20260725-STORE_03-0675;STORE_03;CASH-03;2026-07-25 21:19:00;SKU-005;3;5000;1000;CASH
REC-20260725-STORE_03-0676;STORE_03;CASH-09;2026-07-25 9:19:52;SKU-005;2;5000;0;CARD
REC-20260725-STORE_03-0676;STORE_03;CASH-03;2026-07-25 9:19:52;SKU-001;2;45000;0;CARD
REC-20260725-STORE_03-0676;STORE_03;CASH-04;2026-07-25 9:19:52;SKU-022;4;12000;1000;CARD
REC-20260725-STORE_03-0676;STORE_03;CASH-01;2026-07-25 9:19:52;SKU-006;4;45000;1000;CARD
REC-20260725-STORE_03-0677;STORE_03;CASH-01;2026-07-25 11:03:30;SKU-003;2;45000;0;CASH
REC-20260725-STORE_03-0677;STORE_03;CASH-05;2026-07-25 11:03:30;SKU-002;1;12000;1000;CASH
REC-20260725-STORE_03-0677;STORE_03;CASH-03;2026-07-25 11:03:30;SKU-003;3;45000;1000;CARD
REC-20260725-STORE_03-0678;STORE_03;CASH-05;2026-07-25 11:57:31;SKU-048;1;25000;0;CARD
REC-20260725-STORE_03-0678;STORE_03;CASH-08;2026-07-25 11:57:31;SKU-002;2;12000;500;CARD
REC-20260725-STORE_03-0679;STORE_03;CASH-06;2026-07-25 10:10:58;SKU-040;1;25000;0;CASH
REC-20260725-STORE_03-0680;STORE_03;CASH-05;2026-07-25 8:54:19;SKU-006;1;45000;1000;CARD
REC-20260725-STORE_03-0680;STORE_03;CASH-07;2026-07-25 8:54:19;SKU-002;1;12000;1000;CARD
REC-20260725-STORE_03-0680;STORE_03;CASH-09;2026-07-25 8:54:19;SKU-001;1;45000;1000;CARD
REC-20260725-STORE_03-0681;STORE_03;CASH-02;2026-07-25 14:23:33;SKU-004;4;25000;500;CARD
REC-20260725-STORE_03-0681;STORE_03;CASH-02;2026-07-25 14:23:33;SKU-006;3;45000;500;CARD
REC-20260725-STORE_03-0682;STORE_03;CASH-07;2026-07-25 16:15:14;SKU-001;1;45000;500;CASH
REC-20260725-STORE_03-0682;STORE_03;CASH-07;2026-07-25 16:15:14;SKU-006;3;45000;500;CASH
REC-20260725-STORE_03-0682;STORE_03;CASH-03;2026-07-25 16:15:14;SKU-002;4;12000;0;CASH
REC-20260725-STORE_03-0682;STORE_03;CASH-01;2026-07-25 16:15:14;SKU-001;4;45000;0;CASH
REC-20260725-STORE_03-0683;STORE_03;CASH-02;2026-07-25 20:19:24;SKU-017;1;12000;0;CARD
REC-20260725-STORE_03-0683;STORE_03;CASH-05;2026-07-25 20:19:24;SKU-043;3;25000;0;CASH
REC-20260725-STORE_03-0683;STORE_03;CASH-10;2026-07-25 20:19:24;SKU-005;3;5000;1000;CARD
REC-20260725-STORE_03-0684;STORE_03;CASH-08;2026-07-25 17:48:06;SKU-029;1;5000;0;CARD
REC-20260725-STORE_03-0684;STORE_03;CASH-02;2026-07-25 17:48:06;SKU-007;1;12000;0;CARD
REC-20260725-STORE_03-0685;STORE_03;CASH-07;2026-07-25 9:20:56;SKU-033;2;5000;1000;CARD
REC-20260725-STORE_03-0686;STORE_03;CASH-04;2026-07-25 21:26:41;SKU-001;4;45000;500;CARD
REC-20260725-STORE_03-0687;STORE_03;CASH-06;2026-07-25 13:17:30;SKU-011;4;5000;1000;CARD
REC-20260725-STORE_03-0687;STORE_03;CASH-03;2026-07-25 13:17:30;SKU-001;3;45000;1000;CARD
REC-20260725-STORE_03-0688;STORE_03;CASH-04;2026-07-25 9:46:05;SKU-002;1;12000;1000;CASH
REC-20260725-STORE_03-0688;STORE_03;CASH-06;2026-07-25 9:46:05;SKU-002;2;12000;500;CASH
REC-20260725-STORE_03-0689;STORE_03;CASH-03;2026-07-25 10:34:49;SKU-042;1;5000;0;CARD
REC-20260725-STORE_03-0689;STORE_03;CASH-10;2026-07-25 10:34:49;SKU-001;1;45000;1000;CASH
REC-20260725-STORE_03-0689;STORE_03;CASH-05;2026-07-25 10:34:49;SKU-005;2;5000;0;CARD
REC-20260725-STORE_03-0689;STORE_03;CASH-01;2026-07-25 10:34:49;SKU-002;3;12000;0;CARD
REC-20260725-STORE_03-0690;STORE_03;CASH-01;2026-07-25 11:04:42;SKU-007;4;12000;500;CARD
REC-20260725-STORE_03-0690;STORE_03;CASH-07;2026-07-25 11:04:42;SKU-004;2;25000;500;CARD
REC-20260725-STORE_03-0691;STORE_03;CASH-05;2026-07-25 9:44:46;SKU-002;1;12000;0;CARD
REC-20260725-STORE_03-0691;STORE_03;CASH-06;2026-07-25 9:44:46;SKU-003;3;45000;0;CASH
REC-20260725-STORE_03-0691;STORE_03;CASH-01;2026-07-25 9:44:46;SKU-013;1;12000;1000;CARD
REC-20260725-STORE_03-0691;STORE_03;CASH-05;2026-07-25 9:44:46;SKU-001;4;45000;0;CARD
REC-20260725-STORE_03-0692;STORE_03;CASH-09;2026-07-25 21:18:59;SKU-001;4;45000;500;CARD
REC-20260725-STORE_03-0692;STORE_03;CASH-02;2026-07-25 21:18:59;SKU-025;4;5000;0;CARD
REC-20260725-STORE_03-0692;STORE_03;CASH-05;2026-07-25 21:18:59;SKU-024;2;12000;0;CASH
REC-20260725-STORE_03-0692;STORE_03;CASH-09;2026-07-25 21:18:59;SKU-005;4;5000;0;CARD
REC-20260725-STORE_03-0692;STORE_03;CASH-04;2026-07-25 21:18:59;SKU-011;1;5000;0;CASH
REC-20260725-STORE_03-0693;STORE_03;CASH-10;2026-07-25 18:25:06;SKU-002;2;12000;0;CARD
REC-20260725-STORE_03-0693;STORE_03;CASH-10;2026-07-25 18:25:06;SKU-030;3;45000;0;CASH
REC-20260725-STORE_03-0693;STORE_03;CASH-05;2026-07-25 18:25:06;SKU-001;3;45000;500;CASH
REC-20260725-STORE_03-0693;STORE_03;CASH-03;2026-07-25 18:25:06;SKU-003;2;45000;1000;CARD
REC-20260725-STORE_03-0694;STORE_03;CASH-09;2026-07-25 9:05:56;SKU-042;1;5000;1000;CARD
REC-20260725-STORE_03-0695;STORE_03;CASH-03;2026-07-25 14:21:44;SKU-002;4;12000;500;CASH
REC-20260725-STORE_03-0695;STORE_03;CASH-03;2026-07-25 14:21:44;SKU-024;3;12000;0;CASH
REC-20260725-STORE_03-0695;STORE_03;CASH-10;2026-07-25 14:21:44;SKU-005;2;5000;0;CASH
REC-20260725-STORE_03-0695;STORE_03;CASH-02;2026-07-25 14:21:44;SKU-010;2;25000;0;CASH
REC-20260725-STORE_03-0696;STORE_03;CASH-06;2026-07-25 15:21:02;SKU-033;1;5000;1000;CARD
REC-20260725-STORE_03-0696;STORE_03;CASH-01;2026-07-25 15:21:02;SKU-030;3;45000;0;CARD
REC-20260725-STORE_03-0696;STORE_03;CASH-05;2026-07-25 15:21:02;SKU-034;3;25000;0;CARD
REC-20260725-STORE_03-0696;STORE_03;CASH-03;2026-07-25 15:21:02;SKU-007;3;12000;0;CASH
REC-20260725-STORE_03-0696;STORE_03;CASH-09;2026-07-25 15:21:02;SKU-001;4;45000;0;CARD
REC-20260725-STORE_03-0697;STORE_03;CASH-07;2026-07-25 12:51:33;SKU-001;4;45000;0;CARD
REC-20260725-STORE_03-0697;STORE_03;CASH-06;2026-07-25 12:51:33;SKU-050;1;25000;1000;CARD
REC-20260725-STORE_03-0697;STORE_03;CASH-07;2026-07-25 12:51:33;SKU-015;3;5000;0;CARD
REC-20260725-STORE_03-0697;STORE_03;CASH-06;2026-07-25 12:51:33;SKU-001;3;45000;0;CASH
REC-20260725-STORE_03-0698;STORE_03;CASH-05;2026-07-25 13:28:26;SKU-048;4;25000;0;CASH
REC-20260725-STORE_03-0698;STORE_03;CASH-06;2026-07-25 13:28:26;SKU-030;2;45000;500;CARD
REC-20260725-STORE_03-0699;STORE_03;CASH-05;2026-07-25 8:10:34;SKU-001;4;45000;1000;CARD
REC-20260725-STORE_03-0699;STORE_03;CASH-04;2026-07-25 8:10:34;SKU-002;4;12000;0;CASH
REC-20260725-STORE_03-0699;STORE_03;CASH-07;2026-07-25 8:10:34;SKU-016;2;25000;500;CARD
REC-20260725-STORE_03-0699;STORE_03;CASH-05;2026-07-25 8:10:34;SKU-001;4;45000;0;CARD
REC-20260725-STORE_03-0700;STORE_03;CASH-03;2026-07-25 12:22:36;SKU-015;2;5000;0;CASH
REC-20260725-STORE_03-0700;STORE_03;CASH-04;2026-07-25 12:22:36;SKU-010;1;25000;0;CASH
REC-20260725-STORE_03-0700;STORE_03;CASH-08;2026-07-25 12:22:36;SKU-001;1;45000;1000;CARD
REC-20260725-STORE_04-0001;STORE_04;CASH-04;2026-07-25 18:15:49;SKU-020;4;12000;500;CARD
REC-20260725-STORE_04-0001;STORE_04;CASH-06;2026-07-25 18:15:49;SKU-003;1;45000;500;CARD
REC-20260725-STORE_04-0001;STORE_04;CASH-10;2026-07-25 18:15:49;SKU-008;2;12000;500;CASH
REC-20260725-STORE_04-0001;STORE_04;CASH-06;2026-07-25 18:15:49;SKU-001;4;45000;1000;CASH
REC-20260725-STORE_04-0002;STORE_04;CASH-05;2026-07-25 10:25:48;SKU-006;1;45000;0;CARD
REC-20260725-STORE_04-0002;STORE_04;CASH-09;2026-07-25 10:25:48;SKU-001;1;45000;0;CASH
REC-20260725-STORE_04-0003;STORE_04;CASH-04;2026-07-25 11:55:41;SKU-001;3;45000;0;CARD
REC-20260725-STORE_04-0003;STORE_04;CASH-10;2026-07-25 11:55:41;SKU-002;3;12000;0;CARD
REC-20260725-STORE_04-0003;STORE_04;CASH-06;2026-07-25 11:55:41;SKU-042;2;5000;500;CARD
REC-20260725-STORE_04-0003;STORE_04;CASH-05;2026-07-25 11:55:41;SKU-004;4;25000;0;CARD
REC-20260725-STORE_04-0004;STORE_04;CASH-09;2026-07-25 8:57:39;SKU-005;1;5000;0;CARD
REC-20260725-STORE_04-0004;STORE_04;CASH-04;2026-07-25 8:57:39;SKU-002;3;12000;0;CARD
REC-20260725-STORE_04-0005;STORE_04;CASH-04;2026-07-25 11:51:15;SKU-001;4;45000;0;CASH
REC-20260725-STORE_04-0006;STORE_04;CASH-06;2026-07-25 17:04:13;SKU-002;2;12000;1000;CASH
REC-20260725-STORE_04-0006;STORE_04;CASH-03;2026-07-25 17:04:13;SKU-003;2;45000;0;CASH
REC-20260725-STORE_04-0006;STORE_04;CASH-10;2026-07-25 17:04:13;SKU-001;3;45000;0;CARD
REC-20260725-STORE_04-0006;STORE_04;CASH-06;2026-07-25 17:04:13;SKU-001;4;45000;500;CARD
REC-20260725-STORE_04-0007;STORE_04;CASH-05;2026-07-25 15:23:46;SKU-001;2;45000;0;CASH
REC-20260725-STORE_04-0008;STORE_04;CASH-03;2026-07-25 21:18:39;SKU-013;4;12000;1000;CARD
REC-20260725-STORE_04-0008;STORE_04;CASH-05;2026-07-25 21:18:39;SKU-030;4;45000;0;CARD
REC-20260725-STORE_04-0008;STORE_04;CASH-09;2026-07-25 21:18:39;SKU-002;2;12000;0;CARD
REC-20260725-STORE_04-0009;STORE_04;CASH-09;2026-07-25 14:51:23;SKU-001;3;45000;1000;CASH
REC-20260725-STORE_04-0009;STORE_04;CASH-02;2026-07-25 14:51:23;SKU-001;3;45000;0;CARD
REC-20260725-STORE_04-0009;STORE_04;CASH-10;2026-07-25 14:51:23;SKU-044;1;5000;0;CARD
REC-20260725-STORE_04-0009;STORE_04;CASH-06;2026-07-25 14:51:23;SKU-001;4;45000;0;CARD
REC-20260725-STORE_04-0009;STORE_04;CASH-05;2026-07-25 14:51:23;SKU-023;2;45000;1000;CARD
REC-20260725-STORE_04-0010;STORE_04;CASH-01;2026-07-25 8:56:15;SKU-003;2;45000;0;CARD
REC-20260725-STORE_04-0010;STORE_04;CASH-01;2026-07-25 8:56:15;SKU-001;2;45000;0;CARD
REC-20260725-STORE_04-0011;STORE_04;CASH-03;2026-07-25 15:49:56;SKU-001;1;45000;0;CARD
REC-20260725-STORE_04-0011;STORE_04;CASH-07;2026-07-25 15:49:56;SKU-011;1;5000;0;CARD
REC-20260725-STORE_04-0012;STORE_04;CASH-05;2026-07-25 16:58:39;SKU-009;1;25000;1000;CARD
REC-20260725-STORE_04-0012;STORE_04;CASH-02;2026-07-25 16:58:39;SKU-012;2;45000;1000;CARD
REC-20260725-STORE_04-0012;STORE_04;CASH-07;2026-07-25 16:58:39;SKU-003;4;45000;0;CARD
REC-20260725-STORE_04-0013;STORE_04;CASH-01;2026-07-25 8:32:10;SKU-001;2;45000;0;CARD
REC-20260725-STORE_04-0013;STORE_04;CASH-05;2026-07-25 8:32:10;SKU-001;1;45000;0;CARD
REC-20260725-STORE_04-0014;STORE_04;CASH-02;2026-07-25 20:51:20;SKU-002;4;12000;0;CARD
REC-20260725-STORE_04-0014;STORE_04;CASH-09;2026-07-25 20:51:20;SKU-005;3;5000;1000;CASH
REC-20260725-STORE_04-0014;STORE_04;CASH-03;2026-07-25 20:51:20;SKU-032;1;25000;0;CARD
REC-20260725-STORE_04-0014;STORE_04;CASH-05;2026-07-25 20:51:20;SKU-001;1;45000;500;CARD
REC-20260725-STORE_04-0014;STORE_04;CASH-05;2026-07-25 20:51:20;SKU-001;1;45000;500;CARD
REC-20260725-STORE_04-0015;STORE_04;CASH-10;2026-07-25 13:15:10;SKU-006;1;45000;0;CASH
REC-20260725-STORE_04-0015;STORE_04;CASH-09;2026-07-25 13:15:10;SKU-036;3;45000;1000;CASH
REC-20260725-STORE_04-0016;STORE_04;CASH-10;2026-07-25 12:47:19;SKU-025;3;5000;1000;CARD
REC-20260725-STORE_04-0016;STORE_04;CASH-09;2026-07-25 12:47:19;SKU-001;4;45000;0;CARD
REC-20260725-STORE_04-0016;STORE_04;CASH-10;2026-07-25 12:47:19;SKU-012;2;45000;0;CARD
REC-20260725-STORE_04-0016;STORE_04;CASH-07;2026-07-25 12:47:19;SKU-023;4;45000;500;CARD
REC-20260725-STORE_04-0017;STORE_04;CASH-10;2026-07-25 11:36:33;SKU-004;2;25000;0;CASH
REC-20260725-STORE_04-0017;STORE_04;CASH-08;2026-07-25 11:36:33;SKU-036;2;45000;0;CASH
REC-20260725-STORE_04-0017;STORE_04;CASH-02;2026-07-25 11:36:33;SKU-001;4;45000;0;CASH
REC-20260725-STORE_04-0017;STORE_04;CASH-03;2026-07-25 11:36:33;SKU-009;2;25000;0;CARD
REC-20260725-STORE_04-0017;STORE_04;CASH-10;2026-07-25 11:36:33;SKU-008;4;12000;0;CARD
REC-20260725-STORE_04-0018;STORE_04;CASH-05;2026-07-25 9:35:39;SKU-006;1;45000;1000;CARD
REC-20260725-STORE_04-0018;STORE_04;CASH-07;2026-07-25 9:35:39;SKU-004;3;25000;0;CASH
REC-20260725-STORE_04-0018;STORE_04;CASH-09;2026-07-25 9:35:39;SKU-010;3;25000;500;CASH
REC-20260725-STORE_04-0018;STORE_04;CASH-04;2026-07-25 9:35:39;SKU-035;2;5000;500;CARD
REC-20260725-STORE_04-0018;STORE_04;CASH-08;2026-07-25 9:35:39;SKU-009;4;25000;0;CARD
REC-20260725-STORE_04-0019;STORE_04;CASH-03;2026-07-25 11:59:55;SKU-027;3;5000;1000;CARD
REC-20260725-STORE_04-0019;STORE_04;CASH-08;2026-07-25 11:59:55;SKU-038;3;12000;0;CARD
REC-20260725-STORE_04-0019;STORE_04;CASH-01;2026-07-25 11:59:55;SKU-003;2;45000;0;CARD
REC-20260725-STORE_04-0019;STORE_04;CASH-03;2026-07-25 11:59:55;SKU-040;2;25000;1000;CARD
REC-20260725-STORE_04-0020;STORE_04;CASH-01;2026-07-25 16:29:54;SKU-003;1;45000;0;CARD
REC-20260725-STORE_04-0020;STORE_04;CASH-10;2026-07-25 16:29:54;SKU-043;4;25000;0;CARD
REC-20260725-STORE_04-0020;STORE_04;CASH-10;2026-07-25 16:29:54;SKU-005;4;5000;0;CARD
REC-20260725-STORE_04-0021;STORE_04;CASH-10;2026-07-25 20:08:42;SKU-030;2;45000;500;CASH
REC-20260725-STORE_04-0021;STORE_04;CASH-02;2026-07-25 20:08:42;SKU-047;1;5000;0;CARD
REC-20260725-STORE_04-0021;STORE_04;CASH-09;2026-07-25 20:08:42;SKU-001;2;45000;500;CARD
REC-20260725-STORE_04-0022;STORE_04;CASH-10;2026-07-25 13:23:53;SKU-028;1;5000;1000;CARD
REC-20260725-STORE_04-0022;STORE_04;CASH-08;2026-07-25 13:23:53;SKU-022;4;12000;1000;CARD
REC-20260725-STORE_04-0022;STORE_04;CASH-02;2026-07-25 13:23:53;SKU-040;3;25000;1000;CARD
REC-20260725-STORE_04-0022;STORE_04;CASH-01;2026-07-25 13:23:53;SKU-018;2;5000;0;CARD
REC-20260725-STORE_04-0023;STORE_04;CASH-01;2026-07-25 17:58:05;SKU-001;3;45000;0;CARD
REC-20260725-STORE_04-0023;STORE_04;CASH-01;2026-07-25 17:58:05;SKU-012;2;45000;0;CARD
REC-20260725-STORE_04-0023;STORE_04;CASH-08;2026-07-25 17:58:05;SKU-005;3;5000;500;CARD
REC-20260725-STORE_04-0023;STORE_04;CASH-03;2026-07-25 17:58:05;SKU-011;2;5000;0;CASH
REC-20260725-STORE_04-0024;STORE_04;CASH-02;2026-07-25 16:52:33;SKU-002;4;12000;0;CARD
REC-20260725-STORE_04-0024;STORE_04;CASH-01;2026-07-25 16:52:33;SKU-001;1;45000;0;CARD
REC-20260725-STORE_04-0025;STORE_04;CASH-01;2026-07-25 19:36:03;SKU-020;3;12000;500;CARD
REC-20260725-STORE_04-0026;STORE_04;CASH-02;2026-07-25 14:29:56;SKU-014;3;5000;0;CARD
REC-20260725-STORE_04-0026;STORE_04;CASH-05;2026-07-25 14:29:56;SKU-004;1;25000;1000;CARD
REC-20260725-STORE_04-0026;STORE_04;CASH-01;2026-07-25 14:29:56;SKU-012;4;45000;500;CARD
REC-20260725-STORE_04-0026;STORE_04;CASH-06;2026-07-25 14:29:56;SKU-002;1;12000;500;CASH
REC-20260725-STORE_04-0027;STORE_04;CASH-03;2026-07-25 10:14:55;SKU-001;2;45000;0;CASH
REC-20260725-STORE_04-0027;STORE_04;CASH-04;2026-07-25 10:14:55;SKU-006;2;45000;500;CARD
REC-20260725-STORE_04-0027;STORE_04;CASH-05;2026-07-25 10:14:55;SKU-006;4;45000;0;CARD
REC-20260725-STORE_04-0028;STORE_04;CASH-08;2026-07-25 20:50:52;SKU-044;4;5000;1000;CASH
REC-20260725-STORE_04-0028;STORE_04;CASH-08;2026-07-25 20:50:52;SKU-024;3;12000;500;CARD
REC-20260725-STORE_04-0028;STORE_04;CASH-05;2026-07-25 20:50:52;SKU-001;3;45000;0;CASH
REC-20260725-STORE_04-0028;STORE_04;CASH-07;2026-07-25 20:50:52;SKU-038;1;12000;0;CARD
REC-20260725-STORE_04-0029;STORE_04;CASH-01;2026-07-25 10:22:34;SKU-003;2;45000;1000;CASH
REC-20260725-STORE_04-0029;STORE_04;CASH-04;2026-07-25 10:22:34;SKU-001;1;45000;0;CARD
REC-20260725-STORE_04-0029;STORE_04;CASH-05;2026-07-25 10:22:34;SKU-003;1;45000;0;CARD
REC-20260725-STORE_04-0029;STORE_04;CASH-03;2026-07-25 10:22:34;SKU-008;1;12000;0;CASH
REC-20260725-STORE_04-0029;STORE_04;CASH-02;2026-07-25 10:22:34;SKU-018;3;5000;1000;CARD
REC-20260725-STORE_04-0030;STORE_04;CASH-02;2026-07-25 15:07:13;SKU-033;3;5000;0;CARD
REC-20260725-STORE_04-0031;STORE_04;CASH-09;2026-07-25 11:21:25;SKU-006;2;45000;0;CARD
REC-20260725-STORE_04-0031;STORE_04;CASH-04;2026-07-25 11:21:25;SKU-001;2;45000;0;CARD
REC-20260725-STORE_04-0031;STORE_04;CASH-07;2026-07-25 11:21:25;SKU-002;4;12000;1000;CASH
REC-20260725-STORE_04-0031;STORE_04;CASH-09;2026-07-25 11:21:25;SKU-009;4;25000;0;CARD
REC-20260725-STORE_04-0031;STORE_04;CASH-03;2026-07-25 11:21:25;SKU-003;3;45000;0;CASH
REC-20260725-STORE_04-0032;STORE_04;CASH-02;2026-07-25 20:42:42;SKU-004;4;25000;1000;CARD
REC-20260725-STORE_04-0032;STORE_04;CASH-04;2026-07-25 20:42:42;SKU-001;4;45000;1000;CASH
REC-20260725-STORE_04-0032;STORE_04;CASH-07;2026-07-25 20:42:42;SKU-024;2;12000;1000;CARD
REC-20260725-STORE_04-0032;STORE_04;CASH-08;2026-07-25 20:42:42;SKU-048;2;25000;500;CARD
REC-20260725-STORE_04-0032;STORE_04;CASH-07;2026-07-25 20:42:42;SKU-001;4;45000;500;CARD
REC-20260725-STORE_04-0033;STORE_04;CASH-03;2026-07-25 15:09:32;SKU-009;1;25000;500;CASH
REC-20260725-STORE_04-0033;STORE_04;CASH-05;2026-07-25 15:09:32;SKU-005;2;5000;1000;CARD
REC-20260725-STORE_04-0033;STORE_04;CASH-10;2026-07-25 15:09:32;SKU-013;2;12000;0;CARD
REC-20260725-STORE_04-0034;STORE_04;CASH-10;2026-07-25 16:44:26;SKU-001;4;45000;500;CARD
REC-20260725-STORE_04-0034;STORE_04;CASH-08;2026-07-25 16:44:26;SKU-001;4;45000;0;CARD
REC-20260725-STORE_04-0034;STORE_04;CASH-03;2026-07-25 16:44:26;SKU-001;2;45000;0;CARD
REC-20260725-STORE_04-0034;STORE_04;CASH-05;2026-07-25 16:44:26;SKU-002;3;12000;0;CASH
REC-20260725-STORE_04-0035;STORE_04;CASH-07;2026-07-25 19:23:35;SKU-045;1;45000;0;CARD
REC-20260725-STORE_04-0035;STORE_04;CASH-06;2026-07-25 19:23:35;SKU-008;1;12000;0;CASH
REC-20260725-STORE_04-0036;STORE_04;CASH-02;2026-07-25 12:27:37;SKU-043;1;25000;0;CASH
REC-20260725-STORE_04-0036;STORE_04;CASH-03;2026-07-25 12:27:37;SKU-002;4;12000;500;CASH
REC-20260725-STORE_04-0036;STORE_04;CASH-03;2026-07-25 12:27:37;SKU-004;1;25000;1000;CARD
REC-20260725-STORE_04-0037;STORE_04;CASH-05;2026-07-25 12:13:03;SKU-002;4;12000;0;CARD
REC-20260725-STORE_04-0037;STORE_04;CASH-04;2026-07-25 12:13:03;SKU-044;3;5000;1000;CASH
REC-20260725-STORE_04-0037;STORE_04;CASH-07;2026-07-25 12:13:03;SKU-001;4;45000;0;CARD
REC-20260725-STORE_04-0037;STORE_04;CASH-03;2026-07-25 12:13:03;SKU-021;2;5000;500;CARD
REC-20260725-STORE_04-0037;STORE_04;CASH-09;2026-07-25 12:13:03;SKU-003;3;45000;500;CARD
REC-20260725-STORE_04-0038;STORE_04;CASH-10;2026-07-25 18:38:21;SKU-001;2;45000;0;CARD
REC-20260725-STORE_04-0038;STORE_04;CASH-05;2026-07-25 18:38:21;SKU-003;1;45000;0;CASH
REC-20260725-STORE_04-0038;STORE_04;CASH-07;2026-07-25 18:38:21;SKU-004;4;25000;0;CARD
REC-20260725-STORE_04-0038;STORE_04;CASH-05;2026-07-25 18:38:21;SKU-033;4;5000;500;CASH
REC-20260725-STORE_04-0038;STORE_04;CASH-04;2026-07-25 18:38:21;SKU-008;1;12000;0;CASH
REC-20260725-STORE_04-0039;STORE_04;CASH-02;2026-07-25 14:49:48;SKU-023;2;45000;0;CARD
REC-20260725-STORE_04-0039;STORE_04;CASH-01;2026-07-25 14:49:48;SKU-001;2;45000;1000;CASH
REC-20260725-STORE_04-0039;STORE_04;CASH-07;2026-07-25 14:49:48;SKU-032;4;25000;1000;CARD
REC-20260725-STORE_04-0039;STORE_04;CASH-03;2026-07-25 14:49:48;SKU-001;3;45000;500;CARD
REC-20260725-STORE_04-0039;STORE_04;CASH-02;2026-07-25 14:49:48;SKU-005;3;5000;500;CASH
REC-20260725-STORE_04-0040;STORE_04;CASH-03;2026-07-25 21:18:17;SKU-020;2;12000;0;CARD
REC-20260725-STORE_04-0040;STORE_04;CASH-01;2026-07-25 21:18:17;SKU-010;2;25000;0;CARD
REC-20260725-STORE_04-0040;STORE_04;CASH-02;2026-07-25 21:18:17;SKU-009;1;25000;0;CASH
REC-20260725-STORE_04-0040;STORE_04;CASH-01;2026-07-25 21:18:17;SKU-023;1;45000;0;CASH
REC-20260725-STORE_04-0041;STORE_04;CASH-02;2026-07-25 21:07:56;SKU-001;1;45000;0;CARD
REC-20260725-STORE_04-0041;STORE_04;CASH-01;2026-07-25 21:07:56;SKU-003;1;45000;0;CARD
REC-20260725-STORE_04-0041;STORE_04;CASH-03;2026-07-25 21:07:56;SKU-007;3;12000;0;CARD
REC-20260725-STORE_04-0041;STORE_04;CASH-07;2026-07-25 21:07:56;SKU-047;4;5000;0;CASH
REC-20260725-STORE_04-0042;STORE_04;CASH-05;2026-07-25 20:54:07;SKU-023;2;45000;1000;CASH
REC-20260725-STORE_04-0043;STORE_04;CASH-04;2026-07-25 18:54:16;SKU-005;1;5000;500;CASH
REC-20260725-STORE_04-0043;STORE_04;CASH-07;2026-07-25 18:54:16;SKU-034;2;25000;1000;CARD
REC-20260725-STORE_04-0043;STORE_04;CASH-01;2026-07-25 18:54:16;SKU-001;1;45000;0;CARD
REC-20260725-STORE_04-0043;STORE_04;CASH-02;2026-07-25 18:54:16;SKU-020;4;12000;0;CARD
REC-20260725-STORE_04-0043;STORE_04;CASH-08;2026-07-25 18:54:16;SKU-014;1;5000;0;CARD
REC-20260725-STORE_04-0044;STORE_04;CASH-03;2026-07-25 11:00:52;SKU-039;4;5000;500;CASH
REC-20260725-STORE_04-0044;STORE_04;CASH-10;2026-07-25 11:00:52;SKU-037;3;45000;1000;CASH
REC-20260725-STORE_04-0044;STORE_04;CASH-07;2026-07-25 11:00:52;SKU-043;1;25000;500;CARD
REC-20260725-STORE_04-0045;STORE_04;CASH-07;2026-07-25 14:30:22;SKU-032;1;25000;1000;CARD
REC-20260725-STORE_04-0045;STORE_04;CASH-09;2026-07-25 14:30:22;SKU-039;1;5000;0;CARD
REC-20260725-STORE_04-0046;STORE_04;CASH-05;2026-07-25 12:09:37;SKU-021;3;5000;1000;CARD
REC-20260725-STORE_04-0047;STORE_04;CASH-06;2026-07-25 13:12:33;SKU-018;2;5000;0;CASH
REC-20260725-STORE_04-0048;STORE_04;CASH-04;2026-07-25 8:31:59;SKU-001;4;45000;0;CARD
REC-20260725-STORE_04-0048;STORE_04;CASH-02;2026-07-25 8:31:59;SKU-008;4;12000;0;CASH
REC-20260725-STORE_04-0048;STORE_04;CASH-10;2026-07-25 8:31:59;SKU-006;4;45000;0;CARD
REC-20260725-STORE_04-0048;STORE_04;CASH-05;2026-07-25 8:31:59;SKU-040;2;25000;0;CARD
REC-20260725-STORE_04-0048;STORE_04;CASH-01;2026-07-25 8:31:59;SKU-003;2;45000;1000;CARD
REC-20260725-STORE_04-0049;STORE_04;CASH-03;2026-07-25 14:42:01;SKU-021;2;5000;500;CARD
REC-20260725-STORE_04-0049;STORE_04;CASH-07;2026-07-25 14:42:01;SKU-012;1;45000;0;CASH
REC-20260725-STORE_04-0050;STORE_04;CASH-10;2026-07-25 11:31:55;SKU-002;2;12000;0;CARD
REC-20260725-STORE_04-0050;STORE_04;CASH-07;2026-07-25 11:31:55;SKU-001;3;45000;1000;CARD
REC-20260725-STORE_04-0050;STORE_04;CASH-01;2026-07-25 11:31:55;SKU-011;4;5000;0;CASH
REC-20260725-STORE_04-0050;STORE_04;CASH-03;2026-07-25 11:31:55;SKU-005;3;5000;500;CARD
REC-20260725-STORE_04-0051;STORE_04;CASH-03;2026-07-25 16:05:21;SKU-010;4;25000;500;CARD
REC-20260725-STORE_04-0051;STORE_04;CASH-02;2026-07-25 16:05:21;SKU-003;3;45000;500;CARD
REC-20260725-STORE_04-0051;STORE_04;CASH-09;2026-07-25 16:05:21;SKU-009;2;25000;0;CARD
REC-20260725-STORE_04-0051;STORE_04;CASH-10;2026-07-25 16:05:21;SKU-049;3;5000;0;CASH
REC-20260725-STORE_04-0052;STORE_04;CASH-09;2026-07-25 10:38:53;SKU-006;2;45000;500;CARD
REC-20260725-STORE_04-0052;STORE_04;CASH-04;2026-07-25 10:38:53;SKU-001;1;45000;0;CARD
REC-20260725-STORE_04-0052;STORE_04;CASH-04;2026-07-25 10:38:53;SKU-028;4;5000;0;CARD
REC-20260725-STORE_04-0052;STORE_04;CASH-06;2026-07-25 10:38:53;SKU-041;2;25000;1000;CASH
REC-20260725-STORE_04-0052;STORE_04;CASH-03;2026-07-25 10:38:53;SKU-002;2;12000;0;CARD
REC-20260725-STORE_04-0053;STORE_04;CASH-07;2026-07-25 20:03:44;SKU-002;2;12000;0;CARD
REC-20260725-STORE_04-0053;STORE_04;CASH-07;2026-07-25 20:03:44;SKU-001;3;45000;500;CASH
REC-20260725-STORE_04-0053;STORE_04;CASH-04;2026-07-25 20:03:44;SKU-001;3;45000;0;CARD
REC-20260725-STORE_04-0053;STORE_04;CASH-03;2026-07-25 20:03:44;SKU-015;4;5000;500;CASH
REC-20260725-STORE_04-0054;STORE_04;CASH-09;2026-07-25 16:33:33;SKU-001;3;45000;0;CASH
REC-20260725-STORE_04-0055;STORE_04;CASH-10;2026-07-25 12:39:18;SKU-005;2;5000;0;CARD
REC-20260725-STORE_04-0055;STORE_04;CASH-01;2026-07-25 12:39:18;SKU-011;3;5000;0;CARD
REC-20260725-STORE_04-0055;STORE_04;CASH-04;2026-07-25 12:39:18;SKU-021;4;5000;1000;CARD
REC-20260725-STORE_04-0055;STORE_04;CASH-10;2026-07-25 12:39:18;SKU-035;4;5000;0;CASH
REC-20260725-STORE_04-0056;STORE_04;CASH-09;2026-07-25 16:47:59;SKU-028;2;5000;0;CARD
REC-20260725-STORE_04-0057;STORE_04;CASH-05;2026-07-25 9:49:53;SKU-001;4;45000;1000;CARD
REC-20260725-STORE_04-0057;STORE_04;CASH-02;2026-07-25 9:49:53;SKU-007;2;12000;1000;CASH
REC-20260725-STORE_04-0058;STORE_04;CASH-06;2026-07-25 8:41:09;SKU-010;1;25000;0;CARD
REC-20260725-STORE_04-0058;STORE_04;CASH-03;2026-07-25 8:41:09;SKU-012;2;45000;1000;CARD
REC-20260725-STORE_04-0058;STORE_04;CASH-01;2026-07-25 8:41:09;SKU-027;3;5000;1000;CASH
REC-20260725-STORE_04-0058;STORE_04;CASH-06;2026-07-25 8:41:09;SKU-038;4;12000;0;CASH
REC-20260725-STORE_04-0059;STORE_04;CASH-01;2026-07-25 18:49:40;SKU-002;4;12000;0;CARD
REC-20260725-STORE_04-0060;STORE_04;CASH-09;2026-07-25 9:18:45;SKU-001;1;45000;0;CARD
REC-20260725-STORE_04-0060;STORE_04;CASH-08;2026-07-25 9:18:45;SKU-001;1;45000;500;CARD
REC-20260725-STORE_04-0060;STORE_04;CASH-01;2026-07-25 9:18:45;SKU-004;3;25000;1000;CARD
REC-20260725-STORE_04-0060;STORE_04;CASH-06;2026-07-25 9:18:45;SKU-008;2;12000;1000;CASH
REC-20260725-STORE_04-0061;STORE_04;CASH-05;2026-07-25 14:30:08;SKU-011;2;5000;500;CASH
REC-20260725-STORE_04-0061;STORE_04;CASH-09;2026-07-25 14:30:08;SKU-001;2;45000;0;CARD
REC-20260725-STORE_04-0061;STORE_04;CASH-09;2026-07-25 14:30:08;SKU-020;4;12000;1000;CARD
REC-20260725-STORE_04-0062;STORE_04;CASH-02;2026-07-25 15:36:20;SKU-004;1;25000;0;CARD
REC-20260725-STORE_04-0062;STORE_04;CASH-03;2026-07-25 15:36:20;SKU-008;2;12000;0;CARD
REC-20260725-STORE_04-0062;STORE_04;CASH-01;2026-07-25 15:36:20;SKU-015;2;5000;1000;CARD
REC-20260725-STORE_04-0062;STORE_04;CASH-07;2026-07-25 15:36:20;SKU-006;2;45000;500;CASH
REC-20260725-STORE_04-0062;STORE_04;CASH-01;2026-07-25 15:36:20;SKU-010;2;25000;0;CASH
REC-20260725-STORE_04-0063;STORE_04;CASH-01;2026-07-25 10:07:02;SKU-002;2;12000;0;CASH
REC-20260725-STORE_04-0064;STORE_04;CASH-02;2026-07-25 17:25:35;SKU-002;3;12000;500;CARD
REC-20260725-STORE_04-0064;STORE_04;CASH-05;2026-07-25 17:25:35;SKU-001;2;45000;500;CARD
REC-20260725-STORE_04-0064;STORE_04;CASH-08;2026-07-25 17:25:35;SKU-011;2;5000;1000;CASH
REC-20260725-STORE_04-0064;STORE_04;CASH-06;2026-07-25 17:25:35;SKU-001;2;45000;1000;CASH
REC-20260725-STORE_04-0065;STORE_04;CASH-06;2026-07-25 14:22:17;SKU-010;4;25000;0;CASH
REC-20260725-STORE_04-0065;STORE_04;CASH-07;2026-07-25 14:22:17;SKU-007;4;12000;0;CARD
REC-20260725-STORE_04-0065;STORE_04;CASH-07;2026-07-25 14:22:17;SKU-021;2;5000;1000;CARD
REC-20260725-STORE_04-0065;STORE_04;CASH-08;2026-07-25 14:22:17;SKU-011;3;5000;500;CASH
REC-20260725-STORE_04-0065;STORE_04;CASH-06;2026-07-25 14:22:17;SKU-037;1;45000;1000;CARD
REC-20260725-STORE_04-0066;STORE_04;CASH-10;2026-07-25 19:36:43;SKU-001;2;45000;0;CARD
REC-20260725-STORE_04-0066;STORE_04;CASH-08;2026-07-25 19:36:43;SKU-001;4;45000;1000;CARD
REC-20260725-STORE_04-0067;STORE_04;CASH-04;2026-07-25 11:56:23;SKU-021;2;5000;0;CARD
REC-20260725-STORE_04-0067;STORE_04;CASH-05;2026-07-25 11:56:23;SKU-016;1;25000;0;CASH
REC-20260725-STORE_04-0067;STORE_04;CASH-09;2026-07-25 11:56:23;SKU-038;4;12000;1000;CARD
REC-20260725-STORE_04-0067;STORE_04;CASH-07;2026-07-25 11:56:23;SKU-002;3;12000;500;CARD
REC-20260725-STORE_04-0068;STORE_04;CASH-01;2026-07-25 16:25:05;SKU-005;1;5000;0;CARD
REC-20260725-STORE_04-0068;STORE_04;CASH-03;2026-07-25 16:25:05;SKU-005;2;5000;0;CASH
REC-20260725-STORE_04-0069;STORE_04;CASH-02;2026-07-25 16:53:43;SKU-001;4;45000;1000;CASH
REC-20260725-STORE_04-0069;STORE_04;CASH-02;2026-07-25 16:53:43;SKU-012;2;45000;500;CARD
REC-20260725-STORE_04-0069;STORE_04;CASH-04;2026-07-25 16:53:43;SKU-014;3;5000;1000;CARD
REC-20260725-STORE_04-0069;STORE_04;CASH-05;2026-07-25 16:53:43;SKU-005;4;5000;500;CASH
REC-20260725-STORE_04-0070;STORE_04;CASH-03;2026-07-25 17:49:05;SKU-009;2;25000;1000;CARD
REC-20260725-STORE_04-0070;STORE_04;CASH-08;2026-07-25 17:49:05;SKU-001;3;45000;0;CARD
REC-20260725-STORE_04-0071;STORE_04;CASH-09;2026-07-25 9:21:32;SKU-029;3;5000;0;CARD
REC-20260725-STORE_04-0071;STORE_04;CASH-03;2026-07-25 9:21:32;SKU-001;1;45000;0;CARD
REC-20260725-STORE_04-0071;STORE_04;CASH-06;2026-07-25 9:21:32;SKU-007;3;12000;0;CARD
REC-20260725-STORE_04-0071;STORE_04;CASH-08;2026-07-25 9:21:32;SKU-009;1;25000;0;CASH
REC-20260725-STORE_04-0071;STORE_04;CASH-02;2026-07-25 9:21:32;SKU-001;1;45000;500;CARD
REC-20260725-STORE_04-0072;STORE_04;CASH-06;2026-07-25 16:55:40;SKU-001;4;45000;0;CASH
REC-20260725-STORE_04-0073;STORE_04;CASH-01;2026-07-25 10:43:48;SKU-020;4;12000;0;CARD
REC-20260725-STORE_04-0074;STORE_04;CASH-04;2026-07-25 9:47:51;SKU-003;4;45000;500;CARD
REC-20260725-STORE_04-0074;STORE_04;CASH-06;2026-07-25 9:47:51;SKU-030;3;45000;0;CASH
REC-20260725-STORE_04-0074;STORE_04;CASH-09;2026-07-25 9:47:51;SKU-001;4;45000;1000;CARD
REC-20260725-STORE_04-0074;STORE_04;CASH-07;2026-07-25 9:47:51;SKU-003;1;45000;1000;CARD
REC-20260725-STORE_04-0075;STORE_04;CASH-10;2026-07-25 8:11:36;SKU-002;1;12000;0;CARD
REC-20260725-STORE_04-0075;STORE_04;CASH-01;2026-07-25 8:11:36;SKU-007;1;12000;0;CARD
REC-20260725-STORE_04-0075;STORE_04;CASH-01;2026-07-25 8:11:36;SKU-002;2;12000;1000;CARD
REC-20260725-STORE_04-0075;STORE_04;CASH-10;2026-07-25 8:11:36;SKU-001;3;45000;0;CASH
REC-20260725-STORE_04-0075;STORE_04;CASH-01;2026-07-25 8:11:36;SKU-010;2;25000;1000;CARD
REC-20260725-STORE_04-0076;STORE_04;CASH-10;2026-07-25 15:11:09;SKU-001;2;45000;0;CARD
REC-20260725-STORE_04-0076;STORE_04;CASH-05;2026-07-25 15:11:09;SKU-004;1;25000;1000;CARD
REC-20260725-STORE_04-0076;STORE_04;CASH-05;2026-07-25 15:11:09;SKU-022;4;12000;0;CASH
REC-20260725-STORE_04-0076;STORE_04;CASH-05;2026-07-25 15:11:09;SKU-003;1;45000;0;CARD
REC-20260725-STORE_04-0077;STORE_04;CASH-08;2026-07-25 18:29:40;SKU-006;3;45000;0;CARD
REC-20260725-STORE_04-0077;STORE_04;CASH-02;2026-07-25 18:29:40;SKU-046;4;25000;0;CARD
REC-20260725-STORE_04-0077;STORE_04;CASH-09;2026-07-25 18:29:40;SKU-034;4;25000;500;CASH
REC-20260725-STORE_04-0077;STORE_04;CASH-07;2026-07-25 18:29:40;SKU-004;2;25000;1000;CARD
REC-20260725-STORE_04-0077;STORE_04;CASH-08;2026-07-25 18:29:40;SKU-031;4;45000;500;CARD
REC-20260725-STORE_04-0078;STORE_04;CASH-03;2026-07-25 12:56:36;SKU-005;4;5000;0;CASH
REC-20260725-STORE_04-0078;STORE_04;CASH-10;2026-07-25 12:56:36;SKU-017;4;12000;0;CARD
REC-20260725-STORE_04-0078;STORE_04;CASH-06;2026-07-25 12:56:36;SKU-001;2;45000;0;CASH
REC-20260725-STORE_04-0078;STORE_04;CASH-08;2026-07-25 12:56:36;SKU-001;1;45000;0;CARD
REC-20260725-STORE_04-0079;STORE_04;CASH-08;2026-07-25 18:11:06;SKU-028;1;5000;0;CARD
REC-20260725-STORE_04-0079;STORE_04;CASH-09;2026-07-25 18:11:06;SKU-001;3;45000;500;CARD
REC-20260725-STORE_04-0080;STORE_04;CASH-03;2026-07-25 13:49:56;SKU-012;4;45000;0;CASH
REC-20260725-STORE_04-0080;STORE_04;CASH-10;2026-07-25 13:49:56;SKU-006;1;45000;500;CARD
REC-20260725-STORE_04-0080;STORE_04;CASH-02;2026-07-25 13:49:56;SKU-029;4;5000;0;CARD
REC-20260725-STORE_04-0080;STORE_04;CASH-09;2026-07-25 13:49:56;SKU-011;4;5000;1000;CASH
REC-20260725-STORE_04-0080;STORE_04;CASH-03;2026-07-25 13:49:56;SKU-001;3;45000;0;CARD
REC-20260725-STORE_04-0081;STORE_04;CASH-06;2026-07-25 10:56:22;SKU-011;2;5000;0;CASH
REC-20260725-STORE_04-0081;STORE_04;CASH-10;2026-07-25 10:56:22;SKU-013;2;12000;0;CARD
REC-20260725-STORE_04-0082;STORE_04;CASH-02;2026-07-25 9:45:42;SKU-006;4;45000;0;CARD
REC-20260725-STORE_04-0082;STORE_04;CASH-10;2026-07-25 9:45:42;SKU-010;4;25000;1000;CARD
REC-20260725-STORE_04-0083;STORE_04;CASH-04;2026-07-25 10:47:00;SKU-026;3;12000;0;CARD
REC-20260725-STORE_04-0083;STORE_04;CASH-09;2026-07-25 10:47:00;SKU-001;4;45000;0;CASH
REC-20260725-STORE_04-0084;STORE_04;CASH-03;2026-07-25 8:56:04;SKU-001;2;45000;0;CARD
REC-20260725-STORE_04-0085;STORE_04;CASH-02;2026-07-25 16:33:03;SKU-002;2;12000;0;CARD
REC-20260725-STORE_04-0086;STORE_04;CASH-01;2026-07-25 17:13:53;SKU-041;4;25000;0;CARD
REC-20260725-STORE_04-0086;STORE_04;CASH-05;2026-07-25 17:13:53;SKU-048;3;25000;0;CARD
REC-20260725-STORE_04-0086;STORE_04;CASH-03;2026-07-25 17:13:53;SKU-002;4;12000;0;CASH
REC-20260725-STORE_04-0086;STORE_04;CASH-06;2026-07-25 17:13:53;SKU-007;1;12000;0;CARD
REC-20260725-STORE_04-0087;STORE_04;CASH-04;2026-07-25 15:31:37;SKU-011;2;5000;0;CASH
REC-20260725-STORE_04-0087;STORE_04;CASH-07;2026-07-25 15:31:37;SKU-037;2;45000;0;CARD
REC-20260725-STORE_04-0087;STORE_04;CASH-07;2026-07-25 15:31:37;SKU-013;3;12000;0;CARD
REC-20260725-STORE_04-0087;STORE_04;CASH-02;2026-07-25 15:31:37;SKU-009;1;25000;0;CARD
REC-20260725-STORE_04-0088;STORE_04;CASH-03;2026-07-25 8:48:54;SKU-022;4;12000;0;CARD
REC-20260725-STORE_04-0089;STORE_04;CASH-01;2026-07-25 16:12:54;SKU-015;3;5000;0;CASH
REC-20260725-STORE_04-0089;STORE_04;CASH-04;2026-07-25 16:12:54;SKU-004;4;25000;500;CASH
REC-20260725-STORE_04-0090;STORE_04;CASH-01;2026-07-25 13:02:34;SKU-015;1;5000;0;CASH
REC-20260725-STORE_04-0090;STORE_04;CASH-08;2026-07-25 13:02:34;SKU-011;4;5000;1000;CARD
REC-20260725-STORE_04-0091;STORE_04;CASH-03;2026-07-25 10:20:59;SKU-003;3;45000;0;CASH
REC-20260725-STORE_04-0091;STORE_04;CASH-05;2026-07-25 10:20:59;SKU-005;2;5000;1000;CARD
REC-20260725-STORE_04-0092;STORE_04;CASH-05;2026-07-25 13:00:44;SKU-005;3;5000;500;CARD
REC-20260725-STORE_04-0092;STORE_04;CASH-05;2026-07-25 13:00:44;SKU-043;1;25000;0;CASH
REC-20260725-STORE_04-0093;STORE_04;CASH-01;2026-07-25 18:27:01;SKU-008;1;12000;0;CARD
REC-20260725-STORE_04-0093;STORE_04;CASH-03;2026-07-25 18:27:01;SKU-036;3;45000;0;CARD
REC-20260725-STORE_04-0093;STORE_04;CASH-07;2026-07-25 18:27:01;SKU-032;1;25000;0;CARD
REC-20260725-STORE_04-0093;STORE_04;CASH-03;2026-07-25 18:27:01;SKU-020;2;12000;0;CARD
REC-20260725-STORE_04-0093;STORE_04;CASH-02;2026-07-25 18:27:01;SKU-027;3;5000;500;CARD
REC-20260725-STORE_04-0094;STORE_04;CASH-02;2026-07-25 18:40:31;SKU-007;1;12000;1000;CARD
REC-20260725-STORE_04-0094;STORE_04;CASH-09;2026-07-25 18:40:31;SKU-013;1;12000;0;CASH
REC-20260725-STORE_04-0094;STORE_04;CASH-09;2026-07-25 18:40:31;SKU-014;2;5000;0;CARD
REC-20260725-STORE_04-0094;STORE_04;CASH-02;2026-07-25 18:40:31;SKU-004;2;25000;0;CARD
REC-20260725-STORE_04-0095;STORE_04;CASH-08;2026-07-25 16:39:20;SKU-031;3;45000;0;CARD
REC-20260725-STORE_04-0096;STORE_04;CASH-10;2026-07-25 11:47:33;SKU-001;4;45000;0;CARD
REC-20260725-STORE_04-0097;STORE_04;CASH-01;2026-07-25 13:59:20;SKU-008;2;12000;1000;CASH
REC-20260725-STORE_04-0097;STORE_04;CASH-06;2026-07-25 13:59:20;SKU-003;4;45000;1000;CARD
REC-20260725-STORE_04-0097;STORE_04;CASH-09;2026-07-25 13:59:20;SKU-003;3;45000;0;CASH
REC-20260725-STORE_04-0097;STORE_04;CASH-03;2026-07-25 13:59:20;SKU-010;1;25000;500;CASH
REC-20260725-STORE_04-0097;STORE_04;CASH-01;2026-07-25 13:59:20;SKU-015;4;5000;0;CASH
REC-20260725-STORE_04-0098;STORE_04;CASH-04;2026-07-25 12:00:27;SKU-021;1;5000;0;CASH
REC-20260725-STORE_04-0098;STORE_04;CASH-08;2026-07-25 12:00:27;SKU-002;3;12000;500;CASH
REC-20260725-STORE_04-0098;STORE_04;CASH-08;2026-07-25 12:00:27;SKU-003;4;45000;0;CARD
REC-20260725-STORE_04-0098;STORE_04;CASH-04;2026-07-25 12:00:27;SKU-009;2;25000;0;CARD
REC-20260725-STORE_04-0099;STORE_04;CASH-09;2026-07-25 21:48:07;SKU-045;2;45000;1000;CARD
REC-20260725-STORE_04-0100;STORE_04;CASH-01;2026-07-25 15:02:22;SKU-001;2;45000;0;CARD
REC-20260725-STORE_04-0101;STORE_04;CASH-10;2026-07-25 10:47:00;SKU-015;4;5000;500;CARD
REC-20260725-STORE_04-0101;STORE_04;CASH-10;2026-07-25 10:47:00;SKU-001;4;45000;0;CASH
REC-20260725-STORE_04-0101;STORE_04;CASH-03;2026-07-25 10:47:00;SKU-005;2;5000;0;CARD
REC-20260725-STORE_04-0101;STORE_04;CASH-07;2026-07-25 10:47:00;SKU-004;3;25000;0;CARD
REC-20260725-STORE_04-0101;STORE_04;CASH-04;2026-07-25 10:47:00;SKU-038;4;12000;0;CASH
REC-20260725-STORE_04-0102;STORE_04;CASH-02;2026-07-25 15:00:57;SKU-002;4;12000;1000;CARD
REC-20260725-STORE_04-0102;STORE_04;CASH-04;2026-07-25 15:00:57;SKU-046;1;25000;0;CASH
REC-20260725-STORE_04-0102;STORE_04;CASH-08;2026-07-25 15:00:57;SKU-001;4;45000;1000;CARD
REC-20260725-STORE_04-0102;STORE_04;CASH-05;2026-07-25 15:00:57;SKU-001;1;45000;0;CASH
REC-20260725-STORE_04-0103;STORE_04;CASH-01;2026-07-25 19:50:11;SKU-001;2;45000;500;CARD
REC-20260725-STORE_04-0103;STORE_04;CASH-08;2026-07-25 19:50:11;SKU-049;3;5000;0;CARD
REC-20260725-STORE_04-0104;STORE_04;CASH-01;2026-07-25 17:55:36;SKU-006;3;45000;0;CARD
REC-20260725-STORE_04-0104;STORE_04;CASH-07;2026-07-25 17:55:36;SKU-004;4;25000;0;CARD
REC-20260725-STORE_04-0104;STORE_04;CASH-09;2026-07-25 17:55:36;SKU-001;1;45000;0;CARD
REC-20260725-STORE_04-0104;STORE_04;CASH-06;2026-07-25 17:55:36;SKU-050;1;25000;0;CASH
REC-20260725-STORE_04-0104;STORE_04;CASH-08;2026-07-25 17:55:36;SKU-024;2;12000;500;CASH
REC-20260725-STORE_04-0105;STORE_04;CASH-05;2026-07-25 15:32:41;SKU-003;2;45000;0;CASH
REC-20260725-STORE_04-0105;STORE_04;CASH-01;2026-07-25 15:32:41;SKU-015;2;5000;0;CARD
REC-20260725-STORE_04-0105;STORE_04;CASH-09;2026-07-25 15:32:41;SKU-002;2;12000;500;CARD
REC-20260725-STORE_04-0105;STORE_04;CASH-06;2026-07-25 15:32:41;SKU-015;4;5000;0;CASH
REC-20260725-STORE_04-0105;STORE_04;CASH-10;2026-07-25 15:32:41;SKU-004;4;25000;0;CASH
REC-20260725-STORE_04-0106;STORE_04;CASH-07;2026-07-25 16:38:45;SKU-050;1;25000;0;CARD
REC-20260725-STORE_04-0107;STORE_04;CASH-06;2026-07-25 16:16:46;SKU-033;1;5000;500;CARD
REC-20260725-STORE_04-0107;STORE_04;CASH-06;2026-07-25 16:16:46;SKU-009;3;25000;0;CARD
REC-20260725-STORE_04-0107;STORE_04;CASH-02;2026-07-25 16:16:46;SKU-043;1;25000;1000;CASH
REC-20260725-STORE_04-0107;STORE_04;CASH-09;2026-07-25 16:16:46;SKU-040;1;25000;0;CARD
REC-20260725-STORE_04-0107;STORE_04;CASH-03;2026-07-25 16:16:46;SKU-001;4;45000;0;CASH
REC-20260725-STORE_04-0108;STORE_04;CASH-06;2026-07-25 15:03:07;SKU-015;3;5000;0;CASH
REC-20260725-STORE_04-0108;STORE_04;CASH-02;2026-07-25 15:03:07;SKU-003;3;45000;1000;CARD
REC-20260725-STORE_04-0108;STORE_04;CASH-01;2026-07-25 15:03:07;SKU-001;4;45000;0;CARD
REC-20260725-STORE_04-0108;STORE_04;CASH-05;2026-07-25 15:03:07;SKU-001;4;45000;0;CASH
REC-20260725-STORE_04-0109;STORE_04;CASH-03;2026-07-25 19:46:12;SKU-001;1;45000;0;CARD
REC-20260725-STORE_04-0109;STORE_04;CASH-10;2026-07-25 19:46:12;SKU-018;4;5000;1000;CASH
REC-20260725-STORE_04-0109;STORE_04;CASH-08;2026-07-25 19:46:12;SKU-044;1;5000;0;CARD
REC-20260725-STORE_04-0110;STORE_04;CASH-08;2026-07-25 11:53:08;SKU-021;3;5000;500;CARD
REC-20260725-STORE_04-0111;STORE_04;CASH-08;2026-07-25 16:32:20;SKU-003;2;45000;0;CASH
REC-20260725-STORE_04-0112;STORE_04;CASH-08;2026-07-25 19:42:55;SKU-001;3;45000;0;CARD
REC-20260725-STORE_04-0112;STORE_04;CASH-01;2026-07-25 19:42:55;SKU-001;2;45000;1000;CARD
REC-20260725-STORE_04-0112;STORE_04;CASH-04;2026-07-25 19:42:55;SKU-002;2;12000;1000;CARD
REC-20260725-STORE_04-0113;STORE_04;CASH-03;2026-07-25 19:44:22;SKU-001;2;45000;0;CARD
REC-20260725-STORE_04-0113;STORE_04;CASH-02;2026-07-25 19:44:22;SKU-032;2;25000;1000;CASH
REC-20260725-STORE_04-0113;STORE_04;CASH-05;2026-07-25 19:44:22;SKU-001;1;45000;500;CASH
REC-20260725-STORE_04-0113;STORE_04;CASH-10;2026-07-25 19:44:22;SKU-003;1;45000;0;CARD
REC-20260725-STORE_04-0114;STORE_04;CASH-06;2026-07-25 8:54:34;SKU-008;3;12000;500;CARD
REC-20260725-STORE_04-0114;STORE_04;CASH-10;2026-07-25 8:54:34;SKU-004;2;25000;0;CARD
REC-20260725-STORE_04-0114;STORE_04;CASH-04;2026-07-25 8:54:34;SKU-002;4;12000;0;CARD
REC-20260725-STORE_04-0114;STORE_04;CASH-05;2026-07-25 8:54:34;SKU-001;4;45000;500;CASH
REC-20260725-STORE_04-0114;STORE_04;CASH-09;2026-07-25 8:54:34;SKU-002;2;12000;1000;CASH
REC-20260725-STORE_04-0115;STORE_04;CASH-10;2026-07-25 18:35:52;SKU-002;1;12000;0;CASH
REC-20260725-STORE_04-0115;STORE_04;CASH-04;2026-07-25 18:35:52;SKU-027;1;5000;0;CARD
REC-20260725-STORE_04-0116;STORE_04;CASH-07;2026-07-25 15:11:12;SKU-002;2;12000;0;CARD
REC-20260725-STORE_04-0116;STORE_04;CASH-03;2026-07-25 15:11:12;SKU-034;4;25000;500;CASH
REC-20260725-STORE_04-0116;STORE_04;CASH-02;2026-07-25 15:11:12;SKU-001;3;45000;0;CASH
REC-20260725-STORE_04-0117;STORE_04;CASH-02;2026-07-25 9:41:47;SKU-020;3;12000;0;CARD
REC-20260725-STORE_04-0117;STORE_04;CASH-06;2026-07-25 9:41:47;SKU-010;4;25000;0;CASH
REC-20260725-STORE_04-0117;STORE_04;CASH-05;2026-07-25 9:41:47;SKU-001;4;45000;0;CARD
REC-20260725-STORE_04-0117;STORE_04;CASH-01;2026-07-25 9:41:47;SKU-002;3;12000;1000;CARD
REC-20260725-STORE_04-0118;STORE_04;CASH-05;2026-07-25 17:15:38;SKU-002;2;12000;0;CARD
REC-20260725-STORE_04-0118;STORE_04;CASH-10;2026-07-25 17:15:38;SKU-004;4;25000;0;CARD
REC-20260725-STORE_04-0118;STORE_04;CASH-08;2026-07-25 17:15:38;SKU-039;2;5000;0;CARD
REC-20260725-STORE_04-0118;STORE_04;CASH-02;2026-07-25 17:15:38;SKU-002;2;12000;1000;CARD
REC-20260725-STORE_04-0118;STORE_04;CASH-06;2026-07-25 17:15:38;SKU-001;2;45000;500;CASH
REC-20260725-STORE_04-0119;STORE_04;CASH-04;2026-07-25 13:58:07;SKU-045;3;45000;1000;CASH
REC-20260725-STORE_04-0120;STORE_04;CASH-07;2026-07-25 20:01:38;SKU-001;2;45000;0;CARD
REC-20260725-STORE_04-0120;STORE_04;CASH-08;2026-07-25 20:01:38;SKU-017;4;12000;500;CARD
REC-20260725-STORE_04-0120;STORE_04;CASH-02;2026-07-25 20:01:38;SKU-039;4;5000;1000;CARD
REC-20260725-STORE_04-0120;STORE_04;CASH-10;2026-07-25 20:01:38;SKU-001;4;45000;0;CARD
REC-20260725-STORE_04-0120;STORE_04;CASH-09;2026-07-25 20:01:38;SKU-013;2;12000;0;CARD
REC-20260725-STORE_04-0121;STORE_04;CASH-10;2026-07-25 9:40:38;SKU-016;3;25000;0;CARD
REC-20260725-STORE_04-0121;STORE_04;CASH-01;2026-07-25 9:40:38;SKU-002;3;12000;0;CASH
REC-20260725-STORE_04-0121;STORE_04;CASH-06;2026-07-25 9:40:38;SKU-001;1;45000;0;CARD
REC-20260725-STORE_04-0122;STORE_04;CASH-10;2026-07-25 8:24:38;SKU-001;2;45000;500;CARD
REC-20260725-STORE_04-0122;STORE_04;CASH-08;2026-07-25 8:24:38;SKU-029;3;5000;0;CARD
REC-20260725-STORE_04-0122;STORE_04;CASH-03;2026-07-25 8:24:38;SKU-001;4;45000;500;CARD
REC-20260725-STORE_04-0122;STORE_04;CASH-03;2026-07-25 8:24:38;SKU-004;3;25000;500;CARD
REC-20260725-STORE_04-0123;STORE_04;CASH-03;2026-07-25 8:24:42;SKU-001;2;45000;0;CARD
REC-20260725-STORE_04-0123;STORE_04;CASH-06;2026-07-25 8:24:42;SKU-003;2;45000;0;CASH
REC-20260725-STORE_04-0123;STORE_04;CASH-04;2026-07-25 8:24:42;SKU-001;4;45000;0;CARD
REC-20260725-STORE_04-0123;STORE_04;CASH-02;2026-07-25 8:24:42;SKU-014;1;5000;0;CASH
REC-20260725-STORE_04-0124;STORE_04;CASH-10;2026-07-25 12:09:35;SKU-001;3;45000;0;CASH
REC-20260725-STORE_04-0124;STORE_04;CASH-08;2026-07-25 12:09:35;SKU-020;4;12000;1000;CARD
REC-20260725-STORE_04-0124;STORE_04;CASH-04;2026-07-25 12:09:35;SKU-001;1;45000;500;CARD
REC-20260725-STORE_04-0124;STORE_04;CASH-01;2026-07-25 12:09:35;SKU-002;4;12000;500;CARD
REC-20260725-STORE_04-0124;STORE_04;CASH-04;2026-07-25 12:09:35;SKU-045;1;45000;0;CARD
REC-20260725-STORE_04-0125;STORE_04;CASH-07;2026-07-25 15:55:38;SKU-001;1;45000;1000;CARD
REC-20260725-STORE_04-0125;STORE_04;CASH-09;2026-07-25 15:55:38;SKU-018;2;5000;1000;CARD
REC-20260725-STORE_04-0126;STORE_04;CASH-07;2026-07-25 9:38:13;SKU-009;1;25000;0;CASH
REC-20260725-STORE_04-0127;STORE_04;CASH-04;2026-07-25 13:39:44;SKU-025;4;5000;0;CARD
REC-20260725-STORE_04-0127;STORE_04;CASH-01;2026-07-25 13:39:44;SKU-001;2;45000;0;CASH
REC-20260725-STORE_04-0127;STORE_04;CASH-10;2026-07-25 13:39:44;SKU-002;3;12000;0;CARD
REC-20260725-STORE_04-0127;STORE_04;CASH-08;2026-07-25 13:39:44;SKU-025;2;5000;0;CARD
REC-20260725-STORE_04-0127;STORE_04;CASH-03;2026-07-25 13:39:44;SKU-001;4;45000;0;CARD
REC-20260725-STORE_04-0128;STORE_04;CASH-06;2026-07-25 8:20:27;SKU-002;3;12000;0;CARD
REC-20260725-STORE_04-0128;STORE_04;CASH-08;2026-07-25 8:20:27;SKU-001;1;45000;0;CARD
REC-20260725-STORE_04-0129;STORE_04;CASH-04;2026-07-25 21:24:19;SKU-013;2;12000;0;CARD
REC-20260725-STORE_04-0130;STORE_04;CASH-09;2026-07-25 11:06:39;SKU-023;3;45000;500;CASH
REC-20260725-STORE_04-0130;STORE_04;CASH-04;2026-07-25 11:06:39;SKU-040;2;25000;0;CASH
REC-20260725-STORE_04-0131;STORE_04;CASH-05;2026-07-25 18:30:52;SKU-039;4;5000;1000;CARD
REC-20260725-STORE_04-0131;STORE_04;CASH-05;2026-07-25 18:30:52;SKU-002;3;12000;0;CASH
REC-20260725-STORE_04-0131;STORE_04;CASH-05;2026-07-25 18:30:52;SKU-032;3;25000;0;CASH
REC-20260725-STORE_04-0132;STORE_04;CASH-10;2026-07-25 20:40:03;SKU-005;3;5000;1000;CARD
REC-20260725-STORE_04-0133;STORE_04;CASH-09;2026-07-25 15:14:21;SKU-015;1;5000;1000;CARD
REC-20260725-STORE_04-0134;STORE_04;CASH-09;2026-07-25 13:36:08;SKU-003;1;45000;0;CARD
REC-20260725-STORE_04-0134;STORE_04;CASH-09;2026-07-25 13:36:08;SKU-013;2;12000;0;CARD
REC-20260725-STORE_04-0135;STORE_04;CASH-01;2026-07-25 11:40:26;SKU-002;1;12000;500;CARD
REC-20260725-STORE_04-0135;STORE_04;CASH-09;2026-07-25 11:40:26;SKU-009;2;25000;0;CARD
REC-20260725-STORE_04-0136;STORE_04;CASH-03;2026-07-25 13:34:47;SKU-014;1;5000;0;CARD
REC-20260725-STORE_04-0136;STORE_04;CASH-08;2026-07-25 13:34:47;SKU-011;2;5000;0;CARD
REC-20260725-STORE_04-0136;STORE_04;CASH-10;2026-07-25 13:34:47;SKU-002;2;12000;1000;CARD
REC-20260725-STORE_04-0137;STORE_04;CASH-07;2026-07-25 12:36:13;SKU-030;3;45000;0;CARD
REC-20260725-STORE_04-0137;STORE_04;CASH-09;2026-07-25 12:36:13;SKU-007;1;12000;0;CARD
REC-20260725-STORE_04-0138;STORE_04;CASH-08;2026-07-25 17:19:54;SKU-012;1;45000;0;CARD
REC-20260725-STORE_04-0139;STORE_04;CASH-03;2026-07-25 17:38:53;SKU-038;3;12000;0;CARD
REC-20260725-STORE_04-0140;STORE_04;CASH-10;2026-07-25 17:33:18;SKU-042;4;5000;0;CARD
REC-20260725-STORE_04-0141;STORE_04;CASH-05;2026-07-25 8:12:46;SKU-004;4;25000;1000;CARD
REC-20260725-STORE_04-0141;STORE_04;CASH-06;2026-07-25 8:12:46;SKU-025;1;5000;0;CARD
REC-20260725-STORE_04-0141;STORE_04;CASH-04;2026-07-25 8:12:46;SKU-002;1;12000;0;CARD
REC-20260725-STORE_04-0142;STORE_04;CASH-01;2026-07-25 9:15:04;SKU-001;4;45000;0;CASH
REC-20260725-STORE_04-0142;STORE_04;CASH-07;2026-07-25 9:15:04;SKU-007;2;12000;500;CASH
REC-20260725-STORE_04-0143;STORE_04;CASH-04;2026-07-25 16:25:21;SKU-008;4;12000;0;CASH
REC-20260725-STORE_04-0143;STORE_04;CASH-10;2026-07-25 16:25:21;SKU-003;2;45000;0;CARD
REC-20260725-STORE_04-0143;STORE_04;CASH-01;2026-07-25 16:25:21;SKU-003;1;45000;0;CARD
REC-20260725-STORE_04-0143;STORE_04;CASH-06;2026-07-25 16:25:21;SKU-049;1;5000;0;CASH
REC-20260725-STORE_04-0144;STORE_04;CASH-01;2026-07-25 11:51:35;SKU-009;4;25000;0;CARD
REC-20260725-STORE_04-0145;STORE_04;CASH-08;2026-07-25 17:08:20;SKU-012;4;45000;0;CASH
REC-20260725-STORE_04-0145;STORE_04;CASH-09;2026-07-25 17:08:20;SKU-013;3;12000;0;CASH
REC-20260725-STORE_04-0145;STORE_04;CASH-10;2026-07-25 17:08:20;SKU-003;3;45000;0;CASH
REC-20260725-STORE_04-0145;STORE_04;CASH-02;2026-07-25 17:08:20;SKU-015;2;5000;1000;CARD
REC-20260725-STORE_04-0146;STORE_04;CASH-03;2026-07-25 15:54:14;SKU-014;1;5000;0;CARD
REC-20260725-STORE_04-0147;STORE_04;CASH-09;2026-07-25 9:52:48;SKU-004;4;25000;0;CARD
REC-20260725-STORE_04-0148;STORE_04;CASH-06;2026-07-25 14:40:37;SKU-036;4;45000;1000;CARD
REC-20260725-STORE_04-0148;STORE_04;CASH-03;2026-07-25 14:40:37;SKU-003;3;45000;0;CASH
REC-20260725-STORE_04-0148;STORE_04;CASH-05;2026-07-25 14:40:37;SKU-001;1;45000;500;CASH
REC-20260725-STORE_04-0148;STORE_04;CASH-06;2026-07-25 14:40:37;SKU-001;3;45000;1000;CARD
REC-20260725-STORE_04-0148;STORE_04;CASH-02;2026-07-25 14:40:37;SKU-008;2;12000;1000;CARD
REC-20260725-STORE_04-0149;STORE_04;CASH-04;2026-07-25 13:57:46;SKU-001;1;45000;0;CASH
REC-20260725-STORE_04-0149;STORE_04;CASH-08;2026-07-25 13:57:46;SKU-004;3;25000;0;CASH
REC-20260725-STORE_04-0149;STORE_04;CASH-01;2026-07-25 13:57:46;SKU-018;3;5000;0;CARD
REC-20260725-STORE_04-0149;STORE_04;CASH-10;2026-07-25 13:57:46;SKU-004;3;25000;0;CASH
REC-20260725-STORE_04-0149;STORE_04;CASH-01;2026-07-25 13:57:46;SKU-027;2;5000;0;CARD
REC-20260725-STORE_04-0150;STORE_04;CASH-01;2026-07-25 21:57:07;SKU-002;4;12000;0;CARD
REC-20260725-STORE_04-0150;STORE_04;CASH-05;2026-07-25 21:57:07;SKU-023;2;45000;1000;CARD
REC-20260725-STORE_04-0150;STORE_04;CASH-06;2026-07-25 21:57:07;SKU-005;2;5000;0;CARD
REC-20260725-STORE_04-0150;STORE_04;CASH-05;2026-07-25 21:57:07;SKU-008;2;12000;500;CARD
REC-20260725-STORE_04-0150;STORE_04;CASH-04;2026-07-25 21:57:07;SKU-007;1;12000;1000;CARD
REC-20260725-STORE_04-0151;STORE_04;CASH-03;2026-07-25 17:24:16;SKU-015;1;5000;500;CARD
REC-20260725-STORE_04-0151;STORE_04;CASH-01;2026-07-25 17:24:16;SKU-005;2;5000;500;CASH
REC-20260725-STORE_04-0151;STORE_04;CASH-04;2026-07-25 17:24:16;SKU-017;3;12000;1000;CASH
REC-20260725-STORE_04-0152;STORE_04;CASH-09;2026-07-25 21:40:48;SKU-006;2;45000;0;CARD
REC-20260725-STORE_04-0153;STORE_04;CASH-07;2026-07-25 14:21:24;SKU-001;3;45000;0;CASH
REC-20260725-STORE_04-0153;STORE_04;CASH-02;2026-07-25 14:21:24;SKU-001;2;45000;0;CASH
REC-20260725-STORE_04-0154;STORE_04;CASH-01;2026-07-25 16:22:46;SKU-019;1;25000;500;CARD
REC-20260725-STORE_04-0154;STORE_04;CASH-07;2026-07-25 16:22:46;SKU-001;2;45000;1000;CASH
REC-20260725-STORE_04-0155;STORE_04;CASH-09;2026-07-25 20:31:39;SKU-008;1;12000;0;CARD
REC-20260725-STORE_04-0155;STORE_04;CASH-08;2026-07-25 20:31:39;SKU-020;3;12000;0;CARD
REC-20260725-STORE_04-0155;STORE_04;CASH-03;2026-07-25 20:31:39;SKU-017;3;12000;1000;CASH
REC-20260725-STORE_04-0155;STORE_04;CASH-03;2026-07-25 20:31:39;SKU-002;4;12000;1000;CARD
REC-20260725-STORE_04-0156;STORE_04;CASH-05;2026-07-25 9:02:27;SKU-039;3;5000;0;CARD
REC-20260725-STORE_04-0156;STORE_04;CASH-09;2026-07-25 9:02:27;SKU-001;2;45000;0;CARD
REC-20260725-STORE_04-0157;STORE_04;CASH-09;2026-07-25 14:17:16;SKU-023;4;45000;1000;CARD
REC-20260725-STORE_04-0158;STORE_04;CASH-02;2026-07-25 17:55:50;SKU-006;4;45000;1000;CARD
REC-20260725-STORE_04-0158;STORE_04;CASH-07;2026-07-25 17:55:50;SKU-017;1;12000;0;CARD
REC-20260725-STORE_04-0158;STORE_04;CASH-02;2026-07-25 17:55:50;SKU-017;3;12000;0;CASH
REC-20260725-STORE_04-0158;STORE_04;CASH-01;2026-07-25 17:55:50;SKU-001;2;45000;0;CASH
REC-20260725-STORE_04-0158;STORE_04;CASH-09;2026-07-25 17:55:50;SKU-005;4;5000;0;CASH
REC-20260725-STORE_04-0159;STORE_04;CASH-10;2026-07-25 20:21:59;SKU-001;3;45000;0;CASH
REC-20260725-STORE_04-0160;STORE_04;CASH-05;2026-07-25 20:37:33;SKU-011;1;5000;500;CASH
REC-20260725-STORE_04-0160;STORE_04;CASH-02;2026-07-25 20:37:33;SKU-003;1;45000;0;CARD
REC-20260725-STORE_04-0161;STORE_04;CASH-08;2026-07-25 8:43:37;SKU-003;3;45000;0;CARD
REC-20260725-STORE_04-0161;STORE_04;CASH-09;2026-07-25 8:43:37;SKU-003;2;45000;0;CASH
REC-20260725-STORE_04-0161;STORE_04;CASH-08;2026-07-25 8:43:37;SKU-003;3;45000;500;CASH
REC-20260725-STORE_04-0161;STORE_04;CASH-03;2026-07-25 8:43:37;SKU-001;3;45000;0;CASH
REC-20260725-STORE_04-0161;STORE_04;CASH-10;2026-07-25 8:43:37;SKU-013;3;12000;500;CARD
REC-20260725-STORE_04-0162;STORE_04;CASH-02;2026-07-25 9:57:54;SKU-001;1;45000;0;CARD
REC-20260725-STORE_04-0162;STORE_04;CASH-02;2026-07-25 9:57:54;SKU-044;4;5000;500;CARD
REC-20260725-STORE_04-0162;STORE_04;CASH-07;2026-07-25 9:57:54;SKU-042;1;5000;0;CASH
REC-20260725-STORE_04-0162;STORE_04;CASH-07;2026-07-25 9:57:54;SKU-030;1;45000;1000;CARD
REC-20260725-STORE_04-0163;STORE_04;CASH-04;2026-07-25 19:15:01;SKU-002;1;12000;0;CARD
REC-20260725-STORE_04-0163;STORE_04;CASH-06;2026-07-25 19:15:01;SKU-021;2;5000;0;CARD
REC-20260725-STORE_04-0163;STORE_04;CASH-07;2026-07-25 19:15:01;SKU-001;1;45000;1000;CASH
REC-20260725-STORE_04-0163;STORE_04;CASH-08;2026-07-25 19:15:01;SKU-005;2;5000;500;CARD
REC-20260725-STORE_04-0164;STORE_04;CASH-07;2026-07-25 17:05:32;SKU-001;1;45000;0;CARD
REC-20260725-STORE_04-0164;STORE_04;CASH-06;2026-07-25 17:05:32;SKU-001;4;45000;0;CARD
REC-20260725-STORE_04-0164;STORE_04;CASH-10;2026-07-25 17:05:32;SKU-015;4;5000;0;CASH
REC-20260725-STORE_04-0165;STORE_04;CASH-01;2026-07-25 16:02:32;SKU-002;4;12000;0;CASH
REC-20260725-STORE_04-0165;STORE_04;CASH-05;2026-07-25 16:02:32;SKU-002;1;12000;500;CARD
REC-20260725-STORE_04-0165;STORE_04;CASH-06;2026-07-25 16:02:32;SKU-004;4;25000;0;CARD
REC-20260725-STORE_04-0165;STORE_04;CASH-06;2026-07-25 16:02:32;SKU-016;2;25000;1000;CASH
REC-20260725-STORE_04-0165;STORE_04;CASH-06;2026-07-25 16:02:32;SKU-010;2;25000;1000;CARD
REC-20260725-STORE_04-0166;STORE_04;CASH-02;2026-07-25 18:24:38;SKU-008;2;12000;1000;CARD
REC-20260725-STORE_04-0167;STORE_04;CASH-05;2026-07-25 12:57:38;SKU-021;4;5000;0;CARD
REC-20260725-STORE_04-0167;STORE_04;CASH-09;2026-07-25 12:57:38;SKU-028;3;5000;500;CASH
REC-20260725-STORE_04-0168;STORE_04;CASH-04;2026-07-25 16:04:27;SKU-017;4;12000;500;CARD
REC-20260725-STORE_04-0168;STORE_04;CASH-04;2026-07-25 16:04:27;SKU-012;3;45000;500;CARD
REC-20260725-STORE_04-0168;STORE_04;CASH-05;2026-07-25 16:04:27;SKU-002;4;12000;1000;CARD
REC-20260725-STORE_04-0168;STORE_04;CASH-08;2026-07-25 16:04:27;SKU-037;1;45000;0;CARD
REC-20260725-STORE_04-0168;STORE_04;CASH-06;2026-07-25 16:04:27;SKU-002;2;12000;500;CARD
REC-20260725-STORE_04-0169;STORE_04;CASH-09;2026-07-25 19:50:17;SKU-003;1;45000;1000;CARD
REC-20260725-STORE_04-0169;STORE_04;CASH-09;2026-07-25 19:50:17;SKU-001;4;45000;0;CARD
REC-20260725-STORE_04-0170;STORE_04;CASH-05;2026-07-25 13:41:19;SKU-018;3;5000;1000;CASH
REC-20260725-STORE_04-0170;STORE_04;CASH-10;2026-07-25 13:41:19;SKU-006;2;45000;0;CASH
REC-20260725-STORE_04-0171;STORE_04;CASH-08;2026-07-25 17:39:50;SKU-026;1;12000;1000;CARD
REC-20260725-STORE_04-0171;STORE_04;CASH-09;2026-07-25 17:39:50;SKU-027;4;5000;0;CARD
REC-20260725-STORE_04-0171;STORE_04;CASH-08;2026-07-25 17:39:50;SKU-002;3;12000;0;CASH
REC-20260725-STORE_04-0171;STORE_04;CASH-07;2026-07-25 17:39:50;SKU-004;3;25000;1000;CARD
REC-20260725-STORE_04-0172;STORE_04;CASH-02;2026-07-25 17:04:12;SKU-015;3;5000;0;CARD
REC-20260725-STORE_04-0172;STORE_04;CASH-07;2026-07-25 17:04:12;SKU-009;3;25000;0;CARD
REC-20260725-STORE_04-0172;STORE_04;CASH-10;2026-07-25 17:04:12;SKU-001;2;45000;500;CARD
REC-20260725-STORE_04-0173;STORE_04;CASH-05;2026-07-25 16:05:10;SKU-004;3;25000;1000;CARD
REC-20260725-STORE_04-0173;STORE_04;CASH-10;2026-07-25 16:05:10;SKU-001;2;45000;0;CARD
REC-20260725-STORE_04-0173;STORE_04;CASH-06;2026-07-25 16:05:10;SKU-024;1;12000;0;CARD
REC-20260725-STORE_04-0173;STORE_04;CASH-09;2026-07-25 16:05:10;SKU-005;2;5000;0;CARD
REC-20260725-STORE_04-0173;STORE_04;CASH-08;2026-07-25 16:05:10;SKU-002;4;12000;0;CARD
REC-20260725-STORE_04-0174;STORE_04;CASH-09;2026-07-25 10:42:43;SKU-027;2;5000;0;CARD
REC-20260725-STORE_04-0174;STORE_04;CASH-08;2026-07-25 10:42:43;SKU-007;2;12000;0;CARD
REC-20260725-STORE_04-0174;STORE_04;CASH-07;2026-07-25 10:42:43;SKU-003;4;45000;500;CARD
REC-20260725-STORE_04-0174;STORE_04;CASH-02;2026-07-25 10:42:43;SKU-001;2;45000;0;CARD
REC-20260725-STORE_04-0175;STORE_04;CASH-04;2026-07-25 16:34:59;SKU-022;1;12000;0;CASH
REC-20260725-STORE_04-0175;STORE_04;CASH-09;2026-07-25 16:34:59;SKU-021;4;5000;0;CASH
REC-20260725-STORE_04-0176;STORE_04;CASH-03;2026-07-25 8:34:08;SKU-020;4;12000;500;CASH
REC-20260725-STORE_04-0177;STORE_04;CASH-08;2026-07-25 17:56:30;SKU-012;3;45000;0;CASH
REC-20260725-STORE_04-0177;STORE_04;CASH-06;2026-07-25 17:56:30;SKU-001;3;45000;1000;CARD
REC-20260725-STORE_04-0177;STORE_04;CASH-08;2026-07-25 17:56:30;SKU-006;1;45000;1000;CARD
REC-20260725-STORE_04-0178;STORE_04;CASH-07;2026-07-25 17:24:27;SKU-001;4;45000;1000;CARD
REC-20260725-STORE_04-0178;STORE_04;CASH-09;2026-07-25 17:24:27;SKU-003;3;45000;0;CASH
REC-20260725-STORE_04-0179;STORE_04;CASH-10;2026-07-25 14:35:22;SKU-020;4;12000;500;CARD
REC-20260725-STORE_04-0179;STORE_04;CASH-07;2026-07-25 14:35:22;SKU-029;1;5000;500;CASH
REC-20260725-STORE_04-0180;STORE_04;CASH-06;2026-07-25 20:33:07;SKU-028;3;5000;1000;CASH
REC-20260725-STORE_04-0180;STORE_04;CASH-07;2026-07-25 20:33:07;SKU-003;4;45000;0;CASH
REC-20260725-STORE_04-0180;STORE_04;CASH-09;2026-07-25 20:33:07;SKU-033;1;5000;0;CARD
REC-20260725-STORE_04-0181;STORE_04;CASH-04;2026-07-25 11:45:38;SKU-002;1;12000;500;CASH
REC-20260725-STORE_04-0181;STORE_04;CASH-01;2026-07-25 11:45:38;SKU-003;3;45000;500;CARD
REC-20260725-STORE_04-0181;STORE_04;CASH-09;2026-07-25 11:45:38;SKU-048;4;25000;0;CASH
REC-20260725-STORE_04-0181;STORE_04;CASH-02;2026-07-25 11:45:38;SKU-038;3;12000;0;CARD
REC-20260725-STORE_04-0182;STORE_04;CASH-07;2026-07-25 16:05:38;SKU-020;1;12000;0;CARD
REC-20260725-STORE_04-0182;STORE_04;CASH-09;2026-07-25 16:05:38;SKU-011;2;5000;0;CASH
REC-20260725-STORE_04-0182;STORE_04;CASH-09;2026-07-25 16:05:38;SKU-002;1;12000;0;CARD
REC-20260725-STORE_04-0182;STORE_04;CASH-08;2026-07-25 16:05:38;SKU-001;1;45000;0;CARD
REC-20260725-STORE_04-0183;STORE_04;CASH-10;2026-07-25 8:58:54;SKU-005;4;5000;1000;CASH
REC-20260725-STORE_04-0183;STORE_04;CASH-01;2026-07-25 8:58:54;SKU-001;2;45000;0;CARD
REC-20260725-STORE_04-0184;STORE_04;CASH-07;2026-07-25 21:52:53;SKU-002;4;12000;0;CARD
REC-20260725-STORE_04-0184;STORE_04;CASH-03;2026-07-25 21:52:53;SKU-001;2;45000;0;CASH
REC-20260725-STORE_04-0185;STORE_04;CASH-09;2026-07-25 21:29:35;SKU-018;4;5000;0;CARD
REC-20260725-STORE_04-0185;STORE_04;CASH-08;2026-07-25 21:29:35;SKU-001;3;45000;0;CARD
REC-20260725-STORE_04-0185;STORE_04;CASH-04;2026-07-25 21:29:35;SKU-003;3;45000;1000;CARD
REC-20260725-STORE_04-0185;STORE_04;CASH-06;2026-07-25 21:29:35;SKU-004;3;25000;1000;CARD
REC-20260725-STORE_04-0186;STORE_04;CASH-09;2026-07-25 20:12:02;SKU-005;4;5000;1000;CASH
REC-20260725-STORE_04-0186;STORE_04;CASH-09;2026-07-25 20:12:02;SKU-007;3;12000;0;CARD
REC-20260725-STORE_04-0186;STORE_04;CASH-07;2026-07-25 20:12:02;SKU-027;4;5000;500;CARD
REC-20260725-STORE_04-0187;STORE_04;CASH-09;2026-07-25 10:02:24;SKU-001;4;45000;0;CARD
REC-20260725-STORE_04-0187;STORE_04;CASH-03;2026-07-25 10:02:24;SKU-008;3;12000;0;CARD
REC-20260725-STORE_04-0187;STORE_04;CASH-05;2026-07-25 10:02:24;SKU-007;3;12000;0;CARD
REC-20260725-STORE_04-0187;STORE_04;CASH-08;2026-07-25 10:02:24;SKU-023;3;45000;0;CARD
REC-20260725-STORE_04-0188;STORE_04;CASH-04;2026-07-25 17:09:42;SKU-034;2;25000;1000;CARD
REC-20260725-STORE_04-0189;STORE_04;CASH-01;2026-07-25 8:38:01;SKU-001;4;45000;0;CASH
REC-20260725-STORE_04-0189;STORE_04;CASH-02;2026-07-25 8:38:01;SKU-004;1;25000;1000;CASH
REC-20260725-STORE_04-0189;STORE_04;CASH-07;2026-07-25 8:38:01;SKU-001;2;45000;1000;CASH
REC-20260725-STORE_04-0190;STORE_04;CASH-07;2026-07-25 9:52:46;SKU-002;4;12000;500;CASH
REC-20260725-STORE_04-0190;STORE_04;CASH-10;2026-07-25 9:52:46;SKU-001;4;45000;0;CARD
REC-20260725-STORE_04-0190;STORE_04;CASH-01;2026-07-25 9:52:46;SKU-010;2;25000;500;CARD
REC-20260725-STORE_04-0191;STORE_04;CASH-10;2026-07-25 15:41:19;SKU-002;2;12000;0;CASH
REC-20260725-STORE_04-0192;STORE_04;CASH-06;2026-07-25 14:56:56;SKU-004;2;25000;0;CASH
REC-20260725-STORE_04-0192;STORE_04;CASH-03;2026-07-25 14:56:56;SKU-008;2;12000;1000;CARD
REC-20260725-STORE_04-0193;STORE_04;CASH-02;2026-07-25 17:17:33;SKU-005;1;5000;1000;CARD
REC-20260725-STORE_04-0193;STORE_04;CASH-05;2026-07-25 17:17:33;SKU-001;2;45000;1000;CASH
REC-20260725-STORE_04-0193;STORE_04;CASH-08;2026-07-25 17:17:33;SKU-003;3;45000;1000;CARD
REC-20260725-STORE_04-0193;STORE_04;CASH-06;2026-07-25 17:17:33;SKU-009;4;25000;500;CARD
REC-20260725-STORE_04-0194;STORE_04;CASH-02;2026-07-25 10:42:58;SKU-002;3;12000;0;CARD
REC-20260725-STORE_04-0195;STORE_04;CASH-07;2026-07-25 18:33:59;SKU-005;3;5000;500;CARD
REC-20260725-STORE_04-0195;STORE_04;CASH-03;2026-07-25 18:33:59;SKU-006;4;45000;0;CARD
REC-20260725-STORE_04-0195;STORE_04;CASH-07;2026-07-25 18:33:59;SKU-013;1;12000;500;CARD
REC-20260725-STORE_04-0196;STORE_04;CASH-06;2026-07-25 14:28:41;SKU-003;1;45000;0;CASH
REC-20260725-STORE_04-0197;STORE_04;CASH-01;2026-07-25 17:25:29;SKU-003;3;45000;0;CARD
REC-20260725-STORE_04-0198;STORE_04;CASH-02;2026-07-25 13:31:42;SKU-017;4;12000;500;CASH
REC-20260725-STORE_04-0198;STORE_04;CASH-09;2026-07-25 13:31:42;SKU-001;3;45000;0;CARD
REC-20260725-STORE_04-0198;STORE_04;CASH-06;2026-07-25 13:31:42;SKU-001;1;45000;0;CARD
REC-20260725-STORE_04-0198;STORE_04;CASH-03;2026-07-25 13:31:42;SKU-003;1;45000;500;CARD
REC-20260725-STORE_04-0198;STORE_04;CASH-08;2026-07-25 13:31:42;SKU-045;4;45000;500;CASH
REC-20260725-STORE_04-0199;STORE_04;CASH-01;2026-07-25 17:52:26;SKU-003;4;45000;0;CARD
REC-20260725-STORE_04-0199;STORE_04;CASH-03;2026-07-25 17:52:26;SKU-017;2;12000;0;CARD
REC-20260725-STORE_04-0199;STORE_04;CASH-02;2026-07-25 17:52:26;SKU-016;1;25000;1000;CARD
REC-20260725-STORE_04-0199;STORE_04;CASH-06;2026-07-25 17:52:26;SKU-006;1;45000;0;CARD
REC-20260725-STORE_04-0200;STORE_04;CASH-10;2026-07-25 13:36:46;SKU-001;1;45000;0;CASH
REC-20260725-STORE_04-0200;STORE_04;CASH-07;2026-07-25 13:36:46;SKU-001;1;45000;0;CARD
REC-20260725-STORE_04-0200;STORE_04;CASH-02;2026-07-25 13:36:46;SKU-001;1;45000;1000;CARD
REC-20260725-STORE_04-0200;STORE_04;CASH-03;2026-07-25 13:36:46;SKU-004;3;25000;0;CARD
REC-20260725-STORE_04-0200;STORE_04;CASH-10;2026-07-25 13:36:46;SKU-002;4;12000;0;CASH
REC-20260725-STORE_04-0201;STORE_04;CASH-08;2026-07-25 10:11:01;SKU-001;2;45000;0;CASH
REC-20260725-STORE_04-0202;STORE_04;CASH-08;2026-07-25 8:02:28;SKU-001;2;45000;0;CARD
REC-20260725-STORE_04-0202;STORE_04;CASH-01;2026-07-25 8:02:28;SKU-006;3;45000;0;CARD
REC-20260725-STORE_04-0202;STORE_04;CASH-06;2026-07-25 8:02:28;SKU-001;1;45000;0;CARD
REC-20260725-STORE_04-0202;STORE_04;CASH-04;2026-07-25 8:02:28;SKU-002;4;12000;0;CARD
REC-20260725-STORE_04-0203;STORE_04;CASH-05;2026-07-25 14:02:58;SKU-037;3;45000;0;CARD
REC-20260725-STORE_04-0203;STORE_04;CASH-06;2026-07-25 14:02:58;SKU-004;2;25000;500;CASH
REC-20260725-STORE_04-0204;STORE_04;CASH-03;2026-07-25 19:37:32;SKU-002;3;12000;0;CASH
REC-20260725-STORE_04-0204;STORE_04;CASH-07;2026-07-25 19:37:32;SKU-001;1;45000;0;CARD
REC-20260725-STORE_04-0205;STORE_04;CASH-02;2026-07-25 21:00:37;SKU-001;3;45000;500;CARD
REC-20260725-STORE_04-0205;STORE_04;CASH-08;2026-07-25 21:00:37;SKU-004;2;25000;500;CARD
REC-20260725-STORE_04-0206;STORE_04;CASH-09;2026-07-25 19:29:07;SKU-004;2;25000;500;CARD
REC-20260725-STORE_04-0206;STORE_04;CASH-07;2026-07-25 19:29:07;SKU-001;4;45000;0;CARD
REC-20260725-STORE_04-0206;STORE_04;CASH-04;2026-07-25 19:29:07;SKU-039;2;5000;0;CARD
REC-20260725-STORE_04-0206;STORE_04;CASH-05;2026-07-25 19:29:07;SKU-014;1;5000;0;CARD
REC-20260725-STORE_04-0206;STORE_04;CASH-07;2026-07-25 19:29:07;SKU-007;3;12000;500;CARD
REC-20260725-STORE_04-0207;STORE_04;CASH-06;2026-07-25 21:29:03;SKU-003;4;45000;500;CARD
REC-20260725-STORE_04-0207;STORE_04;CASH-09;2026-07-25 21:29:03;SKU-014;4;5000;0;CARD
REC-20260725-STORE_04-0207;STORE_04;CASH-01;2026-07-25 21:29:03;SKU-005;4;5000;0;CARD
REC-20260725-STORE_04-0207;STORE_04;CASH-09;2026-07-25 21:29:03;SKU-002;4;12000;0;CASH
REC-20260725-STORE_04-0207;STORE_04;CASH-05;2026-07-25 21:29:03;SKU-006;1;45000;0;CARD
REC-20260725-STORE_04-0208;STORE_04;CASH-01;2026-07-25 18:16:22;SKU-001;4;45000;0;CARD
REC-20260725-STORE_04-0209;STORE_04;CASH-10;2026-07-25 9:12:31;SKU-038;4;12000;1000;CARD
REC-20260725-STORE_04-0210;STORE_04;CASH-07;2026-07-25 18:59:13;SKU-005;3;5000;0;CASH
REC-20260725-STORE_04-0210;STORE_04;CASH-06;2026-07-25 18:59:13;SKU-023;2;45000;500;CARD
REC-20260725-STORE_04-0211;STORE_04;CASH-06;2026-07-25 11:02:25;SKU-037;3;45000;0;CARD
REC-20260725-STORE_04-0211;STORE_04;CASH-01;2026-07-25 11:02:25;SKU-005;1;5000;0;CARD
REC-20260725-STORE_04-0211;STORE_04;CASH-05;2026-07-25 11:02:25;SKU-006;2;45000;500;CARD
REC-20260725-STORE_04-0212;STORE_04;CASH-06;2026-07-25 12:00:38;SKU-005;1;5000;1000;CASH
REC-20260725-STORE_04-0212;STORE_04;CASH-06;2026-07-25 12:00:38;SKU-039;3;5000;0;CASH
REC-20260725-STORE_04-0212;STORE_04;CASH-10;2026-07-25 12:00:38;SKU-003;3;45000;500;CASH
REC-20260725-STORE_04-0212;STORE_04;CASH-09;2026-07-25 12:00:38;SKU-001;1;45000;0;CASH
REC-20260725-STORE_04-0212;STORE_04;CASH-07;2026-07-25 12:00:38;SKU-001;3;45000;0;CARD
REC-20260725-STORE_04-0213;STORE_04;CASH-07;2026-07-25 19:32:45;SKU-001;2;45000;500;CARD
REC-20260725-STORE_04-0213;STORE_04;CASH-07;2026-07-25 19:32:45;SKU-012;1;45000;0;CARD
REC-20260725-STORE_04-0214;STORE_04;CASH-01;2026-07-25 12:17:59;SKU-004;2;25000;1000;CARD
REC-20260725-STORE_04-0214;STORE_04;CASH-06;2026-07-25 12:17:59;SKU-002;3;12000;500;CASH
REC-20260725-STORE_04-0215;STORE_04;CASH-05;2026-07-25 21:53:34;SKU-001;3;45000;0;CARD
REC-20260725-STORE_04-0215;STORE_04;CASH-06;2026-07-25 21:53:34;SKU-005;1;5000;0;CASH
REC-20260725-STORE_04-0216;STORE_04;CASH-01;2026-07-25 18:36:11;SKU-024;4;12000;0;CASH
REC-20260725-STORE_04-0216;STORE_04;CASH-06;2026-07-25 18:36:11;SKU-012;1;45000;0;CARD
REC-20260725-STORE_04-0216;STORE_04;CASH-03;2026-07-25 18:36:11;SKU-002;1;12000;0;CARD
REC-20260725-STORE_04-0216;STORE_04;CASH-07;2026-07-25 18:36:11;SKU-001;1;45000;500;CASH
REC-20260725-STORE_04-0216;STORE_04;CASH-04;2026-07-25 18:36:11;SKU-027;3;5000;0;CARD
REC-20260725-STORE_04-0217;STORE_04;CASH-04;2026-07-25 10:21:22;SKU-001;4;45000;500;CARD
REC-20260725-STORE_04-0217;STORE_04;CASH-09;2026-07-25 10:21:22;SKU-002;3;12000;1000;CARD
REC-20260725-STORE_04-0217;STORE_04;CASH-08;2026-07-25 10:21:22;SKU-004;2;25000;0;CARD
REC-20260725-STORE_04-0217;STORE_04;CASH-06;2026-07-25 10:21:22;SKU-001;2;45000;0;CASH
REC-20260725-STORE_04-0218;STORE_04;CASH-02;2026-07-25 13:53:57;SKU-001;3;45000;0;CARD
REC-20260725-STORE_04-0219;STORE_04;CASH-10;2026-07-25 19:56:30;SKU-002;4;12000;500;CASH
REC-20260725-STORE_04-0219;STORE_04;CASH-05;2026-07-25 19:56:30;SKU-007;4;12000;0;CASH
REC-20260725-STORE_04-0220;STORE_04;CASH-10;2026-07-25 18:57:37;SKU-001;2;45000;500;CARD
REC-20260725-STORE_04-0220;STORE_04;CASH-09;2026-07-25 18:57:37;SKU-002;2;12000;0;CARD
REC-20260725-STORE_04-0220;STORE_04;CASH-01;2026-07-25 18:57:37;SKU-002;4;12000;500;CARD
REC-20260725-STORE_04-0221;STORE_04;CASH-08;2026-07-25 8:59:27;SKU-001;2;45000;0;CARD
REC-20260725-STORE_04-0221;STORE_04;CASH-06;2026-07-25 8:59:27;SKU-001;1;45000;500;CARD
REC-20260725-STORE_04-0221;STORE_04;CASH-03;2026-07-25 8:59:27;SKU-004;1;25000;0;CARD
REC-20260725-STORE_04-0221;STORE_04;CASH-03;2026-07-25 8:59:27;SKU-014;2;5000;0;CARD
REC-20260725-STORE_04-0222;STORE_04;CASH-08;2026-07-25 15:21:20;SKU-001;3;45000;0;CARD
REC-20260725-STORE_04-0223;STORE_04;CASH-04;2026-07-25 18:05:17;SKU-002;2;12000;0;CARD
REC-20260725-STORE_04-0223;STORE_04;CASH-08;2026-07-25 18:05:17;SKU-028;3;5000;0;CARD
REC-20260725-STORE_04-0223;STORE_04;CASH-07;2026-07-25 18:05:17;SKU-003;2;45000;0;CARD
REC-20260725-STORE_04-0223;STORE_04;CASH-03;2026-07-25 18:05:17;SKU-006;1;45000;1000;CASH
REC-20260725-STORE_04-0224;STORE_04;CASH-07;2026-07-25 15:04:52;SKU-007;4;12000;1000;CARD
REC-20260725-STORE_04-0225;STORE_04;CASH-03;2026-07-25 18:46:33;SKU-001;3;45000;500;CASH
REC-20260725-STORE_04-0225;STORE_04;CASH-02;2026-07-25 18:46:33;SKU-004;4;25000;0;CARD
REC-20260725-STORE_04-0226;STORE_04;CASH-01;2026-07-25 18:03:26;SKU-003;1;45000;0;CARD
REC-20260725-STORE_04-0226;STORE_04;CASH-07;2026-07-25 18:03:26;SKU-017;3;12000;1000;CASH
REC-20260725-STORE_04-0227;STORE_04;CASH-08;2026-07-25 15:47:14;SKU-029;4;5000;0;CARD
REC-20260725-STORE_04-0228;STORE_04;CASH-06;2026-07-25 15:51:04;SKU-020;2;12000;0;CASH
REC-20260725-STORE_04-0228;STORE_04;CASH-04;2026-07-25 15:51:04;SKU-008;2;12000;1000;CARD
REC-20260725-STORE_04-0228;STORE_04;CASH-08;2026-07-25 15:51:04;SKU-046;2;25000;0;CARD
REC-20260725-STORE_04-0228;STORE_04;CASH-03;2026-07-25 15:51:04;SKU-002;4;12000;1000;CARD
REC-20260725-STORE_04-0228;STORE_04;CASH-08;2026-07-25 15:51:04;SKU-016;3;25000;0;CARD
REC-20260725-STORE_04-0229;STORE_04;CASH-04;2026-07-25 12:38:00;SKU-004;2;25000;1000;CARD
REC-20260725-STORE_04-0229;STORE_04;CASH-09;2026-07-25 12:38:00;SKU-006;3;45000;1000;CASH
REC-20260725-STORE_04-0229;STORE_04;CASH-03;2026-07-25 12:38:00;SKU-021;4;5000;0;CASH
REC-20260725-STORE_04-0229;STORE_04;CASH-06;2026-07-25 12:38:00;SKU-010;2;25000;0;CARD
REC-20260725-STORE_04-0230;STORE_04;CASH-01;2026-07-25 13:07:11;SKU-005;1;5000;0;CASH
REC-20260725-STORE_04-0230;STORE_04;CASH-09;2026-07-25 13:07:11;SKU-003;4;45000;500;CARD
REC-20260725-STORE_04-0230;STORE_04;CASH-04;2026-07-25 13:07:11;SKU-001;1;45000;0;CARD
REC-20260725-STORE_04-0231;STORE_04;CASH-05;2026-07-25 9:35:23;SKU-015;4;5000;0;CASH
REC-20260725-STORE_04-0231;STORE_04;CASH-07;2026-07-25 9:35:23;SKU-011;2;5000;1000;CASH
REC-20260725-STORE_04-0231;STORE_04;CASH-05;2026-07-25 9:35:23;SKU-026;3;12000;0;CARD
REC-20260725-STORE_04-0232;STORE_04;CASH-10;2026-07-25 17:40:20;SKU-021;1;5000;500;CARD
REC-20260725-STORE_04-0232;STORE_04;CASH-06;2026-07-25 17:40:20;SKU-015;3;5000;0;CARD
REC-20260725-STORE_04-0232;STORE_04;CASH-08;2026-07-25 17:40:20;SKU-041;1;25000;1000;CARD
REC-20260725-STORE_04-0233;STORE_04;CASH-09;2026-07-25 9:49:32;SKU-049;1;5000;0;CARD
REC-20260725-STORE_04-0234;STORE_04;CASH-04;2026-07-25 19:47:10;SKU-033;1;5000;500;CARD
REC-20260725-STORE_04-0234;STORE_04;CASH-01;2026-07-25 19:47:10;SKU-010;4;25000;0;CASH
REC-20260725-STORE_04-0234;STORE_04;CASH-05;2026-07-25 19:47:10;SKU-007;4;12000;0;CARD
REC-20260725-STORE_04-0234;STORE_04;CASH-04;2026-07-25 19:47:10;SKU-003;3;45000;0;CARD
REC-20260725-STORE_04-0235;STORE_04;CASH-02;2026-07-25 10:00:44;SKU-010;4;25000;0;CARD
REC-20260725-STORE_04-0235;STORE_04;CASH-06;2026-07-25 10:00:44;SKU-007;4;12000;1000;CARD
REC-20260725-STORE_04-0235;STORE_04;CASH-05;2026-07-25 10:00:44;SKU-001;2;45000;1000;CASH
REC-20260725-STORE_04-0236;STORE_04;CASH-09;2026-07-25 19:07:32;SKU-021;4;5000;500;CASH
REC-20260725-STORE_04-0236;STORE_04;CASH-01;2026-07-25 19:07:32;SKU-009;3;25000;0;CARD
REC-20260725-STORE_04-0236;STORE_04;CASH-02;2026-07-25 19:07:32;SKU-033;1;5000;500;CARD
REC-20260725-STORE_04-0236;STORE_04;CASH-04;2026-07-25 19:07:32;SKU-032;4;25000;1000;CARD
REC-20260725-STORE_04-0236;STORE_04;CASH-04;2026-07-25 19:07:32;SKU-009;4;25000;0;CARD
REC-20260725-STORE_04-0237;STORE_04;CASH-04;2026-07-25 21:32:10;SKU-001;1;45000;0;CARD
REC-20260725-STORE_04-0237;STORE_04;CASH-01;2026-07-25 21:32:10;SKU-001;4;45000;1000;CARD
REC-20260725-STORE_04-0238;STORE_04;CASH-04;2026-07-25 20:29:18;SKU-001;4;45000;0;CASH
REC-20260725-STORE_04-0238;STORE_04;CASH-05;2026-07-25 20:29:18;SKU-034;3;25000;500;CARD
REC-20260725-STORE_04-0239;STORE_04;CASH-03;2026-07-25 11:04:23;SKU-008;2;12000;0;CARD
REC-20260725-STORE_04-0239;STORE_04;CASH-06;2026-07-25 11:04:23;SKU-005;4;5000;0;CARD
REC-20260725-STORE_04-0240;STORE_04;CASH-09;2026-07-25 10:40:20;SKU-010;3;25000;0;CARD
REC-20260725-STORE_04-0240;STORE_04;CASH-08;2026-07-25 10:40:20;SKU-022;4;12000;1000;CARD
REC-20260725-STORE_04-0240;STORE_04;CASH-06;2026-07-25 10:40:20;SKU-001;4;45000;1000;CARD
REC-20260725-STORE_04-0241;STORE_04;CASH-09;2026-07-25 9:42:05;SKU-007;4;12000;0;CARD
REC-20260725-STORE_04-0241;STORE_04;CASH-06;2026-07-25 9:42:05;SKU-003;3;45000;0;CARD
REC-20260725-STORE_04-0241;STORE_04;CASH-09;2026-07-25 9:42:05;SKU-001;4;45000;0;CASH
REC-20260725-STORE_04-0241;STORE_04;CASH-06;2026-07-25 9:42:05;SKU-036;4;45000;0;CARD
REC-20260725-STORE_04-0241;STORE_04;CASH-02;2026-07-25 9:42:05;SKU-044;2;5000;1000;CARD
REC-20260725-STORE_04-0242;STORE_04;CASH-02;2026-07-25 11:59:18;SKU-001;3;45000;500;CARD
REC-20260725-STORE_04-0243;STORE_04;CASH-05;2026-07-25 9:23:04;SKU-002;2;12000;0;CARD
REC-20260725-STORE_04-0244;STORE_04;CASH-09;2026-07-25 9:37:08;SKU-002;2;12000;0;CARD
REC-20260725-STORE_04-0245;STORE_04;CASH-07;2026-07-25 18:26:34;SKU-008;4;12000;0;CARD
REC-20260725-STORE_04-0245;STORE_04;CASH-02;2026-07-25 18:26:34;SKU-001;2;45000;0;CARD
REC-20260725-STORE_04-0246;STORE_04;CASH-07;2026-07-25 20:27:55;SKU-008;2;12000;1000;CARD
REC-20260725-STORE_04-0246;STORE_04;CASH-01;2026-07-25 20:27:55;SKU-020;2;12000;0;CARD
REC-20260725-STORE_04-0247;STORE_04;CASH-06;2026-07-25 11:37:16;SKU-005;2;5000;0;CASH
REC-20260725-STORE_04-0248;STORE_04;CASH-10;2026-07-25 16:24:30;SKU-013;4;12000;0;CASH
REC-20260725-STORE_04-0249;STORE_04;CASH-04;2026-07-25 16:23:17;SKU-025;1;5000;1000;CASH
REC-20260725-STORE_04-0249;STORE_04;CASH-06;2026-07-25 16:23:17;SKU-001;3;45000;0;CASH
REC-20260725-STORE_04-0249;STORE_04;CASH-01;2026-07-25 16:23:17;SKU-012;4;45000;0;CARD
REC-20260725-STORE_04-0250;STORE_04;CASH-03;2026-07-25 17:20:03;SKU-009;4;25000;0;CASH
REC-20260725-STORE_04-0250;STORE_04;CASH-04;2026-07-25 17:20:03;SKU-003;4;45000;0;CASH
REC-20260725-STORE_04-0250;STORE_04;CASH-03;2026-07-25 17:20:03;SKU-011;4;5000;0;CASH
REC-20260725-STORE_04-0250;STORE_04;CASH-08;2026-07-25 17:20:03;SKU-036;4;45000;0;CARD
REC-20260725-STORE_04-0251;STORE_04;CASH-08;2026-07-25 16:55:47;SKU-007;4;12000;1000;CARD
REC-20260725-STORE_04-0251;STORE_04;CASH-01;2026-07-25 16:55:47;SKU-003;1;45000;1000;CARD
REC-20260725-STORE_04-0252;STORE_04;CASH-03;2026-07-25 20:08:18;SKU-002;3;12000;0;CASH
REC-20260725-STORE_04-0252;STORE_04;CASH-08;2026-07-25 20:08:18;SKU-006;2;45000;0;CARD
REC-20260725-STORE_04-0252;STORE_04;CASH-02;2026-07-25 20:08:18;SKU-001;1;45000;0;CARD
REC-20260725-STORE_04-0252;STORE_04;CASH-07;2026-07-25 20:08:18;SKU-001;3;45000;0;CARD
REC-20260725-STORE_04-0253;STORE_04;CASH-03;2026-07-25 8:51:46;SKU-002;2;12000;0;CARD
REC-20260725-STORE_04-0253;STORE_04;CASH-04;2026-07-25 8:51:46;SKU-003;1;45000;500;CARD
REC-20260725-STORE_04-0253;STORE_04;CASH-09;2026-07-25 8:51:46;SKU-003;3;45000;500;CARD
REC-20260725-STORE_04-0254;STORE_04;CASH-03;2026-07-25 13:02:51;SKU-030;2;45000;1000;CARD
REC-20260725-STORE_04-0254;STORE_04;CASH-04;2026-07-25 13:02:51;SKU-004;4;25000;0;CARD
REC-20260725-STORE_04-0254;STORE_04;CASH-01;2026-07-25 13:02:51;SKU-001;4;45000;0;CARD
REC-20260725-STORE_04-0254;STORE_04;CASH-05;2026-07-25 13:02:51;SKU-001;4;45000;500;CASH
REC-20260725-STORE_04-0255;STORE_04;CASH-01;2026-07-25 9:17:32;SKU-001;3;45000;0;CARD
REC-20260725-STORE_04-0255;STORE_04;CASH-03;2026-07-25 9:17:32;SKU-001;3;45000;500;CARD
REC-20260725-STORE_04-0255;STORE_04;CASH-02;2026-07-25 9:17:32;SKU-001;3;45000;500;CARD
REC-20260725-STORE_04-0255;STORE_04;CASH-09;2026-07-25 9:17:32;SKU-033;1;5000;1000;CASH
REC-20260725-STORE_04-0255;STORE_04;CASH-01;2026-07-25 9:17:32;SKU-028;1;5000;0;CASH
REC-20260725-STORE_04-0256;STORE_04;CASH-04;2026-07-25 17:55:31;SKU-001;2;45000;0;CARD
REC-20260725-STORE_04-0256;STORE_04;CASH-08;2026-07-25 17:55:31;SKU-002;2;12000;0;CARD
REC-20260725-STORE_04-0256;STORE_04;CASH-03;2026-07-25 17:55:31;SKU-006;1;45000;0;CARD
REC-20260725-STORE_04-0256;STORE_04;CASH-01;2026-07-25 17:55:31;SKU-040;2;25000;500;CARD
REC-20260725-STORE_04-0257;STORE_04;CASH-10;2026-07-25 15:44:00;SKU-001;2;45000;1000;CARD
REC-20260725-STORE_04-0257;STORE_04;CASH-09;2026-07-25 15:44:00;SKU-001;2;45000;0;CARD
REC-20260725-STORE_04-0257;STORE_04;CASH-10;2026-07-25 15:44:00;SKU-034;1;25000;0;CASH
REC-20260725-STORE_04-0257;STORE_04;CASH-08;2026-07-25 15:44:00;SKU-014;3;5000;0;CASH
REC-20260725-STORE_04-0257;STORE_04;CASH-10;2026-07-25 15:44:00;SKU-001;2;45000;0;CASH
REC-20260725-STORE_04-0258;STORE_04;CASH-10;2026-07-25 8:48:34;SKU-008;4;12000;1000;CARD
REC-20260725-STORE_04-0258;STORE_04;CASH-08;2026-07-25 8:48:34;SKU-007;3;12000;0;CASH
REC-20260725-STORE_04-0259;STORE_04;CASH-06;2026-07-25 17:52:03;SKU-001;2;45000;500;CASH
REC-20260725-STORE_04-0260;STORE_04;CASH-10;2026-07-25 10:54:01;SKU-004;4;25000;0;CARD
REC-20260725-STORE_04-0260;STORE_04;CASH-07;2026-07-25 10:54:01;SKU-007;4;12000;1000;CASH
REC-20260725-STORE_04-0260;STORE_04;CASH-09;2026-07-25 10:54:01;SKU-002;1;12000;0;CARD
REC-20260725-STORE_04-0260;STORE_04;CASH-07;2026-07-25 10:54:01;SKU-050;4;25000;500;CASH
REC-20260725-STORE_04-0261;STORE_04;CASH-06;2026-07-25 10:38:35;SKU-015;4;5000;500;CARD
REC-20260725-STORE_04-0261;STORE_04;CASH-06;2026-07-25 10:38:35;SKU-002;2;12000;0;CARD
REC-20260725-STORE_04-0262;STORE_04;CASH-01;2026-07-25 18:11:40;SKU-048;1;25000;0;CASH
REC-20260725-STORE_04-0262;STORE_04;CASH-03;2026-07-25 18:11:40;SKU-010;4;25000;0;CASH
REC-20260725-STORE_04-0263;STORE_04;CASH-07;2026-07-25 12:28:50;SKU-008;2;12000;500;CARD
REC-20260725-STORE_04-0263;STORE_04;CASH-03;2026-07-25 12:28:50;SKU-001;3;45000;0;CARD
REC-20260725-STORE_04-0264;STORE_04;CASH-09;2026-07-25 19:04:12;SKU-001;4;45000;0;CASH
REC-20260725-STORE_04-0264;STORE_04;CASH-04;2026-07-25 19:04:12;SKU-037;1;45000;1000;CARD
REC-20260725-STORE_04-0264;STORE_04;CASH-01;2026-07-25 19:04:12;SKU-005;1;5000;0;CARD
REC-20260725-STORE_04-0264;STORE_04;CASH-08;2026-07-25 19:04:12;SKU-038;3;12000;500;CASH
REC-20260725-STORE_04-0264;STORE_04;CASH-05;2026-07-25 19:04:12;SKU-023;1;45000;0;CARD
REC-20260725-STORE_04-0265;STORE_04;CASH-06;2026-07-25 14:45:39;SKU-031;1;45000;500;CASH
REC-20260725-STORE_04-0266;STORE_04;CASH-10;2026-07-25 16:35:32;SKU-016;1;25000;1000;CARD
REC-20260725-STORE_04-0267;STORE_04;CASH-05;2026-07-25 21:35:02;SKU-003;4;45000;1000;CARD
REC-20260725-STORE_04-0267;STORE_04;CASH-10;2026-07-25 21:35:02;SKU-013;2;12000;0;CARD
REC-20260725-STORE_04-0268;STORE_04;CASH-01;2026-07-25 11:48:49;SKU-012;3;45000;0;CARD
REC-20260725-STORE_04-0268;STORE_04;CASH-02;2026-07-25 11:48:49;SKU-001;3;45000;1000;CASH
REC-20260725-STORE_04-0268;STORE_04;CASH-04;2026-07-25 11:48:49;SKU-009;1;25000;500;CASH
REC-20260725-STORE_04-0269;STORE_04;CASH-03;2026-07-25 17:33:17;SKU-011;4;5000;500;CASH
REC-20260725-STORE_04-0270;STORE_04;CASH-10;2026-07-25 9:57:27;SKU-001;4;45000;0;CARD
REC-20260725-STORE_04-0270;STORE_04;CASH-02;2026-07-25 9:57:27;SKU-003;1;45000;1000;CARD
REC-20260725-STORE_04-0270;STORE_04;CASH-10;2026-07-25 9:57:27;SKU-001;2;45000;0;CARD
REC-20260725-STORE_04-0270;STORE_04;CASH-01;2026-07-25 9:57:27;SKU-040;1;25000;500;CARD
REC-20260725-STORE_04-0271;STORE_04;CASH-03;2026-07-25 16:47:25;SKU-009;3;25000;0;CARD
REC-20260725-STORE_04-0271;STORE_04;CASH-03;2026-07-25 16:47:25;SKU-002;1;12000;0;CARD
REC-20260725-STORE_04-0272;STORE_04;CASH-10;2026-07-25 13:59:27;SKU-038;3;12000;0;CARD
REC-20260725-STORE_04-0273;STORE_04;CASH-02;2026-07-25 14:20:30;SKU-050;3;25000;0;CASH
REC-20260725-STORE_04-0273;STORE_04;CASH-08;2026-07-25 14:20:30;SKU-017;1;12000;1000;CARD
REC-20260725-STORE_04-0273;STORE_04;CASH-06;2026-07-25 14:20:30;SKU-001;2;45000;500;CASH
REC-20260725-STORE_04-0273;STORE_04;CASH-04;2026-07-25 14:20:30;SKU-001;3;45000;0;CASH
REC-20260725-STORE_04-0273;STORE_04;CASH-02;2026-07-25 14:20:30;SKU-002;4;12000;0;CARD
REC-20260725-STORE_04-0274;STORE_04;CASH-04;2026-07-25 10:57:35;SKU-001;2;45000;1000;CASH
REC-20260725-STORE_04-0275;STORE_04;CASH-06;2026-07-25 17:27:34;SKU-012;2;45000;500;CARD
REC-20260725-STORE_04-0275;STORE_04;CASH-01;2026-07-25 17:27:34;SKU-007;1;12000;0;CARD
REC-20260725-STORE_04-0276;STORE_04;CASH-08;2026-07-25 21:17:21;SKU-034;3;25000;1000;CARD
REC-20260725-STORE_04-0276;STORE_04;CASH-01;2026-07-25 21:17:21;SKU-002;1;12000;0;CARD
REC-20260725-STORE_04-0277;STORE_04;CASH-10;2026-07-25 21:51:30;SKU-001;1;45000;0;CARD
REC-20260725-STORE_04-0277;STORE_04;CASH-09;2026-07-25 21:51:30;SKU-002;3;12000;1000;CARD
REC-20260725-STORE_04-0277;STORE_04;CASH-01;2026-07-25 21:51:30;SKU-023;1;45000;0;CASH
REC-20260725-STORE_04-0278;STORE_04;CASH-09;2026-07-25 11:48:44;SKU-045;1;45000;500;CARD
REC-20260725-STORE_04-0278;STORE_04;CASH-08;2026-07-25 11:48:44;SKU-043;2;25000;1000;CARD
REC-20260725-STORE_04-0278;STORE_04;CASH-09;2026-07-25 11:48:44;SKU-005;4;5000;500;CARD
REC-20260725-STORE_04-0278;STORE_04;CASH-08;2026-07-25 11:48:44;SKU-017;3;12000;0;CARD
REC-20260725-STORE_04-0278;STORE_04;CASH-03;2026-07-25 11:48:44;SKU-003;2;45000;0;CARD
REC-20260725-STORE_04-0279;STORE_04;CASH-03;2026-07-25 8:13:28;SKU-009;2;25000;0;CARD
REC-20260725-STORE_04-0279;STORE_04;CASH-01;2026-07-25 8:13:28;SKU-035;2;5000;0;CARD
REC-20260725-STORE_04-0279;STORE_04;CASH-09;2026-07-25 8:13:28;SKU-011;3;5000;0;CARD
REC-20260725-STORE_04-0279;STORE_04;CASH-09;2026-07-25 8:13:28;SKU-003;2;45000;500;CARD
REC-20260725-STORE_04-0279;STORE_04;CASH-03;2026-07-25 8:13:28;SKU-001;2;45000;0;CARD
REC-20260725-STORE_04-0280;STORE_04;CASH-09;2026-07-25 15:52:17;SKU-024;1;12000;0;CARD
REC-20260725-STORE_04-0280;STORE_04;CASH-10;2026-07-25 15:52:17;SKU-003;1;45000;500;CARD
REC-20260725-STORE_04-0280;STORE_04;CASH-08;2026-07-25 15:52:17;SKU-022;4;12000;500;CARD
REC-20260725-STORE_04-0281;STORE_04;CASH-09;2026-07-25 10:17:58;SKU-021;1;5000;1000;CASH
REC-20260725-STORE_04-0281;STORE_04;CASH-01;2026-07-25 10:17:58;SKU-001;1;45000;0;CARD
REC-20260725-STORE_04-0282;STORE_04;CASH-03;2026-07-25 9:46:15;SKU-002;2;12000;500;CARD
REC-20260725-STORE_04-0282;STORE_04;CASH-04;2026-07-25 9:46:15;SKU-044;3;5000;0;CASH
REC-20260725-STORE_04-0282;STORE_04;CASH-03;2026-07-25 9:46:15;SKU-007;3;12000;500;CARD
REC-20260725-STORE_04-0282;STORE_04;CASH-07;2026-07-25 9:46:15;SKU-020;4;12000;0;CASH
REC-20260725-STORE_04-0283;STORE_04;CASH-03;2026-07-25 19:25:27;SKU-003;2;45000;0;CARD
REC-20260725-STORE_04-0283;STORE_04;CASH-03;2026-07-25 19:25:27;SKU-002;2;12000;0;CARD
REC-20260725-STORE_04-0283;STORE_04;CASH-05;2026-07-25 19:25:27;SKU-001;3;45000;0;CARD
REC-20260725-STORE_04-0284;STORE_04;CASH-04;2026-07-25 19:21:03;SKU-047;3;5000;0;CARD
REC-20260725-STORE_04-0284;STORE_04;CASH-01;2026-07-25 19:21:03;SKU-002;2;12000;500;CARD
REC-20260725-STORE_04-0284;STORE_04;CASH-04;2026-07-25 19:21:03;SKU-017;2;12000;1000;CARD
REC-20260725-STORE_04-0284;STORE_04;CASH-10;2026-07-25 19:21:03;SKU-013;2;12000;500;CARD
REC-20260725-STORE_04-0284;STORE_04;CASH-01;2026-07-25 19:21:03;SKU-002;1;12000;0;CARD
REC-20260725-STORE_04-0285;STORE_04;CASH-03;2026-07-25 15:31:29;SKU-002;3;12000;500;CARD
REC-20260725-STORE_04-0285;STORE_04;CASH-10;2026-07-25 15:31:29;SKU-013;3;12000;0;CARD
REC-20260725-STORE_04-0285;STORE_04;CASH-07;2026-07-25 15:31:29;SKU-005;4;5000;0;CARD
REC-20260725-STORE_04-0286;STORE_04;CASH-06;2026-07-25 9:12:55;SKU-029;1;5000;1000;CARD
REC-20260725-STORE_04-0286;STORE_04;CASH-08;2026-07-25 9:12:55;SKU-001;2;45000;0;CARD
REC-20260725-STORE_04-0286;STORE_04;CASH-09;2026-07-25 9:12:55;SKU-002;2;12000;0;CARD
REC-20260725-STORE_04-0286;STORE_04;CASH-08;2026-07-25 9:12:55;SKU-014;3;5000;1000;CARD
REC-20260725-STORE_04-0286;STORE_04;CASH-03;2026-07-25 9:12:55;SKU-004;1;25000;0;CASH
REC-20260725-STORE_04-0287;STORE_04;CASH-08;2026-07-25 20:26:35;SKU-006;3;45000;0;CARD
REC-20260725-STORE_04-0288;STORE_04;CASH-09;2026-07-25 21:46:37;SKU-021;4;5000;500;CASH
REC-20260725-STORE_04-0289;STORE_04;CASH-04;2026-07-25 19:48:51;SKU-040;2;25000;1000;CARD
REC-20260725-STORE_04-0290;STORE_04;CASH-10;2026-07-25 16:21:47;SKU-003;3;45000;500;CARD
REC-20260725-STORE_04-0291;STORE_04;CASH-05;2026-07-25 15:52:52;SKU-033;1;5000;0;CARD
REC-20260725-STORE_04-0291;STORE_04;CASH-05;2026-07-25 15:52:52;SKU-013;4;12000;0;CASH
REC-20260725-STORE_04-0291;STORE_04;CASH-04;2026-07-25 15:52:52;SKU-001;4;45000;1000;CARD
REC-20260725-STORE_04-0292;STORE_04;CASH-10;2026-07-25 12:14:59;SKU-011;1;5000;0;CARD
REC-20260725-STORE_04-0292;STORE_04;CASH-10;2026-07-25 12:14:59;SKU-001;3;45000;500;CARD
REC-20260725-STORE_04-0292;STORE_04;CASH-02;2026-07-25 12:14:59;SKU-007;1;12000;1000;CARD
REC-20260725-STORE_04-0292;STORE_04;CASH-04;2026-07-25 12:14:59;SKU-002;4;12000;0;CASH
REC-20260725-STORE_04-0292;STORE_04;CASH-04;2026-07-25 12:14:59;SKU-001;2;45000;1000;CARD
REC-20260725-STORE_04-0293;STORE_04;CASH-03;2026-07-25 13:04:51;SKU-002;1;12000;0;CASH
REC-20260725-STORE_04-0293;STORE_04;CASH-04;2026-07-25 13:04:51;SKU-018;3;5000;0;CARD
REC-20260725-STORE_04-0293;STORE_04;CASH-10;2026-07-25 13:04:51;SKU-001;1;45000;0;CARD
REC-20260725-STORE_04-0293;STORE_04;CASH-09;2026-07-25 13:04:51;SKU-001;1;45000;0;CARD
REC-20260725-STORE_04-0294;STORE_04;CASH-05;2026-07-25 12:51:43;SKU-010;3;25000;500;CARD
REC-20260725-STORE_04-0294;STORE_04;CASH-08;2026-07-25 12:51:43;SKU-010;3;25000;0;CARD
REC-20260725-STORE_04-0295;STORE_04;CASH-01;2026-07-25 10:55:05;SKU-001;2;45000;0;CARD
REC-20260725-STORE_04-0295;STORE_04;CASH-04;2026-07-25 10:55:05;SKU-004;1;25000;0;CASH
REC-20260725-STORE_04-0295;STORE_04;CASH-08;2026-07-25 10:55:05;SKU-002;3;12000;1000;CARD
REC-20260725-STORE_04-0295;STORE_04;CASH-01;2026-07-25 10:55:05;SKU-001;2;45000;0;CASH
REC-20260725-STORE_04-0296;STORE_04;CASH-06;2026-07-25 15:47:55;SKU-009;1;25000;0;CASH
REC-20260725-STORE_04-0297;STORE_04;CASH-08;2026-07-25 15:57:26;SKU-001;2;45000;0;CARD
REC-20260725-STORE_04-0297;STORE_04;CASH-03;2026-07-25 15:57:26;SKU-016;3;25000;1000;CARD
REC-20260725-STORE_04-0297;STORE_04;CASH-05;2026-07-25 15:57:26;SKU-044;2;5000;1000;CASH
REC-20260725-STORE_04-0297;STORE_04;CASH-10;2026-07-25 15:57:26;SKU-038;2;12000;0;CARD
REC-20260725-STORE_04-0298;STORE_04;CASH-09;2026-07-25 8:22:41;SKU-003;3;45000;0;CARD
REC-20260725-STORE_04-0298;STORE_04;CASH-08;2026-07-25 8:22:41;SKU-003;1;45000;0;CARD
REC-20260725-STORE_04-0299;STORE_04;CASH-05;2026-07-25 17:11:07;SKU-002;2;12000;1000;CARD
REC-20260725-STORE_04-0300;STORE_04;CASH-10;2026-07-25 8:52:39;SKU-005;4;5000;0;CASH
REC-20260725-STORE_04-0301;STORE_04;CASH-04;2026-07-25 15:22:44;SKU-002;4;12000;0;CARD
REC-20260725-STORE_04-0301;STORE_04;CASH-03;2026-07-25 15:22:44;SKU-005;2;5000;500;CARD
REC-20260725-STORE_04-0302;STORE_04;CASH-05;2026-07-25 20:07:33;SKU-004;4;25000;0;CASH
REC-20260725-STORE_04-0302;STORE_04;CASH-06;2026-07-25 20:07:33;SKU-031;4;45000;0;CARD
REC-20260725-STORE_04-0302;STORE_04;CASH-01;2026-07-25 20:07:33;SKU-006;1;45000;0;CARD
REC-20260725-STORE_04-0303;STORE_04;CASH-08;2026-07-25 21:11:48;SKU-002;1;12000;0;CARD
REC-20260725-STORE_04-0303;STORE_04;CASH-09;2026-07-25 21:11:48;SKU-001;3;45000;0;CARD
REC-20260725-STORE_04-0303;STORE_04;CASH-06;2026-07-25 21:11:48;SKU-001;4;45000;500;CASH
REC-20260725-STORE_04-0303;STORE_04;CASH-01;2026-07-25 21:11:48;SKU-010;1;25000;1000;CASH
REC-20260725-STORE_04-0303;STORE_04;CASH-10;2026-07-25 21:11:48;SKU-031;2;45000;500;CARD
REC-20260725-STORE_04-0304;STORE_04;CASH-04;2026-07-25 14:47:28;SKU-004;4;25000;0;CARD
REC-20260725-STORE_04-0304;STORE_04;CASH-08;2026-07-25 14:47:28;SKU-037;3;45000;0;CARD
REC-20260725-STORE_04-0304;STORE_04;CASH-10;2026-07-25 14:47:28;SKU-002;1;12000;0;CASH
REC-20260725-STORE_04-0305;STORE_04;CASH-07;2026-07-25 20:55:17;SKU-050;1;25000;500;CARD
REC-20260725-STORE_04-0305;STORE_04;CASH-09;2026-07-25 20:55:17;SKU-008;4;12000;0;CARD
REC-20260725-STORE_04-0306;STORE_04;CASH-03;2026-07-25 15:23:21;SKU-008;1;12000;0;CASH
REC-20260725-STORE_04-0306;STORE_04;CASH-01;2026-07-25 15:23:21;SKU-024;4;12000;0;CARD
REC-20260725-STORE_04-0306;STORE_04;CASH-04;2026-07-25 15:23:21;SKU-001;3;45000;500;CASH
REC-20260725-STORE_04-0306;STORE_04;CASH-07;2026-07-25 15:23:21;SKU-038;2;12000;500;CARD
REC-20260725-STORE_04-0306;STORE_04;CASH-07;2026-07-25 15:23:21;SKU-030;3;45000;0;CARD
REC-20260725-STORE_04-0307;STORE_04;CASH-08;2026-07-25 15:23:26;SKU-020;4;12000;0;CASH
REC-20260725-STORE_04-0307;STORE_04;CASH-07;2026-07-25 15:23:26;SKU-021;2;5000;1000;CASH
REC-20260725-STORE_04-0307;STORE_04;CASH-09;2026-07-25 15:23:26;SKU-026;2;12000;500;CARD
REC-20260725-STORE_04-0307;STORE_04;CASH-09;2026-07-25 15:23:26;SKU-004;3;25000;0;CARD
REC-20260725-STORE_04-0308;STORE_04;CASH-04;2026-07-25 21:18:51;SKU-014;3;5000;0;CASH
REC-20260725-STORE_04-0308;STORE_04;CASH-10;2026-07-25 21:18:51;SKU-001;1;45000;0;CARD
REC-20260725-STORE_04-0308;STORE_04;CASH-02;2026-07-25 21:18:51;SKU-001;4;45000;500;CARD
REC-20260725-STORE_04-0308;STORE_04;CASH-01;2026-07-25 21:18:51;SKU-033;1;5000;0;CARD
REC-20260725-STORE_04-0308;STORE_04;CASH-01;2026-07-25 21:18:51;SKU-001;3;45000;0;CASH
REC-20260725-STORE_04-0309;STORE_04;CASH-02;2026-07-25 13:58:12;SKU-002;3;12000;0;CARD
REC-20260725-STORE_04-0309;STORE_04;CASH-09;2026-07-25 13:58:12;SKU-031;2;45000;500;CARD
REC-20260725-STORE_04-0309;STORE_04;CASH-02;2026-07-25 13:58:12;SKU-026;2;12000;1000;CASH
REC-20260725-STORE_04-0309;STORE_04;CASH-06;2026-07-25 13:58:12;SKU-001;2;45000;0;CASH
REC-20260725-STORE_04-0310;STORE_04;CASH-05;2026-07-25 9:24:06;SKU-022;3;12000;0;CARD
REC-20260725-STORE_04-0311;STORE_04;CASH-06;2026-07-25 8:24:47;SKU-001;4;45000;1000;CASH
REC-20260725-STORE_04-0312;STORE_04;CASH-06;2026-07-25 16:12:25;SKU-011;3;5000;0;CASH
REC-20260725-STORE_04-0313;STORE_04;CASH-06;2026-07-25 11:28:49;SKU-003;4;45000;1000;CARD
REC-20260725-STORE_04-0313;STORE_04;CASH-04;2026-07-25 11:28:49;SKU-004;1;25000;0;CARD
REC-20260725-STORE_04-0313;STORE_04;CASH-09;2026-07-25 11:28:49;SKU-001;1;45000;0;CARD
REC-20260725-STORE_04-0313;STORE_04;CASH-08;2026-07-25 11:28:49;SKU-002;1;12000;0;CARD
REC-20260725-STORE_04-0313;STORE_04;CASH-02;2026-07-25 11:28:49;SKU-001;2;45000;1000;CARD
REC-20260725-STORE_04-0314;STORE_04;CASH-08;2026-07-25 17:55:44;SKU-001;3;45000;1000;CARD
REC-20260725-STORE_04-0315;STORE_04;CASH-04;2026-07-25 17:09:02;SKU-023;4;45000;0;CARD
REC-20260725-STORE_04-0316;STORE_04;CASH-09;2026-07-25 14:10:05;SKU-013;1;12000;0;CASH
REC-20260725-STORE_04-0317;STORE_04;CASH-02;2026-07-25 16:47:05;SKU-001;1;45000;0;CARD
REC-20260725-STORE_04-0317;STORE_04;CASH-09;2026-07-25 16:47:05;SKU-004;3;25000;0;CARD
REC-20260725-STORE_04-0317;STORE_04;CASH-10;2026-07-25 16:47:05;SKU-004;1;25000;1000;CARD
REC-20260725-STORE_04-0317;STORE_04;CASH-06;2026-07-25 16:47:05;SKU-015;1;5000;1000;CARD
REC-20260725-STORE_04-0318;STORE_04;CASH-05;2026-07-25 11:17:53;SKU-043;4;25000;1000;CASH
REC-20260725-STORE_04-0318;STORE_04;CASH-06;2026-07-25 11:17:53;SKU-008;4;12000;0;CASH
REC-20260725-STORE_04-0319;STORE_04;CASH-01;2026-07-25 14:53:41;SKU-002;4;12000;1000;CARD
REC-20260725-STORE_04-0319;STORE_04;CASH-09;2026-07-25 14:53:41;SKU-024;3;12000;500;CARD
REC-20260725-STORE_04-0319;STORE_04;CASH-01;2026-07-25 14:53:41;SKU-018;4;5000;1000;CASH
REC-20260725-STORE_04-0319;STORE_04;CASH-10;2026-07-25 14:53:41;SKU-008;4;12000;0;CARD
REC-20260725-STORE_04-0320;STORE_04;CASH-03;2026-07-25 19:30:09;SKU-050;4;25000;500;CASH
REC-20260725-STORE_04-0320;STORE_04;CASH-10;2026-07-25 19:30:09;SKU-002;4;12000;0;CARD
REC-20260725-STORE_04-0320;STORE_04;CASH-05;2026-07-25 19:30:09;SKU-004;3;25000;0;CARD
REC-20260725-STORE_04-0320;STORE_04;CASH-03;2026-07-25 19:30:09;SKU-002;2;12000;500;CARD
REC-20260725-STORE_04-0320;STORE_04;CASH-02;2026-07-25 19:30:09;SKU-044;2;5000;0;CASH
REC-20260725-STORE_04-0321;STORE_04;CASH-04;2026-07-25 9:47:04;SKU-026;4;12000;0;CASH
REC-20260725-STORE_04-0321;STORE_04;CASH-08;2026-07-25 9:47:04;SKU-011;4;5000;1000;CASH
REC-20260725-STORE_04-0321;STORE_04;CASH-07;2026-07-25 9:47:04;SKU-001;1;45000;1000;CARD
REC-20260725-STORE_04-0322;STORE_04;CASH-02;2026-07-25 10:43:09;SKU-002;3;12000;0;CASH
REC-20260725-STORE_04-0322;STORE_04;CASH-05;2026-07-25 10:43:09;SKU-002;3;12000;0;CARD
REC-20260725-STORE_04-0323;STORE_04;CASH-10;2026-07-25 10:29:28;SKU-001;1;45000;0;CARD
REC-20260725-STORE_04-0323;STORE_04;CASH-07;2026-07-25 10:29:28;SKU-001;3;45000;1000;CASH
REC-20260725-STORE_04-0323;STORE_04;CASH-07;2026-07-25 10:29:28;SKU-010;4;25000;0;CARD
REC-20260725-STORE_04-0324;STORE_04;CASH-07;2026-07-25 11:59:32;SKU-041;2;25000;0;CARD
REC-20260725-STORE_04-0324;STORE_04;CASH-03;2026-07-25 11:59:32;SKU-005;1;5000;0;CASH
REC-20260725-STORE_04-0324;STORE_04;CASH-08;2026-07-25 11:59:32;SKU-036;1;45000;0;CARD
REC-20260725-STORE_04-0324;STORE_04;CASH-03;2026-07-25 11:59:32;SKU-011;4;5000;0;CARD
REC-20260725-STORE_04-0325;STORE_04;CASH-08;2026-07-25 18:31:34;SKU-001;2;45000;0;CASH
REC-20260725-STORE_04-0325;STORE_04;CASH-01;2026-07-25 18:31:34;SKU-020;3;12000;0;CASH
REC-20260725-STORE_04-0326;STORE_04;CASH-09;2026-07-25 9:48:34;SKU-023;2;45000;0;CASH
REC-20260725-STORE_04-0326;STORE_04;CASH-01;2026-07-25 9:48:34;SKU-003;3;45000;500;CARD
REC-20260725-STORE_04-0326;STORE_04;CASH-01;2026-07-25 9:48:34;SKU-001;3;45000;0;CARD
REC-20260725-STORE_04-0326;STORE_04;CASH-09;2026-07-25 9:48:34;SKU-029;3;5000;0;CARD
REC-20260725-STORE_04-0327;STORE_04;CASH-04;2026-07-25 18:44:06;SKU-034;3;25000;0;CASH
REC-20260725-STORE_04-0327;STORE_04;CASH-05;2026-07-25 18:44:06;SKU-002;2;12000;0;CARD
REC-20260725-STORE_04-0327;STORE_04;CASH-09;2026-07-25 18:44:06;SKU-021;1;5000;0;CARD
REC-20260725-STORE_04-0328;STORE_04;CASH-01;2026-07-25 16:46:28;SKU-028;2;5000;0;CARD
REC-20260725-STORE_04-0328;STORE_04;CASH-07;2026-07-25 16:46:28;SKU-002;4;12000;0;CASH
REC-20260725-STORE_04-0328;STORE_04;CASH-03;2026-07-25 16:46:28;SKU-001;4;45000;0;CASH
REC-20260725-STORE_04-0328;STORE_04;CASH-07;2026-07-25 16:46:28;SKU-004;3;25000;0;CARD
REC-20260725-STORE_04-0328;STORE_04;CASH-06;2026-07-25 16:46:28;SKU-001;2;45000;0;CARD
REC-20260725-STORE_04-0329;STORE_04;CASH-10;2026-07-25 10:45:22;SKU-016;3;25000;0;CARD
REC-20260725-STORE_04-0329;STORE_04;CASH-08;2026-07-25 10:45:22;SKU-026;4;12000;0;CASH
REC-20260725-STORE_04-0330;STORE_04;CASH-09;2026-07-25 19:49:16;SKU-002;1;12000;0;CARD
REC-20260725-STORE_04-0330;STORE_04;CASH-10;2026-07-25 19:49:16;SKU-002;3;12000;0;CARD
REC-20260725-STORE_04-0330;STORE_04;CASH-09;2026-07-25 19:49:16;SKU-001;4;45000;500;CASH
REC-20260725-STORE_04-0330;STORE_04;CASH-09;2026-07-25 19:49:16;SKU-045;2;45000;0;CASH
REC-20260725-STORE_04-0330;STORE_04;CASH-04;2026-07-25 19:49:16;SKU-008;1;12000;500;CARD
REC-20260725-STORE_04-0331;STORE_04;CASH-04;2026-07-25 20:50:38;SKU-002;3;12000;500;CARD
REC-20260725-STORE_04-0332;STORE_04;CASH-08;2026-07-25 8:49:10;SKU-004;3;25000;0;CASH
REC-20260725-STORE_04-0332;STORE_04;CASH-07;2026-07-25 8:49:10;SKU-020;3;12000;0;CASH
REC-20260725-STORE_04-0332;STORE_04;CASH-05;2026-07-25 8:49:10;SKU-001;3;45000;0;CASH
REC-20260725-STORE_04-0332;STORE_04;CASH-09;2026-07-25 8:49:10;SKU-046;3;25000;0;CASH
REC-20260725-STORE_04-0332;STORE_04;CASH-10;2026-07-25 8:49:10;SKU-007;1;12000;0;CARD
REC-20260725-STORE_04-0333;STORE_04;CASH-05;2026-07-25 18:15:40;SKU-001;3;45000;0;CASH
REC-20260725-STORE_04-0333;STORE_04;CASH-09;2026-07-25 18:15:40;SKU-046;1;25000;0;CASH
REC-20260725-STORE_04-0333;STORE_04;CASH-09;2026-07-25 18:15:40;SKU-003;1;45000;0;CARD
REC-20260725-STORE_04-0334;STORE_04;CASH-09;2026-07-25 8:17:07;SKU-005;2;5000;0;CARD
REC-20260725-STORE_04-0334;STORE_04;CASH-02;2026-07-25 8:17:07;SKU-001;2;45000;0;CARD
REC-20260725-STORE_04-0334;STORE_04;CASH-02;2026-07-25 8:17:07;SKU-005;3;5000;0;CARD
REC-20260725-STORE_04-0335;STORE_04;CASH-01;2026-07-25 13:04:13;SKU-012;4;45000;0;CARD
REC-20260725-STORE_04-0335;STORE_04;CASH-03;2026-07-25 13:04:13;SKU-001;2;45000;0;CASH
REC-20260725-STORE_04-0335;STORE_04;CASH-03;2026-07-25 13:04:13;SKU-037;4;45000;1000;CARD
REC-20260725-STORE_04-0336;STORE_04;CASH-06;2026-07-25 13:27:59;SKU-041;2;25000;0;CASH
REC-20260725-STORE_04-0336;STORE_04;CASH-05;2026-07-25 13:27:59;SKU-002;3;12000;1000;CASH
REC-20260725-STORE_04-0336;STORE_04;CASH-08;2026-07-25 13:27:59;SKU-016;3;25000;0;CARD
REC-20260725-STORE_04-0336;STORE_04;CASH-03;2026-07-25 13:27:59;SKU-001;4;45000;0;CARD
REC-20260725-STORE_04-0336;STORE_04;CASH-06;2026-07-25 13:27:59;SKU-036;1;45000;500;CASH
REC-20260725-STORE_04-0337;STORE_04;CASH-10;2026-07-25 15:09:46;SKU-001;4;45000;500;CARD
REC-20260725-STORE_04-0337;STORE_04;CASH-02;2026-07-25 15:09:46;SKU-001;1;45000;0;CASH
REC-20260725-STORE_04-0338;STORE_04;CASH-02;2026-07-25 9:44:48;SKU-002;2;12000;500;CASH
REC-20260725-STORE_04-0339;STORE_04;CASH-02;2026-07-25 12:21:44;SKU-031;4;45000;0;CARD
REC-20260725-STORE_04-0339;STORE_04;CASH-06;2026-07-25 12:21:44;SKU-015;3;5000;0;CARD
REC-20260725-STORE_04-0339;STORE_04;CASH-10;2026-07-25 12:21:44;SKU-018;4;5000;0;CASH
REC-20260725-STORE_04-0339;STORE_04;CASH-02;2026-07-25 12:21:44;SKU-002;2;12000;500;CARD
REC-20260725-STORE_04-0339;STORE_04;CASH-02;2026-07-25 12:21:44;SKU-042;2;5000;500;CARD
REC-20260725-STORE_04-0340;STORE_04;CASH-04;2026-07-25 17:15:04;SKU-008;1;12000;500;CARD
REC-20260725-STORE_04-0340;STORE_04;CASH-05;2026-07-25 17:15:04;SKU-007;2;12000;0;CARD
REC-20260725-STORE_04-0340;STORE_04;CASH-02;2026-07-25 17:15:04;SKU-006;4;45000;0;CASH
REC-20260725-STORE_04-0341;STORE_04;CASH-01;2026-07-25 17:58:20;SKU-001;2;45000;500;CARD
REC-20260725-STORE_04-0341;STORE_04;CASH-10;2026-07-25 17:58:20;SKU-032;3;25000;1000;CARD
REC-20260725-STORE_04-0342;STORE_04;CASH-04;2026-07-25 10:09:19;SKU-003;1;45000;0;CARD
REC-20260725-STORE_04-0342;STORE_04;CASH-08;2026-07-25 10:09:19;SKU-011;1;5000;0;CARD
REC-20260725-STORE_04-0342;STORE_04;CASH-01;2026-07-25 10:09:19;SKU-046;1;25000;0;CASH
REC-20260725-STORE_04-0342;STORE_04;CASH-10;2026-07-25 10:09:19;SKU-001;2;45000;0;CARD
REC-20260725-STORE_04-0342;STORE_04;CASH-02;2026-07-25 10:09:19;SKU-040;4;25000;1000;CARD
REC-20260725-STORE_04-0343;STORE_04;CASH-01;2026-07-25 9:47:20;SKU-001;1;45000;0;CASH
REC-20260725-STORE_04-0344;STORE_04;CASH-10;2026-07-25 14:36:45;SKU-001;1;45000;0;CARD
REC-20260725-STORE_04-0344;STORE_04;CASH-07;2026-07-25 14:36:45;SKU-008;2;12000;0;CARD
REC-20260725-STORE_04-0344;STORE_04;CASH-04;2026-07-25 14:36:45;SKU-026;1;12000;1000;CARD
REC-20260725-STORE_04-0344;STORE_04;CASH-09;2026-07-25 14:36:45;SKU-001;1;45000;0;CASH
REC-20260725-STORE_04-0345;STORE_04;CASH-08;2026-07-25 9:21:01;SKU-009;2;25000;0;CARD
REC-20260725-STORE_04-0346;STORE_04;CASH-09;2026-07-25 21:41:45;SKU-003;4;45000;0;CARD
REC-20260725-STORE_04-0346;STORE_04;CASH-06;2026-07-25 21:41:45;SKU-011;4;5000;0;CARD
REC-20260725-STORE_04-0346;STORE_04;CASH-09;2026-07-25 21:41:45;SKU-026;1;12000;1000;CARD
REC-20260725-STORE_04-0346;STORE_04;CASH-09;2026-07-25 21:41:45;SKU-001;1;45000;500;CARD
REC-20260725-STORE_04-0346;STORE_04;CASH-08;2026-07-25 21:41:45;SKU-002;4;12000;1000;CARD
REC-20260725-STORE_04-0347;STORE_04;CASH-03;2026-07-25 15:32:24;SKU-002;3;12000;0;CARD
REC-20260725-STORE_04-0347;STORE_04;CASH-10;2026-07-25 15:32:24;SKU-018;2;5000;0;CASH
REC-20260725-STORE_04-0348;STORE_04;CASH-04;2026-07-25 10:27:16;SKU-001;1;45000;0;CASH
REC-20260725-STORE_04-0348;STORE_04;CASH-01;2026-07-25 10:27:16;SKU-037;3;45000;0;CARD
REC-20260725-STORE_04-0348;STORE_04;CASH-07;2026-07-25 10:27:16;SKU-031;3;45000;1000;CASH
REC-20260725-STORE_04-0348;STORE_04;CASH-08;2026-07-25 10:27:16;SKU-017;4;12000;0;CARD
REC-20260725-STORE_04-0349;STORE_04;CASH-10;2026-07-25 12:56:04;SKU-030;3;45000;0;CARD
REC-20260725-STORE_04-0349;STORE_04;CASH-03;2026-07-25 12:56:04;SKU-001;4;45000;500;CARD
REC-20260725-STORE_04-0350;STORE_04;CASH-10;2026-07-25 11:46:33;SKU-005;2;5000;500;CARD
REC-20260725-STORE_04-0350;STORE_04;CASH-08;2026-07-25 11:46:33;SKU-011;4;5000;1000;CASH
REC-20260725-STORE_04-0350;STORE_04;CASH-02;2026-07-25 11:46:33;SKU-001;4;45000;1000;CARD
REC-20260725-STORE_04-0350;STORE_04;CASH-09;2026-07-25 11:46:33;SKU-001;2;45000;0;CASH
REC-20260725-STORE_04-0350;STORE_04;CASH-01;2026-07-25 11:46:33;SKU-019;3;25000;1000;CARD
REC-20260725-STORE_04-0351;STORE_04;CASH-01;2026-07-25 18:02:29;SKU-001;3;45000;0;CASH
REC-20260725-STORE_04-0351;STORE_04;CASH-09;2026-07-25 18:02:29;SKU-001;4;45000;1000;CARD
REC-20260725-STORE_04-0351;STORE_04;CASH-05;2026-07-25 18:02:29;SKU-001;1;45000;500;CARD
REC-20260725-STORE_04-0351;STORE_04;CASH-05;2026-07-25 18:02:29;SKU-001;3;45000;0;CARD
REC-20260725-STORE_04-0351;STORE_04;CASH-06;2026-07-25 18:02:29;SKU-042;4;5000;0;CARD
REC-20260725-STORE_04-0352;STORE_04;CASH-04;2026-07-25 16:23:11;SKU-001;4;45000;1000;CARD
REC-20260725-STORE_04-0353;STORE_04;CASH-07;2026-07-25 8:12:45;SKU-004;3;25000;0;CARD
REC-20260725-STORE_04-0353;STORE_04;CASH-09;2026-07-25 8:12:45;SKU-043;2;25000;1000;CASH
REC-20260725-STORE_04-0353;STORE_04;CASH-10;2026-07-25 8:12:45;SKU-013;3;12000;0;CARD
REC-20260725-STORE_04-0353;STORE_04;CASH-07;2026-07-25 8:12:45;SKU-003;1;45000;0;CARD
REC-20260725-STORE_04-0354;STORE_04;CASH-06;2026-07-25 10:13:57;SKU-012;1;45000;500;CARD
REC-20260725-STORE_04-0354;STORE_04;CASH-03;2026-07-25 10:13:57;SKU-022;4;12000;500;CARD
REC-20260725-STORE_04-0354;STORE_04;CASH-09;2026-07-25 10:13:57;SKU-010;4;25000;0;CARD
REC-20260725-STORE_04-0354;STORE_04;CASH-04;2026-07-25 10:13:57;SKU-049;2;5000;1000;CARD
REC-20260725-STORE_04-0355;STORE_04;CASH-07;2026-07-25 10:25:57;SKU-028;3;5000;0;CARD
REC-20260725-STORE_04-0355;STORE_04;CASH-05;2026-07-25 10:25:57;SKU-001;3;45000;0;CARD
REC-20260725-STORE_04-0355;STORE_04;CASH-04;2026-07-25 10:25:57;SKU-001;2;45000;0;CASH
REC-20260725-STORE_04-0356;STORE_04;CASH-09;2026-07-25 10:42:12;SKU-021;1;5000;0;CARD
REC-20260725-STORE_04-0356;STORE_04;CASH-02;2026-07-25 10:42:12;SKU-009;4;25000;0;CASH
REC-20260725-STORE_04-0356;STORE_04;CASH-08;2026-07-25 10:42:12;SKU-012;2;45000;0;CASH
REC-20260725-STORE_04-0356;STORE_04;CASH-05;2026-07-25 10:42:12;SKU-007;1;12000;0;CASH
REC-20260725-STORE_04-0356;STORE_04;CASH-05;2026-07-25 10:42:12;SKU-001;3;45000;1000;CASH
REC-20260725-STORE_04-0357;STORE_04;CASH-07;2026-07-25 11:35:06;SKU-017;1;12000;0;CARD
REC-20260725-STORE_04-0357;STORE_04;CASH-09;2026-07-25 11:35:06;SKU-006;2;45000;0;CARD
REC-20260725-STORE_04-0357;STORE_04;CASH-09;2026-07-25 11:35:06;SKU-006;2;45000;500;CASH
REC-20260725-STORE_04-0357;STORE_04;CASH-09;2026-07-25 11:35:06;SKU-002;1;12000;500;CARD
REC-20260725-STORE_04-0358;STORE_04;CASH-09;2026-07-25 12:43:49;SKU-012;3;45000;0;CARD
REC-20260725-STORE_04-0358;STORE_04;CASH-08;2026-07-25 12:43:49;SKU-003;2;45000;1000;CASH
REC-20260725-STORE_04-0358;STORE_04;CASH-08;2026-07-25 12:43:49;SKU-005;4;5000;500;CASH
REC-20260725-STORE_04-0358;STORE_04;CASH-10;2026-07-25 12:43:49;SKU-035;3;5000;500;CARD
REC-20260725-STORE_04-0358;STORE_04;CASH-07;2026-07-25 12:43:49;SKU-010;2;25000;1000;CARD
REC-20260725-STORE_04-0359;STORE_04;CASH-09;2026-07-25 20:17:36;SKU-050;3;25000;0;CARD
REC-20260725-STORE_04-0359;STORE_04;CASH-04;2026-07-25 20:17:36;SKU-018;1;5000;0;CARD
REC-20260725-STORE_04-0359;STORE_04;CASH-08;2026-07-25 20:17:36;SKU-003;1;45000;500;CARD
REC-20260725-STORE_04-0359;STORE_04;CASH-09;2026-07-25 20:17:36;SKU-006;4;45000;0;CARD
REC-20260725-STORE_04-0359;STORE_04;CASH-10;2026-07-25 20:17:36;SKU-031;4;45000;0;CARD
REC-20260725-STORE_04-0360;STORE_04;CASH-02;2026-07-25 10:35:30;SKU-001;2;45000;1000;CARD
REC-20260725-STORE_04-0360;STORE_04;CASH-10;2026-07-25 10:35:30;SKU-007;3;12000;0;CASH
REC-20260725-STORE_04-0360;STORE_04;CASH-04;2026-07-25 10:35:30;SKU-005;4;5000;0;CARD
REC-20260725-STORE_04-0360;STORE_04;CASH-04;2026-07-25 10:35:30;SKU-008;3;12000;0;CASH
REC-20260725-STORE_04-0360;STORE_04;CASH-06;2026-07-25 10:35:30;SKU-001;1;45000;500;CARD
REC-20260725-STORE_04-0361;STORE_04;CASH-06;2026-07-25 21:13:47;SKU-004;2;25000;0;CARD
REC-20260725-STORE_04-0361;STORE_04;CASH-02;2026-07-25 21:13:47;SKU-012;2;45000;500;CARD
REC-20260725-STORE_04-0362;STORE_04;CASH-09;2026-07-25 17:06:43;SKU-023;2;45000;1000;CARD
REC-20260725-STORE_04-0362;STORE_04;CASH-08;2026-07-25 17:06:43;SKU-027;1;5000;0;CARD
REC-20260725-STORE_04-0362;STORE_04;CASH-01;2026-07-25 17:06:43;SKU-010;3;25000;1000;CARD
REC-20260725-STORE_04-0363;STORE_04;CASH-01;2026-07-25 16:04:55;SKU-001;1;45000;500;CARD
REC-20260725-STORE_04-0363;STORE_04;CASH-03;2026-07-25 16:04:55;SKU-002;1;12000;0;CARD
REC-20260725-STORE_04-0363;STORE_04;CASH-09;2026-07-25 16:04:55;SKU-027;1;5000;0;CARD
REC-20260725-STORE_04-0363;STORE_04;CASH-05;2026-07-25 16:04:55;SKU-036;4;45000;0;CARD
REC-20260725-STORE_04-0364;STORE_04;CASH-08;2026-07-25 14:03:00;SKU-003;4;45000;0;CARD
REC-20260725-STORE_04-0364;STORE_04;CASH-08;2026-07-25 14:03:00;SKU-027;1;5000;500;CASH
REC-20260725-STORE_04-0365;STORE_04;CASH-02;2026-07-25 17:37:02;SKU-001;2;45000;0;CASH
REC-20260725-STORE_04-0365;STORE_04;CASH-07;2026-07-25 17:37:02;SKU-041;2;25000;500;CARD
REC-20260725-STORE_04-0365;STORE_04;CASH-07;2026-07-25 17:37:02;SKU-004;3;25000;0;CARD
REC-20260725-STORE_04-0365;STORE_04;CASH-10;2026-07-25 17:37:02;SKU-022;4;12000;0;CARD
REC-20260725-STORE_04-0366;STORE_04;CASH-09;2026-07-25 11:43:38;SKU-004;2;25000;0;CARD
REC-20260725-STORE_04-0366;STORE_04;CASH-06;2026-07-25 11:43:38;SKU-006;4;45000;0;CARD
REC-20260725-STORE_04-0366;STORE_04;CASH-06;2026-07-25 11:43:38;SKU-002;3;12000;0;CARD
REC-20260725-STORE_04-0366;STORE_04;CASH-09;2026-07-25 11:43:38;SKU-007;1;12000;0;CASH
REC-20260725-STORE_04-0366;STORE_04;CASH-03;2026-07-25 11:43:38;SKU-002;3;12000;1000;CARD
REC-20260725-STORE_04-0367;STORE_04;CASH-02;2026-07-25 14:42:09;SKU-013;1;12000;0;CARD
REC-20260725-STORE_04-0367;STORE_04;CASH-09;2026-07-25 14:42:09;SKU-039;4;5000;0;CARD
REC-20260725-STORE_04-0367;STORE_04;CASH-01;2026-07-25 14:42:09;SKU-009;2;25000;500;CASH
REC-20260725-STORE_04-0367;STORE_04;CASH-10;2026-07-25 14:42:09;SKU-006;1;45000;1000;CARD
REC-20260725-STORE_04-0367;STORE_04;CASH-09;2026-07-25 14:42:09;SKU-004;2;25000;0;CASH
REC-20260725-STORE_04-0368;STORE_04;CASH-02;2026-07-25 20:28:58;SKU-043;2;25000;0;CARD
REC-20260725-STORE_04-0368;STORE_04;CASH-02;2026-07-25 20:28:58;SKU-001;3;45000;0;CARD
REC-20260725-STORE_04-0368;STORE_04;CASH-10;2026-07-25 20:28:58;SKU-043;2;25000;500;CASH
REC-20260725-STORE_04-0369;STORE_04;CASH-09;2026-07-25 11:18:40;SKU-002;1;12000;0;CARD
REC-20260725-STORE_04-0369;STORE_04;CASH-05;2026-07-25 11:18:40;SKU-001;1;45000;0;CASH
REC-20260725-STORE_04-0370;STORE_04;CASH-04;2026-07-25 13:22:05;SKU-046;1;25000;500;CASH
REC-20260725-STORE_04-0370;STORE_04;CASH-08;2026-07-25 13:22:05;SKU-004;2;25000;0;CARD
REC-20260725-STORE_04-0371;STORE_04;CASH-02;2026-07-25 21:09:05;SKU-010;4;25000;500;CARD
REC-20260725-STORE_04-0371;STORE_04;CASH-05;2026-07-25 21:09:05;SKU-028;1;5000;500;CARD
REC-20260725-STORE_04-0371;STORE_04;CASH-07;2026-07-25 21:09:05;SKU-014;4;5000;0;CASH
REC-20260725-STORE_04-0371;STORE_04;CASH-01;2026-07-25 21:09:05;SKU-002;4;12000;1000;CASH
REC-20260725-STORE_04-0371;STORE_04;CASH-05;2026-07-25 21:09:05;SKU-024;3;12000;1000;CASH
REC-20260725-STORE_04-0372;STORE_04;CASH-05;2026-07-25 11:08:36;SKU-013;2;12000;1000;CARD
REC-20260725-STORE_04-0372;STORE_04;CASH-03;2026-07-25 11:08:36;SKU-046;3;25000;0;CARD
REC-20260725-STORE_04-0372;STORE_04;CASH-05;2026-07-25 11:08:36;SKU-008;3;12000;1000;CARD
REC-20260725-STORE_04-0372;STORE_04;CASH-01;2026-07-25 11:08:36;SKU-002;1;12000;500;CARD
REC-20260725-STORE_04-0372;STORE_04;CASH-10;2026-07-25 11:08:36;SKU-001;1;45000;0;CARD
REC-20260725-STORE_04-0373;STORE_04;CASH-06;2026-07-25 11:03:23;SKU-003;3;45000;0;CASH
REC-20260725-STORE_04-0374;STORE_04;CASH-03;2026-07-25 11:44:01;SKU-001;3;45000;1000;CARD
REC-20260725-STORE_04-0374;STORE_04;CASH-03;2026-07-25 11:44:01;SKU-030;2;45000;0;CARD
REC-20260725-STORE_04-0375;STORE_04;CASH-07;2026-07-25 16:03:12;SKU-002;3;12000;0;CASH
REC-20260725-STORE_04-0375;STORE_04;CASH-01;2026-07-25 16:03:12;SKU-001;2;45000;0;CARD
REC-20260725-STORE_04-0376;STORE_04;CASH-10;2026-07-25 20:50:40;SKU-001;2;45000;500;CARD
REC-20260725-STORE_04-0376;STORE_04;CASH-05;2026-07-25 20:50:40;SKU-008;3;12000;0;CARD
REC-20260725-STORE_04-0376;STORE_04;CASH-05;2026-07-25 20:50:40;SKU-001;1;45000;0;CARD
REC-20260725-STORE_04-0376;STORE_04;CASH-06;2026-07-25 20:50:40;SKU-001;4;45000;0;CARD
REC-20260725-STORE_04-0377;STORE_04;CASH-08;2026-07-25 15:35:35;SKU-001;3;45000;1000;CASH
REC-20260725-STORE_04-0377;STORE_04;CASH-07;2026-07-25 15:35:35;SKU-031;3;45000;500;CARD
REC-20260725-STORE_04-0378;STORE_04;CASH-09;2026-07-25 20:28:13;SKU-030;2;45000;0;CASH
REC-20260725-STORE_04-0378;STORE_04;CASH-03;2026-07-25 20:28:13;SKU-013;3;12000;0;CARD
REC-20260725-STORE_04-0378;STORE_04;CASH-02;2026-07-25 20:28:13;SKU-025;4;5000;0;CASH
REC-20260725-STORE_04-0378;STORE_04;CASH-03;2026-07-25 20:28:13;SKU-020;2;12000;0;CARD
REC-20260725-STORE_04-0379;STORE_04;CASH-03;2026-07-25 13:43:23;SKU-005;2;5000;0;CASH
REC-20260725-STORE_04-0379;STORE_04;CASH-09;2026-07-25 13:43:23;SKU-005;1;5000;500;CARD
REC-20260725-STORE_04-0380;STORE_04;CASH-01;2026-07-25 15:36:50;SKU-033;1;5000;0;CASH
REC-20260725-STORE_04-0380;STORE_04;CASH-09;2026-07-25 15:36:50;SKU-002;1;12000;0;CARD
REC-20260725-STORE_04-0381;STORE_04;CASH-06;2026-07-25 10:13:43;SKU-023;3;45000;500;CASH
REC-20260725-STORE_04-0381;STORE_04;CASH-09;2026-07-25 10:13:43;SKU-047;3;5000;0;CARD
REC-20260725-STORE_04-0381;STORE_04;CASH-08;2026-07-25 10:13:43;SKU-001;3;45000;0;CARD
REC-20260725-STORE_04-0382;STORE_04;CASH-09;2026-07-25 20:08:30;SKU-033;3;5000;0;CARD
REC-20260725-STORE_04-0382;STORE_04;CASH-10;2026-07-25 20:08:30;SKU-001;4;45000;500;CASH
REC-20260725-STORE_04-0383;STORE_04;CASH-01;2026-07-25 11:30:44;SKU-007;4;12000;0;CASH
REC-20260725-STORE_04-0383;STORE_04;CASH-09;2026-07-25 11:30:44;SKU-019;1;25000;0;CARD
REC-20260725-STORE_04-0383;STORE_04;CASH-10;2026-07-25 11:30:44;SKU-003;3;45000;0;CARD
REC-20260725-STORE_04-0384;STORE_04;CASH-01;2026-07-25 12:40:45;SKU-002;2;12000;1000;CARD
REC-20260725-STORE_04-0384;STORE_04;CASH-06;2026-07-25 12:40:45;SKU-014;3;5000;1000;CASH
REC-20260725-STORE_04-0384;STORE_04;CASH-04;2026-07-25 12:40:45;SKU-001;4;45000;1000;CARD
REC-20260725-STORE_04-0384;STORE_04;CASH-07;2026-07-25 12:40:45;SKU-005;1;5000;0;CARD
REC-20260725-STORE_04-0385;STORE_04;CASH-05;2026-07-25 8:48:53;SKU-005;4;5000;0;CARD
REC-20260725-STORE_04-0385;STORE_04;CASH-07;2026-07-25 8:48:53;SKU-001;1;45000;1000;CARD
REC-20260725-STORE_04-0385;STORE_04;CASH-05;2026-07-25 8:48:53;SKU-009;4;25000;1000;CARD
REC-20260725-STORE_04-0386;STORE_04;CASH-01;2026-07-25 12:05:10;SKU-008;1;12000;1000;CARD
REC-20260725-STORE_04-0386;STORE_04;CASH-06;2026-07-25 12:05:10;SKU-007;2;12000;0;CARD
REC-20260725-STORE_04-0386;STORE_04;CASH-03;2026-07-25 12:05:10;SKU-030;2;45000;1000;CARD
REC-20260725-STORE_04-0387;STORE_04;CASH-06;2026-07-25 20:51:32;SKU-021;3;5000;500;CASH
REC-20260725-STORE_04-0387;STORE_04;CASH-08;2026-07-25 20:51:32;SKU-005;4;5000;0;CARD
REC-20260725-STORE_04-0387;STORE_04;CASH-10;2026-07-25 20:51:32;SKU-003;2;45000;500;CASH
REC-20260725-STORE_04-0388;STORE_04;CASH-03;2026-07-25 10:42:41;SKU-004;4;25000;0;CASH
REC-20260725-STORE_04-0388;STORE_04;CASH-03;2026-07-25 10:42:41;SKU-001;2;45000;0;CASH
REC-20260725-STORE_04-0389;STORE_04;CASH-04;2026-07-25 14:58:26;SKU-007;4;12000;1000;CARD
REC-20260725-STORE_04-0389;STORE_04;CASH-06;2026-07-25 14:58:26;SKU-004;3;25000;1000;CARD
REC-20260725-STORE_04-0389;STORE_04;CASH-07;2026-07-25 14:58:26;SKU-044;4;5000;0;CARD
REC-20260725-STORE_04-0390;STORE_04;CASH-10;2026-07-25 11:22:41;SKU-016;3;25000;0;CARD
REC-20260725-STORE_04-0390;STORE_04;CASH-03;2026-07-25 11:22:41;SKU-035;2;5000;1000;CARD
REC-20260725-STORE_04-0390;STORE_04;CASH-07;2026-07-25 11:22:41;SKU-006;2;45000;0;CASH
REC-20260725-STORE_04-0391;STORE_04;CASH-01;2026-07-25 14:32:15;SKU-014;3;5000;0;CASH
REC-20260725-STORE_04-0391;STORE_04;CASH-01;2026-07-25 14:32:15;SKU-003;1;45000;500;CASH
REC-20260725-STORE_04-0391;STORE_04;CASH-07;2026-07-25 14:32:15;SKU-001;4;45000;0;CARD
REC-20260725-STORE_04-0392;STORE_04;CASH-02;2026-07-25 20:25:53;SKU-009;4;25000;1000;CARD
REC-20260725-STORE_04-0392;STORE_04;CASH-01;2026-07-25 20:25:53;SKU-012;3;45000;0;CARD
REC-20260725-STORE_04-0393;STORE_04;CASH-01;2026-07-25 13:01:00;SKU-048;4;25000;0;CARD
REC-20260725-STORE_04-0393;STORE_04;CASH-05;2026-07-25 13:01:00;SKU-012;4;45000;1000;CARD
REC-20260725-STORE_04-0393;STORE_04;CASH-02;2026-07-25 13:01:00;SKU-046;3;25000;500;CARD
REC-20260725-STORE_04-0393;STORE_04;CASH-03;2026-07-25 13:01:00;SKU-004;2;25000;500;CARD
REC-20260725-STORE_04-0393;STORE_04;CASH-07;2026-07-25 13:01:00;SKU-015;1;5000;0;CARD
REC-20260725-STORE_04-0394;STORE_04;CASH-09;2026-07-25 14:50:11;SKU-001;2;45000;500;CASH
REC-20260725-STORE_04-0395;STORE_04;CASH-10;2026-07-25 17:49:24;SKU-023;1;45000;0;CASH
REC-20260725-STORE_04-0395;STORE_04;CASH-04;2026-07-25 17:49:24;SKU-016;4;25000;1000;CARD
REC-20260725-STORE_04-0396;STORE_04;CASH-03;2026-07-25 8:39:49;SKU-001;3;45000;0;CARD
REC-20260725-STORE_04-0397;STORE_04;CASH-01;2026-07-25 9:04:01;SKU-007;4;12000;500;CARD
REC-20260725-STORE_04-0397;STORE_04;CASH-02;2026-07-25 9:04:01;SKU-012;1;45000;500;CASH
REC-20260725-STORE_04-0398;STORE_04;CASH-08;2026-07-25 19:30:51;SKU-019;3;25000;0;CARD
REC-20260725-STORE_04-0398;STORE_04;CASH-06;2026-07-25 19:30:51;SKU-014;4;5000;0;CARD
REC-20260725-STORE_04-0398;STORE_04;CASH-09;2026-07-25 19:30:51;SKU-002;3;12000;0;CASH
REC-20260725-STORE_04-0398;STORE_04;CASH-10;2026-07-25 19:30:51;SKU-020;3;12000;1000;CARD
REC-20260725-STORE_04-0399;STORE_04;CASH-05;2026-07-25 18:57:04;SKU-007;3;12000;0;CARD
REC-20260725-STORE_04-0399;STORE_04;CASH-03;2026-07-25 18:57:04;SKU-004;2;25000;0;CARD
REC-20260725-STORE_04-0399;STORE_04;CASH-08;2026-07-25 18:57:04;SKU-013;1;12000;500;CASH
REC-20260725-STORE_04-0400;STORE_04;CASH-03;2026-07-25 18:54:36;SKU-045;4;45000;0;CARD
REC-20260725-STORE_04-0401;STORE_04;CASH-07;2026-07-25 17:25:41;SKU-005;3;5000;0;CARD
REC-20260725-STORE_04-0401;STORE_04;CASH-06;2026-07-25 17:25:41;SKU-049;2;5000;1000;CARD
REC-20260725-STORE_04-0402;STORE_04;CASH-10;2026-07-25 20:10:36;SKU-008;4;12000;0;CARD
REC-20260725-STORE_04-0402;STORE_04;CASH-02;2026-07-25 20:10:36;SKU-002;3;12000;1000;CARD
REC-20260725-STORE_04-0402;STORE_04;CASH-10;2026-07-25 20:10:36;SKU-003;3;45000;1000;CARD
REC-20260725-STORE_04-0402;STORE_04;CASH-03;2026-07-25 20:10:36;SKU-010;3;25000;0;CARD
REC-20260725-STORE_04-0402;STORE_04;CASH-01;2026-07-25 20:10:36;SKU-001;1;45000;0;CARD
REC-20260725-STORE_04-0403;STORE_04;CASH-09;2026-07-25 11:12:15;SKU-003;4;45000;0;CASH
REC-20260725-STORE_04-0403;STORE_04;CASH-08;2026-07-25 11:12:15;SKU-021;1;5000;1000;CASH
REC-20260725-STORE_04-0403;STORE_04;CASH-09;2026-07-25 11:12:15;SKU-010;4;25000;1000;CARD
REC-20260725-STORE_04-0403;STORE_04;CASH-09;2026-07-25 11:12:15;SKU-013;1;12000;0;CARD
REC-20260725-STORE_04-0404;STORE_04;CASH-09;2026-07-25 10:32:53;SKU-001;2;45000;0;CASH
REC-20260725-STORE_04-0404;STORE_04;CASH-09;2026-07-25 10:32:53;SKU-001;4;45000;0;CASH
REC-20260725-STORE_04-0405;STORE_04;CASH-05;2026-07-25 16:13:15;SKU-002;2;12000;0;CASH
REC-20260725-STORE_04-0405;STORE_04;CASH-05;2026-07-25 16:13:15;SKU-011;2;5000;1000;CARD
REC-20260725-STORE_04-0406;STORE_04;CASH-08;2026-07-25 9:10:19;SKU-007;1;12000;0;CARD
REC-20260725-STORE_04-0407;STORE_04;CASH-08;2026-07-25 17:41:24;SKU-002;4;12000;0;CARD
REC-20260725-STORE_04-0407;STORE_04;CASH-03;2026-07-25 17:41:24;SKU-009;2;25000;0;CARD
REC-20260725-STORE_04-0407;STORE_04;CASH-10;2026-07-25 17:41:24;SKU-005;2;5000;0;CARD
REC-20260725-STORE_04-0407;STORE_04;CASH-09;2026-07-25 17:41:24;SKU-001;1;45000;0;CARD
REC-20260725-STORE_04-0408;STORE_04;CASH-01;2026-07-25 21:04:36;SKU-001;1;45000;0;CARD
REC-20260725-STORE_04-0408;STORE_04;CASH-02;2026-07-25 21:04:36;SKU-001;1;45000;0;CARD
REC-20260725-STORE_04-0408;STORE_04;CASH-05;2026-07-25 21:04:36;SKU-005;4;5000;500;CASH
REC-20260725-STORE_04-0408;STORE_04;CASH-08;2026-07-25 21:04:36;SKU-001;4;45000;1000;CARD
REC-20260725-STORE_04-0408;STORE_04;CASH-02;2026-07-25 21:04:36;SKU-010;4;25000;500;CASH
REC-20260725-STORE_04-0409;STORE_04;CASH-07;2026-07-25 21:35:25;SKU-011;2;5000;0;CARD
REC-20260725-STORE_04-0409;STORE_04;CASH-01;2026-07-25 21:35:25;SKU-001;1;45000;0;CARD
REC-20260725-STORE_04-0410;STORE_04;CASH-01;2026-07-25 15:08:47;SKU-001;2;45000;0;CASH
REC-20260725-STORE_04-0411;STORE_04;CASH-02;2026-07-25 10:22:14;SKU-002;2;12000;500;CASH
REC-20260725-STORE_04-0411;STORE_04;CASH-09;2026-07-25 10:22:14;SKU-004;3;25000;500;CARD
REC-20260725-STORE_04-0411;STORE_04;CASH-02;2026-07-25 10:22:14;SKU-001;4;45000;0;CASH
REC-20260725-STORE_04-0411;STORE_04;CASH-05;2026-07-25 10:22:14;SKU-010;4;25000;500;CARD
REC-20260725-STORE_04-0412;STORE_04;CASH-05;2026-07-25 13:43:36;SKU-016;2;25000;500;CARD
REC-20260725-STORE_04-0412;STORE_04;CASH-07;2026-07-25 13:43:36;SKU-002;4;12000;0;CARD
REC-20260725-STORE_04-0412;STORE_04;CASH-10;2026-07-25 13:43:36;SKU-003;2;45000;0;CARD
REC-20260725-STORE_04-0413;STORE_04;CASH-06;2026-07-25 20:48:33;SKU-001;4;45000;0;CASH
REC-20260725-STORE_04-0413;STORE_04;CASH-09;2026-07-25 20:48:33;SKU-001;3;45000;500;CARD
REC-20260725-STORE_04-0413;STORE_04;CASH-05;2026-07-25 20:48:33;SKU-027;4;5000;0;CARD
REC-20260725-STORE_04-0413;STORE_04;CASH-05;2026-07-25 20:48:33;SKU-007;3;12000;0;CASH
REC-20260725-STORE_04-0413;STORE_04;CASH-04;2026-07-25 20:48:33;SKU-001;4;45000;0;CARD
REC-20260725-STORE_04-0414;STORE_04;CASH-04;2026-07-25 16:09:48;SKU-009;1;25000;1000;CARD
REC-20260725-STORE_04-0414;STORE_04;CASH-02;2026-07-25 16:09:48;SKU-005;3;5000;500;CARD
REC-20260725-STORE_04-0414;STORE_04;CASH-05;2026-07-25 16:09:48;SKU-001;1;45000;1000;CASH
REC-20260725-STORE_04-0415;STORE_04;CASH-02;2026-07-25 13:10:31;SKU-036;1;45000;0;CARD
REC-20260725-STORE_04-0415;STORE_04;CASH-10;2026-07-25 13:10:31;SKU-030;2;45000;500;CASH
REC-20260725-STORE_04-0415;STORE_04;CASH-07;2026-07-25 13:10:31;SKU-017;2;12000;500;CARD
REC-20260725-STORE_04-0416;STORE_04;CASH-09;2026-07-25 14:00:39;SKU-005;4;5000;1000;CARD
REC-20260725-STORE_04-0416;STORE_04;CASH-10;2026-07-25 14:00:39;SKU-001;4;45000;1000;CARD
REC-20260725-STORE_04-0416;STORE_04;CASH-04;2026-07-25 14:00:39;SKU-008;1;12000;0;CARD
REC-20260725-STORE_04-0416;STORE_04;CASH-06;2026-07-25 14:00:39;SKU-023;1;45000;1000;CASH
REC-20260725-STORE_04-0416;STORE_04;CASH-06;2026-07-25 14:00:39;SKU-032;1;25000;0;CARD
REC-20260725-STORE_04-0417;STORE_04;CASH-02;2026-07-25 16:51:13;SKU-001;3;45000;500;CASH
REC-20260725-STORE_04-0418;STORE_04;CASH-06;2026-07-25 10:19:42;SKU-001;1;45000;500;CARD
REC-20260725-STORE_04-0418;STORE_04;CASH-02;2026-07-25 10:19:42;SKU-008;3;12000;500;CARD
REC-20260725-STORE_04-0418;STORE_04;CASH-02;2026-07-25 10:19:42;SKU-024;2;12000;0;CASH
REC-20260725-STORE_04-0418;STORE_04;CASH-09;2026-07-25 10:19:42;SKU-001;4;45000;0;CASH
REC-20260725-STORE_04-0419;STORE_04;CASH-09;2026-07-25 18:00:58;SKU-010;3;25000;0;CASH
REC-20260725-STORE_04-0419;STORE_04;CASH-01;2026-07-25 18:00:58;SKU-001;1;45000;0;CASH
REC-20260725-STORE_04-0420;STORE_04;CASH-04;2026-07-25 16:27:19;SKU-034;1;25000;1000;CASH
REC-20260725-STORE_04-0421;STORE_04;CASH-03;2026-07-25 18:08:52;SKU-004;3;25000;0;CARD
REC-20260725-STORE_04-0422;STORE_04;CASH-06;2026-07-25 8:41:24;SKU-017;4;12000;1000;CARD
REC-20260725-STORE_04-0422;STORE_04;CASH-06;2026-07-25 8:41:24;SKU-030;2;45000;0;CARD
REC-20260725-STORE_04-0422;STORE_04;CASH-09;2026-07-25 8:41:24;SKU-012;2;45000;0;CASH
REC-20260725-STORE_04-0422;STORE_04;CASH-10;2026-07-25 8:41:24;SKU-002;3;12000;500;CARD
REC-20260725-STORE_04-0423;STORE_04;CASH-02;2026-07-25 19:28:44;SKU-006;1;45000;1000;CARD
REC-20260725-STORE_04-0424;STORE_04;CASH-08;2026-07-25 17:50:36;SKU-001;2;45000;500;CARD
REC-20260725-STORE_04-0424;STORE_04;CASH-09;2026-07-25 17:50:36;SKU-045;1;45000;0;CARD
REC-20260725-STORE_04-0424;STORE_04;CASH-02;2026-07-25 17:50:36;SKU-002;1;12000;500;CARD
REC-20260725-STORE_04-0425;STORE_04;CASH-03;2026-07-25 15:42:29;SKU-002;1;12000;0;CARD
REC-20260725-STORE_04-0425;STORE_04;CASH-04;2026-07-25 15:42:29;SKU-004;2;25000;500;CARD
REC-20260725-STORE_04-0425;STORE_04;CASH-01;2026-07-25 15:42:29;SKU-001;2;45000;1000;CASH
REC-20260725-STORE_04-0425;STORE_04;CASH-03;2026-07-25 15:42:29;SKU-016;1;25000;0;CARD
REC-20260725-STORE_04-0425;STORE_04;CASH-09;2026-07-25 15:42:29;SKU-050;1;25000;0;CASH
REC-20260725-STORE_04-0426;STORE_04;CASH-03;2026-07-25 10:21:54;SKU-018;4;5000;0;CARD
REC-20260725-STORE_04-0426;STORE_04;CASH-10;2026-07-25 10:21:54;SKU-019;4;25000;1000;CASH
REC-20260725-STORE_04-0426;STORE_04;CASH-09;2026-07-25 10:21:54;SKU-001;3;45000;1000;CARD
REC-20260725-STORE_04-0426;STORE_04;CASH-04;2026-07-25 10:21:54;SKU-017;3;12000;0;CASH
REC-20260725-STORE_04-0426;STORE_04;CASH-07;2026-07-25 10:21:54;SKU-001;4;45000;0;CARD
REC-20260725-STORE_04-0427;STORE_04;CASH-09;2026-07-25 9:30:19;SKU-003;4;45000;0;CARD
REC-20260725-STORE_04-0427;STORE_04;CASH-05;2026-07-25 9:30:19;SKU-038;2;12000;0;CARD
REC-20260725-STORE_04-0427;STORE_04;CASH-07;2026-07-25 9:30:19;SKU-003;1;45000;1000;CARD
REC-20260725-STORE_04-0428;STORE_04;CASH-04;2026-07-25 18:45:14;SKU-010;3;25000;500;CARD
REC-20260725-STORE_04-0428;STORE_04;CASH-03;2026-07-25 18:45:14;SKU-001;4;45000;0;CARD
REC-20260725-STORE_04-0428;STORE_04;CASH-02;2026-07-25 18:45:14;SKU-001;2;45000;0;CARD
REC-20260725-STORE_04-0428;STORE_04;CASH-04;2026-07-25 18:45:14;SKU-001;1;45000;0;CASH
REC-20260725-STORE_04-0429;STORE_04;CASH-06;2026-07-25 20:35:38;SKU-001;2;45000;1000;CARD
REC-20260725-STORE_04-0429;STORE_04;CASH-05;2026-07-25 20:35:38;SKU-003;3;45000;0;CARD
REC-20260725-STORE_04-0429;STORE_04;CASH-10;2026-07-25 20:35:38;SKU-011;4;5000;1000;CASH
REC-20260725-STORE_04-0429;STORE_04;CASH-03;2026-07-25 20:35:38;SKU-015;4;5000;0;CARD
REC-20260725-STORE_04-0430;STORE_04;CASH-09;2026-07-25 11:50:40;SKU-038;1;12000;0;CARD
REC-20260725-STORE_04-0430;STORE_04;CASH-06;2026-07-25 11:50:40;SKU-001;1;45000;0;CARD
REC-20260725-STORE_04-0430;STORE_04;CASH-09;2026-07-25 11:50:40;SKU-002;2;12000;0;CASH
REC-20260725-STORE_04-0431;STORE_04;CASH-03;2026-07-25 13:22:28;SKU-007;4;12000;0;CARD
REC-20260725-STORE_04-0432;STORE_04;CASH-02;2026-07-25 10:29:50;SKU-005;2;5000;500;CASH
REC-20260725-STORE_04-0432;STORE_04;CASH-04;2026-07-25 10:29:50;SKU-038;2;12000;0;CASH
REC-20260725-STORE_04-0432;STORE_04;CASH-02;2026-07-25 10:29:50;SKU-001;1;45000;0;CASH
REC-20260725-STORE_04-0432;STORE_04;CASH-08;2026-07-25 10:29:50;SKU-001;4;45000;500;CARD
REC-20260725-STORE_04-0433;STORE_04;CASH-03;2026-07-25 20:08:11;SKU-023;4;45000;0;CARD
REC-20260725-STORE_04-0433;STORE_04;CASH-03;2026-07-25 20:08:11;SKU-019;1;25000;0;CASH
REC-20260725-STORE_04-0434;STORE_04;CASH-01;2026-07-25 18:24:22;SKU-007;3;12000;0;CARD
REC-20260725-STORE_04-0434;STORE_04;CASH-07;2026-07-25 18:24:22;SKU-001;3;45000;500;CARD
REC-20260725-STORE_04-0434;STORE_04;CASH-07;2026-07-25 18:24:22;SKU-028;3;5000;0;CASH
REC-20260725-STORE_04-0434;STORE_04;CASH-09;2026-07-25 18:24:22;SKU-002;3;12000;0;CARD
REC-20260725-STORE_04-0434;STORE_04;CASH-08;2026-07-25 18:24:22;SKU-002;2;12000;500;CARD
REC-20260725-STORE_04-0435;STORE_04;CASH-05;2026-07-25 20:32:23;SKU-006;4;45000;1000;CARD
REC-20260725-STORE_04-0435;STORE_04;CASH-06;2026-07-25 20:32:23;SKU-001;3;45000;0;CASH
REC-20260725-STORE_04-0436;STORE_04;CASH-09;2026-07-25 21:24:03;SKU-024;3;12000;0;CASH
REC-20260725-STORE_04-0436;STORE_04;CASH-01;2026-07-25 21:24:03;SKU-008;2;12000;0;CARD
REC-20260725-STORE_04-0436;STORE_04;CASH-07;2026-07-25 21:24:03;SKU-015;4;5000;0;CASH
REC-20260725-STORE_04-0436;STORE_04;CASH-04;2026-07-25 21:24:03;SKU-002;4;12000;0;CASH
REC-20260725-STORE_04-0437;STORE_04;CASH-05;2026-07-25 9:44:28;SKU-011;4;5000;1000;CASH
REC-20260725-STORE_04-0437;STORE_04;CASH-05;2026-07-25 9:44:28;SKU-023;1;45000;500;CARD
REC-20260725-STORE_04-0437;STORE_04;CASH-02;2026-07-25 9:44:28;SKU-004;3;25000;0;CARD
REC-20260725-STORE_04-0437;STORE_04;CASH-09;2026-07-25 9:44:28;SKU-001;2;45000;0;CARD
REC-20260725-STORE_04-0437;STORE_04;CASH-02;2026-07-25 9:44:28;SKU-047;3;5000;1000;CASH
REC-20260725-STORE_04-0438;STORE_04;CASH-07;2026-07-25 9:28:35;SKU-029;2;5000;500;CARD
REC-20260725-STORE_04-0438;STORE_04;CASH-03;2026-07-25 9:28:35;SKU-011;1;5000;1000;CARD
REC-20260725-STORE_04-0438;STORE_04;CASH-01;2026-07-25 9:28:35;SKU-010;3;25000;500;CARD
REC-20260725-STORE_04-0438;STORE_04;CASH-01;2026-07-25 9:28:35;SKU-002;2;12000;0;CARD
REC-20260725-STORE_04-0438;STORE_04;CASH-07;2026-07-25 9:28:35;SKU-023;3;45000;0;CARD
REC-20260725-STORE_04-0439;STORE_04;CASH-07;2026-07-25 12:26:47;SKU-001;3;45000;0;CASH
REC-20260725-STORE_04-0439;STORE_04;CASH-02;2026-07-25 12:26:47;SKU-003;1;45000;500;CARD
REC-20260725-STORE_04-0439;STORE_04;CASH-01;2026-07-25 12:26:47;SKU-005;1;5000;0;CARD
REC-20260725-STORE_04-0439;STORE_04;CASH-02;2026-07-25 12:26:47;SKU-008;3;12000;500;CASH
REC-20260725-STORE_04-0439;STORE_04;CASH-08;2026-07-25 12:26:47;SKU-009;4;25000;1000;CASH
REC-20260725-STORE_04-0440;STORE_04;CASH-10;2026-07-25 10:03:34;SKU-002;2;12000;500;CARD
REC-20260725-STORE_04-0440;STORE_04;CASH-03;2026-07-25 10:03:34;SKU-033;2;5000;0;CARD
REC-20260725-STORE_04-0440;STORE_04;CASH-09;2026-07-25 10:03:34;SKU-001;4;45000;0;CASH
REC-20260725-STORE_04-0440;STORE_04;CASH-03;2026-07-25 10:03:34;SKU-024;4;12000;500;CARD
REC-20260725-STORE_04-0441;STORE_04;CASH-10;2026-07-25 16:20:33;SKU-010;3;25000;0;CASH
REC-20260725-STORE_04-0441;STORE_04;CASH-02;2026-07-25 16:20:33;SKU-001;1;45000;0;CARD
REC-20260725-STORE_04-0441;STORE_04;CASH-02;2026-07-25 16:20:33;SKU-014;1;5000;1000;CASH
REC-20260725-STORE_04-0441;STORE_04;CASH-10;2026-07-25 16:20:33;SKU-009;2;25000;0;CASH
REC-20260725-STORE_04-0441;STORE_04;CASH-07;2026-07-25 16:20:33;SKU-002;2;12000;500;CASH
REC-20260725-STORE_04-0442;STORE_04;CASH-07;2026-07-25 18:26:05;SKU-011;2;5000;1000;CARD
REC-20260725-STORE_04-0442;STORE_04;CASH-06;2026-07-25 18:26:05;SKU-001;4;45000;1000;CASH
REC-20260725-STORE_04-0442;STORE_04;CASH-05;2026-07-25 18:26:05;SKU-001;4;45000;0;CASH
REC-20260725-STORE_04-0442;STORE_04;CASH-09;2026-07-25 18:26:05;SKU-003;2;45000;500;CARD
REC-20260725-STORE_04-0443;STORE_04;CASH-05;2026-07-25 10:04:14;SKU-043;1;25000;0;CASH
REC-20260725-STORE_04-0444;STORE_04;CASH-02;2026-07-25 13:40:50;SKU-002;3;12000;1000;CARD
REC-20260725-STORE_04-0445;STORE_04;CASH-07;2026-07-25 17:24:00;SKU-016;2;25000;0;CASH
REC-20260725-STORE_04-0445;STORE_04;CASH-04;2026-07-25 17:24:00;SKU-005;4;5000;0;CARD
REC-20260725-STORE_04-0445;STORE_04;CASH-06;2026-07-25 17:24:00;SKU-001;3;45000;0;CARD
REC-20260725-STORE_04-0446;STORE_04;CASH-08;2026-07-25 13:45:23;SKU-026;1;12000;500;CARD
REC-20260725-STORE_04-0446;STORE_04;CASH-02;2026-07-25 13:45:23;SKU-040;4;25000;0;CARD
REC-20260725-STORE_04-0446;STORE_04;CASH-01;2026-07-25 13:45:23;SKU-002;2;12000;1000;CARD
REC-20260725-STORE_04-0447;STORE_04;CASH-08;2026-07-25 9:42:41;SKU-004;2;25000;0;CARD
REC-20260725-STORE_04-0447;STORE_04;CASH-08;2026-07-25 9:42:41;SKU-001;3;45000;0;CASH
REC-20260725-STORE_04-0447;STORE_04;CASH-08;2026-07-25 9:42:41;SKU-002;1;12000;0;CARD
REC-20260725-STORE_04-0448;STORE_04;CASH-05;2026-07-25 20:01:39;SKU-039;1;5000;1000;CASH
REC-20260725-STORE_04-0448;STORE_04;CASH-01;2026-07-25 20:01:39;SKU-008;2;12000;500;CASH
REC-20260725-STORE_04-0448;STORE_04;CASH-04;2026-07-25 20:01:39;SKU-003;2;45000;0;CARD
REC-20260725-STORE_04-0449;STORE_04;CASH-02;2026-07-25 19:49:38;SKU-023;3;45000;1000;CARD
REC-20260725-STORE_04-0449;STORE_04;CASH-04;2026-07-25 19:49:38;SKU-001;4;45000;0;CASH
REC-20260725-STORE_04-0449;STORE_04;CASH-08;2026-07-25 19:49:38;SKU-012;3;45000;500;CASH
REC-20260725-STORE_04-0449;STORE_04;CASH-10;2026-07-25 19:49:38;SKU-011;2;5000;500;CASH
REC-20260725-STORE_04-0449;STORE_04;CASH-01;2026-07-25 19:49:38;SKU-002;4;12000;0;CASH
REC-20260725-STORE_04-0450;STORE_04;CASH-04;2026-07-25 11:40:29;SKU-006;1;45000;0;CARD
REC-20260725-STORE_04-0450;STORE_04;CASH-02;2026-07-25 11:40:29;SKU-034;4;25000;0;CASH
REC-20260725-STORE_04-0450;STORE_04;CASH-10;2026-07-25 11:40:29;SKU-024;4;12000;0;CASH
REC-20260725-STORE_04-0450;STORE_04;CASH-03;2026-07-25 11:40:29;SKU-002;2;12000;0;CARD
REC-20260725-STORE_04-0451;STORE_04;CASH-07;2026-07-25 20:52:59;SKU-004;2;25000;1000;CASH
REC-20260725-STORE_04-0451;STORE_04;CASH-03;2026-07-25 20:52:59;SKU-005;1;5000;500;CASH
REC-20260725-STORE_04-0451;STORE_04;CASH-06;2026-07-25 20:52:59;SKU-015;4;5000;0;CARD
REC-20260725-STORE_04-0452;STORE_04;CASH-04;2026-07-25 15:04:05;SKU-035;4;5000;0;CARD
REC-20260725-STORE_04-0452;STORE_04;CASH-06;2026-07-25 15:04:05;SKU-003;1;45000;0;CARD
REC-20260725-STORE_04-0452;STORE_04;CASH-10;2026-07-25 15:04:05;SKU-031;2;45000;0;CASH
REC-20260725-STORE_04-0452;STORE_04;CASH-01;2026-07-25 15:04:05;SKU-001;1;45000;0;CARD
REC-20260725-STORE_04-0452;STORE_04;CASH-08;2026-07-25 15:04:05;SKU-014;1;5000;500;CARD
REC-20260725-STORE_04-0453;STORE_04;CASH-01;2026-07-25 15:01:34;SKU-003;4;45000;0;CARD
REC-20260725-STORE_04-0453;STORE_04;CASH-01;2026-07-25 15:01:34;SKU-001;2;45000;0;CARD
REC-20260725-STORE_04-0454;STORE_04;CASH-04;2026-07-25 9:58:45;SKU-025;3;5000;0;CARD
REC-20260725-STORE_04-0454;STORE_04;CASH-01;2026-07-25 9:58:45;SKU-034;3;25000;500;CARD
REC-20260725-STORE_04-0454;STORE_04;CASH-02;2026-07-25 9:58:45;SKU-001;2;45000;1000;CARD
REC-20260725-STORE_04-0454;STORE_04;CASH-03;2026-07-25 9:58:45;SKU-005;4;5000;500;CASH
REC-20260725-STORE_04-0455;STORE_04;CASH-09;2026-07-25 10:31:02;SKU-001;2;45000;0;CARD
REC-20260725-STORE_04-0455;STORE_04;CASH-08;2026-07-25 10:31:02;SKU-021;2;5000;0;CARD
REC-20260725-STORE_04-0455;STORE_04;CASH-03;2026-07-25 10:31:02;SKU-046;2;25000;0;CASH
REC-20260725-STORE_04-0455;STORE_04;CASH-07;2026-07-25 10:31:02;SKU-001;4;45000;0;CARD
REC-20260725-STORE_04-0455;STORE_04;CASH-07;2026-07-25 10:31:02;SKU-003;1;45000;1000;CASH
REC-20260725-STORE_04-0456;STORE_04;CASH-09;2026-07-25 8:03:58;SKU-004;1;25000;1000;CARD
REC-20260725-STORE_04-0456;STORE_04;CASH-10;2026-07-25 8:03:58;SKU-007;3;12000;0;CARD
REC-20260725-STORE_04-0456;STORE_04;CASH-06;2026-07-25 8:03:58;SKU-014;4;5000;1000;CASH
REC-20260725-STORE_04-0456;STORE_04;CASH-02;2026-07-25 8:03:58;SKU-005;4;5000;0;CARD
REC-20260725-STORE_04-0456;STORE_04;CASH-08;2026-07-25 8:03:58;SKU-007;4;12000;1000;CARD
REC-20260725-STORE_04-0457;STORE_04;CASH-10;2026-07-25 8:06:22;SKU-043;1;25000;0;CARD
REC-20260725-STORE_04-0458;STORE_04;CASH-09;2026-07-25 16:50:27;SKU-007;2;12000;1000;CASH
REC-20260725-STORE_04-0458;STORE_04;CASH-05;2026-07-25 16:50:27;SKU-029;4;5000;0;CASH
REC-20260725-STORE_04-0458;STORE_04;CASH-01;2026-07-25 16:50:27;SKU-003;1;45000;0;CARD
REC-20260725-STORE_04-0459;STORE_04;CASH-10;2026-07-25 10:32:47;SKU-001;3;45000;0;CASH
REC-20260725-STORE_04-0459;STORE_04;CASH-10;2026-07-25 10:32:47;SKU-016;4;25000;500;CARD
REC-20260725-STORE_04-0459;STORE_04;CASH-08;2026-07-25 10:32:47;SKU-001;2;45000;500;CASH
REC-20260725-STORE_04-0459;STORE_04;CASH-06;2026-07-25 10:32:47;SKU-002;3;12000;0;CARD
REC-20260725-STORE_04-0459;STORE_04;CASH-01;2026-07-25 10:32:47;SKU-003;3;45000;1000;CARD
REC-20260725-STORE_04-0460;STORE_04;CASH-09;2026-07-25 9:15:49;SKU-009;2;25000;0;CASH
REC-20260725-STORE_04-0461;STORE_04;CASH-04;2026-07-25 12:29:13;SKU-017;1;12000;0;CARD
REC-20260725-STORE_04-0461;STORE_04;CASH-01;2026-07-25 12:29:13;SKU-026;2;12000;0;CARD
REC-20260725-STORE_04-0461;STORE_04;CASH-02;2026-07-25 12:29:13;SKU-004;1;25000;0;CARD
REC-20260725-STORE_04-0461;STORE_04;CASH-04;2026-07-25 12:29:13;SKU-023;3;45000;1000;CASH
REC-20260725-STORE_04-0462;STORE_04;CASH-04;2026-07-25 11:39:50;SKU-010;3;25000;1000;CARD
REC-20260725-STORE_04-0462;STORE_04;CASH-02;2026-07-25 11:39:50;SKU-008;4;12000;0;CARD
REC-20260725-STORE_04-0463;STORE_04;CASH-10;2026-07-25 15:46:50;SKU-043;2;25000;0;CARD
REC-20260725-STORE_04-0463;STORE_04;CASH-04;2026-07-25 15:46:50;SKU-025;2;5000;0;CARD
REC-20260725-STORE_04-0463;STORE_04;CASH-01;2026-07-25 15:46:50;SKU-015;4;5000;1000;CARD
REC-20260725-STORE_04-0463;STORE_04;CASH-10;2026-07-25 15:46:50;SKU-003;1;45000;0;CARD
REC-20260725-STORE_04-0463;STORE_04;CASH-08;2026-07-25 15:46:50;SKU-001;2;45000;0;CASH
REC-20260725-STORE_04-0464;STORE_04;CASH-02;2026-07-25 8:21:04;SKU-001;4;45000;0;CARD
REC-20260725-STORE_04-0464;STORE_04;CASH-09;2026-07-25 8:21:04;SKU-002;3;12000;0;CARD
REC-20260725-STORE_04-0464;STORE_04;CASH-08;2026-07-25 8:21:04;SKU-001;4;45000;1000;CASH
REC-20260725-STORE_04-0465;STORE_04;CASH-01;2026-07-25 11:53:00;SKU-001;3;45000;0;CARD
REC-20260725-STORE_04-0465;STORE_04;CASH-10;2026-07-25 11:53:00;SKU-001;1;45000;0;CASH
REC-20260725-STORE_04-0465;STORE_04;CASH-09;2026-07-25 11:53:00;SKU-009;3;25000;0;CARD
REC-20260725-STORE_04-0465;STORE_04;CASH-09;2026-07-25 11:53:00;SKU-029;2;5000;0;CARD
REC-20260725-STORE_04-0465;STORE_04;CASH-04;2026-07-25 11:53:00;SKU-004;1;25000;0;CASH
REC-20260725-STORE_04-0466;STORE_04;CASH-05;2026-07-25 18:37:24;SKU-015;4;5000;1000;CASH
REC-20260725-STORE_04-0467;STORE_04;CASH-05;2026-07-25 11:08:34;SKU-003;3;45000;500;CASH
REC-20260725-STORE_04-0467;STORE_04;CASH-07;2026-07-25 11:08:34;SKU-029;3;5000;500;CARD
REC-20260725-STORE_04-0467;STORE_04;CASH-08;2026-07-25 11:08:34;SKU-002;1;12000;0;CARD
REC-20260725-STORE_04-0467;STORE_04;CASH-07;2026-07-25 11:08:34;SKU-044;1;5000;0;CASH
REC-20260725-STORE_04-0468;STORE_04;CASH-02;2026-07-25 14:44:36;SKU-041;1;25000;0;CARD
REC-20260725-STORE_04-0468;STORE_04;CASH-09;2026-07-25 14:44:36;SKU-021;3;5000;500;CARD
REC-20260725-STORE_04-0468;STORE_04;CASH-10;2026-07-25 14:44:36;SKU-043;4;25000;500;CASH
REC-20260725-STORE_04-0469;STORE_04;CASH-06;2026-07-25 13:59:49;SKU-004;3;25000;0;CASH
REC-20260725-STORE_04-0470;STORE_04;CASH-07;2026-07-25 12:29:02;SKU-014;2;5000;0;CARD
REC-20260725-STORE_04-0471;STORE_04;CASH-06;2026-07-25 19:07:34;SKU-040;3;25000;500;CARD
REC-20260725-STORE_04-0471;STORE_04;CASH-03;2026-07-25 19:07:34;SKU-007;2;12000;0;CARD
REC-20260725-STORE_04-0471;STORE_04;CASH-02;2026-07-25 19:07:34;SKU-037;3;45000;0;CARD
REC-20260725-STORE_04-0471;STORE_04;CASH-10;2026-07-25 19:07:34;SKU-038;2;12000;0;CASH
REC-20260725-STORE_04-0472;STORE_04;CASH-06;2026-07-25 19:59:01;SKU-029;4;5000;1000;CARD
REC-20260725-STORE_04-0472;STORE_04;CASH-06;2026-07-25 19:59:01;SKU-024;1;12000;0;CARD
REC-20260725-STORE_04-0472;STORE_04;CASH-03;2026-07-25 19:59:01;SKU-033;3;5000;500;CASH
REC-20260725-STORE_04-0472;STORE_04;CASH-06;2026-07-25 19:59:01;SKU-043;2;25000;0;CARD
REC-20260725-STORE_04-0472;STORE_04;CASH-10;2026-07-25 19:59:01;SKU-002;3;12000;0;CASH
REC-20260725-STORE_04-0473;STORE_04;CASH-08;2026-07-25 19:52:25;SKU-003;3;45000;1000;CASH
REC-20260725-STORE_04-0473;STORE_04;CASH-06;2026-07-25 19:52:25;SKU-018;3;5000;0;CARD
REC-20260725-STORE_04-0474;STORE_04;CASH-05;2026-07-25 20:29:16;SKU-003;2;45000;0;CARD
REC-20260725-STORE_04-0474;STORE_04;CASH-03;2026-07-25 20:29:16;SKU-002;4;12000;1000;CARD
REC-20260725-STORE_04-0474;STORE_04;CASH-04;2026-07-25 20:29:16;SKU-001;1;45000;1000;CASH
REC-20260725-STORE_04-0474;STORE_04;CASH-04;2026-07-25 20:29:16;SKU-014;3;5000;0;CASH
REC-20260725-STORE_04-0474;STORE_04;CASH-02;2026-07-25 20:29:16;SKU-002;1;12000;500;CASH
REC-20260725-STORE_04-0475;STORE_04;CASH-04;2026-07-25 16:29:20;SKU-004;2;25000;1000;CARD
REC-20260725-STORE_04-0475;STORE_04;CASH-04;2026-07-25 16:29:20;SKU-001;4;45000;0;CARD
REC-20260725-STORE_04-0475;STORE_04;CASH-09;2026-07-25 16:29:20;SKU-005;1;5000;0;CARD
REC-20260725-STORE_04-0475;STORE_04;CASH-09;2026-07-25 16:29:20;SKU-002;3;12000;0;CASH
REC-20260725-STORE_04-0476;STORE_04;CASH-06;2026-07-25 20:22:58;SKU-001;4;45000;0;CARD
REC-20260725-STORE_04-0476;STORE_04;CASH-08;2026-07-25 20:22:58;SKU-002;1;12000;1000;CARD
REC-20260725-STORE_04-0476;STORE_04;CASH-01;2026-07-25 20:22:58;SKU-005;4;5000;0;CARD
REC-20260725-STORE_04-0476;STORE_04;CASH-05;2026-07-25 20:22:58;SKU-001;2;45000;0;CARD
REC-20260725-STORE_04-0476;STORE_04;CASH-06;2026-07-25 20:22:58;SKU-003;2;45000;0;CARD
REC-20260725-STORE_04-0477;STORE_04;CASH-04;2026-07-25 8:52:29;SKU-009;1;25000;1000;CARD
REC-20260725-STORE_04-0477;STORE_04;CASH-09;2026-07-25 8:52:29;SKU-001;3;45000;1000;CARD
REC-20260725-STORE_04-0477;STORE_04;CASH-01;2026-07-25 8:52:29;SKU-002;4;12000;1000;CARD
REC-20260725-STORE_04-0477;STORE_04;CASH-03;2026-07-25 8:52:29;SKU-004;1;25000;500;CASH
REC-20260725-STORE_04-0477;STORE_04;CASH-04;2026-07-25 8:52:29;SKU-025;1;5000;500;CARD
REC-20260725-STORE_04-0478;STORE_04;CASH-07;2026-07-25 13:43:56;SKU-007;4;12000;1000;CASH
REC-20260725-STORE_04-0478;STORE_04;CASH-02;2026-07-25 13:43:56;SKU-013;3;12000;1000;CASH
REC-20260725-STORE_04-0478;STORE_04;CASH-10;2026-07-25 13:43:56;SKU-007;4;12000;500;CARD
REC-20260725-STORE_04-0478;STORE_04;CASH-10;2026-07-25 13:43:56;SKU-002;3;12000;0;CASH
REC-20260725-STORE_04-0479;STORE_04;CASH-01;2026-07-25 17:01:22;SKU-006;3;45000;1000;CARD
REC-20260725-STORE_04-0479;STORE_04;CASH-05;2026-07-25 17:01:22;SKU-003;2;45000;0;CARD
REC-20260725-STORE_04-0479;STORE_04;CASH-02;2026-07-25 17:01:22;SKU-001;4;45000;0;CASH
REC-20260725-STORE_04-0479;STORE_04;CASH-09;2026-07-25 17:01:22;SKU-001;1;45000;0;CARD
REC-20260725-STORE_04-0480;STORE_04;CASH-07;2026-07-25 15:16:59;SKU-011;3;5000;0;CARD
REC-20260725-STORE_04-0481;STORE_04;CASH-02;2026-07-25 18:25:38;SKU-002;3;12000;1000;CASH
REC-20260725-STORE_04-0481;STORE_04;CASH-02;2026-07-25 18:25:38;SKU-020;3;12000;0;CARD
REC-20260725-STORE_04-0481;STORE_04;CASH-05;2026-07-25 18:25:38;SKU-005;3;5000;1000;CARD
REC-20260725-STORE_04-0481;STORE_04;CASH-10;2026-07-25 18:25:38;SKU-001;4;45000;500;CASH
REC-20260725-STORE_04-0481;STORE_04;CASH-06;2026-07-25 18:25:38;SKU-001;2;45000;1000;CASH
REC-20260725-STORE_04-0482;STORE_04;CASH-04;2026-07-25 13:50:41;SKU-001;4;45000;0;CASH
REC-20260725-STORE_04-0482;STORE_04;CASH-05;2026-07-25 13:50:41;SKU-001;3;45000;1000;CARD
REC-20260725-STORE_04-0483;STORE_04;CASH-10;2026-07-25 21:43:21;SKU-002;1;12000;500;CARD
REC-20260725-STORE_04-0483;STORE_04;CASH-02;2026-07-25 21:43:21;SKU-023;3;45000;0;CARD
REC-20260725-STORE_04-0484;STORE_04;CASH-07;2026-07-25 12:42:18;SKU-021;1;5000;0;CARD
REC-20260725-STORE_04-0484;STORE_04;CASH-09;2026-07-25 12:42:18;SKU-002;1;12000;500;CARD
REC-20260725-STORE_04-0484;STORE_04;CASH-08;2026-07-25 12:42:18;SKU-010;4;25000;0;CARD
REC-20260725-STORE_04-0484;STORE_04;CASH-08;2026-07-25 12:42:18;SKU-048;3;25000;500;CASH
REC-20260725-STORE_04-0485;STORE_04;CASH-06;2026-07-25 19:26:26;SKU-007;1;12000;500;CASH
REC-20260725-STORE_04-0486;STORE_04;CASH-06;2026-07-25 13:59:17;SKU-002;4;12000;0;CASH
REC-20260725-STORE_04-0487;STORE_04;CASH-07;2026-07-25 14:32:38;SKU-001;2;45000;500;CARD
REC-20260725-STORE_04-0487;STORE_04;CASH-10;2026-07-25 14:32:38;SKU-002;2;12000;0;CARD
REC-20260725-STORE_04-0488;STORE_04;CASH-06;2026-07-25 8:39:21;SKU-022;4;12000;1000;CARD
REC-20260725-STORE_04-0488;STORE_04;CASH-03;2026-07-25 8:39:21;SKU-009;1;25000;0;CARD
REC-20260725-STORE_04-0489;STORE_04;CASH-01;2026-07-25 13:47:07;SKU-036;2;45000;500;CASH
REC-20260725-STORE_04-0489;STORE_04;CASH-02;2026-07-25 13:47:07;SKU-013;3;12000;0;CASH
REC-20260725-STORE_04-0490;STORE_04;CASH-02;2026-07-25 10:58:09;SKU-014;1;5000;500;CASH
REC-20260725-STORE_04-0490;STORE_04;CASH-04;2026-07-25 10:58:09;SKU-009;2;25000;500;CARD
REC-20260725-STORE_04-0490;STORE_04;CASH-09;2026-07-25 10:58:09;SKU-002;1;12000;1000;CARD
REC-20260725-STORE_04-0491;STORE_04;CASH-04;2026-07-25 12:44:51;SKU-001;4;45000;0;CARD
REC-20260725-STORE_04-0492;STORE_04;CASH-03;2026-07-25 13:42:19;SKU-014;4;5000;1000;CASH
REC-20260725-STORE_04-0492;STORE_04;CASH-03;2026-07-25 13:42:19;SKU-003;4;45000;0;CARD
REC-20260725-STORE_04-0493;STORE_04;CASH-10;2026-07-25 15:17:41;SKU-004;1;25000;0;CASH
REC-20260725-STORE_04-0493;STORE_04;CASH-08;2026-07-25 15:17:41;SKU-021;2;5000;0;CARD
REC-20260725-STORE_04-0493;STORE_04;CASH-07;2026-07-25 15:17:41;SKU-009;3;25000;0;CARD
REC-20260725-STORE_04-0493;STORE_04;CASH-04;2026-07-25 15:17:41;SKU-002;3;12000;0;CASH
REC-20260725-STORE_04-0493;STORE_04;CASH-10;2026-07-25 15:17:41;SKU-001;1;45000;500;CARD
REC-20260725-STORE_04-0494;STORE_04;CASH-09;2026-07-25 16:12:47;SKU-006;1;45000;0;CARD
REC-20260725-STORE_04-0494;STORE_04;CASH-06;2026-07-25 16:12:47;SKU-025;2;5000;0;CARD
REC-20260725-STORE_04-0494;STORE_04;CASH-08;2026-07-25 16:12:47;SKU-005;1;5000;1000;CARD
REC-20260725-STORE_04-0494;STORE_04;CASH-07;2026-07-25 16:12:47;SKU-005;2;5000;0;CARD
REC-20260725-STORE_04-0494;STORE_04;CASH-10;2026-07-25 16:12:47;SKU-007;4;12000;500;CASH
REC-20260725-STORE_04-0495;STORE_04;CASH-10;2026-07-25 8:52:32;SKU-001;2;45000;0;CASH
REC-20260725-STORE_04-0495;STORE_04;CASH-06;2026-07-25 8:52:32;SKU-005;3;5000;1000;CARD
REC-20260725-STORE_04-0496;STORE_04;CASH-06;2026-07-25 12:51:10;SKU-002;1;12000;500;CASH
REC-20260725-STORE_04-0496;STORE_04;CASH-05;2026-07-25 12:51:10;SKU-003;1;45000;0;CARD
REC-20260725-STORE_04-0496;STORE_04;CASH-05;2026-07-25 12:51:10;SKU-002;4;12000;500;CASH
REC-20260725-STORE_04-0496;STORE_04;CASH-04;2026-07-25 12:51:10;SKU-002;1;12000;0;CASH
REC-20260725-STORE_04-0497;STORE_04;CASH-08;2026-07-25 20:03:17;SKU-045;1;45000;500;CARD
REC-20260725-STORE_04-0498;STORE_04;CASH-02;2026-07-25 8:26:02;SKU-007;1;12000;500;CARD
REC-20260725-STORE_04-0498;STORE_04;CASH-09;2026-07-25 8:26:02;SKU-005;1;5000;0;CARD
REC-20260725-STORE_04-0498;STORE_04;CASH-10;2026-07-25 8:26:02;SKU-004;2;25000;0;CARD
REC-20260725-STORE_04-0498;STORE_04;CASH-09;2026-07-25 8:26:02;SKU-001;1;45000;0;CARD
REC-20260725-STORE_04-0499;STORE_04;CASH-06;2026-07-25 21:18:38;SKU-001;2;45000;0;CARD
REC-20260725-STORE_04-0500;STORE_04;CASH-03;2026-07-25 21:57:53;SKU-003;1;45000;0;CARD
REC-20260725-STORE_04-0500;STORE_04;CASH-02;2026-07-25 21:57:53;SKU-002;3;12000;0;CASH
REC-20260725-STORE_04-0501;STORE_04;CASH-03;2026-07-25 20:23:52;SKU-045;4;45000;500;CARD
REC-20260725-STORE_04-0501;STORE_04;CASH-07;2026-07-25 20:23:52;SKU-042;3;5000;500;CARD
REC-20260725-STORE_04-0501;STORE_04;CASH-07;2026-07-25 20:23:52;SKU-011;2;5000;1000;CASH
REC-20260725-STORE_04-0501;STORE_04;CASH-10;2026-07-25 20:23:52;SKU-013;3;12000;500;CASH
REC-20260725-STORE_04-0502;STORE_04;CASH-02;2026-07-25 14:11:35;SKU-003;3;45000;500;CASH
REC-20260725-STORE_04-0502;STORE_04;CASH-09;2026-07-25 14:11:35;SKU-020;3;12000;0;CARD
REC-20260725-STORE_04-0502;STORE_04;CASH-02;2026-07-25 14:11:35;SKU-015;2;5000;0;CARD
REC-20260725-STORE_04-0502;STORE_04;CASH-08;2026-07-25 14:11:35;SKU-016;4;25000;0;CARD
REC-20260725-STORE_04-0503;STORE_04;CASH-04;2026-07-25 10:31:10;SKU-035;2;5000;0;CARD
REC-20260725-STORE_04-0503;STORE_04;CASH-08;2026-07-25 10:31:10;SKU-002;1;12000;0;CARD
REC-20260725-STORE_04-0503;STORE_04;CASH-06;2026-07-25 10:31:10;SKU-034;3;25000;1000;CASH
REC-20260725-STORE_04-0503;STORE_04;CASH-01;2026-07-25 10:31:10;SKU-002;3;12000;1000;CASH
REC-20260725-STORE_04-0503;STORE_04;CASH-04;2026-07-25 10:31:10;SKU-012;2;45000;0;CARD
REC-20260725-STORE_04-0504;STORE_04;CASH-05;2026-07-25 19:01:18;SKU-043;4;25000;1000;CARD
REC-20260725-STORE_04-0505;STORE_04;CASH-04;2026-07-25 17:01:43;SKU-005;2;5000;0;CARD
REC-20260725-STORE_04-0505;STORE_04;CASH-10;2026-07-25 17:01:43;SKU-019;2;25000;0;CASH
REC-20260725-STORE_04-0506;STORE_04;CASH-07;2026-07-25 11:57:16;SKU-002;4;12000;500;CARD
REC-20260725-STORE_04-0506;STORE_04;CASH-04;2026-07-25 11:57:16;SKU-001;1;45000;500;CASH
REC-20260725-STORE_04-0506;STORE_04;CASH-07;2026-07-25 11:57:16;SKU-002;1;12000;500;CARD
REC-20260725-STORE_04-0507;STORE_04;CASH-04;2026-07-25 19:05:22;SKU-003;2;45000;1000;CARD
REC-20260725-STORE_04-0507;STORE_04;CASH-03;2026-07-25 19:05:22;SKU-001;1;45000;0;CARD
REC-20260725-STORE_04-0507;STORE_04;CASH-07;2026-07-25 19:05:22;SKU-008;4;12000;0;CASH
REC-20260725-STORE_04-0507;STORE_04;CASH-06;2026-07-25 19:05:22;SKU-006;1;45000;500;CARD
REC-20260725-STORE_04-0507;STORE_04;CASH-01;2026-07-25 19:05:22;SKU-005;4;5000;500;CARD
REC-20260725-STORE_04-0508;STORE_04;CASH-03;2026-07-25 14:17:47;SKU-005;4;5000;0;CARD
REC-20260725-STORE_04-0508;STORE_04;CASH-10;2026-07-25 14:17:47;SKU-006;3;45000;1000;CARD
REC-20260725-STORE_04-0508;STORE_04;CASH-03;2026-07-25 14:17:47;SKU-002;1;12000;0;CARD
REC-20260725-STORE_04-0509;STORE_04;CASH-09;2026-07-25 18:07:28;SKU-001;2;45000;0;CARD
REC-20260725-STORE_04-0509;STORE_04;CASH-09;2026-07-25 18:07:28;SKU-001;1;45000;0;CARD
REC-20260725-STORE_04-0510;STORE_04;CASH-06;2026-07-25 16:25:47;SKU-006;2;45000;0;CARD
REC-20260725-STORE_04-0510;STORE_04;CASH-05;2026-07-25 16:25:47;SKU-001;3;45000;0;CARD
REC-20260725-STORE_04-0510;STORE_04;CASH-07;2026-07-25 16:25:47;SKU-023;1;45000;0;CASH
REC-20260725-STORE_04-0510;STORE_04;CASH-07;2026-07-25 16:25:47;SKU-049;2;5000;500;CARD
REC-20260725-STORE_04-0510;STORE_04;CASH-02;2026-07-25 16:25:47;SKU-001;1;45000;1000;CARD
REC-20260725-STORE_04-0511;STORE_04;CASH-10;2026-07-25 8:50:08;SKU-023;4;45000;1000;CARD
REC-20260725-STORE_04-0511;STORE_04;CASH-08;2026-07-25 8:50:08;SKU-034;2;25000;0;CARD
REC-20260725-STORE_04-0511;STORE_04;CASH-06;2026-07-25 8:50:08;SKU-002;1;12000;0;CARD
REC-20260725-STORE_04-0511;STORE_04;CASH-09;2026-07-25 8:50:08;SKU-018;3;5000;1000;CARD
REC-20260725-STORE_04-0512;STORE_04;CASH-09;2026-07-25 16:19:23;SKU-016;3;25000;500;CASH
REC-20260725-STORE_04-0512;STORE_04;CASH-04;2026-07-25 16:19:23;SKU-007;3;12000;0;CARD
REC-20260725-STORE_04-0513;STORE_04;CASH-07;2026-07-25 18:04:47;SKU-019;2;25000;0;CARD
REC-20260725-STORE_04-0513;STORE_04;CASH-07;2026-07-25 18:04:47;SKU-008;1;12000;0;CARD
REC-20260725-STORE_04-0514;STORE_04;CASH-06;2026-07-25 16:58:54;SKU-001;3;45000;0;CARD
REC-20260725-STORE_04-0514;STORE_04;CASH-07;2026-07-25 16:58:54;SKU-001;2;45000;500;CARD
REC-20260725-STORE_04-0514;STORE_04;CASH-07;2026-07-25 16:58:54;SKU-001;2;45000;0;CASH
REC-20260725-STORE_04-0515;STORE_04;CASH-04;2026-07-25 12:00:30;SKU-005;1;5000;500;CARD
REC-20260725-STORE_04-0515;STORE_04;CASH-01;2026-07-25 12:00:30;SKU-043;4;25000;0;CASH
REC-20260725-STORE_04-0515;STORE_04;CASH-01;2026-07-25 12:00:30;SKU-004;1;25000;0;CARD
REC-20260725-STORE_04-0515;STORE_04;CASH-09;2026-07-25 12:00:30;SKU-006;4;45000;500;CARD
REC-20260725-STORE_04-0515;STORE_04;CASH-09;2026-07-25 12:00:30;SKU-003;2;45000;0;CASH
REC-20260725-STORE_04-0516;STORE_04;CASH-07;2026-07-25 21:50:28;SKU-002;1;12000;0;CASH
REC-20260725-STORE_04-0517;STORE_04;CASH-04;2026-07-25 15:44:29;SKU-043;4;25000;0;CARD
REC-20260725-STORE_04-0517;STORE_04;CASH-02;2026-07-25 15:44:29;SKU-005;3;5000;0;CARD
REC-20260725-STORE_04-0517;STORE_04;CASH-07;2026-07-25 15:44:29;SKU-005;2;5000;1000;CARD
REC-20260725-STORE_04-0517;STORE_04;CASH-09;2026-07-25 15:44:29;SKU-025;4;5000;0;CASH
REC-20260725-STORE_04-0517;STORE_04;CASH-03;2026-07-25 15:44:29;SKU-014;4;5000;0;CARD
REC-20260725-STORE_04-0518;STORE_04;CASH-05;2026-07-25 18:24:34;SKU-016;2;25000;0;CASH
REC-20260725-STORE_04-0518;STORE_04;CASH-02;2026-07-25 18:24:34;SKU-001;2;45000;1000;CASH
REC-20260725-STORE_04-0518;STORE_04;CASH-04;2026-07-25 18:24:34;SKU-002;4;12000;0;CARD
REC-20260725-STORE_04-0519;STORE_04;CASH-09;2026-07-25 17:34:15;SKU-005;4;5000;0;CASH
REC-20260725-STORE_04-0520;STORE_04;CASH-07;2026-07-25 19:44:42;SKU-012;1;45000;1000;CARD
REC-20260725-STORE_04-0520;STORE_04;CASH-02;2026-07-25 19:44:42;SKU-004;1;25000;0;CASH
REC-20260725-STORE_04-0520;STORE_04;CASH-06;2026-07-25 19:44:42;SKU-035;1;5000;0;CASH
REC-20260725-STORE_04-0520;STORE_04;CASH-02;2026-07-25 19:44:42;SKU-002;1;12000;0;CARD
REC-20260725-STORE_04-0521;STORE_04;CASH-02;2026-07-25 14:37:58;SKU-024;4;12000;500;CASH
REC-20260725-STORE_04-0521;STORE_04;CASH-04;2026-07-25 14:37:58;SKU-002;3;12000;0;CARD
REC-20260725-STORE_04-0521;STORE_04;CASH-04;2026-07-25 14:37:58;SKU-014;3;5000;500;CARD
REC-20260725-STORE_04-0522;STORE_04;CASH-03;2026-07-25 14:01:41;SKU-002;3;12000;0;CASH
REC-20260725-STORE_04-0522;STORE_04;CASH-10;2026-07-25 14:01:41;SKU-011;1;5000;0;CARD
REC-20260725-STORE_04-0522;STORE_04;CASH-06;2026-07-25 14:01:41;SKU-047;4;5000;0;CARD
REC-20260725-STORE_04-0522;STORE_04;CASH-06;2026-07-25 14:01:41;SKU-004;1;25000;0;CARD
REC-20260725-STORE_04-0522;STORE_04;CASH-03;2026-07-25 14:01:41;SKU-012;2;45000;0;CASH
REC-20260725-STORE_04-0523;STORE_04;CASH-02;2026-07-25 11:13:09;SKU-049;4;5000;500;CARD
REC-20260725-STORE_04-0523;STORE_04;CASH-09;2026-07-25 11:13:09;SKU-001;1;45000;0;CASH
REC-20260725-STORE_04-0523;STORE_04;CASH-01;2026-07-25 11:13:09;SKU-003;3;45000;1000;CASH
REC-20260725-STORE_04-0523;STORE_04;CASH-08;2026-07-25 11:13:09;SKU-001;3;45000;0;CARD
REC-20260725-STORE_04-0523;STORE_04;CASH-01;2026-07-25 11:13:09;SKU-001;4;45000;0;CARD
REC-20260725-STORE_04-0524;STORE_04;CASH-02;2026-07-25 20:16:37;SKU-016;1;25000;500;CARD
REC-20260725-STORE_04-0524;STORE_04;CASH-08;2026-07-25 20:16:37;SKU-014;1;5000;0;CARD
REC-20260725-STORE_04-0525;STORE_04;CASH-08;2026-07-25 14:51:57;SKU-007;3;12000;500;CARD
REC-20260725-STORE_04-0525;STORE_04;CASH-01;2026-07-25 14:51:57;SKU-005;4;5000;500;CASH
REC-20260725-STORE_04-0526;STORE_04;CASH-07;2026-07-25 12:23:03;SKU-005;1;5000;1000;CARD
REC-20260725-STORE_04-0526;STORE_04;CASH-07;2026-07-25 12:23:03;SKU-026;1;12000;0;CARD
REC-20260725-STORE_04-0526;STORE_04;CASH-03;2026-07-25 12:23:03;SKU-026;4;12000;0;CASH
REC-20260725-STORE_04-0527;STORE_04;CASH-07;2026-07-25 14:53:41;SKU-002;2;12000;0;CARD
REC-20260725-STORE_04-0528;STORE_04;CASH-01;2026-07-25 8:37:49;SKU-036;4;45000;0;CARD
REC-20260725-STORE_04-0528;STORE_04;CASH-03;2026-07-25 8:37:49;SKU-001;2;45000;0;CASH
REC-20260725-STORE_04-0529;STORE_04;CASH-01;2026-07-25 9:58:18;SKU-033;1;5000;0;CASH
REC-20260725-STORE_04-0530;STORE_04;CASH-01;2026-07-25 9:58:17;SKU-045;3;45000;0;CARD
REC-20260725-STORE_04-0530;STORE_04;CASH-09;2026-07-25 9:58:17;SKU-007;3;12000;1000;CASH
REC-20260725-STORE_04-0530;STORE_04;CASH-06;2026-07-25 9:58:17;SKU-001;3;45000;0;CASH
REC-20260725-STORE_04-0531;STORE_04;CASH-10;2026-07-25 9:39:53;SKU-008;2;12000;0;CASH
REC-20260725-STORE_04-0531;STORE_04;CASH-09;2026-07-25 9:39:53;SKU-006;3;45000;0;CASH
REC-20260725-STORE_04-0532;STORE_04;CASH-01;2026-07-25 19:38:44;SKU-001;2;45000;0;CARD
REC-20260725-STORE_04-0532;STORE_04;CASH-05;2026-07-25 19:38:44;SKU-002;4;12000;1000;CARD
REC-20260725-STORE_04-0533;STORE_04;CASH-01;2026-07-25 14:09:42;SKU-031;2;45000;1000;CASH
REC-20260725-STORE_04-0533;STORE_04;CASH-06;2026-07-25 14:09:42;SKU-001;1;45000;500;CARD
REC-20260725-STORE_04-0533;STORE_04;CASH-02;2026-07-25 14:09:42;SKU-006;4;45000;0;CASH
REC-20260725-STORE_04-0533;STORE_04;CASH-05;2026-07-25 14:09:42;SKU-009;1;25000;0;CARD
REC-20260725-STORE_04-0533;STORE_04;CASH-04;2026-07-25 14:09:42;SKU-003;1;45000;500;CARD
REC-20260725-STORE_04-0534;STORE_04;CASH-03;2026-07-25 9:43:13;SKU-043;2;25000;0;CARD
REC-20260725-STORE_04-0534;STORE_04;CASH-07;2026-07-25 9:43:13;SKU-001;2;45000;1000;CASH
REC-20260725-STORE_04-0534;STORE_04;CASH-03;2026-07-25 9:43:13;SKU-005;4;5000;1000;CARD
REC-20260725-STORE_04-0535;STORE_04;CASH-04;2026-07-25 21:07:43;SKU-001;1;45000;1000;CARD
REC-20260725-STORE_04-0535;STORE_04;CASH-09;2026-07-25 21:07:43;SKU-014;1;5000;1000;CARD
REC-20260725-STORE_04-0536;STORE_04;CASH-06;2026-07-25 20:48:02;SKU-027;2;5000;0;CARD
REC-20260725-STORE_04-0536;STORE_04;CASH-05;2026-07-25 20:48:02;SKU-002;1;12000;500;CARD
REC-20260725-STORE_04-0536;STORE_04;CASH-04;2026-07-25 20:48:02;SKU-014;2;5000;0;CASH
REC-20260725-STORE_04-0537;STORE_04;CASH-04;2026-07-25 14:59:59;SKU-012;1;45000;0;CARD
REC-20260725-STORE_04-0537;STORE_04;CASH-03;2026-07-25 14:59:59;SKU-003;4;45000;0;CARD
REC-20260725-STORE_04-0537;STORE_04;CASH-08;2026-07-25 14:59:59;SKU-001;3;45000;500;CARD
REC-20260725-STORE_04-0537;STORE_04;CASH-02;2026-07-25 14:59:59;SKU-004;1;25000;0;CASH
REC-20260725-STORE_04-0537;STORE_04;CASH-06;2026-07-25 14:59:59;SKU-008;2;12000;500;CARD
REC-20260725-STORE_04-0538;STORE_04;CASH-05;2026-07-25 14:23:49;SKU-003;1;45000;0;CARD
REC-20260725-STORE_04-0538;STORE_04;CASH-07;2026-07-25 14:23:49;SKU-013;4;12000;0;CARD
REC-20260725-STORE_04-0539;STORE_04;CASH-06;2026-07-25 21:55:29;SKU-001;4;45000;0;CARD
REC-20260725-STORE_04-0540;STORE_04;CASH-01;2026-07-25 18:57:35;SKU-002;4;12000;1000;CARD
REC-20260725-STORE_04-0540;STORE_04;CASH-08;2026-07-25 18:57:35;SKU-003;2;45000;0;CARD
REC-20260725-STORE_04-0540;STORE_04;CASH-06;2026-07-25 18:57:35;SKU-001;1;45000;0;CARD
REC-20260725-STORE_04-0540;STORE_04;CASH-04;2026-07-25 18:57:35;SKU-002;2;12000;0;CARD
REC-20260725-STORE_04-0541;STORE_04;CASH-03;2026-07-25 12:04:03;SKU-039;3;5000;500;CARD
REC-20260725-STORE_04-0541;STORE_04;CASH-05;2026-07-25 12:04:03;SKU-004;1;25000;0;CARD
REC-20260725-STORE_04-0541;STORE_04;CASH-04;2026-07-25 12:04:03;SKU-002;3;12000;0;CARD
REC-20260725-STORE_04-0541;STORE_04;CASH-10;2026-07-25 12:04:03;SKU-004;1;25000;0;CARD
REC-20260725-STORE_04-0542;STORE_04;CASH-09;2026-07-25 21:26:55;SKU-010;3;25000;1000;CASH
REC-20260725-STORE_04-0542;STORE_04;CASH-05;2026-07-25 21:26:55;SKU-008;2;12000;0;CASH
REC-20260725-STORE_04-0543;STORE_04;CASH-01;2026-07-25 9:10:16;SKU-007;2;12000;0;CARD
REC-20260725-STORE_04-0544;STORE_04;CASH-05;2026-07-25 10:15:14;SKU-001;2;45000;0;CARD
REC-20260725-STORE_04-0544;STORE_04;CASH-05;2026-07-25 10:15:14;SKU-044;1;5000;0;CARD
REC-20260725-STORE_04-0544;STORE_04;CASH-01;2026-07-25 10:15:14;SKU-003;3;45000;1000;CARD
REC-20260725-STORE_04-0545;STORE_04;CASH-07;2026-07-25 18:40:29;SKU-017;3;12000;0;CARD
REC-20260725-STORE_04-0545;STORE_04;CASH-06;2026-07-25 18:40:29;SKU-005;4;5000;0;CARD
REC-20260725-STORE_04-0545;STORE_04;CASH-08;2026-07-25 18:40:29;SKU-012;3;45000;0;CARD
REC-20260725-STORE_04-0545;STORE_04;CASH-09;2026-07-25 18:40:29;SKU-028;1;5000;500;CARD
REC-20260725-STORE_04-0546;STORE_04;CASH-04;2026-07-25 15:34:22;SKU-032;4;25000;0;CARD
REC-20260725-STORE_04-0546;STORE_04;CASH-06;2026-07-25 15:34:22;SKU-011;1;5000;500;CARD
REC-20260725-STORE_04-0546;STORE_04;CASH-10;2026-07-25 15:34:22;SKU-005;4;5000;0;CASH
REC-20260725-STORE_04-0546;STORE_04;CASH-09;2026-07-25 15:34:22;SKU-005;4;5000;0;CARD
REC-20260725-STORE_04-0547;STORE_04;CASH-10;2026-07-25 16:08:51;SKU-014;2;5000;1000;CARD
REC-20260725-STORE_04-0548;STORE_04;CASH-09;2026-07-25 9:29:17;SKU-034;4;25000;0;CARD
REC-20260725-STORE_04-0548;STORE_04;CASH-02;2026-07-25 9:29:17;SKU-001;4;45000;0;CARD
REC-20260725-STORE_04-0548;STORE_04;CASH-03;2026-07-25 9:29:17;SKU-001;3;45000;1000;CASH
REC-20260725-STORE_04-0548;STORE_04;CASH-04;2026-07-25 9:29:17;SKU-004;1;25000;500;CARD
REC-20260725-STORE_04-0548;STORE_04;CASH-01;2026-07-25 9:29:17;SKU-010;4;25000;0;CARD
REC-20260725-STORE_04-0549;STORE_04;CASH-08;2026-07-25 17:26:31;SKU-002;3;12000;500;CASH
REC-20260725-STORE_04-0549;STORE_04;CASH-05;2026-07-25 17:26:31;SKU-020;4;12000;0;CARD
REC-20260725-STORE_04-0549;STORE_04;CASH-05;2026-07-25 17:26:31;SKU-005;2;5000;0;CASH
REC-20260725-STORE_04-0549;STORE_04;CASH-03;2026-07-25 17:26:31;SKU-001;4;45000;500;CARD
REC-20260725-STORE_04-0549;STORE_04;CASH-08;2026-07-25 17:26:31;SKU-024;2;12000;1000;CARD
REC-20260725-STORE_04-0550;STORE_04;CASH-03;2026-07-25 20:03:51;SKU-022;2;12000;500;CASH
REC-20260725-STORE_04-0550;STORE_04;CASH-05;2026-07-25 20:03:51;SKU-013;3;12000;0;CARD
REC-20260725-STORE_04-0550;STORE_04;CASH-10;2026-07-25 20:03:51;SKU-004;2;25000;0;CARD
REC-20260725-STORE_04-0550;STORE_04;CASH-08;2026-07-25 20:03:51;SKU-006;2;45000;0;CASH
REC-20260725-STORE_04-0550;STORE_04;CASH-06;2026-07-25 20:03:51;SKU-001;3;45000;0;CARD
REC-20260725-STORE_04-0551;STORE_04;CASH-03;2026-07-25 14:16:22;SKU-017;2;12000;0;CASH
REC-20260725-STORE_04-0551;STORE_04;CASH-09;2026-07-25 14:16:22;SKU-001;2;45000;0;CARD
REC-20260725-STORE_04-0551;STORE_04;CASH-06;2026-07-25 14:16:22;SKU-007;3;12000;0;CARD
REC-20260725-STORE_04-0552;STORE_04;CASH-02;2026-07-25 21:02:15;SKU-004;2;25000;1000;CARD
REC-20260725-STORE_04-0552;STORE_04;CASH-08;2026-07-25 21:02:15;SKU-001;1;45000;500;CARD
REC-20260725-STORE_04-0552;STORE_04;CASH-06;2026-07-25 21:02:15;SKU-001;2;45000;1000;CARD
REC-20260725-STORE_04-0553;STORE_04;CASH-07;2026-07-25 14:24:47;SKU-002;2;12000;1000;CASH
REC-20260725-STORE_04-0554;STORE_04;CASH-04;2026-07-25 15:17:48;SKU-013;3;12000;1000;CASH
REC-20260725-STORE_04-0555;STORE_04;CASH-02;2026-07-25 8:22:22;SKU-027;1;5000;1000;CASH
REC-20260725-STORE_04-0555;STORE_04;CASH-06;2026-07-25 8:22:22;SKU-006;2;45000;0;CARD
REC-20260725-STORE_04-0556;STORE_04;CASH-10;2026-07-25 10:02:53;SKU-032;1;25000;0;CARD
REC-20260725-STORE_04-0556;STORE_04;CASH-05;2026-07-25 10:02:53;SKU-002;1;12000;500;CARD
REC-20260725-STORE_04-0556;STORE_04;CASH-04;2026-07-25 10:02:53;SKU-008;4;12000;0;CARD
REC-20260725-STORE_04-0557;STORE_04;CASH-03;2026-07-25 13:05:11;SKU-003;3;45000;500;CARD
REC-20260725-STORE_04-0557;STORE_04;CASH-10;2026-07-25 13:05:11;SKU-020;4;12000;1000;CARD
REC-20260725-STORE_04-0557;STORE_04;CASH-06;2026-07-25 13:05:11;SKU-004;1;25000;0;CASH
REC-20260725-STORE_04-0557;STORE_04;CASH-09;2026-07-25 13:05:11;SKU-002;2;12000;500;CASH
REC-20260725-STORE_04-0557;STORE_04;CASH-05;2026-07-25 13:05:11;SKU-025;1;5000;0;CARD
REC-20260725-STORE_04-0558;STORE_04;CASH-02;2026-07-25 18:48:56;SKU-003;2;45000;1000;CASH
REC-20260725-STORE_04-0558;STORE_04;CASH-05;2026-07-25 18:48:56;SKU-011;3;5000;500;CARD
REC-20260725-STORE_04-0558;STORE_04;CASH-10;2026-07-25 18:48:56;SKU-001;2;45000;0;CARD
REC-20260725-STORE_04-0558;STORE_04;CASH-01;2026-07-25 18:48:56;SKU-001;1;45000;1000;CARD
REC-20260725-STORE_04-0559;STORE_04;CASH-03;2026-07-25 17:59:28;SKU-004;1;25000;0;CASH
REC-20260725-STORE_04-0559;STORE_04;CASH-01;2026-07-25 17:59:28;SKU-005;4;5000;1000;CASH
REC-20260725-STORE_04-0559;STORE_04;CASH-06;2026-07-25 17:59:28;SKU-006;2;45000;0;CARD
REC-20260725-STORE_04-0560;STORE_04;CASH-01;2026-07-25 16:46:50;SKU-001;2;45000;0;CARD
REC-20260725-STORE_04-0560;STORE_04;CASH-10;2026-07-25 16:46:50;SKU-002;1;12000;0;CARD
REC-20260725-STORE_04-0560;STORE_04;CASH-04;2026-07-25 16:46:50;SKU-032;1;25000;0;CASH
REC-20260725-STORE_04-0560;STORE_04;CASH-02;2026-07-25 16:46:50;SKU-016;4;25000;0;CASH
REC-20260725-STORE_04-0561;STORE_04;CASH-08;2026-07-25 11:01:24;SKU-001;4;45000;0;CARD
REC-20260725-STORE_04-0561;STORE_04;CASH-07;2026-07-25 11:01:24;SKU-011;1;5000;1000;CARD
REC-20260725-STORE_04-0562;STORE_04;CASH-09;2026-07-25 15:24:53;SKU-030;1;45000;1000;CARD
REC-20260725-STORE_04-0562;STORE_04;CASH-01;2026-07-25 15:24:53;SKU-019;2;25000;0;CARD
REC-20260725-STORE_04-0563;STORE_04;CASH-09;2026-07-25 9:59:13;SKU-004;1;25000;500;CASH
REC-20260725-STORE_04-0564;STORE_04;CASH-09;2026-07-25 8:14:51;SKU-009;2;25000;1000;CARD
REC-20260725-STORE_04-0564;STORE_04;CASH-03;2026-07-25 8:14:51;SKU-006;3;45000;0;CASH
REC-20260725-STORE_04-0564;STORE_04;CASH-01;2026-07-25 8:14:51;SKU-013;2;12000;500;CARD
REC-20260725-STORE_04-0564;STORE_04;CASH-06;2026-07-25 8:14:51;SKU-001;3;45000;500;CASH
REC-20260725-STORE_04-0564;STORE_04;CASH-02;2026-07-25 8:14:51;SKU-019;1;25000;500;CARD
REC-20260725-STORE_04-0565;STORE_04;CASH-01;2026-07-25 12:25:11;SKU-009;3;25000;0;CASH
REC-20260725-STORE_04-0565;STORE_04;CASH-01;2026-07-25 12:25:11;SKU-007;4;12000;500;CARD
REC-20260725-STORE_04-0565;STORE_04;CASH-03;2026-07-25 12:25:11;SKU-011;3;5000;0;CASH
REC-20260725-STORE_04-0566;STORE_04;CASH-09;2026-07-25 16:14:45;SKU-008;4;12000;0;CARD
REC-20260725-STORE_04-0566;STORE_04;CASH-02;2026-07-25 16:14:45;SKU-001;4;45000;500;CARD
REC-20260725-STORE_04-0566;STORE_04;CASH-10;2026-07-25 16:14:45;SKU-001;2;45000;0;CARD
REC-20260725-STORE_04-0566;STORE_04;CASH-07;2026-07-25 16:14:45;SKU-001;2;45000;0;CASH
REC-20260725-STORE_04-0566;STORE_04;CASH-06;2026-07-25 16:14:45;SKU-001;1;45000;500;CARD
REC-20260725-STORE_04-0567;STORE_04;CASH-08;2026-07-25 12:00:42;SKU-004;1;25000;0;CARD
REC-20260725-STORE_04-0568;STORE_04;CASH-06;2026-07-25 10:20:08;SKU-001;4;45000;0;CARD
REC-20260725-STORE_04-0568;STORE_04;CASH-01;2026-07-25 10:20:08;SKU-004;2;25000;500;CARD
REC-20260725-STORE_04-0569;STORE_04;CASH-08;2026-07-25 14:21:35;SKU-001;4;45000;500;CASH
REC-20260725-STORE_04-0569;STORE_04;CASH-01;2026-07-25 14:21:35;SKU-025;2;5000;0;CARD
REC-20260725-STORE_04-0569;STORE_04;CASH-09;2026-07-25 14:21:35;SKU-038;3;12000;0;CARD
REC-20260725-STORE_04-0569;STORE_04;CASH-07;2026-07-25 14:21:35;SKU-017;3;12000;1000;CARD
REC-20260725-STORE_04-0569;STORE_04;CASH-01;2026-07-25 14:21:35;SKU-001;4;45000;0;CASH
REC-20260725-STORE_04-0570;STORE_04;CASH-09;2026-07-25 15:53:42;SKU-016;4;25000;0;CARD
REC-20260725-STORE_04-0571;STORE_04;CASH-06;2026-07-25 21:12:24;SKU-004;1;25000;0;CARD
REC-20260725-STORE_04-0572;STORE_04;CASH-03;2026-07-25 21:56:40;SKU-002;3;12000;0;CASH
REC-20260725-STORE_04-0573;STORE_04;CASH-02;2026-07-25 11:24:38;SKU-018;4;5000;0;CASH
REC-20260725-STORE_04-0574;STORE_04;CASH-04;2026-07-25 18:10:21;SKU-002;4;12000;0;CARD
REC-20260725-STORE_04-0574;STORE_04;CASH-04;2026-07-25 18:10:21;SKU-046;1;25000;500;CARD
REC-20260725-STORE_04-0574;STORE_04;CASH-07;2026-07-25 18:10:21;SKU-043;4;25000;1000;CARD
REC-20260725-STORE_04-0575;STORE_04;CASH-04;2026-07-25 20:23:47;SKU-030;4;45000;1000;CARD
REC-20260725-STORE_04-0576;STORE_04;CASH-07;2026-07-25 11:20:20;SKU-001;4;45000;0;CARD
REC-20260725-STORE_04-0576;STORE_04;CASH-02;2026-07-25 11:20:20;SKU-005;4;5000;0;CASH
REC-20260725-STORE_04-0576;STORE_04;CASH-03;2026-07-25 11:20:20;SKU-005;3;5000;0;CASH
REC-20260725-STORE_04-0576;STORE_04;CASH-03;2026-07-25 11:20:20;SKU-001;4;45000;0;CARD
REC-20260725-STORE_04-0576;STORE_04;CASH-06;2026-07-25 11:20:20;SKU-001;3;45000;500;CARD
REC-20260725-STORE_04-0577;STORE_04;CASH-07;2026-07-25 8:17:11;SKU-001;3;45000;0;CARD
REC-20260725-STORE_04-0578;STORE_04;CASH-01;2026-07-25 11:42:19;SKU-002;1;12000;1000;CASH
REC-20260725-STORE_04-0578;STORE_04;CASH-06;2026-07-25 11:42:19;SKU-001;1;45000;1000;CARD
REC-20260725-STORE_04-0578;STORE_04;CASH-05;2026-07-25 11:42:19;SKU-002;2;12000;0;CARD
REC-20260725-STORE_04-0578;STORE_04;CASH-01;2026-07-25 11:42:19;SKU-001;1;45000;500;CARD
REC-20260725-STORE_04-0579;STORE_04;CASH-07;2026-07-25 13:19:15;SKU-009;4;25000;0;CARD
REC-20260725-STORE_04-0580;STORE_04;CASH-07;2026-07-25 11:27:28;SKU-034;1;25000;0;CARD
REC-20260725-STORE_04-0580;STORE_04;CASH-09;2026-07-25 11:27:28;SKU-003;3;45000;0;CARD
REC-20260725-STORE_04-0580;STORE_04;CASH-05;2026-07-25 11:27:28;SKU-002;2;12000;500;CARD
REC-20260725-STORE_04-0581;STORE_04;CASH-08;2026-07-25 13:14:46;SKU-029;2;5000;500;CARD
REC-20260725-STORE_04-0581;STORE_04;CASH-04;2026-07-25 13:14:46;SKU-007;2;12000;500;CARD
REC-20260725-STORE_04-0581;STORE_04;CASH-07;2026-07-25 13:14:46;SKU-017;4;12000;0;CARD
REC-20260725-STORE_04-0581;STORE_04;CASH-01;2026-07-25 13:14:46;SKU-005;3;5000;1000;CARD
REC-20260725-STORE_04-0582;STORE_04;CASH-04;2026-07-25 13:20:54;SKU-001;1;45000;500;CARD
REC-20260725-STORE_04-0582;STORE_04;CASH-04;2026-07-25 13:20:54;SKU-001;2;45000;0;CARD
REC-20260725-STORE_04-0582;STORE_04;CASH-09;2026-07-25 13:20:54;SKU-004;1;25000;0;CARD
REC-20260725-STORE_04-0583;STORE_04;CASH-10;2026-07-25 18:23:02;SKU-018;4;5000;1000;CARD
REC-20260725-STORE_04-0583;STORE_04;CASH-04;2026-07-25 18:23:02;SKU-006;4;45000;1000;CASH
REC-20260725-STORE_04-0583;STORE_04;CASH-09;2026-07-25 18:23:02;SKU-027;4;5000;1000;CASH
REC-20260725-STORE_04-0583;STORE_04;CASH-10;2026-07-25 18:23:02;SKU-036;2;45000;0;CASH
REC-20260725-STORE_04-0583;STORE_04;CASH-02;2026-07-25 18:23:02;SKU-011;4;5000;0;CASH
REC-20260725-STORE_04-0584;STORE_04;CASH-06;2026-07-25 14:41:29;SKU-024;1;12000;0;CARD
REC-20260725-STORE_04-0584;STORE_04;CASH-05;2026-07-25 14:41:29;SKU-008;3;12000;0;CARD
REC-20260725-STORE_04-0584;STORE_04;CASH-10;2026-07-25 14:41:29;SKU-043;2;25000;500;CARD
REC-20260725-STORE_04-0584;STORE_04;CASH-01;2026-07-25 14:41:29;SKU-005;4;5000;1000;CARD
REC-20260725-STORE_04-0585;STORE_04;CASH-03;2026-07-25 15:55:32;SKU-008;2;12000;500;CARD
REC-20260725-STORE_04-0585;STORE_04;CASH-07;2026-07-25 15:55:32;SKU-010;1;25000;0;CASH
REC-20260725-STORE_04-0585;STORE_04;CASH-02;2026-07-25 15:55:32;SKU-005;2;5000;500;CASH
REC-20260725-STORE_04-0586;STORE_04;CASH-08;2026-07-25 8:35:46;SKU-039;1;5000;1000;CARD
REC-20260725-STORE_04-0586;STORE_04;CASH-02;2026-07-25 8:35:46;SKU-001;3;45000;500;CARD
REC-20260725-STORE_04-0587;STORE_04;CASH-09;2026-07-25 19:59:33;SKU-007;2;12000;0;CARD
REC-20260725-STORE_04-0588;STORE_04;CASH-08;2026-07-25 16:59:50;SKU-012;2;45000;0;CARD
REC-20260725-STORE_04-0588;STORE_04;CASH-03;2026-07-25 16:59:50;SKU-001;1;45000;0;CASH
REC-20260725-STORE_04-0589;STORE_04;CASH-07;2026-07-25 8:47:51;SKU-040;3;25000;0;CASH
REC-20260725-STORE_04-0590;STORE_04;CASH-05;2026-07-25 12:58:46;SKU-027;3;5000;0;CASH
REC-20260725-STORE_04-0590;STORE_04;CASH-02;2026-07-25 12:58:46;SKU-001;4;45000;0;CARD
REC-20260725-STORE_04-0590;STORE_04;CASH-03;2026-07-25 12:58:46;SKU-003;1;45000;500;CASH
REC-20260725-STORE_04-0590;STORE_04;CASH-02;2026-07-25 12:58:46;SKU-007;2;12000;500;CARD
REC-20260725-STORE_04-0590;STORE_04;CASH-05;2026-07-25 12:58:46;SKU-008;3;12000;0;CASH
REC-20260725-STORE_04-0591;STORE_04;CASH-03;2026-07-25 8:07:14;SKU-002;2;12000;0;CASH
REC-20260725-STORE_04-0591;STORE_04;CASH-07;2026-07-25 8:07:14;SKU-001;3;45000;1000;CASH
REC-20260725-STORE_04-0592;STORE_04;CASH-06;2026-07-25 9:26:17;SKU-009;2;25000;0;CASH
REC-20260725-STORE_04-0592;STORE_04;CASH-07;2026-07-25 9:26:17;SKU-034;3;25000;500;CARD
REC-20260725-STORE_04-0593;STORE_04;CASH-02;2026-07-25 12:58:57;SKU-029;2;5000;1000;CASH
REC-20260725-STORE_04-0593;STORE_04;CASH-09;2026-07-25 12:58:57;SKU-003;4;45000;500;CASH
REC-20260725-STORE_04-0593;STORE_04;CASH-07;2026-07-25 12:58:57;SKU-010;1;25000;0;CASH
REC-20260725-STORE_04-0593;STORE_04;CASH-07;2026-07-25 12:58:57;SKU-001;3;45000;1000;CASH
REC-20260725-STORE_04-0593;STORE_04;CASH-05;2026-07-25 12:58:57;SKU-003;3;45000;0;CASH
REC-20260725-STORE_04-0594;STORE_04;CASH-10;2026-07-25 18:18:32;SKU-002;1;12000;0;CARD
REC-20260725-STORE_04-0594;STORE_04;CASH-10;2026-07-25 18:18:32;SKU-005;2;5000;0;CASH
REC-20260725-STORE_04-0594;STORE_04;CASH-01;2026-07-25 18:18:32;SKU-025;1;5000;0;CASH
REC-20260725-STORE_04-0595;STORE_04;CASH-09;2026-07-25 21:10:44;SKU-014;1;5000;500;CASH
REC-20260725-STORE_04-0595;STORE_04;CASH-09;2026-07-25 21:10:44;SKU-002;1;12000;0;CARD
REC-20260725-STORE_04-0595;STORE_04;CASH-06;2026-07-25 21:10:44;SKU-003;3;45000;1000;CARD
REC-20260725-STORE_04-0595;STORE_04;CASH-07;2026-07-25 21:10:44;SKU-010;3;25000;0;CARD
REC-20260725-STORE_04-0595;STORE_04;CASH-08;2026-07-25 21:10:44;SKU-001;2;45000;500;CASH
REC-20260725-STORE_04-0596;STORE_04;CASH-02;2026-07-25 16:15:36;SKU-008;3;12000;0;CASH
REC-20260725-STORE_04-0596;STORE_04;CASH-05;2026-07-25 16:15:36;SKU-009;2;25000;0;CASH
REC-20260725-STORE_04-0596;STORE_04;CASH-06;2026-07-25 16:15:36;SKU-001;3;45000;0;CARD
REC-20260725-STORE_04-0596;STORE_04;CASH-03;2026-07-25 16:15:36;SKU-034;4;25000;500;CARD
REC-20260725-STORE_04-0596;STORE_04;CASH-01;2026-07-25 16:15:36;SKU-001;2;45000;0;CARD
REC-20260725-STORE_04-0597;STORE_04;CASH-01;2026-07-25 16:55:12;SKU-001;2;45000;500;CARD
REC-20260725-STORE_04-0597;STORE_04;CASH-08;2026-07-25 16:55:12;SKU-003;4;45000;0;CARD
REC-20260725-STORE_04-0598;STORE_04;CASH-07;2026-07-25 17:23:52;SKU-027;1;5000;0;CASH
REC-20260725-STORE_04-0598;STORE_04;CASH-01;2026-07-25 17:23:52;SKU-001;1;45000;1000;CARD
REC-20260725-STORE_04-0599;STORE_04;CASH-09;2026-07-25 11:07:09;SKU-002;1;12000;0;CARD
REC-20260725-STORE_04-0599;STORE_04;CASH-04;2026-07-25 11:07:09;SKU-001;4;45000;500;CARD
REC-20260725-STORE_04-0599;STORE_04;CASH-02;2026-07-25 11:07:09;SKU-007;4;12000;1000;CASH
REC-20260725-STORE_04-0599;STORE_04;CASH-09;2026-07-25 11:07:09;SKU-001;4;45000;1000;CASH
REC-20260725-STORE_04-0599;STORE_04;CASH-03;2026-07-25 11:07:09;SKU-003;3;45000;0;CASH
REC-20260725-STORE_04-0600;STORE_04;CASH-02;2026-07-25 16:18:37;SKU-025;2;5000;0;CASH
REC-20260725-STORE_04-0600;STORE_04;CASH-01;2026-07-25 16:18:37;SKU-003;2;45000;1000;CARD
REC-20260725-STORE_04-0601;STORE_04;CASH-05;2026-07-25 11:10:47;SKU-032;4;25000;0;CARD
REC-20260725-STORE_04-0601;STORE_04;CASH-03;2026-07-25 11:10:47;SKU-026;1;12000;1000;CARD
REC-20260725-STORE_04-0602;STORE_04;CASH-09;2026-07-25 21:15:36;SKU-034;2;25000;1000;CARD
REC-20260725-STORE_04-0603;STORE_04;CASH-06;2026-07-25 14:38:07;SKU-004;4;25000;500;CASH
REC-20260725-STORE_04-0603;STORE_04;CASH-06;2026-07-25 14:38:07;SKU-011;4;5000;0;CARD
REC-20260725-STORE_04-0603;STORE_04;CASH-05;2026-07-25 14:38:07;SKU-002;2;12000;1000;CARD
REC-20260725-STORE_04-0603;STORE_04;CASH-07;2026-07-25 14:38:07;SKU-018;3;5000;0;CARD
REC-20260725-STORE_04-0603;STORE_04;CASH-10;2026-07-25 14:38:07;SKU-002;3;12000;500;CARD
REC-20260725-STORE_04-0604;STORE_04;CASH-07;2026-07-25 11:58:05;SKU-006;1;45000;500;CARD
REC-20260725-STORE_04-0604;STORE_04;CASH-08;2026-07-25 11:58:05;SKU-011;3;5000;0;CARD
REC-20260725-STORE_04-0604;STORE_04;CASH-02;2026-07-25 11:58:05;SKU-004;2;25000;0;CARD
REC-20260725-STORE_04-0604;STORE_04;CASH-07;2026-07-25 11:58:05;SKU-020;3;12000;0;CARD
REC-20260725-STORE_04-0605;STORE_04;CASH-06;2026-07-25 8:28:26;SKU-001;1;45000;1000;CARD
REC-20260725-STORE_04-0605;STORE_04;CASH-02;2026-07-25 8:28:26;SKU-008;2;12000;1000;CARD
REC-20260725-STORE_04-0606;STORE_04;CASH-01;2026-07-25 21:17:23;SKU-002;3;12000;1000;CASH
REC-20260725-STORE_04-0606;STORE_04;CASH-08;2026-07-25 21:17:23;SKU-003;2;45000;500;CARD
REC-20260725-STORE_04-0606;STORE_04;CASH-06;2026-07-25 21:17:23;SKU-007;2;12000;1000;CASH
REC-20260725-STORE_04-0607;STORE_04;CASH-09;2026-07-25 17:24:09;SKU-001;2;45000;0;CARD
REC-20260725-STORE_04-0608;STORE_04;CASH-04;2026-07-25 20:50:59;SKU-050;2;25000;1000;CASH
REC-20260725-STORE_04-0608;STORE_04;CASH-05;2026-07-25 20:50:59;SKU-001;1;45000;0;CARD
REC-20260725-STORE_04-0609;STORE_04;CASH-04;2026-07-25 12:11:36;SKU-001;4;45000;0;CARD
REC-20260725-STORE_04-0609;STORE_04;CASH-10;2026-07-25 12:11:36;SKU-002;4;12000;1000;CARD
REC-20260725-STORE_04-0609;STORE_04;CASH-05;2026-07-25 12:11:36;SKU-021;3;5000;0;CARD
REC-20260725-STORE_04-0609;STORE_04;CASH-01;2026-07-25 12:11:36;SKU-004;4;25000;0;CARD
REC-20260725-STORE_04-0610;STORE_04;CASH-05;2026-07-25 8:20:51;SKU-001;4;45000;0;CARD
REC-20260725-STORE_04-0611;STORE_04;CASH-01;2026-07-25 20:38:16;SKU-001;2;45000;500;CARD
REC-20260725-STORE_04-0611;STORE_04;CASH-03;2026-07-25 20:38:16;SKU-002;3;12000;1000;CARD
REC-20260725-STORE_04-0611;STORE_04;CASH-07;2026-07-25 20:38:16;SKU-001;3;45000;1000;CARD
REC-20260725-STORE_04-0611;STORE_04;CASH-04;2026-07-25 20:38:16;SKU-046;3;25000;0;CASH
REC-20260725-STORE_04-0611;STORE_04;CASH-05;2026-07-25 20:38:16;SKU-025;2;5000;1000;CARD
REC-20260725-STORE_04-0612;STORE_04;CASH-02;2026-07-25 11:47:11;SKU-005;1;5000;0;CARD
REC-20260725-STORE_04-0612;STORE_04;CASH-03;2026-07-25 11:47:11;SKU-001;1;45000;0;CARD
REC-20260725-STORE_04-0613;STORE_04;CASH-05;2026-07-25 16:49:06;SKU-003;3;45000;0;CARD
REC-20260725-STORE_04-0613;STORE_04;CASH-10;2026-07-25 16:49:06;SKU-009;2;25000;500;CASH
REC-20260725-STORE_04-0613;STORE_04;CASH-01;2026-07-25 16:49:06;SKU-001;1;45000;0;CASH
REC-20260725-STORE_04-0613;STORE_04;CASH-02;2026-07-25 16:49:06;SKU-002;4;12000;500;CASH
REC-20260725-STORE_04-0614;STORE_04;CASH-02;2026-07-25 9:05:57;SKU-007;2;12000;1000;CARD
REC-20260725-STORE_04-0614;STORE_04;CASH-02;2026-07-25 9:05:57;SKU-004;1;25000;0;CARD
REC-20260725-STORE_04-0614;STORE_04;CASH-08;2026-07-25 9:05:57;SKU-001;4;45000;500;CASH
REC-20260725-STORE_04-0614;STORE_04;CASH-07;2026-07-25 9:05:57;SKU-021;4;5000;1000;CARD
REC-20260725-STORE_04-0614;STORE_04;CASH-03;2026-07-25 9:05:57;SKU-025;2;5000;0;CARD
REC-20260725-STORE_04-0615;STORE_04;CASH-02;2026-07-25 21:10:40;SKU-002;1;12000;0;CARD
REC-20260725-STORE_04-0616;STORE_04;CASH-08;2026-07-25 15:40:11;SKU-004;1;25000;0;CARD
REC-20260725-STORE_04-0616;STORE_04;CASH-09;2026-07-25 15:40:11;SKU-002;3;12000;0;CARD
REC-20260725-STORE_04-0616;STORE_04;CASH-08;2026-07-25 15:40:11;SKU-001;2;45000;1000;CARD
REC-20260725-STORE_04-0617;STORE_04;CASH-01;2026-07-25 11:44:30;SKU-036;4;45000;0;CARD
REC-20260725-STORE_04-0617;STORE_04;CASH-06;2026-07-25 11:44:30;SKU-017;1;12000;0;CASH
REC-20260725-STORE_04-0618;STORE_04;CASH-06;2026-07-25 17:16:38;SKU-001;3;45000;500;CASH
REC-20260725-STORE_04-0618;STORE_04;CASH-07;2026-07-25 17:16:38;SKU-013;2;12000;0;CARD
REC-20260725-STORE_04-0618;STORE_04;CASH-05;2026-07-25 17:16:38;SKU-001;4;45000;0;CARD
REC-20260725-STORE_04-0618;STORE_04;CASH-06;2026-07-25 17:16:38;SKU-015;1;5000;0;CASH
REC-20260725-STORE_04-0618;STORE_04;CASH-04;2026-07-25 17:16:38;SKU-005;3;5000;0;CARD
REC-20260725-STORE_04-0619;STORE_04;CASH-06;2026-07-25 17:42:12;SKU-019;3;25000;0;CASH
REC-20260725-STORE_04-0619;STORE_04;CASH-05;2026-07-25 17:42:12;SKU-003;3;45000;0;CASH
REC-20260725-STORE_04-0620;STORE_04;CASH-01;2026-07-25 9:32:34;SKU-001;4;45000;0;CASH
REC-20260725-STORE_04-0621;STORE_04;CASH-10;2026-07-25 15:06:55;SKU-005;3;5000;500;CARD
REC-20260725-STORE_04-0621;STORE_04;CASH-07;2026-07-25 15:06:55;SKU-003;4;45000;0;CARD
REC-20260725-STORE_04-0622;STORE_04;CASH-10;2026-07-25 12:14:39;SKU-046;2;25000;0;CARD
REC-20260725-STORE_04-0622;STORE_04;CASH-09;2026-07-25 12:14:39;SKU-010;1;25000;0;CARD
REC-20260725-STORE_04-0623;STORE_04;CASH-09;2026-07-25 18:57:39;SKU-004;2;25000;0;CARD
REC-20260725-STORE_04-0623;STORE_04;CASH-04;2026-07-25 18:57:39;SKU-003;3;45000;0;CARD
REC-20260725-STORE_04-0623;STORE_04;CASH-05;2026-07-25 18:57:39;SKU-006;3;45000;1000;CARD
REC-20260725-STORE_04-0623;STORE_04;CASH-05;2026-07-25 18:57:39;SKU-001;3;45000;0;CARD
REC-20260725-STORE_04-0623;STORE_04;CASH-05;2026-07-25 18:57:39;SKU-001;3;45000;0;CASH
REC-20260725-STORE_04-0624;STORE_04;CASH-09;2026-07-25 18:58:38;SKU-001;1;45000;0;CASH
REC-20260725-STORE_04-0625;STORE_04;CASH-01;2026-07-25 19:59:00;SKU-016;4;25000;500;CARD
REC-20260725-STORE_04-0625;STORE_04;CASH-02;2026-07-25 19:59:00;SKU-006;2;45000;0;CASH
REC-20260725-STORE_04-0625;STORE_04;CASH-01;2026-07-25 19:59:00;SKU-003;4;45000;0;CARD
REC-20260725-STORE_04-0625;STORE_04;CASH-08;2026-07-25 19:59:00;SKU-027;4;5000;0;CARD
REC-20260725-STORE_04-0626;STORE_04;CASH-04;2026-07-25 12:24:21;SKU-032;4;25000;500;CARD
REC-20260725-STORE_04-0626;STORE_04;CASH-03;2026-07-25 12:24:21;SKU-007;1;12000;500;CARD
REC-20260725-STORE_04-0626;STORE_04;CASH-09;2026-07-25 12:24:21;SKU-031;2;45000;0;CASH
REC-20260725-STORE_04-0626;STORE_04;CASH-05;2026-07-25 12:24:21;SKU-027;1;5000;1000;CASH
REC-20260725-STORE_04-0626;STORE_04;CASH-09;2026-07-25 12:24:21;SKU-001;2;45000;500;CASH
REC-20260725-STORE_04-0627;STORE_04;CASH-08;2026-07-25 8:17:28;SKU-003;1;45000;0;CARD
REC-20260725-STORE_04-0627;STORE_04;CASH-04;2026-07-25 8:17:28;SKU-003;1;45000;500;CARD
REC-20260725-STORE_04-0627;STORE_04;CASH-04;2026-07-25 8:17:28;SKU-003;1;45000;0;CARD
REC-20260725-STORE_04-0627;STORE_04;CASH-08;2026-07-25 8:17:28;SKU-003;4;45000;0;CASH
REC-20260725-STORE_04-0627;STORE_04;CASH-05;2026-07-25 8:17:28;SKU-005;3;5000;1000;CARD
REC-20260725-STORE_04-0628;STORE_04;CASH-06;2026-07-25 9:11:55;SKU-002;2;12000;500;CARD
REC-20260725-STORE_04-0628;STORE_04;CASH-09;2026-07-25 9:11:55;SKU-002;1;12000;0;CARD
REC-20260725-STORE_04-0628;STORE_04;CASH-04;2026-07-25 9:11:55;SKU-002;4;12000;500;CASH
REC-20260725-STORE_04-0628;STORE_04;CASH-09;2026-07-25 9:11:55;SKU-002;4;12000;0;CASH
REC-20260725-STORE_04-0629;STORE_04;CASH-09;2026-07-25 9:07:42;SKU-018;4;5000;500;CASH
REC-20260725-STORE_04-0629;STORE_04;CASH-02;2026-07-25 9:07:42;SKU-009;3;25000;1000;CASH
REC-20260725-STORE_04-0629;STORE_04;CASH-06;2026-07-25 9:07:42;SKU-001;1;45000;0;CARD
REC-20260725-STORE_04-0629;STORE_04;CASH-03;2026-07-25 9:07:42;SKU-002;4;12000;0;CASH
REC-20260725-STORE_04-0629;STORE_04;CASH-05;2026-07-25 9:07:42;SKU-007;1;12000;0;CARD
REC-20260725-STORE_04-0630;STORE_04;CASH-07;2026-07-25 9:18:58;SKU-001;2;45000;1000;CARD
REC-20260725-STORE_04-0630;STORE_04;CASH-10;2026-07-25 9:18:58;SKU-022;2;12000;500;CASH
REC-20260725-STORE_04-0631;STORE_04;CASH-08;2026-07-25 13:01:11;SKU-032;1;25000;0;CARD
REC-20260725-STORE_04-0631;STORE_04;CASH-07;2026-07-25 13:01:11;SKU-001;1;45000;0;CARD
REC-20260725-STORE_04-0631;STORE_04;CASH-07;2026-07-25 13:01:11;SKU-003;1;45000;1000;CARD
REC-20260725-STORE_04-0631;STORE_04;CASH-03;2026-07-25 13:01:11;SKU-046;2;25000;0;CASH
REC-20260725-STORE_04-0632;STORE_04;CASH-09;2026-07-25 19:56:06;SKU-002;3;12000;0;CARD
REC-20260725-STORE_04-0632;STORE_04;CASH-03;2026-07-25 19:56:06;SKU-006;4;45000;1000;CARD
REC-20260725-STORE_04-0632;STORE_04;CASH-08;2026-07-25 19:56:06;SKU-001;2;45000;1000;CARD
REC-20260725-STORE_04-0633;STORE_04;CASH-09;2026-07-25 17:44:58;SKU-021;1;5000;0;CARD
REC-20260725-STORE_04-0633;STORE_04;CASH-07;2026-07-25 17:44:58;SKU-001;1;45000;500;CARD
REC-20260725-STORE_04-0633;STORE_04;CASH-02;2026-07-25 17:44:58;SKU-002;1;12000;0;CARD
REC-20260725-STORE_04-0633;STORE_04;CASH-10;2026-07-25 17:44:58;SKU-014;4;5000;1000;CARD
REC-20260725-STORE_04-0633;STORE_04;CASH-09;2026-07-25 17:44:58;SKU-045;1;45000;0;CARD
REC-20260725-STORE_04-0634;STORE_04;CASH-01;2026-07-25 14:20:12;SKU-010;2;25000;1000;CASH
REC-20260725-STORE_04-0634;STORE_04;CASH-03;2026-07-25 14:20:12;SKU-018;4;5000;0;CARD
REC-20260725-STORE_04-0634;STORE_04;CASH-08;2026-07-25 14:20:12;SKU-001;2;45000;0;CARD
REC-20260725-STORE_04-0634;STORE_04;CASH-03;2026-07-25 14:20:12;SKU-003;1;45000;0;CASH
REC-20260725-STORE_04-0634;STORE_04;CASH-07;2026-07-25 14:20:12;SKU-026;4;12000;500;CARD
REC-20260725-STORE_04-0635;STORE_04;CASH-06;2026-07-25 14:47:39;SKU-021;1;5000;500;CARD
REC-20260725-STORE_04-0635;STORE_04;CASH-02;2026-07-25 14:47:39;SKU-020;4;12000;500;CASH
REC-20260725-STORE_04-0636;STORE_04;CASH-01;2026-07-25 19:15:07;SKU-011;3;5000;500;CASH
REC-20260725-STORE_04-0637;STORE_04;CASH-07;2026-07-25 8:29:56;SKU-007;3;12000;0;CARD
REC-20260725-STORE_04-0637;STORE_04;CASH-10;2026-07-25 8:29:56;SKU-003;4;45000;500;CARD
REC-20260725-STORE_04-0637;STORE_04;CASH-04;2026-07-25 8:29:56;SKU-002;3;12000;0;CASH
REC-20260725-STORE_04-0637;STORE_04;CASH-07;2026-07-25 8:29:56;SKU-006;1;45000;500;CASH
REC-20260725-STORE_04-0637;STORE_04;CASH-05;2026-07-25 8:29:56;SKU-003;3;45000;500;CASH
REC-20260725-STORE_04-0638;STORE_04;CASH-04;2026-07-25 15:27:14;SKU-001;2;45000;0;CARD
REC-20260725-STORE_04-0639;STORE_04;CASH-01;2026-07-25 8:42:53;SKU-002;3;12000;500;CASH
REC-20260725-STORE_04-0639;STORE_04;CASH-04;2026-07-25 8:42:53;SKU-003;3;45000;1000;CASH
REC-20260725-STORE_04-0639;STORE_04;CASH-02;2026-07-25 8:42:53;SKU-038;3;12000;500;CARD
REC-20260725-STORE_04-0639;STORE_04;CASH-07;2026-07-25 8:42:53;SKU-008;3;12000;500;CARD
REC-20260725-STORE_04-0640;STORE_04;CASH-04;2026-07-25 20:56:24;SKU-009;3;25000;500;CARD
REC-20260725-STORE_04-0640;STORE_04;CASH-08;2026-07-25 20:56:24;SKU-019;1;25000;0;CARD
REC-20260725-STORE_04-0640;STORE_04;CASH-08;2026-07-25 20:56:24;SKU-010;2;25000;0;CASH
REC-20260725-STORE_04-0640;STORE_04;CASH-03;2026-07-25 20:56:24;SKU-029;3;5000;0;CASH
REC-20260725-STORE_04-0640;STORE_04;CASH-06;2026-07-25 20:56:24;SKU-014;3;5000;0;CASH
REC-20260725-STORE_04-0641;STORE_04;CASH-04;2026-07-25 16:16:20;SKU-001;3;45000;0;CARD
REC-20260725-STORE_04-0641;STORE_04;CASH-07;2026-07-25 16:16:20;SKU-002;4;12000;500;CARD
REC-20260725-STORE_04-0641;STORE_04;CASH-05;2026-07-25 16:16:20;SKU-042;4;5000;0;CASH
REC-20260725-STORE_04-0642;STORE_04;CASH-07;2026-07-25 13:47:37;SKU-002;2;12000;500;CARD
REC-20260725-STORE_04-0642;STORE_04;CASH-05;2026-07-25 13:47:37;SKU-032;2;25000;0;CARD
REC-20260725-STORE_04-0642;STORE_04;CASH-04;2026-07-25 13:47:37;SKU-003;4;45000;0;CARD
REC-20260725-STORE_04-0642;STORE_04;CASH-07;2026-07-25 13:47:37;SKU-020;2;12000;0;CARD
REC-20260725-STORE_04-0642;STORE_04;CASH-04;2026-07-25 13:47:37;SKU-007;2;12000;0;CASH
REC-20260725-STORE_04-0643;STORE_04;CASH-09;2026-07-25 21:02:24;SKU-001;2;45000;500;CASH
REC-20260725-STORE_04-0643;STORE_04;CASH-08;2026-07-25 21:02:24;SKU-001;2;45000;0;CARD
REC-20260725-STORE_04-0643;STORE_04;CASH-09;2026-07-25 21:02:24;SKU-007;1;12000;0;CASH
REC-20260725-STORE_04-0643;STORE_04;CASH-04;2026-07-25 21:02:24;SKU-015;3;5000;500;CARD
REC-20260725-STORE_04-0644;STORE_04;CASH-01;2026-07-25 14:12:53;SKU-003;3;45000;0;CARD
REC-20260725-STORE_04-0644;STORE_04;CASH-09;2026-07-25 14:12:53;SKU-004;3;25000;500;CARD
REC-20260725-STORE_04-0644;STORE_04;CASH-04;2026-07-25 14:12:53;SKU-002;4;12000;0;CARD
REC-20260725-STORE_04-0644;STORE_04;CASH-10;2026-07-25 14:12:53;SKU-002;4;12000;0;CARD
REC-20260725-STORE_04-0645;STORE_04;CASH-10;2026-07-25 10:55:08;SKU-001;2;45000;500;CASH
REC-20260725-STORE_04-0645;STORE_04;CASH-05;2026-07-25 10:55:08;SKU-007;3;12000;0;CASH
REC-20260725-STORE_04-0646;STORE_04;CASH-03;2026-07-25 8:42:15;SKU-024;3;12000;0;CASH
REC-20260725-STORE_04-0646;STORE_04;CASH-07;2026-07-25 8:42:15;SKU-001;2;45000;0;CASH
REC-20260725-STORE_04-0646;STORE_04;CASH-09;2026-07-25 8:42:15;SKU-009;1;25000;1000;CARD
REC-20260725-STORE_04-0646;STORE_04;CASH-07;2026-07-25 8:42:15;SKU-002;2;12000;0;CARD
REC-20260725-STORE_04-0647;STORE_04;CASH-01;2026-07-25 15:39:35;SKU-020;1;12000;0;CASH
REC-20260725-STORE_04-0647;STORE_04;CASH-05;2026-07-25 15:39:35;SKU-024;3;12000;500;CARD
REC-20260725-STORE_04-0647;STORE_04;CASH-01;2026-07-25 15:39:35;SKU-001;4;45000;500;CASH
REC-20260725-STORE_04-0647;STORE_04;CASH-04;2026-07-25 15:39:35;SKU-039;2;5000;500;CARD
REC-20260725-STORE_04-0648;STORE_04;CASH-08;2026-07-25 20:37:05;SKU-009;4;25000;0;CARD
REC-20260725-STORE_04-0649;STORE_04;CASH-05;2026-07-25 10:25:59;SKU-006;4;45000;1000;CASH
REC-20260725-STORE_04-0650;STORE_04;CASH-05;2026-07-25 9:39:15;SKU-005;3;5000;0;CASH
REC-20260725-STORE_04-0650;STORE_04;CASH-01;2026-07-25 9:39:15;SKU-028;2;5000;0;CARD
REC-20260725-STORE_04-0651;STORE_04;CASH-09;2026-07-25 19:30:16;SKU-013;4;12000;0;CASH
REC-20260725-STORE_04-0652;STORE_04;CASH-05;2026-07-25 11:06:28;SKU-002;3;12000;500;CASH
REC-20260725-STORE_04-0652;STORE_04;CASH-07;2026-07-25 11:06:28;SKU-003;2;45000;0;CARD
REC-20260725-STORE_04-0653;STORE_04;CASH-07;2026-07-25 21:52:23;SKU-021;3;5000;500;CARD
REC-20260725-STORE_04-0654;STORE_04;CASH-05;2026-07-25 21:20:02;SKU-027;1;5000;0;CARD
REC-20260725-STORE_04-0654;STORE_04;CASH-08;2026-07-25 21:20:02;SKU-011;1;5000;1000;CARD
REC-20260725-STORE_04-0655;STORE_04;CASH-02;2026-07-25 13:35:10;SKU-001;2;45000;0;CARD
REC-20260725-STORE_04-0656;STORE_04;CASH-08;2026-07-25 20:12:40;SKU-002;1;12000;500;CASH
REC-20260725-STORE_04-0656;STORE_04;CASH-07;2026-07-25 20:12:40;SKU-001;2;45000;500;CARD
REC-20260725-STORE_04-0657;STORE_04;CASH-03;2026-07-25 17:39:33;SKU-001;2;45000;0;CARD
REC-20260725-STORE_04-0657;STORE_04;CASH-10;2026-07-25 17:39:33;SKU-002;2;12000;0;CARD
REC-20260725-STORE_04-0657;STORE_04;CASH-06;2026-07-25 17:39:33;SKU-001;4;45000;0;CASH
REC-20260725-STORE_04-0657;STORE_04;CASH-10;2026-07-25 17:39:33;SKU-001;4;45000;500;CASH
REC-20260725-STORE_04-0658;STORE_04;CASH-06;2026-07-25 16:16:39;SKU-001;3;45000;0;CARD
REC-20260725-STORE_04-0658;STORE_04;CASH-10;2026-07-25 16:16:39;SKU-015;1;5000;500;CASH
REC-20260725-STORE_04-0659;STORE_04;CASH-03;2026-07-25 9:21:12;SKU-014;1;5000;0;CARD
REC-20260725-STORE_04-0659;STORE_04;CASH-08;2026-07-25 9:21:12;SKU-001;1;45000;0;CARD
REC-20260725-STORE_04-0660;STORE_04;CASH-09;2026-07-25 19:04:39;SKU-003;3;45000;500;CARD
REC-20260725-STORE_04-0661;STORE_04;CASH-05;2026-07-25 9:19:37;SKU-003;3;45000;0;CASH
REC-20260725-STORE_04-0661;STORE_04;CASH-07;2026-07-25 9:19:37;SKU-014;2;5000;0;CASH
REC-20260725-STORE_04-0661;STORE_04;CASH-02;2026-07-25 9:19:37;SKU-002;1;12000;0;CARD
REC-20260725-STORE_04-0662;STORE_04;CASH-02;2026-07-25 15:56:22;SKU-003;3;45000;0;CASH
REC-20260725-STORE_04-0662;STORE_04;CASH-06;2026-07-25 15:56:22;SKU-012;3;45000;1000;CARD
REC-20260725-STORE_04-0662;STORE_04;CASH-04;2026-07-25 15:56:22;SKU-014;1;5000;0;CARD
REC-20260725-STORE_04-0662;STORE_04;CASH-04;2026-07-25 15:56:22;SKU-004;2;25000;1000;CASH
REC-20260725-STORE_04-0663;STORE_04;CASH-02;2026-07-25 20:51:23;SKU-012;2;45000;500;CASH
REC-20260725-STORE_04-0663;STORE_04;CASH-09;2026-07-25 20:51:23;SKU-002;3;12000;0;CARD
REC-20260725-STORE_04-0663;STORE_04;CASH-05;2026-07-25 20:51:23;SKU-012;2;45000;1000;CARD
REC-20260725-STORE_04-0663;STORE_04;CASH-09;2026-07-25 20:51:23;SKU-006;2;45000;1000;CARD
REC-20260725-STORE_04-0664;STORE_04;CASH-02;2026-07-25 13:58:22;SKU-003;3;45000;0;CASH
REC-20260725-STORE_04-0665;STORE_04;CASH-10;2026-07-25 21:49:22;SKU-035;2;5000;1000;CASH
REC-20260725-STORE_04-0665;STORE_04;CASH-05;2026-07-25 21:49:22;SKU-001;4;45000;0;CASH
REC-20260725-STORE_04-0665;STORE_04;CASH-01;2026-07-25 21:49:22;SKU-011;4;5000;0;CARD
REC-20260725-STORE_04-0666;STORE_04;CASH-06;2026-07-25 21:37:58;SKU-001;2;45000;0;CASH
REC-20260725-STORE_04-0666;STORE_04;CASH-04;2026-07-25 21:37:58;SKU-010;4;25000;0;CARD
REC-20260725-STORE_04-0666;STORE_04;CASH-10;2026-07-25 21:37:58;SKU-020;4;12000;0;CASH
REC-20260725-STORE_04-0666;STORE_04;CASH-05;2026-07-25 21:37:58;SKU-001;1;45000;500;CARD
REC-20260725-STORE_04-0667;STORE_04;CASH-04;2026-07-25 14:53:24;SKU-019;3;25000;0;CARD
REC-20260725-STORE_04-0667;STORE_04;CASH-10;2026-07-25 14:53:24;SKU-044;3;5000;0;CARD
REC-20260725-STORE_04-0667;STORE_04;CASH-05;2026-07-25 14:53:24;SKU-019;2;25000;0;CASH
REC-20260725-STORE_04-0667;STORE_04;CASH-03;2026-07-25 14:53:24;SKU-004;1;25000;0;CASH
REC-20260725-STORE_04-0667;STORE_04;CASH-04;2026-07-25 14:53:24;SKU-003;4;45000;0;CARD
REC-20260725-STORE_04-0668;STORE_04;CASH-06;2026-07-25 19:08:15;SKU-007;1;12000;0;CARD
REC-20260725-STORE_04-0668;STORE_04;CASH-05;2026-07-25 19:08:15;SKU-001;3;45000;0;CARD
REC-20260725-STORE_04-0668;STORE_04;CASH-10;2026-07-25 19:08:15;SKU-032;2;25000;0;CARD
REC-20260725-STORE_04-0668;STORE_04;CASH-06;2026-07-25 19:08:15;SKU-018;2;5000;1000;CARD
REC-20260725-STORE_04-0669;STORE_04;CASH-08;2026-07-25 13:30:56;SKU-028;2;5000;0;CARD
REC-20260725-STORE_04-0669;STORE_04;CASH-10;2026-07-25 13:30:56;SKU-032;3;25000;0;CASH
REC-20260725-STORE_04-0669;STORE_04;CASH-06;2026-07-25 13:30:56;SKU-025;1;5000;0;CARD
REC-20260725-STORE_04-0670;STORE_04;CASH-09;2026-07-25 13:47:01;SKU-001;1;45000;0;CARD
REC-20260725-STORE_04-0670;STORE_04;CASH-07;2026-07-25 13:47:01;SKU-004;1;25000;0;CASH
REC-20260725-STORE_04-0671;STORE_04;CASH-07;2026-07-25 15:29:08;SKU-002;4;12000;500;CASH
REC-20260725-STORE_04-0672;STORE_04;CASH-03;2026-07-25 14:48:18;SKU-007;4;12000;500;CASH
REC-20260725-STORE_04-0673;STORE_04;CASH-01;2026-07-25 16:29:25;SKU-002;3;12000;0;CASH
REC-20260725-STORE_04-0673;STORE_04;CASH-02;2026-07-25 16:29:25;SKU-017;1;12000;0;CASH
REC-20260725-STORE_04-0673;STORE_04;CASH-02;2026-07-25 16:29:25;SKU-020;4;12000;0;CASH
REC-20260725-STORE_04-0673;STORE_04;CASH-09;2026-07-25 16:29:25;SKU-001;4;45000;1000;CASH
REC-20260725-STORE_04-0674;STORE_04;CASH-02;2026-07-25 17:53:47;SKU-002;3;12000;500;CARD
REC-20260725-STORE_04-0674;STORE_04;CASH-07;2026-07-25 17:53:47;SKU-015;4;5000;0;CASH
REC-20260725-STORE_04-0674;STORE_04;CASH-10;2026-07-25 17:53:47;SKU-041;4;25000;500;CARD
REC-20260725-STORE_04-0675;STORE_04;CASH-04;2026-07-25 16:28:30;SKU-024;1;12000;1000;CARD
REC-20260725-STORE_04-0675;STORE_04;CASH-08;2026-07-25 16:28:30;SKU-025;4;5000;500;CARD
REC-20260725-STORE_04-0675;STORE_04;CASH-01;2026-07-25 16:28:30;SKU-001;2;45000;500;CARD
REC-20260725-STORE_04-0675;STORE_04;CASH-10;2026-07-25 16:28:30;SKU-003;4;45000;500;CARD
REC-20260725-STORE_04-0675;STORE_04;CASH-03;2026-07-25 16:28:30;SKU-038;1;12000;0;CASH
REC-20260725-STORE_04-0676;STORE_04;CASH-01;2026-07-25 15:49:52;SKU-035;2;5000;1000;CARD
REC-20260725-STORE_04-0676;STORE_04;CASH-05;2026-07-25 15:49:52;SKU-029;1;5000;500;CARD
REC-20260725-STORE_04-0677;STORE_04;CASH-01;2026-07-25 9:16:53;SKU-006;3;45000;0;CARD
REC-20260725-STORE_04-0677;STORE_04;CASH-02;2026-07-25 9:16:53;SKU-020;4;12000;0;CASH
REC-20260725-STORE_04-0678;STORE_04;CASH-05;2026-07-25 17:35:21;SKU-003;2;45000;0;CASH
REC-20260725-STORE_04-0678;STORE_04;CASH-05;2026-07-25 17:35:21;SKU-006;3;45000;1000;CARD
REC-20260725-STORE_04-0678;STORE_04;CASH-02;2026-07-25 17:35:21;SKU-003;3;45000;0;CARD
REC-20260725-STORE_04-0678;STORE_04;CASH-08;2026-07-25 17:35:21;SKU-001;2;45000;500;CASH
REC-20260725-STORE_04-0679;STORE_04;CASH-03;2026-07-25 14:43:23;SKU-004;4;25000;0;CARD
REC-20260725-STORE_04-0679;STORE_04;CASH-09;2026-07-25 14:43:23;SKU-029;1;5000;1000;CARD
REC-20260725-STORE_04-0679;STORE_04;CASH-03;2026-07-25 14:43:23;SKU-001;1;45000;1000;CASH
REC-20260725-STORE_04-0679;STORE_04;CASH-07;2026-07-25 14:43:23;SKU-002;3;12000;0;CARD
REC-20260725-STORE_04-0680;STORE_04;CASH-10;2026-07-25 13:09:55;SKU-004;4;25000;0;CARD
REC-20260725-STORE_04-0681;STORE_04;CASH-08;2026-07-25 18:49:20;SKU-030;1;45000;1000;CARD
REC-20260725-STORE_04-0681;STORE_04;CASH-03;2026-07-25 18:49:20;SKU-016;1;25000;0;CASH
REC-20260725-STORE_04-0682;STORE_04;CASH-08;2026-07-25 18:48:31;SKU-038;4;12000;0;CARD
REC-20260725-STORE_04-0683;STORE_04;CASH-04;2026-07-25 12:55:51;SKU-014;4;5000;0;CASH
REC-20260725-STORE_04-0683;STORE_04;CASH-03;2026-07-25 12:55:51;SKU-019;3;25000;0;CARD
REC-20260725-STORE_04-0683;STORE_04;CASH-10;2026-07-25 12:55:51;SKU-003;3;45000;1000;CARD
REC-20260725-STORE_04-0684;STORE_04;CASH-04;2026-07-25 17:47:20;SKU-003;3;45000;0;CASH
REC-20260725-STORE_04-0685;STORE_04;CASH-09;2026-07-25 8:35:30;SKU-010;1;25000;0;CARD
REC-20260725-STORE_04-0685;STORE_04;CASH-02;2026-07-25 8:35:30;SKU-001;1;45000;0;CASH
REC-20260725-STORE_04-0685;STORE_04;CASH-03;2026-07-25 8:35:30;SKU-001;3;45000;0;CASH
REC-20260725-STORE_04-0685;STORE_04;CASH-04;2026-07-25 8:35:30;SKU-019;3;25000;500;CASH
REC-20260725-STORE_04-0686;STORE_04;CASH-05;2026-07-25 9:49:16;SKU-010;2;25000;1000;CARD
REC-20260725-STORE_04-0686;STORE_04;CASH-05;2026-07-25 9:49:16;SKU-020;2;12000;0;CARD
REC-20260725-STORE_04-0687;STORE_04;CASH-10;2026-07-25 8:49:45;SKU-003;4;45000;0;CASH
REC-20260725-STORE_04-0687;STORE_04;CASH-06;2026-07-25 8:49:45;SKU-008;2;12000;0;CASH
REC-20260725-STORE_04-0687;STORE_04;CASH-10;2026-07-25 8:49:45;SKU-004;1;25000;0;CARD
REC-20260725-STORE_04-0688;STORE_04;CASH-07;2026-07-25 16:11:44;SKU-018;2;5000;0;CASH
REC-20260725-STORE_04-0689;STORE_04;CASH-02;2026-07-25 13:39:21;SKU-034;1;25000;1000;CASH
REC-20260725-STORE_04-0689;STORE_04;CASH-08;2026-07-25 13:39:21;SKU-010;2;25000;0;CASH
REC-20260725-STORE_04-0689;STORE_04;CASH-08;2026-07-25 13:39:21;SKU-005;2;5000;1000;CARD
REC-20260725-STORE_04-0689;STORE_04;CASH-01;2026-07-25 13:39:21;SKU-001;4;45000;0;CARD
REC-20260725-STORE_04-0690;STORE_04;CASH-07;2026-07-25 12:04:15;SKU-030;1;45000;1000;CARD
REC-20260725-STORE_04-0690;STORE_04;CASH-03;2026-07-25 12:04:15;SKU-009;3;25000;1000;CASH
REC-20260725-STORE_04-0690;STORE_04;CASH-07;2026-07-25 12:04:15;SKU-042;2;5000;1000;CASH
REC-20260725-STORE_04-0690;STORE_04;CASH-01;2026-07-25 12:04:15;SKU-002;4;12000;500;CARD
REC-20260725-STORE_04-0690;STORE_04;CASH-02;2026-07-25 12:04:15;SKU-005;2;5000;1000;CARD
REC-20260725-STORE_04-0691;STORE_04;CASH-04;2026-07-25 17:31:09;SKU-002;3;12000;0;CASH
REC-20260725-STORE_04-0691;STORE_04;CASH-04;2026-07-25 17:31:09;SKU-022;1;12000;1000;CARD
REC-20260725-STORE_04-0691;STORE_04;CASH-04;2026-07-25 17:31:09;SKU-037;1;45000;0;CASH
REC-20260725-STORE_04-0691;STORE_04;CASH-05;2026-07-25 17:31:09;SKU-001;2;45000;0;CARD
REC-20260725-STORE_04-0692;STORE_04;CASH-08;2026-07-25 18:24:37;SKU-001;2;45000;0;CASH
REC-20260725-STORE_04-0693;STORE_04;CASH-03;2026-07-25 18:18:11;SKU-003;1;45000;0;CARD
REC-20260725-STORE_04-0694;STORE_04;CASH-08;2026-07-25 8:40:22;SKU-001;2;45000;500;CARD
REC-20260725-STORE_04-0694;STORE_04;CASH-07;2026-07-25 8:40:22;SKU-044;2;5000;1000;CARD
REC-20260725-STORE_04-0695;STORE_04;CASH-04;2026-07-25 16:27:37;SKU-002;1;12000;0;CARD
REC-20260725-STORE_04-0695;STORE_04;CASH-04;2026-07-25 16:27:37;SKU-002;1;12000;0;CARD
REC-20260725-STORE_04-0695;STORE_04;CASH-01;2026-07-25 16:27:37;SKU-001;4;45000;0;CARD
REC-20260725-STORE_04-0695;STORE_04;CASH-01;2026-07-25 16:27:37;SKU-003;4;45000;0;CARD
REC-20260725-STORE_04-0696;STORE_04;CASH-05;2026-07-25 9:24:06;SKU-001;3;45000;1000;CARD
REC-20260725-STORE_04-0697;STORE_04;CASH-03;2026-07-25 9:39:25;SKU-007;2;12000;0;CARD
REC-20260725-STORE_04-0698;STORE_04;CASH-06;2026-07-25 16:39:52;SKU-003;4;45000;500;CASH
REC-20260725-STORE_04-0698;STORE_04;CASH-10;2026-07-25 16:39:52;SKU-002;4;12000;0;CARD
REC-20260725-STORE_04-0698;STORE_04;CASH-02;2026-07-25 16:39:52;SKU-003;1;45000;500;CARD
REC-20260725-STORE_04-0698;STORE_04;CASH-05;2026-07-25 16:39:52;SKU-011;3;5000;0;CARD
REC-20260725-STORE_04-0699;STORE_04;CASH-05;2026-07-25 13:12:08;SKU-001;1;45000;0;CASH
REC-20260725-STORE_04-0700;STORE_04;CASH-10;2026-07-25 17:28:10;SKU-005;3;5000;0;CARD
REC-20260725-STORE_04-0700;STORE_04;CASH-03;2026-07-25 17:28:10;SKU-048;2;25000;0;CASH
REC-20260725-STORE_04-0700;STORE_04;CASH-01;2026-07-25 17:28:10;SKU-001;2;45000;0;CARD
REC-20260725-STORE_05-0001;STORE_05;CASH-09;2026-07-25 13:29:28;SKU-022;2;12000;1000;CASH
REC-20260725-STORE_05-0002;STORE_05;CASH-04;2026-07-25 8:52:40;SKU-003;2;45000;0;CASH
REC-20260725-STORE_05-0002;STORE_05;CASH-06;2026-07-25 8:52:40;SKU-001;4;45000;0;CARD
REC-20260725-STORE_05-0002;STORE_05;CASH-05;2026-07-25 8:52:40;SKU-003;2;45000;1000;CASH
REC-20260725-STORE_05-0002;STORE_05;CASH-05;2026-07-25 8:52:40;SKU-001;4;45000;500;CARD
REC-20260725-STORE_05-0003;STORE_05;CASH-02;2026-07-25 20:08:44;SKU-001;1;45000;500;CARD
REC-20260725-STORE_05-0003;STORE_05;CASH-05;2026-07-25 20:08:44;SKU-001;1;45000;0;CASH
REC-20260725-STORE_05-0003;STORE_05;CASH-04;2026-07-25 20:08:44;SKU-034;3;25000;500;CASH
REC-20260725-STORE_05-0003;STORE_05;CASH-01;2026-07-25 20:08:44;SKU-007;3;12000;1000;CASH
REC-20260725-STORE_05-0003;STORE_05;CASH-05;2026-07-25 20:08:44;SKU-012;2;45000;500;CARD
REC-20260725-STORE_05-0004;STORE_05;CASH-06;2026-07-25 18:31:08;SKU-006;3;45000;1000;CASH
REC-20260725-STORE_05-0005;STORE_05;CASH-03;2026-07-25 20:03:06;SKU-027;3;5000;0;CARD
REC-20260725-STORE_05-0006;STORE_05;CASH-01;2026-07-25 18:24:16;SKU-012;4;45000;500;CASH
REC-20260725-STORE_05-0006;STORE_05;CASH-09;2026-07-25 18:24:16;SKU-014;2;5000;0;CASH
REC-20260725-STORE_05-0006;STORE_05;CASH-09;2026-07-25 18:24:16;SKU-005;2;5000;1000;CARD
REC-20260725-STORE_05-0006;STORE_05;CASH-10;2026-07-25 18:24:16;SKU-006;2;45000;500;CARD
REC-20260725-STORE_05-0007;STORE_05;CASH-08;2026-07-25 18:29:50;SKU-001;4;45000;0;CARD
REC-20260725-STORE_05-0007;STORE_05;CASH-03;2026-07-25 18:29:50;SKU-002;4;12000;0;CARD
REC-20260725-STORE_05-0007;STORE_05;CASH-10;2026-07-25 18:29:50;SKU-004;1;25000;0;CASH
REC-20260725-STORE_05-0007;STORE_05;CASH-05;2026-07-25 18:29:50;SKU-012;4;45000;0;CARD
REC-20260725-STORE_05-0008;STORE_05;CASH-10;2026-07-25 9:59:44;SKU-001;3;45000;500;CARD
REC-20260725-STORE_05-0008;STORE_05;CASH-10;2026-07-25 9:59:44;SKU-021;1;5000;0;CARD
REC-20260725-STORE_05-0009;STORE_05;CASH-03;2026-07-25 9:43:06;SKU-014;4;5000;0;CASH
REC-20260725-STORE_05-0010;STORE_05;CASH-08;2026-07-25 14:43:21;SKU-015;4;5000;1000;CASH
REC-20260725-STORE_05-0011;STORE_05;CASH-04;2026-07-25 18:11:43;SKU-032;4;25000;1000;CASH
REC-20260725-STORE_05-0011;STORE_05;CASH-03;2026-07-25 18:11:43;SKU-001;1;45000;500;CASH
REC-20260725-STORE_05-0011;STORE_05;CASH-05;2026-07-25 18:11:43;SKU-001;3;45000;1000;CASH
REC-20260725-STORE_05-0012;STORE_05;CASH-04;2026-07-25 14:43:48;SKU-012;2;45000;0;CARD
REC-20260725-STORE_05-0012;STORE_05;CASH-10;2026-07-25 14:43:48;SKU-037;3;45000;0;CARD
REC-20260725-STORE_05-0012;STORE_05;CASH-02;2026-07-25 14:43:48;SKU-022;4;12000;0;CASH
REC-20260725-STORE_05-0012;STORE_05;CASH-05;2026-07-25 14:43:48;SKU-002;3;12000;0;CASH
REC-20260725-STORE_05-0012;STORE_05;CASH-04;2026-07-25 14:43:48;SKU-001;1;45000;0;CARD
REC-20260725-STORE_05-0013;STORE_05;CASH-10;2026-07-25 8:11:30;SKU-001;2;45000;500;CASH
REC-20260725-STORE_05-0013;STORE_05;CASH-01;2026-07-25 8:11:30;SKU-002;2;12000;0;CASH
REC-20260725-STORE_05-0013;STORE_05;CASH-08;2026-07-25 8:11:30;SKU-002;3;12000;0;CARD
REC-20260725-STORE_05-0014;STORE_05;CASH-09;2026-07-25 21:31:33;SKU-002;4;12000;0;CARD
REC-20260725-STORE_05-0014;STORE_05;CASH-02;2026-07-25 21:31:33;SKU-018;4;5000;500;CASH
REC-20260725-STORE_05-0015;STORE_05;CASH-01;2026-07-25 17:49:21;SKU-003;1;45000;0;CASH
REC-20260725-STORE_05-0016;STORE_05;CASH-01;2026-07-25 20:32:12;SKU-012;4;45000;0;CASH
REC-20260725-STORE_05-0016;STORE_05;CASH-08;2026-07-25 20:32:12;SKU-039;1;5000;1000;CARD
REC-20260725-STORE_05-0016;STORE_05;CASH-05;2026-07-25 20:32:12;SKU-002;3;12000;1000;CASH
REC-20260725-STORE_05-0017;STORE_05;CASH-01;2026-07-25 11:13:03;SKU-006;4;45000;0;CARD
REC-20260725-STORE_05-0018;STORE_05;CASH-02;2026-07-25 17:45:24;SKU-002;3;12000;0;CARD
REC-20260725-STORE_05-0018;STORE_05;CASH-02;2026-07-25 17:45:24;SKU-002;4;12000;1000;CARD
REC-20260725-STORE_05-0019;STORE_05;CASH-07;2026-07-25 14:46:58;SKU-018;1;5000;500;CARD
REC-20260725-STORE_05-0019;STORE_05;CASH-04;2026-07-25 14:46:58;SKU-001;3;45000;500;CASH
REC-20260725-STORE_05-0020;STORE_05;CASH-07;2026-07-25 20:07:00;SKU-017;1;12000;1000;CARD
REC-20260725-STORE_05-0020;STORE_05;CASH-04;2026-07-25 20:07:00;SKU-013;2;12000;1000;CARD
REC-20260725-STORE_05-0020;STORE_05;CASH-01;2026-07-25 20:07:00;SKU-040;1;25000;0;CASH
REC-20260725-STORE_05-0021;STORE_05;CASH-08;2026-07-25 12:49:37;SKU-002;2;12000;0;CASH
REC-20260725-STORE_05-0022;STORE_05;CASH-05;2026-07-25 17:47:56;SKU-005;3;5000;0;CASH
REC-20260725-STORE_05-0022;STORE_05;CASH-07;2026-07-25 17:47:56;SKU-020;1;12000;0;CARD
REC-20260725-STORE_05-0022;STORE_05;CASH-10;2026-07-25 17:47:56;SKU-033;3;5000;0;CARD
REC-20260725-STORE_05-0022;STORE_05;CASH-06;2026-07-25 17:47:56;SKU-008;2;12000;0;CASH
REC-20260725-STORE_05-0023;STORE_05;CASH-03;2026-07-25 19:14:17;SKU-001;4;45000;500;CARD
REC-20260725-STORE_05-0023;STORE_05;CASH-06;2026-07-25 19:14:17;SKU-027;1;5000;0;CARD
REC-20260725-STORE_05-0023;STORE_05;CASH-07;2026-07-25 19:14:17;SKU-007;1;12000;1000;CARD
REC-20260725-STORE_05-0023;STORE_05;CASH-01;2026-07-25 19:14:17;SKU-003;2;45000;0;CARD
REC-20260725-STORE_05-0024;STORE_05;CASH-02;2026-07-25 18:20:30;SKU-004;1;25000;500;CARD
REC-20260725-STORE_05-0024;STORE_05;CASH-03;2026-07-25 18:20:30;SKU-025;4;5000;0;CARD
REC-20260725-STORE_05-0024;STORE_05;CASH-10;2026-07-25 18:20:30;SKU-001;4;45000;0;CARD
REC-20260725-STORE_05-0024;STORE_05;CASH-07;2026-07-25 18:20:30;SKU-015;4;5000;0;CASH
REC-20260725-STORE_05-0024;STORE_05;CASH-06;2026-07-25 18:20:30;SKU-007;1;12000;1000;CARD
REC-20260725-STORE_05-0025;STORE_05;CASH-07;2026-07-25 17:05:09;SKU-012;3;45000;1000;CASH
REC-20260725-STORE_05-0026;STORE_05;CASH-02;2026-07-25 9:40:08;SKU-003;3;45000;0;CARD
REC-20260725-STORE_05-0026;STORE_05;CASH-04;2026-07-25 9:40:08;SKU-001;3;45000;0;CARD
REC-20260725-STORE_05-0026;STORE_05;CASH-09;2026-07-25 9:40:08;SKU-018;1;5000;0;CARD
REC-20260725-STORE_05-0026;STORE_05;CASH-03;2026-07-25 9:40:08;SKU-002;4;12000;0;CASH
REC-20260725-STORE_05-0026;STORE_05;CASH-08;2026-07-25 9:40:08;SKU-001;2;45000;1000;CARD
REC-20260725-STORE_05-0027;STORE_05;CASH-02;2026-07-25 19:36:33;SKU-047;1;5000;0;CARD
REC-20260725-STORE_05-0027;STORE_05;CASH-06;2026-07-25 19:36:33;SKU-003;2;45000;1000;CASH
REC-20260725-STORE_05-0027;STORE_05;CASH-01;2026-07-25 19:36:33;SKU-018;1;5000;0;CASH
REC-20260725-STORE_05-0028;STORE_05;CASH-01;2026-07-25 11:45:47;SKU-009;1;25000;0;CASH
REC-20260725-STORE_05-0028;STORE_05;CASH-03;2026-07-25 11:45:47;SKU-033;4;5000;500;CARD
REC-20260725-STORE_05-0028;STORE_05;CASH-01;2026-07-25 11:45:47;SKU-001;3;45000;1000;CARD
REC-20260725-STORE_05-0028;STORE_05;CASH-06;2026-07-25 11:45:47;SKU-015;3;5000;0;CARD
REC-20260725-STORE_05-0028;STORE_05;CASH-02;2026-07-25 11:45:47;SKU-008;2;12000;0;CASH
REC-20260725-STORE_05-0029;STORE_05;CASH-05;2026-07-25 12:41:08;SKU-001;4;45000;1000;CARD
REC-20260725-STORE_05-0029;STORE_05;CASH-09;2026-07-25 12:41:08;SKU-015;1;5000;0;CARD
REC-20260725-STORE_05-0030;STORE_05;CASH-07;2026-07-25 14:31:28;SKU-002;3;12000;0;CASH
REC-20260725-STORE_05-0030;STORE_05;CASH-03;2026-07-25 14:31:28;SKU-013;3;12000;500;CARD
REC-20260725-STORE_05-0030;STORE_05;CASH-02;2026-07-25 14:31:28;SKU-007;3;12000;0;CARD
REC-20260725-STORE_05-0031;STORE_05;CASH-07;2026-07-25 9:50:38;SKU-008;2;12000;0;CARD
REC-20260725-STORE_05-0032;STORE_05;CASH-10;2026-07-25 20:17:33;SKU-031;3;45000;0;CASH
REC-20260725-STORE_05-0032;STORE_05;CASH-07;2026-07-25 20:17:33;SKU-049;1;5000;0;CARD
REC-20260725-STORE_05-0032;STORE_05;CASH-04;2026-07-25 20:17:33;SKU-035;2;5000;0;CARD
REC-20260725-STORE_05-0032;STORE_05;CASH-10;2026-07-25 20:17:33;SKU-001;1;45000;0;CARD
REC-20260725-STORE_05-0032;STORE_05;CASH-01;2026-07-25 20:17:33;SKU-007;4;12000;0;CARD
REC-20260725-STORE_05-0033;STORE_05;CASH-05;2026-07-25 11:53:43;SKU-014;2;5000;1000;CARD
REC-20260725-STORE_05-0034;STORE_05;CASH-07;2026-07-25 15:45:59;SKU-002;2;12000;0;CARD
REC-20260725-STORE_05-0034;STORE_05;CASH-03;2026-07-25 15:45:59;SKU-002;4;12000;0;CASH
REC-20260725-STORE_05-0034;STORE_05;CASH-02;2026-07-25 15:45:59;SKU-002;1;12000;0;CARD
REC-20260725-STORE_05-0035;STORE_05;CASH-10;2026-07-25 11:02:29;SKU-003;1;45000;1000;CARD
REC-20260725-STORE_05-0036;STORE_05;CASH-04;2026-07-25 17:46:27;SKU-035;4;5000;1000;CARD
REC-20260725-STORE_05-0036;STORE_05;CASH-01;2026-07-25 17:46:27;SKU-005;4;5000;0;CARD
REC-20260725-STORE_05-0036;STORE_05;CASH-10;2026-07-25 17:46:27;SKU-011;3;5000;500;CASH
REC-20260725-STORE_05-0036;STORE_05;CASH-01;2026-07-25 17:46:27;SKU-004;3;25000;0;CASH
REC-20260725-STORE_05-0037;STORE_05;CASH-01;2026-07-25 14:16:49;SKU-003;2;45000;0;CARD
REC-20260725-STORE_05-0037;STORE_05;CASH-02;2026-07-25 14:16:49;SKU-013;4;12000;500;CASH
REC-20260725-STORE_05-0037;STORE_05;CASH-10;2026-07-25 14:16:49;SKU-001;2;45000;1000;CASH
REC-20260725-STORE_05-0037;STORE_05;CASH-08;2026-07-25 14:16:49;SKU-015;4;5000;0;CASH
REC-20260725-STORE_05-0038;STORE_05;CASH-09;2026-07-25 14:22:17;SKU-024;2;12000;0;CARD
REC-20260725-STORE_05-0038;STORE_05;CASH-07;2026-07-25 14:22:17;SKU-027;1;5000;0;CASH
REC-20260725-STORE_05-0038;STORE_05;CASH-01;2026-07-25 14:22:17;SKU-019;3;25000;0;CARD
REC-20260725-STORE_05-0038;STORE_05;CASH-01;2026-07-25 14:22:17;SKU-027;3;5000;0;CARD
REC-20260725-STORE_05-0038;STORE_05;CASH-06;2026-07-25 14:22:17;SKU-002;3;12000;0;CASH
REC-20260725-STORE_05-0039;STORE_05;CASH-09;2026-07-25 18:50:17;SKU-001;1;45000;0;CARD
REC-20260725-STORE_05-0039;STORE_05;CASH-02;2026-07-25 18:50:17;SKU-004;1;25000;1000;CASH
REC-20260725-STORE_05-0039;STORE_05;CASH-10;2026-07-25 18:50:17;SKU-004;3;25000;0;CARD
REC-20260725-STORE_05-0040;STORE_05;CASH-01;2026-07-25 9:25:08;SKU-041;1;25000;500;CASH
REC-20260725-STORE_05-0041;STORE_05;CASH-09;2026-07-25 18:52:07;SKU-009;2;25000;1000;CASH
REC-20260725-STORE_05-0041;STORE_05;CASH-05;2026-07-25 18:52:07;SKU-004;3;25000;0;CARD
REC-20260725-STORE_05-0041;STORE_05;CASH-01;2026-07-25 18:52:07;SKU-001;1;45000;1000;CARD
REC-20260725-STORE_05-0041;STORE_05;CASH-08;2026-07-25 18:52:07;SKU-010;1;25000;0;CARD
REC-20260725-STORE_05-0042;STORE_05;CASH-04;2026-07-25 8:43:42;SKU-038;2;12000;0;CARD
REC-20260725-STORE_05-0042;STORE_05;CASH-07;2026-07-25 8:43:42;SKU-034;4;25000;0;CARD
REC-20260725-STORE_05-0043;STORE_05;CASH-09;2026-07-25 19:53:36;SKU-001;4;45000;0;CARD
REC-20260725-STORE_05-0043;STORE_05;CASH-06;2026-07-25 19:53:36;SKU-002;4;12000;0;CARD
REC-20260725-STORE_05-0044;STORE_05;CASH-04;2026-07-25 17:48:20;SKU-043;3;25000;0;CASH
REC-20260725-STORE_05-0045;STORE_05;CASH-08;2026-07-25 16:19:38;SKU-044;4;5000;0;CASH
REC-20260725-STORE_05-0045;STORE_05;CASH-07;2026-07-25 16:19:38;SKU-036;1;45000;0;CARD
REC-20260725-STORE_05-0045;STORE_05;CASH-07;2026-07-25 16:19:38;SKU-001;1;45000;0;CARD
REC-20260725-STORE_05-0046;STORE_05;CASH-02;2026-07-25 19:09:42;SKU-001;4;45000;0;CASH
REC-20260725-STORE_05-0046;STORE_05;CASH-10;2026-07-25 19:09:42;SKU-003;3;45000;0;CARD
REC-20260725-STORE_05-0046;STORE_05;CASH-01;2026-07-25 19:09:42;SKU-001;1;45000;500;CARD
REC-20260725-STORE_05-0047;STORE_05;CASH-08;2026-07-25 12:35:34;SKU-001;3;45000;500;CASH
REC-20260725-STORE_05-0047;STORE_05;CASH-09;2026-07-25 12:35:34;SKU-009;3;25000;500;CARD
REC-20260725-STORE_05-0047;STORE_05;CASH-10;2026-07-25 12:35:34;SKU-001;3;45000;500;CARD
REC-20260725-STORE_05-0048;STORE_05;CASH-01;2026-07-25 15:51:21;SKU-033;1;5000;1000;CASH
REC-20260725-STORE_05-0048;STORE_05;CASH-10;2026-07-25 15:51:21;SKU-037;3;45000;1000;CARD
REC-20260725-STORE_05-0049;STORE_05;CASH-09;2026-07-25 14:59:29;SKU-020;1;12000;0;CARD
REC-20260725-STORE_05-0049;STORE_05;CASH-07;2026-07-25 14:59:29;SKU-033;2;5000;1000;CASH
REC-20260725-STORE_05-0049;STORE_05;CASH-01;2026-07-25 14:59:29;SKU-002;3;12000;1000;CARD
REC-20260725-STORE_05-0049;STORE_05;CASH-07;2026-07-25 14:59:29;SKU-001;2;45000;0;CASH
REC-20260725-STORE_05-0049;STORE_05;CASH-09;2026-07-25 14:59:29;SKU-032;2;25000;0;CARD
REC-20260725-STORE_05-0050;STORE_05;CASH-08;2026-07-25 18:15:31;SKU-023;4;45000;0;CARD
REC-20260725-STORE_05-0050;STORE_05;CASH-10;2026-07-25 18:15:31;SKU-026;1;12000;500;CARD
REC-20260725-STORE_05-0050;STORE_05;CASH-09;2026-07-25 18:15:31;SKU-048;1;25000;0;CASH
REC-20260725-STORE_05-0051;STORE_05;CASH-02;2026-07-25 19:15:35;SKU-021;3;5000;500;CARD
REC-20260725-STORE_05-0051;STORE_05;CASH-08;2026-07-25 19:15:35;SKU-002;4;12000;0;CARD
REC-20260725-STORE_05-0051;STORE_05;CASH-05;2026-07-25 19:15:35;SKU-001;2;45000;0;CARD
REC-20260725-STORE_05-0051;STORE_05;CASH-02;2026-07-25 19:15:35;SKU-008;2;12000;1000;CARD
REC-20260725-STORE_05-0051;STORE_05;CASH-03;2026-07-25 19:15:35;SKU-009;1;25000;0;CARD
REC-20260725-STORE_05-0052;STORE_05;CASH-10;2026-07-25 21:49:00;SKU-001;2;45000;0;CARD
REC-20260725-STORE_05-0052;STORE_05;CASH-07;2026-07-25 21:49:00;SKU-010;3;25000;500;CARD
REC-20260725-STORE_05-0052;STORE_05;CASH-04;2026-07-25 21:49:00;SKU-004;4;25000;1000;CARD
REC-20260725-STORE_05-0052;STORE_05;CASH-03;2026-07-25 21:49:00;SKU-016;4;25000;0;CARD
REC-20260725-STORE_05-0052;STORE_05;CASH-09;2026-07-25 21:49:00;SKU-015;1;5000;500;CARD
REC-20260725-STORE_05-0053;STORE_05;CASH-09;2026-07-25 12:53:23;SKU-036;4;45000;0;CARD
REC-20260725-STORE_05-0054;STORE_05;CASH-10;2026-07-25 20:10:21;SKU-002;3;12000;500;CASH
REC-20260725-STORE_05-0054;STORE_05;CASH-10;2026-07-25 20:10:21;SKU-010;2;25000;1000;CASH
REC-20260725-STORE_05-0054;STORE_05;CASH-10;2026-07-25 20:10:21;SKU-019;3;25000;0;CARD
REC-20260725-STORE_05-0054;STORE_05;CASH-03;2026-07-25 20:10:21;SKU-019;1;25000;0;CASH
REC-20260725-STORE_05-0055;STORE_05;CASH-03;2026-07-25 11:38:29;SKU-005;3;5000;1000;CARD
REC-20260725-STORE_05-0055;STORE_05;CASH-07;2026-07-25 11:38:29;SKU-012;4;45000;0;CARD
REC-20260725-STORE_05-0056;STORE_05;CASH-05;2026-07-25 15:32:32;SKU-002;2;12000;1000;CARD
REC-20260725-STORE_05-0056;STORE_05;CASH-10;2026-07-25 15:32:32;SKU-004;2;25000;1000;CARD
REC-20260725-STORE_05-0056;STORE_05;CASH-05;2026-07-25 15:32:32;SKU-003;1;45000;0;CARD
REC-20260725-STORE_05-0056;STORE_05;CASH-07;2026-07-25 15:32:32;SKU-007;2;12000;0;CASH
REC-20260725-STORE_05-0057;STORE_05;CASH-08;2026-07-25 13:30:41;SKU-016;2;25000;0;CASH
REC-20260725-STORE_05-0057;STORE_05;CASH-05;2026-07-25 13:30:41;SKU-019;1;25000;0;CASH
REC-20260725-STORE_05-0057;STORE_05;CASH-04;2026-07-25 13:30:41;SKU-009;2;25000;0;CARD
REC-20260725-STORE_05-0058;STORE_05;CASH-05;2026-07-25 20:00:07;SKU-048;4;25000;0;CARD
REC-20260725-STORE_05-0058;STORE_05;CASH-02;2026-07-25 20:00:07;SKU-010;3;25000;1000;CARD
REC-20260725-STORE_05-0059;STORE_05;CASH-07;2026-07-25 10:20:08;SKU-003;4;45000;0;CARD
REC-20260725-STORE_05-0059;STORE_05;CASH-10;2026-07-25 10:20:08;SKU-016;3;25000;0;CARD
REC-20260725-STORE_05-0059;STORE_05;CASH-02;2026-07-25 10:20:08;SKU-001;3;45000;0;CARD
REC-20260725-STORE_05-0060;STORE_05;CASH-02;2026-07-25 16:56:09;SKU-005;2;5000;0;CASH
REC-20260725-STORE_05-0060;STORE_05;CASH-06;2026-07-25 16:56:09;SKU-003;1;45000;0;CASH
REC-20260725-STORE_05-0060;STORE_05;CASH-01;2026-07-25 16:56:09;SKU-001;2;45000;0;CASH
REC-20260725-STORE_05-0061;STORE_05;CASH-02;2026-07-25 13:46:03;SKU-029;1;5000;500;CASH
REC-20260725-STORE_05-0061;STORE_05;CASH-09;2026-07-25 13:46:03;SKU-007;4;12000;500;CASH
REC-20260725-STORE_05-0062;STORE_05;CASH-02;2026-07-25 8:35:49;SKU-008;2;12000;1000;CARD
REC-20260725-STORE_05-0062;STORE_05;CASH-09;2026-07-25 8:35:49;SKU-003;2;45000;0;CARD
REC-20260725-STORE_05-0062;STORE_05;CASH-05;2026-07-25 8:35:49;SKU-001;2;45000;0;CARD
REC-20260725-STORE_05-0063;STORE_05;CASH-06;2026-07-25 11:51:18;SKU-001;1;45000;0;CARD
REC-20260725-STORE_05-0064;STORE_05;CASH-09;2026-07-25 21:40:22;SKU-001;3;45000;1000;CASH
REC-20260725-STORE_05-0064;STORE_05;CASH-06;2026-07-25 21:40:22;SKU-001;2;45000;0;CARD
REC-20260725-STORE_05-0064;STORE_05;CASH-07;2026-07-25 21:40:22;SKU-001;1;45000;1000;CARD
REC-20260725-STORE_05-0065;STORE_05;CASH-05;2026-07-25 12:55:26;SKU-002;3;12000;0;CARD
REC-20260725-STORE_05-0065;STORE_05;CASH-07;2026-07-25 12:55:26;SKU-033;3;5000;1000;CARD
REC-20260725-STORE_05-0066;STORE_05;CASH-01;2026-07-25 20:06:37;SKU-001;1;45000;0;CARD
REC-20260725-STORE_05-0066;STORE_05;CASH-09;2026-07-25 20:06:37;SKU-002;1;12000;500;CASH
REC-20260725-STORE_05-0066;STORE_05;CASH-05;2026-07-25 20:06:37;SKU-049;4;5000;0;CARD
REC-20260725-STORE_05-0067;STORE_05;CASH-10;2026-07-25 17:32:22;SKU-002;4;12000;1000;CARD
REC-20260725-STORE_05-0067;STORE_05;CASH-02;2026-07-25 17:32:22;SKU-048;4;25000;0;CARD
REC-20260725-STORE_05-0067;STORE_05;CASH-03;2026-07-25 17:32:22;SKU-023;4;45000;0;CARD
REC-20260725-STORE_05-0067;STORE_05;CASH-05;2026-07-25 17:32:22;SKU-017;3;12000;0;CASH
REC-20260725-STORE_05-0067;STORE_05;CASH-06;2026-07-25 17:32:22;SKU-001;4;45000;500;CASH
REC-20260725-STORE_05-0068;STORE_05;CASH-09;2026-07-25 18:42:07;SKU-002;3;12000;0;CARD
REC-20260725-STORE_05-0068;STORE_05;CASH-02;2026-07-25 18:42:07;SKU-016;1;25000;500;CARD
REC-20260725-STORE_05-0068;STORE_05;CASH-02;2026-07-25 18:42:07;SKU-031;4;45000;0;CARD
REC-20260725-STORE_05-0069;STORE_05;CASH-09;2026-07-25 11:32:51;SKU-001;4;45000;1000;CARD
REC-20260725-STORE_05-0070;STORE_05;CASH-03;2026-07-25 17:12:13;SKU-005;3;5000;0;CASH
REC-20260725-STORE_05-0070;STORE_05;CASH-10;2026-07-25 17:12:13;SKU-004;2;25000;1000;CARD
REC-20260725-STORE_05-0071;STORE_05;CASH-05;2026-07-25 17:02:19;SKU-001;4;45000;0;CARD
REC-20260725-STORE_05-0071;STORE_05;CASH-02;2026-07-25 17:02:19;SKU-018;1;5000;1000;CARD
REC-20260725-STORE_05-0072;STORE_05;CASH-07;2026-07-25 19:34:18;SKU-003;3;45000;1000;CARD
REC-20260725-STORE_05-0072;STORE_05;CASH-10;2026-07-25 19:34:18;SKU-010;3;25000;0;CASH
REC-20260725-STORE_05-0072;STORE_05;CASH-05;2026-07-25 19:34:18;SKU-001;4;45000;500;CARD
REC-20260725-STORE_05-0073;STORE_05;CASH-10;2026-07-25 8:03:22;SKU-017;3;12000;0;CASH
REC-20260725-STORE_05-0073;STORE_05;CASH-08;2026-07-25 8:03:22;SKU-012;4;45000;1000;CARD
REC-20260725-STORE_05-0073;STORE_05;CASH-02;2026-07-25 8:03:22;SKU-011;2;5000;500;CARD
REC-20260725-STORE_05-0073;STORE_05;CASH-10;2026-07-25 8:03:22;SKU-003;2;45000;500;CARD
REC-20260725-STORE_05-0073;STORE_05;CASH-10;2026-07-25 8:03:22;SKU-001;1;45000;1000;CARD
REC-20260725-STORE_05-0074;STORE_05;CASH-08;2026-07-25 14:53:12;SKU-001;3;45000;0;CARD
REC-20260725-STORE_05-0074;STORE_05;CASH-10;2026-07-25 14:53:12;SKU-001;3;45000;0;CASH
REC-20260725-STORE_05-0075;STORE_05;CASH-07;2026-07-25 9:26:24;SKU-001;1;45000;1000;CASH
REC-20260725-STORE_05-0076;STORE_05;CASH-02;2026-07-25 16:45:13;SKU-004;4;25000;1000;CASH
REC-20260725-STORE_05-0076;STORE_05;CASH-03;2026-07-25 16:45:13;SKU-002;1;12000;0;CASH
REC-20260725-STORE_05-0077;STORE_05;CASH-07;2026-07-25 16:48:06;SKU-007;4;12000;0;CARD
REC-20260725-STORE_05-0078;STORE_05;CASH-08;2026-07-25 9:12:56;SKU-005;3;5000;500;CARD
REC-20260725-STORE_05-0079;STORE_05;CASH-08;2026-07-25 10:26:39;SKU-006;2;45000;1000;CARD
REC-20260725-STORE_05-0079;STORE_05;CASH-08;2026-07-25 10:26:39;SKU-004;2;25000;0;CASH
REC-20260725-STORE_05-0080;STORE_05;CASH-02;2026-07-25 21:21:28;SKU-001;1;45000;0;CARD
REC-20260725-STORE_05-0080;STORE_05;CASH-04;2026-07-25 21:21:28;SKU-027;4;5000;1000;CARD
REC-20260725-STORE_05-0081;STORE_05;CASH-02;2026-07-25 10:11:22;SKU-042;1;5000;0;CARD
REC-20260725-STORE_05-0082;STORE_05;CASH-07;2026-07-25 13:57:03;SKU-021;2;5000;0;CASH
REC-20260725-STORE_05-0082;STORE_05;CASH-02;2026-07-25 13:57:03;SKU-001;1;45000;1000;CASH
REC-20260725-STORE_05-0082;STORE_05;CASH-04;2026-07-25 13:57:03;SKU-003;3;45000;1000;CARD
REC-20260725-STORE_05-0083;STORE_05;CASH-02;2026-07-25 9:08:12;SKU-003;1;45000;1000;CARD
REC-20260725-STORE_05-0083;STORE_05;CASH-05;2026-07-25 9:08:12;SKU-006;2;45000;500;CARD
REC-20260725-STORE_05-0083;STORE_05;CASH-06;2026-07-25 9:08:12;SKU-006;1;45000;1000;CARD
REC-20260725-STORE_05-0084;STORE_05;CASH-06;2026-07-25 20:27:54;SKU-002;4;12000;0;CARD
REC-20260725-STORE_05-0085;STORE_05;CASH-01;2026-07-25 15:04:18;SKU-025;4;5000;1000;CARD
REC-20260725-STORE_05-0085;STORE_05;CASH-08;2026-07-25 15:04:18;SKU-002;4;12000;1000;CARD
REC-20260725-STORE_05-0085;STORE_05;CASH-01;2026-07-25 15:04:18;SKU-020;3;12000;0;CARD
REC-20260725-STORE_05-0085;STORE_05;CASH-05;2026-07-25 15:04:18;SKU-015;3;5000;0;CASH
REC-20260725-STORE_05-0086;STORE_05;CASH-03;2026-07-25 10:01:29;SKU-007;1;12000;0;CARD
REC-20260725-STORE_05-0087;STORE_05;CASH-04;2026-07-25 17:29:58;SKU-037;4;45000;0;CASH
REC-20260725-STORE_05-0087;STORE_05;CASH-10;2026-07-25 17:29:58;SKU-039;4;5000;0;CARD
REC-20260725-STORE_05-0087;STORE_05;CASH-09;2026-07-25 17:29:58;SKU-001;1;45000;0;CASH
REC-20260725-STORE_05-0087;STORE_05;CASH-10;2026-07-25 17:29:58;SKU-006;2;45000;0;CARD
REC-20260725-STORE_05-0087;STORE_05;CASH-06;2026-07-25 17:29:58;SKU-001;4;45000;1000;CARD
REC-20260725-STORE_05-0088;STORE_05;CASH-01;2026-07-25 8:03:18;SKU-012;4;45000;0;CASH
REC-20260725-STORE_05-0088;STORE_05;CASH-02;2026-07-25 8:03:18;SKU-007;3;12000;500;CASH
REC-20260725-STORE_05-0089;STORE_05;CASH-01;2026-07-25 15:26:10;SKU-001;1;45000;0;CARD
REC-20260725-STORE_05-0089;STORE_05;CASH-07;2026-07-25 15:26:10;SKU-044;1;5000;500;CARD
REC-20260725-STORE_05-0089;STORE_05;CASH-05;2026-07-25 15:26:10;SKU-001;3;45000;1000;CARD
REC-20260725-STORE_05-0089;STORE_05;CASH-10;2026-07-25 15:26:10;SKU-001;1;45000;0;CASH
REC-20260725-STORE_05-0090;STORE_05;CASH-03;2026-07-25 16:08:22;SKU-028;1;5000;0;CARD
REC-20260725-STORE_05-0090;STORE_05;CASH-03;2026-07-25 16:08:22;SKU-041;2;25000;500;CARD
REC-20260725-STORE_05-0091;STORE_05;CASH-08;2026-07-25 20:00:08;SKU-001;1;45000;0;CARD
REC-20260725-STORE_05-0091;STORE_05;CASH-02;2026-07-25 20:00:08;SKU-006;4;45000;500;CARD
REC-20260725-STORE_05-0091;STORE_05;CASH-05;2026-07-25 20:00:08;SKU-023;2;45000;0;CARD
REC-20260725-STORE_05-0091;STORE_05;CASH-01;2026-07-25 20:00:08;SKU-001;4;45000;0;CARD
REC-20260725-STORE_05-0092;STORE_05;CASH-02;2026-07-25 9:33:08;SKU-032;4;25000;1000;CASH
REC-20260725-STORE_05-0092;STORE_05;CASH-06;2026-07-25 9:33:08;SKU-039;1;5000;0;CARD
REC-20260725-STORE_05-0092;STORE_05;CASH-01;2026-07-25 9:33:08;SKU-012;2;45000;0;CASH
REC-20260725-STORE_05-0093;STORE_05;CASH-07;2026-07-25 9:33:06;SKU-024;4;12000;0;CARD
REC-20260725-STORE_05-0093;STORE_05;CASH-03;2026-07-25 9:33:06;SKU-001;3;45000;0;CARD
REC-20260725-STORE_05-0093;STORE_05;CASH-05;2026-07-25 9:33:06;SKU-003;4;45000;1000;CARD
REC-20260725-STORE_05-0093;STORE_05;CASH-06;2026-07-25 9:33:06;SKU-003;2;45000;0;CARD
REC-20260725-STORE_05-0093;STORE_05;CASH-04;2026-07-25 9:33:06;SKU-022;1;12000;0;CARD
REC-20260725-STORE_05-0094;STORE_05;CASH-05;2026-07-25 8:07:44;SKU-004;3;25000;1000;CASH
REC-20260725-STORE_05-0094;STORE_05;CASH-07;2026-07-25 8:07:44;SKU-001;1;45000;0;CARD
REC-20260725-STORE_05-0094;STORE_05;CASH-10;2026-07-25 8:07:44;SKU-049;1;5000;500;CARD
REC-20260725-STORE_05-0094;STORE_05;CASH-05;2026-07-25 8:07:44;SKU-049;3;5000;0;CARD
REC-20260725-STORE_05-0095;STORE_05;CASH-05;2026-07-25 14:13:53;SKU-008;3;12000;500;CASH
REC-20260725-STORE_05-0095;STORE_05;CASH-04;2026-07-25 14:13:53;SKU-007;1;12000;0;CARD
REC-20260725-STORE_05-0096;STORE_05;CASH-05;2026-07-25 20:07:57;SKU-012;1;45000;0;CARD
REC-20260725-STORE_05-0096;STORE_05;CASH-02;2026-07-25 20:07:57;SKU-002;2;12000;0;CARD
REC-20260725-STORE_05-0097;STORE_05;CASH-03;2026-07-25 8:36:07;SKU-001;4;45000;1000;CARD
REC-20260725-STORE_05-0097;STORE_05;CASH-09;2026-07-25 8:36:07;SKU-003;1;45000;0;CASH
REC-20260725-STORE_05-0097;STORE_05;CASH-10;2026-07-25 8:36:07;SKU-018;1;5000;1000;CASH
REC-20260725-STORE_05-0097;STORE_05;CASH-03;2026-07-25 8:36:07;SKU-024;2;12000;0;CARD
REC-20260725-STORE_05-0098;STORE_05;CASH-02;2026-07-25 21:40:36;SKU-001;3;45000;0;CARD
REC-20260725-STORE_05-0098;STORE_05;CASH-01;2026-07-25 21:40:36;SKU-021;1;5000;0;CARD
REC-20260725-STORE_05-0098;STORE_05;CASH-04;2026-07-25 21:40:36;SKU-002;4;12000;0;CASH
REC-20260725-STORE_05-0098;STORE_05;CASH-07;2026-07-25 21:40:36;SKU-014;4;5000;500;CASH
REC-20260725-STORE_05-0099;STORE_05;CASH-02;2026-07-25 9:25:50;SKU-001;1;45000;500;CARD
REC-20260725-STORE_05-0100;STORE_05;CASH-03;2026-07-25 17:34:15;SKU-001;1;45000;500;CARD
REC-20260725-STORE_05-0100;STORE_05;CASH-08;2026-07-25 17:34:15;SKU-001;3;45000;0;CARD
REC-20260725-STORE_05-0101;STORE_05;CASH-07;2026-07-25 13:35:05;SKU-035;1;5000;1000;CARD
REC-20260725-STORE_05-0101;STORE_05;CASH-01;2026-07-25 13:35:05;SKU-013;2;12000;0;CARD
REC-20260725-STORE_05-0101;STORE_05;CASH-09;2026-07-25 13:35:05;SKU-046;1;25000;0;CASH
REC-20260725-STORE_05-0101;STORE_05;CASH-06;2026-07-25 13:35:05;SKU-022;3;12000;1000;CARD
REC-20260725-STORE_05-0101;STORE_05;CASH-09;2026-07-25 13:35:05;SKU-004;1;25000;1000;CARD
REC-20260725-STORE_05-0102;STORE_05;CASH-03;2026-07-25 17:11:00;SKU-001;1;45000;0;CARD
REC-20260725-STORE_05-0102;STORE_05;CASH-01;2026-07-25 17:11:00;SKU-001;1;45000;0;CARD
REC-20260725-STORE_05-0102;STORE_05;CASH-06;2026-07-25 17:11:00;SKU-001;3;45000;500;CARD
REC-20260725-STORE_05-0102;STORE_05;CASH-07;2026-07-25 17:11:00;SKU-004;3;25000;0;CASH
REC-20260725-STORE_05-0103;STORE_05;CASH-08;2026-07-25 9:05:18;SKU-002;1;12000;1000;CARD
REC-20260725-STORE_05-0103;STORE_05;CASH-08;2026-07-25 9:05:18;SKU-034;2;25000;500;CASH
REC-20260725-STORE_05-0103;STORE_05;CASH-05;2026-07-25 9:05:18;SKU-022;3;12000;1000;CARD
REC-20260725-STORE_05-0103;STORE_05;CASH-06;2026-07-25 9:05:18;SKU-003;4;45000;500;CARD
REC-20260725-STORE_05-0103;STORE_05;CASH-02;2026-07-25 9:05:18;SKU-005;1;5000;0;CASH
REC-20260725-STORE_05-0104;STORE_05;CASH-02;2026-07-25 19:43:37;SKU-001;4;45000;0;CARD
REC-20260725-STORE_05-0104;STORE_05;CASH-07;2026-07-25 19:43:37;SKU-001;1;45000;0;CARD
REC-20260725-STORE_05-0104;STORE_05;CASH-03;2026-07-25 19:43:37;SKU-034;4;25000;500;CARD
REC-20260725-STORE_05-0105;STORE_05;CASH-01;2026-07-25 10:06:32;SKU-001;3;45000;0;CASH
REC-20260725-STORE_05-0105;STORE_05;CASH-08;2026-07-25 10:06:32;SKU-045;1;45000;0;CARD
REC-20260725-STORE_05-0106;STORE_05;CASH-02;2026-07-25 11:54:14;SKU-029;3;5000;0;CASH
REC-20260725-STORE_05-0106;STORE_05;CASH-01;2026-07-25 11:54:14;SKU-027;4;5000;0;CARD
REC-20260725-STORE_05-0107;STORE_05;CASH-03;2026-07-25 9:42:03;SKU-015;3;5000;500;CARD
REC-20260725-STORE_05-0107;STORE_05;CASH-05;2026-07-25 9:42:03;SKU-040;2;25000;0;CASH
REC-20260725-STORE_05-0107;STORE_05;CASH-10;2026-07-25 9:42:03;SKU-009;4;25000;0;CARD
REC-20260725-STORE_05-0107;STORE_05;CASH-07;2026-07-25 9:42:03;SKU-006;4;45000;500;CARD
REC-20260725-STORE_05-0107;STORE_05;CASH-10;2026-07-25 9:42:03;SKU-001;3;45000;0;CARD
REC-20260725-STORE_05-0108;STORE_05;CASH-09;2026-07-25 17:18:53;SKU-027;1;5000;1000;CARD
REC-20260725-STORE_05-0108;STORE_05;CASH-10;2026-07-25 17:18:53;SKU-004;2;25000;1000;CARD
REC-20260725-STORE_05-0109;STORE_05;CASH-07;2026-07-25 17:34:36;SKU-001;1;45000;0;CARD
REC-20260725-STORE_05-0109;STORE_05;CASH-05;2026-07-25 17:34:36;SKU-001;4;45000;1000;CARD
REC-20260725-STORE_05-0110;STORE_05;CASH-03;2026-07-25 10:07:03;SKU-018;1;5000;500;CARD
REC-20260725-STORE_05-0110;STORE_05;CASH-01;2026-07-25 10:07:03;SKU-001;4;45000;1000;CARD
REC-20260725-STORE_05-0111;STORE_05;CASH-10;2026-07-25 12:44:15;SKU-001;4;45000;0;CARD
REC-20260725-STORE_05-0111;STORE_05;CASH-06;2026-07-25 12:44:15;SKU-011;3;5000;0;CARD
REC-20260725-STORE_05-0111;STORE_05;CASH-08;2026-07-25 12:44:15;SKU-010;1;25000;0;CASH
REC-20260725-STORE_05-0111;STORE_05;CASH-05;2026-07-25 12:44:15;SKU-002;3;12000;1000;CARD
REC-20260725-STORE_05-0112;STORE_05;CASH-02;2026-07-25 11:37:52;SKU-032;3;25000;0;CASH
REC-20260725-STORE_05-0112;STORE_05;CASH-08;2026-07-25 11:37:52;SKU-001;3;45000;0;CARD
REC-20260725-STORE_05-0112;STORE_05;CASH-04;2026-07-25 11:37:52;SKU-002;4;12000;500;CASH
REC-20260725-STORE_05-0112;STORE_05;CASH-08;2026-07-25 11:37:52;SKU-006;4;45000;500;CASH
REC-20260725-STORE_05-0112;STORE_05;CASH-09;2026-07-25 11:37:52;SKU-002;3;12000;500;CARD
REC-20260725-STORE_05-0113;STORE_05;CASH-04;2026-07-25 21:03:41;SKU-013;3;12000;0;CARD
REC-20260725-STORE_05-0113;STORE_05;CASH-10;2026-07-25 21:03:41;SKU-006;3;45000;0;CARD
REC-20260725-STORE_05-0113;STORE_05;CASH-07;2026-07-25 21:03:41;SKU-005;3;5000;1000;CASH
REC-20260725-STORE_05-0113;STORE_05;CASH-03;2026-07-25 21:03:41;SKU-018;1;5000;1000;CARD
REC-20260725-STORE_05-0114;STORE_05;CASH-06;2026-07-25 16:17:53;SKU-003;2;45000;0;CARD
REC-20260725-STORE_05-0114;STORE_05;CASH-07;2026-07-25 16:17:53;SKU-001;1;45000;0;CARD
REC-20260725-STORE_05-0114;STORE_05;CASH-06;2026-07-25 16:17:53;SKU-003;3;45000;1000;CARD
REC-20260725-STORE_05-0114;STORE_05;CASH-10;2026-07-25 16:17:53;SKU-007;1;12000;1000;CASH
REC-20260725-STORE_05-0114;STORE_05;CASH-07;2026-07-25 16:17:53;SKU-038;1;12000;500;CARD
REC-20260725-STORE_05-0115;STORE_05;CASH-04;2026-07-25 17:21:46;SKU-001;1;45000;1000;CASH
REC-20260725-STORE_05-0115;STORE_05;CASH-02;2026-07-25 17:21:46;SKU-024;1;12000;0;CASH
REC-20260725-STORE_05-0115;STORE_05;CASH-04;2026-07-25 17:21:46;SKU-001;4;45000;0;CARD
REC-20260725-STORE_05-0115;STORE_05;CASH-03;2026-07-25 17:21:46;SKU-002;1;12000;1000;CARD
REC-20260725-STORE_05-0116;STORE_05;CASH-03;2026-07-25 16:47:47;SKU-001;1;45000;500;CARD
REC-20260725-STORE_05-0116;STORE_05;CASH-02;2026-07-25 16:47:47;SKU-005;4;5000;0;CARD
REC-20260725-STORE_05-0117;STORE_05;CASH-06;2026-07-25 13:24:25;SKU-042;2;5000;0;CASH
REC-20260725-STORE_05-0118;STORE_05;CASH-04;2026-07-25 9:07:55;SKU-043;2;25000;0;CARD
REC-20260725-STORE_05-0118;STORE_05;CASH-05;2026-07-25 9:07:55;SKU-005;4;5000;0;CASH
REC-20260725-STORE_05-0118;STORE_05;CASH-09;2026-07-25 9:07:55;SKU-005;4;5000;0;CASH
REC-20260725-STORE_05-0118;STORE_05;CASH-05;2026-07-25 9:07:55;SKU-023;2;45000;0;CARD
REC-20260725-STORE_05-0119;STORE_05;CASH-01;2026-07-25 17:42:16;SKU-014;2;5000;1000;CARD
REC-20260725-STORE_05-0119;STORE_05;CASH-04;2026-07-25 17:42:16;SKU-001;1;45000;0;CARD
REC-20260725-STORE_05-0119;STORE_05;CASH-05;2026-07-25 17:42:16;SKU-004;2;25000;0;CARD
REC-20260725-STORE_05-0119;STORE_05;CASH-03;2026-07-25 17:42:16;SKU-007;1;12000;0;CARD
REC-20260725-STORE_05-0120;STORE_05;CASH-05;2026-07-25 13:57:49;SKU-006;2;45000;0;CASH
REC-20260725-STORE_05-0121;STORE_05;CASH-01;2026-07-25 18:23:30;SKU-010;4;25000;500;CARD
REC-20260725-STORE_05-0122;STORE_05;CASH-08;2026-07-25 10:48:02;SKU-006;3;45000;500;CARD
REC-20260725-STORE_05-0122;STORE_05;CASH-05;2026-07-25 10:48:02;SKU-001;3;45000;0;CARD
REC-20260725-STORE_05-0122;STORE_05;CASH-06;2026-07-25 10:48:02;SKU-047;4;5000;0;CARD
REC-20260725-STORE_05-0122;STORE_05;CASH-07;2026-07-25 10:48:02;SKU-003;1;45000;0;CASH
REC-20260725-STORE_05-0122;STORE_05;CASH-05;2026-07-25 10:48:02;SKU-002;2;12000;1000;CARD
REC-20260725-STORE_05-0123;STORE_05;CASH-10;2026-07-25 11:23:09;SKU-001;3;45000;1000;CASH
REC-20260725-STORE_05-0123;STORE_05;CASH-08;2026-07-25 11:23:09;SKU-017;4;12000;1000;CARD
REC-20260725-STORE_05-0124;STORE_05;CASH-02;2026-07-25 17:54:24;SKU-004;4;25000;0;CARD
REC-20260725-STORE_05-0124;STORE_05;CASH-10;2026-07-25 17:54:24;SKU-030;3;45000;0;CARD
REC-20260725-STORE_05-0125;STORE_05;CASH-10;2026-07-25 12:19:33;SKU-020;2;12000;0;CASH
REC-20260725-STORE_05-0125;STORE_05;CASH-09;2026-07-25 12:19:33;SKU-005;2;5000;0;CARD
REC-20260725-STORE_05-0126;STORE_05;CASH-02;2026-07-25 15:11:07;SKU-001;1;45000;0;CARD
REC-20260725-STORE_05-0127;STORE_05;CASH-02;2026-07-25 9:08:49;SKU-007;3;12000;0;CASH
REC-20260725-STORE_05-0127;STORE_05;CASH-05;2026-07-25 9:08:49;SKU-008;4;12000;500;CASH
REC-20260725-STORE_05-0127;STORE_05;CASH-08;2026-07-25 9:08:49;SKU-004;4;25000;1000;CARD
REC-20260725-STORE_05-0127;STORE_05;CASH-06;2026-07-25 9:08:49;SKU-024;1;12000;0;CARD
REC-20260725-STORE_05-0127;STORE_05;CASH-05;2026-07-25 9:08:49;SKU-040;1;25000;500;CASH
REC-20260725-STORE_05-0128;STORE_05;CASH-06;2026-07-25 9:43:45;SKU-003;2;45000;0;CASH
REC-20260725-STORE_05-0128;STORE_05;CASH-06;2026-07-25 9:43:45;SKU-007;3;12000;0;CARD
REC-20260725-STORE_05-0128;STORE_05;CASH-01;2026-07-25 9:43:45;SKU-002;2;12000;500;CASH
REC-20260725-STORE_05-0129;STORE_05;CASH-10;2026-07-25 19:11:54;SKU-002;3;12000;0;CARD
REC-20260725-STORE_05-0129;STORE_05;CASH-10;2026-07-25 19:11:54;SKU-003;4;45000;1000;CARD
REC-20260725-STORE_05-0129;STORE_05;CASH-06;2026-07-25 19:11:54;SKU-045;4;45000;0;CARD
REC-20260725-STORE_05-0129;STORE_05;CASH-05;2026-07-25 19:11:54;SKU-016;1;25000;0;CASH
REC-20260725-STORE_05-0129;STORE_05;CASH-01;2026-07-25 19:11:54;SKU-004;3;25000;0;CARD
REC-20260725-STORE_05-0130;STORE_05;CASH-07;2026-07-25 16:03:42;SKU-022;1;12000;0;CARD
REC-20260725-STORE_05-0130;STORE_05;CASH-05;2026-07-25 16:03:42;SKU-001;4;45000;0;CARD
REC-20260725-STORE_05-0130;STORE_05;CASH-10;2026-07-25 16:03:42;SKU-023;3;45000;0;CASH
REC-20260725-STORE_05-0130;STORE_05;CASH-08;2026-07-25 16:03:42;SKU-003;2;45000;1000;CASH
REC-20260725-STORE_05-0131;STORE_05;CASH-05;2026-07-25 19:32:42;SKU-005;2;5000;1000;CARD
REC-20260725-STORE_05-0131;STORE_05;CASH-05;2026-07-25 19:32:42;SKU-001;4;45000;0;CASH
REC-20260725-STORE_05-0131;STORE_05;CASH-04;2026-07-25 19:32:42;SKU-001;3;45000;0;CASH
REC-20260725-STORE_05-0131;STORE_05;CASH-07;2026-07-25 19:32:42;SKU-012;3;45000;0;CARD
REC-20260725-STORE_05-0131;STORE_05;CASH-02;2026-07-25 19:32:42;SKU-001;1;45000;0;CARD
REC-20260725-STORE_05-0132;STORE_05;CASH-09;2026-07-25 20:41:15;SKU-006;2;45000;0;CARD
REC-20260725-STORE_05-0132;STORE_05;CASH-08;2026-07-25 20:41:15;SKU-001;2;45000;0;CARD
REC-20260725-STORE_05-0133;STORE_05;CASH-10;2026-07-25 18:10:47;SKU-012;2;45000;0;CARD
REC-20260725-STORE_05-0133;STORE_05;CASH-07;2026-07-25 18:10:47;SKU-002;2;12000;0;CARD
REC-20260725-STORE_05-0134;STORE_05;CASH-10;2026-07-25 11:29:37;SKU-004;4;25000;0;CARD
REC-20260725-STORE_05-0135;STORE_05;CASH-06;2026-07-25 20:03:21;SKU-004;3;25000;0;CARD
REC-20260725-STORE_05-0135;STORE_05;CASH-08;2026-07-25 20:03:21;SKU-007;4;12000;500;CARD
REC-20260725-STORE_05-0135;STORE_05;CASH-03;2026-07-25 20:03:21;SKU-001;2;45000;0;CARD
REC-20260725-STORE_05-0135;STORE_05;CASH-05;2026-07-25 20:03:21;SKU-007;4;12000;500;CARD
REC-20260725-STORE_05-0135;STORE_05;CASH-01;2026-07-25 20:03:21;SKU-011;2;5000;0;CASH
REC-20260725-STORE_05-0136;STORE_05;CASH-09;2026-07-25 12:58:55;SKU-045;4;45000;1000;CARD
REC-20260725-STORE_05-0136;STORE_05;CASH-03;2026-07-25 12:58:55;SKU-001;4;45000;1000;CASH
REC-20260725-STORE_05-0136;STORE_05;CASH-04;2026-07-25 12:58:55;SKU-010;4;25000;500;CARD
REC-20260725-STORE_05-0136;STORE_05;CASH-02;2026-07-25 12:58:55;SKU-001;2;45000;0;CARD
REC-20260725-STORE_05-0137;STORE_05;CASH-07;2026-07-25 18:13:36;SKU-012;3;45000;0;CASH
REC-20260725-STORE_05-0138;STORE_05;CASH-10;2026-07-25 14:00:32;SKU-003;2;45000;1000;CARD
REC-20260725-STORE_05-0138;STORE_05;CASH-07;2026-07-25 14:00:32;SKU-031;3;45000;0;CARD
REC-20260725-STORE_05-0138;STORE_05;CASH-05;2026-07-25 14:00:32;SKU-002;3;12000;500;CARD
REC-20260725-STORE_05-0139;STORE_05;CASH-09;2026-07-25 19:50:21;SKU-001;2;45000;0;CARD
REC-20260725-STORE_05-0139;STORE_05;CASH-08;2026-07-25 19:50:21;SKU-033;3;5000;500;CARD
REC-20260725-STORE_05-0139;STORE_05;CASH-08;2026-07-25 19:50:21;SKU-028;3;5000;1000;CARD
REC-20260725-STORE_05-0139;STORE_05;CASH-05;2026-07-25 19:50:21;SKU-002;1;12000;0;CASH
REC-20260725-STORE_05-0140;STORE_05;CASH-10;2026-07-25 18:42:44;SKU-001;2;45000;0;CARD
REC-20260725-STORE_05-0141;STORE_05;CASH-10;2026-07-25 10:22:56;SKU-043;2;25000;0;CARD
REC-20260725-STORE_05-0141;STORE_05;CASH-05;2026-07-25 10:22:56;SKU-004;2;25000;1000;CARD
REC-20260725-STORE_05-0142;STORE_05;CASH-10;2026-07-25 19:51:05;SKU-001;4;45000;1000;CASH
REC-20260725-STORE_05-0142;STORE_05;CASH-05;2026-07-25 19:51:05;SKU-011;4;5000;0;CASH
REC-20260725-STORE_05-0142;STORE_05;CASH-09;2026-07-25 19:51:05;SKU-013;3;12000;0;CASH
REC-20260725-STORE_05-0142;STORE_05;CASH-08;2026-07-25 19:51:05;SKU-003;2;45000;0;CASH
REC-20260725-STORE_05-0143;STORE_05;CASH-02;2026-07-25 12:31:39;SKU-005;4;5000;0;CARD
REC-20260725-STORE_05-0143;STORE_05;CASH-07;2026-07-25 12:31:39;SKU-002;3;12000;0;CASH
REC-20260725-STORE_05-0143;STORE_05;CASH-04;2026-07-25 12:31:39;SKU-002;4;12000;500;CARD
REC-20260725-STORE_05-0143;STORE_05;CASH-01;2026-07-25 12:31:39;SKU-002;1;12000;0;CARD
REC-20260725-STORE_05-0144;STORE_05;CASH-04;2026-07-25 21:01:49;SKU-033;1;5000;1000;CASH
REC-20260725-STORE_05-0144;STORE_05;CASH-03;2026-07-25 21:01:49;SKU-007;4;12000;0;CASH
REC-20260725-STORE_05-0144;STORE_05;CASH-08;2026-07-25 21:01:49;SKU-004;3;25000;0;CARD
REC-20260725-STORE_05-0145;STORE_05;CASH-03;2026-07-25 8:57:28;SKU-003;2;45000;500;CARD
REC-20260725-STORE_05-0145;STORE_05;CASH-04;2026-07-25 8:57:28;SKU-001;2;45000;0;CARD
REC-20260725-STORE_05-0145;STORE_05;CASH-02;2026-07-25 8:57:28;SKU-010;1;25000;0;CARD
REC-20260725-STORE_05-0146;STORE_05;CASH-02;2026-07-25 20:54:55;SKU-019;2;25000;0;CARD
REC-20260725-STORE_05-0146;STORE_05;CASH-05;2026-07-25 20:54:55;SKU-002;2;12000;500;CARD
REC-20260725-STORE_05-0146;STORE_05;CASH-03;2026-07-25 20:54:55;SKU-001;3;45000;0;CASH
REC-20260725-STORE_05-0147;STORE_05;CASH-06;2026-07-25 20:43:22;SKU-008;4;12000;500;CARD
REC-20260725-STORE_05-0147;STORE_05;CASH-06;2026-07-25 20:43:22;SKU-001;1;45000;0;CARD
REC-20260725-STORE_05-0147;STORE_05;CASH-05;2026-07-25 20:43:22;SKU-003;1;45000;500;CARD
REC-20260725-STORE_05-0147;STORE_05;CASH-04;2026-07-25 20:43:22;SKU-001;4;45000;1000;CARD
REC-20260725-STORE_05-0147;STORE_05;CASH-04;2026-07-25 20:43:22;SKU-010;3;25000;0;CASH
REC-20260725-STORE_05-0148;STORE_05;CASH-03;2026-07-25 10:29:47;SKU-003;1;45000;500;CARD
REC-20260725-STORE_05-0148;STORE_05;CASH-08;2026-07-25 10:29:47;SKU-002;4;12000;1000;CASH
REC-20260725-STORE_05-0148;STORE_05;CASH-05;2026-07-25 10:29:47;SKU-008;1;12000;0;CASH
REC-20260725-STORE_05-0149;STORE_05;CASH-04;2026-07-25 16:51:12;SKU-014;1;5000;0;CASH
REC-20260725-STORE_05-0149;STORE_05;CASH-01;2026-07-25 16:51:12;SKU-017;2;12000;500;CASH
REC-20260725-STORE_05-0149;STORE_05;CASH-10;2026-07-25 16:51:12;SKU-040;1;25000;0;CARD
REC-20260725-STORE_05-0149;STORE_05;CASH-10;2026-07-25 16:51:12;SKU-005;2;5000;500;CASH
REC-20260725-STORE_05-0150;STORE_05;CASH-06;2026-07-25 8:47:54;SKU-046;1;25000;0;CARD
REC-20260725-STORE_05-0150;STORE_05;CASH-01;2026-07-25 8:47:54;SKU-019;1;25000;0;CARD
REC-20260725-STORE_05-0150;STORE_05;CASH-07;2026-07-25 8:47:54;SKU-019;2;25000;0;CASH
REC-20260725-STORE_05-0151;STORE_05;CASH-07;2026-07-25 17:11:07;SKU-003;4;45000;0;CARD
REC-20260725-STORE_05-0151;STORE_05;CASH-06;2026-07-25 17:11:07;SKU-015;1;5000;1000;CASH
REC-20260725-STORE_05-0151;STORE_05;CASH-03;2026-07-25 17:11:07;SKU-040;2;25000;0;CASH
REC-20260725-STORE_05-0151;STORE_05;CASH-01;2026-07-25 17:11:07;SKU-011;3;5000;1000;CARD
REC-20260725-STORE_05-0151;STORE_05;CASH-05;2026-07-25 17:11:07;SKU-008;2;12000;0;CASH
REC-20260725-STORE_05-0152;STORE_05;CASH-05;2026-07-25 9:47:35;SKU-015;1;5000;0;CARD
REC-20260725-STORE_05-0153;STORE_05;CASH-09;2026-07-25 21:29:12;SKU-034;2;25000;0;CARD
REC-20260725-STORE_05-0153;STORE_05;CASH-09;2026-07-25 21:29:12;SKU-016;4;25000;500;CARD
REC-20260725-STORE_05-0153;STORE_05;CASH-08;2026-07-25 21:29:12;SKU-002;2;12000;0;CASH
REC-20260725-STORE_05-0153;STORE_05;CASH-01;2026-07-25 21:29:12;SKU-002;4;12000;0;CARD
REC-20260725-STORE_05-0153;STORE_05;CASH-01;2026-07-25 21:29:12;SKU-006;3;45000;0;CARD
REC-20260725-STORE_05-0154;STORE_05;CASH-03;2026-07-25 15:12:46;SKU-003;2;45000;500;CASH
REC-20260725-STORE_05-0155;STORE_05;CASH-03;2026-07-25 9:51:15;SKU-048;2;25000;0;CARD
REC-20260725-STORE_05-0156;STORE_05;CASH-08;2026-07-25 12:38:52;SKU-050;2;25000;500;CASH
REC-20260725-STORE_05-0156;STORE_05;CASH-05;2026-07-25 12:38:52;SKU-023;3;45000;0;CARD
REC-20260725-STORE_05-0156;STORE_05;CASH-08;2026-07-25 12:38:52;SKU-039;3;5000;1000;CARD
REC-20260725-STORE_05-0157;STORE_05;CASH-08;2026-07-25 20:07:19;SKU-001;1;45000;0;CARD
REC-20260725-STORE_05-0157;STORE_05;CASH-04;2026-07-25 20:07:19;SKU-022;1;12000;0;CASH
REC-20260725-STORE_05-0157;STORE_05;CASH-01;2026-07-25 20:07:19;SKU-002;4;12000;0;CARD
REC-20260725-STORE_05-0158;STORE_05;CASH-09;2026-07-25 17:06:23;SKU-003;1;45000;0;CARD
REC-20260725-STORE_05-0158;STORE_05;CASH-02;2026-07-25 17:06:23;SKU-002;4;12000;1000;CASH
REC-20260725-STORE_05-0158;STORE_05;CASH-03;2026-07-25 17:06:23;SKU-011;3;5000;0;CASH
REC-20260725-STORE_05-0159;STORE_05;CASH-07;2026-07-25 8:09:24;SKU-008;1;12000;0;CARD
REC-20260725-STORE_05-0159;STORE_05;CASH-04;2026-07-25 8:09:24;SKU-003;3;45000;0;CASH
REC-20260725-STORE_05-0159;STORE_05;CASH-05;2026-07-25 8:09:24;SKU-002;3;12000;0;CARD
REC-20260725-STORE_05-0159;STORE_05;CASH-10;2026-07-25 8:09:24;SKU-016;2;25000;0;CASH
REC-20260725-STORE_05-0159;STORE_05;CASH-10;2026-07-25 8:09:24;SKU-001;4;45000;1000;CASH
REC-20260725-STORE_05-0160;STORE_05;CASH-09;2026-07-25 21:51:42;SKU-001;1;45000;0;CARD
REC-20260725-STORE_05-0161;STORE_05;CASH-03;2026-07-25 16:01:56;SKU-003;3;45000;0;CASH
REC-20260725-STORE_05-0161;STORE_05;CASH-02;2026-07-25 16:01:56;SKU-007;2;12000;0;CASH
REC-20260725-STORE_05-0161;STORE_05;CASH-02;2026-07-25 16:01:56;SKU-002;2;12000;500;CARD
REC-20260725-STORE_05-0162;STORE_05;CASH-07;2026-07-25 8:01:48;SKU-005;1;5000;0;CARD
REC-20260725-STORE_05-0162;STORE_05;CASH-09;2026-07-25 8:01:48;SKU-001;1;45000;1000;CARD
REC-20260725-STORE_05-0162;STORE_05;CASH-01;2026-07-25 8:01:48;SKU-019;4;25000;0;CASH
REC-20260725-STORE_05-0162;STORE_05;CASH-03;2026-07-25 8:01:48;SKU-020;3;12000;0;CARD
REC-20260725-STORE_05-0162;STORE_05;CASH-10;2026-07-25 8:01:48;SKU-007;3;12000;1000;CARD
REC-20260725-STORE_05-0163;STORE_05;CASH-10;2026-07-25 8:29:45;SKU-016;2;25000;0;CARD
REC-20260725-STORE_05-0163;STORE_05;CASH-07;2026-07-25 8:29:45;SKU-027;3;5000;0;CARD
REC-20260725-STORE_05-0164;STORE_05;CASH-09;2026-07-25 16:06:36;SKU-006;2;45000;500;CARD
REC-20260725-STORE_05-0164;STORE_05;CASH-04;2026-07-25 16:06:36;SKU-001;2;45000;1000;CASH
REC-20260725-STORE_05-0164;STORE_05;CASH-01;2026-07-25 16:06:36;SKU-004;2;25000;0;CARD
REC-20260725-STORE_05-0164;STORE_05;CASH-06;2026-07-25 16:06:36;SKU-001;1;45000;0;CARD
REC-20260725-STORE_05-0165;STORE_05;CASH-04;2026-07-25 21:29:41;SKU-013;2;12000;0;CARD
REC-20260725-STORE_05-0165;STORE_05;CASH-10;2026-07-25 21:29:41;SKU-008;1;12000;500;CASH
REC-20260725-STORE_05-0165;STORE_05;CASH-05;2026-07-25 21:29:41;SKU-002;2;12000;500;CARD
REC-20260725-STORE_05-0165;STORE_05;CASH-06;2026-07-25 21:29:41;SKU-021;2;5000;0;CARD
REC-20260725-STORE_05-0166;STORE_05;CASH-09;2026-07-25 15:09:43;SKU-002;4;12000;0;CARD
REC-20260725-STORE_05-0166;STORE_05;CASH-01;2026-07-25 15:09:43;SKU-001;3;45000;0;CARD
REC-20260725-STORE_05-0166;STORE_05;CASH-10;2026-07-25 15:09:43;SKU-043;1;25000;500;CASH
REC-20260725-STORE_05-0166;STORE_05;CASH-04;2026-07-25 15:09:43;SKU-001;1;45000;0;CASH
REC-20260725-STORE_05-0167;STORE_05;CASH-03;2026-07-25 8:02:01;SKU-012;1;45000;0;CARD
REC-20260725-STORE_05-0167;STORE_05;CASH-06;2026-07-25 8:02:01;SKU-027;3;5000;0;CASH
REC-20260725-STORE_05-0168;STORE_05;CASH-10;2026-07-25 14:49:23;SKU-003;4;45000;500;CASH
REC-20260725-STORE_05-0168;STORE_05;CASH-05;2026-07-25 14:49:23;SKU-007;2;12000;0;CARD
REC-20260725-STORE_05-0168;STORE_05;CASH-07;2026-07-25 14:49:23;SKU-004;3;25000;500;CASH
REC-20260725-STORE_05-0169;STORE_05;CASH-03;2026-07-25 11:37:15;SKU-001;4;45000;1000;CASH
REC-20260725-STORE_05-0169;STORE_05;CASH-09;2026-07-25 11:37:15;SKU-030;1;45000;0;CARD
REC-20260725-STORE_05-0169;STORE_05;CASH-06;2026-07-25 11:37:15;SKU-033;4;5000;0;CASH
REC-20260725-STORE_05-0169;STORE_05;CASH-03;2026-07-25 11:37:15;SKU-028;3;5000;0;CARD
REC-20260725-STORE_05-0170;STORE_05;CASH-02;2026-07-25 16:14:15;SKU-013;4;12000;500;CARD
REC-20260725-STORE_05-0171;STORE_05;CASH-09;2026-07-25 19:54:57;SKU-014;1;5000;1000;CARD
REC-20260725-STORE_05-0171;STORE_05;CASH-04;2026-07-25 19:54:57;SKU-001;3;45000;1000;CARD
REC-20260725-STORE_05-0172;STORE_05;CASH-06;2026-07-25 17:52:34;SKU-005;1;5000;0;CARD
REC-20260725-STORE_05-0173;STORE_05;CASH-07;2026-07-25 13:08:18;SKU-005;1;5000;0;CARD
REC-20260725-STORE_05-0173;STORE_05;CASH-07;2026-07-25 13:08:18;SKU-007;3;12000;0;CARD
REC-20260725-STORE_05-0173;STORE_05;CASH-04;2026-07-25 13:08:18;SKU-003;1;45000;500;CASH
REC-20260725-STORE_05-0174;STORE_05;CASH-06;2026-07-25 19:03:43;SKU-001;3;45000;1000;CASH
REC-20260725-STORE_05-0174;STORE_05;CASH-06;2026-07-25 19:03:43;SKU-001;1;45000;1000;CARD
REC-20260725-STORE_05-0174;STORE_05;CASH-01;2026-07-25 19:03:43;SKU-002;2;12000;500;CASH
REC-20260725-STORE_05-0174;STORE_05;CASH-09;2026-07-25 19:03:43;SKU-026;1;12000;0;CARD
REC-20260725-STORE_05-0175;STORE_05;CASH-07;2026-07-25 12:38:17;SKU-001;4;45000;0;CARD
REC-20260725-STORE_05-0175;STORE_05;CASH-09;2026-07-25 12:38:17;SKU-005;1;5000;0;CARD
REC-20260725-STORE_05-0175;STORE_05;CASH-05;2026-07-25 12:38:17;SKU-026;3;12000;1000;CASH
REC-20260725-STORE_05-0176;STORE_05;CASH-05;2026-07-25 19:54:11;SKU-004;2;25000;0;CASH
REC-20260725-STORE_05-0176;STORE_05;CASH-08;2026-07-25 19:54:11;SKU-018;1;5000;1000;CASH
REC-20260725-STORE_05-0176;STORE_05;CASH-08;2026-07-25 19:54:11;SKU-011;3;5000;1000;CARD
REC-20260725-STORE_05-0177;STORE_05;CASH-09;2026-07-25 10:44:41;SKU-045;3;45000;0;CASH
REC-20260725-STORE_05-0177;STORE_05;CASH-04;2026-07-25 10:44:41;SKU-004;4;25000;0;CARD
REC-20260725-STORE_05-0177;STORE_05;CASH-07;2026-07-25 10:44:41;SKU-020;4;12000;1000;CARD
REC-20260725-STORE_05-0178;STORE_05;CASH-08;2026-07-25 12:35:22;SKU-001;4;45000;0;CASH
REC-20260725-STORE_05-0179;STORE_05;CASH-05;2026-07-25 18:32:13;SKU-005;2;5000;0;CARD
REC-20260725-STORE_05-0179;STORE_05;CASH-08;2026-07-25 18:32:13;SKU-018;1;5000;0;CASH
REC-20260725-STORE_05-0179;STORE_05;CASH-05;2026-07-25 18:32:13;SKU-003;1;45000;1000;CARD
REC-20260725-STORE_05-0179;STORE_05;CASH-01;2026-07-25 18:32:13;SKU-002;2;12000;0;CARD
REC-20260725-STORE_05-0180;STORE_05;CASH-01;2026-07-25 10:57:24;SKU-006;2;45000;0;CARD
REC-20260725-STORE_05-0180;STORE_05;CASH-10;2026-07-25 10:57:24;SKU-033;3;5000;500;CARD
REC-20260725-STORE_05-0180;STORE_05;CASH-10;2026-07-25 10:57:24;SKU-018;1;5000;0;CASH
REC-20260725-STORE_05-0180;STORE_05;CASH-09;2026-07-25 10:57:24;SKU-001;3;45000;1000;CASH
REC-20260725-STORE_05-0180;STORE_05;CASH-10;2026-07-25 10:57:24;SKU-002;3;12000;0;CARD
REC-20260725-STORE_05-0181;STORE_05;CASH-07;2026-07-25 16:11:17;SKU-048;4;25000;500;CASH
REC-20260725-STORE_05-0181;STORE_05;CASH-09;2026-07-25 16:11:17;SKU-003;2;45000;0;CARD
REC-20260725-STORE_05-0181;STORE_05;CASH-03;2026-07-25 16:11:17;SKU-005;2;5000;0;CASH
REC-20260725-STORE_05-0181;STORE_05;CASH-02;2026-07-25 16:11:17;SKU-001;4;45000;0;CARD
REC-20260725-STORE_05-0182;STORE_05;CASH-02;2026-07-25 13:36:38;SKU-029;4;5000;1000;CASH
REC-20260725-STORE_05-0182;STORE_05;CASH-09;2026-07-25 13:36:38;SKU-002;2;12000;0;CARD
REC-20260725-STORE_05-0182;STORE_05;CASH-01;2026-07-25 13:36:38;SKU-004;4;25000;0;CASH
REC-20260725-STORE_05-0182;STORE_05;CASH-05;2026-07-25 13:36:38;SKU-023;2;45000;0;CARD
REC-20260725-STORE_05-0182;STORE_05;CASH-09;2026-07-25 13:36:38;SKU-006;3;45000;0;CARD
REC-20260725-STORE_05-0183;STORE_05;CASH-01;2026-07-25 20:17:54;SKU-014;4;5000;0;CASH
REC-20260725-STORE_05-0184;STORE_05;CASH-03;2026-07-25 11:01:18;SKU-002;3;12000;0;CASH
REC-20260725-STORE_05-0184;STORE_05;CASH-05;2026-07-25 11:01:18;SKU-002;1;12000;0;CASH
REC-20260725-STORE_05-0184;STORE_05;CASH-04;2026-07-25 11:01:18;SKU-003;2;45000;1000;CARD
REC-20260725-STORE_05-0184;STORE_05;CASH-01;2026-07-25 11:01:18;SKU-022;1;12000;1000;CARD
REC-20260725-STORE_05-0184;STORE_05;CASH-10;2026-07-25 11:01:18;SKU-027;1;5000;0;CASH
REC-20260725-STORE_05-0185;STORE_05;CASH-08;2026-07-25 9:58:19;SKU-006;2;45000;0;CARD
REC-20260725-STORE_05-0185;STORE_05;CASH-02;2026-07-25 9:58:19;SKU-004;2;25000;1000;CARD
REC-20260725-STORE_05-0185;STORE_05;CASH-10;2026-07-25 9:58:19;SKU-029;2;5000;1000;CARD
REC-20260725-STORE_05-0185;STORE_05;CASH-05;2026-07-25 9:58:19;SKU-013;4;12000;500;CASH
REC-20260725-STORE_05-0185;STORE_05;CASH-10;2026-07-25 9:58:19;SKU-005;4;5000;0;CARD
REC-20260725-STORE_05-0186;STORE_05;CASH-05;2026-07-25 15:42:21;SKU-015;2;5000;0;CARD
REC-20260725-STORE_05-0186;STORE_05;CASH-05;2026-07-25 15:42:21;SKU-001;2;45000;1000;CARD
REC-20260725-STORE_05-0187;STORE_05;CASH-05;2026-07-25 14:00:43;SKU-010;3;25000;500;CASH
REC-20260725-STORE_05-0187;STORE_05;CASH-09;2026-07-25 14:00:43;SKU-001;3;45000;500;CARD
REC-20260725-STORE_05-0187;STORE_05;CASH-09;2026-07-25 14:00:43;SKU-001;2;45000;0;CASH
REC-20260725-STORE_05-0187;STORE_05;CASH-06;2026-07-25 14:00:43;SKU-011;3;5000;0;CARD
REC-20260725-STORE_05-0187;STORE_05;CASH-07;2026-07-25 14:00:43;SKU-036;4;45000;0;CARD
REC-20260725-STORE_05-0188;STORE_05;CASH-09;2026-07-25 13:12:02;SKU-001;1;45000;500;CARD
REC-20260725-STORE_05-0189;STORE_05;CASH-05;2026-07-25 13:00:12;SKU-041;4;25000;1000;CARD
REC-20260725-STORE_05-0189;STORE_05;CASH-09;2026-07-25 13:00:12;SKU-041;3;25000;1000;CASH
REC-20260725-STORE_05-0189;STORE_05;CASH-03;2026-07-25 13:00:12;SKU-029;4;5000;500;CASH
REC-20260725-STORE_05-0190;STORE_05;CASH-05;2026-07-25 19:15:01;SKU-003;3;45000;0;CASH
REC-20260725-STORE_05-0190;STORE_05;CASH-03;2026-07-25 19:15:01;SKU-002;3;12000;500;CARD
REC-20260725-STORE_05-0190;STORE_05;CASH-03;2026-07-25 19:15:01;SKU-033;3;5000;0;CASH
REC-20260725-STORE_05-0190;STORE_05;CASH-08;2026-07-25 19:15:01;SKU-012;3;45000;1000;CASH
REC-20260725-STORE_05-0191;STORE_05;CASH-04;2026-07-25 9:08:56;SKU-004;2;25000;0;CARD
REC-20260725-STORE_05-0191;STORE_05;CASH-09;2026-07-25 9:08:56;SKU-011;3;5000;0;CARD
REC-20260725-STORE_05-0192;STORE_05;CASH-08;2026-07-25 21:51:08;SKU-009;4;25000;1000;CASH
REC-20260725-STORE_05-0193;STORE_05;CASH-03;2026-07-25 21:35:30;SKU-001;2;45000;0;CARD
REC-20260725-STORE_05-0193;STORE_05;CASH-02;2026-07-25 21:35:30;SKU-011;2;5000;0;CASH
REC-20260725-STORE_05-0193;STORE_05;CASH-05;2026-07-25 21:35:30;SKU-001;4;45000;0;CASH
REC-20260725-STORE_05-0193;STORE_05;CASH-02;2026-07-25 21:35:30;SKU-001;4;45000;0;CARD
REC-20260725-STORE_05-0193;STORE_05;CASH-03;2026-07-25 21:35:30;SKU-004;2;25000;0;CARD
REC-20260725-STORE_05-0194;STORE_05;CASH-07;2026-07-25 12:34:50;SKU-011;3;5000;0;CARD
REC-20260725-STORE_05-0195;STORE_05;CASH-01;2026-07-25 16:32:02;SKU-044;2;5000;0;CARD
REC-20260725-STORE_05-0195;STORE_05;CASH-09;2026-07-25 16:32:02;SKU-002;4;12000;0;CARD
REC-20260725-STORE_05-0195;STORE_05;CASH-04;2026-07-25 16:32:02;SKU-011;4;5000;500;CASH
REC-20260725-STORE_05-0196;STORE_05;CASH-03;2026-07-25 10:43:10;SKU-007;4;12000;0;CASH
REC-20260725-STORE_05-0196;STORE_05;CASH-05;2026-07-25 10:43:10;SKU-001;2;45000;0;CARD
REC-20260725-STORE_05-0197;STORE_05;CASH-02;2026-07-25 20:26:04;SKU-008;4;12000;1000;CARD
REC-20260725-STORE_05-0197;STORE_05;CASH-04;2026-07-25 20:26:04;SKU-007;2;12000;0;CASH
REC-20260725-STORE_05-0198;STORE_05;CASH-04;2026-07-25 20:00:44;SKU-002;2;12000;0;CARD
REC-20260725-STORE_05-0198;STORE_05;CASH-10;2026-07-25 20:00:44;SKU-001;3;45000;500;CARD
REC-20260725-STORE_05-0198;STORE_05;CASH-04;2026-07-25 20:00:44;SKU-004;3;25000;500;CASH
REC-20260725-STORE_05-0198;STORE_05;CASH-07;2026-07-25 20:00:44;SKU-002;1;12000;1000;CARD
REC-20260725-STORE_05-0199;STORE_05;CASH-02;2026-07-25 11:25:43;SKU-002;3;12000;500;CARD
REC-20260725-STORE_05-0199;STORE_05;CASH-08;2026-07-25 11:25:43;SKU-001;1;45000;1000;CARD
REC-20260725-STORE_05-0199;STORE_05;CASH-07;2026-07-25 11:25:43;SKU-003;4;45000;0;CARD
REC-20260725-STORE_05-0200;STORE_05;CASH-08;2026-07-25 21:48:54;SKU-008;2;12000;500;CASH
REC-20260725-STORE_05-0200;STORE_05;CASH-10;2026-07-25 21:48:54;SKU-011;1;5000;0;CARD
REC-20260725-STORE_05-0200;STORE_05;CASH-02;2026-07-25 21:48:54;SKU-005;4;5000;500;CARD
REC-20260725-STORE_05-0200;STORE_05;CASH-03;2026-07-25 21:48:54;SKU-045;4;45000;0;CASH
REC-20260725-STORE_05-0200;STORE_05;CASH-08;2026-07-25 21:48:54;SKU-004;4;25000;1000;CASH
REC-20260725-STORE_05-0201;STORE_05;CASH-10;2026-07-25 17:30:25;SKU-007;1;12000;0;CARD
REC-20260725-STORE_05-0201;STORE_05;CASH-02;2026-07-25 17:30:25;SKU-007;2;12000;0;CARD
REC-20260725-STORE_05-0201;STORE_05;CASH-06;2026-07-25 17:30:25;SKU-030;2;45000;0;CARD
REC-20260725-STORE_05-0201;STORE_05;CASH-06;2026-07-25 17:30:25;SKU-013;3;12000;0;CASH
REC-20260725-STORE_05-0202;STORE_05;CASH-01;2026-07-25 9:15:14;SKU-003;3;45000;0;CASH
REC-20260725-STORE_05-0202;STORE_05;CASH-04;2026-07-25 9:15:14;SKU-022;3;12000;500;CARD
REC-20260725-STORE_05-0203;STORE_05;CASH-08;2026-07-25 8:56:44;SKU-001;4;45000;1000;CARD
REC-20260725-STORE_05-0203;STORE_05;CASH-10;2026-07-25 8:56:44;SKU-002;1;12000;500;CASH
REC-20260725-STORE_05-0203;STORE_05;CASH-04;2026-07-25 8:56:44;SKU-008;4;12000;0;CASH
REC-20260725-STORE_05-0203;STORE_05;CASH-02;2026-07-25 8:56:44;SKU-001;2;45000;500;CARD
REC-20260725-STORE_05-0204;STORE_05;CASH-09;2026-07-25 13:26:02;SKU-025;2;5000;0;CARD
REC-20260725-STORE_05-0204;STORE_05;CASH-02;2026-07-25 13:26:02;SKU-003;4;45000;0;CARD
REC-20260725-STORE_05-0204;STORE_05;CASH-04;2026-07-25 13:26:02;SKU-038;4;12000;0;CARD
REC-20260725-STORE_05-0204;STORE_05;CASH-08;2026-07-25 13:26:02;SKU-009;2;25000;0;CARD
REC-20260725-STORE_05-0205;STORE_05;CASH-09;2026-07-25 21:52:26;SKU-001;4;45000;0;CARD
REC-20260725-STORE_05-0206;STORE_05;CASH-03;2026-07-25 14:59:54;SKU-001;3;45000;1000;CARD
REC-20260725-STORE_05-0206;STORE_05;CASH-10;2026-07-25 14:59:54;SKU-010;4;25000;0;CARD
REC-20260725-STORE_05-0207;STORE_05;CASH-08;2026-07-25 14:31:42;SKU-042;1;5000;500;CASH
REC-20260725-STORE_05-0207;STORE_05;CASH-03;2026-07-25 14:31:42;SKU-030;3;45000;0;CARD
REC-20260725-STORE_05-0208;STORE_05;CASH-06;2026-07-25 10:19:10;SKU-025;3;5000;0;CARD
REC-20260725-STORE_05-0209;STORE_05;CASH-06;2026-07-25 14:03:37;SKU-001;2;45000;0;CARD
REC-20260725-STORE_05-0210;STORE_05;CASH-10;2026-07-25 21:14:51;SKU-004;1;25000;0;CASH
REC-20260725-STORE_05-0211;STORE_05;CASH-05;2026-07-25 21:27:52;SKU-001;3;45000;500;CARD
REC-20260725-STORE_05-0211;STORE_05;CASH-01;2026-07-25 21:27:52;SKU-001;2;45000;0;CASH
REC-20260725-STORE_05-0211;STORE_05;CASH-06;2026-07-25 21:27:52;SKU-016;3;25000;0;CARD
REC-20260725-STORE_05-0212;STORE_05;CASH-05;2026-07-25 20:04:37;SKU-003;1;45000;500;CARD
REC-20260725-STORE_05-0212;STORE_05;CASH-08;2026-07-25 20:04:37;SKU-040;4;25000;500;CARD
REC-20260725-STORE_05-0212;STORE_05;CASH-09;2026-07-25 20:04:37;SKU-002;1;12000;0;CARD
REC-20260725-STORE_05-0212;STORE_05;CASH-06;2026-07-25 20:04:37;SKU-037;4;45000;1000;CASH
REC-20260725-STORE_05-0212;STORE_05;CASH-01;2026-07-25 20:04:37;SKU-010;3;25000;1000;CASH
REC-20260725-STORE_05-0213;STORE_05;CASH-10;2026-07-25 11:21:19;SKU-020;1;12000;0;CARD
REC-20260725-STORE_05-0213;STORE_05;CASH-04;2026-07-25 11:21:19;SKU-015;4;5000;500;CASH
REC-20260725-STORE_05-0213;STORE_05;CASH-04;2026-07-25 11:21:19;SKU-013;4;12000;500;CASH
REC-20260725-STORE_05-0213;STORE_05;CASH-02;2026-07-25 11:21:19;SKU-003;2;45000;0;CASH
REC-20260725-STORE_05-0214;STORE_05;CASH-10;2026-07-25 16:18:21;SKU-011;2;5000;0;CASH
REC-20260725-STORE_05-0214;STORE_05;CASH-08;2026-07-25 16:18:21;SKU-002;4;12000;500;CASH
REC-20260725-STORE_05-0215;STORE_05;CASH-02;2026-07-25 17:44:25;SKU-012;1;45000;500;CARD
REC-20260725-STORE_05-0215;STORE_05;CASH-07;2026-07-25 17:44:25;SKU-003;3;45000;1000;CARD
REC-20260725-STORE_05-0215;STORE_05;CASH-08;2026-07-25 17:44:25;SKU-001;3;45000;1000;CASH
REC-20260725-STORE_05-0216;STORE_05;CASH-06;2026-07-25 17:52:39;SKU-048;4;25000;0;CARD
REC-20260725-STORE_05-0216;STORE_05;CASH-04;2026-07-25 17:52:39;SKU-001;2;45000;0;CARD
REC-20260725-STORE_05-0216;STORE_05;CASH-09;2026-07-25 17:52:39;SKU-001;4;45000;0;CARD
REC-20260725-STORE_05-0216;STORE_05;CASH-06;2026-07-25 17:52:39;SKU-024;3;12000;0;CARD
REC-20260725-STORE_05-0217;STORE_05;CASH-01;2026-07-25 11:44:48;SKU-007;2;12000;1000;CASH
REC-20260725-STORE_05-0217;STORE_05;CASH-01;2026-07-25 11:44:48;SKU-032;1;25000;0;CASH
REC-20260725-STORE_05-0217;STORE_05;CASH-07;2026-07-25 11:44:48;SKU-007;2;12000;0;CARD
REC-20260725-STORE_05-0218;STORE_05;CASH-01;2026-07-25 11:28:22;SKU-001;3;45000;500;CARD
REC-20260725-STORE_05-0218;STORE_05;CASH-06;2026-07-25 11:28:22;SKU-002;2;12000;500;CARD
REC-20260725-STORE_05-0218;STORE_05;CASH-10;2026-07-25 11:28:22;SKU-002;3;12000;1000;CASH
REC-20260725-STORE_05-0218;STORE_05;CASH-04;2026-07-25 11:28:22;SKU-002;1;12000;500;CASH
REC-20260725-STORE_05-0219;STORE_05;CASH-02;2026-07-25 20:37:06;SKU-001;4;45000;0;CARD
REC-20260725-STORE_05-0220;STORE_05;CASH-01;2026-07-25 21:19:27;SKU-002;4;12000;0;CARD
REC-20260725-STORE_05-0220;STORE_05;CASH-03;2026-07-25 21:19:27;SKU-004;4;25000;1000;CASH
REC-20260725-STORE_05-0221;STORE_05;CASH-01;2026-07-25 15:05:41;SKU-001;4;45000;1000;CARD
REC-20260725-STORE_05-0221;STORE_05;CASH-08;2026-07-25 15:05:41;SKU-006;1;45000;1000;CARD
REC-20260725-STORE_05-0221;STORE_05;CASH-09;2026-07-25 15:05:41;SKU-002;3;12000;0;CASH
REC-20260725-STORE_05-0221;STORE_05;CASH-07;2026-07-25 15:05:41;SKU-025;1;5000;1000;CARD
REC-20260725-STORE_05-0222;STORE_05;CASH-10;2026-07-25 16:40:34;SKU-001;3;45000;0;CARD
REC-20260725-STORE_05-0222;STORE_05;CASH-08;2026-07-25 16:40:34;SKU-001;3;45000;0;CASH
REC-20260725-STORE_05-0222;STORE_05;CASH-05;2026-07-25 16:40:34;SKU-043;4;25000;1000;CASH
REC-20260725-STORE_05-0222;STORE_05;CASH-10;2026-07-25 16:40:34;SKU-002;3;12000;0;CARD
REC-20260725-STORE_05-0223;STORE_05;CASH-05;2026-07-25 15:04:29;SKU-001;4;45000;0;CARD
REC-20260725-STORE_05-0223;STORE_05;CASH-02;2026-07-25 15:04:29;SKU-008;2;12000;500;CASH
REC-20260725-STORE_05-0223;STORE_05;CASH-09;2026-07-25 15:04:29;SKU-012;4;45000;0;CASH
REC-20260725-STORE_05-0224;STORE_05;CASH-02;2026-07-25 9:42:56;SKU-001;3;45000;0;CARD
REC-20260725-STORE_05-0224;STORE_05;CASH-03;2026-07-25 9:42:56;SKU-001;1;45000;0;CARD
REC-20260725-STORE_05-0224;STORE_05;CASH-04;2026-07-25 9:42:56;SKU-030;4;45000;0;CARD
REC-20260725-STORE_05-0224;STORE_05;CASH-07;2026-07-25 9:42:56;SKU-018;2;5000;0;CASH
REC-20260725-STORE_05-0224;STORE_05;CASH-09;2026-07-25 9:42:56;SKU-001;3;45000;0;CARD
REC-20260725-STORE_05-0225;STORE_05;CASH-07;2026-07-25 13:34:56;SKU-009;2;25000;0;CARD
REC-20260725-STORE_05-0225;STORE_05;CASH-10;2026-07-25 13:34:56;SKU-003;2;45000;0;CARD
REC-20260725-STORE_05-0225;STORE_05;CASH-02;2026-07-25 13:34:56;SKU-037;1;45000;0;CARD
REC-20260725-STORE_05-0226;STORE_05;CASH-04;2026-07-25 13:28:47;SKU-004;4;25000;0;CASH
REC-20260725-STORE_05-0226;STORE_05;CASH-09;2026-07-25 13:28:47;SKU-008;4;12000;0;CARD
REC-20260725-STORE_05-0226;STORE_05;CASH-01;2026-07-25 13:28:47;SKU-011;2;5000;0;CASH
REC-20260725-STORE_05-0227;STORE_05;CASH-02;2026-07-25 18:00:00;SKU-005;4;5000;1000;CARD
REC-20260725-STORE_05-0228;STORE_05;CASH-03;2026-07-25 8:38:12;SKU-001;4;45000;1000;CARD
REC-20260725-STORE_05-0228;STORE_05;CASH-05;2026-07-25 8:38:12;SKU-012;3;45000;0;CARD
REC-20260725-STORE_05-0229;STORE_05;CASH-04;2026-07-25 21:30:21;SKU-004;1;25000;500;CARD
REC-20260725-STORE_05-0229;STORE_05;CASH-10;2026-07-25 21:30:21;SKU-005;4;5000;0;CASH
REC-20260725-STORE_05-0229;STORE_05;CASH-06;2026-07-25 21:30:21;SKU-007;2;12000;0;CASH
REC-20260725-STORE_05-0229;STORE_05;CASH-08;2026-07-25 21:30:21;SKU-001;2;45000;0;CASH
REC-20260725-STORE_05-0229;STORE_05;CASH-05;2026-07-25 21:30:21;SKU-003;3;45000;500;CARD
REC-20260725-STORE_05-0230;STORE_05;CASH-08;2026-07-25 21:33:13;SKU-038;3;12000;0;CASH
REC-20260725-STORE_05-0231;STORE_05;CASH-03;2026-07-25 21:26:02;SKU-007;2;12000;0;CARD
REC-20260725-STORE_05-0231;STORE_05;CASH-02;2026-07-25 21:26:02;SKU-002;2;12000;0;CARD
REC-20260725-STORE_05-0231;STORE_05;CASH-01;2026-07-25 21:26:02;SKU-007;4;12000;1000;CASH
REC-20260725-STORE_05-0231;STORE_05;CASH-02;2026-07-25 21:26:02;SKU-031;1;45000;500;CARD
REC-20260725-STORE_05-0232;STORE_05;CASH-01;2026-07-25 11:38:14;SKU-017;2;12000;0;CARD
REC-20260725-STORE_05-0232;STORE_05;CASH-02;2026-07-25 11:38:14;SKU-002;2;12000;500;CARD
REC-20260725-STORE_05-0233;STORE_05;CASH-06;2026-07-25 9:26:00;SKU-044;1;5000;0;CARD
REC-20260725-STORE_05-0233;STORE_05;CASH-06;2026-07-25 9:26:00;SKU-036;1;45000;0;CARD
REC-20260725-STORE_05-0233;STORE_05;CASH-09;2026-07-25 9:26:00;SKU-009;4;25000;0;CARD
REC-20260725-STORE_05-0234;STORE_05;CASH-08;2026-07-25 18:24:37;SKU-002;1;12000;500;CARD
REC-20260725-STORE_05-0234;STORE_05;CASH-03;2026-07-25 18:24:37;SKU-003;3;45000;0;CARD
REC-20260725-STORE_05-0234;STORE_05;CASH-05;2026-07-25 18:24:37;SKU-002;2;12000;500;CARD
REC-20260725-STORE_05-0235;STORE_05;CASH-06;2026-07-25 10:03:12;SKU-013;1;12000;0;CARD
REC-20260725-STORE_05-0235;STORE_05;CASH-08;2026-07-25 10:03:12;SKU-030;2;45000;0;CASH
REC-20260725-STORE_05-0235;STORE_05;CASH-03;2026-07-25 10:03:12;SKU-001;2;45000;1000;CARD
REC-20260725-STORE_05-0235;STORE_05;CASH-07;2026-07-25 10:03:12;SKU-002;4;12000;0;CARD
REC-20260725-STORE_05-0236;STORE_05;CASH-07;2026-07-25 21:45:24;SKU-001;4;45000;0;CASH
REC-20260725-STORE_05-0236;STORE_05;CASH-04;2026-07-25 21:45:24;SKU-006;4;45000;0;CASH
REC-20260725-STORE_05-0236;STORE_05;CASH-09;2026-07-25 21:45:24;SKU-004;1;25000;1000;CARD
REC-20260725-STORE_05-0237;STORE_05;CASH-03;2026-07-25 18:05:55;SKU-001;3;45000;500;CARD
REC-20260725-STORE_05-0238;STORE_05;CASH-10;2026-07-25 18:39:06;SKU-033;3;5000;0;CARD
REC-20260725-STORE_05-0238;STORE_05;CASH-03;2026-07-25 18:39:06;SKU-009;2;25000;1000;CARD
REC-20260725-STORE_05-0239;STORE_05;CASH-03;2026-07-25 16:53:43;SKU-010;4;25000;500;CARD
REC-20260725-STORE_05-0239;STORE_05;CASH-03;2026-07-25 16:53:43;SKU-001;2;45000;500;CARD
REC-20260725-STORE_05-0240;STORE_05;CASH-09;2026-07-25 20:50:20;SKU-016;1;25000;1000;CARD
REC-20260725-STORE_05-0240;STORE_05;CASH-06;2026-07-25 20:50:20;SKU-014;1;5000;0;CARD
REC-20260725-STORE_05-0240;STORE_05;CASH-07;2026-07-25 20:50:20;SKU-001;3;45000;0;CASH
REC-20260725-STORE_05-0241;STORE_05;CASH-10;2026-07-25 9:11:21;SKU-003;1;45000;0;CASH
REC-20260725-STORE_05-0241;STORE_05;CASH-03;2026-07-25 9:11:21;SKU-003;1;45000;500;CARD
REC-20260725-STORE_05-0241;STORE_05;CASH-08;2026-07-25 9:11:21;SKU-045;2;45000;0;CASH
REC-20260725-STORE_05-0241;STORE_05;CASH-03;2026-07-25 9:11:21;SKU-010;1;25000;0;CASH
REC-20260725-STORE_05-0242;STORE_05;CASH-02;2026-07-25 11:04:14;SKU-001;1;45000;1000;CARD
REC-20260725-STORE_05-0243;STORE_05;CASH-09;2026-07-25 8:14:22;SKU-007;3;12000;500;CARD
REC-20260725-STORE_05-0243;STORE_05;CASH-09;2026-07-25 8:14:22;SKU-026;3;12000;0;CARD
REC-20260725-STORE_05-0243;STORE_05;CASH-04;2026-07-25 8:14:22;SKU-018;4;5000;1000;CARD
REC-20260725-STORE_05-0243;STORE_05;CASH-03;2026-07-25 8:14:22;SKU-002;2;12000;0;CARD
REC-20260725-STORE_05-0244;STORE_05;CASH-06;2026-07-25 12:45:18;SKU-011;3;5000;1000;CASH
REC-20260725-STORE_05-0244;STORE_05;CASH-03;2026-07-25 12:45:18;SKU-002;4;12000;0;CARD
REC-20260725-STORE_05-0244;STORE_05;CASH-02;2026-07-25 12:45:18;SKU-001;3;45000;0;CARD
REC-20260725-STORE_05-0244;STORE_05;CASH-10;2026-07-25 12:45:18;SKU-002;1;12000;1000;CASH
REC-20260725-STORE_05-0244;STORE_05;CASH-05;2026-07-25 12:45:18;SKU-011;1;5000;500;CARD
REC-20260725-STORE_05-0245;STORE_05;CASH-02;2026-07-25 13:08:27;SKU-027;3;5000;0;CARD
REC-20260725-STORE_05-0245;STORE_05;CASH-01;2026-07-25 13:08:27;SKU-003;3;45000;500;CARD
REC-20260725-STORE_05-0245;STORE_05;CASH-09;2026-07-25 13:08:27;SKU-009;1;25000;0;CARD
REC-20260725-STORE_05-0245;STORE_05;CASH-02;2026-07-25 13:08:27;SKU-010;1;25000;1000;CASH
REC-20260725-STORE_05-0245;STORE_05;CASH-03;2026-07-25 13:08:27;SKU-048;4;25000;0;CARD
REC-20260725-STORE_05-0246;STORE_05;CASH-04;2026-07-25 19:37:08;SKU-037;1;45000;0;CARD
REC-20260725-STORE_05-0247;STORE_05;CASH-05;2026-07-25 14:15:55;SKU-019;2;25000;0;CASH
REC-20260725-STORE_05-0247;STORE_05;CASH-03;2026-07-25 14:15:55;SKU-006;3;45000;0;CASH
REC-20260725-STORE_05-0247;STORE_05;CASH-09;2026-07-25 14:15:55;SKU-002;4;12000;0;CARD
REC-20260725-STORE_05-0247;STORE_05;CASH-05;2026-07-25 14:15:55;SKU-049;4;5000;500;CARD
REC-20260725-STORE_05-0248;STORE_05;CASH-08;2026-07-25 13:15:52;SKU-018;2;5000;0;CARD
REC-20260725-STORE_05-0248;STORE_05;CASH-06;2026-07-25 13:15:52;SKU-034;3;25000;0;CARD
REC-20260725-STORE_05-0248;STORE_05;CASH-07;2026-07-25 13:15:52;SKU-001;1;45000;0;CARD
REC-20260725-STORE_05-0248;STORE_05;CASH-06;2026-07-25 13:15:52;SKU-020;1;12000;0;CARD
REC-20260725-STORE_05-0249;STORE_05;CASH-09;2026-07-25 20:44:52;SKU-038;4;12000;0;CARD
REC-20260725-STORE_05-0250;STORE_05;CASH-08;2026-07-25 8:54:38;SKU-001;3;45000;0;CARD
REC-20260725-STORE_05-0250;STORE_05;CASH-09;2026-07-25 8:54:38;SKU-018;1;5000;0;CARD
REC-20260725-STORE_05-0250;STORE_05;CASH-10;2026-07-25 8:54:38;SKU-001;3;45000;0;CASH
REC-20260725-STORE_05-0250;STORE_05;CASH-08;2026-07-25 8:54:38;SKU-046;3;25000;0;CARD
REC-20260725-STORE_05-0251;STORE_05;CASH-02;2026-07-25 15:03:49;SKU-040;3;25000;0;CASH
REC-20260725-STORE_05-0251;STORE_05;CASH-10;2026-07-25 15:03:49;SKU-002;1;12000;0;CARD
REC-20260725-STORE_05-0252;STORE_05;CASH-10;2026-07-25 21:24:59;SKU-002;3;12000;1000;CASH
REC-20260725-STORE_05-0252;STORE_05;CASH-08;2026-07-25 21:24:59;SKU-050;1;25000;0;CARD
REC-20260725-STORE_05-0252;STORE_05;CASH-05;2026-07-25 21:24:59;SKU-002;2;12000;0;CASH
REC-20260725-STORE_05-0252;STORE_05;CASH-05;2026-07-25 21:24:59;SKU-006;1;45000;500;CARD
REC-20260725-STORE_05-0252;STORE_05;CASH-09;2026-07-25 21:24:59;SKU-004;3;25000;0;CARD
REC-20260725-STORE_05-0253;STORE_05;CASH-09;2026-07-25 21:21:09;SKU-002;3;12000;0;CARD
REC-20260725-STORE_05-0254;STORE_05;CASH-05;2026-07-25 16:56:21;SKU-001;4;45000;0;CARD
REC-20260725-STORE_05-0255;STORE_05;CASH-04;2026-07-25 15:07:18;SKU-030;3;45000;1000;CARD
REC-20260725-STORE_05-0256;STORE_05;CASH-05;2026-07-25 8:47:42;SKU-025;2;5000;0;CARD
REC-20260725-STORE_05-0256;STORE_05;CASH-04;2026-07-25 8:47:42;SKU-034;1;25000;500;CARD
REC-20260725-STORE_05-0257;STORE_05;CASH-01;2026-07-25 10:59:36;SKU-001;3;45000;0;CARD
REC-20260725-STORE_05-0257;STORE_05;CASH-09;2026-07-25 10:59:36;SKU-023;1;45000;500;CARD
REC-20260725-STORE_05-0257;STORE_05;CASH-10;2026-07-25 10:59:36;SKU-003;2;45000;0;CASH
REC-20260725-STORE_05-0258;STORE_05;CASH-02;2026-07-25 14:23:57;SKU-012;2;45000;0;CASH
REC-20260725-STORE_05-0258;STORE_05;CASH-05;2026-07-25 14:23:57;SKU-017;4;12000;500;CASH
REC-20260725-STORE_05-0258;STORE_05;CASH-09;2026-07-25 14:23:57;SKU-001;1;45000;500;CARD
REC-20260725-STORE_05-0259;STORE_05;CASH-01;2026-07-25 19:06:40;SKU-002;3;12000;0;CARD
REC-20260725-STORE_05-0259;STORE_05;CASH-03;2026-07-25 19:06:40;SKU-005;2;5000;500;CASH
REC-20260725-STORE_05-0259;STORE_05;CASH-10;2026-07-25 19:06:40;SKU-028;4;5000;0;CARD
REC-20260725-STORE_05-0259;STORE_05;CASH-09;2026-07-25 19:06:40;SKU-001;3;45000;1000;CASH
REC-20260725-STORE_05-0260;STORE_05;CASH-03;2026-07-25 9:52:29;SKU-010;1;25000;1000;CASH
REC-20260725-STORE_05-0260;STORE_05;CASH-03;2026-07-25 9:52:29;SKU-014;2;5000;0;CASH
REC-20260725-STORE_05-0261;STORE_05;CASH-09;2026-07-25 13:55:51;SKU-026;2;12000;0;CARD
REC-20260725-STORE_05-0261;STORE_05;CASH-07;2026-07-25 13:55:51;SKU-002;4;12000;500;CARD
REC-20260725-STORE_05-0261;STORE_05;CASH-05;2026-07-25 13:55:51;SKU-022;4;12000;0;CASH
REC-20260725-STORE_05-0261;STORE_05;CASH-09;2026-07-25 13:55:51;SKU-001;4;45000;500;CARD
REC-20260725-STORE_05-0261;STORE_05;CASH-04;2026-07-25 13:55:51;SKU-037;3;45000;0;CASH
REC-20260725-STORE_05-0262;STORE_05;CASH-07;2026-07-25 19:55:53;SKU-029;4;5000;0;CARD
REC-20260725-STORE_05-0262;STORE_05;CASH-09;2026-07-25 19:55:53;SKU-003;2;45000;0;CARD
REC-20260725-STORE_05-0262;STORE_05;CASH-07;2026-07-25 19:55:53;SKU-033;3;5000;1000;CARD
REC-20260725-STORE_05-0263;STORE_05;CASH-09;2026-07-25 8:28:29;SKU-019;3;25000;0;CARD
REC-20260725-STORE_05-0263;STORE_05;CASH-09;2026-07-25 8:28:29;SKU-010;4;25000;1000;CASH
REC-20260725-STORE_05-0263;STORE_05;CASH-06;2026-07-25 8:28:29;SKU-017;4;12000;0;CARD
REC-20260725-STORE_05-0263;STORE_05;CASH-04;2026-07-25 8:28:29;SKU-024;3;12000;0;CARD
REC-20260725-STORE_05-0264;STORE_05;CASH-02;2026-07-25 16:25:02;SKU-005;2;5000;0;CASH
REC-20260725-STORE_05-0265;STORE_05;CASH-04;2026-07-25 16:55:26;SKU-012;1;45000;500;CARD
REC-20260725-STORE_05-0265;STORE_05;CASH-09;2026-07-25 16:55:26;SKU-017;1;12000;0;CARD
REC-20260725-STORE_05-0265;STORE_05;CASH-02;2026-07-25 16:55:26;SKU-002;3;12000;0;CARD
REC-20260725-STORE_05-0265;STORE_05;CASH-01;2026-07-25 16:55:26;SKU-001;1;45000;0;CASH
REC-20260725-STORE_05-0265;STORE_05;CASH-09;2026-07-25 16:55:26;SKU-001;3;45000;0;CARD
REC-20260725-STORE_05-0266;STORE_05;CASH-07;2026-07-25 8:55:54;SKU-047;3;5000;1000;CARD
REC-20260725-STORE_05-0266;STORE_05;CASH-08;2026-07-25 8:55:54;SKU-001;3;45000;0;CASH
REC-20260725-STORE_05-0266;STORE_05;CASH-09;2026-07-25 8:55:54;SKU-045;3;45000;0;CARD
REC-20260725-STORE_05-0266;STORE_05;CASH-08;2026-07-25 8:55:54;SKU-011;3;5000;0;CARD
REC-20260725-STORE_05-0266;STORE_05;CASH-04;2026-07-25 8:55:54;SKU-002;4;12000;0;CARD
REC-20260725-STORE_05-0267;STORE_05;CASH-07;2026-07-25 16:48:33;SKU-011;1;5000;0;CARD
REC-20260725-STORE_05-0267;STORE_05;CASH-06;2026-07-25 16:48:33;SKU-033;2;5000;1000;CASH
REC-20260725-STORE_05-0267;STORE_05;CASH-03;2026-07-25 16:48:33;SKU-002;2;12000;500;CASH
REC-20260725-STORE_05-0268;STORE_05;CASH-03;2026-07-25 19:42:09;SKU-019;4;25000;500;CASH
REC-20260725-STORE_05-0268;STORE_05;CASH-03;2026-07-25 19:42:09;SKU-034;1;25000;1000;CARD
REC-20260725-STORE_05-0268;STORE_05;CASH-05;2026-07-25 19:42:09;SKU-009;1;25000;1000;CARD
REC-20260725-STORE_05-0268;STORE_05;CASH-08;2026-07-25 19:42:09;SKU-018;1;5000;500;CARD
REC-20260725-STORE_05-0269;STORE_05;CASH-01;2026-07-25 19:10:24;SKU-001;2;45000;0;CASH
REC-20260725-STORE_05-0269;STORE_05;CASH-06;2026-07-25 19:10:24;SKU-008;4;12000;0;CARD
REC-20260725-STORE_05-0270;STORE_05;CASH-07;2026-07-25 13:13:40;SKU-003;1;45000;0;CARD
REC-20260725-STORE_05-0270;STORE_05;CASH-08;2026-07-25 13:13:40;SKU-006;3;45000;0;CARD
REC-20260725-STORE_05-0270;STORE_05;CASH-03;2026-07-25 13:13:40;SKU-001;1;45000;1000;CARD
REC-20260725-STORE_05-0270;STORE_05;CASH-03;2026-07-25 13:13:40;SKU-001;1;45000;0;CARD
REC-20260725-STORE_05-0270;STORE_05;CASH-04;2026-07-25 13:13:40;SKU-045;4;45000;0;CARD
REC-20260725-STORE_05-0271;STORE_05;CASH-06;2026-07-25 20:43:11;SKU-023;2;45000;0;CARD
REC-20260725-STORE_05-0271;STORE_05;CASH-06;2026-07-25 20:43:11;SKU-004;4;25000;0;CARD
REC-20260725-STORE_05-0271;STORE_05;CASH-05;2026-07-25 20:43:11;SKU-011;3;5000;0;CARD
REC-20260725-STORE_05-0271;STORE_05;CASH-07;2026-07-25 20:43:11;SKU-006;2;45000;1000;CARD
REC-20260725-STORE_05-0271;STORE_05;CASH-09;2026-07-25 20:43:11;SKU-003;4;45000;1000;CARD
REC-20260725-STORE_05-0272;STORE_05;CASH-03;2026-07-25 17:45:36;SKU-006;1;45000;0;CARD
REC-20260725-STORE_05-0273;STORE_05;CASH-08;2026-07-25 16:25:44;SKU-003;4;45000;0;CARD
REC-20260725-STORE_05-0274;STORE_05;CASH-08;2026-07-25 15:31:44;SKU-008;3;12000;500;CASH
REC-20260725-STORE_05-0274;STORE_05;CASH-08;2026-07-25 15:31:44;SKU-011;1;5000;0;CARD
REC-20260725-STORE_05-0274;STORE_05;CASH-03;2026-07-25 15:31:44;SKU-003;3;45000;1000;CARD
REC-20260725-STORE_05-0275;STORE_05;CASH-07;2026-07-25 14:36:38;SKU-002;1;12000;500;CASH
REC-20260725-STORE_05-0275;STORE_05;CASH-01;2026-07-25 14:36:38;SKU-023;2;45000;0;CASH
REC-20260725-STORE_05-0275;STORE_05;CASH-04;2026-07-25 14:36:38;SKU-001;4;45000;0;CARD
REC-20260725-STORE_05-0276;STORE_05;CASH-05;2026-07-25 14:20:25;SKU-001;1;45000;0;CARD
REC-20260725-STORE_05-0276;STORE_05;CASH-04;2026-07-25 14:20:25;SKU-020;4;12000;500;CARD
REC-20260725-STORE_05-0276;STORE_05;CASH-08;2026-07-25 14:20:25;SKU-001;3;45000;0;CARD
REC-20260725-STORE_05-0277;STORE_05;CASH-05;2026-07-25 10:54:39;SKU-023;2;45000;1000;CARD
REC-20260725-STORE_05-0277;STORE_05;CASH-09;2026-07-25 10:54:39;SKU-005;3;5000;0;CARD
REC-20260725-STORE_05-0277;STORE_05;CASH-07;2026-07-25 10:54:39;SKU-006;1;45000;0;CASH
REC-20260725-STORE_05-0278;STORE_05;CASH-05;2026-07-25 12:01:11;SKU-030;4;45000;0;CARD
REC-20260725-STORE_05-0279;STORE_05;CASH-05;2026-07-25 14:07:20;SKU-026;4;12000;1000;CASH
REC-20260725-STORE_05-0279;STORE_05;CASH-03;2026-07-25 14:07:20;SKU-014;2;5000;0;CARD
REC-20260725-STORE_05-0280;STORE_05;CASH-06;2026-07-25 16:15:34;SKU-033;4;5000;0;CARD
REC-20260725-STORE_05-0280;STORE_05;CASH-06;2026-07-25 16:15:34;SKU-038;4;12000;0;CASH
REC-20260725-STORE_05-0280;STORE_05;CASH-10;2026-07-25 16:15:34;SKU-001;4;45000;1000;CARD
REC-20260725-STORE_05-0281;STORE_05;CASH-06;2026-07-25 9:34:45;SKU-038;1;12000;0;CARD
REC-20260725-STORE_05-0281;STORE_05;CASH-09;2026-07-25 9:34:45;SKU-001;2;45000;1000;CARD
REC-20260725-STORE_05-0281;STORE_05;CASH-10;2026-07-25 9:34:45;SKU-030;4;45000;0;CARD
REC-20260725-STORE_05-0281;STORE_05;CASH-09;2026-07-25 9:34:45;SKU-009;3;25000;0;CARD
REC-20260725-STORE_05-0281;STORE_05;CASH-01;2026-07-25 9:34:45;SKU-001;1;45000;1000;CARD
REC-20260725-STORE_05-0282;STORE_05;CASH-10;2026-07-25 14:34:25;SKU-001;4;45000;0;CARD
REC-20260725-STORE_05-0282;STORE_05;CASH-06;2026-07-25 14:34:25;SKU-019;4;25000;500;CARD
REC-20260725-STORE_05-0282;STORE_05;CASH-09;2026-07-25 14:34:25;SKU-001;1;45000;1000;CASH
REC-20260725-STORE_05-0282;STORE_05;CASH-06;2026-07-25 14:34:25;SKU-004;4;25000;0;CARD
REC-20260725-STORE_05-0283;STORE_05;CASH-03;2026-07-25 10:48:44;SKU-002;2;12000;500;CASH
REC-20260725-STORE_05-0283;STORE_05;CASH-01;2026-07-25 10:48:44;SKU-017;3;12000;0;CARD
REC-20260725-STORE_05-0283;STORE_05;CASH-04;2026-07-25 10:48:44;SKU-006;2;45000;0;CASH
REC-20260725-STORE_05-0284;STORE_05;CASH-03;2026-07-25 18:36:36;SKU-045;2;45000;0;CASH
REC-20260725-STORE_05-0284;STORE_05;CASH-03;2026-07-25 18:36:36;SKU-020;2;12000;500;CARD
REC-20260725-STORE_05-0284;STORE_05;CASH-10;2026-07-25 18:36:36;SKU-020;3;12000;0;CASH
REC-20260725-STORE_05-0284;STORE_05;CASH-05;2026-07-25 18:36:36;SKU-006;1;45000;0;CARD
REC-20260725-STORE_05-0285;STORE_05;CASH-09;2026-07-25 21:04:32;SKU-018;2;5000;0;CARD
REC-20260725-STORE_05-0286;STORE_05;CASH-04;2026-07-25 20:43:42;SKU-018;4;5000;1000;CASH
REC-20260725-STORE_05-0286;STORE_05;CASH-04;2026-07-25 20:43:42;SKU-016;2;25000;0;CARD
REC-20260725-STORE_05-0287;STORE_05;CASH-04;2026-07-25 9:08:51;SKU-002;3;12000;1000;CASH
REC-20260725-STORE_05-0288;STORE_05;CASH-01;2026-07-25 20:19:08;SKU-034;4;25000;0;CARD
REC-20260725-STORE_05-0288;STORE_05;CASH-07;2026-07-25 20:19:08;SKU-001;4;45000;0;CARD
REC-20260725-STORE_05-0288;STORE_05;CASH-08;2026-07-25 20:19:08;SKU-036;2;45000;500;CARD
REC-20260725-STORE_05-0288;STORE_05;CASH-03;2026-07-25 20:19:08;SKU-021;2;5000;0;CARD
REC-20260725-STORE_05-0288;STORE_05;CASH-09;2026-07-25 20:19:08;SKU-047;1;5000;500;CARD
REC-20260725-STORE_05-0289;STORE_05;CASH-09;2026-07-25 14:11:09;SKU-037;1;45000;500;CARD
REC-20260725-STORE_05-0289;STORE_05;CASH-06;2026-07-25 14:11:09;SKU-012;2;45000;1000;CASH
REC-20260725-STORE_05-0290;STORE_05;CASH-01;2026-07-25 19:27:46;SKU-001;2;45000;1000;CARD
REC-20260725-STORE_05-0290;STORE_05;CASH-01;2026-07-25 19:27:46;SKU-024;4;12000;1000;CARD
REC-20260725-STORE_05-0290;STORE_05;CASH-05;2026-07-25 19:27:46;SKU-005;3;5000;0;CARD
REC-20260725-STORE_05-0290;STORE_05;CASH-08;2026-07-25 19:27:46;SKU-043;2;25000;1000;CARD
REC-20260725-STORE_05-0290;STORE_05;CASH-02;2026-07-25 19:27:46;SKU-002;2;12000;0;CASH
REC-20260725-STORE_05-0291;STORE_05;CASH-07;2026-07-25 19:04:18;SKU-001;1;45000;0;CARD
REC-20260725-STORE_05-0291;STORE_05;CASH-05;2026-07-25 19:04:18;SKU-001;2;45000;0;CASH
REC-20260725-STORE_05-0291;STORE_05;CASH-01;2026-07-25 19:04:18;SKU-023;3;45000;0;CARD
REC-20260725-STORE_05-0291;STORE_05;CASH-10;2026-07-25 19:04:18;SKU-008;2;12000;0;CARD
REC-20260725-STORE_05-0291;STORE_05;CASH-09;2026-07-25 19:04:18;SKU-007;3;12000;1000;CASH
REC-20260725-STORE_05-0292;STORE_05;CASH-05;2026-07-25 13:00:01;SKU-008;2;12000;0;CASH
REC-20260725-STORE_05-0292;STORE_05;CASH-02;2026-07-25 13:00:01;SKU-001;4;45000;1000;CASH
REC-20260725-STORE_05-0292;STORE_05;CASH-08;2026-07-25 13:00:01;SKU-013;1;12000;0;CASH
REC-20260725-STORE_05-0292;STORE_05;CASH-02;2026-07-25 13:00:01;SKU-001;4;45000;500;CASH
REC-20260725-STORE_05-0293;STORE_05;CASH-01;2026-07-25 11:29:40;SKU-002;4;12000;0;CASH
REC-20260725-STORE_05-0293;STORE_05;CASH-08;2026-07-25 11:29:40;SKU-004;1;25000;0;CARD
REC-20260725-STORE_05-0293;STORE_05;CASH-04;2026-07-25 11:29:40;SKU-023;2;45000;0;CASH
REC-20260725-STORE_05-0294;STORE_05;CASH-04;2026-07-25 19:53:21;SKU-013;3;12000;0;CARD
REC-20260725-STORE_05-0294;STORE_05;CASH-05;2026-07-25 19:53:21;SKU-010;4;25000;0;CARD
REC-20260725-STORE_05-0295;STORE_05;CASH-04;2026-07-25 10:18:56;SKU-003;4;45000;0;CARD
REC-20260725-STORE_05-0295;STORE_05;CASH-08;2026-07-25 10:18:56;SKU-001;2;45000;1000;CARD
REC-20260725-STORE_05-0295;STORE_05;CASH-06;2026-07-25 10:18:56;SKU-003;4;45000;0;CASH
REC-20260725-STORE_05-0296;STORE_05;CASH-08;2026-07-25 21:00:21;SKU-028;1;5000;0;CASH
REC-20260725-STORE_05-0296;STORE_05;CASH-04;2026-07-25 21:00:21;SKU-001;3;45000;0;CARD
REC-20260725-STORE_05-0296;STORE_05;CASH-01;2026-07-25 21:00:21;SKU-026;1;12000;1000;CARD
REC-20260725-STORE_05-0296;STORE_05;CASH-09;2026-07-25 21:00:21;SKU-001;4;45000;1000;CARD
REC-20260725-STORE_05-0296;STORE_05;CASH-04;2026-07-25 21:00:21;SKU-001;2;45000;0;CARD
REC-20260725-STORE_05-0297;STORE_05;CASH-09;2026-07-25 9:01:12;SKU-003;3;45000;0;CARD
REC-20260725-STORE_05-0297;STORE_05;CASH-10;2026-07-25 9:01:12;SKU-001;2;45000;0;CASH
REC-20260725-STORE_05-0298;STORE_05;CASH-01;2026-07-25 15:43:30;SKU-013;4;12000;1000;CARD
REC-20260725-STORE_05-0298;STORE_05;CASH-02;2026-07-25 15:43:30;SKU-004;4;25000;1000;CARD
REC-20260725-STORE_05-0299;STORE_05;CASH-01;2026-07-25 16:42:08;SKU-001;3;45000;0;CASH
REC-20260725-STORE_05-0299;STORE_05;CASH-02;2026-07-25 16:42:08;SKU-022;2;12000;500;CARD
REC-20260725-STORE_05-0300;STORE_05;CASH-07;2026-07-25 8:34:38;SKU-013;4;12000;500;CASH
REC-20260725-STORE_05-0300;STORE_05;CASH-02;2026-07-25 8:34:38;SKU-012;4;45000;0;CARD
REC-20260725-STORE_05-0300;STORE_05;CASH-10;2026-07-25 8:34:38;SKU-020;3;12000;500;CARD
REC-20260725-STORE_05-0300;STORE_05;CASH-09;2026-07-25 8:34:38;SKU-005;3;5000;500;CARD
REC-20260725-STORE_05-0301;STORE_05;CASH-03;2026-07-25 12:21:41;SKU-028;1;5000;500;CARD
REC-20260725-STORE_05-0302;STORE_05;CASH-03;2026-07-25 21:58:46;SKU-002;2;12000;500;CASH
REC-20260725-STORE_05-0303;STORE_05;CASH-08;2026-07-25 10:26:07;SKU-002;1;12000;500;CARD
REC-20260725-STORE_05-0303;STORE_05;CASH-03;2026-07-25 10:26:07;SKU-002;1;12000;1000;CARD
REC-20260725-STORE_05-0303;STORE_05;CASH-08;2026-07-25 10:26:07;SKU-003;4;45000;0;CASH
REC-20260725-STORE_05-0303;STORE_05;CASH-05;2026-07-25 10:26:07;SKU-002;3;12000;1000;CARD
REC-20260725-STORE_05-0304;STORE_05;CASH-10;2026-07-25 11:49:04;SKU-027;1;5000;1000;CARD
REC-20260725-STORE_05-0305;STORE_05;CASH-05;2026-07-25 18:42:50;SKU-003;1;45000;500;CARD
REC-20260725-STORE_05-0305;STORE_05;CASH-07;2026-07-25 18:42:50;SKU-001;4;45000;0;CARD
REC-20260725-STORE_05-0305;STORE_05;CASH-03;2026-07-25 18:42:50;SKU-020;1;12000;0;CASH
REC-20260725-STORE_05-0306;STORE_05;CASH-09;2026-07-25 14:03:08;SKU-020;2;12000;0;CASH
REC-20260725-STORE_05-0307;STORE_05;CASH-01;2026-07-25 9:27:53;SKU-004;4;25000;0;CARD
REC-20260725-STORE_05-0307;STORE_05;CASH-10;2026-07-25 9:27:53;SKU-001;3;45000;500;CARD
REC-20260725-STORE_05-0307;STORE_05;CASH-06;2026-07-25 9:27:53;SKU-027;2;5000;0;CARD
REC-20260725-STORE_05-0308;STORE_05;CASH-03;2026-07-25 14:53:49;SKU-014;3;5000;0;CASH
REC-20260725-STORE_05-0309;STORE_05;CASH-02;2026-07-25 21:24:04;SKU-013;4;12000;500;CASH
REC-20260725-STORE_05-0310;STORE_05;CASH-06;2026-07-25 13:43:48;SKU-015;4;5000;0;CARD
REC-20260725-STORE_05-0310;STORE_05;CASH-08;2026-07-25 13:43:48;SKU-001;1;45000;0;CARD
REC-20260725-STORE_05-0310;STORE_05;CASH-05;2026-07-25 13:43:48;SKU-001;2;45000;0;CARD
REC-20260725-STORE_05-0310;STORE_05;CASH-06;2026-07-25 13:43:48;SKU-013;2;12000;0;CARD
REC-20260725-STORE_05-0310;STORE_05;CASH-02;2026-07-25 13:43:48;SKU-001;3;45000;0;CARD
REC-20260725-STORE_05-0311;STORE_05;CASH-04;2026-07-25 21:32:42;SKU-001;3;45000;1000;CARD
REC-20260725-STORE_05-0311;STORE_05;CASH-06;2026-07-25 21:32:42;SKU-032;2;25000;0;CARD
REC-20260725-STORE_05-0312;STORE_05;CASH-09;2026-07-25 8:55:58;SKU-015;1;5000;0;CASH
REC-20260725-STORE_05-0312;STORE_05;CASH-10;2026-07-25 8:55:58;SKU-008;1;12000;0;CARD
REC-20260725-STORE_05-0312;STORE_05;CASH-09;2026-07-25 8:55:58;SKU-013;3;12000;500;CASH
REC-20260725-STORE_05-0312;STORE_05;CASH-02;2026-07-25 8:55:58;SKU-003;1;45000;500;CASH
REC-20260725-STORE_05-0312;STORE_05;CASH-06;2026-07-25 8:55:58;SKU-041;1;25000;500;CARD
REC-20260725-STORE_05-0313;STORE_05;CASH-02;2026-07-25 8:44:22;SKU-010;4;25000;0;CARD
REC-20260725-STORE_05-0313;STORE_05;CASH-01;2026-07-25 8:44:22;SKU-024;4;12000;0;CARD
REC-20260725-STORE_05-0313;STORE_05;CASH-06;2026-07-25 8:44:22;SKU-002;1;12000;0;CASH
REC-20260725-STORE_05-0313;STORE_05;CASH-10;2026-07-25 8:44:22;SKU-015;1;5000;1000;CARD
REC-20260725-STORE_05-0313;STORE_05;CASH-07;2026-07-25 8:44:22;SKU-004;4;25000;500;CASH
REC-20260725-STORE_05-0314;STORE_05;CASH-08;2026-07-25 16:25:48;SKU-046;1;25000;1000;CARD
REC-20260725-STORE_05-0315;STORE_05;CASH-04;2026-07-25 9:43:19;SKU-001;4;45000;1000;CARD
REC-20260725-STORE_05-0315;STORE_05;CASH-03;2026-07-25 9:43:19;SKU-006;1;45000;0;CARD
REC-20260725-STORE_05-0315;STORE_05;CASH-03;2026-07-25 9:43:19;SKU-002;1;12000;500;CARD
REC-20260725-STORE_05-0315;STORE_05;CASH-02;2026-07-25 9:43:19;SKU-002;3;12000;0;CASH
REC-20260725-STORE_05-0316;STORE_05;CASH-10;2026-07-25 14:53:52;SKU-001;1;45000;1000;CARD
REC-20260725-STORE_05-0317;STORE_05;CASH-10;2026-07-25 11:46:51;SKU-027;3;5000;0;CARD
REC-20260725-STORE_05-0318;STORE_05;CASH-08;2026-07-25 12:04:23;SKU-024;4;12000;0;CARD
REC-20260725-STORE_05-0318;STORE_05;CASH-01;2026-07-25 12:04:23;SKU-001;2;45000;1000;CARD
REC-20260725-STORE_05-0318;STORE_05;CASH-08;2026-07-25 12:04:23;SKU-003;2;45000;0;CASH
REC-20260725-STORE_05-0318;STORE_05;CASH-05;2026-07-25 12:04:23;SKU-028;2;5000;0;CARD
REC-20260725-STORE_05-0319;STORE_05;CASH-07;2026-07-25 8:33:44;SKU-001;2;45000;500;CASH
REC-20260725-STORE_05-0319;STORE_05;CASH-10;2026-07-25 8:33:44;SKU-029;4;5000;500;CASH
REC-20260725-STORE_05-0319;STORE_05;CASH-07;2026-07-25 8:33:44;SKU-029;2;5000;500;CARD
REC-20260725-STORE_05-0319;STORE_05;CASH-03;2026-07-25 8:33:44;SKU-001;3;45000;0;CARD
REC-20260725-STORE_05-0319;STORE_05;CASH-02;2026-07-25 8:33:44;SKU-021;3;5000;0;CARD
REC-20260725-STORE_05-0320;STORE_05;CASH-06;2026-07-25 12:06:55;SKU-001;2;45000;0;CARD
REC-20260725-STORE_05-0320;STORE_05;CASH-05;2026-07-25 12:06:55;SKU-010;2;25000;0;CASH
REC-20260725-STORE_05-0320;STORE_05;CASH-09;2026-07-25 12:06:55;SKU-001;4;45000;1000;CARD
REC-20260725-STORE_05-0321;STORE_05;CASH-04;2026-07-25 10:52:45;SKU-012;4;45000;0;CASH
REC-20260725-STORE_05-0322;STORE_05;CASH-08;2026-07-25 14:24:00;SKU-007;2;12000;500;CASH
REC-20260725-STORE_05-0322;STORE_05;CASH-06;2026-07-25 14:24:00;SKU-001;3;45000;0;CARD
REC-20260725-STORE_05-0322;STORE_05;CASH-01;2026-07-25 14:24:00;SKU-001;3;45000;0;CASH
REC-20260725-STORE_05-0322;STORE_05;CASH-10;2026-07-25 14:24:00;SKU-002;3;12000;0;CASH
REC-20260725-STORE_05-0323;STORE_05;CASH-02;2026-07-25 20:19:08;SKU-008;2;12000;500;CASH
REC-20260725-STORE_05-0323;STORE_05;CASH-08;2026-07-25 20:19:08;SKU-043;2;25000;0;CASH
REC-20260725-STORE_05-0323;STORE_05;CASH-03;2026-07-25 20:19:08;SKU-022;1;12000;0;CARD
REC-20260725-STORE_05-0323;STORE_05;CASH-10;2026-07-25 20:19:08;SKU-005;4;5000;1000;CARD
REC-20260725-STORE_05-0323;STORE_05;CASH-01;2026-07-25 20:19:08;SKU-042;2;5000;1000;CASH
REC-20260725-STORE_05-0324;STORE_05;CASH-03;2026-07-25 15:23:49;SKU-008;3;12000;0;CASH
REC-20260725-STORE_05-0325;STORE_05;CASH-04;2026-07-25 18:50:25;SKU-005;1;5000;0;CASH
REC-20260725-STORE_05-0325;STORE_05;CASH-08;2026-07-25 18:50:25;SKU-001;4;45000;500;CARD
REC-20260725-STORE_05-0325;STORE_05;CASH-06;2026-07-25 18:50:25;SKU-022;3;12000;0;CARD
REC-20260725-STORE_05-0326;STORE_05;CASH-09;2026-07-25 20:39:53;SKU-016;2;25000;0;CARD
REC-20260725-STORE_05-0326;STORE_05;CASH-03;2026-07-25 20:39:53;SKU-031;3;45000;0;CARD
REC-20260725-STORE_05-0327;STORE_05;CASH-01;2026-07-25 19:33:57;SKU-003;3;45000;0;CASH
REC-20260725-STORE_05-0327;STORE_05;CASH-06;2026-07-25 19:33:57;SKU-001;1;45000;0;CARD
REC-20260725-STORE_05-0327;STORE_05;CASH-07;2026-07-25 19:33:57;SKU-001;2;45000;0;CARD
REC-20260725-STORE_05-0328;STORE_05;CASH-09;2026-07-25 19:48:41;SKU-014;1;5000;0;CASH
REC-20260725-STORE_05-0328;STORE_05;CASH-06;2026-07-25 19:48:41;SKU-001;3;45000;500;CARD
REC-20260725-STORE_05-0328;STORE_05;CASH-10;2026-07-25 19:48:41;SKU-001;2;45000;1000;CASH
REC-20260725-STORE_05-0329;STORE_05;CASH-03;2026-07-25 9:15:53;SKU-002;1;12000;500;CARD
REC-20260725-STORE_05-0330;STORE_05;CASH-02;2026-07-25 15:53:52;SKU-002;3;12000;1000;CASH
REC-20260725-STORE_05-0330;STORE_05;CASH-04;2026-07-25 15:53:52;SKU-014;4;5000;0;CARD
REC-20260725-STORE_05-0330;STORE_05;CASH-08;2026-07-25 15:53:52;SKU-001;4;45000;500;CASH
REC-20260725-STORE_05-0330;STORE_05;CASH-03;2026-07-25 15:53:52;SKU-020;2;12000;1000;CARD
REC-20260725-STORE_05-0331;STORE_05;CASH-09;2026-07-25 13:21:08;SKU-018;3;5000;0;CASH
REC-20260725-STORE_05-0332;STORE_05;CASH-06;2026-07-25 12:16:19;SKU-001;4;45000;0;CASH
REC-20260725-STORE_05-0332;STORE_05;CASH-03;2026-07-25 12:16:19;SKU-033;4;5000;0;CARD
REC-20260725-STORE_05-0332;STORE_05;CASH-02;2026-07-25 12:16:19;SKU-021;4;5000;1000;CASH
REC-20260725-STORE_05-0333;STORE_05;CASH-10;2026-07-25 14:50:15;SKU-025;4;5000;0;CASH
REC-20260725-STORE_05-0333;STORE_05;CASH-07;2026-07-25 14:50:15;SKU-009;2;25000;0;CARD
REC-20260725-STORE_05-0333;STORE_05;CASH-04;2026-07-25 14:50:15;SKU-005;3;5000;500;CARD
REC-20260725-STORE_05-0334;STORE_05;CASH-02;2026-07-25 17:39:45;SKU-002;2;12000;500;CARD
REC-20260725-STORE_05-0334;STORE_05;CASH-10;2026-07-25 17:39:45;SKU-009;4;25000;500;CASH
REC-20260725-STORE_05-0334;STORE_05;CASH-04;2026-07-25 17:39:45;SKU-013;1;12000;1000;CASH
REC-20260725-STORE_05-0335;STORE_05;CASH-08;2026-07-25 18:51:29;SKU-036;4;45000;0;CARD
REC-20260725-STORE_05-0336;STORE_05;CASH-06;2026-07-25 9:07:40;SKU-001;2;45000;0;CARD
REC-20260725-STORE_05-0336;STORE_05;CASH-06;2026-07-25 9:07:40;SKU-007;1;12000;0;CARD
REC-20260725-STORE_05-0337;STORE_05;CASH-08;2026-07-25 8:56:31;SKU-011;1;5000;1000;CARD
REC-20260725-STORE_05-0337;STORE_05;CASH-01;2026-07-25 8:56:31;SKU-012;2;45000;0;CARD
REC-20260725-STORE_05-0338;STORE_05;CASH-05;2026-07-25 16:20:03;SKU-018;3;5000;0;CARD
REC-20260725-STORE_05-0339;STORE_05;CASH-02;2026-07-25 11:39:23;SKU-014;1;5000;0;CARD
REC-20260725-STORE_05-0339;STORE_05;CASH-06;2026-07-25 11:39:23;SKU-040;1;25000;0;CARD
REC-20260725-STORE_05-0339;STORE_05;CASH-10;2026-07-25 11:39:23;SKU-001;4;45000;0;CASH
REC-20260725-STORE_05-0339;STORE_05;CASH-01;2026-07-25 11:39:23;SKU-003;2;45000;0;CASH
REC-20260725-STORE_05-0339;STORE_05;CASH-10;2026-07-25 11:39:23;SKU-020;2;12000;0;CASH
REC-20260725-STORE_05-0340;STORE_05;CASH-06;2026-07-25 14:40:15;SKU-001;3;45000;0;CARD
REC-20260725-STORE_05-0340;STORE_05;CASH-08;2026-07-25 14:40:15;SKU-011;1;5000;0;CARD
REC-20260725-STORE_05-0340;STORE_05;CASH-03;2026-07-25 14:40:15;SKU-004;1;25000;1000;CASH
REC-20260725-STORE_05-0341;STORE_05;CASH-09;2026-07-25 13:43:05;SKU-016;2;25000;0;CARD
REC-20260725-STORE_05-0341;STORE_05;CASH-03;2026-07-25 13:43:05;SKU-002;1;12000;0;CARD
REC-20260725-STORE_05-0341;STORE_05;CASH-01;2026-07-25 13:43:05;SKU-046;3;25000;500;CARD
REC-20260725-STORE_05-0341;STORE_05;CASH-04;2026-07-25 13:43:05;SKU-028;3;5000;1000;CARD
REC-20260725-STORE_05-0342;STORE_05;CASH-10;2026-07-25 12:34:47;SKU-040;1;25000;0;CASH
REC-20260725-STORE_05-0342;STORE_05;CASH-02;2026-07-25 12:34:47;SKU-005;2;5000;0;CARD
REC-20260725-STORE_05-0342;STORE_05;CASH-02;2026-07-25 12:34:47;SKU-020;3;12000;0;CASH
REC-20260725-STORE_05-0342;STORE_05;CASH-08;2026-07-25 12:34:47;SKU-001;4;45000;1000;CARD
REC-20260725-STORE_05-0342;STORE_05;CASH-06;2026-07-25 12:34:47;SKU-021;1;5000;500;CASH
REC-20260725-STORE_05-0343;STORE_05;CASH-02;2026-07-25 12:10:33;SKU-004;1;25000;0;CARD
REC-20260725-STORE_05-0343;STORE_05;CASH-03;2026-07-25 12:10:33;SKU-032;4;25000;0;CARD
REC-20260725-STORE_05-0343;STORE_05;CASH-03;2026-07-25 12:10:33;SKU-019;2;25000;0;CARD
REC-20260725-STORE_05-0343;STORE_05;CASH-09;2026-07-25 12:10:33;SKU-008;2;12000;0;CASH
REC-20260725-STORE_05-0343;STORE_05;CASH-03;2026-07-25 12:10:33;SKU-001;2;45000;500;CARD
REC-20260725-STORE_05-0344;STORE_05;CASH-01;2026-07-25 13:00:21;SKU-011;4;5000;0;CARD
REC-20260725-STORE_05-0344;STORE_05;CASH-09;2026-07-25 13:00:21;SKU-001;4;45000;0;CARD
REC-20260725-STORE_05-0344;STORE_05;CASH-04;2026-07-25 13:00:21;SKU-001;4;45000;1000;CASH
REC-20260725-STORE_05-0344;STORE_05;CASH-10;2026-07-25 13:00:21;SKU-019;1;25000;0;CASH
REC-20260725-STORE_05-0345;STORE_05;CASH-02;2026-07-25 13:09:33;SKU-007;3;12000;0;CASH
REC-20260725-STORE_05-0345;STORE_05;CASH-10;2026-07-25 13:09:33;SKU-015;3;5000;500;CARD
REC-20260725-STORE_05-0345;STORE_05;CASH-08;2026-07-25 13:09:33;SKU-006;1;45000;0;CASH
REC-20260725-STORE_05-0346;STORE_05;CASH-08;2026-07-25 13:25:29;SKU-001;3;45000;0;CARD
REC-20260725-STORE_05-0346;STORE_05;CASH-03;2026-07-25 13:25:29;SKU-020;1;12000;0;CARD
REC-20260725-STORE_05-0347;STORE_05;CASH-07;2026-07-25 21:44:39;SKU-001;3;45000;500;CARD
REC-20260725-STORE_05-0347;STORE_05;CASH-03;2026-07-25 21:44:39;SKU-003;3;45000;500;CASH
REC-20260725-STORE_05-0347;STORE_05;CASH-04;2026-07-25 21:44:39;SKU-012;3;45000;0;CARD
REC-20260725-STORE_05-0347;STORE_05;CASH-10;2026-07-25 21:44:39;SKU-019;2;25000;1000;CARD
REC-20260725-STORE_05-0347;STORE_05;CASH-05;2026-07-25 21:44:39;SKU-032;2;25000;0;CASH
REC-20260725-STORE_05-0348;STORE_05;CASH-04;2026-07-25 21:16:38;SKU-008;1;12000;500;CASH
REC-20260725-STORE_05-0348;STORE_05;CASH-04;2026-07-25 21:16:38;SKU-001;3;45000;0;CARD
REC-20260725-STORE_05-0348;STORE_05;CASH-09;2026-07-25 21:16:38;SKU-012;1;45000;0;CASH
REC-20260725-STORE_05-0349;STORE_05;CASH-05;2026-07-25 15:37:12;SKU-018;2;5000;500;CASH
REC-20260725-STORE_05-0349;STORE_05;CASH-03;2026-07-25 15:37:12;SKU-020;2;12000;0;CASH
REC-20260725-STORE_05-0349;STORE_05;CASH-10;2026-07-25 15:37:12;SKU-010;1;25000;0;CASH
REC-20260725-STORE_05-0350;STORE_05;CASH-08;2026-07-25 11:44:14;SKU-011;3;5000;500;CARD
REC-20260725-STORE_05-0350;STORE_05;CASH-01;2026-07-25 11:44:14;SKU-014;1;5000;0;CARD
REC-20260725-STORE_05-0350;STORE_05;CASH-06;2026-07-25 11:44:14;SKU-001;1;45000;0;CARD
REC-20260725-STORE_05-0350;STORE_05;CASH-06;2026-07-25 11:44:14;SKU-018;3;5000;0;CARD
REC-20260725-STORE_05-0350;STORE_05;CASH-09;2026-07-25 11:44:14;SKU-002;4;12000;0;CARD
REC-20260725-STORE_05-0351;STORE_05;CASH-09;2026-07-25 19:56:11;SKU-002;4;12000;0;CARD
REC-20260725-STORE_05-0352;STORE_05;CASH-03;2026-07-25 16:23:03;SKU-015;3;5000;1000;CARD
REC-20260725-STORE_05-0352;STORE_05;CASH-07;2026-07-25 16:23:03;SKU-002;3;12000;0;CASH
REC-20260725-STORE_05-0353;STORE_05;CASH-09;2026-07-25 10:26:02;SKU-001;3;45000;500;CARD
REC-20260725-STORE_05-0353;STORE_05;CASH-07;2026-07-25 10:26:02;SKU-006;2;45000;0;CARD
REC-20260725-STORE_05-0353;STORE_05;CASH-05;2026-07-25 10:26:02;SKU-003;3;45000;0;CARD
REC-20260725-STORE_05-0353;STORE_05;CASH-08;2026-07-25 10:26:02;SKU-030;2;45000;0;CASH
REC-20260725-STORE_05-0354;STORE_05;CASH-09;2026-07-25 15:17:41;SKU-019;2;25000;0;CARD
REC-20260725-STORE_05-0355;STORE_05;CASH-04;2026-07-25 17:46:13;SKU-049;1;5000;500;CASH
REC-20260725-STORE_05-0355;STORE_05;CASH-10;2026-07-25 17:46:13;SKU-037;2;45000;0;CARD
REC-20260725-STORE_05-0355;STORE_05;CASH-01;2026-07-25 17:46:13;SKU-044;4;5000;500;CARD
REC-20260725-STORE_05-0355;STORE_05;CASH-06;2026-07-25 17:46:13;SKU-007;2;12000;1000;CARD
REC-20260725-STORE_05-0356;STORE_05;CASH-09;2026-07-25 13:02:49;SKU-018;3;5000;0;CARD
REC-20260725-STORE_05-0356;STORE_05;CASH-01;2026-07-25 13:02:49;SKU-022;1;12000;1000;CASH
REC-20260725-STORE_05-0356;STORE_05;CASH-06;2026-07-25 13:02:49;SKU-014;1;5000;0;CASH
REC-20260725-STORE_05-0357;STORE_05;CASH-10;2026-07-25 8:13:29;SKU-011;2;5000;0;CARD
REC-20260725-STORE_05-0357;STORE_05;CASH-10;2026-07-25 8:13:29;SKU-003;2;45000;1000;CARD
REC-20260725-STORE_05-0358;STORE_05;CASH-02;2026-07-25 20:12:04;SKU-006;1;45000;500;CARD
REC-20260725-STORE_05-0358;STORE_05;CASH-08;2026-07-25 20:12:04;SKU-002;3;12000;1000;CARD
REC-20260725-STORE_05-0358;STORE_05;CASH-06;2026-07-25 20:12:04;SKU-019;2;25000;500;CARD
REC-20260725-STORE_05-0358;STORE_05;CASH-10;2026-07-25 20:12:04;SKU-004;1;25000;0;CARD
REC-20260725-STORE_05-0358;STORE_05;CASH-06;2026-07-25 20:12:04;SKU-001;1;45000;0;CARD
REC-20260725-STORE_05-0359;STORE_05;CASH-05;2026-07-25 10:18:16;SKU-001;1;45000;0;CARD
REC-20260725-STORE_05-0360;STORE_05;CASH-09;2026-07-25 10:22:32;SKU-001;1;45000;0;CARD
REC-20260725-STORE_05-0360;STORE_05;CASH-10;2026-07-25 10:22:32;SKU-002;3;12000;0;CARD
REC-20260725-STORE_05-0360;STORE_05;CASH-03;2026-07-25 10:22:32;SKU-001;3;45000;1000;CARD
REC-20260725-STORE_05-0360;STORE_05;CASH-04;2026-07-25 10:22:32;SKU-012;2;45000;0;CASH
REC-20260725-STORE_05-0361;STORE_05;CASH-01;2026-07-25 15:00:56;SKU-001;4;45000;1000;CARD
REC-20260725-STORE_05-0361;STORE_05;CASH-09;2026-07-25 15:00:56;SKU-001;4;45000;500;CASH
REC-20260725-STORE_05-0362;STORE_05;CASH-10;2026-07-25 10:08:19;SKU-017;4;12000;0;CASH
REC-20260725-STORE_05-0362;STORE_05;CASH-07;2026-07-25 10:08:19;SKU-001;2;45000;0;CARD
REC-20260725-STORE_05-0362;STORE_05;CASH-05;2026-07-25 10:08:19;SKU-012;1;45000;0;CASH
REC-20260725-STORE_05-0362;STORE_05;CASH-04;2026-07-25 10:08:19;SKU-001;2;45000;0;CARD
REC-20260725-STORE_05-0362;STORE_05;CASH-01;2026-07-25 10:08:19;SKU-006;4;45000;1000;CARD
REC-20260725-STORE_05-0363;STORE_05;CASH-06;2026-07-25 8:05:16;SKU-017;2;12000;500;CARD
REC-20260725-STORE_05-0364;STORE_05;CASH-09;2026-07-25 15:28:13;SKU-002;4;12000;0;CASH
REC-20260725-STORE_05-0364;STORE_05;CASH-06;2026-07-25 15:28:13;SKU-001;1;45000;0;CASH
REC-20260725-STORE_05-0364;STORE_05;CASH-10;2026-07-25 15:28:13;SKU-001;2;45000;1000;CASH
REC-20260725-STORE_05-0364;STORE_05;CASH-07;2026-07-25 15:28:13;SKU-005;2;5000;0;CARD
REC-20260725-STORE_05-0365;STORE_05;CASH-03;2026-07-25 17:04:12;SKU-022;2;12000;0;CASH
REC-20260725-STORE_05-0365;STORE_05;CASH-02;2026-07-25 17:04:12;SKU-015;1;5000;0;CARD
REC-20260725-STORE_05-0365;STORE_05;CASH-10;2026-07-25 17:04:12;SKU-016;1;25000;500;CARD
REC-20260725-STORE_05-0366;STORE_05;CASH-06;2026-07-25 14:36:00;SKU-006;1;45000;0;CASH
REC-20260725-STORE_05-0366;STORE_05;CASH-05;2026-07-25 14:36:00;SKU-011;4;5000;0;CARD
REC-20260725-STORE_05-0366;STORE_05;CASH-01;2026-07-25 14:36:00;SKU-001;2;45000;1000;CARD
REC-20260725-STORE_05-0366;STORE_05;CASH-03;2026-07-25 14:36:00;SKU-004;2;25000;0;CASH
REC-20260725-STORE_05-0367;STORE_05;CASH-04;2026-07-25 11:49:24;SKU-042;2;5000;0;CASH
REC-20260725-STORE_05-0367;STORE_05;CASH-08;2026-07-25 11:49:24;SKU-003;4;45000;0;CARD
REC-20260725-STORE_05-0367;STORE_05;CASH-06;2026-07-25 11:49:24;SKU-002;3;12000;0;CASH
REC-20260725-STORE_05-0367;STORE_05;CASH-05;2026-07-25 11:49:24;SKU-042;4;5000;0;CARD
REC-20260725-STORE_05-0367;STORE_05;CASH-06;2026-07-25 11:49:24;SKU-015;4;5000;0;CARD
REC-20260725-STORE_05-0368;STORE_05;CASH-10;2026-07-25 9:24:24;SKU-005;2;5000;0;CARD
REC-20260725-STORE_05-0369;STORE_05;CASH-01;2026-07-25 16:48:58;SKU-002;2;12000;0;CASH
REC-20260725-STORE_05-0369;STORE_05;CASH-03;2026-07-25 16:48:58;SKU-003;1;45000;0;CARD
REC-20260725-STORE_05-0369;STORE_05;CASH-04;2026-07-25 16:48:58;SKU-018;3;5000;0;CARD
REC-20260725-STORE_05-0369;STORE_05;CASH-10;2026-07-25 16:48:58;SKU-001;3;45000;0;CASH
REC-20260725-STORE_05-0369;STORE_05;CASH-10;2026-07-25 16:48:58;SKU-006;2;45000;500;CASH
REC-20260725-STORE_05-0370;STORE_05;CASH-07;2026-07-25 19:37:03;SKU-042;1;5000;1000;CARD
REC-20260725-STORE_05-0370;STORE_05;CASH-07;2026-07-25 19:37:03;SKU-014;3;5000;0;CARD
REC-20260725-STORE_05-0370;STORE_05;CASH-01;2026-07-25 19:37:03;SKU-010;1;25000;0;CARD
REC-20260725-STORE_05-0370;STORE_05;CASH-09;2026-07-25 19:37:03;SKU-002;4;12000;1000;CARD
REC-20260725-STORE_05-0370;STORE_05;CASH-07;2026-07-25 19:37:03;SKU-047;1;5000;500;CASH
REC-20260725-STORE_05-0371;STORE_05;CASH-04;2026-07-25 8:01:57;SKU-003;3;45000;500;CASH
REC-20260725-STORE_05-0371;STORE_05;CASH-01;2026-07-25 8:01:57;SKU-026;3;12000;0;CARD
REC-20260725-STORE_05-0371;STORE_05;CASH-07;2026-07-25 8:01:57;SKU-001;1;45000;0;CARD
REC-20260725-STORE_05-0371;STORE_05;CASH-08;2026-07-25 8:01:57;SKU-002;3;12000;0;CARD
REC-20260725-STORE_05-0372;STORE_05;CASH-09;2026-07-25 20:37:56;SKU-019;1;25000;0;CARD
REC-20260725-STORE_05-0372;STORE_05;CASH-01;2026-07-25 20:37:56;SKU-004;3;25000;0;CASH
REC-20260725-STORE_05-0372;STORE_05;CASH-09;2026-07-25 20:37:56;SKU-005;3;5000;0;CARD
REC-20260725-STORE_05-0372;STORE_05;CASH-02;2026-07-25 20:37:56;SKU-001;2;45000;0;CARD
REC-20260725-STORE_05-0373;STORE_05;CASH-05;2026-07-25 16:22:29;SKU-020;4;12000;0;CASH
REC-20260725-STORE_05-0373;STORE_05;CASH-08;2026-07-25 16:22:29;SKU-001;3;45000;500;CASH
REC-20260725-STORE_05-0373;STORE_05;CASH-03;2026-07-25 16:22:29;SKU-010;2;25000;500;CARD
REC-20260725-STORE_05-0373;STORE_05;CASH-01;2026-07-25 16:22:29;SKU-001;4;45000;0;CASH
REC-20260725-STORE_05-0374;STORE_05;CASH-03;2026-07-25 15:03:13;SKU-007;1;12000;0;CARD
REC-20260725-STORE_05-0374;STORE_05;CASH-10;2026-07-25 15:03:13;SKU-001;3;45000;0;CARD
REC-20260725-STORE_05-0374;STORE_05;CASH-01;2026-07-25 15:03:13;SKU-002;1;12000;0;CASH
REC-20260725-STORE_05-0374;STORE_05;CASH-08;2026-07-25 15:03:13;SKU-004;4;25000;0;CARD
REC-20260725-STORE_05-0374;STORE_05;CASH-09;2026-07-25 15:03:13;SKU-004;1;25000;0;CARD
REC-20260725-STORE_05-0375;STORE_05;CASH-10;2026-07-25 14:02:00;SKU-002;2;12000;0;CASH
REC-20260725-STORE_05-0375;STORE_05;CASH-07;2026-07-25 14:02:00;SKU-008;3;12000;1000;CASH
REC-20260725-STORE_05-0376;STORE_05;CASH-03;2026-07-25 11:31:11;SKU-009;3;25000;1000;CARD
REC-20260725-STORE_05-0376;STORE_05;CASH-03;2026-07-25 11:31:11;SKU-040;2;25000;0;CASH
REC-20260725-STORE_05-0377;STORE_05;CASH-02;2026-07-25 12:54:42;SKU-036;4;45000;0;CASH
REC-20260725-STORE_05-0377;STORE_05;CASH-10;2026-07-25 12:54:42;SKU-001;2;45000;0;CARD
REC-20260725-STORE_05-0378;STORE_05;CASH-01;2026-07-25 11:59:07;SKU-004;4;25000;0;CASH
REC-20260725-STORE_05-0378;STORE_05;CASH-06;2026-07-25 11:59:07;SKU-003;1;45000;1000;CARD
REC-20260725-STORE_05-0379;STORE_05;CASH-02;2026-07-25 9:15:52;SKU-049;1;5000;500;CARD
REC-20260725-STORE_05-0379;STORE_05;CASH-08;2026-07-25 9:15:52;SKU-001;3;45000;0;CASH
REC-20260725-STORE_05-0380;STORE_05;CASH-03;2026-07-25 20:43:57;SKU-023;2;45000;0;CARD
REC-20260725-STORE_05-0380;STORE_05;CASH-02;2026-07-25 20:43:57;SKU-012;3;45000;0;CARD
REC-20260725-STORE_05-0381;STORE_05;CASH-07;2026-07-25 18:52:13;SKU-004;2;25000;500;CARD
REC-20260725-STORE_05-0381;STORE_05;CASH-06;2026-07-25 18:52:13;SKU-043;1;25000;500;CARD
REC-20260725-STORE_05-0382;STORE_05;CASH-09;2026-07-25 18:17:27;SKU-014;2;5000;0;CARD
REC-20260725-STORE_05-0382;STORE_05;CASH-06;2026-07-25 18:17:27;SKU-010;3;25000;0;CARD
REC-20260725-STORE_05-0382;STORE_05;CASH-01;2026-07-25 18:17:27;SKU-033;4;5000;0;CASH
REC-20260725-STORE_05-0382;STORE_05;CASH-09;2026-07-25 18:17:27;SKU-001;1;45000;500;CARD
REC-20260725-STORE_05-0382;STORE_05;CASH-09;2026-07-25 18:17:27;SKU-001;3;45000;0;CASH
REC-20260725-STORE_05-0383;STORE_05;CASH-05;2026-07-25 9:01:14;SKU-037;2;45000;0;CARD
REC-20260725-STORE_05-0383;STORE_05;CASH-01;2026-07-25 9:01:14;SKU-023;4;45000;0;CASH
REC-20260725-STORE_05-0383;STORE_05;CASH-06;2026-07-25 9:01:14;SKU-002;2;12000;0;CARD
REC-20260725-STORE_05-0384;STORE_05;CASH-01;2026-07-25 20:58:42;SKU-008;2;12000;1000;CASH
REC-20260725-STORE_05-0384;STORE_05;CASH-02;2026-07-25 20:58:42;SKU-006;4;45000;500;CARD
REC-20260725-STORE_05-0385;STORE_05;CASH-04;2026-07-25 17:06:25;SKU-015;1;5000;1000;CASH
REC-20260725-STORE_05-0385;STORE_05;CASH-09;2026-07-25 17:06:25;SKU-009;3;25000;0;CARD
REC-20260725-STORE_05-0385;STORE_05;CASH-06;2026-07-25 17:06:25;SKU-018;2;5000;500;CARD
REC-20260725-STORE_05-0385;STORE_05;CASH-07;2026-07-25 17:06:25;SKU-015;2;5000;0;CASH
REC-20260725-STORE_05-0385;STORE_05;CASH-08;2026-07-25 17:06:25;SKU-040;1;25000;0;CASH
REC-20260725-STORE_05-0386;STORE_05;CASH-04;2026-07-25 13:57:11;SKU-002;2;12000;0;CARD
REC-20260725-STORE_05-0387;STORE_05;CASH-05;2026-07-25 15:14:50;SKU-002;4;12000;0;CARD
REC-20260725-STORE_05-0388;STORE_05;CASH-05;2026-07-25 9:28:34;SKU-003;3;45000;1000;CASH
REC-20260725-STORE_05-0388;STORE_05;CASH-04;2026-07-25 9:28:34;SKU-004;4;25000;0;CASH
REC-20260725-STORE_05-0388;STORE_05;CASH-05;2026-07-25 9:28:34;SKU-011;2;5000;1000;CARD
REC-20260725-STORE_05-0388;STORE_05;CASH-05;2026-07-25 9:28:34;SKU-001;3;45000;0;CASH
REC-20260725-STORE_05-0389;STORE_05;CASH-06;2026-07-25 8:32:17;SKU-002;4;12000;0;CARD
REC-20260725-STORE_05-0389;STORE_05;CASH-03;2026-07-25 8:32:17;SKU-001;2;45000;0;CASH
REC-20260725-STORE_05-0389;STORE_05;CASH-08;2026-07-25 8:32:17;SKU-002;3;12000;0;CARD
REC-20260725-STORE_05-0389;STORE_05;CASH-07;2026-07-25 8:32:17;SKU-004;4;25000;1000;CASH
REC-20260725-STORE_05-0389;STORE_05;CASH-08;2026-07-25 8:32:17;SKU-005;2;5000;500;CARD
REC-20260725-STORE_05-0390;STORE_05;CASH-05;2026-07-25 18:09:18;SKU-004;4;25000;0;CARD
REC-20260725-STORE_05-0390;STORE_05;CASH-09;2026-07-25 18:09:18;SKU-010;2;25000;1000;CARD
REC-20260725-STORE_05-0390;STORE_05;CASH-06;2026-07-25 18:09:18;SKU-004;3;25000;500;CASH
REC-20260725-STORE_05-0391;STORE_05;CASH-09;2026-07-25 19:04:53;SKU-002;2;12000;0;CARD
REC-20260725-STORE_05-0391;STORE_05;CASH-08;2026-07-25 19:04:53;SKU-001;2;45000;1000;CARD
REC-20260725-STORE_05-0392;STORE_05;CASH-09;2026-07-25 8:07:53;SKU-014;2;5000;1000;CARD
REC-20260725-STORE_05-0392;STORE_05;CASH-07;2026-07-25 8:07:53;SKU-005;1;5000;0;CASH
REC-20260725-STORE_05-0393;STORE_05;CASH-10;2026-07-25 14:31:32;SKU-001;3;45000;0;CARD
REC-20260725-STORE_05-0393;STORE_05;CASH-03;2026-07-25 14:31:32;SKU-002;3;12000;0;CARD
REC-20260725-STORE_05-0393;STORE_05;CASH-01;2026-07-25 14:31:32;SKU-024;2;12000;0;CARD
REC-20260725-STORE_05-0393;STORE_05;CASH-04;2026-07-25 14:31:32;SKU-035;2;5000;1000;CARD
REC-20260725-STORE_05-0393;STORE_05;CASH-02;2026-07-25 14:31:32;SKU-004;1;25000;1000;CASH
REC-20260725-STORE_05-0394;STORE_05;CASH-04;2026-07-25 11:54:14;SKU-017;4;12000;0;CARD
REC-20260725-STORE_05-0394;STORE_05;CASH-03;2026-07-25 11:54:14;SKU-005;3;5000;0;CASH
REC-20260725-STORE_05-0394;STORE_05;CASH-04;2026-07-25 11:54:14;SKU-032;2;25000;0;CARD
REC-20260725-STORE_05-0394;STORE_05;CASH-02;2026-07-25 11:54:14;SKU-002;3;12000;0;CASH
REC-20260725-STORE_05-0394;STORE_05;CASH-09;2026-07-25 11:54:14;SKU-003;3;45000;0;CASH
REC-20260725-STORE_05-0395;STORE_05;CASH-02;2026-07-25 13:01:32;SKU-001;3;45000;500;CARD
REC-20260725-STORE_05-0395;STORE_05;CASH-03;2026-07-25 13:01:32;SKU-011;2;5000;1000;CASH
REC-20260725-STORE_05-0395;STORE_05;CASH-10;2026-07-25 13:01:32;SKU-003;3;45000;0;CARD
REC-20260725-STORE_05-0395;STORE_05;CASH-08;2026-07-25 13:01:32;SKU-024;1;12000;0;CARD
REC-20260725-STORE_05-0395;STORE_05;CASH-06;2026-07-25 13:01:32;SKU-005;2;5000;0;CASH
REC-20260725-STORE_05-0396;STORE_05;CASH-10;2026-07-25 21:50:39;SKU-031;3;45000;500;CARD
REC-20260725-STORE_05-0396;STORE_05;CASH-01;2026-07-25 21:50:39;SKU-005;1;5000;500;CASH
REC-20260725-STORE_05-0396;STORE_05;CASH-01;2026-07-25 21:50:39;SKU-002;3;12000;0;CARD
REC-20260725-STORE_05-0396;STORE_05;CASH-02;2026-07-25 21:50:39;SKU-004;3;25000;1000;CASH
REC-20260725-STORE_05-0397;STORE_05;CASH-05;2026-07-25 15:22:33;SKU-005;2;5000;0;CARD
REC-20260725-STORE_05-0397;STORE_05;CASH-06;2026-07-25 15:22:33;SKU-002;4;12000;0;CARD
REC-20260725-STORE_05-0397;STORE_05;CASH-02;2026-07-25 15:22:33;SKU-023;3;45000;0;CASH
REC-20260725-STORE_05-0398;STORE_05;CASH-09;2026-07-25 13:59:21;SKU-001;1;45000;1000;CARD
REC-20260725-STORE_05-0398;STORE_05;CASH-08;2026-07-25 13:59:21;SKU-001;1;45000;500;CARD
REC-20260725-STORE_05-0398;STORE_05;CASH-03;2026-07-25 13:59:21;SKU-011;4;5000;0;CARD
REC-20260725-STORE_05-0399;STORE_05;CASH-04;2026-07-25 18:46:17;SKU-006;3;45000;1000;CASH
REC-20260725-STORE_05-0399;STORE_05;CASH-05;2026-07-25 18:46:17;SKU-004;1;25000;500;CARD
REC-20260725-STORE_05-0399;STORE_05;CASH-01;2026-07-25 18:46:17;SKU-005;1;5000;1000;CARD
REC-20260725-STORE_05-0400;STORE_05;CASH-04;2026-07-25 20:21:42;SKU-013;4;12000;0;CARD
REC-20260725-STORE_05-0400;STORE_05;CASH-07;2026-07-25 20:21:42;SKU-012;4;45000;1000;CASH
REC-20260725-STORE_05-0400;STORE_05;CASH-09;2026-07-25 20:21:42;SKU-007;4;12000;0;CARD
REC-20260725-STORE_05-0401;STORE_05;CASH-07;2026-07-25 12:50:28;SKU-010;4;25000;0;CARD
REC-20260725-STORE_05-0401;STORE_05;CASH-08;2026-07-25 12:50:28;SKU-003;1;45000;0;CARD
REC-20260725-STORE_05-0402;STORE_05;CASH-09;2026-07-25 12:57:53;SKU-032;2;25000;1000;CASH
REC-20260725-STORE_05-0402;STORE_05;CASH-07;2026-07-25 12:57:53;SKU-001;2;45000;0;CASH
REC-20260725-STORE_05-0402;STORE_05;CASH-03;2026-07-25 12:57:53;SKU-005;2;5000;0;CASH
REC-20260725-STORE_05-0402;STORE_05;CASH-04;2026-07-25 12:57:53;SKU-025;2;5000;500;CASH
REC-20260725-STORE_05-0402;STORE_05;CASH-07;2026-07-25 12:57:53;SKU-001;1;45000;0;CARD
REC-20260725-STORE_05-0403;STORE_05;CASH-09;2026-07-25 13:24:50;SKU-002;3;12000;0;CARD
REC-20260725-STORE_05-0403;STORE_05;CASH-03;2026-07-25 13:24:50;SKU-013;2;12000;0;CASH
REC-20260725-STORE_05-0403;STORE_05;CASH-08;2026-07-25 13:24:50;SKU-011;4;5000;500;CASH
REC-20260725-STORE_05-0404;STORE_05;CASH-03;2026-07-25 17:36:46;SKU-019;4;25000;1000;CARD
REC-20260725-STORE_05-0404;STORE_05;CASH-10;2026-07-25 17:36:46;SKU-015;4;5000;1000;CASH
REC-20260725-STORE_05-0405;STORE_05;CASH-02;2026-07-25 18:43:35;SKU-001;2;45000;0;CASH
REC-20260725-STORE_05-0405;STORE_05;CASH-05;2026-07-25 18:43:35;SKU-002;3;12000;0;CASH
REC-20260725-STORE_05-0405;STORE_05;CASH-07;2026-07-25 18:43:35;SKU-006;3;45000;0;CARD
REC-20260725-STORE_05-0405;STORE_05;CASH-08;2026-07-25 18:43:35;SKU-019;3;25000;0;CARD
REC-20260725-STORE_05-0406;STORE_05;CASH-02;2026-07-25 21:25:44;SKU-016;1;25000;0;CARD
REC-20260725-STORE_05-0406;STORE_05;CASH-10;2026-07-25 21:25:44;SKU-029;1;5000;0;CASH
REC-20260725-STORE_05-0407;STORE_05;CASH-02;2026-07-25 21:32:13;SKU-002;4;12000;0;CARD
REC-20260725-STORE_05-0408;STORE_05;CASH-08;2026-07-25 10:53:33;SKU-001;4;45000;1000;CASH
REC-20260725-STORE_05-0408;STORE_05;CASH-09;2026-07-25 10:53:33;SKU-001;4;45000;1000;CARD
REC-20260725-STORE_05-0408;STORE_05;CASH-08;2026-07-25 10:53:33;SKU-003;2;45000;1000;CARD
REC-20260725-STORE_05-0408;STORE_05;CASH-09;2026-07-25 10:53:33;SKU-001;4;45000;500;CARD
REC-20260725-STORE_05-0408;STORE_05;CASH-03;2026-07-25 10:53:33;SKU-026;3;12000;0;CARD
REC-20260725-STORE_05-0409;STORE_05;CASH-04;2026-07-25 19:48:58;SKU-036;3;45000;500;CARD
REC-20260725-STORE_05-0409;STORE_05;CASH-03;2026-07-25 19:48:58;SKU-004;1;25000;0;CARD
REC-20260725-STORE_05-0410;STORE_05;CASH-04;2026-07-25 15:25:56;SKU-001;3;45000;0;CARD
REC-20260725-STORE_05-0410;STORE_05;CASH-03;2026-07-25 15:25:56;SKU-014;4;5000;0;CARD
REC-20260725-STORE_05-0410;STORE_05;CASH-02;2026-07-25 15:25:56;SKU-008;4;12000;0;CASH
REC-20260725-STORE_05-0410;STORE_05;CASH-07;2026-07-25 15:25:56;SKU-027;4;5000;0;CARD
REC-20260725-STORE_05-0411;STORE_05;CASH-09;2026-07-25 11:46:46;SKU-003;1;45000;0;CARD
REC-20260725-STORE_05-0411;STORE_05;CASH-03;2026-07-25 11:46:46;SKU-032;3;25000;1000;CARD
REC-20260725-STORE_05-0411;STORE_05;CASH-09;2026-07-25 11:46:46;SKU-001;1;45000;0;CASH
REC-20260725-STORE_05-0412;STORE_05;CASH-02;2026-07-25 19:12:08;SKU-018;2;5000;1000;CARD
REC-20260725-STORE_05-0412;STORE_05;CASH-08;2026-07-25 19:12:08;SKU-015;4;5000;0;CARD
REC-20260725-STORE_05-0412;STORE_05;CASH-04;2026-07-25 19:12:08;SKU-001;2;45000;0;CASH
REC-20260725-STORE_05-0412;STORE_05;CASH-06;2026-07-25 19:12:08;SKU-001;2;45000;0;CASH
REC-20260725-STORE_05-0413;STORE_05;CASH-08;2026-07-25 19:12:41;SKU-027;1;5000;0;CARD
REC-20260725-STORE_05-0414;STORE_05;CASH-09;2026-07-25 8:42:03;SKU-001;3;45000;0;CASH
REC-20260725-STORE_05-0414;STORE_05;CASH-10;2026-07-25 8:42:03;SKU-032;2;25000;1000;CARD
REC-20260725-STORE_05-0414;STORE_05;CASH-10;2026-07-25 8:42:03;SKU-013;4;12000;500;CASH
REC-20260725-STORE_05-0414;STORE_05;CASH-01;2026-07-25 8:42:03;SKU-001;2;45000;0;CARD
REC-20260725-STORE_05-0415;STORE_05;CASH-09;2026-07-25 10:34:52;SKU-020;3;12000;500;CASH
REC-20260725-STORE_05-0416;STORE_05;CASH-06;2026-07-25 13:37:52;SKU-002;2;12000;0;CARD
REC-20260725-STORE_05-0416;STORE_05;CASH-01;2026-07-25 13:37:52;SKU-006;2;45000;0;CARD
REC-20260725-STORE_05-0416;STORE_05;CASH-01;2026-07-25 13:37:52;SKU-002;1;12000;1000;CARD
REC-20260725-STORE_05-0417;STORE_05;CASH-05;2026-07-25 11:41:11;SKU-001;4;45000;0;CARD
REC-20260725-STORE_05-0417;STORE_05;CASH-09;2026-07-25 11:41:11;SKU-022;2;12000;500;CARD
REC-20260725-STORE_05-0417;STORE_05;CASH-06;2026-07-25 11:41:11;SKU-003;4;45000;1000;CASH
REC-20260725-STORE_05-0417;STORE_05;CASH-01;2026-07-25 11:41:11;SKU-001;3;45000;0;CARD
REC-20260725-STORE_05-0417;STORE_05;CASH-08;2026-07-25 11:41:11;SKU-012;3;45000;1000;CASH
REC-20260725-STORE_05-0418;STORE_05;CASH-05;2026-07-25 10:00:21;SKU-023;2;45000;0;CARD
REC-20260725-STORE_05-0418;STORE_05;CASH-01;2026-07-25 10:00:21;SKU-002;3;12000;0;CASH
REC-20260725-STORE_05-0418;STORE_05;CASH-03;2026-07-25 10:00:21;SKU-001;1;45000;0;CARD
REC-20260725-STORE_05-0418;STORE_05;CASH-02;2026-07-25 10:00:21;SKU-022;3;12000;0;CASH
REC-20260725-STORE_05-0418;STORE_05;CASH-03;2026-07-25 10:00:21;SKU-005;1;5000;0;CARD
REC-20260725-STORE_05-0419;STORE_05;CASH-02;2026-07-25 17:51:40;SKU-002;4;12000;0;CARD
REC-20260725-STORE_05-0419;STORE_05;CASH-10;2026-07-25 17:51:40;SKU-001;3;45000;1000;CASH
REC-20260725-STORE_05-0420;STORE_05;CASH-06;2026-07-25 11:14:42;SKU-022;3;12000;0;CARD
REC-20260725-STORE_05-0420;STORE_05;CASH-10;2026-07-25 11:14:42;SKU-004;3;25000;0;CASH
REC-20260725-STORE_05-0420;STORE_05;CASH-05;2026-07-25 11:14:42;SKU-026;1;12000;500;CASH
REC-20260725-STORE_05-0421;STORE_05;CASH-06;2026-07-25 18:51:22;SKU-006;2;45000;500;CARD
REC-20260725-STORE_05-0421;STORE_05;CASH-08;2026-07-25 18:51:22;SKU-001;2;45000;1000;CASH
REC-20260725-STORE_05-0421;STORE_05;CASH-08;2026-07-25 18:51:22;SKU-004;2;25000;500;CASH
REC-20260725-STORE_05-0422;STORE_05;CASH-08;2026-07-25 20:58:07;SKU-030;4;45000;1000;CASH
REC-20260725-STORE_05-0422;STORE_05;CASH-02;2026-07-25 20:58:07;SKU-001;2;45000;500;CARD
REC-20260725-STORE_05-0422;STORE_05;CASH-04;2026-07-25 20:58:07;SKU-037;3;45000;500;CARD
REC-20260725-STORE_05-0422;STORE_05;CASH-02;2026-07-25 20:58:07;SKU-018;3;5000;500;CARD
REC-20260725-STORE_05-0422;STORE_05;CASH-02;2026-07-25 20:58:07;SKU-001;4;45000;1000;CASH
REC-20260725-STORE_05-0423;STORE_05;CASH-09;2026-07-25 12:48:12;SKU-003;4;45000;500;CARD
REC-20260725-STORE_05-0423;STORE_05;CASH-02;2026-07-25 12:48:12;SKU-010;2;25000;500;CARD
REC-20260725-STORE_05-0423;STORE_05;CASH-08;2026-07-25 12:48:12;SKU-001;1;45000;0;CASH
REC-20260725-STORE_05-0424;STORE_05;CASH-02;2026-07-25 19:01:15;SKU-003;4;45000;0;CARD
REC-20260725-STORE_05-0424;STORE_05;CASH-03;2026-07-25 19:01:15;SKU-024;3;12000;500;CARD
REC-20260725-STORE_05-0424;STORE_05;CASH-10;2026-07-25 19:01:15;SKU-001;3;45000;1000;CARD
REC-20260725-STORE_05-0424;STORE_05;CASH-03;2026-07-25 19:01:15;SKU-003;3;45000;500;CARD
REC-20260725-STORE_05-0424;STORE_05;CASH-08;2026-07-25 19:01:15;SKU-007;1;12000;0;CASH
REC-20260725-STORE_05-0425;STORE_05;CASH-03;2026-07-25 16:40:11;SKU-001;1;45000;1000;CARD
REC-20260725-STORE_05-0425;STORE_05;CASH-08;2026-07-25 16:40:11;SKU-001;2;45000;1000;CARD
REC-20260725-STORE_05-0425;STORE_05;CASH-04;2026-07-25 16:40:11;SKU-003;1;45000;0;CARD
REC-20260725-STORE_05-0426;STORE_05;CASH-02;2026-07-25 17:40:05;SKU-001;1;45000;0;CARD
REC-20260725-STORE_05-0426;STORE_05;CASH-02;2026-07-25 17:40:05;SKU-050;3;25000;0;CASH
REC-20260725-STORE_05-0427;STORE_05;CASH-05;2026-07-25 18:17:26;SKU-002;1;12000;1000;CARD
REC-20260725-STORE_05-0427;STORE_05;CASH-10;2026-07-25 18:17:26;SKU-005;4;5000;0;CASH
REC-20260725-STORE_05-0427;STORE_05;CASH-08;2026-07-25 18:17:26;SKU-009;2;25000;0;CARD
REC-20260725-STORE_05-0428;STORE_05;CASH-09;2026-07-25 8:21:48;SKU-015;1;5000;500;CARD
REC-20260725-STORE_05-0428;STORE_05;CASH-01;2026-07-25 8:21:48;SKU-003;1;45000;1000;CARD
REC-20260725-STORE_05-0428;STORE_05;CASH-03;2026-07-25 8:21:48;SKU-027;1;5000;0;CARD
REC-20260725-STORE_05-0428;STORE_05;CASH-09;2026-07-25 8:21:48;SKU-008;3;12000;500;CARD
REC-20260725-STORE_05-0428;STORE_05;CASH-07;2026-07-25 8:21:48;SKU-017;3;12000;0;CARD
REC-20260725-STORE_05-0429;STORE_05;CASH-09;2026-07-25 11:49:48;SKU-001;4;45000;0;CASH
REC-20260725-STORE_05-0429;STORE_05;CASH-02;2026-07-25 11:49:48;SKU-027;1;5000;500;CARD
REC-20260725-STORE_05-0430;STORE_05;CASH-05;2026-07-25 19:44:06;SKU-004;2;25000;500;CASH
REC-20260725-STORE_05-0430;STORE_05;CASH-06;2026-07-25 19:44:06;SKU-010;2;25000;1000;CARD
REC-20260725-STORE_05-0430;STORE_05;CASH-03;2026-07-25 19:44:06;SKU-027;3;5000;500;CARD
REC-20260725-STORE_05-0431;STORE_05;CASH-03;2026-07-25 8:32:23;SKU-001;1;45000;500;CASH
REC-20260725-STORE_05-0431;STORE_05;CASH-04;2026-07-25 8:32:23;SKU-006;4;45000;1000;CARD
REC-20260725-STORE_05-0432;STORE_05;CASH-04;2026-07-25 11:00:22;SKU-008;4;12000;500;CASH
REC-20260725-STORE_05-0432;STORE_05;CASH-10;2026-07-25 11:00:22;SKU-001;4;45000;0;CASH
REC-20260725-STORE_05-0433;STORE_05;CASH-07;2026-07-25 11:35:06;SKU-002;3;12000;1000;CARD
REC-20260725-STORE_05-0434;STORE_05;CASH-02;2026-07-25 10:45:21;SKU-022;2;12000;0;CARD
REC-20260725-STORE_05-0434;STORE_05;CASH-08;2026-07-25 10:45:21;SKU-005;2;5000;0;CARD
REC-20260725-STORE_05-0434;STORE_05;CASH-02;2026-07-25 10:45:21;SKU-002;4;12000;0;CASH
REC-20260725-STORE_05-0434;STORE_05;CASH-01;2026-07-25 10:45:21;SKU-002;4;12000;0;CARD
REC-20260725-STORE_05-0434;STORE_05;CASH-10;2026-07-25 10:45:21;SKU-008;2;12000;0;CARD
REC-20260725-STORE_05-0435;STORE_05;CASH-02;2026-07-25 9:51:55;SKU-004;4;25000;0;CARD
REC-20260725-STORE_05-0435;STORE_05;CASH-02;2026-07-25 9:51:55;SKU-001;2;45000;0;CARD
REC-20260725-STORE_05-0435;STORE_05;CASH-01;2026-07-25 9:51:55;SKU-007;2;12000;0;CARD
REC-20260725-STORE_05-0435;STORE_05;CASH-04;2026-07-25 9:51:55;SKU-005;3;5000;0;CARD
REC-20260725-STORE_05-0436;STORE_05;CASH-03;2026-07-25 15:45:12;SKU-003;2;45000;0;CARD
REC-20260725-STORE_05-0437;STORE_05;CASH-02;2026-07-25 11:54:35;SKU-006;2;45000;0;CASH
REC-20260725-STORE_05-0437;STORE_05;CASH-03;2026-07-25 11:54:35;SKU-007;4;12000;1000;CARD
REC-20260725-STORE_05-0438;STORE_05;CASH-05;2026-07-25 18:53:30;SKU-003;1;45000;1000;CARD
REC-20260725-STORE_05-0438;STORE_05;CASH-04;2026-07-25 18:53:30;SKU-007;4;12000;0;CASH
REC-20260725-STORE_05-0438;STORE_05;CASH-10;2026-07-25 18:53:30;SKU-005;1;5000;500;CARD
REC-20260725-STORE_05-0439;STORE_05;CASH-07;2026-07-25 9:28:18;SKU-036;3;45000;0;CASH
REC-20260725-STORE_05-0439;STORE_05;CASH-06;2026-07-25 9:28:18;SKU-001;1;45000;0;CASH
REC-20260725-STORE_05-0439;STORE_05;CASH-02;2026-07-25 9:28:18;SKU-012;4;45000;500;CARD
REC-20260725-STORE_05-0440;STORE_05;CASH-03;2026-07-25 14:22:07;SKU-003;3;45000;0;CARD
REC-20260725-STORE_05-0440;STORE_05;CASH-01;2026-07-25 14:22:07;SKU-007;4;12000;0;CARD
REC-20260725-STORE_05-0440;STORE_05;CASH-01;2026-07-25 14:22:07;SKU-001;2;45000;0;CASH
REC-20260725-STORE_05-0441;STORE_05;CASH-01;2026-07-25 14:55:46;SKU-012;3;45000;0;CARD
REC-20260725-STORE_05-0441;STORE_05;CASH-09;2026-07-25 14:55:46;SKU-006;4;45000;1000;CASH
REC-20260725-STORE_05-0441;STORE_05;CASH-07;2026-07-25 14:55:46;SKU-006;3;45000;0;CARD
REC-20260725-STORE_05-0442;STORE_05;CASH-09;2026-07-25 20:38:00;SKU-002;2;12000;0;CARD
REC-20260725-STORE_05-0442;STORE_05;CASH-09;2026-07-25 20:38:00;SKU-001;2;45000;1000;CASH
REC-20260725-STORE_05-0442;STORE_05;CASH-06;2026-07-25 20:38:00;SKU-006;4;45000;500;CARD
REC-20260725-STORE_05-0442;STORE_05;CASH-01;2026-07-25 20:38:00;SKU-014;4;5000;0;CASH
REC-20260725-STORE_05-0442;STORE_05;CASH-01;2026-07-25 20:38:00;SKU-002;4;12000;500;CARD
REC-20260725-STORE_05-0443;STORE_05;CASH-09;2026-07-25 10:20:18;SKU-002;2;12000;1000;CARD
REC-20260725-STORE_05-0443;STORE_05;CASH-01;2026-07-25 10:20:18;SKU-003;2;45000;0;CARD
REC-20260725-STORE_05-0443;STORE_05;CASH-07;2026-07-25 10:20:18;SKU-001;3;45000;1000;CARD
REC-20260725-STORE_05-0443;STORE_05;CASH-04;2026-07-25 10:20:18;SKU-010;4;25000;0;CASH
REC-20260725-STORE_05-0443;STORE_05;CASH-05;2026-07-25 10:20:18;SKU-030;4;45000;0;CASH
REC-20260725-STORE_05-0444;STORE_05;CASH-04;2026-07-25 9:50:48;SKU-014;4;5000;500;CASH
REC-20260725-STORE_05-0444;STORE_05;CASH-04;2026-07-25 9:50:48;SKU-009;3;25000;0;CASH
REC-20260725-STORE_05-0444;STORE_05;CASH-07;2026-07-25 9:50:48;SKU-031;2;45000;0;CASH
REC-20260725-STORE_05-0445;STORE_05;CASH-08;2026-07-25 21:08:27;SKU-010;4;25000;0;CARD
REC-20260725-STORE_05-0446;STORE_05;CASH-01;2026-07-25 15:53:32;SKU-004;2;25000;0;CARD
REC-20260725-STORE_05-0446;STORE_05;CASH-10;2026-07-25 15:53:32;SKU-003;1;45000;0;CASH
REC-20260725-STORE_05-0446;STORE_05;CASH-09;2026-07-25 15:53:32;SKU-017;2;12000;1000;CARD
REC-20260725-STORE_05-0446;STORE_05;CASH-07;2026-07-25 15:53:32;SKU-005;3;5000;1000;CARD
REC-20260725-STORE_05-0446;STORE_05;CASH-06;2026-07-25 15:53:32;SKU-005;3;5000;0;CASH
REC-20260725-STORE_05-0447;STORE_05;CASH-06;2026-07-25 10:14:31;SKU-002;1;12000;500;CARD
REC-20260725-STORE_05-0447;STORE_05;CASH-08;2026-07-25 10:14:31;SKU-002;4;12000;500;CASH
REC-20260725-STORE_05-0447;STORE_05;CASH-01;2026-07-25 10:14:31;SKU-003;2;45000;500;CARD
REC-20260725-STORE_05-0447;STORE_05;CASH-09;2026-07-25 10:14:31;SKU-002;3;12000;500;CARD
REC-20260725-STORE_05-0448;STORE_05;CASH-08;2026-07-25 10:46:28;SKU-001;2;45000;1000;CASH
REC-20260725-STORE_05-0448;STORE_05;CASH-03;2026-07-25 10:46:28;SKU-003;2;45000;0;CARD
REC-20260725-STORE_05-0448;STORE_05;CASH-03;2026-07-25 10:46:28;SKU-006;4;45000;500;CARD
REC-20260725-STORE_05-0448;STORE_05;CASH-08;2026-07-25 10:46:28;SKU-016;1;25000;0;CARD
REC-20260725-STORE_05-0448;STORE_05;CASH-04;2026-07-25 10:46:28;SKU-002;4;12000;0;CASH
REC-20260725-STORE_05-0449;STORE_05;CASH-02;2026-07-25 21:27:57;SKU-007;1;12000;0;CARD
REC-20260725-STORE_05-0449;STORE_05;CASH-03;2026-07-25 21:27:57;SKU-002;1;12000;0;CARD
REC-20260725-STORE_05-0449;STORE_05;CASH-09;2026-07-25 21:27:57;SKU-001;3;45000;500;CASH
REC-20260725-STORE_05-0450;STORE_05;CASH-07;2026-07-25 20:28:09;SKU-015;1;5000;0;CARD
REC-20260725-STORE_05-0450;STORE_05;CASH-01;2026-07-25 20:28:09;SKU-005;1;5000;0;CASH
REC-20260725-STORE_05-0450;STORE_05;CASH-08;2026-07-25 20:28:09;SKU-003;2;45000;1000;CASH
REC-20260725-STORE_05-0450;STORE_05;CASH-08;2026-07-25 20:28:09;SKU-034;3;25000;0;CARD
REC-20260725-STORE_05-0451;STORE_05;CASH-07;2026-07-25 10:11:21;SKU-008;3;12000;1000;CARD
REC-20260725-STORE_05-0452;STORE_05;CASH-06;2026-07-25 10:47:31;SKU-005;1;5000;0;CARD
REC-20260725-STORE_05-0453;STORE_05;CASH-07;2026-07-25 16:28:07;SKU-046;4;25000;1000;CASH
REC-20260725-STORE_05-0453;STORE_05;CASH-04;2026-07-25 16:28:07;SKU-009;3;25000;0;CARD
REC-20260725-STORE_05-0454;STORE_05;CASH-09;2026-07-25 16:17:49;SKU-032;1;25000;500;CARD
REC-20260725-STORE_05-0454;STORE_05;CASH-06;2026-07-25 16:17:49;SKU-005;2;5000;0;CARD
REC-20260725-STORE_05-0454;STORE_05;CASH-02;2026-07-25 16:17:49;SKU-001;1;45000;0;CARD
REC-20260725-STORE_05-0454;STORE_05;CASH-04;2026-07-25 16:17:49;SKU-007;3;12000;500;CASH
REC-20260725-STORE_05-0454;STORE_05;CASH-03;2026-07-25 16:17:49;SKU-005;1;5000;0;CARD
REC-20260725-STORE_05-0455;STORE_05;CASH-08;2026-07-25 13:22:58;SKU-001;2;45000;0;CARD
REC-20260725-STORE_05-0455;STORE_05;CASH-04;2026-07-25 13:22:58;SKU-026;3;12000;0;CARD
REC-20260725-STORE_05-0455;STORE_05;CASH-05;2026-07-25 13:22:58;SKU-001;2;45000;0;CASH
REC-20260725-STORE_05-0455;STORE_05;CASH-07;2026-07-25 13:22:58;SKU-006;2;45000;0;CARD
REC-20260725-STORE_05-0455;STORE_05;CASH-01;2026-07-25 13:22:58;SKU-006;2;45000;0;CARD
REC-20260725-STORE_05-0456;STORE_05;CASH-08;2026-07-25 18:50:46;SKU-034;3;25000;0;CARD
REC-20260725-STORE_05-0456;STORE_05;CASH-05;2026-07-25 18:50:46;SKU-007;4;12000;1000;CASH
REC-20260725-STORE_05-0456;STORE_05;CASH-10;2026-07-25 18:50:46;SKU-005;4;5000;500;CASH
REC-20260725-STORE_05-0457;STORE_05;CASH-07;2026-07-25 16:25:43;SKU-003;2;45000;500;CARD
REC-20260725-STORE_05-0458;STORE_05;CASH-04;2026-07-25 11:38:20;SKU-001;1;45000;0;CARD
REC-20260725-STORE_05-0458;STORE_05;CASH-02;2026-07-25 11:38:20;SKU-002;1;12000;0;CASH
REC-20260725-STORE_05-0459;STORE_05;CASH-05;2026-07-25 17:46:31;SKU-002;4;12000;0;CASH
REC-20260725-STORE_05-0459;STORE_05;CASH-07;2026-07-25 17:46:31;SKU-004;4;25000;500;CARD
REC-20260725-STORE_05-0459;STORE_05;CASH-02;2026-07-25 17:46:31;SKU-002;2;12000;0;CASH
REC-20260725-STORE_05-0459;STORE_05;CASH-09;2026-07-25 17:46:31;SKU-005;1;5000;0;CARD
REC-20260725-STORE_05-0460;STORE_05;CASH-01;2026-07-25 18:33:25;SKU-003;2;45000;0;CARD
REC-20260725-STORE_05-0461;STORE_05;CASH-04;2026-07-25 14:13:23;SKU-001;2;45000;1000;CARD
REC-20260725-STORE_05-0461;STORE_05;CASH-10;2026-07-25 14:13:23;SKU-013;4;12000;1000;CASH
REC-20260725-STORE_05-0461;STORE_05;CASH-06;2026-07-25 14:13:23;SKU-003;4;45000;1000;CASH
REC-20260725-STORE_05-0462;STORE_05;CASH-05;2026-07-25 21:09:41;SKU-001;3;45000;0;CASH
REC-20260725-STORE_05-0462;STORE_05;CASH-07;2026-07-25 21:09:41;SKU-042;4;5000;500;CARD
REC-20260725-STORE_05-0462;STORE_05;CASH-04;2026-07-25 21:09:41;SKU-007;2;12000;500;CARD
REC-20260725-STORE_05-0463;STORE_05;CASH-07;2026-07-25 11:39:03;SKU-043;1;25000;500;CARD
REC-20260725-STORE_05-0464;STORE_05;CASH-08;2026-07-25 18:29:21;SKU-023;2;45000;1000;CARD
REC-20260725-STORE_05-0464;STORE_05;CASH-07;2026-07-25 18:29:21;SKU-005;3;5000;0;CARD
REC-20260725-STORE_05-0465;STORE_05;CASH-09;2026-07-25 21:36:30;SKU-002;1;12000;0;CARD
REC-20260725-STORE_05-0466;STORE_05;CASH-06;2026-07-25 12:42:40;SKU-008;1;12000;0;CARD
REC-20260725-STORE_05-0467;STORE_05;CASH-03;2026-07-25 13:03:49;SKU-004;1;25000;500;CASH
REC-20260725-STORE_05-0468;STORE_05;CASH-06;2026-07-25 13:38:42;SKU-007;3;12000;0;CASH
REC-20260725-STORE_05-0468;STORE_05;CASH-09;2026-07-25 13:38:42;SKU-006;4;45000;1000;CARD
REC-20260725-STORE_05-0469;STORE_05;CASH-05;2026-07-25 21:11:25;SKU-007;3;12000;0;CASH
REC-20260725-STORE_05-0469;STORE_05;CASH-09;2026-07-25 21:11:25;SKU-001;3;45000;500;CARD
REC-20260725-STORE_05-0470;STORE_05;CASH-01;2026-07-25 12:00:20;SKU-038;2;12000;0;CARD
REC-20260725-STORE_05-0470;STORE_05;CASH-04;2026-07-25 12:00:20;SKU-004;2;25000;1000;CARD
REC-20260725-STORE_05-0470;STORE_05;CASH-10;2026-07-25 12:00:20;SKU-048;4;25000;0;CARD
REC-20260725-STORE_05-0470;STORE_05;CASH-10;2026-07-25 12:00:20;SKU-001;2;45000;0;CARD
REC-20260725-STORE_05-0470;STORE_05;CASH-02;2026-07-25 12:00:20;SKU-001;1;45000;0;CARD
REC-20260725-STORE_05-0471;STORE_05;CASH-04;2026-07-25 17:28:39;SKU-005;4;5000;500;CARD
REC-20260725-STORE_05-0471;STORE_05;CASH-07;2026-07-25 17:28:39;SKU-001;2;45000;500;CARD
REC-20260725-STORE_05-0471;STORE_05;CASH-01;2026-07-25 17:28:39;SKU-010;4;25000;500;CARD
REC-20260725-STORE_05-0471;STORE_05;CASH-05;2026-07-25 17:28:39;SKU-001;2;45000;0;CARD
REC-20260725-STORE_05-0471;STORE_05;CASH-01;2026-07-25 17:28:39;SKU-007;4;12000;0;CARD
REC-20260725-STORE_05-0472;STORE_05;CASH-03;2026-07-25 8:23:28;SKU-024;4;12000;0;CARD
REC-20260725-STORE_05-0472;STORE_05;CASH-05;2026-07-25 8:23:28;SKU-017;1;12000;1000;CASH
REC-20260725-STORE_05-0473;STORE_05;CASH-04;2026-07-25 11:29:03;SKU-010;4;25000;500;CASH
REC-20260725-STORE_05-0473;STORE_05;CASH-02;2026-07-25 11:29:03;SKU-001;3;45000;500;CASH
REC-20260725-STORE_05-0473;STORE_05;CASH-10;2026-07-25 11:29:03;SKU-014;2;5000;0;CARD
REC-20260725-STORE_05-0474;STORE_05;CASH-07;2026-07-25 13:25:37;SKU-044;1;5000;0;CARD
REC-20260725-STORE_05-0474;STORE_05;CASH-05;2026-07-25 13:25:37;SKU-003;4;45000;0;CARD
REC-20260725-STORE_05-0475;STORE_05;CASH-05;2026-07-25 20:27:48;SKU-023;1;45000;0;CARD
REC-20260725-STORE_05-0475;STORE_05;CASH-04;2026-07-25 20:27:48;SKU-002;2;12000;0;CARD
REC-20260725-STORE_05-0475;STORE_05;CASH-05;2026-07-25 20:27:48;SKU-041;2;25000;0;CASH
REC-20260725-STORE_05-0476;STORE_05;CASH-03;2026-07-25 11:43:00;SKU-012;2;45000;0;CASH
REC-20260725-STORE_05-0476;STORE_05;CASH-07;2026-07-25 11:43:00;SKU-019;3;25000;0;CASH
REC-20260725-STORE_05-0476;STORE_05;CASH-05;2026-07-25 11:43:00;SKU-019;3;25000;0;CARD
REC-20260725-STORE_05-0476;STORE_05;CASH-07;2026-07-25 11:43:00;SKU-003;4;45000;500;CARD
REC-20260725-STORE_05-0477;STORE_05;CASH-08;2026-07-25 10:04:34;SKU-001;3;45000;0;CARD
REC-20260725-STORE_05-0477;STORE_05;CASH-04;2026-07-25 10:04:34;SKU-001;2;45000;500;CASH
REC-20260725-STORE_05-0477;STORE_05;CASH-05;2026-07-25 10:04:34;SKU-003;3;45000;0;CASH
REC-20260725-STORE_05-0477;STORE_05;CASH-04;2026-07-25 10:04:34;SKU-006;4;45000;0;CARD
REC-20260725-STORE_05-0478;STORE_05;CASH-03;2026-07-25 13:17:32;SKU-034;2;25000;0;CARD
REC-20260725-STORE_05-0478;STORE_05;CASH-06;2026-07-25 13:17:32;SKU-001;2;45000;0;CARD
REC-20260725-STORE_05-0478;STORE_05;CASH-04;2026-07-25 13:17:32;SKU-005;3;5000;500;CARD
REC-20260725-STORE_05-0478;STORE_05;CASH-04;2026-07-25 13:17:32;SKU-038;1;12000;500;CARD
REC-20260725-STORE_05-0478;STORE_05;CASH-01;2026-07-25 13:17:32;SKU-008;3;12000;0;CARD
REC-20260725-STORE_05-0479;STORE_05;CASH-02;2026-07-25 20:10:56;SKU-002;2;12000;0;CARD
REC-20260725-STORE_05-0479;STORE_05;CASH-06;2026-07-25 20:10:56;SKU-018;4;5000;0;CARD
REC-20260725-STORE_05-0479;STORE_05;CASH-06;2026-07-25 20:10:56;SKU-001;4;45000;1000;CASH
REC-20260725-STORE_05-0479;STORE_05;CASH-10;2026-07-25 20:10:56;SKU-024;3;12000;0;CARD
REC-20260725-STORE_05-0480;STORE_05;CASH-06;2026-07-25 12:23:45;SKU-001;1;45000;0;CASH
REC-20260725-STORE_05-0480;STORE_05;CASH-02;2026-07-25 12:23:45;SKU-010;1;25000;0;CARD
REC-20260725-STORE_05-0481;STORE_05;CASH-05;2026-07-25 17:39:19;SKU-002;1;12000;1000;CARD
REC-20260725-STORE_05-0481;STORE_05;CASH-08;2026-07-25 17:39:19;SKU-001;4;45000;0;CASH
REC-20260725-STORE_05-0481;STORE_05;CASH-05;2026-07-25 17:39:19;SKU-001;1;45000;500;CASH
REC-20260725-STORE_05-0482;STORE_05;CASH-09;2026-07-25 21:14:38;SKU-001;1;45000;0;CARD
REC-20260725-STORE_05-0482;STORE_05;CASH-04;2026-07-25 21:14:38;SKU-001;1;45000;0;CASH
REC-20260725-STORE_05-0482;STORE_05;CASH-09;2026-07-25 21:14:38;SKU-024;3;12000;0;CARD
REC-20260725-STORE_05-0483;STORE_05;CASH-01;2026-07-25 13:32:17;SKU-031;2;45000;0;CASH
REC-20260725-STORE_05-0483;STORE_05;CASH-09;2026-07-25 13:32:17;SKU-002;2;12000;0;CARD
REC-20260725-STORE_05-0483;STORE_05;CASH-10;2026-07-25 13:32:17;SKU-036;4;45000;0;CASH
REC-20260725-STORE_05-0483;STORE_05;CASH-08;2026-07-25 13:32:17;SKU-003;1;45000;0;CASH
REC-20260725-STORE_05-0483;STORE_05;CASH-06;2026-07-25 13:32:17;SKU-003;1;45000;0;CARD
REC-20260725-STORE_05-0484;STORE_05;CASH-01;2026-07-25 8:27:26;SKU-003;3;45000;500;CARD
REC-20260725-STORE_05-0484;STORE_05;CASH-03;2026-07-25 8:27:26;SKU-001;4;45000;0;CARD
REC-20260725-STORE_05-0485;STORE_05;CASH-09;2026-07-25 14:01:19;SKU-041;3;25000;1000;CASH
REC-20260725-STORE_05-0485;STORE_05;CASH-04;2026-07-25 14:01:19;SKU-001;1;45000;0;CARD
REC-20260725-STORE_05-0485;STORE_05;CASH-03;2026-07-25 14:01:19;SKU-005;3;5000;0;CASH
REC-20260725-STORE_05-0486;STORE_05;CASH-01;2026-07-25 16:11:37;SKU-006;4;45000;1000;CARD
REC-20260725-STORE_05-0486;STORE_05;CASH-05;2026-07-25 16:11:37;SKU-001;4;45000;1000;CASH
REC-20260725-STORE_05-0487;STORE_05;CASH-10;2026-07-25 13:55:25;SKU-026;3;12000;500;CARD
REC-20260725-STORE_05-0487;STORE_05;CASH-08;2026-07-25 13:55:25;SKU-003;1;45000;500;CARD
REC-20260725-STORE_05-0487;STORE_05;CASH-05;2026-07-25 13:55:25;SKU-002;1;12000;500;CARD
REC-20260725-STORE_05-0488;STORE_05;CASH-04;2026-07-25 12:56:21;SKU-033;3;5000;0;CASH
REC-20260725-STORE_05-0488;STORE_05;CASH-08;2026-07-25 12:56:21;SKU-011;2;5000;0;CARD
REC-20260725-STORE_05-0488;STORE_05;CASH-04;2026-07-25 12:56:21;SKU-009;2;25000;0;CARD
REC-20260725-STORE_05-0488;STORE_05;CASH-06;2026-07-25 12:56:21;SKU-036;2;45000;500;CARD
REC-20260725-STORE_05-0489;STORE_05;CASH-03;2026-07-25 16:34:45;SKU-001;3;45000;1000;CARD
REC-20260725-STORE_05-0489;STORE_05;CASH-02;2026-07-25 16:34:45;SKU-007;1;12000;1000;CASH
REC-20260725-STORE_05-0490;STORE_05;CASH-09;2026-07-25 18:26:35;SKU-002;1;12000;500;CASH
REC-20260725-STORE_05-0490;STORE_05;CASH-08;2026-07-25 18:26:35;SKU-023;1;45000;0;CARD
REC-20260725-STORE_05-0490;STORE_05;CASH-04;2026-07-25 18:26:35;SKU-006;2;45000;0;CASH
REC-20260725-STORE_05-0490;STORE_05;CASH-02;2026-07-25 18:26:35;SKU-003;3;45000;500;CARD
REC-20260725-STORE_05-0490;STORE_05;CASH-05;2026-07-25 18:26:35;SKU-015;1;5000;1000;CARD
REC-20260725-STORE_05-0491;STORE_05;CASH-10;2026-07-25 13:38:02;SKU-019;4;25000;0;CARD
REC-20260725-STORE_05-0491;STORE_05;CASH-08;2026-07-25 13:38:02;SKU-002;1;12000;500;CARD
REC-20260725-STORE_05-0491;STORE_05;CASH-04;2026-07-25 13:38:02;SKU-047;1;5000;500;CARD
REC-20260725-STORE_05-0492;STORE_05;CASH-02;2026-07-25 18:35:05;SKU-005;3;5000;500;CARD
REC-20260725-STORE_05-0493;STORE_05;CASH-04;2026-07-25 13:56:50;SKU-001;3;45000;0;CASH
REC-20260725-STORE_05-0493;STORE_05;CASH-04;2026-07-25 13:56:50;SKU-046;4;25000;500;CARD
REC-20260725-STORE_05-0493;STORE_05;CASH-01;2026-07-25 13:56:50;SKU-008;3;12000;0;CARD
REC-20260725-STORE_05-0493;STORE_05;CASH-09;2026-07-25 13:56:50;SKU-004;2;25000;0;CARD
REC-20260725-STORE_05-0494;STORE_05;CASH-04;2026-07-25 11:13:43;SKU-038;1;12000;0;CARD
REC-20260725-STORE_05-0494;STORE_05;CASH-05;2026-07-25 11:13:43;SKU-004;3;25000;1000;CASH
REC-20260725-STORE_05-0495;STORE_05;CASH-01;2026-07-25 9:42:14;SKU-001;1;45000;0;CARD
REC-20260725-STORE_05-0495;STORE_05;CASH-04;2026-07-25 9:42:14;SKU-045;4;45000;500;CARD
REC-20260725-STORE_05-0496;STORE_05;CASH-08;2026-07-25 11:30:10;SKU-003;3;45000;0;CARD
REC-20260725-STORE_05-0496;STORE_05;CASH-08;2026-07-25 11:30:10;SKU-016;4;25000;1000;CASH
REC-20260725-STORE_05-0496;STORE_05;CASH-03;2026-07-25 11:30:10;SKU-039;2;5000;500;CARD
REC-20260725-STORE_05-0496;STORE_05;CASH-03;2026-07-25 11:30:10;SKU-001;3;45000;0;CASH
REC-20260725-STORE_05-0496;STORE_05;CASH-07;2026-07-25 11:30:10;SKU-001;2;45000;0;CASH
REC-20260725-STORE_05-0497;STORE_05;CASH-07;2026-07-25 21:39:03;SKU-001;2;45000;500;CARD
REC-20260725-STORE_05-0497;STORE_05;CASH-02;2026-07-25 21:39:03;SKU-004;2;25000;0;CARD
REC-20260725-STORE_05-0497;STORE_05;CASH-04;2026-07-25 21:39:03;SKU-001;3;45000;500;CASH
REC-20260725-STORE_05-0497;STORE_05;CASH-08;2026-07-25 21:39:03;SKU-027;2;5000;1000;CARD
REC-20260725-STORE_05-0498;STORE_05;CASH-10;2026-07-25 8:59:01;SKU-001;3;45000;1000;CARD
REC-20260725-STORE_05-0498;STORE_05;CASH-07;2026-07-25 8:59:01;SKU-001;2;45000;0;CASH
REC-20260725-STORE_05-0498;STORE_05;CASH-06;2026-07-25 8:59:01;SKU-020;1;12000;0;CASH
REC-20260725-STORE_05-0499;STORE_05;CASH-08;2026-07-25 9:44:35;SKU-003;1;45000;0;CASH
REC-20260725-STORE_05-0499;STORE_05;CASH-09;2026-07-25 9:44:35;SKU-006;3;45000;1000;CARD
REC-20260725-STORE_05-0499;STORE_05;CASH-07;2026-07-25 9:44:35;SKU-001;4;45000;1000;CASH
REC-20260725-STORE_05-0499;STORE_05;CASH-04;2026-07-25 9:44:35;SKU-001;3;45000;0;CARD
REC-20260725-STORE_05-0499;STORE_05;CASH-01;2026-07-25 9:44:35;SKU-047;1;5000;1000;CARD
REC-20260725-STORE_05-0500;STORE_05;CASH-04;2026-07-25 21:21:23;SKU-002;2;12000;1000;CASH
REC-20260725-STORE_05-0500;STORE_05;CASH-06;2026-07-25 21:21:23;SKU-001;3;45000;500;CASH
REC-20260725-STORE_05-0500;STORE_05;CASH-07;2026-07-25 21:21:23;SKU-002;4;12000;0;CASH
REC-20260725-STORE_05-0500;STORE_05;CASH-01;2026-07-25 21:21:23;SKU-008;2;12000;1000;CARD
REC-20260725-STORE_05-0500;STORE_05;CASH-03;2026-07-25 21:21:23;SKU-003;2;45000;0;CARD
REC-20260725-STORE_05-0501;STORE_05;CASH-07;2026-07-25 12:17:17;SKU-040;1;25000;500;CARD
REC-20260725-STORE_05-0501;STORE_05;CASH-02;2026-07-25 12:17:17;SKU-042;4;5000;0;CARD
REC-20260725-STORE_05-0501;STORE_05;CASH-03;2026-07-25 12:17:17;SKU-014;3;5000;500;CASH
REC-20260725-STORE_05-0501;STORE_05;CASH-08;2026-07-25 12:17:17;SKU-012;2;45000;0;CASH
REC-20260725-STORE_05-0501;STORE_05;CASH-05;2026-07-25 12:17:17;SKU-004;2;25000;0;CARD
REC-20260725-STORE_05-0502;STORE_05;CASH-10;2026-07-25 9:28:32;SKU-022;1;12000;0;CARD
REC-20260725-STORE_05-0502;STORE_05;CASH-04;2026-07-25 9:28:32;SKU-020;3;12000;0;CARD
REC-20260725-STORE_05-0502;STORE_05;CASH-10;2026-07-25 9:28:32;SKU-013;3;12000;1000;CARD
REC-20260725-STORE_05-0502;STORE_05;CASH-05;2026-07-25 9:28:32;SKU-031;3;45000;0;CARD
REC-20260725-STORE_05-0502;STORE_05;CASH-01;2026-07-25 9:28:32;SKU-015;3;5000;0;CARD
REC-20260725-STORE_05-0503;STORE_05;CASH-07;2026-07-25 18:02:03;SKU-005;3;5000;1000;CARD
REC-20260725-STORE_05-0503;STORE_05;CASH-02;2026-07-25 18:02:03;SKU-001;1;45000;1000;CARD
REC-20260725-STORE_05-0503;STORE_05;CASH-08;2026-07-25 18:02:03;SKU-001;3;45000;0;CARD
REC-20260725-STORE_05-0504;STORE_05;CASH-10;2026-07-25 17:07:58;SKU-011;4;5000;500;CASH
REC-20260725-STORE_05-0504;STORE_05;CASH-09;2026-07-25 17:07:58;SKU-003;4;45000;500;CARD
REC-20260725-STORE_05-0505;STORE_05;CASH-04;2026-07-25 8:10:59;SKU-003;2;45000;0;CARD
REC-20260725-STORE_05-0506;STORE_05;CASH-04;2026-07-25 17:40:39;SKU-003;3;45000;500;CARD
REC-20260725-STORE_05-0506;STORE_05;CASH-03;2026-07-25 17:40:39;SKU-004;2;25000;0;CARD
REC-20260725-STORE_05-0506;STORE_05;CASH-02;2026-07-25 17:40:39;SKU-005;2;5000;0;CARD
REC-20260725-STORE_05-0506;STORE_05;CASH-07;2026-07-25 17:40:39;SKU-004;1;25000;0;CASH
REC-20260725-STORE_05-0507;STORE_05;CASH-05;2026-07-25 9:25:40;SKU-001;4;45000;1000;CARD
REC-20260725-STORE_05-0508;STORE_05;CASH-08;2026-07-25 8:47:54;SKU-002;1;12000;500;CARD
REC-20260725-STORE_05-0509;STORE_05;CASH-07;2026-07-25 14:21:18;SKU-007;1;12000;0;CASH
REC-20260725-STORE_05-0510;STORE_05;CASH-08;2026-07-25 11:21:26;SKU-002;3;12000;1000;CASH
REC-20260725-STORE_05-0510;STORE_05;CASH-07;2026-07-25 11:21:26;SKU-001;1;45000;500;CASH
REC-20260725-STORE_05-0511;STORE_05;CASH-06;2026-07-25 12:32:34;SKU-001;1;45000;0;CARD
REC-20260725-STORE_05-0511;STORE_05;CASH-09;2026-07-25 12:32:34;SKU-001;2;45000;0;CASH
REC-20260725-STORE_05-0511;STORE_05;CASH-01;2026-07-25 12:32:34;SKU-004;3;25000;0;CARD
REC-20260725-STORE_05-0512;STORE_05;CASH-04;2026-07-25 20:46:01;SKU-002;3;12000;1000;CARD
REC-20260725-STORE_05-0512;STORE_05;CASH-01;2026-07-25 20:46:01;SKU-019;2;25000;1000;CASH
REC-20260725-STORE_05-0512;STORE_05;CASH-01;2026-07-25 20:46:01;SKU-022;3;12000;0;CARD
REC-20260725-STORE_05-0513;STORE_05;CASH-06;2026-07-25 15:26:48;SKU-001;2;45000;0;CARD
REC-20260725-STORE_05-0513;STORE_05;CASH-09;2026-07-25 15:26:48;SKU-028;1;5000;1000;CARD
REC-20260725-STORE_05-0513;STORE_05;CASH-06;2026-07-25 15:26:48;SKU-001;1;45000;1000;CARD
REC-20260725-STORE_05-0514;STORE_05;CASH-07;2026-07-25 11:00:52;SKU-007;1;12000;0;CARD
REC-20260725-STORE_05-0514;STORE_05;CASH-08;2026-07-25 11:00:52;SKU-014;2;5000;1000;CARD
REC-20260725-STORE_05-0515;STORE_05;CASH-08;2026-07-25 10:29:57;SKU-003;4;45000;500;CARD
REC-20260725-STORE_05-0515;STORE_05;CASH-02;2026-07-25 10:29:57;SKU-027;4;5000;0;CASH
REC-20260725-STORE_05-0515;STORE_05;CASH-06;2026-07-25 10:29:57;SKU-025;2;5000;0;CASH
REC-20260725-STORE_05-0515;STORE_05;CASH-03;2026-07-25 10:29:57;SKU-046;4;25000;0;CARD
REC-20260725-STORE_05-0515;STORE_05;CASH-01;2026-07-25 10:29:57;SKU-019;1;25000;0;CASH
REC-20260725-STORE_05-0516;STORE_05;CASH-08;2026-07-25 18:25:06;SKU-001;2;45000;0;CARD
REC-20260725-STORE_05-0516;STORE_05;CASH-06;2026-07-25 18:25:06;SKU-028;1;5000;0;CARD
REC-20260725-STORE_05-0516;STORE_05;CASH-04;2026-07-25 18:25:06;SKU-036;3;45000;1000;CARD
REC-20260725-STORE_05-0516;STORE_05;CASH-07;2026-07-25 18:25:06;SKU-001;3;45000;0;CARD
REC-20260725-STORE_05-0517;STORE_05;CASH-03;2026-07-25 9:47:11;SKU-001;1;45000;1000;CARD
REC-20260725-STORE_05-0517;STORE_05;CASH-02;2026-07-25 9:47:11;SKU-002;2;12000;1000;CASH
REC-20260725-STORE_05-0517;STORE_05;CASH-03;2026-07-25 9:47:11;SKU-004;1;25000;500;CARD
REC-20260725-STORE_05-0518;STORE_05;CASH-03;2026-07-25 19:10:25;SKU-013;1;12000;0;CASH
REC-20260725-STORE_05-0518;STORE_05;CASH-10;2026-07-25 19:10:25;SKU-003;3;45000;0;CARD
REC-20260725-STORE_05-0519;STORE_05;CASH-07;2026-07-25 13:40:05;SKU-006;4;45000;0;CASH
REC-20260725-STORE_05-0519;STORE_05;CASH-05;2026-07-25 13:40:05;SKU-015;4;5000;500;CARD
REC-20260725-STORE_05-0519;STORE_05;CASH-04;2026-07-25 13:40:05;SKU-007;2;12000;0;CARD
REC-20260725-STORE_05-0519;STORE_05;CASH-03;2026-07-25 13:40:05;SKU-001;3;45000;0;CASH
REC-20260725-STORE_05-0520;STORE_05;CASH-03;2026-07-25 18:57:03;SKU-003;1;45000;1000;CARD
REC-20260725-STORE_05-0521;STORE_05;CASH-06;2026-07-25 14:00:41;SKU-006;3;45000;0;CARD
REC-20260725-STORE_05-0521;STORE_05;CASH-07;2026-07-25 14:00:41;SKU-001;1;45000;1000;CARD
REC-20260725-STORE_05-0521;STORE_05;CASH-08;2026-07-25 14:00:41;SKU-001;1;45000;1000;CASH
REC-20260725-STORE_05-0521;STORE_05;CASH-06;2026-07-25 14:00:41;SKU-008;1;12000;0;CARD
REC-20260725-STORE_05-0522;STORE_05;CASH-05;2026-07-25 9:05:50;SKU-002;1;12000;500;CASH
REC-20260725-STORE_05-0522;STORE_05;CASH-05;2026-07-25 9:05:50;SKU-010;3;25000;0;CARD
REC-20260725-STORE_05-0522;STORE_05;CASH-03;2026-07-25 9:05:50;SKU-032;4;25000;0;CARD
REC-20260725-STORE_05-0523;STORE_05;CASH-10;2026-07-25 13:01:15;SKU-005;2;5000;0;CARD
REC-20260725-STORE_05-0523;STORE_05;CASH-04;2026-07-25 13:01:15;SKU-003;2;45000;0;CARD
REC-20260725-STORE_05-0524;STORE_05;CASH-06;2026-07-25 12:54:47;SKU-043;1;25000;1000;CARD
REC-20260725-STORE_05-0524;STORE_05;CASH-01;2026-07-25 12:54:47;SKU-001;3;45000;0;CARD
REC-20260725-STORE_05-0525;STORE_05;CASH-09;2026-07-25 12:50:09;SKU-004;1;25000;0;CASH
REC-20260725-STORE_05-0525;STORE_05;CASH-02;2026-07-25 12:50:09;SKU-039;2;5000;0;CARD
REC-20260725-STORE_05-0525;STORE_05;CASH-07;2026-07-25 12:50:09;SKU-002;1;12000;500;CARD
REC-20260725-STORE_05-0525;STORE_05;CASH-01;2026-07-25 12:50:09;SKU-007;2;12000;500;CASH
REC-20260725-STORE_05-0525;STORE_05;CASH-05;2026-07-25 12:50:09;SKU-045;3;45000;0;CARD
REC-20260725-STORE_05-0526;STORE_05;CASH-09;2026-07-25 9:31:19;SKU-001;4;45000;0;CARD
REC-20260725-STORE_05-0526;STORE_05;CASH-08;2026-07-25 9:31:19;SKU-003;3;45000;0;CASH
REC-20260725-STORE_05-0526;STORE_05;CASH-02;2026-07-25 9:31:19;SKU-004;2;25000;0;CARD
REC-20260725-STORE_05-0526;STORE_05;CASH-03;2026-07-25 9:31:19;SKU-011;1;5000;0;CARD
REC-20260725-STORE_05-0526;STORE_05;CASH-08;2026-07-25 9:31:19;SKU-004;3;25000;0;CARD
REC-20260725-STORE_05-0527;STORE_05;CASH-08;2026-07-25 21:06:50;SKU-047;1;5000;0;CASH
REC-20260725-STORE_05-0528;STORE_05;CASH-05;2026-07-25 17:50:37;SKU-023;1;45000;500;CARD
REC-20260725-STORE_05-0528;STORE_05;CASH-09;2026-07-25 17:50:37;SKU-031;1;45000;0;CASH
REC-20260725-STORE_05-0529;STORE_05;CASH-07;2026-07-25 11:05:59;SKU-007;4;12000;0;CARD
REC-20260725-STORE_05-0529;STORE_05;CASH-06;2026-07-25 11:05:59;SKU-011;2;5000;0;CASH
REC-20260725-STORE_05-0529;STORE_05;CASH-01;2026-07-25 11:05:59;SKU-002;1;12000;0;CARD
REC-20260725-STORE_05-0529;STORE_05;CASH-04;2026-07-25 11:05:59;SKU-010;1;25000;500;CASH
REC-20260725-STORE_05-0530;STORE_05;CASH-02;2026-07-25 19:35:00;SKU-001;2;45000;1000;CARD
REC-20260725-STORE_05-0531;STORE_05;CASH-04;2026-07-25 14:53:06;SKU-005;2;5000;0;CARD
REC-20260725-STORE_05-0532;STORE_05;CASH-06;2026-07-25 17:42:31;SKU-003;1;45000;500;CARD
REC-20260725-STORE_05-0533;STORE_05;CASH-08;2026-07-25 18:27:51;SKU-018;2;5000;0;CARD
REC-20260725-STORE_05-0534;STORE_05;CASH-04;2026-07-25 16:11:14;SKU-003;2;45000;1000;CARD
REC-20260725-STORE_05-0534;STORE_05;CASH-08;2026-07-25 16:11:14;SKU-029;4;5000;500;CARD
REC-20260725-STORE_05-0534;STORE_05;CASH-03;2026-07-25 16:11:14;SKU-001;3;45000;1000;CARD
REC-20260725-STORE_05-0535;STORE_05;CASH-03;2026-07-25 9:43:43;SKU-001;2;45000;0;CARD
REC-20260725-STORE_05-0535;STORE_05;CASH-10;2026-07-25 9:43:43;SKU-003;1;45000;1000;CASH
REC-20260725-STORE_05-0535;STORE_05;CASH-02;2026-07-25 9:43:43;SKU-013;3;12000;500;CARD
REC-20260725-STORE_05-0536;STORE_05;CASH-07;2026-07-25 21:08:46;SKU-002;4;12000;1000;CARD
REC-20260725-STORE_05-0537;STORE_05;CASH-03;2026-07-25 15:12:00;SKU-015;4;5000;0;CASH
REC-20260725-STORE_05-0537;STORE_05;CASH-05;2026-07-25 15:12:00;SKU-010;3;25000;0;CARD
REC-20260725-STORE_05-0537;STORE_05;CASH-07;2026-07-25 15:12:00;SKU-001;2;45000;1000;CARD
REC-20260725-STORE_05-0537;STORE_05;CASH-04;2026-07-25 15:12:00;SKU-001;2;45000;0;CARD
REC-20260725-STORE_05-0538;STORE_05;CASH-06;2026-07-25 9:57:59;SKU-003;2;45000;0;CARD
REC-20260725-STORE_05-0539;STORE_05;CASH-04;2026-07-25 15:41:19;SKU-001;4;45000;0;CARD
REC-20260725-STORE_05-0539;STORE_05;CASH-10;2026-07-25 15:41:19;SKU-026;4;12000;0;CARD
REC-20260725-STORE_05-0540;STORE_05;CASH-07;2026-07-25 9:49:51;SKU-028;3;5000;0;CASH
REC-20260725-STORE_05-0540;STORE_05;CASH-01;2026-07-25 9:49:51;SKU-031;1;45000;0;CARD
REC-20260725-STORE_05-0540;STORE_05;CASH-07;2026-07-25 9:49:51;SKU-001;2;45000;500;CASH
REC-20260725-STORE_05-0541;STORE_05;CASH-07;2026-07-25 18:36:14;SKU-031;3;45000;0;CARD
REC-20260725-STORE_05-0542;STORE_05;CASH-10;2026-07-25 8:39:24;SKU-010;4;25000;0;CASH
REC-20260725-STORE_05-0543;STORE_05;CASH-04;2026-07-25 17:53:53;SKU-023;3;45000;0;CARD
REC-20260725-STORE_05-0543;STORE_05;CASH-08;2026-07-25 17:53:53;SKU-004;3;25000;0;CARD
REC-20260725-STORE_05-0543;STORE_05;CASH-03;2026-07-25 17:53:53;SKU-017;2;12000;0;CARD
REC-20260725-STORE_05-0543;STORE_05;CASH-04;2026-07-25 17:53:53;SKU-010;1;25000;1000;CARD
REC-20260725-STORE_05-0544;STORE_05;CASH-10;2026-07-25 11:46:24;SKU-021;2;5000;0;CARD
REC-20260725-STORE_05-0544;STORE_05;CASH-09;2026-07-25 11:46:24;SKU-043;2;25000;0;CASH
REC-20260725-STORE_05-0544;STORE_05;CASH-04;2026-07-25 11:46:24;SKU-006;1;45000;500;CARD
REC-20260725-STORE_05-0544;STORE_05;CASH-09;2026-07-25 11:46:24;SKU-007;2;12000;0;CARD
REC-20260725-STORE_05-0545;STORE_05;CASH-02;2026-07-25 14:10:24;SKU-005;2;5000;500;CARD
REC-20260725-STORE_05-0545;STORE_05;CASH-02;2026-07-25 14:10:24;SKU-010;1;25000;0;CASH
REC-20260725-STORE_05-0546;STORE_05;CASH-04;2026-07-25 13:08:18;SKU-003;4;45000;0;CARD
REC-20260725-STORE_05-0546;STORE_05;CASH-08;2026-07-25 13:08:18;SKU-015;2;5000;0;CARD
REC-20260725-STORE_05-0546;STORE_05;CASH-09;2026-07-25 13:08:18;SKU-001;2;45000;0;CASH
REC-20260725-STORE_05-0546;STORE_05;CASH-07;2026-07-25 13:08:18;SKU-011;2;5000;0;CARD
REC-20260725-STORE_05-0546;STORE_05;CASH-07;2026-07-25 13:08:18;SKU-043;2;25000;0;CARD
REC-20260725-STORE_05-0547;STORE_05;CASH-06;2026-07-25 9:00:14;SKU-001;2;45000;0;CARD
REC-20260725-STORE_05-0548;STORE_05;CASH-03;2026-07-25 16:40:38;SKU-001;1;45000;0;CARD
REC-20260725-STORE_05-0549;STORE_05;CASH-03;2026-07-25 18:28:01;SKU-015;1;5000;500;CARD
REC-20260725-STORE_05-0549;STORE_05;CASH-06;2026-07-25 18:28:01;SKU-003;3;45000;0;CARD
REC-20260725-STORE_05-0549;STORE_05;CASH-08;2026-07-25 18:28:01;SKU-002;2;12000;500;CARD
REC-20260725-STORE_05-0550;STORE_05;CASH-01;2026-07-25 17:56:56;SKU-002;2;12000;0;CARD
REC-20260725-STORE_05-0550;STORE_05;CASH-06;2026-07-25 17:56:56;SKU-001;2;45000;1000;CARD
REC-20260725-STORE_05-0551;STORE_05;CASH-06;2026-07-25 8:23:47;SKU-007;4;12000;0;CASH
REC-20260725-STORE_05-0551;STORE_05;CASH-07;2026-07-25 8:23:47;SKU-001;4;45000;0;CASH
REC-20260725-STORE_05-0552;STORE_05;CASH-08;2026-07-25 17:09:20;SKU-001;2;45000;0;CASH
REC-20260725-STORE_05-0552;STORE_05;CASH-08;2026-07-25 17:09:20;SKU-017;2;12000;500;CASH
REC-20260725-STORE_05-0552;STORE_05;CASH-05;2026-07-25 17:09:20;SKU-005;2;5000;0;CARD
REC-20260725-STORE_05-0552;STORE_05;CASH-04;2026-07-25 17:09:20;SKU-001;2;45000;0;CARD
REC-20260725-STORE_05-0552;STORE_05;CASH-01;2026-07-25 17:09:20;SKU-003;4;45000;0;CARD
REC-20260725-STORE_05-0553;STORE_05;CASH-01;2026-07-25 20:39:43;SKU-002;4;12000;0;CARD
REC-20260725-STORE_05-0553;STORE_05;CASH-01;2026-07-25 20:39:43;SKU-006;4;45000;0;CARD
REC-20260725-STORE_05-0554;STORE_05;CASH-07;2026-07-25 20:41:45;SKU-020;2;12000;500;CASH
REC-20260725-STORE_05-0554;STORE_05;CASH-10;2026-07-25 20:41:45;SKU-001;4;45000;0;CASH
REC-20260725-STORE_05-0554;STORE_05;CASH-03;2026-07-25 20:41:45;SKU-001;1;45000;1000;CASH
REC-20260725-STORE_05-0554;STORE_05;CASH-06;2026-07-25 20:41:45;SKU-002;1;12000;0;CARD
REC-20260725-STORE_05-0554;STORE_05;CASH-08;2026-07-25 20:41:45;SKU-016;4;25000;500;CASH
REC-20260725-STORE_05-0555;STORE_05;CASH-10;2026-07-25 10:13:34;SKU-006;4;45000;0;CASH
REC-20260725-STORE_05-0556;STORE_05;CASH-10;2026-07-25 14:52:34;SKU-001;3;45000;0;CARD
REC-20260725-STORE_05-0557;STORE_05;CASH-09;2026-07-25 12:58:45;SKU-011;4;5000;500;CARD
REC-20260725-STORE_05-0557;STORE_05;CASH-09;2026-07-25 12:58:45;SKU-004;2;25000;1000;CARD
REC-20260725-STORE_05-0558;STORE_05;CASH-06;2026-07-25 11:25:28;SKU-001;4;45000;500;CASH
REC-20260725-STORE_05-0558;STORE_05;CASH-10;2026-07-25 11:25:28;SKU-025;4;5000;0;CASH
REC-20260725-STORE_05-0558;STORE_05;CASH-04;2026-07-25 11:25:28;SKU-004;3;25000;1000;CARD
REC-20260725-STORE_05-0559;STORE_05;CASH-05;2026-07-25 10:24:37;SKU-001;3;45000;0;CARD
REC-20260725-STORE_05-0560;STORE_05;CASH-02;2026-07-25 13:39:41;SKU-025;2;5000;1000;CASH
REC-20260725-STORE_05-0560;STORE_05;CASH-08;2026-07-25 13:39:41;SKU-001;4;45000;1000;CARD
REC-20260725-STORE_05-0560;STORE_05;CASH-01;2026-07-25 13:39:41;SKU-009;4;25000;500;CARD
REC-20260725-STORE_05-0560;STORE_05;CASH-05;2026-07-25 13:39:41;SKU-029;4;5000;0;CARD
REC-20260725-STORE_05-0561;STORE_05;CASH-02;2026-07-25 11:25:37;SKU-005;2;5000;1000;CASH
REC-20260725-STORE_05-0561;STORE_05;CASH-01;2026-07-25 11:25:37;SKU-027;3;5000;500;CASH
REC-20260725-STORE_05-0561;STORE_05;CASH-08;2026-07-25 11:25:37;SKU-006;1;45000;0;CASH
REC-20260725-STORE_05-0561;STORE_05;CASH-08;2026-07-25 11:25:37;SKU-001;3;45000;0;CARD
REC-20260725-STORE_05-0562;STORE_05;CASH-09;2026-07-25 13:42:32;SKU-006;4;45000;0;CARD
REC-20260725-STORE_05-0562;STORE_05;CASH-08;2026-07-25 13:42:32;SKU-001;3;45000;0;CASH
REC-20260725-STORE_05-0563;STORE_05;CASH-01;2026-07-25 21:20:00;SKU-001;1;45000;1000;CARD
REC-20260725-STORE_05-0564;STORE_05;CASH-01;2026-07-25 17:25:27;SKU-005;3;5000;0;CARD
REC-20260725-STORE_05-0564;STORE_05;CASH-07;2026-07-25 17:25:27;SKU-001;4;45000;500;CASH
REC-20260725-STORE_05-0565;STORE_05;CASH-06;2026-07-25 16:56:16;SKU-003;2;45000;0;CARD
REC-20260725-STORE_05-0565;STORE_05;CASH-09;2026-07-25 16:56:16;SKU-001;2;45000;0;CARD
REC-20260725-STORE_05-0565;STORE_05;CASH-01;2026-07-25 16:56:16;SKU-006;2;45000;500;CARD
REC-20260725-STORE_05-0565;STORE_05;CASH-05;2026-07-25 16:56:16;SKU-012;4;45000;1000;CASH
REC-20260725-STORE_05-0565;STORE_05;CASH-01;2026-07-25 16:56:16;SKU-027;1;5000;500;CARD
REC-20260725-STORE_05-0566;STORE_05;CASH-07;2026-07-25 14:44:44;SKU-004;3;25000;500;CARD
REC-20260725-STORE_05-0566;STORE_05;CASH-10;2026-07-25 14:44:44;SKU-002;2;12000;500;CASH
REC-20260725-STORE_05-0567;STORE_05;CASH-07;2026-07-25 10:24:20;SKU-044;4;5000;1000;CARD
REC-20260725-STORE_05-0567;STORE_05;CASH-09;2026-07-25 10:24:20;SKU-017;3;12000;1000;CARD
REC-20260725-STORE_05-0567;STORE_05;CASH-04;2026-07-25 10:24:20;SKU-001;4;45000;500;CARD
REC-20260725-STORE_05-0567;STORE_05;CASH-02;2026-07-25 10:24:20;SKU-036;3;45000;0;CASH
REC-20260725-STORE_05-0568;STORE_05;CASH-01;2026-07-25 12:51:34;SKU-003;3;45000;500;CARD
REC-20260725-STORE_05-0568;STORE_05;CASH-01;2026-07-25 12:51:34;SKU-001;4;45000;0;CARD
REC-20260725-STORE_05-0568;STORE_05;CASH-06;2026-07-25 12:51:34;SKU-019;3;25000;1000;CARD
REC-20260725-STORE_05-0569;STORE_05;CASH-05;2026-07-25 18:48:48;SKU-026;3;12000;0;CARD
REC-20260725-STORE_05-0569;STORE_05;CASH-04;2026-07-25 18:48:48;SKU-003;4;45000;0;CASH
REC-20260725-STORE_05-0569;STORE_05;CASH-05;2026-07-25 18:48:48;SKU-006;4;45000;0;CASH
REC-20260725-STORE_05-0569;STORE_05;CASH-09;2026-07-25 18:48:48;SKU-003;1;45000;0;CARD
REC-20260725-STORE_05-0569;STORE_05;CASH-09;2026-07-25 18:48:48;SKU-001;2;45000;500;CARD
REC-20260725-STORE_05-0570;STORE_05;CASH-05;2026-07-25 21:27:19;SKU-001;1;45000;500;CARD
REC-20260725-STORE_05-0571;STORE_05;CASH-07;2026-07-25 18:03:41;SKU-036;1;45000;500;CASH
REC-20260725-STORE_05-0571;STORE_05;CASH-10;2026-07-25 18:03:41;SKU-039;3;5000;0;CARD
REC-20260725-STORE_05-0572;STORE_05;CASH-07;2026-07-25 10:28:41;SKU-017;1;12000;500;CARD
REC-20260725-STORE_05-0573;STORE_05;CASH-05;2026-07-25 8:49:01;SKU-009;1;25000;0;CASH
REC-20260725-STORE_05-0573;STORE_05;CASH-03;2026-07-25 8:49:01;SKU-001;4;45000;0;CARD
REC-20260725-STORE_05-0574;STORE_05;CASH-01;2026-07-25 18:10:25;SKU-002;1;12000;0;CARD
REC-20260725-STORE_05-0574;STORE_05;CASH-01;2026-07-25 18:10:25;SKU-022;4;12000;0;CARD
REC-20260725-STORE_05-0574;STORE_05;CASH-06;2026-07-25 18:10:25;SKU-013;3;12000;0;CARD
REC-20260725-STORE_05-0574;STORE_05;CASH-06;2026-07-25 18:10:25;SKU-042;4;5000;0;CARD
REC-20260725-STORE_05-0575;STORE_05;CASH-10;2026-07-25 14:52:40;SKU-001;4;45000;0;CARD
REC-20260725-STORE_05-0575;STORE_05;CASH-10;2026-07-25 14:52:40;SKU-003;3;45000;0;CARD
REC-20260725-STORE_05-0575;STORE_05;CASH-10;2026-07-25 14:52:40;SKU-020;1;12000;500;CARD
REC-20260725-STORE_05-0576;STORE_05;CASH-06;2026-07-25 21:50:02;SKU-012;4;45000;0;CARD
REC-20260725-STORE_05-0577;STORE_05;CASH-10;2026-07-25 13:37:52;SKU-006;4;45000;0;CASH
REC-20260725-STORE_05-0577;STORE_05;CASH-10;2026-07-25 13:37:52;SKU-018;2;5000;0;CARD
REC-20260725-STORE_05-0577;STORE_05;CASH-02;2026-07-25 13:37:52;SKU-001;1;45000;0;CARD
REC-20260725-STORE_05-0577;STORE_05;CASH-04;2026-07-25 13:37:52;SKU-004;3;25000;500;CARD
REC-20260725-STORE_05-0578;STORE_05;CASH-08;2026-07-25 12:37:25;SKU-005;4;5000;500;CARD
REC-20260725-STORE_05-0578;STORE_05;CASH-01;2026-07-25 12:37:25;SKU-019;2;25000;0;CASH
REC-20260725-STORE_05-0578;STORE_05;CASH-07;2026-07-25 12:37:25;SKU-001;3;45000;500;CASH
REC-20260725-STORE_05-0578;STORE_05;CASH-06;2026-07-25 12:37:25;SKU-004;3;25000;1000;CARD
REC-20260725-STORE_05-0579;STORE_05;CASH-04;2026-07-25 19:15:25;SKU-036;1;45000;1000;CARD
REC-20260725-STORE_05-0579;STORE_05;CASH-05;2026-07-25 19:15:25;SKU-004;2;25000;0;CASH
REC-20260725-STORE_05-0580;STORE_05;CASH-05;2026-07-25 10:41:46;SKU-010;1;25000;0;CARD
REC-20260725-STORE_05-0581;STORE_05;CASH-07;2026-07-25 14:47:25;SKU-001;4;45000;0;CASH
REC-20260725-STORE_05-0581;STORE_05;CASH-10;2026-07-25 14:47:25;SKU-013;1;12000;1000;CARD
REC-20260725-STORE_05-0581;STORE_05;CASH-09;2026-07-25 14:47:25;SKU-001;1;45000;1000;CARD
REC-20260725-STORE_05-0581;STORE_05;CASH-07;2026-07-25 14:47:25;SKU-050;3;25000;0;CARD
REC-20260725-STORE_05-0581;STORE_05;CASH-06;2026-07-25 14:47:25;SKU-016;3;25000;0;CASH
REC-20260725-STORE_05-0582;STORE_05;CASH-09;2026-07-25 9:41:04;SKU-035;2;5000;0;CARD
REC-20260725-STORE_05-0583;STORE_05;CASH-08;2026-07-25 13:25:46;SKU-017;4;12000;0;CARD
REC-20260725-STORE_05-0583;STORE_05;CASH-01;2026-07-25 13:25:46;SKU-005;4;5000;500;CARD
REC-20260725-STORE_05-0584;STORE_05;CASH-04;2026-07-25 18:19:30;SKU-001;1;45000;0;CASH
REC-20260725-STORE_05-0584;STORE_05;CASH-07;2026-07-25 18:19:30;SKU-004;4;25000;0;CARD
REC-20260725-STORE_05-0584;STORE_05;CASH-10;2026-07-25 18:19:30;SKU-001;1;45000;0;CARD
REC-20260725-STORE_05-0584;STORE_05;CASH-07;2026-07-25 18:19:30;SKU-001;1;45000;0;CARD
REC-20260725-STORE_05-0585;STORE_05;CASH-07;2026-07-25 21:12:55;SKU-007;1;12000;1000;CARD
REC-20260725-STORE_05-0585;STORE_05;CASH-09;2026-07-25 21:12:55;SKU-044;3;5000;0;CARD
REC-20260725-STORE_05-0585;STORE_05;CASH-03;2026-07-25 21:12:55;SKU-001;3;45000;0;CARD
REC-20260725-STORE_05-0585;STORE_05;CASH-08;2026-07-25 21:12:55;SKU-004;4;25000;0;CASH
REC-20260725-STORE_05-0586;STORE_05;CASH-04;2026-07-25 10:14:39;SKU-003;3;45000;0;CARD
REC-20260725-STORE_05-0586;STORE_05;CASH-03;2026-07-25 10:14:39;SKU-001;1;45000;500;CARD
REC-20260725-STORE_05-0586;STORE_05;CASH-10;2026-07-25 10:14:39;SKU-039;3;5000;0;CARD
REC-20260725-STORE_05-0586;STORE_05;CASH-01;2026-07-25 10:14:39;SKU-048;1;25000;0;CARD
REC-20260725-STORE_05-0586;STORE_05;CASH-05;2026-07-25 10:14:39;SKU-026;1;12000;0;CARD
REC-20260725-STORE_05-0587;STORE_05;CASH-10;2026-07-25 15:10:05;SKU-002;1;12000;500;CASH
REC-20260725-STORE_05-0588;STORE_05;CASH-02;2026-07-25 17:51:10;SKU-007;2;12000;0;CARD
REC-20260725-STORE_05-0588;STORE_05;CASH-08;2026-07-25 17:51:10;SKU-003;3;45000;0;CASH
REC-20260725-STORE_05-0588;STORE_05;CASH-09;2026-07-25 17:51:10;SKU-023;2;45000;0;CASH
REC-20260725-STORE_05-0588;STORE_05;CASH-06;2026-07-25 17:51:10;SKU-013;1;12000;1000;CARD
REC-20260725-STORE_05-0589;STORE_05;CASH-05;2026-07-25 18:25:56;SKU-002;4;12000;0;CARD
REC-20260725-STORE_05-0589;STORE_05;CASH-09;2026-07-25 18:25:56;SKU-001;4;45000;0;CARD
REC-20260725-STORE_05-0589;STORE_05;CASH-04;2026-07-25 18:25:56;SKU-015;3;5000;0;CARD
REC-20260725-STORE_05-0589;STORE_05;CASH-05;2026-07-25 18:25:56;SKU-001;3;45000;500;CASH
REC-20260725-STORE_05-0589;STORE_05;CASH-07;2026-07-25 18:25:56;SKU-033;1;5000;1000;CARD
REC-20260725-STORE_05-0590;STORE_05;CASH-03;2026-07-25 11:10:17;SKU-001;1;45000;500;CARD
REC-20260725-STORE_05-0590;STORE_05;CASH-09;2026-07-25 11:10:17;SKU-020;4;12000;0;CARD
REC-20260725-STORE_05-0590;STORE_05;CASH-07;2026-07-25 11:10:17;SKU-001;1;45000;0;CARD
REC-20260725-STORE_05-0591;STORE_05;CASH-08;2026-07-25 20:30:52;SKU-007;2;12000;0;CARD
REC-20260725-STORE_05-0591;STORE_05;CASH-05;2026-07-25 20:30:52;SKU-002;2;12000;500;CARD
REC-20260725-STORE_05-0591;STORE_05;CASH-03;2026-07-25 20:30:52;SKU-015;1;5000;1000;CASH
REC-20260725-STORE_05-0592;STORE_05;CASH-06;2026-07-25 8:43:57;SKU-007;3;12000;1000;CARD
REC-20260725-STORE_05-0592;STORE_05;CASH-01;2026-07-25 8:43:57;SKU-012;3;45000;0;CARD
REC-20260725-STORE_05-0592;STORE_05;CASH-02;2026-07-25 8:43:57;SKU-001;1;45000;0;CASH
REC-20260725-STORE_05-0592;STORE_05;CASH-04;2026-07-25 8:43:57;SKU-019;1;25000;0;CASH
REC-20260725-STORE_05-0592;STORE_05;CASH-02;2026-07-25 8:43:57;SKU-038;4;12000;0;CARD
REC-20260725-STORE_05-0593;STORE_05;CASH-10;2026-07-25 15:26:37;SKU-015;1;5000;0;CARD
REC-20260725-STORE_05-0593;STORE_05;CASH-10;2026-07-25 15:26:37;SKU-003;4;45000;0;CARD
REC-20260725-STORE_05-0593;STORE_05;CASH-07;2026-07-25 15:26:37;SKU-046;3;25000;0;CASH
REC-20260725-STORE_05-0594;STORE_05;CASH-01;2026-07-25 10:21:30;SKU-001;2;45000;0;CASH
REC-20260725-STORE_05-0594;STORE_05;CASH-06;2026-07-25 10:21:30;SKU-024;4;12000;500;CARD
REC-20260725-STORE_05-0595;STORE_05;CASH-06;2026-07-25 12:15:52;SKU-032;4;25000;0;CARD
REC-20260725-STORE_05-0595;STORE_05;CASH-08;2026-07-25 12:15:52;SKU-005;4;5000;500;CARD
REC-20260725-STORE_05-0595;STORE_05;CASH-06;2026-07-25 12:15:52;SKU-007;2;12000;0;CARD
REC-20260725-STORE_05-0595;STORE_05;CASH-03;2026-07-25 12:15:52;SKU-001;2;45000;0;CARD
REC-20260725-STORE_05-0595;STORE_05;CASH-09;2026-07-25 12:15:52;SKU-014;2;5000;500;CASH
REC-20260725-STORE_05-0596;STORE_05;CASH-08;2026-07-25 19:52:35;SKU-007;1;12000;0;CARD
REC-20260725-STORE_05-0596;STORE_05;CASH-06;2026-07-25 19:52:35;SKU-003;1;45000;0;CASH
REC-20260725-STORE_05-0596;STORE_05;CASH-06;2026-07-25 19:52:35;SKU-002;1;12000;0;CARD
REC-20260725-STORE_05-0597;STORE_05;CASH-10;2026-07-25 8:29:39;SKU-001;2;45000;1000;CARD
REC-20260725-STORE_05-0597;STORE_05;CASH-09;2026-07-25 8:29:39;SKU-002;1;12000;1000;CASH
REC-20260725-STORE_05-0597;STORE_05;CASH-06;2026-07-25 8:29:39;SKU-001;2;45000;0;CARD
REC-20260725-STORE_05-0597;STORE_05;CASH-08;2026-07-25 8:29:39;SKU-002;1;12000;1000;CASH
REC-20260725-STORE_05-0598;STORE_05;CASH-08;2026-07-25 12:45:18;SKU-001;3;45000;500;CARD
REC-20260725-STORE_05-0598;STORE_05;CASH-05;2026-07-25 12:45:18;SKU-001;1;45000;0;CARD
REC-20260725-STORE_05-0598;STORE_05;CASH-07;2026-07-25 12:45:18;SKU-040;4;25000;0;CARD
REC-20260725-STORE_05-0599;STORE_05;CASH-05;2026-07-25 15:36:45;SKU-002;2;12000;1000;CASH
REC-20260725-STORE_05-0600;STORE_05;CASH-04;2026-07-25 10:49:49;SKU-003;3;45000;0;CARD
REC-20260725-STORE_05-0600;STORE_05;CASH-04;2026-07-25 10:49:49;SKU-011;1;5000;0;CARD
REC-20260725-STORE_05-0601;STORE_05;CASH-10;2026-07-25 21:45:11;SKU-001;1;45000;0;CARD
REC-20260725-STORE_05-0601;STORE_05;CASH-04;2026-07-25 21:45:11;SKU-017;4;12000;1000;CASH
REC-20260725-STORE_05-0601;STORE_05;CASH-03;2026-07-25 21:45:11;SKU-016;1;25000;0;CASH
REC-20260725-STORE_05-0601;STORE_05;CASH-09;2026-07-25 21:45:11;SKU-036;3;45000;0;CARD
REC-20260725-STORE_05-0601;STORE_05;CASH-09;2026-07-25 21:45:11;SKU-020;1;12000;0;CASH
REC-20260725-STORE_05-0602;STORE_05;CASH-10;2026-07-25 10:52:28;SKU-003;4;45000;0;CASH
REC-20260725-STORE_05-0602;STORE_05;CASH-07;2026-07-25 10:52:28;SKU-016;4;25000;1000;CARD
REC-20260725-STORE_05-0602;STORE_05;CASH-07;2026-07-25 10:52:28;SKU-007;1;12000;0;CARD
REC-20260725-STORE_05-0602;STORE_05;CASH-04;2026-07-25 10:52:28;SKU-004;4;25000;500;CASH
REC-20260725-STORE_05-0602;STORE_05;CASH-10;2026-07-25 10:52:28;SKU-010;1;25000;1000;CARD
REC-20260725-STORE_05-0603;STORE_05;CASH-10;2026-07-25 9:03:46;SKU-021;1;5000;0;CASH
REC-20260725-STORE_05-0603;STORE_05;CASH-09;2026-07-25 9:03:46;SKU-001;3;45000;500;CASH
REC-20260725-STORE_05-0603;STORE_05;CASH-10;2026-07-25 9:03:46;SKU-001;2;45000;1000;CARD
REC-20260725-STORE_05-0604;STORE_05;CASH-09;2026-07-25 18:56:14;SKU-014;2;5000;1000;CARD
REC-20260725-STORE_05-0604;STORE_05;CASH-07;2026-07-25 18:56:14;SKU-001;3;45000;0;CARD
REC-20260725-STORE_05-0604;STORE_05;CASH-10;2026-07-25 18:56:14;SKU-009;1;25000;0;CASH
REC-20260725-STORE_05-0604;STORE_05;CASH-07;2026-07-25 18:56:14;SKU-027;1;5000;0;CASH
REC-20260725-STORE_05-0605;STORE_05;CASH-10;2026-07-25 8:31:09;SKU-002;3;12000;0;CARD
REC-20260725-STORE_05-0605;STORE_05;CASH-09;2026-07-25 8:31:09;SKU-033;1;5000;0;CARD
REC-20260725-STORE_05-0605;STORE_05;CASH-10;2026-07-25 8:31:09;SKU-015;2;5000;0;CARD
REC-20260725-STORE_05-0605;STORE_05;CASH-10;2026-07-25 8:31:09;SKU-012;3;45000;0;CARD
REC-20260725-STORE_05-0606;STORE_05;CASH-02;2026-07-25 19:30:10;SKU-014;4;5000;0;CARD
REC-20260725-STORE_05-0606;STORE_05;CASH-02;2026-07-25 19:30:10;SKU-001;1;45000;0;CARD
REC-20260725-STORE_05-0606;STORE_05;CASH-07;2026-07-25 19:30:10;SKU-014;4;5000;500;CASH
REC-20260725-STORE_05-0606;STORE_05;CASH-09;2026-07-25 19:30:10;SKU-018;2;5000;0;CASH
REC-20260725-STORE_05-0606;STORE_05;CASH-05;2026-07-25 19:30:10;SKU-008;1;12000;1000;CARD
REC-20260725-STORE_05-0607;STORE_05;CASH-05;2026-07-25 9:05:57;SKU-001;2;45000;0;CASH
REC-20260725-STORE_05-0607;STORE_05;CASH-08;2026-07-25 9:05:57;SKU-026;4;12000;0;CASH
REC-20260725-STORE_05-0608;STORE_05;CASH-05;2026-07-25 16:06:26;SKU-003;1;45000;0;CARD
REC-20260725-STORE_05-0608;STORE_05;CASH-08;2026-07-25 16:06:26;SKU-001;1;45000;1000;CARD
REC-20260725-STORE_05-0609;STORE_05;CASH-09;2026-07-25 18:56:20;SKU-003;3;45000;500;CARD
REC-20260725-STORE_05-0609;STORE_05;CASH-01;2026-07-25 18:56:20;SKU-027;1;5000;1000;CASH
REC-20260725-STORE_05-0609;STORE_05;CASH-10;2026-07-25 18:56:20;SKU-001;3;45000;500;CASH
REC-20260725-STORE_05-0610;STORE_05;CASH-02;2026-07-25 17:24:45;SKU-008;2;12000;1000;CARD
REC-20260725-STORE_05-0610;STORE_05;CASH-09;2026-07-25 17:24:45;SKU-002;3;12000;0;CASH
REC-20260725-STORE_05-0611;STORE_05;CASH-10;2026-07-25 9:57:54;SKU-002;4;12000;0;CARD
REC-20260725-STORE_05-0611;STORE_05;CASH-05;2026-07-25 9:57:54;SKU-012;3;45000;0;CARD
REC-20260725-STORE_05-0611;STORE_05;CASH-08;2026-07-25 9:57:54;SKU-006;3;45000;0;CARD
REC-20260725-STORE_05-0612;STORE_05;CASH-06;2026-07-25 12:21:43;SKU-008;1;12000;1000;CARD
REC-20260725-STORE_05-0612;STORE_05;CASH-08;2026-07-25 12:21:43;SKU-002;4;12000;0;CARD
REC-20260725-STORE_05-0612;STORE_05;CASH-01;2026-07-25 12:21:43;SKU-010;1;25000;500;CARD
REC-20260725-STORE_05-0613;STORE_05;CASH-06;2026-07-25 11:51:12;SKU-036;1;45000;1000;CARD
REC-20260725-STORE_05-0613;STORE_05;CASH-04;2026-07-25 11:51:12;SKU-008;1;12000;0;CASH
REC-20260725-STORE_05-0613;STORE_05;CASH-01;2026-07-25 11:51:12;SKU-007;3;12000;0;CARD
REC-20260725-STORE_05-0614;STORE_05;CASH-08;2026-07-25 13:11:21;SKU-001;3;45000;0;CARD
REC-20260725-STORE_05-0614;STORE_05;CASH-01;2026-07-25 13:11:21;SKU-040;4;25000;0;CARD
REC-20260725-STORE_05-0614;STORE_05;CASH-07;2026-07-25 13:11:21;SKU-002;2;12000;0;CASH
REC-20260725-STORE_05-0614;STORE_05;CASH-10;2026-07-25 13:11:21;SKU-021;2;5000;1000;CARD
REC-20260725-STORE_05-0614;STORE_05;CASH-03;2026-07-25 13:11:21;SKU-002;2;12000;0;CARD
REC-20260725-STORE_05-0615;STORE_05;CASH-10;2026-07-25 18:27:28;SKU-014;3;5000;0;CARD
REC-20260725-STORE_05-0615;STORE_05;CASH-10;2026-07-25 18:27:28;SKU-007;1;12000;0;CARD
REC-20260725-STORE_05-0615;STORE_05;CASH-07;2026-07-25 18:27:28;SKU-002;2;12000;0;CASH
REC-20260725-STORE_05-0615;STORE_05;CASH-09;2026-07-25 18:27:28;SKU-023;1;45000;500;CARD
REC-20260725-STORE_05-0615;STORE_05;CASH-05;2026-07-25 18:27:28;SKU-007;1;12000;1000;CARD
REC-20260725-STORE_05-0616;STORE_05;CASH-05;2026-07-25 17:40:48;SKU-021;4;5000;1000;CARD
REC-20260725-STORE_05-0616;STORE_05;CASH-06;2026-07-25 17:40:48;SKU-005;4;5000;0;CARD
REC-20260725-STORE_05-0617;STORE_05;CASH-01;2026-07-25 21:41:44;SKU-002;4;12000;0;CASH
REC-20260725-STORE_05-0618;STORE_05;CASH-10;2026-07-25 12:31:42;SKU-006;3;45000;0;CARD
REC-20260725-STORE_05-0618;STORE_05;CASH-09;2026-07-25 12:31:42;SKU-001;2;45000;0;CARD
REC-20260725-STORE_05-0618;STORE_05;CASH-07;2026-07-25 12:31:42;SKU-004;1;25000;500;CASH
REC-20260725-STORE_05-0618;STORE_05;CASH-08;2026-07-25 12:31:42;SKU-009;1;25000;1000;CARD
REC-20260725-STORE_05-0618;STORE_05;CASH-01;2026-07-25 12:31:42;SKU-042;4;5000;0;CASH
REC-20260725-STORE_05-0619;STORE_05;CASH-08;2026-07-25 18:31:42;SKU-013;4;12000;0;CASH
REC-20260725-STORE_05-0619;STORE_05;CASH-08;2026-07-25 18:31:42;SKU-020;2;12000;0;CARD
REC-20260725-STORE_05-0620;STORE_05;CASH-07;2026-07-25 19:13:21;SKU-003;4;45000;0;CARD
REC-20260725-STORE_05-0620;STORE_05;CASH-08;2026-07-25 19:13:21;SKU-001;1;45000;0;CASH
REC-20260725-STORE_05-0620;STORE_05;CASH-03;2026-07-25 19:13:21;SKU-026;3;12000;1000;CARD
REC-20260725-STORE_05-0620;STORE_05;CASH-03;2026-07-25 19:13:21;SKU-002;2;12000;500;CARD
REC-20260725-STORE_05-0620;STORE_05;CASH-08;2026-07-25 19:13:21;SKU-031;3;45000;0;CASH
REC-20260725-STORE_05-0621;STORE_05;CASH-05;2026-07-25 20:01:28;SKU-002;4;12000;0;CARD
REC-20260725-STORE_05-0621;STORE_05;CASH-04;2026-07-25 20:01:28;SKU-009;3;25000;1000;CARD
REC-20260725-STORE_05-0622;STORE_05;CASH-05;2026-07-25 16:46:16;SKU-001;3;45000;500;CASH
REC-20260725-STORE_05-0623;STORE_05;CASH-08;2026-07-25 9:45:39;SKU-001;1;45000;0;CASH
REC-20260725-STORE_05-0623;STORE_05;CASH-02;2026-07-25 9:45:39;SKU-004;4;25000;0;CASH
REC-20260725-STORE_05-0623;STORE_05;CASH-10;2026-07-25 9:45:39;SKU-004;2;25000;0;CARD
REC-20260725-STORE_05-0624;STORE_05;CASH-03;2026-07-25 17:18:46;SKU-006;2;45000;500;CARD
REC-20260725-STORE_05-0624;STORE_05;CASH-09;2026-07-25 17:18:46;SKU-020;4;12000;500;CARD
REC-20260725-STORE_05-0624;STORE_05;CASH-01;2026-07-25 17:18:46;SKU-010;1;25000;500;CASH
REC-20260725-STORE_05-0625;STORE_05;CASH-07;2026-07-25 13:38:40;SKU-001;3;45000;0;CARD
REC-20260725-STORE_05-0625;STORE_05;CASH-03;2026-07-25 13:38:40;SKU-001;4;45000;500;CASH
REC-20260725-STORE_05-0625;STORE_05;CASH-05;2026-07-25 13:38:40;SKU-001;2;45000;0;CASH
REC-20260725-STORE_05-0626;STORE_05;CASH-08;2026-07-25 13:07:55;SKU-045;2;45000;0;CASH
REC-20260725-STORE_05-0626;STORE_05;CASH-06;2026-07-25 13:07:55;SKU-024;4;12000;0;CARD
REC-20260725-STORE_05-0626;STORE_05;CASH-03;2026-07-25 13:07:55;SKU-011;2;5000;0;CASH
REC-20260725-STORE_05-0627;STORE_05;CASH-07;2026-07-25 12:00:16;SKU-015;3;5000;0;CARD
REC-20260725-STORE_05-0627;STORE_05;CASH-08;2026-07-25 12:00:16;SKU-017;1;12000;1000;CARD
REC-20260725-STORE_05-0627;STORE_05;CASH-10;2026-07-25 12:00:16;SKU-001;2;45000;0;CARD
REC-20260725-STORE_05-0627;STORE_05;CASH-06;2026-07-25 12:00:16;SKU-003;2;45000;500;CARD
REC-20260725-STORE_05-0627;STORE_05;CASH-09;2026-07-25 12:00:16;SKU-002;1;12000;0;CASH
REC-20260725-STORE_05-0628;STORE_05;CASH-10;2026-07-25 9:40:17;SKU-008;2;12000;500;CARD
REC-20260725-STORE_05-0628;STORE_05;CASH-09;2026-07-25 9:40:17;SKU-025;2;5000;0;CARD
REC-20260725-STORE_05-0629;STORE_05;CASH-04;2026-07-25 21:34:23;SKU-021;1;5000;500;CARD
REC-20260725-STORE_05-0629;STORE_05;CASH-08;2026-07-25 21:34:23;SKU-010;4;25000;1000;CARD
REC-20260725-STORE_05-0629;STORE_05;CASH-03;2026-07-25 21:34:23;SKU-002;4;12000;1000;CARD
REC-20260725-STORE_05-0630;STORE_05;CASH-08;2026-07-25 19:09:48;SKU-001;3;45000;0;CARD
REC-20260725-STORE_05-0630;STORE_05;CASH-08;2026-07-25 19:09:48;SKU-004;3;25000;0;CARD
REC-20260725-STORE_05-0630;STORE_05;CASH-07;2026-07-25 19:09:48;SKU-004;4;25000;1000;CASH
REC-20260725-STORE_05-0630;STORE_05;CASH-07;2026-07-25 19:09:48;SKU-016;1;25000;0;CASH
REC-20260725-STORE_05-0631;STORE_05;CASH-02;2026-07-25 10:01:33;SKU-018;3;5000;1000;CASH
REC-20260725-STORE_05-0631;STORE_05;CASH-03;2026-07-25 10:01:33;SKU-026;2;12000;0;CARD
REC-20260725-STORE_05-0631;STORE_05;CASH-10;2026-07-25 10:01:33;SKU-002;2;12000;1000;CARD
REC-20260725-STORE_05-0632;STORE_05;CASH-09;2026-07-25 18:54:51;SKU-031;1;45000;0;CASH
REC-20260725-STORE_05-0632;STORE_05;CASH-02;2026-07-25 18:54:51;SKU-033;4;5000;0;CARD
REC-20260725-STORE_05-0633;STORE_05;CASH-04;2026-07-25 9:34:40;SKU-043;1;25000;0;CARD
REC-20260725-STORE_05-0633;STORE_05;CASH-07;2026-07-25 9:34:40;SKU-027;1;5000;0;CARD
REC-20260725-STORE_05-0633;STORE_05;CASH-07;2026-07-25 9:34:40;SKU-029;4;5000;1000;CASH
REC-20260725-STORE_05-0633;STORE_05;CASH-03;2026-07-25 9:34:40;SKU-001;2;45000;0;CARD
REC-20260725-STORE_05-0633;STORE_05;CASH-03;2026-07-25 9:34:40;SKU-005;2;5000;0;CASH
REC-20260725-STORE_05-0634;STORE_05;CASH-05;2026-07-25 16:20:01;SKU-021;2;5000;1000;CASH
REC-20260725-STORE_05-0634;STORE_05;CASH-05;2026-07-25 16:20:01;SKU-017;1;12000;0;CARD
REC-20260725-STORE_05-0634;STORE_05;CASH-02;2026-07-25 16:20:01;SKU-001;4;45000;0;CARD
REC-20260725-STORE_05-0635;STORE_05;CASH-08;2026-07-25 15:48:05;SKU-007;2;12000;0;CARD
REC-20260725-STORE_05-0635;STORE_05;CASH-07;2026-07-25 15:48:05;SKU-001;2;45000;0;CASH
REC-20260725-STORE_05-0636;STORE_05;CASH-01;2026-07-25 19:06:12;SKU-003;1;45000;0;CASH
REC-20260725-STORE_05-0636;STORE_05;CASH-09;2026-07-25 19:06:12;SKU-027;1;5000;0;CARD
REC-20260725-STORE_05-0637;STORE_05;CASH-05;2026-07-25 9:14:32;SKU-005;3;5000;500;CASH
REC-20260725-STORE_05-0637;STORE_05;CASH-09;2026-07-25 9:14:32;SKU-003;2;45000;1000;CARD
REC-20260725-STORE_05-0637;STORE_05;CASH-03;2026-07-25 9:14:32;SKU-023;4;45000;500;CARD
REC-20260725-STORE_05-0637;STORE_05;CASH-06;2026-07-25 9:14:32;SKU-036;3;45000;0;CARD
REC-20260725-STORE_05-0637;STORE_05;CASH-01;2026-07-25 9:14:32;SKU-022;3;12000;0;CARD
REC-20260725-STORE_05-0638;STORE_05;CASH-07;2026-07-25 17:32:21;SKU-005;3;5000;0;CARD
REC-20260725-STORE_05-0639;STORE_05;CASH-10;2026-07-25 12:13:20;SKU-002;1;12000;0;CARD
REC-20260725-STORE_05-0639;STORE_05;CASH-02;2026-07-25 12:13:20;SKU-032;4;25000;1000;CARD
REC-20260725-STORE_05-0639;STORE_05;CASH-06;2026-07-25 12:13:20;SKU-007;3;12000;0;CARD
REC-20260725-STORE_05-0639;STORE_05;CASH-03;2026-07-25 12:13:20;SKU-006;2;45000;0;CASH
REC-20260725-STORE_05-0639;STORE_05;CASH-09;2026-07-25 12:13:20;SKU-007;2;12000;0;CARD
REC-20260725-STORE_05-0640;STORE_05;CASH-10;2026-07-25 17:32:28;SKU-001;2;45000;0;CASH
REC-20260725-STORE_05-0640;STORE_05;CASH-07;2026-07-25 17:32:28;SKU-029;4;5000;1000;CARD
REC-20260725-STORE_05-0640;STORE_05;CASH-07;2026-07-25 17:32:28;SKU-027;1;5000;0;CARD
REC-20260725-STORE_05-0640;STORE_05;CASH-03;2026-07-25 17:32:28;SKU-004;3;25000;0;CARD
REC-20260725-STORE_05-0640;STORE_05;CASH-01;2026-07-25 17:32:28;SKU-049;3;5000;500;CASH
REC-20260725-STORE_05-0641;STORE_05;CASH-10;2026-07-25 18:27:28;SKU-013;1;12000;0;CARD
REC-20260725-STORE_05-0642;STORE_05;CASH-03;2026-07-25 11:09:37;SKU-002;3;12000;0;CASH
REC-20260725-STORE_05-0642;STORE_05;CASH-06;2026-07-25 11:09:37;SKU-035;4;5000;0;CARD
REC-20260725-STORE_05-0642;STORE_05;CASH-05;2026-07-25 11:09:37;SKU-004;4;25000;500;CARD
REC-20260725-STORE_05-0642;STORE_05;CASH-03;2026-07-25 11:09:37;SKU-004;2;25000;1000;CARD
REC-20260725-STORE_05-0643;STORE_05;CASH-10;2026-07-25 9:57:55;SKU-004;1;25000;0;CARD
REC-20260725-STORE_05-0643;STORE_05;CASH-01;2026-07-25 9:57:55;SKU-007;2;12000;1000;CARD
REC-20260725-STORE_05-0644;STORE_05;CASH-02;2026-07-25 21:55:14;SKU-015;3;5000;500;CARD
REC-20260725-STORE_05-0644;STORE_05;CASH-06;2026-07-25 21:55:14;SKU-009;4;25000;1000;CASH
REC-20260725-STORE_05-0644;STORE_05;CASH-07;2026-07-25 21:55:14;SKU-002;3;12000;0;CARD
REC-20260725-STORE_05-0644;STORE_05;CASH-08;2026-07-25 21:55:14;SKU-001;2;45000;0;CARD
REC-20260725-STORE_05-0645;STORE_05;CASH-06;2026-07-25 8:40:00;SKU-001;2;45000;0;CASH
REC-20260725-STORE_05-0645;STORE_05;CASH-09;2026-07-25 8:40:00;SKU-032;4;25000;1000;CARD
REC-20260725-STORE_05-0645;STORE_05;CASH-06;2026-07-25 8:40:00;SKU-001;1;45000;0;CARD
REC-20260725-STORE_05-0645;STORE_05;CASH-10;2026-07-25 8:40:00;SKU-001;1;45000;500;CARD
REC-20260725-STORE_05-0646;STORE_05;CASH-09;2026-07-25 12:45:26;SKU-027;4;5000;0;CARD
REC-20260725-STORE_05-0646;STORE_05;CASH-01;2026-07-25 12:45:26;SKU-039;2;5000;0;CARD
REC-20260725-STORE_05-0646;STORE_05;CASH-05;2026-07-25 12:45:26;SKU-006;1;45000;1000;CASH
REC-20260725-STORE_05-0646;STORE_05;CASH-08;2026-07-25 12:45:26;SKU-012;4;45000;0;CARD
REC-20260725-STORE_05-0647;STORE_05;CASH-06;2026-07-25 21:55:20;SKU-001;2;45000;0;CASH
REC-20260725-STORE_05-0647;STORE_05;CASH-10;2026-07-25 21:55:20;SKU-001;4;45000;0;CASH
REC-20260725-STORE_05-0647;STORE_05;CASH-10;2026-07-25 21:55:20;SKU-015;1;5000;500;CASH
REC-20260725-STORE_05-0648;STORE_05;CASH-06;2026-07-25 19:06:12;SKU-001;3;45000;0;CASH
REC-20260725-STORE_05-0648;STORE_05;CASH-10;2026-07-25 19:06:12;SKU-001;2;45000;0;CARD
REC-20260725-STORE_05-0649;STORE_05;CASH-01;2026-07-25 21:44:24;SKU-002;1;12000;500;CARD
REC-20260725-STORE_05-0650;STORE_05;CASH-01;2026-07-25 20:15:06;SKU-017;4;12000;0;CARD
REC-20260725-STORE_05-0650;STORE_05;CASH-07;2026-07-25 20:15:06;SKU-001;1;45000;500;CARD
REC-20260725-STORE_05-0650;STORE_05;CASH-07;2026-07-25 20:15:06;SKU-040;4;25000;0;CARD
REC-20260725-STORE_05-0650;STORE_05;CASH-06;2026-07-25 20:15:06;SKU-008;2;12000;0;CARD
REC-20260725-STORE_05-0650;STORE_05;CASH-08;2026-07-25 20:15:06;SKU-003;4;45000;1000;CASH
REC-20260725-STORE_05-0651;STORE_05;CASH-09;2026-07-25 9:43:38;SKU-042;1;5000;0;CASH
REC-20260725-STORE_05-0651;STORE_05;CASH-03;2026-07-25 9:43:38;SKU-009;1;25000;1000;CASH
REC-20260725-STORE_05-0651;STORE_05;CASH-04;2026-07-25 9:43:38;SKU-014;3;5000;1000;CARD
REC-20260725-STORE_05-0651;STORE_05;CASH-02;2026-07-25 9:43:38;SKU-004;3;25000;0;CARD
REC-20260725-STORE_05-0652;STORE_05;CASH-04;2026-07-25 10:04:04;SKU-001;4;45000;500;CASH
REC-20260725-STORE_05-0653;STORE_05;CASH-09;2026-07-25 18:50:17;SKU-025;4;5000;1000;CARD
REC-20260725-STORE_05-0654;STORE_05;CASH-03;2026-07-25 14:49:27;SKU-028;3;5000;0;CASH
REC-20260725-STORE_05-0654;STORE_05;CASH-04;2026-07-25 14:49:27;SKU-024;1;12000;0;CASH
REC-20260725-STORE_05-0654;STORE_05;CASH-01;2026-07-25 14:49:27;SKU-004;3;25000;500;CARD
REC-20260725-STORE_05-0655;STORE_05;CASH-08;2026-07-25 15:26:24;SKU-002;4;12000;0;CARD
REC-20260725-STORE_05-0655;STORE_05;CASH-05;2026-07-25 15:26:24;SKU-016;3;25000;1000;CASH
REC-20260725-STORE_05-0655;STORE_05;CASH-08;2026-07-25 15:26:24;SKU-003;4;45000;0;CARD
REC-20260725-STORE_05-0655;STORE_05;CASH-06;2026-07-25 15:26:24;SKU-027;3;5000;0;CARD
REC-20260725-STORE_05-0655;STORE_05;CASH-05;2026-07-25 15:26:24;SKU-003;3;45000;0;CASH
REC-20260725-STORE_05-0656;STORE_05;CASH-06;2026-07-25 8:42:06;SKU-002;1;12000;500;CARD
REC-20260725-STORE_05-0656;STORE_05;CASH-05;2026-07-25 8:42:06;SKU-002;3;12000;500;CARD
REC-20260725-STORE_05-0656;STORE_05;CASH-05;2026-07-25 8:42:06;SKU-002;3;12000;500;CARD
REC-20260725-STORE_05-0656;STORE_05;CASH-08;2026-07-25 8:42:06;SKU-033;1;5000;0;CARD
REC-20260725-STORE_05-0656;STORE_05;CASH-10;2026-07-25 8:42:06;SKU-037;2;45000;1000;CARD
REC-20260725-STORE_05-0657;STORE_05;CASH-06;2026-07-25 12:52:59;SKU-002;1;12000;0;CARD
REC-20260725-STORE_05-0657;STORE_05;CASH-06;2026-07-25 12:52:59;SKU-001;2;45000;0;CARD
REC-20260725-STORE_05-0658;STORE_05;CASH-04;2026-07-25 12:33:10;SKU-001;3;45000;500;CARD
REC-20260725-STORE_05-0658;STORE_05;CASH-07;2026-07-25 12:33:10;SKU-006;4;45000;500;CARD
REC-20260725-STORE_05-0658;STORE_05;CASH-06;2026-07-25 12:33:10;SKU-021;1;5000;500;CARD
REC-20260725-STORE_05-0658;STORE_05;CASH-02;2026-07-25 12:33:10;SKU-004;1;25000;1000;CARD
REC-20260725-STORE_05-0658;STORE_05;CASH-09;2026-07-25 12:33:10;SKU-001;1;45000;0;CASH
REC-20260725-STORE_05-0659;STORE_05;CASH-01;2026-07-25 9:45:54;SKU-002;1;12000;0;CASH
REC-20260725-STORE_05-0659;STORE_05;CASH-02;2026-07-25 9:45:54;SKU-009;2;25000;500;CASH
REC-20260725-STORE_05-0659;STORE_05;CASH-03;2026-07-25 9:45:54;SKU-002;2;12000;0;CASH
REC-20260725-STORE_05-0660;STORE_05;CASH-01;2026-07-25 20:30:22;SKU-036;1;45000;0;CARD
REC-20260725-STORE_05-0660;STORE_05;CASH-03;2026-07-25 20:30:22;SKU-001;2;45000;0;CASH
REC-20260725-STORE_05-0660;STORE_05;CASH-01;2026-07-25 20:30:22;SKU-001;2;45000;1000;CARD
REC-20260725-STORE_05-0660;STORE_05;CASH-10;2026-07-25 20:30:22;SKU-046;2;25000;0;CARD
REC-20260725-STORE_05-0660;STORE_05;CASH-08;2026-07-25 20:30:22;SKU-018;1;5000;0;CASH
REC-20260725-STORE_05-0661;STORE_05;CASH-01;2026-07-25 19:25:39;SKU-024;1;12000;1000;CARD
REC-20260725-STORE_05-0661;STORE_05;CASH-08;2026-07-25 19:25:39;SKU-022;2;12000;0;CASH
REC-20260725-STORE_05-0662;STORE_05;CASH-04;2026-07-25 18:32:04;SKU-015;3;5000;0;CARD
REC-20260725-STORE_05-0662;STORE_05;CASH-02;2026-07-25 18:32:04;SKU-025;1;5000;0;CASH
REC-20260725-STORE_05-0663;STORE_05;CASH-07;2026-07-25 13:42:42;SKU-017;4;12000;0;CARD
REC-20260725-STORE_05-0663;STORE_05;CASH-08;2026-07-25 13:42:42;SKU-001;4;45000;0;CARD
REC-20260725-STORE_05-0664;STORE_05;CASH-06;2026-07-25 13:00:52;SKU-001;4;45000;0;CARD
REC-20260725-STORE_05-0664;STORE_05;CASH-07;2026-07-25 13:00:52;SKU-003;4;45000;500;CARD
REC-20260725-STORE_05-0664;STORE_05;CASH-08;2026-07-25 13:00:52;SKU-004;2;25000;0;CARD
REC-20260725-STORE_05-0664;STORE_05;CASH-05;2026-07-25 13:00:52;SKU-015;3;5000;0;CARD
REC-20260725-STORE_05-0665;STORE_05;CASH-10;2026-07-25 21:13:59;SKU-034;4;25000;0;CARD
REC-20260725-STORE_05-0665;STORE_05;CASH-06;2026-07-25 21:13:59;SKU-011;1;5000;1000;CARD
REC-20260725-STORE_05-0665;STORE_05;CASH-09;2026-07-25 21:13:59;SKU-005;1;5000;1000;CASH
REC-20260725-STORE_05-0665;STORE_05;CASH-03;2026-07-25 21:13:59;SKU-001;2;45000;0;CARD
REC-20260725-STORE_05-0666;STORE_05;CASH-03;2026-07-25 8:37:45;SKU-001;2;45000;0;CARD
REC-20260725-STORE_05-0666;STORE_05;CASH-07;2026-07-25 8:37:45;SKU-029;4;5000;0;CARD
REC-20260725-STORE_05-0667;STORE_05;CASH-01;2026-07-25 19:00:53;SKU-010;4;25000;1000;CARD
REC-20260725-STORE_05-0667;STORE_05;CASH-03;2026-07-25 19:00:53;SKU-001;3;45000;1000;CARD
REC-20260725-STORE_05-0667;STORE_05;CASH-10;2026-07-25 19:00:53;SKU-015;1;5000;1000;CARD
REC-20260725-STORE_05-0667;STORE_05;CASH-04;2026-07-25 19:00:53;SKU-002;2;12000;0;CASH
REC-20260725-STORE_05-0667;STORE_05;CASH-07;2026-07-25 19:00:53;SKU-017;3;12000;1000;CARD
REC-20260725-STORE_05-0668;STORE_05;CASH-02;2026-07-25 21:34:26;SKU-001;1;45000;500;CASH
REC-20260725-STORE_05-0668;STORE_05;CASH-02;2026-07-25 21:34:26;SKU-028;3;5000;500;CASH
REC-20260725-STORE_05-0669;STORE_05;CASH-10;2026-07-25 21:16:55;SKU-001;1;45000;0;CARD
REC-20260725-STORE_05-0670;STORE_05;CASH-10;2026-07-25 11:39:05;SKU-007;3;12000;0;CARD
REC-20260725-STORE_05-0671;STORE_05;CASH-07;2026-07-25 16:29:36;SKU-004;2;25000;0;CARD
REC-20260725-STORE_05-0671;STORE_05;CASH-06;2026-07-25 16:29:36;SKU-019;3;25000;0;CARD
REC-20260725-STORE_05-0671;STORE_05;CASH-01;2026-07-25 16:29:36;SKU-029;1;5000;1000;CASH
REC-20260725-STORE_05-0672;STORE_05;CASH-10;2026-07-25 18:16:36;SKU-006;2;45000;0;CASH
REC-20260725-STORE_05-0672;STORE_05;CASH-03;2026-07-25 18:16:36;SKU-002;4;12000;0;CARD
REC-20260725-STORE_05-0672;STORE_05;CASH-07;2026-07-25 18:16:36;SKU-003;1;45000;0;CASH
REC-20260725-STORE_05-0672;STORE_05;CASH-07;2026-07-25 18:16:36;SKU-001;2;45000;500;CASH
REC-20260725-STORE_05-0673;STORE_05;CASH-05;2026-07-25 19:34:17;SKU-004;1;25000;500;CARD
REC-20260725-STORE_05-0673;STORE_05;CASH-08;2026-07-25 19:34:17;SKU-005;4;5000;500;CARD
REC-20260725-STORE_05-0674;STORE_05;CASH-02;2026-07-25 19:48:09;SKU-001;3;45000;0;CARD
REC-20260725-STORE_05-0674;STORE_05;CASH-06;2026-07-25 19:48:09;SKU-001;3;45000;500;CASH
REC-20260725-STORE_05-0675;STORE_05;CASH-04;2026-07-25 13:09:57;SKU-001;3;45000;0;CARD
REC-20260725-STORE_05-0675;STORE_05;CASH-05;2026-07-25 13:09:57;SKU-003;1;45000;500;CARD
REC-20260725-STORE_05-0675;STORE_05;CASH-10;2026-07-25 13:09:57;SKU-026;4;12000;0;CARD
REC-20260725-STORE_05-0676;STORE_05;CASH-08;2026-07-25 20:06:24;SKU-002;3;12000;0;CASH
REC-20260725-STORE_05-0676;STORE_05;CASH-07;2026-07-25 20:06:24;SKU-012;2;45000;500;CARD
REC-20260725-STORE_05-0676;STORE_05;CASH-08;2026-07-25 20:06:24;SKU-002;1;12000;0;CASH
REC-20260725-STORE_05-0676;STORE_05;CASH-07;2026-07-25 20:06:24;SKU-004;4;25000;0;CASH
REC-20260725-STORE_05-0676;STORE_05;CASH-09;2026-07-25 20:06:24;SKU-003;4;45000;0;CARD
REC-20260725-STORE_05-0677;STORE_05;CASH-09;2026-07-25 21:37:13;SKU-017;3;12000;1000;CARD
REC-20260725-STORE_05-0677;STORE_05;CASH-08;2026-07-25 21:37:13;SKU-009;1;25000;500;CASH
REC-20260725-STORE_05-0677;STORE_05;CASH-06;2026-07-25 21:37:13;SKU-010;2;25000;0;CASH
REC-20260725-STORE_05-0677;STORE_05;CASH-05;2026-07-25 21:37:13;SKU-002;4;12000;1000;CARD
REC-20260725-STORE_05-0678;STORE_05;CASH-03;2026-07-25 10:30:16;SKU-007;1;12000;0;CARD
REC-20260725-STORE_05-0678;STORE_05;CASH-05;2026-07-25 10:30:16;SKU-046;4;25000;0;CARD
REC-20260725-STORE_05-0678;STORE_05;CASH-09;2026-07-25 10:30:16;SKU-050;3;25000;0;CARD
REC-20260725-STORE_05-0679;STORE_05;CASH-10;2026-07-25 19:39:47;SKU-009;4;25000;500;CASH
REC-20260725-STORE_05-0680;STORE_05;CASH-05;2026-07-25 19:16:22;SKU-001;1;45000;0;CARD
REC-20260725-STORE_05-0680;STORE_05;CASH-08;2026-07-25 19:16:22;SKU-047;1;5000;500;CARD
REC-20260725-STORE_05-0681;STORE_05;CASH-09;2026-07-25 19:00:22;SKU-003;1;45000;0;CARD
REC-20260725-STORE_05-0682;STORE_05;CASH-08;2026-07-25 16:27:23;SKU-029;2;5000;1000;CARD
REC-20260725-STORE_05-0682;STORE_05;CASH-09;2026-07-25 16:27:23;SKU-035;2;5000;0;CASH
REC-20260725-STORE_05-0682;STORE_05;CASH-01;2026-07-25 16:27:23;SKU-016;3;25000;0;CARD
REC-20260725-STORE_05-0682;STORE_05;CASH-06;2026-07-25 16:27:23;SKU-005;2;5000;500;CARD
REC-20260725-STORE_05-0682;STORE_05;CASH-02;2026-07-25 16:27:23;SKU-001;1;45000;0;CARD
REC-20260725-STORE_05-0683;STORE_05;CASH-04;2026-07-25 12:07:10;SKU-001;1;45000;500;CASH
REC-20260725-STORE_05-0683;STORE_05;CASH-01;2026-07-25 12:07:10;SKU-004;3;25000;500;CARD
REC-20260725-STORE_05-0683;STORE_05;CASH-01;2026-07-25 12:07:10;SKU-001;1;45000;0;CARD
REC-20260725-STORE_05-0683;STORE_05;CASH-08;2026-07-25 12:07:10;SKU-028;3;5000;0;CARD
REC-20260725-STORE_05-0684;STORE_05;CASH-08;2026-07-25 12:38:31;SKU-003;4;45000;500;CARD
REC-20260725-STORE_05-0684;STORE_05;CASH-06;2026-07-25 12:38:31;SKU-006;1;45000;500;CARD
REC-20260725-STORE_05-0684;STORE_05;CASH-07;2026-07-25 12:38:31;SKU-020;2;12000;0;CARD
REC-20260725-STORE_05-0684;STORE_05;CASH-05;2026-07-25 12:38:31;SKU-014;4;5000;0;CARD
REC-20260725-STORE_05-0685;STORE_05;CASH-04;2026-07-25 10:20:08;SKU-001;4;45000;500;CARD
REC-20260725-STORE_05-0685;STORE_05;CASH-01;2026-07-25 10:20:08;SKU-012;2;45000;1000;CARD
REC-20260725-STORE_05-0685;STORE_05;CASH-01;2026-07-25 10:20:08;SKU-002;4;12000;0;CASH
REC-20260725-STORE_05-0685;STORE_05;CASH-05;2026-07-25 10:20:08;SKU-008;2;12000;0;CARD
REC-20260725-STORE_05-0686;STORE_05;CASH-04;2026-07-25 9:37:14;SKU-001;4;45000;500;CARD
REC-20260725-STORE_05-0686;STORE_05;CASH-09;2026-07-25 9:37:14;SKU-030;4;45000;0;CASH
REC-20260725-STORE_05-0686;STORE_05;CASH-03;2026-07-25 9:37:14;SKU-005;2;5000;0;CARD
REC-20260725-STORE_05-0687;STORE_05;CASH-06;2026-07-25 9:39:39;SKU-001;2;45000;1000;CARD
REC-20260725-STORE_05-0687;STORE_05;CASH-09;2026-07-25 9:39:39;SKU-011;4;5000;0;CARD
REC-20260725-STORE_05-0688;STORE_05;CASH-04;2026-07-25 10:53:23;SKU-001;3;45000;1000;CASH
REC-20260725-STORE_05-0688;STORE_05;CASH-10;2026-07-25 10:53:23;SKU-022;4;12000;1000;CARD
REC-20260725-STORE_05-0688;STORE_05;CASH-08;2026-07-25 10:53:23;SKU-002;1;12000;0;CARD
REC-20260725-STORE_05-0688;STORE_05;CASH-06;2026-07-25 10:53:23;SKU-006;4;45000;500;CARD
REC-20260725-STORE_05-0688;STORE_05;CASH-06;2026-07-25 10:53:23;SKU-002;4;12000;1000;CARD
REC-20260725-STORE_05-0689;STORE_05;CASH-05;2026-07-25 13:14:06;SKU-009;2;25000;1000;CASH
REC-20260725-STORE_05-0690;STORE_05;CASH-04;2026-07-25 18:34:34;SKU-002;1;12000;0;CARD
REC-20260725-STORE_05-0690;STORE_05;CASH-07;2026-07-25 18:34:34;SKU-001;2;45000;0;CASH
REC-20260725-STORE_05-0690;STORE_05;CASH-02;2026-07-25 18:34:34;SKU-021;4;5000;0;CARD
REC-20260725-STORE_05-0690;STORE_05;CASH-04;2026-07-25 18:34:34;SKU-003;1;45000;1000;CARD
REC-20260725-STORE_05-0691;STORE_05;CASH-02;2026-07-25 10:41:11;SKU-001;1;45000;500;CARD
REC-20260725-STORE_05-0691;STORE_05;CASH-07;2026-07-25 10:41:11;SKU-014;4;5000;1000;CARD
REC-20260725-STORE_05-0692;STORE_05;CASH-07;2026-07-25 9:19:40;SKU-001;3;45000;1000;CASH
REC-20260725-STORE_05-0692;STORE_05;CASH-03;2026-07-25 9:19:40;SKU-002;1;12000;500;CARD
REC-20260725-STORE_05-0693;STORE_05;CASH-01;2026-07-25 20:28:19;SKU-024;4;12000;500;CARD
REC-20260725-STORE_05-0693;STORE_05;CASH-04;2026-07-25 20:28:19;SKU-012;2;45000;500;CARD
REC-20260725-STORE_05-0693;STORE_05;CASH-01;2026-07-25 20:28:19;SKU-025;1;5000;1000;CASH
REC-20260725-STORE_05-0694;STORE_05;CASH-01;2026-07-25 14:52:08;SKU-003;1;45000;0;CARD
REC-20260725-STORE_05-0694;STORE_05;CASH-04;2026-07-25 14:52:08;SKU-006;3;45000;500;CARD
REC-20260725-STORE_05-0695;STORE_05;CASH-03;2026-07-25 20:55:18;SKU-006;4;45000;0;CARD
REC-20260725-STORE_05-0695;STORE_05;CASH-04;2026-07-25 20:55:18;SKU-005;3;5000;0;CASH
REC-20260725-STORE_05-0695;STORE_05;CASH-08;2026-07-25 20:55:18;SKU-011;4;5000;0;CARD
REC-20260725-STORE_05-0695;STORE_05;CASH-05;2026-07-25 20:55:18;SKU-001;2;45000;0;CARD
REC-20260725-STORE_05-0695;STORE_05;CASH-09;2026-07-25 20:55:18;SKU-015;2;5000;0;CASH
REC-20260725-STORE_05-0696;STORE_05;CASH-02;2026-07-25 8:06:48;SKU-005;4;5000;0;CARD
REC-20260725-STORE_05-0696;STORE_05;CASH-01;2026-07-25 8:06:48;SKU-002;1;12000;0;CARD
REC-20260725-STORE_05-0697;STORE_05;CASH-10;2026-07-25 18:15:51;SKU-021;3;5000;0;CARD
REC-20260725-STORE_05-0697;STORE_05;CASH-05;2026-07-25 18:15:51;SKU-033;3;5000;500;CASH
REC-20260725-STORE_05-0697;STORE_05;CASH-03;2026-07-25 18:15:51;SKU-047;4;5000;0;CARD
REC-20260725-STORE_05-0697;STORE_05;CASH-10;2026-07-25 18:15:51;SKU-004;4;25000;0;CARD
REC-20260725-STORE_05-0698;STORE_05;CASH-07;2026-07-25 18:23:06;SKU-010;3;25000;500;CASH
REC-20260725-STORE_05-0699;STORE_05;CASH-08;2026-07-25 19:27:31;SKU-008;4;12000;1000;CARD
REC-20260725-STORE_05-0699;STORE_05;CASH-08;2026-07-25 19:27:31;SKU-006;2;45000;0;CASH
REC-20260725-STORE_05-0699;STORE_05;CASH-02;2026-07-25 19:27:31;SKU-002;2;12000;500;CARD
REC-20260725-STORE_05-0700;STORE_05;CASH-02;2026-07-25 9:07:30;SKU-001;1;45000;500;CASH
REC-20260725-STORE_05-0700;STORE_05;CASH-03;2026-07-25 9:07:30;SKU-003;2;45000;1000;CARD
REC-20260725-STORE_05-0700;STORE_05;CASH-03;2026-07-25 9:07:30;SKU-010;1;25000;0;CARD
REC-20260725-STORE_05-0700;STORE_05;CASH-03;2026-07-25 9:07:30;SKU-019;1;25000;0;CARD
REC-20260725-STORE_05-0700;STORE_05;CASH-01;2026-07-25 9:07:30;SKU-003;3;45000;0;CARD
