receipt_no;store_code;cashier_id;sale_datetime_raw;sku;qty_raw;unit_price_raw;discount_raw;payment_type
REC-20260815-STORE_01-0001;STORE_01;CASH-04;2026-08-15 21:34:56;SKU-007;1;12000;500;CARD
REC-20260815-STORE_01-0002;STORE_01;CASH-04;2026-08-15 17:17:29;SKU-007;3;12000;0;CASH
REC-20260815-STORE_01-0002;STORE_01;CASH-10;2026-08-15 17:17:29;SKU-015;4;5000;1000;CASH
REC-20260815-STORE_01-0002;STORE_01;CASH-02;2026-08-15 17:17:29;SKU-001;2;45000;0;CARD
REC-20260815-STORE_01-0002;STORE_01;CASH-09;2026-08-15 17:17:29;SKU-019;1;25000;0;CASH
REC-20260815-STORE_01-0003;STORE_01;CASH-08;2026-08-15 17:39:45;SKU-007;1;12000;0;CARD
REC-20260815-STORE_01-0004;STORE_01;CASH-07;2026-08-15 16:32:22;SKU-002;2;12000;0;CARD
REC-20260815-STORE_01-0005;STORE_01;CASH-03;2026-08-15 8:15:26;SKU-002;3;12000;1000;CARD
REC-20260815-STORE_01-0006;STORE_01;CASH-01;2026-08-15 16:39:50;SKU-048;3;25000;500;CARD
REC-20260815-STORE_01-0006;STORE_01;CASH-09;2026-08-15 16:39:50;SKU-001;3;45000;500;CASH
REC-20260815-STORE_01-0007;STORE_01;CASH-06;2026-08-15 17:50:31;SKU-001;3;45000;1000;CARD
REC-20260815-STORE_01-0008;STORE_01;CASH-09;2026-08-15 17:20:06;SKU-001;4;45000;0;CARD
REC-20260815-STORE_01-0008;STORE_01;CASH-03;2026-08-15 17:20:06;SKU-001;2;45000;0;CARD
REC-20260815-STORE_01-0008;STORE_01;CASH-03;2026-08-15 17:20:06;SKU-002;3;12000;0;CARD
REC-20260815-STORE_01-0008;STORE_01;CASH-09;2026-08-15 17:20:06;SKU-019;1;25000;1000;CASH
REC-20260815-STORE_01-0009;STORE_01;CASH-04;2026-08-15 17:08:18;SKU-012;3;45000;0;CARD
REC-20260815-STORE_01-0009;STORE_01;CASH-03;2026-08-15 17:08:18;SKU-001;2;45000;0;CARD
REC-20260815-STORE_01-0009;STORE_01;CASH-08;2026-08-15 17:08:18;SKU-003;4;45000;0;CASH
REC-20260815-STORE_01-0009;STORE_01;CASH-02;2026-08-15 17:08:18;SKU-001;4;45000;0;CARD
REC-20260815-STORE_01-0010;STORE_01;CASH-09;2026-08-15 17:46:04;SKU-013;4;12000;0;CARD
REC-20260815-STORE_01-0010;STORE_01;CASH-03;2026-08-15 17:46:04;SKU-005;1;5000;0;CARD
REC-20260815-STORE_01-0011;STORE_01;CASH-03;2026-08-15 20:08:25;SKU-014;3;5000;0;CARD
REC-20260815-STORE_01-0011;STORE_01;CASH-06;2026-08-15 20:08:25;SKU-002;2;12000;1000;CARD
REC-20260815-STORE_01-0012;STORE_01;CASH-02;2026-08-15 9:35:56;SKU-040;2;25000;0;CARD
REC-20260815-STORE_01-0013;STORE_01;CASH-01;2026-08-15 17:17:16;SKU-009;4;25000;1000;CARD
REC-20260815-STORE_01-0013;STORE_01;CASH-08;2026-08-15 17:17:16;SKU-006;1;45000;0;CARD
REC-20260815-STORE_01-0013;STORE_01;CASH-10;2026-08-15 17:17:16;SKU-001;2;45000;1000;CARD
REC-20260815-STORE_01-0014;STORE_01;CASH-08;2026-08-15 21:36:23;SKU-014;2;5000;1000;CARD
REC-20260815-STORE_01-0014;STORE_01;CASH-08;2026-08-15 21:36:23;SKU-035;2;5000;1000;CASH
REC-20260815-STORE_01-0014;STORE_01;CASH-03;2026-08-15 21:36:23;SKU-034;4;25000;500;CARD
REC-20260815-STORE_01-0015;STORE_01;CASH-04;2026-08-15 21:57:26;SKU-012;3;45000;500;CARD
REC-20260815-STORE_01-0015;STORE_01;CASH-02;2026-08-15 21:57:26;SKU-001;4;45000;0;CARD
REC-20260815-STORE_01-0015;STORE_01;CASH-03;2026-08-15 21:57:26;SKU-027;4;5000;0;CASH
REC-20260815-STORE_01-0015;STORE_01;CASH-02;2026-08-15 21:57:26;SKU-001;4;45000;500;CARD
REC-20260815-STORE_01-0015;STORE_01;CASH-03;2026-08-15 21:57:26;SKU-035;1;5000;0;CASH
REC-20260815-STORE_01-0016;STORE_01;CASH-10;2026-08-15 14:21:50;SKU-003;4;45000;0;CARD
REC-20260815-STORE_01-0016;STORE_01;CASH-08;2026-08-15 14:21:50;SKU-027;2;5000;0;CARD
REC-20260815-STORE_01-0016;STORE_01;CASH-10;2026-08-15 14:21:50;SKU-001;2;45000;1000;CARD
REC-20260815-STORE_01-0016;STORE_01;CASH-02;2026-08-15 14:21:50;SKU-007;3;12000;0;CARD
REC-20260815-STORE_01-0016;STORE_01;CASH-02;2026-08-15 14:21:50;SKU-004;3;25000;0;CASH
REC-20260815-STORE_01-0017;STORE_01;CASH-07;2026-08-15 18:51:27;SKU-004;1;25000;500;CARD
REC-20260815-STORE_01-0017;STORE_01;CASH-08;2026-08-15 18:51:27;SKU-001;2;45000;0;CASH
REC-20260815-STORE_01-0017;STORE_01;CASH-10;2026-08-15 18:51:27;SKU-024;3;12000;0;CASH
REC-20260815-STORE_01-0018;STORE_01;CASH-08;2026-08-15 15:58:35;SKU-003;1;45000;0;CARD
REC-20260815-STORE_01-0019;STORE_01;CASH-01;2026-08-15 11:18:27;SKU-004;4;25000;1000;CARD
REC-20260815-STORE_01-0019;STORE_01;CASH-02;2026-08-15 11:18:27;SKU-013;3;12000;500;CARD
REC-20260815-STORE_01-0020;STORE_01;CASH-03;2026-08-15 13:00:46;SKU-001;3;45000;500;CASH
REC-20260815-STORE_01-0020;STORE_01;CASH-06;2026-08-15 13:00:46;SKU-010;2;25000;0;CARD
REC-20260815-STORE_01-0020;STORE_01;CASH-08;2026-08-15 13:00:46;SKU-001;3;45000;0;CARD
REC-20260815-STORE_01-0020;STORE_01;CASH-02;2026-08-15 13:00:46;SKU-039;4;5000;1000;CASH
REC-20260815-STORE_01-0020;STORE_01;CASH-08;2026-08-15 13:00:46;SKU-024;4;12000;500;CASH
REC-20260815-STORE_01-0021;STORE_01;CASH-05;2026-08-15 19:21:50;SKU-037;4;45000;500;CASH
REC-20260815-STORE_01-0021;STORE_01;CASH-04;2026-08-15 19:21:50;SKU-033;4;5000;0;CASH
REC-20260815-STORE_01-0021;STORE_01;CASH-08;2026-08-15 19:21:50;SKU-022;2;12000;0;CARD
REC-20260815-STORE_01-0021;STORE_01;CASH-07;2026-08-15 19:21:50;SKU-034;1;25000;0;CARD
REC-20260815-STORE_01-0022;STORE_01;CASH-06;2026-08-15 12:28:23;SKU-001;4;45000;500;CASH
REC-20260815-STORE_01-0022;STORE_01;CASH-07;2026-08-15 12:28:23;SKU-003;1;45000;0;CASH
REC-20260815-STORE_01-0023;STORE_01;CASH-03;2026-08-15 12:46:00;SKU-012;1;45000;0;CARD
REC-20260815-STORE_01-0023;STORE_01;CASH-09;2026-08-15 12:46:00;SKU-003;3;45000;0;CASH
REC-20260815-STORE_01-0023;STORE_01;CASH-09;2026-08-15 12:46:00;SKU-001;1;45000;0;CARD
REC-20260815-STORE_01-0024;STORE_01;CASH-03;2026-08-15 18:56:07;SKU-033;3;5000;0;CARD
REC-20260815-STORE_01-0024;STORE_01;CASH-01;2026-08-15 18:56:07;SKU-018;4;5000;0;CARD
REC-20260815-STORE_01-0024;STORE_01;CASH-08;2026-08-15 18:56:07;SKU-030;4;45000;1000;CARD
REC-20260815-STORE_01-0024;STORE_01;CASH-02;2026-08-15 18:56:07;SKU-038;2;12000;500;CASH
REC-20260815-STORE_01-0024;STORE_01;CASH-07;2026-08-15 18:56:07;SKU-002;4;12000;0;CASH
REC-20260815-STORE_01-0025;STORE_01;CASH-06;2026-08-15 20:32:33;SKU-008;4;12000;500;CARD
REC-20260815-STORE_01-0025;STORE_01;CASH-08;2026-08-15 20:32:33;SKU-023;2;45000;1000;CARD
REC-20260815-STORE_01-0025;STORE_01;CASH-05;2026-08-15 20:32:33;SKU-011;2;5000;0;CARD
REC-20260815-STORE_01-0025;STORE_01;CASH-04;2026-08-15 20:32:33;SKU-002;2;12000;0;CASH
REC-20260815-STORE_01-0026;STORE_01;CASH-01;2026-08-15 9:20:16;SKU-002;2;12000;0;CARD
REC-20260815-STORE_01-0027;STORE_01;CASH-07;2026-08-15 18:59:40;SKU-047;4;5000;0;CASH
REC-20260815-STORE_01-0028;STORE_01;CASH-10;2026-08-15 12:26:48;SKU-001;3;45000;0;CASH
REC-20260815-STORE_01-0028;STORE_01;CASH-07;2026-08-15 12:26:48;SKU-001;1;45000;1000;CASH
REC-20260815-STORE_01-0029;STORE_01;CASH-06;2026-08-15 9:16:28;SKU-002;3;12000;0;CARD
REC-20260815-STORE_01-0029;STORE_01;CASH-03;2026-08-15 9:16:28;SKU-032;4;25000;0;CASH
REC-20260815-STORE_01-0030;STORE_01;CASH-05;2026-08-15 16:47:09;SKU-001;1;45000;1000;CARD
REC-20260815-STORE_01-0030;STORE_01;CASH-06;2026-08-15 16:47:09;SKU-001;1;45000;0;CASH
REC-20260815-STORE_01-0030;STORE_01;CASH-04;2026-08-15 16:47:09;SKU-001;3;45000;0;CARD
REC-20260815-STORE_01-0030;STORE_01;CASH-03;2026-08-15 16:47:09;SKU-005;4;5000;1000;CASH
REC-20260815-STORE_01-0030;STORE_01;CASH-07;2026-08-15 16:47:09;SKU-015;3;5000;0;CARD
REC-20260815-STORE_01-0031;STORE_01;CASH-10;2026-08-15 8:42:21;SKU-004;4;25000;0;CASH
REC-20260815-STORE_01-0032;STORE_01;CASH-01;2026-08-15 12:31:47;SKU-002;3;12000;0;CARD
REC-20260815-STORE_01-0032;STORE_01;CASH-04;2026-08-15 12:31:47;SKU-040;1;25000;1000;CARD
REC-20260815-STORE_01-0032;STORE_01;CASH-04;2026-08-15 12:31:47;SKU-014;4;5000;500;CARD
REC-20260815-STORE_01-0032;STORE_01;CASH-06;2026-08-15 12:31:47;SKU-013;1;12000;1000;CASH
REC-20260815-STORE_01-0032;STORE_01;CASH-06;2026-08-15 12:31:47;SKU-003;4;45000;500;CARD
REC-20260815-STORE_01-0033;STORE_01;CASH-10;2026-08-15 14:40:27;SKU-002;3;12000;0;CARD
REC-20260815-STORE_01-0033;STORE_01;CASH-04;2026-08-15 14:40:27;SKU-001;3;45000;0;CASH
REC-20260815-STORE_01-0033;STORE_01;CASH-03;2026-08-15 14:40:27;SKU-002;3;12000;0;CARD
REC-20260815-STORE_01-0034;STORE_01;CASH-09;2026-08-15 8:53:38;SKU-011;3;5000;500;CASH
REC-20260815-STORE_01-0034;STORE_01;CASH-02;2026-08-15 8:53:38;SKU-009;4;25000;500;CARD
REC-20260815-STORE_01-0034;STORE_01;CASH-06;2026-08-15 8:53:38;SKU-008;4;12000;500;CASH
REC-20260815-STORE_01-0035;STORE_01;CASH-06;2026-08-15 8:28:35;SKU-007;1;12000;1000;CARD
REC-20260815-STORE_01-0036;STORE_01;CASH-09;2026-08-15 20:15:28;SKU-010;2;25000;0;CARD
REC-20260815-STORE_01-0036;STORE_01;CASH-02;2026-08-15 20:15:28;SKU-002;4;12000;1000;CARD
REC-20260815-STORE_01-0037;STORE_01;CASH-01;2026-08-15 19:23:01;SKU-008;1;12000;0;CASH
REC-20260815-STORE_01-0037;STORE_01;CASH-08;2026-08-15 19:23:01;SKU-006;4;45000;500;CARD
REC-20260815-STORE_01-0038;STORE_01;CASH-07;2026-08-15 10:03:55;SKU-001;2;45000;500;CARD
REC-20260815-STORE_01-0038;STORE_01;CASH-06;2026-08-15 10:03:55;SKU-002;2;12000;500;CARD
REC-20260815-STORE_01-0038;STORE_01;CASH-06;2026-08-15 10:03:55;SKU-002;4;12000;0;CASH
REC-20260815-STORE_01-0039;STORE_01;CASH-05;2026-08-15 9:26:35;SKU-012;1;45000;0;CASH
REC-20260815-STORE_01-0039;STORE_01;CASH-07;2026-08-15 9:26:35;SKU-001;1;45000;500;CASH
REC-20260815-STORE_01-0039;STORE_01;CASH-06;2026-08-15 9:26:35;SKU-010;2;25000;1000;CARD
REC-20260815-STORE_01-0039;STORE_01;CASH-05;2026-08-15 9:26:35;SKU-031;1;45000;1000;CARD
REC-20260815-STORE_01-0039;STORE_01;CASH-02;2026-08-15 9:26:35;SKU-001;1;45000;500;CARD
REC-20260815-STORE_01-0040;STORE_01;CASH-01;2026-08-15 15:32:17;SKU-001;2;45000;0;CARD
REC-20260815-STORE_01-0041;STORE_01;CASH-07;2026-08-15 13:35:08;SKU-003;1;45000;0;CARD
REC-20260815-STORE_01-0041;STORE_01;CASH-10;2026-08-15 13:35:08;SKU-050;2;25000;500;CARD
REC-20260815-STORE_01-0042;STORE_01;CASH-07;2026-08-15 18:21:40;SKU-011;4;5000;0;CASH
REC-20260815-STORE_01-0043;STORE_01;CASH-04;2026-08-15 14:15:46;SKU-017;3;12000;0;CARD
REC-20260815-STORE_01-0043;STORE_01;CASH-04;2026-08-15 14:15:46;SKU-001;1;45000;0;CARD
REC-20260815-STORE_01-0043;STORE_01;CASH-10;2026-08-15 14:15:46;SKU-046;3;25000;0;CARD
REC-20260815-STORE_01-0043;STORE_01;CASH-10;2026-08-15 14:15:46;SKU-002;1;12000;0;CARD
REC-20260815-STORE_01-0044;STORE_01;CASH-08;2026-08-15 15:05:28;SKU-007;2;12000;1000;CARD
REC-20260815-STORE_01-0044;STORE_01;CASH-08;2026-08-15 15:05:28;SKU-009;1;25000;500;CASH
REC-20260815-STORE_01-0044;STORE_01;CASH-08;2026-08-15 15:05:28;SKU-001;4;45000;1000;CASH
REC-20260815-STORE_01-0044;STORE_01;CASH-04;2026-08-15 15:05:28;SKU-018;2;5000;1000;CARD
REC-20260815-STORE_01-0045;STORE_01;CASH-10;2026-08-15 18:36:35;SKU-002;3;12000;0;CARD
REC-20260815-STORE_01-0045;STORE_01;CASH-04;2026-08-15 18:36:35;SKU-007;1;12000;500;CARD
REC-20260815-STORE_01-0045;STORE_01;CASH-06;2026-08-15 18:36:35;SKU-008;4;12000;0;CARD
REC-20260815-STORE_01-0045;STORE_01;CASH-07;2026-08-15 18:36:35;SKU-018;4;5000;1000;CASH
REC-20260815-STORE_01-0045;STORE_01;CASH-10;2026-08-15 18:36:35;SKU-001;4;45000;0;CARD
REC-20260815-STORE_01-0046;STORE_01;CASH-05;2026-08-15 18:00:47;SKU-005;1;5000;1000;CARD
REC-20260815-STORE_01-0046;STORE_01;CASH-02;2026-08-15 18:00:47;SKU-001;3;45000;1000;CARD
REC-20260815-STORE_01-0047;STORE_01;CASH-06;2026-08-15 17:18:08;SKU-015;2;5000;500;CARD
REC-20260815-STORE_01-0047;STORE_01;CASH-05;2026-08-15 17:18:08;SKU-029;1;5000;0;CARD
REC-20260815-STORE_01-0048;STORE_01;CASH-08;2026-08-15 20:35:24;SKU-026;1;12000;0;CARD
REC-20260815-STORE_01-0048;STORE_01;CASH-07;2026-08-15 20:35:24;SKU-044;1;5000;0;CARD
REC-20260815-STORE_01-0048;STORE_01;CASH-04;2026-08-15 20:35:24;SKU-024;4;12000;0;CARD
REC-20260815-STORE_01-0048;STORE_01;CASH-09;2026-08-15 20:35:24;SKU-003;2;45000;0;CARD
REC-20260815-STORE_01-0048;STORE_01;CASH-01;2026-08-15 20:35:24;SKU-009;3;25000;0;CARD
REC-20260815-STORE_01-0049;STORE_01;CASH-09;2026-08-15 16:09:13;SKU-004;3;25000;0;CARD
REC-20260815-STORE_01-0049;STORE_01;CASH-02;2026-08-15 16:09:13;SKU-006;1;45000;1000;CARD
REC-20260815-STORE_01-0050;STORE_01;CASH-10;2026-08-15 14:19:45;SKU-007;3;12000;0;CASH
REC-20260815-STORE_01-0050;STORE_01;CASH-07;2026-08-15 14:19:45;SKU-001;3;45000;500;CASH
REC-20260815-STORE_01-0050;STORE_01;CASH-01;2026-08-15 14:19:45;SKU-004;1;25000;1000;CARD
REC-20260815-STORE_01-0051;STORE_01;CASH-03;2026-08-15 10:27:53;SKU-019;2;25000;0;CASH
REC-20260815-STORE_01-0051;STORE_01;CASH-10;2026-08-15 10:27:53;SKU-002;3;12000;0;CARD
REC-20260815-STORE_01-0052;STORE_01;CASH-03;2026-08-15 16:44:09;SKU-010;2;25000;1000;CARD
REC-20260815-STORE_01-0052;STORE_01;CASH-04;2026-08-15 16:44:09;SKU-030;3;45000;0;CARD
REC-20260815-STORE_01-0052;STORE_01;CASH-03;2026-08-15 16:44:09;SKU-013;1;12000;1000;CARD
REC-20260815-STORE_01-0052;STORE_01;CASH-05;2026-08-15 16:44:09;SKU-008;1;12000;0;CASH
REC-20260815-STORE_01-0053;STORE_01;CASH-02;2026-08-15 20:02:27;SKU-003;4;45000;0;CARD
REC-20260815-STORE_01-0053;STORE_01;CASH-06;2026-08-15 20:02:27;SKU-013;4;12000;500;CARD
REC-20260815-STORE_01-0054;STORE_01;CASH-06;2026-08-15 10:19:27;SKU-001;4;45000;0;CASH
REC-20260815-STORE_01-0054;STORE_01;CASH-07;2026-08-15 10:19:27;SKU-005;1;5000;0;CARD
REC-20260815-STORE_01-0055;STORE_01;CASH-09;2026-08-15 15:07:22;SKU-001;1;45000;0;CASH
REC-20260815-STORE_01-0055;STORE_01;CASH-09;2026-08-15 15:07:22;SKU-001;3;45000;0;CARD
REC-20260815-STORE_01-0055;STORE_01;CASH-05;2026-08-15 15:07:22;SKU-002;4;12000;0;CARD
REC-20260815-STORE_01-0055;STORE_01;CASH-10;2026-08-15 15:07:22;SKU-001;4;45000;0;CARD
REC-20260815-STORE_01-0055;STORE_01;CASH-10;2026-08-15 15:07:22;SKU-003;3;45000;500;CARD
REC-20260815-STORE_01-0056;STORE_01;CASH-08;2026-08-15 14:56:10;SKU-001;3;45000;500;CARD
REC-20260815-STORE_01-0056;STORE_01;CASH-06;2026-08-15 14:56:10;SKU-007;1;12000;500;CARD
REC-20260815-STORE_01-0056;STORE_01;CASH-03;2026-08-15 14:56:10;SKU-013;2;12000;0;CASH
REC-20260815-STORE_01-0056;STORE_01;CASH-02;2026-08-15 14:56:10;SKU-017;3;12000;500;CARD
REC-20260815-STORE_01-0057;STORE_01;CASH-04;2026-08-15 19:12:33;SKU-001;2;45000;1000;CASH
REC-20260815-STORE_01-0057;STORE_01;CASH-07;2026-08-15 19:12:33;SKU-008;3;12000;0;CARD
REC-20260815-STORE_01-0057;STORE_01;CASH-06;2026-08-15 19:12:33;SKU-001;1;45000;500;CARD
REC-20260815-STORE_01-0057;STORE_01;CASH-08;2026-08-15 19:12:33;SKU-011;4;5000;1000;CASH
REC-20260815-STORE_01-0057;STORE_01;CASH-08;2026-08-15 19:12:33;SKU-001;4;45000;500;CARD
REC-20260815-STORE_01-0058;STORE_01;CASH-04;2026-08-15 19:37:59;SKU-011;3;5000;500;CASH
REC-20260815-STORE_01-0059;STORE_01;CASH-05;2026-08-15 9:18:11;SKU-002;3;12000;1000;CASH
REC-20260815-STORE_01-0060;STORE_01;CASH-05;2026-08-15 8:49:04;SKU-016;3;25000;500;CARD
REC-20260815-STORE_01-0060;STORE_01;CASH-05;2026-08-15 8:49:04;SKU-027;1;5000;1000;CARD
REC-20260815-STORE_01-0060;STORE_01;CASH-01;2026-08-15 8:49:04;SKU-001;2;45000;1000;CARD
REC-20260815-STORE_01-0060;STORE_01;CASH-04;2026-08-15 8:49:04;SKU-002;2;12000;0;CASH
REC-20260815-STORE_01-0061;STORE_01;CASH-09;2026-08-15 13:34:41;SKU-008;3;12000;500;CARD
REC-20260815-STORE_01-0061;STORE_01;CASH-10;2026-08-15 13:34:41;SKU-001;1;45000;0;CASH
REC-20260815-STORE_01-0061;STORE_01;CASH-08;2026-08-15 13:34:41;SKU-003;4;45000;0;CARD
REC-20260815-STORE_01-0061;STORE_01;CASH-01;2026-08-15 13:34:41;SKU-001;2;45000;1000;CASH
REC-20260815-STORE_01-0062;STORE_01;CASH-09;2026-08-15 17:56:06;SKU-001;4;45000;1000;CARD
REC-20260815-STORE_01-0062;STORE_01;CASH-01;2026-08-15 17:56:06;SKU-031;2;45000;500;CARD
REC-20260815-STORE_01-0062;STORE_01;CASH-07;2026-08-15 17:56:06;SKU-006;2;45000;0;CASH
REC-20260815-STORE_01-0063;STORE_01;CASH-08;2026-08-15 21:39:44;SKU-003;3;45000;1000;CARD
REC-20260815-STORE_01-0063;STORE_01;CASH-07;2026-08-15 21:39:44;SKU-001;4;45000;0;CARD
REC-20260815-STORE_01-0063;STORE_01;CASH-02;2026-08-15 21:39:44;SKU-050;2;25000;1000;CARD
REC-20260815-STORE_01-0063;STORE_01;CASH-10;2026-08-15 21:39:44;SKU-014;3;5000;1000;CASH
REC-20260815-STORE_01-0063;STORE_01;CASH-01;2026-08-15 21:39:44;SKU-001;2;45000;0;CARD
REC-20260815-STORE_01-0064;STORE_01;CASH-01;2026-08-15 19:48:43;SKU-002;1;12000;0;CARD
REC-20260815-STORE_01-0064;STORE_01;CASH-06;2026-08-15 19:48:43;SKU-007;4;12000;0;CARD
REC-20260815-STORE_01-0065;STORE_01;CASH-09;2026-08-15 14:09:59;SKU-034;1;25000;0;CASH
REC-20260815-STORE_01-0065;STORE_01;CASH-08;2026-08-15 14:09:59;SKU-002;2;12000;500;CASH
REC-20260815-STORE_01-0065;STORE_01;CASH-06;2026-08-15 14:09:59;SKU-001;3;45000;500;CASH
REC-20260815-STORE_01-0066;STORE_01;CASH-02;2026-08-15 9:41:33;SKU-015;4;5000;0;CARD
REC-20260815-STORE_01-0066;STORE_01;CASH-10;2026-08-15 9:41:33;SKU-050;1;25000;0;CARD
REC-20260815-STORE_01-0067;STORE_01;CASH-04;2026-08-15 10:44:26;SKU-002;3;12000;0;CARD
REC-20260815-STORE_01-0067;STORE_01;CASH-09;2026-08-15 10:44:26;SKU-027;3;5000;0;CARD
REC-20260815-STORE_01-0067;STORE_01;CASH-04;2026-08-15 10:44:26;SKU-002;2;12000;500;CARD
REC-20260815-STORE_01-0068;STORE_01;CASH-06;2026-08-15 15:09:21;SKU-010;2;25000;0;CARD
REC-20260815-STORE_01-0069;STORE_01;CASH-07;2026-08-15 15:26:19;SKU-014;2;5000;0;CARD
REC-20260815-STORE_01-0069;STORE_01;CASH-02;2026-08-15 15:26:19;SKU-004;2;25000;0;CASH
REC-20260815-STORE_01-0070;STORE_01;CASH-01;2026-08-15 16:04:06;SKU-001;3;45000;0;CARD
REC-20260815-STORE_01-0070;STORE_01;CASH-06;2026-08-15 16:04:06;SKU-038;2;12000;1000;CASH
REC-20260815-STORE_01-0071;STORE_01;CASH-08;2026-08-15 14:57:50;SKU-003;2;45000;1000;CASH
REC-20260815-STORE_01-0071;STORE_01;CASH-06;2026-08-15 14:57:50;SKU-004;2;25000;0;CARD
REC-20260815-STORE_01-0072;STORE_01;CASH-09;2026-08-15 14:40:18;SKU-012;1;45000;0;CARD
REC-20260815-STORE_01-0072;STORE_01;CASH-09;2026-08-15 14:40:18;SKU-001;3;45000;0;CARD
REC-20260815-STORE_01-0073;STORE_01;CASH-10;2026-08-15 8:32:01;SKU-017;4;12000;500;CASH
REC-20260815-STORE_01-0073;STORE_01;CASH-08;2026-08-15 8:32:01;SKU-030;3;45000;500;CARD
REC-20260815-STORE_01-0073;STORE_01;CASH-02;2026-08-15 8:32:01;SKU-034;3;25000;0;CASH
REC-20260815-STORE_01-0073;STORE_01;CASH-01;2026-08-15 8:32:01;SKU-034;1;25000;0;CASH
REC-20260815-STORE_01-0073;STORE_01;CASH-09;2026-08-15 8:32:01;SKU-018;3;5000;0;CARD
REC-20260815-STORE_01-0074;STORE_01;CASH-06;2026-08-15 13:13:27;SKU-003;3;45000;0;CASH
REC-20260815-STORE_01-0074;STORE_01;CASH-01;2026-08-15 13:13:27;SKU-043;1;25000;500;CARD
REC-20260815-STORE_01-0074;STORE_01;CASH-02;2026-08-15 13:13:27;SKU-004;3;25000;0;CASH
REC-20260815-STORE_01-0075;STORE_01;CASH-04;2026-08-15 20:14:46;SKU-009;2;25000;0;CARD
REC-20260815-STORE_01-0075;STORE_01;CASH-09;2026-08-15 20:14:46;SKU-012;4;45000;0;CARD
REC-20260815-STORE_01-0075;STORE_01;CASH-04;2026-08-15 20:14:46;SKU-028;2;5000;500;CARD
REC-20260815-STORE_01-0076;STORE_01;CASH-05;2026-08-15 15:49:07;SKU-004;2;25000;0;CASH
REC-20260815-STORE_01-0076;STORE_01;CASH-08;2026-08-15 15:49:07;SKU-009;1;25000;0;CARD
REC-20260815-STORE_01-0076;STORE_01;CASH-05;2026-08-15 15:49:07;SKU-046;3;25000;1000;CASH
REC-20260815-STORE_01-0077;STORE_01;CASH-01;2026-08-15 11:05:23;SKU-001;1;45000;0;CARD
REC-20260815-STORE_01-0077;STORE_01;CASH-03;2026-08-15 11:05:23;SKU-001;1;45000;1000;CARD
REC-20260815-STORE_01-0078;STORE_01;CASH-05;2026-08-15 17:03:32;SKU-006;3;45000;0;CARD
REC-20260815-STORE_01-0078;STORE_01;CASH-02;2026-08-15 17:03:32;SKU-001;2;45000;0;CARD
REC-20260815-STORE_01-0078;STORE_01;CASH-01;2026-08-15 17:03:32;SKU-029;4;5000;0;CARD
REC-20260815-STORE_01-0078;STORE_01;CASH-06;2026-08-15 17:03:32;SKU-003;3;45000;0;CARD
REC-20260815-STORE_01-0078;STORE_01;CASH-05;2026-08-15 17:03:32;SKU-044;2;5000;0;CASH
REC-20260815-STORE_01-0079;STORE_01;CASH-01;2026-08-15 13:35:16;SKU-001;2;45000;500;CARD
REC-20260815-STORE_01-0079;STORE_01;CASH-02;2026-08-15 13:35:16;SKU-016;3;25000;500;CARD
REC-20260815-STORE_01-0079;STORE_01;CASH-10;2026-08-15 13:35:16;SKU-019;3;25000;0;CARD
REC-20260815-STORE_01-0079;STORE_01;CASH-09;2026-08-15 13:35:16;SKU-018;1;5000;0;CARD
REC-20260815-STORE_01-0080;STORE_01;CASH-04;2026-08-15 8:30:29;SKU-035;3;5000;0;CARD
REC-20260815-STORE_01-0080;STORE_01;CASH-08;2026-08-15 8:30:29;SKU-029;3;5000;500;CARD
REC-20260815-STORE_01-0080;STORE_01;CASH-01;2026-08-15 8:30:29;SKU-010;2;25000;500;CASH
REC-20260815-STORE_01-0080;STORE_01;CASH-05;2026-08-15 8:30:29;SKU-005;4;5000;0;CARD
REC-20260815-STORE_01-0081;STORE_01;CASH-08;2026-08-15 16:16:03;SKU-001;4;45000;0;CARD
REC-20260815-STORE_01-0082;STORE_01;CASH-04;2026-08-15 13:34:19;SKU-009;3;25000;0;CARD
REC-20260815-STORE_01-0082;STORE_01;CASH-08;2026-08-15 13:34:19;SKU-002;2;12000;0;CARD
REC-20260815-STORE_01-0083;STORE_01;CASH-08;2026-08-15 8:59:29;SKU-050;2;25000;1000;CARD
REC-20260815-STORE_01-0083;STORE_01;CASH-07;2026-08-15 8:59:29;SKU-002;4;12000;0;CARD
REC-20260815-STORE_01-0083;STORE_01;CASH-10;2026-08-15 8:59:29;SKU-001;2;45000;0;CARD
REC-20260815-STORE_01-0083;STORE_01;CASH-10;2026-08-15 8:59:29;SKU-001;4;45000;1000;CARD
REC-20260815-STORE_01-0084;STORE_01;CASH-07;2026-08-15 13:39:05;SKU-026;3;12000;1000;CASH
REC-20260815-STORE_01-0085;STORE_01;CASH-03;2026-08-15 19:46:31;SKU-001;4;45000;0;CARD
REC-20260815-STORE_01-0085;STORE_01;CASH-10;2026-08-15 19:46:31;SKU-002;4;12000;0;CARD
REC-20260815-STORE_01-0085;STORE_01;CASH-08;2026-08-15 19:46:31;SKU-041;1;25000;0;CASH
REC-20260815-STORE_01-0085;STORE_01;CASH-02;2026-08-15 19:46:31;SKU-002;3;12000;0;CASH
REC-20260815-STORE_01-0086;STORE_01;CASH-09;2026-08-15 20:44:44;SKU-004;4;25000;0;CARD
REC-20260815-STORE_01-0086;STORE_01;CASH-09;2026-08-15 20:44:44;SKU-002;4;12000;0;CARD
REC-20260815-STORE_01-0086;STORE_01;CASH-03;2026-08-15 20:44:44;SKU-001;4;45000;0;CARD
REC-20260815-STORE_01-0086;STORE_01;CASH-07;2026-08-15 20:44:44;SKU-012;4;45000;0;CARD
REC-20260815-STORE_01-0086;STORE_01;CASH-08;2026-08-15 20:44:44;SKU-007;2;12000;0;CASH
REC-20260815-STORE_01-0087;STORE_01;CASH-05;2026-08-15 16:04:32;SKU-009;3;25000;0;CASH
REC-20260815-STORE_01-0087;STORE_01;CASH-03;2026-08-15 16:04:32;SKU-042;1;5000;0;CARD
REC-20260815-STORE_01-0087;STORE_01;CASH-05;2026-08-15 16:04:32;SKU-005;4;5000;0;CARD
REC-20260815-STORE_01-0087;STORE_01;CASH-04;2026-08-15 16:04:32;SKU-005;2;5000;1000;CARD
REC-20260815-STORE_01-0088;STORE_01;CASH-06;2026-08-15 13:12:41;SKU-025;1;5000;0;CARD
REC-20260815-STORE_01-0088;STORE_01;CASH-04;2026-08-15 13:12:41;SKU-008;3;12000;500;CARD
REC-20260815-STORE_01-0089;STORE_01;CASH-06;2026-08-15 12:32:48;SKU-002;1;12000;1000;CARD
REC-20260815-STORE_01-0089;STORE_01;CASH-08;2026-08-15 12:32:48;SKU-002;4;12000;1000;CARD
REC-20260815-STORE_01-0089;STORE_01;CASH-07;2026-08-15 12:32:48;SKU-035;1;5000;0;CARD
REC-20260815-STORE_01-0089;STORE_01;CASH-08;2026-08-15 12:32:48;SKU-009;4;25000;0;CARD
REC-20260815-STORE_01-0089;STORE_01;CASH-06;2026-08-15 12:32:48;SKU-002;3;12000;0;CARD
REC-20260815-STORE_01-0090;STORE_01;CASH-09;2026-08-15 9:09:06;SKU-001;1;45000;0;CARD
REC-20260815-STORE_01-0090;STORE_01;CASH-10;2026-08-15 9:09:06;SKU-019;4;25000;0;CARD
REC-20260815-STORE_01-0090;STORE_01;CASH-09;2026-08-15 9:09:06;SKU-001;1;45000;500;CARD
REC-20260815-STORE_01-0091;STORE_01;CASH-09;2026-08-15 12:36:45;SKU-020;4;12000;1000;CARD
REC-20260815-STORE_01-0092;STORE_01;CASH-01;2026-08-15 15:16:49;SKU-001;3;45000;0;CASH
REC-20260815-STORE_01-0092;STORE_01;CASH-07;2026-08-15 15:16:49;SKU-006;4;45000;0;CASH
REC-20260815-STORE_01-0092;STORE_01;CASH-09;2026-08-15 15:16:49;SKU-002;4;12000;0;CARD
REC-20260815-STORE_01-0092;STORE_01;CASH-02;2026-08-15 15:16:49;SKU-004;1;25000;0;CARD
REC-20260815-STORE_01-0092;STORE_01;CASH-06;2026-08-15 15:16:49;SKU-031;2;45000;0;CARD
REC-20260815-STORE_01-0093;STORE_01;CASH-06;2026-08-15 9:48:56;SKU-003;3;45000;500;CARD
REC-20260815-STORE_01-0093;STORE_01;CASH-01;2026-08-15 9:48:56;SKU-001;1;45000;0;CARD
REC-20260815-STORE_01-0094;STORE_01;CASH-07;2026-08-15 17:01:08;SKU-006;2;45000;0;CARD
REC-20260815-STORE_01-0094;STORE_01;CASH-10;2026-08-15 17:01:08;SKU-037;1;45000;1000;CASH
REC-20260815-STORE_01-0094;STORE_01;CASH-06;2026-08-15 17:01:08;SKU-037;3;45000;1000;CARD
REC-20260815-STORE_01-0095;STORE_01;CASH-01;2026-08-15 8:22:17;SKU-003;4;45000;0;CARD
REC-20260815-STORE_01-0095;STORE_01;CASH-09;2026-08-15 8:22:17;SKU-001;3;45000;0;CARD
REC-20260815-STORE_01-0096;STORE_01;CASH-07;2026-08-15 8:36:21;SKU-001;1;45000;1000;CARD
REC-20260815-STORE_01-0097;STORE_01;CASH-06;2026-08-15 12:25:21;SKU-004;3;25000;0;CARD
REC-20260815-STORE_01-0098;STORE_01;CASH-07;2026-08-15 20:08:24;SKU-024;1;12000;0;CASH
REC-20260815-STORE_01-0098;STORE_01;CASH-07;2026-08-15 20:08:24;SKU-004;2;25000;500;CARD
REC-20260815-STORE_01-0098;STORE_01;CASH-02;2026-08-15 20:08:24;SKU-007;4;12000;500;CARD
REC-20260815-STORE_01-0098;STORE_01;CASH-03;2026-08-15 20:08:24;SKU-017;3;12000;0;CARD
REC-20260815-STORE_01-0098;STORE_01;CASH-03;2026-08-15 20:08:24;SKU-001;2;45000;0;CARD
REC-20260815-STORE_01-0099;STORE_01;CASH-08;2026-08-15 14:43:32;SKU-009;3;25000;0;CARD
REC-20260815-STORE_01-0099;STORE_01;CASH-06;2026-08-15 14:43:32;SKU-002;4;12000;0;CARD
REC-20260815-STORE_01-0099;STORE_01;CASH-10;2026-08-15 14:43:32;SKU-010;3;25000;500;CASH
REC-20260815-STORE_01-0099;STORE_01;CASH-08;2026-08-15 14:43:32;SKU-010;3;25000;0;CASH
REC-20260815-STORE_01-0100;STORE_01;CASH-10;2026-08-15 10:35:49;SKU-016;4;25000;1000;CARD
REC-20260815-STORE_01-0101;STORE_01;CASH-10;2026-08-15 9:05:46;SKU-042;1;5000;0;CARD
REC-20260815-STORE_01-0101;STORE_01;CASH-10;2026-08-15 9:05:46;SKU-001;3;45000;500;CARD
REC-20260815-STORE_01-0102;STORE_01;CASH-01;2026-08-15 15:01:38;SKU-024;4;12000;0;CARD
REC-20260815-STORE_01-0102;STORE_01;CASH-10;2026-08-15 15:01:38;SKU-001;3;45000;1000;CASH
REC-20260815-STORE_01-0102;STORE_01;CASH-09;2026-08-15 15:01:38;SKU-024;4;12000;0;CARD
REC-20260815-STORE_01-0102;STORE_01;CASH-05;2026-08-15 15:01:38;SKU-001;4;45000;0;CARD
REC-20260815-STORE_01-0102;STORE_01;CASH-04;2026-08-15 15:01:38;SKU-003;3;45000;0;CARD
REC-20260815-STORE_01-0103;STORE_01;CASH-04;2026-08-15 16:06:56;SKU-001;1;45000;0;CARD
REC-20260815-STORE_01-0104;STORE_01;CASH-10;2026-08-15 8:18:52;SKU-005;4;5000;1000;CASH
REC-20260815-STORE_01-0105;STORE_01;CASH-05;2026-08-15 20:16:29;SKU-005;1;5000;0;CARD
REC-20260815-STORE_01-0105;STORE_01;CASH-05;2026-08-15 20:16:29;SKU-001;2;45000;0;CARD
REC-20260815-STORE_01-0105;STORE_01;CASH-07;2026-08-15 20:16:29;SKU-004;1;25000;0;CARD
REC-20260815-STORE_01-0105;STORE_01;CASH-04;2026-08-15 20:16:29;SKU-010;4;25000;1000;CASH
REC-20260815-STORE_01-0105;STORE_01;CASH-06;2026-08-15 20:16:29;SKU-002;1;12000;500;CARD
REC-20260815-STORE_01-0106;STORE_01;CASH-08;2026-08-15 20:20:47;SKU-005;1;5000;0;CARD
REC-20260815-STORE_01-0106;STORE_01;CASH-03;2026-08-15 20:20:47;SKU-012;1;45000;0;CARD
REC-20260815-STORE_01-0106;STORE_01;CASH-05;2026-08-15 20:20:47;SKU-004;2;25000;500;CASH
REC-20260815-STORE_01-0106;STORE_01;CASH-10;2026-08-15 20:20:47;SKU-005;1;5000;0;CARD
REC-20260815-STORE_01-0107;STORE_01;CASH-02;2026-08-15 11:02:35;SKU-041;1;25000;0;CARD
REC-20260815-STORE_01-0107;STORE_01;CASH-03;2026-08-15 11:02:35;SKU-003;1;45000;0;CARD
REC-20260815-STORE_01-0107;STORE_01;CASH-08;2026-08-15 11:02:35;SKU-004;3;25000;0;CASH
REC-20260815-STORE_01-0108;STORE_01;CASH-04;2026-08-15 21:54:42;SKU-021;1;5000;500;CARD
REC-20260815-STORE_01-0109;STORE_01;CASH-08;2026-08-15 8:26:59;SKU-006;4;45000;500;CARD
REC-20260815-STORE_01-0109;STORE_01;CASH-06;2026-08-15 8:26:59;SKU-013;4;12000;0;CARD
REC-20260815-STORE_01-0110;STORE_01;CASH-08;2026-08-15 14:42:34;SKU-014;4;5000;0;CASH
REC-20260815-STORE_01-0110;STORE_01;CASH-04;2026-08-15 14:42:34;SKU-044;3;5000;500;CARD
REC-20260815-STORE_01-0111;STORE_01;CASH-05;2026-08-15 14:57:03;SKU-005;3;5000;0;CARD
REC-20260815-STORE_01-0111;STORE_01;CASH-01;2026-08-15 14:57:03;SKU-035;1;5000;500;CARD
REC-20260815-STORE_01-0111;STORE_01;CASH-10;2026-08-15 14:57:03;SKU-011;2;5000;0;CASH
REC-20260815-STORE_01-0111;STORE_01;CASH-04;2026-08-15 14:57:03;SKU-001;4;45000;500;CARD
REC-20260815-STORE_01-0111;STORE_01;CASH-05;2026-08-15 14:57:03;SKU-004;4;25000;500;CARD
REC-20260815-STORE_01-0112;STORE_01;CASH-06;2026-08-15 9:11:10;SKU-001;4;45000;500;CARD
REC-20260815-STORE_01-0113;STORE_01;CASH-02;2026-08-15 13:03:15;SKU-003;3;45000;1000;CARD
REC-20260815-STORE_01-0113;STORE_01;CASH-04;2026-08-15 13:03:15;SKU-001;3;45000;500;CARD
REC-20260815-STORE_01-0113;STORE_01;CASH-09;2026-08-15 13:03:15;SKU-002;2;12000;0;CARD
REC-20260815-STORE_01-0114;STORE_01;CASH-07;2026-08-15 18:20:05;SKU-045;4;45000;500;CARD
REC-20260815-STORE_01-0114;STORE_01;CASH-07;2026-08-15 18:20:05;SKU-001;4;45000;1000;CARD
REC-20260815-STORE_01-0114;STORE_01;CASH-04;2026-08-15 18:20:05;SKU-001;4;45000;1000;CARD
REC-20260815-STORE_01-0114;STORE_01;CASH-04;2026-08-15 18:20:05;SKU-017;4;12000;0;CARD
REC-20260815-STORE_01-0115;STORE_01;CASH-03;2026-08-15 16:42:25;SKU-001;4;45000;500;CARD
REC-20260815-STORE_01-0115;STORE_01;CASH-07;2026-08-15 16:42:25;SKU-008;3;12000;500;CARD
REC-20260815-STORE_01-0115;STORE_01;CASH-10;2026-08-15 16:42:25;SKU-009;2;25000;0;CARD
REC-20260815-STORE_01-0115;STORE_01;CASH-02;2026-08-15 16:42:25;SKU-022;3;12000;500;CARD
REC-20260815-STORE_01-0115;STORE_01;CASH-06;2026-08-15 16:42:25;SKU-008;3;12000;0;CASH
REC-20260815-STORE_01-0116;STORE_01;CASH-10;2026-08-15 10:23:44;SKU-007;4;12000;1000;CARD
REC-20260815-STORE_01-0117;STORE_01;CASH-02;2026-08-15 8:42:48;SKU-003;4;45000;0;CASH
REC-20260815-STORE_01-0118;STORE_01;CASH-06;2026-08-15 19:09:04;SKU-001;4;45000;0;CASH
REC-20260815-STORE_01-0119;STORE_01;CASH-02;2026-08-15 11:10:38;SKU-002;4;12000;0;CASH
REC-20260815-STORE_01-0119;STORE_01;CASH-07;2026-08-15 11:10:38;SKU-002;4;12000;1000;CASH
REC-20260815-STORE_01-0119;STORE_01;CASH-10;2026-08-15 11:10:38;SKU-002;2;12000;0;CARD
REC-20260815-STORE_01-0119;STORE_01;CASH-01;2026-08-15 11:10:38;SKU-026;3;12000;500;CARD
REC-20260815-STORE_01-0120;STORE_01;CASH-07;2026-08-15 13:14:23;SKU-008;4;12000;0;CARD
REC-20260815-STORE_01-0120;STORE_01;CASH-04;2026-08-15 13:14:23;SKU-003;3;45000;0;CARD
REC-20260815-STORE_01-0120;STORE_01;CASH-03;2026-08-15 13:14:23;SKU-003;3;45000;0;CARD
REC-20260815-STORE_01-0120;STORE_01;CASH-02;2026-08-15 13:14:23;SKU-042;1;5000;500;CARD
REC-20260815-STORE_01-0120;STORE_01;CASH-01;2026-08-15 13:14:23;SKU-015;3;5000;1000;CASH
REC-20260815-STORE_01-0121;STORE_01;CASH-02;2026-08-15 11:54:02;SKU-009;2;25000;500;CARD
REC-20260815-STORE_01-0122;STORE_01;CASH-10;2026-08-15 13:13:23;SKU-001;2;45000;0;CARD
REC-20260815-STORE_01-0122;STORE_01;CASH-03;2026-08-15 13:13:23;SKU-003;1;45000;1000;CASH
REC-20260815-STORE_01-0122;STORE_01;CASH-09;2026-08-15 13:13:23;SKU-015;4;5000;0;CASH
REC-20260815-STORE_01-0122;STORE_01;CASH-06;2026-08-15 13:13:23;SKU-001;1;45000;0;CARD
REC-20260815-STORE_01-0122;STORE_01;CASH-07;2026-08-15 13:13:23;SKU-010;1;25000;0;CARD
REC-20260815-STORE_01-0123;STORE_01;CASH-06;2026-08-15 9:15:38;SKU-002;4;12000;1000;CASH
REC-20260815-STORE_01-0123;STORE_01;CASH-03;2026-08-15 9:15:38;SKU-002;3;12000;0;CARD
REC-20260815-STORE_01-0123;STORE_01;CASH-04;2026-08-15 9:15:38;SKU-001;3;45000;1000;CASH
REC-20260815-STORE_01-0124;STORE_01;CASH-02;2026-08-15 19:02:25;SKU-007;4;12000;1000;CARD
REC-20260815-STORE_01-0124;STORE_01;CASH-08;2026-08-15 19:02:25;SKU-003;2;45000;500;CARD
REC-20260815-STORE_01-0125;STORE_01;CASH-09;2026-08-15 16:21:40;SKU-035;2;5000;0;CASH
REC-20260815-STORE_01-0126;STORE_01;CASH-08;2026-08-15 16:14:07;SKU-001;2;45000;0;CARD
REC-20260815-STORE_01-0126;STORE_01;CASH-10;2026-08-15 16:14:07;SKU-002;3;12000;0;CARD
REC-20260815-STORE_01-0127;STORE_01;CASH-10;2026-08-15 15:38:16;SKU-006;1;45000;0;CARD
REC-20260815-STORE_01-0127;STORE_01;CASH-01;2026-08-15 15:38:16;SKU-001;3;45000;1000;CARD
REC-20260815-STORE_01-0127;STORE_01;CASH-07;2026-08-15 15:38:16;SKU-049;1;5000;0;CASH
REC-20260815-STORE_01-0127;STORE_01;CASH-06;2026-08-15 15:38:16;SKU-010;2;25000;1000;CARD
REC-20260815-STORE_01-0128;STORE_01;CASH-05;2026-08-15 16:39:49;SKU-006;2;45000;1000;CARD
REC-20260815-STORE_01-0128;STORE_01;CASH-06;2026-08-15 16:39:49;SKU-014;1;5000;0;CARD
REC-20260815-STORE_01-0128;STORE_01;CASH-05;2026-08-15 16:39:49;SKU-019;3;25000;1000;CASH
REC-20260815-STORE_01-0128;STORE_01;CASH-06;2026-08-15 16:39:49;SKU-001;3;45000;0;CARD
REC-20260815-STORE_01-0128;STORE_01;CASH-01;2026-08-15 16:39:49;SKU-025;4;5000;0;CASH
REC-20260815-STORE_01-0129;STORE_01;CASH-02;2026-08-15 8:50:29;SKU-001;3;45000;0;CARD
REC-20260815-STORE_01-0129;STORE_01;CASH-01;2026-08-15 8:50:29;SKU-003;2;45000;0;CARD
REC-20260815-STORE_01-0129;STORE_01;CASH-08;2026-08-15 8:50:29;SKU-029;2;5000;0;CARD
REC-20260815-STORE_01-0129;STORE_01;CASH-02;2026-08-15 8:50:29;SKU-005;3;5000;1000;CARD
REC-20260815-STORE_01-0130;STORE_01;CASH-10;2026-08-15 12:41:23;SKU-038;3;12000;1000;CARD
REC-20260815-STORE_01-0130;STORE_01;CASH-03;2026-08-15 12:41:23;SKU-001;4;45000;0;CARD
REC-20260815-STORE_01-0130;STORE_01;CASH-07;2026-08-15 12:41:23;SKU-001;1;45000;0;CARD
REC-20260815-STORE_01-0130;STORE_01;CASH-02;2026-08-15 12:41:23;SKU-001;1;45000;1000;CASH
REC-20260815-STORE_01-0130;STORE_01;CASH-10;2026-08-15 12:41:23;SKU-001;3;45000;0;CARD
REC-20260815-STORE_01-0131;STORE_01;CASH-09;2026-08-15 16:40:56;SKU-001;2;45000;500;CARD
REC-20260815-STORE_01-0131;STORE_01;CASH-07;2026-08-15 16:40:56;SKU-030;4;45000;0;CARD
REC-20260815-STORE_01-0131;STORE_01;CASH-03;2026-08-15 16:40:56;SKU-002;1;12000;1000;CARD
REC-20260815-STORE_01-0132;STORE_01;CASH-08;2026-08-15 10:50:10;SKU-043;2;25000;0;CARD
REC-20260815-STORE_01-0132;STORE_01;CASH-04;2026-08-15 10:50:10;SKU-003;4;45000;0;CARD
REC-20260815-STORE_01-0132;STORE_01;CASH-03;2026-08-15 10:50:10;SKU-002;2;12000;500;CARD
REC-20260815-STORE_01-0132;STORE_01;CASH-08;2026-08-15 10:50:10;SKU-013;4;12000;0;CARD
REC-20260815-STORE_01-0132;STORE_01;CASH-08;2026-08-15 10:50:10;SKU-003;2;45000;0;CASH
REC-20260815-STORE_01-0133;STORE_01;CASH-04;2026-08-15 15:51:28;SKU-002;2;12000;0;CARD
REC-20260815-STORE_01-0133;STORE_01;CASH-01;2026-08-15 15:51:28;SKU-001;1;45000;0;CARD
REC-20260815-STORE_01-0133;STORE_01;CASH-05;2026-08-15 15:51:28;SKU-004;2;25000;0;CASH
REC-20260815-STORE_01-0133;STORE_01;CASH-09;2026-08-15 15:51:28;SKU-001;3;45000;0;CARD
REC-20260815-STORE_01-0133;STORE_01;CASH-09;2026-08-15 15:51:28;SKU-018;3;5000;0;CARD
REC-20260815-STORE_01-0134;STORE_01;CASH-10;2026-08-15 10:58:54;SKU-003;2;45000;0;CARD
REC-20260815-STORE_01-0134;STORE_01;CASH-04;2026-08-15 10:58:54;SKU-002;4;12000;500;CARD
REC-20260815-STORE_01-0134;STORE_01;CASH-07;2026-08-15 10:58:54;SKU-008;3;12000;0;CARD
REC-20260815-STORE_01-0134;STORE_01;CASH-06;2026-08-15 10:58:54;SKU-001;2;45000;0;CARD
REC-20260815-STORE_01-0135;STORE_01;CASH-10;2026-08-15 18:47:11;SKU-045;2;45000;0;CARD
REC-20260815-STORE_01-0135;STORE_01;CASH-01;2026-08-15 18:47:11;SKU-023;4;45000;0;CASH
REC-20260815-STORE_01-0136;STORE_01;CASH-05;2026-08-15 16:35:47;SKU-002;1;12000;0;CASH
REC-20260815-STORE_01-0136;STORE_01;CASH-09;2026-08-15 16:35:47;SKU-021;1;5000;0;CARD
REC-20260815-STORE_01-0136;STORE_01;CASH-04;2026-08-15 16:35:47;SKU-047;1;5000;1000;CASH
REC-20260815-STORE_01-0137;STORE_01;CASH-04;2026-08-15 16:30:38;SKU-023;3;45000;0;CASH
REC-20260815-STORE_01-0138;STORE_01;CASH-07;2026-08-15 21:43:46;SKU-016;2;25000;1000;CASH
REC-20260815-STORE_01-0138;STORE_01;CASH-03;2026-08-15 21:43:46;SKU-001;1;45000;500;CARD
REC-20260815-STORE_01-0139;STORE_01;CASH-07;2026-08-15 8:46:47;SKU-004;1;25000;1000;CARD
REC-20260815-STORE_01-0139;STORE_01;CASH-04;2026-08-15 8:46:47;SKU-003;2;45000;0;CARD
REC-20260815-STORE_01-0140;STORE_01;CASH-04;2026-08-15 17:35:51;SKU-022;3;12000;0;CARD
REC-20260815-STORE_01-0140;STORE_01;CASH-02;2026-08-15 17:35:51;SKU-005;1;5000;0;CARD
REC-20260815-STORE_01-0140;STORE_01;CASH-06;2026-08-15 17:35:51;SKU-007;2;12000;500;CARD
REC-20260815-STORE_01-0140;STORE_01;CASH-07;2026-08-15 17:35:51;SKU-001;4;45000;1000;CASH
REC-20260815-STORE_01-0141;STORE_01;CASH-10;2026-08-15 13:19:46;SKU-003;1;45000;1000;CARD
REC-20260815-STORE_01-0141;STORE_01;CASH-06;2026-08-15 13:19:46;SKU-001;2;45000;0;CARD
REC-20260815-STORE_01-0142;STORE_01;CASH-05;2026-08-15 13:01:25;SKU-004;4;25000;500;CARD
REC-20260815-STORE_01-0142;STORE_01;CASH-07;2026-08-15 13:01:25;SKU-001;2;45000;0;CARD
REC-20260815-STORE_01-0143;STORE_01;CASH-09;2026-08-15 18:12:30;SKU-003;1;45000;500;CASH
REC-20260815-STORE_01-0143;STORE_01;CASH-01;2026-08-15 18:12:30;SKU-003;4;45000;0;CASH
REC-20260815-STORE_01-0144;STORE_01;CASH-08;2026-08-15 11:56:46;SKU-043;3;25000;500;CARD
REC-20260815-STORE_01-0144;STORE_01;CASH-05;2026-08-15 11:56:46;SKU-012;4;45000;0;CARD
REC-20260815-STORE_01-0144;STORE_01;CASH-02;2026-08-15 11:56:46;SKU-003;2;45000;0;CARD
REC-20260815-STORE_01-0144;STORE_01;CASH-01;2026-08-15 11:56:46;SKU-013;1;12000;0;CARD
REC-20260815-STORE_01-0144;STORE_01;CASH-05;2026-08-15 11:56:46;SKU-014;2;5000;1000;CARD
REC-20260815-STORE_01-0145;STORE_01;CASH-02;2026-08-15 12:05:44;SKU-003;1;45000;0;CARD
REC-20260815-STORE_01-0145;STORE_01;CASH-06;2026-08-15 12:05:44;SKU-032;4;25000;0;CARD
REC-20260815-STORE_01-0146;STORE_01;CASH-05;2026-08-15 11:10:36;SKU-010;3;25000;1000;CARD
REC-20260815-STORE_01-0146;STORE_01;CASH-06;2026-08-15 11:10:36;SKU-038;4;12000;1000;CARD
REC-20260815-STORE_01-0147;STORE_01;CASH-05;2026-08-15 19:07:42;SKU-021;1;5000;0;CASH
REC-20260815-STORE_01-0147;STORE_01;CASH-08;2026-08-15 19:07:42;SKU-007;1;12000;0;CARD
REC-20260815-STORE_01-0147;STORE_01;CASH-06;2026-08-15 19:07:42;SKU-024;3;12000;0;CARD
REC-20260815-STORE_01-0147;STORE_01;CASH-07;2026-08-15 19:07:42;SKU-003;2;45000;0;CASH
REC-20260815-STORE_01-0147;STORE_01;CASH-08;2026-08-15 19:07:42;SKU-013;1;12000;0;CASH
REC-20260815-STORE_01-0148;STORE_01;CASH-03;2026-08-15 21:17:40;SKU-006;4;45000;500;CARD
REC-20260815-STORE_01-0148;STORE_01;CASH-03;2026-08-15 21:17:40;SKU-006;3;45000;1000;CASH
REC-20260815-STORE_01-0148;STORE_01;CASH-10;2026-08-15 21:17:40;SKU-001;4;45000;1000;CASH
REC-20260815-STORE_01-0148;STORE_01;CASH-06;2026-08-15 21:17:40;SKU-001;3;45000;0;CARD
REC-20260815-STORE_01-0149;STORE_01;CASH-10;2026-08-15 11:18:13;SKU-001;1;45000;500;CASH
REC-20260815-STORE_01-0150;STORE_01;CASH-10;2026-08-15 16:59:30;SKU-006;1;45000;0;CARD
REC-20260815-STORE_01-0150;STORE_01;CASH-02;2026-08-15 16:59:30;SKU-001;4;45000;0;CARD
REC-20260815-STORE_01-0150;STORE_01;CASH-10;2026-08-15 16:59:30;SKU-006;4;45000;0;CASH
REC-20260815-STORE_01-0150;STORE_01;CASH-05;2026-08-15 16:59:30;SKU-006;1;45000;500;CASH
REC-20260815-STORE_01-0151;STORE_01;CASH-09;2026-08-15 12:55:12;SKU-003;1;45000;1000;CARD
REC-20260815-STORE_01-0151;STORE_01;CASH-02;2026-08-15 12:55:12;SKU-024;2;12000;0;CARD
REC-20260815-STORE_01-0151;STORE_01;CASH-07;2026-08-15 12:55:12;SKU-040;1;25000;0;CARD
REC-20260815-STORE_01-0152;STORE_01;CASH-09;2026-08-15 16:17:08;SKU-001;1;45000;0;CASH
REC-20260815-STORE_01-0152;STORE_01;CASH-07;2026-08-15 16:17:08;SKU-006;3;45000;0;CARD
REC-20260815-STORE_01-0153;STORE_01;CASH-06;2026-08-15 19:31:12;SKU-015;4;5000;0;CASH
REC-20260815-STORE_01-0153;STORE_01;CASH-08;2026-08-15 19:31:12;SKU-004;3;25000;1000;CASH
REC-20260815-STORE_01-0154;STORE_01;CASH-02;2026-08-15 8:22:43;SKU-010;4;25000;0;CARD
REC-20260815-STORE_01-0154;STORE_01;CASH-06;2026-08-15 8:22:43;SKU-005;4;5000;1000;CASH
REC-20260815-STORE_01-0154;STORE_01;CASH-08;2026-08-15 8:22:43;SKU-017;2;12000;0;CARD
REC-20260815-STORE_01-0154;STORE_01;CASH-09;2026-08-15 8:22:43;SKU-004;1;25000;1000;CARD
REC-20260815-STORE_01-0155;STORE_01;CASH-10;2026-08-15 16:24:03;SKU-009;4;25000;0;CARD
REC-20260815-STORE_01-0155;STORE_01;CASH-10;2026-08-15 16:24:03;SKU-031;4;45000;0;CARD
REC-20260815-STORE_01-0155;STORE_01;CASH-02;2026-08-15 16:24:03;SKU-026;4;12000;0;CARD
REC-20260815-STORE_01-0155;STORE_01;CASH-07;2026-08-15 16:24:03;SKU-001;2;45000;500;CARD
REC-20260815-STORE_01-0156;STORE_01;CASH-07;2026-08-15 19:55:42;SKU-008;2;12000;1000;CARD
REC-20260815-STORE_01-0157;STORE_01;CASH-05;2026-08-15 21:55:24;SKU-005;3;5000;500;CARD
REC-20260815-STORE_01-0158;STORE_01;CASH-01;2026-08-15 11:14:02;SKU-001;1;45000;0;CARD
REC-20260815-STORE_01-0158;STORE_01;CASH-04;2026-08-15 11:14:02;SKU-004;1;25000;0;CASH
REC-20260815-STORE_01-0158;STORE_01;CASH-09;2026-08-15 11:14:02;SKU-024;2;12000;0;CASH
REC-20260815-STORE_01-0159;STORE_01;CASH-07;2026-08-15 20:36:04;SKU-002;1;12000;1000;CARD
REC-20260815-STORE_01-0160;STORE_01;CASH-07;2026-08-15 8:15:03;SKU-001;1;45000;0;CARD
REC-20260815-STORE_01-0161;STORE_01;CASH-05;2026-08-15 13:16:55;SKU-025;4;5000;0;CASH
REC-20260815-STORE_01-0162;STORE_01;CASH-05;2026-08-15 10:12:54;SKU-047;3;5000;500;CASH
REC-20260815-STORE_01-0163;STORE_01;CASH-03;2026-08-15 20:23:06;SKU-001;3;45000;1000;CARD
REC-20260815-STORE_01-0164;STORE_01;CASH-01;2026-08-15 8:00:30;SKU-013;1;12000;0;CARD
REC-20260815-STORE_01-0164;STORE_01;CASH-04;2026-08-15 8:00:30;SKU-008;1;12000;0;CARD
REC-20260815-STORE_01-0165;STORE_01;CASH-05;2026-08-15 10:32:20;SKU-006;4;45000;500;CARD
REC-20260815-STORE_01-0165;STORE_01;CASH-08;2026-08-15 10:32:20;SKU-010;4;25000;0;CARD
REC-20260815-STORE_01-0165;STORE_01;CASH-06;2026-08-15 10:32:20;SKU-008;2;12000;500;CASH
REC-20260815-STORE_01-0166;STORE_01;CASH-01;2026-08-15 16:20:08;SKU-005;2;5000;0;CARD
REC-20260815-STORE_01-0166;STORE_01;CASH-05;2026-08-15 16:20:08;SKU-001;2;45000;0;CARD
REC-20260815-STORE_01-0166;STORE_01;CASH-02;2026-08-15 16:20:08;SKU-043;1;25000;1000;CARD
REC-20260815-STORE_01-0167;STORE_01;CASH-07;2026-08-15 11:02:19;SKU-001;3;45000;0;CARD
REC-20260815-STORE_01-0168;STORE_01;CASH-08;2026-08-15 19:08:52;SKU-003;4;45000;0;CARD
REC-20260815-STORE_01-0168;STORE_01;CASH-09;2026-08-15 19:08:52;SKU-044;4;5000;0;CASH
REC-20260815-STORE_01-0168;STORE_01;CASH-07;2026-08-15 19:08:52;SKU-001;4;45000;0;CARD
REC-20260815-STORE_01-0169;STORE_01;CASH-03;2026-08-15 9:45:01;SKU-002;1;12000;500;CARD
REC-20260815-STORE_01-0169;STORE_01;CASH-04;2026-08-15 9:45:01;SKU-050;1;25000;0;CARD
REC-20260815-STORE_01-0169;STORE_01;CASH-04;2026-08-15 9:45:01;SKU-021;1;5000;0;CARD
REC-20260815-STORE_01-0169;STORE_01;CASH-09;2026-08-15 9:45:01;SKU-018;2;5000;500;CARD
REC-20260815-STORE_01-0169;STORE_01;CASH-03;2026-08-15 9:45:01;SKU-030;4;45000;0;CARD
REC-20260815-STORE_01-0170;STORE_01;CASH-09;2026-08-15 12:34:30;SKU-001;2;45000;500;CASH
REC-20260815-STORE_01-0170;STORE_01;CASH-02;2026-08-15 12:34:30;SKU-002;3;12000;1000;CARD
REC-20260815-STORE_01-0170;STORE_01;CASH-03;2026-08-15 12:34:30;SKU-002;2;12000;0;CASH
REC-20260815-STORE_01-0170;STORE_01;CASH-04;2026-08-15 12:34:30;SKU-002;2;12000;500;CARD
REC-20260815-STORE_01-0171;STORE_01;CASH-09;2026-08-15 17:01:51;SKU-004;3;25000;0;CARD
REC-20260815-STORE_01-0171;STORE_01;CASH-03;2026-08-15 17:01:51;SKU-006;3;45000;0;CASH
REC-20260815-STORE_01-0171;STORE_01;CASH-07;2026-08-15 17:01:51;SKU-001;3;45000;0;CARD
REC-20260815-STORE_01-0171;STORE_01;CASH-09;2026-08-15 17:01:51;SKU-018;1;5000;0;CASH
REC-20260815-STORE_01-0171;STORE_01;CASH-09;2026-08-15 17:01:51;SKU-002;2;12000;500;CARD
REC-20260815-STORE_01-0172;STORE_01;CASH-01;2026-08-15 17:22:19;SKU-001;3;45000;0;CARD
REC-20260815-STORE_01-0172;STORE_01;CASH-03;2026-08-15 17:22:19;SKU-004;1;25000;0;CASH
REC-20260815-STORE_01-0172;STORE_01;CASH-06;2026-08-15 17:22:19;SKU-001;3;45000;500;CARD
REC-20260815-STORE_01-0172;STORE_01;CASH-02;2026-08-15 17:22:19;SKU-024;2;12000;0;CASH
REC-20260815-STORE_01-0172;STORE_01;CASH-06;2026-08-15 17:22:19;SKU-005;2;5000;500;CASH
REC-20260815-STORE_01-0173;STORE_01;CASH-08;2026-08-15 12:16:00;SKU-001;4;45000;0;CASH
REC-20260815-STORE_01-0174;STORE_01;CASH-06;2026-08-15 13:55:58;SKU-015;4;5000;0;CASH
REC-20260815-STORE_01-0174;STORE_01;CASH-03;2026-08-15 13:55:58;SKU-004;4;25000;500;CASH
REC-20260815-STORE_01-0174;STORE_01;CASH-06;2026-08-15 13:55:58;SKU-042;4;5000;0;CARD
REC-20260815-STORE_01-0174;STORE_01;CASH-08;2026-08-15 13:55:58;SKU-002;2;12000;500;CASH
REC-20260815-STORE_01-0175;STORE_01;CASH-07;2026-08-15 8:22:22;SKU-008;2;12000;0;CARD
REC-20260815-STORE_01-0175;STORE_01;CASH-04;2026-08-15 8:22:22;SKU-001;2;45000;0;CARD
REC-20260815-STORE_01-0175;STORE_01;CASH-09;2026-08-15 8:22:22;SKU-001;1;45000;1000;CASH
REC-20260815-STORE_01-0175;STORE_01;CASH-04;2026-08-15 8:22:22;SKU-024;3;12000;0;CARD
REC-20260815-STORE_01-0176;STORE_01;CASH-10;2026-08-15 9:27:08;SKU-002;4;12000;0;CARD
REC-20260815-STORE_01-0177;STORE_01;CASH-10;2026-08-15 21:09:50;SKU-001;1;45000;1000;CASH
REC-20260815-STORE_01-0177;STORE_01;CASH-03;2026-08-15 21:09:50;SKU-021;2;5000;1000;CASH
REC-20260815-STORE_01-0177;STORE_01;CASH-01;2026-08-15 21:09:50;SKU-021;1;5000;1000;CARD
REC-20260815-STORE_01-0178;STORE_01;CASH-02;2026-08-15 14:02:12;SKU-006;1;45000;1000;CARD
REC-20260815-STORE_01-0178;STORE_01;CASH-09;2026-08-15 14:02:12;SKU-004;2;25000;0;CARD
REC-20260815-STORE_01-0178;STORE_01;CASH-09;2026-08-15 14:02:12;SKU-001;1;45000;500;CARD
REC-20260815-STORE_01-0178;STORE_01;CASH-05;2026-08-15 14:02:12;SKU-002;2;12000;500;CASH
REC-20260815-STORE_01-0179;STORE_01;CASH-10;2026-08-15 16:44:02;SKU-023;3;45000;500;CARD
REC-20260815-STORE_01-0179;STORE_01;CASH-01;2026-08-15 16:44:02;SKU-012;1;45000;0;CASH
REC-20260815-STORE_01-0179;STORE_01;CASH-01;2026-08-15 16:44:02;SKU-003;1;45000;0;CARD
REC-20260815-STORE_01-0180;STORE_01;CASH-07;2026-08-15 20:24:35;SKU-012;2;45000;0;CASH
REC-20260815-STORE_01-0180;STORE_01;CASH-09;2026-08-15 20:24:35;SKU-007;3;12000;0;CASH
REC-20260815-STORE_01-0180;STORE_01;CASH-05;2026-08-15 20:24:35;SKU-032;4;25000;0;CASH
REC-20260815-STORE_01-0181;STORE_01;CASH-02;2026-08-15 20:24:01;SKU-004;1;25000;1000;CARD
REC-20260815-STORE_01-0181;STORE_01;CASH-04;2026-08-15 20:24:01;SKU-021;4;5000;500;CARD
REC-20260815-STORE_01-0181;STORE_01;CASH-05;2026-08-15 20:24:01;SKU-003;1;45000;0;CARD
REC-20260815-STORE_01-0182;STORE_01;CASH-09;2026-08-15 17:37:00;SKU-010;4;25000;0;CARD
REC-20260815-STORE_01-0182;STORE_01;CASH-02;2026-08-15 17:37:00;SKU-002;4;12000;0;CASH
REC-20260815-STORE_01-0182;STORE_01;CASH-07;2026-08-15 17:37:00;SKU-009;2;25000;1000;CASH
REC-20260815-STORE_01-0182;STORE_01;CASH-10;2026-08-15 17:37:00;SKU-001;3;45000;500;CARD
REC-20260815-STORE_01-0183;STORE_01;CASH-10;2026-08-15 10:08:32;SKU-001;4;45000;0;CARD
REC-20260815-STORE_01-0183;STORE_01;CASH-08;2026-08-15 10:08:32;SKU-002;4;12000;0;CARD
REC-20260815-STORE_01-0183;STORE_01;CASH-04;2026-08-15 10:08:32;SKU-001;1;45000;500;CARD
REC-20260815-STORE_01-0184;STORE_01;CASH-04;2026-08-15 8:52:52;SKU-021;2;5000;500;CARD
REC-20260815-STORE_01-0184;STORE_01;CASH-05;2026-08-15 8:52:52;SKU-002;1;12000;0;CASH
REC-20260815-STORE_01-0185;STORE_01;CASH-10;2026-08-15 12:53:03;SKU-006;3;45000;0;CARD
REC-20260815-STORE_01-0185;STORE_01;CASH-02;2026-08-15 12:53:03;SKU-001;4;45000;500;CASH
REC-20260815-STORE_01-0185;STORE_01;CASH-09;2026-08-15 12:53:03;SKU-011;3;5000;0;CARD
REC-20260815-STORE_01-0186;STORE_01;CASH-05;2026-08-15 17:47:34;SKU-001;4;45000;0;CARD
REC-20260815-STORE_01-0186;STORE_01;CASH-05;2026-08-15 17:47:34;SKU-046;2;25000;0;CASH
REC-20260815-STORE_01-0186;STORE_01;CASH-10;2026-08-15 17:47:34;SKU-001;4;45000;500;CARD
REC-20260815-STORE_01-0186;STORE_01;CASH-06;2026-08-15 17:47:34;SKU-016;2;25000;1000;CARD
REC-20260815-STORE_01-0186;STORE_01;CASH-10;2026-08-15 17:47:34;SKU-001;1;45000;500;CASH
REC-20260815-STORE_01-0187;STORE_01;CASH-06;2026-08-15 13:50:52;SKU-003;4;45000;500;CARD
REC-20260815-STORE_01-0188;STORE_01;CASH-06;2026-08-15 17:41:12;SKU-007;1;12000;0;CARD
REC-20260815-STORE_01-0188;STORE_01;CASH-10;2026-08-15 17:41:12;SKU-001;1;45000;0;CARD
REC-20260815-STORE_01-0188;STORE_01;CASH-07;2026-08-15 17:41:12;SKU-013;1;12000;0;CARD
REC-20260815-STORE_01-0188;STORE_01;CASH-03;2026-08-15 17:41:12;SKU-002;3;12000;0;CARD
REC-20260815-STORE_01-0188;STORE_01;CASH-08;2026-08-15 17:41:12;SKU-001;3;45000;0;CASH
REC-20260815-STORE_01-0189;STORE_01;CASH-04;2026-08-15 11:02:29;SKU-038;4;12000;0;CARD
REC-20260815-STORE_01-0189;STORE_01;CASH-10;2026-08-15 11:02:29;SKU-017;1;12000;500;CARD
REC-20260815-STORE_01-0189;STORE_01;CASH-05;2026-08-15 11:02:29;SKU-002;1;12000;0;CARD
REC-20260815-STORE_01-0190;STORE_01;CASH-06;2026-08-15 17:08:28;SKU-010;3;25000;1000;CARD
REC-20260815-STORE_01-0190;STORE_01;CASH-10;2026-08-15 17:08:28;SKU-014;2;5000;1000;CARD
REC-20260815-STORE_01-0191;STORE_01;CASH-09;2026-08-15 11:51:25;SKU-003;4;45000;500;CARD
REC-20260815-STORE_01-0191;STORE_01;CASH-04;2026-08-15 11:51:25;SKU-003;2;45000;500;CASH
REC-20260815-STORE_01-0192;STORE_01;CASH-06;2026-08-15 12:27:38;SKU-012;2;45000;0;CASH
REC-20260815-STORE_01-0193;STORE_01;CASH-05;2026-08-15 10:45:12;SKU-014;2;5000;0;CARD
REC-20260815-STORE_01-0194;STORE_01;CASH-09;2026-08-15 21:01:00;SKU-008;3;12000;500;CARD
REC-20260815-STORE_01-0195;STORE_01;CASH-09;2026-08-15 19:05:19;SKU-005;3;5000;500;CARD
REC-20260815-STORE_01-0195;STORE_01;CASH-02;2026-08-15 19:05:19;SKU-019;4;25000;0;CARD
REC-20260815-STORE_01-0195;STORE_01;CASH-06;2026-08-15 19:05:19;SKU-025;3;5000;0;CASH
REC-20260815-STORE_01-0195;STORE_01;CASH-05;2026-08-15 19:05:19;SKU-001;3;45000;0;CARD
REC-20260815-STORE_01-0196;STORE_01;CASH-06;2026-08-15 19:40:37;SKU-013;2;12000;0;CASH
REC-20260815-STORE_01-0196;STORE_01;CASH-01;2026-08-15 19:40:37;SKU-005;1;5000;0;CARD
REC-20260815-STORE_01-0197;STORE_01;CASH-09;2026-08-15 12:02:53;SKU-003;1;45000;0;CARD
REC-20260815-STORE_01-0197;STORE_01;CASH-02;2026-08-15 12:02:53;SKU-011;3;5000;0;CARD
REC-20260815-STORE_01-0197;STORE_01;CASH-05;2026-08-15 12:02:53;SKU-002;2;12000;0;CARD
REC-20260815-STORE_01-0197;STORE_01;CASH-08;2026-08-15 12:02:53;SKU-007;2;12000;0;CASH
REC-20260815-STORE_01-0198;STORE_01;CASH-08;2026-08-15 13:19:59;SKU-033;2;5000;1000;CARD
REC-20260815-STORE_01-0198;STORE_01;CASH-08;2026-08-15 13:19:59;SKU-004;1;25000;500;CARD
REC-20260815-STORE_01-0198;STORE_01;CASH-10;2026-08-15 13:19:59;SKU-003;1;45000;500;CARD
REC-20260815-STORE_01-0198;STORE_01;CASH-07;2026-08-15 13:19:59;SKU-008;1;12000;1000;CARD
REC-20260815-STORE_01-0198;STORE_01;CASH-05;2026-08-15 13:19:59;SKU-004;3;25000;500;CASH
REC-20260815-STORE_01-0199;STORE_01;CASH-05;2026-08-15 19:48:24;SKU-022;4;12000;0;CASH
REC-20260815-STORE_01-0199;STORE_01;CASH-04;2026-08-15 19:48:24;SKU-002;4;12000;1000;CARD
REC-20260815-STORE_01-0199;STORE_01;CASH-03;2026-08-15 19:48:24;SKU-004;4;25000;1000;CASH
REC-20260815-STORE_01-0200;STORE_01;CASH-09;2026-08-15 20:00:21;SKU-006;4;45000;0;CASH
REC-20260815-STORE_01-0200;STORE_01;CASH-02;2026-08-15 20:00:21;SKU-021;1;5000;0;CARD
REC-20260815-STORE_01-0201;STORE_01;CASH-03;2026-08-15 8:30:42;SKU-001;3;45000;0;CASH
REC-20260815-STORE_01-0201;STORE_01;CASH-02;2026-08-15 8:30:42;SKU-020;4;12000;1000;CASH
REC-20260815-STORE_01-0201;STORE_01;CASH-03;2026-08-15 8:30:42;SKU-003;4;45000;1000;CARD
REC-20260815-STORE_01-0202;STORE_01;CASH-10;2026-08-15 19:30:30;SKU-033;4;5000;0;CARD
REC-20260815-STORE_01-0202;STORE_01;CASH-05;2026-08-15 19:30:30;SKU-001;4;45000;500;CARD
REC-20260815-STORE_01-0202;STORE_01;CASH-08;2026-08-15 19:30:30;SKU-008;4;12000;0;CASH
REC-20260815-STORE_01-0203;STORE_01;CASH-03;2026-08-15 19:35:18;SKU-001;2;45000;0;CARD
REC-20260815-STORE_01-0203;STORE_01;CASH-10;2026-08-15 19:35:18;SKU-044;1;5000;0;CARD
REC-20260815-STORE_01-0203;STORE_01;CASH-07;2026-08-15 19:35:18;SKU-008;1;12000;0;CARD
REC-20260815-STORE_01-0203;STORE_01;CASH-05;2026-08-15 19:35:18;SKU-002;1;12000;0;CARD
REC-20260815-STORE_01-0204;STORE_01;CASH-07;2026-08-15 11:56:35;SKU-029;4;5000;500;CARD
REC-20260815-STORE_01-0204;STORE_01;CASH-08;2026-08-15 11:56:35;SKU-021;1;5000;0;CARD
REC-20260815-STORE_01-0205;STORE_01;CASH-07;2026-08-15 15:08:10;SKU-005;1;5000;0;CARD
REC-20260815-STORE_01-0205;STORE_01;CASH-06;2026-08-15 15:08:10;SKU-042;4;5000;0;CASH
REC-20260815-STORE_01-0205;STORE_01;CASH-02;2026-08-15 15:08:10;SKU-003;1;45000;500;CASH
REC-20260815-STORE_01-0205;STORE_01;CASH-04;2026-08-15 15:08:10;SKU-020;3;12000;0;CARD
REC-20260815-STORE_01-0206;STORE_01;CASH-06;2026-08-15 16:38:27;SKU-016;1;25000;0;CASH
REC-20260815-STORE_01-0206;STORE_01;CASH-01;2026-08-15 16:38:27;SKU-002;3;12000;1000;CARD
REC-20260815-STORE_01-0206;STORE_01;CASH-10;2026-08-15 16:38:27;SKU-027;3;5000;500;CARD
REC-20260815-STORE_01-0206;STORE_01;CASH-02;2026-08-15 16:38:27;SKU-005;2;5000;500;CARD
REC-20260815-STORE_01-0207;STORE_01;CASH-06;2026-08-15 16:59:08;SKU-003;2;45000;0;CASH
REC-20260815-STORE_01-0207;STORE_01;CASH-09;2026-08-15 16:59:08;SKU-003;4;45000;0;CARD
REC-20260815-STORE_01-0208;STORE_01;CASH-08;2026-08-15 8:15:04;SKU-001;1;45000;0;CARD
REC-20260815-STORE_01-0208;STORE_01;CASH-07;2026-08-15 8:15:04;SKU-005;2;5000;500;CARD
REC-20260815-STORE_01-0209;STORE_01;CASH-07;2026-08-15 11:53:26;SKU-001;1;45000;500;CARD
REC-20260815-STORE_01-0209;STORE_01;CASH-06;2026-08-15 11:53:26;SKU-018;3;5000;0;CARD
REC-20260815-STORE_01-0209;STORE_01;CASH-05;2026-08-15 11:53:26;SKU-002;2;12000;500;CARD
REC-20260815-STORE_01-0209;STORE_01;CASH-10;2026-08-15 11:53:26;SKU-001;1;45000;0;CARD
REC-20260815-STORE_01-0210;STORE_01;CASH-06;2026-08-15 13:21:29;SKU-002;2;12000;0;CASH
REC-20260815-STORE_01-0210;STORE_01;CASH-06;2026-08-15 13:21:29;SKU-013;1;12000;0;CARD
REC-20260815-STORE_01-0210;STORE_01;CASH-08;2026-08-15 13:21:29;SKU-033;2;5000;0;CASH
REC-20260815-STORE_01-0210;STORE_01;CASH-07;2026-08-15 13:21:29;SKU-002;2;12000;0;CARD
REC-20260815-STORE_01-0211;STORE_01;CASH-02;2026-08-15 12:36:05;SKU-007;4;12000;0;CASH
REC-20260815-STORE_01-0211;STORE_01;CASH-01;2026-08-15 12:36:05;SKU-044;4;5000;1000;CARD
REC-20260815-STORE_01-0211;STORE_01;CASH-04;2026-08-15 12:36:05;SKU-005;4;5000;1000;CASH
REC-20260815-STORE_01-0211;STORE_01;CASH-06;2026-08-15 12:36:05;SKU-001;3;45000;0;CASH
REC-20260815-STORE_01-0211;STORE_01;CASH-07;2026-08-15 12:36:05;SKU-001;2;45000;1000;CARD
REC-20260815-STORE_01-0212;STORE_01;CASH-09;2026-08-15 14:37:06;SKU-003;2;45000;0;CARD
REC-20260815-STORE_01-0212;STORE_01;CASH-09;2026-08-15 14:37:06;SKU-001;1;45000;0;CARD
REC-20260815-STORE_01-0213;STORE_01;CASH-06;2026-08-15 15:15:21;SKU-015;4;5000;0;CARD
REC-20260815-STORE_01-0213;STORE_01;CASH-01;2026-08-15 15:15:21;SKU-001;2;45000;0;CARD
REC-20260815-STORE_01-0213;STORE_01;CASH-10;2026-08-15 15:15:21;SKU-048;3;25000;500;CARD
REC-20260815-STORE_01-0213;STORE_01;CASH-10;2026-08-15 15:15:21;SKU-010;2;25000;0;CASH
REC-20260815-STORE_01-0214;STORE_01;CASH-05;2026-08-15 14:58:31;SKU-032;2;25000;0;CASH
REC-20260815-STORE_01-0214;STORE_01;CASH-01;2026-08-15 14:58:31;SKU-039;1;5000;500;CARD
REC-20260815-STORE_01-0215;STORE_01;CASH-04;2026-08-15 18:04:23;SKU-002;4;12000;500;CARD
REC-20260815-STORE_01-0216;STORE_01;CASH-07;2026-08-15 19:18:17;SKU-013;3;12000;0;CARD
REC-20260815-STORE_01-0217;STORE_01;CASH-09;2026-08-15 11:44:24;SKU-029;2;5000;1000;CARD
REC-20260815-STORE_01-0217;STORE_01;CASH-02;2026-08-15 11:44:24;SKU-003;2;45000;0;CARD
REC-20260815-STORE_01-0217;STORE_01;CASH-08;2026-08-15 11:44:24;SKU-001;3;45000;0;CARD
REC-20260815-STORE_01-0217;STORE_01;CASH-07;2026-08-15 11:44:24;SKU-008;4;12000;0;CARD
REC-20260815-STORE_01-0217;STORE_01;CASH-01;2026-08-15 11:44:24;SKU-002;1;12000;0;CASH
REC-20260815-STORE_01-0218;STORE_01;CASH-10;2026-08-15 15:22:24;SKU-001;1;45000;0;CASH
REC-20260815-STORE_01-0218;STORE_01;CASH-02;2026-08-15 15:22:24;SKU-012;4;45000;500;CASH
REC-20260815-STORE_01-0218;STORE_01;CASH-10;2026-08-15 15:22:24;SKU-002;2;12000;0;CARD
REC-20260815-STORE_01-0218;STORE_01;CASH-10;2026-08-15 15:22:24;SKU-004;1;25000;0;CARD
REC-20260815-STORE_01-0218;STORE_01;CASH-10;2026-08-15 15:22:24;SKU-010;3;25000;500;CARD
REC-20260815-STORE_01-0219;STORE_01;CASH-01;2026-08-15 17:14:55;SKU-022;2;12000;0;CARD
REC-20260815-STORE_01-0219;STORE_01;CASH-07;2026-08-15 17:14:55;SKU-001;2;45000;1000;CARD
REC-20260815-STORE_01-0219;STORE_01;CASH-01;2026-08-15 17:14:55;SKU-020;1;12000;0;CASH
REC-20260815-STORE_01-0220;STORE_01;CASH-09;2026-08-15 19:42:43;SKU-003;3;45000;0;CASH
REC-20260815-STORE_01-0220;STORE_01;CASH-06;2026-08-15 19:42:43;SKU-015;3;5000;0;CARD
REC-20260815-STORE_01-0221;STORE_01;CASH-03;2026-08-15 11:11:42;SKU-002;4;12000;500;CASH
REC-20260815-STORE_01-0221;STORE_01;CASH-05;2026-08-15 11:11:42;SKU-015;2;5000;0;CASH
REC-20260815-STORE_01-0221;STORE_01;CASH-04;2026-08-15 11:11:42;SKU-024;2;12000;0;CARD
REC-20260815-STORE_01-0221;STORE_01;CASH-03;2026-08-15 11:11:42;SKU-003;4;45000;0;CASH
REC-20260815-STORE_01-0222;STORE_01;CASH-07;2026-08-15 16:19:08;SKU-013;3;12000;0;CASH
REC-20260815-STORE_01-0222;STORE_01;CASH-05;2026-08-15 16:19:08;SKU-001;4;45000;0;CARD
REC-20260815-STORE_01-0222;STORE_01;CASH-05;2026-08-15 16:19:08;SKU-019;1;25000;0;CARD
REC-20260815-STORE_01-0223;STORE_01;CASH-09;2026-08-15 9:58:08;SKU-010;2;25000;0;CASH
REC-20260815-STORE_01-0223;STORE_01;CASH-06;2026-08-15 9:58:08;SKU-012;4;45000;0;CARD
REC-20260815-STORE_01-0224;STORE_01;CASH-08;2026-08-15 17:19:26;SKU-002;3;12000;500;CASH
REC-20260815-STORE_01-0224;STORE_01;CASH-10;2026-08-15 17:19:26;SKU-034;2;25000;1000;CARD
REC-20260815-STORE_01-0224;STORE_01;CASH-05;2026-08-15 17:19:26;SKU-014;1;5000;0;CASH
REC-20260815-STORE_01-0225;STORE_01;CASH-05;2026-08-15 21:32:07;SKU-004;2;25000;0;CARD
REC-20260815-STORE_01-0226;STORE_01;CASH-04;2026-08-15 12:17:27;SKU-002;1;12000;500;CARD
REC-20260815-STORE_01-0226;STORE_01;CASH-04;2026-08-15 12:17:27;SKU-001;1;45000;500;CARD
REC-20260815-STORE_01-0226;STORE_01;CASH-07;2026-08-15 12:17:27;SKU-020;1;12000;1000;CASH
REC-20260815-STORE_01-0226;STORE_01;CASH-03;2026-08-15 12:17:27;SKU-001;1;45000;0;CASH
REC-20260815-STORE_01-0227;STORE_01;CASH-09;2026-08-15 17:21:19;SKU-003;1;45000;0;CASH
REC-20260815-STORE_01-0227;STORE_01;CASH-10;2026-08-15 17:21:19;SKU-002;1;12000;0;CASH
REC-20260815-STORE_01-0228;STORE_01;CASH-06;2026-08-15 15:39:18;SKU-001;1;45000;1000;CARD
REC-20260815-STORE_01-0228;STORE_01;CASH-06;2026-08-15 15:39:18;SKU-009;3;25000;0;CARD
REC-20260815-STORE_01-0228;STORE_01;CASH-02;2026-08-15 15:39:18;SKU-002;3;12000;0;CASH
REC-20260815-STORE_01-0228;STORE_01;CASH-05;2026-08-15 15:39:18;SKU-001;3;45000;0;CASH
REC-20260815-STORE_01-0229;STORE_01;CASH-09;2026-08-15 9:17:39;SKU-008;4;12000;0;CARD
REC-20260815-STORE_01-0230;STORE_01;CASH-02;2026-08-15 16:14:01;SKU-049;4;5000;500;CASH
REC-20260815-STORE_01-0231;STORE_01;CASH-06;2026-08-15 12:49:35;SKU-001;2;45000;1000;CARD
REC-20260815-STORE_01-0231;STORE_01;CASH-09;2026-08-15 12:49:35;SKU-023;4;45000;1000;CASH
REC-20260815-STORE_01-0231;STORE_01;CASH-09;2026-08-15 12:49:35;SKU-001;1;45000;0;CARD
REC-20260815-STORE_01-0232;STORE_01;CASH-09;2026-08-15 11:54:05;SKU-007;1;12000;0;CARD
REC-20260815-STORE_01-0232;STORE_01;CASH-04;2026-08-15 11:54:05;SKU-047;2;5000;500;CASH
REC-20260815-STORE_01-0232;STORE_01;CASH-03;2026-08-15 11:54:05;SKU-036;1;45000;0;CARD
REC-20260815-STORE_01-0233;STORE_01;CASH-03;2026-08-15 20:49:16;SKU-028;4;5000;0;CARD
REC-20260815-STORE_01-0234;STORE_01;CASH-01;2026-08-15 9:54:00;SKU-018;3;5000;0;CARD
REC-20260815-STORE_01-0235;STORE_01;CASH-04;2026-08-15 17:24:00;SKU-003;1;45000;0;CASH
REC-20260815-STORE_01-0235;STORE_01;CASH-05;2026-08-15 17:24:00;SKU-014;4;5000;0;CASH
REC-20260815-STORE_01-0235;STORE_01;CASH-01;2026-08-15 17:24:00;SKU-009;4;25000;500;CASH
REC-20260815-STORE_01-0236;STORE_01;CASH-10;2026-08-15 12:34:03;SKU-001;1;45000;0;CASH
REC-20260815-STORE_01-0236;STORE_01;CASH-02;2026-08-15 12:34:03;SKU-001;2;45000;1000;CARD
REC-20260815-STORE_01-0236;STORE_01;CASH-08;2026-08-15 12:34:03;SKU-001;3;45000;0;CARD
REC-20260815-STORE_01-0236;STORE_01;CASH-06;2026-08-15 12:34:03;SKU-001;2;45000;1000;CARD
REC-20260815-STORE_01-0237;STORE_01;CASH-02;2026-08-15 9:17:51;SKU-012;1;45000;0;CASH
REC-20260815-STORE_01-0237;STORE_01;CASH-02;2026-08-15 9:17:51;SKU-036;4;45000;0;CARD
REC-20260815-STORE_01-0238;STORE_01;CASH-10;2026-08-15 17:51:52;SKU-007;4;12000;0;CASH
REC-20260815-STORE_01-0238;STORE_01;CASH-01;2026-08-15 17:51:52;SKU-044;1;5000;0;CASH
REC-20260815-STORE_01-0238;STORE_01;CASH-10;2026-08-15 17:51:52;SKU-027;1;5000;0;CASH
REC-20260815-STORE_01-0238;STORE_01;CASH-07;2026-08-15 17:51:52;SKU-001;2;45000;1000;CARD
REC-20260815-STORE_01-0238;STORE_01;CASH-02;2026-08-15 17:51:52;SKU-001;3;45000;0;CARD
REC-20260815-STORE_01-0239;STORE_01;CASH-04;2026-08-15 21:19:56;SKU-001;4;45000;500;CARD
REC-20260815-STORE_01-0239;STORE_01;CASH-03;2026-08-15 21:19:56;SKU-038;1;12000;0;CARD
REC-20260815-STORE_01-0239;STORE_01;CASH-02;2026-08-15 21:19:56;SKU-002;3;12000;0;CARD
REC-20260815-STORE_01-0239;STORE_01;CASH-07;2026-08-15 21:19:56;SKU-004;3;25000;500;CARD
REC-20260815-STORE_01-0240;STORE_01;CASH-02;2026-08-15 13:13:15;SKU-020;4;12000;0;CASH
REC-20260815-STORE_01-0240;STORE_01;CASH-10;2026-08-15 13:13:15;SKU-001;2;45000;0;CASH
REC-20260815-STORE_01-0240;STORE_01;CASH-02;2026-08-15 13:13:15;SKU-002;3;12000;0;CASH
REC-20260815-STORE_01-0241;STORE_01;CASH-03;2026-08-15 16:21:49;SKU-037;3;45000;1000;CARD
REC-20260815-STORE_01-0241;STORE_01;CASH-01;2026-08-15 16:21:49;SKU-001;3;45000;500;CARD
REC-20260815-STORE_01-0241;STORE_01;CASH-02;2026-08-15 16:21:49;SKU-007;4;12000;0;CARD
REC-20260815-STORE_01-0242;STORE_01;CASH-07;2026-08-15 12:39:01;SKU-032;2;25000;0;CARD
REC-20260815-STORE_01-0242;STORE_01;CASH-05;2026-08-15 12:39:01;SKU-009;1;25000;1000;CARD
REC-20260815-STORE_01-0242;STORE_01;CASH-05;2026-08-15 12:39:01;SKU-012;4;45000;0;CARD
REC-20260815-STORE_01-0242;STORE_01;CASH-06;2026-08-15 12:39:01;SKU-031;4;45000;0;CASH
REC-20260815-STORE_01-0243;STORE_01;CASH-03;2026-08-15 16:00:56;SKU-001;2;45000;0;CARD
REC-20260815-STORE_01-0244;STORE_01;CASH-09;2026-08-15 21:23:40;SKU-016;2;25000;0;CARD
REC-20260815-STORE_01-0244;STORE_01;CASH-04;2026-08-15 21:23:40;SKU-017;4;12000;1000;CARD
REC-20260815-STORE_01-0244;STORE_01;CASH-06;2026-08-15 21:23:40;SKU-001;1;45000;0;CARD
REC-20260815-STORE_01-0245;STORE_01;CASH-03;2026-08-15 10:01:38;SKU-001;1;45000;0;CASH
REC-20260815-STORE_01-0245;STORE_01;CASH-08;2026-08-15 10:01:38;SKU-039;4;5000;1000;CARD
REC-20260815-STORE_01-0245;STORE_01;CASH-01;2026-08-15 10:01:38;SKU-001;3;45000;500;CARD
REC-20260815-STORE_01-0245;STORE_01;CASH-08;2026-08-15 10:01:38;SKU-016;1;25000;0;CARD
REC-20260815-STORE_01-0246;STORE_01;CASH-05;2026-08-15 8:47:45;SKU-001;4;45000;0;CARD
REC-20260815-STORE_01-0246;STORE_01;CASH-08;2026-08-15 8:47:45;SKU-020;3;12000;1000;CASH
REC-20260815-STORE_01-0246;STORE_01;CASH-01;2026-08-15 8:47:45;SKU-004;1;25000;1000;CASH
REC-20260815-STORE_01-0246;STORE_01;CASH-01;2026-08-15 8:47:45;SKU-030;3;45000;0;CASH
REC-20260815-STORE_01-0247;STORE_01;CASH-09;2026-08-15 11:45:33;SKU-008;2;12000;0;CASH
REC-20260815-STORE_01-0247;STORE_01;CASH-06;2026-08-15 11:45:33;SKU-005;2;5000;500;CASH
REC-20260815-STORE_01-0247;STORE_01;CASH-03;2026-08-15 11:45:33;SKU-019;4;25000;500;CARD
REC-20260815-STORE_01-0247;STORE_01;CASH-02;2026-08-15 11:45:33;SKU-005;4;5000;0;CARD
REC-20260815-STORE_01-0248;STORE_01;CASH-03;2026-08-15 19:58:40;SKU-001;4;45000;0;CASH
REC-20260815-STORE_01-0248;STORE_01;CASH-01;2026-08-15 19:58:40;SKU-028;3;5000;0;CASH
REC-20260815-STORE_01-0248;STORE_01;CASH-06;2026-08-15 19:58:40;SKU-006;3;45000;0;CARD
REC-20260815-STORE_01-0249;STORE_01;CASH-10;2026-08-15 13:57:29;SKU-004;1;25000;0;CASH
REC-20260815-STORE_01-0249;STORE_01;CASH-01;2026-08-15 13:57:29;SKU-003;3;45000;0;CARD
REC-20260815-STORE_01-0249;STORE_01;CASH-08;2026-08-15 13:57:29;SKU-007;4;12000;0;CASH
REC-20260815-STORE_01-0249;STORE_01;CASH-06;2026-08-15 13:57:29;SKU-001;3;45000;0;CARD
REC-20260815-STORE_01-0249;STORE_01;CASH-05;2026-08-15 13:57:29;SKU-007;2;12000;0;CARD
REC-20260815-STORE_01-0250;STORE_01;CASH-02;2026-08-15 13:52:37;SKU-002;3;12000;0;CARD
REC-20260815-STORE_01-0251;STORE_01;CASH-03;2026-08-15 10:13:22;SKU-011;3;5000;0;CARD
REC-20260815-STORE_01-0251;STORE_01;CASH-10;2026-08-15 10:13:22;SKU-007;1;12000;0;CARD
REC-20260815-STORE_01-0252;STORE_01;CASH-03;2026-08-15 19:59:04;SKU-002;1;12000;500;CARD
REC-20260815-STORE_01-0253;STORE_01;CASH-03;2026-08-15 8:18:54;SKU-003;2;45000;1000;CASH
REC-20260815-STORE_01-0253;STORE_01;CASH-09;2026-08-15 8:18:54;SKU-013;4;12000;1000;CARD
REC-20260815-STORE_01-0253;STORE_01;CASH-04;2026-08-15 8:18:54;SKU-002;1;12000;0;CARD
REC-20260815-STORE_01-0253;STORE_01;CASH-02;2026-08-15 8:18:54;SKU-006;1;45000;0;CARD
REC-20260815-STORE_01-0254;STORE_01;CASH-03;2026-08-15 15:17:33;SKU-001;1;45000;0;CARD
REC-20260815-STORE_01-0254;STORE_01;CASH-08;2026-08-15 15:17:33;SKU-001;1;45000;0;CASH
REC-20260815-STORE_01-0255;STORE_01;CASH-01;2026-08-15 18:29:29;SKU-006;2;45000;0;CARD
REC-20260815-STORE_01-0255;STORE_01;CASH-08;2026-08-15 18:29:29;SKU-009;4;25000;0;CARD
REC-20260815-STORE_01-0255;STORE_01;CASH-09;2026-08-15 18:29:29;SKU-002;1;12000;0;CASH
REC-20260815-STORE_01-0255;STORE_01;CASH-06;2026-08-15 18:29:29;SKU-001;2;45000;0;CASH
REC-20260815-STORE_01-0256;STORE_01;CASH-01;2026-08-15 21:51:47;SKU-015;1;5000;0;CASH
REC-20260815-STORE_01-0256;STORE_01;CASH-08;2026-08-15 21:51:47;SKU-014;3;5000;500;CASH
REC-20260815-STORE_01-0256;STORE_01;CASH-06;2026-08-15 21:51:47;SKU-006;2;45000;0;CARD
REC-20260815-STORE_01-0257;STORE_01;CASH-09;2026-08-15 11:19:42;SKU-003;1;45000;0;CARD
REC-20260815-STORE_01-0258;STORE_01;CASH-09;2026-08-15 10:05:05;SKU-032;4;25000;0;CARD
REC-20260815-STORE_01-0258;STORE_01;CASH-07;2026-08-15 10:05:05;SKU-003;3;45000;500;CASH
REC-20260815-STORE_01-0259;STORE_01;CASH-07;2026-08-15 15:30:45;SKU-001;1;45000;0;CASH
REC-20260815-STORE_01-0259;STORE_01;CASH-02;2026-08-15 15:30:45;SKU-005;1;5000;500;CASH
REC-20260815-STORE_01-0259;STORE_01;CASH-09;2026-08-15 15:30:45;SKU-024;2;12000;1000;CARD
REC-20260815-STORE_01-0259;STORE_01;CASH-06;2026-08-15 15:30:45;SKU-004;2;25000;1000;CARD
REC-20260815-STORE_01-0259;STORE_01;CASH-10;2026-08-15 15:30:45;SKU-015;1;5000;0;CARD
REC-20260815-STORE_01-0260;STORE_01;CASH-01;2026-08-15 19:36:09;SKU-003;3;45000;0;CASH
REC-20260815-STORE_01-0260;STORE_01;CASH-03;2026-08-15 19:36:09;SKU-001;1;45000;1000;CARD
REC-20260815-STORE_01-0260;STORE_01;CASH-08;2026-08-15 19:36:09;SKU-001;3;45000;0;CARD
REC-20260815-STORE_01-0260;STORE_01;CASH-10;2026-08-15 19:36:09;SKU-002;3;12000;0;CARD
REC-20260815-STORE_01-0260;STORE_01;CASH-07;2026-08-15 19:36:09;SKU-001;1;45000;500;CARD
REC-20260815-STORE_01-0261;STORE_01;CASH-04;2026-08-15 17:45:55;SKU-036;1;45000;0;CARD
REC-20260815-STORE_01-0261;STORE_01;CASH-07;2026-08-15 17:45:55;SKU-001;3;45000;0;CASH
REC-20260815-STORE_01-0261;STORE_01;CASH-09;2026-08-15 17:45:55;SKU-003;4;45000;0;CARD
REC-20260815-STORE_01-0261;STORE_01;CASH-10;2026-08-15 17:45:55;SKU-002;4;12000;0;CARD
REC-20260815-STORE_01-0262;STORE_01;CASH-01;2026-08-15 13:42:48;SKU-019;1;25000;1000;CARD
REC-20260815-STORE_01-0262;STORE_01;CASH-02;2026-08-15 13:42:48;SKU-011;1;5000;1000;CARD
REC-20260815-STORE_01-0263;STORE_01;CASH-06;2026-08-15 21:19:15;SKU-002;4;12000;0;CASH
REC-20260815-STORE_01-0263;STORE_01;CASH-10;2026-08-15 21:19:15;SKU-003;2;45000;0;CASH
REC-20260815-STORE_01-0263;STORE_01;CASH-08;2026-08-15 21:19:15;SKU-034;3;25000;1000;CARD
REC-20260815-STORE_01-0263;STORE_01;CASH-09;2026-08-15 21:19:15;SKU-043;4;25000;1000;CARD
REC-20260815-STORE_01-0264;STORE_01;CASH-06;2026-08-15 12:21:00;SKU-011;1;5000;1000;CASH
REC-20260815-STORE_01-0264;STORE_01;CASH-04;2026-08-15 12:21:00;SKU-002;4;12000;1000;CARD
REC-20260815-STORE_01-0264;STORE_01;CASH-04;2026-08-15 12:21:00;SKU-013;4;12000;0;CARD
REC-20260815-STORE_01-0264;STORE_01;CASH-10;2026-08-15 12:21:00;SKU-019;3;25000;0;CASH
REC-20260815-STORE_01-0264;STORE_01;CASH-10;2026-08-15 12:21:00;SKU-018;4;5000;0;CASH
REC-20260815-STORE_01-0265;STORE_01;CASH-08;2026-08-15 11:41:36;SKU-001;1;45000;500;CARD
REC-20260815-STORE_01-0265;STORE_01;CASH-09;2026-08-15 11:41:36;SKU-001;1;45000;1000;CASH
REC-20260815-STORE_01-0265;STORE_01;CASH-05;2026-08-15 11:41:36;SKU-007;3;12000;0;CARD
REC-20260815-STORE_01-0265;STORE_01;CASH-03;2026-08-15 11:41:36;SKU-002;4;12000;500;CASH
REC-20260815-STORE_01-0265;STORE_01;CASH-05;2026-08-15 11:41:36;SKU-001;4;45000;500;CASH
REC-20260815-STORE_01-0266;STORE_01;CASH-08;2026-08-15 12:39:44;SKU-001;1;45000;1000;CASH
REC-20260815-STORE_01-0266;STORE_01;CASH-09;2026-08-15 12:39:44;SKU-013;2;12000;500;CARD
REC-20260815-STORE_01-0267;STORE_01;CASH-05;2026-08-15 16:25:47;SKU-013;2;12000;500;CARD
REC-20260815-STORE_01-0267;STORE_01;CASH-04;2026-08-15 16:25:47;SKU-009;3;25000;0;CASH
REC-20260815-STORE_01-0267;STORE_01;CASH-04;2026-08-15 16:25:47;SKU-004;2;25000;0;CASH
REC-20260815-STORE_01-0267;STORE_01;CASH-09;2026-08-15 16:25:47;SKU-001;3;45000;500;CARD
REC-20260815-STORE_01-0267;STORE_01;CASH-10;2026-08-15 16:25:47;SKU-001;1;45000;0;CARD
REC-20260815-STORE_01-0268;STORE_01;CASH-06;2026-08-15 13:36:27;SKU-001;1;45000;0;CARD
REC-20260815-STORE_01-0268;STORE_01;CASH-10;2026-08-15 13:36:27;SKU-001;1;45000;1000;CASH
REC-20260815-STORE_01-0268;STORE_01;CASH-07;2026-08-15 13:36:27;SKU-034;2;25000;0;CARD
REC-20260815-STORE_01-0268;STORE_01;CASH-02;2026-08-15 13:36:27;SKU-003;1;45000;0;CARD
REC-20260815-STORE_01-0269;STORE_01;CASH-09;2026-08-15 11:53:33;SKU-001;1;45000;0;CARD
REC-20260815-STORE_01-0269;STORE_01;CASH-02;2026-08-15 11:53:33;SKU-007;3;12000;1000;CARD
REC-20260815-STORE_01-0270;STORE_01;CASH-09;2026-08-15 21:50:02;SKU-001;4;45000;0;CASH
REC-20260815-STORE_01-0270;STORE_01;CASH-01;2026-08-15 21:50:02;SKU-005;4;5000;0;CARD
REC-20260815-STORE_01-0270;STORE_01;CASH-09;2026-08-15 21:50:02;SKU-027;3;5000;0;CARD
REC-20260815-STORE_01-0270;STORE_01;CASH-03;2026-08-15 21:50:02;SKU-012;3;45000;0;CARD
REC-20260815-STORE_01-0270;STORE_01;CASH-09;2026-08-15 21:50:02;SKU-005;3;5000;0;CARD
REC-20260815-STORE_01-0271;STORE_01;CASH-03;2026-08-15 10:55:13;SKU-026;4;12000;0;CARD
REC-20260815-STORE_01-0271;STORE_01;CASH-08;2026-08-15 10:55:13;SKU-036;1;45000;0;CARD
REC-20260815-STORE_01-0271;STORE_01;CASH-10;2026-08-15 10:55:13;SKU-001;4;45000;0;CASH
REC-20260815-STORE_01-0272;STORE_01;CASH-07;2026-08-15 19:39:32;SKU-008;1;12000;500;CASH
REC-20260815-STORE_01-0272;STORE_01;CASH-06;2026-08-15 19:39:32;SKU-019;4;25000;500;CARD
REC-20260815-STORE_01-0273;STORE_01;CASH-09;2026-08-15 9:58:36;SKU-013;4;12000;0;CARD
REC-20260815-STORE_01-0274;STORE_01;CASH-08;2026-08-15 9:49:20;SKU-012;4;45000;0;CARD
REC-20260815-STORE_01-0274;STORE_01;CASH-01;2026-08-15 9:49:20;SKU-003;4;45000;0;CARD
REC-20260815-STORE_01-0274;STORE_01;CASH-05;2026-08-15 9:49:20;SKU-035;4;5000;0;CASH
REC-20260815-STORE_01-0275;STORE_01;CASH-01;2026-08-15 15:17:42;SKU-013;3;12000;0;CARD
REC-20260815-STORE_01-0275;STORE_01;CASH-05;2026-08-15 15:17:42;SKU-001;2;45000;0;CARD
REC-20260815-STORE_01-0275;STORE_01;CASH-10;2026-08-15 15:17:42;SKU-006;3;45000;1000;CARD
REC-20260815-STORE_01-0275;STORE_01;CASH-01;2026-08-15 15:17:42;SKU-001;1;45000;0;CASH
REC-20260815-STORE_01-0276;STORE_01;CASH-07;2026-08-15 11:20:28;SKU-009;2;25000;0;CASH
REC-20260815-STORE_01-0276;STORE_01;CASH-02;2026-08-15 11:20:28;SKU-002;1;12000;0;CASH
REC-20260815-STORE_01-0276;STORE_01;CASH-01;2026-08-15 11:20:28;SKU-039;3;5000;0;CARD
REC-20260815-STORE_01-0276;STORE_01;CASH-04;2026-08-15 11:20:28;SKU-002;3;12000;500;CARD
REC-20260815-STORE_01-0277;STORE_01;CASH-02;2026-08-15 8:01:58;SKU-005;3;5000;500;CARD
REC-20260815-STORE_01-0278;STORE_01;CASH-05;2026-08-15 11:55:52;SKU-002;2;12000;500;CARD
REC-20260815-STORE_01-0278;STORE_01;CASH-08;2026-08-15 11:55:52;SKU-012;4;45000;0;CASH
REC-20260815-STORE_01-0278;STORE_01;CASH-04;2026-08-15 11:55:52;SKU-002;3;12000;0;CARD
REC-20260815-STORE_01-0278;STORE_01;CASH-01;2026-08-15 11:55:52;SKU-002;3;12000;0;CARD
REC-20260815-STORE_01-0278;STORE_01;CASH-01;2026-08-15 11:55:52;SKU-003;1;45000;0;CARD
REC-20260815-STORE_01-0279;STORE_01;CASH-03;2026-08-15 9:29:48;SKU-002;1;12000;0;CARD
REC-20260815-STORE_01-0279;STORE_01;CASH-10;2026-08-15 9:29:48;SKU-010;3;25000;500;CARD
REC-20260815-STORE_01-0279;STORE_01;CASH-08;2026-08-15 9:29:48;SKU-037;2;45000;0;CASH
REC-20260815-STORE_01-0280;STORE_01;CASH-07;2026-08-15 15:25:11;SKU-001;1;45000;0;CASH
REC-20260815-STORE_01-0280;STORE_01;CASH-08;2026-08-15 15:25:11;SKU-008;2;12000;1000;CARD
REC-20260815-STORE_01-0281;STORE_01;CASH-02;2026-08-15 10:25:00;SKU-017;3;12000;0;CARD
REC-20260815-STORE_01-0281;STORE_01;CASH-03;2026-08-15 10:25:00;SKU-003;1;45000;0;CARD
REC-20260815-STORE_01-0281;STORE_01;CASH-10;2026-08-15 10:25:00;SKU-004;2;25000;500;CASH
REC-20260815-STORE_01-0281;STORE_01;CASH-04;2026-08-15 10:25:00;SKU-013;4;12000;0;CARD
REC-20260815-STORE_01-0281;STORE_01;CASH-09;2026-08-15 10:25:00;SKU-004;1;25000;0;CARD
REC-20260815-STORE_01-0282;STORE_01;CASH-09;2026-08-15 12:06:59;SKU-012;2;45000;1000;CARD
REC-20260815-STORE_01-0282;STORE_01;CASH-08;2026-08-15 12:06:59;SKU-001;2;45000;0;CARD
REC-20260815-STORE_01-0282;STORE_01;CASH-04;2026-08-15 12:06:59;SKU-009;4;25000;1000;CARD
REC-20260815-STORE_01-0283;STORE_01;CASH-07;2026-08-15 16:27:29;SKU-001;2;45000;1000;CARD
REC-20260815-STORE_01-0283;STORE_01;CASH-03;2026-08-15 16:27:29;SKU-002;3;12000;1000;CASH
REC-20260815-STORE_01-0283;STORE_01;CASH-08;2026-08-15 16:27:29;SKU-001;3;45000;0;CASH
REC-20260815-STORE_01-0283;STORE_01;CASH-07;2026-08-15 16:27:29;SKU-009;2;25000;1000;CARD
REC-20260815-STORE_01-0283;STORE_01;CASH-01;2026-08-15 16:27:29;SKU-010;1;25000;0;CARD
REC-20260815-STORE_01-0284;STORE_01;CASH-03;2026-08-15 10:39:27;SKU-036;2;45000;0;CASH
REC-20260815-STORE_01-0284;STORE_01;CASH-09;2026-08-15 10:39:27;SKU-001;1;45000;1000;CASH
REC-20260815-STORE_01-0284;STORE_01;CASH-05;2026-08-15 10:39:27;SKU-008;4;12000;1000;CARD
REC-20260815-STORE_01-0284;STORE_01;CASH-05;2026-08-15 10:39:27;SKU-010;3;25000;500;CARD
REC-20260815-STORE_01-0284;STORE_01;CASH-04;2026-08-15 10:39:27;SKU-001;4;45000;0;CARD
REC-20260815-STORE_01-0285;STORE_01;CASH-06;2026-08-15 13:06:17;SKU-032;1;25000;0;CARD
REC-20260815-STORE_01-0285;STORE_01;CASH-08;2026-08-15 13:06:17;SKU-010;1;25000;1000;CARD
REC-20260815-STORE_01-0286;STORE_01;CASH-04;2026-08-15 12:29:07;SKU-005;2;5000;1000;CARD
REC-20260815-STORE_01-0286;STORE_01;CASH-07;2026-08-15 12:29:07;SKU-002;3;12000;0;CASH
REC-20260815-STORE_01-0287;STORE_01;CASH-09;2026-08-15 13:56:31;SKU-002;4;12000;0;CARD
REC-20260815-STORE_01-0287;STORE_01;CASH-10;2026-08-15 13:56:31;SKU-001;1;45000;0;CASH
REC-20260815-STORE_01-0288;STORE_01;CASH-10;2026-08-15 14:35:20;SKU-011;3;5000;0;CARD
REC-20260815-STORE_01-0288;STORE_01;CASH-06;2026-08-15 14:35:20;SKU-005;2;5000;0;CASH
REC-20260815-STORE_01-0288;STORE_01;CASH-04;2026-08-15 14:35:20;SKU-014;4;5000;0;CARD
REC-20260815-STORE_01-0288;STORE_01;CASH-02;2026-08-15 14:35:20;SKU-001;2;45000;0;CARD
REC-20260815-STORE_01-0289;STORE_01;CASH-04;2026-08-15 8:35:45;SKU-001;1;45000;1000;CASH
REC-20260815-STORE_01-0289;STORE_01;CASH-05;2026-08-15 8:35:45;SKU-002;2;12000;0;CARD
REC-20260815-STORE_01-0289;STORE_01;CASH-05;2026-08-15 8:35:45;SKU-001;3;45000;0;CASH
REC-20260815-STORE_01-0289;STORE_01;CASH-02;2026-08-15 8:35:45;SKU-001;1;45000;0;CARD
REC-20260815-STORE_01-0290;STORE_01;CASH-04;2026-08-15 8:27:47;SKU-015;1;5000;500;CASH
REC-20260815-STORE_01-0290;STORE_01;CASH-08;2026-08-15 8:27:47;SKU-015;2;5000;0;CARD
REC-20260815-STORE_01-0290;STORE_01;CASH-04;2026-08-15 8:27:47;SKU-015;4;5000;500;CARD
REC-20260815-STORE_01-0290;STORE_01;CASH-06;2026-08-15 8:27:47;SKU-027;2;5000;1000;CARD
REC-20260815-STORE_01-0290;STORE_01;CASH-04;2026-08-15 8:27:47;SKU-029;4;5000;0;CARD
REC-20260815-STORE_01-0291;STORE_01;CASH-03;2026-08-15 18:20:07;SKU-013;4;12000;0;CARD
REC-20260815-STORE_01-0291;STORE_01;CASH-09;2026-08-15 18:20:07;SKU-015;2;5000;1000;CARD
REC-20260815-STORE_01-0291;STORE_01;CASH-01;2026-08-15 18:20:07;SKU-003;3;45000;500;CASH
REC-20260815-STORE_01-0291;STORE_01;CASH-04;2026-08-15 18:20:07;SKU-010;2;25000;0;CARD
REC-20260815-STORE_01-0291;STORE_01;CASH-09;2026-08-15 18:20:07;SKU-046;3;25000;1000;CARD
REC-20260815-STORE_01-0292;STORE_01;CASH-08;2026-08-15 12:31:13;SKU-035;3;5000;0;CARD
REC-20260815-STORE_01-0292;STORE_01;CASH-03;2026-08-15 12:31:13;SKU-010;3;25000;0;CARD
REC-20260815-STORE_01-0292;STORE_01;CASH-08;2026-08-15 12:31:13;SKU-004;3;25000;0;CARD
REC-20260815-STORE_01-0292;STORE_01;CASH-10;2026-08-15 12:31:13;SKU-004;2;25000;0;CARD
REC-20260815-STORE_01-0293;STORE_01;CASH-05;2026-08-15 12:46:29;SKU-009;4;25000;500;CARD
REC-20260815-STORE_01-0293;STORE_01;CASH-06;2026-08-15 12:46:29;SKU-027;2;5000;0;CARD
REC-20260815-STORE_01-0294;STORE_01;CASH-05;2026-08-15 17:51:08;SKU-013;1;12000;0;CARD
REC-20260815-STORE_01-0294;STORE_01;CASH-07;2026-08-15 17:51:08;SKU-013;4;12000;0;CARD
REC-20260815-STORE_01-0295;STORE_01;CASH-04;2026-08-15 19:18:19;SKU-015;3;5000;0;CARD
REC-20260815-STORE_01-0295;STORE_01;CASH-07;2026-08-15 19:18:19;SKU-001;4;45000;0;CASH
REC-20260815-STORE_01-0296;STORE_01;CASH-05;2026-08-15 12:45:56;SKU-007;2;12000;500;CARD
REC-20260815-STORE_01-0296;STORE_01;CASH-06;2026-08-15 12:45:56;SKU-006;2;45000;0;CASH
REC-20260815-STORE_01-0297;STORE_01;CASH-01;2026-08-15 18:00:18;SKU-001;3;45000;0;CARD
REC-20260815-STORE_01-0297;STORE_01;CASH-09;2026-08-15 18:00:18;SKU-002;4;12000;0;CARD
REC-20260815-STORE_01-0297;STORE_01;CASH-10;2026-08-15 18:00:18;SKU-003;2;45000;0;CARD
REC-20260815-STORE_01-0298;STORE_01;CASH-03;2026-08-15 8:50:57;SKU-001;1;45000;0;CASH
REC-20260815-STORE_01-0298;STORE_01;CASH-01;2026-08-15 8:50:57;SKU-002;4;12000;1000;CARD
REC-20260815-STORE_01-0298;STORE_01;CASH-01;2026-08-15 8:50:57;SKU-002;4;12000;1000;CARD
REC-20260815-STORE_01-0299;STORE_01;CASH-03;2026-08-15 9:12:39;SKU-008;2;12000;500;CARD
REC-20260815-STORE_01-0299;STORE_01;CASH-10;2026-08-15 9:12:39;SKU-019;4;25000;0;CASH
REC-20260815-STORE_01-0299;STORE_01;CASH-06;2026-08-15 9:12:39;SKU-006;1;45000;500;CARD
REC-20260815-STORE_01-0299;STORE_01;CASH-05;2026-08-15 9:12:39;SKU-001;3;45000;0;CARD
REC-20260815-STORE_01-0300;STORE_01;CASH-08;2026-08-15 16:12:43;SKU-002;3;12000;0;CASH
REC-20260815-STORE_01-0300;STORE_01;CASH-04;2026-08-15 16:12:43;SKU-014;4;5000;1000;CARD
REC-20260815-STORE_01-0300;STORE_01;CASH-07;2026-08-15 16:12:43;SKU-003;4;45000;0;CARD
REC-20260815-STORE_01-0300;STORE_01;CASH-01;2026-08-15 16:12:43;SKU-004;1;25000;0;CARD
REC-20260815-STORE_01-0301;STORE_01;CASH-10;2026-08-15 15:44:38;SKU-001;4;45000;0;CARD
REC-20260815-STORE_01-0301;STORE_01;CASH-02;2026-08-15 15:44:38;SKU-031;3;45000;0;CASH
REC-20260815-STORE_01-0301;STORE_01;CASH-08;2026-08-15 15:44:38;SKU-001;4;45000;0;CASH
REC-20260815-STORE_01-0301;STORE_01;CASH-10;2026-08-15 15:44:38;SKU-002;3;12000;1000;CARD
REC-20260815-STORE_01-0302;STORE_01;CASH-08;2026-08-15 11:10:25;SKU-013;2;12000;1000;CASH
REC-20260815-STORE_01-0302;STORE_01;CASH-09;2026-08-15 11:10:25;SKU-004;4;25000;0;CASH
REC-20260815-STORE_01-0302;STORE_01;CASH-09;2026-08-15 11:10:25;SKU-001;2;45000;0;CASH
REC-20260815-STORE_01-0302;STORE_01;CASH-04;2026-08-15 11:10:25;SKU-003;3;45000;0;CARD
REC-20260815-STORE_01-0303;STORE_01;CASH-07;2026-08-15 13:52:25;SKU-046;4;25000;500;CASH
REC-20260815-STORE_01-0304;STORE_01;CASH-04;2026-08-15 15:25:58;SKU-007;2;12000;500;CARD
REC-20260815-STORE_01-0304;STORE_01;CASH-05;2026-08-15 15:25:58;SKU-001;2;45000;500;CARD
REC-20260815-STORE_01-0305;STORE_01;CASH-02;2026-08-15 16:09:35;SKU-017;1;12000;0;CARD
REC-20260815-STORE_01-0306;STORE_01;CASH-05;2026-08-15 18:28:34;SKU-003;3;45000;0;CARD
REC-20260815-STORE_01-0306;STORE_01;CASH-08;2026-08-15 18:28:34;SKU-014;1;5000;0;CARD
REC-20260815-STORE_01-0306;STORE_01;CASH-04;2026-08-15 18:28:34;SKU-004;2;25000;500;CASH
REC-20260815-STORE_01-0306;STORE_01;CASH-03;2026-08-15 18:28:34;SKU-002;3;12000;0;CARD
REC-20260815-STORE_01-0307;STORE_01;CASH-08;2026-08-15 9:47:42;SKU-032;4;25000;0;CARD
REC-20260815-STORE_01-0307;STORE_01;CASH-05;2026-08-15 9:47:42;SKU-001;2;45000;0;CARD
REC-20260815-STORE_01-0307;STORE_01;CASH-01;2026-08-15 9:47:42;SKU-005;3;5000;0;CARD
REC-20260815-STORE_01-0308;STORE_01;CASH-10;2026-08-15 16:44:00;SKU-002;4;12000;0;CARD
REC-20260815-STORE_01-0308;STORE_01;CASH-03;2026-08-15 16:44:00;SKU-025;3;5000;500;CARD
REC-20260815-STORE_01-0308;STORE_01;CASH-09;2026-08-15 16:44:00;SKU-006;4;45000;0;CARD
REC-20260815-STORE_01-0308;STORE_01;CASH-03;2026-08-15 16:44:00;SKU-008;2;12000;0;CARD
REC-20260815-STORE_01-0308;STORE_01;CASH-10;2026-08-15 16:44:00;SKU-002;3;12000;0;CARD
REC-20260815-STORE_01-0309;STORE_01;CASH-06;2026-08-15 10:40:21;SKU-035;4;5000;0;CASH
REC-20260815-STORE_01-0309;STORE_01;CASH-08;2026-08-15 10:40:21;SKU-003;3;45000;0;CARD
REC-20260815-STORE_01-0310;STORE_01;CASH-04;2026-08-15 21:59:25;SKU-014;2;5000;0;CARD
REC-20260815-STORE_01-0310;STORE_01;CASH-10;2026-08-15 21:59:25;SKU-003;3;45000;0;CARD
REC-20260815-STORE_01-0310;STORE_01;CASH-01;2026-08-15 21:59:25;SKU-036;2;45000;0;CARD
REC-20260815-STORE_01-0310;STORE_01;CASH-06;2026-08-15 21:59:25;SKU-034;4;25000;1000;CARD
REC-20260815-STORE_01-0311;STORE_01;CASH-09;2026-08-15 12:13:43;SKU-009;1;25000;0;CASH
REC-20260815-STORE_01-0311;STORE_01;CASH-05;2026-08-15 12:13:43;SKU-041;3;25000;1000;CASH
REC-20260815-STORE_01-0311;STORE_01;CASH-04;2026-08-15 12:13:43;SKU-012;4;45000;500;CARD
REC-20260815-STORE_01-0312;STORE_01;CASH-02;2026-08-15 11:41:25;SKU-003;1;45000;1000;CARD
REC-20260815-STORE_01-0313;STORE_01;CASH-01;2026-08-15 14:44:29;SKU-007;2;12000;0;CARD
REC-20260815-STORE_01-0313;STORE_01;CASH-05;2026-08-15 14:44:29;SKU-003;1;45000;1000;CARD
REC-20260815-STORE_01-0313;STORE_01;CASH-09;2026-08-15 14:44:29;SKU-002;3;12000;0;CASH
REC-20260815-STORE_01-0313;STORE_01;CASH-09;2026-08-15 14:44:29;SKU-003;4;45000;0;CASH
REC-20260815-STORE_01-0314;STORE_01;CASH-07;2026-08-15 19:20:22;SKU-003;4;45000;0;CARD
REC-20260815-STORE_01-0314;STORE_01;CASH-03;2026-08-15 19:20:22;SKU-005;4;5000;1000;CASH
REC-20260815-STORE_01-0314;STORE_01;CASH-02;2026-08-15 19:20:22;SKU-001;1;45000;0;CARD
REC-20260815-STORE_01-0315;STORE_01;CASH-04;2026-08-15 13:45:42;SKU-046;4;25000;500;CASH
REC-20260815-STORE_01-0315;STORE_01;CASH-10;2026-08-15 13:45:42;SKU-001;2;45000;500;CARD
REC-20260815-STORE_01-0315;STORE_01;CASH-04;2026-08-15 13:45:42;SKU-005;4;5000;0;CARD
REC-20260815-STORE_01-0315;STORE_01;CASH-06;2026-08-15 13:45:42;SKU-020;2;12000;500;CARD
REC-20260815-STORE_01-0316;STORE_01;CASH-03;2026-08-15 13:54:55;SKU-001;4;45000;1000;CASH
REC-20260815-STORE_01-0316;STORE_01;CASH-01;2026-08-15 13:54:55;SKU-006;3;45000;0;CASH
REC-20260815-STORE_01-0317;STORE_01;CASH-10;2026-08-15 11:11:40;SKU-001;3;45000;1000;CARD
REC-20260815-STORE_01-0317;STORE_01;CASH-10;2026-08-15 11:11:40;SKU-004;2;25000;0;CARD
REC-20260815-STORE_01-0317;STORE_01;CASH-08;2026-08-15 11:11:40;SKU-001;3;45000;0;CARD
REC-20260815-STORE_01-0317;STORE_01;CASH-06;2026-08-15 11:11:40;SKU-035;3;5000;0;CARD
REC-20260815-STORE_01-0318;STORE_01;CASH-09;2026-08-15 20:32:42;SKU-049;1;5000;500;CARD
REC-20260815-STORE_01-0318;STORE_01;CASH-08;2026-08-15 20:32:42;SKU-003;3;45000;1000;CARD
REC-20260815-STORE_01-0319;STORE_01;CASH-03;2026-08-15 17:28:36;SKU-013;2;12000;0;CARD
REC-20260815-STORE_01-0319;STORE_01;CASH-07;2026-08-15 17:28:36;SKU-001;2;45000;0;CARD
REC-20260815-STORE_01-0320;STORE_01;CASH-01;2026-08-15 18:04:12;SKU-003;1;45000;1000;CASH
REC-20260815-STORE_01-0321;STORE_01;CASH-08;2026-08-15 12:40:22;SKU-001;4;45000;0;CARD
REC-20260815-STORE_01-0322;STORE_01;CASH-06;2026-08-15 13:06:56;SKU-002;1;12000;500;CASH
REC-20260815-STORE_01-0323;STORE_01;CASH-09;2026-08-15 17:11:31;SKU-012;3;45000;0;CARD
REC-20260815-STORE_01-0324;STORE_01;CASH-04;2026-08-15 15:24:49;SKU-009;4;25000;0;CASH
REC-20260815-STORE_01-0324;STORE_01;CASH-09;2026-08-15 15:24:49;SKU-005;3;5000;0;CASH
REC-20260815-STORE_01-0324;STORE_01;CASH-08;2026-08-15 15:24:49;SKU-027;2;5000;0;CARD
REC-20260815-STORE_01-0325;STORE_01;CASH-10;2026-08-15 10:13:52;SKU-005;3;5000;1000;CARD
REC-20260815-STORE_01-0325;STORE_01;CASH-07;2026-08-15 10:13:52;SKU-015;4;5000;0;CARD
REC-20260815-STORE_01-0326;STORE_01;CASH-01;2026-08-15 12:55:15;SKU-009;1;25000;0;CARD
REC-20260815-STORE_01-0326;STORE_01;CASH-10;2026-08-15 12:55:15;SKU-048;3;25000;0;CASH
REC-20260815-STORE_01-0326;STORE_01;CASH-05;2026-08-15 12:55:15;SKU-035;4;5000;0;CASH
REC-20260815-STORE_01-0327;STORE_01;CASH-05;2026-08-15 15:23:26;SKU-008;3;12000;0;CASH
REC-20260815-STORE_01-0327;STORE_01;CASH-07;2026-08-15 15:23:26;SKU-007;3;12000;1000;CASH
REC-20260815-STORE_01-0327;STORE_01;CASH-08;2026-08-15 15:23:26;SKU-024;4;12000;1000;CASH
REC-20260815-STORE_01-0327;STORE_01;CASH-01;2026-08-15 15:23:26;SKU-004;3;25000;1000;CARD
REC-20260815-STORE_01-0328;STORE_01;CASH-02;2026-08-15 17:23:45;SKU-002;3;12000;500;CARD
REC-20260815-STORE_01-0329;STORE_01;CASH-08;2026-08-15 17:06:38;SKU-001;1;45000;0;CASH
REC-20260815-STORE_01-0329;STORE_01;CASH-04;2026-08-15 17:06:38;SKU-005;4;5000;0;CARD
REC-20260815-STORE_01-0330;STORE_01;CASH-09;2026-08-15 10:59:37;SKU-009;1;25000;1000;CASH
REC-20260815-STORE_01-0331;STORE_01;CASH-04;2026-08-15 18:08:55;SKU-001;4;45000;0;CASH
REC-20260815-STORE_01-0331;STORE_01;CASH-03;2026-08-15 18:08:55;SKU-001;2;45000;1000;CARD
REC-20260815-STORE_01-0331;STORE_01;CASH-01;2026-08-15 18:08:55;SKU-003;3;45000;1000;CASH
REC-20260815-STORE_01-0332;STORE_01;CASH-01;2026-08-15 16:59:22;SKU-012;2;45000;1000;CARD
REC-20260815-STORE_01-0332;STORE_01;CASH-04;2026-08-15 16:59:22;SKU-006;4;45000;0;CARD
REC-20260815-STORE_01-0332;STORE_01;CASH-08;2026-08-15 16:59:22;SKU-003;1;45000;500;CASH
REC-20260815-STORE_01-0332;STORE_01;CASH-03;2026-08-15 16:59:22;SKU-001;3;45000;1000;CARD
REC-20260815-STORE_01-0332;STORE_01;CASH-09;2026-08-15 16:59:22;SKU-014;4;5000;0;CASH
REC-20260815-STORE_01-0333;STORE_01;CASH-06;2026-08-15 18:06:15;SKU-001;1;45000;0;CARD
REC-20260815-STORE_01-0333;STORE_01;CASH-06;2026-08-15 18:06:15;SKU-015;4;5000;500;CARD
REC-20260815-STORE_01-0334;STORE_01;CASH-10;2026-08-15 9:13:46;SKU-004;3;25000;500;CASH
REC-20260815-STORE_01-0334;STORE_01;CASH-06;2026-08-15 9:13:46;SKU-001;4;45000;0;CASH
REC-20260815-STORE_01-0334;STORE_01;CASH-05;2026-08-15 9:13:46;SKU-003;1;45000;0;CARD
REC-20260815-STORE_01-0334;STORE_01;CASH-05;2026-08-15 9:13:46;SKU-017;1;12000;500;CARD
REC-20260815-STORE_01-0335;STORE_01;CASH-01;2026-08-15 8:02:31;SKU-001;2;45000;0;CARD
REC-20260815-STORE_01-0335;STORE_01;CASH-03;2026-08-15 8:02:31;SKU-034;1;25000;0;CARD
REC-20260815-STORE_01-0335;STORE_01;CASH-04;2026-08-15 8:02:31;SKU-004;4;25000;1000;CARD
REC-20260815-STORE_01-0336;STORE_01;CASH-01;2026-08-15 14:31:49;SKU-043;2;25000;1000;CASH
REC-20260815-STORE_01-0336;STORE_01;CASH-04;2026-08-15 14:31:49;SKU-001;1;45000;1000;CARD
REC-20260815-STORE_01-0336;STORE_01;CASH-06;2026-08-15 14:31:49;SKU-024;3;12000;0;CASH
REC-20260815-STORE_01-0337;STORE_01;CASH-10;2026-08-15 19:46:31;SKU-007;4;12000;500;CARD
REC-20260815-STORE_01-0337;STORE_01;CASH-08;2026-08-15 19:46:31;SKU-004;2;25000;500;CARD
REC-20260815-STORE_01-0337;STORE_01;CASH-01;2026-08-15 19:46:31;SKU-005;4;5000;0;CARD
REC-20260815-STORE_01-0337;STORE_01;CASH-01;2026-08-15 19:46:31;SKU-003;4;45000;1000;CARD
REC-20260815-STORE_01-0338;STORE_01;CASH-02;2026-08-15 11:17:11;SKU-001;2;45000;0;CARD
REC-20260815-STORE_01-0338;STORE_01;CASH-01;2026-08-15 11:17:11;SKU-005;1;5000;1000;CASH
REC-20260815-STORE_01-0339;STORE_01;CASH-08;2026-08-15 19:32:17;SKU-003;4;45000;0;CARD
REC-20260815-STORE_01-0339;STORE_01;CASH-02;2026-08-15 19:32:17;SKU-004;3;25000;0;CARD
REC-20260815-STORE_01-0339;STORE_01;CASH-05;2026-08-15 19:32:17;SKU-030;4;45000;0;CASH
REC-20260815-STORE_01-0339;STORE_01;CASH-01;2026-08-15 19:32:17;SKU-003;4;45000;500;CASH
REC-20260815-STORE_01-0339;STORE_01;CASH-02;2026-08-15 19:32:17;SKU-012;3;45000;500;CARD
REC-20260815-STORE_01-0340;STORE_01;CASH-07;2026-08-15 20:05:02;SKU-022;4;12000;0;CARD
REC-20260815-STORE_01-0340;STORE_01;CASH-02;2026-08-15 20:05:02;SKU-001;1;45000;0;CASH
REC-20260815-STORE_01-0341;STORE_01;CASH-02;2026-08-15 15:38:02;SKU-023;3;45000;1000;CARD
REC-20260815-STORE_01-0342;STORE_01;CASH-03;2026-08-15 12:28:46;SKU-004;2;25000;0;CARD
REC-20260815-STORE_01-0342;STORE_01;CASH-08;2026-08-15 12:28:46;SKU-001;2;45000;0;CARD
REC-20260815-STORE_01-0343;STORE_01;CASH-09;2026-08-15 11:54:51;SKU-014;1;5000;500;CARD
REC-20260815-STORE_01-0343;STORE_01;CASH-07;2026-08-15 11:54:51;SKU-005;3;5000;0;CARD
REC-20260815-STORE_01-0343;STORE_01;CASH-08;2026-08-15 11:54:51;SKU-003;4;45000;0;CARD
REC-20260815-STORE_01-0343;STORE_01;CASH-04;2026-08-15 11:54:51;SKU-001;1;45000;1000;CASH
REC-20260815-STORE_01-0343;STORE_01;CASH-02;2026-08-15 11:54:51;SKU-019;4;25000;0;CASH
REC-20260815-STORE_01-0344;STORE_01;CASH-05;2026-08-15 19:14:04;SKU-001;3;45000;1000;CASH
REC-20260815-STORE_01-0344;STORE_01;CASH-10;2026-08-15 19:14:04;SKU-004;2;25000;0;CARD
REC-20260815-STORE_01-0344;STORE_01;CASH-10;2026-08-15 19:14:04;SKU-002;3;12000;0;CARD
REC-20260815-STORE_01-0344;STORE_01;CASH-02;2026-08-15 19:14:04;SKU-001;2;45000;0;CARD
REC-20260815-STORE_01-0345;STORE_01;CASH-02;2026-08-15 12:38:06;SKU-002;4;12000;0;CASH
REC-20260815-STORE_01-0346;STORE_01;CASH-04;2026-08-15 20:49:44;SKU-009;2;25000;0;CARD
REC-20260815-STORE_01-0347;STORE_01;CASH-07;2026-08-15 16:46:42;SKU-001;3;45000;1000;CASH
REC-20260815-STORE_01-0347;STORE_01;CASH-08;2026-08-15 16:46:42;SKU-002;3;12000;0;CARD
REC-20260815-STORE_01-0348;STORE_01;CASH-09;2026-08-15 16:56:55;SKU-009;4;25000;1000;CARD
REC-20260815-STORE_01-0349;STORE_01;CASH-09;2026-08-15 13:55:32;SKU-001;1;45000;1000;CARD
REC-20260815-STORE_01-0349;STORE_01;CASH-08;2026-08-15 13:55:32;SKU-036;3;45000;0;CASH
REC-20260815-STORE_01-0349;STORE_01;CASH-05;2026-08-15 13:55:32;SKU-001;4;45000;500;CARD
REC-20260815-STORE_01-0349;STORE_01;CASH-02;2026-08-15 13:55:32;SKU-004;1;25000;0;CARD
REC-20260815-STORE_01-0349;STORE_01;CASH-10;2026-08-15 13:55:32;SKU-007;1;12000;1000;CASH
REC-20260815-STORE_01-0350;STORE_01;CASH-07;2026-08-15 12:07:45;SKU-008;3;12000;0;CARD
REC-20260815-STORE_01-0350;STORE_01;CASH-09;2026-08-15 12:07:45;SKU-011;4;5000;1000;CARD
REC-20260815-STORE_01-0350;STORE_01;CASH-05;2026-08-15 12:07:45;SKU-013;2;12000;0;CARD
REC-20260815-STORE_01-0351;STORE_01;CASH-07;2026-08-15 15:26:50;SKU-026;3;12000;500;CARD
REC-20260815-STORE_01-0351;STORE_01;CASH-07;2026-08-15 15:26:50;SKU-003;4;45000;1000;CARD
REC-20260815-STORE_01-0351;STORE_01;CASH-03;2026-08-15 15:26:50;SKU-010;2;25000;0;CARD
REC-20260815-STORE_01-0352;STORE_01;CASH-03;2026-08-15 17:35:03;SKU-001;2;45000;1000;CARD
REC-20260815-STORE_01-0352;STORE_01;CASH-01;2026-08-15 17:35:03;SKU-001;1;45000;1000;CARD
REC-20260815-STORE_01-0352;STORE_01;CASH-09;2026-08-15 17:35:03;SKU-024;2;12000;0;CARD
REC-20260815-STORE_01-0352;STORE_01;CASH-02;2026-08-15 17:35:03;SKU-013;2;12000;500;CARD
REC-20260815-STORE_01-0352;STORE_01;CASH-04;2026-08-15 17:35:03;SKU-008;4;12000;0;CARD
REC-20260815-STORE_01-0353;STORE_01;CASH-06;2026-08-15 17:25:31;SKU-002;2;12000;1000;CASH
REC-20260815-STORE_01-0353;STORE_01;CASH-08;2026-08-15 17:25:31;SKU-034;1;25000;0;CARD
REC-20260815-STORE_01-0353;STORE_01;CASH-04;2026-08-15 17:25:31;SKU-007;4;12000;1000;CASH
REC-20260815-STORE_01-0353;STORE_01;CASH-06;2026-08-15 17:25:31;SKU-015;3;5000;0;CARD
REC-20260815-STORE_01-0353;STORE_01;CASH-04;2026-08-15 17:25:31;SKU-036;3;45000;0;CASH
REC-20260815-STORE_01-0354;STORE_01;CASH-01;2026-08-15 20:24:39;SKU-001;3;45000;1000;CARD
REC-20260815-STORE_01-0355;STORE_01;CASH-01;2026-08-15 9:33:40;SKU-007;1;12000;1000;CASH
REC-20260815-STORE_01-0355;STORE_01;CASH-08;2026-08-15 9:33:40;SKU-007;1;12000;0;CASH
REC-20260815-STORE_01-0355;STORE_01;CASH-04;2026-08-15 9:33:40;SKU-001;4;45000;0;CARD
REC-20260815-STORE_01-0355;STORE_01;CASH-03;2026-08-15 9:33:40;SKU-001;4;45000;0;CARD
REC-20260815-STORE_01-0355;STORE_01;CASH-04;2026-08-15 9:33:40;SKU-033;1;5000;0;CASH
REC-20260815-STORE_01-0356;STORE_01;CASH-02;2026-08-15 18:06:51;SKU-040;3;25000;0;CARD
REC-20260815-STORE_01-0357;STORE_01;CASH-07;2026-08-15 13:23:34;SKU-016;4;25000;0;CARD
REC-20260815-STORE_01-0357;STORE_01;CASH-02;2026-08-15 13:23:34;SKU-012;3;45000;500;CARD
REC-20260815-STORE_01-0357;STORE_01;CASH-10;2026-08-15 13:23:34;SKU-007;2;12000;0;CASH
REC-20260815-STORE_01-0357;STORE_01;CASH-01;2026-08-15 13:23:34;SKU-036;1;45000;0;CASH
REC-20260815-STORE_01-0358;STORE_01;CASH-09;2026-08-15 16:13:35;SKU-041;3;25000;0;CARD
REC-20260815-STORE_01-0358;STORE_01;CASH-06;2026-08-15 16:13:35;SKU-009;3;25000;500;CARD
REC-20260815-STORE_01-0358;STORE_01;CASH-02;2026-08-15 16:13:35;SKU-040;3;25000;0;CARD
REC-20260815-STORE_01-0358;STORE_01;CASH-07;2026-08-15 16:13:35;SKU-001;1;45000;1000;CARD
REC-20260815-STORE_01-0358;STORE_01;CASH-06;2026-08-15 16:13:35;SKU-047;4;5000;1000;CARD
REC-20260815-STORE_01-0359;STORE_01;CASH-09;2026-08-15 16:17:18;SKU-001;1;45000;500;CARD
REC-20260815-STORE_01-0359;STORE_01;CASH-01;2026-08-15 16:17:18;SKU-007;4;12000;0;CARD
REC-20260815-STORE_01-0360;STORE_01;CASH-09;2026-08-15 8:23:16;SKU-042;2;5000;1000;CARD
REC-20260815-STORE_01-0360;STORE_01;CASH-04;2026-08-15 8:23:16;SKU-004;4;25000;0;CARD
REC-20260815-STORE_01-0361;STORE_01;CASH-05;2026-08-15 16:14:44;SKU-006;3;45000;0;CARD
REC-20260815-STORE_01-0362;STORE_01;CASH-04;2026-08-15 14:07:07;SKU-015;2;5000;0;CASH
REC-20260815-STORE_01-0362;STORE_01;CASH-05;2026-08-15 14:07:07;SKU-040;3;25000;500;CARD
REC-20260815-STORE_01-0363;STORE_01;CASH-04;2026-08-15 17:20:45;SKU-001;1;45000;500;CASH
REC-20260815-STORE_01-0363;STORE_01;CASH-02;2026-08-15 17:20:45;SKU-002;3;12000;0;CARD
REC-20260815-STORE_01-0363;STORE_01;CASH-05;2026-08-15 17:20:45;SKU-001;1;45000;0;CARD
REC-20260815-STORE_01-0363;STORE_01;CASH-04;2026-08-15 17:20:45;SKU-039;3;5000;1000;CARD
REC-20260815-STORE_01-0363;STORE_01;CASH-04;2026-08-15 17:20:45;SKU-029;4;5000;0;CARD
REC-20260815-STORE_01-0364;STORE_01;CASH-05;2026-08-15 16:37:10;SKU-010;3;25000;0;CARD
REC-20260815-STORE_01-0364;STORE_01;CASH-01;2026-08-15 16:37:10;SKU-030;2;45000;0;CARD
REC-20260815-STORE_01-0364;STORE_01;CASH-03;2026-08-15 16:37:10;SKU-003;1;45000;0;CARD
REC-20260815-STORE_01-0364;STORE_01;CASH-09;2026-08-15 16:37:10;SKU-002;4;12000;500;CARD
REC-20260815-STORE_01-0364;STORE_01;CASH-09;2026-08-15 16:37:10;SKU-001;1;45000;0;CASH
REC-20260815-STORE_01-0365;STORE_01;CASH-02;2026-08-15 21:56:46;SKU-001;2;45000;1000;CARD
REC-20260815-STORE_01-0365;STORE_01;CASH-10;2026-08-15 21:56:46;SKU-002;2;12000;0;CARD
REC-20260815-STORE_01-0365;STORE_01;CASH-01;2026-08-15 21:56:46;SKU-002;1;12000;0;CASH
REC-20260815-STORE_01-0365;STORE_01;CASH-05;2026-08-15 21:56:46;SKU-004;2;25000;1000;CASH
REC-20260815-STORE_01-0366;STORE_01;CASH-05;2026-08-15 19:18:24;SKU-035;2;5000;0;CARD
REC-20260815-STORE_01-0367;STORE_01;CASH-06;2026-08-15 19:27:26;SKU-002;4;12000;1000;CARD
REC-20260815-STORE_01-0367;STORE_01;CASH-09;2026-08-15 19:27:26;SKU-006;4;45000;0;CASH
REC-20260815-STORE_01-0368;STORE_01;CASH-08;2026-08-15 8:21:25;SKU-029;2;5000;500;CASH
REC-20260815-STORE_01-0368;STORE_01;CASH-08;2026-08-15 8:21:25;SKU-024;2;12000;0;CARD
REC-20260815-STORE_01-0368;STORE_01;CASH-08;2026-08-15 8:21:25;SKU-002;2;12000;0;CASH
REC-20260815-STORE_01-0368;STORE_01;CASH-08;2026-08-15 8:21:25;SKU-039;2;5000;500;CARD
REC-20260815-STORE_01-0368;STORE_01;CASH-10;2026-08-15 8:21:25;SKU-001;1;45000;0;CARD
REC-20260815-STORE_01-0369;STORE_01;CASH-03;2026-08-15 13:23:42;SKU-039;2;5000;0;CARD
REC-20260815-STORE_01-0369;STORE_01;CASH-05;2026-08-15 13:23:42;SKU-041;2;25000;500;CARD
REC-20260815-STORE_01-0369;STORE_01;CASH-02;2026-08-15 13:23:42;SKU-008;1;12000;1000;CASH
REC-20260815-STORE_01-0370;STORE_01;CASH-04;2026-08-15 19:50:41;SKU-003;4;45000;1000;CASH
REC-20260815-STORE_01-0371;STORE_01;CASH-10;2026-08-15 17:37:22;SKU-003;3;45000;0;CARD
REC-20260815-STORE_01-0371;STORE_01;CASH-08;2026-08-15 17:37:22;SKU-001;4;45000;0;CASH
REC-20260815-STORE_01-0371;STORE_01;CASH-07;2026-08-15 17:37:22;SKU-003;1;45000;500;CASH
REC-20260815-STORE_01-0371;STORE_01;CASH-06;2026-08-15 17:37:22;SKU-006;4;45000;0;CARD
REC-20260815-STORE_01-0372;STORE_01;CASH-02;2026-08-15 16:33:32;SKU-010;3;25000;0;CARD
REC-20260815-STORE_01-0372;STORE_01;CASH-01;2026-08-15 16:33:32;SKU-001;4;45000;0;CASH
REC-20260815-STORE_01-0373;STORE_01;CASH-07;2026-08-15 20:50:16;SKU-037;1;45000;0;CARD
REC-20260815-STORE_01-0373;STORE_01;CASH-03;2026-08-15 20:50:16;SKU-003;4;45000;0;CASH
REC-20260815-STORE_01-0373;STORE_01;CASH-07;2026-08-15 20:50:16;SKU-001;3;45000;0;CASH
REC-20260815-STORE_01-0374;STORE_01;CASH-10;2026-08-15 9:03:13;SKU-005;1;5000;500;CARD
REC-20260815-STORE_01-0375;STORE_01;CASH-04;2026-08-15 18:27:13;SKU-043;2;25000;0;CARD
REC-20260815-STORE_01-0375;STORE_01;CASH-07;2026-08-15 18:27:13;SKU-050;1;25000;0;CARD
REC-20260815-STORE_01-0375;STORE_01;CASH-04;2026-08-15 18:27:13;SKU-049;4;5000;0;CARD
REC-20260815-STORE_01-0375;STORE_01;CASH-02;2026-08-15 18:27:13;SKU-001;3;45000;0;CARD
REC-20260815-STORE_01-0375;STORE_01;CASH-06;2026-08-15 18:27:13;SKU-008;4;12000;0;CARD
REC-20260815-STORE_01-0376;STORE_01;CASH-04;2026-08-15 18:03:02;SKU-009;2;25000;0;CARD
REC-20260815-STORE_01-0376;STORE_01;CASH-05;2026-08-15 18:03:02;SKU-004;3;25000;0;CASH
REC-20260815-STORE_01-0376;STORE_01;CASH-06;2026-08-15 18:03:02;SKU-029;4;5000;1000;CASH
REC-20260815-STORE_01-0376;STORE_01;CASH-02;2026-08-15 18:03:02;SKU-001;1;45000;1000;CARD
REC-20260815-STORE_01-0376;STORE_01;CASH-07;2026-08-15 18:03:02;SKU-001;4;45000;1000;CARD
REC-20260815-STORE_01-0377;STORE_01;CASH-03;2026-08-15 18:50:59;SKU-002;2;12000;500;CASH
REC-20260815-STORE_01-0377;STORE_01;CASH-09;2026-08-15 18:50:59;SKU-023;1;45000;1000;CASH
REC-20260815-STORE_01-0377;STORE_01;CASH-07;2026-08-15 18:50:59;SKU-001;4;45000;0;CASH
REC-20260815-STORE_01-0377;STORE_01;CASH-03;2026-08-15 18:50:59;SKU-001;1;45000;500;CARD
REC-20260815-STORE_01-0377;STORE_01;CASH-07;2026-08-15 18:50:59;SKU-021;4;5000;1000;CARD
REC-20260815-STORE_01-0378;STORE_01;CASH-02;2026-08-15 20:32:41;SKU-008;4;12000;0;CARD
REC-20260815-STORE_01-0378;STORE_01;CASH-05;2026-08-15 20:32:41;SKU-049;1;5000;1000;CARD
REC-20260815-STORE_01-0378;STORE_01;CASH-04;2026-08-15 20:32:41;SKU-004;4;25000;0;CARD
REC-20260815-STORE_01-0379;STORE_01;CASH-07;2026-08-15 11:20:06;SKU-004;3;25000;0;CASH
REC-20260815-STORE_01-0379;STORE_01;CASH-10;2026-08-15 11:20:06;SKU-002;1;12000;0;CASH
REC-20260815-STORE_01-0379;STORE_01;CASH-06;2026-08-15 11:20:06;SKU-006;2;45000;1000;CARD
REC-20260815-STORE_01-0379;STORE_01;CASH-10;2026-08-15 11:20:06;SKU-012;4;45000;500;CARD
REC-20260815-STORE_01-0379;STORE_01;CASH-02;2026-08-15 11:20:06;SKU-002;3;12000;0;CASH
REC-20260815-STORE_01-0380;STORE_01;CASH-10;2026-08-15 16:47:41;SKU-001;4;45000;1000;CARD
REC-20260815-STORE_01-0380;STORE_01;CASH-05;2026-08-15 16:47:41;SKU-016;1;25000;1000;CARD
REC-20260815-STORE_01-0380;STORE_01;CASH-06;2026-08-15 16:47:41;SKU-010;3;25000;500;CARD
REC-20260815-STORE_01-0381;STORE_01;CASH-08;2026-08-15 18:11:38;SKU-011;3;5000;0;CARD
REC-20260815-STORE_01-0382;STORE_01;CASH-09;2026-08-15 12:08:36;SKU-009;3;25000;0;CARD
REC-20260815-STORE_01-0382;STORE_01;CASH-07;2026-08-15 12:08:36;SKU-039;1;5000;0;CASH
REC-20260815-STORE_01-0382;STORE_01;CASH-04;2026-08-15 12:08:36;SKU-001;1;45000;1000;CARD
REC-20260815-STORE_01-0382;STORE_01;CASH-08;2026-08-15 12:08:36;SKU-007;2;12000;0;CASH
REC-20260815-STORE_01-0382;STORE_01;CASH-02;2026-08-15 12:08:36;SKU-004;4;25000;1000;CARD
REC-20260815-STORE_01-0383;STORE_01;CASH-10;2026-08-15 18:43:47;SKU-001;1;45000;0;CASH
REC-20260815-STORE_01-0383;STORE_01;CASH-01;2026-08-15 18:43:47;SKU-001;1;45000;1000;CASH
REC-20260815-STORE_01-0383;STORE_01;CASH-02;2026-08-15 18:43:47;SKU-002;1;12000;500;CARD
REC-20260815-STORE_01-0383;STORE_01;CASH-03;2026-08-15 18:43:47;SKU-001;2;45000;0;CARD
REC-20260815-STORE_01-0384;STORE_01;CASH-04;2026-08-15 14:30:11;SKU-032;1;25000;0;CARD
REC-20260815-STORE_01-0385;STORE_01;CASH-04;2026-08-15 16:52:09;SKU-001;1;45000;1000;CASH
REC-20260815-STORE_01-0385;STORE_01;CASH-06;2026-08-15 16:52:09;SKU-005;2;5000;0;CASH
REC-20260815-STORE_01-0385;STORE_01;CASH-05;2026-08-15 16:52:09;SKU-004;2;25000;0;CARD
REC-20260815-STORE_01-0386;STORE_01;CASH-10;2026-08-15 9:26:24;SKU-003;1;45000;0;CASH
REC-20260815-STORE_01-0386;STORE_01;CASH-02;2026-08-15 9:26:24;SKU-026;1;12000;0;CARD
REC-20260815-STORE_01-0386;STORE_01;CASH-08;2026-08-15 9:26:24;SKU-011;3;5000;500;CARD
REC-20260815-STORE_01-0387;STORE_01;CASH-02;2026-08-15 17:59:19;SKU-001;1;45000;1000;CARD
REC-20260815-STORE_01-0387;STORE_01;CASH-10;2026-08-15 17:59:19;SKU-028;4;5000;0;CARD
REC-20260815-STORE_01-0388;STORE_01;CASH-04;2026-08-15 16:38:35;SKU-030;1;45000;0;CARD
REC-20260815-STORE_01-0388;STORE_01;CASH-09;2026-08-15 16:38:35;SKU-008;3;12000;0;CARD
REC-20260815-STORE_01-0388;STORE_01;CASH-07;2026-08-15 16:38:35;SKU-002;4;12000;500;CARD
REC-20260815-STORE_01-0388;STORE_01;CASH-02;2026-08-15 16:38:35;SKU-001;2;45000;0;CASH
REC-20260815-STORE_01-0388;STORE_01;CASH-05;2026-08-15 16:38:35;SKU-001;2;45000;0;CARD
REC-20260815-STORE_01-0389;STORE_01;CASH-02;2026-08-15 20:20:58;SKU-011;3;5000;0;CARD
REC-20260815-STORE_01-0390;STORE_01;CASH-04;2026-08-15 12:13:03;SKU-003;1;45000;0;CARD
REC-20260815-STORE_01-0390;STORE_01;CASH-06;2026-08-15 12:13:03;SKU-004;1;25000;0;CARD
REC-20260815-STORE_01-0390;STORE_01;CASH-04;2026-08-15 12:13:03;SKU-002;2;12000;0;CARD
REC-20260815-STORE_01-0391;STORE_01;CASH-05;2026-08-15 18:43:47;SKU-011;2;5000;0;CASH
REC-20260815-STORE_01-0391;STORE_01;CASH-07;2026-08-15 18:43:47;SKU-001;1;45000;0;CARD
REC-20260815-STORE_01-0391;STORE_01;CASH-02;2026-08-15 18:43:47;SKU-004;3;25000;500;CARD
REC-20260815-STORE_01-0391;STORE_01;CASH-06;2026-08-15 18:43:47;SKU-003;2;45000;0;CARD
REC-20260815-STORE_01-0392;STORE_01;CASH-03;2026-08-15 15:04:38;SKU-001;1;45000;500;CASH
REC-20260815-STORE_01-0392;STORE_01;CASH-07;2026-08-15 15:04:38;SKU-002;3;12000;0;CARD
REC-20260815-STORE_01-0393;STORE_01;CASH-10;2026-08-15 18:59:19;SKU-005;3;5000;500;CASH
REC-20260815-STORE_01-0393;STORE_01;CASH-05;2026-08-15 18:59:19;SKU-005;2;5000;0;CARD
REC-20260815-STORE_01-0393;STORE_01;CASH-04;2026-08-15 18:59:19;SKU-032;1;25000;0;CARD
REC-20260815-STORE_01-0393;STORE_01;CASH-07;2026-08-15 18:59:19;SKU-004;2;25000;0;CARD
REC-20260815-STORE_01-0394;STORE_01;CASH-05;2026-08-15 12:28:10;SKU-016;4;25000;0;CARD
REC-20260815-STORE_01-0394;STORE_01;CASH-07;2026-08-15 12:28:10;SKU-009;1;25000;0;CARD
REC-20260815-STORE_01-0394;STORE_01;CASH-10;2026-08-15 12:28:10;SKU-020;4;12000;0;CASH
REC-20260815-STORE_01-0395;STORE_01;CASH-04;2026-08-15 11:31:04;SKU-001;2;45000;0;CASH
REC-20260815-STORE_01-0395;STORE_01;CASH-01;2026-08-15 11:31:04;SKU-001;4;45000;1000;CARD
REC-20260815-STORE_01-0395;STORE_01;CASH-05;2026-08-15 11:31:04;SKU-001;3;45000;1000;CARD
REC-20260815-STORE_01-0395;STORE_01;CASH-06;2026-08-15 11:31:04;SKU-006;1;45000;0;CARD
REC-20260815-STORE_01-0395;STORE_01;CASH-09;2026-08-15 11:31:04;SKU-006;3;45000;500;CARD
REC-20260815-STORE_01-0396;STORE_01;CASH-04;2026-08-15 13:26:11;SKU-018;4;5000;0;CARD
REC-20260815-STORE_01-0397;STORE_01;CASH-08;2026-08-15 17:40:48;SKU-001;1;45000;0;CARD
REC-20260815-STORE_01-0397;STORE_01;CASH-07;2026-08-15 17:40:48;SKU-001;4;45000;500;CASH
REC-20260815-STORE_01-0397;STORE_01;CASH-06;2026-08-15 17:40:48;SKU-003;3;45000;0;CARD
REC-20260815-STORE_01-0398;STORE_01;CASH-10;2026-08-15 13:38:12;SKU-001;1;45000;0;CARD
REC-20260815-STORE_01-0398;STORE_01;CASH-06;2026-08-15 13:38:12;SKU-001;2;45000;0;CASH
REC-20260815-STORE_01-0399;STORE_01;CASH-10;2026-08-15 8:51:17;SKU-003;1;45000;500;CARD
REC-20260815-STORE_01-0399;STORE_01;CASH-05;2026-08-15 8:51:17;SKU-025;3;5000;0;CARD
REC-20260815-STORE_01-0399;STORE_01;CASH-01;2026-08-15 8:51:17;SKU-002;3;12000;500;CARD
REC-20260815-STORE_01-0400;STORE_01;CASH-06;2026-08-15 10:24:36;SKU-002;1;12000;1000;CARD
REC-20260815-STORE_01-0400;STORE_01;CASH-04;2026-08-15 10:24:36;SKU-006;1;45000;0;CASH
REC-20260815-STORE_01-0400;STORE_01;CASH-05;2026-08-15 10:24:36;SKU-004;3;25000;0;CASH
REC-20260815-STORE_01-0400;STORE_01;CASH-07;2026-08-15 10:24:36;SKU-007;4;12000;0;CARD
REC-20260815-STORE_01-0400;STORE_01;CASH-03;2026-08-15 10:24:36;SKU-021;3;5000;500;CASH
REC-20260815-STORE_01-0401;STORE_01;CASH-04;2026-08-15 21:56:27;SKU-044;3;5000;0;CARD
REC-20260815-STORE_01-0401;STORE_01;CASH-05;2026-08-15 21:56:27;SKU-001;3;45000;0;CARD
REC-20260815-STORE_01-0401;STORE_01;CASH-04;2026-08-15 21:56:27;SKU-033;4;5000;0;CARD
REC-20260815-STORE_01-0401;STORE_01;CASH-03;2026-08-15 21:56:27;SKU-001;2;45000;0;CARD
REC-20260815-STORE_01-0402;STORE_01;CASH-07;2026-08-15 9:58:56;SKU-002;4;12000;1000;CARD
REC-20260815-STORE_01-0403;STORE_01;CASH-08;2026-08-15 11:19:50;SKU-007;1;12000;500;CASH
REC-20260815-STORE_01-0404;STORE_01;CASH-09;2026-08-15 21:17:14;SKU-033;3;5000;1000;CARD
REC-20260815-STORE_01-0404;STORE_01;CASH-05;2026-08-15 21:17:14;SKU-001;1;45000;500;CASH
REC-20260815-STORE_01-0405;STORE_01;CASH-08;2026-08-15 11:05:27;SKU-008;2;12000;0;CARD
REC-20260815-STORE_01-0406;STORE_01;CASH-10;2026-08-15 20:01:50;SKU-001;2;45000;0;CARD
REC-20260815-STORE_01-0406;STORE_01;CASH-04;2026-08-15 20:01:50;SKU-003;1;45000;0;CASH
REC-20260815-STORE_01-0406;STORE_01;CASH-08;2026-08-15 20:01:50;SKU-009;2;25000;0;CARD
REC-20260815-STORE_01-0407;STORE_01;CASH-08;2026-08-15 20:56:20;SKU-001;2;45000;500;CARD
REC-20260815-STORE_01-0407;STORE_01;CASH-07;2026-08-15 20:56:20;SKU-002;2;12000;0;CARD
REC-20260815-STORE_01-0407;STORE_01;CASH-09;2026-08-15 20:56:20;SKU-037;1;45000;1000;CARD
REC-20260815-STORE_01-0408;STORE_01;CASH-02;2026-08-15 14:29:07;SKU-035;4;5000;0;CARD
REC-20260815-STORE_01-0408;STORE_01;CASH-02;2026-08-15 14:29:07;SKU-006;2;45000;0;CASH
REC-20260815-STORE_01-0408;STORE_01;CASH-03;2026-08-15 14:29:07;SKU-002;2;12000;0;CARD
REC-20260815-STORE_01-0409;STORE_01;CASH-01;2026-08-15 16:32:44;SKU-021;1;5000;500;CASH
REC-20260815-STORE_01-0409;STORE_01;CASH-07;2026-08-15 16:32:44;SKU-012;1;45000;0;CARD
REC-20260815-STORE_01-0409;STORE_01;CASH-02;2026-08-15 16:32:44;SKU-016;1;25000;0;CASH
REC-20260815-STORE_01-0409;STORE_01;CASH-04;2026-08-15 16:32:44;SKU-014;1;5000;1000;CARD
REC-20260815-STORE_01-0409;STORE_01;CASH-09;2026-08-15 16:32:44;SKU-001;4;45000;0;CASH
REC-20260815-STORE_01-0410;STORE_01;CASH-01;2026-08-15 21:18:54;SKU-003;4;45000;1000;CARD
REC-20260815-STORE_01-0410;STORE_01;CASH-06;2026-08-15 21:18:54;SKU-004;3;25000;1000;CARD
REC-20260815-STORE_01-0410;STORE_01;CASH-07;2026-08-15 21:18:54;SKU-032;2;25000;0;CASH
REC-20260815-STORE_01-0410;STORE_01;CASH-03;2026-08-15 21:18:54;SKU-020;4;12000;0;CARD
REC-20260815-STORE_01-0411;STORE_01;CASH-04;2026-08-15 17:25:48;SKU-023;4;45000;500;CASH
REC-20260815-STORE_01-0411;STORE_01;CASH-02;2026-08-15 17:25:48;SKU-014;4;5000;0;CASH
REC-20260815-STORE_01-0411;STORE_01;CASH-03;2026-08-15 17:25:48;SKU-001;1;45000;0;CARD
REC-20260815-STORE_01-0411;STORE_01;CASH-05;2026-08-15 17:25:48;SKU-041;3;25000;0;CARD
REC-20260815-STORE_01-0412;STORE_01;CASH-10;2026-08-15 11:48:28;SKU-012;4;45000;1000;CARD
REC-20260815-STORE_01-0412;STORE_01;CASH-06;2026-08-15 11:48:28;SKU-001;1;45000;0;CASH
REC-20260815-STORE_01-0412;STORE_01;CASH-04;2026-08-15 11:48:28;SKU-002;1;12000;1000;CASH
REC-20260815-STORE_01-0412;STORE_01;CASH-06;2026-08-15 11:48:28;SKU-010;1;25000;0;CARD
REC-20260815-STORE_01-0413;STORE_01;CASH-02;2026-08-15 19:31:21;SKU-029;3;5000;500;CARD
REC-20260815-STORE_01-0413;STORE_01;CASH-05;2026-08-15 19:31:21;SKU-005;1;5000;1000;CARD
REC-20260815-STORE_01-0413;STORE_01;CASH-02;2026-08-15 19:31:21;SKU-010;1;25000;0;CASH
REC-20260815-STORE_01-0414;STORE_01;CASH-01;2026-08-15 17:34:34;SKU-004;4;25000;0;CASH
REC-20260815-STORE_01-0414;STORE_01;CASH-10;2026-08-15 17:34:34;SKU-003;3;45000;1000;CASH
REC-20260815-STORE_01-0414;STORE_01;CASH-06;2026-08-15 17:34:34;SKU-016;1;25000;0;CARD
REC-20260815-STORE_01-0415;STORE_01;CASH-08;2026-08-15 13:43:35;SKU-031;2;45000;1000;CASH
REC-20260815-STORE_01-0416;STORE_01;CASH-07;2026-08-15 15:51:38;SKU-018;1;5000;0;CARD
REC-20260815-STORE_01-0417;STORE_01;CASH-07;2026-08-15 15:38:13;SKU-001;1;45000;1000;CARD
REC-20260815-STORE_01-0417;STORE_01;CASH-05;2026-08-15 15:38:13;SKU-002;1;12000;0;CARD
REC-20260815-STORE_01-0417;STORE_01;CASH-08;2026-08-15 15:38:13;SKU-001;2;45000;0;CARD
REC-20260815-STORE_01-0417;STORE_01;CASH-09;2026-08-15 15:38:13;SKU-003;2;45000;1000;CARD
REC-20260815-STORE_01-0418;STORE_01;CASH-04;2026-08-15 9:20:07;SKU-014;3;5000;500;CARD
REC-20260815-STORE_01-0418;STORE_01;CASH-05;2026-08-15 9:20:07;SKU-047;2;5000;0;CASH
REC-20260815-STORE_01-0418;STORE_01;CASH-09;2026-08-15 9:20:07;SKU-049;2;5000;0;CARD
REC-20260815-STORE_01-0419;STORE_01;CASH-05;2026-08-15 14:04:43;SKU-001;1;45000;0;CASH
REC-20260815-STORE_01-0419;STORE_01;CASH-05;2026-08-15 14:04:43;SKU-001;3;45000;500;CARD
REC-20260815-STORE_01-0419;STORE_01;CASH-03;2026-08-15 14:04:43;SKU-018;1;5000;1000;CARD
REC-20260815-STORE_01-0419;STORE_01;CASH-01;2026-08-15 14:04:43;SKU-001;3;45000;1000;CARD
REC-20260815-STORE_01-0419;STORE_01;CASH-05;2026-08-15 14:04:43;SKU-007;4;12000;0;CARD
REC-20260815-STORE_01-0420;STORE_01;CASH-07;2026-08-15 8:46:16;SKU-018;3;5000;0;CARD
REC-20260815-STORE_01-0420;STORE_01;CASH-08;2026-08-15 8:46:16;SKU-017;3;12000;0;CARD
REC-20260815-STORE_01-0420;STORE_01;CASH-01;2026-08-15 8:46:16;SKU-006;4;45000;500;CASH
REC-20260815-STORE_01-0420;STORE_01;CASH-01;2026-08-15 8:46:16;SKU-002;3;12000;1000;CARD
REC-20260815-STORE_01-0420;STORE_01;CASH-10;2026-08-15 8:46:16;SKU-011;2;5000;0;CARD
REC-20260815-STORE_01-0421;STORE_01;CASH-04;2026-08-15 9:45:25;SKU-001;4;45000;0;CARD
REC-20260815-STORE_01-0421;STORE_01;CASH-07;2026-08-15 9:45:25;SKU-001;3;45000;0;CASH
REC-20260815-STORE_01-0421;STORE_01;CASH-01;2026-08-15 9:45:25;SKU-014;3;5000;0;CARD
REC-20260815-STORE_01-0422;STORE_01;CASH-05;2026-08-15 17:59:15;SKU-003;2;45000;0;CASH
REC-20260815-STORE_01-0423;STORE_01;CASH-05;2026-08-15 9:44:24;SKU-015;3;5000;500;CARD
REC-20260815-STORE_01-0423;STORE_01;CASH-07;2026-08-15 9:44:24;SKU-009;2;25000;0;CARD
REC-20260815-STORE_01-0423;STORE_01;CASH-01;2026-08-15 9:44:24;SKU-001;1;45000;0;CARD
REC-20260815-STORE_01-0423;STORE_01;CASH-05;2026-08-15 9:44:24;SKU-042;1;5000;0;CARD
REC-20260815-STORE_01-0424;STORE_01;CASH-03;2026-08-15 9:56:16;SKU-002;2;12000;500;CARD
REC-20260815-STORE_01-0424;STORE_01;CASH-01;2026-08-15 9:56:16;SKU-003;3;45000;0;CASH
REC-20260815-STORE_01-0425;STORE_01;CASH-06;2026-08-15 9:04:35;SKU-004;1;25000;0;CARD
REC-20260815-STORE_01-0425;STORE_01;CASH-10;2026-08-15 9:04:35;SKU-005;1;5000;500;CARD
REC-20260815-STORE_01-0425;STORE_01;CASH-03;2026-08-15 9:04:35;SKU-039;2;5000;0;CARD
REC-20260815-STORE_01-0425;STORE_01;CASH-08;2026-08-15 9:04:35;SKU-017;2;12000;500;CARD
REC-20260815-STORE_01-0426;STORE_01;CASH-06;2026-08-15 10:27:46;SKU-011;1;5000;500;CARD
REC-20260815-STORE_01-0426;STORE_01;CASH-10;2026-08-15 10:27:46;SKU-011;2;5000;500;CASH
REC-20260815-STORE_01-0427;STORE_01;CASH-08;2026-08-15 13:54:11;SKU-001;1;45000;0;CARD
REC-20260815-STORE_01-0427;STORE_01;CASH-05;2026-08-15 13:54:11;SKU-007;1;12000;0;CARD
REC-20260815-STORE_01-0427;STORE_01;CASH-09;2026-08-15 13:54:11;SKU-013;3;12000;500;CARD
REC-20260815-STORE_01-0427;STORE_01;CASH-10;2026-08-15 13:54:11;SKU-009;1;25000;0;CARD
REC-20260815-STORE_01-0428;STORE_01;CASH-10;2026-08-15 21:41:07;SKU-001;4;45000;0;CARD
REC-20260815-STORE_01-0428;STORE_01;CASH-08;2026-08-15 21:41:07;SKU-002;2;12000;0;CARD
REC-20260815-STORE_01-0428;STORE_01;CASH-03;2026-08-15 21:41:07;SKU-002;3;12000;0;CASH
REC-20260815-STORE_01-0428;STORE_01;CASH-09;2026-08-15 21:41:07;SKU-001;1;45000;0;CARD
REC-20260815-STORE_01-0429;STORE_01;CASH-03;2026-08-15 20:29:07;SKU-015;1;5000;0;CASH
REC-20260815-STORE_01-0429;STORE_01;CASH-05;2026-08-15 20:29:07;SKU-001;2;45000;1000;CASH
REC-20260815-STORE_01-0429;STORE_01;CASH-07;2026-08-15 20:29:07;SKU-035;2;5000;1000;CARD
REC-20260815-STORE_01-0429;STORE_01;CASH-05;2026-08-15 20:29:07;SKU-009;1;25000;0;CASH
REC-20260815-STORE_01-0430;STORE_01;CASH-10;2026-08-15 12:06:03;SKU-037;3;45000;500;CASH
REC-20260815-STORE_01-0430;STORE_01;CASH-02;2026-08-15 12:06:03;SKU-003;2;45000;1000;CARD
REC-20260815-STORE_01-0430;STORE_01;CASH-05;2026-08-15 12:06:03;SKU-003;3;45000;0;CASH
REC-20260815-STORE_01-0430;STORE_01;CASH-02;2026-08-15 12:06:03;SKU-001;1;45000;0;CASH
REC-20260815-STORE_01-0430;STORE_01;CASH-09;2026-08-15 12:06:03;SKU-019;3;25000;0;CASH
REC-20260815-STORE_01-0431;STORE_01;CASH-07;2026-08-15 8:46:24;SKU-011;1;5000;0;CARD
REC-20260815-STORE_01-0431;STORE_01;CASH-05;2026-08-15 8:46:24;SKU-016;1;25000;0;CARD
REC-20260815-STORE_01-0432;STORE_01;CASH-07;2026-08-15 11:24:20;SKU-031;1;45000;0;CARD
REC-20260815-STORE_01-0433;STORE_01;CASH-03;2026-08-15 13:03:11;SKU-001;2;45000;1000;CARD
REC-20260815-STORE_01-0433;STORE_01;CASH-06;2026-08-15 13:03:11;SKU-026;3;12000;0;CASH
REC-20260815-STORE_01-0433;STORE_01;CASH-03;2026-08-15 13:03:11;SKU-032;2;25000;0;CARD
REC-20260815-STORE_01-0433;STORE_01;CASH-03;2026-08-15 13:03:11;SKU-001;4;45000;0;CARD
REC-20260815-STORE_01-0433;STORE_01;CASH-07;2026-08-15 13:03:11;SKU-023;3;45000;1000;CARD
REC-20260815-STORE_01-0434;STORE_01;CASH-01;2026-08-15 20:10:20;SKU-004;3;25000;0;CARD
REC-20260815-STORE_01-0434;STORE_01;CASH-10;2026-08-15 20:10:20;SKU-002;4;12000;0;CARD
REC-20260815-STORE_01-0435;STORE_01;CASH-04;2026-08-15 8:57:32;SKU-009;2;25000;0;CASH
REC-20260815-STORE_01-0435;STORE_01;CASH-04;2026-08-15 8:57:32;SKU-001;4;45000;1000;CASH
REC-20260815-STORE_01-0435;STORE_01;CASH-03;2026-08-15 8:57:32;SKU-002;1;12000;0;CARD
REC-20260815-STORE_01-0436;STORE_01;CASH-04;2026-08-15 10:05:05;SKU-003;3;45000;1000;CARD
REC-20260815-STORE_01-0436;STORE_01;CASH-07;2026-08-15 10:05:05;SKU-005;3;5000;0;CARD
REC-20260815-STORE_01-0436;STORE_01;CASH-02;2026-08-15 10:05:05;SKU-017;3;12000;0;CARD
REC-20260815-STORE_01-0436;STORE_01;CASH-07;2026-08-15 10:05:05;SKU-001;3;45000;0;CASH
REC-20260815-STORE_01-0436;STORE_01;CASH-10;2026-08-15 10:05:05;SKU-001;3;45000;0;CASH
REC-20260815-STORE_01-0437;STORE_01;CASH-10;2026-08-15 12:01:35;SKU-041;1;25000;0;CARD
REC-20260815-STORE_01-0437;STORE_01;CASH-07;2026-08-15 12:01:35;SKU-039;1;5000;0;CASH
REC-20260815-STORE_01-0437;STORE_01;CASH-07;2026-08-15 12:01:35;SKU-002;4;12000;500;CASH
REC-20260815-STORE_01-0438;STORE_01;CASH-01;2026-08-15 12:28:25;SKU-002;1;12000;0;CASH
REC-20260815-STORE_01-0438;STORE_01;CASH-03;2026-08-15 12:28:25;SKU-040;1;25000;0;CARD
REC-20260815-STORE_01-0438;STORE_01;CASH-06;2026-08-15 12:28:25;SKU-001;3;45000;0;CARD
REC-20260815-STORE_01-0438;STORE_01;CASH-10;2026-08-15 12:28:25;SKU-001;2;45000;0;CARD
REC-20260815-STORE_01-0439;STORE_01;CASH-05;2026-08-15 10:08:08;SKU-001;2;45000;0;CARD
REC-20260815-STORE_01-0440;STORE_01;CASH-03;2026-08-15 15:46:52;SKU-001;4;45000;0;CARD
REC-20260815-STORE_01-0440;STORE_01;CASH-08;2026-08-15 15:46:52;SKU-001;3;45000;500;CASH
REC-20260815-STORE_01-0440;STORE_01;CASH-03;2026-08-15 15:46:52;SKU-001;2;45000;1000;CARD
REC-20260815-STORE_01-0440;STORE_01;CASH-03;2026-08-15 15:46:52;SKU-026;1;12000;0;CASH
REC-20260815-STORE_01-0440;STORE_01;CASH-04;2026-08-15 15:46:52;SKU-001;3;45000;1000;CARD
REC-20260815-STORE_01-0441;STORE_01;CASH-09;2026-08-15 21:11:05;SKU-002;3;12000;0;CARD
REC-20260815-STORE_01-0441;STORE_01;CASH-09;2026-08-15 21:11:05;SKU-025;1;5000;0;CARD
REC-20260815-STORE_01-0442;STORE_01;CASH-05;2026-08-15 20:59:41;SKU-045;1;45000;1000;CASH
REC-20260815-STORE_01-0443;STORE_01;CASH-01;2026-08-15 12:53:52;SKU-014;3;5000;0;CASH
REC-20260815-STORE_01-0443;STORE_01;CASH-07;2026-08-15 12:53:52;SKU-018;1;5000;0;CARD
REC-20260815-STORE_01-0444;STORE_01;CASH-02;2026-08-15 16:59:45;SKU-048;2;25000;1000;CARD
REC-20260815-STORE_01-0444;STORE_01;CASH-10;2026-08-15 16:59:45;SKU-010;2;25000;500;CASH
REC-20260815-STORE_01-0445;STORE_01;CASH-03;2026-08-15 19:55:56;SKU-003;3;45000;500;CARD
REC-20260815-STORE_01-0445;STORE_01;CASH-02;2026-08-15 19:55:56;SKU-005;1;5000;0;CASH
REC-20260815-STORE_01-0446;STORE_01;CASH-03;2026-08-15 21:36:06;SKU-003;3;45000;1000;CARD
REC-20260815-STORE_01-0446;STORE_01;CASH-08;2026-08-15 21:36:06;SKU-025;4;5000;500;CARD
REC-20260815-STORE_01-0446;STORE_01;CASH-06;2026-08-15 21:36:06;SKU-008;1;12000;0;CARD
REC-20260815-STORE_01-0446;STORE_01;CASH-04;2026-08-15 21:36:06;SKU-019;1;25000;0;CASH
REC-20260815-STORE_01-0447;STORE_01;CASH-10;2026-08-15 11:22:36;SKU-001;4;45000;0;CARD
REC-20260815-STORE_01-0447;STORE_01;CASH-05;2026-08-15 11:22:36;SKU-001;4;45000;0;CARD
REC-20260815-STORE_01-0447;STORE_01;CASH-06;2026-08-15 11:22:36;SKU-024;4;12000;1000;CARD
REC-20260815-STORE_01-0447;STORE_01;CASH-02;2026-08-15 11:22:36;SKU-029;2;5000;0;CASH
REC-20260815-STORE_01-0447;STORE_01;CASH-03;2026-08-15 11:22:36;SKU-007;1;12000;1000;CARD
REC-20260815-STORE_01-0448;STORE_01;CASH-10;2026-08-15 9:52:34;SKU-004;3;25000;1000;CARD
REC-20260815-STORE_01-0448;STORE_01;CASH-03;2026-08-15 9:52:34;SKU-006;1;45000;0;CASH
REC-20260815-STORE_01-0448;STORE_01;CASH-02;2026-08-15 9:52:34;SKU-017;1;12000;1000;CARD
REC-20260815-STORE_01-0448;STORE_01;CASH-02;2026-08-15 9:52:34;SKU-002;2;12000;0;CARD
REC-20260815-STORE_01-0448;STORE_01;CASH-04;2026-08-15 9:52:34;SKU-004;2;25000;0;CARD
REC-20260815-STORE_01-0449;STORE_01;CASH-09;2026-08-15 15:49:37;SKU-030;3;45000;1000;CARD
REC-20260815-STORE_01-0449;STORE_01;CASH-03;2026-08-15 15:49:37;SKU-006;1;45000;500;CARD
REC-20260815-STORE_01-0449;STORE_01;CASH-06;2026-08-15 15:49:37;SKU-026;4;12000;0;CASH
REC-20260815-STORE_01-0449;STORE_01;CASH-05;2026-08-15 15:49:37;SKU-001;2;45000;500;CARD
REC-20260815-STORE_01-0449;STORE_01;CASH-10;2026-08-15 15:49:37;SKU-003;4;45000;500;CARD
REC-20260815-STORE_01-0450;STORE_01;CASH-01;2026-08-15 17:01:37;SKU-001;1;45000;1000;CARD
REC-20260815-STORE_01-0450;STORE_01;CASH-10;2026-08-15 17:01:37;SKU-004;2;25000;500;CASH
REC-20260815-STORE_01-0451;STORE_01;CASH-10;2026-08-15 8:00:28;SKU-005;1;5000;500;CARD
REC-20260815-STORE_01-0451;STORE_01;CASH-04;2026-08-15 8:00:28;SKU-050;3;25000;0;CARD
REC-20260815-STORE_01-0451;STORE_01;CASH-09;2026-08-15 8:00:28;SKU-001;4;45000;1000;CARD
REC-20260815-STORE_01-0451;STORE_01;CASH-10;2026-08-15 8:00:28;SKU-011;2;5000;1000;CASH
REC-20260815-STORE_01-0452;STORE_01;CASH-06;2026-08-15 10:10:58;SKU-001;1;45000;0;CARD
REC-20260815-STORE_01-0452;STORE_01;CASH-08;2026-08-15 10:10:58;SKU-018;4;5000;1000;CARD
REC-20260815-STORE_01-0452;STORE_01;CASH-10;2026-08-15 10:10:58;SKU-002;1;12000;0;CASH
REC-20260815-STORE_01-0452;STORE_01;CASH-06;2026-08-15 10:10:58;SKU-001;1;45000;0;CASH
REC-20260815-STORE_01-0453;STORE_01;CASH-01;2026-08-15 17:44:46;SKU-016;3;25000;0;CARD
REC-20260815-STORE_01-0453;STORE_01;CASH-09;2026-08-15 17:44:46;SKU-002;1;12000;1000;CASH
REC-20260815-STORE_01-0453;STORE_01;CASH-05;2026-08-15 17:44:46;SKU-006;4;45000;1000;CASH
REC-20260815-STORE_01-0454;STORE_01;CASH-01;2026-08-15 9:17:11;SKU-001;2;45000;500;CASH
REC-20260815-STORE_01-0454;STORE_01;CASH-06;2026-08-15 9:17:11;SKU-008;2;12000;500;CASH
REC-20260815-STORE_01-0454;STORE_01;CASH-01;2026-08-15 9:17:11;SKU-009;1;25000;0;CASH
REC-20260815-STORE_01-0455;STORE_01;CASH-06;2026-08-15 12:48:21;SKU-031;4;45000;0;CASH
REC-20260815-STORE_01-0455;STORE_01;CASH-02;2026-08-15 12:48:21;SKU-001;2;45000;0;CASH
REC-20260815-STORE_01-0456;STORE_01;CASH-01;2026-08-15 12:06:49;SKU-003;3;45000;0;CARD
REC-20260815-STORE_01-0456;STORE_01;CASH-03;2026-08-15 12:06:49;SKU-001;3;45000;0;CARD
REC-20260815-STORE_01-0457;STORE_01;CASH-07;2026-08-15 12:02:42;SKU-007;3;12000;0;CASH
REC-20260815-STORE_01-0457;STORE_01;CASH-09;2026-08-15 12:02:42;SKU-001;2;45000;1000;CARD
REC-20260815-STORE_01-0457;STORE_01;CASH-04;2026-08-15 12:02:42;SKU-024;4;12000;0;CARD
REC-20260815-STORE_01-0457;STORE_01;CASH-01;2026-08-15 12:02:42;SKU-003;1;45000;0;CASH
REC-20260815-STORE_01-0457;STORE_01;CASH-09;2026-08-15 12:02:42;SKU-017;4;12000;1000;CARD
REC-20260815-STORE_01-0458;STORE_01;CASH-05;2026-08-15 20:36:50;SKU-001;2;45000;0;CASH
REC-20260815-STORE_01-0458;STORE_01;CASH-04;2026-08-15 20:36:50;SKU-008;4;12000;500;CASH
REC-20260815-STORE_01-0458;STORE_01;CASH-01;2026-08-15 20:36:50;SKU-006;1;45000;500;CARD
REC-20260815-STORE_01-0458;STORE_01;CASH-07;2026-08-15 20:36:50;SKU-002;4;12000;1000;CASH
REC-20260815-STORE_01-0458;STORE_01;CASH-07;2026-08-15 20:36:50;SKU-003;2;45000;0;CARD
REC-20260815-STORE_01-0459;STORE_01;CASH-03;2026-08-15 19:11:24;SKU-011;2;5000;0;CARD
REC-20260815-STORE_01-0459;STORE_01;CASH-06;2026-08-15 19:11:24;SKU-005;3;5000;0;CASH
REC-20260815-STORE_01-0460;STORE_01;CASH-10;2026-08-15 21:27:57;SKU-003;3;45000;0;CARD
REC-20260815-STORE_01-0460;STORE_01;CASH-03;2026-08-15 21:27:57;SKU-001;2;45000;500;CASH
REC-20260815-STORE_01-0461;STORE_01;CASH-04;2026-08-15 18:30:51;SKU-011;2;5000;0;CARD
REC-20260815-STORE_01-0462;STORE_01;CASH-04;2026-08-15 9:32:54;SKU-011;2;5000;1000;CARD
REC-20260815-STORE_01-0462;STORE_01;CASH-04;2026-08-15 9:32:54;SKU-001;3;45000;500;CARD
REC-20260815-STORE_01-0462;STORE_01;CASH-02;2026-08-15 9:32:54;SKU-002;2;12000;0;CARD
REC-20260815-STORE_01-0463;STORE_01;CASH-03;2026-08-15 21:10:40;SKU-001;4;45000;0;CASH
REC-20260815-STORE_01-0463;STORE_01;CASH-08;2026-08-15 21:10:40;SKU-011;1;5000;0;CASH
REC-20260815-STORE_01-0464;STORE_01;CASH-05;2026-08-15 8:45:26;SKU-003;2;45000;1000;CARD
REC-20260815-STORE_01-0464;STORE_01;CASH-01;2026-08-15 8:45:26;SKU-002;2;12000;0;CASH
REC-20260815-STORE_01-0465;STORE_01;CASH-01;2026-08-15 18:49:39;SKU-004;1;25000;1000;CASH
REC-20260815-STORE_01-0466;STORE_01;CASH-03;2026-08-15 8:12:56;SKU-005;3;5000;500;CASH
REC-20260815-STORE_01-0466;STORE_01;CASH-01;2026-08-15 8:12:56;SKU-001;2;45000;0;CARD
REC-20260815-STORE_01-0467;STORE_01;CASH-08;2026-08-15 14:34:54;SKU-002;1;12000;0;CASH
REC-20260815-STORE_01-0468;STORE_01;CASH-03;2026-08-15 18:40:22;SKU-031;1;45000;0;CARD
REC-20260815-STORE_01-0468;STORE_01;CASH-07;2026-08-15 18:40:22;SKU-012;1;45000;500;CASH
REC-20260815-STORE_01-0468;STORE_01;CASH-01;2026-08-15 18:40:22;SKU-001;3;45000;0;CARD
REC-20260815-STORE_01-0469;STORE_01;CASH-03;2026-08-15 13:58:01;SKU-002;2;12000;1000;CARD
REC-20260815-STORE_01-0469;STORE_01;CASH-02;2026-08-15 13:58:01;SKU-001;3;45000;1000;CARD
REC-20260815-STORE_01-0469;STORE_01;CASH-08;2026-08-15 13:58:01;SKU-028;4;5000;0;CASH
REC-20260815-STORE_01-0470;STORE_01;CASH-06;2026-08-15 9:58:24;SKU-005;1;5000;0;CARD
REC-20260815-STORE_01-0470;STORE_01;CASH-03;2026-08-15 9:58:24;SKU-007;1;12000;0;CARD
REC-20260815-STORE_01-0470;STORE_01;CASH-04;2026-08-15 9:58:24;SKU-004;1;25000;0;CASH
REC-20260815-STORE_01-0471;STORE_01;CASH-06;2026-08-15 11:58:44;SKU-041;4;25000;500;CARD
REC-20260815-STORE_01-0471;STORE_01;CASH-07;2026-08-15 11:58:44;SKU-007;1;12000;0;CASH
REC-20260815-STORE_01-0472;STORE_01;CASH-08;2026-08-15 21:46:44;SKU-026;4;12000;500;CARD
REC-20260815-STORE_01-0472;STORE_01;CASH-04;2026-08-15 21:46:44;SKU-008;1;12000;1000;CARD
REC-20260815-STORE_01-0472;STORE_01;CASH-02;2026-08-15 21:46:44;SKU-005;2;5000;0;CASH
REC-20260815-STORE_01-0473;STORE_01;CASH-05;2026-08-15 11:16:16;SKU-006;4;45000;1000;CARD
REC-20260815-STORE_01-0473;STORE_01;CASH-05;2026-08-15 11:16:16;SKU-012;1;45000;0;CARD
REC-20260815-STORE_01-0473;STORE_01;CASH-05;2026-08-15 11:16:16;SKU-003;1;45000;0;CARD
REC-20260815-STORE_01-0473;STORE_01;CASH-03;2026-08-15 11:16:16;SKU-002;3;12000;500;CARD
REC-20260815-STORE_01-0474;STORE_01;CASH-07;2026-08-15 18:03:43;SKU-023;1;45000;0;CARD
REC-20260815-STORE_01-0474;STORE_01;CASH-01;2026-08-15 18:03:43;SKU-008;1;12000;500;CARD
REC-20260815-STORE_01-0474;STORE_01;CASH-08;2026-08-15 18:03:43;SKU-031;3;45000;0;CASH
REC-20260815-STORE_01-0475;STORE_01;CASH-02;2026-08-15 8:31:07;SKU-002;1;12000;0;CARD
REC-20260815-STORE_01-0475;STORE_01;CASH-02;2026-08-15 8:31:07;SKU-002;4;12000;0;CASH
REC-20260815-STORE_01-0476;STORE_01;CASH-05;2026-08-15 14:19:26;SKU-002;2;12000;0;CASH
REC-20260815-STORE_01-0476;STORE_01;CASH-02;2026-08-15 14:19:26;SKU-004;3;25000;1000;CARD
REC-20260815-STORE_01-0476;STORE_01;CASH-02;2026-08-15 14:19:26;SKU-011;2;5000;500;CARD
REC-20260815-STORE_01-0476;STORE_01;CASH-06;2026-08-15 14:19:26;SKU-015;2;5000;1000;CARD
REC-20260815-STORE_01-0476;STORE_01;CASH-02;2026-08-15 14:19:26;SKU-001;2;45000;1000;CARD
REC-20260815-STORE_01-0477;STORE_01;CASH-06;2026-08-15 15:03:02;SKU-034;1;25000;0;CARD
REC-20260815-STORE_01-0477;STORE_01;CASH-03;2026-08-15 15:03:02;SKU-004;2;25000;0;CARD
REC-20260815-STORE_01-0477;STORE_01;CASH-06;2026-08-15 15:03:02;SKU-007;4;12000;0;CARD
REC-20260815-STORE_01-0477;STORE_01;CASH-06;2026-08-15 15:03:02;SKU-001;3;45000;0;CASH
REC-20260815-STORE_01-0478;STORE_01;CASH-05;2026-08-15 19:07:13;SKU-001;3;45000;500;CARD
REC-20260815-STORE_01-0478;STORE_01;CASH-05;2026-08-15 19:07:13;SKU-001;1;45000;1000;CARD
REC-20260815-STORE_01-0478;STORE_01;CASH-02;2026-08-15 19:07:13;SKU-020;1;12000;1000;CASH
REC-20260815-STORE_01-0478;STORE_01;CASH-05;2026-08-15 19:07:13;SKU-001;3;45000;0;CARD
REC-20260815-STORE_01-0478;STORE_01;CASH-03;2026-08-15 19:07:13;SKU-028;1;5000;0;CARD
REC-20260815-STORE_01-0479;STORE_01;CASH-02;2026-08-15 11:16:09;SKU-004;1;25000;0;CARD
REC-20260815-STORE_01-0480;STORE_01;CASH-09;2026-08-15 8:28:08;SKU-006;3;45000;500;CARD
REC-20260815-STORE_01-0480;STORE_01;CASH-06;2026-08-15 8:28:08;SKU-021;3;5000;0;CARD
REC-20260815-STORE_01-0481;STORE_01;CASH-10;2026-08-15 21:54:33;SKU-012;2;45000;0;CASH
REC-20260815-STORE_01-0481;STORE_01;CASH-04;2026-08-15 21:54:33;SKU-002;3;12000;500;CASH
REC-20260815-STORE_01-0481;STORE_01;CASH-09;2026-08-15 21:54:33;SKU-023;1;45000;0;CARD
REC-20260815-STORE_01-0482;STORE_01;CASH-09;2026-08-15 19:29:07;SKU-002;1;12000;0;CARD
REC-20260815-STORE_01-0482;STORE_01;CASH-01;2026-08-15 19:29:07;SKU-020;4;12000;0;CARD
REC-20260815-STORE_01-0482;STORE_01;CASH-01;2026-08-15 19:29:07;SKU-022;2;12000;0;CARD
REC-20260815-STORE_01-0483;STORE_01;CASH-02;2026-08-15 13:45:56;SKU-047;1;5000;1000;CARD
REC-20260815-STORE_01-0483;STORE_01;CASH-02;2026-08-15 13:45:56;SKU-002;3;12000;500;CARD
REC-20260815-STORE_01-0484;STORE_01;CASH-04;2026-08-15 10:23:06;SKU-009;2;25000;0;CARD
REC-20260815-STORE_01-0484;STORE_01;CASH-08;2026-08-15 10:23:06;SKU-015;3;5000;0;CARD
REC-20260815-STORE_01-0485;STORE_01;CASH-09;2026-08-15 14:46:23;SKU-002;2;12000;0;CARD
REC-20260815-STORE_01-0485;STORE_01;CASH-04;2026-08-15 14:46:23;SKU-011;4;5000;500;CASH
REC-20260815-STORE_01-0486;STORE_01;CASH-04;2026-08-15 21:41:05;SKU-001;2;45000;1000;CARD
REC-20260815-STORE_01-0487;STORE_01;CASH-10;2026-08-15 20:55:12;SKU-001;1;45000;500;CASH
REC-20260815-STORE_01-0487;STORE_01;CASH-10;2026-08-15 20:55:12;SKU-003;4;45000;0;CARD
REC-20260815-STORE_01-0487;STORE_01;CASH-04;2026-08-15 20:55:12;SKU-009;1;25000;0;CASH
REC-20260815-STORE_01-0487;STORE_01;CASH-08;2026-08-15 20:55:12;SKU-030;3;45000;0;CARD
REC-20260815-STORE_01-0487;STORE_01;CASH-10;2026-08-15 20:55:12;SKU-018;1;5000;0;CARD
REC-20260815-STORE_01-0488;STORE_01;CASH-01;2026-08-15 11:01:37;SKU-003;3;45000;0;CARD
REC-20260815-STORE_01-0488;STORE_01;CASH-10;2026-08-15 11:01:37;SKU-005;1;5000;500;CARD
REC-20260815-STORE_01-0488;STORE_01;CASH-04;2026-08-15 11:01:37;SKU-019;1;25000;1000;CARD
REC-20260815-STORE_01-0488;STORE_01;CASH-01;2026-08-15 11:01:37;SKU-018;1;5000;500;CARD
REC-20260815-STORE_01-0488;STORE_01;CASH-03;2026-08-15 11:01:37;SKU-029;2;5000;0;CARD
REC-20260815-STORE_01-0489;STORE_01;CASH-10;2026-08-15 15:42:01;SKU-007;4;12000;0;CASH
REC-20260815-STORE_01-0489;STORE_01;CASH-09;2026-08-15 15:42:01;SKU-002;4;12000;0;CARD
REC-20260815-STORE_01-0489;STORE_01;CASH-02;2026-08-15 15:42:01;SKU-008;4;12000;0;CARD
REC-20260815-STORE_01-0489;STORE_01;CASH-02;2026-08-15 15:42:01;SKU-016;3;25000;0;CASH
REC-20260815-STORE_01-0490;STORE_01;CASH-10;2026-08-15 16:17:33;SKU-020;2;12000;0;CASH
REC-20260815-STORE_01-0490;STORE_01;CASH-09;2026-08-15 16:17:33;SKU-041;3;25000;1000;CARD
REC-20260815-STORE_01-0490;STORE_01;CASH-03;2026-08-15 16:17:33;SKU-027;1;5000;500;CASH
REC-20260815-STORE_01-0491;STORE_01;CASH-04;2026-08-15 8:54:50;SKU-005;2;5000;0;CARD
REC-20260815-STORE_01-0491;STORE_01;CASH-06;2026-08-15 8:54:50;SKU-022;2;12000;0;CASH
REC-20260815-STORE_01-0491;STORE_01;CASH-09;2026-08-15 8:54:50;SKU-005;2;5000;1000;CARD
REC-20260815-STORE_01-0492;STORE_01;CASH-01;2026-08-15 11:58:19;SKU-013;4;12000;0;CASH
REC-20260815-STORE_01-0492;STORE_01;CASH-04;2026-08-15 11:58:19;SKU-001;1;45000;1000;CARD
REC-20260815-STORE_01-0493;STORE_01;CASH-01;2026-08-15 15:58:38;SKU-045;1;45000;1000;CARD
REC-20260815-STORE_01-0493;STORE_01;CASH-07;2026-08-15 15:58:38;SKU-002;2;12000;1000;CARD
REC-20260815-STORE_01-0493;STORE_01;CASH-03;2026-08-15 15:58:38;SKU-001;3;45000;1000;CASH
REC-20260815-STORE_01-0494;STORE_01;CASH-06;2026-08-15 13:36:56;SKU-041;2;25000;0;CASH
REC-20260815-STORE_01-0494;STORE_01;CASH-03;2026-08-15 13:36:56;SKU-006;2;45000;0;CARD
REC-20260815-STORE_01-0494;STORE_01;CASH-05;2026-08-15 13:36:56;SKU-011;1;5000;500;CARD
REC-20260815-STORE_01-0494;STORE_01;CASH-09;2026-08-15 13:36:56;SKU-008;2;12000;0;CARD
REC-20260815-STORE_01-0495;STORE_01;CASH-09;2026-08-15 13:40:06;SKU-003;3;45000;0;CARD
REC-20260815-STORE_01-0495;STORE_01;CASH-04;2026-08-15 13:40:06;SKU-003;2;45000;1000;CASH
REC-20260815-STORE_01-0495;STORE_01;CASH-03;2026-08-15 13:40:06;SKU-010;1;25000;0;CARD
REC-20260815-STORE_01-0495;STORE_01;CASH-03;2026-08-15 13:40:06;SKU-001;4;45000;0;CARD
REC-20260815-STORE_01-0496;STORE_01;CASH-06;2026-08-15 8:03:30;SKU-006;1;45000;0;CARD
REC-20260815-STORE_01-0496;STORE_01;CASH-06;2026-08-15 8:03:30;SKU-012;1;45000;500;CARD
REC-20260815-STORE_01-0497;STORE_01;CASH-09;2026-08-15 13:29:55;SKU-011;3;5000;0;CARD
REC-20260815-STORE_01-0497;STORE_01;CASH-09;2026-08-15 13:29:55;SKU-002;1;12000;500;CARD
REC-20260815-STORE_01-0498;STORE_01;CASH-01;2026-08-15 18:29:59;SKU-002;3;12000;1000;CARD
REC-20260815-STORE_01-0498;STORE_01;CASH-08;2026-08-15 18:29:59;SKU-031;1;45000;0;CARD
REC-20260815-STORE_01-0498;STORE_01;CASH-10;2026-08-15 18:29:59;SKU-036;2;45000;1000;CARD
REC-20260815-STORE_01-0498;STORE_01;CASH-08;2026-08-15 18:29:59;SKU-028;1;5000;0;CASH
REC-20260815-STORE_01-0499;STORE_01;CASH-07;2026-08-15 9:30:41;SKU-002;1;12000;0;CASH
REC-20260815-STORE_01-0499;STORE_01;CASH-06;2026-08-15 9:30:41;SKU-003;4;45000;0;CARD
REC-20260815-STORE_01-0499;STORE_01;CASH-06;2026-08-15 9:30:41;SKU-020;2;12000;0;CARD
REC-20260815-STORE_01-0499;STORE_01;CASH-08;2026-08-15 9:30:41;SKU-019;3;25000;0;CARD
REC-20260815-STORE_01-0499;STORE_01;CASH-02;2026-08-15 9:30:41;SKU-001;4;45000;500;CARD
REC-20260815-STORE_01-0500;STORE_01;CASH-05;2026-08-15 18:26:46;SKU-008;1;12000;1000;CARD
REC-20260815-STORE_01-0500;STORE_01;CASH-08;2026-08-15 18:26:46;SKU-005;2;5000;500;CARD
REC-20260815-STORE_01-0501;STORE_01;CASH-10;2026-08-15 11:04:19;SKU-022;1;12000;0;CASH
REC-20260815-STORE_01-0501;STORE_01;CASH-03;2026-08-15 11:04:19;SKU-006;3;45000;0;CARD
REC-20260815-STORE_01-0502;STORE_01;CASH-08;2026-08-15 12:49:08;SKU-024;1;12000;500;CARD
REC-20260815-STORE_01-0502;STORE_01;CASH-04;2026-08-15 12:49:08;SKU-002;1;12000;0;CARD
REC-20260815-STORE_01-0502;STORE_01;CASH-08;2026-08-15 12:49:08;SKU-011;3;5000;0;CARD
REC-20260815-STORE_01-0502;STORE_01;CASH-02;2026-08-15 12:49:08;SKU-034;1;25000;0;CARD
REC-20260815-STORE_01-0503;STORE_01;CASH-07;2026-08-15 10:53:33;SKU-001;2;45000;0;CASH
REC-20260815-STORE_01-0503;STORE_01;CASH-10;2026-08-15 10:53:33;SKU-002;3;12000;1000;CARD
REC-20260815-STORE_01-0503;STORE_01;CASH-04;2026-08-15 10:53:33;SKU-004;1;25000;0;CASH
REC-20260815-STORE_01-0503;STORE_01;CASH-05;2026-08-15 10:53:33;SKU-001;2;45000;500;CASH
REC-20260815-STORE_01-0504;STORE_01;CASH-02;2026-08-15 16:21:31;SKU-008;3;12000;500;CARD
REC-20260815-STORE_01-0505;STORE_01;CASH-10;2026-08-15 21:58:19;SKU-008;4;12000;0;CARD
REC-20260815-STORE_01-0505;STORE_01;CASH-08;2026-08-15 21:58:19;SKU-003;1;45000;1000;CARD
REC-20260815-STORE_01-0505;STORE_01;CASH-01;2026-08-15 21:58:19;SKU-003;4;45000;0;CASH
REC-20260815-STORE_01-0505;STORE_01;CASH-01;2026-08-15 21:58:19;SKU-007;4;12000;500;CARD
REC-20260815-STORE_01-0505;STORE_01;CASH-07;2026-08-15 21:58:19;SKU-050;2;25000;500;CASH
REC-20260815-STORE_01-0506;STORE_01;CASH-02;2026-08-15 17:50:55;SKU-009;3;25000;0;CARD
REC-20260815-STORE_01-0506;STORE_01;CASH-08;2026-08-15 17:50:55;SKU-001;1;45000;0;CARD
REC-20260815-STORE_01-0507;STORE_01;CASH-01;2026-08-15 12:32:22;SKU-001;1;45000;1000;CARD
REC-20260815-STORE_01-0507;STORE_01;CASH-02;2026-08-15 12:32:22;SKU-002;1;12000;0;CASH
REC-20260815-STORE_01-0508;STORE_01;CASH-07;2026-08-15 11:52:38;SKU-001;1;45000;0;CASH
REC-20260815-STORE_01-0509;STORE_01;CASH-02;2026-08-15 14:00:43;SKU-001;3;45000;500;CARD
REC-20260815-STORE_01-0509;STORE_01;CASH-07;2026-08-15 14:00:43;SKU-001;3;45000;1000;CARD
REC-20260815-STORE_01-0510;STORE_01;CASH-06;2026-08-15 20:12:43;SKU-031;4;45000;0;CARD
REC-20260815-STORE_01-0510;STORE_01;CASH-07;2026-08-15 20:12:43;SKU-002;3;12000;0;CARD
REC-20260815-STORE_01-0510;STORE_01;CASH-05;2026-08-15 20:12:43;SKU-008;1;12000;0;CASH
REC-20260815-STORE_01-0511;STORE_01;CASH-06;2026-08-15 18:41:50;SKU-008;4;12000;0;CARD
REC-20260815-STORE_01-0511;STORE_01;CASH-06;2026-08-15 18:41:50;SKU-001;4;45000;0;CASH
REC-20260815-STORE_01-0511;STORE_01;CASH-06;2026-08-15 18:41:50;SKU-026;2;12000;0;CASH
REC-20260815-STORE_01-0511;STORE_01;CASH-10;2026-08-15 18:41:50;SKU-010;1;25000;0;CARD
REC-20260815-STORE_01-0511;STORE_01;CASH-02;2026-08-15 18:41:50;SKU-018;3;5000;1000;CASH
REC-20260815-STORE_01-0512;STORE_01;CASH-07;2026-08-15 17:16:43;SKU-003;1;45000;0;CASH
REC-20260815-STORE_01-0512;STORE_01;CASH-05;2026-08-15 17:16:43;SKU-023;3;45000;0;CARD
REC-20260815-STORE_01-0513;STORE_01;CASH-01;2026-08-15 9:10:22;SKU-002;2;12000;500;CARD
REC-20260815-STORE_01-0513;STORE_01;CASH-09;2026-08-15 9:10:22;SKU-001;2;45000;0;CASH
REC-20260815-STORE_01-0513;STORE_01;CASH-05;2026-08-15 9:10:22;SKU-042;4;5000;1000;CARD
REC-20260815-STORE_01-0513;STORE_01;CASH-08;2026-08-15 9:10:22;SKU-001;2;45000;0;CARD
REC-20260815-STORE_01-0514;STORE_01;CASH-04;2026-08-15 18:48:05;SKU-002;3;12000;0;CASH
REC-20260815-STORE_01-0515;STORE_01;CASH-07;2026-08-15 20:43:24;SKU-001;3;45000;0;CASH
REC-20260815-STORE_01-0515;STORE_01;CASH-04;2026-08-15 20:43:24;SKU-001;3;45000;500;CARD
REC-20260815-STORE_01-0515;STORE_01;CASH-07;2026-08-15 20:43:24;SKU-004;2;25000;0;CARD
REC-20260815-STORE_01-0515;STORE_01;CASH-08;2026-08-15 20:43:24;SKU-001;2;45000;0;CARD
REC-20260815-STORE_01-0515;STORE_01;CASH-08;2026-08-15 20:43:24;SKU-027;1;5000;1000;CARD
REC-20260815-STORE_01-0516;STORE_01;CASH-05;2026-08-15 16:20:58;SKU-047;2;5000;1000;CASH
REC-20260815-STORE_01-0516;STORE_01;CASH-03;2026-08-15 16:20:58;SKU-030;1;45000;0;CASH
REC-20260815-STORE_01-0516;STORE_01;CASH-03;2026-08-15 16:20:58;SKU-014;1;5000;1000;CARD
REC-20260815-STORE_01-0516;STORE_01;CASH-10;2026-08-15 16:20:58;SKU-009;3;25000;0;CARD
REC-20260815-STORE_01-0516;STORE_01;CASH-05;2026-08-15 16:20:58;SKU-001;3;45000;0;CARD
REC-20260815-STORE_01-0517;STORE_01;CASH-02;2026-08-15 14:19:22;SKU-002;2;12000;0;CARD
REC-20260815-STORE_01-0517;STORE_01;CASH-10;2026-08-15 14:19:22;SKU-020;4;12000;1000;CASH
REC-20260815-STORE_01-0517;STORE_01;CASH-02;2026-08-15 14:19:22;SKU-001;1;45000;1000;CARD
REC-20260815-STORE_01-0517;STORE_01;CASH-01;2026-08-15 14:19:22;SKU-041;2;25000;0;CARD
REC-20260815-STORE_01-0518;STORE_01;CASH-03;2026-08-15 21:56:57;SKU-003;4;45000;0;CASH
REC-20260815-STORE_01-0518;STORE_01;CASH-06;2026-08-15 21:56:57;SKU-004;1;25000;0;CASH
REC-20260815-STORE_01-0518;STORE_01;CASH-09;2026-08-15 21:56:57;SKU-001;4;45000;1000;CASH
REC-20260815-STORE_01-0518;STORE_01;CASH-02;2026-08-15 21:56:57;SKU-022;2;12000;0;CARD
REC-20260815-STORE_01-0518;STORE_01;CASH-06;2026-08-15 21:56:57;SKU-011;3;5000;0;CARD
REC-20260815-STORE_01-0519;STORE_01;CASH-04;2026-08-15 14:20:24;SKU-045;2;45000;500;CASH
REC-20260815-STORE_01-0520;STORE_01;CASH-07;2026-08-15 20:06:03;SKU-031;3;45000;500;CASH
REC-20260815-STORE_01-0520;STORE_01;CASH-07;2026-08-15 20:06:03;SKU-023;2;45000;0;CARD
REC-20260815-STORE_01-0520;STORE_01;CASH-05;2026-08-15 20:06:03;SKU-005;3;5000;0;CARD
REC-20260815-STORE_01-0520;STORE_01;CASH-04;2026-08-15 20:06:03;SKU-007;3;12000;500;CARD
REC-20260815-STORE_01-0521;STORE_01;CASH-09;2026-08-15 10:48:28;SKU-002;2;12000;0;CASH
REC-20260815-STORE_01-0522;STORE_01;CASH-09;2026-08-15 18:27:22;SKU-039;3;5000;0;CARD
REC-20260815-STORE_01-0522;STORE_01;CASH-09;2026-08-15 18:27:22;SKU-005;2;5000;0;CARD
REC-20260815-STORE_01-0522;STORE_01;CASH-01;2026-08-15 18:27:22;SKU-036;2;45000;500;CARD
REC-20260815-STORE_01-0522;STORE_01;CASH-04;2026-08-15 18:27:22;SKU-019;1;25000;0;CASH
REC-20260815-STORE_01-0522;STORE_01;CASH-02;2026-08-15 18:27:22;SKU-001;3;45000;0;CARD
REC-20260815-STORE_01-0523;STORE_01;CASH-04;2026-08-15 9:09:08;SKU-002;3;12000;1000;CARD
REC-20260815-STORE_01-0523;STORE_01;CASH-07;2026-08-15 9:09:08;SKU-002;3;12000;0;CASH
REC-20260815-STORE_01-0523;STORE_01;CASH-04;2026-08-15 9:09:08;SKU-008;2;12000;0;CARD
REC-20260815-STORE_01-0523;STORE_01;CASH-07;2026-08-15 9:09:08;SKU-019;1;25000;0;CARD
REC-20260815-STORE_01-0524;STORE_01;CASH-07;2026-08-15 16:20:10;SKU-007;4;12000;0;CASH
REC-20260815-STORE_01-0524;STORE_01;CASH-02;2026-08-15 16:20:10;SKU-026;1;12000;0;CARD
REC-20260815-STORE_01-0524;STORE_01;CASH-01;2026-08-15 16:20:10;SKU-003;2;45000;0;CARD
REC-20260815-STORE_01-0524;STORE_01;CASH-06;2026-08-15 16:20:10;SKU-004;1;25000;0;CARD
REC-20260815-STORE_01-0525;STORE_01;CASH-01;2026-08-15 17:01:01;SKU-008;1;12000;0;CARD
REC-20260815-STORE_01-0526;STORE_01;CASH-03;2026-08-15 11:20:31;SKU-012;4;45000;0;CASH
REC-20260815-STORE_01-0526;STORE_01;CASH-07;2026-08-15 11:20:31;SKU-022;3;12000;1000;CASH
REC-20260815-STORE_01-0527;STORE_01;CASH-05;2026-08-15 19:51:49;SKU-006;3;45000;0;CARD
REC-20260815-STORE_01-0528;STORE_01;CASH-09;2026-08-15 12:38:32;SKU-001;1;45000;0;CASH
REC-20260815-STORE_01-0528;STORE_01;CASH-09;2026-08-15 12:38:32;SKU-003;2;45000;1000;CASH
REC-20260815-STORE_01-0528;STORE_01;CASH-10;2026-08-15 12:38:32;SKU-009;4;25000;0;CASH
REC-20260815-STORE_01-0528;STORE_01;CASH-04;2026-08-15 12:38:32;SKU-003;2;45000;0;CASH
REC-20260815-STORE_01-0529;STORE_01;CASH-03;2026-08-15 20:36:26;SKU-007;1;12000;0;CARD
REC-20260815-STORE_01-0529;STORE_01;CASH-06;2026-08-15 20:36:26;SKU-003;3;45000;0;CARD
REC-20260815-STORE_01-0529;STORE_01;CASH-05;2026-08-15 20:36:26;SKU-016;1;25000;500;CASH
REC-20260815-STORE_01-0529;STORE_01;CASH-10;2026-08-15 20:36:26;SKU-010;1;25000;500;CASH
REC-20260815-STORE_01-0530;STORE_01;CASH-01;2026-08-15 18:25:32;SKU-010;3;25000;0;CARD
REC-20260815-STORE_01-0531;STORE_01;CASH-03;2026-08-15 8:34:32;SKU-001;3;45000;0;CARD
REC-20260815-STORE_01-0531;STORE_01;CASH-02;2026-08-15 8:34:32;SKU-002;1;12000;0;CASH
REC-20260815-STORE_01-0531;STORE_01;CASH-05;2026-08-15 8:34:32;SKU-039;3;5000;0;CARD
REC-20260815-STORE_01-0531;STORE_01;CASH-09;2026-08-15 8:34:32;SKU-031;1;45000;500;CARD
REC-20260815-STORE_01-0531;STORE_01;CASH-02;2026-08-15 8:34:32;SKU-032;2;25000;0;CARD
REC-20260815-STORE_01-0532;STORE_01;CASH-06;2026-08-15 13:35:39;SKU-003;1;45000;0;CARD
REC-20260815-STORE_01-0532;STORE_01;CASH-07;2026-08-15 13:35:39;SKU-036;3;45000;0;CARD
REC-20260815-STORE_01-0533;STORE_01;CASH-05;2026-08-15 12:17:51;SKU-048;1;25000;0;CARD
REC-20260815-STORE_01-0534;STORE_01;CASH-05;2026-08-15 8:56:03;SKU-036;3;45000;500;CARD
REC-20260815-STORE_01-0534;STORE_01;CASH-08;2026-08-15 8:56:03;SKU-002;1;12000;500;CASH
REC-20260815-STORE_01-0534;STORE_01;CASH-08;2026-08-15 8:56:03;SKU-001;1;45000;500;CASH
REC-20260815-STORE_01-0535;STORE_01;CASH-08;2026-08-15 15:41:45;SKU-042;4;5000;0;CASH
REC-20260815-STORE_01-0535;STORE_01;CASH-10;2026-08-15 15:41:45;SKU-003;4;45000;0;CASH
REC-20260815-STORE_01-0535;STORE_01;CASH-09;2026-08-15 15:41:45;SKU-001;1;45000;0;CARD
REC-20260815-STORE_01-0536;STORE_01;CASH-07;2026-08-15 18:32:19;SKU-001;1;45000;1000;CASH
REC-20260815-STORE_01-0536;STORE_01;CASH-04;2026-08-15 18:32:19;SKU-019;4;25000;0;CARD
REC-20260815-STORE_01-0537;STORE_01;CASH-07;2026-08-15 19:43:36;SKU-001;4;45000;500;CARD
REC-20260815-STORE_01-0537;STORE_01;CASH-07;2026-08-15 19:43:36;SKU-003;2;45000;0;CARD
REC-20260815-STORE_01-0538;STORE_01;CASH-07;2026-08-15 12:09:49;SKU-017;4;12000;0;CASH
REC-20260815-STORE_01-0538;STORE_01;CASH-08;2026-08-15 12:09:49;SKU-004;3;25000;1000;CARD
REC-20260815-STORE_01-0539;STORE_01;CASH-02;2026-08-15 11:16:55;SKU-004;1;25000;0;CARD
REC-20260815-STORE_01-0540;STORE_01;CASH-02;2026-08-15 21:17:39;SKU-031;3;45000;0;CARD
REC-20260815-STORE_01-0540;STORE_01;CASH-01;2026-08-15 21:17:39;SKU-007;1;12000;0;CARD
REC-20260815-STORE_01-0540;STORE_01;CASH-02;2026-08-15 21:17:39;SKU-002;4;12000;1000;CASH
REC-20260815-STORE_01-0540;STORE_01;CASH-08;2026-08-15 21:17:39;SKU-001;3;45000;0;CARD
REC-20260815-STORE_01-0541;STORE_01;CASH-03;2026-08-15 17:16:20;SKU-012;1;45000;0;CARD
REC-20260815-STORE_01-0541;STORE_01;CASH-06;2026-08-15 17:16:20;SKU-012;2;45000;0;CARD
REC-20260815-STORE_01-0541;STORE_01;CASH-01;2026-08-15 17:16:20;SKU-003;4;45000;0;CASH
REC-20260815-STORE_01-0541;STORE_01;CASH-05;2026-08-15 17:16:20;SKU-001;3;45000;0;CASH
REC-20260815-STORE_01-0541;STORE_01;CASH-10;2026-08-15 17:16:20;SKU-002;2;12000;0;CARD
REC-20260815-STORE_01-0542;STORE_01;CASH-03;2026-08-15 17:03:23;SKU-007;4;12000;0;CARD
REC-20260815-STORE_01-0542;STORE_01;CASH-01;2026-08-15 17:03:23;SKU-011;4;5000;0;CASH
REC-20260815-STORE_01-0542;STORE_01;CASH-01;2026-08-15 17:03:23;SKU-001;1;45000;0;CASH
REC-20260815-STORE_01-0542;STORE_01;CASH-02;2026-08-15 17:03:23;SKU-042;3;5000;1000;CARD
REC-20260815-STORE_01-0543;STORE_01;CASH-01;2026-08-15 18:16:23;SKU-008;2;12000;0;CARD
REC-20260815-STORE_01-0543;STORE_01;CASH-02;2026-08-15 18:16:23;SKU-003;2;45000;0;CARD
REC-20260815-STORE_01-0543;STORE_01;CASH-10;2026-08-15 18:16:23;SKU-001;2;45000;500;CARD
REC-20260815-STORE_01-0543;STORE_01;CASH-08;2026-08-15 18:16:23;SKU-010;3;25000;0;CARD
REC-20260815-STORE_01-0543;STORE_01;CASH-05;2026-08-15 18:16:23;SKU-025;3;5000;1000;CARD
REC-20260815-STORE_01-0544;STORE_01;CASH-03;2026-08-15 9:58:29;SKU-001;3;45000;1000;CASH
REC-20260815-STORE_01-0544;STORE_01;CASH-08;2026-08-15 9:58:29;SKU-039;1;5000;0;CARD
REC-20260815-STORE_01-0544;STORE_01;CASH-10;2026-08-15 9:58:29;SKU-015;4;5000;0;CASH
REC-20260815-STORE_01-0544;STORE_01;CASH-10;2026-08-15 9:58:29;SKU-001;1;45000;0;CASH
REC-20260815-STORE_01-0544;STORE_01;CASH-03;2026-08-15 9:58:29;SKU-001;1;45000;0;CARD
REC-20260815-STORE_01-0545;STORE_01;CASH-02;2026-08-15 14:52:08;SKU-003;3;45000;500;CASH
REC-20260815-STORE_01-0545;STORE_01;CASH-01;2026-08-15 14:52:08;SKU-002;3;12000;1000;CASH
REC-20260815-STORE_01-0545;STORE_01;CASH-10;2026-08-15 14:52:08;SKU-012;1;45000;500;CASH
REC-20260815-STORE_01-0546;STORE_01;CASH-03;2026-08-15 10:45:38;SKU-001;4;45000;0;CARD
REC-20260815-STORE_01-0547;STORE_01;CASH-06;2026-08-15 10:57:03;SKU-029;1;5000;0;CASH
REC-20260815-STORE_01-0548;STORE_01;CASH-09;2026-08-15 19:18:04;SKU-007;1;12000;1000;CASH
REC-20260815-STORE_01-0548;STORE_01;CASH-05;2026-08-15 19:18:04;SKU-001;4;45000;500;CARD
REC-20260815-STORE_01-0548;STORE_01;CASH-06;2026-08-15 19:18:04;SKU-003;3;45000;500;CARD
REC-20260815-STORE_01-0548;STORE_01;CASH-08;2026-08-15 19:18:04;SKU-040;4;25000;500;CARD
REC-20260815-STORE_01-0549;STORE_01;CASH-06;2026-08-15 19:23:52;SKU-001;3;45000;1000;CARD
REC-20260815-STORE_01-0549;STORE_01;CASH-08;2026-08-15 19:23:52;SKU-003;3;45000;1000;CARD
REC-20260815-STORE_01-0549;STORE_01;CASH-05;2026-08-15 19:23:52;SKU-003;3;45000;0;CARD
REC-20260815-STORE_01-0550;STORE_01;CASH-09;2026-08-15 13:10:55;SKU-008;3;12000;0;CASH
REC-20260815-STORE_01-0550;STORE_01;CASH-05;2026-08-15 13:10:55;SKU-001;2;45000;1000;CASH
REC-20260815-STORE_01-0550;STORE_01;CASH-08;2026-08-15 13:10:55;SKU-007;1;12000;500;CARD
REC-20260815-STORE_01-0550;STORE_01;CASH-02;2026-08-15 13:10:55;SKU-012;3;45000;0;CARD
REC-20260815-STORE_01-0550;STORE_01;CASH-05;2026-08-15 13:10:55;SKU-001;1;45000;1000;CASH
REC-20260815-STORE_01-0551;STORE_01;CASH-02;2026-08-15 8:37:54;SKU-002;4;12000;1000;CARD
REC-20260815-STORE_01-0551;STORE_01;CASH-06;2026-08-15 8:37:54;SKU-025;2;5000;0;CASH
REC-20260815-STORE_01-0552;STORE_01;CASH-01;2026-08-15 16:06:47;SKU-005;1;5000;0;CARD
REC-20260815-STORE_01-0552;STORE_01;CASH-10;2026-08-15 16:06:47;SKU-039;4;5000;0;CARD
REC-20260815-STORE_01-0552;STORE_01;CASH-06;2026-08-15 16:06:47;SKU-003;3;45000;1000;CARD
REC-20260815-STORE_01-0552;STORE_01;CASH-10;2026-08-15 16:06:47;SKU-003;2;45000;0;CASH
REC-20260815-STORE_01-0553;STORE_01;CASH-02;2026-08-15 10:05:42;SKU-034;1;25000;500;CARD
REC-20260815-STORE_01-0553;STORE_01;CASH-01;2026-08-15 10:05:42;SKU-001;3;45000;1000;CARD
REC-20260815-STORE_01-0553;STORE_01;CASH-04;2026-08-15 10:05:42;SKU-030;3;45000;0;CARD
REC-20260815-STORE_01-0553;STORE_01;CASH-03;2026-08-15 10:05:42;SKU-002;2;12000;0;CASH
REC-20260815-STORE_01-0553;STORE_01;CASH-07;2026-08-15 10:05:42;SKU-006;2;45000;0;CARD
REC-20260815-STORE_01-0554;STORE_01;CASH-01;2026-08-15 15:25:12;SKU-019;4;25000;500;CARD
REC-20260815-STORE_01-0554;STORE_01;CASH-01;2026-08-15 15:25:12;SKU-002;2;12000;0;CARD
REC-20260815-STORE_01-0554;STORE_01;CASH-09;2026-08-15 15:25:12;SKU-018;1;5000;0;CARD
REC-20260815-STORE_01-0554;STORE_01;CASH-01;2026-08-15 15:25:12;SKU-005;3;5000;0;CARD
REC-20260815-STORE_01-0555;STORE_01;CASH-07;2026-08-15 21:26:14;SKU-030;1;45000;0;CARD
REC-20260815-STORE_01-0555;STORE_01;CASH-03;2026-08-15 21:26:14;SKU-020;1;12000;0;CARD
REC-20260815-STORE_01-0555;STORE_01;CASH-09;2026-08-15 21:26:14;SKU-041;1;25000;500;CASH
REC-20260815-STORE_01-0555;STORE_01;CASH-03;2026-08-15 21:26:14;SKU-001;1;45000;1000;CARD
REC-20260815-STORE_01-0555;STORE_01;CASH-10;2026-08-15 21:26:14;SKU-017;2;12000;0;CARD
REC-20260815-STORE_01-0556;STORE_01;CASH-02;2026-08-15 19:00:26;SKU-001;4;45000;500;CARD
REC-20260815-STORE_01-0556;STORE_01;CASH-05;2026-08-15 19:00:26;SKU-005;3;5000;0;CASH
REC-20260815-STORE_01-0556;STORE_01;CASH-04;2026-08-15 19:00:26;SKU-006;2;45000;0;CASH
REC-20260815-STORE_01-0556;STORE_01;CASH-02;2026-08-15 19:00:26;SKU-001;2;45000;0;CARD
REC-20260815-STORE_01-0556;STORE_01;CASH-05;2026-08-15 19:00:26;SKU-001;3;45000;500;CASH
REC-20260815-STORE_01-0557;STORE_01;CASH-10;2026-08-15 14:33:26;SKU-003;4;45000;500;CARD
REC-20260815-STORE_01-0557;STORE_01;CASH-07;2026-08-15 14:33:26;SKU-001;4;45000;1000;CARD
REC-20260815-STORE_01-0557;STORE_01;CASH-01;2026-08-15 14:33:26;SKU-001;1;45000;1000;CASH
REC-20260815-STORE_01-0558;STORE_01;CASH-02;2026-08-15 17:38:01;SKU-007;4;12000;0;CASH
REC-20260815-STORE_01-0558;STORE_01;CASH-05;2026-08-15 17:38:01;SKU-010;4;25000;500;CASH
REC-20260815-STORE_01-0558;STORE_01;CASH-10;2026-08-15 17:38:01;SKU-002;1;12000;1000;CASH
REC-20260815-STORE_01-0559;STORE_01;CASH-04;2026-08-15 9:54:13;SKU-040;4;25000;1000;CARD
REC-20260815-STORE_01-0559;STORE_01;CASH-10;2026-08-15 9:54:13;SKU-001;3;45000;0;CARD
REC-20260815-STORE_01-0559;STORE_01;CASH-07;2026-08-15 9:54:13;SKU-011;2;5000;500;CARD
REC-20260815-STORE_01-0560;STORE_01;CASH-01;2026-08-15 12:30:18;SKU-004;3;25000;0;CASH
REC-20260815-STORE_01-0561;STORE_01;CASH-04;2026-08-15 9:17:32;SKU-001;3;45000;500;CASH
REC-20260815-STORE_01-0561;STORE_01;CASH-07;2026-08-15 9:17:32;SKU-037;1;45000;0;CARD
REC-20260815-STORE_01-0561;STORE_01;CASH-10;2026-08-15 9:17:32;SKU-006;1;45000;0;CARD
REC-20260815-STORE_01-0562;STORE_01;CASH-10;2026-08-15 12:10:43;SKU-004;1;25000;0;CARD
REC-20260815-STORE_01-0562;STORE_01;CASH-02;2026-08-15 12:10:43;SKU-003;2;45000;500;CASH
REC-20260815-STORE_01-0562;STORE_01;CASH-09;2026-08-15 12:10:43;SKU-001;3;45000;1000;CARD
REC-20260815-STORE_01-0562;STORE_01;CASH-03;2026-08-15 12:10:43;SKU-024;2;12000;0;CARD
REC-20260815-STORE_01-0562;STORE_01;CASH-04;2026-08-15 12:10:43;SKU-025;1;5000;0;CARD
REC-20260815-STORE_01-0563;STORE_01;CASH-08;2026-08-15 18:59:29;SKU-004;3;25000;0;CARD
REC-20260815-STORE_01-0563;STORE_01;CASH-09;2026-08-15 18:59:29;SKU-001;4;45000;500;CARD
REC-20260815-STORE_01-0563;STORE_01;CASH-02;2026-08-15 18:59:29;SKU-047;3;5000;0;CARD
REC-20260815-STORE_01-0564;STORE_01;CASH-08;2026-08-15 13:16:16;SKU-003;4;45000;1000;CARD
REC-20260815-STORE_01-0564;STORE_01;CASH-03;2026-08-15 13:16:16;SKU-004;3;25000;0;CASH
REC-20260815-STORE_01-0564;STORE_01;CASH-07;2026-08-15 13:16:16;SKU-001;3;45000;500;CASH
REC-20260815-STORE_01-0564;STORE_01;CASH-03;2026-08-15 13:16:16;SKU-001;1;45000;0;CARD
REC-20260815-STORE_01-0565;STORE_01;CASH-07;2026-08-15 14:44:01;SKU-014;3;5000;1000;CASH
REC-20260815-STORE_01-0566;STORE_01;CASH-09;2026-08-15 13:58:27;SKU-002;3;12000;1000;CARD
REC-20260815-STORE_01-0566;STORE_01;CASH-04;2026-08-15 13:58:27;SKU-004;1;25000;1000;CASH
REC-20260815-STORE_01-0567;STORE_01;CASH-02;2026-08-15 21:48:03;SKU-010;4;25000;0;CARD
REC-20260815-STORE_01-0567;STORE_01;CASH-06;2026-08-15 21:48:03;SKU-002;4;12000;500;CASH
REC-20260815-STORE_01-0567;STORE_01;CASH-07;2026-08-15 21:48:03;SKU-003;1;45000;0;CARD
REC-20260815-STORE_01-0567;STORE_01;CASH-01;2026-08-15 21:48:03;SKU-041;4;25000;0;CARD
REC-20260815-STORE_01-0568;STORE_01;CASH-08;2026-08-15 14:36:07;SKU-003;1;45000;1000;CARD
REC-20260815-STORE_01-0568;STORE_01;CASH-08;2026-08-15 14:36:07;SKU-008;1;12000;1000;CARD
REC-20260815-STORE_01-0568;STORE_01;CASH-01;2026-08-15 14:36:07;SKU-001;3;45000;0;CASH
REC-20260815-STORE_01-0569;STORE_01;CASH-02;2026-08-15 8:35:13;SKU-002;2;12000;0;CARD
REC-20260815-STORE_01-0569;STORE_01;CASH-01;2026-08-15 8:35:13;SKU-002;1;12000;1000;CASH
REC-20260815-STORE_01-0569;STORE_01;CASH-08;2026-08-15 8:35:13;SKU-002;4;12000;0;CARD
REC-20260815-STORE_01-0570;STORE_01;CASH-03;2026-08-15 19:45:27;SKU-009;4;25000;0;CARD
REC-20260815-STORE_01-0570;STORE_01;CASH-03;2026-08-15 19:45:27;SKU-003;3;45000;0;CASH
REC-20260815-STORE_01-0570;STORE_01;CASH-02;2026-08-15 19:45:27;SKU-015;4;5000;1000;CARD
REC-20260815-STORE_01-0570;STORE_01;CASH-05;2026-08-15 19:45:27;SKU-005;1;5000;500;CARD
REC-20260815-STORE_01-0570;STORE_01;CASH-09;2026-08-15 19:45:27;SKU-006;1;45000;0;CARD
REC-20260815-STORE_01-0571;STORE_01;CASH-06;2026-08-15 10:11:38;SKU-001;4;45000;0;CARD
REC-20260815-STORE_01-0571;STORE_01;CASH-02;2026-08-15 10:11:38;SKU-001;1;45000;0;CASH
REC-20260815-STORE_01-0572;STORE_01;CASH-05;2026-08-15 9:16:47;SKU-002;2;12000;0;CARD
REC-20260815-STORE_01-0572;STORE_01;CASH-09;2026-08-15 9:16:47;SKU-003;1;45000;500;CARD
REC-20260815-STORE_01-0573;STORE_01;CASH-01;2026-08-15 14:04:05;SKU-003;3;45000;1000;CARD
REC-20260815-STORE_01-0573;STORE_01;CASH-03;2026-08-15 14:04:05;SKU-003;2;45000;1000;CARD
REC-20260815-STORE_01-0574;STORE_01;CASH-07;2026-08-15 8:36:34;SKU-001;4;45000;1000;CARD
REC-20260815-STORE_01-0574;STORE_01;CASH-04;2026-08-15 8:36:34;SKU-001;1;45000;0;CARD
REC-20260815-STORE_01-0574;STORE_01;CASH-06;2026-08-15 8:36:34;SKU-004;3;25000;500;CARD
REC-20260815-STORE_01-0574;STORE_01;CASH-02;2026-08-15 8:36:34;SKU-024;2;12000;500;CARD
REC-20260815-STORE_01-0575;STORE_01;CASH-10;2026-08-15 14:20:42;SKU-038;2;12000;0;CARD
REC-20260815-STORE_01-0575;STORE_01;CASH-07;2026-08-15 14:20:42;SKU-023;2;45000;500;CARD
REC-20260815-STORE_01-0575;STORE_01;CASH-04;2026-08-15 14:20:42;SKU-014;2;5000;1000;CASH
REC-20260815-STORE_01-0575;STORE_01;CASH-08;2026-08-15 14:20:42;SKU-021;3;5000;0;CASH
REC-20260815-STORE_01-0576;STORE_01;CASH-08;2026-08-15 12:44:39;SKU-001;2;45000;500;CARD
REC-20260815-STORE_01-0577;STORE_01;CASH-08;2026-08-15 17:58:35;SKU-001;4;45000;0;CASH
REC-20260815-STORE_01-0577;STORE_01;CASH-01;2026-08-15 17:58:35;SKU-001;1;45000;0;CASH
REC-20260815-STORE_01-0577;STORE_01;CASH-09;2026-08-15 17:58:35;SKU-002;1;12000;500;CARD
REC-20260815-STORE_01-0578;STORE_01;CASH-02;2026-08-15 21:35:30;SKU-001;2;45000;0;CARD
REC-20260815-STORE_01-0578;STORE_01;CASH-10;2026-08-15 21:35:30;SKU-009;2;25000;0;CARD
REC-20260815-STORE_01-0578;STORE_01;CASH-10;2026-08-15 21:35:30;SKU-005;4;5000;0;CARD
REC-20260815-STORE_01-0578;STORE_01;CASH-01;2026-08-15 21:35:30;SKU-011;2;5000;500;CASH
REC-20260815-STORE_01-0578;STORE_01;CASH-08;2026-08-15 21:35:30;SKU-002;2;12000;1000;CARD
REC-20260815-STORE_01-0579;STORE_01;CASH-02;2026-08-15 19:59:38;SKU-015;1;5000;0;CARD
REC-20260815-STORE_01-0579;STORE_01;CASH-08;2026-08-15 19:59:38;SKU-011;2;5000;500;CARD
REC-20260815-STORE_01-0580;STORE_01;CASH-06;2026-08-15 9:54:34;SKU-026;1;12000;1000;CARD
REC-20260815-STORE_01-0581;STORE_01;CASH-07;2026-08-15 18:04:11;SKU-003;2;45000;0;CARD
REC-20260815-STORE_01-0581;STORE_01;CASH-02;2026-08-15 18:04:11;SKU-022;2;12000;1000;CARD
REC-20260815-STORE_01-0581;STORE_01;CASH-07;2026-08-15 18:04:11;SKU-006;2;45000;0;CARD
REC-20260815-STORE_01-0582;STORE_01;CASH-10;2026-08-15 13:02:13;SKU-027;3;5000;1000;CASH
REC-20260815-STORE_01-0582;STORE_01;CASH-09;2026-08-15 13:02:13;SKU-029;4;5000;500;CARD
REC-20260815-STORE_01-0582;STORE_01;CASH-05;2026-08-15 13:02:13;SKU-006;2;45000;1000;CASH
REC-20260815-STORE_01-0582;STORE_01;CASH-02;2026-08-15 13:02:13;SKU-005;4;5000;0;CASH
REC-20260815-STORE_01-0583;STORE_01;CASH-09;2026-08-15 14:37:55;SKU-004;3;25000;1000;CASH
REC-20260815-STORE_01-0583;STORE_01;CASH-05;2026-08-15 14:37:55;SKU-001;4;45000;1000;CARD
REC-20260815-STORE_01-0583;STORE_01;CASH-08;2026-08-15 14:37:55;SKU-010;1;25000;0;CARD
REC-20260815-STORE_01-0583;STORE_01;CASH-01;2026-08-15 14:37:55;SKU-044;1;5000;1000;CARD
REC-20260815-STORE_01-0583;STORE_01;CASH-09;2026-08-15 14:37:55;SKU-011;2;5000;0;CARD
REC-20260815-STORE_01-0584;STORE_01;CASH-02;2026-08-15 18:38:08;SKU-004;4;25000;1000;CARD
REC-20260815-STORE_01-0584;STORE_01;CASH-04;2026-08-15 18:38:08;SKU-008;4;12000;0;CARD
REC-20260815-STORE_01-0584;STORE_01;CASH-05;2026-08-15 18:38:08;SKU-003;1;45000;0;CARD
REC-20260815-STORE_01-0584;STORE_01;CASH-09;2026-08-15 18:38:08;SKU-003;1;45000;0;CASH
REC-20260815-STORE_01-0585;STORE_01;CASH-06;2026-08-15 21:17:41;SKU-046;2;25000;0;CARD
REC-20260815-STORE_01-0585;STORE_01;CASH-05;2026-08-15 21:17:41;SKU-031;2;45000;500;CASH
REC-20260815-STORE_01-0585;STORE_01;CASH-05;2026-08-15 21:17:41;SKU-001;3;45000;0;CASH
REC-20260815-STORE_01-0586;STORE_01;CASH-03;2026-08-15 9:58:05;SKU-001;1;45000;0;CASH
REC-20260815-STORE_01-0587;STORE_01;CASH-09;2026-08-15 8:51:22;SKU-001;4;45000;0;CARD
REC-20260815-STORE_01-0587;STORE_01;CASH-07;2026-08-15 8:51:22;SKU-002;4;12000;0;CARD
REC-20260815-STORE_01-0587;STORE_01;CASH-04;2026-08-15 8:51:22;SKU-014;2;5000;0;CASH
REC-20260815-STORE_01-0587;STORE_01;CASH-08;2026-08-15 8:51:22;SKU-040;1;25000;0;CASH
REC-20260815-STORE_01-0587;STORE_01;CASH-09;2026-08-15 8:51:22;SKU-001;2;45000;0;CARD
REC-20260815-STORE_01-0588;STORE_01;CASH-05;2026-08-15 8:16:08;SKU-005;2;5000;500;CARD
REC-20260815-STORE_01-0589;STORE_01;CASH-09;2026-08-15 12:42:19;SKU-015;4;5000;0;CARD
REC-20260815-STORE_01-0589;STORE_01;CASH-08;2026-08-15 12:42:19;SKU-001;1;45000;0;CARD
REC-20260815-STORE_01-0589;STORE_01;CASH-03;2026-08-15 12:42:19;SKU-001;3;45000;0;CARD
REC-20260815-STORE_01-0589;STORE_01;CASH-06;2026-08-15 12:42:19;SKU-012;3;45000;1000;CASH
REC-20260815-STORE_01-0589;STORE_01;CASH-10;2026-08-15 12:42:19;SKU-002;3;12000;500;CARD
REC-20260815-STORE_01-0590;STORE_01;CASH-03;2026-08-15 20:03:38;SKU-001;3;45000;0;CASH
REC-20260815-STORE_01-0590;STORE_01;CASH-01;2026-08-15 20:03:38;SKU-002;3;12000;0;CARD
REC-20260815-STORE_01-0590;STORE_01;CASH-07;2026-08-15 20:03:38;SKU-001;1;45000;0;CARD
REC-20260815-STORE_01-0590;STORE_01;CASH-02;2026-08-15 20:03:38;SKU-001;4;45000;0;CARD
REC-20260815-STORE_01-0590;STORE_01;CASH-05;2026-08-15 20:03:38;SKU-002;2;12000;500;CARD
REC-20260815-STORE_01-0591;STORE_01;CASH-08;2026-08-15 18:28:28;SKU-003;2;45000;0;CARD
REC-20260815-STORE_01-0592;STORE_01;CASH-06;2026-08-15 17:55:07;SKU-003;4;45000;1000;CASH
REC-20260815-STORE_01-0592;STORE_01;CASH-03;2026-08-15 17:55:07;SKU-040;4;25000;0;CARD
REC-20260815-STORE_01-0592;STORE_01;CASH-10;2026-08-15 17:55:07;SKU-007;3;12000;0;CARD
REC-20260815-STORE_01-0592;STORE_01;CASH-07;2026-08-15 17:55:07;SKU-002;4;12000;0;CASH
REC-20260815-STORE_01-0593;STORE_01;CASH-09;2026-08-15 21:12:31;SKU-006;1;45000;0;CARD
REC-20260815-STORE_01-0593;STORE_01;CASH-08;2026-08-15 21:12:31;SKU-001;4;45000;0;CASH
REC-20260815-STORE_01-0593;STORE_01;CASH-02;2026-08-15 21:12:31;SKU-001;3;45000;1000;CARD
REC-20260815-STORE_01-0593;STORE_01;CASH-09;2026-08-15 21:12:31;SKU-007;4;12000;500;CASH
REC-20260815-STORE_01-0594;STORE_01;CASH-09;2026-08-15 20:47:57;SKU-023;2;45000;500;CARD
REC-20260815-STORE_01-0594;STORE_01;CASH-04;2026-08-15 20:47:57;SKU-004;3;25000;0;CARD
REC-20260815-STORE_01-0594;STORE_01;CASH-03;2026-08-15 20:47:57;SKU-028;3;5000;1000;CASH
REC-20260815-STORE_01-0594;STORE_01;CASH-04;2026-08-15 20:47:57;SKU-004;4;25000;0;CARD
REC-20260815-STORE_01-0594;STORE_01;CASH-02;2026-08-15 20:47:57;SKU-001;4;45000;0;CARD
REC-20260815-STORE_01-0595;STORE_01;CASH-10;2026-08-15 10:15:45;SKU-009;2;25000;0;CARD
REC-20260815-STORE_01-0595;STORE_01;CASH-04;2026-08-15 10:15:45;SKU-003;3;45000;0;CASH
REC-20260815-STORE_01-0595;STORE_01;CASH-04;2026-08-15 10:15:45;SKU-035;3;5000;1000;CARD
REC-20260815-STORE_01-0595;STORE_01;CASH-04;2026-08-15 10:15:45;SKU-013;1;12000;1000;CARD
REC-20260815-STORE_01-0595;STORE_01;CASH-07;2026-08-15 10:15:45;SKU-003;2;45000;1000;CASH
REC-20260815-STORE_01-0596;STORE_01;CASH-03;2026-08-15 11:59:46;SKU-025;3;5000;500;CARD
REC-20260815-STORE_01-0596;STORE_01;CASH-02;2026-08-15 11:59:46;SKU-001;1;45000;0;CARD
REC-20260815-STORE_01-0597;STORE_01;CASH-05;2026-08-15 14:28:39;SKU-002;4;12000;500;CARD
REC-20260815-STORE_01-0597;STORE_01;CASH-01;2026-08-15 14:28:39;SKU-043;4;25000;1000;CARD
REC-20260815-STORE_01-0597;STORE_01;CASH-01;2026-08-15 14:28:39;SKU-002;1;12000;0;CARD
REC-20260815-STORE_01-0598;STORE_01;CASH-01;2026-08-15 14:22:59;SKU-001;1;45000;0;CASH
REC-20260815-STORE_01-0598;STORE_01;CASH-10;2026-08-15 14:22:59;SKU-003;3;45000;0;CARD
REC-20260815-STORE_01-0599;STORE_01;CASH-03;2026-08-15 17:35:44;SKU-008;4;12000;0;CARD
REC-20260815-STORE_01-0599;STORE_01;CASH-10;2026-08-15 17:35:44;SKU-002;1;12000;500;CARD
REC-20260815-STORE_01-0600;STORE_01;CASH-05;2026-08-15 9:48:33;SKU-003;2;45000;0;CARD
REC-20260815-STORE_01-0600;STORE_01;CASH-10;2026-08-15 9:48:33;SKU-021;2;5000;1000;CASH
REC-20260815-STORE_01-0601;STORE_01;CASH-06;2026-08-15 8:13:03;SKU-012;4;45000;0;CARD
REC-20260815-STORE_01-0601;STORE_01;CASH-09;2026-08-15 8:13:03;SKU-002;1;12000;500;CARD
REC-20260815-STORE_01-0601;STORE_01;CASH-08;2026-08-15 8:13:03;SKU-002;1;12000;1000;CARD
REC-20260815-STORE_01-0601;STORE_01;CASH-06;2026-08-15 8:13:03;SKU-034;3;25000;1000;CARD
REC-20260815-STORE_01-0602;STORE_01;CASH-06;2026-08-15 15:52:09;SKU-004;4;25000;0;CASH
REC-20260815-STORE_01-0603;STORE_01;CASH-01;2026-08-15 19:27:08;SKU-042;1;5000;0;CARD
REC-20260815-STORE_01-0603;STORE_01;CASH-07;2026-08-15 19:27:08;SKU-011;3;5000;0;CASH
REC-20260815-STORE_01-0603;STORE_01;CASH-01;2026-08-15 19:27:08;SKU-004;2;25000;1000;CARD
REC-20260815-STORE_01-0604;STORE_01;CASH-05;2026-08-15 8:34:24;SKU-037;3;45000;0;CARD
REC-20260815-STORE_01-0604;STORE_01;CASH-01;2026-08-15 8:34:24;SKU-007;3;12000;0;CARD
REC-20260815-STORE_01-0604;STORE_01;CASH-08;2026-08-15 8:34:24;SKU-010;1;25000;500;CARD
REC-20260815-STORE_01-0604;STORE_01;CASH-07;2026-08-15 8:34:24;SKU-013;3;12000;0;CASH
REC-20260815-STORE_01-0605;STORE_01;CASH-03;2026-08-15 20:22:25;SKU-003;2;45000;0;CARD
REC-20260815-STORE_01-0606;STORE_01;CASH-04;2026-08-15 14:43:26;SKU-002;2;12000;500;CARD
REC-20260815-STORE_01-0606;STORE_01;CASH-02;2026-08-15 14:43:26;SKU-026;3;12000;0;CARD
REC-20260815-STORE_01-0606;STORE_01;CASH-09;2026-08-15 14:43:26;SKU-042;1;5000;0;CARD
REC-20260815-STORE_01-0606;STORE_01;CASH-06;2026-08-15 14:43:26;SKU-050;1;25000;0;CASH
REC-20260815-STORE_01-0606;STORE_01;CASH-04;2026-08-15 14:43:26;SKU-003;3;45000;1000;CASH
REC-20260815-STORE_01-0607;STORE_01;CASH-08;2026-08-15 19:39:58;SKU-008;1;12000;0;CARD
REC-20260815-STORE_01-0607;STORE_01;CASH-08;2026-08-15 19:39:58;SKU-019;2;25000;0;CASH
REC-20260815-STORE_01-0608;STORE_01;CASH-06;2026-08-15 20:28:58;SKU-001;1;45000;1000;CARD
REC-20260815-STORE_01-0608;STORE_01;CASH-10;2026-08-15 20:28:58;SKU-004;2;25000;500;CARD
REC-20260815-STORE_01-0608;STORE_01;CASH-06;2026-08-15 20:28:58;SKU-010;1;25000;0;CARD
REC-20260815-STORE_01-0608;STORE_01;CASH-01;2026-08-15 20:28:58;SKU-005;2;5000;0;CARD
REC-20260815-STORE_01-0608;STORE_01;CASH-04;2026-08-15 20:28:58;SKU-012;1;45000;0;CARD
REC-20260815-STORE_01-0609;STORE_01;CASH-03;2026-08-15 8:29:19;SKU-031;3;45000;0;CASH
REC-20260815-STORE_01-0609;STORE_01;CASH-08;2026-08-15 8:29:19;SKU-011;4;5000;1000;CASH
REC-20260815-STORE_01-0609;STORE_01;CASH-08;2026-08-15 8:29:19;SKU-002;3;12000;0;CASH
REC-20260815-STORE_01-0610;STORE_01;CASH-06;2026-08-15 20:10:43;SKU-003;4;45000;500;CASH
REC-20260815-STORE_01-0611;STORE_01;CASH-04;2026-08-15 19:58:28;SKU-004;2;25000;0;CARD
REC-20260815-STORE_01-0611;STORE_01;CASH-02;2026-08-15 19:58:28;SKU-022;1;12000;0;CARD
REC-20260815-STORE_01-0611;STORE_01;CASH-06;2026-08-15 19:58:28;SKU-001;3;45000;1000;CARD
REC-20260815-STORE_01-0612;STORE_01;CASH-08;2026-08-15 10:25:01;SKU-009;2;25000;0;CARD
REC-20260815-STORE_01-0612;STORE_01;CASH-07;2026-08-15 10:25:01;SKU-036;3;45000;0;CARD
REC-20260815-STORE_01-0612;STORE_01;CASH-08;2026-08-15 10:25:01;SKU-002;1;12000;0;CASH
REC-20260815-STORE_01-0612;STORE_01;CASH-05;2026-08-15 10:25:01;SKU-001;1;45000;500;CASH
REC-20260815-STORE_01-0613;STORE_01;CASH-09;2026-08-15 21:43:50;SKU-001;1;45000;1000;CARD
REC-20260815-STORE_01-0613;STORE_01;CASH-10;2026-08-15 21:43:50;SKU-002;3;12000;0;CARD
REC-20260815-STORE_01-0613;STORE_01;CASH-04;2026-08-15 21:43:50;SKU-001;3;45000;0;CARD
REC-20260815-STORE_01-0614;STORE_01;CASH-05;2026-08-15 15:03:31;SKU-002;2;12000;0;CARD
REC-20260815-STORE_01-0614;STORE_01;CASH-10;2026-08-15 15:03:31;SKU-035;1;5000;500;CARD
REC-20260815-STORE_01-0615;STORE_01;CASH-10;2026-08-15 20:40:41;SKU-021;1;5000;500;CARD
REC-20260815-STORE_01-0615;STORE_01;CASH-04;2026-08-15 20:40:41;SKU-008;2;12000;0;CASH
REC-20260815-STORE_01-0616;STORE_01;CASH-06;2026-08-15 18:49:24;SKU-027;1;5000;0;CARD
REC-20260815-STORE_01-0616;STORE_01;CASH-05;2026-08-15 18:49:24;SKU-003;3;45000;500;CARD
REC-20260815-STORE_01-0617;STORE_01;CASH-04;2026-08-15 19:59:39;SKU-009;3;25000;0;CASH
REC-20260815-STORE_01-0617;STORE_01;CASH-02;2026-08-15 19:59:39;SKU-024;1;12000;0;CARD
REC-20260815-STORE_01-0617;STORE_01;CASH-07;2026-08-15 19:59:39;SKU-017;4;12000;0;CASH
REC-20260815-STORE_01-0617;STORE_01;CASH-08;2026-08-15 19:59:39;SKU-014;1;5000;0;CASH
REC-20260815-STORE_01-0618;STORE_01;CASH-07;2026-08-15 19:03:35;SKU-001;4;45000;0;CARD
REC-20260815-STORE_01-0619;STORE_01;CASH-07;2026-08-15 21:14:53;SKU-001;4;45000;0;CARD
REC-20260815-STORE_01-0619;STORE_01;CASH-02;2026-08-15 21:14:53;SKU-014;1;5000;500;CASH
REC-20260815-STORE_01-0619;STORE_01;CASH-02;2026-08-15 21:14:53;SKU-010;2;25000;0;CARD
REC-20260815-STORE_01-0619;STORE_01;CASH-06;2026-08-15 21:14:53;SKU-001;2;45000;0;CARD
REC-20260815-STORE_01-0619;STORE_01;CASH-08;2026-08-15 21:14:53;SKU-001;2;45000;0;CASH
REC-20260815-STORE_01-0620;STORE_01;CASH-02;2026-08-15 19:13:10;SKU-028;2;5000;500;CARD
REC-20260815-STORE_01-0620;STORE_01;CASH-07;2026-08-15 19:13:10;SKU-025;2;5000;500;CARD
REC-20260815-STORE_01-0620;STORE_01;CASH-02;2026-08-15 19:13:10;SKU-036;1;45000;0;CARD
REC-20260815-STORE_01-0620;STORE_01;CASH-03;2026-08-15 19:13:10;SKU-042;1;5000;0;CASH
REC-20260815-STORE_01-0620;STORE_01;CASH-06;2026-08-15 19:13:10;SKU-003;2;45000;0;CARD
REC-20260815-STORE_01-0621;STORE_01;CASH-03;2026-08-15 12:31:09;SKU-046;4;25000;0;CASH
REC-20260815-STORE_01-0621;STORE_01;CASH-01;2026-08-15 12:31:09;SKU-012;2;45000;0;CARD
REC-20260815-STORE_01-0622;STORE_01;CASH-06;2026-08-15 13:35:49;SKU-031;3;45000;500;CASH
REC-20260815-STORE_01-0622;STORE_01;CASH-05;2026-08-15 13:35:49;SKU-002;2;12000;1000;CARD
REC-20260815-STORE_01-0622;STORE_01;CASH-06;2026-08-15 13:35:49;SKU-044;4;5000;0;CARD
REC-20260815-STORE_01-0622;STORE_01;CASH-08;2026-08-15 13:35:49;SKU-002;3;12000;0;CASH
REC-20260815-STORE_01-0622;STORE_01;CASH-09;2026-08-15 13:35:49;SKU-029;2;5000;1000;CARD
REC-20260815-STORE_01-0623;STORE_01;CASH-07;2026-08-15 17:44:14;SKU-002;3;12000;0;CASH
REC-20260815-STORE_01-0623;STORE_01;CASH-02;2026-08-15 17:44:14;SKU-009;4;25000;0;CASH
REC-20260815-STORE_01-0623;STORE_01;CASH-02;2026-08-15 17:44:14;SKU-001;4;45000;0;CARD
REC-20260815-STORE_01-0623;STORE_01;CASH-07;2026-08-15 17:44:14;SKU-012;4;45000;1000;CARD
REC-20260815-STORE_01-0623;STORE_01;CASH-03;2026-08-15 17:44:14;SKU-001;4;45000;500;CARD
REC-20260815-STORE_01-0624;STORE_01;CASH-04;2026-08-15 11:38:43;SKU-008;4;12000;1000;CARD
REC-20260815-STORE_01-0624;STORE_01;CASH-10;2026-08-15 11:38:43;SKU-028;4;5000;1000;CARD
REC-20260815-STORE_01-0624;STORE_01;CASH-07;2026-08-15 11:38:43;SKU-001;1;45000;500;CASH
REC-20260815-STORE_01-0624;STORE_01;CASH-06;2026-08-15 11:38:43;SKU-029;1;5000;500;CASH
REC-20260815-STORE_01-0624;STORE_01;CASH-10;2026-08-15 11:38:43;SKU-032;2;25000;1000;CARD
REC-20260815-STORE_01-0625;STORE_01;CASH-03;2026-08-15 21:15:39;SKU-009;1;25000;0;CARD
REC-20260815-STORE_01-0625;STORE_01;CASH-05;2026-08-15 21:15:39;SKU-004;3;25000;0;CARD
REC-20260815-STORE_01-0626;STORE_01;CASH-05;2026-08-15 12:46:50;SKU-022;1;12000;0;CARD
REC-20260815-STORE_01-0626;STORE_01;CASH-09;2026-08-15 12:46:50;SKU-038;4;12000;500;CARD
REC-20260815-STORE_01-0627;STORE_01;CASH-06;2026-08-15 12:59:02;SKU-005;1;5000;0;CASH
REC-20260815-STORE_01-0627;STORE_01;CASH-02;2026-08-15 12:59:02;SKU-001;4;45000;0;CARD
REC-20260815-STORE_01-0628;STORE_01;CASH-08;2026-08-15 12:40:12;SKU-040;2;25000;0;CARD
REC-20260815-STORE_01-0628;STORE_01;CASH-09;2026-08-15 12:40:12;SKU-004;1;25000;500;CARD
REC-20260815-STORE_01-0628;STORE_01;CASH-06;2026-08-15 12:40:12;SKU-004;3;25000;0;CARD
REC-20260815-STORE_01-0629;STORE_01;CASH-02;2026-08-15 13:26:33;SKU-048;3;25000;1000;CASH
REC-20260815-STORE_01-0629;STORE_01;CASH-10;2026-08-15 13:26:33;SKU-036;2;45000;0;CARD
REC-20260815-STORE_01-0630;STORE_01;CASH-08;2026-08-15 21:40:02;SKU-016;3;25000;0;CARD
REC-20260815-STORE_01-0630;STORE_01;CASH-02;2026-08-15 21:40:02;SKU-001;2;45000;0;CASH
REC-20260815-STORE_01-0630;STORE_01;CASH-10;2026-08-15 21:40:02;SKU-005;2;5000;0;CARD
REC-20260815-STORE_01-0630;STORE_01;CASH-05;2026-08-15 21:40:02;SKU-010;3;25000;0;CARD
REC-20260815-STORE_01-0630;STORE_01;CASH-03;2026-08-15 21:40:02;SKU-001;3;45000;0;CARD
REC-20260815-STORE_01-0631;STORE_01;CASH-08;2026-08-15 9:23:33;SKU-005;3;5000;500;CARD
REC-20260815-STORE_01-0631;STORE_01;CASH-04;2026-08-15 9:23:33;SKU-022;2;12000;0;CARD
REC-20260815-STORE_01-0631;STORE_01;CASH-02;2026-08-15 9:23:33;SKU-030;1;45000;0;CARD
REC-20260815-STORE_01-0631;STORE_01;CASH-10;2026-08-15 9:23:33;SKU-002;4;12000;0;CASH
REC-20260815-STORE_01-0631;STORE_01;CASH-01;2026-08-15 9:23:33;SKU-001;2;45000;1000;CARD
REC-20260815-STORE_01-0632;STORE_01;CASH-06;2026-08-15 17:10:22;SKU-043;1;25000;0;CASH
REC-20260815-STORE_01-0632;STORE_01;CASH-06;2026-08-15 17:10:22;SKU-033;1;5000;500;CASH
REC-20260815-STORE_01-0633;STORE_01;CASH-07;2026-08-15 11:16:07;SKU-003;2;45000;0;CARD
REC-20260815-STORE_01-0633;STORE_01;CASH-05;2026-08-15 11:16:07;SKU-040;4;25000;500;CASH
REC-20260815-STORE_01-0633;STORE_01;CASH-06;2026-08-15 11:16:07;SKU-048;2;25000;1000;CARD
REC-20260815-STORE_01-0633;STORE_01;CASH-01;2026-08-15 11:16:07;SKU-034;4;25000;1000;CARD
REC-20260815-STORE_01-0634;STORE_01;CASH-01;2026-08-15 10:07:31;SKU-003;2;45000;0;CASH
REC-20260815-STORE_01-0634;STORE_01;CASH-05;2026-08-15 10:07:31;SKU-002;1;12000;0;CARD
REC-20260815-STORE_01-0635;STORE_01;CASH-06;2026-08-15 13:05:16;SKU-020;3;12000;1000;CARD
REC-20260815-STORE_01-0636;STORE_01;CASH-08;2026-08-15 15:41:48;SKU-002;1;12000;0;CARD
REC-20260815-STORE_01-0636;STORE_01;CASH-03;2026-08-15 15:41:48;SKU-020;4;12000;0;CARD
REC-20260815-STORE_01-0637;STORE_01;CASH-05;2026-08-15 15:10:13;SKU-006;4;45000;0;CARD
REC-20260815-STORE_01-0637;STORE_01;CASH-05;2026-08-15 15:10:13;SKU-003;2;45000;0;CARD
REC-20260815-STORE_01-0637;STORE_01;CASH-03;2026-08-15 15:10:13;SKU-002;2;12000;500;CASH
REC-20260815-STORE_01-0637;STORE_01;CASH-03;2026-08-15 15:10:13;SKU-017;1;12000;0;CARD
REC-20260815-STORE_01-0638;STORE_01;CASH-03;2026-08-15 14:45:22;SKU-023;1;45000;0;CARD
REC-20260815-STORE_01-0638;STORE_01;CASH-09;2026-08-15 14:45:22;SKU-044;3;5000;0;CARD
REC-20260815-STORE_01-0639;STORE_01;CASH-04;2026-08-15 11:55:26;SKU-031;1;45000;0;CASH
REC-20260815-STORE_01-0639;STORE_01;CASH-08;2026-08-15 11:55:26;SKU-002;4;12000;0;CASH
REC-20260815-STORE_01-0640;STORE_01;CASH-08;2026-08-15 14:39:11;SKU-003;1;45000;0;CARD
REC-20260815-STORE_01-0641;STORE_01;CASH-06;2026-08-15 8:09:15;SKU-004;3;25000;0;CARD
REC-20260815-STORE_01-0641;STORE_01;CASH-07;2026-08-15 8:09:15;SKU-001;2;45000;0;CASH
REC-20260815-STORE_01-0641;STORE_01;CASH-08;2026-08-15 8:09:15;SKU-029;3;5000;1000;CARD
REC-20260815-STORE_01-0641;STORE_01;CASH-01;2026-08-15 8:09:15;SKU-019;3;25000;0;CASH
REC-20260815-STORE_01-0641;STORE_01;CASH-04;2026-08-15 8:09:15;SKU-004;4;25000;0;CARD
REC-20260815-STORE_01-0642;STORE_01;CASH-04;2026-08-15 13:56:13;SKU-046;1;25000;0;CARD
REC-20260815-STORE_01-0642;STORE_01;CASH-06;2026-08-15 13:56:13;SKU-032;4;25000;0;CARD
REC-20260815-STORE_01-0642;STORE_01;CASH-06;2026-08-15 13:56:13;SKU-048;2;25000;1000;CARD
REC-20260815-STORE_01-0642;STORE_01;CASH-03;2026-08-15 13:56:13;SKU-008;4;12000;0;CASH
REC-20260815-STORE_01-0643;STORE_01;CASH-03;2026-08-15 12:34:48;SKU-010;3;25000;0;CARD
REC-20260815-STORE_01-0643;STORE_01;CASH-01;2026-08-15 12:34:48;SKU-016;1;25000;1000;CARD
REC-20260815-STORE_01-0644;STORE_01;CASH-05;2026-08-15 15:33:24;SKU-004;2;25000;0;CARD
REC-20260815-STORE_01-0645;STORE_01;CASH-06;2026-08-15 18:11:44;SKU-003;3;45000;1000;CARD
REC-20260815-STORE_01-0645;STORE_01;CASH-08;2026-08-15 18:11:44;SKU-030;1;45000;500;CASH
REC-20260815-STORE_01-0645;STORE_01;CASH-09;2026-08-15 18:11:44;SKU-011;2;5000;0;CARD
REC-20260815-STORE_01-0646;STORE_01;CASH-10;2026-08-15 21:06:35;SKU-026;1;12000;0;CASH
REC-20260815-STORE_01-0646;STORE_01;CASH-10;2026-08-15 21:06:35;SKU-001;2;45000;0;CASH
REC-20260815-STORE_01-0646;STORE_01;CASH-07;2026-08-15 21:06:35;SKU-024;3;12000;500;CASH
REC-20260815-STORE_01-0646;STORE_01;CASH-03;2026-08-15 21:06:35;SKU-011;3;5000;0;CARD
REC-20260815-STORE_01-0646;STORE_01;CASH-09;2026-08-15 21:06:35;SKU-048;1;25000;0;CARD
REC-20260815-STORE_01-0647;STORE_01;CASH-03;2026-08-15 13:36:05;SKU-004;1;25000;0;CASH
REC-20260815-STORE_01-0647;STORE_01;CASH-08;2026-08-15 13:36:05;SKU-012;3;45000;0;CARD
REC-20260815-STORE_01-0647;STORE_01;CASH-03;2026-08-15 13:36:05;SKU-002;1;12000;500;CARD
REC-20260815-STORE_01-0647;STORE_01;CASH-06;2026-08-15 13:36:05;SKU-039;1;5000;500;CASH
REC-20260815-STORE_01-0648;STORE_01;CASH-02;2026-08-15 17:57:21;SKU-001;4;45000;0;CASH
REC-20260815-STORE_01-0648;STORE_01;CASH-08;2026-08-15 17:57:21;SKU-010;2;25000;500;CASH
REC-20260815-STORE_01-0649;STORE_01;CASH-08;2026-08-15 17:42:33;SKU-001;4;45000;0;CARD
REC-20260815-STORE_01-0649;STORE_01;CASH-03;2026-08-15 17:42:33;SKU-007;3;12000;0;CARD
REC-20260815-STORE_01-0649;STORE_01;CASH-06;2026-08-15 17:42:33;SKU-017;2;12000;0;CARD
REC-20260815-STORE_01-0650;STORE_01;CASH-04;2026-08-15 10:26:46;SKU-036;3;45000;0;CARD
REC-20260815-STORE_01-0650;STORE_01;CASH-03;2026-08-15 10:26:46;SKU-012;3;45000;0;CASH
REC-20260815-STORE_01-0650;STORE_01;CASH-07;2026-08-15 10:26:46;SKU-002;2;12000;0;CARD
REC-20260815-STORE_01-0650;STORE_01;CASH-07;2026-08-15 10:26:46;SKU-020;3;12000;0;CARD
REC-20260815-STORE_01-0651;STORE_01;CASH-08;2026-08-15 17:31:33;SKU-010;1;25000;0;CASH
REC-20260815-STORE_01-0651;STORE_01;CASH-02;2026-08-15 17:31:33;SKU-026;3;12000;500;CASH
REC-20260815-STORE_01-0651;STORE_01;CASH-03;2026-08-15 17:31:33;SKU-001;2;45000;0;CASH
REC-20260815-STORE_01-0651;STORE_01;CASH-09;2026-08-15 17:31:33;SKU-030;3;45000;0;CARD
REC-20260815-STORE_01-0652;STORE_01;CASH-03;2026-08-15 14:59:17;SKU-025;3;5000;500;CARD
REC-20260815-STORE_01-0652;STORE_01;CASH-07;2026-08-15 14:59:17;SKU-024;4;12000;500;CASH
REC-20260815-STORE_01-0652;STORE_01;CASH-05;2026-08-15 14:59:17;SKU-002;3;12000;500;CARD
REC-20260815-STORE_01-0653;STORE_01;CASH-06;2026-08-15 8:05:45;SKU-006;2;45000;0;CASH
REC-20260815-STORE_01-0653;STORE_01;CASH-03;2026-08-15 8:05:45;SKU-001;3;45000;500;CARD
REC-20260815-STORE_01-0653;STORE_01;CASH-09;2026-08-15 8:05:45;SKU-021;3;5000;500;CASH
REC-20260815-STORE_01-0654;STORE_01;CASH-07;2026-08-15 15:31:54;SKU-008;1;12000;0;CARD
REC-20260815-STORE_01-0654;STORE_01;CASH-10;2026-08-15 15:31:54;SKU-042;3;5000;1000;CASH
REC-20260815-STORE_01-0654;STORE_01;CASH-07;2026-08-15 15:31:54;SKU-021;2;5000;0;CARD
REC-20260815-STORE_01-0654;STORE_01;CASH-02;2026-08-15 15:31:54;SKU-012;1;45000;500;CARD
REC-20260815-STORE_01-0655;STORE_01;CASH-06;2026-08-15 10:55:25;SKU-001;2;45000;0;CARD
REC-20260815-STORE_01-0655;STORE_01;CASH-07;2026-08-15 10:55:25;SKU-001;3;45000;1000;CASH
REC-20260815-STORE_01-0655;STORE_01;CASH-01;2026-08-15 10:55:25;SKU-002;3;12000;0;CARD
REC-20260815-STORE_01-0655;STORE_01;CASH-04;2026-08-15 10:55:25;SKU-006;3;45000;0;CARD
REC-20260815-STORE_01-0656;STORE_01;CASH-08;2026-08-15 10:58:20;SKU-001;4;45000;0;CASH
REC-20260815-STORE_01-0657;STORE_01;CASH-03;2026-08-15 17:55:53;SKU-002;3;12000;0;CASH
REC-20260815-STORE_01-0657;STORE_01;CASH-01;2026-08-15 17:55:53;SKU-002;2;12000;0;CARD
REC-20260815-STORE_01-0657;STORE_01;CASH-09;2026-08-15 17:55:53;SKU-001;2;45000;0;CARD
REC-20260815-STORE_01-0657;STORE_01;CASH-06;2026-08-15 17:55:53;SKU-003;3;45000;500;CASH
REC-20260815-STORE_01-0658;STORE_01;CASH-05;2026-08-15 11:15:22;SKU-045;4;45000;0;CARD
REC-20260815-STORE_01-0658;STORE_01;CASH-02;2026-08-15 11:15:22;SKU-004;2;25000;0;CASH
REC-20260815-STORE_01-0659;STORE_01;CASH-07;2026-08-15 12:08:15;SKU-001;2;45000;500;CASH
REC-20260815-STORE_01-0659;STORE_01;CASH-08;2026-08-15 12:08:15;SKU-017;4;12000;0;CASH
REC-20260815-STORE_01-0659;STORE_01;CASH-06;2026-08-15 12:08:15;SKU-003;1;45000;0;CARD
REC-20260815-STORE_01-0659;STORE_01;CASH-02;2026-08-15 12:08:15;SKU-002;1;12000;0;CARD
REC-20260815-STORE_01-0659;STORE_01;CASH-05;2026-08-15 12:08:15;SKU-014;4;5000;1000;CARD
REC-20260815-STORE_01-0660;STORE_01;CASH-03;2026-08-15 16:48:34;SKU-004;2;25000;0;CARD
REC-20260815-STORE_01-0660;STORE_01;CASH-10;2026-08-15 16:48:34;SKU-003;2;45000;1000;CARD
REC-20260815-STORE_01-0660;STORE_01;CASH-05;2026-08-15 16:48:34;SKU-004;4;25000;500;CARD
REC-20260815-STORE_01-0661;STORE_01;CASH-04;2026-08-15 15:28:34;SKU-019;4;25000;0;CARD
REC-20260815-STORE_01-0661;STORE_01;CASH-10;2026-08-15 15:28:34;SKU-004;2;25000;1000;CARD
REC-20260815-STORE_01-0661;STORE_01;CASH-03;2026-08-15 15:28:34;SKU-007;1;12000;500;CARD
REC-20260815-STORE_01-0661;STORE_01;CASH-02;2026-08-15 15:28:34;SKU-048;2;25000;0;CASH
REC-20260815-STORE_01-0661;STORE_01;CASH-02;2026-08-15 15:28:34;SKU-035;2;5000;0;CASH
REC-20260815-STORE_01-0662;STORE_01;CASH-01;2026-08-15 21:00:34;SKU-002;3;12000;0;CASH
REC-20260815-STORE_01-0663;STORE_01;CASH-08;2026-08-15 9:22:42;SKU-044;3;5000;0;CASH
REC-20260815-STORE_01-0664;STORE_01;CASH-06;2026-08-15 12:02:54;SKU-011;3;5000;0;CARD
REC-20260815-STORE_01-0664;STORE_01;CASH-09;2026-08-15 12:02:54;SKU-002;2;12000;0;CARD
REC-20260815-STORE_01-0665;STORE_01;CASH-04;2026-08-15 8:41:39;SKU-019;3;25000;0;CARD
REC-20260815-STORE_01-0665;STORE_01;CASH-05;2026-08-15 8:41:39;SKU-015;4;5000;0;CASH
REC-20260815-STORE_01-0665;STORE_01;CASH-09;2026-08-15 8:41:39;SKU-049;2;5000;0;CASH
REC-20260815-STORE_01-0665;STORE_01;CASH-06;2026-08-15 8:41:39;SKU-003;2;45000;0;CARD
REC-20260815-STORE_01-0665;STORE_01;CASH-07;2026-08-15 8:41:39;SKU-043;4;25000;0;CARD
REC-20260815-STORE_01-0666;STORE_01;CASH-01;2026-08-15 20:48:35;SKU-001;3;45000;0;CARD
REC-20260815-STORE_01-0666;STORE_01;CASH-04;2026-08-15 20:48:35;SKU-001;1;45000;0;CASH
REC-20260815-STORE_01-0666;STORE_01;CASH-03;2026-08-15 20:48:35;SKU-001;4;45000;0;CARD
REC-20260815-STORE_01-0667;STORE_01;CASH-05;2026-08-15 21:45:48;SKU-009;4;25000;0;CASH
REC-20260815-STORE_01-0668;STORE_01;CASH-01;2026-08-15 13:10:02;SKU-033;2;5000;0;CARD
REC-20260815-STORE_01-0668;STORE_01;CASH-05;2026-08-15 13:10:02;SKU-024;2;12000;500;CARD
REC-20260815-STORE_01-0668;STORE_01;CASH-10;2026-08-15 13:10:02;SKU-001;1;45000;1000;CARD
REC-20260815-STORE_01-0668;STORE_01;CASH-07;2026-08-15 13:10:02;SKU-014;4;5000;0;CARD
REC-20260815-STORE_01-0669;STORE_01;CASH-07;2026-08-15 18:14:58;SKU-009;4;25000;0;CARD
REC-20260815-STORE_01-0669;STORE_01;CASH-07;2026-08-15 18:14:58;SKU-004;1;25000;500;CASH
REC-20260815-STORE_01-0669;STORE_01;CASH-02;2026-08-15 18:14:58;SKU-031;4;45000;0;CASH
REC-20260815-STORE_01-0669;STORE_01;CASH-01;2026-08-15 18:14:58;SKU-001;1;45000;0;CASH
REC-20260815-STORE_01-0669;STORE_01;CASH-04;2026-08-15 18:14:58;SKU-045;4;45000;1000;CASH
REC-20260815-STORE_01-0670;STORE_01;CASH-04;2026-08-15 18:13:05;SKU-017;3;12000;500;CASH
REC-20260815-STORE_01-0670;STORE_01;CASH-03;2026-08-15 18:13:05;SKU-007;4;12000;0;CARD
REC-20260815-STORE_01-0670;STORE_01;CASH-01;2026-08-15 18:13:05;SKU-008;1;12000;0;CASH
REC-20260815-STORE_01-0670;STORE_01;CASH-01;2026-08-15 18:13:05;SKU-009;2;25000;1000;CASH
REC-20260815-STORE_01-0671;STORE_01;CASH-10;2026-08-15 19:30:04;SKU-011;4;5000;0;CARD
REC-20260815-STORE_01-0671;STORE_01;CASH-09;2026-08-15 19:30:04;SKU-010;1;25000;1000;CARD
REC-20260815-STORE_01-0672;STORE_01;CASH-01;2026-08-15 10:08:37;SKU-007;1;12000;0;CASH
REC-20260815-STORE_01-0672;STORE_01;CASH-03;2026-08-15 10:08:37;SKU-001;3;45000;0;CARD
REC-20260815-STORE_01-0673;STORE_01;CASH-10;2026-08-15 10:10:21;SKU-011;1;5000;0;CARD
REC-20260815-STORE_01-0673;STORE_01;CASH-01;2026-08-15 10:10:21;SKU-035;4;5000;0;CASH
REC-20260815-STORE_01-0673;STORE_01;CASH-01;2026-08-15 10:10:21;SKU-008;4;12000;1000;CARD
REC-20260815-STORE_01-0673;STORE_01;CASH-08;2026-08-15 10:10:21;SKU-013;2;12000;0;CARD
REC-20260815-STORE_01-0674;STORE_01;CASH-01;2026-08-15 13:40:09;SKU-005;2;5000;1000;CARD
REC-20260815-STORE_01-0674;STORE_01;CASH-10;2026-08-15 13:40:09;SKU-001;2;45000;0;CARD
REC-20260815-STORE_01-0674;STORE_01;CASH-08;2026-08-15 13:40:09;SKU-002;4;12000;0;CARD
REC-20260815-STORE_01-0675;STORE_01;CASH-01;2026-08-15 19:27:34;SKU-001;2;45000;1000;CASH
REC-20260815-STORE_01-0675;STORE_01;CASH-05;2026-08-15 19:27:34;SKU-019;1;25000;0;CARD
REC-20260815-STORE_01-0676;STORE_01;CASH-02;2026-08-15 10:31:11;SKU-003;4;45000;1000;CARD
REC-20260815-STORE_01-0676;STORE_01;CASH-09;2026-08-15 10:31:11;SKU-006;4;45000;1000;CARD
REC-20260815-STORE_01-0676;STORE_01;CASH-03;2026-08-15 10:31:11;SKU-007;3;12000;0;CASH
REC-20260815-STORE_01-0676;STORE_01;CASH-01;2026-08-15 10:31:11;SKU-045;2;45000;0;CARD
REC-20260815-STORE_01-0676;STORE_01;CASH-01;2026-08-15 10:31:11;SKU-002;3;12000;0;CARD
REC-20260815-STORE_01-0677;STORE_01;CASH-06;2026-08-15 15:36:58;SKU-025;4;5000;0;CASH
REC-20260815-STORE_01-0677;STORE_01;CASH-08;2026-08-15 15:36:58;SKU-032;2;25000;1000;CARD
REC-20260815-STORE_01-0678;STORE_01;CASH-01;2026-08-15 16:53:38;SKU-024;3;12000;0;CASH
REC-20260815-STORE_01-0679;STORE_01;CASH-03;2026-08-15 15:30:55;SKU-010;1;25000;1000;CARD
REC-20260815-STORE_01-0679;STORE_01;CASH-08;2026-08-15 15:30:55;SKU-028;2;5000;500;CARD
REC-20260815-STORE_01-0679;STORE_01;CASH-01;2026-08-15 15:30:55;SKU-001;1;45000;0;CASH
REC-20260815-STORE_01-0679;STORE_01;CASH-10;2026-08-15 15:30:55;SKU-011;4;5000;0;CARD
REC-20260815-STORE_01-0680;STORE_01;CASH-02;2026-08-15 16:04:26;SKU-002;2;12000;500;CARD
REC-20260815-STORE_01-0680;STORE_01;CASH-04;2026-08-15 16:04:26;SKU-003;4;45000;0;CARD
REC-20260815-STORE_01-0681;STORE_01;CASH-07;2026-08-15 20:04:50;SKU-022;4;12000;0;CARD
REC-20260815-STORE_01-0682;STORE_01;CASH-10;2026-08-15 13:01:49;SKU-016;3;25000;0;CARD
REC-20260815-STORE_01-0683;STORE_01;CASH-07;2026-08-15 17:46:17;SKU-004;3;25000;0;CARD
REC-20260815-STORE_01-0683;STORE_01;CASH-09;2026-08-15 17:46:17;SKU-045;3;45000;1000;CARD
REC-20260815-STORE_01-0684;STORE_01;CASH-07;2026-08-15 21:45:58;SKU-039;2;5000;500;CASH
REC-20260815-STORE_01-0684;STORE_01;CASH-01;2026-08-15 21:45:58;SKU-001;1;45000;0;CARD
REC-20260815-STORE_01-0685;STORE_01;CASH-10;2026-08-15 21:03:13;SKU-005;4;5000;0;CARD
REC-20260815-STORE_01-0685;STORE_01;CASH-06;2026-08-15 21:03:13;SKU-039;1;5000;500;CARD
REC-20260815-STORE_01-0685;STORE_01;CASH-08;2026-08-15 21:03:13;SKU-001;4;45000;0;CARD
REC-20260815-STORE_01-0685;STORE_01;CASH-05;2026-08-15 21:03:13;SKU-001;3;45000;0;CARD
REC-20260815-STORE_01-0685;STORE_01;CASH-09;2026-08-15 21:03:13;SKU-021;4;5000;1000;CASH
REC-20260815-STORE_01-0686;STORE_01;CASH-04;2026-08-15 10:30:10;SKU-007;4;12000;0;CASH
REC-20260815-STORE_01-0686;STORE_01;CASH-06;2026-08-15 10:30:10;SKU-003;3;45000;0;CARD
REC-20260815-STORE_01-0686;STORE_01;CASH-05;2026-08-15 10:30:10;SKU-017;2;12000;0;CARD
REC-20260815-STORE_01-0687;STORE_01;CASH-09;2026-08-15 8:42:36;SKU-027;1;5000;0;CASH
REC-20260815-STORE_01-0687;STORE_01;CASH-10;2026-08-15 8:42:36;SKU-032;4;25000;0;CASH
REC-20260815-STORE_01-0687;STORE_01;CASH-01;2026-08-15 8:42:36;SKU-001;3;45000;1000;CARD
REC-20260815-STORE_01-0688;STORE_01;CASH-07;2026-08-15 18:12:20;SKU-013;2;12000;500;CARD
REC-20260815-STORE_01-0688;STORE_01;CASH-10;2026-08-15 18:12:20;SKU-035;1;5000;0;CARD
REC-20260815-STORE_01-0688;STORE_01;CASH-10;2026-08-15 18:12:20;SKU-001;4;45000;1000;CARD
REC-20260815-STORE_01-0688;STORE_01;CASH-10;2026-08-15 18:12:20;SKU-001;2;45000;1000;CASH
REC-20260815-STORE_01-0689;STORE_01;CASH-03;2026-08-15 9:06:26;SKU-003;2;45000;0;CASH
REC-20260815-STORE_01-0689;STORE_01;CASH-06;2026-08-15 9:06:26;SKU-001;4;45000;0;CARD
REC-20260815-STORE_01-0689;STORE_01;CASH-02;2026-08-15 9:06:26;SKU-007;3;12000;1000;CARD
REC-20260815-STORE_01-0689;STORE_01;CASH-09;2026-08-15 9:06:26;SKU-001;2;45000;0;CARD
REC-20260815-STORE_01-0690;STORE_01;CASH-07;2026-08-15 12:52:43;SKU-039;4;5000;0;CASH
REC-20260815-STORE_01-0690;STORE_01;CASH-08;2026-08-15 12:52:43;SKU-001;4;45000;0;CASH
REC-20260815-STORE_01-0691;STORE_01;CASH-02;2026-08-15 18:35:37;SKU-013;3;12000;0;CARD
REC-20260815-STORE_01-0691;STORE_01;CASH-01;2026-08-15 18:35:37;SKU-001;2;45000;1000;CARD
REC-20260815-STORE_01-0691;STORE_01;CASH-02;2026-08-15 18:35:37;SKU-022;2;12000;0;CASH
REC-20260815-STORE_01-0691;STORE_01;CASH-08;2026-08-15 18:35:37;SKU-001;4;45000;0;CASH
REC-20260815-STORE_01-0692;STORE_01;CASH-06;2026-08-15 8:53:25;SKU-014;4;5000;1000;CARD
REC-20260815-STORE_01-0692;STORE_01;CASH-09;2026-08-15 8:53:25;SKU-032;3;25000;500;CARD
REC-20260815-STORE_01-0692;STORE_01;CASH-03;2026-08-15 8:53:25;SKU-013;2;12000;0;CARD
REC-20260815-STORE_01-0692;STORE_01;CASH-02;2026-08-15 8:53:25;SKU-003;4;45000;0;CARD
REC-20260815-STORE_01-0693;STORE_01;CASH-07;2026-08-15 18:21:01;SKU-003;2;45000;0;CASH
REC-20260815-STORE_01-0693;STORE_01;CASH-05;2026-08-15 18:21:01;SKU-010;1;25000;0;CARD
REC-20260815-STORE_01-0693;STORE_01;CASH-06;2026-08-15 18:21:01;SKU-019;2;25000;500;CARD
REC-20260815-STORE_01-0693;STORE_01;CASH-04;2026-08-15 18:21:01;SKU-001;3;45000;0;CARD
REC-20260815-STORE_01-0693;STORE_01;CASH-07;2026-08-15 18:21:01;SKU-001;4;45000;0;CASH
REC-20260815-STORE_01-0694;STORE_01;CASH-09;2026-08-15 20:14:03;SKU-030;4;45000;1000;CASH
REC-20260815-STORE_01-0695;STORE_01;CASH-09;2026-08-15 19:19:44;SKU-003;4;45000;0;CARD
REC-20260815-STORE_01-0695;STORE_01;CASH-05;2026-08-15 19:19:44;SKU-013;4;12000;500;CARD
REC-20260815-STORE_01-0695;STORE_01;CASH-09;2026-08-15 19:19:44;SKU-008;3;12000;1000;CARD
REC-20260815-STORE_01-0696;STORE_01;CASH-02;2026-08-15 10:44:46;SKU-001;3;45000;500;CARD
REC-20260815-STORE_01-0696;STORE_01;CASH-01;2026-08-15 10:44:46;SKU-001;2;45000;0;CASH
REC-20260815-STORE_01-0696;STORE_01;CASH-03;2026-08-15 10:44:46;SKU-015;1;5000;0;CARD
REC-20260815-STORE_01-0697;STORE_01;CASH-03;2026-08-15 12:22:57;SKU-004;2;25000;0;CARD
REC-20260815-STORE_01-0698;STORE_01;CASH-04;2026-08-15 17:39:16;SKU-042;3;5000;0;CARD
REC-20260815-STORE_01-0698;STORE_01;CASH-07;2026-08-15 17:39:16;SKU-002;2;12000;0;CARD
REC-20260815-STORE_01-0698;STORE_01;CASH-10;2026-08-15 17:39:16;SKU-015;1;5000;500;CARD
REC-20260815-STORE_01-0699;STORE_01;CASH-02;2026-08-15 18:43:24;SKU-001;2;45000;0;CARD
REC-20260815-STORE_01-0700;STORE_01;CASH-06;2026-08-15 14:28:14;SKU-002;4;12000;0;CASH
REC-20260815-STORE_02-0001;STORE_02;CASH-02;2026-08-15 9:42:10;SKU-047;2;5000;0;CASH
REC-20260815-STORE_02-0001;STORE_02;CASH-05;2026-08-15 9:42:10;SKU-016;1;25000;0;CARD
REC-20260815-STORE_02-0001;STORE_02;CASH-10;2026-08-15 9:42:10;SKU-016;4;25000;0;CARD
REC-20260815-STORE_02-0001;STORE_02;CASH-01;2026-08-15 9:42:10;SKU-001;4;45000;0;CARD
REC-20260815-STORE_02-0001;STORE_02;CASH-01;2026-08-15 9:42:10;SKU-043;1;25000;1000;CARD
REC-20260815-STORE_02-0002;STORE_02;CASH-03;2026-08-15 8:06:24;SKU-015;1;5000;0;CARD
REC-20260815-STORE_02-0002;STORE_02;CASH-07;2026-08-15 8:06:24;SKU-002;4;12000;0;CARD
REC-20260815-STORE_02-0003;STORE_02;CASH-02;2026-08-15 20:06:28;SKU-046;2;25000;0;CASH
REC-20260815-STORE_02-0003;STORE_02;CASH-01;2026-08-15 20:06:28;SKU-001;2;45000;0;CARD
REC-20260815-STORE_02-0003;STORE_02;CASH-01;2026-08-15 20:06:28;SKU-001;1;45000;0;CARD
REC-20260815-STORE_02-0003;STORE_02;CASH-04;2026-08-15 20:06:28;SKU-001;3;45000;500;CARD
REC-20260815-STORE_02-0004;STORE_02;CASH-06;2026-08-15 17:55:41;SKU-046;4;25000;0;CARD
REC-20260815-STORE_02-0004;STORE_02;CASH-06;2026-08-15 17:55:41;SKU-030;1;45000;0;CARD
REC-20260815-STORE_02-0004;STORE_02;CASH-09;2026-08-15 17:55:41;SKU-008;4;12000;0;CARD
REC-20260815-STORE_02-0005;STORE_02;CASH-07;2026-08-15 21:01:28;SKU-015;4;5000;0;CARD
REC-20260815-STORE_02-0005;STORE_02;CASH-06;2026-08-15 21:01:28;SKU-001;3;45000;1000;CASH
REC-20260815-STORE_02-0005;STORE_02;CASH-01;2026-08-15 21:01:28;SKU-001;3;45000;0;CARD
REC-20260815-STORE_02-0005;STORE_02;CASH-09;2026-08-15 21:01:28;SKU-005;3;5000;1000;CARD
REC-20260815-STORE_02-0006;STORE_02;CASH-05;2026-08-15 20:20:30;SKU-020;4;12000;0;CARD
REC-20260815-STORE_02-0007;STORE_02;CASH-09;2026-08-15 17:13:15;SKU-001;3;45000;0;CARD
REC-20260815-STORE_02-0007;STORE_02;CASH-07;2026-08-15 17:13:15;SKU-016;2;25000;1000;CARD
REC-20260815-STORE_02-0007;STORE_02;CASH-08;2026-08-15 17:13:15;SKU-002;2;12000;0;CASH
REC-20260815-STORE_02-0007;STORE_02;CASH-06;2026-08-15 17:13:15;SKU-004;2;25000;500;CASH
REC-20260815-STORE_02-0008;STORE_02;CASH-10;2026-08-15 11:42:18;SKU-028;4;5000;500;CARD
REC-20260815-STORE_02-0008;STORE_02;CASH-10;2026-08-15 11:42:18;SKU-002;4;12000;500;CASH
REC-20260815-STORE_02-0008;STORE_02;CASH-10;2026-08-15 11:42:18;SKU-002;1;12000;0;CARD
REC-20260815-STORE_02-0008;STORE_02;CASH-04;2026-08-15 11:42:18;SKU-037;2;45000;1000;CARD
REC-20260815-STORE_02-0009;STORE_02;CASH-08;2026-08-15 11:49:39;SKU-014;1;5000;0;CARD
REC-20260815-STORE_02-0009;STORE_02;CASH-10;2026-08-15 11:49:39;SKU-019;1;25000;0;CARD
REC-20260815-STORE_02-0009;STORE_02;CASH-03;2026-08-15 11:49:39;SKU-004;4;25000;0;CASH
REC-20260815-STORE_02-0009;STORE_02;CASH-05;2026-08-15 11:49:39;SKU-001;1;45000;0;CARD
REC-20260815-STORE_02-0010;STORE_02;CASH-07;2026-08-15 8:25:53;SKU-017;2;12000;500;CARD
REC-20260815-STORE_02-0010;STORE_02;CASH-05;2026-08-15 8:25:53;SKU-001;1;45000;0;CASH
REC-20260815-STORE_02-0010;STORE_02;CASH-06;2026-08-15 8:25:53;SKU-001;3;45000;0;CARD
REC-20260815-STORE_02-0010;STORE_02;CASH-10;2026-08-15 8:25:53;SKU-025;2;5000;0;CASH
REC-20260815-STORE_02-0010;STORE_02;CASH-07;2026-08-15 8:25:53;SKU-006;4;45000;0;CARD
REC-20260815-STORE_02-0011;STORE_02;CASH-10;2026-08-15 13:16:43;SKU-002;4;12000;0;CARD
REC-20260815-STORE_02-0011;STORE_02;CASH-09;2026-08-15 13:16:43;SKU-029;3;5000;1000;CARD
REC-20260815-STORE_02-0011;STORE_02;CASH-09;2026-08-15 13:16:43;SKU-002;1;12000;500;CARD
REC-20260815-STORE_02-0012;STORE_02;CASH-01;2026-08-15 16:48:45;SKU-002;3;12000;500;CARD
REC-20260815-STORE_02-0012;STORE_02;CASH-09;2026-08-15 16:48:45;SKU-011;1;5000;1000;CASH
REC-20260815-STORE_02-0012;STORE_02;CASH-07;2026-08-15 16:48:45;SKU-026;2;12000;500;CARD
REC-20260815-STORE_02-0012;STORE_02;CASH-02;2026-08-15 16:48:45;SKU-007;3;12000;500;CARD
REC-20260815-STORE_02-0013;STORE_02;CASH-10;2026-08-15 20:06:16;SKU-009;1;25000;1000;CARD
REC-20260815-STORE_02-0013;STORE_02;CASH-10;2026-08-15 20:06:16;SKU-007;1;12000;0;CARD
REC-20260815-STORE_02-0013;STORE_02;CASH-06;2026-08-15 20:06:16;SKU-011;3;5000;0;CARD
REC-20260815-STORE_02-0013;STORE_02;CASH-08;2026-08-15 20:06:16;SKU-002;3;12000;500;CASH
REC-20260815-STORE_02-0014;STORE_02;CASH-03;2026-08-15 16:34:17;SKU-004;3;25000;1000;CARD
REC-20260815-STORE_02-0014;STORE_02;CASH-05;2026-08-15 16:34:17;SKU-040;3;25000;500;CASH
REC-20260815-STORE_02-0014;STORE_02;CASH-03;2026-08-15 16:34:17;SKU-004;4;25000;1000;CASH
REC-20260815-STORE_02-0015;STORE_02;CASH-09;2026-08-15 12:52:38;SKU-005;1;5000;0;CASH
REC-20260815-STORE_02-0015;STORE_02;CASH-09;2026-08-15 12:52:38;SKU-023;3;45000;1000;CARD
REC-20260815-STORE_02-0016;STORE_02;CASH-05;2026-08-15 17:23:56;SKU-010;2;25000;0;CARD
REC-20260815-STORE_02-0016;STORE_02;CASH-08;2026-08-15 17:23:56;SKU-026;3;12000;0;CARD
REC-20260815-STORE_02-0016;STORE_02;CASH-08;2026-08-15 17:23:56;SKU-004;3;25000;500;CARD
REC-20260815-STORE_02-0017;STORE_02;CASH-03;2026-08-15 12:22:21;SKU-034;2;25000;0;CARD
REC-20260815-STORE_02-0017;STORE_02;CASH-02;2026-08-15 12:22:21;SKU-001;1;45000;0;CARD
REC-20260815-STORE_02-0018;STORE_02;CASH-10;2026-08-15 13:45:24;SKU-001;4;45000;1000;CARD
REC-20260815-STORE_02-0019;STORE_02;CASH-02;2026-08-15 13:10:10;SKU-018;3;5000;1000;CASH
REC-20260815-STORE_02-0019;STORE_02;CASH-05;2026-08-15 13:10:10;SKU-010;2;25000;0;CASH
REC-20260815-STORE_02-0019;STORE_02;CASH-07;2026-08-15 13:10:10;SKU-001;3;45000;0;CASH
REC-20260815-STORE_02-0020;STORE_02;CASH-06;2026-08-15 18:29:14;SKU-006;4;45000;500;CARD
REC-20260815-STORE_02-0021;STORE_02;CASH-02;2026-08-15 13:22:51;SKU-040;3;25000;0;CARD
REC-20260815-STORE_02-0021;STORE_02;CASH-07;2026-08-15 13:22:51;SKU-002;1;12000;500;CASH
REC-20260815-STORE_02-0021;STORE_02;CASH-07;2026-08-15 13:22:51;SKU-012;2;45000;1000;CASH
REC-20260815-STORE_02-0022;STORE_02;CASH-06;2026-08-15 14:51:27;SKU-011;4;5000;0;CARD
REC-20260815-STORE_02-0022;STORE_02;CASH-09;2026-08-15 14:51:27;SKU-048;2;25000;0;CARD
REC-20260815-STORE_02-0022;STORE_02;CASH-04;2026-08-15 14:51:27;SKU-010;2;25000;500;CARD
REC-20260815-STORE_02-0022;STORE_02;CASH-05;2026-08-15 14:51:27;SKU-014;2;5000;500;CARD
REC-20260815-STORE_02-0022;STORE_02;CASH-07;2026-08-15 14:51:27;SKU-021;4;5000;0;CASH
REC-20260815-STORE_02-0023;STORE_02;CASH-09;2026-08-15 13:16:21;SKU-006;1;45000;0;CASH
REC-20260815-STORE_02-0024;STORE_02;CASH-01;2026-08-15 19:06:13;SKU-005;4;5000;500;CASH
REC-20260815-STORE_02-0024;STORE_02;CASH-04;2026-08-15 19:06:13;SKU-001;3;45000;0;CASH
REC-20260815-STORE_02-0024;STORE_02;CASH-03;2026-08-15 19:06:13;SKU-001;2;45000;0;CARD
REC-20260815-STORE_02-0024;STORE_02;CASH-04;2026-08-15 19:06:13;SKU-007;1;12000;0;CASH
REC-20260815-STORE_02-0024;STORE_02;CASH-09;2026-08-15 19:06:13;SKU-016;2;25000;0;CARD
REC-20260815-STORE_02-0025;STORE_02;CASH-02;2026-08-15 19:35:05;SKU-004;4;25000;0;CASH
REC-20260815-STORE_02-0025;STORE_02;CASH-01;2026-08-15 19:35:05;SKU-001;4;45000;0;CARD
REC-20260815-STORE_02-0026;STORE_02;CASH-06;2026-08-15 15:36:45;SKU-001;3;45000;500;CARD
REC-20260815-STORE_02-0026;STORE_02;CASH-01;2026-08-15 15:36:45;SKU-001;1;45000;0;CARD
REC-20260815-STORE_02-0026;STORE_02;CASH-07;2026-08-15 15:36:45;SKU-020;3;12000;0;CASH
REC-20260815-STORE_02-0026;STORE_02;CASH-05;2026-08-15 15:36:45;SKU-030;1;45000;500;CASH
REC-20260815-STORE_02-0026;STORE_02;CASH-01;2026-08-15 15:36:45;SKU-004;1;25000;500;CARD
REC-20260815-STORE_02-0027;STORE_02;CASH-01;2026-08-15 17:34:32;SKU-007;2;12000;0;CASH
REC-20260815-STORE_02-0027;STORE_02;CASH-08;2026-08-15 17:34:32;SKU-004;3;25000;0;CARD
REC-20260815-STORE_02-0027;STORE_02;CASH-04;2026-08-15 17:34:32;SKU-003;2;45000;1000;CARD
REC-20260815-STORE_02-0028;STORE_02;CASH-01;2026-08-15 14:35:18;SKU-040;1;25000;1000;CARD
REC-20260815-STORE_02-0029;STORE_02;CASH-02;2026-08-15 10:37:31;SKU-013;2;12000;500;CARD
REC-20260815-STORE_02-0029;STORE_02;CASH-09;2026-08-15 10:37:31;SKU-006;1;45000;0;CARD
REC-20260815-STORE_02-0029;STORE_02;CASH-10;2026-08-15 10:37:31;SKU-006;3;45000;0;CARD
REC-20260815-STORE_02-0029;STORE_02;CASH-09;2026-08-15 10:37:31;SKU-013;1;12000;1000;CARD
REC-20260815-STORE_02-0030;STORE_02;CASH-05;2026-08-15 10:21:58;SKU-005;3;5000;1000;CASH
REC-20260815-STORE_02-0031;STORE_02;CASH-01;2026-08-15 18:41:38;SKU-010;4;25000;1000;CARD
REC-20260815-STORE_02-0032;STORE_02;CASH-05;2026-08-15 16:58:26;SKU-045;4;45000;1000;CARD
REC-20260815-STORE_02-0032;STORE_02;CASH-06;2026-08-15 16:58:26;SKU-016;1;25000;0;CARD
REC-20260815-STORE_02-0033;STORE_02;CASH-08;2026-08-15 19:55:41;SKU-019;2;25000;500;CASH
REC-20260815-STORE_02-0034;STORE_02;CASH-05;2026-08-15 12:03:15;SKU-048;1;25000;0;CASH
REC-20260815-STORE_02-0034;STORE_02;CASH-03;2026-08-15 12:03:15;SKU-004;3;25000;1000;CARD
REC-20260815-STORE_02-0035;STORE_02;CASH-10;2026-08-15 16:24:25;SKU-001;1;45000;1000;CARD
REC-20260815-STORE_02-0035;STORE_02;CASH-06;2026-08-15 16:24:25;SKU-006;3;45000;0;CASH
REC-20260815-STORE_02-0035;STORE_02;CASH-08;2026-08-15 16:24:25;SKU-005;3;5000;1000;CASH
REC-20260815-STORE_02-0036;STORE_02;CASH-01;2026-08-15 10:27:25;SKU-010;3;25000;0;CASH
REC-20260815-STORE_02-0036;STORE_02;CASH-02;2026-08-15 10:27:25;SKU-039;1;5000;0;CASH
REC-20260815-STORE_02-0036;STORE_02;CASH-04;2026-08-15 10:27:25;SKU-001;1;45000;1000;CARD
REC-20260815-STORE_02-0036;STORE_02;CASH-03;2026-08-15 10:27:25;SKU-003;3;45000;0;CASH
REC-20260815-STORE_02-0037;STORE_02;CASH-07;2026-08-15 19:20:31;SKU-026;2;12000;1000;CASH
REC-20260815-STORE_02-0037;STORE_02;CASH-02;2026-08-15 19:20:31;SKU-003;3;45000;0;CARD
REC-20260815-STORE_02-0037;STORE_02;CASH-05;2026-08-15 19:20:31;SKU-003;3;45000;1000;CARD
REC-20260815-STORE_02-0037;STORE_02;CASH-04;2026-08-15 19:20:31;SKU-003;4;45000;0;CARD
REC-20260815-STORE_02-0037;STORE_02;CASH-09;2026-08-15 19:20:31;SKU-005;1;5000;0;CARD
REC-20260815-STORE_02-0038;STORE_02;CASH-08;2026-08-15 15:02:03;SKU-002;4;12000;500;CARD
REC-20260815-STORE_02-0038;STORE_02;CASH-02;2026-08-15 15:02:03;SKU-015;1;5000;500;CASH
REC-20260815-STORE_02-0039;STORE_02;CASH-07;2026-08-15 15:04:27;SKU-001;1;45000;0;CASH
REC-20260815-STORE_02-0040;STORE_02;CASH-07;2026-08-15 10:18:26;SKU-005;1;5000;1000;CARD
REC-20260815-STORE_02-0040;STORE_02;CASH-01;2026-08-15 10:18:26;SKU-011;3;5000;1000;CASH
REC-20260815-STORE_02-0040;STORE_02;CASH-02;2026-08-15 10:18:26;SKU-016;2;25000;0;CASH
REC-20260815-STORE_02-0040;STORE_02;CASH-10;2026-08-15 10:18:26;SKU-003;2;45000;0;CARD
REC-20260815-STORE_02-0041;STORE_02;CASH-06;2026-08-15 13:50:27;SKU-005;4;5000;1000;CASH
REC-20260815-STORE_02-0042;STORE_02;CASH-03;2026-08-15 16:46:34;SKU-001;1;45000;0;CARD
REC-20260815-STORE_02-0042;STORE_02;CASH-03;2026-08-15 16:46:34;SKU-011;4;5000;0;CARD
REC-20260815-STORE_02-0042;STORE_02;CASH-05;2026-08-15 16:46:34;SKU-003;2;45000;0;CASH
REC-20260815-STORE_02-0042;STORE_02;CASH-04;2026-08-15 16:46:34;SKU-007;2;12000;0;CASH
REC-20260815-STORE_02-0042;STORE_02;CASH-09;2026-08-15 16:46:34;SKU-035;3;5000;0;CARD
REC-20260815-STORE_02-0043;STORE_02;CASH-07;2026-08-15 21:06:44;SKU-004;2;25000;1000;CARD
REC-20260815-STORE_02-0043;STORE_02;CASH-06;2026-08-15 21:06:44;SKU-001;1;45000;0;CASH
REC-20260815-STORE_02-0043;STORE_02;CASH-01;2026-08-15 21:06:44;SKU-007;4;12000;500;CARD
REC-20260815-STORE_02-0043;STORE_02;CASH-07;2026-08-15 21:06:44;SKU-005;3;5000;500;CASH
REC-20260815-STORE_02-0043;STORE_02;CASH-08;2026-08-15 21:06:44;SKU-008;2;12000;500;CARD
REC-20260815-STORE_02-0044;STORE_02;CASH-09;2026-08-15 19:13:46;SKU-001;2;45000;0;CASH
REC-20260815-STORE_02-0044;STORE_02;CASH-07;2026-08-15 19:13:46;SKU-001;1;45000;0;CASH
REC-20260815-STORE_02-0044;STORE_02;CASH-01;2026-08-15 19:13:46;SKU-005;4;5000;500;CARD
REC-20260815-STORE_02-0044;STORE_02;CASH-06;2026-08-15 19:13:46;SKU-018;4;5000;500;CASH
REC-20260815-STORE_02-0044;STORE_02;CASH-04;2026-08-15 19:13:46;SKU-002;1;12000;0;CARD
REC-20260815-STORE_02-0045;STORE_02;CASH-10;2026-08-15 11:29:50;SKU-003;3;45000;0;CARD
REC-20260815-STORE_02-0045;STORE_02;CASH-01;2026-08-15 11:29:50;SKU-006;2;45000;0;CARD
REC-20260815-STORE_02-0045;STORE_02;CASH-01;2026-08-15 11:29:50;SKU-003;4;45000;500;CARD
REC-20260815-STORE_02-0045;STORE_02;CASH-04;2026-08-15 11:29:50;SKU-003;4;45000;0;CASH
REC-20260815-STORE_02-0045;STORE_02;CASH-01;2026-08-15 11:29:50;SKU-002;2;12000;1000;CARD
REC-20260815-STORE_02-0046;STORE_02;CASH-06;2026-08-15 11:39:21;SKU-003;3;45000;1000;CARD
REC-20260815-STORE_02-0046;STORE_02;CASH-05;2026-08-15 11:39:21;SKU-001;3;45000;500;CASH
REC-20260815-STORE_02-0046;STORE_02;CASH-07;2026-08-15 11:39:21;SKU-019;1;25000;0;CARD
REC-20260815-STORE_02-0047;STORE_02;CASH-07;2026-08-15 18:29:22;SKU-012;2;45000;1000;CASH
REC-20260815-STORE_02-0047;STORE_02;CASH-10;2026-08-15 18:29:22;SKU-002;3;12000;1000;CASH
REC-20260815-STORE_02-0048;STORE_02;CASH-08;2026-08-15 18:27:05;SKU-021;4;5000;500;CARD
REC-20260815-STORE_02-0048;STORE_02;CASH-02;2026-08-15 18:27:05;SKU-004;2;25000;0;CARD
REC-20260815-STORE_02-0049;STORE_02;CASH-03;2026-08-15 16:51:27;SKU-004;1;25000;1000;CARD
REC-20260815-STORE_02-0049;STORE_02;CASH-02;2026-08-15 16:51:27;SKU-001;2;45000;500;CARD
REC-20260815-STORE_02-0049;STORE_02;CASH-08;2026-08-15 16:51:27;SKU-039;2;5000;500;CASH
REC-20260815-STORE_02-0049;STORE_02;CASH-06;2026-08-15 16:51:27;SKU-006;1;45000;0;CARD
REC-20260815-STORE_02-0050;STORE_02;CASH-01;2026-08-15 17:49:32;SKU-005;3;5000;0;CASH
REC-20260815-STORE_02-0050;STORE_02;CASH-07;2026-08-15 17:49:32;SKU-003;2;45000;500;CARD
REC-20260815-STORE_02-0050;STORE_02;CASH-04;2026-08-15 17:49:32;SKU-031;1;45000;1000;CARD
REC-20260815-STORE_02-0050;STORE_02;CASH-07;2026-08-15 17:49:32;SKU-005;2;5000;0;CARD
REC-20260815-STORE_02-0050;STORE_02;CASH-04;2026-08-15 17:49:32;SKU-044;3;5000;500;CARD
REC-20260815-STORE_02-0051;STORE_02;CASH-05;2026-08-15 17:59:15;SKU-004;2;25000;0;CASH
REC-20260815-STORE_02-0051;STORE_02;CASH-09;2026-08-15 17:59:15;SKU-002;4;12000;1000;CASH
REC-20260815-STORE_02-0051;STORE_02;CASH-07;2026-08-15 17:59:15;SKU-003;3;45000;0;CARD
REC-20260815-STORE_02-0051;STORE_02;CASH-02;2026-08-15 17:59:15;SKU-001;2;45000;500;CARD
REC-20260815-STORE_02-0051;STORE_02;CASH-07;2026-08-15 17:59:15;SKU-001;3;45000;0;CASH
REC-20260815-STORE_02-0052;STORE_02;CASH-10;2026-08-15 19:42:16;SKU-017;3;12000;1000;CASH
REC-20260815-STORE_02-0052;STORE_02;CASH-10;2026-08-15 19:42:16;SKU-019;2;25000;500;CASH
REC-20260815-STORE_02-0053;STORE_02;CASH-02;2026-08-15 19:26:53;SKU-001;4;45000;0;CARD
REC-20260815-STORE_02-0053;STORE_02;CASH-01;2026-08-15 19:26:53;SKU-002;4;12000;0;CARD
REC-20260815-STORE_02-0054;STORE_02;CASH-04;2026-08-15 12:19:36;SKU-001;1;45000;0;CARD
REC-20260815-STORE_02-0054;STORE_02;CASH-08;2026-08-15 12:19:36;SKU-001;1;45000;500;CASH
REC-20260815-STORE_02-0054;STORE_02;CASH-05;2026-08-15 12:19:36;SKU-001;4;45000;0;CASH
REC-20260815-STORE_02-0055;STORE_02;CASH-05;2026-08-15 10:15:22;SKU-004;4;25000;1000;CARD
REC-20260815-STORE_02-0055;STORE_02;CASH-08;2026-08-15 10:15:22;SKU-048;3;25000;0;CASH
REC-20260815-STORE_02-0055;STORE_02;CASH-10;2026-08-15 10:15:22;SKU-002;4;12000;0;CARD
REC-20260815-STORE_02-0055;STORE_02;CASH-03;2026-08-15 10:15:22;SKU-016;2;25000;1000;CARD
REC-20260815-STORE_02-0055;STORE_02;CASH-05;2026-08-15 10:15:22;SKU-001;4;45000;0;CARD
REC-20260815-STORE_02-0056;STORE_02;CASH-09;2026-08-15 11:39:52;SKU-001;4;45000;0;CARD
REC-20260815-STORE_02-0057;STORE_02;CASH-05;2026-08-15 14:09:26;SKU-029;3;5000;0;CARD
REC-20260815-STORE_02-0057;STORE_02;CASH-02;2026-08-15 14:09:26;SKU-007;4;12000;1000;CARD
REC-20260815-STORE_02-0057;STORE_02;CASH-07;2026-08-15 14:09:26;SKU-010;3;25000;1000;CARD
REC-20260815-STORE_02-0057;STORE_02;CASH-05;2026-08-15 14:09:26;SKU-002;1;12000;0;CASH
REC-20260815-STORE_02-0057;STORE_02;CASH-02;2026-08-15 14:09:26;SKU-005;4;5000;1000;CARD
REC-20260815-STORE_02-0058;STORE_02;CASH-05;2026-08-15 21:59:07;SKU-006;4;45000;0;CARD
REC-20260815-STORE_02-0059;STORE_02;CASH-05;2026-08-15 10:02:20;SKU-002;1;12000;0;CASH
REC-20260815-STORE_02-0059;STORE_02;CASH-10;2026-08-15 10:02:20;SKU-005;1;5000;0;CARD
REC-20260815-STORE_02-0059;STORE_02;CASH-06;2026-08-15 10:02:20;SKU-001;1;45000;0;CARD
REC-20260815-STORE_02-0060;STORE_02;CASH-01;2026-08-15 8:35:43;SKU-038;2;12000;0;CASH
REC-20260815-STORE_02-0061;STORE_02;CASH-03;2026-08-15 19:47:31;SKU-001;1;45000;0;CARD
REC-20260815-STORE_02-0062;STORE_02;CASH-03;2026-08-15 8:49:01;SKU-013;3;12000;0;CARD
REC-20260815-STORE_02-0063;STORE_02;CASH-06;2026-08-15 17:06:10;SKU-003;1;45000;0;CARD
REC-20260815-STORE_02-0063;STORE_02;CASH-06;2026-08-15 17:06:10;SKU-006;3;45000;0;CASH
REC-20260815-STORE_02-0063;STORE_02;CASH-02;2026-08-15 17:06:10;SKU-001;2;45000;1000;CASH
REC-20260815-STORE_02-0064;STORE_02;CASH-05;2026-08-15 19:24:58;SKU-002;1;12000;0;CASH
REC-20260815-STORE_02-0064;STORE_02;CASH-04;2026-08-15 19:24:58;SKU-043;4;25000;500;CARD
REC-20260815-STORE_02-0065;STORE_02;CASH-10;2026-08-15 8:57:54;SKU-003;1;45000;1000;CARD
REC-20260815-STORE_02-0065;STORE_02;CASH-04;2026-08-15 8:57:54;SKU-005;4;5000;500;CARD
REC-20260815-STORE_02-0065;STORE_02;CASH-09;2026-08-15 8:57:54;SKU-001;1;45000;0;CARD
REC-20260815-STORE_02-0066;STORE_02;CASH-05;2026-08-15 20:30:39;SKU-009;1;25000;500;CARD
REC-20260815-STORE_02-0066;STORE_02;CASH-10;2026-08-15 20:30:39;SKU-010;3;25000;0;CASH
REC-20260815-STORE_02-0067;STORE_02;CASH-08;2026-08-15 10:01:12;SKU-010;2;25000;0;CARD
REC-20260815-STORE_02-0067;STORE_02;CASH-07;2026-08-15 10:01:12;SKU-001;3;45000;0;CARD
REC-20260815-STORE_02-0067;STORE_02;CASH-03;2026-08-15 10:01:12;SKU-024;3;12000;0;CASH
REC-20260815-STORE_02-0068;STORE_02;CASH-04;2026-08-15 15:44:46;SKU-022;3;12000;500;CARD
REC-20260815-STORE_02-0068;STORE_02;CASH-10;2026-08-15 15:44:46;SKU-018;1;5000;1000;CARD
REC-20260815-STORE_02-0068;STORE_02;CASH-10;2026-08-15 15:44:46;SKU-033;4;5000;1000;CARD
REC-20260815-STORE_02-0068;STORE_02;CASH-04;2026-08-15 15:44:46;SKU-021;4;5000;1000;CASH
REC-20260815-STORE_02-0068;STORE_02;CASH-02;2026-08-15 15:44:46;SKU-006;4;45000;1000;CARD
REC-20260815-STORE_02-0069;STORE_02;CASH-06;2026-08-15 9:32:35;SKU-020;3;12000;0;CASH
REC-20260815-STORE_02-0069;STORE_02;CASH-09;2026-08-15 9:32:35;SKU-002;2;12000;0;CARD
REC-20260815-STORE_02-0069;STORE_02;CASH-06;2026-08-15 9:32:35;SKU-008;3;12000;0;CARD
REC-20260815-STORE_02-0069;STORE_02;CASH-04;2026-08-15 9:32:35;SKU-013;2;12000;1000;CASH
REC-20260815-STORE_02-0069;STORE_02;CASH-06;2026-08-15 9:32:35;SKU-010;3;25000;1000;CARD
REC-20260815-STORE_02-0070;STORE_02;CASH-04;2026-08-15 11:49:00;SKU-012;1;45000;0;CASH
REC-20260815-STORE_02-0071;STORE_02;CASH-01;2026-08-15 21:37:22;SKU-007;1;12000;0;CARD
REC-20260815-STORE_02-0071;STORE_02;CASH-03;2026-08-15 21:37:22;SKU-002;1;12000;0;CARD
REC-20260815-STORE_02-0071;STORE_02;CASH-02;2026-08-15 21:37:22;SKU-001;2;45000;500;CASH
REC-20260815-STORE_02-0071;STORE_02;CASH-10;2026-08-15 21:37:22;SKU-003;4;45000;0;CASH
REC-20260815-STORE_02-0072;STORE_02;CASH-03;2026-08-15 18:24:37;SKU-002;4;12000;0;CARD
REC-20260815-STORE_02-0072;STORE_02;CASH-08;2026-08-15 18:24:37;SKU-029;3;5000;500;CASH
REC-20260815-STORE_02-0073;STORE_02;CASH-09;2026-08-15 9:57:20;SKU-038;4;12000;1000;CARD
REC-20260815-STORE_02-0073;STORE_02;CASH-06;2026-08-15 9:57:20;SKU-003;1;45000;0;CARD
REC-20260815-STORE_02-0073;STORE_02;CASH-10;2026-08-15 9:57:20;SKU-033;4;5000;1000;CASH
REC-20260815-STORE_02-0073;STORE_02;CASH-07;2026-08-15 9:57:20;SKU-001;1;45000;1000;CARD
REC-20260815-STORE_02-0073;STORE_02;CASH-01;2026-08-15 9:57:20;SKU-002;2;12000;0;CARD
REC-20260815-STORE_02-0074;STORE_02;CASH-08;2026-08-15 9:17:35;SKU-006;3;45000;0;CARD
REC-20260815-STORE_02-0074;STORE_02;CASH-04;2026-08-15 9:17:35;SKU-001;2;45000;0;CARD
REC-20260815-STORE_02-0074;STORE_02;CASH-05;2026-08-15 9:17:35;SKU-033;2;5000;0;CARD
REC-20260815-STORE_02-0075;STORE_02;CASH-06;2026-08-15 12:00:00;SKU-001;4;45000;0;CARD
REC-20260815-STORE_02-0075;STORE_02;CASH-06;2026-08-15 12:00:00;SKU-018;3;5000;1000;CARD
REC-20260815-STORE_02-0076;STORE_02;CASH-04;2026-08-15 18:18:28;SKU-001;4;45000;0;CASH
REC-20260815-STORE_02-0076;STORE_02;CASH-06;2026-08-15 18:18:28;SKU-007;3;12000;1000;CARD
REC-20260815-STORE_02-0076;STORE_02;CASH-10;2026-08-15 18:18:28;SKU-019;1;25000;500;CARD
REC-20260815-STORE_02-0076;STORE_02;CASH-01;2026-08-15 18:18:28;SKU-009;1;25000;0;CARD
REC-20260815-STORE_02-0077;STORE_02;CASH-10;2026-08-15 19:08:11;SKU-001;2;45000;0;CASH
REC-20260815-STORE_02-0077;STORE_02;CASH-01;2026-08-15 19:08:11;SKU-008;2;12000;1000;CASH
REC-20260815-STORE_02-0077;STORE_02;CASH-06;2026-08-15 19:08:11;SKU-014;3;5000;1000;CASH
REC-20260815-STORE_02-0077;STORE_02;CASH-05;2026-08-15 19:08:11;SKU-006;1;45000;0;CARD
REC-20260815-STORE_02-0078;STORE_02;CASH-10;2026-08-15 12:30:49;SKU-004;4;25000;0;CASH
REC-20260815-STORE_02-0078;STORE_02;CASH-01;2026-08-15 12:30:49;SKU-012;4;45000;0;CARD
REC-20260815-STORE_02-0078;STORE_02;CASH-07;2026-08-15 12:30:49;SKU-001;1;45000;500;CARD
REC-20260815-STORE_02-0079;STORE_02;CASH-06;2026-08-15 15:07:18;SKU-002;4;12000;0;CARD
REC-20260815-STORE_02-0080;STORE_02;CASH-06;2026-08-15 11:39:04;SKU-037;4;45000;0;CARD
REC-20260815-STORE_02-0080;STORE_02;CASH-09;2026-08-15 11:39:04;SKU-006;3;45000;0;CARD
REC-20260815-STORE_02-0081;STORE_02;CASH-01;2026-08-15 16:02:15;SKU-004;3;25000;0;CARD
REC-20260815-STORE_02-0082;STORE_02;CASH-01;2026-08-15 9:22:59;SKU-001;1;45000;500;CARD
REC-20260815-STORE_02-0082;STORE_02;CASH-10;2026-08-15 9:22:59;SKU-001;3;45000;0;CASH
REC-20260815-STORE_02-0082;STORE_02;CASH-09;2026-08-15 9:22:59;SKU-001;2;45000;0;CARD
REC-20260815-STORE_02-0083;STORE_02;CASH-09;2026-08-15 16:01:07;SKU-031;4;45000;0;CARD
REC-20260815-STORE_02-0083;STORE_02;CASH-10;2026-08-15 16:01:07;SKU-009;3;25000;500;CARD
REC-20260815-STORE_02-0083;STORE_02;CASH-03;2026-08-15 16:01:07;SKU-012;4;45000;500;CASH
REC-20260815-STORE_02-0084;STORE_02;CASH-03;2026-08-15 17:30:59;SKU-001;4;45000;1000;CARD
REC-20260815-STORE_02-0084;STORE_02;CASH-10;2026-08-15 17:30:59;SKU-006;1;45000;1000;CARD
REC-20260815-STORE_02-0084;STORE_02;CASH-03;2026-08-15 17:30:59;SKU-001;4;45000;0;CARD
REC-20260815-STORE_02-0084;STORE_02;CASH-10;2026-08-15 17:30:59;SKU-038;1;12000;500;CARD
REC-20260815-STORE_02-0084;STORE_02;CASH-05;2026-08-15 17:30:59;SKU-002;1;12000;1000;CARD
REC-20260815-STORE_02-0085;STORE_02;CASH-09;2026-08-15 18:42:16;SKU-004;4;25000;0;CARD
REC-20260815-STORE_02-0085;STORE_02;CASH-10;2026-08-15 18:42:16;SKU-040;2;25000;1000;CARD
REC-20260815-STORE_02-0086;STORE_02;CASH-01;2026-08-15 19:22:27;SKU-001;4;45000;0;CARD
REC-20260815-STORE_02-0086;STORE_02;CASH-07;2026-08-15 19:22:27;SKU-001;4;45000;1000;CASH
REC-20260815-STORE_02-0086;STORE_02;CASH-01;2026-08-15 19:22:27;SKU-021;3;5000;500;CARD
REC-20260815-STORE_02-0087;STORE_02;CASH-01;2026-08-15 21:13:05;SKU-013;3;12000;1000;CARD
REC-20260815-STORE_02-0087;STORE_02;CASH-09;2026-08-15 21:13:05;SKU-011;2;5000;0;CARD
REC-20260815-STORE_02-0088;STORE_02;CASH-08;2026-08-15 18:14:40;SKU-042;2;5000;500;CASH
REC-20260815-STORE_02-0088;STORE_02;CASH-04;2026-08-15 18:14:40;SKU-003;1;45000;500;CARD
REC-20260815-STORE_02-0089;STORE_02;CASH-04;2026-08-15 12:26:35;SKU-002;3;12000;500;CARD
REC-20260815-STORE_02-0089;STORE_02;CASH-08;2026-08-15 12:26:35;SKU-032;2;25000;0;CARD
REC-20260815-STORE_02-0090;STORE_02;CASH-05;2026-08-15 8:17:50;SKU-005;1;5000;0;CARD
REC-20260815-STORE_02-0090;STORE_02;CASH-10;2026-08-15 8:17:50;SKU-002;4;12000;500;CARD
REC-20260815-STORE_02-0090;STORE_02;CASH-01;2026-08-15 8:17:50;SKU-001;4;45000;500;CASH
REC-20260815-STORE_02-0091;STORE_02;CASH-05;2026-08-15 21:25:54;SKU-010;1;25000;0;CASH
REC-20260815-STORE_02-0091;STORE_02;CASH-05;2026-08-15 21:25:54;SKU-001;1;45000;0;CASH
REC-20260815-STORE_02-0092;STORE_02;CASH-04;2026-08-15 8:15:59;SKU-001;1;45000;500;CASH
REC-20260815-STORE_02-0093;STORE_02;CASH-08;2026-08-15 13:49:54;SKU-045;3;45000;0;CASH
REC-20260815-STORE_02-0093;STORE_02;CASH-10;2026-08-15 13:49:54;SKU-018;3;5000;0;CARD
REC-20260815-STORE_02-0094;STORE_02;CASH-06;2026-08-15 10:40:42;SKU-030;3;45000;500;CASH
REC-20260815-STORE_02-0094;STORE_02;CASH-05;2026-08-15 10:40:42;SKU-010;4;25000;500;CARD
REC-20260815-STORE_02-0095;STORE_02;CASH-03;2026-08-15 18:14:39;SKU-001;1;45000;0;CARD
REC-20260815-STORE_02-0096;STORE_02;CASH-06;2026-08-15 16:43:41;SKU-001;4;45000;0;CARD
REC-20260815-STORE_02-0096;STORE_02;CASH-03;2026-08-15 16:43:41;SKU-001;2;45000;0;CASH
REC-20260815-STORE_02-0096;STORE_02;CASH-06;2026-08-15 16:43:41;SKU-001;2;45000;0;CARD
REC-20260815-STORE_02-0096;STORE_02;CASH-10;2026-08-15 16:43:41;SKU-004;3;25000;0;CARD
REC-20260815-STORE_02-0096;STORE_02;CASH-04;2026-08-15 16:43:41;SKU-004;3;25000;0;CARD
REC-20260815-STORE_02-0097;STORE_02;CASH-05;2026-08-15 11:19:58;SKU-001;3;45000;1000;CARD
REC-20260815-STORE_02-0097;STORE_02;CASH-09;2026-08-15 11:19:58;SKU-023;2;45000;0;CARD
REC-20260815-STORE_02-0098;STORE_02;CASH-10;2026-08-15 18:21:49;SKU-009;4;25000;0;CARD
REC-20260815-STORE_02-0098;STORE_02;CASH-04;2026-08-15 18:21:49;SKU-010;4;25000;500;CARD
REC-20260815-STORE_02-0098;STORE_02;CASH-05;2026-08-15 18:21:49;SKU-011;2;5000;0;CARD
REC-20260815-STORE_02-0098;STORE_02;CASH-06;2026-08-15 18:21:49;SKU-027;4;5000;0;CARD
REC-20260815-STORE_02-0098;STORE_02;CASH-02;2026-08-15 18:21:49;SKU-004;2;25000;0;CASH
REC-20260815-STORE_02-0099;STORE_02;CASH-04;2026-08-15 9:37:40;SKU-001;4;45000;1000;CARD
REC-20260815-STORE_02-0100;STORE_02;CASH-03;2026-08-15 15:33:58;SKU-001;2;45000;1000;CARD
REC-20260815-STORE_02-0101;STORE_02;CASH-05;2026-08-15 9:23:33;SKU-024;1;12000;500;CASH
REC-20260815-STORE_02-0101;STORE_02;CASH-10;2026-08-15 9:23:33;SKU-016;4;25000;500;CASH
REC-20260815-STORE_02-0101;STORE_02;CASH-05;2026-08-15 9:23:33;SKU-001;4;45000;500;CARD
REC-20260815-STORE_02-0102;STORE_02;CASH-08;2026-08-15 12:21:48;SKU-015;2;5000;500;CASH
REC-20260815-STORE_02-0102;STORE_02;CASH-10;2026-08-15 12:21:48;SKU-032;3;25000;0;CASH
REC-20260815-STORE_02-0102;STORE_02;CASH-01;2026-08-15 12:21:48;SKU-001;3;45000;0;CARD
REC-20260815-STORE_02-0102;STORE_02;CASH-02;2026-08-15 12:21:48;SKU-005;2;5000;1000;CARD
REC-20260815-STORE_02-0102;STORE_02;CASH-08;2026-08-15 12:21:48;SKU-015;4;5000;0;CARD
REC-20260815-STORE_02-0103;STORE_02;CASH-01;2026-08-15 10:47:14;SKU-038;3;12000;1000;CARD
REC-20260815-STORE_02-0103;STORE_02;CASH-06;2026-08-15 10:47:14;SKU-008;4;12000;0;CARD
REC-20260815-STORE_02-0103;STORE_02;CASH-07;2026-08-15 10:47:14;SKU-004;4;25000;0;CARD
REC-20260815-STORE_02-0103;STORE_02;CASH-10;2026-08-15 10:47:14;SKU-023;3;45000;1000;CARD
REC-20260815-STORE_02-0103;STORE_02;CASH-05;2026-08-15 10:47:14;SKU-021;4;5000;0;CARD
REC-20260815-STORE_02-0104;STORE_02;CASH-04;2026-08-15 18:54:24;SKU-026;2;12000;0;CASH
REC-20260815-STORE_02-0104;STORE_02;CASH-03;2026-08-15 18:54:24;SKU-010;2;25000;0;CARD
REC-20260815-STORE_02-0104;STORE_02;CASH-04;2026-08-15 18:54:24;SKU-040;4;25000;500;CARD
REC-20260815-STORE_02-0104;STORE_02;CASH-10;2026-08-15 18:54:24;SKU-007;2;12000;0;CARD
REC-20260815-STORE_02-0104;STORE_02;CASH-02;2026-08-15 18:54:24;SKU-013;2;12000;0;CASH
REC-20260815-STORE_02-0105;STORE_02;CASH-04;2026-08-15 18:34:00;SKU-048;4;25000;0;CARD
REC-20260815-STORE_02-0106;STORE_02;CASH-05;2026-08-15 17:26:57;SKU-001;2;45000;0;CASH
REC-20260815-STORE_02-0107;STORE_02;CASH-08;2026-08-15 15:56:40;SKU-004;1;25000;0;CARD
REC-20260815-STORE_02-0107;STORE_02;CASH-06;2026-08-15 15:56:40;SKU-028;4;5000;1000;CARD
REC-20260815-STORE_02-0108;STORE_02;CASH-06;2026-08-15 18:35:38;SKU-001;3;45000;0;CASH
REC-20260815-STORE_02-0108;STORE_02;CASH-10;2026-08-15 18:35:38;SKU-003;2;45000;500;CARD
REC-20260815-STORE_02-0108;STORE_02;CASH-08;2026-08-15 18:35:38;SKU-002;4;12000;0;CARD
REC-20260815-STORE_02-0108;STORE_02;CASH-01;2026-08-15 18:35:38;SKU-016;2;25000;1000;CARD
REC-20260815-STORE_02-0108;STORE_02;CASH-09;2026-08-15 18:35:38;SKU-022;2;12000;0;CARD
REC-20260815-STORE_02-0109;STORE_02;CASH-07;2026-08-15 18:53:26;SKU-003;3;45000;0;CASH
REC-20260815-STORE_02-0109;STORE_02;CASH-09;2026-08-15 18:53:26;SKU-006;3;45000;0;CARD
REC-20260815-STORE_02-0109;STORE_02;CASH-08;2026-08-15 18:53:26;SKU-035;3;5000;1000;CARD
REC-20260815-STORE_02-0109;STORE_02;CASH-08;2026-08-15 18:53:26;SKU-047;1;5000;0;CARD
REC-20260815-STORE_02-0110;STORE_02;CASH-09;2026-08-15 8:36:19;SKU-005;1;5000;0;CASH
REC-20260815-STORE_02-0110;STORE_02;CASH-07;2026-08-15 8:36:19;SKU-008;2;12000;500;CASH
REC-20260815-STORE_02-0110;STORE_02;CASH-06;2026-08-15 8:36:19;SKU-037;3;45000;1000;CARD
REC-20260815-STORE_02-0110;STORE_02;CASH-02;2026-08-15 8:36:19;SKU-007;4;12000;500;CARD
REC-20260815-STORE_02-0111;STORE_02;CASH-04;2026-08-15 12:40:46;SKU-007;3;12000;500;CARD
REC-20260815-STORE_02-0111;STORE_02;CASH-08;2026-08-15 12:40:46;SKU-006;3;45000;0;CARD
REC-20260815-STORE_02-0111;STORE_02;CASH-08;2026-08-15 12:40:46;SKU-001;4;45000;0;CARD
REC-20260815-STORE_02-0111;STORE_02;CASH-04;2026-08-15 12:40:46;SKU-027;2;5000;0;CARD
REC-20260815-STORE_02-0111;STORE_02;CASH-01;2026-08-15 12:40:46;SKU-001;1;45000;0;CARD
REC-20260815-STORE_02-0112;STORE_02;CASH-02;2026-08-15 11:09:51;SKU-009;4;25000;1000;CARD
REC-20260815-STORE_02-0112;STORE_02;CASH-05;2026-08-15 11:09:51;SKU-001;2;45000;1000;CASH
REC-20260815-STORE_02-0112;STORE_02;CASH-05;2026-08-15 11:09:51;SKU-045;4;45000;0;CARD
REC-20260815-STORE_02-0112;STORE_02;CASH-07;2026-08-15 11:09:51;SKU-019;4;25000;500;CASH
REC-20260815-STORE_02-0112;STORE_02;CASH-04;2026-08-15 11:09:51;SKU-003;3;45000;500;CASH
REC-20260815-STORE_02-0113;STORE_02;CASH-04;2026-08-15 13:38:53;SKU-003;4;45000;500;CARD
REC-20260815-STORE_02-0113;STORE_02;CASH-08;2026-08-15 13:38:53;SKU-011;2;5000;0;CARD
REC-20260815-STORE_02-0113;STORE_02;CASH-10;2026-08-15 13:38:53;SKU-001;2;45000;0;CASH
REC-20260815-STORE_02-0113;STORE_02;CASH-09;2026-08-15 13:38:53;SKU-001;3;45000;0;CARD
REC-20260815-STORE_02-0114;STORE_02;CASH-03;2026-08-15 15:58:17;SKU-010;2;25000;1000;CARD
REC-20260815-STORE_02-0114;STORE_02;CASH-10;2026-08-15 15:58:17;SKU-039;2;5000;1000;CARD
REC-20260815-STORE_02-0114;STORE_02;CASH-02;2026-08-15 15:58:17;SKU-011;3;5000;1000;CARD
REC-20260815-STORE_02-0115;STORE_02;CASH-08;2026-08-15 18:25:06;SKU-007;2;12000;0;CARD
REC-20260815-STORE_02-0115;STORE_02;CASH-10;2026-08-15 18:25:06;SKU-013;1;12000;0;CARD
REC-20260815-STORE_02-0116;STORE_02;CASH-02;2026-08-15 12:36:55;SKU-003;1;45000;0;CARD
REC-20260815-STORE_02-0116;STORE_02;CASH-02;2026-08-15 12:36:55;SKU-023;3;45000;0;CARD
REC-20260815-STORE_02-0116;STORE_02;CASH-10;2026-08-15 12:36:55;SKU-007;4;12000;0;CASH
REC-20260815-STORE_02-0117;STORE_02;CASH-10;2026-08-15 10:32:54;SKU-050;3;25000;1000;CASH
REC-20260815-STORE_02-0117;STORE_02;CASH-01;2026-08-15 10:32:54;SKU-007;4;12000;500;CARD
REC-20260815-STORE_02-0117;STORE_02;CASH-09;2026-08-15 10:32:54;SKU-001;1;45000;0;CASH
REC-20260815-STORE_02-0117;STORE_02;CASH-01;2026-08-15 10:32:54;SKU-009;2;25000;0;CASH
REC-20260815-STORE_02-0118;STORE_02;CASH-10;2026-08-15 14:50:58;SKU-001;2;45000;500;CARD
REC-20260815-STORE_02-0118;STORE_02;CASH-09;2026-08-15 14:50:58;SKU-001;3;45000;500;CARD
REC-20260815-STORE_02-0118;STORE_02;CASH-01;2026-08-15 14:50:58;SKU-013;2;12000;1000;CASH
REC-20260815-STORE_02-0118;STORE_02;CASH-07;2026-08-15 14:50:58;SKU-002;3;12000;0;CASH
REC-20260815-STORE_02-0119;STORE_02;CASH-01;2026-08-15 9:19:48;SKU-004;1;25000;0;CARD
REC-20260815-STORE_02-0119;STORE_02;CASH-01;2026-08-15 9:19:48;SKU-002;2;12000;0;CASH
REC-20260815-STORE_02-0119;STORE_02;CASH-04;2026-08-15 9:19:48;SKU-001;3;45000;0;CASH
REC-20260815-STORE_02-0120;STORE_02;CASH-08;2026-08-15 12:59:58;SKU-002;2;12000;0;CARD
REC-20260815-STORE_02-0120;STORE_02;CASH-08;2026-08-15 12:59:58;SKU-043;3;25000;1000;CARD
REC-20260815-STORE_02-0120;STORE_02;CASH-02;2026-08-15 12:59:58;SKU-001;1;45000;0;CARD
REC-20260815-STORE_02-0121;STORE_02;CASH-03;2026-08-15 21:36:01;SKU-013;2;12000;0;CASH
REC-20260815-STORE_02-0121;STORE_02;CASH-02;2026-08-15 21:36:01;SKU-005;1;5000;500;CASH
REC-20260815-STORE_02-0121;STORE_02;CASH-07;2026-08-15 21:36:01;SKU-009;2;25000;0;CARD
REC-20260815-STORE_02-0121;STORE_02;CASH-05;2026-08-15 21:36:01;SKU-011;4;5000;1000;CARD
REC-20260815-STORE_02-0121;STORE_02;CASH-02;2026-08-15 21:36:01;SKU-002;2;12000;0;CARD
REC-20260815-STORE_02-0122;STORE_02;CASH-10;2026-08-15 19:45:14;SKU-040;1;25000;0;CARD
REC-20260815-STORE_02-0122;STORE_02;CASH-05;2026-08-15 19:45:14;SKU-029;1;5000;0;CARD
REC-20260815-STORE_02-0122;STORE_02;CASH-04;2026-08-15 19:45:14;SKU-001;2;45000;500;CARD
REC-20260815-STORE_02-0123;STORE_02;CASH-07;2026-08-15 9:33:25;SKU-028;3;5000;1000;CARD
REC-20260815-STORE_02-0123;STORE_02;CASH-10;2026-08-15 9:33:25;SKU-008;3;12000;0;CARD
REC-20260815-STORE_02-0123;STORE_02;CASH-01;2026-08-15 9:33:25;SKU-010;3;25000;0;CASH
REC-20260815-STORE_02-0123;STORE_02;CASH-01;2026-08-15 9:33:25;SKU-002;2;12000;500;CARD
REC-20260815-STORE_02-0123;STORE_02;CASH-01;2026-08-15 9:33:25;SKU-005;1;5000;500;CASH
REC-20260815-STORE_02-0124;STORE_02;CASH-05;2026-08-15 8:16:58;SKU-001;4;45000;1000;CARD
REC-20260815-STORE_02-0125;STORE_02;CASH-08;2026-08-15 21:06:11;SKU-002;4;12000;0;CASH
REC-20260815-STORE_02-0126;STORE_02;CASH-06;2026-08-15 19:02:02;SKU-038;1;12000;0;CARD
REC-20260815-STORE_02-0126;STORE_02;CASH-03;2026-08-15 19:02:02;SKU-003;2;45000;0;CARD
REC-20260815-STORE_02-0126;STORE_02;CASH-06;2026-08-15 19:02:02;SKU-024;1;12000;500;CASH
REC-20260815-STORE_02-0127;STORE_02;CASH-02;2026-08-15 13:21:15;SKU-001;3;45000;0;CARD
REC-20260815-STORE_02-0127;STORE_02;CASH-10;2026-08-15 13:21:15;SKU-019;3;25000;500;CARD
REC-20260815-STORE_02-0127;STORE_02;CASH-03;2026-08-15 13:21:15;SKU-030;3;45000;500;CARD
REC-20260815-STORE_02-0128;STORE_02;CASH-06;2026-08-15 11:20:14;SKU-015;4;5000;0;CARD
REC-20260815-STORE_02-0128;STORE_02;CASH-03;2026-08-15 11:20:14;SKU-014;1;5000;1000;CASH
REC-20260815-STORE_02-0128;STORE_02;CASH-04;2026-08-15 11:20:14;SKU-001;4;45000;500;CARD
REC-20260815-STORE_02-0128;STORE_02;CASH-01;2026-08-15 11:20:14;SKU-020;1;12000;0;CASH
REC-20260815-STORE_02-0129;STORE_02;CASH-03;2026-08-15 17:27:15;SKU-003;3;45000;1000;CARD
REC-20260815-STORE_02-0130;STORE_02;CASH-09;2026-08-15 12:30:36;SKU-003;1;45000;0;CARD
REC-20260815-STORE_02-0130;STORE_02;CASH-10;2026-08-15 12:30:36;SKU-004;4;25000;0;CARD
REC-20260815-STORE_02-0130;STORE_02;CASH-08;2026-08-15 12:30:36;SKU-001;2;45000;0;CARD
REC-20260815-STORE_02-0130;STORE_02;CASH-08;2026-08-15 12:30:36;SKU-001;3;45000;500;CARD
REC-20260815-STORE_02-0130;STORE_02;CASH-09;2026-08-15 12:30:36;SKU-011;2;5000;0;CARD
REC-20260815-STORE_02-0131;STORE_02;CASH-09;2026-08-15 18:59:24;SKU-001;4;45000;0;CASH
REC-20260815-STORE_02-0131;STORE_02;CASH-07;2026-08-15 18:59:24;SKU-003;2;45000;0;CASH
REC-20260815-STORE_02-0131;STORE_02;CASH-03;2026-08-15 18:59:24;SKU-003;4;45000;0;CASH
REC-20260815-STORE_02-0131;STORE_02;CASH-06;2026-08-15 18:59:24;SKU-002;3;12000;0;CARD
REC-20260815-STORE_02-0132;STORE_02;CASH-08;2026-08-15 17:19:06;SKU-004;3;25000;0;CASH
REC-20260815-STORE_02-0132;STORE_02;CASH-04;2026-08-15 17:19:06;SKU-001;2;45000;0;CASH
REC-20260815-STORE_02-0132;STORE_02;CASH-05;2026-08-15 17:19:06;SKU-026;4;12000;0;CARD
REC-20260815-STORE_02-0132;STORE_02;CASH-08;2026-08-15 17:19:06;SKU-034;4;25000;500;CARD
REC-20260815-STORE_02-0132;STORE_02;CASH-10;2026-08-15 17:19:06;SKU-006;2;45000;500;CASH
REC-20260815-STORE_02-0133;STORE_02;CASH-01;2026-08-15 11:56:50;SKU-001;4;45000;0;CASH
REC-20260815-STORE_02-0133;STORE_02;CASH-01;2026-08-15 11:56:50;SKU-001;4;45000;0;CARD
REC-20260815-STORE_02-0133;STORE_02;CASH-07;2026-08-15 11:56:50;SKU-001;1;45000;0;CARD
REC-20260815-STORE_02-0133;STORE_02;CASH-06;2026-08-15 11:56:50;SKU-011;2;5000;0;CARD
REC-20260815-STORE_02-0133;STORE_02;CASH-01;2026-08-15 11:56:50;SKU-001;1;45000;0;CASH
REC-20260815-STORE_02-0134;STORE_02;CASH-04;2026-08-15 20:14:07;SKU-015;3;5000;1000;CARD
REC-20260815-STORE_02-0134;STORE_02;CASH-08;2026-08-15 20:14:07;SKU-002;2;12000;0;CARD
REC-20260815-STORE_02-0135;STORE_02;CASH-06;2026-08-15 17:24:09;SKU-002;3;12000;500;CARD
REC-20260815-STORE_02-0135;STORE_02;CASH-02;2026-08-15 17:24:09;SKU-002;4;12000;0;CARD
REC-20260815-STORE_02-0135;STORE_02;CASH-05;2026-08-15 17:24:09;SKU-020;1;12000;500;CASH
REC-20260815-STORE_02-0136;STORE_02;CASH-03;2026-08-15 11:23:23;SKU-002;4;12000;0;CARD
REC-20260815-STORE_02-0136;STORE_02;CASH-05;2026-08-15 11:23:23;SKU-015;2;5000;0;CARD
REC-20260815-STORE_02-0136;STORE_02;CASH-05;2026-08-15 11:23:23;SKU-007;4;12000;0;CASH
REC-20260815-STORE_02-0136;STORE_02;CASH-03;2026-08-15 11:23:23;SKU-036;2;45000;0;CARD
REC-20260815-STORE_02-0137;STORE_02;CASH-02;2026-08-15 15:05:21;SKU-007;4;12000;500;CARD
REC-20260815-STORE_02-0137;STORE_02;CASH-04;2026-08-15 15:05:21;SKU-001;2;45000;0;CARD
REC-20260815-STORE_02-0137;STORE_02;CASH-02;2026-08-15 15:05:21;SKU-001;1;45000;500;CARD
REC-20260815-STORE_02-0137;STORE_02;CASH-01;2026-08-15 15:05:21;SKU-012;4;45000;0;CASH
REC-20260815-STORE_02-0137;STORE_02;CASH-05;2026-08-15 15:05:21;SKU-004;1;25000;0;CARD
REC-20260815-STORE_02-0138;STORE_02;CASH-07;2026-08-15 14:00:51;SKU-001;4;45000;500;CARD
REC-20260815-STORE_02-0138;STORE_02;CASH-08;2026-08-15 14:00:51;SKU-018;4;5000;0;CARD
REC-20260815-STORE_02-0139;STORE_02;CASH-04;2026-08-15 19:26:53;SKU-002;2;12000;0;CARD
REC-20260815-STORE_02-0139;STORE_02;CASH-07;2026-08-15 19:26:53;SKU-003;4;45000;1000;CASH
REC-20260815-STORE_02-0139;STORE_02;CASH-10;2026-08-15 19:26:53;SKU-003;3;45000;0;CARD
REC-20260815-STORE_02-0140;STORE_02;CASH-10;2026-08-15 9:21:01;SKU-003;1;45000;500;CARD
REC-20260815-STORE_02-0140;STORE_02;CASH-09;2026-08-15 9:21:01;SKU-009;1;25000;0;CARD
REC-20260815-STORE_02-0141;STORE_02;CASH-04;2026-08-15 10:15:07;SKU-001;1;45000;0;CARD
REC-20260815-STORE_02-0141;STORE_02;CASH-01;2026-08-15 10:15:07;SKU-001;1;45000;0;CARD
REC-20260815-STORE_02-0141;STORE_02;CASH-03;2026-08-15 10:15:07;SKU-002;4;12000;0;CARD
REC-20260815-STORE_02-0141;STORE_02;CASH-07;2026-08-15 10:15:07;SKU-001;3;45000;500;CASH
REC-20260815-STORE_02-0141;STORE_02;CASH-09;2026-08-15 10:15:07;SKU-002;1;12000;500;CARD
REC-20260815-STORE_02-0142;STORE_02;CASH-01;2026-08-15 13:07:20;SKU-002;3;12000;0;CARD
REC-20260815-STORE_02-0142;STORE_02;CASH-09;2026-08-15 13:07:20;SKU-002;2;12000;1000;CARD
REC-20260815-STORE_02-0142;STORE_02;CASH-01;2026-08-15 13:07:20;SKU-004;1;25000;0;CARD
REC-20260815-STORE_02-0142;STORE_02;CASH-05;2026-08-15 13:07:20;SKU-001;1;45000;1000;CASH
REC-20260815-STORE_02-0143;STORE_02;CASH-02;2026-08-15 16:03:27;SKU-013;4;12000;500;CASH
REC-20260815-STORE_02-0143;STORE_02;CASH-03;2026-08-15 16:03:27;SKU-047;4;5000;0;CARD
REC-20260815-STORE_02-0143;STORE_02;CASH-09;2026-08-15 16:03:27;SKU-012;4;45000;500;CARD
REC-20260815-STORE_02-0144;STORE_02;CASH-10;2026-08-15 14:05:18;SKU-010;4;25000;1000;CARD
REC-20260815-STORE_02-0144;STORE_02;CASH-05;2026-08-15 14:05:18;SKU-001;4;45000;1000;CASH
REC-20260815-STORE_02-0144;STORE_02;CASH-02;2026-08-15 14:05:18;SKU-009;3;25000;0;CARD
REC-20260815-STORE_02-0144;STORE_02;CASH-04;2026-08-15 14:05:18;SKU-030;1;45000;0;CARD
REC-20260815-STORE_02-0144;STORE_02;CASH-07;2026-08-15 14:05:18;SKU-014;2;5000;0;CARD
REC-20260815-STORE_02-0145;STORE_02;CASH-08;2026-08-15 17:21:15;SKU-001;2;45000;0;CASH
REC-20260815-STORE_02-0145;STORE_02;CASH-09;2026-08-15 17:21:15;SKU-026;1;12000;0;CASH
REC-20260815-STORE_02-0145;STORE_02;CASH-03;2026-08-15 17:21:15;SKU-002;3;12000;1000;CARD
REC-20260815-STORE_02-0145;STORE_02;CASH-05;2026-08-15 17:21:15;SKU-002;4;12000;0;CARD
REC-20260815-STORE_02-0146;STORE_02;CASH-01;2026-08-15 17:54:02;SKU-003;4;45000;500;CASH
REC-20260815-STORE_02-0147;STORE_02;CASH-10;2026-08-15 9:40:33;SKU-007;4;12000;0;CARD
REC-20260815-STORE_02-0147;STORE_02;CASH-02;2026-08-15 9:40:33;SKU-037;2;45000;500;CASH
REC-20260815-STORE_02-0147;STORE_02;CASH-06;2026-08-15 9:40:33;SKU-003;2;45000;500;CASH
REC-20260815-STORE_02-0148;STORE_02;CASH-10;2026-08-15 15:49:30;SKU-003;4;45000;0;CARD
REC-20260815-STORE_02-0148;STORE_02;CASH-08;2026-08-15 15:49:30;SKU-021;4;5000;1000;CASH
REC-20260815-STORE_02-0148;STORE_02;CASH-01;2026-08-15 15:49:30;SKU-021;3;5000;0;CARD
REC-20260815-STORE_02-0148;STORE_02;CASH-02;2026-08-15 15:49:30;SKU-005;2;5000;0;CARD
REC-20260815-STORE_02-0149;STORE_02;CASH-10;2026-08-15 13:14:03;SKU-044;4;5000;0;CASH
REC-20260815-STORE_02-0150;STORE_02;CASH-07;2026-08-15 21:37:04;SKU-024;1;12000;0;CARD
REC-20260815-STORE_02-0150;STORE_02;CASH-10;2026-08-15 21:37:04;SKU-005;1;5000;1000;CARD
REC-20260815-STORE_02-0151;STORE_02;CASH-08;2026-08-15 9:46:22;SKU-004;3;25000;0;CARD
REC-20260815-STORE_02-0151;STORE_02;CASH-01;2026-08-15 9:46:22;SKU-021;2;5000;0;CASH
REC-20260815-STORE_02-0151;STORE_02;CASH-04;2026-08-15 9:46:22;SKU-011;4;5000;0;CARD
REC-20260815-STORE_02-0151;STORE_02;CASH-03;2026-08-15 9:46:22;SKU-032;2;25000;500;CARD
REC-20260815-STORE_02-0152;STORE_02;CASH-04;2026-08-15 10:09:52;SKU-020;2;12000;1000;CARD
REC-20260815-STORE_02-0152;STORE_02;CASH-03;2026-08-15 10:09:52;SKU-002;2;12000;0;CARD
REC-20260815-STORE_02-0152;STORE_02;CASH-07;2026-08-15 10:09:52;SKU-018;4;5000;0;CASH
REC-20260815-STORE_02-0152;STORE_02;CASH-04;2026-08-15 10:09:52;SKU-003;1;45000;0;CARD
REC-20260815-STORE_02-0153;STORE_02;CASH-02;2026-08-15 9:01:15;SKU-020;3;12000;0;CASH
REC-20260815-STORE_02-0153;STORE_02;CASH-08;2026-08-15 9:01:15;SKU-050;2;25000;500;CASH
REC-20260815-STORE_02-0153;STORE_02;CASH-04;2026-08-15 9:01:15;SKU-001;3;45000;0;CASH
REC-20260815-STORE_02-0153;STORE_02;CASH-10;2026-08-15 9:01:15;SKU-004;3;25000;0;CASH
REC-20260815-STORE_02-0154;STORE_02;CASH-07;2026-08-15 8:22:40;SKU-001;3;45000;0;CARD
REC-20260815-STORE_02-0154;STORE_02;CASH-05;2026-08-15 8:22:40;SKU-039;2;5000;0;CARD
REC-20260815-STORE_02-0154;STORE_02;CASH-02;2026-08-15 8:22:40;SKU-010;4;25000;0;CASH
REC-20260815-STORE_02-0154;STORE_02;CASH-02;2026-08-15 8:22:40;SKU-003;3;45000;500;CARD
REC-20260815-STORE_02-0155;STORE_02;CASH-04;2026-08-15 11:08:33;SKU-004;4;25000;0;CARD
REC-20260815-STORE_02-0155;STORE_02;CASH-06;2026-08-15 11:08:33;SKU-003;1;45000;1000;CARD
REC-20260815-STORE_02-0156;STORE_02;CASH-03;2026-08-15 21:01:00;SKU-030;2;45000;0;CARD
REC-20260815-STORE_02-0156;STORE_02;CASH-04;2026-08-15 21:01:00;SKU-002;3;12000;0;CASH
REC-20260815-STORE_02-0156;STORE_02;CASH-02;2026-08-15 21:01:00;SKU-006;2;45000;0;CARD
REC-20260815-STORE_02-0156;STORE_02;CASH-08;2026-08-15 21:01:00;SKU-003;1;45000;1000;CARD
REC-20260815-STORE_02-0156;STORE_02;CASH-08;2026-08-15 21:01:00;SKU-007;4;12000;0;CARD
REC-20260815-STORE_02-0157;STORE_02;CASH-07;2026-08-15 18:21:13;SKU-010;4;25000;0;CARD
REC-20260815-STORE_02-0157;STORE_02;CASH-05;2026-08-15 18:21:13;SKU-045;3;45000;0;CARD
REC-20260815-STORE_02-0158;STORE_02;CASH-06;2026-08-15 21:39:09;SKU-001;2;45000;0;CASH
REC-20260815-STORE_02-0158;STORE_02;CASH-04;2026-08-15 21:39:09;SKU-027;2;5000;0;CASH
REC-20260815-STORE_02-0158;STORE_02;CASH-05;2026-08-15 21:39:09;SKU-001;2;45000;500;CASH
REC-20260815-STORE_02-0159;STORE_02;CASH-08;2026-08-15 18:41:11;SKU-003;1;45000;0;CASH
REC-20260815-STORE_02-0159;STORE_02;CASH-09;2026-08-15 18:41:11;SKU-003;3;45000;0;CASH
REC-20260815-STORE_02-0159;STORE_02;CASH-04;2026-08-15 18:41:11;SKU-001;3;45000;0;CARD
REC-20260815-STORE_02-0160;STORE_02;CASH-08;2026-08-15 17:21:46;SKU-005;1;5000;0;CASH
REC-20260815-STORE_02-0160;STORE_02;CASH-08;2026-08-15 17:21:46;SKU-001;4;45000;0;CASH
REC-20260815-STORE_02-0160;STORE_02;CASH-02;2026-08-15 17:21:46;SKU-024;1;12000;1000;CARD
REC-20260815-STORE_02-0161;STORE_02;CASH-07;2026-08-15 15:32:44;SKU-047;3;5000;0;CARD
REC-20260815-STORE_02-0161;STORE_02;CASH-01;2026-08-15 15:32:44;SKU-049;2;5000;0;CASH
REC-20260815-STORE_02-0161;STORE_02;CASH-08;2026-08-15 15:32:44;SKU-001;4;45000;0;CASH
REC-20260815-STORE_02-0162;STORE_02;CASH-04;2026-08-15 17:59:32;SKU-005;2;5000;0;CARD
REC-20260815-STORE_02-0162;STORE_02;CASH-04;2026-08-15 17:59:32;SKU-020;2;12000;0;CARD
REC-20260815-STORE_02-0162;STORE_02;CASH-02;2026-08-15 17:59:32;SKU-008;1;12000;0;CARD
REC-20260815-STORE_02-0163;STORE_02;CASH-03;2026-08-15 15:23:31;SKU-008;1;12000;0;CASH
REC-20260815-STORE_02-0163;STORE_02;CASH-02;2026-08-15 15:23:31;SKU-019;4;25000;0;CARD
REC-20260815-STORE_02-0163;STORE_02;CASH-09;2026-08-15 15:23:31;SKU-001;1;45000;0;CARD
REC-20260815-STORE_02-0163;STORE_02;CASH-10;2026-08-15 15:23:31;SKU-026;4;12000;0;CASH
REC-20260815-STORE_02-0164;STORE_02;CASH-09;2026-08-15 21:45:44;SKU-006;4;45000;500;CARD
REC-20260815-STORE_02-0164;STORE_02;CASH-10;2026-08-15 21:45:44;SKU-003;1;45000;0;CARD
REC-20260815-STORE_02-0164;STORE_02;CASH-08;2026-08-15 21:45:44;SKU-002;3;12000;0;CASH
REC-20260815-STORE_02-0165;STORE_02;CASH-09;2026-08-15 16:59:13;SKU-002;2;12000;500;CASH
REC-20260815-STORE_02-0165;STORE_02;CASH-07;2026-08-15 16:59:13;SKU-007;1;12000;0;CASH
REC-20260815-STORE_02-0165;STORE_02;CASH-07;2026-08-15 16:59:13;SKU-001;2;45000;1000;CARD
REC-20260815-STORE_02-0166;STORE_02;CASH-08;2026-08-15 15:55:40;SKU-001;1;45000;0;CASH
REC-20260815-STORE_02-0167;STORE_02;CASH-08;2026-08-15 10:03:37;SKU-035;3;5000;0;CASH
REC-20260815-STORE_02-0168;STORE_02;CASH-08;2026-08-15 11:58:59;SKU-005;2;5000;500;CARD
REC-20260815-STORE_02-0169;STORE_02;CASH-07;2026-08-15 13:58:18;SKU-002;2;12000;1000;CASH
REC-20260815-STORE_02-0169;STORE_02;CASH-07;2026-08-15 13:58:18;SKU-002;4;12000;500;CASH
REC-20260815-STORE_02-0169;STORE_02;CASH-02;2026-08-15 13:58:18;SKU-016;4;25000;0;CARD
REC-20260815-STORE_02-0170;STORE_02;CASH-06;2026-08-15 14:43:40;SKU-001;4;45000;0;CARD
REC-20260815-STORE_02-0170;STORE_02;CASH-03;2026-08-15 14:43:40;SKU-003;1;45000;0;CASH
REC-20260815-STORE_02-0171;STORE_02;CASH-01;2026-08-15 14:02:26;SKU-006;2;45000;0;CARD
REC-20260815-STORE_02-0172;STORE_02;CASH-06;2026-08-15 14:43:36;SKU-037;1;45000;0;CASH
REC-20260815-STORE_02-0172;STORE_02;CASH-04;2026-08-15 14:43:36;SKU-001;2;45000;1000;CARD
REC-20260815-STORE_02-0172;STORE_02;CASH-08;2026-08-15 14:43:36;SKU-033;3;5000;0;CARD
REC-20260815-STORE_02-0172;STORE_02;CASH-02;2026-08-15 14:43:36;SKU-043;1;25000;1000;CARD
REC-20260815-STORE_02-0172;STORE_02;CASH-04;2026-08-15 14:43:36;SKU-004;2;25000;0;CASH
REC-20260815-STORE_02-0173;STORE_02;CASH-01;2026-08-15 8:49:51;SKU-002;4;12000;1000;CARD
REC-20260815-STORE_02-0174;STORE_02;CASH-03;2026-08-15 15:06:58;SKU-014;2;5000;0;CARD
REC-20260815-STORE_02-0174;STORE_02;CASH-09;2026-08-15 15:06:58;SKU-023;1;45000;1000;CASH
REC-20260815-STORE_02-0174;STORE_02;CASH-08;2026-08-15 15:06:58;SKU-019;4;25000;500;CASH
REC-20260815-STORE_02-0174;STORE_02;CASH-03;2026-08-15 15:06:58;SKU-002;2;12000;0;CASH
REC-20260815-STORE_02-0174;STORE_02;CASH-05;2026-08-15 15:06:58;SKU-001;2;45000;0;CASH
REC-20260815-STORE_02-0175;STORE_02;CASH-04;2026-08-15 14:09:27;SKU-006;2;45000;1000;CARD
REC-20260815-STORE_02-0175;STORE_02;CASH-02;2026-08-15 14:09:27;SKU-009;1;25000;0;CARD
REC-20260815-STORE_02-0176;STORE_02;CASH-05;2026-08-15 9:22:40;SKU-006;3;45000;0;CASH
REC-20260815-STORE_02-0176;STORE_02;CASH-02;2026-08-15 9:22:40;SKU-016;3;25000;0;CARD
REC-20260815-STORE_02-0176;STORE_02;CASH-09;2026-08-15 9:22:40;SKU-012;3;45000;0;CASH
REC-20260815-STORE_02-0176;STORE_02;CASH-08;2026-08-15 9:22:40;SKU-004;3;25000;0;CARD
REC-20260815-STORE_02-0176;STORE_02;CASH-10;2026-08-15 9:22:40;SKU-007;2;12000;500;CARD
REC-20260815-STORE_02-0177;STORE_02;CASH-05;2026-08-15 10:43:28;SKU-011;4;5000;0;CARD
REC-20260815-STORE_02-0178;STORE_02;CASH-10;2026-08-15 14:03:18;SKU-002;2;12000;0;CASH
REC-20260815-STORE_02-0178;STORE_02;CASH-05;2026-08-15 14:03:18;SKU-001;2;45000;0;CASH
REC-20260815-STORE_02-0178;STORE_02;CASH-03;2026-08-15 14:03:18;SKU-018;1;5000;0;CARD
REC-20260815-STORE_02-0178;STORE_02;CASH-09;2026-08-15 14:03:18;SKU-015;1;5000;0;CARD
REC-20260815-STORE_02-0178;STORE_02;CASH-03;2026-08-15 14:03:18;SKU-006;3;45000;0;CASH
REC-20260815-STORE_02-0179;STORE_02;CASH-05;2026-08-15 19:23:31;SKU-004;3;25000;0;CASH
REC-20260815-STORE_02-0179;STORE_02;CASH-04;2026-08-15 19:23:31;SKU-014;2;5000;1000;CARD
REC-20260815-STORE_02-0180;STORE_02;CASH-04;2026-08-15 13:53:44;SKU-002;4;12000;1000;CARD
REC-20260815-STORE_02-0180;STORE_02;CASH-01;2026-08-15 13:53:44;SKU-001;2;45000;0;CARD
REC-20260815-STORE_02-0180;STORE_02;CASH-10;2026-08-15 13:53:44;SKU-027;1;5000;1000;CARD
REC-20260815-STORE_02-0180;STORE_02;CASH-09;2026-08-15 13:53:44;SKU-012;1;45000;1000;CASH
REC-20260815-STORE_02-0180;STORE_02;CASH-08;2026-08-15 13:53:44;SKU-012;4;45000;0;CASH
REC-20260815-STORE_02-0181;STORE_02;CASH-03;2026-08-15 13:52:55;SKU-001;1;45000;1000;CASH
REC-20260815-STORE_02-0182;STORE_02;CASH-08;2026-08-15 15:23:59;SKU-040;1;25000;0;CARD
REC-20260815-STORE_02-0182;STORE_02;CASH-09;2026-08-15 15:23:59;SKU-014;2;5000;500;CARD
REC-20260815-STORE_02-0182;STORE_02;CASH-05;2026-08-15 15:23:59;SKU-001;4;45000;0;CARD
REC-20260815-STORE_02-0182;STORE_02;CASH-08;2026-08-15 15:23:59;SKU-038;2;12000;1000;CASH
REC-20260815-STORE_02-0182;STORE_02;CASH-01;2026-08-15 15:23:59;SKU-005;2;5000;0;CARD
REC-20260815-STORE_02-0183;STORE_02;CASH-01;2026-08-15 10:36:01;SKU-003;3;45000;1000;CARD
REC-20260815-STORE_02-0183;STORE_02;CASH-02;2026-08-15 10:36:01;SKU-001;4;45000;500;CARD
REC-20260815-STORE_02-0183;STORE_02;CASH-04;2026-08-15 10:36:01;SKU-004;1;25000;0;CARD
REC-20260815-STORE_02-0183;STORE_02;CASH-08;2026-08-15 10:36:01;SKU-023;2;45000;0;CARD
REC-20260815-STORE_02-0184;STORE_02;CASH-07;2026-08-15 17:46:02;SKU-001;1;45000;0;CARD
REC-20260815-STORE_02-0184;STORE_02;CASH-04;2026-08-15 17:46:02;SKU-047;2;5000;1000;CARD
REC-20260815-STORE_02-0185;STORE_02;CASH-02;2026-08-15 19:21:57;SKU-001;3;45000;500;CARD
REC-20260815-STORE_02-0186;STORE_02;CASH-05;2026-08-15 21:40:11;SKU-013;4;12000;1000;CARD
REC-20260815-STORE_02-0186;STORE_02;CASH-09;2026-08-15 21:40:11;SKU-004;2;25000;500;CARD
REC-20260815-STORE_02-0186;STORE_02;CASH-04;2026-08-15 21:40:11;SKU-018;2;5000;1000;CASH
REC-20260815-STORE_02-0186;STORE_02;CASH-04;2026-08-15 21:40:11;SKU-011;1;5000;1000;CARD
REC-20260815-STORE_02-0186;STORE_02;CASH-03;2026-08-15 21:40:11;SKU-001;3;45000;0;CARD
REC-20260815-STORE_02-0187;STORE_02;CASH-09;2026-08-15 20:06:40;SKU-014;1;5000;0;CARD
REC-20260815-STORE_02-0187;STORE_02;CASH-06;2026-08-15 20:06:40;SKU-002;4;12000;1000;CASH
REC-20260815-STORE_02-0188;STORE_02;CASH-04;2026-08-15 18:31:00;SKU-031;2;45000;0;CARD
REC-20260815-STORE_02-0188;STORE_02;CASH-06;2026-08-15 18:31:00;SKU-002;1;12000;500;CASH
REC-20260815-STORE_02-0188;STORE_02;CASH-01;2026-08-15 18:31:00;SKU-006;1;45000;0;CARD
REC-20260815-STORE_02-0188;STORE_02;CASH-02;2026-08-15 18:31:00;SKU-005;2;5000;0;CARD
REC-20260815-STORE_02-0189;STORE_02;CASH-03;2026-08-15 17:22:05;SKU-014;3;5000;500;CARD
REC-20260815-STORE_02-0189;STORE_02;CASH-02;2026-08-15 17:22:05;SKU-002;4;12000;0;CASH
REC-20260815-STORE_02-0190;STORE_02;CASH-03;2026-08-15 17:41:13;SKU-030;3;45000;0;CARD
REC-20260815-STORE_02-0191;STORE_02;CASH-03;2026-08-15 20:26:33;SKU-049;4;5000;0;CARD
REC-20260815-STORE_02-0191;STORE_02;CASH-09;2026-08-15 20:26:33;SKU-001;1;45000;0;CARD
REC-20260815-STORE_02-0191;STORE_02;CASH-06;2026-08-15 20:26:33;SKU-011;3;5000;500;CARD
REC-20260815-STORE_02-0192;STORE_02;CASH-10;2026-08-15 10:26:37;SKU-004;4;25000;0;CARD
REC-20260815-STORE_02-0193;STORE_02;CASH-05;2026-08-15 12:52:58;SKU-015;3;5000;0;CASH
REC-20260815-STORE_02-0193;STORE_02;CASH-06;2026-08-15 12:52:58;SKU-001;3;45000;1000;CARD
REC-20260815-STORE_02-0193;STORE_02;CASH-09;2026-08-15 12:52:58;SKU-024;3;12000;0;CARD
REC-20260815-STORE_02-0193;STORE_02;CASH-02;2026-08-15 12:52:58;SKU-001;4;45000;0;CARD
REC-20260815-STORE_02-0193;STORE_02;CASH-04;2026-08-15 12:52:58;SKU-001;3;45000;0;CARD
REC-20260815-STORE_02-0194;STORE_02;CASH-05;2026-08-15 15:27:07;SKU-002;1;12000;500;CASH
REC-20260815-STORE_02-0194;STORE_02;CASH-03;2026-08-15 15:27:07;SKU-001;1;45000;1000;CARD
REC-20260815-STORE_02-0194;STORE_02;CASH-01;2026-08-15 15:27:07;SKU-007;2;12000;0;CARD
REC-20260815-STORE_02-0194;STORE_02;CASH-06;2026-08-15 15:27:07;SKU-002;3;12000;0;CARD
REC-20260815-STORE_02-0195;STORE_02;CASH-10;2026-08-15 15:12:43;SKU-003;2;45000;0;CASH
REC-20260815-STORE_02-0195;STORE_02;CASH-03;2026-08-15 15:12:43;SKU-001;2;45000;0;CARD
REC-20260815-STORE_02-0195;STORE_02;CASH-09;2026-08-15 15:12:43;SKU-047;3;5000;0;CARD
REC-20260815-STORE_02-0196;STORE_02;CASH-07;2026-08-15 16:31:35;SKU-017;4;12000;500;CARD
REC-20260815-STORE_02-0196;STORE_02;CASH-04;2026-08-15 16:31:35;SKU-002;3;12000;0;CARD
REC-20260815-STORE_02-0197;STORE_02;CASH-01;2026-08-15 20:27:58;SKU-010;4;25000;0;CARD
REC-20260815-STORE_02-0197;STORE_02;CASH-03;2026-08-15 20:27:58;SKU-011;3;5000;0;CASH
REC-20260815-STORE_02-0197;STORE_02;CASH-03;2026-08-15 20:27:58;SKU-001;3;45000;0;CARD
REC-20260815-STORE_02-0197;STORE_02;CASH-04;2026-08-15 20:27:58;SKU-008;4;12000;0;CARD
REC-20260815-STORE_02-0198;STORE_02;CASH-03;2026-08-15 10:05:13;SKU-001;2;45000;0;CARD
REC-20260815-STORE_02-0198;STORE_02;CASH-02;2026-08-15 10:05:13;SKU-045;1;45000;500;CARD
REC-20260815-STORE_02-0199;STORE_02;CASH-05;2026-08-15 12:28:53;SKU-011;4;5000;0;CARD
REC-20260815-STORE_02-0199;STORE_02;CASH-06;2026-08-15 12:28:53;SKU-009;2;25000;0;CASH
REC-20260815-STORE_02-0199;STORE_02;CASH-06;2026-08-15 12:28:53;SKU-014;3;5000;0;CARD
REC-20260815-STORE_02-0199;STORE_02;CASH-04;2026-08-15 12:28:53;SKU-001;2;45000;0;CASH
REC-20260815-STORE_02-0200;STORE_02;CASH-01;2026-08-15 16:35:27;SKU-012;4;45000;0;CARD
REC-20260815-STORE_02-0200;STORE_02;CASH-04;2026-08-15 16:35:27;SKU-001;4;45000;0;CARD
REC-20260815-STORE_02-0201;STORE_02;CASH-01;2026-08-15 16:49:21;SKU-007;3;12000;500;CARD
REC-20260815-STORE_02-0202;STORE_02;CASH-10;2026-08-15 18:11:27;SKU-002;1;12000;0;CASH
REC-20260815-STORE_02-0202;STORE_02;CASH-10;2026-08-15 18:11:27;SKU-039;1;5000;500;CARD
REC-20260815-STORE_02-0203;STORE_02;CASH-06;2026-08-15 17:57:13;SKU-011;4;5000;1000;CARD
REC-20260815-STORE_02-0204;STORE_02;CASH-09;2026-08-15 13:25:17;SKU-006;2;45000;1000;CARD
REC-20260815-STORE_02-0205;STORE_02;CASH-05;2026-08-15 10:12:32;SKU-002;3;12000;500;CARD
REC-20260815-STORE_02-0206;STORE_02;CASH-01;2026-08-15 21:40:58;SKU-006;2;45000;0;CASH
REC-20260815-STORE_02-0206;STORE_02;CASH-01;2026-08-15 21:40:58;SKU-001;4;45000;500;CASH
REC-20260815-STORE_02-0206;STORE_02;CASH-05;2026-08-15 21:40:58;SKU-021;1;5000;0;CARD
REC-20260815-STORE_02-0206;STORE_02;CASH-02;2026-08-15 21:40:58;SKU-007;4;12000;0;CASH
REC-20260815-STORE_02-0206;STORE_02;CASH-04;2026-08-15 21:40:58;SKU-028;3;5000;500;CARD
REC-20260815-STORE_02-0207;STORE_02;CASH-04;2026-08-15 9:48:08;SKU-009;2;25000;1000;CASH
REC-20260815-STORE_02-0207;STORE_02;CASH-08;2026-08-15 9:48:08;SKU-005;4;5000;0;CARD
REC-20260815-STORE_02-0207;STORE_02;CASH-07;2026-08-15 9:48:08;SKU-005;3;5000;0;CARD
REC-20260815-STORE_02-0207;STORE_02;CASH-05;2026-08-15 9:48:08;SKU-017;2;12000;0;CARD
REC-20260815-STORE_02-0207;STORE_02;CASH-10;2026-08-15 9:48:08;SKU-010;1;25000;500;CARD
REC-20260815-STORE_02-0208;STORE_02;CASH-08;2026-08-15 13:34:20;SKU-003;3;45000;500;CARD
REC-20260815-STORE_02-0208;STORE_02;CASH-06;2026-08-15 13:34:20;SKU-001;2;45000;0;CASH
REC-20260815-STORE_02-0208;STORE_02;CASH-09;2026-08-15 13:34:20;SKU-008;4;12000;500;CASH
REC-20260815-STORE_02-0208;STORE_02;CASH-01;2026-08-15 13:34:20;SKU-003;4;45000;0;CARD
REC-20260815-STORE_02-0209;STORE_02;CASH-10;2026-08-15 21:13:17;SKU-006;3;45000;0;CARD
REC-20260815-STORE_02-0209;STORE_02;CASH-06;2026-08-15 21:13:17;SKU-038;2;12000;0;CASH
REC-20260815-STORE_02-0209;STORE_02;CASH-09;2026-08-15 21:13:17;SKU-007;1;12000;1000;CARD
REC-20260815-STORE_02-0209;STORE_02;CASH-04;2026-08-15 21:13:17;SKU-005;4;5000;0;CASH
REC-20260815-STORE_02-0209;STORE_02;CASH-06;2026-08-15 21:13:17;SKU-049;4;5000;0;CASH
REC-20260815-STORE_02-0210;STORE_02;CASH-10;2026-08-15 10:59:26;SKU-002;2;12000;0;CARD
REC-20260815-STORE_02-0211;STORE_02;CASH-10;2026-08-15 17:50:45;SKU-002;1;12000;0;CARD
REC-20260815-STORE_02-0211;STORE_02;CASH-01;2026-08-15 17:50:45;SKU-004;4;25000;0;CARD
REC-20260815-STORE_02-0211;STORE_02;CASH-01;2026-08-15 17:50:45;SKU-038;2;12000;0;CASH
REC-20260815-STORE_02-0212;STORE_02;CASH-09;2026-08-15 16:32:34;SKU-037;2;45000;0;CARD
REC-20260815-STORE_02-0212;STORE_02;CASH-01;2026-08-15 16:32:34;SKU-003;1;45000;0;CARD
REC-20260815-STORE_02-0212;STORE_02;CASH-07;2026-08-15 16:32:34;SKU-031;2;45000;500;CARD
REC-20260815-STORE_02-0212;STORE_02;CASH-05;2026-08-15 16:32:34;SKU-021;2;5000;0;CASH
REC-20260815-STORE_02-0212;STORE_02;CASH-07;2026-08-15 16:32:34;SKU-001;4;45000;0;CARD
REC-20260815-STORE_02-0213;STORE_02;CASH-06;2026-08-15 15:32:46;SKU-001;2;45000;1000;CASH
REC-20260815-STORE_02-0213;STORE_02;CASH-01;2026-08-15 15:32:46;SKU-006;1;45000;0;CASH
REC-20260815-STORE_02-0213;STORE_02;CASH-02;2026-08-15 15:32:46;SKU-035;1;5000;0;CARD
REC-20260815-STORE_02-0213;STORE_02;CASH-03;2026-08-15 15:32:46;SKU-036;4;45000;500;CARD
REC-20260815-STORE_02-0214;STORE_02;CASH-09;2026-08-15 14:23:00;SKU-004;1;25000;500;CARD
REC-20260815-STORE_02-0215;STORE_02;CASH-08;2026-08-15 12:27:11;SKU-022;2;12000;0;CARD
REC-20260815-STORE_02-0215;STORE_02;CASH-05;2026-08-15 12:27:11;SKU-042;4;5000;1000;CARD
REC-20260815-STORE_02-0215;STORE_02;CASH-01;2026-08-15 12:27:11;SKU-001;3;45000;0;CASH
REC-20260815-STORE_02-0215;STORE_02;CASH-01;2026-08-15 12:27:11;SKU-013;4;12000;1000;CARD
REC-20260815-STORE_02-0215;STORE_02;CASH-03;2026-08-15 12:27:11;SKU-003;3;45000;0;CARD
REC-20260815-STORE_02-0216;STORE_02;CASH-07;2026-08-15 20:34:52;SKU-002;2;12000;0;CARD
REC-20260815-STORE_02-0216;STORE_02;CASH-10;2026-08-15 20:34:52;SKU-011;1;5000;0;CARD
REC-20260815-STORE_02-0216;STORE_02;CASH-01;2026-08-15 20:34:52;SKU-044;4;5000;0;CASH
REC-20260815-STORE_02-0216;STORE_02;CASH-10;2026-08-15 20:34:52;SKU-011;2;5000;0;CARD
REC-20260815-STORE_02-0216;STORE_02;CASH-05;2026-08-15 20:34:52;SKU-019;3;25000;500;CARD
REC-20260815-STORE_02-0217;STORE_02;CASH-07;2026-08-15 14:57:53;SKU-002;4;12000;500;CARD
REC-20260815-STORE_02-0217;STORE_02;CASH-10;2026-08-15 14:57:53;SKU-006;4;45000;500;CASH
REC-20260815-STORE_02-0217;STORE_02;CASH-08;2026-08-15 14:57:53;SKU-001;4;45000;500;CASH
REC-20260815-STORE_02-0218;STORE_02;CASH-05;2026-08-15 9:12:47;SKU-003;1;45000;500;CARD
REC-20260815-STORE_02-0218;STORE_02;CASH-04;2026-08-15 9:12:47;SKU-002;3;12000;1000;CASH
REC-20260815-STORE_02-0218;STORE_02;CASH-07;2026-08-15 9:12:47;SKU-031;2;45000;0;CARD
REC-20260815-STORE_02-0219;STORE_02;CASH-10;2026-08-15 9:19:19;SKU-008;3;12000;0;CASH
REC-20260815-STORE_02-0219;STORE_02;CASH-06;2026-08-15 9:19:19;SKU-001;3;45000;1000;CARD
REC-20260815-STORE_02-0219;STORE_02;CASH-08;2026-08-15 9:19:19;SKU-030;1;45000;0;CARD
REC-20260815-STORE_02-0219;STORE_02;CASH-03;2026-08-15 9:19:19;SKU-018;2;5000;500;CARD
REC-20260815-STORE_02-0219;STORE_02;CASH-04;2026-08-15 9:19:19;SKU-026;3;12000;0;CARD
REC-20260815-STORE_02-0220;STORE_02;CASH-05;2026-08-15 11:45:29;SKU-037;1;45000;0;CASH
REC-20260815-STORE_02-0220;STORE_02;CASH-04;2026-08-15 11:45:29;SKU-001;1;45000;500;CARD
REC-20260815-STORE_02-0220;STORE_02;CASH-08;2026-08-15 11:45:29;SKU-005;1;5000;500;CASH
REC-20260815-STORE_02-0221;STORE_02;CASH-02;2026-08-15 19:41:49;SKU-002;4;12000;0;CARD
REC-20260815-STORE_02-0221;STORE_02;CASH-06;2026-08-15 19:41:49;SKU-018;1;5000;0;CARD
REC-20260815-STORE_02-0222;STORE_02;CASH-10;2026-08-15 20:37:06;SKU-005;3;5000;1000;CARD
REC-20260815-STORE_02-0222;STORE_02;CASH-03;2026-08-15 20:37:06;SKU-001;1;45000;0;CARD
REC-20260815-STORE_02-0222;STORE_02;CASH-02;2026-08-15 20:37:06;SKU-002;2;12000;0;CARD
REC-20260815-STORE_02-0223;STORE_02;CASH-06;2026-08-15 14:03:20;SKU-001;3;45000;1000;CASH
REC-20260815-STORE_02-0223;STORE_02;CASH-03;2026-08-15 14:03:20;SKU-003;2;45000;500;CARD
REC-20260815-STORE_02-0224;STORE_02;CASH-10;2026-08-15 16:23:27;SKU-031;4;45000;1000;CARD
REC-20260815-STORE_02-0225;STORE_02;CASH-05;2026-08-15 8:23:11;SKU-012;2;45000;0;CASH
REC-20260815-STORE_02-0226;STORE_02;CASH-10;2026-08-15 16:02:38;SKU-003;1;45000;1000;CARD
REC-20260815-STORE_02-0226;STORE_02;CASH-05;2026-08-15 16:02:38;SKU-041;1;25000;0;CARD
REC-20260815-STORE_02-0226;STORE_02;CASH-10;2026-08-15 16:02:38;SKU-001;2;45000;1000;CASH
REC-20260815-STORE_02-0227;STORE_02;CASH-06;2026-08-15 8:50:00;SKU-001;4;45000;0;CASH
REC-20260815-STORE_02-0227;STORE_02;CASH-08;2026-08-15 8:50:00;SKU-019;3;25000;0;CASH
REC-20260815-STORE_02-0228;STORE_02;CASH-05;2026-08-15 10:40:56;SKU-012;1;45000;500;CARD
REC-20260815-STORE_02-0228;STORE_02;CASH-04;2026-08-15 10:40:56;SKU-039;4;5000;500;CASH
REC-20260815-STORE_02-0228;STORE_02;CASH-07;2026-08-15 10:40:56;SKU-001;3;45000;0;CASH
REC-20260815-STORE_02-0228;STORE_02;CASH-07;2026-08-15 10:40:56;SKU-002;2;12000;500;CARD
REC-20260815-STORE_02-0229;STORE_02;CASH-01;2026-08-15 17:00:17;SKU-045;1;45000;500;CARD
REC-20260815-STORE_02-0230;STORE_02;CASH-01;2026-08-15 15:20:51;SKU-001;3;45000;500;CARD
REC-20260815-STORE_02-0230;STORE_02;CASH-07;2026-08-15 15:20:51;SKU-050;4;25000;500;CARD
REC-20260815-STORE_02-0230;STORE_02;CASH-10;2026-08-15 15:20:51;SKU-032;1;25000;1000;CARD
REC-20260815-STORE_02-0230;STORE_02;CASH-02;2026-08-15 15:20:51;SKU-012;4;45000;0;CARD
REC-20260815-STORE_02-0230;STORE_02;CASH-01;2026-08-15 15:20:51;SKU-006;3;45000;0;CARD
REC-20260815-STORE_02-0231;STORE_02;CASH-01;2026-08-15 12:27:53;SKU-001;3;45000;0;CARD
REC-20260815-STORE_02-0231;STORE_02;CASH-09;2026-08-15 12:27:53;SKU-002;4;12000;0;CARD
REC-20260815-STORE_02-0231;STORE_02;CASH-04;2026-08-15 12:27:53;SKU-009;1;25000;0;CARD
REC-20260815-STORE_02-0232;STORE_02;CASH-06;2026-08-15 15:39:37;SKU-002;3;12000;0;CASH
REC-20260815-STORE_02-0232;STORE_02;CASH-04;2026-08-15 15:39:37;SKU-009;3;25000;500;CASH
REC-20260815-STORE_02-0232;STORE_02;CASH-07;2026-08-15 15:39:37;SKU-001;2;45000;500;CARD
REC-20260815-STORE_02-0232;STORE_02;CASH-09;2026-08-15 15:39:37;SKU-028;2;5000;500;CASH
REC-20260815-STORE_02-0232;STORE_02;CASH-02;2026-08-15 15:39:37;SKU-015;2;5000;1000;CARD
REC-20260815-STORE_02-0233;STORE_02;CASH-02;2026-08-15 21:58:57;SKU-003;1;45000;500;CARD
REC-20260815-STORE_02-0233;STORE_02;CASH-09;2026-08-15 21:58:57;SKU-002;2;12000;1000;CARD
REC-20260815-STORE_02-0233;STORE_02;CASH-09;2026-08-15 21:58:57;SKU-010;3;25000;500;CARD
REC-20260815-STORE_02-0233;STORE_02;CASH-10;2026-08-15 21:58:57;SKU-004;2;25000;1000;CARD
REC-20260815-STORE_02-0233;STORE_02;CASH-08;2026-08-15 21:58:57;SKU-019;2;25000;1000;CARD
REC-20260815-STORE_02-0234;STORE_02;CASH-05;2026-08-15 21:21:45;SKU-017;2;12000;0;CASH
REC-20260815-STORE_02-0234;STORE_02;CASH-08;2026-08-15 21:21:45;SKU-001;4;45000;1000;CARD
REC-20260815-STORE_02-0234;STORE_02;CASH-06;2026-08-15 21:21:45;SKU-001;4;45000;0;CARD
REC-20260815-STORE_02-0235;STORE_02;CASH-05;2026-08-15 15:07:39;SKU-001;4;45000;1000;CARD
REC-20260815-STORE_02-0235;STORE_02;CASH-10;2026-08-15 15:07:39;SKU-003;3;45000;500;CASH
REC-20260815-STORE_02-0235;STORE_02;CASH-03;2026-08-15 15:07:39;SKU-009;4;25000;0;CASH
REC-20260815-STORE_02-0236;STORE_02;CASH-09;2026-08-15 14:46:43;SKU-003;2;45000;500;CARD
REC-20260815-STORE_02-0236;STORE_02;CASH-06;2026-08-15 14:46:43;SKU-007;1;12000;1000;CARD
REC-20260815-STORE_02-0236;STORE_02;CASH-10;2026-08-15 14:46:43;SKU-001;4;45000;0;CARD
REC-20260815-STORE_02-0236;STORE_02;CASH-07;2026-08-15 14:46:43;SKU-001;2;45000;0;CARD
REC-20260815-STORE_02-0237;STORE_02;CASH-05;2026-08-15 18:45:37;SKU-019;3;25000;500;CASH
REC-20260815-STORE_02-0237;STORE_02;CASH-01;2026-08-15 18:45:37;SKU-015;3;5000;0;CARD
REC-20260815-STORE_02-0238;STORE_02;CASH-09;2026-08-15 18:14:25;SKU-025;4;5000;0;CARD
REC-20260815-STORE_02-0238;STORE_02;CASH-03;2026-08-15 18:14:25;SKU-005;4;5000;500;CASH
REC-20260815-STORE_02-0238;STORE_02;CASH-07;2026-08-15 18:14:25;SKU-026;1;12000;0;CASH
REC-20260815-STORE_02-0238;STORE_02;CASH-06;2026-08-15 18:14:25;SKU-002;4;12000;0;CARD
REC-20260815-STORE_02-0238;STORE_02;CASH-05;2026-08-15 18:14:25;SKU-010;4;25000;1000;CARD
REC-20260815-STORE_02-0239;STORE_02;CASH-04;2026-08-15 16:08:41;SKU-011;4;5000;0;CASH
REC-20260815-STORE_02-0239;STORE_02;CASH-01;2026-08-15 16:08:41;SKU-028;1;5000;1000;CASH
REC-20260815-STORE_02-0239;STORE_02;CASH-10;2026-08-15 16:08:41;SKU-003;1;45000;1000;CARD
REC-20260815-STORE_02-0239;STORE_02;CASH-08;2026-08-15 16:08:41;SKU-001;2;45000;1000;CARD
REC-20260815-STORE_02-0240;STORE_02;CASH-03;2026-08-15 15:39:35;SKU-008;4;12000;1000;CASH
REC-20260815-STORE_02-0240;STORE_02;CASH-08;2026-08-15 15:39:35;SKU-001;4;45000;500;CARD
REC-20260815-STORE_02-0241;STORE_02;CASH-01;2026-08-15 15:36:49;SKU-001;1;45000;0;CARD
REC-20260815-STORE_02-0241;STORE_02;CASH-09;2026-08-15 15:36:49;SKU-008;2;12000;0;CARD
REC-20260815-STORE_02-0241;STORE_02;CASH-09;2026-08-15 15:36:49;SKU-028;2;5000;0;CASH
REC-20260815-STORE_02-0241;STORE_02;CASH-01;2026-08-15 15:36:49;SKU-009;4;25000;0;CARD
REC-20260815-STORE_02-0242;STORE_02;CASH-07;2026-08-15 8:01:42;SKU-007;4;12000;0;CARD
REC-20260815-STORE_02-0242;STORE_02;CASH-04;2026-08-15 8:01:42;SKU-002;4;12000;500;CARD
REC-20260815-STORE_02-0242;STORE_02;CASH-10;2026-08-15 8:01:42;SKU-003;2;45000;500;CARD
REC-20260815-STORE_02-0243;STORE_02;CASH-09;2026-08-15 11:22:44;SKU-002;3;12000;500;CARD
REC-20260815-STORE_02-0244;STORE_02;CASH-10;2026-08-15 8:42:41;SKU-001;1;45000;1000;CASH
REC-20260815-STORE_02-0244;STORE_02;CASH-09;2026-08-15 8:42:41;SKU-006;2;45000;1000;CARD
REC-20260815-STORE_02-0244;STORE_02;CASH-02;2026-08-15 8:42:41;SKU-006;4;45000;0;CASH
REC-20260815-STORE_02-0244;STORE_02;CASH-08;2026-08-15 8:42:41;SKU-001;1;45000;0;CASH
REC-20260815-STORE_02-0245;STORE_02;CASH-04;2026-08-15 9:42:14;SKU-039;4;5000;0;CARD
REC-20260815-STORE_02-0246;STORE_02;CASH-08;2026-08-15 13:03:52;SKU-005;3;5000;500;CARD
REC-20260815-STORE_02-0246;STORE_02;CASH-05;2026-08-15 13:03:52;SKU-011;1;5000;0;CARD
REC-20260815-STORE_02-0246;STORE_02;CASH-03;2026-08-15 13:03:52;SKU-002;3;12000;500;CARD
REC-20260815-STORE_02-0246;STORE_02;CASH-10;2026-08-15 13:03:52;SKU-002;1;12000;1000;CASH
REC-20260815-STORE_02-0246;STORE_02;CASH-05;2026-08-15 13:03:52;SKU-003;4;45000;500;CARD
REC-20260815-STORE_02-0247;STORE_02;CASH-01;2026-08-15 12:10:09;SKU-001;1;45000;0;CARD
REC-20260815-STORE_02-0247;STORE_02;CASH-03;2026-08-15 12:10:09;SKU-003;3;45000;500;CASH
REC-20260815-STORE_02-0248;STORE_02;CASH-08;2026-08-15 13:28:54;SKU-010;1;25000;1000;CARD
REC-20260815-STORE_02-0248;STORE_02;CASH-07;2026-08-15 13:28:54;SKU-010;2;25000;1000;CASH
REC-20260815-STORE_02-0248;STORE_02;CASH-01;2026-08-15 13:28:54;SKU-006;1;45000;500;CASH
REC-20260815-STORE_02-0248;STORE_02;CASH-10;2026-08-15 13:28:54;SKU-008;1;12000;0;CASH
REC-20260815-STORE_02-0248;STORE_02;CASH-07;2026-08-15 13:28:54;SKU-011;2;5000;0;CARD
REC-20260815-STORE_02-0249;STORE_02;CASH-07;2026-08-15 16:29:43;SKU-015;1;5000;1000;CARD
REC-20260815-STORE_02-0249;STORE_02;CASH-02;2026-08-15 16:29:43;SKU-034;1;25000;0;CARD
REC-20260815-STORE_02-0250;STORE_02;CASH-01;2026-08-15 13:04:36;SKU-048;3;25000;0;CARD
REC-20260815-STORE_02-0250;STORE_02;CASH-04;2026-08-15 13:04:36;SKU-018;4;5000;500;CARD
REC-20260815-STORE_02-0250;STORE_02;CASH-03;2026-08-15 13:04:36;SKU-015;4;5000;0;CARD
REC-20260815-STORE_02-0250;STORE_02;CASH-03;2026-08-15 13:04:36;SKU-007;2;12000;0;CARD
REC-20260815-STORE_02-0251;STORE_02;CASH-02;2026-08-15 11:42:00;SKU-006;2;45000;1000;CARD
REC-20260815-STORE_02-0251;STORE_02;CASH-10;2026-08-15 11:42:00;SKU-002;3;12000;0;CARD
REC-20260815-STORE_02-0251;STORE_02;CASH-08;2026-08-15 11:42:00;SKU-020;2;12000;0;CASH
REC-20260815-STORE_02-0251;STORE_02;CASH-01;2026-08-15 11:42:00;SKU-004;1;25000;0;CARD
REC-20260815-STORE_02-0251;STORE_02;CASH-01;2026-08-15 11:42:00;SKU-037;3;45000;0;CASH
REC-20260815-STORE_02-0252;STORE_02;CASH-06;2026-08-15 12:33:29;SKU-040;1;25000;0;CARD
REC-20260815-STORE_02-0252;STORE_02;CASH-01;2026-08-15 12:33:29;SKU-001;4;45000;0;CASH
REC-20260815-STORE_02-0252;STORE_02;CASH-09;2026-08-15 12:33:29;SKU-021;4;5000;0;CASH
REC-20260815-STORE_02-0253;STORE_02;CASH-05;2026-08-15 18:05:37;SKU-002;3;12000;1000;CARD
REC-20260815-STORE_02-0253;STORE_02;CASH-09;2026-08-15 18:05:37;SKU-004;4;25000;0;CASH
REC-20260815-STORE_02-0254;STORE_02;CASH-04;2026-08-15 20:19:03;SKU-006;3;45000;1000;CARD
REC-20260815-STORE_02-0254;STORE_02;CASH-05;2026-08-15 20:19:03;SKU-004;3;25000;1000;CASH
REC-20260815-STORE_02-0254;STORE_02;CASH-05;2026-08-15 20:19:03;SKU-002;3;12000;1000;CARD
REC-20260815-STORE_02-0255;STORE_02;CASH-04;2026-08-15 10:34:50;SKU-002;2;12000;0;CARD
REC-20260815-STORE_02-0255;STORE_02;CASH-03;2026-08-15 10:34:50;SKU-005;3;5000;500;CARD
REC-20260815-STORE_02-0256;STORE_02;CASH-07;2026-08-15 11:48:35;SKU-004;4;25000;0;CARD
REC-20260815-STORE_02-0256;STORE_02;CASH-04;2026-08-15 11:48:35;SKU-001;4;45000;0;CASH
REC-20260815-STORE_02-0257;STORE_02;CASH-08;2026-08-15 18:42:07;SKU-025;4;5000;0;CASH
REC-20260815-STORE_02-0257;STORE_02;CASH-05;2026-08-15 18:42:07;SKU-003;1;45000;0;CARD
REC-20260815-STORE_02-0258;STORE_02;CASH-06;2026-08-15 12:41:27;SKU-002;3;12000;0;CARD
REC-20260815-STORE_02-0259;STORE_02;CASH-05;2026-08-15 9:33:24;SKU-001;1;45000;500;CASH
REC-20260815-STORE_02-0260;STORE_02;CASH-10;2026-08-15 14:37:25;SKU-015;3;5000;0;CASH
REC-20260815-STORE_02-0260;STORE_02;CASH-03;2026-08-15 14:37:25;SKU-019;4;25000;0;CASH
REC-20260815-STORE_02-0260;STORE_02;CASH-07;2026-08-15 14:37:25;SKU-001;1;45000;0;CASH
REC-20260815-STORE_02-0260;STORE_02;CASH-10;2026-08-15 14:37:25;SKU-004;3;25000;1000;CARD
REC-20260815-STORE_02-0261;STORE_02;CASH-07;2026-08-15 14:38:59;SKU-013;3;12000;500;CASH
REC-20260815-STORE_02-0262;STORE_02;CASH-09;2026-08-15 17:28:34;SKU-012;4;45000;1000;CARD
REC-20260815-STORE_02-0262;STORE_02;CASH-09;2026-08-15 17:28:34;SKU-002;1;12000;0;CARD
REC-20260815-STORE_02-0263;STORE_02;CASH-10;2026-08-15 21:00:00;SKU-001;1;45000;0;CARD
REC-20260815-STORE_02-0263;STORE_02;CASH-08;2026-08-15 21:00:00;SKU-034;4;25000;0;CARD
REC-20260815-STORE_02-0263;STORE_02;CASH-01;2026-08-15 21:00:00;SKU-014;1;5000;0;CASH
REC-20260815-STORE_02-0263;STORE_02;CASH-05;2026-08-15 21:00:00;SKU-003;1;45000;0;CARD
REC-20260815-STORE_02-0264;STORE_02;CASH-06;2026-08-15 14:36:35;SKU-002;4;12000;0;CASH
REC-20260815-STORE_02-0264;STORE_02;CASH-08;2026-08-15 14:36:35;SKU-025;1;5000;500;CARD
REC-20260815-STORE_02-0264;STORE_02;CASH-05;2026-08-15 14:36:35;SKU-001;3;45000;1000;CARD
REC-20260815-STORE_02-0264;STORE_02;CASH-07;2026-08-15 14:36:35;SKU-016;3;25000;0;CASH
REC-20260815-STORE_02-0265;STORE_02;CASH-10;2026-08-15 20:13:17;SKU-045;1;45000;1000;CARD
REC-20260815-STORE_02-0266;STORE_02;CASH-05;2026-08-15 13:45:29;SKU-015;4;5000;0;CASH
REC-20260815-STORE_02-0266;STORE_02;CASH-09;2026-08-15 13:45:29;SKU-018;1;5000;0;CASH
REC-20260815-STORE_02-0266;STORE_02;CASH-04;2026-08-15 13:45:29;SKU-002;3;12000;0;CARD
REC-20260815-STORE_02-0267;STORE_02;CASH-01;2026-08-15 14:05:58;SKU-019;4;25000;500;CARD
REC-20260815-STORE_02-0268;STORE_02;CASH-10;2026-08-15 13:38:22;SKU-049;3;5000;0;CARD
REC-20260815-STORE_02-0268;STORE_02;CASH-02;2026-08-15 13:38:22;SKU-011;4;5000;0;CARD
REC-20260815-STORE_02-0268;STORE_02;CASH-03;2026-08-15 13:38:22;SKU-019;4;25000;0;CARD
REC-20260815-STORE_02-0268;STORE_02;CASH-07;2026-08-15 13:38:22;SKU-012;3;45000;500;CASH
REC-20260815-STORE_02-0269;STORE_02;CASH-02;2026-08-15 15:58:04;SKU-019;1;25000;0;CARD
REC-20260815-STORE_02-0269;STORE_02;CASH-07;2026-08-15 15:58:04;SKU-004;1;25000;1000;CARD
REC-20260815-STORE_02-0269;STORE_02;CASH-09;2026-08-15 15:58:04;SKU-012;2;45000;0;CASH
REC-20260815-STORE_02-0270;STORE_02;CASH-07;2026-08-15 11:24:06;SKU-013;2;12000;0;CARD
REC-20260815-STORE_02-0270;STORE_02;CASH-07;2026-08-15 11:24:06;SKU-025;4;5000;1000;CARD
REC-20260815-STORE_02-0270;STORE_02;CASH-02;2026-08-15 11:24:06;SKU-034;1;25000;0;CARD
REC-20260815-STORE_02-0270;STORE_02;CASH-05;2026-08-15 11:24:06;SKU-027;2;5000;1000;CASH
REC-20260815-STORE_02-0271;STORE_02;CASH-01;2026-08-15 9:04:57;SKU-004;4;25000;500;CARD
REC-20260815-STORE_02-0272;STORE_02;CASH-04;2026-08-15 12:36:30;SKU-004;2;25000;0;CARD
REC-20260815-STORE_02-0272;STORE_02;CASH-08;2026-08-15 12:36:30;SKU-022;4;12000;1000;CARD
REC-20260815-STORE_02-0272;STORE_02;CASH-07;2026-08-15 12:36:30;SKU-016;4;25000;500;CARD
REC-20260815-STORE_02-0272;STORE_02;CASH-01;2026-08-15 12:36:30;SKU-001;2;45000;0;CARD
REC-20260815-STORE_02-0273;STORE_02;CASH-06;2026-08-15 17:06:26;SKU-012;1;45000;0;CARD
REC-20260815-STORE_02-0273;STORE_02;CASH-08;2026-08-15 17:06:26;SKU-010;3;25000;0;CARD
REC-20260815-STORE_02-0274;STORE_02;CASH-06;2026-08-15 11:44:42;SKU-020;3;12000;0;CARD
REC-20260815-STORE_02-0274;STORE_02;CASH-06;2026-08-15 11:44:42;SKU-005;2;5000;0;CARD
REC-20260815-STORE_02-0274;STORE_02;CASH-07;2026-08-15 11:44:42;SKU-025;1;5000;0;CARD
REC-20260815-STORE_02-0275;STORE_02;CASH-03;2026-08-15 14:35:54;SKU-001;3;45000;0;CARD
REC-20260815-STORE_02-0276;STORE_02;CASH-01;2026-08-15 11:41:21;SKU-002;1;12000;0;CASH
REC-20260815-STORE_02-0276;STORE_02;CASH-09;2026-08-15 11:41:21;SKU-001;4;45000;0;CARD
REC-20260815-STORE_02-0277;STORE_02;CASH-10;2026-08-15 10:11:48;SKU-033;3;5000;0;CARD
REC-20260815-STORE_02-0277;STORE_02;CASH-09;2026-08-15 10:11:48;SKU-001;3;45000;0;CARD
REC-20260815-STORE_02-0277;STORE_02;CASH-09;2026-08-15 10:11:48;SKU-007;3;12000;500;CASH
REC-20260815-STORE_02-0277;STORE_02;CASH-08;2026-08-15 10:11:48;SKU-014;3;5000;0;CARD
REC-20260815-STORE_02-0277;STORE_02;CASH-06;2026-08-15 10:11:48;SKU-003;1;45000;500;CARD
REC-20260815-STORE_02-0278;STORE_02;CASH-04;2026-08-15 18:07:24;SKU-025;2;5000;0;CASH
REC-20260815-STORE_02-0278;STORE_02;CASH-09;2026-08-15 18:07:24;SKU-005;1;5000;500;CARD
REC-20260815-STORE_02-0279;STORE_02;CASH-08;2026-08-15 18:05:24;SKU-001;3;45000;500;CARD
REC-20260815-STORE_02-0279;STORE_02;CASH-04;2026-08-15 18:05:24;SKU-029;3;5000;1000;CASH
REC-20260815-STORE_02-0279;STORE_02;CASH-07;2026-08-15 18:05:24;SKU-002;1;12000;500;CASH
REC-20260815-STORE_02-0280;STORE_02;CASH-09;2026-08-15 20:21:29;SKU-007;4;12000;0;CARD
REC-20260815-STORE_02-0280;STORE_02;CASH-10;2026-08-15 20:21:29;SKU-028;2;5000;500;CASH
REC-20260815-STORE_02-0280;STORE_02;CASH-01;2026-08-15 20:21:29;SKU-001;1;45000;0;CARD
REC-20260815-STORE_02-0280;STORE_02;CASH-07;2026-08-15 20:21:29;SKU-001;3;45000;1000;CARD
REC-20260815-STORE_02-0281;STORE_02;CASH-09;2026-08-15 21:29:22;SKU-005;4;5000;500;CARD
REC-20260815-STORE_02-0282;STORE_02;CASH-03;2026-08-15 20:10:11;SKU-040;4;25000;0;CARD
REC-20260815-STORE_02-0282;STORE_02;CASH-04;2026-08-15 20:10:11;SKU-002;2;12000;0;CASH
REC-20260815-STORE_02-0283;STORE_02;CASH-05;2026-08-15 13:45:11;SKU-002;3;12000;0;CASH
REC-20260815-STORE_02-0283;STORE_02;CASH-02;2026-08-15 13:45:11;SKU-001;1;45000;0;CARD
REC-20260815-STORE_02-0283;STORE_02;CASH-08;2026-08-15 13:45:11;SKU-001;4;45000;1000;CASH
REC-20260815-STORE_02-0284;STORE_02;CASH-07;2026-08-15 17:33:18;SKU-001;4;45000;0;CARD
REC-20260815-STORE_02-0284;STORE_02;CASH-01;2026-08-15 17:33:18;SKU-009;4;25000;0;CARD
REC-20260815-STORE_02-0284;STORE_02;CASH-07;2026-08-15 17:33:18;SKU-001;3;45000;0;CASH
REC-20260815-STORE_02-0284;STORE_02;CASH-01;2026-08-15 17:33:18;SKU-004;3;25000;1000;CARD
REC-20260815-STORE_02-0285;STORE_02;CASH-01;2026-08-15 18:22:37;SKU-001;1;45000;0;CARD
REC-20260815-STORE_02-0285;STORE_02;CASH-10;2026-08-15 18:22:37;SKU-031;1;45000;500;CASH
REC-20260815-STORE_02-0285;STORE_02;CASH-09;2026-08-15 18:22:37;SKU-018;1;5000;0;CARD
REC-20260815-STORE_02-0286;STORE_02;CASH-08;2026-08-15 17:23:09;SKU-034;2;25000;0;CARD
REC-20260815-STORE_02-0287;STORE_02;CASH-10;2026-08-15 17:42:34;SKU-004;1;25000;0;CASH
REC-20260815-STORE_02-0287;STORE_02;CASH-07;2026-08-15 17:42:34;SKU-002;4;12000;500;CARD
REC-20260815-STORE_02-0287;STORE_02;CASH-09;2026-08-15 17:42:34;SKU-002;4;12000;500;CARD
REC-20260815-STORE_02-0288;STORE_02;CASH-06;2026-08-15 10:00:39;SKU-002;1;12000;0;CARD
REC-20260815-STORE_02-0288;STORE_02;CASH-06;2026-08-15 10:00:39;SKU-002;1;12000;1000;CARD
REC-20260815-STORE_02-0288;STORE_02;CASH-02;2026-08-15 10:00:39;SKU-027;3;5000;1000;CARD
REC-20260815-STORE_02-0289;STORE_02;CASH-04;2026-08-15 13:00:18;SKU-018;3;5000;0;CASH
REC-20260815-STORE_02-0289;STORE_02;CASH-10;2026-08-15 13:00:18;SKU-007;2;12000;0;CASH
REC-20260815-STORE_02-0289;STORE_02;CASH-01;2026-08-15 13:00:18;SKU-004;2;25000;0;CASH
REC-20260815-STORE_02-0289;STORE_02;CASH-04;2026-08-15 13:00:18;SKU-002;3;12000;500;CARD
REC-20260815-STORE_02-0289;STORE_02;CASH-08;2026-08-15 13:00:18;SKU-003;3;45000;0;CASH
REC-20260815-STORE_02-0290;STORE_02;CASH-02;2026-08-15 11:47:38;SKU-002;3;12000;1000;CARD
REC-20260815-STORE_02-0290;STORE_02;CASH-10;2026-08-15 11:47:38;SKU-042;3;5000;0;CARD
REC-20260815-STORE_02-0290;STORE_02;CASH-05;2026-08-15 11:47:38;SKU-004;2;25000;0;CARD
REC-20260815-STORE_02-0290;STORE_02;CASH-09;2026-08-15 11:47:38;SKU-018;1;5000;0;CARD
REC-20260815-STORE_02-0291;STORE_02;CASH-09;2026-08-15 12:22:58;SKU-004;4;25000;1000;CASH
REC-20260815-STORE_02-0291;STORE_02;CASH-08;2026-08-15 12:22:58;SKU-045;1;45000;0;CARD
REC-20260815-STORE_02-0291;STORE_02;CASH-09;2026-08-15 12:22:58;SKU-001;4;45000;0;CARD
REC-20260815-STORE_02-0291;STORE_02;CASH-06;2026-08-15 12:22:58;SKU-008;1;12000;0;CASH
REC-20260815-STORE_02-0291;STORE_02;CASH-06;2026-08-15 12:22:58;SKU-013;3;12000;500;CARD
REC-20260815-STORE_02-0292;STORE_02;CASH-01;2026-08-15 20:40:53;SKU-026;4;12000;0;CASH
REC-20260815-STORE_02-0292;STORE_02;CASH-04;2026-08-15 20:40:53;SKU-040;3;25000;1000;CARD
REC-20260815-STORE_02-0292;STORE_02;CASH-02;2026-08-15 20:40:53;SKU-023;4;45000;0;CARD
REC-20260815-STORE_02-0293;STORE_02;CASH-09;2026-08-15 8:38:22;SKU-001;4;45000;0;CARD
REC-20260815-STORE_02-0293;STORE_02;CASH-01;2026-08-15 8:38:22;SKU-016;2;25000;500;CASH
REC-20260815-STORE_02-0293;STORE_02;CASH-04;2026-08-15 8:38:22;SKU-046;4;25000;0;CASH
REC-20260815-STORE_02-0294;STORE_02;CASH-01;2026-08-15 13:52:18;SKU-022;3;12000;0;CARD
REC-20260815-STORE_02-0294;STORE_02;CASH-03;2026-08-15 13:52:18;SKU-007;1;12000;0;CASH
REC-20260815-STORE_02-0294;STORE_02;CASH-01;2026-08-15 13:52:18;SKU-003;4;45000;0;CASH
REC-20260815-STORE_02-0294;STORE_02;CASH-09;2026-08-15 13:52:18;SKU-006;4;45000;1000;CARD
REC-20260815-STORE_02-0294;STORE_02;CASH-09;2026-08-15 13:52:18;SKU-046;3;25000;0;CARD
REC-20260815-STORE_02-0295;STORE_02;CASH-02;2026-08-15 11:10:11;SKU-014;3;5000;0;CASH
REC-20260815-STORE_02-0296;STORE_02;CASH-06;2026-08-15 18:48:15;SKU-002;4;12000;0;CASH
REC-20260815-STORE_02-0297;STORE_02;CASH-04;2026-08-15 21:54:30;SKU-007;4;12000;0;CASH
REC-20260815-STORE_02-0297;STORE_02;CASH-08;2026-08-15 21:54:30;SKU-029;4;5000;0;CASH
REC-20260815-STORE_02-0297;STORE_02;CASH-10;2026-08-15 21:54:30;SKU-026;2;12000;500;CASH
REC-20260815-STORE_02-0297;STORE_02;CASH-03;2026-08-15 21:54:30;SKU-019;3;25000;1000;CASH
REC-20260815-STORE_02-0297;STORE_02;CASH-01;2026-08-15 21:54:30;SKU-003;1;45000;1000;CARD
REC-20260815-STORE_02-0298;STORE_02;CASH-04;2026-08-15 20:07:50;SKU-002;4;12000;0;CARD
REC-20260815-STORE_02-0299;STORE_02;CASH-10;2026-08-15 12:16:41;SKU-001;2;45000;1000;CASH
REC-20260815-STORE_02-0299;STORE_02;CASH-02;2026-08-15 12:16:41;SKU-005;1;5000;0;CASH
REC-20260815-STORE_02-0299;STORE_02;CASH-03;2026-08-15 12:16:41;SKU-001;3;45000;500;CASH
REC-20260815-STORE_02-0299;STORE_02;CASH-06;2026-08-15 12:16:41;SKU-025;4;5000;1000;CARD
REC-20260815-STORE_02-0299;STORE_02;CASH-07;2026-08-15 12:16:41;SKU-001;3;45000;0;CARD
REC-20260815-STORE_02-0300;STORE_02;CASH-01;2026-08-15 18:36:49;SKU-006;1;45000;0;CARD
REC-20260815-STORE_02-0301;STORE_02;CASH-07;2026-08-15 12:44:54;SKU-001;1;45000;1000;CARD
REC-20260815-STORE_02-0301;STORE_02;CASH-04;2026-08-15 12:44:54;SKU-001;4;45000;0;CASH
REC-20260815-STORE_02-0301;STORE_02;CASH-03;2026-08-15 12:44:54;SKU-008;2;12000;0;CARD
REC-20260815-STORE_02-0301;STORE_02;CASH-02;2026-08-15 12:44:54;SKU-024;4;12000;1000;CARD
REC-20260815-STORE_02-0302;STORE_02;CASH-04;2026-08-15 10:56:44;SKU-043;2;25000;500;CASH
REC-20260815-STORE_02-0302;STORE_02;CASH-10;2026-08-15 10:56:44;SKU-001;3;45000;1000;CASH
REC-20260815-STORE_02-0303;STORE_02;CASH-07;2026-08-15 17:45:44;SKU-001;1;45000;0;CARD
REC-20260815-STORE_02-0303;STORE_02;CASH-07;2026-08-15 17:45:44;SKU-021;3;5000;0;CARD
REC-20260815-STORE_02-0304;STORE_02;CASH-08;2026-08-15 12:44:00;SKU-001;1;45000;1000;CASH
REC-20260815-STORE_02-0304;STORE_02;CASH-06;2026-08-15 12:44:00;SKU-001;1;45000;0;CARD
REC-20260815-STORE_02-0304;STORE_02;CASH-02;2026-08-15 12:44:00;SKU-009;4;25000;1000;CASH
REC-20260815-STORE_02-0304;STORE_02;CASH-08;2026-08-15 12:44:00;SKU-029;1;5000;0;CARD
REC-20260815-STORE_02-0304;STORE_02;CASH-06;2026-08-15 12:44:00;SKU-013;4;12000;1000;CARD
REC-20260815-STORE_02-0305;STORE_02;CASH-01;2026-08-15 13:46:44;SKU-030;1;45000;0;CARD
REC-20260815-STORE_02-0305;STORE_02;CASH-08;2026-08-15 13:46:44;SKU-011;4;5000;1000;CASH
REC-20260815-STORE_02-0306;STORE_02;CASH-01;2026-08-15 12:44:48;SKU-041;4;25000;500;CARD
REC-20260815-STORE_02-0307;STORE_02;CASH-06;2026-08-15 20:49:52;SKU-019;3;25000;0;CARD
REC-20260815-STORE_02-0307;STORE_02;CASH-04;2026-08-15 20:49:52;SKU-004;4;25000;0;CASH
REC-20260815-STORE_02-0307;STORE_02;CASH-04;2026-08-15 20:49:52;SKU-003;1;45000;0;CASH
REC-20260815-STORE_02-0307;STORE_02;CASH-03;2026-08-15 20:49:52;SKU-002;3;12000;1000;CARD
REC-20260815-STORE_02-0307;STORE_02;CASH-03;2026-08-15 20:49:52;SKU-017;3;12000;0;CASH
REC-20260815-STORE_02-0308;STORE_02;CASH-04;2026-08-15 10:42:06;SKU-001;3;45000;1000;CARD
REC-20260815-STORE_02-0308;STORE_02;CASH-10;2026-08-15 10:42:06;SKU-006;4;45000;500;CASH
REC-20260815-STORE_02-0309;STORE_02;CASH-05;2026-08-15 19:51:23;SKU-018;4;5000;500;CASH
REC-20260815-STORE_02-0310;STORE_02;CASH-01;2026-08-15 16:30:35;SKU-040;2;25000;0;CARD
REC-20260815-STORE_02-0310;STORE_02;CASH-07;2026-08-15 16:30:35;SKU-030;1;45000;0;CARD
REC-20260815-STORE_02-0310;STORE_02;CASH-10;2026-08-15 16:30:35;SKU-001;1;45000;0;CARD
REC-20260815-STORE_02-0310;STORE_02;CASH-08;2026-08-15 16:30:35;SKU-014;3;5000;0;CARD
REC-20260815-STORE_02-0310;STORE_02;CASH-06;2026-08-15 16:30:35;SKU-032;3;25000;0;CARD
REC-20260815-STORE_02-0311;STORE_02;CASH-08;2026-08-15 12:30:47;SKU-037;3;45000;0;CASH
REC-20260815-STORE_02-0312;STORE_02;CASH-05;2026-08-15 9:20:22;SKU-001;1;45000;1000;CARD
REC-20260815-STORE_02-0312;STORE_02;CASH-02;2026-08-15 9:20:22;SKU-033;1;5000;0;CARD
REC-20260815-STORE_02-0312;STORE_02;CASH-03;2026-08-15 9:20:22;SKU-017;4;12000;0;CARD
REC-20260815-STORE_02-0312;STORE_02;CASH-03;2026-08-15 9:20:22;SKU-002;4;12000;0;CARD
REC-20260815-STORE_02-0313;STORE_02;CASH-07;2026-08-15 18:47:55;SKU-014;2;5000;0;CARD
REC-20260815-STORE_02-0313;STORE_02;CASH-10;2026-08-15 18:47:55;SKU-015;2;5000;1000;CARD
REC-20260815-STORE_02-0313;STORE_02;CASH-10;2026-08-15 18:47:55;SKU-028;4;5000;0;CASH
REC-20260815-STORE_02-0313;STORE_02;CASH-10;2026-08-15 18:47:55;SKU-001;1;45000;0;CARD
REC-20260815-STORE_02-0314;STORE_02;CASH-04;2026-08-15 10:09:26;SKU-004;1;25000;500;CARD
REC-20260815-STORE_02-0314;STORE_02;CASH-04;2026-08-15 10:09:26;SKU-049;3;5000;0;CASH
REC-20260815-STORE_02-0314;STORE_02;CASH-03;2026-08-15 10:09:26;SKU-002;1;12000;500;CARD
REC-20260815-STORE_02-0315;STORE_02;CASH-06;2026-08-15 17:51:05;SKU-009;4;25000;500;CASH
REC-20260815-STORE_02-0315;STORE_02;CASH-04;2026-08-15 17:51:05;SKU-043;3;25000;1000;CARD
REC-20260815-STORE_02-0316;STORE_02;CASH-09;2026-08-15 16:28:20;SKU-006;2;45000;0;CASH
REC-20260815-STORE_02-0317;STORE_02;CASH-07;2026-08-15 20:49:51;SKU-001;3;45000;0;CASH
REC-20260815-STORE_02-0317;STORE_02;CASH-09;2026-08-15 20:49:51;SKU-003;1;45000;1000;CARD
REC-20260815-STORE_02-0317;STORE_02;CASH-03;2026-08-15 20:49:51;SKU-033;2;5000;0;CARD
REC-20260815-STORE_02-0318;STORE_02;CASH-01;2026-08-15 8:58:13;SKU-045;1;45000;500;CARD
REC-20260815-STORE_02-0318;STORE_02;CASH-02;2026-08-15 8:58:13;SKU-017;3;12000;0;CARD
REC-20260815-STORE_02-0318;STORE_02;CASH-04;2026-08-15 8:58:13;SKU-009;1;25000;1000;CARD
REC-20260815-STORE_02-0318;STORE_02;CASH-08;2026-08-15 8:58:13;SKU-001;1;45000;500;CARD
REC-20260815-STORE_02-0318;STORE_02;CASH-10;2026-08-15 8:58:13;SKU-012;3;45000;0;CASH
REC-20260815-STORE_02-0319;STORE_02;CASH-07;2026-08-15 17:14:21;SKU-014;3;5000;0;CARD
REC-20260815-STORE_02-0319;STORE_02;CASH-04;2026-08-15 17:14:21;SKU-019;4;25000;0;CARD
REC-20260815-STORE_02-0319;STORE_02;CASH-01;2026-08-15 17:14:21;SKU-001;1;45000;0;CARD
REC-20260815-STORE_02-0319;STORE_02;CASH-01;2026-08-15 17:14:21;SKU-002;3;12000;0;CASH
REC-20260815-STORE_02-0320;STORE_02;CASH-04;2026-08-15 17:22:24;SKU-007;4;12000;0;CASH
REC-20260815-STORE_02-0320;STORE_02;CASH-07;2026-08-15 17:22:24;SKU-003;4;45000;0;CASH
REC-20260815-STORE_02-0320;STORE_02;CASH-10;2026-08-15 17:22:24;SKU-002;4;12000;1000;CASH
REC-20260815-STORE_02-0320;STORE_02;CASH-02;2026-08-15 17:22:24;SKU-008;3;12000;0;CARD
REC-20260815-STORE_02-0320;STORE_02;CASH-07;2026-08-15 17:22:24;SKU-017;3;12000;0;CARD
REC-20260815-STORE_02-0321;STORE_02;CASH-08;2026-08-15 17:17:32;SKU-003;4;45000;0;CARD
REC-20260815-STORE_02-0321;STORE_02;CASH-02;2026-08-15 17:17:32;SKU-002;4;12000;0;CARD
REC-20260815-STORE_02-0321;STORE_02;CASH-04;2026-08-15 17:17:32;SKU-007;4;12000;0;CARD
REC-20260815-STORE_02-0321;STORE_02;CASH-01;2026-08-15 17:17:32;SKU-001;3;45000;1000;CARD
REC-20260815-STORE_02-0322;STORE_02;CASH-03;2026-08-15 13:22:41;SKU-028;1;5000;0;CASH
REC-20260815-STORE_02-0322;STORE_02;CASH-09;2026-08-15 13:22:41;SKU-003;1;45000;500;CARD
REC-20260815-STORE_02-0322;STORE_02;CASH-06;2026-08-15 13:22:41;SKU-003;2;45000;0;CARD
REC-20260815-STORE_02-0322;STORE_02;CASH-09;2026-08-15 13:22:41;SKU-015;1;5000;0;CARD
REC-20260815-STORE_02-0322;STORE_02;CASH-06;2026-08-15 13:22:41;SKU-003;4;45000;0;CARD
REC-20260815-STORE_02-0323;STORE_02;CASH-08;2026-08-15 16:28:28;SKU-047;1;5000;0;CARD
REC-20260815-STORE_02-0323;STORE_02;CASH-01;2026-08-15 16:28:28;SKU-004;2;25000;0;CARD
REC-20260815-STORE_02-0324;STORE_02;CASH-06;2026-08-15 8:23:04;SKU-020;3;12000;1000;CARD
REC-20260815-STORE_02-0324;STORE_02;CASH-01;2026-08-15 8:23:04;SKU-001;1;45000;0;CASH
REC-20260815-STORE_02-0324;STORE_02;CASH-02;2026-08-15 8:23:04;SKU-014;2;5000;0;CASH
REC-20260815-STORE_02-0324;STORE_02;CASH-07;2026-08-15 8:23:04;SKU-004;2;25000;0;CASH
REC-20260815-STORE_02-0324;STORE_02;CASH-02;2026-08-15 8:23:04;SKU-001;2;45000;0;CASH
REC-20260815-STORE_02-0325;STORE_02;CASH-09;2026-08-15 12:30:01;SKU-002;3;12000;1000;CASH
REC-20260815-STORE_02-0326;STORE_02;CASH-08;2026-08-15 21:27:20;SKU-020;3;12000;0;CARD
REC-20260815-STORE_02-0326;STORE_02;CASH-08;2026-08-15 21:27:20;SKU-001;4;45000;0;CASH
REC-20260815-STORE_02-0327;STORE_02;CASH-02;2026-08-15 11:44:13;SKU-003;2;45000;0;CASH
REC-20260815-STORE_02-0327;STORE_02;CASH-02;2026-08-15 11:44:13;SKU-016;1;25000;0;CASH
REC-20260815-STORE_02-0327;STORE_02;CASH-05;2026-08-15 11:44:13;SKU-004;1;25000;0;CARD
REC-20260815-STORE_02-0327;STORE_02;CASH-09;2026-08-15 11:44:13;SKU-001;4;45000;0;CARD
REC-20260815-STORE_02-0327;STORE_02;CASH-07;2026-08-15 11:44:13;SKU-014;2;5000;0;CARD
REC-20260815-STORE_02-0328;STORE_02;CASH-10;2026-08-15 8:29:19;SKU-016;1;25000;0;CARD
REC-20260815-STORE_02-0329;STORE_02;CASH-07;2026-08-15 18:32:20;SKU-001;2;45000;0;CASH
REC-20260815-STORE_02-0329;STORE_02;CASH-07;2026-08-15 18:32:20;SKU-001;2;45000;0;CARD
REC-20260815-STORE_02-0330;STORE_02;CASH-03;2026-08-15 11:22:23;SKU-007;1;12000;0;CASH
REC-20260815-STORE_02-0330;STORE_02;CASH-05;2026-08-15 11:22:23;SKU-004;3;25000;0;CASH
REC-20260815-STORE_02-0331;STORE_02;CASH-05;2026-08-15 20:59:08;SKU-007;4;12000;0;CASH
REC-20260815-STORE_02-0332;STORE_02;CASH-05;2026-08-15 8:32:45;SKU-001;1;45000;500;CARD
REC-20260815-STORE_02-0332;STORE_02;CASH-08;2026-08-15 8:32:45;SKU-020;4;12000;0;CARD
REC-20260815-STORE_02-0333;STORE_02;CASH-08;2026-08-15 17:47:29;SKU-039;1;5000;0;CARD
REC-20260815-STORE_02-0333;STORE_02;CASH-02;2026-08-15 17:47:29;SKU-020;3;12000;500;CARD
REC-20260815-STORE_02-0334;STORE_02;CASH-01;2026-08-15 16:39:07;SKU-002;3;12000;0;CASH
REC-20260815-STORE_02-0334;STORE_02;CASH-08;2026-08-15 16:39:07;SKU-009;4;25000;500;CARD
REC-20260815-STORE_02-0334;STORE_02;CASH-05;2026-08-15 16:39:07;SKU-006;3;45000;500;CARD
REC-20260815-STORE_02-0334;STORE_02;CASH-08;2026-08-15 16:39:07;SKU-002;4;12000;500;CARD
REC-20260815-STORE_02-0335;STORE_02;CASH-08;2026-08-15 15:30:08;SKU-017;2;12000;0;CARD
REC-20260815-STORE_02-0336;STORE_02;CASH-02;2026-08-15 10:55:15;SKU-006;4;45000;0;CARD
REC-20260815-STORE_02-0337;STORE_02;CASH-04;2026-08-15 17:59:36;SKU-012;1;45000;0;CARD
REC-20260815-STORE_02-0337;STORE_02;CASH-04;2026-08-15 17:59:36;SKU-001;4;45000;500;CARD
REC-20260815-STORE_02-0338;STORE_02;CASH-10;2026-08-15 16:44:45;SKU-015;2;5000;0;CARD
REC-20260815-STORE_02-0338;STORE_02;CASH-04;2026-08-15 16:44:45;SKU-019;3;25000;500;CARD
REC-20260815-STORE_02-0338;STORE_02;CASH-10;2026-08-15 16:44:45;SKU-044;4;5000;1000;CARD
REC-20260815-STORE_02-0338;STORE_02;CASH-01;2026-08-15 16:44:45;SKU-005;2;5000;500;CASH
REC-20260815-STORE_02-0338;STORE_02;CASH-07;2026-08-15 16:44:45;SKU-014;4;5000;0;CARD
REC-20260815-STORE_02-0339;STORE_02;CASH-03;2026-08-15 9:30:57;SKU-002;4;12000;0;CASH
REC-20260815-STORE_02-0339;STORE_02;CASH-08;2026-08-15 9:30:57;SKU-002;2;12000;0;CARD
REC-20260815-STORE_02-0339;STORE_02;CASH-04;2026-08-15 9:30:57;SKU-004;3;25000;0;CASH
REC-20260815-STORE_02-0340;STORE_02;CASH-10;2026-08-15 13:33:42;SKU-004;1;25000;0;CASH
REC-20260815-STORE_02-0340;STORE_02;CASH-07;2026-08-15 13:33:42;SKU-013;2;12000;500;CASH
REC-20260815-STORE_02-0341;STORE_02;CASH-08;2026-08-15 12:19:20;SKU-002;3;12000;0;CARD
REC-20260815-STORE_02-0342;STORE_02;CASH-01;2026-08-15 19:37:31;SKU-004;2;25000;0;CARD
REC-20260815-STORE_02-0342;STORE_02;CASH-08;2026-08-15 19:37:31;SKU-009;1;25000;0;CARD
REC-20260815-STORE_02-0343;STORE_02;CASH-08;2026-08-15 21:19:42;SKU-001;2;45000;1000;CARD
REC-20260815-STORE_02-0343;STORE_02;CASH-03;2026-08-15 21:19:42;SKU-001;2;45000;500;CASH
REC-20260815-STORE_02-0343;STORE_02;CASH-01;2026-08-15 21:19:42;SKU-006;1;45000;0;CARD
REC-20260815-STORE_02-0344;STORE_02;CASH-08;2026-08-15 9:35:30;SKU-048;4;25000;1000;CASH
REC-20260815-STORE_02-0344;STORE_02;CASH-07;2026-08-15 9:35:30;SKU-010;2;25000;500;CARD
REC-20260815-STORE_02-0344;STORE_02;CASH-07;2026-08-15 9:35:30;SKU-016;4;25000;500;CARD
REC-20260815-STORE_02-0345;STORE_02;CASH-02;2026-08-15 18:32:17;SKU-001;3;45000;500;CARD
REC-20260815-STORE_02-0345;STORE_02;CASH-04;2026-08-15 18:32:17;SKU-003;2;45000;0;CARD
REC-20260815-STORE_02-0345;STORE_02;CASH-04;2026-08-15 18:32:17;SKU-002;3;12000;1000;CASH
REC-20260815-STORE_02-0345;STORE_02;CASH-10;2026-08-15 18:32:17;SKU-004;2;25000;0;CARD
REC-20260815-STORE_02-0346;STORE_02;CASH-05;2026-08-15 17:48:16;SKU-001;4;45000;0;CARD
REC-20260815-STORE_02-0346;STORE_02;CASH-04;2026-08-15 17:48:16;SKU-001;2;45000;1000;CASH
REC-20260815-STORE_02-0346;STORE_02;CASH-09;2026-08-15 17:48:16;SKU-016;4;25000;0;CARD
REC-20260815-STORE_02-0346;STORE_02;CASH-02;2026-08-15 17:48:16;SKU-004;1;25000;1000;CARD
REC-20260815-STORE_02-0346;STORE_02;CASH-07;2026-08-15 17:48:16;SKU-004;2;25000;0;CARD
REC-20260815-STORE_02-0347;STORE_02;CASH-09;2026-08-15 11:08:57;SKU-031;2;45000;1000;CASH
REC-20260815-STORE_02-0348;STORE_02;CASH-07;2026-08-15 11:22:27;SKU-004;4;25000;1000;CARD
REC-20260815-STORE_02-0348;STORE_02;CASH-06;2026-08-15 11:22:27;SKU-017;3;12000;0;CARD
REC-20260815-STORE_02-0349;STORE_02;CASH-06;2026-08-15 14:32:21;SKU-009;3;25000;1000;CASH
REC-20260815-STORE_02-0349;STORE_02;CASH-03;2026-08-15 14:32:21;SKU-001;4;45000;0;CARD
REC-20260815-STORE_02-0349;STORE_02;CASH-04;2026-08-15 14:32:21;SKU-010;4;25000;0;CASH
REC-20260815-STORE_02-0350;STORE_02;CASH-08;2026-08-15 19:25:00;SKU-005;1;5000;1000;CARD
REC-20260815-STORE_02-0350;STORE_02;CASH-07;2026-08-15 19:25:00;SKU-014;1;5000;1000;CARD
REC-20260815-STORE_02-0351;STORE_02;CASH-01;2026-08-15 19:24:19;SKU-006;3;45000;1000;CARD
REC-20260815-STORE_02-0351;STORE_02;CASH-03;2026-08-15 19:24:19;SKU-035;1;5000;500;CARD
REC-20260815-STORE_02-0351;STORE_02;CASH-08;2026-08-15 19:24:19;SKU-014;3;5000;1000;CARD
REC-20260815-STORE_02-0352;STORE_02;CASH-08;2026-08-15 16:35:09;SKU-013;4;12000;500;CASH
REC-20260815-STORE_02-0352;STORE_02;CASH-04;2026-08-15 16:35:09;SKU-001;4;45000;500;CARD
REC-20260815-STORE_02-0352;STORE_02;CASH-09;2026-08-15 16:35:09;SKU-016;4;25000;0;CARD
REC-20260815-STORE_02-0352;STORE_02;CASH-05;2026-08-15 16:35:09;SKU-004;2;25000;0;CARD
REC-20260815-STORE_02-0353;STORE_02;CASH-03;2026-08-15 14:54:46;SKU-022;4;12000;0;CARD
REC-20260815-STORE_02-0353;STORE_02;CASH-04;2026-08-15 14:54:46;SKU-034;2;25000;0;CARD
REC-20260815-STORE_02-0353;STORE_02;CASH-04;2026-08-15 14:54:46;SKU-001;2;45000;0;CARD
REC-20260815-STORE_02-0353;STORE_02;CASH-09;2026-08-15 14:54:46;SKU-014;1;5000;0;CASH
REC-20260815-STORE_02-0353;STORE_02;CASH-08;2026-08-15 14:54:46;SKU-011;2;5000;0;CARD
REC-20260815-STORE_02-0354;STORE_02;CASH-06;2026-08-15 11:55:45;SKU-007;3;12000;500;CARD
REC-20260815-STORE_02-0354;STORE_02;CASH-09;2026-08-15 11:55:45;SKU-033;1;5000;500;CASH
REC-20260815-STORE_02-0355;STORE_02;CASH-06;2026-08-15 13:36:20;SKU-034;4;25000;0;CARD
REC-20260815-STORE_02-0356;STORE_02;CASH-06;2026-08-15 9:54:20;SKU-001;1;45000;0;CARD
REC-20260815-STORE_02-0356;STORE_02;CASH-07;2026-08-15 9:54:20;SKU-011;1;5000;500;CARD
REC-20260815-STORE_02-0356;STORE_02;CASH-10;2026-08-15 9:54:20;SKU-002;4;12000;0;CARD
REC-20260815-STORE_02-0357;STORE_02;CASH-09;2026-08-15 18:40:41;SKU-001;2;45000;1000;CARD
REC-20260815-STORE_02-0358;STORE_02;CASH-05;2026-08-15 19:12:06;SKU-020;1;12000;0;CASH
REC-20260815-STORE_02-0358;STORE_02;CASH-06;2026-08-15 19:12:06;SKU-009;2;25000;0;CARD
REC-20260815-STORE_02-0358;STORE_02;CASH-07;2026-08-15 19:12:06;SKU-002;1;12000;0;CASH
REC-20260815-STORE_02-0358;STORE_02;CASH-07;2026-08-15 19:12:06;SKU-017;2;12000;0;CARD
REC-20260815-STORE_02-0359;STORE_02;CASH-03;2026-08-15 16:04:32;SKU-001;1;45000;500;CARD
REC-20260815-STORE_02-0359;STORE_02;CASH-06;2026-08-15 16:04:32;SKU-011;1;5000;0;CARD
REC-20260815-STORE_02-0359;STORE_02;CASH-01;2026-08-15 16:04:32;SKU-001;4;45000;0;CASH
REC-20260815-STORE_02-0360;STORE_02;CASH-02;2026-08-15 14:37:50;SKU-001;2;45000;0;CASH
REC-20260815-STORE_02-0360;STORE_02;CASH-02;2026-08-15 14:37:50;SKU-011;4;5000;0;CARD
REC-20260815-STORE_02-0360;STORE_02;CASH-03;2026-08-15 14:37:50;SKU-004;1;25000;0;CASH
REC-20260815-STORE_02-0361;STORE_02;CASH-06;2026-08-15 15:31:23;SKU-006;3;45000;1000;CARD
REC-20260815-STORE_02-0361;STORE_02;CASH-03;2026-08-15 15:31:23;SKU-003;4;45000;0;CASH
REC-20260815-STORE_02-0361;STORE_02;CASH-04;2026-08-15 15:31:23;SKU-025;3;5000;1000;CARD
REC-20260815-STORE_02-0362;STORE_02;CASH-07;2026-08-15 13:08:24;SKU-001;3;45000;0;CASH
REC-20260815-STORE_02-0362;STORE_02;CASH-05;2026-08-15 13:08:24;SKU-011;1;5000;500;CASH
REC-20260815-STORE_02-0362;STORE_02;CASH-07;2026-08-15 13:08:24;SKU-033;3;5000;500;CARD
REC-20260815-STORE_02-0362;STORE_02;CASH-07;2026-08-15 13:08:24;SKU-005;4;5000;0;CARD
REC-20260815-STORE_02-0362;STORE_02;CASH-02;2026-08-15 13:08:24;SKU-007;1;12000;0;CASH
REC-20260815-STORE_02-0363;STORE_02;CASH-07;2026-08-15 16:18:18;SKU-001;4;45000;0;CASH
REC-20260815-STORE_02-0363;STORE_02;CASH-06;2026-08-15 16:18:18;SKU-004;2;25000;0;CARD
REC-20260815-STORE_02-0364;STORE_02;CASH-09;2026-08-15 16:40:16;SKU-002;2;12000;0;CARD
REC-20260815-STORE_02-0365;STORE_02;CASH-07;2026-08-15 17:10:17;SKU-017;3;12000;500;CASH
REC-20260815-STORE_02-0365;STORE_02;CASH-04;2026-08-15 17:10:17;SKU-002;1;12000;500;CARD
REC-20260815-STORE_02-0365;STORE_02;CASH-05;2026-08-15 17:10:17;SKU-001;3;45000;0;CARD
REC-20260815-STORE_02-0365;STORE_02;CASH-10;2026-08-15 17:10:17;SKU-010;1;25000;0;CASH
REC-20260815-STORE_02-0365;STORE_02;CASH-07;2026-08-15 17:10:17;SKU-028;4;5000;0;CARD
REC-20260815-STORE_02-0366;STORE_02;CASH-07;2026-08-15 19:19:49;SKU-017;1;12000;0;CARD
REC-20260815-STORE_02-0367;STORE_02;CASH-06;2026-08-15 10:02:45;SKU-001;2;45000;0;CARD
REC-20260815-STORE_02-0367;STORE_02;CASH-01;2026-08-15 10:02:45;SKU-002;4;12000;0;CARD
REC-20260815-STORE_02-0367;STORE_02;CASH-02;2026-08-15 10:02:45;SKU-001;1;45000;0;CARD
REC-20260815-STORE_02-0367;STORE_02;CASH-02;2026-08-15 10:02:45;SKU-003;1;45000;0;CASH
REC-20260815-STORE_02-0367;STORE_02;CASH-04;2026-08-15 10:02:45;SKU-015;1;5000;0;CARD
REC-20260815-STORE_02-0368;STORE_02;CASH-10;2026-08-15 8:25:40;SKU-007;1;12000;0;CARD
REC-20260815-STORE_02-0368;STORE_02;CASH-02;2026-08-15 8:25:40;SKU-001;4;45000;0;CARD
REC-20260815-STORE_02-0368;STORE_02;CASH-06;2026-08-15 8:25:40;SKU-047;4;5000;0;CARD
REC-20260815-STORE_02-0369;STORE_02;CASH-08;2026-08-15 18:26:16;SKU-001;1;45000;0;CASH
REC-20260815-STORE_02-0369;STORE_02;CASH-03;2026-08-15 18:26:16;SKU-002;1;12000;0;CASH
REC-20260815-STORE_02-0369;STORE_02;CASH-07;2026-08-15 18:26:16;SKU-002;2;12000;500;CASH
REC-20260815-STORE_02-0370;STORE_02;CASH-07;2026-08-15 12:50:54;SKU-005;3;5000;500;CASH
REC-20260815-STORE_02-0370;STORE_02;CASH-02;2026-08-15 12:50:54;SKU-008;3;12000;500;CARD
REC-20260815-STORE_02-0371;STORE_02;CASH-10;2026-08-15 18:13:30;SKU-005;2;5000;1000;CARD
REC-20260815-STORE_02-0371;STORE_02;CASH-07;2026-08-15 18:13:30;SKU-001;2;45000;1000;CARD
REC-20260815-STORE_02-0371;STORE_02;CASH-10;2026-08-15 18:13:30;SKU-004;1;25000;0;CARD
REC-20260815-STORE_02-0372;STORE_02;CASH-09;2026-08-15 21:21:33;SKU-011;4;5000;0;CARD
REC-20260815-STORE_02-0372;STORE_02;CASH-02;2026-08-15 21:21:33;SKU-035;3;5000;0;CARD
REC-20260815-STORE_02-0372;STORE_02;CASH-10;2026-08-15 21:21:33;SKU-007;3;12000;1000;CARD
REC-20260815-STORE_02-0373;STORE_02;CASH-09;2026-08-15 10:38:47;SKU-016;4;25000;0;CARD
REC-20260815-STORE_02-0373;STORE_02;CASH-07;2026-08-15 10:38:47;SKU-002;2;12000;500;CARD
REC-20260815-STORE_02-0373;STORE_02;CASH-05;2026-08-15 10:38:47;SKU-001;2;45000;0;CASH
REC-20260815-STORE_02-0373;STORE_02;CASH-08;2026-08-15 10:38:47;SKU-002;4;12000;1000;CARD
REC-20260815-STORE_02-0374;STORE_02;CASH-05;2026-08-15 15:31:53;SKU-034;1;25000;500;CARD
REC-20260815-STORE_02-0375;STORE_02;CASH-05;2026-08-15 16:18:33;SKU-014;2;5000;0;CASH
REC-20260815-STORE_02-0375;STORE_02;CASH-03;2026-08-15 16:18:33;SKU-024;3;12000;0;CARD
REC-20260815-STORE_02-0375;STORE_02;CASH-05;2026-08-15 16:18:33;SKU-011;4;5000;500;CARD
REC-20260815-STORE_02-0376;STORE_02;CASH-04;2026-08-15 12:41:52;SKU-004;3;25000;0;CARD
REC-20260815-STORE_02-0376;STORE_02;CASH-10;2026-08-15 12:41:52;SKU-006;1;45000;500;CARD
REC-20260815-STORE_02-0376;STORE_02;CASH-10;2026-08-15 12:41:52;SKU-041;2;25000;500;CASH
REC-20260815-STORE_02-0376;STORE_02;CASH-08;2026-08-15 12:41:52;SKU-034;1;25000;1000;CARD
REC-20260815-STORE_02-0376;STORE_02;CASH-07;2026-08-15 12:41:52;SKU-020;2;12000;0;CASH
REC-20260815-STORE_02-0377;STORE_02;CASH-02;2026-08-15 20:34:23;SKU-027;3;5000;0;CARD
REC-20260815-STORE_02-0377;STORE_02;CASH-08;2026-08-15 20:34:23;SKU-004;2;25000;0;CARD
REC-20260815-STORE_02-0377;STORE_02;CASH-08;2026-08-15 20:34:23;SKU-015;3;5000;0;CASH
REC-20260815-STORE_02-0377;STORE_02;CASH-03;2026-08-15 20:34:23;SKU-008;4;12000;0;CARD
REC-20260815-STORE_02-0378;STORE_02;CASH-04;2026-08-15 15:31:51;SKU-005;4;5000;0;CARD
REC-20260815-STORE_02-0379;STORE_02;CASH-05;2026-08-15 18:15:50;SKU-013;2;12000;0;CASH
REC-20260815-STORE_02-0380;STORE_02;CASH-05;2026-08-15 13:03:22;SKU-001;4;45000;0;CARD
REC-20260815-STORE_02-0380;STORE_02;CASH-03;2026-08-15 13:03:22;SKU-012;4;45000;0;CARD
REC-20260815-STORE_02-0380;STORE_02;CASH-07;2026-08-15 13:03:22;SKU-003;3;45000;500;CARD
REC-20260815-STORE_02-0380;STORE_02;CASH-10;2026-08-15 13:03:22;SKU-032;3;25000;0;CARD
REC-20260815-STORE_02-0381;STORE_02;CASH-04;2026-08-15 14:16:07;SKU-001;3;45000;1000;CASH
REC-20260815-STORE_02-0381;STORE_02;CASH-05;2026-08-15 14:16:07;SKU-001;1;45000;500;CASH
REC-20260815-STORE_02-0381;STORE_02;CASH-09;2026-08-15 14:16:07;SKU-001;3;45000;0;CARD
REC-20260815-STORE_02-0382;STORE_02;CASH-08;2026-08-15 15:59:03;SKU-001;2;45000;0;CASH
REC-20260815-STORE_02-0382;STORE_02;CASH-08;2026-08-15 15:59:03;SKU-018;4;5000;0;CARD
REC-20260815-STORE_02-0383;STORE_02;CASH-09;2026-08-15 21:11:19;SKU-006;4;45000;0;CASH
REC-20260815-STORE_02-0383;STORE_02;CASH-07;2026-08-15 21:11:19;SKU-002;2;12000;500;CARD
REC-20260815-STORE_02-0383;STORE_02;CASH-07;2026-08-15 21:11:19;SKU-011;3;5000;0;CARD
REC-20260815-STORE_02-0383;STORE_02;CASH-03;2026-08-15 21:11:19;SKU-005;1;5000;0;CASH
REC-20260815-STORE_02-0383;STORE_02;CASH-10;2026-08-15 21:11:19;SKU-002;1;12000;1000;CARD
REC-20260815-STORE_02-0384;STORE_02;CASH-03;2026-08-15 10:12:45;SKU-005;1;5000;1000;CASH
REC-20260815-STORE_02-0384;STORE_02;CASH-05;2026-08-15 10:12:45;SKU-041;3;25000;0;CASH
REC-20260815-STORE_02-0384;STORE_02;CASH-07;2026-08-15 10:12:45;SKU-001;4;45000;0;CARD
REC-20260815-STORE_02-0384;STORE_02;CASH-03;2026-08-15 10:12:45;SKU-032;1;25000;0;CARD
REC-20260815-STORE_02-0385;STORE_02;CASH-08;2026-08-15 19:50:33;SKU-011;3;5000;1000;CARD
REC-20260815-STORE_02-0386;STORE_02;CASH-10;2026-08-15 12:49:58;SKU-008;3;12000;0;CARD
REC-20260815-STORE_02-0386;STORE_02;CASH-05;2026-08-15 12:49:58;SKU-001;1;45000;0;CASH
REC-20260815-STORE_02-0387;STORE_02;CASH-10;2026-08-15 16:02:47;SKU-004;1;25000;500;CARD
REC-20260815-STORE_02-0387;STORE_02;CASH-02;2026-08-15 16:02:47;SKU-007;1;12000;1000;CARD
REC-20260815-STORE_02-0387;STORE_02;CASH-05;2026-08-15 16:02:47;SKU-001;3;45000;0;CASH
REC-20260815-STORE_02-0388;STORE_02;CASH-06;2026-08-15 8:40:39;SKU-008;2;12000;1000;CASH
REC-20260815-STORE_02-0388;STORE_02;CASH-04;2026-08-15 8:40:39;SKU-001;3;45000;1000;CARD
REC-20260815-STORE_02-0388;STORE_02;CASH-06;2026-08-15 8:40:39;SKU-001;1;45000;1000;CASH
REC-20260815-STORE_02-0389;STORE_02;CASH-02;2026-08-15 19:15:29;SKU-002;3;12000;500;CARD
REC-20260815-STORE_02-0390;STORE_02;CASH-10;2026-08-15 10:36:48;SKU-003;1;45000;1000;CARD
REC-20260815-STORE_02-0390;STORE_02;CASH-03;2026-08-15 10:36:48;SKU-003;2;45000;0;CARD
REC-20260815-STORE_02-0390;STORE_02;CASH-08;2026-08-15 10:36:48;SKU-005;3;5000;0;CASH
REC-20260815-STORE_02-0391;STORE_02;CASH-04;2026-08-15 19:19:04;SKU-003;1;45000;0;CARD
REC-20260815-STORE_02-0391;STORE_02;CASH-04;2026-08-15 19:19:04;SKU-002;4;12000;0;CARD
REC-20260815-STORE_02-0391;STORE_02;CASH-06;2026-08-15 19:19:04;SKU-036;2;45000;0;CASH
REC-20260815-STORE_02-0392;STORE_02;CASH-10;2026-08-15 10:20:31;SKU-007;2;12000;0;CASH
REC-20260815-STORE_02-0393;STORE_02;CASH-01;2026-08-15 18:29:16;SKU-001;2;45000;0;CARD
REC-20260815-STORE_02-0393;STORE_02;CASH-06;2026-08-15 18:29:16;SKU-001;3;45000;0;CARD
REC-20260815-STORE_02-0394;STORE_02;CASH-01;2026-08-15 13:28:36;SKU-001;4;45000;0;CARD
REC-20260815-STORE_02-0394;STORE_02;CASH-09;2026-08-15 13:28:36;SKU-005;1;5000;1000;CASH
REC-20260815-STORE_02-0394;STORE_02;CASH-09;2026-08-15 13:28:36;SKU-003;3;45000;0;CARD
REC-20260815-STORE_02-0395;STORE_02;CASH-01;2026-08-15 12:33:11;SKU-007;4;12000;1000;CARD
REC-20260815-STORE_02-0395;STORE_02;CASH-03;2026-08-15 12:33:11;SKU-005;1;5000;500;CARD
REC-20260815-STORE_02-0396;STORE_02;CASH-02;2026-08-15 9:53:34;SKU-002;1;12000;0;CARD
REC-20260815-STORE_02-0397;STORE_02;CASH-04;2026-08-15 13:23:04;SKU-045;4;45000;0;CARD
REC-20260815-STORE_02-0397;STORE_02;CASH-06;2026-08-15 13:23:04;SKU-001;3;45000;0;CARD
REC-20260815-STORE_02-0397;STORE_02;CASH-10;2026-08-15 13:23:04;SKU-028;2;5000;1000;CASH
REC-20260815-STORE_02-0397;STORE_02;CASH-03;2026-08-15 13:23:04;SKU-022;3;12000;0;CARD
REC-20260815-STORE_02-0397;STORE_02;CASH-06;2026-08-15 13:23:04;SKU-001;1;45000;0;CASH
REC-20260815-STORE_02-0398;STORE_02;CASH-06;2026-08-15 13:14:14;SKU-004;1;25000;0;CARD
REC-20260815-STORE_02-0398;STORE_02;CASH-08;2026-08-15 13:14:14;SKU-002;1;12000;0;CARD
REC-20260815-STORE_02-0398;STORE_02;CASH-10;2026-08-15 13:14:14;SKU-001;2;45000;1000;CARD
REC-20260815-STORE_02-0398;STORE_02;CASH-06;2026-08-15 13:14:14;SKU-009;1;25000;1000;CARD
REC-20260815-STORE_02-0398;STORE_02;CASH-02;2026-08-15 13:14:14;SKU-002;2;12000;1000;CARD
REC-20260815-STORE_02-0399;STORE_02;CASH-10;2026-08-15 8:54:33;SKU-001;2;45000;0;CARD
REC-20260815-STORE_02-0399;STORE_02;CASH-08;2026-08-15 8:54:33;SKU-003;3;45000;0;CARD
REC-20260815-STORE_02-0400;STORE_02;CASH-02;2026-08-15 12:19:29;SKU-004;1;25000;0;CASH
REC-20260815-STORE_02-0400;STORE_02;CASH-07;2026-08-15 12:19:29;SKU-005;1;5000;1000;CARD
REC-20260815-STORE_02-0400;STORE_02;CASH-02;2026-08-15 12:19:29;SKU-022;4;12000;0;CARD
REC-20260815-STORE_02-0401;STORE_02;CASH-03;2026-08-15 19:50:25;SKU-007;1;12000;1000;CARD
REC-20260815-STORE_02-0401;STORE_02;CASH-01;2026-08-15 19:50:25;SKU-006;4;45000;500;CARD
REC-20260815-STORE_02-0401;STORE_02;CASH-06;2026-08-15 19:50:25;SKU-001;2;45000;500;CARD
REC-20260815-STORE_02-0402;STORE_02;CASH-07;2026-08-15 13:16:20;SKU-015;2;5000;1000;CARD
REC-20260815-STORE_02-0402;STORE_02;CASH-09;2026-08-15 13:16:20;SKU-026;1;12000;500;CARD
REC-20260815-STORE_02-0402;STORE_02;CASH-09;2026-08-15 13:16:20;SKU-001;2;45000;1000;CARD
REC-20260815-STORE_02-0402;STORE_02;CASH-08;2026-08-15 13:16:20;SKU-002;1;12000;1000;CARD
REC-20260815-STORE_02-0403;STORE_02;CASH-01;2026-08-15 20:49:47;SKU-003;4;45000;0;CARD
REC-20260815-STORE_02-0403;STORE_02;CASH-09;2026-08-15 20:49:47;SKU-008;3;12000;0;CASH
REC-20260815-STORE_02-0403;STORE_02;CASH-06;2026-08-15 20:49:47;SKU-014;2;5000;0;CARD
REC-20260815-STORE_02-0403;STORE_02;CASH-05;2026-08-15 20:49:47;SKU-035;3;5000;0;CASH
REC-20260815-STORE_02-0404;STORE_02;CASH-05;2026-08-15 17:13:03;SKU-002;2;12000;1000;CARD
REC-20260815-STORE_02-0404;STORE_02;CASH-03;2026-08-15 17:13:03;SKU-001;2;45000;0;CARD
REC-20260815-STORE_02-0404;STORE_02;CASH-06;2026-08-15 17:13:03;SKU-001;3;45000;500;CASH
REC-20260815-STORE_02-0404;STORE_02;CASH-08;2026-08-15 17:13:03;SKU-011;3;5000;0;CARD
REC-20260815-STORE_02-0404;STORE_02;CASH-08;2026-08-15 17:13:03;SKU-005;1;5000;500;CARD
REC-20260815-STORE_02-0405;STORE_02;CASH-02;2026-08-15 21:34:40;SKU-001;2;45000;500;CASH
REC-20260815-STORE_02-0405;STORE_02;CASH-02;2026-08-15 21:34:40;SKU-043;2;25000;0;CASH
REC-20260815-STORE_02-0406;STORE_02;CASH-05;2026-08-15 13:15:55;SKU-002;1;12000;0;CARD
REC-20260815-STORE_02-0406;STORE_02;CASH-09;2026-08-15 13:15:55;SKU-003;4;45000;0;CASH
REC-20260815-STORE_02-0406;STORE_02;CASH-01;2026-08-15 13:15:55;SKU-007;1;12000;0;CARD
REC-20260815-STORE_02-0407;STORE_02;CASH-03;2026-08-15 17:00:22;SKU-011;4;5000;1000;CARD
REC-20260815-STORE_02-0407;STORE_02;CASH-07;2026-08-15 17:00:22;SKU-006;1;45000;0;CASH
REC-20260815-STORE_02-0407;STORE_02;CASH-03;2026-08-15 17:00:22;SKU-015;4;5000;0;CASH
REC-20260815-STORE_02-0408;STORE_02;CASH-04;2026-08-15 11:22:45;SKU-037;3;45000;0;CARD
REC-20260815-STORE_02-0408;STORE_02;CASH-10;2026-08-15 11:22:45;SKU-007;1;12000;1000;CARD
REC-20260815-STORE_02-0408;STORE_02;CASH-02;2026-08-15 11:22:45;SKU-002;4;12000;0;CASH
REC-20260815-STORE_02-0409;STORE_02;CASH-10;2026-08-15 9:00:44;SKU-010;1;25000;500;CASH
REC-20260815-STORE_02-0409;STORE_02;CASH-01;2026-08-15 9:00:44;SKU-001;4;45000;0;CASH
REC-20260815-STORE_02-0409;STORE_02;CASH-07;2026-08-15 9:00:44;SKU-005;2;5000;0;CARD
REC-20260815-STORE_02-0410;STORE_02;CASH-04;2026-08-15 20:23:45;SKU-026;4;12000;0;CARD
REC-20260815-STORE_02-0411;STORE_02;CASH-10;2026-08-15 13:20:35;SKU-016;3;25000;1000;CARD
REC-20260815-STORE_02-0411;STORE_02;CASH-04;2026-08-15 13:20:35;SKU-004;1;25000;0;CARD
REC-20260815-STORE_02-0411;STORE_02;CASH-02;2026-08-15 13:20:35;SKU-002;4;12000;0;CARD
REC-20260815-STORE_02-0411;STORE_02;CASH-06;2026-08-15 13:20:35;SKU-021;2;5000;0;CARD
REC-20260815-STORE_02-0411;STORE_02;CASH-05;2026-08-15 13:20:35;SKU-004;3;25000;500;CARD
REC-20260815-STORE_02-0412;STORE_02;CASH-02;2026-08-15 18:06:26;SKU-003;3;45000;0;CASH
REC-20260815-STORE_02-0413;STORE_02;CASH-02;2026-08-15 20:44:04;SKU-039;4;5000;0;CARD
REC-20260815-STORE_02-0413;STORE_02;CASH-01;2026-08-15 20:44:04;SKU-001;2;45000;0;CARD
REC-20260815-STORE_02-0413;STORE_02;CASH-10;2026-08-15 20:44:04;SKU-024;4;12000;1000;CASH
REC-20260815-STORE_02-0414;STORE_02;CASH-01;2026-08-15 10:58:24;SKU-001;4;45000;0;CARD
REC-20260815-STORE_02-0414;STORE_02;CASH-08;2026-08-15 10:58:24;SKU-003;4;45000;0;CARD
REC-20260815-STORE_02-0415;STORE_02;CASH-04;2026-08-15 20:33:43;SKU-001;3;45000;500;CARD
REC-20260815-STORE_02-0415;STORE_02;CASH-09;2026-08-15 20:33:43;SKU-005;3;5000;1000;CARD
REC-20260815-STORE_02-0415;STORE_02;CASH-04;2026-08-15 20:33:43;SKU-015;3;5000;500;CARD
REC-20260815-STORE_02-0415;STORE_02;CASH-06;2026-08-15 20:33:43;SKU-001;2;45000;1000;CASH
REC-20260815-STORE_02-0416;STORE_02;CASH-10;2026-08-15 10:59:29;SKU-003;3;45000;1000;CARD
REC-20260815-STORE_02-0416;STORE_02;CASH-07;2026-08-15 10:59:29;SKU-035;1;5000;0;CARD
REC-20260815-STORE_02-0417;STORE_02;CASH-04;2026-08-15 14:57:48;SKU-002;1;12000;0;CASH
REC-20260815-STORE_02-0417;STORE_02;CASH-01;2026-08-15 14:57:48;SKU-001;3;45000;0;CARD
REC-20260815-STORE_02-0417;STORE_02;CASH-03;2026-08-15 14:57:48;SKU-003;4;45000;1000;CASH
REC-20260815-STORE_02-0418;STORE_02;CASH-09;2026-08-15 9:41:54;SKU-002;4;12000;0;CARD
REC-20260815-STORE_02-0418;STORE_02;CASH-05;2026-08-15 9:41:54;SKU-005;2;5000;0;CARD
REC-20260815-STORE_02-0419;STORE_02;CASH-10;2026-08-15 14:59:00;SKU-007;2;12000;0;CARD
REC-20260815-STORE_02-0419;STORE_02;CASH-03;2026-08-15 14:59:00;SKU-001;1;45000;0;CASH
REC-20260815-STORE_02-0419;STORE_02;CASH-08;2026-08-15 14:59:00;SKU-002;2;12000;0;CARD
REC-20260815-STORE_02-0419;STORE_02;CASH-09;2026-08-15 14:59:00;SKU-031;2;45000;0;CASH
REC-20260815-STORE_02-0419;STORE_02;CASH-02;2026-08-15 14:59:00;SKU-008;3;12000;1000;CARD
REC-20260815-STORE_02-0420;STORE_02;CASH-07;2026-08-15 15:48:41;SKU-036;4;45000;500;CARD
REC-20260815-STORE_02-0420;STORE_02;CASH-02;2026-08-15 15:48:41;SKU-017;3;12000;500;CASH
REC-20260815-STORE_02-0421;STORE_02;CASH-02;2026-08-15 19:16:35;SKU-001;2;45000;0;CARD
REC-20260815-STORE_02-0421;STORE_02;CASH-07;2026-08-15 19:16:35;SKU-014;4;5000;0;CARD
REC-20260815-STORE_02-0421;STORE_02;CASH-05;2026-08-15 19:16:35;SKU-035;2;5000;1000;CARD
REC-20260815-STORE_02-0421;STORE_02;CASH-04;2026-08-15 19:16:35;SKU-001;1;45000;0;CARD
REC-20260815-STORE_02-0421;STORE_02;CASH-01;2026-08-15 19:16:35;SKU-001;2;45000;500;CARD
REC-20260815-STORE_02-0422;STORE_02;CASH-03;2026-08-15 17:28:54;SKU-004;1;25000;0;CARD
REC-20260815-STORE_02-0422;STORE_02;CASH-04;2026-08-15 17:28:54;SKU-001;2;45000;0;CARD
REC-20260815-STORE_02-0423;STORE_02;CASH-07;2026-08-15 17:47:11;SKU-026;2;12000;0;CASH
REC-20260815-STORE_02-0424;STORE_02;CASH-01;2026-08-15 12:42:49;SKU-012;3;45000;0;CARD
REC-20260815-STORE_02-0424;STORE_02;CASH-10;2026-08-15 12:42:49;SKU-003;4;45000;1000;CARD
REC-20260815-STORE_02-0424;STORE_02;CASH-01;2026-08-15 12:42:49;SKU-001;4;45000;500;CARD
REC-20260815-STORE_02-0425;STORE_02;CASH-01;2026-08-15 21:33:45;SKU-001;1;45000;0;CARD
REC-20260815-STORE_02-0426;STORE_02;CASH-02;2026-08-15 18:46:16;SKU-002;2;12000;0;CARD
REC-20260815-STORE_02-0427;STORE_02;CASH-01;2026-08-15 20:30:50;SKU-006;1;45000;0;CARD
REC-20260815-STORE_02-0427;STORE_02;CASH-05;2026-08-15 20:30:50;SKU-009;3;25000;1000;CARD
REC-20260815-STORE_02-0428;STORE_02;CASH-03;2026-08-15 14:01:14;SKU-011;1;5000;0;CASH
REC-20260815-STORE_02-0428;STORE_02;CASH-10;2026-08-15 14:01:14;SKU-001;3;45000;1000;CARD
REC-20260815-STORE_02-0428;STORE_02;CASH-10;2026-08-15 14:01:14;SKU-002;3;12000;1000;CASH
REC-20260815-STORE_02-0428;STORE_02;CASH-08;2026-08-15 14:01:14;SKU-032;3;25000;0;CARD
REC-20260815-STORE_02-0429;STORE_02;CASH-06;2026-08-15 9:30:01;SKU-004;4;25000;1000;CARD
REC-20260815-STORE_02-0429;STORE_02;CASH-04;2026-08-15 9:30:01;SKU-001;3;45000;0;CARD
REC-20260815-STORE_02-0429;STORE_02;CASH-06;2026-08-15 9:30:01;SKU-012;3;45000;0;CASH
REC-20260815-STORE_02-0430;STORE_02;CASH-09;2026-08-15 10:46:18;SKU-006;2;45000;0;CASH
REC-20260815-STORE_02-0430;STORE_02;CASH-06;2026-08-15 10:46:18;SKU-009;2;25000;0;CARD
REC-20260815-STORE_02-0430;STORE_02;CASH-06;2026-08-15 10:46:18;SKU-003;2;45000;500;CARD
REC-20260815-STORE_02-0431;STORE_02;CASH-09;2026-08-15 13:49:09;SKU-004;1;25000;0;CARD
REC-20260815-STORE_02-0431;STORE_02;CASH-07;2026-08-15 13:49:09;SKU-001;2;45000;0;CASH
REC-20260815-STORE_02-0432;STORE_02;CASH-02;2026-08-15 20:32:20;SKU-026;4;12000;500;CARD
REC-20260815-STORE_02-0432;STORE_02;CASH-06;2026-08-15 20:32:20;SKU-012;4;45000;1000;CARD
REC-20260815-STORE_02-0432;STORE_02;CASH-10;2026-08-15 20:32:20;SKU-001;1;45000;0;CARD
REC-20260815-STORE_02-0432;STORE_02;CASH-05;2026-08-15 20:32:20;SKU-001;2;45000;1000;CASH
REC-20260815-STORE_02-0432;STORE_02;CASH-05;2026-08-15 20:32:20;SKU-012;3;45000;1000;CARD
REC-20260815-STORE_02-0433;STORE_02;CASH-07;2026-08-15 17:53:19;SKU-004;1;25000;0;CARD
REC-20260815-STORE_02-0433;STORE_02;CASH-05;2026-08-15 17:53:19;SKU-011;3;5000;0;CARD
REC-20260815-STORE_02-0433;STORE_02;CASH-06;2026-08-15 17:53:19;SKU-019;2;25000;500;CARD
REC-20260815-STORE_02-0434;STORE_02;CASH-09;2026-08-15 20:20:01;SKU-001;1;45000;500;CARD
REC-20260815-STORE_02-0435;STORE_02;CASH-01;2026-08-15 19:00:09;SKU-035;4;5000;1000;CASH
REC-20260815-STORE_02-0436;STORE_02;CASH-06;2026-08-15 20:02:39;SKU-007;1;12000;500;CASH
REC-20260815-STORE_02-0436;STORE_02;CASH-01;2026-08-15 20:02:39;SKU-007;3;12000;0;CARD
REC-20260815-STORE_02-0436;STORE_02;CASH-08;2026-08-15 20:02:39;SKU-013;2;12000;0;CASH
REC-20260815-STORE_02-0436;STORE_02;CASH-01;2026-08-15 20:02:39;SKU-034;2;25000;1000;CARD
REC-20260815-STORE_02-0437;STORE_02;CASH-04;2026-08-15 13:05:39;SKU-005;4;5000;0;CARD
REC-20260815-STORE_02-0437;STORE_02;CASH-10;2026-08-15 13:05:39;SKU-017;4;12000;0;CARD
REC-20260815-STORE_02-0437;STORE_02;CASH-08;2026-08-15 13:05:39;SKU-016;1;25000;500;CARD
REC-20260815-STORE_02-0437;STORE_02;CASH-02;2026-08-15 13:05:39;SKU-028;2;5000;0;CASH
REC-20260815-STORE_02-0437;STORE_02;CASH-01;2026-08-15 13:05:39;SKU-002;1;12000;500;CARD
REC-20260815-STORE_02-0438;STORE_02;CASH-07;2026-08-15 13:33:18;SKU-001;2;45000;500;CARD
REC-20260815-STORE_02-0438;STORE_02;CASH-01;2026-08-15 13:33:18;SKU-008;1;12000;0;CASH
REC-20260815-STORE_02-0439;STORE_02;CASH-04;2026-08-15 11:54:38;SKU-006;1;45000;500;CARD
REC-20260815-STORE_02-0440;STORE_02;CASH-03;2026-08-15 13:36:24;SKU-042;1;5000;0;CARD
REC-20260815-STORE_02-0440;STORE_02;CASH-08;2026-08-15 13:36:24;SKU-001;3;45000;1000;CASH
REC-20260815-STORE_02-0441;STORE_02;CASH-02;2026-08-15 8:01:07;SKU-005;3;5000;0;CASH
REC-20260815-STORE_02-0441;STORE_02;CASH-10;2026-08-15 8:01:07;SKU-010;2;25000;500;CARD
REC-20260815-STORE_02-0441;STORE_02;CASH-04;2026-08-15 8:01:07;SKU-001;1;45000;500;CARD
REC-20260815-STORE_02-0441;STORE_02;CASH-01;2026-08-15 8:01:07;SKU-013;1;12000;0;CARD
REC-20260815-STORE_02-0441;STORE_02;CASH-01;2026-08-15 8:01:07;SKU-018;3;5000;1000;CARD
REC-20260815-STORE_02-0442;STORE_02;CASH-05;2026-08-15 15:46:26;SKU-004;4;25000;1000;CASH
REC-20260815-STORE_02-0442;STORE_02;CASH-05;2026-08-15 15:46:26;SKU-014;4;5000;500;CARD
REC-20260815-STORE_02-0442;STORE_02;CASH-08;2026-08-15 15:46:26;SKU-040;2;25000;0;CASH
REC-20260815-STORE_02-0442;STORE_02;CASH-03;2026-08-15 15:46:26;SKU-006;4;45000;0;CARD
REC-20260815-STORE_02-0443;STORE_02;CASH-05;2026-08-15 10:46:25;SKU-001;4;45000;0;CARD
REC-20260815-STORE_02-0443;STORE_02;CASH-10;2026-08-15 10:46:25;SKU-001;2;45000;1000;CARD
REC-20260815-STORE_02-0443;STORE_02;CASH-03;2026-08-15 10:46:25;SKU-012;2;45000;0;CARD
REC-20260815-STORE_02-0443;STORE_02;CASH-03;2026-08-15 10:46:25;SKU-003;2;45000;1000;CASH
REC-20260815-STORE_02-0444;STORE_02;CASH-08;2026-08-15 9:00:44;SKU-004;1;25000;0;CARD
REC-20260815-STORE_02-0444;STORE_02;CASH-02;2026-08-15 9:00:44;SKU-001;1;45000;0;CASH
REC-20260815-STORE_02-0444;STORE_02;CASH-05;2026-08-15 9:00:44;SKU-004;1;25000;0;CARD
REC-20260815-STORE_02-0444;STORE_02;CASH-09;2026-08-15 9:00:44;SKU-006;4;45000;0;CARD
REC-20260815-STORE_02-0445;STORE_02;CASH-07;2026-08-15 16:09:47;SKU-001;1;45000;1000;CASH
REC-20260815-STORE_02-0445;STORE_02;CASH-09;2026-08-15 16:09:47;SKU-001;3;45000;1000;CASH
REC-20260815-STORE_02-0445;STORE_02;CASH-03;2026-08-15 16:09:47;SKU-005;1;5000;1000;CASH
REC-20260815-STORE_02-0446;STORE_02;CASH-02;2026-08-15 20:34:42;SKU-008;2;12000;0;CASH
REC-20260815-STORE_02-0446;STORE_02;CASH-08;2026-08-15 20:34:42;SKU-006;3;45000;0;CARD
REC-20260815-STORE_02-0446;STORE_02;CASH-03;2026-08-15 20:34:42;SKU-006;2;45000;500;CARD
REC-20260815-STORE_02-0446;STORE_02;CASH-04;2026-08-15 20:34:42;SKU-003;3;45000;1000;CASH
REC-20260815-STORE_02-0446;STORE_02;CASH-02;2026-08-15 20:34:42;SKU-002;4;12000;0;CARD
REC-20260815-STORE_02-0447;STORE_02;CASH-08;2026-08-15 16:42:34;SKU-007;4;12000;1000;CASH
REC-20260815-STORE_02-0447;STORE_02;CASH-08;2026-08-15 16:42:34;SKU-001;3;45000;1000;CARD
REC-20260815-STORE_02-0448;STORE_02;CASH-09;2026-08-15 8:51:16;SKU-001;1;45000;0;CASH
REC-20260815-STORE_02-0448;STORE_02;CASH-05;2026-08-15 8:51:16;SKU-011;4;5000;1000;CASH
REC-20260815-STORE_02-0448;STORE_02;CASH-07;2026-08-15 8:51:16;SKU-007;2;12000;500;CARD
REC-20260815-STORE_02-0448;STORE_02;CASH-05;2026-08-15 8:51:16;SKU-002;3;12000;500;CASH
REC-20260815-STORE_02-0448;STORE_02;CASH-07;2026-08-15 8:51:16;SKU-014;4;5000;1000;CARD
REC-20260815-STORE_02-0449;STORE_02;CASH-06;2026-08-15 20:22:51;SKU-005;1;5000;0;CARD
REC-20260815-STORE_02-0449;STORE_02;CASH-07;2026-08-15 20:22:51;SKU-002;3;12000;0;CARD
REC-20260815-STORE_02-0449;STORE_02;CASH-02;2026-08-15 20:22:51;SKU-001;4;45000;1000;CARD
REC-20260815-STORE_02-0449;STORE_02;CASH-01;2026-08-15 20:22:51;SKU-001;3;45000;0;CARD
REC-20260815-STORE_02-0450;STORE_02;CASH-01;2026-08-15 17:40:57;SKU-002;2;12000;0;CASH
REC-20260815-STORE_02-0450;STORE_02;CASH-01;2026-08-15 17:40:57;SKU-001;2;45000;1000;CASH
REC-20260815-STORE_02-0451;STORE_02;CASH-03;2026-08-15 12:39:17;SKU-006;1;45000;1000;CASH
REC-20260815-STORE_02-0451;STORE_02;CASH-07;2026-08-15 12:39:17;SKU-008;1;12000;0;CARD
REC-20260815-STORE_02-0451;STORE_02;CASH-10;2026-08-15 12:39:17;SKU-008;3;12000;1000;CASH
REC-20260815-STORE_02-0451;STORE_02;CASH-07;2026-08-15 12:39:17;SKU-003;3;45000;0;CASH
REC-20260815-STORE_02-0451;STORE_02;CASH-02;2026-08-15 12:39:17;SKU-006;3;45000;0;CARD
REC-20260815-STORE_02-0452;STORE_02;CASH-09;2026-08-15 17:28:29;SKU-001;2;45000;1000;CARD
REC-20260815-STORE_02-0453;STORE_02;CASH-08;2026-08-15 14:26:26;SKU-033;1;5000;500;CARD
REC-20260815-STORE_02-0453;STORE_02;CASH-10;2026-08-15 14:26:26;SKU-005;3;5000;500;CARD
REC-20260815-STORE_02-0453;STORE_02;CASH-09;2026-08-15 14:26:26;SKU-040;1;25000;500;CARD
REC-20260815-STORE_02-0453;STORE_02;CASH-03;2026-08-15 14:26:26;SKU-002;3;12000;500;CARD
REC-20260815-STORE_02-0453;STORE_02;CASH-10;2026-08-15 14:26:26;SKU-029;1;5000;500;CARD
REC-20260815-STORE_02-0454;STORE_02;CASH-05;2026-08-15 13:45:17;SKU-003;4;45000;0;CARD
REC-20260815-STORE_02-0454;STORE_02;CASH-09;2026-08-15 13:45:17;SKU-016;4;25000;0;CARD
REC-20260815-STORE_02-0454;STORE_02;CASH-10;2026-08-15 13:45:17;SKU-001;1;45000;0;CASH
REC-20260815-STORE_02-0455;STORE_02;CASH-03;2026-08-15 21:09:56;SKU-005;4;5000;0;CASH
REC-20260815-STORE_02-0455;STORE_02;CASH-10;2026-08-15 21:09:56;SKU-018;1;5000;0;CARD
REC-20260815-STORE_02-0455;STORE_02;CASH-04;2026-08-15 21:09:56;SKU-001;2;45000;0;CARD
REC-20260815-STORE_02-0456;STORE_02;CASH-05;2026-08-15 14:12:47;SKU-009;1;25000;0;CARD
REC-20260815-STORE_02-0456;STORE_02;CASH-03;2026-08-15 14:12:47;SKU-009;4;25000;500;CARD
REC-20260815-STORE_02-0456;STORE_02;CASH-10;2026-08-15 14:12:47;SKU-001;4;45000;0;CARD
REC-20260815-STORE_02-0457;STORE_02;CASH-01;2026-08-15 8:56:28;SKU-023;4;45000;0;CARD
REC-20260815-STORE_02-0458;STORE_02;CASH-05;2026-08-15 20:12:47;SKU-001;3;45000;0;CARD
REC-20260815-STORE_02-0458;STORE_02;CASH-09;2026-08-15 20:12:47;SKU-005;1;5000;0;CARD
REC-20260815-STORE_02-0458;STORE_02;CASH-02;2026-08-15 20:12:47;SKU-001;2;45000;0;CARD
REC-20260815-STORE_02-0458;STORE_02;CASH-10;2026-08-15 20:12:47;SKU-026;2;12000;1000;CASH
REC-20260815-STORE_02-0458;STORE_02;CASH-04;2026-08-15 20:12:47;SKU-001;2;45000;0;CASH
REC-20260815-STORE_02-0459;STORE_02;CASH-02;2026-08-15 11:47:54;SKU-021;2;5000;500;CARD
REC-20260815-STORE_02-0459;STORE_02;CASH-05;2026-08-15 11:47:54;SKU-007;3;12000;0;CASH
REC-20260815-STORE_02-0459;STORE_02;CASH-05;2026-08-15 11:47:54;SKU-004;3;25000;0;CARD
REC-20260815-STORE_02-0460;STORE_02;CASH-10;2026-08-15 21:20:46;SKU-001;1;45000;0;CARD
REC-20260815-STORE_02-0460;STORE_02;CASH-06;2026-08-15 21:20:46;SKU-001;1;45000;0;CARD
REC-20260815-STORE_02-0460;STORE_02;CASH-02;2026-08-15 21:20:46;SKU-002;1;12000;0;CARD
REC-20260815-STORE_02-0460;STORE_02;CASH-05;2026-08-15 21:20:46;SKU-002;2;12000;1000;CARD
REC-20260815-STORE_02-0461;STORE_02;CASH-09;2026-08-15 9:15:28;SKU-002;4;12000;0;CARD
REC-20260815-STORE_02-0461;STORE_02;CASH-10;2026-08-15 9:15:28;SKU-002;2;12000;1000;CASH
REC-20260815-STORE_02-0462;STORE_02;CASH-03;2026-08-15 18:44:55;SKU-022;1;12000;0;CARD
REC-20260815-STORE_02-0462;STORE_02;CASH-04;2026-08-15 18:44:55;SKU-020;4;12000;0;CASH
REC-20260815-STORE_02-0462;STORE_02;CASH-05;2026-08-15 18:44:55;SKU-005;2;5000;0;CARD
REC-20260815-STORE_02-0463;STORE_02;CASH-09;2026-08-15 21:46:51;SKU-006;2;45000;0;CASH
REC-20260815-STORE_02-0464;STORE_02;CASH-07;2026-08-15 10:54:50;SKU-003;4;45000;500;CARD
REC-20260815-STORE_02-0464;STORE_02;CASH-07;2026-08-15 10:54:50;SKU-001;3;45000;500;CARD
REC-20260815-STORE_02-0464;STORE_02;CASH-03;2026-08-15 10:54:50;SKU-003;4;45000;0;CASH
REC-20260815-STORE_02-0464;STORE_02;CASH-01;2026-08-15 10:54:50;SKU-032;4;25000;0;CARD
REC-20260815-STORE_02-0464;STORE_02;CASH-07;2026-08-15 10:54:50;SKU-001;2;45000;0;CARD
REC-20260815-STORE_02-0465;STORE_02;CASH-03;2026-08-15 10:42:15;SKU-001;3;45000;1000;CASH
REC-20260815-STORE_02-0465;STORE_02;CASH-09;2026-08-15 10:42:15;SKU-008;1;12000;1000;CARD
REC-20260815-STORE_02-0466;STORE_02;CASH-09;2026-08-15 11:16:50;SKU-001;1;45000;0;CARD
REC-20260815-STORE_02-0466;STORE_02;CASH-08;2026-08-15 11:16:50;SKU-010;1;25000;1000;CARD
REC-20260815-STORE_02-0466;STORE_02;CASH-09;2026-08-15 11:16:50;SKU-002;1;12000;500;CASH
REC-20260815-STORE_02-0466;STORE_02;CASH-03;2026-08-15 11:16:50;SKU-007;1;12000;0;CASH
REC-20260815-STORE_02-0466;STORE_02;CASH-02;2026-08-15 11:16:50;SKU-039;1;5000;0;CARD
REC-20260815-STORE_02-0467;STORE_02;CASH-08;2026-08-15 19:12:22;SKU-003;2;45000;0;CASH
REC-20260815-STORE_02-0467;STORE_02;CASH-09;2026-08-15 19:12:22;SKU-001;1;45000;500;CARD
REC-20260815-STORE_02-0468;STORE_02;CASH-01;2026-08-15 14:32:32;SKU-019;4;25000;0;CARD
REC-20260815-STORE_02-0468;STORE_02;CASH-02;2026-08-15 14:32:32;SKU-003;4;45000;0;CARD
REC-20260815-STORE_02-0468;STORE_02;CASH-04;2026-08-15 14:32:32;SKU-007;1;12000;0;CARD
REC-20260815-STORE_02-0469;STORE_02;CASH-03;2026-08-15 13:54:23;SKU-011;3;5000;1000;CARD
REC-20260815-STORE_02-0469;STORE_02;CASH-02;2026-08-15 13:54:23;SKU-006;3;45000;0;CASH
REC-20260815-STORE_02-0469;STORE_02;CASH-08;2026-08-15 13:54:23;SKU-003;2;45000;1000;CASH
REC-20260815-STORE_02-0469;STORE_02;CASH-05;2026-08-15 13:54:23;SKU-002;3;12000;0;CARD
REC-20260815-STORE_02-0469;STORE_02;CASH-01;2026-08-15 13:54:23;SKU-010;4;25000;500;CASH
REC-20260815-STORE_02-0470;STORE_02;CASH-10;2026-08-15 21:50:14;SKU-036;1;45000;0;CARD
REC-20260815-STORE_02-0470;STORE_02;CASH-10;2026-08-15 21:50:14;SKU-020;2;12000;0;CASH
REC-20260815-STORE_02-0470;STORE_02;CASH-06;2026-08-15 21:50:14;SKU-010;2;25000;0;CARD
REC-20260815-STORE_02-0470;STORE_02;CASH-10;2026-08-15 21:50:14;SKU-004;1;25000;500;CARD
REC-20260815-STORE_02-0470;STORE_02;CASH-02;2026-08-15 21:50:14;SKU-002;3;12000;0;CARD
REC-20260815-STORE_02-0471;STORE_02;CASH-07;2026-08-15 13:50:31;SKU-001;1;45000;500;CASH
REC-20260815-STORE_02-0471;STORE_02;CASH-07;2026-08-15 13:50:31;SKU-001;4;45000;0;CARD
REC-20260815-STORE_02-0472;STORE_02;CASH-10;2026-08-15 18:42:40;SKU-010;1;25000;500;CASH
REC-20260815-STORE_02-0472;STORE_02;CASH-10;2026-08-15 18:42:40;SKU-037;1;45000;0;CARD
REC-20260815-STORE_02-0472;STORE_02;CASH-10;2026-08-15 18:42:40;SKU-008;3;12000;0;CARD
REC-20260815-STORE_02-0472;STORE_02;CASH-10;2026-08-15 18:42:40;SKU-011;1;5000;0;CASH
REC-20260815-STORE_02-0472;STORE_02;CASH-05;2026-08-15 18:42:40;SKU-002;2;12000;0;CASH
REC-20260815-STORE_02-0473;STORE_02;CASH-09;2026-08-15 10:22:05;SKU-003;2;45000;0;CASH
REC-20260815-STORE_02-0473;STORE_02;CASH-01;2026-08-15 10:22:05;SKU-004;1;25000;500;CARD
REC-20260815-STORE_02-0473;STORE_02;CASH-01;2026-08-15 10:22:05;SKU-005;1;5000;0;CARD
REC-20260815-STORE_02-0473;STORE_02;CASH-02;2026-08-15 10:22:05;SKU-001;2;45000;500;CASH
REC-20260815-STORE_02-0473;STORE_02;CASH-06;2026-08-15 10:22:05;SKU-035;3;5000;0;CARD
REC-20260815-STORE_02-0474;STORE_02;CASH-05;2026-08-15 9:01:16;SKU-005;4;5000;500;CARD
REC-20260815-STORE_02-0474;STORE_02;CASH-10;2026-08-15 9:01:16;SKU-022;2;12000;0;CARD
REC-20260815-STORE_02-0474;STORE_02;CASH-07;2026-08-15 9:01:16;SKU-049;3;5000;500;CARD
REC-20260815-STORE_02-0474;STORE_02;CASH-08;2026-08-15 9:01:16;SKU-011;3;5000;0;CASH
REC-20260815-STORE_02-0475;STORE_02;CASH-08;2026-08-15 17:48:01;SKU-017;4;12000;500;CASH
REC-20260815-STORE_02-0476;STORE_02;CASH-10;2026-08-15 11:44:05;SKU-002;3;12000;0;CARD
REC-20260815-STORE_02-0476;STORE_02;CASH-07;2026-08-15 11:44:05;SKU-034;4;25000;500;CARD
REC-20260815-STORE_02-0476;STORE_02;CASH-08;2026-08-15 11:44:05;SKU-012;4;45000;0;CARD
REC-20260815-STORE_02-0476;STORE_02;CASH-09;2026-08-15 11:44:05;SKU-002;2;12000;0;CASH
REC-20260815-STORE_02-0476;STORE_02;CASH-07;2026-08-15 11:44:05;SKU-001;1;45000;500;CARD
REC-20260815-STORE_02-0477;STORE_02;CASH-04;2026-08-15 14:49:21;SKU-001;2;45000;0;CASH
REC-20260815-STORE_02-0477;STORE_02;CASH-06;2026-08-15 14:49:21;SKU-004;4;25000;0;CASH
REC-20260815-STORE_02-0477;STORE_02;CASH-08;2026-08-15 14:49:21;SKU-020;4;12000;1000;CARD
REC-20260815-STORE_02-0478;STORE_02;CASH-04;2026-08-15 8:41:32;SKU-011;2;5000;0;CARD
REC-20260815-STORE_02-0478;STORE_02;CASH-05;2026-08-15 8:41:32;SKU-004;1;25000;1000;CARD
REC-20260815-STORE_02-0478;STORE_02;CASH-10;2026-08-15 8:41:32;SKU-039;3;5000;1000;CARD
REC-20260815-STORE_02-0479;STORE_02;CASH-10;2026-08-15 12:46:07;SKU-006;4;45000;500;CASH
REC-20260815-STORE_02-0479;STORE_02;CASH-08;2026-08-15 12:46:07;SKU-043;3;25000;0;CASH
REC-20260815-STORE_02-0479;STORE_02;CASH-02;2026-08-15 12:46:07;SKU-001;3;45000;0;CASH
REC-20260815-STORE_02-0480;STORE_02;CASH-05;2026-08-15 20:20:14;SKU-002;2;12000;0;CARD
REC-20260815-STORE_02-0480;STORE_02;CASH-01;2026-08-15 20:20:14;SKU-022;4;12000;500;CASH
REC-20260815-STORE_02-0480;STORE_02;CASH-01;2026-08-15 20:20:14;SKU-005;3;5000;0;CARD
REC-20260815-STORE_02-0480;STORE_02;CASH-04;2026-08-15 20:20:14;SKU-002;2;12000;0;CARD
REC-20260815-STORE_02-0480;STORE_02;CASH-10;2026-08-15 20:20:14;SKU-002;3;12000;500;CARD
REC-20260815-STORE_02-0481;STORE_02;CASH-08;2026-08-15 8:16:42;SKU-001;2;45000;1000;CASH
REC-20260815-STORE_02-0481;STORE_02;CASH-02;2026-08-15 8:16:42;SKU-001;4;45000;0;CARD
REC-20260815-STORE_02-0481;STORE_02;CASH-01;2026-08-15 8:16:42;SKU-001;1;45000;1000;CASH
REC-20260815-STORE_02-0481;STORE_02;CASH-09;2026-08-15 8:16:42;SKU-010;4;25000;1000;CARD
REC-20260815-STORE_02-0482;STORE_02;CASH-02;2026-08-15 19:23:54;SKU-011;1;5000;1000;CARD
REC-20260815-STORE_02-0483;STORE_02;CASH-08;2026-08-15 21:30:12;SKU-023;4;45000;0;CARD
REC-20260815-STORE_02-0483;STORE_02;CASH-01;2026-08-15 21:30:12;SKU-004;1;25000;500;CARD
REC-20260815-STORE_02-0483;STORE_02;CASH-01;2026-08-15 21:30:12;SKU-001;4;45000;0;CARD
REC-20260815-STORE_02-0483;STORE_02;CASH-07;2026-08-15 21:30:12;SKU-029;3;5000;0;CASH
REC-20260815-STORE_02-0483;STORE_02;CASH-02;2026-08-15 21:30:12;SKU-012;1;45000;0;CARD
REC-20260815-STORE_02-0484;STORE_02;CASH-09;2026-08-15 15:32:37;SKU-012;4;45000;0;CASH
REC-20260815-STORE_02-0484;STORE_02;CASH-08;2026-08-15 15:32:37;SKU-002;4;12000;1000;CARD
REC-20260815-STORE_02-0484;STORE_02;CASH-10;2026-08-15 15:32:37;SKU-006;4;45000;0;CASH
REC-20260815-STORE_02-0485;STORE_02;CASH-08;2026-08-15 20:41:22;SKU-009;1;25000;0;CASH
REC-20260815-STORE_02-0486;STORE_02;CASH-09;2026-08-15 8:56:14;SKU-021;2;5000;0;CARD
REC-20260815-STORE_02-0486;STORE_02;CASH-09;2026-08-15 8:56:14;SKU-004;4;25000;0;CARD
REC-20260815-STORE_02-0486;STORE_02;CASH-05;2026-08-15 8:56:14;SKU-001;1;45000;0;CASH
REC-20260815-STORE_02-0487;STORE_02;CASH-09;2026-08-15 17:31:24;SKU-040;4;25000;500;CARD
REC-20260815-STORE_02-0488;STORE_02;CASH-10;2026-08-15 20:24:32;SKU-002;2;12000;0;CARD
REC-20260815-STORE_02-0488;STORE_02;CASH-07;2026-08-15 20:24:32;SKU-006;1;45000;0;CASH
REC-20260815-STORE_02-0489;STORE_02;CASH-03;2026-08-15 18:34:40;SKU-007;2;12000;1000;CARD
REC-20260815-STORE_02-0489;STORE_02;CASH-01;2026-08-15 18:34:40;SKU-003;1;45000;0;CARD
REC-20260815-STORE_02-0489;STORE_02;CASH-10;2026-08-15 18:34:40;SKU-002;2;12000;0;CARD
REC-20260815-STORE_02-0489;STORE_02;CASH-06;2026-08-15 18:34:40;SKU-010;4;25000;0;CASH
REC-20260815-STORE_02-0489;STORE_02;CASH-06;2026-08-15 18:34:40;SKU-005;3;5000;500;CARD
REC-20260815-STORE_02-0490;STORE_02;CASH-02;2026-08-15 16:54:46;SKU-003;2;45000;0;CARD
REC-20260815-STORE_02-0490;STORE_02;CASH-08;2026-08-15 16:54:46;SKU-012;3;45000;0;CARD
REC-20260815-STORE_02-0491;STORE_02;CASH-08;2026-08-15 17:00:17;SKU-004;3;25000;500;CASH
REC-20260815-STORE_02-0491;STORE_02;CASH-04;2026-08-15 17:00:17;SKU-047;4;5000;0;CARD
REC-20260815-STORE_02-0491;STORE_02;CASH-10;2026-08-15 17:00:17;SKU-001;1;45000;0;CARD
REC-20260815-STORE_02-0492;STORE_02;CASH-01;2026-08-15 8:28:19;SKU-001;3;45000;0;CARD
REC-20260815-STORE_02-0492;STORE_02;CASH-09;2026-08-15 8:28:19;SKU-001;1;45000;500;CARD
REC-20260815-STORE_02-0492;STORE_02;CASH-09;2026-08-15 8:28:19;SKU-045;2;45000;0;CASH
REC-20260815-STORE_02-0492;STORE_02;CASH-10;2026-08-15 8:28:19;SKU-013;2;12000;0;CARD
REC-20260815-STORE_02-0492;STORE_02;CASH-09;2026-08-15 8:28:19;SKU-006;1;45000;1000;CASH
REC-20260815-STORE_02-0493;STORE_02;CASH-06;2026-08-15 14:48:43;SKU-028;2;5000;0;CASH
REC-20260815-STORE_02-0493;STORE_02;CASH-05;2026-08-15 14:48:43;SKU-029;4;5000;500;CARD
REC-20260815-STORE_02-0493;STORE_02;CASH-02;2026-08-15 14:48:43;SKU-026;2;12000;0;CASH
REC-20260815-STORE_02-0493;STORE_02;CASH-09;2026-08-15 14:48:43;SKU-003;1;45000;0;CARD
REC-20260815-STORE_02-0494;STORE_02;CASH-05;2026-08-15 12:23:58;SKU-002;3;12000;0;CARD
REC-20260815-STORE_02-0495;STORE_02;CASH-06;2026-08-15 19:48:24;SKU-001;3;45000;0;CARD
REC-20260815-STORE_02-0495;STORE_02;CASH-08;2026-08-15 19:48:24;SKU-011;3;5000;1000;CASH
REC-20260815-STORE_02-0495;STORE_02;CASH-07;2026-08-15 19:48:24;SKU-023;2;45000;0;CARD
REC-20260815-STORE_02-0495;STORE_02;CASH-05;2026-08-15 19:48:24;SKU-001;2;45000;1000;CASH
REC-20260815-STORE_02-0496;STORE_02;CASH-10;2026-08-15 18:20:28;SKU-011;1;5000;0;CARD
REC-20260815-STORE_02-0496;STORE_02;CASH-09;2026-08-15 18:20:28;SKU-001;4;45000;0;CARD
REC-20260815-STORE_02-0496;STORE_02;CASH-08;2026-08-15 18:20:28;SKU-002;1;12000;0;CASH
REC-20260815-STORE_02-0496;STORE_02;CASH-04;2026-08-15 18:20:28;SKU-001;1;45000;1000;CARD
REC-20260815-STORE_02-0496;STORE_02;CASH-06;2026-08-15 18:20:28;SKU-014;4;5000;0;CARD
REC-20260815-STORE_02-0497;STORE_02;CASH-03;2026-08-15 17:38:52;SKU-001;4;45000;1000;CARD
REC-20260815-STORE_02-0497;STORE_02;CASH-03;2026-08-15 17:38:52;SKU-008;4;12000;1000;CARD
REC-20260815-STORE_02-0498;STORE_02;CASH-10;2026-08-15 8:17:49;SKU-007;4;12000;1000;CARD
REC-20260815-STORE_02-0498;STORE_02;CASH-09;2026-08-15 8:17:49;SKU-016;2;25000;1000;CARD
REC-20260815-STORE_02-0498;STORE_02;CASH-04;2026-08-15 8:17:49;SKU-042;2;5000;500;CARD
REC-20260815-STORE_02-0498;STORE_02;CASH-01;2026-08-15 8:17:49;SKU-002;2;12000;500;CASH
REC-20260815-STORE_02-0498;STORE_02;CASH-04;2026-08-15 8:17:49;SKU-003;3;45000;500;CARD
REC-20260815-STORE_02-0499;STORE_02;CASH-09;2026-08-15 14:56:09;SKU-003;1;45000;0;CARD
REC-20260815-STORE_02-0499;STORE_02;CASH-05;2026-08-15 14:56:09;SKU-009;2;25000;0;CARD
REC-20260815-STORE_02-0499;STORE_02;CASH-08;2026-08-15 14:56:09;SKU-007;1;12000;500;CASH
REC-20260815-STORE_02-0500;STORE_02;CASH-07;2026-08-15 15:52:13;SKU-019;1;25000;500;CARD
REC-20260815-STORE_02-0500;STORE_02;CASH-01;2026-08-15 15:52:13;SKU-002;3;12000;500;CASH
REC-20260815-STORE_02-0501;STORE_02;CASH-07;2026-08-15 9:01:44;SKU-015;4;5000;0;CASH
REC-20260815-STORE_02-0501;STORE_02;CASH-09;2026-08-15 9:01:44;SKU-018;4;5000;0;CARD
REC-20260815-STORE_02-0501;STORE_02;CASH-06;2026-08-15 9:01:44;SKU-001;3;45000;0;CASH
REC-20260815-STORE_02-0502;STORE_02;CASH-06;2026-08-15 18:15:20;SKU-002;3;12000;0;CARD
REC-20260815-STORE_02-0502;STORE_02;CASH-09;2026-08-15 18:15:20;SKU-001;2;45000;500;CASH
REC-20260815-STORE_02-0502;STORE_02;CASH-03;2026-08-15 18:15:20;SKU-047;1;5000;0;CASH
REC-20260815-STORE_02-0502;STORE_02;CASH-01;2026-08-15 18:15:20;SKU-017;3;12000;0;CASH
REC-20260815-STORE_02-0503;STORE_02;CASH-06;2026-08-15 21:59:52;SKU-004;2;25000;500;CASH
REC-20260815-STORE_02-0503;STORE_02;CASH-02;2026-08-15 21:59:52;SKU-001;4;45000;0;CARD
REC-20260815-STORE_02-0503;STORE_02;CASH-07;2026-08-15 21:59:52;SKU-002;4;12000;500;CASH
REC-20260815-STORE_02-0503;STORE_02;CASH-03;2026-08-15 21:59:52;SKU-005;2;5000;0;CARD
REC-20260815-STORE_02-0503;STORE_02;CASH-09;2026-08-15 21:59:52;SKU-037;2;45000;500;CARD
REC-20260815-STORE_02-0504;STORE_02;CASH-03;2026-08-15 10:54:47;SKU-001;2;45000;1000;CARD
REC-20260815-STORE_02-0505;STORE_02;CASH-06;2026-08-15 12:21:19;SKU-026;1;12000;0;CASH
REC-20260815-STORE_02-0505;STORE_02;CASH-05;2026-08-15 12:21:19;SKU-049;1;5000;0;CARD
REC-20260815-STORE_02-0505;STORE_02;CASH-06;2026-08-15 12:21:19;SKU-047;2;5000;0;CASH
REC-20260815-STORE_02-0505;STORE_02;CASH-05;2026-08-15 12:21:19;SKU-002;1;12000;0;CARD
REC-20260815-STORE_02-0505;STORE_02;CASH-08;2026-08-15 12:21:19;SKU-020;1;12000;1000;CARD
REC-20260815-STORE_02-0506;STORE_02;CASH-06;2026-08-15 21:07:40;SKU-002;2;12000;0;CARD
REC-20260815-STORE_02-0507;STORE_02;CASH-01;2026-08-15 10:13:03;SKU-003;3;45000;0;CARD
REC-20260815-STORE_02-0507;STORE_02;CASH-08;2026-08-15 10:13:03;SKU-007;3;12000;0;CARD
REC-20260815-STORE_02-0507;STORE_02;CASH-04;2026-08-15 10:13:03;SKU-006;4;45000;0;CASH
REC-20260815-STORE_02-0507;STORE_02;CASH-02;2026-08-15 10:13:03;SKU-046;4;25000;0;CARD
REC-20260815-STORE_02-0508;STORE_02;CASH-07;2026-08-15 13:12:51;SKU-033;3;5000;0;CASH
REC-20260815-STORE_02-0508;STORE_02;CASH-01;2026-08-15 13:12:51;SKU-026;4;12000;0;CARD
REC-20260815-STORE_02-0508;STORE_02;CASH-05;2026-08-15 13:12:51;SKU-044;2;5000;0;CARD
REC-20260815-STORE_02-0509;STORE_02;CASH-08;2026-08-15 18:05:47;SKU-001;3;45000;0;CASH
REC-20260815-STORE_02-0509;STORE_02;CASH-06;2026-08-15 18:05:47;SKU-001;3;45000;0;CASH
REC-20260815-STORE_02-0509;STORE_02;CASH-10;2026-08-15 18:05:47;SKU-003;3;45000;0;CARD
REC-20260815-STORE_02-0510;STORE_02;CASH-06;2026-08-15 13:25:05;SKU-001;4;45000;0;CARD
REC-20260815-STORE_02-0510;STORE_02;CASH-04;2026-08-15 13:25:05;SKU-001;1;45000;500;CARD
REC-20260815-STORE_02-0511;STORE_02;CASH-04;2026-08-15 19:34:35;SKU-014;1;5000;0;CARD
REC-20260815-STORE_02-0511;STORE_02;CASH-01;2026-08-15 19:34:35;SKU-006;4;45000;0;CARD
REC-20260815-STORE_02-0511;STORE_02;CASH-07;2026-08-15 19:34:35;SKU-001;1;45000;1000;CASH
REC-20260815-STORE_02-0511;STORE_02;CASH-04;2026-08-15 19:34:35;SKU-049;4;5000;0;CARD
REC-20260815-STORE_02-0511;STORE_02;CASH-10;2026-08-15 19:34:35;SKU-001;1;45000;0;CARD
REC-20260815-STORE_02-0512;STORE_02;CASH-02;2026-08-15 9:58:00;SKU-002;3;12000;1000;CARD
REC-20260815-STORE_02-0512;STORE_02;CASH-05;2026-08-15 9:58:00;SKU-002;2;12000;500;CARD
REC-20260815-STORE_02-0512;STORE_02;CASH-07;2026-08-15 9:58:00;SKU-031;4;45000;0;CARD
REC-20260815-STORE_02-0512;STORE_02;CASH-02;2026-08-15 9:58:00;SKU-021;1;5000;0;CARD
REC-20260815-STORE_02-0513;STORE_02;CASH-03;2026-08-15 12:12:19;SKU-022;1;12000;1000;CARD
REC-20260815-STORE_02-0513;STORE_02;CASH-10;2026-08-15 12:12:19;SKU-030;2;45000;0;CARD
REC-20260815-STORE_02-0513;STORE_02;CASH-05;2026-08-15 12:12:19;SKU-002;3;12000;0;CASH
REC-20260815-STORE_02-0513;STORE_02;CASH-08;2026-08-15 12:12:19;SKU-039;1;5000;0;CASH
REC-20260815-STORE_02-0513;STORE_02;CASH-06;2026-08-15 12:12:19;SKU-001;2;45000;0;CARD
REC-20260815-STORE_02-0514;STORE_02;CASH-07;2026-08-15 14:39:43;SKU-018;1;5000;0;CASH
REC-20260815-STORE_02-0514;STORE_02;CASH-10;2026-08-15 14:39:43;SKU-001;1;45000;0;CARD
REC-20260815-STORE_02-0514;STORE_02;CASH-01;2026-08-15 14:39:43;SKU-001;3;45000;0;CARD
REC-20260815-STORE_02-0514;STORE_02;CASH-04;2026-08-15 14:39:43;SKU-001;3;45000;1000;CARD
REC-20260815-STORE_02-0515;STORE_02;CASH-01;2026-08-15 12:20:24;SKU-003;1;45000;0;CASH
REC-20260815-STORE_02-0515;STORE_02;CASH-10;2026-08-15 12:20:24;SKU-020;1;12000;0;CASH
REC-20260815-STORE_02-0516;STORE_02;CASH-09;2026-08-15 19:25:52;SKU-002;1;12000;1000;CARD
REC-20260815-STORE_02-0517;STORE_02;CASH-07;2026-08-15 20:00:06;SKU-006;4;45000;1000;CARD
REC-20260815-STORE_02-0517;STORE_02;CASH-03;2026-08-15 20:00:06;SKU-001;1;45000;0;CARD
REC-20260815-STORE_02-0517;STORE_02;CASH-05;2026-08-15 20:00:06;SKU-001;1;45000;0;CARD
REC-20260815-STORE_02-0518;STORE_02;CASH-01;2026-08-15 10:22:24;SKU-001;1;45000;500;CARD
REC-20260815-STORE_02-0518;STORE_02;CASH-03;2026-08-15 10:22:24;SKU-001;3;45000;500;CARD
REC-20260815-STORE_02-0519;STORE_02;CASH-09;2026-08-15 19:09:58;SKU-001;3;45000;0;CARD
REC-20260815-STORE_02-0519;STORE_02;CASH-03;2026-08-15 19:09:58;SKU-002;1;12000;0;CASH
REC-20260815-STORE_02-0519;STORE_02;CASH-07;2026-08-15 19:09:58;SKU-020;4;12000;500;CASH
REC-20260815-STORE_02-0519;STORE_02;CASH-01;2026-08-15 19:09:58;SKU-035;3;5000;0;CARD
REC-20260815-STORE_02-0520;STORE_02;CASH-01;2026-08-15 13:53:43;SKU-003;4;45000;0;CASH
REC-20260815-STORE_02-0520;STORE_02;CASH-08;2026-08-15 13:53:43;SKU-003;4;45000;0;CARD
REC-20260815-STORE_02-0520;STORE_02;CASH-07;2026-08-15 13:53:43;SKU-001;2;45000;500;CARD
REC-20260815-STORE_02-0521;STORE_02;CASH-05;2026-08-15 10:21:26;SKU-015;3;5000;0;CASH
REC-20260815-STORE_02-0522;STORE_02;CASH-09;2026-08-15 21:17:31;SKU-019;4;25000;0;CARD
REC-20260815-STORE_02-0522;STORE_02;CASH-06;2026-08-15 21:17:31;SKU-001;3;45000;1000;CARD
REC-20260815-STORE_02-0522;STORE_02;CASH-03;2026-08-15 21:17:31;SKU-022;3;12000;500;CASH
REC-20260815-STORE_02-0522;STORE_02;CASH-07;2026-08-15 21:17:31;SKU-001;4;45000;0;CARD
REC-20260815-STORE_02-0523;STORE_02;CASH-09;2026-08-15 17:59:41;SKU-001;3;45000;1000;CARD
REC-20260815-STORE_02-0523;STORE_02;CASH-05;2026-08-15 17:59:41;SKU-003;1;45000;1000;CARD
REC-20260815-STORE_02-0523;STORE_02;CASH-09;2026-08-15 17:59:41;SKU-002;2;12000;0;CASH
REC-20260815-STORE_02-0524;STORE_02;CASH-05;2026-08-15 8:59:11;SKU-008;1;12000;0;CARD
REC-20260815-STORE_02-0524;STORE_02;CASH-08;2026-08-15 8:59:11;SKU-018;1;5000;500;CASH
REC-20260815-STORE_02-0524;STORE_02;CASH-04;2026-08-15 8:59:11;SKU-003;4;45000;500;CASH
REC-20260815-STORE_02-0524;STORE_02;CASH-01;2026-08-15 8:59:11;SKU-004;1;25000;1000;CARD
REC-20260815-STORE_02-0524;STORE_02;CASH-07;2026-08-15 8:59:11;SKU-002;1;12000;500;CASH
REC-20260815-STORE_02-0525;STORE_02;CASH-03;2026-08-15 10:30:15;SKU-014;3;5000;0;CARD
REC-20260815-STORE_02-0525;STORE_02;CASH-10;2026-08-15 10:30:15;SKU-010;4;25000;0;CASH
REC-20260815-STORE_02-0525;STORE_02;CASH-05;2026-08-15 10:30:15;SKU-016;2;25000;500;CARD
REC-20260815-STORE_02-0525;STORE_02;CASH-04;2026-08-15 10:30:15;SKU-025;2;5000;1000;CASH
REC-20260815-STORE_02-0526;STORE_02;CASH-03;2026-08-15 13:57:04;SKU-011;1;5000;1000;CASH
REC-20260815-STORE_02-0526;STORE_02;CASH-02;2026-08-15 13:57:04;SKU-003;4;45000;0;CARD
REC-20260815-STORE_02-0526;STORE_02;CASH-09;2026-08-15 13:57:04;SKU-003;2;45000;0;CARD
REC-20260815-STORE_02-0527;STORE_02;CASH-10;2026-08-15 17:09:31;SKU-003;3;45000;500;CARD
REC-20260815-STORE_02-0527;STORE_02;CASH-04;2026-08-15 17:09:31;SKU-029;2;5000;0;CARD
REC-20260815-STORE_02-0527;STORE_02;CASH-10;2026-08-15 17:09:31;SKU-041;1;25000;1000;CARD
REC-20260815-STORE_02-0528;STORE_02;CASH-10;2026-08-15 17:03:50;SKU-001;2;45000;0;CASH
REC-20260815-STORE_02-0528;STORE_02;CASH-07;2026-08-15 17:03:50;SKU-001;3;45000;1000;CARD
REC-20260815-STORE_02-0528;STORE_02;CASH-07;2026-08-15 17:03:50;SKU-013;3;12000;500;CARD
REC-20260815-STORE_02-0529;STORE_02;CASH-02;2026-08-15 11:24:39;SKU-004;1;25000;0;CASH
REC-20260815-STORE_02-0529;STORE_02;CASH-09;2026-08-15 11:24:39;SKU-001;3;45000;1000;CARD
REC-20260815-STORE_02-0529;STORE_02;CASH-08;2026-08-15 11:24:39;SKU-043;2;25000;0;CASH
REC-20260815-STORE_02-0529;STORE_02;CASH-04;2026-08-15 11:24:39;SKU-003;1;45000;500;CASH
REC-20260815-STORE_02-0529;STORE_02;CASH-06;2026-08-15 11:24:39;SKU-046;2;25000;1000;CARD
REC-20260815-STORE_02-0530;STORE_02;CASH-10;2026-08-15 21:18:58;SKU-003;2;45000;0;CARD
REC-20260815-STORE_02-0530;STORE_02;CASH-07;2026-08-15 21:18:58;SKU-032;1;25000;0;CASH
REC-20260815-STORE_02-0531;STORE_02;CASH-04;2026-08-15 21:40:27;SKU-009;3;25000;0;CARD
REC-20260815-STORE_02-0531;STORE_02;CASH-10;2026-08-15 21:40:27;SKU-013;4;12000;0;CARD
REC-20260815-STORE_02-0532;STORE_02;CASH-08;2026-08-15 13:19:34;SKU-011;4;5000;1000;CASH
REC-20260815-STORE_02-0532;STORE_02;CASH-05;2026-08-15 13:19:34;SKU-002;1;12000;0;CARD
REC-20260815-STORE_02-0533;STORE_02;CASH-06;2026-08-15 10:39:52;SKU-019;1;25000;1000;CARD
REC-20260815-STORE_02-0533;STORE_02;CASH-02;2026-08-15 10:39:52;SKU-005;2;5000;0;CARD
REC-20260815-STORE_02-0533;STORE_02;CASH-07;2026-08-15 10:39:52;SKU-001;3;45000;0;CASH
REC-20260815-STORE_02-0534;STORE_02;CASH-04;2026-08-15 20:16:50;SKU-020;4;12000;0;CARD
REC-20260815-STORE_02-0534;STORE_02;CASH-08;2026-08-15 20:16:50;SKU-001;1;45000;500;CARD
REC-20260815-STORE_02-0535;STORE_02;CASH-02;2026-08-15 18:07:47;SKU-002;1;12000;500;CARD
REC-20260815-STORE_02-0535;STORE_02;CASH-01;2026-08-15 18:07:47;SKU-009;4;25000;0;CARD
REC-20260815-STORE_02-0535;STORE_02;CASH-05;2026-08-15 18:07:47;SKU-036;2;45000;500;CARD
REC-20260815-STORE_02-0536;STORE_02;CASH-06;2026-08-15 9:23:38;SKU-001;2;45000;1000;CARD
REC-20260815-STORE_02-0536;STORE_02;CASH-04;2026-08-15 9:23:38;SKU-010;2;25000;0;CASH
REC-20260815-STORE_02-0536;STORE_02;CASH-09;2026-08-15 9:23:38;SKU-008;2;12000;0;CARD
REC-20260815-STORE_02-0536;STORE_02;CASH-04;2026-08-15 9:23:38;SKU-001;4;45000;0;CARD
REC-20260815-STORE_02-0537;STORE_02;CASH-09;2026-08-15 14:38:31;SKU-021;2;5000;1000;CASH
REC-20260815-STORE_02-0537;STORE_02;CASH-10;2026-08-15 14:38:31;SKU-010;3;25000;0;CASH
REC-20260815-STORE_02-0538;STORE_02;CASH-10;2026-08-15 12:32:22;SKU-017;2;12000;0;CASH
REC-20260815-STORE_02-0538;STORE_02;CASH-08;2026-08-15 12:32:22;SKU-002;2;12000;0;CASH
REC-20260815-STORE_02-0539;STORE_02;CASH-03;2026-08-15 20:50:43;SKU-001;3;45000;0;CARD
REC-20260815-STORE_02-0539;STORE_02;CASH-10;2026-08-15 20:50:43;SKU-030;3;45000;0;CARD
REC-20260815-STORE_02-0539;STORE_02;CASH-07;2026-08-15 20:50:43;SKU-012;4;45000;0;CARD
REC-20260815-STORE_02-0539;STORE_02;CASH-06;2026-08-15 20:50:43;SKU-004;2;25000;0;CASH
REC-20260815-STORE_02-0539;STORE_02;CASH-03;2026-08-15 20:50:43;SKU-001;3;45000;0;CARD
REC-20260815-STORE_02-0540;STORE_02;CASH-07;2026-08-15 19:47:25;SKU-006;4;45000;0;CARD
REC-20260815-STORE_02-0540;STORE_02;CASH-09;2026-08-15 19:47:25;SKU-031;4;45000;0;CASH
REC-20260815-STORE_02-0540;STORE_02;CASH-08;2026-08-15 19:47:25;SKU-017;1;12000;0;CASH
REC-20260815-STORE_02-0541;STORE_02;CASH-06;2026-08-15 16:37:05;SKU-038;1;12000;0;CASH
REC-20260815-STORE_02-0541;STORE_02;CASH-08;2026-08-15 16:37:05;SKU-001;1;45000;0;CARD
REC-20260815-STORE_02-0541;STORE_02;CASH-04;2026-08-15 16:37:05;SKU-001;4;45000;0;CARD
REC-20260815-STORE_02-0542;STORE_02;CASH-09;2026-08-15 13:29:33;SKU-003;4;45000;1000;CARD
REC-20260815-STORE_02-0542;STORE_02;CASH-10;2026-08-15 13:29:33;SKU-002;2;12000;1000;CARD
REC-20260815-STORE_02-0542;STORE_02;CASH-09;2026-08-15 13:29:33;SKU-009;2;25000;0;CARD
REC-20260815-STORE_02-0542;STORE_02;CASH-06;2026-08-15 13:29:33;SKU-001;4;45000;0;CARD
REC-20260815-STORE_02-0542;STORE_02;CASH-07;2026-08-15 13:29:33;SKU-025;3;5000;0;CASH
REC-20260815-STORE_02-0543;STORE_02;CASH-07;2026-08-15 17:40:42;SKU-001;2;45000;500;CARD
REC-20260815-STORE_02-0543;STORE_02;CASH-09;2026-08-15 17:40:42;SKU-017;2;12000;1000;CARD
REC-20260815-STORE_02-0543;STORE_02;CASH-07;2026-08-15 17:40:42;SKU-011;2;5000;1000;CARD
REC-20260815-STORE_02-0543;STORE_02;CASH-10;2026-08-15 17:40:42;SKU-002;2;12000;0;CARD
REC-20260815-STORE_02-0543;STORE_02;CASH-04;2026-08-15 17:40:42;SKU-001;3;45000;1000;CARD
REC-20260815-STORE_02-0544;STORE_02;CASH-09;2026-08-15 14:28:59;SKU-024;1;12000;0;CARD
REC-20260815-STORE_02-0544;STORE_02;CASH-01;2026-08-15 14:28:59;SKU-001;1;45000;0;CARD
REC-20260815-STORE_02-0544;STORE_02;CASH-05;2026-08-15 14:28:59;SKU-015;2;5000;500;CARD
REC-20260815-STORE_02-0544;STORE_02;CASH-07;2026-08-15 14:28:59;SKU-001;3;45000;1000;CARD
REC-20260815-STORE_02-0545;STORE_02;CASH-03;2026-08-15 16:32:10;SKU-002;2;12000;0;CARD
REC-20260815-STORE_02-0546;STORE_02;CASH-05;2026-08-15 18:57:29;SKU-007;3;12000;0;CARD
REC-20260815-STORE_02-0546;STORE_02;CASH-07;2026-08-15 18:57:29;SKU-017;2;12000;1000;CARD
REC-20260815-STORE_02-0546;STORE_02;CASH-04;2026-08-15 18:57:29;SKU-045;2;45000;1000;CASH
REC-20260815-STORE_02-0546;STORE_02;CASH-09;2026-08-15 18:57:29;SKU-004;4;25000;0;CARD
REC-20260815-STORE_02-0547;STORE_02;CASH-01;2026-08-15 12:47:43;SKU-008;3;12000;500;CARD
REC-20260815-STORE_02-0547;STORE_02;CASH-02;2026-08-15 12:47:43;SKU-012;2;45000;500;CARD
REC-20260815-STORE_02-0547;STORE_02;CASH-09;2026-08-15 12:47:43;SKU-017;3;12000;1000;CASH
REC-20260815-STORE_02-0548;STORE_02;CASH-09;2026-08-15 10:33:00;SKU-018;4;5000;0;CARD
REC-20260815-STORE_02-0548;STORE_02;CASH-07;2026-08-15 10:33:00;SKU-005;2;5000;0;CARD
REC-20260815-STORE_02-0549;STORE_02;CASH-04;2026-08-15 20:49:34;SKU-029;3;5000;500;CARD
REC-20260815-STORE_02-0549;STORE_02;CASH-03;2026-08-15 20:49:34;SKU-003;4;45000;500;CARD
REC-20260815-STORE_02-0550;STORE_02;CASH-09;2026-08-15 10:51:30;SKU-001;4;45000;1000;CARD
REC-20260815-STORE_02-0550;STORE_02;CASH-09;2026-08-15 10:51:30;SKU-012;1;45000;0;CARD
REC-20260815-STORE_02-0550;STORE_02;CASH-03;2026-08-15 10:51:30;SKU-003;4;45000;1000;CARD
REC-20260815-STORE_02-0550;STORE_02;CASH-03;2026-08-15 10:51:30;SKU-011;1;5000;0;CARD
REC-20260815-STORE_02-0551;STORE_02;CASH-08;2026-08-15 21:07:23;SKU-014;3;5000;0;CARD
REC-20260815-STORE_02-0551;STORE_02;CASH-06;2026-08-15 21:07:23;SKU-002;1;12000;500;CARD
REC-20260815-STORE_02-0551;STORE_02;CASH-02;2026-08-15 21:07:23;SKU-006;2;45000;500;CASH
REC-20260815-STORE_02-0552;STORE_02;CASH-03;2026-08-15 13:43:02;SKU-001;1;45000;1000;CASH
REC-20260815-STORE_02-0553;STORE_02;CASH-08;2026-08-15 12:13:26;SKU-003;2;45000;0;CASH
REC-20260815-STORE_02-0553;STORE_02;CASH-04;2026-08-15 12:13:26;SKU-009;2;25000;0;CASH
REC-20260815-STORE_02-0554;STORE_02;CASH-04;2026-08-15 10:20:25;SKU-046;3;25000;0;CARD
REC-20260815-STORE_02-0554;STORE_02;CASH-06;2026-08-15 10:20:25;SKU-016;2;25000;0;CARD
REC-20260815-STORE_02-0554;STORE_02;CASH-06;2026-08-15 10:20:25;SKU-009;3;25000;500;CARD
REC-20260815-STORE_02-0555;STORE_02;CASH-02;2026-08-15 17:41:35;SKU-003;3;45000;0;CASH
REC-20260815-STORE_02-0555;STORE_02;CASH-02;2026-08-15 17:41:35;SKU-012;2;45000;1000;CARD
REC-20260815-STORE_02-0555;STORE_02;CASH-05;2026-08-15 17:41:35;SKU-037;2;45000;0;CARD
REC-20260815-STORE_02-0555;STORE_02;CASH-08;2026-08-15 17:41:35;SKU-002;2;12000;0;CARD
REC-20260815-STORE_02-0556;STORE_02;CASH-03;2026-08-15 21:26:58;SKU-020;4;12000;0;CARD
REC-20260815-STORE_02-0556;STORE_02;CASH-08;2026-08-15 21:26:58;SKU-002;2;12000;0;CASH
REC-20260815-STORE_02-0557;STORE_02;CASH-07;2026-08-15 21:31:01;SKU-001;4;45000;0;CARD
REC-20260815-STORE_02-0557;STORE_02;CASH-05;2026-08-15 21:31:01;SKU-003;2;45000;500;CARD
REC-20260815-STORE_02-0558;STORE_02;CASH-02;2026-08-15 20:30:42;SKU-001;4;45000;500;CARD
REC-20260815-STORE_02-0558;STORE_02;CASH-01;2026-08-15 20:30:42;SKU-019;2;25000;1000;CARD
REC-20260815-STORE_02-0558;STORE_02;CASH-08;2026-08-15 20:30:42;SKU-017;2;12000;0;CARD
REC-20260815-STORE_02-0559;STORE_02;CASH-03;2026-08-15 19:01:42;SKU-002;3;12000;500;CASH
REC-20260815-STORE_02-0559;STORE_02;CASH-01;2026-08-15 19:01:42;SKU-001;2;45000;0;CARD
REC-20260815-STORE_02-0559;STORE_02;CASH-01;2026-08-15 19:01:42;SKU-024;4;12000;500;CARD
REC-20260815-STORE_02-0560;STORE_02;CASH-07;2026-08-15 13:56:14;SKU-001;1;45000;0;CARD
REC-20260815-STORE_02-0560;STORE_02;CASH-05;2026-08-15 13:56:14;SKU-016;2;25000;0;CASH
REC-20260815-STORE_02-0560;STORE_02;CASH-05;2026-08-15 13:56:14;SKU-001;3;45000;0;CARD
REC-20260815-STORE_02-0561;STORE_02;CASH-03;2026-08-15 14:31:38;SKU-001;3;45000;0;CASH
REC-20260815-STORE_02-0561;STORE_02;CASH-10;2026-08-15 14:31:38;SKU-001;4;45000;0;CARD
REC-20260815-STORE_02-0561;STORE_02;CASH-07;2026-08-15 14:31:38;SKU-011;1;5000;1000;CASH
REC-20260815-STORE_02-0562;STORE_02;CASH-01;2026-08-15 9:58:58;SKU-029;3;5000;500;CASH
REC-20260815-STORE_02-0562;STORE_02;CASH-06;2026-08-15 9:58:58;SKU-012;4;45000;500;CARD
REC-20260815-STORE_02-0562;STORE_02;CASH-02;2026-08-15 9:58:58;SKU-018;3;5000;0;CARD
REC-20260815-STORE_02-0562;STORE_02;CASH-08;2026-08-15 9:58:58;SKU-019;3;25000;1000;CASH
REC-20260815-STORE_02-0562;STORE_02;CASH-04;2026-08-15 9:58:58;SKU-033;2;5000;1000;CARD
REC-20260815-STORE_02-0563;STORE_02;CASH-06;2026-08-15 19:45:41;SKU-004;2;25000;0;CASH
REC-20260815-STORE_02-0563;STORE_02;CASH-02;2026-08-15 19:45:41;SKU-030;3;45000;500;CARD
REC-20260815-STORE_02-0563;STORE_02;CASH-10;2026-08-15 19:45:41;SKU-002;3;12000;0;CARD
REC-20260815-STORE_02-0564;STORE_02;CASH-05;2026-08-15 10:19:16;SKU-013;4;12000;500;CARD
REC-20260815-STORE_02-0564;STORE_02;CASH-08;2026-08-15 10:19:16;SKU-003;3;45000;1000;CARD
REC-20260815-STORE_02-0564;STORE_02;CASH-10;2026-08-15 10:19:16;SKU-049;1;5000;0;CARD
REC-20260815-STORE_02-0565;STORE_02;CASH-08;2026-08-15 9:38:24;SKU-001;4;45000;1000;CARD
REC-20260815-STORE_02-0565;STORE_02;CASH-05;2026-08-15 9:38:24;SKU-001;3;45000;0;CARD
REC-20260815-STORE_02-0565;STORE_02;CASH-06;2026-08-15 9:38:24;SKU-038;4;12000;0;CASH
REC-20260815-STORE_02-0566;STORE_02;CASH-02;2026-08-15 8:31:49;SKU-005;1;5000;500;CASH
REC-20260815-STORE_02-0567;STORE_02;CASH-07;2026-08-15 17:17:24;SKU-024;3;12000;0;CARD
REC-20260815-STORE_02-0567;STORE_02;CASH-09;2026-08-15 17:17:24;SKU-001;4;45000;0;CARD
REC-20260815-STORE_02-0567;STORE_02;CASH-03;2026-08-15 17:17:24;SKU-016;1;25000;0;CARD
REC-20260815-STORE_02-0567;STORE_02;CASH-01;2026-08-15 17:17:24;SKU-004;1;25000;1000;CARD
REC-20260815-STORE_02-0567;STORE_02;CASH-02;2026-08-15 17:17:24;SKU-020;1;12000;500;CASH
REC-20260815-STORE_02-0568;STORE_02;CASH-06;2026-08-15 17:02:34;SKU-014;4;5000;0;CASH
REC-20260815-STORE_02-0568;STORE_02;CASH-03;2026-08-15 17:02:34;SKU-003;3;45000;500;CARD
REC-20260815-STORE_02-0568;STORE_02;CASH-08;2026-08-15 17:02:34;SKU-008;2;12000;0;CARD
REC-20260815-STORE_02-0568;STORE_02;CASH-03;2026-08-15 17:02:34;SKU-006;2;45000;1000;CARD
REC-20260815-STORE_02-0569;STORE_02;CASH-03;2026-08-15 21:51:18;SKU-008;1;12000;0;CARD
REC-20260815-STORE_02-0570;STORE_02;CASH-07;2026-08-15 10:25:06;SKU-010;2;25000;500;CASH
REC-20260815-STORE_02-0570;STORE_02;CASH-07;2026-08-15 10:25:06;SKU-001;2;45000;0;CARD
REC-20260815-STORE_02-0570;STORE_02;CASH-05;2026-08-15 10:25:06;SKU-002;1;12000;0;CARD
REC-20260815-STORE_02-0570;STORE_02;CASH-01;2026-08-15 10:25:06;SKU-005;1;5000;0;CARD
REC-20260815-STORE_02-0570;STORE_02;CASH-10;2026-08-15 10:25:06;SKU-002;3;12000;0;CASH
REC-20260815-STORE_02-0571;STORE_02;CASH-02;2026-08-15 13:43:07;SKU-003;1;45000;0;CARD
REC-20260815-STORE_02-0571;STORE_02;CASH-04;2026-08-15 13:43:07;SKU-001;4;45000;0;CARD
REC-20260815-STORE_02-0572;STORE_02;CASH-06;2026-08-15 18:20:46;SKU-002;3;12000;1000;CARD
REC-20260815-STORE_02-0572;STORE_02;CASH-05;2026-08-15 18:20:46;SKU-029;3;5000;0;CASH
REC-20260815-STORE_02-0573;STORE_02;CASH-05;2026-08-15 13:28:24;SKU-002;4;12000;0;CARD
REC-20260815-STORE_02-0573;STORE_02;CASH-02;2026-08-15 13:28:24;SKU-003;4;45000;0;CASH
REC-20260815-STORE_02-0574;STORE_02;CASH-05;2026-08-15 17:11:40;SKU-001;4;45000;500;CARD
REC-20260815-STORE_02-0574;STORE_02;CASH-04;2026-08-15 17:11:40;SKU-005;1;5000;500;CARD
REC-20260815-STORE_02-0575;STORE_02;CASH-10;2026-08-15 16:13:06;SKU-007;1;12000;0;CARD
REC-20260815-STORE_02-0575;STORE_02;CASH-03;2026-08-15 16:13:06;SKU-009;2;25000;500;CASH
REC-20260815-STORE_02-0576;STORE_02;CASH-07;2026-08-15 18:31:21;SKU-005;3;5000;500;CARD
REC-20260815-STORE_02-0576;STORE_02;CASH-07;2026-08-15 18:31:21;SKU-048;3;25000;1000;CARD
REC-20260815-STORE_02-0577;STORE_02;CASH-04;2026-08-15 8:58:57;SKU-003;2;45000;0;CARD
REC-20260815-STORE_02-0577;STORE_02;CASH-07;2026-08-15 8:58:57;SKU-011;4;5000;500;CARD
REC-20260815-STORE_02-0577;STORE_02;CASH-03;2026-08-15 8:58:57;SKU-001;2;45000;0;CARD
REC-20260815-STORE_02-0577;STORE_02;CASH-09;2026-08-15 8:58:57;SKU-013;4;12000;0;CARD
REC-20260815-STORE_02-0578;STORE_02;CASH-01;2026-08-15 10:59:42;SKU-003;4;45000;0;CARD
REC-20260815-STORE_02-0578;STORE_02;CASH-10;2026-08-15 10:59:42;SKU-037;2;45000;0;CASH
REC-20260815-STORE_02-0579;STORE_02;CASH-06;2026-08-15 8:25:27;SKU-022;2;12000;1000;CARD
REC-20260815-STORE_02-0579;STORE_02;CASH-03;2026-08-15 8:25:27;SKU-012;1;45000;0;CARD
REC-20260815-STORE_02-0580;STORE_02;CASH-06;2026-08-15 13:15:42;SKU-001;1;45000;0;CARD
REC-20260815-STORE_02-0580;STORE_02;CASH-01;2026-08-15 13:15:42;SKU-001;3;45000;1000;CARD
REC-20260815-STORE_02-0580;STORE_02;CASH-08;2026-08-15 13:15:42;SKU-024;2;12000;500;CARD
REC-20260815-STORE_02-0580;STORE_02;CASH-07;2026-08-15 13:15:42;SKU-001;2;45000;0;CARD
REC-20260815-STORE_02-0581;STORE_02;CASH-07;2026-08-15 18:16:01;SKU-003;1;45000;0;CARD
REC-20260815-STORE_02-0581;STORE_02;CASH-02;2026-08-15 18:16:01;SKU-029;3;5000;0;CASH
REC-20260815-STORE_02-0581;STORE_02;CASH-05;2026-08-15 18:16:01;SKU-004;3;25000;0;CASH
REC-20260815-STORE_02-0581;STORE_02;CASH-08;2026-08-15 18:16:01;SKU-020;4;12000;0;CARD
REC-20260815-STORE_02-0582;STORE_02;CASH-07;2026-08-15 18:08:44;SKU-001;4;45000;0;CASH
REC-20260815-STORE_02-0583;STORE_02;CASH-09;2026-08-15 20:41:14;SKU-030;4;45000;500;CASH
REC-20260815-STORE_02-0584;STORE_02;CASH-10;2026-08-15 18:05:45;SKU-006;3;45000;500;CARD
REC-20260815-STORE_02-0584;STORE_02;CASH-08;2026-08-15 18:05:45;SKU-011;3;5000;1000;CASH
REC-20260815-STORE_02-0585;STORE_02;CASH-06;2026-08-15 13:53:55;SKU-042;2;5000;0;CARD
REC-20260815-STORE_02-0585;STORE_02;CASH-01;2026-08-15 13:53:55;SKU-002;4;12000;0;CARD
REC-20260815-STORE_02-0585;STORE_02;CASH-07;2026-08-15 13:53:55;SKU-002;1;12000;0;CARD
REC-20260815-STORE_02-0585;STORE_02;CASH-02;2026-08-15 13:53:55;SKU-039;2;5000;1000;CASH
REC-20260815-STORE_02-0586;STORE_02;CASH-10;2026-08-15 13:32:50;SKU-016;1;25000;500;CARD
REC-20260815-STORE_02-0586;STORE_02;CASH-01;2026-08-15 13:32:50;SKU-001;4;45000;500;CARD
REC-20260815-STORE_02-0586;STORE_02;CASH-02;2026-08-15 13:32:50;SKU-004;3;25000;500;CARD
REC-20260815-STORE_02-0586;STORE_02;CASH-10;2026-08-15 13:32:50;SKU-001;1;45000;0;CASH
REC-20260815-STORE_02-0586;STORE_02;CASH-08;2026-08-15 13:32:50;SKU-003;4;45000;1000;CARD
REC-20260815-STORE_02-0587;STORE_02;CASH-03;2026-08-15 19:02:57;SKU-001;2;45000;500;CARD
REC-20260815-STORE_02-0587;STORE_02;CASH-06;2026-08-15 19:02:57;SKU-002;3;12000;0;CARD
REC-20260815-STORE_02-0587;STORE_02;CASH-09;2026-08-15 19:02:57;SKU-004;1;25000;0;CARD
REC-20260815-STORE_02-0587;STORE_02;CASH-02;2026-08-15 19:02:57;SKU-007;3;12000;500;CARD
REC-20260815-STORE_02-0587;STORE_02;CASH-04;2026-08-15 19:02:57;SKU-010;3;25000;0;CARD
REC-20260815-STORE_02-0588;STORE_02;CASH-03;2026-08-15 12:05:38;SKU-050;3;25000;500;CARD
REC-20260815-STORE_02-0588;STORE_02;CASH-08;2026-08-15 12:05:38;SKU-005;4;5000;500;CARD
REC-20260815-STORE_02-0588;STORE_02;CASH-01;2026-08-15 12:05:38;SKU-008;3;12000;1000;CARD
REC-20260815-STORE_02-0588;STORE_02;CASH-04;2026-08-15 12:05:38;SKU-001;2;45000;0;CASH
REC-20260815-STORE_02-0589;STORE_02;CASH-06;2026-08-15 21:53:00;SKU-037;1;45000;0;CARD
REC-20260815-STORE_02-0589;STORE_02;CASH-06;2026-08-15 21:53:00;SKU-001;4;45000;1000;CASH
REC-20260815-STORE_02-0590;STORE_02;CASH-09;2026-08-15 15:52:54;SKU-005;3;5000;1000;CARD
REC-20260815-STORE_02-0590;STORE_02;CASH-03;2026-08-15 15:52:54;SKU-001;3;45000;1000;CARD
REC-20260815-STORE_02-0590;STORE_02;CASH-06;2026-08-15 15:52:54;SKU-005;1;5000;0;CASH
REC-20260815-STORE_02-0590;STORE_02;CASH-04;2026-08-15 15:52:54;SKU-008;3;12000;0;CASH
REC-20260815-STORE_02-0590;STORE_02;CASH-02;2026-08-15 15:52:54;SKU-029;4;5000;1000;CASH
REC-20260815-STORE_02-0591;STORE_02;CASH-01;2026-08-15 13:01:44;SKU-011;2;5000;0;CARD
REC-20260815-STORE_02-0591;STORE_02;CASH-02;2026-08-15 13:01:44;SKU-003;1;45000;1000;CARD
REC-20260815-STORE_02-0591;STORE_02;CASH-08;2026-08-15 13:01:44;SKU-001;4;45000;500;CASH
REC-20260815-STORE_02-0591;STORE_02;CASH-03;2026-08-15 13:01:44;SKU-009;1;25000;0;CARD
REC-20260815-STORE_02-0591;STORE_02;CASH-07;2026-08-15 13:01:44;SKU-018;2;5000;0;CARD
REC-20260815-STORE_02-0592;STORE_02;CASH-10;2026-08-15 16:59:16;SKU-012;3;45000;500;CARD
REC-20260815-STORE_02-0592;STORE_02;CASH-01;2026-08-15 16:59:16;SKU-001;1;45000;500;CASH
REC-20260815-STORE_02-0592;STORE_02;CASH-01;2026-08-15 16:59:16;SKU-005;1;5000;0;CARD
REC-20260815-STORE_02-0592;STORE_02;CASH-08;2026-08-15 16:59:16;SKU-002;3;12000;0;CARD
REC-20260815-STORE_02-0593;STORE_02;CASH-01;2026-08-15 9:27:00;SKU-030;4;45000;0;CASH
REC-20260815-STORE_02-0594;STORE_02;CASH-08;2026-08-15 14:01:27;SKU-004;4;25000;1000;CARD
REC-20260815-STORE_02-0594;STORE_02;CASH-10;2026-08-15 14:01:27;SKU-001;2;45000;0;CARD
REC-20260815-STORE_02-0594;STORE_02;CASH-02;2026-08-15 14:01:27;SKU-004;3;25000;500;CARD
REC-20260815-STORE_02-0594;STORE_02;CASH-10;2026-08-15 14:01:27;SKU-008;2;12000;1000;CARD
REC-20260815-STORE_02-0595;STORE_02;CASH-08;2026-08-15 14:00:51;SKU-023;2;45000;0;CASH
REC-20260815-STORE_02-0595;STORE_02;CASH-07;2026-08-15 14:00:51;SKU-004;3;25000;500;CARD
REC-20260815-STORE_02-0595;STORE_02;CASH-04;2026-08-15 14:00:51;SKU-003;1;45000;0;CARD
REC-20260815-STORE_02-0595;STORE_02;CASH-06;2026-08-15 14:00:51;SKU-001;4;45000;0;CARD
REC-20260815-STORE_02-0595;STORE_02;CASH-03;2026-08-15 14:00:51;SKU-047;1;5000;0;CARD
REC-20260815-STORE_02-0596;STORE_02;CASH-05;2026-08-15 19:41:35;SKU-016;3;25000;0;CASH
REC-20260815-STORE_02-0596;STORE_02;CASH-10;2026-08-15 19:41:35;SKU-009;4;25000;0;CARD
REC-20260815-STORE_02-0596;STORE_02;CASH-07;2026-08-15 19:41:35;SKU-001;2;45000;500;CARD
REC-20260815-STORE_02-0597;STORE_02;CASH-08;2026-08-15 18:55:10;SKU-010;4;25000;0;CARD
REC-20260815-STORE_02-0597;STORE_02;CASH-06;2026-08-15 18:55:10;SKU-002;2;12000;1000;CARD
REC-20260815-STORE_02-0597;STORE_02;CASH-08;2026-08-15 18:55:10;SKU-009;1;25000;0;CASH
REC-20260815-STORE_02-0597;STORE_02;CASH-05;2026-08-15 18:55:10;SKU-001;3;45000;0;CASH
REC-20260815-STORE_02-0597;STORE_02;CASH-07;2026-08-15 18:55:10;SKU-020;4;12000;500;CASH
REC-20260815-STORE_02-0598;STORE_02;CASH-01;2026-08-15 9:48:57;SKU-003;2;45000;1000;CASH
REC-20260815-STORE_02-0598;STORE_02;CASH-08;2026-08-15 9:48:57;SKU-019;3;25000;0;CARD
REC-20260815-STORE_02-0599;STORE_02;CASH-02;2026-08-15 10:22:56;SKU-023;1;45000;1000;CARD
REC-20260815-STORE_02-0599;STORE_02;CASH-07;2026-08-15 10:22:56;SKU-024;3;12000;1000;CARD
REC-20260815-STORE_02-0600;STORE_02;CASH-02;2026-08-15 8:57:03;SKU-007;3;12000;0;CARD
REC-20260815-STORE_02-0600;STORE_02;CASH-05;2026-08-15 8:57:03;SKU-002;2;12000;1000;CASH
REC-20260815-STORE_02-0600;STORE_02;CASH-10;2026-08-15 8:57:03;SKU-006;2;45000;0;CASH
REC-20260815-STORE_02-0600;STORE_02;CASH-09;2026-08-15 8:57:03;SKU-001;4;45000;0;CASH
REC-20260815-STORE_02-0601;STORE_02;CASH-10;2026-08-15 12:48:38;SKU-023;4;45000;0;CASH
REC-20260815-STORE_02-0601;STORE_02;CASH-02;2026-08-15 12:48:38;SKU-015;2;5000;1000;CARD
REC-20260815-STORE_02-0602;STORE_02;CASH-01;2026-08-15 15:03:38;SKU-023;4;45000;0;CASH
REC-20260815-STORE_02-0603;STORE_02;CASH-07;2026-08-15 15:27:22;SKU-001;2;45000;500;CARD
REC-20260815-STORE_02-0603;STORE_02;CASH-01;2026-08-15 15:27:22;SKU-002;4;12000;0;CARD
REC-20260815-STORE_02-0603;STORE_02;CASH-05;2026-08-15 15:27:22;SKU-003;4;45000;0;CARD
REC-20260815-STORE_02-0603;STORE_02;CASH-09;2026-08-15 15:27:22;SKU-012;2;45000;0;CASH
REC-20260815-STORE_02-0604;STORE_02;CASH-09;2026-08-15 14:50:53;SKU-002;1;12000;500;CASH
REC-20260815-STORE_02-0604;STORE_02;CASH-01;2026-08-15 14:50:53;SKU-001;3;45000;0;CARD
REC-20260815-STORE_02-0604;STORE_02;CASH-02;2026-08-15 14:50:53;SKU-001;3;45000;500;CARD
REC-20260815-STORE_02-0604;STORE_02;CASH-05;2026-08-15 14:50:53;SKU-004;3;25000;0;CARD
REC-20260815-STORE_02-0605;STORE_02;CASH-01;2026-08-15 15:30:30;SKU-004;2;25000;1000;CASH
REC-20260815-STORE_02-0605;STORE_02;CASH-02;2026-08-15 15:30:30;SKU-044;4;5000;0;CASH
REC-20260815-STORE_02-0605;STORE_02;CASH-07;2026-08-15 15:30:30;SKU-038;4;12000;1000;CARD
REC-20260815-STORE_02-0606;STORE_02;CASH-10;2026-08-15 20:13:13;SKU-008;1;12000;0;CARD
REC-20260815-STORE_02-0606;STORE_02;CASH-06;2026-08-15 20:13:13;SKU-002;2;12000;500;CASH
REC-20260815-STORE_02-0606;STORE_02;CASH-04;2026-08-15 20:13:13;SKU-040;1;25000;0;CASH
REC-20260815-STORE_02-0606;STORE_02;CASH-07;2026-08-15 20:13:13;SKU-008;4;12000;0;CASH
REC-20260815-STORE_02-0606;STORE_02;CASH-03;2026-08-15 20:13:13;SKU-001;1;45000;0;CARD
REC-20260815-STORE_02-0607;STORE_02;CASH-03;2026-08-15 20:33:31;SKU-004;4;25000;0;CARD
REC-20260815-STORE_02-0607;STORE_02;CASH-09;2026-08-15 20:33:31;SKU-035;2;5000;500;CARD
REC-20260815-STORE_02-0607;STORE_02;CASH-09;2026-08-15 20:33:31;SKU-007;1;12000;0;CASH
REC-20260815-STORE_02-0607;STORE_02;CASH-05;2026-08-15 20:33:31;SKU-001;2;45000;0;CARD
REC-20260815-STORE_02-0608;STORE_02;CASH-07;2026-08-15 18:56:08;SKU-011;1;5000;0;CASH
REC-20260815-STORE_02-0608;STORE_02;CASH-07;2026-08-15 18:56:08;SKU-022;3;12000;0;CARD
REC-20260815-STORE_02-0608;STORE_02;CASH-10;2026-08-15 18:56:08;SKU-017;4;12000;0;CARD
REC-20260815-STORE_02-0608;STORE_02;CASH-02;2026-08-15 18:56:08;SKU-005;4;5000;0;CASH
REC-20260815-STORE_02-0608;STORE_02;CASH-10;2026-08-15 18:56:08;SKU-047;1;5000;0;CARD
REC-20260815-STORE_02-0609;STORE_02;CASH-08;2026-08-15 20:11:27;SKU-001;4;45000;500;CASH
REC-20260815-STORE_02-0609;STORE_02;CASH-02;2026-08-15 20:11:27;SKU-018;2;5000;0;CARD
REC-20260815-STORE_02-0609;STORE_02;CASH-01;2026-08-15 20:11:27;SKU-013;1;12000;0;CARD
REC-20260815-STORE_02-0610;STORE_02;CASH-10;2026-08-15 8:18:52;SKU-002;1;12000;0;CARD
REC-20260815-STORE_02-0611;STORE_02;CASH-10;2026-08-15 15:49:51;SKU-001;4;45000;0;CASH
REC-20260815-STORE_02-0611;STORE_02;CASH-09;2026-08-15 15:49:51;SKU-002;4;12000;0;CARD
REC-20260815-STORE_02-0612;STORE_02;CASH-08;2026-08-15 21:06:51;SKU-002;4;12000;0;CARD
REC-20260815-STORE_02-0613;STORE_02;CASH-05;2026-08-15 13:34:04;SKU-001;2;45000;0;CARD
REC-20260815-STORE_02-0613;STORE_02;CASH-03;2026-08-15 13:34:04;SKU-001;3;45000;1000;CARD
REC-20260815-STORE_02-0613;STORE_02;CASH-07;2026-08-15 13:34:04;SKU-001;4;45000;1000;CASH
REC-20260815-STORE_02-0613;STORE_02;CASH-05;2026-08-15 13:34:04;SKU-003;3;45000;0;CARD
REC-20260815-STORE_02-0614;STORE_02;CASH-05;2026-08-15 18:49:11;SKU-038;4;12000;0;CARD
REC-20260815-STORE_02-0614;STORE_02;CASH-01;2026-08-15 18:49:11;SKU-003;1;45000;0;CARD
REC-20260815-STORE_02-0615;STORE_02;CASH-03;2026-08-15 14:15:05;SKU-008;1;12000;500;CARD
REC-20260815-STORE_02-0615;STORE_02;CASH-02;2026-08-15 14:15:05;SKU-005;4;5000;0;CARD
REC-20260815-STORE_02-0615;STORE_02;CASH-05;2026-08-15 14:15:05;SKU-001;2;45000;0;CASH
REC-20260815-STORE_02-0616;STORE_02;CASH-06;2026-08-15 16:22:23;SKU-030;2;45000;1000;CARD
REC-20260815-STORE_02-0616;STORE_02;CASH-02;2026-08-15 16:22:23;SKU-001;3;45000;0;CARD
REC-20260815-STORE_02-0616;STORE_02;CASH-05;2026-08-15 16:22:23;SKU-001;1;45000;500;CARD
REC-20260815-STORE_02-0617;STORE_02;CASH-02;2026-08-15 18:15:46;SKU-018;1;5000;0;CARD
REC-20260815-STORE_02-0617;STORE_02;CASH-09;2026-08-15 18:15:46;SKU-045;1;45000;0;CASH
REC-20260815-STORE_02-0618;STORE_02;CASH-01;2026-08-15 12:05:26;SKU-023;4;45000;0;CARD
REC-20260815-STORE_02-0618;STORE_02;CASH-06;2026-08-15 12:05:26;SKU-036;2;45000;0;CARD
REC-20260815-STORE_02-0618;STORE_02;CASH-03;2026-08-15 12:05:26;SKU-001;1;45000;0;CARD
REC-20260815-STORE_02-0619;STORE_02;CASH-06;2026-08-15 17:28:39;SKU-001;1;45000;500;CASH
REC-20260815-STORE_02-0619;STORE_02;CASH-10;2026-08-15 17:28:39;SKU-001;1;45000;500;CARD
REC-20260815-STORE_02-0619;STORE_02;CASH-09;2026-08-15 17:28:39;SKU-001;4;45000;1000;CARD
REC-20260815-STORE_02-0619;STORE_02;CASH-07;2026-08-15 17:28:39;SKU-043;2;25000;0;CASH
REC-20260815-STORE_02-0619;STORE_02;CASH-06;2026-08-15 17:28:39;SKU-017;2;12000;0;CARD
REC-20260815-STORE_02-0620;STORE_02;CASH-05;2026-08-15 8:42:51;SKU-001;1;45000;0;CASH
REC-20260815-STORE_02-0620;STORE_02;CASH-05;2026-08-15 8:42:51;SKU-002;4;12000;500;CARD
REC-20260815-STORE_02-0620;STORE_02;CASH-01;2026-08-15 8:42:51;SKU-003;4;45000;0;CASH
REC-20260815-STORE_02-0621;STORE_02;CASH-04;2026-08-15 11:05:16;SKU-050;3;25000;500;CARD
REC-20260815-STORE_02-0621;STORE_02;CASH-04;2026-08-15 11:05:16;SKU-003;2;45000;0;CARD
REC-20260815-STORE_02-0622;STORE_02;CASH-08;2026-08-15 20:27:18;SKU-003;3;45000;0;CASH
REC-20260815-STORE_02-0622;STORE_02;CASH-07;2026-08-15 20:27:18;SKU-001;1;45000;0;CASH
REC-20260815-STORE_02-0622;STORE_02;CASH-07;2026-08-15 20:27:18;SKU-001;3;45000;0;CARD
REC-20260815-STORE_02-0623;STORE_02;CASH-02;2026-08-15 9:58:37;SKU-004;1;25000;0;CASH
REC-20260815-STORE_02-0623;STORE_02;CASH-01;2026-08-15 9:58:37;SKU-001;1;45000;0;CARD
REC-20260815-STORE_02-0624;STORE_02;CASH-05;2026-08-15 21:28:54;SKU-049;4;5000;0;CASH
REC-20260815-STORE_02-0624;STORE_02;CASH-06;2026-08-15 21:28:54;SKU-006;3;45000;0;CARD
REC-20260815-STORE_02-0624;STORE_02;CASH-08;2026-08-15 21:28:54;SKU-005;2;5000;0;CARD
REC-20260815-STORE_02-0624;STORE_02;CASH-04;2026-08-15 21:28:54;SKU-039;2;5000;500;CASH
REC-20260815-STORE_02-0624;STORE_02;CASH-07;2026-08-15 21:28:54;SKU-006;1;45000;0;CARD
REC-20260815-STORE_02-0625;STORE_02;CASH-09;2026-08-15 13:37:24;SKU-048;4;25000;500;CARD
REC-20260815-STORE_02-0625;STORE_02;CASH-03;2026-08-15 13:37:24;SKU-004;4;25000;1000;CARD
REC-20260815-STORE_02-0625;STORE_02;CASH-05;2026-08-15 13:37:24;SKU-005;4;5000;500;CASH
REC-20260815-STORE_02-0625;STORE_02;CASH-09;2026-08-15 13:37:24;SKU-038;4;12000;0;CARD
REC-20260815-STORE_02-0626;STORE_02;CASH-07;2026-08-15 18:05:02;SKU-043;1;25000;500;CARD
REC-20260815-STORE_02-0626;STORE_02;CASH-10;2026-08-15 18:05:02;SKU-031;4;45000;0;CASH
REC-20260815-STORE_02-0626;STORE_02;CASH-07;2026-08-15 18:05:02;SKU-007;4;12000;0;CARD
REC-20260815-STORE_02-0626;STORE_02;CASH-02;2026-08-15 18:05:02;SKU-007;3;12000;0;CARD
REC-20260815-STORE_02-0626;STORE_02;CASH-09;2026-08-15 18:05:02;SKU-004;2;25000;0;CASH
REC-20260815-STORE_02-0627;STORE_02;CASH-02;2026-08-15 10:08:16;SKU-003;3;45000;0;CARD
REC-20260815-STORE_02-0627;STORE_02;CASH-02;2026-08-15 10:08:16;SKU-018;3;5000;500;CARD
REC-20260815-STORE_02-0627;STORE_02;CASH-10;2026-08-15 10:08:16;SKU-005;2;5000;1000;CASH
REC-20260815-STORE_02-0627;STORE_02;CASH-03;2026-08-15 10:08:16;SKU-002;4;12000;500;CARD
REC-20260815-STORE_02-0627;STORE_02;CASH-09;2026-08-15 10:08:16;SKU-045;4;45000;0;CARD
REC-20260815-STORE_02-0628;STORE_02;CASH-06;2026-08-15 16:51:55;SKU-004;4;25000;0;CARD
REC-20260815-STORE_02-0628;STORE_02;CASH-10;2026-08-15 16:51:55;SKU-034;1;25000;1000;CARD
REC-20260815-STORE_02-0628;STORE_02;CASH-08;2026-08-15 16:51:55;SKU-001;3;45000;0;CARD
REC-20260815-STORE_02-0629;STORE_02;CASH-08;2026-08-15 14:46:23;SKU-050;2;25000;500;CARD
REC-20260815-STORE_02-0629;STORE_02;CASH-07;2026-08-15 14:46:23;SKU-002;4;12000;0;CARD
REC-20260815-STORE_02-0629;STORE_02;CASH-07;2026-08-15 14:46:23;SKU-007;4;12000;0;CASH
REC-20260815-STORE_02-0629;STORE_02;CASH-02;2026-08-15 14:46:23;SKU-007;1;12000;500;CARD
REC-20260815-STORE_02-0630;STORE_02;CASH-06;2026-08-15 10:53:53;SKU-003;2;45000;0;CARD
REC-20260815-STORE_02-0630;STORE_02;CASH-01;2026-08-15 10:53:53;SKU-010;2;25000;1000;CARD
REC-20260815-STORE_02-0630;STORE_02;CASH-02;2026-08-15 10:53:53;SKU-002;2;12000;0;CARD
REC-20260815-STORE_02-0630;STORE_02;CASH-03;2026-08-15 10:53:53;SKU-001;2;45000;1000;CARD
REC-20260815-STORE_02-0630;STORE_02;CASH-07;2026-08-15 10:53:53;SKU-003;3;45000;0;CARD
REC-20260815-STORE_02-0631;STORE_02;CASH-07;2026-08-15 18:47:37;SKU-001;4;45000;0;CARD
REC-20260815-STORE_02-0631;STORE_02;CASH-05;2026-08-15 18:47:37;SKU-002;1;12000;1000;CASH
REC-20260815-STORE_02-0632;STORE_02;CASH-01;2026-08-15 18:43:54;SKU-005;3;5000;1000;CARD
REC-20260815-STORE_02-0632;STORE_02;CASH-05;2026-08-15 18:43:54;SKU-011;1;5000;0;CARD
REC-20260815-STORE_02-0633;STORE_02;CASH-07;2026-08-15 12:23:14;SKU-002;4;12000;0;CARD
REC-20260815-STORE_02-0634;STORE_02;CASH-10;2026-08-15 12:22:00;SKU-009;4;25000;0;CASH
REC-20260815-STORE_02-0634;STORE_02;CASH-07;2026-08-15 12:22:00;SKU-010;4;25000;1000;CARD
REC-20260815-STORE_02-0634;STORE_02;CASH-06;2026-08-15 12:22:00;SKU-009;3;25000;0;CARD
REC-20260815-STORE_02-0634;STORE_02;CASH-02;2026-08-15 12:22:00;SKU-014;2;5000;0;CARD
REC-20260815-STORE_02-0635;STORE_02;CASH-03;2026-08-15 14:38:55;SKU-003;1;45000;0;CARD
REC-20260815-STORE_02-0635;STORE_02;CASH-03;2026-08-15 14:38:55;SKU-007;3;12000;0;CARD
REC-20260815-STORE_02-0635;STORE_02;CASH-07;2026-08-15 14:38:55;SKU-003;4;45000;0;CARD
REC-20260815-STORE_02-0636;STORE_02;CASH-06;2026-08-15 18:18:27;SKU-009;1;25000;0;CARD
REC-20260815-STORE_02-0636;STORE_02;CASH-09;2026-08-15 18:18:27;SKU-002;4;12000;1000;CASH
REC-20260815-STORE_02-0636;STORE_02;CASH-04;2026-08-15 18:18:27;SKU-011;4;5000;0;CARD
REC-20260815-STORE_02-0636;STORE_02;CASH-10;2026-08-15 18:18:27;SKU-012;1;45000;500;CARD
REC-20260815-STORE_02-0636;STORE_02;CASH-02;2026-08-15 18:18:27;SKU-002;4;12000;0;CARD
REC-20260815-STORE_02-0637;STORE_02;CASH-01;2026-08-15 15:10:57;SKU-005;2;5000;0;CARD
REC-20260815-STORE_02-0637;STORE_02;CASH-06;2026-08-15 15:10:57;SKU-029;4;5000;1000;CASH
REC-20260815-STORE_02-0637;STORE_02;CASH-07;2026-08-15 15:10:57;SKU-002;2;12000;1000;CARD
REC-20260815-STORE_02-0637;STORE_02;CASH-03;2026-08-15 15:10:57;SKU-006;2;45000;1000;CASH
REC-20260815-STORE_02-0637;STORE_02;CASH-03;2026-08-15 15:10:57;SKU-001;1;45000;0;CASH
REC-20260815-STORE_02-0638;STORE_02;CASH-09;2026-08-15 19:58:43;SKU-010;2;25000;0;CARD
REC-20260815-STORE_02-0638;STORE_02;CASH-02;2026-08-15 19:58:43;SKU-013;2;12000;0;CASH
REC-20260815-STORE_02-0638;STORE_02;CASH-08;2026-08-15 19:58:43;SKU-011;4;5000;0;CARD
REC-20260815-STORE_02-0639;STORE_02;CASH-10;2026-08-15 13:25:31;SKU-034;4;25000;0;CARD
REC-20260815-STORE_02-0639;STORE_02;CASH-08;2026-08-15 13:25:31;SKU-001;3;45000;500;CARD
REC-20260815-STORE_02-0639;STORE_02;CASH-09;2026-08-15 13:25:31;SKU-024;3;12000;0;CARD
REC-20260815-STORE_02-0640;STORE_02;CASH-06;2026-08-15 16:11:20;SKU-029;4;5000;1000;CARD
REC-20260815-STORE_02-0640;STORE_02;CASH-04;2026-08-15 16:11:20;SKU-025;2;5000;0;CARD
REC-20260815-STORE_02-0640;STORE_02;CASH-01;2026-08-15 16:11:20;SKU-023;4;45000;0;CASH
REC-20260815-STORE_02-0640;STORE_02;CASH-09;2026-08-15 16:11:20;SKU-003;2;45000;0;CARD
REC-20260815-STORE_02-0640;STORE_02;CASH-07;2026-08-15 16:11:20;SKU-006;1;45000;1000;CARD
REC-20260815-STORE_02-0641;STORE_02;CASH-09;2026-08-15 17:49:47;SKU-041;2;25000;0;CASH
REC-20260815-STORE_02-0641;STORE_02;CASH-07;2026-08-15 17:49:47;SKU-008;2;12000;1000;CARD
REC-20260815-STORE_02-0642;STORE_02;CASH-05;2026-08-15 18:10:49;SKU-010;4;25000;1000;CARD
REC-20260815-STORE_02-0642;STORE_02;CASH-04;2026-08-15 18:10:49;SKU-002;2;12000;0;CASH
REC-20260815-STORE_02-0642;STORE_02;CASH-01;2026-08-15 18:10:49;SKU-018;1;5000;1000;CASH
REC-20260815-STORE_02-0642;STORE_02;CASH-01;2026-08-15 18:10:49;SKU-009;2;25000;0;CARD
REC-20260815-STORE_02-0643;STORE_02;CASH-09;2026-08-15 9:06:48;SKU-001;1;45000;1000;CARD
REC-20260815-STORE_02-0643;STORE_02;CASH-09;2026-08-15 9:06:48;SKU-005;2;5000;0;CARD
REC-20260815-STORE_02-0644;STORE_02;CASH-07;2026-08-15 11:35:38;SKU-030;3;45000;0;CARD
REC-20260815-STORE_02-0644;STORE_02;CASH-07;2026-08-15 11:35:38;SKU-001;3;45000;1000;CASH
REC-20260815-STORE_02-0644;STORE_02;CASH-04;2026-08-15 11:35:38;SKU-001;1;45000;1000;CARD
REC-20260815-STORE_02-0644;STORE_02;CASH-05;2026-08-15 11:35:38;SKU-025;1;5000;1000;CARD
REC-20260815-STORE_02-0644;STORE_02;CASH-03;2026-08-15 11:35:38;SKU-001;2;45000;0;CARD
REC-20260815-STORE_02-0645;STORE_02;CASH-02;2026-08-15 14:06:40;SKU-020;3;12000;0;CARD
REC-20260815-STORE_02-0645;STORE_02;CASH-10;2026-08-15 14:06:40;SKU-002;2;12000;1000;CASH
REC-20260815-STORE_02-0645;STORE_02;CASH-07;2026-08-15 14:06:40;SKU-013;2;12000;500;CASH
REC-20260815-STORE_02-0645;STORE_02;CASH-10;2026-08-15 14:06:40;SKU-005;2;5000;0;CASH
REC-20260815-STORE_02-0645;STORE_02;CASH-04;2026-08-15 14:06:40;SKU-006;3;45000;0;CARD
REC-20260815-STORE_02-0646;STORE_02;CASH-02;2026-08-15 21:59:49;SKU-001;3;45000;0;CASH
REC-20260815-STORE_02-0646;STORE_02;CASH-03;2026-08-15 21:59:49;SKU-004;1;25000;0;CARD
REC-20260815-STORE_02-0646;STORE_02;CASH-04;2026-08-15 21:59:49;SKU-002;2;12000;1000;CASH
REC-20260815-STORE_02-0646;STORE_02;CASH-02;2026-08-15 21:59:49;SKU-003;4;45000;0;CARD
REC-20260815-STORE_02-0647;STORE_02;CASH-01;2026-08-15 12:16:19;SKU-044;3;5000;0;CASH
REC-20260815-STORE_02-0647;STORE_02;CASH-04;2026-08-15 12:16:19;SKU-001;1;45000;0;CARD
REC-20260815-STORE_02-0647;STORE_02;CASH-02;2026-08-15 12:16:19;SKU-003;1;45000;0;CARD
REC-20260815-STORE_02-0648;STORE_02;CASH-07;2026-08-15 19:32:01;SKU-019;3;25000;1000;CARD
REC-20260815-STORE_02-0648;STORE_02;CASH-04;2026-08-15 19:32:01;SKU-013;4;12000;0;CARD
REC-20260815-STORE_02-0648;STORE_02;CASH-05;2026-08-15 19:32:01;SKU-009;4;25000;0;CARD
REC-20260815-STORE_02-0649;STORE_02;CASH-03;2026-08-15 21:35:39;SKU-034;2;25000;0;CARD
REC-20260815-STORE_02-0649;STORE_02;CASH-02;2026-08-15 21:35:39;SKU-012;3;45000;0;CASH
REC-20260815-STORE_02-0649;STORE_02;CASH-04;2026-08-15 21:35:39;SKU-020;3;12000;500;CASH
REC-20260815-STORE_02-0650;STORE_02;CASH-08;2026-08-15 9:19:32;SKU-003;1;45000;0;CASH
REC-20260815-STORE_02-0650;STORE_02;CASH-03;2026-08-15 9:19:32;SKU-018;1;5000;0;CARD
REC-20260815-STORE_02-0651;STORE_02;CASH-06;2026-08-15 17:49:18;SKU-007;1;12000;1000;CASH
REC-20260815-STORE_02-0651;STORE_02;CASH-05;2026-08-15 17:49:18;SKU-003;3;45000;0;CASH
REC-20260815-STORE_02-0651;STORE_02;CASH-06;2026-08-15 17:49:18;SKU-001;4;45000;0;CARD
REC-20260815-STORE_02-0652;STORE_02;CASH-03;2026-08-15 12:34:38;SKU-005;2;5000;0;CARD
REC-20260815-STORE_02-0652;STORE_02;CASH-04;2026-08-15 12:34:38;SKU-006;4;45000;0;CASH
REC-20260815-STORE_02-0652;STORE_02;CASH-05;2026-08-15 12:34:38;SKU-002;4;12000;0;CARD
REC-20260815-STORE_02-0652;STORE_02;CASH-10;2026-08-15 12:34:38;SKU-004;4;25000;0;CARD
REC-20260815-STORE_02-0652;STORE_02;CASH-02;2026-08-15 12:34:38;SKU-001;1;45000;500;CARD
REC-20260815-STORE_02-0653;STORE_02;CASH-07;2026-08-15 11:01:25;SKU-037;3;45000;500;CARD
REC-20260815-STORE_02-0653;STORE_02;CASH-09;2026-08-15 11:01:25;SKU-002;1;12000;0;CARD
REC-20260815-STORE_02-0653;STORE_02;CASH-07;2026-08-15 11:01:25;SKU-028;4;5000;500;CARD
REC-20260815-STORE_02-0654;STORE_02;CASH-03;2026-08-15 8:03:39;SKU-001;4;45000;0;CASH
REC-20260815-STORE_02-0654;STORE_02;CASH-01;2026-08-15 8:03:39;SKU-008;2;12000;0;CARD
REC-20260815-STORE_02-0654;STORE_02;CASH-09;2026-08-15 8:03:39;SKU-003;2;45000;500;CARD
REC-20260815-STORE_02-0654;STORE_02;CASH-07;2026-08-15 8:03:39;SKU-044;1;5000;0;CARD
REC-20260815-STORE_02-0654;STORE_02;CASH-01;2026-08-15 8:03:39;SKU-002;3;12000;0;CARD
REC-20260815-STORE_02-0655;STORE_02;CASH-09;2026-08-15 9:50:47;SKU-004;3;25000;1000;CARD
REC-20260815-STORE_02-0655;STORE_02;CASH-05;2026-08-15 9:50:47;SKU-025;3;5000;500;CARD
REC-20260815-STORE_02-0656;STORE_02;CASH-03;2026-08-15 10:42:35;SKU-018;4;5000;0;CARD
REC-20260815-STORE_02-0656;STORE_02;CASH-05;2026-08-15 10:42:35;SKU-002;4;12000;1000;CASH
REC-20260815-STORE_02-0656;STORE_02;CASH-07;2026-08-15 10:42:35;SKU-001;4;45000;0;CARD
REC-20260815-STORE_02-0656;STORE_02;CASH-02;2026-08-15 10:42:35;SKU-007;3;12000;500;CASH
REC-20260815-STORE_02-0657;STORE_02;CASH-09;2026-08-15 18:29:54;SKU-022;1;12000;0;CARD
REC-20260815-STORE_02-0657;STORE_02;CASH-02;2026-08-15 18:29:54;SKU-023;2;45000;0;CARD
REC-20260815-STORE_02-0657;STORE_02;CASH-03;2026-08-15 18:29:54;SKU-003;3;45000;0;CARD
REC-20260815-STORE_02-0657;STORE_02;CASH-10;2026-08-15 18:29:54;SKU-002;2;12000;1000;CARD
REC-20260815-STORE_02-0658;STORE_02;CASH-02;2026-08-15 21:06:32;SKU-007;2;12000;0;CARD
REC-20260815-STORE_02-0658;STORE_02;CASH-09;2026-08-15 21:06:32;SKU-004;4;25000;0;CARD
REC-20260815-STORE_02-0658;STORE_02;CASH-10;2026-08-15 21:06:32;SKU-001;3;45000;0;CARD
REC-20260815-STORE_02-0658;STORE_02;CASH-01;2026-08-15 21:06:32;SKU-012;1;45000;0;CARD
REC-20260815-STORE_02-0658;STORE_02;CASH-02;2026-08-15 21:06:32;SKU-001;3;45000;0;CASH
REC-20260815-STORE_02-0659;STORE_02;CASH-05;2026-08-15 10:59:35;SKU-012;3;45000;1000;CARD
REC-20260815-STORE_02-0659;STORE_02;CASH-09;2026-08-15 10:59:35;SKU-007;2;12000;0;CARD
REC-20260815-STORE_02-0659;STORE_02;CASH-02;2026-08-15 10:59:35;SKU-011;1;5000;500;CARD
REC-20260815-STORE_02-0660;STORE_02;CASH-04;2026-08-15 16:21:03;SKU-013;1;12000;0;CASH
REC-20260815-STORE_02-0661;STORE_02;CASH-05;2026-08-15 16:17:17;SKU-014;2;5000;0;CARD
REC-20260815-STORE_02-0661;STORE_02;CASH-10;2026-08-15 16:17:17;SKU-001;4;45000;0;CARD
REC-20260815-STORE_02-0661;STORE_02;CASH-03;2026-08-15 16:17:17;SKU-002;2;12000;0;CARD
REC-20260815-STORE_02-0661;STORE_02;CASH-10;2026-08-15 16:17:17;SKU-030;2;45000;0;CARD
REC-20260815-STORE_02-0662;STORE_02;CASH-04;2026-08-15 14:34:54;SKU-017;3;12000;0;CARD
REC-20260815-STORE_02-0662;STORE_02;CASH-03;2026-08-15 14:34:54;SKU-005;3;5000;500;CARD
REC-20260815-STORE_02-0662;STORE_02;CASH-03;2026-08-15 14:34:54;SKU-002;2;12000;0;CARD
REC-20260815-STORE_02-0662;STORE_02;CASH-06;2026-08-15 14:34:54;SKU-026;4;12000;0;CARD
REC-20260815-STORE_02-0662;STORE_02;CASH-01;2026-08-15 14:34:54;SKU-024;4;12000;1000;CASH
REC-20260815-STORE_02-0663;STORE_02;CASH-04;2026-08-15 17:02:58;SKU-004;2;25000;0;CASH
REC-20260815-STORE_02-0663;STORE_02;CASH-08;2026-08-15 17:02:58;SKU-003;1;45000;0;CARD
REC-20260815-STORE_02-0664;STORE_02;CASH-05;2026-08-15 12:26:29;SKU-044;2;5000;0;CASH
REC-20260815-STORE_02-0664;STORE_02;CASH-01;2026-08-15 12:26:29;SKU-001;3;45000;0;CARD
REC-20260815-STORE_02-0664;STORE_02;CASH-05;2026-08-15 12:26:29;SKU-007;4;12000;0;CARD
REC-20260815-STORE_02-0664;STORE_02;CASH-08;2026-08-15 12:26:29;SKU-002;4;12000;0;CARD
REC-20260815-STORE_02-0664;STORE_02;CASH-06;2026-08-15 12:26:29;SKU-035;3;5000;0;CARD
REC-20260815-STORE_02-0665;STORE_02;CASH-02;2026-08-15 19:28:40;SKU-009;1;25000;0;CARD
REC-20260815-STORE_02-0666;STORE_02;CASH-05;2026-08-15 10:03:57;SKU-016;1;25000;1000;CARD
REC-20260815-STORE_02-0666;STORE_02;CASH-07;2026-08-15 10:03:57;SKU-006;3;45000;0;CARD
REC-20260815-STORE_02-0666;STORE_02;CASH-08;2026-08-15 10:03:57;SKU-001;4;45000;0;CARD
REC-20260815-STORE_02-0666;STORE_02;CASH-03;2026-08-15 10:03:57;SKU-009;2;25000;0;CASH
REC-20260815-STORE_02-0667;STORE_02;CASH-05;2026-08-15 20:13:13;SKU-001;4;45000;0;CARD
REC-20260815-STORE_02-0667;STORE_02;CASH-07;2026-08-15 20:13:13;SKU-012;1;45000;500;CARD
REC-20260815-STORE_02-0667;STORE_02;CASH-03;2026-08-15 20:13:13;SKU-008;1;12000;0;CARD
REC-20260815-STORE_02-0668;STORE_02;CASH-01;2026-08-15 12:30:43;SKU-028;4;5000;0;CASH
REC-20260815-STORE_02-0669;STORE_02;CASH-04;2026-08-15 14:38:25;SKU-032;1;25000;500;CASH
REC-20260815-STORE_02-0670;STORE_02;CASH-10;2026-08-15 11:10:29;SKU-010;1;25000;1000;CARD
REC-20260815-STORE_02-0670;STORE_02;CASH-01;2026-08-15 11:10:29;SKU-043;2;25000;0;CASH
REC-20260815-STORE_02-0671;STORE_02;CASH-06;2026-08-15 19:44:52;SKU-029;2;5000;0;CARD
REC-20260815-STORE_02-0672;STORE_02;CASH-02;2026-08-15 21:01:07;SKU-014;1;5000;0;CARD
REC-20260815-STORE_02-0673;STORE_02;CASH-06;2026-08-15 19:45:49;SKU-035;1;5000;0;CARD
REC-20260815-STORE_02-0673;STORE_02;CASH-09;2026-08-15 19:45:49;SKU-004;4;25000;500;CASH
REC-20260815-STORE_02-0673;STORE_02;CASH-01;2026-08-15 19:45:49;SKU-027;1;5000;1000;CARD
REC-20260815-STORE_02-0673;STORE_02;CASH-01;2026-08-15 19:45:49;SKU-004;1;25000;500;CASH
REC-20260815-STORE_02-0674;STORE_02;CASH-09;2026-08-15 12:37:43;SKU-002;2;12000;0;CARD
REC-20260815-STORE_02-0675;STORE_02;CASH-03;2026-08-15 17:53:25;SKU-027;3;5000;0;CASH
REC-20260815-STORE_02-0675;STORE_02;CASH-09;2026-08-15 17:53:25;SKU-013;1;12000;0;CARD
REC-20260815-STORE_02-0676;STORE_02;CASH-08;2026-08-15 11:31:06;SKU-012;3;45000;500;CASH
REC-20260815-STORE_02-0676;STORE_02;CASH-07;2026-08-15 11:31:06;SKU-016;4;25000;0;CARD
REC-20260815-STORE_02-0677;STORE_02;CASH-01;2026-08-15 8:42:07;SKU-002;3;12000;0;CASH
REC-20260815-STORE_02-0677;STORE_02;CASH-04;2026-08-15 8:42:07;SKU-001;4;45000;0;CARD
REC-20260815-STORE_02-0678;STORE_02;CASH-05;2026-08-15 21:37:56;SKU-004;4;25000;0;CASH
REC-20260815-STORE_02-0679;STORE_02;CASH-01;2026-08-15 21:11:51;SKU-035;4;5000;1000;CARD
REC-20260815-STORE_02-0679;STORE_02;CASH-08;2026-08-15 21:11:51;SKU-008;3;12000;0;CARD
REC-20260815-STORE_02-0680;STORE_02;CASH-08;2026-08-15 13:24:28;SKU-021;1;5000;0;CASH
REC-20260815-STORE_02-0680;STORE_02;CASH-06;2026-08-15 13:24:28;SKU-003;3;45000;1000;CASH
REC-20260815-STORE_02-0680;STORE_02;CASH-08;2026-08-15 13:24:28;SKU-011;1;5000;0;CARD
REC-20260815-STORE_02-0680;STORE_02;CASH-06;2026-08-15 13:24:28;SKU-025;2;5000;0;CARD
REC-20260815-STORE_02-0680;STORE_02;CASH-01;2026-08-15 13:24:28;SKU-034;2;25000;500;CARD
REC-20260815-STORE_02-0681;STORE_02;CASH-07;2026-08-15 9:28:48;SKU-017;1;12000;500;CASH
REC-20260815-STORE_02-0681;STORE_02;CASH-06;2026-08-15 9:28:48;SKU-004;4;25000;0;CASH
REC-20260815-STORE_02-0681;STORE_02;CASH-07;2026-08-15 9:28:48;SKU-001;4;45000;0;CARD
REC-20260815-STORE_02-0682;STORE_02;CASH-05;2026-08-15 8:07:19;SKU-002;4;12000;500;CASH
REC-20260815-STORE_02-0682;STORE_02;CASH-08;2026-08-15 8:07:19;SKU-001;3;45000;0;CASH
REC-20260815-STORE_02-0682;STORE_02;CASH-10;2026-08-15 8:07:19;SKU-005;3;5000;0;CARD
REC-20260815-STORE_02-0682;STORE_02;CASH-09;2026-08-15 8:07:19;SKU-020;3;12000;0;CASH
REC-20260815-STORE_02-0683;STORE_02;CASH-02;2026-08-15 17:55:41;SKU-001;3;45000;0;CASH
REC-20260815-STORE_02-0683;STORE_02;CASH-10;2026-08-15 17:55:41;SKU-016;2;25000;0;CASH
REC-20260815-STORE_02-0683;STORE_02;CASH-04;2026-08-15 17:55:41;SKU-012;2;45000;0;CASH
REC-20260815-STORE_02-0683;STORE_02;CASH-08;2026-08-15 17:55:41;SKU-020;2;12000;0;CARD
REC-20260815-STORE_02-0684;STORE_02;CASH-01;2026-08-15 8:46:34;SKU-039;3;5000;500;CASH
REC-20260815-STORE_02-0684;STORE_02;CASH-07;2026-08-15 8:46:34;SKU-001;4;45000;0;CASH
REC-20260815-STORE_02-0684;STORE_02;CASH-02;2026-08-15 8:46:34;SKU-003;4;45000;0;CARD
REC-20260815-STORE_02-0685;STORE_02;CASH-03;2026-08-15 17:56:40;SKU-003;2;45000;0;CASH
REC-20260815-STORE_02-0685;STORE_02;CASH-05;2026-08-15 17:56:40;SKU-003;4;45000;1000;CARD
REC-20260815-STORE_02-0685;STORE_02;CASH-06;2026-08-15 17:56:40;SKU-008;1;12000;1000;CASH
REC-20260815-STORE_02-0686;STORE_02;CASH-09;2026-08-15 13:57:13;SKU-011;2;5000;0;CARD
REC-20260815-STORE_02-0686;STORE_02;CASH-04;2026-08-15 13:57:13;SKU-031;1;45000;1000;CASH
REC-20260815-STORE_02-0686;STORE_02;CASH-03;2026-08-15 13:57:13;SKU-017;1;12000;500;CARD
REC-20260815-STORE_02-0686;STORE_02;CASH-01;2026-08-15 13:57:13;SKU-001;4;45000;1000;CASH
REC-20260815-STORE_02-0686;STORE_02;CASH-02;2026-08-15 13:57:13;SKU-018;3;5000;0;CARD
REC-20260815-STORE_02-0687;STORE_02;CASH-04;2026-08-15 16:29:54;SKU-001;2;45000;0;CASH
REC-20260815-STORE_02-0688;STORE_02;CASH-08;2026-08-15 10:02:12;SKU-035;3;5000;0;CASH
REC-20260815-STORE_02-0688;STORE_02;CASH-04;2026-08-15 10:02:12;SKU-017;4;12000;0;CARD
REC-20260815-STORE_02-0689;STORE_02;CASH-06;2026-08-15 17:44:38;SKU-002;4;12000;1000;CARD
REC-20260815-STORE_02-0689;STORE_02;CASH-04;2026-08-15 17:44:38;SKU-002;3;12000;0;CARD
REC-20260815-STORE_02-0690;STORE_02;CASH-01;2026-08-15 10:24:54;SKU-034;4;25000;0;CARD
REC-20260815-STORE_02-0690;STORE_02;CASH-05;2026-08-15 10:24:54;SKU-007;2;12000;0;CARD
REC-20260815-STORE_02-0691;STORE_02;CASH-07;2026-08-15 9:56:55;SKU-003;1;45000;0;CARD
REC-20260815-STORE_02-0691;STORE_02;CASH-08;2026-08-15 9:56:55;SKU-014;3;5000;0;CARD
REC-20260815-STORE_02-0691;STORE_02;CASH-03;2026-08-15 9:56:55;SKU-039;1;5000;1000;CARD
REC-20260815-STORE_02-0691;STORE_02;CASH-04;2026-08-15 9:56:55;SKU-002;2;12000;0;CARD
REC-20260815-STORE_02-0692;STORE_02;CASH-08;2026-08-15 19:16:45;SKU-001;1;45000;0;CARD
REC-20260815-STORE_02-0692;STORE_02;CASH-05;2026-08-15 19:16:45;SKU-036;1;45000;500;CASH
REC-20260815-STORE_02-0692;STORE_02;CASH-07;2026-08-15 19:16:45;SKU-003;3;45000;0;CASH
REC-20260815-STORE_02-0693;STORE_02;CASH-05;2026-08-15 13:25:45;SKU-010;1;25000;0;CARD
REC-20260815-STORE_02-0693;STORE_02;CASH-04;2026-08-15 13:25:45;SKU-001;4;45000;0;CARD
REC-20260815-STORE_02-0693;STORE_02;CASH-09;2026-08-15 13:25:45;SKU-004;1;25000;0;CARD
REC-20260815-STORE_02-0693;STORE_02;CASH-08;2026-08-15 13:25:45;SKU-044;2;5000;0;CARD
REC-20260815-STORE_02-0693;STORE_02;CASH-03;2026-08-15 13:25:45;SKU-002;3;12000;0;CASH
REC-20260815-STORE_02-0694;STORE_02;CASH-09;2026-08-15 8:50:17;SKU-003;3;45000;0;CARD
REC-20260815-STORE_02-0694;STORE_02;CASH-04;2026-08-15 8:50:17;SKU-001;2;45000;500;CARD
REC-20260815-STORE_02-0694;STORE_02;CASH-02;2026-08-15 8:50:17;SKU-012;3;45000;0;CARD
REC-20260815-STORE_02-0694;STORE_02;CASH-04;2026-08-15 8:50:17;SKU-039;3;5000;0;CARD
REC-20260815-STORE_02-0694;STORE_02;CASH-05;2026-08-15 8:50:17;SKU-002;1;12000;1000;CARD
REC-20260815-STORE_02-0695;STORE_02;CASH-10;2026-08-15 15:18:36;SKU-049;3;5000;0;CARD
REC-20260815-STORE_02-0695;STORE_02;CASH-03;2026-08-15 15:18:36;SKU-006;1;45000;0;CASH
REC-20260815-STORE_02-0695;STORE_02;CASH-01;2026-08-15 15:18:36;SKU-031;4;45000;0;CARD
REC-20260815-STORE_02-0695;STORE_02;CASH-03;2026-08-15 15:18:36;SKU-003;2;45000;0;CARD
REC-20260815-STORE_02-0696;STORE_02;CASH-10;2026-08-15 16:42:49;SKU-003;1;45000;500;CARD
REC-20260815-STORE_02-0696;STORE_02;CASH-04;2026-08-15 16:42:49;SKU-012;1;45000;1000;CARD
REC-20260815-STORE_02-0696;STORE_02;CASH-08;2026-08-15 16:42:49;SKU-005;4;5000;0;CARD
REC-20260815-STORE_02-0696;STORE_02;CASH-02;2026-08-15 16:42:49;SKU-002;3;12000;500;CARD
REC-20260815-STORE_02-0697;STORE_02;CASH-09;2026-08-15 14:01:47;SKU-006;1;45000;0;CARD
REC-20260815-STORE_02-0697;STORE_02;CASH-06;2026-08-15 14:01:47;SKU-004;3;25000;1000;CARD
REC-20260815-STORE_02-0697;STORE_02;CASH-05;2026-08-15 14:01:47;SKU-001;2;45000;1000;CARD
REC-20260815-STORE_02-0698;STORE_02;CASH-07;2026-08-15 15:11:59;SKU-028;2;5000;0;CARD
REC-20260815-STORE_02-0699;STORE_02;CASH-01;2026-08-15 10:44:05;SKU-004;4;25000;0;CARD
REC-20260815-STORE_02-0700;STORE_02;CASH-07;2026-08-15 17:48:22;SKU-002;2;12000;0;CARD
REC-20260815-STORE_03-0001;STORE_03;CASH-06;2026-08-15 15:17:28;SKU-007;1;12000;0;CARD
REC-20260815-STORE_03-0001;STORE_03;CASH-03;2026-08-15 15:17:28;SKU-006;1;45000;0;CARD
REC-20260815-STORE_03-0001;STORE_03;CASH-01;2026-08-15 15:17:28;SKU-048;2;25000;1000;CASH
REC-20260815-STORE_03-0002;STORE_03;CASH-05;2026-08-15 13:24:12;SKU-028;3;5000;1000;CARD
REC-20260815-STORE_03-0002;STORE_03;CASH-04;2026-08-15 13:24:12;SKU-004;4;25000;0;CARD
REC-20260815-STORE_03-0003;STORE_03;CASH-07;2026-08-15 10:09:06;SKU-001;4;45000;500;CARD
REC-20260815-STORE_03-0003;STORE_03;CASH-03;2026-08-15 10:09:06;SKU-002;2;12000;1000;CARD
REC-20260815-STORE_03-0003;STORE_03;CASH-09;2026-08-15 10:09:06;SKU-012;3;45000;500;CARD
REC-20260815-STORE_03-0003;STORE_03;CASH-09;2026-08-15 10:09:06;SKU-002;4;12000;500;CASH
REC-20260815-STORE_03-0003;STORE_03;CASH-06;2026-08-15 10:09:06;SKU-014;4;5000;0;CARD
REC-20260815-STORE_03-0004;STORE_03;CASH-06;2026-08-15 12:17:17;SKU-001;3;45000;0;CARD
REC-20260815-STORE_03-0004;STORE_03;CASH-08;2026-08-15 12:17:17;SKU-003;4;45000;0;CASH
REC-20260815-STORE_03-0005;STORE_03;CASH-02;2026-08-15 15:37:04;SKU-001;1;45000;500;CARD
REC-20260815-STORE_03-0005;STORE_03;CASH-08;2026-08-15 15:37:04;SKU-002;2;12000;0;CARD
REC-20260815-STORE_03-0005;STORE_03;CASH-05;2026-08-15 15:37:04;SKU-003;4;45000;0;CARD
REC-20260815-STORE_03-0005;STORE_03;CASH-07;2026-08-15 15:37:04;SKU-008;2;12000;500;CARD
REC-20260815-STORE_03-0005;STORE_03;CASH-09;2026-08-15 15:37:04;SKU-024;4;12000;500;CARD
REC-20260815-STORE_03-0006;STORE_03;CASH-04;2026-08-15 11:53:19;SKU-001;4;45000;1000;CARD
REC-20260815-STORE_03-0007;STORE_03;CASH-08;2026-08-15 19:24:49;SKU-003;2;45000;0;CASH
REC-20260815-STORE_03-0007;STORE_03;CASH-04;2026-08-15 19:24:49;SKU-001;1;45000;0;CASH
REC-20260815-STORE_03-0007;STORE_03;CASH-01;2026-08-15 19:24:49;SKU-019;2;25000;500;CARD
REC-20260815-STORE_03-0007;STORE_03;CASH-10;2026-08-15 19:24:49;SKU-002;3;12000;500;CARD
REC-20260815-STORE_03-0007;STORE_03;CASH-10;2026-08-15 19:24:49;SKU-007;3;12000;0;CARD
REC-20260815-STORE_03-0008;STORE_03;CASH-07;2026-08-15 20:19:59;SKU-006;2;45000;0;CARD
REC-20260815-STORE_03-0008;STORE_03;CASH-10;2026-08-15 20:19:59;SKU-001;4;45000;0;CARD
REC-20260815-STORE_03-0008;STORE_03;CASH-06;2026-08-15 20:19:59;SKU-001;4;45000;500;CARD
REC-20260815-STORE_03-0008;STORE_03;CASH-05;2026-08-15 20:19:59;SKU-036;2;45000;0;CARD
REC-20260815-STORE_03-0009;STORE_03;CASH-05;2026-08-15 14:23:15;SKU-010;2;25000;500;CARD
REC-20260815-STORE_03-0009;STORE_03;CASH-07;2026-08-15 14:23:15;SKU-001;4;45000;500;CARD
REC-20260815-STORE_03-0009;STORE_03;CASH-01;2026-08-15 14:23:15;SKU-004;4;25000;0;CARD
REC-20260815-STORE_03-0009;STORE_03;CASH-10;2026-08-15 14:23:15;SKU-003;2;45000;0;CARD
REC-20260815-STORE_03-0009;STORE_03;CASH-09;2026-08-15 14:23:15;SKU-027;1;5000;0;CARD
REC-20260815-STORE_03-0010;STORE_03;CASH-10;2026-08-15 21:57:37;SKU-021;4;5000;500;CASH
REC-20260815-STORE_03-0011;STORE_03;CASH-02;2026-08-15 12:25:58;SKU-006;3;45000;0;CARD
REC-20260815-STORE_03-0011;STORE_03;CASH-03;2026-08-15 12:25:58;SKU-012;3;45000;0;CARD
REC-20260815-STORE_03-0011;STORE_03;CASH-09;2026-08-15 12:25:58;SKU-001;3;45000;0;CARD
REC-20260815-STORE_03-0011;STORE_03;CASH-03;2026-08-15 12:25:58;SKU-005;1;5000;0;CARD
REC-20260815-STORE_03-0011;STORE_03;CASH-08;2026-08-15 12:25:58;SKU-001;2;45000;0;CARD
REC-20260815-STORE_03-0012;STORE_03;CASH-01;2026-08-15 15:25:16;SKU-013;4;12000;0;CARD
REC-20260815-STORE_03-0013;STORE_03;CASH-02;2026-08-15 14:42:19;SKU-005;2;5000;1000;CASH
REC-20260815-STORE_03-0013;STORE_03;CASH-02;2026-08-15 14:42:19;SKU-006;4;45000;0;CARD
REC-20260815-STORE_03-0013;STORE_03;CASH-07;2026-08-15 14:42:19;SKU-039;3;5000;0;CARD
REC-20260815-STORE_03-0014;STORE_03;CASH-07;2026-08-15 11:16:59;SKU-001;3;45000;0;CARD
REC-20260815-STORE_03-0014;STORE_03;CASH-05;2026-08-15 11:16:59;SKU-013;2;12000;0;CASH
REC-20260815-STORE_03-0015;STORE_03;CASH-08;2026-08-15 13:40:47;SKU-001;4;45000;0;CARD
REC-20260815-STORE_03-0015;STORE_03;CASH-04;2026-08-15 13:40:47;SKU-002;2;12000;0;CARD
REC-20260815-STORE_03-0015;STORE_03;CASH-01;2026-08-15 13:40:47;SKU-006;3;45000;0;CARD
REC-20260815-STORE_03-0016;STORE_03;CASH-03;2026-08-15 8:00:53;SKU-003;2;45000;500;CARD
REC-20260815-STORE_03-0017;STORE_03;CASH-04;2026-08-15 9:15:32;SKU-024;4;12000;0;CARD
REC-20260815-STORE_03-0017;STORE_03;CASH-08;2026-08-15 9:15:32;SKU-002;1;12000;0;CASH
REC-20260815-STORE_03-0018;STORE_03;CASH-07;2026-08-15 21:03:10;SKU-023;4;45000;500;CARD
REC-20260815-STORE_03-0019;STORE_03;CASH-10;2026-08-15 19:16:34;SKU-020;3;12000;0;CARD
REC-20260815-STORE_03-0019;STORE_03;CASH-09;2026-08-15 19:16:34;SKU-024;2;12000;0;CARD
REC-20260815-STORE_03-0019;STORE_03;CASH-01;2026-08-15 19:16:34;SKU-007;1;12000;500;CASH
REC-20260815-STORE_03-0019;STORE_03;CASH-10;2026-08-15 19:16:34;SKU-007;2;12000;0;CARD
REC-20260815-STORE_03-0020;STORE_03;CASH-07;2026-08-15 16:46:40;SKU-003;1;45000;0;CARD
REC-20260815-STORE_03-0020;STORE_03;CASH-07;2026-08-15 16:46:40;SKU-039;2;5000;1000;CASH
REC-20260815-STORE_03-0021;STORE_03;CASH-05;2026-08-15 12:51:03;SKU-001;1;45000;0;CARD
REC-20260815-STORE_03-0021;STORE_03;CASH-08;2026-08-15 12:51:03;SKU-001;2;45000;0;CARD
REC-20260815-STORE_03-0021;STORE_03;CASH-10;2026-08-15 12:51:03;SKU-001;2;45000;0;CASH
REC-20260815-STORE_03-0021;STORE_03;CASH-10;2026-08-15 12:51:03;SKU-010;1;25000;500;CARD
REC-20260815-STORE_03-0022;STORE_03;CASH-06;2026-08-15 11:24:09;SKU-005;4;5000;0;CARD
REC-20260815-STORE_03-0022;STORE_03;CASH-01;2026-08-15 11:24:09;SKU-004;2;25000;0;CASH
REC-20260815-STORE_03-0022;STORE_03;CASH-09;2026-08-15 11:24:09;SKU-008;2;12000;0;CASH
REC-20260815-STORE_03-0022;STORE_03;CASH-07;2026-08-15 11:24:09;SKU-031;1;45000;1000;CASH
REC-20260815-STORE_03-0023;STORE_03;CASH-10;2026-08-15 20:36:36;SKU-004;4;25000;500;CASH
REC-20260815-STORE_03-0023;STORE_03;CASH-01;2026-08-15 20:36:36;SKU-006;4;45000;0;CASH
REC-20260815-STORE_03-0023;STORE_03;CASH-08;2026-08-15 20:36:36;SKU-001;3;45000;0;CARD
REC-20260815-STORE_03-0024;STORE_03;CASH-04;2026-08-15 16:25:47;SKU-033;3;5000;0;CASH
REC-20260815-STORE_03-0024;STORE_03;CASH-04;2026-08-15 16:25:47;SKU-008;1;12000;1000;CARD
REC-20260815-STORE_03-0024;STORE_03;CASH-06;2026-08-15 16:25:47;SKU-042;2;5000;0;CASH
REC-20260815-STORE_03-0025;STORE_03;CASH-10;2026-08-15 19:44:03;SKU-043;3;25000;500;CASH
REC-20260815-STORE_03-0025;STORE_03;CASH-10;2026-08-15 19:44:03;SKU-014;2;5000;0;CASH
REC-20260815-STORE_03-0025;STORE_03;CASH-01;2026-08-15 19:44:03;SKU-001;3;45000;0;CARD
REC-20260815-STORE_03-0025;STORE_03;CASH-07;2026-08-15 19:44:03;SKU-015;3;5000;0;CARD
REC-20260815-STORE_03-0026;STORE_03;CASH-10;2026-08-15 16:49:45;SKU-009;1;25000;0;CARD
REC-20260815-STORE_03-0026;STORE_03;CASH-08;2026-08-15 16:49:45;SKU-002;4;12000;0;CARD
REC-20260815-STORE_03-0026;STORE_03;CASH-07;2026-08-15 16:49:45;SKU-007;4;12000;500;CARD
REC-20260815-STORE_03-0027;STORE_03;CASH-03;2026-08-15 13:43:42;SKU-005;3;5000;500;CARD
REC-20260815-STORE_03-0027;STORE_03;CASH-02;2026-08-15 13:43:42;SKU-007;3;12000;0;CASH
REC-20260815-STORE_03-0027;STORE_03;CASH-06;2026-08-15 13:43:42;SKU-001;2;45000;0;CARD
REC-20260815-STORE_03-0027;STORE_03;CASH-10;2026-08-15 13:43:42;SKU-002;3;12000;1000;CASH
REC-20260815-STORE_03-0028;STORE_03;CASH-01;2026-08-15 17:59:16;SKU-017;4;12000;0;CARD
REC-20260815-STORE_03-0028;STORE_03;CASH-09;2026-08-15 17:59:16;SKU-002;1;12000;0;CARD
REC-20260815-STORE_03-0028;STORE_03;CASH-10;2026-08-15 17:59:16;SKU-027;3;5000;500;CASH
REC-20260815-STORE_03-0029;STORE_03;CASH-04;2026-08-15 10:26:49;SKU-002;3;12000;0;CASH
REC-20260815-STORE_03-0029;STORE_03;CASH-05;2026-08-15 10:26:49;SKU-014;4;5000;0;CASH
REC-20260815-STORE_03-0029;STORE_03;CASH-08;2026-08-15 10:26:49;SKU-038;3;12000;1000;CASH
REC-20260815-STORE_03-0030;STORE_03;CASH-08;2026-08-15 9:54:51;SKU-007;3;12000;0;CASH
REC-20260815-STORE_03-0030;STORE_03;CASH-03;2026-08-15 9:54:51;SKU-002;4;12000;1000;CARD
REC-20260815-STORE_03-0030;STORE_03;CASH-05;2026-08-15 9:54:51;SKU-001;4;45000;0;CARD
REC-20260815-STORE_03-0031;STORE_03;CASH-03;2026-08-15 12:49:37;SKU-045;4;45000;0;CASH
REC-20260815-STORE_03-0031;STORE_03;CASH-02;2026-08-15 12:49:37;SKU-016;2;25000;1000;CARD
REC-20260815-STORE_03-0031;STORE_03;CASH-09;2026-08-15 12:49:37;SKU-004;4;25000;0;CARD
REC-20260815-STORE_03-0031;STORE_03;CASH-08;2026-08-15 12:49:37;SKU-026;3;12000;0;CARD
REC-20260815-STORE_03-0031;STORE_03;CASH-07;2026-08-15 12:49:37;SKU-006;4;45000;0;CASH
REC-20260815-STORE_03-0032;STORE_03;CASH-01;2026-08-15 16:26:24;SKU-001;1;45000;0;CARD
REC-20260815-STORE_03-0033;STORE_03;CASH-06;2026-08-15 13:20:29;SKU-006;1;45000;0;CASH
REC-20260815-STORE_03-0033;STORE_03;CASH-03;2026-08-15 13:20:29;SKU-007;4;12000;1000;CARD
REC-20260815-STORE_03-0033;STORE_03;CASH-04;2026-08-15 13:20:29;SKU-042;4;5000;500;CARD
REC-20260815-STORE_03-0033;STORE_03;CASH-01;2026-08-15 13:20:29;SKU-001;1;45000;0;CARD
REC-20260815-STORE_03-0033;STORE_03;CASH-02;2026-08-15 13:20:29;SKU-018;1;5000;500;CARD
REC-20260815-STORE_03-0034;STORE_03;CASH-03;2026-08-15 14:47:51;SKU-006;1;45000;0;CARD
REC-20260815-STORE_03-0034;STORE_03;CASH-10;2026-08-15 14:47:51;SKU-001;3;45000;1000;CASH
REC-20260815-STORE_03-0034;STORE_03;CASH-08;2026-08-15 14:47:51;SKU-002;3;12000;500;CARD
REC-20260815-STORE_03-0035;STORE_03;CASH-02;2026-08-15 18:28:04;SKU-008;1;12000;500;CASH
REC-20260815-STORE_03-0035;STORE_03;CASH-06;2026-08-15 18:28:04;SKU-024;3;12000;0;CASH
REC-20260815-STORE_03-0035;STORE_03;CASH-03;2026-08-15 18:28:04;SKU-017;4;12000;0;CARD
REC-20260815-STORE_03-0035;STORE_03;CASH-02;2026-08-15 18:28:04;SKU-002;1;12000;500;CARD
REC-20260815-STORE_03-0035;STORE_03;CASH-03;2026-08-15 18:28:04;SKU-003;1;45000;0;CARD
REC-20260815-STORE_03-0036;STORE_03;CASH-02;2026-08-15 15:13:05;SKU-002;4;12000;0;CARD
REC-20260815-STORE_03-0036;STORE_03;CASH-09;2026-08-15 15:13:05;SKU-006;2;45000;0;CARD
REC-20260815-STORE_03-0036;STORE_03;CASH-02;2026-08-15 15:13:05;SKU-002;1;12000;1000;CARD
REC-20260815-STORE_03-0037;STORE_03;CASH-06;2026-08-15 15:20:04;SKU-011;2;5000;0;CARD
REC-20260815-STORE_03-0037;STORE_03;CASH-04;2026-08-15 15:20:04;SKU-002;3;12000;1000;CARD
REC-20260815-STORE_03-0037;STORE_03;CASH-05;2026-08-15 15:20:04;SKU-008;3;12000;1000;CARD
REC-20260815-STORE_03-0037;STORE_03;CASH-05;2026-08-15 15:20:04;SKU-001;4;45000;0;CASH
REC-20260815-STORE_03-0037;STORE_03;CASH-06;2026-08-15 15:20:04;SKU-002;3;12000;1000;CASH
REC-20260815-STORE_03-0038;STORE_03;CASH-06;2026-08-15 17:05:50;SKU-003;4;45000;500;CARD
REC-20260815-STORE_03-0039;STORE_03;CASH-09;2026-08-15 19:13:26;SKU-030;2;45000;500;CARD
REC-20260815-STORE_03-0040;STORE_03;CASH-05;2026-08-15 16:23:24;SKU-011;1;5000;0;CARD
REC-20260815-STORE_03-0041;STORE_03;CASH-05;2026-08-15 16:14:13;SKU-008;2;12000;0;CASH
REC-20260815-STORE_03-0041;STORE_03;CASH-03;2026-08-15 16:14:13;SKU-030;2;45000;0;CASH
REC-20260815-STORE_03-0041;STORE_03;CASH-09;2026-08-15 16:14:13;SKU-001;2;45000;1000;CASH
REC-20260815-STORE_03-0041;STORE_03;CASH-03;2026-08-15 16:14:13;SKU-038;1;12000;0;CARD
REC-20260815-STORE_03-0042;STORE_03;CASH-04;2026-08-15 20:26:35;SKU-001;3;45000;0;CARD
REC-20260815-STORE_03-0043;STORE_03;CASH-06;2026-08-15 19:19:43;SKU-047;4;5000;500;CASH
REC-20260815-STORE_03-0043;STORE_03;CASH-06;2026-08-15 19:19:43;SKU-020;3;12000;1000;CARD
REC-20260815-STORE_03-0043;STORE_03;CASH-07;2026-08-15 19:19:43;SKU-001;2;45000;0;CARD
REC-20260815-STORE_03-0044;STORE_03;CASH-09;2026-08-15 14:39:58;SKU-021;4;5000;0;CARD
REC-20260815-STORE_03-0045;STORE_03;CASH-09;2026-08-15 20:45:35;SKU-015;2;5000;500;CASH
REC-20260815-STORE_03-0046;STORE_03;CASH-09;2026-08-15 14:15:46;SKU-005;4;5000;0;CARD
REC-20260815-STORE_03-0046;STORE_03;CASH-08;2026-08-15 14:15:46;SKU-005;2;5000;1000;CARD
REC-20260815-STORE_03-0046;STORE_03;CASH-04;2026-08-15 14:15:46;SKU-010;2;25000;0;CARD
REC-20260815-STORE_03-0047;STORE_03;CASH-04;2026-08-15 17:15:09;SKU-005;3;5000;500;CASH
REC-20260815-STORE_03-0048;STORE_03;CASH-07;2026-08-15 13:17:40;SKU-002;3;12000;0;CARD
REC-20260815-STORE_03-0048;STORE_03;CASH-08;2026-08-15 13:17:40;SKU-002;2;12000;0;CARD
REC-20260815-STORE_03-0048;STORE_03;CASH-08;2026-08-15 13:17:40;SKU-001;1;45000;0;CARD
REC-20260815-STORE_03-0048;STORE_03;CASH-04;2026-08-15 13:17:40;SKU-016;3;25000;0;CARD
REC-20260815-STORE_03-0049;STORE_03;CASH-01;2026-08-15 19:12:59;SKU-003;4;45000;500;CASH
REC-20260815-STORE_03-0049;STORE_03;CASH-08;2026-08-15 19:12:59;SKU-011;4;5000;1000;CARD
REC-20260815-STORE_03-0049;STORE_03;CASH-01;2026-08-15 19:12:59;SKU-004;1;25000;500;CARD
REC-20260815-STORE_03-0049;STORE_03;CASH-10;2026-08-15 19:12:59;SKU-003;4;45000;500;CASH
REC-20260815-STORE_03-0049;STORE_03;CASH-02;2026-08-15 19:12:59;SKU-030;1;45000;0;CARD
REC-20260815-STORE_03-0050;STORE_03;CASH-04;2026-08-15 20:14:50;SKU-015;3;5000;500;CASH
REC-20260815-STORE_03-0050;STORE_03;CASH-05;2026-08-15 20:14:50;SKU-001;2;45000;1000;CASH
REC-20260815-STORE_03-0050;STORE_03;CASH-07;2026-08-15 20:14:50;SKU-005;4;5000;0;CARD
REC-20260815-STORE_03-0051;STORE_03;CASH-04;2026-08-15 15:04:12;SKU-003;2;45000;500;CARD
REC-20260815-STORE_03-0051;STORE_03;CASH-08;2026-08-15 15:04:12;SKU-006;1;45000;0;CASH
REC-20260815-STORE_03-0052;STORE_03;CASH-06;2026-08-15 8:09:11;SKU-002;1;12000;1000;CARD
REC-20260815-STORE_03-0052;STORE_03;CASH-02;2026-08-15 8:09:11;SKU-012;1;45000;0;CARD
REC-20260815-STORE_03-0052;STORE_03;CASH-01;2026-08-15 8:09:11;SKU-016;1;25000;500;CASH
REC-20260815-STORE_03-0053;STORE_03;CASH-02;2026-08-15 20:17:19;SKU-016;3;25000;0;CASH
REC-20260815-STORE_03-0053;STORE_03;CASH-07;2026-08-15 20:17:19;SKU-002;1;12000;0;CARD
REC-20260815-STORE_03-0053;STORE_03;CASH-05;2026-08-15 20:17:19;SKU-011;3;5000;0;CARD
REC-20260815-STORE_03-0053;STORE_03;CASH-05;2026-08-15 20:17:19;SKU-001;2;45000;0;CASH
REC-20260815-STORE_03-0054;STORE_03;CASH-10;2026-08-15 16:46:47;SKU-001;2;45000;0;CARD
REC-20260815-STORE_03-0054;STORE_03;CASH-05;2026-08-15 16:46:47;SKU-042;3;5000;0;CASH
REC-20260815-STORE_03-0054;STORE_03;CASH-10;2026-08-15 16:46:47;SKU-001;1;45000;0;CASH
REC-20260815-STORE_03-0055;STORE_03;CASH-05;2026-08-15 13:12:53;SKU-008;1;12000;0;CARD
REC-20260815-STORE_03-0055;STORE_03;CASH-01;2026-08-15 13:12:53;SKU-006;1;45000;0;CARD
REC-20260815-STORE_03-0055;STORE_03;CASH-08;2026-08-15 13:12:53;SKU-036;4;45000;0;CARD
REC-20260815-STORE_03-0055;STORE_03;CASH-04;2026-08-15 13:12:53;SKU-013;4;12000;0;CARD
REC-20260815-STORE_03-0056;STORE_03;CASH-10;2026-08-15 18:44:06;SKU-038;1;12000;0;CARD
REC-20260815-STORE_03-0056;STORE_03;CASH-10;2026-08-15 18:44:06;SKU-001;1;45000;0;CARD
REC-20260815-STORE_03-0057;STORE_03;CASH-03;2026-08-15 20:59:21;SKU-001;2;45000;500;CARD
REC-20260815-STORE_03-0057;STORE_03;CASH-06;2026-08-15 20:59:21;SKU-001;2;45000;0;CARD
REC-20260815-STORE_03-0057;STORE_03;CASH-04;2026-08-15 20:59:21;SKU-001;4;45000;0;CASH
REC-20260815-STORE_03-0057;STORE_03;CASH-01;2026-08-15 20:59:21;SKU-011;4;5000;0;CARD
REC-20260815-STORE_03-0058;STORE_03;CASH-01;2026-08-15 13:39:05;SKU-009;2;25000;0;CARD
REC-20260815-STORE_03-0058;STORE_03;CASH-06;2026-08-15 13:39:05;SKU-031;2;45000;0;CARD
REC-20260815-STORE_03-0058;STORE_03;CASH-05;2026-08-15 13:39:05;SKU-048;4;25000;0;CASH
REC-20260815-STORE_03-0058;STORE_03;CASH-01;2026-08-15 13:39:05;SKU-001;4;45000;0;CASH
REC-20260815-STORE_03-0058;STORE_03;CASH-07;2026-08-15 13:39:05;SKU-006;1;45000;500;CARD
REC-20260815-STORE_03-0059;STORE_03;CASH-06;2026-08-15 19:04:42;SKU-005;3;5000;500;CASH
REC-20260815-STORE_03-0059;STORE_03;CASH-10;2026-08-15 19:04:42;SKU-009;2;25000;500;CARD
REC-20260815-STORE_03-0059;STORE_03;CASH-09;2026-08-15 19:04:42;SKU-004;4;25000;0;CARD
REC-20260815-STORE_03-0059;STORE_03;CASH-09;2026-08-15 19:04:42;SKU-003;1;45000;0;CASH
REC-20260815-STORE_03-0059;STORE_03;CASH-05;2026-08-15 19:04:42;SKU-009;4;25000;0;CARD
REC-20260815-STORE_03-0060;STORE_03;CASH-02;2026-08-15 13:27:06;SKU-034;4;25000;0;CASH
REC-20260815-STORE_03-0060;STORE_03;CASH-08;2026-08-15 13:27:06;SKU-002;3;12000;0;CARD
REC-20260815-STORE_03-0060;STORE_03;CASH-02;2026-08-15 13:27:06;SKU-003;2;45000;0;CASH
REC-20260815-STORE_03-0060;STORE_03;CASH-04;2026-08-15 13:27:06;SKU-020;1;12000;1000;CARD
REC-20260815-STORE_03-0061;STORE_03;CASH-06;2026-08-15 11:52:39;SKU-003;2;45000;1000;CASH
REC-20260815-STORE_03-0061;STORE_03;CASH-01;2026-08-15 11:52:39;SKU-002;3;12000;0;CARD
REC-20260815-STORE_03-0062;STORE_03;CASH-01;2026-08-15 12:23:13;SKU-005;3;5000;1000;CASH
REC-20260815-STORE_03-0062;STORE_03;CASH-06;2026-08-15 12:23:13;SKU-001;1;45000;500;CARD
REC-20260815-STORE_03-0063;STORE_03;CASH-04;2026-08-15 17:20:04;SKU-025;1;5000;0;CARD
REC-20260815-STORE_03-0063;STORE_03;CASH-01;2026-08-15 17:20:04;SKU-020;3;12000;0;CARD
REC-20260815-STORE_03-0063;STORE_03;CASH-08;2026-08-15 17:20:04;SKU-001;2;45000;500;CARD
REC-20260815-STORE_03-0064;STORE_03;CASH-01;2026-08-15 10:13:31;SKU-002;3;12000;0;CASH
REC-20260815-STORE_03-0064;STORE_03;CASH-02;2026-08-15 10:13:31;SKU-003;1;45000;1000;CASH
REC-20260815-STORE_03-0064;STORE_03;CASH-07;2026-08-15 10:13:31;SKU-004;4;25000;500;CASH
REC-20260815-STORE_03-0064;STORE_03;CASH-03;2026-08-15 10:13:31;SKU-001;2;45000;0;CARD
REC-20260815-STORE_03-0065;STORE_03;CASH-03;2026-08-15 14:15:04;SKU-001;4;45000;1000;CARD
REC-20260815-STORE_03-0065;STORE_03;CASH-02;2026-08-15 14:15:04;SKU-005;1;5000;0;CARD
REC-20260815-STORE_03-0065;STORE_03;CASH-10;2026-08-15 14:15:04;SKU-002;3;12000;500;CARD
REC-20260815-STORE_03-0065;STORE_03;CASH-02;2026-08-15 14:15:04;SKU-003;2;45000;1000;CARD
REC-20260815-STORE_03-0066;STORE_03;CASH-02;2026-08-15 16:35:22;SKU-025;3;5000;0;CARD
REC-20260815-STORE_03-0066;STORE_03;CASH-04;2026-08-15 16:35:22;SKU-002;1;12000;0;CARD
REC-20260815-STORE_03-0067;STORE_03;CASH-05;2026-08-15 19:27:34;SKU-002;3;12000;1000;CASH
REC-20260815-STORE_03-0067;STORE_03;CASH-03;2026-08-15 19:27:34;SKU-006;4;45000;1000;CARD
REC-20260815-STORE_03-0067;STORE_03;CASH-10;2026-08-15 19:27:34;SKU-031;3;45000;0;CARD
REC-20260815-STORE_03-0068;STORE_03;CASH-04;2026-08-15 14:54:44;SKU-001;2;45000;0;CARD
REC-20260815-STORE_03-0068;STORE_03;CASH-10;2026-08-15 14:54:44;SKU-001;3;45000;0;CARD
REC-20260815-STORE_03-0068;STORE_03;CASH-07;2026-08-15 14:54:44;SKU-002;4;12000;0;CASH
REC-20260815-STORE_03-0068;STORE_03;CASH-09;2026-08-15 14:54:44;SKU-044;2;5000;500;CARD
REC-20260815-STORE_03-0069;STORE_03;CASH-06;2026-08-15 11:26:39;SKU-008;1;12000;1000;CARD
REC-20260815-STORE_03-0069;STORE_03;CASH-04;2026-08-15 11:26:39;SKU-017;1;12000;500;CARD
REC-20260815-STORE_03-0069;STORE_03;CASH-03;2026-08-15 11:26:39;SKU-018;2;5000;500;CARD
REC-20260815-STORE_03-0069;STORE_03;CASH-08;2026-08-15 11:26:39;SKU-001;2;45000;500;CARD
REC-20260815-STORE_03-0069;STORE_03;CASH-06;2026-08-15 11:26:39;SKU-011;4;5000;1000;CASH
REC-20260815-STORE_03-0070;STORE_03;CASH-07;2026-08-15 14:15:08;SKU-013;3;12000;0;CASH
REC-20260815-STORE_03-0070;STORE_03;CASH-02;2026-08-15 14:15:08;SKU-001;2;45000;0;CARD
REC-20260815-STORE_03-0070;STORE_03;CASH-10;2026-08-15 14:15:08;SKU-001;3;45000;0;CARD
REC-20260815-STORE_03-0071;STORE_03;CASH-03;2026-08-15 9:18:43;SKU-034;2;25000;0;CASH
REC-20260815-STORE_03-0071;STORE_03;CASH-08;2026-08-15 9:18:43;SKU-012;2;45000;0;CARD
REC-20260815-STORE_03-0071;STORE_03;CASH-03;2026-08-15 9:18:43;SKU-030;4;45000;1000;CARD
REC-20260815-STORE_03-0072;STORE_03;CASH-01;2026-08-15 12:11:09;SKU-030;4;45000;1000;CASH
REC-20260815-STORE_03-0072;STORE_03;CASH-10;2026-08-15 12:11:09;SKU-002;4;12000;0;CARD
REC-20260815-STORE_03-0072;STORE_03;CASH-01;2026-08-15 12:11:09;SKU-012;2;45000;1000;CARD
REC-20260815-STORE_03-0072;STORE_03;CASH-05;2026-08-15 12:11:09;SKU-015;1;5000;500;CARD
REC-20260815-STORE_03-0073;STORE_03;CASH-09;2026-08-15 17:12:43;SKU-003;1;45000;0;CARD
REC-20260815-STORE_03-0073;STORE_03;CASH-04;2026-08-15 17:12:43;SKU-001;3;45000;1000;CASH
REC-20260815-STORE_03-0073;STORE_03;CASH-08;2026-08-15 17:12:43;SKU-007;2;12000;0;CARD
REC-20260815-STORE_03-0073;STORE_03;CASH-08;2026-08-15 17:12:43;SKU-038;1;12000;0;CARD
REC-20260815-STORE_03-0074;STORE_03;CASH-08;2026-08-15 17:22:17;SKU-028;1;5000;500;CASH
REC-20260815-STORE_03-0075;STORE_03;CASH-10;2026-08-15 14:57:52;SKU-001;3;45000;1000;CASH
REC-20260815-STORE_03-0076;STORE_03;CASH-04;2026-08-15 17:34:42;SKU-012;2;45000;500;CARD
REC-20260815-STORE_03-0076;STORE_03;CASH-06;2026-08-15 17:34:42;SKU-033;2;5000;0;CARD
REC-20260815-STORE_03-0077;STORE_03;CASH-09;2026-08-15 17:31:24;SKU-004;2;25000;0;CARD
REC-20260815-STORE_03-0077;STORE_03;CASH-05;2026-08-15 17:31:24;SKU-011;2;5000;0;CARD
REC-20260815-STORE_03-0077;STORE_03;CASH-06;2026-08-15 17:31:24;SKU-026;4;12000;0;CARD
REC-20260815-STORE_03-0077;STORE_03;CASH-05;2026-08-15 17:31:24;SKU-001;3;45000;0;CASH
REC-20260815-STORE_03-0078;STORE_03;CASH-10;2026-08-15 10:29:08;SKU-002;4;12000;0;CARD
REC-20260815-STORE_03-0078;STORE_03;CASH-04;2026-08-15 10:29:08;SKU-002;2;12000;0;CARD
REC-20260815-STORE_03-0078;STORE_03;CASH-02;2026-08-15 10:29:08;SKU-002;4;12000;0;CARD
REC-20260815-STORE_03-0079;STORE_03;CASH-02;2026-08-15 9:29:51;SKU-001;4;45000;0;CASH
REC-20260815-STORE_03-0079;STORE_03;CASH-10;2026-08-15 9:29:51;SKU-021;4;5000;1000;CARD
REC-20260815-STORE_03-0079;STORE_03;CASH-04;2026-08-15 9:29:51;SKU-002;3;12000;1000;CARD
REC-20260815-STORE_03-0080;STORE_03;CASH-08;2026-08-15 12:41:16;SKU-048;2;25000;0;CARD
REC-20260815-STORE_03-0081;STORE_03;CASH-05;2026-08-15 21:46:45;SKU-035;3;5000;500;CASH
REC-20260815-STORE_03-0081;STORE_03;CASH-01;2026-08-15 21:46:45;SKU-046;2;25000;0;CASH
REC-20260815-STORE_03-0081;STORE_03;CASH-06;2026-08-15 21:46:45;SKU-001;4;45000;0;CARD
REC-20260815-STORE_03-0082;STORE_03;CASH-02;2026-08-15 16:14:33;SKU-046;1;25000;500;CARD
REC-20260815-STORE_03-0082;STORE_03;CASH-03;2026-08-15 16:14:33;SKU-001;4;45000;0;CARD
REC-20260815-STORE_03-0082;STORE_03;CASH-03;2026-08-15 16:14:33;SKU-005;4;5000;0;CARD
REC-20260815-STORE_03-0082;STORE_03;CASH-07;2026-08-15 16:14:33;SKU-003;4;45000;1000;CASH
REC-20260815-STORE_03-0082;STORE_03;CASH-02;2026-08-15 16:14:33;SKU-005;4;5000;0;CARD
REC-20260815-STORE_03-0083;STORE_03;CASH-06;2026-08-15 21:58:18;SKU-003;1;45000;0;CARD
REC-20260815-STORE_03-0084;STORE_03;CASH-03;2026-08-15 13:17:53;SKU-038;2;12000;500;CARD
REC-20260815-STORE_03-0085;STORE_03;CASH-10;2026-08-15 12:43:16;SKU-021;1;5000;500;CARD
REC-20260815-STORE_03-0085;STORE_03;CASH-07;2026-08-15 12:43:16;SKU-012;1;45000;500;CARD
REC-20260815-STORE_03-0085;STORE_03;CASH-09;2026-08-15 12:43:16;SKU-007;1;12000;0;CARD
REC-20260815-STORE_03-0086;STORE_03;CASH-04;2026-08-15 15:53:04;SKU-001;3;45000;0;CARD
REC-20260815-STORE_03-0086;STORE_03;CASH-04;2026-08-15 15:53:04;SKU-003;1;45000;500;CASH
REC-20260815-STORE_03-0087;STORE_03;CASH-06;2026-08-15 14:12:20;SKU-027;2;5000;500;CARD
REC-20260815-STORE_03-0087;STORE_03;CASH-01;2026-08-15 14:12:20;SKU-021;1;5000;0;CASH
REC-20260815-STORE_03-0087;STORE_03;CASH-10;2026-08-15 14:12:20;SKU-004;1;25000;0;CARD
REC-20260815-STORE_03-0087;STORE_03;CASH-08;2026-08-15 14:12:20;SKU-022;3;12000;1000;CARD
REC-20260815-STORE_03-0088;STORE_03;CASH-02;2026-08-15 12:51:09;SKU-001;4;45000;0;CARD
REC-20260815-STORE_03-0088;STORE_03;CASH-08;2026-08-15 12:51:09;SKU-013;2;12000;0;CARD
REC-20260815-STORE_03-0088;STORE_03;CASH-07;2026-08-15 12:51:09;SKU-002;2;12000;0;CARD
REC-20260815-STORE_03-0089;STORE_03;CASH-02;2026-08-15 16:22:20;SKU-016;4;25000;0;CARD
REC-20260815-STORE_03-0089;STORE_03;CASH-01;2026-08-15 16:22:20;SKU-003;3;45000;0;CARD
REC-20260815-STORE_03-0089;STORE_03;CASH-04;2026-08-15 16:22:20;SKU-004;4;25000;0;CASH
REC-20260815-STORE_03-0089;STORE_03;CASH-08;2026-08-15 16:22:20;SKU-006;4;45000;0;CARD
REC-20260815-STORE_03-0090;STORE_03;CASH-01;2026-08-15 16:01:45;SKU-023;4;45000;0;CARD
REC-20260815-STORE_03-0090;STORE_03;CASH-01;2026-08-15 16:01:45;SKU-049;4;5000;1000;CASH
REC-20260815-STORE_03-0090;STORE_03;CASH-07;2026-08-15 16:01:45;SKU-001;4;45000;1000;CASH
REC-20260815-STORE_03-0090;STORE_03;CASH-09;2026-08-15 16:01:45;SKU-009;4;25000;0;CARD
REC-20260815-STORE_03-0090;STORE_03;CASH-01;2026-08-15 16:01:45;SKU-004;2;25000;1000;CARD
REC-20260815-STORE_03-0091;STORE_03;CASH-01;2026-08-15 20:32:52;SKU-011;1;5000;0;CASH
REC-20260815-STORE_03-0091;STORE_03;CASH-02;2026-08-15 20:32:52;SKU-014;4;5000;0;CASH
REC-20260815-STORE_03-0092;STORE_03;CASH-09;2026-08-15 21:06:50;SKU-002;3;12000;500;CASH
REC-20260815-STORE_03-0092;STORE_03;CASH-10;2026-08-15 21:06:50;SKU-016;1;25000;0;CARD
REC-20260815-STORE_03-0092;STORE_03;CASH-07;2026-08-15 21:06:50;SKU-040;1;25000;500;CASH
REC-20260815-STORE_03-0092;STORE_03;CASH-10;2026-08-15 21:06:50;SKU-029;3;5000;0;CASH
REC-20260815-STORE_03-0092;STORE_03;CASH-10;2026-08-15 21:06:50;SKU-001;2;45000;1000;CARD
REC-20260815-STORE_03-0093;STORE_03;CASH-05;2026-08-15 9:03:59;SKU-050;3;25000;0;CARD
REC-20260815-STORE_03-0094;STORE_03;CASH-08;2026-08-15 21:43:47;SKU-030;4;45000;0;CASH
REC-20260815-STORE_03-0094;STORE_03;CASH-09;2026-08-15 21:43:47;SKU-011;3;5000;0;CASH
REC-20260815-STORE_03-0095;STORE_03;CASH-03;2026-08-15 20:46:01;SKU-002;2;12000;0;CARD
REC-20260815-STORE_03-0095;STORE_03;CASH-03;2026-08-15 20:46:01;SKU-021;1;5000;0;CASH
REC-20260815-STORE_03-0095;STORE_03;CASH-10;2026-08-15 20:46:01;SKU-004;3;25000;1000;CARD
REC-20260815-STORE_03-0095;STORE_03;CASH-02;2026-08-15 20:46:01;SKU-005;1;5000;0;CARD
REC-20260815-STORE_03-0095;STORE_03;CASH-05;2026-08-15 20:46:01;SKU-001;2;45000;500;CARD
REC-20260815-STORE_03-0096;STORE_03;CASH-05;2026-08-15 10:55:42;SKU-001;2;45000;0;CASH
REC-20260815-STORE_03-0096;STORE_03;CASH-01;2026-08-15 10:55:42;SKU-009;3;25000;500;CARD
REC-20260815-STORE_03-0096;STORE_03;CASH-06;2026-08-15 10:55:42;SKU-036;2;45000;500;CASH
REC-20260815-STORE_03-0097;STORE_03;CASH-06;2026-08-15 15:25:47;SKU-007;2;12000;0;CASH
REC-20260815-STORE_03-0097;STORE_03;CASH-03;2026-08-15 15:25:47;SKU-011;2;5000;500;CARD
REC-20260815-STORE_03-0098;STORE_03;CASH-03;2026-08-15 20:09:57;SKU-001;4;45000;1000;CARD
REC-20260815-STORE_03-0098;STORE_03;CASH-01;2026-08-15 20:09:57;SKU-012;4;45000;0;CASH
REC-20260815-STORE_03-0098;STORE_03;CASH-08;2026-08-15 20:09:57;SKU-013;3;12000;0;CARD
REC-20260815-STORE_03-0098;STORE_03;CASH-03;2026-08-15 20:09:57;SKU-006;1;45000;0;CASH
REC-20260815-STORE_03-0099;STORE_03;CASH-08;2026-08-15 10:11:14;SKU-006;1;45000;0;CASH
REC-20260815-STORE_03-0099;STORE_03;CASH-01;2026-08-15 10:11:14;SKU-019;2;25000;0;CASH
REC-20260815-STORE_03-0100;STORE_03;CASH-10;2026-08-15 12:38:55;SKU-008;4;12000;500;CARD
REC-20260815-STORE_03-0101;STORE_03;CASH-09;2026-08-15 21:19:21;SKU-001;4;45000;0;CASH
REC-20260815-STORE_03-0101;STORE_03;CASH-09;2026-08-15 21:19:21;SKU-013;1;12000;1000;CARD
REC-20260815-STORE_03-0101;STORE_03;CASH-10;2026-08-15 21:19:21;SKU-006;3;45000;1000;CARD
REC-20260815-STORE_03-0102;STORE_03;CASH-01;2026-08-15 16:50:21;SKU-001;2;45000;0;CARD
REC-20260815-STORE_03-0102;STORE_03;CASH-04;2026-08-15 16:50:21;SKU-008;4;12000;0;CASH
REC-20260815-STORE_03-0102;STORE_03;CASH-08;2026-08-15 16:50:21;SKU-001;4;45000;500;CASH
REC-20260815-STORE_03-0103;STORE_03;CASH-05;2026-08-15 14:29:53;SKU-008;4;12000;0;CARD
REC-20260815-STORE_03-0103;STORE_03;CASH-07;2026-08-15 14:29:53;SKU-009;2;25000;0;CARD
REC-20260815-STORE_03-0103;STORE_03;CASH-08;2026-08-15 14:29:53;SKU-003;1;45000;0;CARD
REC-20260815-STORE_03-0104;STORE_03;CASH-04;2026-08-15 17:27:03;SKU-027;4;5000;0;CASH
REC-20260815-STORE_03-0104;STORE_03;CASH-07;2026-08-15 17:27:03;SKU-001;3;45000;0;CARD
REC-20260815-STORE_03-0104;STORE_03;CASH-03;2026-08-15 17:27:03;SKU-049;1;5000;0;CASH
REC-20260815-STORE_03-0104;STORE_03;CASH-01;2026-08-15 17:27:03;SKU-004;3;25000;0;CASH
REC-20260815-STORE_03-0104;STORE_03;CASH-03;2026-08-15 17:27:03;SKU-016;1;25000;0;CARD
REC-20260815-STORE_03-0105;STORE_03;CASH-05;2026-08-15 17:53:22;SKU-006;1;45000;0;CASH
REC-20260815-STORE_03-0105;STORE_03;CASH-04;2026-08-15 17:53:22;SKU-029;4;5000;0;CASH
REC-20260815-STORE_03-0105;STORE_03;CASH-02;2026-08-15 17:53:22;SKU-001;1;45000;0;CARD
REC-20260815-STORE_03-0105;STORE_03;CASH-01;2026-08-15 17:53:22;SKU-002;1;12000;0;CARD
REC-20260815-STORE_03-0105;STORE_03;CASH-07;2026-08-15 17:53:22;SKU-011;2;5000;1000;CASH
REC-20260815-STORE_03-0106;STORE_03;CASH-08;2026-08-15 18:30:53;SKU-028;3;5000;0;CARD
REC-20260815-STORE_03-0106;STORE_03;CASH-04;2026-08-15 18:30:53;SKU-004;1;25000;500;CASH
REC-20260815-STORE_03-0106;STORE_03;CASH-04;2026-08-15 18:30:53;SKU-017;2;12000;500;CARD
REC-20260815-STORE_03-0107;STORE_03;CASH-07;2026-08-15 20:55:57;SKU-026;1;12000;0;CASH
REC-20260815-STORE_03-0107;STORE_03;CASH-06;2026-08-15 20:55:57;SKU-027;2;5000;0;CARD
REC-20260815-STORE_03-0107;STORE_03;CASH-01;2026-08-15 20:55:57;SKU-043;1;25000;1000;CARD
REC-20260815-STORE_03-0108;STORE_03;CASH-10;2026-08-15 11:17:50;SKU-003;3;45000;0;CARD
REC-20260815-STORE_03-0108;STORE_03;CASH-03;2026-08-15 11:17:50;SKU-001;3;45000;0;CASH
REC-20260815-STORE_03-0108;STORE_03;CASH-02;2026-08-15 11:17:50;SKU-036;4;45000;1000;CASH
REC-20260815-STORE_03-0108;STORE_03;CASH-07;2026-08-15 11:17:50;SKU-001;3;45000;0;CASH
REC-20260815-STORE_03-0108;STORE_03;CASH-05;2026-08-15 11:17:50;SKU-003;1;45000;0;CASH
REC-20260815-STORE_03-0109;STORE_03;CASH-01;2026-08-15 15:45:11;SKU-038;2;12000;1000;CASH
REC-20260815-STORE_03-0109;STORE_03;CASH-06;2026-08-15 15:45:11;SKU-001;4;45000;0;CASH
REC-20260815-STORE_03-0109;STORE_03;CASH-06;2026-08-15 15:45:11;SKU-003;4;45000;0;CARD
REC-20260815-STORE_03-0110;STORE_03;CASH-08;2026-08-15 10:54:29;SKU-002;4;12000;0;CASH
REC-20260815-STORE_03-0110;STORE_03;CASH-01;2026-08-15 10:54:29;SKU-002;2;12000;0;CARD
REC-20260815-STORE_03-0110;STORE_03;CASH-01;2026-08-15 10:54:29;SKU-006;1;45000;500;CARD
REC-20260815-STORE_03-0111;STORE_03;CASH-04;2026-08-15 18:35:35;SKU-018;4;5000;0;CARD
REC-20260815-STORE_03-0111;STORE_03;CASH-03;2026-08-15 18:35:35;SKU-001;3;45000;1000;CASH
REC-20260815-STORE_03-0111;STORE_03;CASH-08;2026-08-15 18:35:35;SKU-004;1;25000;0;CASH
REC-20260815-STORE_03-0111;STORE_03;CASH-04;2026-08-15 18:35:35;SKU-004;3;25000;0;CASH
REC-20260815-STORE_03-0112;STORE_03;CASH-06;2026-08-15 21:31:29;SKU-002;2;12000;0;CARD
REC-20260815-STORE_03-0112;STORE_03;CASH-04;2026-08-15 21:31:29;SKU-004;3;25000;0;CARD
REC-20260815-STORE_03-0112;STORE_03;CASH-09;2026-08-15 21:31:29;SKU-001;3;45000;0;CASH
REC-20260815-STORE_03-0113;STORE_03;CASH-02;2026-08-15 20:09:20;SKU-007;1;12000;1000;CARD
REC-20260815-STORE_03-0113;STORE_03;CASH-02;2026-08-15 20:09:20;SKU-013;3;12000;0;CARD
REC-20260815-STORE_03-0113;STORE_03;CASH-01;2026-08-15 20:09:20;SKU-003;2;45000;0;CASH
REC-20260815-STORE_03-0113;STORE_03;CASH-05;2026-08-15 20:09:20;SKU-025;4;5000;1000;CASH
REC-20260815-STORE_03-0114;STORE_03;CASH-05;2026-08-15 10:20:35;SKU-001;4;45000;0;CARD
REC-20260815-STORE_03-0115;STORE_03;CASH-04;2026-08-15 21:45:36;SKU-018;4;5000;0;CASH
REC-20260815-STORE_03-0115;STORE_03;CASH-08;2026-08-15 21:45:36;SKU-001;4;45000;0;CARD
REC-20260815-STORE_03-0115;STORE_03;CASH-09;2026-08-15 21:45:36;SKU-007;2;12000;500;CASH
REC-20260815-STORE_03-0115;STORE_03;CASH-05;2026-08-15 21:45:36;SKU-009;4;25000;0;CASH
REC-20260815-STORE_03-0115;STORE_03;CASH-05;2026-08-15 21:45:36;SKU-036;2;45000;0;CARD
REC-20260815-STORE_03-0116;STORE_03;CASH-05;2026-08-15 16:49:25;SKU-001;2;45000;1000;CARD
REC-20260815-STORE_03-0116;STORE_03;CASH-01;2026-08-15 16:49:25;SKU-010;3;25000;1000;CARD
REC-20260815-STORE_03-0117;STORE_03;CASH-05;2026-08-15 20:50:05;SKU-015;3;5000;0;CASH
REC-20260815-STORE_03-0117;STORE_03;CASH-04;2026-08-15 20:50:05;SKU-034;2;25000;1000;CASH
REC-20260815-STORE_03-0117;STORE_03;CASH-03;2026-08-15 20:50:05;SKU-016;3;25000;1000;CARD
REC-20260815-STORE_03-0117;STORE_03;CASH-06;2026-08-15 20:50:05;SKU-014;3;5000;0;CASH
REC-20260815-STORE_03-0117;STORE_03;CASH-03;2026-08-15 20:50:05;SKU-012;3;45000;0;CARD
REC-20260815-STORE_03-0118;STORE_03;CASH-04;2026-08-15 12:58:19;SKU-009;4;25000;0;CARD
REC-20260815-STORE_03-0118;STORE_03;CASH-01;2026-08-15 12:58:19;SKU-008;3;12000;500;CARD
REC-20260815-STORE_03-0118;STORE_03;CASH-07;2026-08-15 12:58:19;SKU-002;1;12000;500;CARD
REC-20260815-STORE_03-0119;STORE_03;CASH-09;2026-08-15 19:13:46;SKU-001;4;45000;1000;CARD
REC-20260815-STORE_03-0119;STORE_03;CASH-04;2026-08-15 19:13:46;SKU-001;2;45000;0;CARD
REC-20260815-STORE_03-0119;STORE_03;CASH-09;2026-08-15 19:13:46;SKU-036;4;45000;0;CARD
REC-20260815-STORE_03-0119;STORE_03;CASH-01;2026-08-15 19:13:46;SKU-009;1;25000;0;CARD
REC-20260815-STORE_03-0120;STORE_03;CASH-10;2026-08-15 19:21:38;SKU-001;3;45000;0;CARD
REC-20260815-STORE_03-0120;STORE_03;CASH-08;2026-08-15 19:21:38;SKU-006;4;45000;500;CASH
REC-20260815-STORE_03-0120;STORE_03;CASH-03;2026-08-15 19:21:38;SKU-002;4;12000;500;CASH
REC-20260815-STORE_03-0121;STORE_03;CASH-01;2026-08-15 20:50:35;SKU-005;4;5000;0;CARD
REC-20260815-STORE_03-0121;STORE_03;CASH-05;2026-08-15 20:50:35;SKU-012;4;45000;0;CARD
REC-20260815-STORE_03-0122;STORE_03;CASH-09;2026-08-15 11:23:11;SKU-002;1;12000;0;CASH
REC-20260815-STORE_03-0122;STORE_03;CASH-01;2026-08-15 11:23:11;SKU-002;3;12000;500;CARD
REC-20260815-STORE_03-0123;STORE_03;CASH-05;2026-08-15 21:43:44;SKU-030;4;45000;1000;CASH
REC-20260815-STORE_03-0123;STORE_03;CASH-01;2026-08-15 21:43:44;SKU-004;2;25000;0;CARD
REC-20260815-STORE_03-0123;STORE_03;CASH-09;2026-08-15 21:43:44;SKU-004;2;25000;0;CARD
REC-20260815-STORE_03-0123;STORE_03;CASH-03;2026-08-15 21:43:44;SKU-002;4;12000;500;CARD
REC-20260815-STORE_03-0123;STORE_03;CASH-06;2026-08-15 21:43:44;SKU-004;3;25000;1000;CASH
REC-20260815-STORE_03-0124;STORE_03;CASH-02;2026-08-15 14:05:22;SKU-012;1;45000;1000;CARD
REC-20260815-STORE_03-0124;STORE_03;CASH-05;2026-08-15 14:05:22;SKU-003;1;45000;0;CASH
REC-20260815-STORE_03-0124;STORE_03;CASH-04;2026-08-15 14:05:22;SKU-015;4;5000;0;CARD
REC-20260815-STORE_03-0124;STORE_03;CASH-04;2026-08-15 14:05:22;SKU-014;4;5000;0;CARD
REC-20260815-STORE_03-0124;STORE_03;CASH-09;2026-08-15 14:05:22;SKU-007;1;12000;0;CARD
REC-20260815-STORE_03-0125;STORE_03;CASH-04;2026-08-15 13:55:48;SKU-004;4;25000;1000;CARD
REC-20260815-STORE_03-0125;STORE_03;CASH-06;2026-08-15 13:55:48;SKU-005;3;5000;1000;CARD
REC-20260815-STORE_03-0126;STORE_03;CASH-10;2026-08-15 14:16:21;SKU-037;3;45000;0;CARD
REC-20260815-STORE_03-0127;STORE_03;CASH-03;2026-08-15 21:25:54;SKU-037;1;45000;0;CARD
REC-20260815-STORE_03-0127;STORE_03;CASH-10;2026-08-15 21:25:54;SKU-010;2;25000;0;CARD
REC-20260815-STORE_03-0128;STORE_03;CASH-01;2026-08-15 12:08:45;SKU-004;2;25000;0;CARD
REC-20260815-STORE_03-0128;STORE_03;CASH-01;2026-08-15 12:08:45;SKU-003;1;45000;0;CASH
REC-20260815-STORE_03-0129;STORE_03;CASH-04;2026-08-15 16:22:21;SKU-002;1;12000;500;CASH
REC-20260815-STORE_03-0129;STORE_03;CASH-04;2026-08-15 16:22:21;SKU-035;3;5000;1000;CARD
REC-20260815-STORE_03-0129;STORE_03;CASH-06;2026-08-15 16:22:21;SKU-002;3;12000;500;CARD
REC-20260815-STORE_03-0130;STORE_03;CASH-04;2026-08-15 14:43:31;SKU-001;3;45000;500;CASH
REC-20260815-STORE_03-0130;STORE_03;CASH-03;2026-08-15 14:43:31;SKU-001;3;45000;500;CARD
REC-20260815-STORE_03-0130;STORE_03;CASH-04;2026-08-15 14:43:31;SKU-011;1;5000;1000;CARD
REC-20260815-STORE_03-0130;STORE_03;CASH-07;2026-08-15 14:43:31;SKU-002;1;12000;500;CASH
REC-20260815-STORE_03-0130;STORE_03;CASH-10;2026-08-15 14:43:31;SKU-019;1;25000;1000;CASH
REC-20260815-STORE_03-0131;STORE_03;CASH-02;2026-08-15 8:03:03;SKU-002;3;12000;1000;CARD
REC-20260815-STORE_03-0132;STORE_03;CASH-01;2026-08-15 14:44:53;SKU-012;4;45000;0;CARD
REC-20260815-STORE_03-0132;STORE_03;CASH-03;2026-08-15 14:44:53;SKU-007;4;12000;0;CARD
REC-20260815-STORE_03-0133;STORE_03;CASH-03;2026-08-15 15:33:06;SKU-018;3;5000;0;CASH
REC-20260815-STORE_03-0133;STORE_03;CASH-05;2026-08-15 15:33:06;SKU-032;2;25000;0;CASH
REC-20260815-STORE_03-0133;STORE_03;CASH-06;2026-08-15 15:33:06;SKU-002;2;12000;1000;CARD
REC-20260815-STORE_03-0133;STORE_03;CASH-02;2026-08-15 15:33:06;SKU-006;4;45000;0;CARD
REC-20260815-STORE_03-0134;STORE_03;CASH-06;2026-08-15 21:33:22;SKU-025;1;5000;500;CARD
REC-20260815-STORE_03-0135;STORE_03;CASH-10;2026-08-15 12:38:47;SKU-001;1;45000;1000;CASH
REC-20260815-STORE_03-0135;STORE_03;CASH-08;2026-08-15 12:38:47;SKU-049;4;5000;0;CASH
REC-20260815-STORE_03-0135;STORE_03;CASH-01;2026-08-15 12:38:47;SKU-001;4;45000;0;CARD
REC-20260815-STORE_03-0135;STORE_03;CASH-02;2026-08-15 12:38:47;SKU-035;2;5000;500;CARD
REC-20260815-STORE_03-0135;STORE_03;CASH-07;2026-08-15 12:38:47;SKU-001;1;45000;1000;CARD
REC-20260815-STORE_03-0136;STORE_03;CASH-06;2026-08-15 17:21:10;SKU-002;3;12000;1000;CARD
REC-20260815-STORE_03-0136;STORE_03;CASH-02;2026-08-15 17:21:10;SKU-045;4;45000;0;CARD
REC-20260815-STORE_03-0136;STORE_03;CASH-01;2026-08-15 17:21:10;SKU-031;2;45000;500;CARD
REC-20260815-STORE_03-0137;STORE_03;CASH-06;2026-08-15 16:35:03;SKU-016;3;25000;0;CASH
REC-20260815-STORE_03-0137;STORE_03;CASH-02;2026-08-15 16:35:03;SKU-002;3;12000;500;CARD
REC-20260815-STORE_03-0138;STORE_03;CASH-02;2026-08-15 17:45:20;SKU-003;1;45000;0;CASH
REC-20260815-STORE_03-0138;STORE_03;CASH-10;2026-08-15 17:45:20;SKU-040;3;25000;0;CASH
REC-20260815-STORE_03-0138;STORE_03;CASH-07;2026-08-15 17:45:20;SKU-001;3;45000;0;CARD
REC-20260815-STORE_03-0139;STORE_03;CASH-06;2026-08-15 12:09:00;SKU-003;2;45000;0;CARD
REC-20260815-STORE_03-0139;STORE_03;CASH-10;2026-08-15 12:09:00;SKU-004;3;25000;0;CARD
REC-20260815-STORE_03-0139;STORE_03;CASH-04;2026-08-15 12:09:00;SKU-007;4;12000;0;CASH
REC-20260815-STORE_03-0139;STORE_03;CASH-10;2026-08-15 12:09:00;SKU-022;4;12000;0;CASH
REC-20260815-STORE_03-0139;STORE_03;CASH-02;2026-08-15 12:09:00;SKU-001;1;45000;1000;CARD
REC-20260815-STORE_03-0140;STORE_03;CASH-03;2026-08-15 14:59:52;SKU-008;1;12000;0;CARD
REC-20260815-STORE_03-0140;STORE_03;CASH-04;2026-08-15 14:59:52;SKU-005;1;5000;0;CARD
REC-20260815-STORE_03-0140;STORE_03;CASH-02;2026-08-15 14:59:52;SKU-002;2;12000;500;CARD
REC-20260815-STORE_03-0140;STORE_03;CASH-01;2026-08-15 14:59:52;SKU-002;1;12000;0;CARD
REC-20260815-STORE_03-0141;STORE_03;CASH-01;2026-08-15 8:20:02;SKU-035;3;5000;0;CARD
REC-20260815-STORE_03-0141;STORE_03;CASH-06;2026-08-15 8:20:02;SKU-009;3;25000;0;CARD
REC-20260815-STORE_03-0142;STORE_03;CASH-10;2026-08-15 19:35:42;SKU-040;3;25000;1000;CARD
REC-20260815-STORE_03-0142;STORE_03;CASH-08;2026-08-15 19:35:42;SKU-001;4;45000;0;CARD
REC-20260815-STORE_03-0142;STORE_03;CASH-08;2026-08-15 19:35:42;SKU-001;1;45000;500;CARD
REC-20260815-STORE_03-0142;STORE_03;CASH-09;2026-08-15 19:35:42;SKU-003;3;45000;0;CASH
REC-20260815-STORE_03-0142;STORE_03;CASH-08;2026-08-15 19:35:42;SKU-021;1;5000;1000;CASH
REC-20260815-STORE_03-0143;STORE_03;CASH-08;2026-08-15 19:02:52;SKU-003;1;45000;500;CARD
REC-20260815-STORE_03-0143;STORE_03;CASH-09;2026-08-15 19:02:52;SKU-033;1;5000;0;CARD
REC-20260815-STORE_03-0143;STORE_03;CASH-10;2026-08-15 19:02:52;SKU-007;1;12000;0;CARD
REC-20260815-STORE_03-0143;STORE_03;CASH-08;2026-08-15 19:02:52;SKU-004;4;25000;0;CARD
REC-20260815-STORE_03-0143;STORE_03;CASH-01;2026-08-15 19:02:52;SKU-002;1;12000;0;CARD
REC-20260815-STORE_03-0144;STORE_03;CASH-09;2026-08-15 8:30:00;SKU-003;2;45000;0;CARD
REC-20260815-STORE_03-0144;STORE_03;CASH-10;2026-08-15 8:30:00;SKU-001;2;45000;0;CASH
REC-20260815-STORE_03-0144;STORE_03;CASH-03;2026-08-15 8:30:00;SKU-021;1;5000;0;CARD
REC-20260815-STORE_03-0144;STORE_03;CASH-01;2026-08-15 8:30:00;SKU-007;1;12000;0;CARD
REC-20260815-STORE_03-0144;STORE_03;CASH-04;2026-08-15 8:30:00;SKU-035;4;5000;0;CASH
REC-20260815-STORE_03-0145;STORE_03;CASH-10;2026-08-15 14:14:41;SKU-014;3;5000;1000;CARD
REC-20260815-STORE_03-0145;STORE_03;CASH-10;2026-08-15 14:14:41;SKU-004;2;25000;0;CARD
REC-20260815-STORE_03-0145;STORE_03;CASH-03;2026-08-15 14:14:41;SKU-001;3;45000;0;CASH
REC-20260815-STORE_03-0146;STORE_03;CASH-04;2026-08-15 17:20:31;SKU-001;3;45000;0;CARD
REC-20260815-STORE_03-0146;STORE_03;CASH-07;2026-08-15 17:20:31;SKU-007;4;12000;0;CARD
REC-20260815-STORE_03-0146;STORE_03;CASH-10;2026-08-15 17:20:31;SKU-003;1;45000;500;CARD
REC-20260815-STORE_03-0147;STORE_03;CASH-10;2026-08-15 16:05:10;SKU-031;4;45000;1000;CARD
REC-20260815-STORE_03-0147;STORE_03;CASH-10;2026-08-15 16:05:10;SKU-001;1;45000;0;CARD
REC-20260815-STORE_03-0148;STORE_03;CASH-06;2026-08-15 8:08:31;SKU-005;2;5000;0;CARD
REC-20260815-STORE_03-0148;STORE_03;CASH-07;2026-08-15 8:08:31;SKU-004;4;25000;0;CASH
REC-20260815-STORE_03-0148;STORE_03;CASH-05;2026-08-15 8:08:31;SKU-002;3;12000;0;CARD
REC-20260815-STORE_03-0148;STORE_03;CASH-05;2026-08-15 8:08:31;SKU-032;4;25000;500;CARD
REC-20260815-STORE_03-0149;STORE_03;CASH-09;2026-08-15 21:40:32;SKU-002;3;12000;500;CARD
REC-20260815-STORE_03-0149;STORE_03;CASH-02;2026-08-15 21:40:32;SKU-001;3;45000;0;CASH
REC-20260815-STORE_03-0149;STORE_03;CASH-08;2026-08-15 21:40:32;SKU-044;2;5000;500;CASH
REC-20260815-STORE_03-0149;STORE_03;CASH-03;2026-08-15 21:40:32;SKU-005;2;5000;0;CASH
REC-20260815-STORE_03-0149;STORE_03;CASH-05;2026-08-15 21:40:32;SKU-031;4;45000;0;CARD
REC-20260815-STORE_03-0150;STORE_03;CASH-05;2026-08-15 9:59:33;SKU-001;4;45000;0;CARD
REC-20260815-STORE_03-0150;STORE_03;CASH-01;2026-08-15 9:59:33;SKU-001;2;45000;0;CARD
REC-20260815-STORE_03-0151;STORE_03;CASH-09;2026-08-15 13:22:26;SKU-001;2;45000;500;CASH
REC-20260815-STORE_03-0151;STORE_03;CASH-05;2026-08-15 13:22:26;SKU-019;4;25000;0;CARD
REC-20260815-STORE_03-0151;STORE_03;CASH-05;2026-08-15 13:22:26;SKU-040;2;25000;0;CASH
REC-20260815-STORE_03-0152;STORE_03;CASH-09;2026-08-15 21:55:20;SKU-021;3;5000;500;CARD
REC-20260815-STORE_03-0152;STORE_03;CASH-07;2026-08-15 21:55:20;SKU-015;2;5000;500;CARD
REC-20260815-STORE_03-0152;STORE_03;CASH-06;2026-08-15 21:55:20;SKU-003;4;45000;0;CASH
REC-20260815-STORE_03-0153;STORE_03;CASH-05;2026-08-15 8:24:17;SKU-002;4;12000;0;CARD
REC-20260815-STORE_03-0154;STORE_03;CASH-09;2026-08-15 11:40:36;SKU-004;2;25000;0;CASH
REC-20260815-STORE_03-0154;STORE_03;CASH-02;2026-08-15 11:40:36;SKU-009;2;25000;0;CARD
REC-20260815-STORE_03-0154;STORE_03;CASH-09;2026-08-15 11:40:36;SKU-005;3;5000;1000;CASH
REC-20260815-STORE_03-0154;STORE_03;CASH-08;2026-08-15 11:40:36;SKU-007;3;12000;1000;CARD
REC-20260815-STORE_03-0155;STORE_03;CASH-10;2026-08-15 10:33:20;SKU-022;2;12000;0;CARD
REC-20260815-STORE_03-0155;STORE_03;CASH-07;2026-08-15 10:33:20;SKU-013;4;12000;0;CARD
REC-20260815-STORE_03-0156;STORE_03;CASH-09;2026-08-15 13:17:16;SKU-004;1;25000;0;CARD
REC-20260815-STORE_03-0156;STORE_03;CASH-08;2026-08-15 13:17:16;SKU-001;4;45000;0;CARD
REC-20260815-STORE_03-0157;STORE_03;CASH-10;2026-08-15 15:26:10;SKU-002;3;12000;0;CARD
REC-20260815-STORE_03-0157;STORE_03;CASH-05;2026-08-15 15:26:10;SKU-001;1;45000;500;CASH
REC-20260815-STORE_03-0158;STORE_03;CASH-04;2026-08-15 10:26:18;SKU-032;3;25000;500;CARD
REC-20260815-STORE_03-0158;STORE_03;CASH-02;2026-08-15 10:26:18;SKU-005;3;5000;500;CARD
REC-20260815-STORE_03-0158;STORE_03;CASH-04;2026-08-15 10:26:18;SKU-032;4;25000;0;CARD
REC-20260815-STORE_03-0159;STORE_03;CASH-07;2026-08-15 17:58:31;SKU-014;3;5000;0;CARD
REC-20260815-STORE_03-0160;STORE_03;CASH-03;2026-08-15 17:38:54;SKU-002;4;12000;0;CARD
REC-20260815-STORE_03-0161;STORE_03;CASH-03;2026-08-15 10:22:38;SKU-025;3;5000;1000;CARD
REC-20260815-STORE_03-0162;STORE_03;CASH-07;2026-08-15 17:15:27;SKU-008;1;12000;0;CARD
REC-20260815-STORE_03-0162;STORE_03;CASH-04;2026-08-15 17:15:27;SKU-008;4;12000;500;CARD
REC-20260815-STORE_03-0162;STORE_03;CASH-06;2026-08-15 17:15:27;SKU-027;2;5000;0;CASH
REC-20260815-STORE_03-0163;STORE_03;CASH-05;2026-08-15 18:14:05;SKU-001;2;45000;1000;CARD
REC-20260815-STORE_03-0163;STORE_03;CASH-02;2026-08-15 18:14:05;SKU-001;4;45000;500;CARD
REC-20260815-STORE_03-0163;STORE_03;CASH-10;2026-08-15 18:14:05;SKU-001;1;45000;0;CARD
REC-20260815-STORE_03-0164;STORE_03;CASH-03;2026-08-15 9:09:00;SKU-003;2;45000;0;CARD
REC-20260815-STORE_03-0164;STORE_03;CASH-03;2026-08-15 9:09:00;SKU-003;4;45000;0;CARD
REC-20260815-STORE_03-0164;STORE_03;CASH-10;2026-08-15 9:09:00;SKU-001;4;45000;0;CARD
REC-20260815-STORE_03-0164;STORE_03;CASH-06;2026-08-15 9:09:00;SKU-001;2;45000;0;CARD
REC-20260815-STORE_03-0165;STORE_03;CASH-08;2026-08-15 9:01:11;SKU-002;3;12000;0;CASH
REC-20260815-STORE_03-0165;STORE_03;CASH-04;2026-08-15 9:01:11;SKU-025;4;5000;500;CARD
REC-20260815-STORE_03-0166;STORE_03;CASH-08;2026-08-15 20:36:43;SKU-038;3;12000;0;CARD
REC-20260815-STORE_03-0167;STORE_03;CASH-04;2026-08-15 8:28:21;SKU-001;4;45000;0;CARD
REC-20260815-STORE_03-0167;STORE_03;CASH-10;2026-08-15 8:28:21;SKU-001;2;45000;0;CARD
REC-20260815-STORE_03-0167;STORE_03;CASH-03;2026-08-15 8:28:21;SKU-002;3;12000;1000;CASH
REC-20260815-STORE_03-0167;STORE_03;CASH-04;2026-08-15 8:28:21;SKU-004;2;25000;0;CARD
REC-20260815-STORE_03-0167;STORE_03;CASH-04;2026-08-15 8:28:21;SKU-001;1;45000;0;CARD
REC-20260815-STORE_03-0168;STORE_03;CASH-03;2026-08-15 14:39:54;SKU-047;3;5000;500;CARD
REC-20260815-STORE_03-0169;STORE_03;CASH-03;2026-08-15 11:40:16;SKU-016;1;25000;0;CARD
REC-20260815-STORE_03-0169;STORE_03;CASH-07;2026-08-15 11:40:16;SKU-001;2;45000;0;CARD
REC-20260815-STORE_03-0170;STORE_03;CASH-05;2026-08-15 12:31:26;SKU-002;3;12000;500;CARD
REC-20260815-STORE_03-0170;STORE_03;CASH-05;2026-08-15 12:31:26;SKU-003;4;45000;0;CARD
REC-20260815-STORE_03-0170;STORE_03;CASH-04;2026-08-15 12:31:26;SKU-015;2;5000;0;CARD
REC-20260815-STORE_03-0170;STORE_03;CASH-08;2026-08-15 12:31:26;SKU-001;2;45000;0;CARD
REC-20260815-STORE_03-0170;STORE_03;CASH-01;2026-08-15 12:31:26;SKU-003;4;45000;500;CARD
REC-20260815-STORE_03-0171;STORE_03;CASH-01;2026-08-15 14:37:51;SKU-001;4;45000;0;CARD
REC-20260815-STORE_03-0171;STORE_03;CASH-04;2026-08-15 14:37:51;SKU-002;2;12000;1000;CARD
REC-20260815-STORE_03-0171;STORE_03;CASH-03;2026-08-15 14:37:51;SKU-029;4;5000;0;CARD
REC-20260815-STORE_03-0171;STORE_03;CASH-09;2026-08-15 14:37:51;SKU-001;2;45000;500;CARD
REC-20260815-STORE_03-0171;STORE_03;CASH-05;2026-08-15 14:37:51;SKU-034;4;25000;0;CARD
REC-20260815-STORE_03-0172;STORE_03;CASH-07;2026-08-15 16:22:47;SKU-002;3;12000;0;CARD
REC-20260815-STORE_03-0172;STORE_03;CASH-04;2026-08-15 16:22:47;SKU-001;3;45000;0;CASH
REC-20260815-STORE_03-0172;STORE_03;CASH-07;2026-08-15 16:22:47;SKU-015;4;5000;0;CARD
REC-20260815-STORE_03-0172;STORE_03;CASH-05;2026-08-15 16:22:47;SKU-022;4;12000;0;CARD
REC-20260815-STORE_03-0173;STORE_03;CASH-04;2026-08-15 12:10:06;SKU-001;4;45000;0;CARD
REC-20260815-STORE_03-0173;STORE_03;CASH-06;2026-08-15 12:10:06;SKU-001;3;45000;1000;CASH
REC-20260815-STORE_03-0173;STORE_03;CASH-09;2026-08-15 12:10:06;SKU-001;2;45000;0;CASH
REC-20260815-STORE_03-0173;STORE_03;CASH-01;2026-08-15 12:10:06;SKU-007;1;12000;1000;CARD
REC-20260815-STORE_03-0173;STORE_03;CASH-02;2026-08-15 12:10:06;SKU-001;2;45000;500;CASH
REC-20260815-STORE_03-0174;STORE_03;CASH-08;2026-08-15 15:12:55;SKU-008;4;12000;1000;CARD
REC-20260815-STORE_03-0175;STORE_03;CASH-08;2026-08-15 13:14:57;SKU-001;3;45000;0;CARD
REC-20260815-STORE_03-0176;STORE_03;CASH-09;2026-08-15 14:24:50;SKU-007;1;12000;0;CASH
REC-20260815-STORE_03-0176;STORE_03;CASH-08;2026-08-15 14:24:50;SKU-001;3;45000;0;CARD
REC-20260815-STORE_03-0176;STORE_03;CASH-08;2026-08-15 14:24:50;SKU-002;2;12000;500;CARD
REC-20260815-STORE_03-0177;STORE_03;CASH-04;2026-08-15 14:11:54;SKU-004;1;25000;0;CARD
REC-20260815-STORE_03-0177;STORE_03;CASH-08;2026-08-15 14:11:54;SKU-010;1;25000;1000;CARD
REC-20260815-STORE_03-0177;STORE_03;CASH-10;2026-08-15 14:11:54;SKU-001;4;45000;0;CASH
REC-20260815-STORE_03-0178;STORE_03;CASH-09;2026-08-15 19:34:17;SKU-028;2;5000;500;CASH
REC-20260815-STORE_03-0179;STORE_03;CASH-08;2026-08-15 15:02:55;SKU-008;4;12000;0;CARD
REC-20260815-STORE_03-0179;STORE_03;CASH-01;2026-08-15 15:02:55;SKU-025;3;5000;1000;CASH
REC-20260815-STORE_03-0179;STORE_03;CASH-04;2026-08-15 15:02:55;SKU-007;4;12000;0;CARD
REC-20260815-STORE_03-0179;STORE_03;CASH-05;2026-08-15 15:02:55;SKU-005;4;5000;500;CARD
REC-20260815-STORE_03-0180;STORE_03;CASH-01;2026-08-15 13:39:49;SKU-014;4;5000;0;CASH
REC-20260815-STORE_03-0181;STORE_03;CASH-10;2026-08-15 19:05:43;SKU-029;1;5000;1000;CASH
REC-20260815-STORE_03-0181;STORE_03;CASH-10;2026-08-15 19:05:43;SKU-003;3;45000;0;CASH
REC-20260815-STORE_03-0182;STORE_03;CASH-08;2026-08-15 10:03:34;SKU-001;3;45000;0;CASH
REC-20260815-STORE_03-0182;STORE_03;CASH-04;2026-08-15 10:03:34;SKU-001;4;45000;0;CARD
REC-20260815-STORE_03-0183;STORE_03;CASH-07;2026-08-15 17:02:14;SKU-018;3;5000;0;CARD
REC-20260815-STORE_03-0183;STORE_03;CASH-01;2026-08-15 17:02:14;SKU-002;3;12000;0;CARD
REC-20260815-STORE_03-0183;STORE_03;CASH-01;2026-08-15 17:02:14;SKU-006;3;45000;0;CASH
REC-20260815-STORE_03-0183;STORE_03;CASH-02;2026-08-15 17:02:14;SKU-006;1;45000;0;CASH
REC-20260815-STORE_03-0184;STORE_03;CASH-04;2026-08-15 10:30:31;SKU-009;1;25000;0;CARD
REC-20260815-STORE_03-0184;STORE_03;CASH-04;2026-08-15 10:30:31;SKU-001;4;45000;500;CASH
REC-20260815-STORE_03-0184;STORE_03;CASH-02;2026-08-15 10:30:31;SKU-001;4;45000;0;CASH
REC-20260815-STORE_03-0185;STORE_03;CASH-06;2026-08-15 14:58:53;SKU-017;3;12000;0;CASH
REC-20260815-STORE_03-0185;STORE_03;CASH-08;2026-08-15 14:58:53;SKU-001;1;45000;0;CARD
REC-20260815-STORE_03-0185;STORE_03;CASH-04;2026-08-15 14:58:53;SKU-001;4;45000;0;CARD
REC-20260815-STORE_03-0186;STORE_03;CASH-09;2026-08-15 17:02:35;SKU-039;3;5000;0;CARD
REC-20260815-STORE_03-0186;STORE_03;CASH-08;2026-08-15 17:02:35;SKU-024;2;12000;0;CARD
REC-20260815-STORE_03-0186;STORE_03;CASH-09;2026-08-15 17:02:35;SKU-004;3;25000;500;CASH
REC-20260815-STORE_03-0187;STORE_03;CASH-09;2026-08-15 11:47:42;SKU-010;4;25000;0;CARD
REC-20260815-STORE_03-0187;STORE_03;CASH-01;2026-08-15 11:47:42;SKU-017;1;12000;0;CARD
REC-20260815-STORE_03-0188;STORE_03;CASH-06;2026-08-15 10:32:25;SKU-008;1;12000;0;CASH
REC-20260815-STORE_03-0188;STORE_03;CASH-02;2026-08-15 10:32:25;SKU-011;3;5000;500;CARD
REC-20260815-STORE_03-0188;STORE_03;CASH-03;2026-08-15 10:32:25;SKU-002;2;12000;500;CARD
REC-20260815-STORE_03-0189;STORE_03;CASH-08;2026-08-15 13:57:19;SKU-029;4;5000;0;CARD
REC-20260815-STORE_03-0189;STORE_03;CASH-05;2026-08-15 13:57:19;SKU-037;3;45000;0;CARD
REC-20260815-STORE_03-0190;STORE_03;CASH-02;2026-08-15 19:41:32;SKU-007;4;12000;0;CASH
REC-20260815-STORE_03-0190;STORE_03;CASH-09;2026-08-15 19:41:32;SKU-004;3;25000;1000;CARD
REC-20260815-STORE_03-0191;STORE_03;CASH-05;2026-08-15 10:42:17;SKU-002;1;12000;1000;CARD
REC-20260815-STORE_03-0191;STORE_03;CASH-05;2026-08-15 10:42:17;SKU-001;3;45000;0;CARD
REC-20260815-STORE_03-0191;STORE_03;CASH-10;2026-08-15 10:42:17;SKU-001;2;45000;0;CARD
REC-20260815-STORE_03-0191;STORE_03;CASH-02;2026-08-15 10:42:17;SKU-011;4;5000;1000;CASH
REC-20260815-STORE_03-0192;STORE_03;CASH-07;2026-08-15 15:12:51;SKU-002;2;12000;0;CARD
REC-20260815-STORE_03-0193;STORE_03;CASH-10;2026-08-15 19:54:39;SKU-024;1;12000;0;CARD
REC-20260815-STORE_03-0193;STORE_03;CASH-01;2026-08-15 19:54:39;SKU-018;3;5000;500;CARD
REC-20260815-STORE_03-0193;STORE_03;CASH-04;2026-08-15 19:54:39;SKU-002;3;12000;0;CARD
REC-20260815-STORE_03-0193;STORE_03;CASH-07;2026-08-15 19:54:39;SKU-001;2;45000;0;CARD
REC-20260815-STORE_03-0194;STORE_03;CASH-07;2026-08-15 20:46:52;SKU-002;4;12000;0;CARD
REC-20260815-STORE_03-0194;STORE_03;CASH-07;2026-08-15 20:46:52;SKU-001;4;45000;0;CARD
REC-20260815-STORE_03-0194;STORE_03;CASH-02;2026-08-15 20:46:52;SKU-035;1;5000;0;CASH
REC-20260815-STORE_03-0194;STORE_03;CASH-09;2026-08-15 20:46:52;SKU-003;3;45000;1000;CASH
REC-20260815-STORE_03-0195;STORE_03;CASH-01;2026-08-15 16:28:18;SKU-027;3;5000;500;CARD
REC-20260815-STORE_03-0195;STORE_03;CASH-03;2026-08-15 16:28:18;SKU-003;2;45000;0;CASH
REC-20260815-STORE_03-0195;STORE_03;CASH-08;2026-08-15 16:28:18;SKU-005;1;5000;0;CASH
REC-20260815-STORE_03-0196;STORE_03;CASH-07;2026-08-15 8:40:41;SKU-032;4;25000;0;CARD
REC-20260815-STORE_03-0197;STORE_03;CASH-05;2026-08-15 17:54:52;SKU-004;1;25000;1000;CARD
REC-20260815-STORE_03-0197;STORE_03;CASH-09;2026-08-15 17:54:52;SKU-002;1;12000;0;CARD
REC-20260815-STORE_03-0197;STORE_03;CASH-02;2026-08-15 17:54:52;SKU-001;2;45000;500;CARD
REC-20260815-STORE_03-0198;STORE_03;CASH-04;2026-08-15 12:43:20;SKU-032;2;25000;0;CARD
REC-20260815-STORE_03-0198;STORE_03;CASH-08;2026-08-15 12:43:20;SKU-003;3;45000;0;CASH
REC-20260815-STORE_03-0198;STORE_03;CASH-10;2026-08-15 12:43:20;SKU-001;4;45000;0;CASH
REC-20260815-STORE_03-0199;STORE_03;CASH-10;2026-08-15 21:35:52;SKU-005;4;5000;1000;CARD
REC-20260815-STORE_03-0200;STORE_03;CASH-01;2026-08-15 11:34:03;SKU-017;4;12000;500;CASH
REC-20260815-STORE_03-0200;STORE_03;CASH-05;2026-08-15 11:34:03;SKU-004;1;25000;1000;CARD
REC-20260815-STORE_03-0201;STORE_03;CASH-01;2026-08-15 17:13:38;SKU-007;4;12000;500;CARD
REC-20260815-STORE_03-0201;STORE_03;CASH-04;2026-08-15 17:13:38;SKU-001;3;45000;0;CARD
REC-20260815-STORE_03-0201;STORE_03;CASH-09;2026-08-15 17:13:38;SKU-023;2;45000;0;CARD
REC-20260815-STORE_03-0202;STORE_03;CASH-06;2026-08-15 11:09:31;SKU-009;2;25000;0;CARD
REC-20260815-STORE_03-0202;STORE_03;CASH-08;2026-08-15 11:09:31;SKU-008;3;12000;500;CARD
REC-20260815-STORE_03-0202;STORE_03;CASH-08;2026-08-15 11:09:31;SKU-004;1;25000;0;CARD
REC-20260815-STORE_03-0202;STORE_03;CASH-01;2026-08-15 11:09:31;SKU-037;3;45000;0;CARD
REC-20260815-STORE_03-0202;STORE_03;CASH-08;2026-08-15 11:09:31;SKU-001;4;45000;500;CASH
REC-20260815-STORE_03-0203;STORE_03;CASH-09;2026-08-15 12:46:16;SKU-002;2;12000;1000;CARD
REC-20260815-STORE_03-0203;STORE_03;CASH-01;2026-08-15 12:46:16;SKU-005;1;5000;0;CARD
REC-20260815-STORE_03-0203;STORE_03;CASH-08;2026-08-15 12:46:16;SKU-006;4;45000;500;CARD
REC-20260815-STORE_03-0203;STORE_03;CASH-05;2026-08-15 12:46:16;SKU-001;2;45000;500;CARD
REC-20260815-STORE_03-0203;STORE_03;CASH-10;2026-08-15 12:46:16;SKU-010;3;25000;500;CARD
REC-20260815-STORE_03-0204;STORE_03;CASH-05;2026-08-15 21:10:17;SKU-029;2;5000;500;CARD
REC-20260815-STORE_03-0205;STORE_03;CASH-10;2026-08-15 17:48:43;SKU-026;3;12000;0;CARD
REC-20260815-STORE_03-0206;STORE_03;CASH-06;2026-08-15 15:45:07;SKU-028;4;5000;0;CARD
REC-20260815-STORE_03-0206;STORE_03;CASH-03;2026-08-15 15:45:07;SKU-005;2;5000;500;CARD
REC-20260815-STORE_03-0206;STORE_03;CASH-10;2026-08-15 15:45:07;SKU-019;4;25000;0;CARD
REC-20260815-STORE_03-0207;STORE_03;CASH-10;2026-08-15 11:52:42;SKU-001;4;45000;500;CARD
REC-20260815-STORE_03-0207;STORE_03;CASH-02;2026-08-15 11:52:42;SKU-005;1;5000;1000;CARD
REC-20260815-STORE_03-0207;STORE_03;CASH-01;2026-08-15 11:52:42;SKU-001;3;45000;0;CARD
REC-20260815-STORE_03-0208;STORE_03;CASH-07;2026-08-15 12:52:48;SKU-028;3;5000;0;CARD
REC-20260815-STORE_03-0208;STORE_03;CASH-03;2026-08-15 12:52:48;SKU-003;1;45000;500;CASH
REC-20260815-STORE_03-0209;STORE_03;CASH-05;2026-08-15 16:19:33;SKU-005;2;5000;1000;CASH
REC-20260815-STORE_03-0209;STORE_03;CASH-05;2026-08-15 16:19:33;SKU-047;4;5000;1000;CASH
REC-20260815-STORE_03-0209;STORE_03;CASH-03;2026-08-15 16:19:33;SKU-007;3;12000;0;CARD
REC-20260815-STORE_03-0210;STORE_03;CASH-07;2026-08-15 10:19:03;SKU-002;2;12000;0;CASH
REC-20260815-STORE_03-0211;STORE_03;CASH-06;2026-08-15 11:45:50;SKU-011;1;5000;1000;CASH
REC-20260815-STORE_03-0211;STORE_03;CASH-07;2026-08-15 11:45:50;SKU-001;2;45000;0;CASH
REC-20260815-STORE_03-0211;STORE_03;CASH-05;2026-08-15 11:45:50;SKU-031;2;45000;500;CASH
REC-20260815-STORE_03-0211;STORE_03;CASH-10;2026-08-15 11:45:50;SKU-017;2;12000;500;CARD
REC-20260815-STORE_03-0212;STORE_03;CASH-06;2026-08-15 16:10:25;SKU-009;4;25000;1000;CARD
REC-20260815-STORE_03-0212;STORE_03;CASH-06;2026-08-15 16:10:25;SKU-008;1;12000;500;CARD
REC-20260815-STORE_03-0212;STORE_03;CASH-07;2026-08-15 16:10:25;SKU-005;2;5000;0;CARD
REC-20260815-STORE_03-0213;STORE_03;CASH-08;2026-08-15 20:09:46;SKU-003;3;45000;0;CARD
REC-20260815-STORE_03-0213;STORE_03;CASH-04;2026-08-15 20:09:46;SKU-029;2;5000;0;CARD
REC-20260815-STORE_03-0213;STORE_03;CASH-05;2026-08-15 20:09:46;SKU-005;4;5000;0;CARD
REC-20260815-STORE_03-0214;STORE_03;CASH-04;2026-08-15 16:59:18;SKU-021;3;5000;500;CARD
REC-20260815-STORE_03-0214;STORE_03;CASH-06;2026-08-15 16:59:18;SKU-007;3;12000;0;CARD
REC-20260815-STORE_03-0214;STORE_03;CASH-01;2026-08-15 16:59:18;SKU-003;3;45000;0;CASH
REC-20260815-STORE_03-0214;STORE_03;CASH-09;2026-08-15 16:59:18;SKU-046;3;25000;1000;CASH
REC-20260815-STORE_03-0215;STORE_03;CASH-04;2026-08-15 11:05:07;SKU-001;4;45000;0;CARD
REC-20260815-STORE_03-0215;STORE_03;CASH-03;2026-08-15 11:05:07;SKU-006;3;45000;0;CASH
REC-20260815-STORE_03-0215;STORE_03;CASH-04;2026-08-15 11:05:07;SKU-006;1;45000;1000;CARD
REC-20260815-STORE_03-0215;STORE_03;CASH-09;2026-08-15 11:05:07;SKU-019;2;25000;0;CARD
REC-20260815-STORE_03-0216;STORE_03;CASH-09;2026-08-15 9:25:34;SKU-001;1;45000;500;CARD
REC-20260815-STORE_03-0216;STORE_03;CASH-01;2026-08-15 9:25:34;SKU-033;2;5000;1000;CASH
REC-20260815-STORE_03-0217;STORE_03;CASH-08;2026-08-15 10:48:30;SKU-035;3;5000;0;CARD
REC-20260815-STORE_03-0218;STORE_03;CASH-02;2026-08-15 12:13:35;SKU-001;1;45000;500;CASH
REC-20260815-STORE_03-0218;STORE_03;CASH-02;2026-08-15 12:13:35;SKU-012;1;45000;0;CARD
REC-20260815-STORE_03-0218;STORE_03;CASH-06;2026-08-15 12:13:35;SKU-032;3;25000;0;CARD
REC-20260815-STORE_03-0218;STORE_03;CASH-09;2026-08-15 12:13:35;SKU-001;1;45000;1000;CASH
REC-20260815-STORE_03-0218;STORE_03;CASH-07;2026-08-15 12:13:35;SKU-009;4;25000;0;CARD
REC-20260815-STORE_03-0219;STORE_03;CASH-01;2026-08-15 9:02:21;SKU-003;3;45000;0;CARD
REC-20260815-STORE_03-0219;STORE_03;CASH-08;2026-08-15 9:02:21;SKU-005;2;5000;500;CARD
REC-20260815-STORE_03-0219;STORE_03;CASH-03;2026-08-15 9:02:21;SKU-001;3;45000;0;CARD
REC-20260815-STORE_03-0219;STORE_03;CASH-05;2026-08-15 9:02:21;SKU-001;4;45000;1000;CARD
REC-20260815-STORE_03-0220;STORE_03;CASH-03;2026-08-15 21:21:26;SKU-016;2;25000;500;CARD
REC-20260815-STORE_03-0220;STORE_03;CASH-04;2026-08-15 21:21:26;SKU-023;1;45000;0;CARD
REC-20260815-STORE_03-0220;STORE_03;CASH-03;2026-08-15 21:21:26;SKU-017;2;12000;0;CARD
REC-20260815-STORE_03-0221;STORE_03;CASH-04;2026-08-15 12:32:09;SKU-006;2;45000;0;CASH
REC-20260815-STORE_03-0222;STORE_03;CASH-01;2026-08-15 9:22:26;SKU-018;2;5000;1000;CASH
REC-20260815-STORE_03-0222;STORE_03;CASH-03;2026-08-15 9:22:26;SKU-021;3;5000;0;CASH
REC-20260815-STORE_03-0222;STORE_03;CASH-05;2026-08-15 9:22:26;SKU-006;3;45000;500;CARD
REC-20260815-STORE_03-0222;STORE_03;CASH-08;2026-08-15 9:22:26;SKU-005;1;5000;1000;CASH
REC-20260815-STORE_03-0222;STORE_03;CASH-01;2026-08-15 9:22:26;SKU-009;2;25000;0;CARD
REC-20260815-STORE_03-0223;STORE_03;CASH-01;2026-08-15 16:30:44;SKU-010;1;25000;500;CASH
REC-20260815-STORE_03-0224;STORE_03;CASH-03;2026-08-15 16:07:59;SKU-012;1;45000;0;CARD
REC-20260815-STORE_03-0224;STORE_03;CASH-09;2026-08-15 16:07:59;SKU-003;4;45000;0;CARD
REC-20260815-STORE_03-0224;STORE_03;CASH-09;2026-08-15 16:07:59;SKU-036;3;45000;0;CARD
REC-20260815-STORE_03-0224;STORE_03;CASH-06;2026-08-15 16:07:59;SKU-002;4;12000;0;CARD
REC-20260815-STORE_03-0224;STORE_03;CASH-08;2026-08-15 16:07:59;SKU-009;2;25000;0;CARD
REC-20260815-STORE_03-0225;STORE_03;CASH-09;2026-08-15 10:27:32;SKU-007;4;12000;1000;CASH
REC-20260815-STORE_03-0225;STORE_03;CASH-07;2026-08-15 10:27:32;SKU-034;3;25000;0;CARD
REC-20260815-STORE_03-0225;STORE_03;CASH-05;2026-08-15 10:27:32;SKU-001;3;45000;0;CASH
REC-20260815-STORE_03-0226;STORE_03;CASH-07;2026-08-15 17:11:08;SKU-004;1;25000;1000;CARD
REC-20260815-STORE_03-0226;STORE_03;CASH-08;2026-08-15 17:11:08;SKU-002;1;12000;0;CARD
REC-20260815-STORE_03-0226;STORE_03;CASH-03;2026-08-15 17:11:08;SKU-001;4;45000;500;CARD
REC-20260815-STORE_03-0226;STORE_03;CASH-02;2026-08-15 17:11:08;SKU-043;3;25000;0;CARD
REC-20260815-STORE_03-0226;STORE_03;CASH-07;2026-08-15 17:11:08;SKU-017;3;12000;0;CASH
REC-20260815-STORE_03-0227;STORE_03;CASH-08;2026-08-15 13:39:43;SKU-008;4;12000;0;CARD
REC-20260815-STORE_03-0227;STORE_03;CASH-01;2026-08-15 13:39:43;SKU-006;2;45000;500;CARD
REC-20260815-STORE_03-0228;STORE_03;CASH-08;2026-08-15 9:47:36;SKU-007;1;12000;0;CARD
REC-20260815-STORE_03-0228;STORE_03;CASH-10;2026-08-15 9:47:36;SKU-002;2;12000;500;CARD
REC-20260815-STORE_03-0228;STORE_03;CASH-02;2026-08-15 9:47:36;SKU-001;1;45000;0;CASH
REC-20260815-STORE_03-0228;STORE_03;CASH-05;2026-08-15 9:47:36;SKU-001;3;45000;1000;CASH
REC-20260815-STORE_03-0229;STORE_03;CASH-07;2026-08-15 20:41:22;SKU-002;2;12000;0;CARD
REC-20260815-STORE_03-0229;STORE_03;CASH-01;2026-08-15 20:41:22;SKU-004;2;25000;1000;CARD
REC-20260815-STORE_03-0229;STORE_03;CASH-10;2026-08-15 20:41:22;SKU-007;4;12000;1000;CARD
REC-20260815-STORE_03-0230;STORE_03;CASH-05;2026-08-15 8:27:23;SKU-001;4;45000;0;CARD
REC-20260815-STORE_03-0230;STORE_03;CASH-06;2026-08-15 8:27:23;SKU-005;4;5000;1000;CASH
REC-20260815-STORE_03-0230;STORE_03;CASH-10;2026-08-15 8:27:23;SKU-028;3;5000;500;CARD
REC-20260815-STORE_03-0230;STORE_03;CASH-08;2026-08-15 8:27:23;SKU-001;2;45000;500;CARD
REC-20260815-STORE_03-0230;STORE_03;CASH-01;2026-08-15 8:27:23;SKU-007;3;12000;0;CARD
REC-20260815-STORE_03-0231;STORE_03;CASH-06;2026-08-15 12:07:35;SKU-001;1;45000;1000;CARD
REC-20260815-STORE_03-0231;STORE_03;CASH-07;2026-08-15 12:07:35;SKU-002;2;12000;0;CARD
REC-20260815-STORE_03-0232;STORE_03;CASH-09;2026-08-15 14:41:53;SKU-002;2;12000;0;CARD
REC-20260815-STORE_03-0232;STORE_03;CASH-10;2026-08-15 14:41:53;SKU-018;3;5000;1000;CARD
REC-20260815-STORE_03-0232;STORE_03;CASH-10;2026-08-15 14:41:53;SKU-011;4;5000;1000;CASH
REC-20260815-STORE_03-0233;STORE_03;CASH-07;2026-08-15 15:52:32;SKU-001;3;45000;0;CARD
REC-20260815-STORE_03-0234;STORE_03;CASH-05;2026-08-15 15:32:43;SKU-029;3;5000;0;CARD
REC-20260815-STORE_03-0234;STORE_03;CASH-09;2026-08-15 15:32:43;SKU-006;3;45000;0;CARD
REC-20260815-STORE_03-0234;STORE_03;CASH-09;2026-08-15 15:32:43;SKU-020;3;12000;0;CARD
REC-20260815-STORE_03-0235;STORE_03;CASH-08;2026-08-15 18:01:40;SKU-019;2;25000;500;CARD
REC-20260815-STORE_03-0235;STORE_03;CASH-07;2026-08-15 18:01:40;SKU-001;1;45000;0;CARD
REC-20260815-STORE_03-0235;STORE_03;CASH-02;2026-08-15 18:01:40;SKU-002;3;12000;500;CARD
REC-20260815-STORE_03-0236;STORE_03;CASH-10;2026-08-15 15:47:26;SKU-005;2;5000;0;CASH
REC-20260815-STORE_03-0237;STORE_03;CASH-08;2026-08-15 19:03:25;SKU-001;1;45000;0;CARD
REC-20260815-STORE_03-0238;STORE_03;CASH-06;2026-08-15 8:03:28;SKU-021;4;5000;0;CARD
REC-20260815-STORE_03-0238;STORE_03;CASH-05;2026-08-15 8:03:28;SKU-004;4;25000;0;CASH
REC-20260815-STORE_03-0239;STORE_03;CASH-05;2026-08-15 15:42:41;SKU-013;1;12000;500;CARD
REC-20260815-STORE_03-0239;STORE_03;CASH-05;2026-08-15 15:42:41;SKU-006;3;45000;0;CARD
REC-20260815-STORE_03-0239;STORE_03;CASH-09;2026-08-15 15:42:41;SKU-019;1;25000;1000;CARD
REC-20260815-STORE_03-0240;STORE_03;CASH-05;2026-08-15 19:08:39;SKU-017;2;12000;0;CASH
REC-20260815-STORE_03-0240;STORE_03;CASH-04;2026-08-15 19:08:39;SKU-031;1;45000;0;CARD
REC-20260815-STORE_03-0240;STORE_03;CASH-10;2026-08-15 19:08:39;SKU-013;3;12000;0;CASH
REC-20260815-STORE_03-0241;STORE_03;CASH-03;2026-08-15 20:10:04;SKU-001;3;45000;1000;CARD
REC-20260815-STORE_03-0242;STORE_03;CASH-03;2026-08-15 11:27:31;SKU-048;1;25000;0;CARD
REC-20260815-STORE_03-0242;STORE_03;CASH-06;2026-08-15 11:27:31;SKU-011;3;5000;0;CARD
REC-20260815-STORE_03-0242;STORE_03;CASH-02;2026-08-15 11:27:31;SKU-002;3;12000;500;CASH
REC-20260815-STORE_03-0242;STORE_03;CASH-01;2026-08-15 11:27:31;SKU-006;2;45000;1000;CASH
REC-20260815-STORE_03-0243;STORE_03;CASH-03;2026-08-15 11:58:28;SKU-002;3;12000;1000;CASH
REC-20260815-STORE_03-0243;STORE_03;CASH-06;2026-08-15 11:58:28;SKU-009;2;25000;0;CARD
REC-20260815-STORE_03-0244;STORE_03;CASH-02;2026-08-15 13:46:44;SKU-007;4;12000;0;CARD
REC-20260815-STORE_03-0244;STORE_03;CASH-07;2026-08-15 13:46:44;SKU-001;1;45000;0;CARD
REC-20260815-STORE_03-0244;STORE_03;CASH-01;2026-08-15 13:46:44;SKU-001;4;45000;500;CARD
REC-20260815-STORE_03-0245;STORE_03;CASH-02;2026-08-15 11:38:47;SKU-001;2;45000;0;CARD
REC-20260815-STORE_03-0245;STORE_03;CASH-08;2026-08-15 11:38:47;SKU-003;2;45000;500;CARD
REC-20260815-STORE_03-0246;STORE_03;CASH-09;2026-08-15 15:31:54;SKU-032;1;25000;1000;CASH
REC-20260815-STORE_03-0247;STORE_03;CASH-06;2026-08-15 12:16:53;SKU-007;2;12000;0;CARD
REC-20260815-STORE_03-0247;STORE_03;CASH-09;2026-08-15 12:16:53;SKU-014;2;5000;0;CARD
REC-20260815-STORE_03-0247;STORE_03;CASH-07;2026-08-15 12:16:53;SKU-044;4;5000;0;CARD
REC-20260815-STORE_03-0247;STORE_03;CASH-10;2026-08-15 12:16:53;SKU-001;4;45000;0;CASH
REC-20260815-STORE_03-0248;STORE_03;CASH-06;2026-08-15 15:37:20;SKU-003;3;45000;0;CARD
REC-20260815-STORE_03-0249;STORE_03;CASH-09;2026-08-15 20:48:54;SKU-001;2;45000;0;CASH
REC-20260815-STORE_03-0249;STORE_03;CASH-07;2026-08-15 20:48:54;SKU-001;1;45000;0;CARD
REC-20260815-STORE_03-0249;STORE_03;CASH-01;2026-08-15 20:48:54;SKU-040;4;25000;0;CARD
REC-20260815-STORE_03-0249;STORE_03;CASH-04;2026-08-15 20:48:54;SKU-001;3;45000;500;CASH
REC-20260815-STORE_03-0250;STORE_03;CASH-06;2026-08-15 10:12:48;SKU-035;1;5000;1000;CARD
REC-20260815-STORE_03-0250;STORE_03;CASH-01;2026-08-15 10:12:48;SKU-003;3;45000;0;CASH
REC-20260815-STORE_03-0250;STORE_03;CASH-03;2026-08-15 10:12:48;SKU-017;1;12000;0;CARD
REC-20260815-STORE_03-0250;STORE_03;CASH-08;2026-08-15 10:12:48;SKU-001;3;45000;1000;CARD
REC-20260815-STORE_03-0251;STORE_03;CASH-06;2026-08-15 16:26:27;SKU-005;4;5000;0;CARD
REC-20260815-STORE_03-0251;STORE_03;CASH-02;2026-08-15 16:26:27;SKU-002;2;12000;500;CARD
REC-20260815-STORE_03-0252;STORE_03;CASH-03;2026-08-15 9:59:00;SKU-010;3;25000;1000;CASH
REC-20260815-STORE_03-0252;STORE_03;CASH-10;2026-08-15 9:59:00;SKU-004;4;25000;500;CASH
REC-20260815-STORE_03-0252;STORE_03;CASH-03;2026-08-15 9:59:00;SKU-010;2;25000;0;CARD
REC-20260815-STORE_03-0253;STORE_03;CASH-10;2026-08-15 13:07:10;SKU-012;2;45000;0;CARD
REC-20260815-STORE_03-0253;STORE_03;CASH-06;2026-08-15 13:07:10;SKU-003;4;45000;1000;CASH
REC-20260815-STORE_03-0253;STORE_03;CASH-08;2026-08-15 13:07:10;SKU-010;4;25000;500;CASH
REC-20260815-STORE_03-0253;STORE_03;CASH-06;2026-08-15 13:07:10;SKU-028;2;5000;0;CARD
REC-20260815-STORE_03-0254;STORE_03;CASH-04;2026-08-15 12:07:11;SKU-001;1;45000;0;CARD
REC-20260815-STORE_03-0254;STORE_03;CASH-10;2026-08-15 12:07:11;SKU-001;3;45000;0;CASH
REC-20260815-STORE_03-0254;STORE_03;CASH-09;2026-08-15 12:07:11;SKU-015;1;5000;500;CARD
REC-20260815-STORE_03-0254;STORE_03;CASH-03;2026-08-15 12:07:11;SKU-003;2;45000;0;CARD
REC-20260815-STORE_03-0254;STORE_03;CASH-02;2026-08-15 12:07:11;SKU-012;4;45000;500;CASH
REC-20260815-STORE_03-0255;STORE_03;CASH-06;2026-08-15 10:58:29;SKU-008;3;12000;500;CASH
REC-20260815-STORE_03-0255;STORE_03;CASH-02;2026-08-15 10:58:29;SKU-049;2;5000;0;CASH
REC-20260815-STORE_03-0255;STORE_03;CASH-05;2026-08-15 10:58:29;SKU-004;1;25000;1000;CARD
REC-20260815-STORE_03-0256;STORE_03;CASH-06;2026-08-15 9:32:14;SKU-001;1;45000;0;CARD
REC-20260815-STORE_03-0256;STORE_03;CASH-08;2026-08-15 9:32:14;SKU-043;2;25000;0;CARD
REC-20260815-STORE_03-0256;STORE_03;CASH-03;2026-08-15 9:32:14;SKU-002;3;12000;0;CARD
REC-20260815-STORE_03-0256;STORE_03;CASH-06;2026-08-15 9:32:14;SKU-010;4;25000;500;CARD
REC-20260815-STORE_03-0257;STORE_03;CASH-07;2026-08-15 18:38:17;SKU-019;1;25000;0;CARD
REC-20260815-STORE_03-0257;STORE_03;CASH-03;2026-08-15 18:38:17;SKU-006;2;45000;0;CASH
REC-20260815-STORE_03-0257;STORE_03;CASH-08;2026-08-15 18:38:17;SKU-012;2;45000;0;CARD
REC-20260815-STORE_03-0257;STORE_03;CASH-03;2026-08-15 18:38:17;SKU-002;3;12000;0;CARD
REC-20260815-STORE_03-0257;STORE_03;CASH-08;2026-08-15 18:38:17;SKU-003;3;45000;0;CASH
REC-20260815-STORE_03-0258;STORE_03;CASH-03;2026-08-15 18:14:00;SKU-050;2;25000;500;CASH
REC-20260815-STORE_03-0259;STORE_03;CASH-10;2026-08-15 17:21:14;SKU-001;3;45000;1000;CARD
REC-20260815-STORE_03-0259;STORE_03;CASH-02;2026-08-15 17:21:14;SKU-006;2;45000;0;CARD
REC-20260815-STORE_03-0259;STORE_03;CASH-04;2026-08-15 17:21:14;SKU-001;3;45000;0;CARD
REC-20260815-STORE_03-0260;STORE_03;CASH-05;2026-08-15 9:37:20;SKU-001;1;45000;1000;CARD
REC-20260815-STORE_03-0260;STORE_03;CASH-05;2026-08-15 9:37:20;SKU-007;1;12000;500;CASH
REC-20260815-STORE_03-0261;STORE_03;CASH-09;2026-08-15 13:35:51;SKU-039;1;5000;0;CARD
REC-20260815-STORE_03-0262;STORE_03;CASH-04;2026-08-15 19:50:00;SKU-003;3;45000;0;CARD
REC-20260815-STORE_03-0262;STORE_03;CASH-03;2026-08-15 19:50:00;SKU-015;3;5000;500;CARD
REC-20260815-STORE_03-0262;STORE_03;CASH-04;2026-08-15 19:50:00;SKU-001;1;45000;0;CARD
REC-20260815-STORE_03-0262;STORE_03;CASH-04;2026-08-15 19:50:00;SKU-003;3;45000;1000;CARD
REC-20260815-STORE_03-0263;STORE_03;CASH-10;2026-08-15 19:53:58;SKU-001;4;45000;1000;CARD
REC-20260815-STORE_03-0263;STORE_03;CASH-01;2026-08-15 19:53:58;SKU-041;1;25000;0;CARD
REC-20260815-STORE_03-0263;STORE_03;CASH-08;2026-08-15 19:53:58;SKU-002;2;12000;500;CARD
REC-20260815-STORE_03-0263;STORE_03;CASH-05;2026-08-15 19:53:58;SKU-003;3;45000;500;CASH
REC-20260815-STORE_03-0263;STORE_03;CASH-08;2026-08-15 19:53:58;SKU-045;2;45000;0;CASH
REC-20260815-STORE_03-0264;STORE_03;CASH-10;2026-08-15 15:00:31;SKU-003;3;45000;0;CASH
REC-20260815-STORE_03-0265;STORE_03;CASH-01;2026-08-15 12:57:06;SKU-033;2;5000;500;CASH
REC-20260815-STORE_03-0265;STORE_03;CASH-03;2026-08-15 12:57:06;SKU-005;2;5000;0;CARD
REC-20260815-STORE_03-0265;STORE_03;CASH-10;2026-08-15 12:57:06;SKU-030;3;45000;500;CASH
REC-20260815-STORE_03-0266;STORE_03;CASH-07;2026-08-15 19:53:23;SKU-030;3;45000;0;CASH
REC-20260815-STORE_03-0266;STORE_03;CASH-02;2026-08-15 19:53:23;SKU-010;4;25000;500;CASH
REC-20260815-STORE_03-0266;STORE_03;CASH-10;2026-08-15 19:53:23;SKU-018;3;5000;1000;CARD
REC-20260815-STORE_03-0267;STORE_03;CASH-05;2026-08-15 21:49:09;SKU-033;2;5000;0;CARD
REC-20260815-STORE_03-0267;STORE_03;CASH-07;2026-08-15 21:49:09;SKU-001;2;45000;1000;CARD
REC-20260815-STORE_03-0267;STORE_03;CASH-04;2026-08-15 21:49:09;SKU-003;1;45000;0;CASH
REC-20260815-STORE_03-0267;STORE_03;CASH-08;2026-08-15 21:49:09;SKU-015;4;5000;0;CASH
REC-20260815-STORE_03-0267;STORE_03;CASH-04;2026-08-15 21:49:09;SKU-002;4;12000;1000;CARD
REC-20260815-STORE_03-0268;STORE_03;CASH-04;2026-08-15 15:00:23;SKU-002;4;12000;0;CASH
REC-20260815-STORE_03-0269;STORE_03;CASH-05;2026-08-15 15:55:40;SKU-005;1;5000;0;CARD
REC-20260815-STORE_03-0270;STORE_03;CASH-10;2026-08-15 19:27:19;SKU-004;4;25000;0;CARD
REC-20260815-STORE_03-0270;STORE_03;CASH-01;2026-08-15 19:27:19;SKU-014;1;5000;0;CASH
REC-20260815-STORE_03-0270;STORE_03;CASH-01;2026-08-15 19:27:19;SKU-001;4;45000;0;CARD
REC-20260815-STORE_03-0271;STORE_03;CASH-06;2026-08-15 13:51:41;SKU-001;4;45000;0;CARD
REC-20260815-STORE_03-0271;STORE_03;CASH-08;2026-08-15 13:51:41;SKU-037;2;45000;0;CASH
REC-20260815-STORE_03-0271;STORE_03;CASH-10;2026-08-15 13:51:41;SKU-033;4;5000;0;CARD
REC-20260815-STORE_03-0271;STORE_03;CASH-07;2026-08-15 13:51:41;SKU-001;1;45000;0;CARD
REC-20260815-STORE_03-0272;STORE_03;CASH-06;2026-08-15 9:44:36;SKU-015;1;5000;1000;CASH
REC-20260815-STORE_03-0272;STORE_03;CASH-01;2026-08-15 9:44:36;SKU-035;1;5000;500;CASH
REC-20260815-STORE_03-0272;STORE_03;CASH-10;2026-08-15 9:44:36;SKU-042;4;5000;0;CARD
REC-20260815-STORE_03-0273;STORE_03;CASH-01;2026-08-15 10:08:30;SKU-017;1;12000;0;CARD
REC-20260815-STORE_03-0273;STORE_03;CASH-09;2026-08-15 10:08:30;SKU-002;4;12000;1000;CARD
REC-20260815-STORE_03-0273;STORE_03;CASH-01;2026-08-15 10:08:30;SKU-002;2;12000;1000;CARD
REC-20260815-STORE_03-0274;STORE_03;CASH-02;2026-08-15 15:40:17;SKU-018;1;5000;500;CARD
REC-20260815-STORE_03-0275;STORE_03;CASH-05;2026-08-15 8:56:17;SKU-019;3;25000;0;CARD
REC-20260815-STORE_03-0275;STORE_03;CASH-05;2026-08-15 8:56:17;SKU-003;4;45000;1000;CASH
REC-20260815-STORE_03-0275;STORE_03;CASH-09;2026-08-15 8:56:17;SKU-019;1;25000;0;CASH
REC-20260815-STORE_03-0276;STORE_03;CASH-06;2026-08-15 13:27:15;SKU-012;4;45000;0;CARD
REC-20260815-STORE_03-0277;STORE_03;CASH-08;2026-08-15 15:22:47;SKU-007;3;12000;0;CASH
REC-20260815-STORE_03-0277;STORE_03;CASH-02;2026-08-15 15:22:47;SKU-009;4;25000;1000;CARD
REC-20260815-STORE_03-0277;STORE_03;CASH-10;2026-08-15 15:22:47;SKU-003;2;45000;1000;CARD
REC-20260815-STORE_03-0278;STORE_03;CASH-03;2026-08-15 15:34:25;SKU-001;2;45000;500;CASH
REC-20260815-STORE_03-0279;STORE_03;CASH-08;2026-08-15 14:41:16;SKU-014;4;5000;0;CARD
REC-20260815-STORE_03-0280;STORE_03;CASH-04;2026-08-15 16:53:25;SKU-012;3;45000;1000;CARD
REC-20260815-STORE_03-0280;STORE_03;CASH-01;2026-08-15 16:53:25;SKU-001;1;45000;500;CARD
REC-20260815-STORE_03-0280;STORE_03;CASH-04;2026-08-15 16:53:25;SKU-002;3;12000;500;CARD
REC-20260815-STORE_03-0281;STORE_03;CASH-03;2026-08-15 21:55:52;SKU-046;4;25000;1000;CASH
REC-20260815-STORE_03-0281;STORE_03;CASH-09;2026-08-15 21:55:52;SKU-016;3;25000;1000;CARD
REC-20260815-STORE_03-0281;STORE_03;CASH-05;2026-08-15 21:55:52;SKU-023;2;45000;500;CARD
REC-20260815-STORE_03-0282;STORE_03;CASH-06;2026-08-15 20:32:47;SKU-028;3;5000;0;CARD
REC-20260815-STORE_03-0283;STORE_03;CASH-01;2026-08-15 16:17:03;SKU-023;2;45000;1000;CARD
REC-20260815-STORE_03-0283;STORE_03;CASH-06;2026-08-15 16:17:03;SKU-021;1;5000;0;CASH
REC-20260815-STORE_03-0284;STORE_03;CASH-09;2026-08-15 15:25:35;SKU-005;2;5000;0;CARD
REC-20260815-STORE_03-0285;STORE_03;CASH-08;2026-08-15 8:02:34;SKU-001;4;45000;1000;CARD
REC-20260815-STORE_03-0285;STORE_03;CASH-04;2026-08-15 8:02:34;SKU-005;3;5000;0;CARD
REC-20260815-STORE_03-0285;STORE_03;CASH-05;2026-08-15 8:02:34;SKU-008;2;12000;0;CARD
REC-20260815-STORE_03-0286;STORE_03;CASH-02;2026-08-15 12:43:09;SKU-033;3;5000;0;CARD
REC-20260815-STORE_03-0286;STORE_03;CASH-08;2026-08-15 12:43:09;SKU-008;3;12000;0;CASH
REC-20260815-STORE_03-0286;STORE_03;CASH-04;2026-08-15 12:43:09;SKU-006;2;45000;0;CARD
REC-20260815-STORE_03-0286;STORE_03;CASH-01;2026-08-15 12:43:09;SKU-015;4;5000;0;CARD
REC-20260815-STORE_03-0286;STORE_03;CASH-04;2026-08-15 12:43:09;SKU-003;1;45000;0;CASH
REC-20260815-STORE_03-0287;STORE_03;CASH-10;2026-08-15 17:41:34;SKU-011;1;5000;1000;CASH
REC-20260815-STORE_03-0287;STORE_03;CASH-05;2026-08-15 17:41:34;SKU-003;3;45000;1000;CARD
REC-20260815-STORE_03-0287;STORE_03;CASH-02;2026-08-15 17:41:34;SKU-003;4;45000;0;CARD
REC-20260815-STORE_03-0288;STORE_03;CASH-02;2026-08-15 20:23:19;SKU-003;2;45000;0;CARD
REC-20260815-STORE_03-0289;STORE_03;CASH-01;2026-08-15 8:26:29;SKU-008;3;12000;1000;CASH
REC-20260815-STORE_03-0289;STORE_03;CASH-02;2026-08-15 8:26:29;SKU-003;4;45000;1000;CARD
REC-20260815-STORE_03-0290;STORE_03;CASH-03;2026-08-15 13:10:56;SKU-050;1;25000;500;CASH
REC-20260815-STORE_03-0290;STORE_03;CASH-05;2026-08-15 13:10:56;SKU-004;2;25000;0;CARD
REC-20260815-STORE_03-0290;STORE_03;CASH-01;2026-08-15 13:10:56;SKU-013;4;12000;1000;CASH
REC-20260815-STORE_03-0290;STORE_03;CASH-03;2026-08-15 13:10:56;SKU-013;4;12000;1000;CARD
REC-20260815-STORE_03-0291;STORE_03;CASH-05;2026-08-15 16:50:19;SKU-004;1;25000;0;CARD
REC-20260815-STORE_03-0291;STORE_03;CASH-09;2026-08-15 16:50:19;SKU-003;1;45000;500;CARD
REC-20260815-STORE_03-0291;STORE_03;CASH-01;2026-08-15 16:50:19;SKU-011;1;5000;0;CARD
REC-20260815-STORE_03-0291;STORE_03;CASH-02;2026-08-15 16:50:19;SKU-001;2;45000;1000;CARD
REC-20260815-STORE_03-0292;STORE_03;CASH-04;2026-08-15 15:09:11;SKU-001;3;45000;0;CARD
REC-20260815-STORE_03-0292;STORE_03;CASH-07;2026-08-15 15:09:11;SKU-005;1;5000;0;CARD
REC-20260815-STORE_03-0292;STORE_03;CASH-05;2026-08-15 15:09:11;SKU-006;2;45000;0;CARD
REC-20260815-STORE_03-0293;STORE_03;CASH-06;2026-08-15 17:07:42;SKU-031;3;45000;500;CARD
REC-20260815-STORE_03-0293;STORE_03;CASH-05;2026-08-15 17:07:42;SKU-012;4;45000;0;CASH
REC-20260815-STORE_03-0293;STORE_03;CASH-06;2026-08-15 17:07:42;SKU-041;2;25000;0;CASH
REC-20260815-STORE_03-0294;STORE_03;CASH-07;2026-08-15 20:17:38;SKU-017;2;12000;500;CARD
REC-20260815-STORE_03-0294;STORE_03;CASH-10;2026-08-15 20:17:38;SKU-001;2;45000;1000;CASH
REC-20260815-STORE_03-0294;STORE_03;CASH-02;2026-08-15 20:17:38;SKU-002;4;12000;0;CARD
REC-20260815-STORE_03-0295;STORE_03;CASH-03;2026-08-15 15:17:13;SKU-003;1;45000;0;CASH
REC-20260815-STORE_03-0295;STORE_03;CASH-05;2026-08-15 15:17:13;SKU-049;1;5000;0;CASH
REC-20260815-STORE_03-0296;STORE_03;CASH-05;2026-08-15 12:36:07;SKU-007;4;12000;1000;CARD
REC-20260815-STORE_03-0297;STORE_03;CASH-03;2026-08-15 16:38:10;SKU-002;2;12000;1000;CARD
REC-20260815-STORE_03-0298;STORE_03;CASH-02;2026-08-15 19:38:04;SKU-003;4;45000;500;CARD
REC-20260815-STORE_03-0298;STORE_03;CASH-02;2026-08-15 19:38:04;SKU-008;2;12000;0;CASH
REC-20260815-STORE_03-0299;STORE_03;CASH-10;2026-08-15 20:31:28;SKU-013;4;12000;1000;CASH
REC-20260815-STORE_03-0299;STORE_03;CASH-09;2026-08-15 20:31:28;SKU-007;1;12000;0;CASH
REC-20260815-STORE_03-0299;STORE_03;CASH-10;2026-08-15 20:31:28;SKU-005;4;5000;1000;CARD
REC-20260815-STORE_03-0299;STORE_03;CASH-08;2026-08-15 20:31:28;SKU-014;4;5000;0;CARD
REC-20260815-STORE_03-0300;STORE_03;CASH-08;2026-08-15 10:33:56;SKU-026;1;12000;0;CARD
REC-20260815-STORE_03-0300;STORE_03;CASH-03;2026-08-15 10:33:56;SKU-003;3;45000;1000;CARD
REC-20260815-STORE_03-0300;STORE_03;CASH-10;2026-08-15 10:33:56;SKU-021;3;5000;0;CARD
REC-20260815-STORE_03-0301;STORE_03;CASH-09;2026-08-15 10:01:43;SKU-001;4;45000;1000;CARD
REC-20260815-STORE_03-0301;STORE_03;CASH-02;2026-08-15 10:01:43;SKU-001;2;45000;0;CARD
REC-20260815-STORE_03-0302;STORE_03;CASH-04;2026-08-15 8:04:19;SKU-005;1;5000;1000;CARD
REC-20260815-STORE_03-0302;STORE_03;CASH-09;2026-08-15 8:04:19;SKU-034;4;25000;0;CASH
REC-20260815-STORE_03-0303;STORE_03;CASH-08;2026-08-15 14:56:12;SKU-007;3;12000;0;CARD
REC-20260815-STORE_03-0303;STORE_03;CASH-03;2026-08-15 14:56:12;SKU-004;4;25000;0;CASH
REC-20260815-STORE_03-0303;STORE_03;CASH-02;2026-08-15 14:56:12;SKU-002;2;12000;1000;CARD
REC-20260815-STORE_03-0303;STORE_03;CASH-10;2026-08-15 14:56:12;SKU-014;1;5000;500;CARD
REC-20260815-STORE_03-0303;STORE_03;CASH-02;2026-08-15 14:56:12;SKU-003;1;45000;0;CARD
REC-20260815-STORE_03-0304;STORE_03;CASH-05;2026-08-15 15:44:20;SKU-047;4;5000;500;CASH
REC-20260815-STORE_03-0304;STORE_03;CASH-09;2026-08-15 15:44:20;SKU-003;2;45000;500;CARD
REC-20260815-STORE_03-0304;STORE_03;CASH-08;2026-08-15 15:44:20;SKU-046;3;25000;0;CARD
REC-20260815-STORE_03-0305;STORE_03;CASH-05;2026-08-15 10:09:18;SKU-002;2;12000;0;CASH
REC-20260815-STORE_03-0305;STORE_03;CASH-07;2026-08-15 10:09:18;SKU-014;2;5000;1000;CARD
REC-20260815-STORE_03-0305;STORE_03;CASH-06;2026-08-15 10:09:18;SKU-015;4;5000;500;CARD
REC-20260815-STORE_03-0306;STORE_03;CASH-02;2026-08-15 11:04:31;SKU-006;1;45000;0;CARD
REC-20260815-STORE_03-0307;STORE_03;CASH-03;2026-08-15 9:14:35;SKU-002;1;12000;0;CARD
REC-20260815-STORE_03-0307;STORE_03;CASH-02;2026-08-15 9:14:35;SKU-002;1;12000;0;CARD
REC-20260815-STORE_03-0308;STORE_03;CASH-01;2026-08-15 9:28:47;SKU-001;2;45000;0;CARD
REC-20260815-STORE_03-0308;STORE_03;CASH-02;2026-08-15 9:28:47;SKU-035;2;5000;0;CASH
REC-20260815-STORE_03-0308;STORE_03;CASH-03;2026-08-15 9:28:47;SKU-001;2;45000;0;CARD
REC-20260815-STORE_03-0309;STORE_03;CASH-03;2026-08-15 11:51:58;SKU-004;4;25000;0;CARD
REC-20260815-STORE_03-0309;STORE_03;CASH-08;2026-08-15 11:51:58;SKU-002;2;12000;0;CARD
REC-20260815-STORE_03-0310;STORE_03;CASH-01;2026-08-15 21:06:57;SKU-003;2;45000;0;CARD
REC-20260815-STORE_03-0310;STORE_03;CASH-02;2026-08-15 21:06:57;SKU-001;4;45000;0;CARD
REC-20260815-STORE_03-0311;STORE_03;CASH-10;2026-08-15 17:46:16;SKU-039;2;5000;1000;CARD
REC-20260815-STORE_03-0311;STORE_03;CASH-04;2026-08-15 17:46:16;SKU-039;2;5000;0;CARD
REC-20260815-STORE_03-0311;STORE_03;CASH-03;2026-08-15 17:46:16;SKU-038;2;12000;500;CARD
REC-20260815-STORE_03-0311;STORE_03;CASH-04;2026-08-15 17:46:16;SKU-011;1;5000;0;CARD
REC-20260815-STORE_03-0312;STORE_03;CASH-09;2026-08-15 20:53:29;SKU-011;3;5000;1000;CARD
REC-20260815-STORE_03-0312;STORE_03;CASH-04;2026-08-15 20:53:29;SKU-008;2;12000;500;CASH
REC-20260815-STORE_03-0312;STORE_03;CASH-10;2026-08-15 20:53:29;SKU-031;4;45000;0;CARD
REC-20260815-STORE_03-0312;STORE_03;CASH-08;2026-08-15 20:53:29;SKU-013;1;12000;500;CASH
REC-20260815-STORE_03-0313;STORE_03;CASH-03;2026-08-15 15:16:27;SKU-005;1;5000;0;CASH
REC-20260815-STORE_03-0313;STORE_03;CASH-06;2026-08-15 15:16:27;SKU-006;3;45000;0;CASH
REC-20260815-STORE_03-0313;STORE_03;CASH-06;2026-08-15 15:16:27;SKU-005;2;5000;0;CARD
REC-20260815-STORE_03-0313;STORE_03;CASH-04;2026-08-15 15:16:27;SKU-004;1;25000;1000;CARD
REC-20260815-STORE_03-0313;STORE_03;CASH-02;2026-08-15 15:16:27;SKU-007;4;12000;0;CASH
REC-20260815-STORE_03-0314;STORE_03;CASH-02;2026-08-15 11:30:16;SKU-011;2;5000;0;CARD
REC-20260815-STORE_03-0315;STORE_03;CASH-03;2026-08-15 12:23:41;SKU-007;4;12000;1000;CASH
REC-20260815-STORE_03-0315;STORE_03;CASH-04;2026-08-15 12:23:41;SKU-001;2;45000;0;CARD
REC-20260815-STORE_03-0315;STORE_03;CASH-05;2026-08-15 12:23:41;SKU-011;1;5000;0;CASH
REC-20260815-STORE_03-0316;STORE_03;CASH-09;2026-08-15 10:42:02;SKU-003;4;45000;0;CASH
REC-20260815-STORE_03-0316;STORE_03;CASH-04;2026-08-15 10:42:02;SKU-002;2;12000;0;CASH
REC-20260815-STORE_03-0316;STORE_03;CASH-07;2026-08-15 10:42:02;SKU-038;2;12000;500;CARD
REC-20260815-STORE_03-0316;STORE_03;CASH-06;2026-08-15 10:42:02;SKU-032;3;25000;1000;CASH
REC-20260815-STORE_03-0317;STORE_03;CASH-09;2026-08-15 9:12:18;SKU-001;1;45000;1000;CASH
REC-20260815-STORE_03-0317;STORE_03;CASH-03;2026-08-15 9:12:18;SKU-007;4;12000;0;CARD
REC-20260815-STORE_03-0317;STORE_03;CASH-07;2026-08-15 9:12:18;SKU-001;4;45000;0;CASH
REC-20260815-STORE_03-0317;STORE_03;CASH-09;2026-08-15 9:12:18;SKU-035;2;5000;1000;CASH
REC-20260815-STORE_03-0317;STORE_03;CASH-09;2026-08-15 9:12:18;SKU-001;3;45000;0;CASH
REC-20260815-STORE_03-0318;STORE_03;CASH-03;2026-08-15 13:39:41;SKU-007;4;12000;1000;CARD
REC-20260815-STORE_03-0318;STORE_03;CASH-04;2026-08-15 13:39:41;SKU-011;4;5000;0;CARD
REC-20260815-STORE_03-0318;STORE_03;CASH-10;2026-08-15 13:39:41;SKU-010;2;25000;0;CASH
REC-20260815-STORE_03-0319;STORE_03;CASH-04;2026-08-15 17:54:43;SKU-002;1;12000;0;CARD
REC-20260815-STORE_03-0319;STORE_03;CASH-04;2026-08-15 17:54:43;SKU-001;3;45000;0;CASH
REC-20260815-STORE_03-0320;STORE_03;CASH-05;2026-08-15 14:19:56;SKU-001;4;45000;0;CASH
REC-20260815-STORE_03-0320;STORE_03;CASH-05;2026-08-15 14:19:56;SKU-042;3;5000;500;CARD
REC-20260815-STORE_03-0320;STORE_03;CASH-02;2026-08-15 14:19:56;SKU-001;2;45000;1000;CARD
REC-20260815-STORE_03-0320;STORE_03;CASH-06;2026-08-15 14:19:56;SKU-007;3;12000;0;CASH
REC-20260815-STORE_03-0320;STORE_03;CASH-05;2026-08-15 14:19:56;SKU-009;2;25000;0;CARD
REC-20260815-STORE_03-0321;STORE_03;CASH-06;2026-08-15 16:56:56;SKU-002;2;12000;0;CASH
REC-20260815-STORE_03-0321;STORE_03;CASH-01;2026-08-15 16:56:56;SKU-005;1;5000;1000;CARD
REC-20260815-STORE_03-0321;STORE_03;CASH-09;2026-08-15 16:56:56;SKU-014;1;5000;0;CARD
REC-20260815-STORE_03-0322;STORE_03;CASH-07;2026-08-15 16:58:38;SKU-038;4;12000;0;CASH
REC-20260815-STORE_03-0322;STORE_03;CASH-01;2026-08-15 16:58:38;SKU-003;2;45000;0;CARD
REC-20260815-STORE_03-0322;STORE_03;CASH-02;2026-08-15 16:58:38;SKU-002;2;12000;0;CARD
REC-20260815-STORE_03-0323;STORE_03;CASH-07;2026-08-15 12:56:46;SKU-015;4;5000;1000;CARD
REC-20260815-STORE_03-0324;STORE_03;CASH-10;2026-08-15 12:20:47;SKU-001;2;45000;0;CASH
REC-20260815-STORE_03-0324;STORE_03;CASH-03;2026-08-15 12:20:47;SKU-033;1;5000;0;CARD
REC-20260815-STORE_03-0324;STORE_03;CASH-10;2026-08-15 12:20:47;SKU-005;2;5000;0;CASH
REC-20260815-STORE_03-0325;STORE_03;CASH-02;2026-08-15 16:07:16;SKU-002;3;12000;500;CASH
REC-20260815-STORE_03-0325;STORE_03;CASH-09;2026-08-15 16:07:16;SKU-002;1;12000;1000;CARD
REC-20260815-STORE_03-0326;STORE_03;CASH-09;2026-08-15 15:08:19;SKU-001;4;45000;500;CASH
REC-20260815-STORE_03-0327;STORE_03;CASH-10;2026-08-15 20:42:07;SKU-007;3;12000;1000;CASH
REC-20260815-STORE_03-0327;STORE_03;CASH-01;2026-08-15 20:42:07;SKU-020;4;12000;0;CASH
REC-20260815-STORE_03-0327;STORE_03;CASH-08;2026-08-15 20:42:07;SKU-033;3;5000;0;CARD
REC-20260815-STORE_03-0328;STORE_03;CASH-03;2026-08-15 18:23:04;SKU-005;3;5000;1000;CASH
REC-20260815-STORE_03-0328;STORE_03;CASH-06;2026-08-15 18:23:04;SKU-007;2;12000;0;CARD
REC-20260815-STORE_03-0328;STORE_03;CASH-03;2026-08-15 18:23:04;SKU-001;1;45000;0;CASH
REC-20260815-STORE_03-0328;STORE_03;CASH-08;2026-08-15 18:23:04;SKU-002;2;12000;0;CARD
REC-20260815-STORE_03-0329;STORE_03;CASH-01;2026-08-15 16:36:33;SKU-002;4;12000;0;CARD
REC-20260815-STORE_03-0329;STORE_03;CASH-03;2026-08-15 16:36:33;SKU-001;3;45000;0;CARD
REC-20260815-STORE_03-0329;STORE_03;CASH-06;2026-08-15 16:36:33;SKU-011;4;5000;0;CARD
REC-20260815-STORE_03-0329;STORE_03;CASH-03;2026-08-15 16:36:33;SKU-037;2;45000;500;CASH
REC-20260815-STORE_03-0329;STORE_03;CASH-06;2026-08-15 16:36:33;SKU-001;1;45000;1000;CASH
REC-20260815-STORE_03-0330;STORE_03;CASH-07;2026-08-15 9:18:08;SKU-024;3;12000;0;CARD
REC-20260815-STORE_03-0330;STORE_03;CASH-03;2026-08-15 9:18:08;SKU-025;2;5000;0;CARD
REC-20260815-STORE_03-0331;STORE_03;CASH-01;2026-08-15 17:21:38;SKU-003;4;45000;0;CARD
REC-20260815-STORE_03-0331;STORE_03;CASH-05;2026-08-15 17:21:38;SKU-002;2;12000;500;CASH
REC-20260815-STORE_03-0331;STORE_03;CASH-08;2026-08-15 17:21:38;SKU-005;2;5000;1000;CASH
REC-20260815-STORE_03-0331;STORE_03;CASH-02;2026-08-15 17:21:38;SKU-003;1;45000;0;CASH
REC-20260815-STORE_03-0331;STORE_03;CASH-04;2026-08-15 17:21:38;SKU-001;1;45000;500;CARD
REC-20260815-STORE_03-0332;STORE_03;CASH-03;2026-08-15 20:11:17;SKU-040;1;25000;500;CARD
REC-20260815-STORE_03-0332;STORE_03;CASH-04;2026-08-15 20:11:17;SKU-039;3;5000;0;CASH
REC-20260815-STORE_03-0332;STORE_03;CASH-02;2026-08-15 20:11:17;SKU-004;1;25000;0;CARD
REC-20260815-STORE_03-0332;STORE_03;CASH-02;2026-08-15 20:11:17;SKU-001;1;45000;0;CARD
REC-20260815-STORE_03-0333;STORE_03;CASH-10;2026-08-15 15:04:12;SKU-030;3;45000;0;CARD
REC-20260815-STORE_03-0333;STORE_03;CASH-09;2026-08-15 15:04:12;SKU-005;1;5000;0;CASH
REC-20260815-STORE_03-0333;STORE_03;CASH-03;2026-08-15 15:04:12;SKU-011;2;5000;1000;CASH
REC-20260815-STORE_03-0333;STORE_03;CASH-09;2026-08-15 15:04:12;SKU-026;3;12000;500;CASH
REC-20260815-STORE_03-0333;STORE_03;CASH-08;2026-08-15 15:04:12;SKU-004;2;25000;0;CASH
REC-20260815-STORE_03-0334;STORE_03;CASH-08;2026-08-15 19:07:21;SKU-001;2;45000;1000;CARD
REC-20260815-STORE_03-0334;STORE_03;CASH-03;2026-08-15 19:07:21;SKU-004;3;25000;0;CASH
REC-20260815-STORE_03-0334;STORE_03;CASH-02;2026-08-15 19:07:21;SKU-019;3;25000;0;CASH
REC-20260815-STORE_03-0334;STORE_03;CASH-03;2026-08-15 19:07:21;SKU-001;1;45000;1000;CASH
REC-20260815-STORE_03-0334;STORE_03;CASH-05;2026-08-15 19:07:21;SKU-046;1;25000;0;CARD
REC-20260815-STORE_03-0335;STORE_03;CASH-08;2026-08-15 11:24:35;SKU-001;1;45000;0;CASH
REC-20260815-STORE_03-0335;STORE_03;CASH-07;2026-08-15 11:24:35;SKU-002;2;12000;0;CARD
REC-20260815-STORE_03-0335;STORE_03;CASH-01;2026-08-15 11:24:35;SKU-021;2;5000;1000;CARD
REC-20260815-STORE_03-0335;STORE_03;CASH-10;2026-08-15 11:24:35;SKU-003;1;45000;1000;CARD
REC-20260815-STORE_03-0336;STORE_03;CASH-02;2026-08-15 17:36:00;SKU-006;4;45000;1000;CASH
REC-20260815-STORE_03-0336;STORE_03;CASH-07;2026-08-15 17:36:00;SKU-003;1;45000;0;CARD
REC-20260815-STORE_03-0336;STORE_03;CASH-06;2026-08-15 17:36:00;SKU-020;1;12000;500;CARD
REC-20260815-STORE_03-0337;STORE_03;CASH-03;2026-08-15 19:22:26;SKU-007;2;12000;0;CASH
REC-20260815-STORE_03-0337;STORE_03;CASH-01;2026-08-15 19:22:26;SKU-008;1;12000;500;CARD
REC-20260815-STORE_03-0337;STORE_03;CASH-03;2026-08-15 19:22:26;SKU-001;2;45000;0;CARD
REC-20260815-STORE_03-0337;STORE_03;CASH-08;2026-08-15 19:22:26;SKU-009;4;25000;0;CARD
REC-20260815-STORE_03-0338;STORE_03;CASH-07;2026-08-15 14:32:35;SKU-009;3;25000;0;CASH
REC-20260815-STORE_03-0338;STORE_03;CASH-04;2026-08-15 14:32:35;SKU-001;3;45000;1000;CASH
REC-20260815-STORE_03-0338;STORE_03;CASH-10;2026-08-15 14:32:35;SKU-005;4;5000;1000;CARD
REC-20260815-STORE_03-0338;STORE_03;CASH-03;2026-08-15 14:32:35;SKU-006;2;45000;0;CASH
REC-20260815-STORE_03-0339;STORE_03;CASH-08;2026-08-15 14:41:20;SKU-029;3;5000;0;CARD
REC-20260815-STORE_03-0339;STORE_03;CASH-01;2026-08-15 14:41:20;SKU-031;1;45000;0;CASH
REC-20260815-STORE_03-0339;STORE_03;CASH-01;2026-08-15 14:41:20;SKU-009;3;25000;1000;CARD
REC-20260815-STORE_03-0339;STORE_03;CASH-04;2026-08-15 14:41:20;SKU-001;2;45000;0;CASH
REC-20260815-STORE_03-0339;STORE_03;CASH-05;2026-08-15 14:41:20;SKU-003;1;45000;0;CASH
REC-20260815-STORE_03-0340;STORE_03;CASH-03;2026-08-15 16:13:42;SKU-026;4;12000;1000;CARD
REC-20260815-STORE_03-0340;STORE_03;CASH-02;2026-08-15 16:13:42;SKU-001;4;45000;0;CARD
REC-20260815-STORE_03-0340;STORE_03;CASH-08;2026-08-15 16:13:42;SKU-005;3;5000;0;CARD
REC-20260815-STORE_03-0341;STORE_03;CASH-01;2026-08-15 8:59:08;SKU-018;1;5000;0;CARD
REC-20260815-STORE_03-0341;STORE_03;CASH-03;2026-08-15 8:59:08;SKU-010;1;25000;0;CASH
REC-20260815-STORE_03-0341;STORE_03;CASH-10;2026-08-15 8:59:08;SKU-002;3;12000;0;CARD
REC-20260815-STORE_03-0341;STORE_03;CASH-08;2026-08-15 8:59:08;SKU-019;4;25000;0;CASH
REC-20260815-STORE_03-0342;STORE_03;CASH-04;2026-08-15 21:57:59;SKU-002;4;12000;0;CASH
REC-20260815-STORE_03-0342;STORE_03;CASH-08;2026-08-15 21:57:59;SKU-004;3;25000;0;CARD
REC-20260815-STORE_03-0343;STORE_03;CASH-03;2026-08-15 14:12:42;SKU-002;3;12000;1000;CARD
REC-20260815-STORE_03-0343;STORE_03;CASH-09;2026-08-15 14:12:42;SKU-013;1;12000;1000;CASH
REC-20260815-STORE_03-0343;STORE_03;CASH-09;2026-08-15 14:12:42;SKU-003;4;45000;0;CARD
REC-20260815-STORE_03-0344;STORE_03;CASH-03;2026-08-15 20:31:02;SKU-016;4;25000;0;CARD
REC-20260815-STORE_03-0345;STORE_03;CASH-06;2026-08-15 9:39:35;SKU-001;1;45000;0;CARD
REC-20260815-STORE_03-0345;STORE_03;CASH-04;2026-08-15 9:39:35;SKU-036;2;45000;0;CARD
REC-20260815-STORE_03-0345;STORE_03;CASH-05;2026-08-15 9:39:35;SKU-002;2;12000;0;CARD
REC-20260815-STORE_03-0345;STORE_03;CASH-04;2026-08-15 9:39:35;SKU-043;1;25000;0;CARD
REC-20260815-STORE_03-0346;STORE_03;CASH-07;2026-08-15 20:49:23;SKU-001;1;45000;0;CARD
REC-20260815-STORE_03-0346;STORE_03;CASH-06;2026-08-15 20:49:23;SKU-006;3;45000;1000;CASH
REC-20260815-STORE_03-0346;STORE_03;CASH-07;2026-08-15 20:49:23;SKU-002;1;12000;500;CASH
REC-20260815-STORE_03-0347;STORE_03;CASH-08;2026-08-15 18:39:01;SKU-007;4;12000;0;CASH
REC-20260815-STORE_03-0348;STORE_03;CASH-06;2026-08-15 11:16:45;SKU-005;3;5000;500;CARD
REC-20260815-STORE_03-0348;STORE_03;CASH-02;2026-08-15 11:16:45;SKU-049;3;5000;0;CARD
REC-20260815-STORE_03-0348;STORE_03;CASH-04;2026-08-15 11:16:45;SKU-019;4;25000;500;CARD
REC-20260815-STORE_03-0348;STORE_03;CASH-04;2026-08-15 11:16:45;SKU-004;4;25000;1000;CARD
REC-20260815-STORE_03-0348;STORE_03;CASH-07;2026-08-15 11:16:45;SKU-009;4;25000;1000;CARD
REC-20260815-STORE_03-0349;STORE_03;CASH-02;2026-08-15 12:44:03;SKU-016;1;25000;0;CASH
REC-20260815-STORE_03-0349;STORE_03;CASH-04;2026-08-15 12:44:03;SKU-025;1;5000;0;CARD
REC-20260815-STORE_03-0349;STORE_03;CASH-01;2026-08-15 12:44:03;SKU-001;2;45000;1000;CARD
REC-20260815-STORE_03-0349;STORE_03;CASH-04;2026-08-15 12:44:03;SKU-002;4;12000;500;CARD
REC-20260815-STORE_03-0350;STORE_03;CASH-10;2026-08-15 9:18:50;SKU-022;2;12000;0;CASH
REC-20260815-STORE_03-0350;STORE_03;CASH-07;2026-08-15 9:18:50;SKU-015;1;5000;500;CASH
REC-20260815-STORE_03-0351;STORE_03;CASH-05;2026-08-15 11:26:50;SKU-001;1;45000;0;CARD
REC-20260815-STORE_03-0351;STORE_03;CASH-02;2026-08-15 11:26:50;SKU-003;4;45000;0;CARD
REC-20260815-STORE_03-0351;STORE_03;CASH-07;2026-08-15 11:26:50;SKU-049;2;5000;0;CASH
REC-20260815-STORE_03-0352;STORE_03;CASH-04;2026-08-15 21:53:58;SKU-003;3;45000;0;CARD
REC-20260815-STORE_03-0352;STORE_03;CASH-09;2026-08-15 21:53:58;SKU-003;3;45000;0;CARD
REC-20260815-STORE_03-0353;STORE_03;CASH-01;2026-08-15 9:16:41;SKU-014;3;5000;0;CARD
REC-20260815-STORE_03-0354;STORE_03;CASH-08;2026-08-15 12:56:11;SKU-001;4;45000;500;CASH
REC-20260815-STORE_03-0354;STORE_03;CASH-10;2026-08-15 12:56:11;SKU-010;4;25000;0;CASH
REC-20260815-STORE_03-0354;STORE_03;CASH-01;2026-08-15 12:56:11;SKU-003;4;45000;0;CASH
REC-20260815-STORE_03-0354;STORE_03;CASH-05;2026-08-15 12:56:11;SKU-003;4;45000;0;CARD
REC-20260815-STORE_03-0354;STORE_03;CASH-01;2026-08-15 12:56:11;SKU-002;4;12000;0;CARD
REC-20260815-STORE_03-0355;STORE_03;CASH-03;2026-08-15 14:07:48;SKU-001;2;45000;0;CASH
REC-20260815-STORE_03-0355;STORE_03;CASH-09;2026-08-15 14:07:48;SKU-008;2;12000;0;CARD
REC-20260815-STORE_03-0355;STORE_03;CASH-08;2026-08-15 14:07:48;SKU-007;1;12000;0;CASH
REC-20260815-STORE_03-0356;STORE_03;CASH-05;2026-08-15 21:17:58;SKU-001;3;45000;0;CARD
REC-20260815-STORE_03-0357;STORE_03;CASH-06;2026-08-15 12:04:04;SKU-014;2;5000;0;CARD
REC-20260815-STORE_03-0357;STORE_03;CASH-05;2026-08-15 12:04:04;SKU-006;3;45000;0;CARD
REC-20260815-STORE_03-0357;STORE_03;CASH-08;2026-08-15 12:04:04;SKU-018;3;5000;0;CARD
REC-20260815-STORE_03-0357;STORE_03;CASH-08;2026-08-15 12:04:04;SKU-038;1;12000;0;CARD
REC-20260815-STORE_03-0358;STORE_03;CASH-05;2026-08-15 20:03:39;SKU-010;2;25000;0;CASH
REC-20260815-STORE_03-0358;STORE_03;CASH-03;2026-08-15 20:03:39;SKU-001;2;45000;0;CARD
REC-20260815-STORE_03-0358;STORE_03;CASH-10;2026-08-15 20:03:39;SKU-031;4;45000;0;CASH
REC-20260815-STORE_03-0358;STORE_03;CASH-06;2026-08-15 20:03:39;SKU-030;1;45000;500;CARD
REC-20260815-STORE_03-0358;STORE_03;CASH-03;2026-08-15 20:03:39;SKU-022;1;12000;0;CARD
REC-20260815-STORE_03-0359;STORE_03;CASH-01;2026-08-15 11:25:57;SKU-019;1;25000;1000;CASH
REC-20260815-STORE_03-0359;STORE_03;CASH-07;2026-08-15 11:25:57;SKU-009;3;25000;500;CASH
REC-20260815-STORE_03-0359;STORE_03;CASH-06;2026-08-15 11:25:57;SKU-001;3;45000;1000;CARD
REC-20260815-STORE_03-0360;STORE_03;CASH-06;2026-08-15 18:25:45;SKU-039;2;5000;0;CARD
REC-20260815-STORE_03-0360;STORE_03;CASH-07;2026-08-15 18:25:45;SKU-034;1;25000;0;CASH
REC-20260815-STORE_03-0360;STORE_03;CASH-03;2026-08-15 18:25:45;SKU-050;1;25000;1000;CARD
REC-20260815-STORE_03-0360;STORE_03;CASH-05;2026-08-15 18:25:45;SKU-005;1;5000;0;CARD
REC-20260815-STORE_03-0361;STORE_03;CASH-06;2026-08-15 13:35:57;SKU-001;4;45000;0;CASH
REC-20260815-STORE_03-0361;STORE_03;CASH-09;2026-08-15 13:35:57;SKU-018;4;5000;0;CARD
REC-20260815-STORE_03-0361;STORE_03;CASH-05;2026-08-15 13:35:57;SKU-003;4;45000;0;CARD
REC-20260815-STORE_03-0361;STORE_03;CASH-10;2026-08-15 13:35:57;SKU-001;2;45000;500;CASH
REC-20260815-STORE_03-0361;STORE_03;CASH-06;2026-08-15 13:35:57;SKU-018;2;5000;0;CARD
REC-20260815-STORE_03-0362;STORE_03;CASH-03;2026-08-15 19:03:38;SKU-002;2;12000;0;CARD
REC-20260815-STORE_03-0362;STORE_03;CASH-07;2026-08-15 19:03:38;SKU-002;1;12000;0;CASH
REC-20260815-STORE_03-0363;STORE_03;CASH-10;2026-08-15 12:55:52;SKU-002;1;12000;0;CASH
REC-20260815-STORE_03-0363;STORE_03;CASH-03;2026-08-15 12:55:52;SKU-006;4;45000;0;CARD
REC-20260815-STORE_03-0364;STORE_03;CASH-06;2026-08-15 21:00:10;SKU-003;3;45000;1000;CARD
REC-20260815-STORE_03-0364;STORE_03;CASH-06;2026-08-15 21:00:10;SKU-025;3;5000;0;CASH
REC-20260815-STORE_03-0364;STORE_03;CASH-03;2026-08-15 21:00:10;SKU-019;4;25000;1000;CARD
REC-20260815-STORE_03-0364;STORE_03;CASH-06;2026-08-15 21:00:10;SKU-010;2;25000;1000;CASH
REC-20260815-STORE_03-0365;STORE_03;CASH-02;2026-08-15 16:56:00;SKU-001;2;45000;1000;CARD
REC-20260815-STORE_03-0365;STORE_03;CASH-05;2026-08-15 16:56:00;SKU-015;3;5000;0;CARD
REC-20260815-STORE_03-0365;STORE_03;CASH-01;2026-08-15 16:56:00;SKU-044;4;5000;0;CASH
REC-20260815-STORE_03-0365;STORE_03;CASH-06;2026-08-15 16:56:00;SKU-008;2;12000;500;CASH
REC-20260815-STORE_03-0366;STORE_03;CASH-06;2026-08-15 20:48:20;SKU-026;3;12000;500;CARD
REC-20260815-STORE_03-0366;STORE_03;CASH-04;2026-08-15 20:48:20;SKU-007;2;12000;0;CARD
REC-20260815-STORE_03-0367;STORE_03;CASH-01;2026-08-15 21:23:05;SKU-002;3;12000;0;CARD
REC-20260815-STORE_03-0367;STORE_03;CASH-05;2026-08-15 21:23:05;SKU-003;3;45000;500;CASH
REC-20260815-STORE_03-0367;STORE_03;CASH-08;2026-08-15 21:23:05;SKU-004;1;25000;1000;CARD
REC-20260815-STORE_03-0367;STORE_03;CASH-03;2026-08-15 21:23:05;SKU-001;1;45000;0;CARD
REC-20260815-STORE_03-0367;STORE_03;CASH-07;2026-08-15 21:23:05;SKU-001;1;45000;0;CASH
REC-20260815-STORE_03-0368;STORE_03;CASH-09;2026-08-15 11:36:24;SKU-037;3;45000;500;CARD
REC-20260815-STORE_03-0368;STORE_03;CASH-03;2026-08-15 11:36:24;SKU-001;1;45000;500;CARD
REC-20260815-STORE_03-0368;STORE_03;CASH-06;2026-08-15 11:36:24;SKU-007;4;12000;0;CASH
REC-20260815-STORE_03-0368;STORE_03;CASH-06;2026-08-15 11:36:24;SKU-001;2;45000;0;CASH
REC-20260815-STORE_03-0368;STORE_03;CASH-05;2026-08-15 11:36:24;SKU-032;1;25000;0;CARD
REC-20260815-STORE_03-0369;STORE_03;CASH-01;2026-08-15 18:02:13;SKU-001;4;45000;500;CARD
REC-20260815-STORE_03-0369;STORE_03;CASH-04;2026-08-15 18:02:13;SKU-001;3;45000;0;CASH
REC-20260815-STORE_03-0369;STORE_03;CASH-02;2026-08-15 18:02:13;SKU-002;4;12000;500;CARD
REC-20260815-STORE_03-0369;STORE_03;CASH-08;2026-08-15 18:02:13;SKU-005;4;5000;0;CASH
REC-20260815-STORE_03-0370;STORE_03;CASH-07;2026-08-15 19:05:03;SKU-006;3;45000;500;CARD
REC-20260815-STORE_03-0370;STORE_03;CASH-01;2026-08-15 19:05:03;SKU-002;1;12000;0;CASH
REC-20260815-STORE_03-0370;STORE_03;CASH-04;2026-08-15 19:05:03;SKU-004;3;25000;0;CASH
REC-20260815-STORE_03-0370;STORE_03;CASH-08;2026-08-15 19:05:03;SKU-023;2;45000;0;CARD
REC-20260815-STORE_03-0370;STORE_03;CASH-05;2026-08-15 19:05:03;SKU-002;3;12000;1000;CARD
REC-20260815-STORE_03-0371;STORE_03;CASH-01;2026-08-15 11:38:08;SKU-006;1;45000;0;CARD
REC-20260815-STORE_03-0371;STORE_03;CASH-01;2026-08-15 11:38:08;SKU-011;3;5000;500;CARD
REC-20260815-STORE_03-0371;STORE_03;CASH-10;2026-08-15 11:38:08;SKU-025;1;5000;0;CARD
REC-20260815-STORE_03-0372;STORE_03;CASH-03;2026-08-15 21:11:43;SKU-001;1;45000;500;CARD
REC-20260815-STORE_03-0372;STORE_03;CASH-02;2026-08-15 21:11:43;SKU-006;2;45000;0;CARD
REC-20260815-STORE_03-0372;STORE_03;CASH-04;2026-08-15 21:11:43;SKU-008;1;12000;0;CARD
REC-20260815-STORE_03-0372;STORE_03;CASH-04;2026-08-15 21:11:43;SKU-001;4;45000;0;CASH
REC-20260815-STORE_03-0373;STORE_03;CASH-03;2026-08-15 14:12:43;SKU-008;4;12000;0;CASH
REC-20260815-STORE_03-0373;STORE_03;CASH-06;2026-08-15 14:12:43;SKU-001;4;45000;0;CARD
REC-20260815-STORE_03-0373;STORE_03;CASH-04;2026-08-15 14:12:43;SKU-045;1;45000;0;CARD
REC-20260815-STORE_03-0373;STORE_03;CASH-03;2026-08-15 14:12:43;SKU-032;4;25000;0;CARD
REC-20260815-STORE_03-0374;STORE_03;CASH-07;2026-08-15 20:12:21;SKU-026;3;12000;0;CARD
REC-20260815-STORE_03-0374;STORE_03;CASH-04;2026-08-15 20:12:21;SKU-003;2;45000;0;CARD
REC-20260815-STORE_03-0375;STORE_03;CASH-06;2026-08-15 16:16:35;SKU-012;3;45000;0;CASH
REC-20260815-STORE_03-0376;STORE_03;CASH-09;2026-08-15 12:41:40;SKU-005;1;5000;0;CARD
REC-20260815-STORE_03-0376;STORE_03;CASH-08;2026-08-15 12:41:40;SKU-002;2;12000;0;CARD
REC-20260815-STORE_03-0376;STORE_03;CASH-09;2026-08-15 12:41:40;SKU-009;4;25000;1000;CASH
REC-20260815-STORE_03-0376;STORE_03;CASH-04;2026-08-15 12:41:40;SKU-015;1;5000;0;CASH
REC-20260815-STORE_03-0376;STORE_03;CASH-10;2026-08-15 12:41:40;SKU-001;4;45000;0;CASH
REC-20260815-STORE_03-0377;STORE_03;CASH-03;2026-08-15 18:46:49;SKU-006;1;45000;0;CARD
REC-20260815-STORE_03-0377;STORE_03;CASH-02;2026-08-15 18:46:49;SKU-001;2;45000;0;CARD
REC-20260815-STORE_03-0377;STORE_03;CASH-06;2026-08-15 18:46:49;SKU-001;1;45000;0;CASH
REC-20260815-STORE_03-0377;STORE_03;CASH-04;2026-08-15 18:46:49;SKU-001;1;45000;0;CARD
REC-20260815-STORE_03-0378;STORE_03;CASH-05;2026-08-15 13:15:38;SKU-037;4;45000;0;CARD
REC-20260815-STORE_03-0378;STORE_03;CASH-02;2026-08-15 13:15:38;SKU-021;4;5000;1000;CASH
REC-20260815-STORE_03-0378;STORE_03;CASH-05;2026-08-15 13:15:38;SKU-001;3;45000;1000;CARD
REC-20260815-STORE_03-0378;STORE_03;CASH-08;2026-08-15 13:15:38;SKU-002;2;12000;0;CARD
REC-20260815-STORE_03-0378;STORE_03;CASH-10;2026-08-15 13:15:38;SKU-001;4;45000;500;CARD
REC-20260815-STORE_03-0379;STORE_03;CASH-01;2026-08-15 15:35:45;SKU-001;3;45000;0;CARD
REC-20260815-STORE_03-0379;STORE_03;CASH-07;2026-08-15 15:35:45;SKU-004;1;25000;0;CARD
REC-20260815-STORE_03-0379;STORE_03;CASH-03;2026-08-15 15:35:45;SKU-007;3;12000;500;CASH
REC-20260815-STORE_03-0379;STORE_03;CASH-08;2026-08-15 15:35:45;SKU-039;4;5000;1000;CASH
REC-20260815-STORE_03-0379;STORE_03;CASH-10;2026-08-15 15:35:45;SKU-004;3;25000;500;CARD
REC-20260815-STORE_03-0380;STORE_03;CASH-10;2026-08-15 21:12:11;SKU-002;3;12000;0;CASH
REC-20260815-STORE_03-0380;STORE_03;CASH-02;2026-08-15 21:12:11;SKU-006;3;45000;1000;CARD
REC-20260815-STORE_03-0380;STORE_03;CASH-04;2026-08-15 21:12:11;SKU-006;2;45000;0;CARD
REC-20260815-STORE_03-0380;STORE_03;CASH-04;2026-08-15 21:12:11;SKU-011;2;5000;500;CARD
REC-20260815-STORE_03-0381;STORE_03;CASH-03;2026-08-15 9:34:24;SKU-001;2;45000;1000;CARD
REC-20260815-STORE_03-0382;STORE_03;CASH-05;2026-08-15 13:13:26;SKU-005;2;5000;1000;CARD
REC-20260815-STORE_03-0382;STORE_03;CASH-05;2026-08-15 13:13:26;SKU-015;1;5000;0;CASH
REC-20260815-STORE_03-0382;STORE_03;CASH-09;2026-08-15 13:13:26;SKU-023;4;45000;0;CARD
REC-20260815-STORE_03-0382;STORE_03;CASH-08;2026-08-15 13:13:26;SKU-010;4;25000;0;CARD
REC-20260815-STORE_03-0382;STORE_03;CASH-01;2026-08-15 13:13:26;SKU-032;2;25000;500;CASH
REC-20260815-STORE_03-0383;STORE_03;CASH-10;2026-08-15 16:36:23;SKU-030;2;45000;0;CARD
REC-20260815-STORE_03-0383;STORE_03;CASH-03;2026-08-15 16:36:23;SKU-001;4;45000;0;CASH
REC-20260815-STORE_03-0384;STORE_03;CASH-09;2026-08-15 18:35:10;SKU-015;3;5000;0;CARD
REC-20260815-STORE_03-0384;STORE_03;CASH-06;2026-08-15 18:35:10;SKU-001;1;45000;500;CASH
REC-20260815-STORE_03-0384;STORE_03;CASH-04;2026-08-15 18:35:10;SKU-005;1;5000;0;CARD
REC-20260815-STORE_03-0384;STORE_03;CASH-05;2026-08-15 18:35:10;SKU-047;1;5000;500;CARD
REC-20260815-STORE_03-0385;STORE_03;CASH-03;2026-08-15 12:47:46;SKU-003;2;45000;500;CARD
REC-20260815-STORE_03-0385;STORE_03;CASH-07;2026-08-15 12:47:46;SKU-001;2;45000;1000;CARD
REC-20260815-STORE_03-0385;STORE_03;CASH-08;2026-08-15 12:47:46;SKU-009;1;25000;0;CASH
REC-20260815-STORE_03-0385;STORE_03;CASH-01;2026-08-15 12:47:46;SKU-003;4;45000;500;CASH
REC-20260815-STORE_03-0386;STORE_03;CASH-08;2026-08-15 9:15:47;SKU-046;2;25000;1000;CARD
REC-20260815-STORE_03-0386;STORE_03;CASH-10;2026-08-15 9:15:47;SKU-004;1;25000;1000;CARD
REC-20260815-STORE_03-0386;STORE_03;CASH-08;2026-08-15 9:15:47;SKU-003;4;45000;0;CARD
REC-20260815-STORE_03-0386;STORE_03;CASH-02;2026-08-15 9:15:47;SKU-002;3;12000;0;CARD
REC-20260815-STORE_03-0387;STORE_03;CASH-01;2026-08-15 9:52:12;SKU-006;4;45000;500;CARD
REC-20260815-STORE_03-0387;STORE_03;CASH-09;2026-08-15 9:52:12;SKU-020;4;12000;500;CARD
REC-20260815-STORE_03-0387;STORE_03;CASH-07;2026-08-15 9:52:12;SKU-006;4;45000;0;CASH
REC-20260815-STORE_03-0387;STORE_03;CASH-02;2026-08-15 9:52:12;SKU-016;3;25000;1000;CASH
REC-20260815-STORE_03-0388;STORE_03;CASH-02;2026-08-15 12:30:06;SKU-004;1;25000;500;CASH
REC-20260815-STORE_03-0388;STORE_03;CASH-08;2026-08-15 12:30:06;SKU-004;1;25000;1000;CARD
REC-20260815-STORE_03-0388;STORE_03;CASH-01;2026-08-15 12:30:06;SKU-001;3;45000;0;CARD
REC-20260815-STORE_03-0389;STORE_03;CASH-09;2026-08-15 8:17:54;SKU-023;2;45000;1000;CASH
REC-20260815-STORE_03-0389;STORE_03;CASH-06;2026-08-15 8:17:54;SKU-001;1;45000;0;CASH
REC-20260815-STORE_03-0390;STORE_03;CASH-09;2026-08-15 10:48:19;SKU-001;1;45000;0;CASH
REC-20260815-STORE_03-0391;STORE_03;CASH-08;2026-08-15 15:24:30;SKU-001;4;45000;500;CARD
REC-20260815-STORE_03-0391;STORE_03;CASH-04;2026-08-15 15:24:30;SKU-002;2;12000;0;CARD
REC-20260815-STORE_03-0391;STORE_03;CASH-06;2026-08-15 15:24:30;SKU-001;4;45000;500;CARD
REC-20260815-STORE_03-0392;STORE_03;CASH-04;2026-08-15 8:46:59;SKU-009;4;25000;0;CARD
REC-20260815-STORE_03-0393;STORE_03;CASH-10;2026-08-15 14:57:47;SKU-002;3;12000;500;CASH
REC-20260815-STORE_03-0393;STORE_03;CASH-09;2026-08-15 14:57:47;SKU-014;4;5000;0;CARD
REC-20260815-STORE_03-0393;STORE_03;CASH-06;2026-08-15 14:57:47;SKU-041;4;25000;0;CASH
REC-20260815-STORE_03-0394;STORE_03;CASH-06;2026-08-15 16:56:50;SKU-001;4;45000;1000;CARD
REC-20260815-STORE_03-0394;STORE_03;CASH-08;2026-08-15 16:56:50;SKU-009;1;25000;500;CARD
REC-20260815-STORE_03-0395;STORE_03;CASH-05;2026-08-15 18:08:33;SKU-002;1;12000;0;CARD
REC-20260815-STORE_03-0395;STORE_03;CASH-06;2026-08-15 18:08:33;SKU-050;4;25000;0;CASH
REC-20260815-STORE_03-0395;STORE_03;CASH-08;2026-08-15 18:08:33;SKU-032;2;25000;0;CASH
REC-20260815-STORE_03-0396;STORE_03;CASH-06;2026-08-15 21:24:53;SKU-015;4;5000;0;CASH
REC-20260815-STORE_03-0397;STORE_03;CASH-02;2026-08-15 9:29:28;SKU-005;3;5000;0;CARD
REC-20260815-STORE_03-0398;STORE_03;CASH-03;2026-08-15 8:50:39;SKU-019;3;25000;0;CASH
REC-20260815-STORE_03-0398;STORE_03;CASH-05;2026-08-15 8:50:39;SKU-013;1;12000;0;CASH
REC-20260815-STORE_03-0398;STORE_03;CASH-03;2026-08-15 8:50:39;SKU-010;2;25000;0;CARD
REC-20260815-STORE_03-0398;STORE_03;CASH-10;2026-08-15 8:50:39;SKU-018;1;5000;500;CASH
REC-20260815-STORE_03-0398;STORE_03;CASH-02;2026-08-15 8:50:39;SKU-001;3;45000;500;CASH
REC-20260815-STORE_03-0399;STORE_03;CASH-02;2026-08-15 13:50:13;SKU-001;1;45000;1000;CARD
REC-20260815-STORE_03-0399;STORE_03;CASH-08;2026-08-15 13:50:13;SKU-005;1;5000;500;CASH
REC-20260815-STORE_03-0399;STORE_03;CASH-06;2026-08-15 13:50:13;SKU-006;3;45000;0;CARD
REC-20260815-STORE_03-0399;STORE_03;CASH-06;2026-08-15 13:50:13;SKU-043;3;25000;1000;CASH
REC-20260815-STORE_03-0399;STORE_03;CASH-09;2026-08-15 13:50:13;SKU-011;2;5000;1000;CARD
REC-20260815-STORE_03-0400;STORE_03;CASH-03;2026-08-15 19:38:14;SKU-001;4;45000;0;CARD
REC-20260815-STORE_03-0400;STORE_03;CASH-07;2026-08-15 19:38:14;SKU-032;1;25000;500;CASH
REC-20260815-STORE_03-0400;STORE_03;CASH-02;2026-08-15 19:38:14;SKU-006;2;45000;0;CASH
REC-20260815-STORE_03-0400;STORE_03;CASH-05;2026-08-15 19:38:14;SKU-001;4;45000;1000;CARD
REC-20260815-STORE_03-0401;STORE_03;CASH-02;2026-08-15 15:05:41;SKU-002;1;12000;500;CARD
REC-20260815-STORE_03-0401;STORE_03;CASH-05;2026-08-15 15:05:41;SKU-009;4;25000;500;CARD
REC-20260815-STORE_03-0401;STORE_03;CASH-05;2026-08-15 15:05:41;SKU-008;4;12000;0;CASH
REC-20260815-STORE_03-0401;STORE_03;CASH-04;2026-08-15 15:05:41;SKU-002;2;12000;0;CARD
REC-20260815-STORE_03-0401;STORE_03;CASH-05;2026-08-15 15:05:41;SKU-009;2;25000;0;CARD
REC-20260815-STORE_03-0402;STORE_03;CASH-06;2026-08-15 20:26:01;SKU-022;4;12000;0;CARD
REC-20260815-STORE_03-0402;STORE_03;CASH-07;2026-08-15 20:26:01;SKU-002;1;12000;500;CARD
REC-20260815-STORE_03-0402;STORE_03;CASH-09;2026-08-15 20:26:01;SKU-011;1;5000;0;CASH
REC-20260815-STORE_03-0402;STORE_03;CASH-09;2026-08-15 20:26:01;SKU-001;3;45000;500;CARD
REC-20260815-STORE_03-0402;STORE_03;CASH-04;2026-08-15 20:26:01;SKU-001;1;45000;500;CASH
REC-20260815-STORE_03-0403;STORE_03;CASH-02;2026-08-15 15:47:15;SKU-003;1;45000;0;CASH
REC-20260815-STORE_03-0403;STORE_03;CASH-04;2026-08-15 15:47:15;SKU-008;4;12000;500;CARD
REC-20260815-STORE_03-0403;STORE_03;CASH-07;2026-08-15 15:47:15;SKU-012;3;45000;0;CARD
REC-20260815-STORE_03-0403;STORE_03;CASH-01;2026-08-15 15:47:15;SKU-009;1;25000;500;CARD
REC-20260815-STORE_03-0404;STORE_03;CASH-08;2026-08-15 13:38:18;SKU-004;2;25000;0;CARD
REC-20260815-STORE_03-0404;STORE_03;CASH-02;2026-08-15 13:38:18;SKU-017;3;12000;0;CARD
REC-20260815-STORE_03-0404;STORE_03;CASH-10;2026-08-15 13:38:18;SKU-003;3;45000;500;CARD
REC-20260815-STORE_03-0404;STORE_03;CASH-07;2026-08-15 13:38:18;SKU-004;2;25000;500;CASH
REC-20260815-STORE_03-0405;STORE_03;CASH-06;2026-08-15 17:55:54;SKU-022;1;12000;0;CARD
REC-20260815-STORE_03-0405;STORE_03;CASH-10;2026-08-15 17:55:54;SKU-002;3;12000;0;CASH
REC-20260815-STORE_03-0405;STORE_03;CASH-08;2026-08-15 17:55:54;SKU-027;2;5000;0;CASH
REC-20260815-STORE_03-0405;STORE_03;CASH-01;2026-08-15 17:55:54;SKU-010;4;25000;500;CARD
REC-20260815-STORE_03-0405;STORE_03;CASH-06;2026-08-15 17:55:54;SKU-013;4;12000;0;CARD
REC-20260815-STORE_03-0406;STORE_03;CASH-06;2026-08-15 21:14:33;SKU-009;3;25000;1000;CASH
REC-20260815-STORE_03-0406;STORE_03;CASH-04;2026-08-15 21:14:33;SKU-001;4;45000;0;CARD
REC-20260815-STORE_03-0407;STORE_03;CASH-06;2026-08-15 18:40:08;SKU-001;2;45000;0;CARD
REC-20260815-STORE_03-0408;STORE_03;CASH-04;2026-08-15 10:28:51;SKU-002;2;12000;0;CARD
REC-20260815-STORE_03-0408;STORE_03;CASH-09;2026-08-15 10:28:51;SKU-033;2;5000;1000;CARD
REC-20260815-STORE_03-0409;STORE_03;CASH-05;2026-08-15 15:45:35;SKU-005;4;5000;0;CARD
REC-20260815-STORE_03-0409;STORE_03;CASH-06;2026-08-15 15:45:35;SKU-003;2;45000;0;CARD
REC-20260815-STORE_03-0409;STORE_03;CASH-07;2026-08-15 15:45:35;SKU-002;3;12000;0;CARD
REC-20260815-STORE_03-0409;STORE_03;CASH-01;2026-08-15 15:45:35;SKU-002;2;12000;0;CARD
REC-20260815-STORE_03-0409;STORE_03;CASH-03;2026-08-15 15:45:35;SKU-007;3;12000;0;CASH
REC-20260815-STORE_03-0410;STORE_03;CASH-04;2026-08-15 21:29:54;SKU-030;3;45000;0;CASH
REC-20260815-STORE_03-0410;STORE_03;CASH-05;2026-08-15 21:29:54;SKU-001;3;45000;500;CARD
REC-20260815-STORE_03-0410;STORE_03;CASH-06;2026-08-15 21:29:54;SKU-001;4;45000;1000;CASH
REC-20260815-STORE_03-0411;STORE_03;CASH-09;2026-08-15 9:27:04;SKU-029;3;5000;1000;CARD
REC-20260815-STORE_03-0412;STORE_03;CASH-02;2026-08-15 21:49:40;SKU-010;4;25000;0;CARD
REC-20260815-STORE_03-0412;STORE_03;CASH-01;2026-08-15 21:49:40;SKU-002;3;12000;500;CARD
REC-20260815-STORE_03-0412;STORE_03;CASH-07;2026-08-15 21:49:40;SKU-003;3;45000;0;CASH
REC-20260815-STORE_03-0412;STORE_03;CASH-10;2026-08-15 21:49:40;SKU-001;4;45000;0;CARD
REC-20260815-STORE_03-0413;STORE_03;CASH-07;2026-08-15 20:17:00;SKU-008;2;12000;500;CASH
REC-20260815-STORE_03-0414;STORE_03;CASH-05;2026-08-15 16:03:15;SKU-006;1;45000;0;CARD
REC-20260815-STORE_03-0414;STORE_03;CASH-09;2026-08-15 16:03:15;SKU-006;2;45000;0;CASH
REC-20260815-STORE_03-0414;STORE_03;CASH-09;2026-08-15 16:03:15;SKU-017;3;12000;1000;CARD
REC-20260815-STORE_03-0414;STORE_03;CASH-05;2026-08-15 16:03:15;SKU-002;2;12000;0;CARD
REC-20260815-STORE_03-0414;STORE_03;CASH-07;2026-08-15 16:03:15;SKU-006;2;45000;500;CASH
REC-20260815-STORE_03-0415;STORE_03;CASH-08;2026-08-15 9:47:17;SKU-001;4;45000;0;CARD
REC-20260815-STORE_03-0415;STORE_03;CASH-08;2026-08-15 9:47:17;SKU-031;1;45000;500;CARD
REC-20260815-STORE_03-0416;STORE_03;CASH-04;2026-08-15 9:31:09;SKU-001;2;45000;1000;CASH
REC-20260815-STORE_03-0416;STORE_03;CASH-07;2026-08-15 9:31:09;SKU-008;1;12000;500;CARD
REC-20260815-STORE_03-0416;STORE_03;CASH-02;2026-08-15 9:31:09;SKU-002;2;12000;1000;CARD
REC-20260815-STORE_03-0416;STORE_03;CASH-01;2026-08-15 9:31:09;SKU-005;1;5000;0;CARD
REC-20260815-STORE_03-0417;STORE_03;CASH-07;2026-08-15 17:56:30;SKU-005;2;5000;1000;CARD
REC-20260815-STORE_03-0417;STORE_03;CASH-02;2026-08-15 17:56:30;SKU-002;4;12000;1000;CASH
REC-20260815-STORE_03-0418;STORE_03;CASH-09;2026-08-15 12:45:11;SKU-018;1;5000;1000;CARD
REC-20260815-STORE_03-0418;STORE_03;CASH-02;2026-08-15 12:45:11;SKU-038;2;12000;500;CASH
REC-20260815-STORE_03-0418;STORE_03;CASH-04;2026-08-15 12:45:11;SKU-006;1;45000;500;CASH
REC-20260815-STORE_03-0418;STORE_03;CASH-01;2026-08-15 12:45:11;SKU-030;3;45000;1000;CARD
REC-20260815-STORE_03-0418;STORE_03;CASH-10;2026-08-15 12:45:11;SKU-006;4;45000;0;CASH
REC-20260815-STORE_03-0419;STORE_03;CASH-10;2026-08-15 17:02:05;SKU-002;4;12000;500;CASH
REC-20260815-STORE_03-0420;STORE_03;CASH-05;2026-08-15 18:49:48;SKU-011;2;5000;1000;CARD
REC-20260815-STORE_03-0420;STORE_03;CASH-10;2026-08-15 18:49:48;SKU-004;1;25000;1000;CARD
REC-20260815-STORE_03-0420;STORE_03;CASH-08;2026-08-15 18:49:48;SKU-003;3;45000;0;CASH
REC-20260815-STORE_03-0420;STORE_03;CASH-10;2026-08-15 18:49:48;SKU-008;4;12000;0;CASH
REC-20260815-STORE_03-0420;STORE_03;CASH-04;2026-08-15 18:49:48;SKU-027;4;5000;500;CASH
REC-20260815-STORE_03-0421;STORE_03;CASH-10;2026-08-15 13:47:01;SKU-003;4;45000;500;CARD
REC-20260815-STORE_03-0421;STORE_03;CASH-02;2026-08-15 13:47:01;SKU-021;1;5000;1000;CARD
REC-20260815-STORE_03-0421;STORE_03;CASH-06;2026-08-15 13:47:01;SKU-008;2;12000;500;CARD
REC-20260815-STORE_03-0421;STORE_03;CASH-01;2026-08-15 13:47:01;SKU-005;4;5000;0;CASH
REC-20260815-STORE_03-0422;STORE_03;CASH-07;2026-08-15 17:49:37;SKU-013;3;12000;0;CARD
REC-20260815-STORE_03-0422;STORE_03;CASH-03;2026-08-15 17:49:37;SKU-003;3;45000;500;CARD
REC-20260815-STORE_03-0423;STORE_03;CASH-09;2026-08-15 16:36:41;SKU-004;3;25000;1000;CARD
REC-20260815-STORE_03-0423;STORE_03;CASH-01;2026-08-15 16:36:41;SKU-039;1;5000;0;CASH
REC-20260815-STORE_03-0423;STORE_03;CASH-02;2026-08-15 16:36:41;SKU-018;4;5000;0;CARD
REC-20260815-STORE_03-0423;STORE_03;CASH-01;2026-08-15 16:36:41;SKU-040;2;25000;0;CASH
REC-20260815-STORE_03-0423;STORE_03;CASH-01;2026-08-15 16:36:41;SKU-004;2;25000;0;CARD
REC-20260815-STORE_03-0424;STORE_03;CASH-06;2026-08-15 20:22:31;SKU-024;1;12000;1000;CARD
REC-20260815-STORE_03-0424;STORE_03;CASH-06;2026-08-15 20:22:31;SKU-015;3;5000;500;CASH
REC-20260815-STORE_03-0425;STORE_03;CASH-04;2026-08-15 21:26:16;SKU-031;1;45000;1000;CARD
REC-20260815-STORE_03-0426;STORE_03;CASH-09;2026-08-15 11:25:41;SKU-005;1;5000;0;CASH
REC-20260815-STORE_03-0427;STORE_03;CASH-01;2026-08-15 11:23:49;SKU-001;1;45000;500;CASH
REC-20260815-STORE_03-0428;STORE_03;CASH-06;2026-08-15 11:12:34;SKU-018;1;5000;0;CARD
REC-20260815-STORE_03-0428;STORE_03;CASH-07;2026-08-15 11:12:34;SKU-029;2;5000;0;CARD
REC-20260815-STORE_03-0428;STORE_03;CASH-05;2026-08-15 11:12:34;SKU-004;3;25000;0;CARD
REC-20260815-STORE_03-0428;STORE_03;CASH-06;2026-08-15 11:12:34;SKU-001;3;45000;0;CASH
REC-20260815-STORE_03-0428;STORE_03;CASH-07;2026-08-15 11:12:34;SKU-002;3;12000;0;CARD
REC-20260815-STORE_03-0429;STORE_03;CASH-03;2026-08-15 19:36:36;SKU-013;1;12000;1000;CARD
REC-20260815-STORE_03-0429;STORE_03;CASH-04;2026-08-15 19:36:36;SKU-007;2;12000;0;CASH
REC-20260815-STORE_03-0430;STORE_03;CASH-04;2026-08-15 12:12:05;SKU-006;2;45000;0;CARD
REC-20260815-STORE_03-0431;STORE_03;CASH-06;2026-08-15 20:50:10;SKU-028;4;5000;500;CARD
REC-20260815-STORE_03-0432;STORE_03;CASH-02;2026-08-15 21:11:11;SKU-003;4;45000;1000;CARD
REC-20260815-STORE_03-0432;STORE_03;CASH-06;2026-08-15 21:11:11;SKU-003;1;45000;0;CASH
REC-20260815-STORE_03-0432;STORE_03;CASH-09;2026-08-15 21:11:11;SKU-015;3;5000;0;CASH
REC-20260815-STORE_03-0432;STORE_03;CASH-04;2026-08-15 21:11:11;SKU-049;2;5000;500;CARD
REC-20260815-STORE_03-0432;STORE_03;CASH-04;2026-08-15 21:11:11;SKU-004;4;25000;0;CARD
REC-20260815-STORE_03-0433;STORE_03;CASH-02;2026-08-15 17:24:31;SKU-017;2;12000;500;CARD
REC-20260815-STORE_03-0433;STORE_03;CASH-04;2026-08-15 17:24:31;SKU-001;4;45000;0;CARD
REC-20260815-STORE_03-0434;STORE_03;CASH-10;2026-08-15 21:57:47;SKU-001;3;45000;500;CARD
REC-20260815-STORE_03-0434;STORE_03;CASH-06;2026-08-15 21:57:47;SKU-034;4;25000;0;CASH
REC-20260815-STORE_03-0434;STORE_03;CASH-02;2026-08-15 21:57:47;SKU-001;3;45000;500;CARD
REC-20260815-STORE_03-0434;STORE_03;CASH-08;2026-08-15 21:57:47;SKU-036;1;45000;0;CARD
REC-20260815-STORE_03-0434;STORE_03;CASH-03;2026-08-15 21:57:47;SKU-004;4;25000;0;CARD
REC-20260815-STORE_03-0435;STORE_03;CASH-05;2026-08-15 13:28:55;SKU-003;4;45000;0;CARD
REC-20260815-STORE_03-0435;STORE_03;CASH-03;2026-08-15 13:28:55;SKU-020;2;12000;0;CASH
REC-20260815-STORE_03-0435;STORE_03;CASH-04;2026-08-15 13:28:55;SKU-003;2;45000;1000;CARD
REC-20260815-STORE_03-0435;STORE_03;CASH-06;2026-08-15 13:28:55;SKU-001;1;45000;0;CARD
REC-20260815-STORE_03-0436;STORE_03;CASH-09;2026-08-15 12:53:04;SKU-001;4;45000;500;CASH
REC-20260815-STORE_03-0437;STORE_03;CASH-05;2026-08-15 18:40:33;SKU-002;2;12000;1000;CARD
REC-20260815-STORE_03-0437;STORE_03;CASH-08;2026-08-15 18:40:33;SKU-025;1;5000;0;CARD
REC-20260815-STORE_03-0437;STORE_03;CASH-10;2026-08-15 18:40:33;SKU-002;3;12000;500;CARD
REC-20260815-STORE_03-0437;STORE_03;CASH-05;2026-08-15 18:40:33;SKU-008;2;12000;0;CARD
REC-20260815-STORE_03-0437;STORE_03;CASH-03;2026-08-15 18:40:33;SKU-003;3;45000;0;CARD
REC-20260815-STORE_03-0438;STORE_03;CASH-10;2026-08-15 11:32:53;SKU-022;2;12000;0;CASH
REC-20260815-STORE_03-0438;STORE_03;CASH-09;2026-08-15 11:32:53;SKU-016;1;25000;500;CASH
REC-20260815-STORE_03-0438;STORE_03;CASH-03;2026-08-15 11:32:53;SKU-013;2;12000;0;CASH
REC-20260815-STORE_03-0439;STORE_03;CASH-03;2026-08-15 9:14:46;SKU-014;4;5000;0;CASH
REC-20260815-STORE_03-0439;STORE_03;CASH-05;2026-08-15 9:14:46;SKU-027;4;5000;0;CARD
REC-20260815-STORE_03-0439;STORE_03;CASH-09;2026-08-15 9:14:46;SKU-017;4;12000;0;CARD
REC-20260815-STORE_03-0439;STORE_03;CASH-05;2026-08-15 9:14:46;SKU-034;2;25000;0;CASH
REC-20260815-STORE_03-0439;STORE_03;CASH-08;2026-08-15 9:14:46;SKU-020;4;12000;0;CARD
REC-20260815-STORE_03-0440;STORE_03;CASH-05;2026-08-15 10:20:23;SKU-002;2;12000;1000;CARD
REC-20260815-STORE_03-0440;STORE_03;CASH-09;2026-08-15 10:20:23;SKU-001;4;45000;0;CARD
REC-20260815-STORE_03-0441;STORE_03;CASH-08;2026-08-15 10:06:16;SKU-003;2;45000;500;CASH
REC-20260815-STORE_03-0441;STORE_03;CASH-03;2026-08-15 10:06:16;SKU-002;1;12000;1000;CARD
REC-20260815-STORE_03-0441;STORE_03;CASH-08;2026-08-15 10:06:16;SKU-014;3;5000;0;CASH
REC-20260815-STORE_03-0441;STORE_03;CASH-01;2026-08-15 10:06:16;SKU-004;3;25000;500;CASH
REC-20260815-STORE_03-0442;STORE_03;CASH-03;2026-08-15 13:08:32;SKU-002;1;12000;1000;CARD
REC-20260815-STORE_03-0442;STORE_03;CASH-07;2026-08-15 13:08:32;SKU-017;1;12000;0;CARD
REC-20260815-STORE_03-0442;STORE_03;CASH-08;2026-08-15 13:08:32;SKU-017;1;12000;500;CASH
REC-20260815-STORE_03-0443;STORE_03;CASH-09;2026-08-15 21:35:44;SKU-047;3;5000;1000;CARD
REC-20260815-STORE_03-0443;STORE_03;CASH-04;2026-08-15 21:35:44;SKU-010;3;25000;1000;CARD
REC-20260815-STORE_03-0443;STORE_03;CASH-08;2026-08-15 21:35:44;SKU-004;1;25000;1000;CARD
REC-20260815-STORE_03-0443;STORE_03;CASH-09;2026-08-15 21:35:44;SKU-001;1;45000;0;CARD
REC-20260815-STORE_03-0444;STORE_03;CASH-04;2026-08-15 11:18:23;SKU-043;3;25000;1000;CASH
REC-20260815-STORE_03-0444;STORE_03;CASH-03;2026-08-15 11:18:23;SKU-030;3;45000;500;CARD
REC-20260815-STORE_03-0445;STORE_03;CASH-05;2026-08-15 18:34:36;SKU-009;4;25000;1000;CARD
REC-20260815-STORE_03-0445;STORE_03;CASH-10;2026-08-15 18:34:36;SKU-018;1;5000;0;CASH
REC-20260815-STORE_03-0446;STORE_03;CASH-05;2026-08-15 18:17:27;SKU-001;4;45000;500;CARD
REC-20260815-STORE_03-0446;STORE_03;CASH-03;2026-08-15 18:17:27;SKU-036;3;45000;1000;CARD
REC-20260815-STORE_03-0447;STORE_03;CASH-01;2026-08-15 10:40:51;SKU-001;1;45000;0;CARD
REC-20260815-STORE_03-0447;STORE_03;CASH-01;2026-08-15 10:40:51;SKU-010;2;25000;500;CARD
REC-20260815-STORE_03-0447;STORE_03;CASH-04;2026-08-15 10:40:51;SKU-002;2;12000;1000;CARD
REC-20260815-STORE_03-0447;STORE_03;CASH-09;2026-08-15 10:40:51;SKU-001;3;45000;0;CASH
REC-20260815-STORE_03-0448;STORE_03;CASH-04;2026-08-15 14:45:23;SKU-004;2;25000;500;CASH
REC-20260815-STORE_03-0448;STORE_03;CASH-05;2026-08-15 14:45:23;SKU-001;3;45000;500;CARD
REC-20260815-STORE_03-0448;STORE_03;CASH-06;2026-08-15 14:45:23;SKU-031;1;45000;0;CARD
REC-20260815-STORE_03-0449;STORE_03;CASH-09;2026-08-15 9:23:26;SKU-001;1;45000;500;CARD
REC-20260815-STORE_03-0449;STORE_03;CASH-03;2026-08-15 9:23:26;SKU-027;1;5000;0;CASH
REC-20260815-STORE_03-0449;STORE_03;CASH-03;2026-08-15 9:23:26;SKU-005;1;5000;500;CASH
REC-20260815-STORE_03-0450;STORE_03;CASH-08;2026-08-15 9:14:11;SKU-006;2;45000;0;CARD
REC-20260815-STORE_03-0450;STORE_03;CASH-04;2026-08-15 9:14:11;SKU-004;4;25000;0;CARD
REC-20260815-STORE_03-0450;STORE_03;CASH-10;2026-08-15 9:14:11;SKU-013;4;12000;0;CARD
REC-20260815-STORE_03-0450;STORE_03;CASH-02;2026-08-15 9:14:11;SKU-049;2;5000;0;CASH
REC-20260815-STORE_03-0451;STORE_03;CASH-01;2026-08-15 15:36:37;SKU-022;2;12000;0;CARD
REC-20260815-STORE_03-0451;STORE_03;CASH-03;2026-08-15 15:36:37;SKU-043;1;25000;0;CARD
REC-20260815-STORE_03-0451;STORE_03;CASH-08;2026-08-15 15:36:37;SKU-001;4;45000;500;CASH
REC-20260815-STORE_03-0451;STORE_03;CASH-10;2026-08-15 15:36:37;SKU-032;1;25000;0;CARD
REC-20260815-STORE_03-0452;STORE_03;CASH-09;2026-08-15 16:10:09;SKU-003;3;45000;1000;CARD
REC-20260815-STORE_03-0452;STORE_03;CASH-04;2026-08-15 16:10:09;SKU-001;1;45000;0;CARD
REC-20260815-STORE_03-0452;STORE_03;CASH-03;2026-08-15 16:10:09;SKU-003;3;45000;0;CARD
REC-20260815-STORE_03-0452;STORE_03;CASH-03;2026-08-15 16:10:09;SKU-003;2;45000;500;CARD
REC-20260815-STORE_03-0452;STORE_03;CASH-02;2026-08-15 16:10:09;SKU-003;4;45000;500;CARD
REC-20260815-STORE_03-0453;STORE_03;CASH-10;2026-08-15 16:23:22;SKU-043;4;25000;0;CASH
REC-20260815-STORE_03-0453;STORE_03;CASH-04;2026-08-15 16:23:22;SKU-020;3;12000;500;CARD
REC-20260815-STORE_03-0453;STORE_03;CASH-01;2026-08-15 16:23:22;SKU-006;4;45000;0;CARD
REC-20260815-STORE_03-0454;STORE_03;CASH-06;2026-08-15 19:08:15;SKU-002;3;12000;0;CASH
REC-20260815-STORE_03-0454;STORE_03;CASH-09;2026-08-15 19:08:15;SKU-005;3;5000;500;CARD
REC-20260815-STORE_03-0454;STORE_03;CASH-09;2026-08-15 19:08:15;SKU-008;4;12000;0;CASH
REC-20260815-STORE_03-0455;STORE_03;CASH-09;2026-08-15 8:40:06;SKU-032;4;25000;0;CARD
REC-20260815-STORE_03-0455;STORE_03;CASH-06;2026-08-15 8:40:06;SKU-009;1;25000;0;CASH
REC-20260815-STORE_03-0456;STORE_03;CASH-10;2026-08-15 8:10:50;SKU-006;4;45000;500;CARD
REC-20260815-STORE_03-0456;STORE_03;CASH-01;2026-08-15 8:10:50;SKU-032;3;25000;0;CASH
REC-20260815-STORE_03-0457;STORE_03;CASH-05;2026-08-15 15:00:45;SKU-038;3;12000;0;CARD
REC-20260815-STORE_03-0457;STORE_03;CASH-06;2026-08-15 15:00:45;SKU-014;3;5000;0;CARD
REC-20260815-STORE_03-0457;STORE_03;CASH-05;2026-08-15 15:00:45;SKU-008;3;12000;500;CARD
REC-20260815-STORE_03-0458;STORE_03;CASH-06;2026-08-15 18:17:48;SKU-001;3;45000;0;CARD
REC-20260815-STORE_03-0458;STORE_03;CASH-06;2026-08-15 18:17:48;SKU-017;3;12000;0;CARD
REC-20260815-STORE_03-0458;STORE_03;CASH-06;2026-08-15 18:17:48;SKU-002;2;12000;500;CASH
REC-20260815-STORE_03-0458;STORE_03;CASH-07;2026-08-15 18:17:48;SKU-004;2;25000;0;CASH
REC-20260815-STORE_03-0459;STORE_03;CASH-07;2026-08-15 13:01:49;SKU-002;2;12000;0;CASH
REC-20260815-STORE_03-0459;STORE_03;CASH-08;2026-08-15 13:01:49;SKU-002;3;12000;0;CARD
REC-20260815-STORE_03-0459;STORE_03;CASH-05;2026-08-15 13:01:49;SKU-001;4;45000;0;CASH
REC-20260815-STORE_03-0459;STORE_03;CASH-08;2026-08-15 13:01:49;SKU-034;2;25000;0;CARD
REC-20260815-STORE_03-0460;STORE_03;CASH-06;2026-08-15 11:12:53;SKU-006;3;45000;500;CASH
REC-20260815-STORE_03-0460;STORE_03;CASH-01;2026-08-15 11:12:53;SKU-003;3;45000;0;CARD
REC-20260815-STORE_03-0460;STORE_03;CASH-06;2026-08-15 11:12:53;SKU-020;1;12000;0;CARD
REC-20260815-STORE_03-0460;STORE_03;CASH-10;2026-08-15 11:12:53;SKU-022;1;12000;500;CASH
REC-20260815-STORE_03-0461;STORE_03;CASH-02;2026-08-15 10:13:01;SKU-010;2;25000;0;CASH
REC-20260815-STORE_03-0461;STORE_03;CASH-08;2026-08-15 10:13:01;SKU-008;3;12000;0;CARD
REC-20260815-STORE_03-0461;STORE_03;CASH-10;2026-08-15 10:13:01;SKU-001;1;45000;0;CARD
REC-20260815-STORE_03-0461;STORE_03;CASH-07;2026-08-15 10:13:01;SKU-016;2;25000;1000;CARD
REC-20260815-STORE_03-0461;STORE_03;CASH-09;2026-08-15 10:13:01;SKU-024;2;12000;0;CASH
REC-20260815-STORE_03-0462;STORE_03;CASH-02;2026-08-15 18:51:37;SKU-003;4;45000;0;CARD
REC-20260815-STORE_03-0462;STORE_03;CASH-10;2026-08-15 18:51:37;SKU-040;3;25000;0;CASH
REC-20260815-STORE_03-0462;STORE_03;CASH-02;2026-08-15 18:51:37;SKU-003;4;45000;1000;CARD
REC-20260815-STORE_03-0463;STORE_03;CASH-02;2026-08-15 10:59:02;SKU-001;4;45000;0;CARD
REC-20260815-STORE_03-0464;STORE_03;CASH-03;2026-08-15 19:50:04;SKU-001;4;45000;500;CARD
REC-20260815-STORE_03-0465;STORE_03;CASH-04;2026-08-15 13:47:32;SKU-040;3;25000;1000;CARD
REC-20260815-STORE_03-0465;STORE_03;CASH-01;2026-08-15 13:47:32;SKU-002;4;12000;500;CARD
REC-20260815-STORE_03-0465;STORE_03;CASH-08;2026-08-15 13:47:32;SKU-022;2;12000;0;CASH
REC-20260815-STORE_03-0466;STORE_03;CASH-10;2026-08-15 20:15:33;SKU-001;1;45000;500;CARD
REC-20260815-STORE_03-0466;STORE_03;CASH-10;2026-08-15 20:15:33;SKU-002;4;12000;0;CARD
REC-20260815-STORE_03-0466;STORE_03;CASH-01;2026-08-15 20:15:33;SKU-001;3;45000;0;CARD
REC-20260815-STORE_03-0466;STORE_03;CASH-07;2026-08-15 20:15:33;SKU-009;2;25000;0;CARD
REC-20260815-STORE_03-0466;STORE_03;CASH-07;2026-08-15 20:15:33;SKU-002;4;12000;1000;CARD
REC-20260815-STORE_03-0467;STORE_03;CASH-09;2026-08-15 13:42:48;SKU-002;1;12000;0;CARD
REC-20260815-STORE_03-0467;STORE_03;CASH-02;2026-08-15 13:42:48;SKU-002;3;12000;0;CARD
REC-20260815-STORE_03-0467;STORE_03;CASH-06;2026-08-15 13:42:48;SKU-008;2;12000;500;CASH
REC-20260815-STORE_03-0467;STORE_03;CASH-03;2026-08-15 13:42:48;SKU-001;4;45000;0;CARD
REC-20260815-STORE_03-0468;STORE_03;CASH-05;2026-08-15 11:08:17;SKU-001;4;45000;0;CASH
REC-20260815-STORE_03-0468;STORE_03;CASH-09;2026-08-15 11:08:17;SKU-001;1;45000;500;CARD
REC-20260815-STORE_03-0469;STORE_03;CASH-06;2026-08-15 21:46:50;SKU-003;4;45000;0;CARD
REC-20260815-STORE_03-0469;STORE_03;CASH-03;2026-08-15 21:46:50;SKU-002;2;12000;0;CASH
REC-20260815-STORE_03-0469;STORE_03;CASH-01;2026-08-15 21:46:50;SKU-017;1;12000;500;CARD
REC-20260815-STORE_03-0469;STORE_03;CASH-02;2026-08-15 21:46:50;SKU-003;4;45000;500;CASH
REC-20260815-STORE_03-0470;STORE_03;CASH-10;2026-08-15 12:53:14;SKU-010;3;25000;1000;CARD
REC-20260815-STORE_03-0470;STORE_03;CASH-03;2026-08-15 12:53:14;SKU-002;3;12000;1000;CARD
REC-20260815-STORE_03-0470;STORE_03;CASH-06;2026-08-15 12:53:14;SKU-001;2;45000;500;CASH
REC-20260815-STORE_03-0470;STORE_03;CASH-07;2026-08-15 12:53:14;SKU-029;3;5000;0;CARD
REC-20260815-STORE_03-0471;STORE_03;CASH-04;2026-08-15 17:03:18;SKU-026;3;12000;0;CARD
REC-20260815-STORE_03-0471;STORE_03;CASH-02;2026-08-15 17:03:18;SKU-039;3;5000;0;CARD
REC-20260815-STORE_03-0471;STORE_03;CASH-03;2026-08-15 17:03:18;SKU-004;4;25000;500;CASH
REC-20260815-STORE_03-0471;STORE_03;CASH-08;2026-08-15 17:03:18;SKU-012;4;45000;0;CARD
REC-20260815-STORE_03-0472;STORE_03;CASH-02;2026-08-15 19:13:29;SKU-006;1;45000;0;CARD
REC-20260815-STORE_03-0472;STORE_03;CASH-08;2026-08-15 19:13:29;SKU-007;3;12000;0;CARD
REC-20260815-STORE_03-0472;STORE_03;CASH-04;2026-08-15 19:13:29;SKU-001;3;45000;1000;CARD
REC-20260815-STORE_03-0472;STORE_03;CASH-05;2026-08-15 19:13:29;SKU-004;4;25000;0;CARD
REC-20260815-STORE_03-0472;STORE_03;CASH-10;2026-08-15 19:13:29;SKU-001;2;45000;1000;CARD
REC-20260815-STORE_03-0473;STORE_03;CASH-08;2026-08-15 19:48:29;SKU-001;1;45000;0;CARD
REC-20260815-STORE_03-0473;STORE_03;CASH-02;2026-08-15 19:48:29;SKU-027;2;5000;0;CARD
REC-20260815-STORE_03-0473;STORE_03;CASH-10;2026-08-15 19:48:29;SKU-003;3;45000;0;CARD
REC-20260815-STORE_03-0473;STORE_03;CASH-03;2026-08-15 19:48:29;SKU-001;3;45000;0;CASH
REC-20260815-STORE_03-0473;STORE_03;CASH-05;2026-08-15 19:48:29;SKU-008;2;12000;1000;CARD
REC-20260815-STORE_03-0474;STORE_03;CASH-09;2026-08-15 19:09:48;SKU-004;4;25000;1000;CASH
REC-20260815-STORE_03-0474;STORE_03;CASH-07;2026-08-15 19:09:48;SKU-010;4;25000;500;CASH
REC-20260815-STORE_03-0475;STORE_03;CASH-03;2026-08-15 20:50:44;SKU-040;3;25000;0;CARD
REC-20260815-STORE_03-0475;STORE_03;CASH-09;2026-08-15 20:50:44;SKU-008;2;12000;0;CARD
REC-20260815-STORE_03-0475;STORE_03;CASH-05;2026-08-15 20:50:44;SKU-003;2;45000;0;CASH
REC-20260815-STORE_03-0475;STORE_03;CASH-04;2026-08-15 20:50:44;SKU-015;3;5000;0;CARD
REC-20260815-STORE_03-0475;STORE_03;CASH-08;2026-08-15 20:50:44;SKU-002;4;12000;0;CARD
REC-20260815-STORE_03-0476;STORE_03;CASH-08;2026-08-15 13:37:47;SKU-001;2;45000;0;CASH
REC-20260815-STORE_03-0476;STORE_03;CASH-02;2026-08-15 13:37:47;SKU-027;2;5000;1000;CASH
REC-20260815-STORE_03-0477;STORE_03;CASH-09;2026-08-15 20:28:50;SKU-020;4;12000;0;CARD
REC-20260815-STORE_03-0477;STORE_03;CASH-02;2026-08-15 20:28:50;SKU-001;3;45000;1000;CARD
REC-20260815-STORE_03-0477;STORE_03;CASH-01;2026-08-15 20:28:50;SKU-002;4;12000;0;CARD
REC-20260815-STORE_03-0477;STORE_03;CASH-04;2026-08-15 20:28:50;SKU-001;2;45000;0;CARD
REC-20260815-STORE_03-0478;STORE_03;CASH-06;2026-08-15 18:22:57;SKU-005;4;5000;0;CARD
REC-20260815-STORE_03-0478;STORE_03;CASH-04;2026-08-15 18:22:57;SKU-004;2;25000;1000;CARD
REC-20260815-STORE_03-0478;STORE_03;CASH-06;2026-08-15 18:22:57;SKU-001;4;45000;1000;CARD
REC-20260815-STORE_03-0479;STORE_03;CASH-07;2026-08-15 16:58:56;SKU-001;4;45000;1000;CARD
REC-20260815-STORE_03-0479;STORE_03;CASH-06;2026-08-15 16:58:56;SKU-001;4;45000;1000;CARD
REC-20260815-STORE_03-0479;STORE_03;CASH-07;2026-08-15 16:58:56;SKU-001;2;45000;1000;CASH
REC-20260815-STORE_03-0480;STORE_03;CASH-04;2026-08-15 20:33:41;SKU-013;1;12000;1000;CARD
REC-20260815-STORE_03-0480;STORE_03;CASH-06;2026-08-15 20:33:41;SKU-001;4;45000;1000;CARD
REC-20260815-STORE_03-0480;STORE_03;CASH-07;2026-08-15 20:33:41;SKU-019;1;25000;0;CARD
REC-20260815-STORE_03-0480;STORE_03;CASH-05;2026-08-15 20:33:41;SKU-004;1;25000;500;CARD
REC-20260815-STORE_03-0480;STORE_03;CASH-09;2026-08-15 20:33:41;SKU-003;4;45000;500;CASH
REC-20260815-STORE_03-0481;STORE_03;CASH-05;2026-08-15 18:04:11;SKU-003;1;45000;0;CARD
REC-20260815-STORE_03-0481;STORE_03;CASH-03;2026-08-15 18:04:11;SKU-006;3;45000;0;CASH
REC-20260815-STORE_03-0481;STORE_03;CASH-09;2026-08-15 18:04:11;SKU-001;3;45000;0;CARD
REC-20260815-STORE_03-0482;STORE_03;CASH-06;2026-08-15 14:18:11;SKU-020;1;12000;0;CARD
REC-20260815-STORE_03-0483;STORE_03;CASH-02;2026-08-15 12:30:05;SKU-010;2;25000;500;CARD
REC-20260815-STORE_03-0483;STORE_03;CASH-07;2026-08-15 12:30:05;SKU-033;3;5000;0;CARD
REC-20260815-STORE_03-0483;STORE_03;CASH-05;2026-08-15 12:30:05;SKU-001;3;45000;0;CARD
REC-20260815-STORE_03-0483;STORE_03;CASH-08;2026-08-15 12:30:05;SKU-001;2;45000;0;CARD
REC-20260815-STORE_03-0483;STORE_03;CASH-09;2026-08-15 12:30:05;SKU-006;2;45000;500;CARD
REC-20260815-STORE_03-0484;STORE_03;CASH-06;2026-08-15 18:58:49;SKU-001;1;45000;0;CARD
REC-20260815-STORE_03-0484;STORE_03;CASH-08;2026-08-15 18:58:49;SKU-001;1;45000;0;CARD
REC-20260815-STORE_03-0484;STORE_03;CASH-03;2026-08-15 18:58:49;SKU-003;1;45000;0;CARD
REC-20260815-STORE_03-0484;STORE_03;CASH-01;2026-08-15 18:58:49;SKU-018;2;5000;500;CARD
REC-20260815-STORE_03-0485;STORE_03;CASH-05;2026-08-15 14:38:02;SKU-001;4;45000;1000;CASH
REC-20260815-STORE_03-0485;STORE_03;CASH-04;2026-08-15 14:38:02;SKU-001;4;45000;0;CARD
REC-20260815-STORE_03-0486;STORE_03;CASH-04;2026-08-15 15:59:31;SKU-010;2;25000;1000;CARD
REC-20260815-STORE_03-0486;STORE_03;CASH-03;2026-08-15 15:59:31;SKU-003;4;45000;0;CASH
REC-20260815-STORE_03-0486;STORE_03;CASH-07;2026-08-15 15:59:31;SKU-008;1;12000;0;CASH
REC-20260815-STORE_03-0486;STORE_03;CASH-08;2026-08-15 15:59:31;SKU-010;3;25000;0;CASH
REC-20260815-STORE_03-0487;STORE_03;CASH-07;2026-08-15 21:57:53;SKU-002;4;12000;500;CASH
REC-20260815-STORE_03-0487;STORE_03;CASH-01;2026-08-15 21:57:53;SKU-001;2;45000;0;CARD
REC-20260815-STORE_03-0487;STORE_03;CASH-07;2026-08-15 21:57:53;SKU-010;2;25000;0;CASH
REC-20260815-STORE_03-0488;STORE_03;CASH-09;2026-08-15 8:08:14;SKU-013;3;12000;0;CARD
REC-20260815-STORE_03-0489;STORE_03;CASH-10;2026-08-15 15:06:05;SKU-001;2;45000;1000;CASH
REC-20260815-STORE_03-0489;STORE_03;CASH-09;2026-08-15 15:06:05;SKU-020;1;12000;0;CARD
REC-20260815-STORE_03-0489;STORE_03;CASH-01;2026-08-15 15:06:05;SKU-016;4;25000;0;CASH
REC-20260815-STORE_03-0489;STORE_03;CASH-05;2026-08-15 15:06:05;SKU-015;3;5000;1000;CASH
REC-20260815-STORE_03-0490;STORE_03;CASH-02;2026-08-15 18:54:59;SKU-002;2;12000;1000;CARD
REC-20260815-STORE_03-0490;STORE_03;CASH-02;2026-08-15 18:54:59;SKU-001;3;45000;500;CASH
REC-20260815-STORE_03-0491;STORE_03;CASH-05;2026-08-15 15:51:13;SKU-028;1;5000;500;CARD
REC-20260815-STORE_03-0492;STORE_03;CASH-07;2026-08-15 20:42:21;SKU-024;1;12000;1000;CASH
REC-20260815-STORE_03-0492;STORE_03;CASH-03;2026-08-15 20:42:21;SKU-008;1;12000;1000;CASH
REC-20260815-STORE_03-0492;STORE_03;CASH-01;2026-08-15 20:42:21;SKU-001;1;45000;1000;CARD
REC-20260815-STORE_03-0492;STORE_03;CASH-02;2026-08-15 20:42:21;SKU-002;2;12000;1000;CARD
REC-20260815-STORE_03-0493;STORE_03;CASH-07;2026-08-15 18:36:42;SKU-003;2;45000;0;CASH
REC-20260815-STORE_03-0493;STORE_03;CASH-03;2026-08-15 18:36:42;SKU-005;2;5000;0;CASH
REC-20260815-STORE_03-0493;STORE_03;CASH-10;2026-08-15 18:36:42;SKU-007;1;12000;1000;CARD
REC-20260815-STORE_03-0493;STORE_03;CASH-01;2026-08-15 18:36:42;SKU-002;3;12000;500;CARD
REC-20260815-STORE_03-0493;STORE_03;CASH-02;2026-08-15 18:36:42;SKU-012;4;45000;0;CASH
REC-20260815-STORE_03-0494;STORE_03;CASH-09;2026-08-15 17:56:10;SKU-018;1;5000;0;CARD
REC-20260815-STORE_03-0495;STORE_03;CASH-08;2026-08-15 19:25:17;SKU-003;4;45000;0;CARD
REC-20260815-STORE_03-0495;STORE_03;CASH-08;2026-08-15 19:25:17;SKU-022;1;12000;0;CASH
REC-20260815-STORE_03-0495;STORE_03;CASH-05;2026-08-15 19:25:17;SKU-030;4;45000;0;CASH
REC-20260815-STORE_03-0495;STORE_03;CASH-05;2026-08-15 19:25:17;SKU-018;3;5000;1000;CARD
REC-20260815-STORE_03-0496;STORE_03;CASH-04;2026-08-15 12:49:47;SKU-001;3;45000;0;CASH
REC-20260815-STORE_03-0497;STORE_03;CASH-03;2026-08-15 8:36:46;SKU-001;3;45000;1000;CARD
REC-20260815-STORE_03-0497;STORE_03;CASH-09;2026-08-15 8:36:46;SKU-048;1;25000;0;CARD
REC-20260815-STORE_03-0497;STORE_03;CASH-08;2026-08-15 8:36:46;SKU-014;2;5000;1000;CARD
REC-20260815-STORE_03-0498;STORE_03;CASH-04;2026-08-15 13:51:06;SKU-001;2;45000;0;CARD
REC-20260815-STORE_03-0498;STORE_03;CASH-09;2026-08-15 13:51:06;SKU-008;1;12000;1000;CARD
REC-20260815-STORE_03-0498;STORE_03;CASH-06;2026-08-15 13:51:06;SKU-028;3;5000;0;CARD
REC-20260815-STORE_03-0499;STORE_03;CASH-09;2026-08-15 13:52:55;SKU-019;4;25000;1000;CASH
REC-20260815-STORE_03-0499;STORE_03;CASH-04;2026-08-15 13:52:55;SKU-002;3;12000;500;CARD
REC-20260815-STORE_03-0499;STORE_03;CASH-09;2026-08-15 13:52:55;SKU-001;3;45000;0;CARD
REC-20260815-STORE_03-0499;STORE_03;CASH-07;2026-08-15 13:52:55;SKU-001;1;45000;1000;CARD
REC-20260815-STORE_03-0500;STORE_03;CASH-05;2026-08-15 8:03:26;SKU-017;2;12000;1000;CASH
REC-20260815-STORE_03-0500;STORE_03;CASH-06;2026-08-15 8:03:26;SKU-001;1;45000;0;CARD
REC-20260815-STORE_03-0500;STORE_03;CASH-06;2026-08-15 8:03:26;SKU-001;1;45000;0;CARD
REC-20260815-STORE_03-0501;STORE_03;CASH-02;2026-08-15 20:32:09;SKU-001;4;45000;0;CARD
REC-20260815-STORE_03-0501;STORE_03;CASH-03;2026-08-15 20:32:09;SKU-008;4;12000;0;CARD
REC-20260815-STORE_03-0502;STORE_03;CASH-06;2026-08-15 16:11:11;SKU-002;3;12000;0;CARD
REC-20260815-STORE_03-0503;STORE_03;CASH-08;2026-08-15 12:45:45;SKU-046;4;25000;0;CARD
REC-20260815-STORE_03-0503;STORE_03;CASH-02;2026-08-15 12:45:45;SKU-010;2;25000;0;CASH
REC-20260815-STORE_03-0503;STORE_03;CASH-07;2026-08-15 12:45:45;SKU-026;3;12000;0;CARD
REC-20260815-STORE_03-0503;STORE_03;CASH-01;2026-08-15 12:45:45;SKU-001;3;45000;0;CARD
REC-20260815-STORE_03-0504;STORE_03;CASH-06;2026-08-15 21:47:26;SKU-001;1;45000;1000;CARD
REC-20260815-STORE_03-0504;STORE_03;CASH-07;2026-08-15 21:47:26;SKU-002;2;12000;500;CARD
REC-20260815-STORE_03-0505;STORE_03;CASH-09;2026-08-15 10:48:01;SKU-004;4;25000;1000;CARD
REC-20260815-STORE_03-0505;STORE_03;CASH-05;2026-08-15 10:48:01;SKU-006;2;45000;0;CASH
REC-20260815-STORE_03-0505;STORE_03;CASH-09;2026-08-15 10:48:01;SKU-005;3;5000;0;CASH
REC-20260815-STORE_03-0505;STORE_03;CASH-01;2026-08-15 10:48:01;SKU-009;3;25000;0;CARD
REC-20260815-STORE_03-0505;STORE_03;CASH-09;2026-08-15 10:48:01;SKU-001;1;45000;1000;CARD
REC-20260815-STORE_03-0506;STORE_03;CASH-05;2026-08-15 17:55:58;SKU-038;2;12000;0;CARD
REC-20260815-STORE_03-0506;STORE_03;CASH-06;2026-08-15 17:55:58;SKU-007;1;12000;0;CASH
REC-20260815-STORE_03-0506;STORE_03;CASH-06;2026-08-15 17:55:58;SKU-019;4;25000;500;CARD
REC-20260815-STORE_03-0507;STORE_03;CASH-01;2026-08-15 10:02:30;SKU-001;4;45000;500;CARD
REC-20260815-STORE_03-0508;STORE_03;CASH-03;2026-08-15 20:04:42;SKU-039;4;5000;0;CARD
REC-20260815-STORE_03-0509;STORE_03;CASH-05;2026-08-15 16:04:29;SKU-007;3;12000;0;CARD
REC-20260815-STORE_03-0509;STORE_03;CASH-04;2026-08-15 16:04:29;SKU-001;3;45000;0;CARD
REC-20260815-STORE_03-0510;STORE_03;CASH-06;2026-08-15 11:36:54;SKU-003;1;45000;0;CASH
REC-20260815-STORE_03-0511;STORE_03;CASH-02;2026-08-15 8:48:05;SKU-001;3;45000;1000;CASH
REC-20260815-STORE_03-0511;STORE_03;CASH-03;2026-08-15 8:48:05;SKU-011;1;5000;0;CARD
REC-20260815-STORE_03-0511;STORE_03;CASH-01;2026-08-15 8:48:05;SKU-016;4;25000;500;CASH
REC-20260815-STORE_03-0511;STORE_03;CASH-03;2026-08-15 8:48:05;SKU-003;1;45000;0;CASH
REC-20260815-STORE_03-0512;STORE_03;CASH-07;2026-08-15 9:18:58;SKU-027;2;5000;1000;CASH
REC-20260815-STORE_03-0512;STORE_03;CASH-10;2026-08-15 9:18:58;SKU-006;1;45000;0;CARD
REC-20260815-STORE_03-0512;STORE_03;CASH-05;2026-08-15 9:18:58;SKU-003;3;45000;0;CARD
REC-20260815-STORE_03-0512;STORE_03;CASH-02;2026-08-15 9:18:58;SKU-004;2;25000;0;CARD
REC-20260815-STORE_03-0512;STORE_03;CASH-10;2026-08-15 9:18:58;SKU-001;4;45000;0;CARD
REC-20260815-STORE_03-0513;STORE_03;CASH-10;2026-08-15 14:43:21;SKU-032;3;25000;0;CARD
REC-20260815-STORE_03-0513;STORE_03;CASH-07;2026-08-15 14:43:21;SKU-001;3;45000;0;CARD
REC-20260815-STORE_03-0513;STORE_03;CASH-09;2026-08-15 14:43:21;SKU-002;2;12000;0;CARD
REC-20260815-STORE_03-0513;STORE_03;CASH-07;2026-08-15 14:43:21;SKU-022;4;12000;500;CARD
REC-20260815-STORE_03-0514;STORE_03;CASH-09;2026-08-15 18:40:40;SKU-022;4;12000;0;CARD
REC-20260815-STORE_03-0514;STORE_03;CASH-05;2026-08-15 18:40:40;SKU-001;3;45000;500;CARD
REC-20260815-STORE_03-0515;STORE_03;CASH-02;2026-08-15 10:53:47;SKU-003;2;45000;0;CARD
REC-20260815-STORE_03-0515;STORE_03;CASH-05;2026-08-15 10:53:47;SKU-025;4;5000;1000;CASH
REC-20260815-STORE_03-0515;STORE_03;CASH-06;2026-08-15 10:53:47;SKU-001;4;45000;500;CARD
REC-20260815-STORE_03-0516;STORE_03;CASH-10;2026-08-15 21:00:47;SKU-040;4;25000;0;CARD
REC-20260815-STORE_03-0516;STORE_03;CASH-03;2026-08-15 21:00:47;SKU-012;2;45000;0;CARD
REC-20260815-STORE_03-0516;STORE_03;CASH-09;2026-08-15 21:00:47;SKU-006;1;45000;500;CARD
REC-20260815-STORE_03-0517;STORE_03;CASH-10;2026-08-15 17:14:57;SKU-048;1;25000;0;CASH
REC-20260815-STORE_03-0517;STORE_03;CASH-01;2026-08-15 17:14:57;SKU-038;3;12000;0;CARD
REC-20260815-STORE_03-0517;STORE_03;CASH-01;2026-08-15 17:14:57;SKU-001;2;45000;1000;CARD
REC-20260815-STORE_03-0517;STORE_03;CASH-09;2026-08-15 17:14:57;SKU-002;4;12000;0;CARD
REC-20260815-STORE_03-0517;STORE_03;CASH-09;2026-08-15 17:14:57;SKU-031;1;45000;0;CARD
REC-20260815-STORE_03-0518;STORE_03;CASH-03;2026-08-15 21:02:25;SKU-001;3;45000;0;CARD
REC-20260815-STORE_03-0518;STORE_03;CASH-04;2026-08-15 21:02:25;SKU-020;1;12000;500;CARD
REC-20260815-STORE_03-0518;STORE_03;CASH-04;2026-08-15 21:02:25;SKU-039;4;5000;1000;CASH
REC-20260815-STORE_03-0518;STORE_03;CASH-08;2026-08-15 21:02:25;SKU-009;4;25000;0;CASH
REC-20260815-STORE_03-0518;STORE_03;CASH-03;2026-08-15 21:02:25;SKU-010;2;25000;0;CARD
REC-20260815-STORE_03-0519;STORE_03;CASH-01;2026-08-15 21:06:46;SKU-005;1;5000;500;CARD
REC-20260815-STORE_03-0519;STORE_03;CASH-04;2026-08-15 21:06:46;SKU-037;2;45000;0;CARD
REC-20260815-STORE_03-0519;STORE_03;CASH-09;2026-08-15 21:06:46;SKU-028;4;5000;0;CASH
REC-20260815-STORE_03-0519;STORE_03;CASH-07;2026-08-15 21:06:46;SKU-001;1;45000;0;CARD
REC-20260815-STORE_03-0520;STORE_03;CASH-09;2026-08-15 18:30:26;SKU-049;1;5000;500;CASH
REC-20260815-STORE_03-0520;STORE_03;CASH-09;2026-08-15 18:30:26;SKU-004;2;25000;1000;CASH
REC-20260815-STORE_03-0520;STORE_03;CASH-01;2026-08-15 18:30:26;SKU-024;4;12000;0;CASH
REC-20260815-STORE_03-0520;STORE_03;CASH-03;2026-08-15 18:30:26;SKU-035;3;5000;0;CARD
REC-20260815-STORE_03-0520;STORE_03;CASH-02;2026-08-15 18:30:26;SKU-002;2;12000;1000;CASH
REC-20260815-STORE_03-0521;STORE_03;CASH-07;2026-08-15 13:15:50;SKU-005;4;5000;1000;CASH
REC-20260815-STORE_03-0521;STORE_03;CASH-03;2026-08-15 13:15:50;SKU-004;3;25000;0;CASH
REC-20260815-STORE_03-0521;STORE_03;CASH-01;2026-08-15 13:15:50;SKU-001;3;45000;500;CASH
REC-20260815-STORE_03-0521;STORE_03;CASH-06;2026-08-15 13:15:50;SKU-001;1;45000;0;CARD
REC-20260815-STORE_03-0521;STORE_03;CASH-02;2026-08-15 13:15:50;SKU-003;3;45000;0;CARD
REC-20260815-STORE_03-0522;STORE_03;CASH-08;2026-08-15 14:09:25;SKU-010;3;25000;0;CARD
REC-20260815-STORE_03-0522;STORE_03;CASH-03;2026-08-15 14:09:25;SKU-003;2;45000;500;CASH
REC-20260815-STORE_03-0523;STORE_03;CASH-08;2026-08-15 16:47:27;SKU-010;4;25000;0;CASH
REC-20260815-STORE_03-0524;STORE_03;CASH-08;2026-08-15 17:53:32;SKU-001;2;45000;0;CARD
REC-20260815-STORE_03-0524;STORE_03;CASH-06;2026-08-15 17:53:32;SKU-001;4;45000;0;CARD
REC-20260815-STORE_03-0524;STORE_03;CASH-10;2026-08-15 17:53:32;SKU-045;1;45000;0;CARD
REC-20260815-STORE_03-0525;STORE_03;CASH-01;2026-08-15 14:58:27;SKU-029;3;5000;500;CARD
REC-20260815-STORE_03-0525;STORE_03;CASH-04;2026-08-15 14:58:27;SKU-018;3;5000;0;CASH
REC-20260815-STORE_03-0526;STORE_03;CASH-05;2026-08-15 12:52:16;SKU-009;4;25000;500;CARD
REC-20260815-STORE_03-0526;STORE_03;CASH-01;2026-08-15 12:52:16;SKU-002;1;12000;500;CASH
REC-20260815-STORE_03-0526;STORE_03;CASH-07;2026-08-15 12:52:16;SKU-003;2;45000;0;CASH
REC-20260815-STORE_03-0527;STORE_03;CASH-07;2026-08-15 19:11:50;SKU-009;2;25000;0;CASH
REC-20260815-STORE_03-0527;STORE_03;CASH-01;2026-08-15 19:11:50;SKU-002;2;12000;0;CARD
REC-20260815-STORE_03-0527;STORE_03;CASH-02;2026-08-15 19:11:50;SKU-006;2;45000;0;CASH
REC-20260815-STORE_03-0527;STORE_03;CASH-05;2026-08-15 19:11:50;SKU-047;2;5000;500;CARD
REC-20260815-STORE_03-0527;STORE_03;CASH-01;2026-08-15 19:11:50;SKU-005;1;5000;1000;CARD
REC-20260815-STORE_03-0528;STORE_03;CASH-07;2026-08-15 11:03:01;SKU-030;3;45000;1000;CASH
REC-20260815-STORE_03-0528;STORE_03;CASH-04;2026-08-15 11:03:01;SKU-002;4;12000;0;CASH
REC-20260815-STORE_03-0528;STORE_03;CASH-04;2026-08-15 11:03:01;SKU-001;2;45000;0;CASH
REC-20260815-STORE_03-0528;STORE_03;CASH-05;2026-08-15 11:03:01;SKU-001;3;45000;0;CARD
REC-20260815-STORE_03-0529;STORE_03;CASH-01;2026-08-15 15:47:01;SKU-028;2;5000;0;CASH
REC-20260815-STORE_03-0529;STORE_03;CASH-08;2026-08-15 15:47:01;SKU-001;2;45000;0;CASH
REC-20260815-STORE_03-0529;STORE_03;CASH-01;2026-08-15 15:47:01;SKU-003;2;45000;0;CARD
REC-20260815-STORE_03-0529;STORE_03;CASH-07;2026-08-15 15:47:01;SKU-004;3;25000;0;CASH
REC-20260815-STORE_03-0529;STORE_03;CASH-01;2026-08-15 15:47:01;SKU-013;3;12000;0;CASH
REC-20260815-STORE_03-0530;STORE_03;CASH-06;2026-08-15 8:01:54;SKU-050;3;25000;500;CASH
REC-20260815-STORE_03-0530;STORE_03;CASH-04;2026-08-15 8:01:54;SKU-013;3;12000;0;CARD
REC-20260815-STORE_03-0530;STORE_03;CASH-01;2026-08-15 8:01:54;SKU-001;2;45000;0;CASH
REC-20260815-STORE_03-0530;STORE_03;CASH-06;2026-08-15 8:01:54;SKU-003;3;45000;0;CASH
REC-20260815-STORE_03-0531;STORE_03;CASH-09;2026-08-15 15:13:18;SKU-006;2;45000;0;CARD
REC-20260815-STORE_03-0532;STORE_03;CASH-01;2026-08-15 14:57:39;SKU-011;4;5000;0;CARD
REC-20260815-STORE_03-0532;STORE_03;CASH-01;2026-08-15 14:57:39;SKU-001;3;45000;0;CASH
REC-20260815-STORE_03-0533;STORE_03;CASH-06;2026-08-15 16:24:12;SKU-033;4;5000;0;CARD
REC-20260815-STORE_03-0533;STORE_03;CASH-10;2026-08-15 16:24:12;SKU-001;1;45000;1000;CARD
REC-20260815-STORE_03-0534;STORE_03;CASH-03;2026-08-15 12:58:24;SKU-025;1;5000;500;CASH
REC-20260815-STORE_03-0535;STORE_03;CASH-09;2026-08-15 18:29:28;SKU-008;3;12000;500;CARD
REC-20260815-STORE_03-0535;STORE_03;CASH-02;2026-08-15 18:29:28;SKU-006;4;45000;500;CARD
REC-20260815-STORE_03-0535;STORE_03;CASH-01;2026-08-15 18:29:28;SKU-001;1;45000;500;CARD
REC-20260815-STORE_03-0535;STORE_03;CASH-09;2026-08-15 18:29:28;SKU-003;2;45000;0;CARD
REC-20260815-STORE_03-0536;STORE_03;CASH-06;2026-08-15 20:35:49;SKU-003;1;45000;0;CARD
REC-20260815-STORE_03-0536;STORE_03;CASH-02;2026-08-15 20:35:49;SKU-001;1;45000;1000;CARD
REC-20260815-STORE_03-0536;STORE_03;CASH-06;2026-08-15 20:35:49;SKU-028;4;5000;1000;CARD
REC-20260815-STORE_03-0537;STORE_03;CASH-02;2026-08-15 8:20:11;SKU-001;4;45000;0;CARD
REC-20260815-STORE_03-0537;STORE_03;CASH-01;2026-08-15 8:20:11;SKU-017;1;12000;1000;CASH
REC-20260815-STORE_03-0537;STORE_03;CASH-05;2026-08-15 8:20:11;SKU-001;3;45000;1000;CARD
REC-20260815-STORE_03-0537;STORE_03;CASH-01;2026-08-15 8:20:11;SKU-001;4;45000;0;CARD
REC-20260815-STORE_03-0538;STORE_03;CASH-06;2026-08-15 12:02:58;SKU-003;1;45000;0;CARD
REC-20260815-STORE_03-0538;STORE_03;CASH-07;2026-08-15 12:02:58;SKU-010;3;25000;1000;CASH
REC-20260815-STORE_03-0538;STORE_03;CASH-07;2026-08-15 12:02:58;SKU-006;1;45000;500;CARD
REC-20260815-STORE_03-0539;STORE_03;CASH-07;2026-08-15 9:34:11;SKU-003;1;45000;500;CARD
REC-20260815-STORE_03-0539;STORE_03;CASH-08;2026-08-15 9:34:11;SKU-041;4;25000;500;CASH
REC-20260815-STORE_03-0539;STORE_03;CASH-06;2026-08-15 9:34:11;SKU-005;1;5000;1000;CARD
REC-20260815-STORE_03-0540;STORE_03;CASH-10;2026-08-15 13:10:10;SKU-003;1;45000;0;CASH
REC-20260815-STORE_03-0541;STORE_03;CASH-09;2026-08-15 10:44:26;SKU-002;1;12000;0;CARD
REC-20260815-STORE_03-0542;STORE_03;CASH-07;2026-08-15 21:06:38;SKU-003;1;45000;1000;CARD
REC-20260815-STORE_03-0543;STORE_03;CASH-04;2026-08-15 19:39:45;SKU-030;2;45000;1000;CASH
REC-20260815-STORE_03-0543;STORE_03;CASH-03;2026-08-15 19:39:45;SKU-039;4;5000;1000;CASH
REC-20260815-STORE_03-0543;STORE_03;CASH-06;2026-08-15 19:39:45;SKU-018;4;5000;0;CASH
REC-20260815-STORE_03-0543;STORE_03;CASH-06;2026-08-15 19:39:45;SKU-001;1;45000;500;CARD
REC-20260815-STORE_03-0544;STORE_03;CASH-09;2026-08-15 13:35:01;SKU-025;4;5000;1000;CARD
REC-20260815-STORE_03-0544;STORE_03;CASH-08;2026-08-15 13:35:01;SKU-009;1;25000;0;CASH
REC-20260815-STORE_03-0544;STORE_03;CASH-03;2026-08-15 13:35:01;SKU-001;4;45000;500;CASH
REC-20260815-STORE_03-0544;STORE_03;CASH-04;2026-08-15 13:35:01;SKU-015;2;5000;1000;CASH
REC-20260815-STORE_03-0544;STORE_03;CASH-02;2026-08-15 13:35:01;SKU-002;4;12000;0;CARD
REC-20260815-STORE_03-0545;STORE_03;CASH-08;2026-08-15 21:29:34;SKU-005;3;5000;1000;CARD
REC-20260815-STORE_03-0545;STORE_03;CASH-01;2026-08-15 21:29:34;SKU-018;2;5000;0;CARD
REC-20260815-STORE_03-0545;STORE_03;CASH-06;2026-08-15 21:29:34;SKU-025;1;5000;1000;CASH
REC-20260815-STORE_03-0545;STORE_03;CASH-05;2026-08-15 21:29:34;SKU-005;1;5000;500;CARD
REC-20260815-STORE_03-0546;STORE_03;CASH-08;2026-08-15 13:38:04;SKU-007;1;12000;500;CARD
REC-20260815-STORE_03-0547;STORE_03;CASH-05;2026-08-15 19:11:56;SKU-046;2;25000;0;CASH
REC-20260815-STORE_03-0547;STORE_03;CASH-03;2026-08-15 19:11:56;SKU-012;2;45000;0;CASH
REC-20260815-STORE_03-0547;STORE_03;CASH-03;2026-08-15 19:11:56;SKU-031;1;45000;0;CASH
REC-20260815-STORE_03-0547;STORE_03;CASH-07;2026-08-15 19:11:56;SKU-038;4;12000;0;CARD
REC-20260815-STORE_03-0548;STORE_03;CASH-03;2026-08-15 11:59:54;SKU-003;1;45000;0;CARD
REC-20260815-STORE_03-0548;STORE_03;CASH-06;2026-08-15 11:59:54;SKU-042;1;5000;0;CARD
REC-20260815-STORE_03-0548;STORE_03;CASH-08;2026-08-15 11:59:54;SKU-028;1;5000;0;CARD
REC-20260815-STORE_03-0548;STORE_03;CASH-01;2026-08-15 11:59:54;SKU-037;4;45000;500;CARD
REC-20260815-STORE_03-0548;STORE_03;CASH-04;2026-08-15 11:59:54;SKU-001;1;45000;0;CARD
REC-20260815-STORE_03-0549;STORE_03;CASH-05;2026-08-15 19:04:02;SKU-007;1;12000;0;CASH
REC-20260815-STORE_03-0549;STORE_03;CASH-07;2026-08-15 19:04:02;SKU-001;1;45000;500;CARD
REC-20260815-STORE_03-0549;STORE_03;CASH-05;2026-08-15 19:04:02;SKU-007;4;12000;0;CASH
REC-20260815-STORE_03-0549;STORE_03;CASH-09;2026-08-15 19:04:02;SKU-001;1;45000;0;CARD
REC-20260815-STORE_03-0549;STORE_03;CASH-02;2026-08-15 19:04:02;SKU-023;1;45000;500;CARD
REC-20260815-STORE_03-0550;STORE_03;CASH-03;2026-08-15 19:46:52;SKU-001;3;45000;1000;CARD
REC-20260815-STORE_03-0550;STORE_03;CASH-01;2026-08-15 19:46:52;SKU-001;1;45000;1000;CARD
REC-20260815-STORE_03-0550;STORE_03;CASH-08;2026-08-15 19:46:52;SKU-002;2;12000;0;CASH
REC-20260815-STORE_03-0550;STORE_03;CASH-02;2026-08-15 19:46:52;SKU-001;1;45000;500;CARD
REC-20260815-STORE_03-0550;STORE_03;CASH-05;2026-08-15 19:46:52;SKU-049;4;5000;0;CARD
REC-20260815-STORE_03-0551;STORE_03;CASH-08;2026-08-15 20:43:12;SKU-001;4;45000;1000;CASH
REC-20260815-STORE_03-0551;STORE_03;CASH-02;2026-08-15 20:43:12;SKU-017;4;12000;1000;CARD
REC-20260815-STORE_03-0552;STORE_03;CASH-08;2026-08-15 10:18:00;SKU-003;1;45000;0;CARD
REC-20260815-STORE_03-0552;STORE_03;CASH-08;2026-08-15 10:18:00;SKU-001;3;45000;1000;CARD
REC-20260815-STORE_03-0552;STORE_03;CASH-09;2026-08-15 10:18:00;SKU-001;2;45000;0;CARD
REC-20260815-STORE_03-0552;STORE_03;CASH-07;2026-08-15 10:18:00;SKU-001;4;45000;0;CARD
REC-20260815-STORE_03-0552;STORE_03;CASH-05;2026-08-15 10:18:00;SKU-003;4;45000;0;CASH
REC-20260815-STORE_03-0553;STORE_03;CASH-02;2026-08-15 17:23:26;SKU-007;2;12000;500;CASH
REC-20260815-STORE_03-0554;STORE_03;CASH-10;2026-08-15 10:00:02;SKU-003;3;45000;0;CARD
REC-20260815-STORE_03-0554;STORE_03;CASH-06;2026-08-15 10:00:02;SKU-008;3;12000;1000;CARD
REC-20260815-STORE_03-0554;STORE_03;CASH-03;2026-08-15 10:00:02;SKU-011;3;5000;500;CARD
REC-20260815-STORE_03-0554;STORE_03;CASH-09;2026-08-15 10:00:02;SKU-006;2;45000;500;CARD
REC-20260815-STORE_03-0555;STORE_03;CASH-10;2026-08-15 15:31:45;SKU-009;1;25000;0;CASH
REC-20260815-STORE_03-0556;STORE_03;CASH-01;2026-08-15 14:06:31;SKU-001;4;45000;0;CARD
REC-20260815-STORE_03-0556;STORE_03;CASH-03;2026-08-15 14:06:31;SKU-007;3;12000;1000;CASH
REC-20260815-STORE_03-0556;STORE_03;CASH-01;2026-08-15 14:06:31;SKU-025;4;5000;0;CASH
REC-20260815-STORE_03-0557;STORE_03;CASH-07;2026-08-15 15:33:27;SKU-027;3;5000;1000;CARD
REC-20260815-STORE_03-0557;STORE_03;CASH-01;2026-08-15 15:33:27;SKU-020;2;12000;0;CARD
REC-20260815-STORE_03-0557;STORE_03;CASH-01;2026-08-15 15:33:27;SKU-001;2;45000;0;CARD
REC-20260815-STORE_03-0557;STORE_03;CASH-07;2026-08-15 15:33:27;SKU-022;2;12000;0;CASH
REC-20260815-STORE_03-0558;STORE_03;CASH-05;2026-08-15 19:34:15;SKU-008;4;12000;0;CARD
REC-20260815-STORE_03-0558;STORE_03;CASH-06;2026-08-15 19:34:15;SKU-001;2;45000;0;CASH
REC-20260815-STORE_03-0558;STORE_03;CASH-07;2026-08-15 19:34:15;SKU-009;1;25000;1000;CARD
REC-20260815-STORE_03-0558;STORE_03;CASH-05;2026-08-15 19:34:15;SKU-002;1;12000;1000;CARD
REC-20260815-STORE_03-0559;STORE_03;CASH-04;2026-08-15 14:45:41;SKU-002;1;12000;500;CARD
REC-20260815-STORE_03-0559;STORE_03;CASH-05;2026-08-15 14:45:41;SKU-013;4;12000;0;CASH
REC-20260815-STORE_03-0559;STORE_03;CASH-05;2026-08-15 14:45:41;SKU-010;3;25000;0;CASH
REC-20260815-STORE_03-0560;STORE_03;CASH-05;2026-08-15 13:59:35;SKU-003;2;45000;500;CARD
REC-20260815-STORE_03-0560;STORE_03;CASH-09;2026-08-15 13:59:35;SKU-002;4;12000;0;CASH
REC-20260815-STORE_03-0560;STORE_03;CASH-07;2026-08-15 13:59:35;SKU-001;4;45000;0;CASH
REC-20260815-STORE_03-0560;STORE_03;CASH-04;2026-08-15 13:59:35;SKU-026;3;12000;1000;CASH
REC-20260815-STORE_03-0561;STORE_03;CASH-09;2026-08-15 12:26:21;SKU-011;2;5000;1000;CARD
REC-20260815-STORE_03-0561;STORE_03;CASH-05;2026-08-15 12:26:21;SKU-002;4;12000;0;CARD
REC-20260815-STORE_03-0561;STORE_03;CASH-05;2026-08-15 12:26:21;SKU-003;4;45000;0;CASH
REC-20260815-STORE_03-0561;STORE_03;CASH-06;2026-08-15 12:26:21;SKU-018;4;5000;0;CASH
REC-20260815-STORE_03-0561;STORE_03;CASH-04;2026-08-15 12:26:21;SKU-041;4;25000;0;CARD
REC-20260815-STORE_03-0562;STORE_03;CASH-01;2026-08-15 10:41:36;SKU-042;1;5000;0;CARD
REC-20260815-STORE_03-0562;STORE_03;CASH-02;2026-08-15 10:41:36;SKU-014;2;5000;0;CARD
REC-20260815-STORE_03-0563;STORE_03;CASH-08;2026-08-15 21:07:31;SKU-003;4;45000;500;CASH
REC-20260815-STORE_03-0563;STORE_03;CASH-04;2026-08-15 21:07:31;SKU-001;1;45000;0;CASH
REC-20260815-STORE_03-0563;STORE_03;CASH-08;2026-08-15 21:07:31;SKU-002;4;12000;500;CARD
REC-20260815-STORE_03-0563;STORE_03;CASH-10;2026-08-15 21:07:31;SKU-018;2;5000;0;CARD
REC-20260815-STORE_03-0564;STORE_03;CASH-03;2026-08-15 10:19:36;SKU-001;3;45000;0;CARD
REC-20260815-STORE_03-0565;STORE_03;CASH-07;2026-08-15 12:01:19;SKU-001;3;45000;0;CARD
REC-20260815-STORE_03-0566;STORE_03;CASH-04;2026-08-15 11:18:13;SKU-002;3;12000;0;CARD
REC-20260815-STORE_03-0566;STORE_03;CASH-03;2026-08-15 11:18:13;SKU-002;4;12000;500;CARD
REC-20260815-STORE_03-0567;STORE_03;CASH-10;2026-08-15 17:41:22;SKU-004;4;25000;500;CASH
REC-20260815-STORE_03-0568;STORE_03;CASH-09;2026-08-15 11:41:10;SKU-002;1;12000;0;CARD
REC-20260815-STORE_03-0569;STORE_03;CASH-01;2026-08-15 20:56:17;SKU-001;1;45000;0;CARD
REC-20260815-STORE_03-0569;STORE_03;CASH-09;2026-08-15 20:56:17;SKU-004;2;25000;0;CASH
REC-20260815-STORE_03-0570;STORE_03;CASH-07;2026-08-15 21:39:33;SKU-003;4;45000;0;CARD
REC-20260815-STORE_03-0570;STORE_03;CASH-06;2026-08-15 21:39:33;SKU-045;3;45000;1000;CARD
REC-20260815-STORE_03-0570;STORE_03;CASH-08;2026-08-15 21:39:33;SKU-008;4;12000;0;CASH
REC-20260815-STORE_03-0570;STORE_03;CASH-05;2026-08-15 21:39:33;SKU-007;3;12000;0;CARD
REC-20260815-STORE_03-0571;STORE_03;CASH-05;2026-08-15 15:48:36;SKU-023;1;45000;500;CARD
REC-20260815-STORE_03-0572;STORE_03;CASH-06;2026-08-15 14:01:30;SKU-001;1;45000;0;CASH
REC-20260815-STORE_03-0572;STORE_03;CASH-09;2026-08-15 14:01:30;SKU-037;2;45000;0;CARD
REC-20260815-STORE_03-0572;STORE_03;CASH-03;2026-08-15 14:01:30;SKU-002;2;12000;0;CASH
REC-20260815-STORE_03-0572;STORE_03;CASH-06;2026-08-15 14:01:30;SKU-004;3;25000;500;CARD
REC-20260815-STORE_03-0572;STORE_03;CASH-03;2026-08-15 14:01:30;SKU-013;4;12000;1000;CARD
REC-20260815-STORE_03-0573;STORE_03;CASH-01;2026-08-15 11:18:06;SKU-001;4;45000;0;CASH
REC-20260815-STORE_03-0573;STORE_03;CASH-09;2026-08-15 11:18:06;SKU-001;3;45000;0;CASH
REC-20260815-STORE_03-0573;STORE_03;CASH-08;2026-08-15 11:18:06;SKU-002;4;12000;0;CARD
REC-20260815-STORE_03-0573;STORE_03;CASH-04;2026-08-15 11:18:06;SKU-007;2;12000;0;CASH
REC-20260815-STORE_03-0574;STORE_03;CASH-03;2026-08-15 18:20:53;SKU-003;4;45000;500;CASH
REC-20260815-STORE_03-0575;STORE_03;CASH-01;2026-08-15 12:21:58;SKU-013;4;12000;0;CARD
REC-20260815-STORE_03-0575;STORE_03;CASH-06;2026-08-15 12:21:58;SKU-004;4;25000;0;CASH
REC-20260815-STORE_03-0576;STORE_03;CASH-06;2026-08-15 21:16:50;SKU-029;4;5000;500;CASH
REC-20260815-STORE_03-0576;STORE_03;CASH-03;2026-08-15 21:16:50;SKU-002;1;12000;0;CASH
REC-20260815-STORE_03-0576;STORE_03;CASH-01;2026-08-15 21:16:50;SKU-001;1;45000;0;CASH
REC-20260815-STORE_03-0576;STORE_03;CASH-09;2026-08-15 21:16:50;SKU-002;2;12000;0;CARD
REC-20260815-STORE_03-0577;STORE_03;CASH-01;2026-08-15 9:11:34;SKU-002;1;12000;500;CARD
REC-20260815-STORE_03-0578;STORE_03;CASH-04;2026-08-15 16:45:52;SKU-001;3;45000;0;CARD
REC-20260815-STORE_03-0578;STORE_03;CASH-02;2026-08-15 16:45:52;SKU-004;1;25000;1000;CARD
REC-20260815-STORE_03-0578;STORE_03;CASH-02;2026-08-15 16:45:52;SKU-001;4;45000;1000;CASH
REC-20260815-STORE_03-0578;STORE_03;CASH-01;2026-08-15 16:45:52;SKU-009;4;25000;0;CASH
REC-20260815-STORE_03-0579;STORE_03;CASH-10;2026-08-15 10:47:34;SKU-004;4;25000;0;CARD
REC-20260815-STORE_03-0579;STORE_03;CASH-07;2026-08-15 10:47:34;SKU-019;3;25000;1000;CASH
REC-20260815-STORE_03-0580;STORE_03;CASH-07;2026-08-15 12:20:39;SKU-001;2;45000;0;CASH
REC-20260815-STORE_03-0580;STORE_03;CASH-06;2026-08-15 12:20:39;SKU-003;2;45000;0;CARD
REC-20260815-STORE_03-0580;STORE_03;CASH-03;2026-08-15 12:20:39;SKU-001;2;45000;0;CASH
REC-20260815-STORE_03-0580;STORE_03;CASH-10;2026-08-15 12:20:39;SKU-014;1;5000;0;CARD
REC-20260815-STORE_03-0581;STORE_03;CASH-09;2026-08-15 18:25:53;SKU-001;1;45000;1000;CARD
REC-20260815-STORE_03-0581;STORE_03;CASH-01;2026-08-15 18:25:53;SKU-001;2;45000;0;CARD
REC-20260815-STORE_03-0581;STORE_03;CASH-02;2026-08-15 18:25:53;SKU-003;4;45000;0;CARD
REC-20260815-STORE_03-0581;STORE_03;CASH-08;2026-08-15 18:25:53;SKU-006;2;45000;500;CASH
REC-20260815-STORE_03-0581;STORE_03;CASH-09;2026-08-15 18:25:53;SKU-004;4;25000;0;CARD
REC-20260815-STORE_03-0582;STORE_03;CASH-10;2026-08-15 18:15:17;SKU-002;3;12000;0;CARD
REC-20260815-STORE_03-0582;STORE_03;CASH-06;2026-08-15 18:15:17;SKU-001;3;45000;0;CARD
REC-20260815-STORE_03-0582;STORE_03;CASH-06;2026-08-15 18:15:17;SKU-027;2;5000;0;CARD
REC-20260815-STORE_03-0583;STORE_03;CASH-05;2026-08-15 16:23:23;SKU-038;4;12000;1000;CARD
REC-20260815-STORE_03-0583;STORE_03;CASH-08;2026-08-15 16:23:23;SKU-025;1;5000;500;CARD
REC-20260815-STORE_03-0583;STORE_03;CASH-05;2026-08-15 16:23:23;SKU-001;2;45000;500;CARD
REC-20260815-STORE_03-0583;STORE_03;CASH-01;2026-08-15 16:23:23;SKU-026;1;12000;0;CARD
REC-20260815-STORE_03-0584;STORE_03;CASH-01;2026-08-15 10:51:35;SKU-016;2;25000;0;CARD
REC-20260815-STORE_03-0584;STORE_03;CASH-05;2026-08-15 10:51:35;SKU-018;1;5000;0;CASH
REC-20260815-STORE_03-0584;STORE_03;CASH-09;2026-08-15 10:51:35;SKU-001;2;45000;1000;CARD
REC-20260815-STORE_03-0584;STORE_03;CASH-03;2026-08-15 10:51:35;SKU-001;1;45000;0;CASH
REC-20260815-STORE_03-0585;STORE_03;CASH-02;2026-08-15 21:56:14;SKU-002;2;12000;0;CARD
REC-20260815-STORE_03-0585;STORE_03;CASH-07;2026-08-15 21:56:14;SKU-028;1;5000;0;CARD
REC-20260815-STORE_03-0585;STORE_03;CASH-03;2026-08-15 21:56:14;SKU-006;2;45000;500;CASH
REC-20260815-STORE_03-0585;STORE_03;CASH-02;2026-08-15 21:56:14;SKU-001;2;45000;1000;CASH
REC-20260815-STORE_03-0586;STORE_03;CASH-08;2026-08-15 9:41:40;SKU-006;3;45000;0;CASH
REC-20260815-STORE_03-0586;STORE_03;CASH-06;2026-08-15 9:41:40;SKU-001;2;45000;0;CARD
REC-20260815-STORE_03-0586;STORE_03;CASH-08;2026-08-15 9:41:40;SKU-024;2;12000;0;CARD
REC-20260815-STORE_03-0587;STORE_03;CASH-10;2026-08-15 15:45:58;SKU-001;3;45000;0;CARD
REC-20260815-STORE_03-0587;STORE_03;CASH-08;2026-08-15 15:45:58;SKU-005;3;5000;0;CARD
REC-20260815-STORE_03-0588;STORE_03;CASH-06;2026-08-15 20:46:30;SKU-008;4;12000;500;CARD
REC-20260815-STORE_03-0588;STORE_03;CASH-02;2026-08-15 20:46:30;SKU-001;4;45000;0;CARD
REC-20260815-STORE_03-0588;STORE_03;CASH-09;2026-08-15 20:46:30;SKU-008;3;12000;1000;CARD
REC-20260815-STORE_03-0589;STORE_03;CASH-08;2026-08-15 10:19:52;SKU-027;2;5000;0;CASH
REC-20260815-STORE_03-0589;STORE_03;CASH-09;2026-08-15 10:19:52;SKU-002;3;12000;0;CARD
REC-20260815-STORE_03-0589;STORE_03;CASH-08;2026-08-15 10:19:52;SKU-002;1;12000;500;CASH
REC-20260815-STORE_03-0590;STORE_03;CASH-08;2026-08-15 17:48:16;SKU-025;1;5000;500;CARD
REC-20260815-STORE_03-0590;STORE_03;CASH-09;2026-08-15 17:48:16;SKU-038;3;12000;0;CARD
REC-20260815-STORE_03-0590;STORE_03;CASH-08;2026-08-15 17:48:16;SKU-001;3;45000;0;CASH
REC-20260815-STORE_03-0591;STORE_03;CASH-03;2026-08-15 12:14:33;SKU-001;4;45000;0;CASH
REC-20260815-STORE_03-0591;STORE_03;CASH-03;2026-08-15 12:14:33;SKU-007;1;12000;0;CARD
REC-20260815-STORE_03-0591;STORE_03;CASH-06;2026-08-15 12:14:33;SKU-007;3;12000;0;CARD
REC-20260815-STORE_03-0592;STORE_03;CASH-07;2026-08-15 11:38:08;SKU-001;1;45000;0;CARD
REC-20260815-STORE_03-0592;STORE_03;CASH-01;2026-08-15 11:38:08;SKU-001;1;45000;0;CASH
REC-20260815-STORE_03-0592;STORE_03;CASH-05;2026-08-15 11:38:08;SKU-038;4;12000;0;CASH
REC-20260815-STORE_03-0593;STORE_03;CASH-06;2026-08-15 9:09:24;SKU-001;3;45000;0;CASH
REC-20260815-STORE_03-0593;STORE_03;CASH-07;2026-08-15 9:09:24;SKU-006;3;45000;0;CARD
REC-20260815-STORE_03-0593;STORE_03;CASH-05;2026-08-15 9:09:24;SKU-001;2;45000;0;CARD
REC-20260815-STORE_03-0593;STORE_03;CASH-05;2026-08-15 9:09:24;SKU-004;3;25000;1000;CARD
REC-20260815-STORE_03-0593;STORE_03;CASH-09;2026-08-15 9:09:24;SKU-001;2;45000;0;CARD
REC-20260815-STORE_03-0594;STORE_03;CASH-03;2026-08-15 11:31:53;SKU-001;3;45000;0;CARD
REC-20260815-STORE_03-0595;STORE_03;CASH-06;2026-08-15 17:31:03;SKU-001;3;45000;1000;CASH
REC-20260815-STORE_03-0595;STORE_03;CASH-09;2026-08-15 17:31:03;SKU-016;2;25000;0;CASH
REC-20260815-STORE_03-0596;STORE_03;CASH-08;2026-08-15 9:56:59;SKU-021;2;5000;1000;CARD
REC-20260815-STORE_03-0596;STORE_03;CASH-09;2026-08-15 9:56:59;SKU-002;3;12000;0;CASH
REC-20260815-STORE_03-0596;STORE_03;CASH-01;2026-08-15 9:56:59;SKU-006;4;45000;0;CARD
REC-20260815-STORE_03-0596;STORE_03;CASH-04;2026-08-15 9:56:59;SKU-019;3;25000;0;CARD
REC-20260815-STORE_03-0596;STORE_03;CASH-03;2026-08-15 9:56:59;SKU-001;1;45000;1000;CARD
REC-20260815-STORE_03-0597;STORE_03;CASH-03;2026-08-15 17:00:34;SKU-002;4;12000;500;CASH
REC-20260815-STORE_03-0597;STORE_03;CASH-02;2026-08-15 17:00:34;SKU-007;3;12000;0;CARD
REC-20260815-STORE_03-0597;STORE_03;CASH-04;2026-08-15 17:00:34;SKU-001;3;45000;0;CASH
REC-20260815-STORE_03-0598;STORE_03;CASH-05;2026-08-15 9:09:42;SKU-011;3;5000;0;CARD
REC-20260815-STORE_03-0598;STORE_03;CASH-10;2026-08-15 9:09:42;SKU-011;1;5000;0;CASH
REC-20260815-STORE_03-0598;STORE_03;CASH-06;2026-08-15 9:09:42;SKU-002;2;12000;500;CARD
REC-20260815-STORE_03-0599;STORE_03;CASH-10;2026-08-15 9:17:41;SKU-004;2;25000;0;CARD
REC-20260815-STORE_03-0599;STORE_03;CASH-01;2026-08-15 9:17:41;SKU-041;2;25000;0;CASH
REC-20260815-STORE_03-0599;STORE_03;CASH-08;2026-08-15 9:17:41;SKU-002;4;12000;0;CARD
REC-20260815-STORE_03-0599;STORE_03;CASH-02;2026-08-15 9:17:41;SKU-001;4;45000;1000;CARD
REC-20260815-STORE_03-0599;STORE_03;CASH-09;2026-08-15 9:17:41;SKU-002;2;12000;500;CARD
REC-20260815-STORE_03-0600;STORE_03;CASH-02;2026-08-15 20:00:24;SKU-004;1;25000;1000;CASH
REC-20260815-STORE_03-0600;STORE_03;CASH-02;2026-08-15 20:00:24;SKU-001;2;45000;0;CARD
REC-20260815-STORE_03-0600;STORE_03;CASH-02;2026-08-15 20:00:24;SKU-002;4;12000;0;CARD
REC-20260815-STORE_03-0600;STORE_03;CASH-06;2026-08-15 20:00:24;SKU-002;3;12000;1000;CASH
REC-20260815-STORE_03-0601;STORE_03;CASH-08;2026-08-15 20:08:09;SKU-002;1;12000;500;CASH
REC-20260815-STORE_03-0601;STORE_03;CASH-08;2026-08-15 20:08:09;SKU-012;2;45000;0;CARD
REC-20260815-STORE_03-0601;STORE_03;CASH-09;2026-08-15 20:08:09;SKU-024;2;12000;0;CASH
REC-20260815-STORE_03-0601;STORE_03;CASH-04;2026-08-15 20:08:09;SKU-003;4;45000;0;CARD
REC-20260815-STORE_03-0602;STORE_03;CASH-08;2026-08-15 18:13:05;SKU-031;1;45000;1000;CARD
REC-20260815-STORE_03-0602;STORE_03;CASH-10;2026-08-15 18:13:05;SKU-005;1;5000;1000;CARD
REC-20260815-STORE_03-0602;STORE_03;CASH-10;2026-08-15 18:13:05;SKU-015;1;5000;0;CARD
REC-20260815-STORE_03-0602;STORE_03;CASH-01;2026-08-15 18:13:05;SKU-022;4;12000;0;CASH
REC-20260815-STORE_03-0602;STORE_03;CASH-04;2026-08-15 18:13:05;SKU-031;2;45000;0;CASH
REC-20260815-STORE_03-0603;STORE_03;CASH-02;2026-08-15 8:08:25;SKU-007;4;12000;0;CARD
REC-20260815-STORE_03-0603;STORE_03;CASH-03;2026-08-15 8:08:25;SKU-013;1;12000;0;CARD
REC-20260815-STORE_03-0603;STORE_03;CASH-05;2026-08-15 8:08:25;SKU-038;3;12000;0;CARD
REC-20260815-STORE_03-0603;STORE_03;CASH-08;2026-08-15 8:08:25;SKU-001;1;45000;1000;CARD
REC-20260815-STORE_03-0603;STORE_03;CASH-02;2026-08-15 8:08:25;SKU-001;4;45000;1000;CARD
REC-20260815-STORE_03-0604;STORE_03;CASH-07;2026-08-15 11:27:37;SKU-010;3;25000;0;CARD
REC-20260815-STORE_03-0604;STORE_03;CASH-06;2026-08-15 11:27:37;SKU-001;2;45000;0;CARD
REC-20260815-STORE_03-0604;STORE_03;CASH-05;2026-08-15 11:27:37;SKU-023;1;45000;0;CARD
REC-20260815-STORE_03-0605;STORE_03;CASH-08;2026-08-15 13:09:44;SKU-001;3;45000;0;CASH
REC-20260815-STORE_03-0605;STORE_03;CASH-05;2026-08-15 13:09:44;SKU-012;4;45000;0;CARD
REC-20260815-STORE_03-0605;STORE_03;CASH-09;2026-08-15 13:09:44;SKU-001;1;45000;500;CASH
REC-20260815-STORE_03-0605;STORE_03;CASH-09;2026-08-15 13:09:44;SKU-001;2;45000;0;CARD
REC-20260815-STORE_03-0606;STORE_03;CASH-10;2026-08-15 19:39:40;SKU-007;3;12000;1000;CARD
REC-20260815-STORE_03-0606;STORE_03;CASH-08;2026-08-15 19:39:40;SKU-006;1;45000;500;CARD
REC-20260815-STORE_03-0606;STORE_03;CASH-02;2026-08-15 19:39:40;SKU-003;4;45000;0;CASH
REC-20260815-STORE_03-0606;STORE_03;CASH-09;2026-08-15 19:39:40;SKU-003;1;45000;0;CARD
REC-20260815-STORE_03-0606;STORE_03;CASH-09;2026-08-15 19:39:40;SKU-003;1;45000;0;CARD
REC-20260815-STORE_03-0607;STORE_03;CASH-10;2026-08-15 10:52:25;SKU-003;1;45000;0;CARD
REC-20260815-STORE_03-0608;STORE_03;CASH-05;2026-08-15 20:50:22;SKU-003;1;45000;0;CARD
REC-20260815-STORE_03-0608;STORE_03;CASH-05;2026-08-15 20:50:22;SKU-002;3;12000;1000;CASH
REC-20260815-STORE_03-0608;STORE_03;CASH-06;2026-08-15 20:50:22;SKU-001;2;45000;500;CARD
REC-20260815-STORE_03-0608;STORE_03;CASH-04;2026-08-15 20:50:22;SKU-005;3;5000;500;CASH
REC-20260815-STORE_03-0608;STORE_03;CASH-07;2026-08-15 20:50:22;SKU-002;1;12000;0;CASH
REC-20260815-STORE_03-0609;STORE_03;CASH-07;2026-08-15 10:37:33;SKU-001;2;45000;1000;CARD
REC-20260815-STORE_03-0609;STORE_03;CASH-04;2026-08-15 10:37:33;SKU-012;2;45000;500;CASH
REC-20260815-STORE_03-0610;STORE_03;CASH-01;2026-08-15 19:29:29;SKU-001;4;45000;0;CARD
REC-20260815-STORE_03-0610;STORE_03;CASH-05;2026-08-15 19:29:29;SKU-003;1;45000;0;CARD
REC-20260815-STORE_03-0611;STORE_03;CASH-08;2026-08-15 14:17:11;SKU-001;1;45000;0;CARD
REC-20260815-STORE_03-0611;STORE_03;CASH-04;2026-08-15 14:17:11;SKU-001;4;45000;0;CASH
REC-20260815-STORE_03-0611;STORE_03;CASH-02;2026-08-15 14:17:11;SKU-002;4;12000;0;CARD
REC-20260815-STORE_03-0612;STORE_03;CASH-05;2026-08-15 15:11:07;SKU-001;4;45000;0;CARD
REC-20260815-STORE_03-0613;STORE_03;CASH-09;2026-08-15 17:50:12;SKU-001;1;45000;1000;CARD
REC-20260815-STORE_03-0613;STORE_03;CASH-01;2026-08-15 17:50:12;SKU-038;4;12000;0;CARD
REC-20260815-STORE_03-0613;STORE_03;CASH-09;2026-08-15 17:50:12;SKU-036;2;45000;0;CASH
REC-20260815-STORE_03-0614;STORE_03;CASH-05;2026-08-15 11:01:09;SKU-041;1;25000;1000;CARD
REC-20260815-STORE_03-0614;STORE_03;CASH-01;2026-08-15 11:01:09;SKU-001;1;45000;1000;CARD
REC-20260815-STORE_03-0614;STORE_03;CASH-02;2026-08-15 11:01:09;SKU-037;1;45000;0;CARD
REC-20260815-STORE_03-0614;STORE_03;CASH-03;2026-08-15 11:01:09;SKU-010;4;25000;500;CARD
REC-20260815-STORE_03-0614;STORE_03;CASH-08;2026-08-15 11:01:09;SKU-001;1;45000;1000;CARD
REC-20260815-STORE_03-0615;STORE_03;CASH-02;2026-08-15 12:03:52;SKU-008;3;12000;1000;CARD
REC-20260815-STORE_03-0616;STORE_03;CASH-10;2026-08-15 17:19:28;SKU-011;3;5000;500;CARD
REC-20260815-STORE_03-0616;STORE_03;CASH-01;2026-08-15 17:19:28;SKU-001;4;45000;0;CASH
REC-20260815-STORE_03-0617;STORE_03;CASH-07;2026-08-15 16:12:13;SKU-020;3;12000;1000;CARD
REC-20260815-STORE_03-0617;STORE_03;CASH-08;2026-08-15 16:12:13;SKU-013;1;12000;0;CARD
REC-20260815-STORE_03-0618;STORE_03;CASH-06;2026-08-15 19:40:18;SKU-004;3;25000;0;CARD
REC-20260815-STORE_03-0618;STORE_03;CASH-02;2026-08-15 19:40:18;SKU-003;3;45000;0;CARD
REC-20260815-STORE_03-0618;STORE_03;CASH-05;2026-08-15 19:40:18;SKU-002;4;12000;1000;CARD
REC-20260815-STORE_03-0618;STORE_03;CASH-10;2026-08-15 19:40:18;SKU-010;1;25000;1000;CARD
REC-20260815-STORE_03-0619;STORE_03;CASH-05;2026-08-15 20:41:27;SKU-001;3;45000;1000;CARD
REC-20260815-STORE_03-0619;STORE_03;CASH-01;2026-08-15 20:41:27;SKU-003;1;45000;500;CARD
REC-20260815-STORE_03-0620;STORE_03;CASH-09;2026-08-15 18:42:00;SKU-010;3;25000;500;CARD
REC-20260815-STORE_03-0620;STORE_03;CASH-03;2026-08-15 18:42:00;SKU-001;4;45000;1000;CARD
REC-20260815-STORE_03-0620;STORE_03;CASH-04;2026-08-15 18:42:00;SKU-036;4;45000;0;CARD
REC-20260815-STORE_03-0620;STORE_03;CASH-01;2026-08-15 18:42:00;SKU-019;3;25000;500;CASH
REC-20260815-STORE_03-0621;STORE_03;CASH-10;2026-08-15 18:53:58;SKU-002;3;12000;500;CARD
REC-20260815-STORE_03-0621;STORE_03;CASH-08;2026-08-15 18:53:58;SKU-002;1;12000;0;CASH
REC-20260815-STORE_03-0621;STORE_03;CASH-09;2026-08-15 18:53:58;SKU-009;3;25000;0;CASH
REC-20260815-STORE_03-0621;STORE_03;CASH-02;2026-08-15 18:53:58;SKU-002;3;12000;0;CASH
REC-20260815-STORE_03-0621;STORE_03;CASH-10;2026-08-15 18:53:58;SKU-024;1;12000;0;CASH
REC-20260815-STORE_03-0622;STORE_03;CASH-08;2026-08-15 12:07:45;SKU-002;3;12000;1000;CARD
REC-20260815-STORE_03-0622;STORE_03;CASH-03;2026-08-15 12:07:45;SKU-010;3;25000;0;CARD
REC-20260815-STORE_03-0622;STORE_03;CASH-10;2026-08-15 12:07:45;SKU-001;1;45000;0;CARD
REC-20260815-STORE_03-0622;STORE_03;CASH-07;2026-08-15 12:07:45;SKU-017;4;12000;0;CASH
REC-20260815-STORE_03-0623;STORE_03;CASH-07;2026-08-15 19:09:19;SKU-001;4;45000;0;CARD
REC-20260815-STORE_03-0623;STORE_03;CASH-07;2026-08-15 19:09:19;SKU-028;1;5000;0;CASH
REC-20260815-STORE_03-0623;STORE_03;CASH-10;2026-08-15 19:09:19;SKU-001;2;45000;0;CASH
REC-20260815-STORE_03-0623;STORE_03;CASH-03;2026-08-15 19:09:19;SKU-005;2;5000;1000;CASH
REC-20260815-STORE_03-0623;STORE_03;CASH-05;2026-08-15 19:09:19;SKU-011;4;5000;0;CARD
REC-20260815-STORE_03-0624;STORE_03;CASH-04;2026-08-15 19:55:38;SKU-002;1;12000;0;CASH
REC-20260815-STORE_03-0625;STORE_03;CASH-01;2026-08-15 17:54:14;SKU-003;1;45000;0;CASH
REC-20260815-STORE_03-0625;STORE_03;CASH-04;2026-08-15 17:54:14;SKU-041;3;25000;500;CARD
REC-20260815-STORE_03-0625;STORE_03;CASH-01;2026-08-15 17:54:14;SKU-012;2;45000;0;CASH
REC-20260815-STORE_03-0625;STORE_03;CASH-08;2026-08-15 17:54:14;SKU-013;3;12000;0;CASH
REC-20260815-STORE_03-0625;STORE_03;CASH-10;2026-08-15 17:54:14;SKU-007;2;12000;1000;CASH
REC-20260815-STORE_03-0626;STORE_03;CASH-05;2026-08-15 19:13:55;SKU-019;2;25000;1000;CARD
REC-20260815-STORE_03-0627;STORE_03;CASH-07;2026-08-15 20:31:52;SKU-006;2;45000;0;CARD
REC-20260815-STORE_03-0628;STORE_03;CASH-02;2026-08-15 14:39:56;SKU-003;2;45000;0;CARD
REC-20260815-STORE_03-0628;STORE_03;CASH-04;2026-08-15 14:39:56;SKU-003;2;45000;0;CARD
REC-20260815-STORE_03-0628;STORE_03;CASH-08;2026-08-15 14:39:56;SKU-003;3;45000;1000;CARD
REC-20260815-STORE_03-0628;STORE_03;CASH-01;2026-08-15 14:39:56;SKU-001;2;45000;1000;CASH
REC-20260815-STORE_03-0628;STORE_03;CASH-10;2026-08-15 14:39:56;SKU-003;2;45000;0;CARD
REC-20260815-STORE_03-0629;STORE_03;CASH-09;2026-08-15 16:09:05;SKU-003;2;45000;1000;CARD
REC-20260815-STORE_03-0629;STORE_03;CASH-06;2026-08-15 16:09:05;SKU-002;4;12000;1000;CARD
REC-20260815-STORE_03-0629;STORE_03;CASH-01;2026-08-15 16:09:05;SKU-017;4;12000;0;CARD
REC-20260815-STORE_03-0629;STORE_03;CASH-02;2026-08-15 16:09:05;SKU-002;3;12000;500;CARD
REC-20260815-STORE_03-0629;STORE_03;CASH-09;2026-08-15 16:09:05;SKU-014;2;5000;500;CARD
REC-20260815-STORE_03-0630;STORE_03;CASH-07;2026-08-15 11:49:11;SKU-014;2;5000;0;CARD
REC-20260815-STORE_03-0630;STORE_03;CASH-03;2026-08-15 11:49:11;SKU-003;2;45000;0;CARD
REC-20260815-STORE_03-0630;STORE_03;CASH-09;2026-08-15 11:49:11;SKU-006;4;45000;0;CARD
REC-20260815-STORE_03-0630;STORE_03;CASH-09;2026-08-15 11:49:11;SKU-008;3;12000;0;CARD
REC-20260815-STORE_03-0630;STORE_03;CASH-07;2026-08-15 11:49:11;SKU-001;1;45000;0;CASH
REC-20260815-STORE_03-0631;STORE_03;CASH-04;2026-08-15 14:16:13;SKU-004;1;25000;500;CARD
REC-20260815-STORE_03-0631;STORE_03;CASH-05;2026-08-15 14:16:13;SKU-027;4;5000;0;CARD
REC-20260815-STORE_03-0632;STORE_03;CASH-07;2026-08-15 14:34:15;SKU-049;3;5000;1000;CARD
REC-20260815-STORE_03-0632;STORE_03;CASH-02;2026-08-15 14:34:15;SKU-001;2;45000;1000;CARD
REC-20260815-STORE_03-0632;STORE_03;CASH-05;2026-08-15 14:34:15;SKU-026;4;12000;500;CARD
REC-20260815-STORE_03-0632;STORE_03;CASH-01;2026-08-15 14:34:15;SKU-035;1;5000;0;CARD
REC-20260815-STORE_03-0633;STORE_03;CASH-04;2026-08-15 15:17:45;SKU-012;4;45000;0;CARD
REC-20260815-STORE_03-0633;STORE_03;CASH-05;2026-08-15 15:17:45;SKU-011;1;5000;1000;CARD
REC-20260815-STORE_03-0633;STORE_03;CASH-07;2026-08-15 15:17:45;SKU-034;3;25000;0;CASH
REC-20260815-STORE_03-0634;STORE_03;CASH-05;2026-08-15 10:37:07;SKU-033;2;5000;0;CARD
REC-20260815-STORE_03-0634;STORE_03;CASH-09;2026-08-15 10:37:07;SKU-001;4;45000;0;CASH
REC-20260815-STORE_03-0634;STORE_03;CASH-07;2026-08-15 10:37:07;SKU-002;4;12000;0;CASH
REC-20260815-STORE_03-0634;STORE_03;CASH-04;2026-08-15 10:37:07;SKU-001;2;45000;500;CARD
REC-20260815-STORE_03-0635;STORE_03;CASH-06;2026-08-15 12:31:30;SKU-006;3;45000;500;CARD
REC-20260815-STORE_03-0635;STORE_03;CASH-02;2026-08-15 12:31:30;SKU-028;4;5000;0;CARD
REC-20260815-STORE_03-0635;STORE_03;CASH-09;2026-08-15 12:31:30;SKU-001;3;45000;500;CARD
REC-20260815-STORE_03-0635;STORE_03;CASH-05;2026-08-15 12:31:30;SKU-007;3;12000;0;CARD
REC-20260815-STORE_03-0636;STORE_03;CASH-06;2026-08-15 12:17:38;SKU-041;4;25000;0;CARD
REC-20260815-STORE_03-0636;STORE_03;CASH-01;2026-08-15 12:17:38;SKU-012;1;45000;0;CARD
REC-20260815-STORE_03-0637;STORE_03;CASH-05;2026-08-15 10:17:48;SKU-002;3;12000;0;CARD
REC-20260815-STORE_03-0637;STORE_03;CASH-02;2026-08-15 10:17:48;SKU-007;1;12000;500;CASH
REC-20260815-STORE_03-0637;STORE_03;CASH-08;2026-08-15 10:17:48;SKU-002;3;12000;1000;CASH
REC-20260815-STORE_03-0638;STORE_03;CASH-06;2026-08-15 15:56:45;SKU-002;4;12000;500;CARD
REC-20260815-STORE_03-0638;STORE_03;CASH-05;2026-08-15 15:56:45;SKU-001;3;45000;1000;CARD
REC-20260815-STORE_03-0638;STORE_03;CASH-10;2026-08-15 15:56:45;SKU-001;4;45000;0;CASH
REC-20260815-STORE_03-0638;STORE_03;CASH-05;2026-08-15 15:56:45;SKU-024;3;12000;0;CASH
REC-20260815-STORE_03-0639;STORE_03;CASH-06;2026-08-15 12:08:20;SKU-011;1;5000;0;CASH
REC-20260815-STORE_03-0639;STORE_03;CASH-07;2026-08-15 12:08:20;SKU-001;3;45000;0;CASH
REC-20260815-STORE_03-0639;STORE_03;CASH-02;2026-08-15 12:08:20;SKU-007;4;12000;0;CARD
REC-20260815-STORE_03-0640;STORE_03;CASH-07;2026-08-15 21:34:56;SKU-035;3;5000;0;CARD
REC-20260815-STORE_03-0641;STORE_03;CASH-01;2026-08-15 13:29:54;SKU-002;2;12000;0;CASH
REC-20260815-STORE_03-0641;STORE_03;CASH-10;2026-08-15 13:29:54;SKU-012;1;45000;500;CASH
REC-20260815-STORE_03-0641;STORE_03;CASH-10;2026-08-15 13:29:54;SKU-001;4;45000;0;CARD
REC-20260815-STORE_03-0641;STORE_03;CASH-04;2026-08-15 13:29:54;SKU-022;1;12000;1000;CASH
REC-20260815-STORE_03-0641;STORE_03;CASH-02;2026-08-15 13:29:54;SKU-038;1;12000;1000;CARD
REC-20260815-STORE_03-0642;STORE_03;CASH-07;2026-08-15 21:56:20;SKU-001;2;45000;0;CARD
REC-20260815-STORE_03-0642;STORE_03;CASH-03;2026-08-15 21:56:20;SKU-016;4;25000;0;CARD
REC-20260815-STORE_03-0643;STORE_03;CASH-07;2026-08-15 10:08:04;SKU-005;2;5000;0;CARD
REC-20260815-STORE_03-0644;STORE_03;CASH-03;2026-08-15 8:57:13;SKU-019;2;25000;0;CARD
REC-20260815-STORE_03-0644;STORE_03;CASH-10;2026-08-15 8:57:13;SKU-001;3;45000;0;CARD
REC-20260815-STORE_03-0644;STORE_03;CASH-02;2026-08-15 8:57:13;SKU-010;2;25000;0;CASH
REC-20260815-STORE_03-0645;STORE_03;CASH-01;2026-08-15 17:08:38;SKU-004;3;25000;500;CASH
REC-20260815-STORE_03-0645;STORE_03;CASH-01;2026-08-15 17:08:38;SKU-025;3;5000;0;CARD
REC-20260815-STORE_03-0645;STORE_03;CASH-08;2026-08-15 17:08:38;SKU-002;3;12000;500;CASH
REC-20260815-STORE_03-0646;STORE_03;CASH-02;2026-08-15 16:32:05;SKU-001;4;45000;0;CARD
REC-20260815-STORE_03-0646;STORE_03;CASH-05;2026-08-15 16:32:05;SKU-040;4;25000;0;CARD
REC-20260815-STORE_03-0647;STORE_03;CASH-08;2026-08-15 13:34:48;SKU-002;4;12000;500;CASH
REC-20260815-STORE_03-0647;STORE_03;CASH-05;2026-08-15 13:34:48;SKU-001;1;45000;1000;CARD
REC-20260815-STORE_03-0647;STORE_03;CASH-08;2026-08-15 13:34:48;SKU-001;4;45000;1000;CARD
REC-20260815-STORE_03-0648;STORE_03;CASH-05;2026-08-15 20:08:58;SKU-001;2;45000;0;CARD
REC-20260815-STORE_03-0648;STORE_03;CASH-05;2026-08-15 20:08:58;SKU-018;1;5000;0;CARD
REC-20260815-STORE_03-0648;STORE_03;CASH-03;2026-08-15 20:08:58;SKU-003;3;45000;0;CARD
REC-20260815-STORE_03-0649;STORE_03;CASH-05;2026-08-15 14:51:48;SKU-001;4;45000;500;CARD
REC-20260815-STORE_03-0649;STORE_03;CASH-08;2026-08-15 14:51:48;SKU-006;3;45000;0;CASH
REC-20260815-STORE_03-0649;STORE_03;CASH-05;2026-08-15 14:51:48;SKU-005;4;5000;0;CARD
REC-20260815-STORE_03-0649;STORE_03;CASH-03;2026-08-15 14:51:48;SKU-003;2;45000;500;CARD
REC-20260815-STORE_03-0650;STORE_03;CASH-10;2026-08-15 14:55:24;SKU-034;2;25000;1000;CASH
REC-20260815-STORE_03-0650;STORE_03;CASH-06;2026-08-15 14:55:24;SKU-002;4;12000;0;CARD
REC-20260815-STORE_03-0651;STORE_03;CASH-10;2026-08-15 18:24:34;SKU-007;1;12000;500;CASH
REC-20260815-STORE_03-0651;STORE_03;CASH-06;2026-08-15 18:24:34;SKU-039;3;5000;500;CARD
REC-20260815-STORE_03-0651;STORE_03;CASH-08;2026-08-15 18:24:34;SKU-002;2;12000;1000;CARD
REC-20260815-STORE_03-0651;STORE_03;CASH-06;2026-08-15 18:24:34;SKU-013;2;12000;0;CARD
REC-20260815-STORE_03-0652;STORE_03;CASH-04;2026-08-15 13:06:55;SKU-012;3;45000;0;CARD
REC-20260815-STORE_03-0652;STORE_03;CASH-07;2026-08-15 13:06:55;SKU-021;4;5000;0;CARD
REC-20260815-STORE_03-0652;STORE_03;CASH-09;2026-08-15 13:06:55;SKU-001;2;45000;0;CARD
REC-20260815-STORE_03-0652;STORE_03;CASH-09;2026-08-15 13:06:55;SKU-001;3;45000;500;CARD
REC-20260815-STORE_03-0652;STORE_03;CASH-09;2026-08-15 13:06:55;SKU-001;2;45000;500;CARD
REC-20260815-STORE_03-0653;STORE_03;CASH-04;2026-08-15 14:07:42;SKU-011;2;5000;0;CARD
REC-20260815-STORE_03-0653;STORE_03;CASH-02;2026-08-15 14:07:42;SKU-007;3;12000;1000;CARD
REC-20260815-STORE_03-0654;STORE_03;CASH-03;2026-08-15 16:07:06;SKU-001;3;45000;0;CARD
REC-20260815-STORE_03-0654;STORE_03;CASH-01;2026-08-15 16:07:06;SKU-001;3;45000;0;CASH
REC-20260815-STORE_03-0654;STORE_03;CASH-05;2026-08-15 16:07:06;SKU-001;2;45000;500;CARD
REC-20260815-STORE_03-0654;STORE_03;CASH-01;2026-08-15 16:07:06;SKU-009;3;25000;0;CARD
REC-20260815-STORE_03-0655;STORE_03;CASH-04;2026-08-15 13:55:28;SKU-005;3;5000;0;CASH
REC-20260815-STORE_03-0655;STORE_03;CASH-06;2026-08-15 13:55:28;SKU-003;3;45000;500;CARD
REC-20260815-STORE_03-0655;STORE_03;CASH-04;2026-08-15 13:55:28;SKU-001;1;45000;0;CARD
REC-20260815-STORE_03-0656;STORE_03;CASH-09;2026-08-15 11:57:03;SKU-008;2;12000;500;CARD
REC-20260815-STORE_03-0656;STORE_03;CASH-05;2026-08-15 11:57:03;SKU-010;4;25000;1000;CARD
REC-20260815-STORE_03-0657;STORE_03;CASH-07;2026-08-15 21:27:57;SKU-007;4;12000;0;CASH
REC-20260815-STORE_03-0657;STORE_03;CASH-02;2026-08-15 21:27:57;SKU-003;3;45000;0;CARD
REC-20260815-STORE_03-0658;STORE_03;CASH-06;2026-08-15 14:46:25;SKU-002;2;12000;500;CASH
REC-20260815-STORE_03-0658;STORE_03;CASH-04;2026-08-15 14:46:25;SKU-019;4;25000;0;CASH
REC-20260815-STORE_03-0658;STORE_03;CASH-04;2026-08-15 14:46:25;SKU-046;3;25000;500;CARD
REC-20260815-STORE_03-0658;STORE_03;CASH-06;2026-08-15 14:46:25;SKU-002;2;12000;0;CARD
REC-20260815-STORE_03-0658;STORE_03;CASH-04;2026-08-15 14:46:25;SKU-001;4;45000;0;CASH
REC-20260815-STORE_03-0659;STORE_03;CASH-10;2026-08-15 9:27:08;SKU-001;2;45000;0;CARD
REC-20260815-STORE_03-0659;STORE_03;CASH-05;2026-08-15 9:27:08;SKU-001;1;45000;0;CARD
REC-20260815-STORE_03-0659;STORE_03;CASH-01;2026-08-15 9:27:08;SKU-025;1;5000;500;CASH
REC-20260815-STORE_03-0659;STORE_03;CASH-09;2026-08-15 9:27:08;SKU-001;4;45000;0;CARD
REC-20260815-STORE_03-0660;STORE_03;CASH-10;2026-08-15 9:30:34;SKU-001;4;45000;0;CARD
REC-20260815-STORE_03-0660;STORE_03;CASH-05;2026-08-15 9:30:34;SKU-001;2;45000;500;CASH
REC-20260815-STORE_03-0660;STORE_03;CASH-10;2026-08-15 9:30:34;SKU-001;1;45000;1000;CARD
REC-20260815-STORE_03-0661;STORE_03;CASH-08;2026-08-15 15:27:21;SKU-020;4;12000;1000;CASH
REC-20260815-STORE_03-0662;STORE_03;CASH-02;2026-08-15 14:06:37;SKU-012;2;45000;1000;CASH
REC-20260815-STORE_03-0662;STORE_03;CASH-06;2026-08-15 14:06:37;SKU-024;3;12000;0;CASH
REC-20260815-STORE_03-0662;STORE_03;CASH-07;2026-08-15 14:06:37;SKU-036;4;45000;500;CARD
REC-20260815-STORE_03-0662;STORE_03;CASH-10;2026-08-15 14:06:37;SKU-010;3;25000;1000;CARD
REC-20260815-STORE_03-0662;STORE_03;CASH-08;2026-08-15 14:06:37;SKU-027;4;5000;0;CASH
REC-20260815-STORE_03-0663;STORE_03;CASH-02;2026-08-15 13:46:38;SKU-006;2;45000;0;CASH
REC-20260815-STORE_03-0663;STORE_03;CASH-08;2026-08-15 13:46:38;SKU-006;3;45000;0;CASH
REC-20260815-STORE_03-0664;STORE_03;CASH-09;2026-08-15 15:22:58;SKU-001;1;45000;0;CARD
REC-20260815-STORE_03-0664;STORE_03;CASH-04;2026-08-15 15:22:58;SKU-003;4;45000;0;CARD
REC-20260815-STORE_03-0664;STORE_03;CASH-09;2026-08-15 15:22:58;SKU-001;1;45000;1000;CARD
REC-20260815-STORE_03-0664;STORE_03;CASH-08;2026-08-15 15:22:58;SKU-001;1;45000;0;CARD
REC-20260815-STORE_03-0665;STORE_03;CASH-10;2026-08-15 20:29:40;SKU-008;3;12000;1000;CARD
REC-20260815-STORE_03-0665;STORE_03;CASH-03;2026-08-15 20:29:40;SKU-003;3;45000;0;CARD
REC-20260815-STORE_03-0665;STORE_03;CASH-03;2026-08-15 20:29:40;SKU-009;1;25000;0;CARD
REC-20260815-STORE_03-0666;STORE_03;CASH-05;2026-08-15 15:45:00;SKU-027;4;5000;0;CARD
REC-20260815-STORE_03-0666;STORE_03;CASH-01;2026-08-15 15:45:00;SKU-049;2;5000;0;CASH
REC-20260815-STORE_03-0666;STORE_03;CASH-02;2026-08-15 15:45:00;SKU-001;1;45000;500;CASH
REC-20260815-STORE_03-0667;STORE_03;CASH-04;2026-08-15 14:28:18;SKU-002;3;12000;1000;CARD
REC-20260815-STORE_03-0667;STORE_03;CASH-05;2026-08-15 14:28:18;SKU-001;4;45000;0;CASH
REC-20260815-STORE_03-0667;STORE_03;CASH-07;2026-08-15 14:28:18;SKU-003;4;45000;500;CARD
REC-20260815-STORE_03-0668;STORE_03;CASH-10;2026-08-15 8:07:01;SKU-004;4;25000;1000;CARD
REC-20260815-STORE_03-0668;STORE_03;CASH-01;2026-08-15 8:07:01;SKU-014;2;5000;0;CASH
REC-20260815-STORE_03-0668;STORE_03;CASH-03;2026-08-15 8:07:01;SKU-006;4;45000;0;CARD
REC-20260815-STORE_03-0668;STORE_03;CASH-05;2026-08-15 8:07:01;SKU-020;2;12000;500;CASH
REC-20260815-STORE_03-0669;STORE_03;CASH-03;2026-08-15 11:53:14;SKU-001;1;45000;500;CARD
REC-20260815-STORE_03-0669;STORE_03;CASH-07;2026-08-15 11:53:14;SKU-007;3;12000;1000;CASH
REC-20260815-STORE_03-0669;STORE_03;CASH-08;2026-08-15 11:53:14;SKU-003;1;45000;0;CARD
REC-20260815-STORE_03-0670;STORE_03;CASH-04;2026-08-15 19:48:31;SKU-035;3;5000;0;CARD
REC-20260815-STORE_03-0670;STORE_03;CASH-02;2026-08-15 19:48:31;SKU-001;2;45000;0;CARD
REC-20260815-STORE_03-0671;STORE_03;CASH-10;2026-08-15 12:21:57;SKU-041;3;25000;0;CARD
REC-20260815-STORE_03-0672;STORE_03;CASH-02;2026-08-15 10:43:43;SKU-010;2;25000;500;CARD
REC-20260815-STORE_03-0672;STORE_03;CASH-09;2026-08-15 10:43:43;SKU-013;1;12000;0;CASH
REC-20260815-STORE_03-0672;STORE_03;CASH-04;2026-08-15 10:43:43;SKU-043;2;25000;0;CARD
REC-20260815-STORE_03-0672;STORE_03;CASH-02;2026-08-15 10:43:43;SKU-028;1;5000;0;CARD
REC-20260815-STORE_03-0672;STORE_03;CASH-04;2026-08-15 10:43:43;SKU-002;4;12000;1000;CARD
REC-20260815-STORE_03-0673;STORE_03;CASH-09;2026-08-15 20:24:26;SKU-015;4;5000;0;CASH
REC-20260815-STORE_03-0673;STORE_03;CASH-04;2026-08-15 20:24:26;SKU-005;1;5000;0;CARD
REC-20260815-STORE_03-0673;STORE_03;CASH-06;2026-08-15 20:24:26;SKU-001;3;45000;0;CARD
REC-20260815-STORE_03-0673;STORE_03;CASH-08;2026-08-15 20:24:26;SKU-002;2;12000;500;CASH
REC-20260815-STORE_03-0673;STORE_03;CASH-06;2026-08-15 20:24:26;SKU-017;2;12000;500;CARD
REC-20260815-STORE_03-0674;STORE_03;CASH-04;2026-08-15 14:33:37;SKU-002;3;12000;1000;CARD
REC-20260815-STORE_03-0674;STORE_03;CASH-04;2026-08-15 14:33:37;SKU-003;3;45000;500;CARD
REC-20260815-STORE_03-0675;STORE_03;CASH-06;2026-08-15 8:52:41;SKU-007;3;12000;0;CARD
REC-20260815-STORE_03-0675;STORE_03;CASH-04;2026-08-15 8:52:41;SKU-012;4;45000;1000;CARD
REC-20260815-STORE_03-0675;STORE_03;CASH-06;2026-08-15 8:52:41;SKU-006;2;45000;0;CARD
REC-20260815-STORE_03-0675;STORE_03;CASH-02;2026-08-15 8:52:41;SKU-006;2;45000;0;CARD
REC-20260815-STORE_03-0676;STORE_03;CASH-08;2026-08-15 8:07:53;SKU-023;2;45000;500;CARD
REC-20260815-STORE_03-0676;STORE_03;CASH-05;2026-08-15 8:07:53;SKU-001;2;45000;500;CASH
REC-20260815-STORE_03-0676;STORE_03;CASH-10;2026-08-15 8:07:53;SKU-001;1;45000;0;CASH
REC-20260815-STORE_03-0676;STORE_03;CASH-04;2026-08-15 8:07:53;SKU-037;3;45000;0;CARD
REC-20260815-STORE_03-0676;STORE_03;CASH-07;2026-08-15 8:07:53;SKU-004;2;25000;500;CARD
REC-20260815-STORE_03-0677;STORE_03;CASH-09;2026-08-15 16:55:05;SKU-010;1;25000;0;CARD
REC-20260815-STORE_03-0677;STORE_03;CASH-07;2026-08-15 16:55:05;SKU-018;3;5000;0;CARD
REC-20260815-STORE_03-0677;STORE_03;CASH-03;2026-08-15 16:55:05;SKU-005;3;5000;0;CASH
REC-20260815-STORE_03-0677;STORE_03;CASH-08;2026-08-15 16:55:05;SKU-002;3;12000;1000;CARD
REC-20260815-STORE_03-0677;STORE_03;CASH-10;2026-08-15 16:55:05;SKU-028;4;5000;1000;CARD
REC-20260815-STORE_03-0678;STORE_03;CASH-04;2026-08-15 10:49:45;SKU-001;4;45000;1000;CASH
REC-20260815-STORE_03-0678;STORE_03;CASH-05;2026-08-15 10:49:45;SKU-007;3;12000;0;CARD
REC-20260815-STORE_03-0678;STORE_03;CASH-09;2026-08-15 10:49:45;SKU-016;3;25000;0;CARD
REC-20260815-STORE_03-0678;STORE_03;CASH-08;2026-08-15 10:49:45;SKU-046;4;25000;0;CARD
REC-20260815-STORE_03-0679;STORE_03;CASH-04;2026-08-15 9:27:31;SKU-010;4;25000;0;CARD
REC-20260815-STORE_03-0679;STORE_03;CASH-10;2026-08-15 9:27:31;SKU-021;2;5000;1000;CARD
REC-20260815-STORE_03-0679;STORE_03;CASH-03;2026-08-15 9:27:31;SKU-003;1;45000;1000;CARD
REC-20260815-STORE_03-0679;STORE_03;CASH-09;2026-08-15 9:27:31;SKU-001;3;45000;0;CASH
REC-20260815-STORE_03-0680;STORE_03;CASH-06;2026-08-15 14:02:10;SKU-001;3;45000;0;CARD
REC-20260815-STORE_03-0680;STORE_03;CASH-09;2026-08-15 14:02:10;SKU-012;2;45000;0;CARD
REC-20260815-STORE_03-0680;STORE_03;CASH-07;2026-08-15 14:02:10;SKU-001;4;45000;0;CARD
REC-20260815-STORE_03-0680;STORE_03;CASH-07;2026-08-15 14:02:10;SKU-017;2;12000;500;CASH
REC-20260815-STORE_03-0681;STORE_03;CASH-04;2026-08-15 16:32:23;SKU-001;2;45000;0;CARD
REC-20260815-STORE_03-0682;STORE_03;CASH-01;2026-08-15 15:04:26;SKU-001;4;45000;500;CARD
REC-20260815-STORE_03-0682;STORE_03;CASH-01;2026-08-15 15:04:26;SKU-001;1;45000;500;CARD
REC-20260815-STORE_03-0682;STORE_03;CASH-02;2026-08-15 15:04:26;SKU-020;3;12000;1000;CARD
REC-20260815-STORE_03-0682;STORE_03;CASH-06;2026-08-15 15:04:26;SKU-003;3;45000;0;CASH
REC-20260815-STORE_03-0683;STORE_03;CASH-03;2026-08-15 15:40:32;SKU-001;2;45000;500;CARD
REC-20260815-STORE_03-0683;STORE_03;CASH-06;2026-08-15 15:40:32;SKU-010;2;25000;0;CARD
REC-20260815-STORE_03-0683;STORE_03;CASH-06;2026-08-15 15:40:32;SKU-011;1;5000;0;CARD
REC-20260815-STORE_03-0683;STORE_03;CASH-01;2026-08-15 15:40:32;SKU-008;1;12000;1000;CASH
REC-20260815-STORE_03-0683;STORE_03;CASH-08;2026-08-15 15:40:32;SKU-001;2;45000;0;CASH
REC-20260815-STORE_03-0684;STORE_03;CASH-06;2026-08-15 19:36:53;SKU-027;1;5000;0;CASH
REC-20260815-STORE_03-0685;STORE_03;CASH-05;2026-08-15 19:32:11;SKU-008;3;12000;500;CARD
REC-20260815-STORE_03-0686;STORE_03;CASH-09;2026-08-15 17:33:29;SKU-001;2;45000;1000;CASH
REC-20260815-STORE_03-0687;STORE_03;CASH-04;2026-08-15 16:06:30;SKU-001;2;45000;0;CARD
REC-20260815-STORE_03-0687;STORE_03;CASH-09;2026-08-15 16:06:30;SKU-006;1;45000;0;CARD
REC-20260815-STORE_03-0687;STORE_03;CASH-04;2026-08-15 16:06:30;SKU-005;4;5000;0;CASH
REC-20260815-STORE_03-0687;STORE_03;CASH-06;2026-08-15 16:06:30;SKU-006;2;45000;0;CARD
REC-20260815-STORE_03-0688;STORE_03;CASH-02;2026-08-15 18:50:59;SKU-009;3;25000;0;CARD
REC-20260815-STORE_03-0689;STORE_03;CASH-04;2026-08-15 18:32:02;SKU-001;4;45000;500;CARD
REC-20260815-STORE_03-0689;STORE_03;CASH-04;2026-08-15 18:32:02;SKU-008;2;12000;0;CARD
REC-20260815-STORE_03-0689;STORE_03;CASH-04;2026-08-15 18:32:02;SKU-004;4;25000;0;CASH
REC-20260815-STORE_03-0690;STORE_03;CASH-02;2026-08-15 19:58:21;SKU-033;3;5000;500;CASH
REC-20260815-STORE_03-0691;STORE_03;CASH-06;2026-08-15 16:39:51;SKU-001;2;45000;1000;CARD
REC-20260815-STORE_03-0691;STORE_03;CASH-05;2026-08-15 16:39:51;SKU-001;4;45000;500;CARD
REC-20260815-STORE_03-0691;STORE_03;CASH-10;2026-08-15 16:39:51;SKU-009;2;25000;500;CARD
REC-20260815-STORE_03-0691;STORE_03;CASH-01;2026-08-15 16:39:51;SKU-023;4;45000;1000;CASH
REC-20260815-STORE_03-0691;STORE_03;CASH-10;2026-08-15 16:39:51;SKU-014;2;5000;1000;CASH
REC-20260815-STORE_03-0692;STORE_03;CASH-08;2026-08-15 16:14:50;SKU-001;4;45000;500;CASH
REC-20260815-STORE_03-0693;STORE_03;CASH-06;2026-08-15 9:59:28;SKU-027;4;5000;0;CARD
REC-20260815-STORE_03-0694;STORE_03;CASH-08;2026-08-15 16:17:03;SKU-030;3;45000;0;CASH
REC-20260815-STORE_03-0694;STORE_03;CASH-05;2026-08-15 16:17:03;SKU-001;3;45000;1000;CARD
REC-20260815-STORE_03-0694;STORE_03;CASH-02;2026-08-15 16:17:03;SKU-001;2;45000;0;CARD
REC-20260815-STORE_03-0694;STORE_03;CASH-06;2026-08-15 16:17:03;SKU-004;3;25000;0;CARD
REC-20260815-STORE_03-0695;STORE_03;CASH-08;2026-08-15 9:06:14;SKU-003;2;45000;0;CARD
REC-20260815-STORE_03-0696;STORE_03;CASH-08;2026-08-15 19:21:36;SKU-015;2;5000;0;CASH
REC-20260815-STORE_03-0696;STORE_03;CASH-04;2026-08-15 19:21:36;SKU-026;3;12000;0;CARD
REC-20260815-STORE_03-0696;STORE_03;CASH-10;2026-08-15 19:21:36;SKU-001;1;45000;1000;CASH
REC-20260815-STORE_03-0696;STORE_03;CASH-03;2026-08-15 19:21:36;SKU-005;3;5000;0;CASH
REC-20260815-STORE_03-0696;STORE_03;CASH-06;2026-08-15 19:21:36;SKU-033;2;5000;1000;CARD
REC-20260815-STORE_03-0697;STORE_03;CASH-08;2026-08-15 19:44:22;SKU-023;1;45000;1000;CARD
REC-20260815-STORE_03-0697;STORE_03;CASH-03;2026-08-15 19:44:22;SKU-047;2;5000;1000;CARD
REC-20260815-STORE_03-0697;STORE_03;CASH-04;2026-08-15 19:44:22;SKU-006;2;45000;0;CARD
REC-20260815-STORE_03-0698;STORE_03;CASH-03;2026-08-15 15:38:28;SKU-001;2;45000;0;CARD
REC-20260815-STORE_03-0698;STORE_03;CASH-03;2026-08-15 15:38:28;SKU-007;1;12000;0;CARD
REC-20260815-STORE_03-0698;STORE_03;CASH-03;2026-08-15 15:38:28;SKU-016;1;25000;1000;CARD
REC-20260815-STORE_03-0699;STORE_03;CASH-01;2026-08-15 9:46:45;SKU-001;3;45000;0;CARD
REC-20260815-STORE_03-0699;STORE_03;CASH-09;2026-08-15 9:46:45;SKU-005;3;5000;0;CARD
REC-20260815-STORE_03-0699;STORE_03;CASH-06;2026-08-15 9:46:45;SKU-026;4;12000;1000;CARD
REC-20260815-STORE_03-0699;STORE_03;CASH-08;2026-08-15 9:46:45;SKU-011;4;5000;0;CARD
REC-20260815-STORE_03-0700;STORE_03;CASH-03;2026-08-15 11:43:44;SKU-001;2;45000;1000;CASH
REC-20260815-STORE_04-0001;STORE_04;CASH-09;2026-08-15 9:58:17;SKU-029;4;5000;0;CASH
REC-20260815-STORE_04-0001;STORE_04;CASH-08;2026-08-15 9:58:17;SKU-011;2;5000;0;CASH
REC-20260815-STORE_04-0002;STORE_04;CASH-02;2026-08-15 15:47:29;SKU-009;3;25000;500;CARD
REC-20260815-STORE_04-0002;STORE_04;CASH-10;2026-08-15 15:47:29;SKU-009;3;25000;0;CARD
REC-20260815-STORE_04-0002;STORE_04;CASH-08;2026-08-15 15:47:29;SKU-001;1;45000;500;CASH
REC-20260815-STORE_04-0003;STORE_04;CASH-09;2026-08-15 19:33:08;SKU-011;3;5000;500;CARD
REC-20260815-STORE_04-0003;STORE_04;CASH-08;2026-08-15 19:33:08;SKU-020;4;12000;500;CARD
REC-20260815-STORE_04-0003;STORE_04;CASH-08;2026-08-15 19:33:08;SKU-001;1;45000;0;CASH
REC-20260815-STORE_04-0004;STORE_04;CASH-03;2026-08-15 17:42:20;SKU-048;2;25000;0;CARD
REC-20260815-STORE_04-0004;STORE_04;CASH-03;2026-08-15 17:42:20;SKU-002;3;12000;0;CARD
REC-20260815-STORE_04-0005;STORE_04;CASH-05;2026-08-15 17:46:59;SKU-013;2;12000;500;CARD
REC-20260815-STORE_04-0005;STORE_04;CASH-04;2026-08-15 17:46:59;SKU-010;3;25000;0;CARD
REC-20260815-STORE_04-0005;STORE_04;CASH-03;2026-08-15 17:46:59;SKU-005;1;5000;0;CARD
REC-20260815-STORE_04-0005;STORE_04;CASH-07;2026-08-15 17:46:59;SKU-002;4;12000;500;CARD
REC-20260815-STORE_04-0006;STORE_04;CASH-01;2026-08-15 8:03:22;SKU-002;4;12000;0;CARD
REC-20260815-STORE_04-0006;STORE_04;CASH-08;2026-08-15 8:03:22;SKU-006;3;45000;0;CARD
REC-20260815-STORE_04-0006;STORE_04;CASH-10;2026-08-15 8:03:22;SKU-001;2;45000;500;CASH
REC-20260815-STORE_04-0006;STORE_04;CASH-05;2026-08-15 8:03:22;SKU-001;3;45000;0;CARD
REC-20260815-STORE_04-0006;STORE_04;CASH-08;2026-08-15 8:03:22;SKU-004;2;25000;0;CASH
REC-20260815-STORE_04-0007;STORE_04;CASH-01;2026-08-15 19:28:23;SKU-037;4;45000;1000;CARD
REC-20260815-STORE_04-0007;STORE_04;CASH-05;2026-08-15 19:28:23;SKU-004;2;25000;500;CARD
REC-20260815-STORE_04-0008;STORE_04;CASH-05;2026-08-15 18:29:14;SKU-017;3;12000;1000;CARD
REC-20260815-STORE_04-0008;STORE_04;CASH-03;2026-08-15 18:29:14;SKU-004;3;25000;500;CARD
REC-20260815-STORE_04-0008;STORE_04;CASH-05;2026-08-15 18:29:14;SKU-010;4;25000;1000;CASH
REC-20260815-STORE_04-0008;STORE_04;CASH-05;2026-08-15 18:29:14;SKU-018;1;5000;0;CARD
REC-20260815-STORE_04-0009;STORE_04;CASH-05;2026-08-15 10:42:27;SKU-005;2;5000;0;CASH
REC-20260815-STORE_04-0010;STORE_04;CASH-08;2026-08-15 21:01:54;SKU-001;4;45000;500;CARD
REC-20260815-STORE_04-0010;STORE_04;CASH-02;2026-08-15 21:01:54;SKU-001;3;45000;0;CARD
REC-20260815-STORE_04-0011;STORE_04;CASH-02;2026-08-15 16:09:51;SKU-008;3;12000;0;CARD
REC-20260815-STORE_04-0011;STORE_04;CASH-04;2026-08-15 16:09:51;SKU-008;4;12000;500;CARD
REC-20260815-STORE_04-0012;STORE_04;CASH-10;2026-08-15 10:45:54;SKU-001;2;45000;0;CASH
REC-20260815-STORE_04-0012;STORE_04;CASH-08;2026-08-15 10:45:54;SKU-015;1;5000;1000;CARD
REC-20260815-STORE_04-0013;STORE_04;CASH-03;2026-08-15 16:28:56;SKU-011;4;5000;0;CASH
REC-20260815-STORE_04-0013;STORE_04;CASH-02;2026-08-15 16:28:56;SKU-010;2;25000;1000;CASH
REC-20260815-STORE_04-0013;STORE_04;CASH-02;2026-08-15 16:28:56;SKU-001;2;45000;0;CASH
REC-20260815-STORE_04-0013;STORE_04;CASH-01;2026-08-15 16:28:56;SKU-002;4;12000;0;CASH
REC-20260815-STORE_04-0013;STORE_04;CASH-03;2026-08-15 16:28:56;SKU-004;3;25000;0;CARD
REC-20260815-STORE_04-0014;STORE_04;CASH-10;2026-08-15 20:22:08;SKU-001;3;45000;500;CASH
REC-20260815-STORE_04-0014;STORE_04;CASH-01;2026-08-15 20:22:08;SKU-008;2;12000;500;CARD
REC-20260815-STORE_04-0014;STORE_04;CASH-09;2026-08-15 20:22:08;SKU-001;4;45000;0;CARD
REC-20260815-STORE_04-0015;STORE_04;CASH-08;2026-08-15 14:23:13;SKU-005;2;5000;0;CARD
REC-20260815-STORE_04-0016;STORE_04;CASH-06;2026-08-15 19:28:53;SKU-008;2;12000;1000;CARD
REC-20260815-STORE_04-0016;STORE_04;CASH-08;2026-08-15 19:28:53;SKU-001;4;45000;0;CARD
REC-20260815-STORE_04-0016;STORE_04;CASH-03;2026-08-15 19:28:53;SKU-028;4;5000;0;CASH
REC-20260815-STORE_04-0017;STORE_04;CASH-06;2026-08-15 18:54:16;SKU-010;4;25000;0;CARD
REC-20260815-STORE_04-0017;STORE_04;CASH-08;2026-08-15 18:54:16;SKU-022;2;12000;0;CARD
REC-20260815-STORE_04-0017;STORE_04;CASH-04;2026-08-15 18:54:16;SKU-002;4;12000;0;CASH
REC-20260815-STORE_04-0017;STORE_04;CASH-07;2026-08-15 18:54:16;SKU-004;1;25000;0;CARD
REC-20260815-STORE_04-0017;STORE_04;CASH-09;2026-08-15 18:54:16;SKU-024;3;12000;0;CARD
REC-20260815-STORE_04-0018;STORE_04;CASH-09;2026-08-15 15:17:33;SKU-001;2;45000;0;CARD
REC-20260815-STORE_04-0018;STORE_04;CASH-05;2026-08-15 15:17:33;SKU-002;3;12000;500;CASH
REC-20260815-STORE_04-0018;STORE_04;CASH-08;2026-08-15 15:17:33;SKU-028;2;5000;0;CARD
REC-20260815-STORE_04-0018;STORE_04;CASH-07;2026-08-15 15:17:33;SKU-007;1;12000;0;CARD
REC-20260815-STORE_04-0018;STORE_04;CASH-06;2026-08-15 15:17:33;SKU-003;4;45000;1000;CARD
REC-20260815-STORE_04-0019;STORE_04;CASH-06;2026-08-15 9:36:31;SKU-025;3;5000;0;CARD
REC-20260815-STORE_04-0019;STORE_04;CASH-07;2026-08-15 9:36:31;SKU-044;2;5000;0;CARD
REC-20260815-STORE_04-0019;STORE_04;CASH-04;2026-08-15 9:36:31;SKU-011;4;5000;500;CASH
REC-20260815-STORE_04-0019;STORE_04;CASH-04;2026-08-15 9:36:31;SKU-017;3;12000;0;CARD
REC-20260815-STORE_04-0020;STORE_04;CASH-07;2026-08-15 11:59:57;SKU-002;4;12000;0;CASH
REC-20260815-STORE_04-0020;STORE_04;CASH-07;2026-08-15 11:59:57;SKU-014;2;5000;500;CARD
REC-20260815-STORE_04-0020;STORE_04;CASH-01;2026-08-15 11:59:57;SKU-001;1;45000;0;CARD
REC-20260815-STORE_04-0020;STORE_04;CASH-08;2026-08-15 11:59:57;SKU-004;3;25000;1000;CARD
REC-20260815-STORE_04-0020;STORE_04;CASH-08;2026-08-15 11:59:57;SKU-006;2;45000;0;CARD
REC-20260815-STORE_04-0021;STORE_04;CASH-03;2026-08-15 18:41:22;SKU-038;2;12000;0;CARD
REC-20260815-STORE_04-0021;STORE_04;CASH-02;2026-08-15 18:41:22;SKU-009;1;25000;0;CARD
REC-20260815-STORE_04-0021;STORE_04;CASH-10;2026-08-15 18:41:22;SKU-002;1;12000;0;CASH
REC-20260815-STORE_04-0021;STORE_04;CASH-10;2026-08-15 18:41:22;SKU-001;3;45000;0;CARD
REC-20260815-STORE_04-0021;STORE_04;CASH-03;2026-08-15 18:41:22;SKU-003;1;45000;0;CARD
REC-20260815-STORE_04-0022;STORE_04;CASH-04;2026-08-15 10:30:20;SKU-026;3;12000;0;CARD
REC-20260815-STORE_04-0022;STORE_04;CASH-06;2026-08-15 10:30:20;SKU-002;2;12000;1000;CARD
REC-20260815-STORE_04-0022;STORE_04;CASH-10;2026-08-15 10:30:20;SKU-010;1;25000;0;CARD
REC-20260815-STORE_04-0023;STORE_04;CASH-04;2026-08-15 19:52:15;SKU-007;4;12000;0;CASH
REC-20260815-STORE_04-0023;STORE_04;CASH-02;2026-08-15 19:52:15;SKU-005;3;5000;500;CARD
REC-20260815-STORE_04-0023;STORE_04;CASH-06;2026-08-15 19:52:15;SKU-036;1;45000;0;CARD
REC-20260815-STORE_04-0023;STORE_04;CASH-10;2026-08-15 19:52:15;SKU-007;2;12000;0;CASH
REC-20260815-STORE_04-0023;STORE_04;CASH-08;2026-08-15 19:52:15;SKU-041;2;25000;1000;CARD
REC-20260815-STORE_04-0024;STORE_04;CASH-06;2026-08-15 20:44:52;SKU-001;4;45000;1000;CASH
REC-20260815-STORE_04-0024;STORE_04;CASH-09;2026-08-15 20:44:52;SKU-025;2;5000;1000;CARD
REC-20260815-STORE_04-0025;STORE_04;CASH-05;2026-08-15 18:05:01;SKU-027;3;5000;0;CARD
REC-20260815-STORE_04-0025;STORE_04;CASH-06;2026-08-15 18:05:01;SKU-021;4;5000;0;CARD
REC-20260815-STORE_04-0025;STORE_04;CASH-09;2026-08-15 18:05:01;SKU-041;2;25000;0;CASH
REC-20260815-STORE_04-0025;STORE_04;CASH-06;2026-08-15 18:05:01;SKU-004;1;25000;0;CARD
REC-20260815-STORE_04-0025;STORE_04;CASH-09;2026-08-15 18:05:01;SKU-002;2;12000;0;CASH
REC-20260815-STORE_04-0026;STORE_04;CASH-10;2026-08-15 11:20:55;SKU-002;4;12000;0;CASH
REC-20260815-STORE_04-0027;STORE_04;CASH-09;2026-08-15 17:12:56;SKU-002;3;12000;0;CASH
REC-20260815-STORE_04-0027;STORE_04;CASH-04;2026-08-15 17:12:56;SKU-043;2;25000;500;CARD
REC-20260815-STORE_04-0027;STORE_04;CASH-09;2026-08-15 17:12:56;SKU-002;4;12000;0;CARD
REC-20260815-STORE_04-0028;STORE_04;CASH-08;2026-08-15 9:47:31;SKU-003;2;45000;0;CARD
REC-20260815-STORE_04-0028;STORE_04;CASH-01;2026-08-15 9:47:31;SKU-002;4;12000;0;CARD
REC-20260815-STORE_04-0028;STORE_04;CASH-06;2026-08-15 9:47:31;SKU-001;4;45000;0;CASH
REC-20260815-STORE_04-0029;STORE_04;CASH-01;2026-08-15 10:09:31;SKU-015;4;5000;0;CASH
REC-20260815-STORE_04-0029;STORE_04;CASH-03;2026-08-15 10:09:31;SKU-010;3;25000;0;CARD
REC-20260815-STORE_04-0029;STORE_04;CASH-08;2026-08-15 10:09:31;SKU-012;3;45000;1000;CASH
REC-20260815-STORE_04-0030;STORE_04;CASH-10;2026-08-15 11:11:31;SKU-001;3;45000;1000;CARD
REC-20260815-STORE_04-0030;STORE_04;CASH-02;2026-08-15 11:11:31;SKU-003;1;45000;0;CARD
REC-20260815-STORE_04-0030;STORE_04;CASH-07;2026-08-15 11:11:31;SKU-001;2;45000;0;CASH
REC-20260815-STORE_04-0031;STORE_04;CASH-09;2026-08-15 8:28:39;SKU-006;3;45000;1000;CASH
REC-20260815-STORE_04-0032;STORE_04;CASH-09;2026-08-15 20:23:18;SKU-001;2;45000;0;CARD
REC-20260815-STORE_04-0032;STORE_04;CASH-09;2026-08-15 20:23:18;SKU-007;1;12000;0;CARD
REC-20260815-STORE_04-0033;STORE_04;CASH-10;2026-08-15 8:40:40;SKU-003;3;45000;500;CARD
REC-20260815-STORE_04-0034;STORE_04;CASH-08;2026-08-15 8:48:41;SKU-001;4;45000;1000;CARD
REC-20260815-STORE_04-0034;STORE_04;CASH-03;2026-08-15 8:48:41;SKU-021;3;5000;0;CASH
REC-20260815-STORE_04-0034;STORE_04;CASH-07;2026-08-15 8:48:41;SKU-001;3;45000;500;CASH
REC-20260815-STORE_04-0034;STORE_04;CASH-05;2026-08-15 8:48:41;SKU-001;3;45000;0;CASH
REC-20260815-STORE_04-0034;STORE_04;CASH-06;2026-08-15 8:48:41;SKU-009;2;25000;0;CARD
REC-20260815-STORE_04-0035;STORE_04;CASH-08;2026-08-15 18:13:10;SKU-004;1;25000;0;CARD
REC-20260815-STORE_04-0035;STORE_04;CASH-06;2026-08-15 18:13:10;SKU-005;4;5000;0;CASH
REC-20260815-STORE_04-0035;STORE_04;CASH-10;2026-08-15 18:13:10;SKU-001;1;45000;0;CASH
REC-20260815-STORE_04-0036;STORE_04;CASH-05;2026-08-15 8:11:37;SKU-001;3;45000;500;CARD
REC-20260815-STORE_04-0037;STORE_04;CASH-02;2026-08-15 17:10:29;SKU-008;2;12000;0;CASH
REC-20260815-STORE_04-0037;STORE_04;CASH-09;2026-08-15 17:10:29;SKU-002;3;12000;0;CARD
REC-20260815-STORE_04-0038;STORE_04;CASH-08;2026-08-15 9:11:55;SKU-001;4;45000;0;CARD
REC-20260815-STORE_04-0038;STORE_04;CASH-03;2026-08-15 9:11:55;SKU-041;2;25000;0;CARD
REC-20260815-STORE_04-0038;STORE_04;CASH-01;2026-08-15 9:11:55;SKU-002;1;12000;0;CARD
REC-20260815-STORE_04-0038;STORE_04;CASH-08;2026-08-15 9:11:55;SKU-002;2;12000;500;CARD
REC-20260815-STORE_04-0039;STORE_04;CASH-03;2026-08-15 9:04:34;SKU-003;1;45000;1000;CARD
REC-20260815-STORE_04-0039;STORE_04;CASH-02;2026-08-15 9:04:34;SKU-004;1;25000;1000;CASH
REC-20260815-STORE_04-0039;STORE_04;CASH-06;2026-08-15 9:04:34;SKU-016;2;25000;0;CARD
REC-20260815-STORE_04-0039;STORE_04;CASH-09;2026-08-15 9:04:34;SKU-001;4;45000;1000;CARD
REC-20260815-STORE_04-0039;STORE_04;CASH-03;2026-08-15 9:04:34;SKU-001;4;45000;1000;CASH
REC-20260815-STORE_04-0040;STORE_04;CASH-05;2026-08-15 18:43:33;SKU-001;2;45000;0;CASH
REC-20260815-STORE_04-0041;STORE_04;CASH-08;2026-08-15 10:23:00;SKU-003;1;45000;0;CARD
REC-20260815-STORE_04-0041;STORE_04;CASH-03;2026-08-15 10:23:00;SKU-019;1;25000;0;CASH
REC-20260815-STORE_04-0041;STORE_04;CASH-06;2026-08-15 10:23:00;SKU-001;2;45000;0;CARD
REC-20260815-STORE_04-0041;STORE_04;CASH-02;2026-08-15 10:23:00;SKU-014;2;5000;500;CARD
REC-20260815-STORE_04-0041;STORE_04;CASH-05;2026-08-15 10:23:00;SKU-001;3;45000;0;CASH
REC-20260815-STORE_04-0042;STORE_04;CASH-06;2026-08-15 13:31:04;SKU-001;4;45000;0;CARD
REC-20260815-STORE_04-0042;STORE_04;CASH-05;2026-08-15 13:31:04;SKU-009;1;25000;0;CASH
REC-20260815-STORE_04-0042;STORE_04;CASH-06;2026-08-15 13:31:04;SKU-001;1;45000;1000;CARD
REC-20260815-STORE_04-0042;STORE_04;CASH-06;2026-08-15 13:31:04;SKU-003;1;45000;0;CARD
REC-20260815-STORE_04-0043;STORE_04;CASH-09;2026-08-15 18:56:50;SKU-027;2;5000;1000;CASH
REC-20260815-STORE_04-0043;STORE_04;CASH-09;2026-08-15 18:56:50;SKU-008;1;12000;0;CASH
REC-20260815-STORE_04-0043;STORE_04;CASH-04;2026-08-15 18:56:50;SKU-001;4;45000;500;CARD
REC-20260815-STORE_04-0043;STORE_04;CASH-06;2026-08-15 18:56:50;SKU-001;4;45000;0;CASH
REC-20260815-STORE_04-0044;STORE_04;CASH-06;2026-08-15 18:13:14;SKU-001;2;45000;0;CARD
REC-20260815-STORE_04-0044;STORE_04;CASH-03;2026-08-15 18:13:14;SKU-017;3;12000;1000;CARD
REC-20260815-STORE_04-0044;STORE_04;CASH-07;2026-08-15 18:13:14;SKU-010;3;25000;1000;CASH
REC-20260815-STORE_04-0044;STORE_04;CASH-08;2026-08-15 18:13:14;SKU-002;3;12000;0;CARD
REC-20260815-STORE_04-0044;STORE_04;CASH-10;2026-08-15 18:13:14;SKU-009;2;25000;0;CARD
REC-20260815-STORE_04-0045;STORE_04;CASH-10;2026-08-15 12:14:41;SKU-005;2;5000;0;CARD
REC-20260815-STORE_04-0045;STORE_04;CASH-09;2026-08-15 12:14:41;SKU-001;3;45000;500;CASH
REC-20260815-STORE_04-0046;STORE_04;CASH-10;2026-08-15 19:28:00;SKU-004;2;25000;1000;CARD
REC-20260815-STORE_04-0046;STORE_04;CASH-06;2026-08-15 19:28:00;SKU-008;4;12000;0;CARD
REC-20260815-STORE_04-0046;STORE_04;CASH-03;2026-08-15 19:28:00;SKU-005;3;5000;500;CASH
REC-20260815-STORE_04-0046;STORE_04;CASH-07;2026-08-15 19:28:00;SKU-016;3;25000;500;CARD
REC-20260815-STORE_04-0046;STORE_04;CASH-06;2026-08-15 19:28:00;SKU-001;2;45000;500;CARD
REC-20260815-STORE_04-0047;STORE_04;CASH-03;2026-08-15 16:00:16;SKU-005;3;5000;500;CASH
REC-20260815-STORE_04-0047;STORE_04;CASH-05;2026-08-15 16:00:16;SKU-011;3;5000;0;CARD
REC-20260815-STORE_04-0047;STORE_04;CASH-06;2026-08-15 16:00:16;SKU-001;3;45000;0;CARD
REC-20260815-STORE_04-0047;STORE_04;CASH-07;2026-08-15 16:00:16;SKU-004;1;25000;0;CARD
REC-20260815-STORE_04-0048;STORE_04;CASH-02;2026-08-15 21:37:02;SKU-001;3;45000;0;CARD
REC-20260815-STORE_04-0048;STORE_04;CASH-01;2026-08-15 21:37:02;SKU-001;4;45000;0;CARD
REC-20260815-STORE_04-0048;STORE_04;CASH-04;2026-08-15 21:37:02;SKU-001;2;45000;1000;CARD
REC-20260815-STORE_04-0049;STORE_04;CASH-03;2026-08-15 10:27:14;SKU-004;2;25000;0;CASH
REC-20260815-STORE_04-0049;STORE_04;CASH-08;2026-08-15 10:27:14;SKU-016;2;25000;500;CASH
REC-20260815-STORE_04-0049;STORE_04;CASH-01;2026-08-15 10:27:14;SKU-001;4;45000;0;CARD
REC-20260815-STORE_04-0049;STORE_04;CASH-05;2026-08-15 10:27:14;SKU-037;4;45000;0;CARD
REC-20260815-STORE_04-0050;STORE_04;CASH-03;2026-08-15 8:05:56;SKU-003;2;45000;0;CASH
REC-20260815-STORE_04-0050;STORE_04;CASH-05;2026-08-15 8:05:56;SKU-017;3;12000;0;CARD
REC-20260815-STORE_04-0050;STORE_04;CASH-06;2026-08-15 8:05:56;SKU-001;1;45000;1000;CASH
REC-20260815-STORE_04-0050;STORE_04;CASH-01;2026-08-15 8:05:56;SKU-027;4;5000;500;CARD
REC-20260815-STORE_04-0051;STORE_04;CASH-06;2026-08-15 13:35:14;SKU-001;1;45000;0;CARD
REC-20260815-STORE_04-0051;STORE_04;CASH-10;2026-08-15 13:35:14;SKU-009;1;25000;1000;CARD
REC-20260815-STORE_04-0051;STORE_04;CASH-08;2026-08-15 13:35:14;SKU-008;4;12000;500;CASH
REC-20260815-STORE_04-0052;STORE_04;CASH-03;2026-08-15 20:50:36;SKU-040;4;25000;500;CARD
REC-20260815-STORE_04-0052;STORE_04;CASH-09;2026-08-15 20:50:36;SKU-001;1;45000;500;CARD
REC-20260815-STORE_04-0052;STORE_04;CASH-06;2026-08-15 20:50:36;SKU-005;2;5000;0;CARD
REC-20260815-STORE_04-0052;STORE_04;CASH-04;2026-08-15 20:50:36;SKU-016;4;25000;1000;CARD
REC-20260815-STORE_04-0052;STORE_04;CASH-06;2026-08-15 20:50:36;SKU-003;2;45000;0;CASH
REC-20260815-STORE_04-0053;STORE_04;CASH-09;2026-08-15 16:32:08;SKU-004;1;25000;0;CARD
REC-20260815-STORE_04-0053;STORE_04;CASH-09;2026-08-15 16:32:08;SKU-005;1;5000;0;CARD
REC-20260815-STORE_04-0053;STORE_04;CASH-01;2026-08-15 16:32:08;SKU-007;3;12000;0;CASH
REC-20260815-STORE_04-0053;STORE_04;CASH-09;2026-08-15 16:32:08;SKU-029;2;5000;1000;CASH
REC-20260815-STORE_04-0053;STORE_04;CASH-02;2026-08-15 16:32:08;SKU-015;4;5000;0;CARD
REC-20260815-STORE_04-0054;STORE_04;CASH-05;2026-08-15 13:18:35;SKU-003;3;45000;0;CASH
REC-20260815-STORE_04-0054;STORE_04;CASH-05;2026-08-15 13:18:35;SKU-028;1;5000;0;CARD
REC-20260815-STORE_04-0054;STORE_04;CASH-06;2026-08-15 13:18:35;SKU-006;1;45000;500;CARD
REC-20260815-STORE_04-0055;STORE_04;CASH-07;2026-08-15 9:46:22;SKU-007;2;12000;0;CARD
REC-20260815-STORE_04-0055;STORE_04;CASH-10;2026-08-15 9:46:22;SKU-015;2;5000;0;CARD
REC-20260815-STORE_04-0056;STORE_04;CASH-01;2026-08-15 15:17:42;SKU-026;2;12000;500;CASH
REC-20260815-STORE_04-0056;STORE_04;CASH-08;2026-08-15 15:17:42;SKU-002;1;12000;1000;CASH
REC-20260815-STORE_04-0057;STORE_04;CASH-06;2026-08-15 8:06:09;SKU-009;4;25000;0;CARD
REC-20260815-STORE_04-0057;STORE_04;CASH-04;2026-08-15 8:06:09;SKU-001;1;45000;500;CARD
REC-20260815-STORE_04-0057;STORE_04;CASH-10;2026-08-15 8:06:09;SKU-001;3;45000;500;CASH
REC-20260815-STORE_04-0057;STORE_04;CASH-01;2026-08-15 8:06:09;SKU-018;1;5000;0;CASH
REC-20260815-STORE_04-0058;STORE_04;CASH-03;2026-08-15 19:35:48;SKU-007;4;12000;0;CARD
REC-20260815-STORE_04-0058;STORE_04;CASH-10;2026-08-15 19:35:48;SKU-006;3;45000;0;CARD
REC-20260815-STORE_04-0059;STORE_04;CASH-04;2026-08-15 8:06:15;SKU-005;1;5000;0;CASH
REC-20260815-STORE_04-0059;STORE_04;CASH-05;2026-08-15 8:06:15;SKU-002;4;12000;0;CARD
REC-20260815-STORE_04-0060;STORE_04;CASH-01;2026-08-15 8:28:21;SKU-012;1;45000;500;CARD
REC-20260815-STORE_04-0060;STORE_04;CASH-01;2026-08-15 8:28:21;SKU-003;1;45000;0;CARD
REC-20260815-STORE_04-0060;STORE_04;CASH-01;2026-08-15 8:28:21;SKU-050;1;25000;1000;CARD
REC-20260815-STORE_04-0060;STORE_04;CASH-03;2026-08-15 8:28:21;SKU-014;2;5000;0;CASH
REC-20260815-STORE_04-0060;STORE_04;CASH-01;2026-08-15 8:28:21;SKU-028;3;5000;500;CASH
REC-20260815-STORE_04-0061;STORE_04;CASH-10;2026-08-15 15:22:54;SKU-027;1;5000;1000;CARD
REC-20260815-STORE_04-0061;STORE_04;CASH-05;2026-08-15 15:22:54;SKU-024;2;12000;500;CARD
REC-20260815-STORE_04-0062;STORE_04;CASH-03;2026-08-15 11:52:17;SKU-017;4;12000;0;CASH
REC-20260815-STORE_04-0062;STORE_04;CASH-03;2026-08-15 11:52:17;SKU-047;2;5000;500;CARD
REC-20260815-STORE_04-0062;STORE_04;CASH-04;2026-08-15 11:52:17;SKU-003;1;45000;0;CASH
REC-20260815-STORE_04-0062;STORE_04;CASH-10;2026-08-15 11:52:17;SKU-001;4;45000;0;CARD
REC-20260815-STORE_04-0062;STORE_04;CASH-07;2026-08-15 11:52:17;SKU-003;2;45000;0;CARD
REC-20260815-STORE_04-0063;STORE_04;CASH-07;2026-08-15 12:07:38;SKU-006;2;45000;0;CASH
REC-20260815-STORE_04-0063;STORE_04;CASH-09;2026-08-15 12:07:38;SKU-029;4;5000;0;CASH
REC-20260815-STORE_04-0063;STORE_04;CASH-07;2026-08-15 12:07:38;SKU-002;3;12000;500;CARD
REC-20260815-STORE_04-0063;STORE_04;CASH-07;2026-08-15 12:07:38;SKU-026;4;12000;0;CASH
REC-20260815-STORE_04-0063;STORE_04;CASH-06;2026-08-15 12:07:38;SKU-005;2;5000;0;CARD
REC-20260815-STORE_04-0064;STORE_04;CASH-07;2026-08-15 12:58:35;SKU-002;1;12000;0;CARD
REC-20260815-STORE_04-0064;STORE_04;CASH-07;2026-08-15 12:58:35;SKU-023;2;45000;0;CARD
REC-20260815-STORE_04-0064;STORE_04;CASH-02;2026-08-15 12:58:35;SKU-004;3;25000;0;CASH
REC-20260815-STORE_04-0065;STORE_04;CASH-03;2026-08-15 19:09:09;SKU-001;4;45000;0;CARD
REC-20260815-STORE_04-0066;STORE_04;CASH-07;2026-08-15 20:57:45;SKU-003;4;45000;0;CASH
REC-20260815-STORE_04-0066;STORE_04;CASH-09;2026-08-15 20:57:45;SKU-028;1;5000;500;CASH
REC-20260815-STORE_04-0066;STORE_04;CASH-10;2026-08-15 20:57:45;SKU-015;1;5000;0;CASH
REC-20260815-STORE_04-0066;STORE_04;CASH-06;2026-08-15 20:57:45;SKU-003;1;45000;0;CARD
REC-20260815-STORE_04-0067;STORE_04;CASH-08;2026-08-15 13:00:02;SKU-002;2;12000;0;CARD
REC-20260815-STORE_04-0068;STORE_04;CASH-02;2026-08-15 10:58:54;SKU-027;2;5000;0;CARD
REC-20260815-STORE_04-0068;STORE_04;CASH-09;2026-08-15 10:58:54;SKU-003;2;45000;0;CARD
REC-20260815-STORE_04-0068;STORE_04;CASH-06;2026-08-15 10:58:54;SKU-027;2;5000;0;CARD
REC-20260815-STORE_04-0068;STORE_04;CASH-08;2026-08-15 10:58:54;SKU-040;3;25000;0;CASH
REC-20260815-STORE_04-0068;STORE_04;CASH-05;2026-08-15 10:58:54;SKU-008;4;12000;0;CASH
REC-20260815-STORE_04-0069;STORE_04;CASH-10;2026-08-15 18:34:57;SKU-003;4;45000;0;CARD
REC-20260815-STORE_04-0069;STORE_04;CASH-08;2026-08-15 18:34:57;SKU-001;1;45000;1000;CARD
REC-20260815-STORE_04-0070;STORE_04;CASH-09;2026-08-15 8:00:09;SKU-001;2;45000;1000;CASH
REC-20260815-STORE_04-0070;STORE_04;CASH-08;2026-08-15 8:00:09;SKU-003;3;45000;1000;CARD
REC-20260815-STORE_04-0070;STORE_04;CASH-09;2026-08-15 8:00:09;SKU-018;1;5000;1000;CARD
REC-20260815-STORE_04-0070;STORE_04;CASH-08;2026-08-15 8:00:09;SKU-001;3;45000;0;CARD
REC-20260815-STORE_04-0070;STORE_04;CASH-03;2026-08-15 8:00:09;SKU-001;3;45000;0;CARD
REC-20260815-STORE_04-0071;STORE_04;CASH-04;2026-08-15 11:44:26;SKU-003;1;45000;0;CASH
REC-20260815-STORE_04-0071;STORE_04;CASH-03;2026-08-15 11:44:26;SKU-009;3;25000;1000;CARD
REC-20260815-STORE_04-0071;STORE_04;CASH-04;2026-08-15 11:44:26;SKU-009;1;25000;0;CARD
REC-20260815-STORE_04-0071;STORE_04;CASH-03;2026-08-15 11:44:26;SKU-004;3;25000;0;CARD
REC-20260815-STORE_04-0071;STORE_04;CASH-08;2026-08-15 11:44:26;SKU-001;1;45000;0;CASH
REC-20260815-STORE_04-0072;STORE_04;CASH-05;2026-08-15 12:08:03;SKU-008;2;12000;1000;CARD
REC-20260815-STORE_04-0072;STORE_04;CASH-10;2026-08-15 12:08:03;SKU-043;3;25000;1000;CARD
REC-20260815-STORE_04-0072;STORE_04;CASH-06;2026-08-15 12:08:03;SKU-005;1;5000;500;CARD
REC-20260815-STORE_04-0072;STORE_04;CASH-10;2026-08-15 12:08:03;SKU-015;4;5000;0;CARD
REC-20260815-STORE_04-0072;STORE_04;CASH-01;2026-08-15 12:08:03;SKU-034;1;25000;1000;CASH
REC-20260815-STORE_04-0073;STORE_04;CASH-01;2026-08-15 11:30:48;SKU-013;4;12000;0;CARD
REC-20260815-STORE_04-0073;STORE_04;CASH-10;2026-08-15 11:30:48;SKU-004;2;25000;500;CARD
REC-20260815-STORE_04-0074;STORE_04;CASH-07;2026-08-15 20:26:31;SKU-003;4;45000;500;CARD
REC-20260815-STORE_04-0074;STORE_04;CASH-10;2026-08-15 20:26:31;SKU-010;2;25000;500;CARD
REC-20260815-STORE_04-0074;STORE_04;CASH-06;2026-08-15 20:26:31;SKU-036;2;45000;0;CARD
REC-20260815-STORE_04-0075;STORE_04;CASH-04;2026-08-15 21:10:27;SKU-004;3;25000;1000;CASH
REC-20260815-STORE_04-0076;STORE_04;CASH-03;2026-08-15 14:44:33;SKU-039;3;5000;0;CARD
REC-20260815-STORE_04-0077;STORE_04;CASH-01;2026-08-15 8:04:45;SKU-023;3;45000;1000;CARD
REC-20260815-STORE_04-0077;STORE_04;CASH-05;2026-08-15 8:04:45;SKU-010;2;25000;0;CARD
REC-20260815-STORE_04-0078;STORE_04;CASH-10;2026-08-15 20:55:11;SKU-045;4;45000;0;CARD
REC-20260815-STORE_04-0078;STORE_04;CASH-08;2026-08-15 20:55:11;SKU-004;3;25000;500;CARD
REC-20260815-STORE_04-0078;STORE_04;CASH-10;2026-08-15 20:55:11;SKU-003;4;45000;0;CARD
REC-20260815-STORE_04-0078;STORE_04;CASH-04;2026-08-15 20:55:11;SKU-021;2;5000;500;CARD
REC-20260815-STORE_04-0079;STORE_04;CASH-10;2026-08-15 18:44:35;SKU-008;2;12000;0;CARD
REC-20260815-STORE_04-0079;STORE_04;CASH-08;2026-08-15 18:44:35;SKU-002;2;12000;1000;CARD
REC-20260815-STORE_04-0079;STORE_04;CASH-03;2026-08-15 18:44:35;SKU-001;2;45000;0;CARD
REC-20260815-STORE_04-0080;STORE_04;CASH-05;2026-08-15 21:40:05;SKU-006;3;45000;500;CASH
REC-20260815-STORE_04-0080;STORE_04;CASH-08;2026-08-15 21:40:05;SKU-002;4;12000;1000;CASH
REC-20260815-STORE_04-0080;STORE_04;CASH-01;2026-08-15 21:40:05;SKU-002;1;12000;0;CARD
REC-20260815-STORE_04-0080;STORE_04;CASH-03;2026-08-15 21:40:05;SKU-010;1;25000;500;CASH
REC-20260815-STORE_04-0080;STORE_04;CASH-06;2026-08-15 21:40:05;SKU-001;2;45000;0;CARD
REC-20260815-STORE_04-0081;STORE_04;CASH-10;2026-08-15 17:43:46;SKU-001;3;45000;500;CASH
REC-20260815-STORE_04-0082;STORE_04;CASH-01;2026-08-15 21:26:49;SKU-003;2;45000;0;CARD
REC-20260815-STORE_04-0082;STORE_04;CASH-02;2026-08-15 21:26:49;SKU-001;2;45000;0;CARD
REC-20260815-STORE_04-0082;STORE_04;CASH-03;2026-08-15 21:26:49;SKU-001;4;45000;0;CASH
REC-20260815-STORE_04-0083;STORE_04;CASH-08;2026-08-15 18:15:40;SKU-030;4;45000;0;CARD
REC-20260815-STORE_04-0084;STORE_04;CASH-08;2026-08-15 21:51:54;SKU-002;3;12000;0;CARD
REC-20260815-STORE_04-0084;STORE_04;CASH-01;2026-08-15 21:51:54;SKU-017;3;12000;0;CASH
REC-20260815-STORE_04-0084;STORE_04;CASH-05;2026-08-15 21:51:54;SKU-001;3;45000;0;CARD
REC-20260815-STORE_04-0084;STORE_04;CASH-09;2026-08-15 21:51:54;SKU-001;2;45000;500;CARD
REC-20260815-STORE_04-0084;STORE_04;CASH-05;2026-08-15 21:51:54;SKU-018;3;5000;0;CASH
REC-20260815-STORE_04-0085;STORE_04;CASH-02;2026-08-15 9:01:47;SKU-001;4;45000;0;CARD
REC-20260815-STORE_04-0085;STORE_04;CASH-05;2026-08-15 9:01:47;SKU-003;3;45000;0;CARD
REC-20260815-STORE_04-0085;STORE_04;CASH-08;2026-08-15 9:01:47;SKU-001;2;45000;0;CARD
REC-20260815-STORE_04-0085;STORE_04;CASH-02;2026-08-15 9:01:47;SKU-040;1;25000;500;CARD
REC-20260815-STORE_04-0086;STORE_04;CASH-05;2026-08-15 12:09:54;SKU-028;4;5000;500;CARD
REC-20260815-STORE_04-0086;STORE_04;CASH-04;2026-08-15 12:09:54;SKU-025;1;5000;0;CARD
REC-20260815-STORE_04-0086;STORE_04;CASH-04;2026-08-15 12:09:54;SKU-036;2;45000;1000;CARD
REC-20260815-STORE_04-0086;STORE_04;CASH-07;2026-08-15 12:09:54;SKU-004;3;25000;0;CASH
REC-20260815-STORE_04-0086;STORE_04;CASH-05;2026-08-15 12:09:54;SKU-005;4;5000;1000;CARD
REC-20260815-STORE_04-0087;STORE_04;CASH-04;2026-08-15 15:04:07;SKU-005;3;5000;1000;CARD
REC-20260815-STORE_04-0087;STORE_04;CASH-06;2026-08-15 15:04:07;SKU-011;3;5000;1000;CASH
REC-20260815-STORE_04-0087;STORE_04;CASH-05;2026-08-15 15:04:07;SKU-007;1;12000;0;CASH
REC-20260815-STORE_04-0088;STORE_04;CASH-07;2026-08-15 9:00:18;SKU-002;2;12000;0;CARD
REC-20260815-STORE_04-0089;STORE_04;CASH-06;2026-08-15 17:18:18;SKU-001;1;45000;0;CASH
REC-20260815-STORE_04-0090;STORE_04;CASH-10;2026-08-15 13:55:46;SKU-024;4;12000;0;CARD
REC-20260815-STORE_04-0090;STORE_04;CASH-08;2026-08-15 13:55:46;SKU-006;1;45000;0;CARD
REC-20260815-STORE_04-0091;STORE_04;CASH-07;2026-08-15 9:14:54;SKU-005;2;5000;0;CASH
REC-20260815-STORE_04-0091;STORE_04;CASH-09;2026-08-15 9:14:54;SKU-006;3;45000;1000;CARD
REC-20260815-STORE_04-0091;STORE_04;CASH-03;2026-08-15 9:14:54;SKU-001;4;45000;500;CARD
REC-20260815-STORE_04-0091;STORE_04;CASH-03;2026-08-15 9:14:54;SKU-005;4;5000;0;CARD
REC-20260815-STORE_04-0091;STORE_04;CASH-05;2026-08-15 9:14:54;SKU-024;4;12000;0;CARD
REC-20260815-STORE_04-0092;STORE_04;CASH-02;2026-08-15 18:37:00;SKU-005;4;5000;0;CARD
REC-20260815-STORE_04-0092;STORE_04;CASH-01;2026-08-15 18:37:00;SKU-015;4;5000;0;CARD
REC-20260815-STORE_04-0092;STORE_04;CASH-01;2026-08-15 18:37:00;SKU-011;4;5000;0;CARD
REC-20260815-STORE_04-0092;STORE_04;CASH-06;2026-08-15 18:37:00;SKU-002;4;12000;0;CARD
REC-20260815-STORE_04-0093;STORE_04;CASH-03;2026-08-15 15:53:46;SKU-044;1;5000;500;CASH
REC-20260815-STORE_04-0093;STORE_04;CASH-04;2026-08-15 15:53:46;SKU-003;1;45000;0;CARD
REC-20260815-STORE_04-0094;STORE_04;CASH-04;2026-08-15 8:57:39;SKU-002;4;12000;0;CARD
REC-20260815-STORE_04-0094;STORE_04;CASH-05;2026-08-15 8:57:39;SKU-001;1;45000;0;CARD
REC-20260815-STORE_04-0094;STORE_04;CASH-09;2026-08-15 8:57:39;SKU-004;1;25000;500;CASH
REC-20260815-STORE_04-0095;STORE_04;CASH-08;2026-08-15 9:51:14;SKU-010;3;25000;0;CARD
REC-20260815-STORE_04-0095;STORE_04;CASH-09;2026-08-15 9:51:14;SKU-025;2;5000;0;CARD
REC-20260815-STORE_04-0096;STORE_04;CASH-07;2026-08-15 10:04:13;SKU-011;1;5000;1000;CARD
REC-20260815-STORE_04-0097;STORE_04;CASH-07;2026-08-15 15:40:34;SKU-002;4;12000;500;CARD
REC-20260815-STORE_04-0097;STORE_04;CASH-05;2026-08-15 15:40:34;SKU-043;3;25000;1000;CARD
REC-20260815-STORE_04-0097;STORE_04;CASH-05;2026-08-15 15:40:34;SKU-002;1;12000;0;CASH
REC-20260815-STORE_04-0097;STORE_04;CASH-05;2026-08-15 15:40:34;SKU-009;2;25000;1000;CARD
REC-20260815-STORE_04-0097;STORE_04;CASH-02;2026-08-15 15:40:34;SKU-010;3;25000;0;CARD
REC-20260815-STORE_04-0098;STORE_04;CASH-03;2026-08-15 9:48:41;SKU-006;1;45000;0;CARD
REC-20260815-STORE_04-0098;STORE_04;CASH-02;2026-08-15 9:48:41;SKU-003;2;45000;500;CARD
REC-20260815-STORE_04-0099;STORE_04;CASH-02;2026-08-15 18:50:47;SKU-005;2;5000;1000;CASH
REC-20260815-STORE_04-0099;STORE_04;CASH-03;2026-08-15 18:50:47;SKU-003;2;45000;0;CASH
REC-20260815-STORE_04-0099;STORE_04;CASH-07;2026-08-15 18:50:47;SKU-020;2;12000;0;CASH
REC-20260815-STORE_04-0100;STORE_04;CASH-02;2026-08-15 21:42:09;SKU-008;2;12000;0;CARD
REC-20260815-STORE_04-0100;STORE_04;CASH-10;2026-08-15 21:42:09;SKU-006;4;45000;0;CASH
REC-20260815-STORE_04-0100;STORE_04;CASH-02;2026-08-15 21:42:09;SKU-002;4;12000;0;CASH
REC-20260815-STORE_04-0101;STORE_04;CASH-02;2026-08-15 21:00:21;SKU-042;3;5000;0;CARD
REC-20260815-STORE_04-0101;STORE_04;CASH-03;2026-08-15 21:00:21;SKU-021;3;5000;500;CARD
REC-20260815-STORE_04-0102;STORE_04;CASH-01;2026-08-15 14:06:57;SKU-006;2;45000;0;CARD
REC-20260815-STORE_04-0103;STORE_04;CASH-03;2026-08-15 16:51:04;SKU-034;1;25000;500;CASH
REC-20260815-STORE_04-0103;STORE_04;CASH-09;2026-08-15 16:51:04;SKU-009;4;25000;1000;CARD
REC-20260815-STORE_04-0103;STORE_04;CASH-03;2026-08-15 16:51:04;SKU-002;2;12000;1000;CASH
REC-20260815-STORE_04-0104;STORE_04;CASH-09;2026-08-15 20:47:59;SKU-003;3;45000;0;CARD
REC-20260815-STORE_04-0104;STORE_04;CASH-06;2026-08-15 20:47:59;SKU-009;2;25000;0;CASH
REC-20260815-STORE_04-0104;STORE_04;CASH-08;2026-08-15 20:47:59;SKU-002;1;12000;0;CARD
REC-20260815-STORE_04-0104;STORE_04;CASH-03;2026-08-15 20:47:59;SKU-037;1;45000;500;CARD
REC-20260815-STORE_04-0105;STORE_04;CASH-02;2026-08-15 12:25:17;SKU-029;1;5000;0;CARD
REC-20260815-STORE_04-0106;STORE_04;CASH-03;2026-08-15 13:31:16;SKU-042;4;5000;1000;CARD
REC-20260815-STORE_04-0106;STORE_04;CASH-05;2026-08-15 13:31:16;SKU-001;1;45000;0;CASH
REC-20260815-STORE_04-0106;STORE_04;CASH-10;2026-08-15 13:31:16;SKU-001;3;45000;1000;CASH
REC-20260815-STORE_04-0106;STORE_04;CASH-01;2026-08-15 13:31:16;SKU-001;1;45000;0;CASH
REC-20260815-STORE_04-0106;STORE_04;CASH-10;2026-08-15 13:31:16;SKU-004;1;25000;500;CASH
REC-20260815-STORE_04-0107;STORE_04;CASH-04;2026-08-15 12:59:04;SKU-001;1;45000;0;CARD
REC-20260815-STORE_04-0107;STORE_04;CASH-06;2026-08-15 12:59:04;SKU-002;4;12000;0;CARD
REC-20260815-STORE_04-0108;STORE_04;CASH-10;2026-08-15 16:38:19;SKU-004;2;25000;0;CASH
REC-20260815-STORE_04-0108;STORE_04;CASH-08;2026-08-15 16:38:19;SKU-029;2;5000;0;CARD
REC-20260815-STORE_04-0108;STORE_04;CASH-07;2026-08-15 16:38:19;SKU-015;3;5000;0;CARD
REC-20260815-STORE_04-0108;STORE_04;CASH-02;2026-08-15 16:38:19;SKU-004;4;25000;0;CASH
REC-20260815-STORE_04-0108;STORE_04;CASH-04;2026-08-15 16:38:19;SKU-003;3;45000;1000;CASH
REC-20260815-STORE_04-0109;STORE_04;CASH-04;2026-08-15 20:53:09;SKU-039;2;5000;1000;CARD
REC-20260815-STORE_04-0109;STORE_04;CASH-10;2026-08-15 20:53:09;SKU-011;1;5000;0;CARD
REC-20260815-STORE_04-0109;STORE_04;CASH-07;2026-08-15 20:53:09;SKU-001;3;45000;0;CASH
REC-20260815-STORE_04-0109;STORE_04;CASH-02;2026-08-15 20:53:09;SKU-003;2;45000;500;CASH
REC-20260815-STORE_04-0109;STORE_04;CASH-05;2026-08-15 20:53:09;SKU-017;4;12000;0;CASH
REC-20260815-STORE_04-0110;STORE_04;CASH-01;2026-08-15 9:31:35;SKU-003;3;45000;0;CASH
REC-20260815-STORE_04-0110;STORE_04;CASH-08;2026-08-15 9:31:35;SKU-034;2;25000;1000;CARD
REC-20260815-STORE_04-0111;STORE_04;CASH-10;2026-08-15 11:44:33;SKU-014;3;5000;0;CASH
REC-20260815-STORE_04-0111;STORE_04;CASH-07;2026-08-15 11:44:33;SKU-001;2;45000;0;CARD
REC-20260815-STORE_04-0111;STORE_04;CASH-09;2026-08-15 11:44:33;SKU-002;1;12000;500;CASH
REC-20260815-STORE_04-0111;STORE_04;CASH-07;2026-08-15 11:44:33;SKU-004;1;25000;0;CASH
REC-20260815-STORE_04-0112;STORE_04;CASH-08;2026-08-15 8:10:41;SKU-010;1;25000;500;CARD
REC-20260815-STORE_04-0112;STORE_04;CASH-01;2026-08-15 8:10:41;SKU-002;4;12000;0;CARD
REC-20260815-STORE_04-0113;STORE_04;CASH-07;2026-08-15 11:01:08;SKU-002;4;12000;1000;CARD
REC-20260815-STORE_04-0113;STORE_04;CASH-07;2026-08-15 11:01:08;SKU-003;3;45000;0;CARD
REC-20260815-STORE_04-0114;STORE_04;CASH-03;2026-08-15 14:26:06;SKU-001;2;45000;500;CARD
REC-20260815-STORE_04-0114;STORE_04;CASH-06;2026-08-15 14:26:06;SKU-001;1;45000;0;CARD
REC-20260815-STORE_04-0114;STORE_04;CASH-02;2026-08-15 14:26:06;SKU-010;1;25000;0;CASH
REC-20260815-STORE_04-0115;STORE_04;CASH-01;2026-08-15 19:08:30;SKU-008;2;12000;1000;CARD
REC-20260815-STORE_04-0115;STORE_04;CASH-08;2026-08-15 19:08:30;SKU-006;1;45000;500;CARD
REC-20260815-STORE_04-0115;STORE_04;CASH-03;2026-08-15 19:08:30;SKU-024;2;12000;0;CARD
REC-20260815-STORE_04-0115;STORE_04;CASH-07;2026-08-15 19:08:30;SKU-003;3;45000;0;CARD
REC-20260815-STORE_04-0115;STORE_04;CASH-06;2026-08-15 19:08:30;SKU-033;4;5000;0;CARD
REC-20260815-STORE_04-0116;STORE_04;CASH-09;2026-08-15 13:59:34;SKU-001;3;45000;0;CASH
REC-20260815-STORE_04-0116;STORE_04;CASH-05;2026-08-15 13:59:34;SKU-001;1;45000;1000;CARD
REC-20260815-STORE_04-0116;STORE_04;CASH-10;2026-08-15 13:59:34;SKU-001;4;45000;0;CARD
REC-20260815-STORE_04-0117;STORE_04;CASH-04;2026-08-15 14:25:49;SKU-006;4;45000;1000;CARD
REC-20260815-STORE_04-0117;STORE_04;CASH-03;2026-08-15 14:25:49;SKU-001;2;45000;0;CASH
REC-20260815-STORE_04-0118;STORE_04;CASH-08;2026-08-15 17:03:48;SKU-001;3;45000;0;CARD
REC-20260815-STORE_04-0118;STORE_04;CASH-04;2026-08-15 17:03:48;SKU-001;3;45000;0;CARD
REC-20260815-STORE_04-0118;STORE_04;CASH-01;2026-08-15 17:03:48;SKU-044;2;5000;0;CASH
REC-20260815-STORE_04-0119;STORE_04;CASH-02;2026-08-15 10:05:16;SKU-001;1;45000;0;CARD
REC-20260815-STORE_04-0120;STORE_04;CASH-10;2026-08-15 12:29:01;SKU-002;2;12000;0;CARD
REC-20260815-STORE_04-0120;STORE_04;CASH-06;2026-08-15 12:29:01;SKU-002;1;12000;0;CARD
REC-20260815-STORE_04-0121;STORE_04;CASH-01;2026-08-15 15:21:55;SKU-001;3;45000;0;CARD
REC-20260815-STORE_04-0121;STORE_04;CASH-06;2026-08-15 15:21:55;SKU-001;3;45000;0;CARD
REC-20260815-STORE_04-0121;STORE_04;CASH-09;2026-08-15 15:21:55;SKU-010;1;25000;1000;CARD
REC-20260815-STORE_04-0121;STORE_04;CASH-06;2026-08-15 15:21:55;SKU-033;1;5000;0;CASH
REC-20260815-STORE_04-0121;STORE_04;CASH-03;2026-08-15 15:21:55;SKU-006;4;45000;0;CASH
REC-20260815-STORE_04-0122;STORE_04;CASH-05;2026-08-15 18:02:32;SKU-035;2;5000;0;CARD
REC-20260815-STORE_04-0123;STORE_04;CASH-04;2026-08-15 10:48:28;SKU-014;4;5000;0;CASH
REC-20260815-STORE_04-0124;STORE_04;CASH-10;2026-08-15 18:53:40;SKU-012;4;45000;0;CASH
REC-20260815-STORE_04-0124;STORE_04;CASH-08;2026-08-15 18:53:40;SKU-005;4;5000;500;CASH
REC-20260815-STORE_04-0124;STORE_04;CASH-08;2026-08-15 18:53:40;SKU-036;4;45000;500;CARD
REC-20260815-STORE_04-0125;STORE_04;CASH-01;2026-08-15 15:14:31;SKU-049;3;5000;0;CARD
REC-20260815-STORE_04-0125;STORE_04;CASH-09;2026-08-15 15:14:31;SKU-001;1;45000;0;CASH
REC-20260815-STORE_04-0126;STORE_04;CASH-07;2026-08-15 13:13:32;SKU-003;4;45000;0;CARD
REC-20260815-STORE_04-0126;STORE_04;CASH-10;2026-08-15 13:13:32;SKU-035;2;5000;0;CASH
REC-20260815-STORE_04-0126;STORE_04;CASH-06;2026-08-15 13:13:32;SKU-030;3;45000;0;CASH
REC-20260815-STORE_04-0126;STORE_04;CASH-01;2026-08-15 13:13:32;SKU-001;3;45000;0;CARD
REC-20260815-STORE_04-0126;STORE_04;CASH-02;2026-08-15 13:13:32;SKU-020;2;12000;0;CARD
REC-20260815-STORE_04-0127;STORE_04;CASH-04;2026-08-15 17:48:53;SKU-005;3;5000;500;CARD
REC-20260815-STORE_04-0127;STORE_04;CASH-02;2026-08-15 17:48:53;SKU-005;2;5000;500;CASH
REC-20260815-STORE_04-0127;STORE_04;CASH-01;2026-08-15 17:48:53;SKU-003;1;45000;1000;CARD
REC-20260815-STORE_04-0128;STORE_04;CASH-06;2026-08-15 8:08:17;SKU-001;4;45000;0;CARD
REC-20260815-STORE_04-0128;STORE_04;CASH-03;2026-08-15 8:08:17;SKU-006;2;45000;500;CARD
REC-20260815-STORE_04-0129;STORE_04;CASH-05;2026-08-15 18:16:59;SKU-006;1;45000;0;CASH
REC-20260815-STORE_04-0129;STORE_04;CASH-09;2026-08-15 18:16:59;SKU-030;2;45000;500;CARD
REC-20260815-STORE_04-0129;STORE_04;CASH-01;2026-08-15 18:16:59;SKU-002;2;12000;500;CASH
REC-20260815-STORE_04-0129;STORE_04;CASH-02;2026-08-15 18:16:59;SKU-027;4;5000;500;CARD
REC-20260815-STORE_04-0130;STORE_04;CASH-03;2026-08-15 16:32:36;SKU-003;2;45000;0;CARD
REC-20260815-STORE_04-0130;STORE_04;CASH-02;2026-08-15 16:32:36;SKU-006;4;45000;0;CARD
REC-20260815-STORE_04-0130;STORE_04;CASH-10;2026-08-15 16:32:36;SKU-001;1;45000;500;CASH
REC-20260815-STORE_04-0131;STORE_04;CASH-10;2026-08-15 17:11:44;SKU-003;1;45000;0;CARD
REC-20260815-STORE_04-0131;STORE_04;CASH-06;2026-08-15 17:11:44;SKU-003;3;45000;500;CASH
REC-20260815-STORE_04-0131;STORE_04;CASH-09;2026-08-15 17:11:44;SKU-004;4;25000;0;CASH
REC-20260815-STORE_04-0131;STORE_04;CASH-04;2026-08-15 17:11:44;SKU-003;2;45000;0;CASH
REC-20260815-STORE_04-0132;STORE_04;CASH-10;2026-08-15 16:31:43;SKU-007;3;12000;0;CARD
REC-20260815-STORE_04-0132;STORE_04;CASH-05;2026-08-15 16:31:43;SKU-011;2;5000;0;CASH
REC-20260815-STORE_04-0133;STORE_04;CASH-08;2026-08-15 18:44:52;SKU-002;3;12000;0;CARD
REC-20260815-STORE_04-0133;STORE_04;CASH-04;2026-08-15 18:44:52;SKU-011;3;5000;500;CARD
REC-20260815-STORE_04-0133;STORE_04;CASH-08;2026-08-15 18:44:52;SKU-003;1;45000;0;CASH
REC-20260815-STORE_04-0133;STORE_04;CASH-04;2026-08-15 18:44:52;SKU-013;4;12000;500;CARD
REC-20260815-STORE_04-0133;STORE_04;CASH-04;2026-08-15 18:44:52;SKU-007;2;12000;1000;CASH
REC-20260815-STORE_04-0134;STORE_04;CASH-09;2026-08-15 15:03:07;SKU-003;1;45000;0;CARD
REC-20260815-STORE_04-0134;STORE_04;CASH-01;2026-08-15 15:03:07;SKU-002;3;12000;500;CARD
REC-20260815-STORE_04-0134;STORE_04;CASH-01;2026-08-15 15:03:07;SKU-008;4;12000;0;CASH
REC-20260815-STORE_04-0135;STORE_04;CASH-03;2026-08-15 15:41:59;SKU-001;4;45000;0;CARD
REC-20260815-STORE_04-0135;STORE_04;CASH-04;2026-08-15 15:41:59;SKU-007;1;12000;0;CARD
REC-20260815-STORE_04-0135;STORE_04;CASH-03;2026-08-15 15:41:59;SKU-002;1;12000;0;CARD
REC-20260815-STORE_04-0136;STORE_04;CASH-02;2026-08-15 12:24:25;SKU-007;4;12000;1000;CARD
REC-20260815-STORE_04-0136;STORE_04;CASH-01;2026-08-15 12:24:25;SKU-008;1;12000;0;CASH
REC-20260815-STORE_04-0137;STORE_04;CASH-10;2026-08-15 10:01:01;SKU-001;1;45000;1000;CASH
REC-20260815-STORE_04-0137;STORE_04;CASH-08;2026-08-15 10:01:01;SKU-007;2;12000;0;CASH
REC-20260815-STORE_04-0137;STORE_04;CASH-09;2026-08-15 10:01:01;SKU-001;2;45000;0;CASH
REC-20260815-STORE_04-0138;STORE_04;CASH-08;2026-08-15 17:34:27;SKU-037;2;45000;500;CASH
REC-20260815-STORE_04-0138;STORE_04;CASH-06;2026-08-15 17:34:27;SKU-003;2;45000;1000;CASH
REC-20260815-STORE_04-0138;STORE_04;CASH-06;2026-08-15 17:34:27;SKU-010;2;25000;1000;CASH
REC-20260815-STORE_04-0139;STORE_04;CASH-08;2026-08-15 20:26:58;SKU-004;3;25000;500;CARD
REC-20260815-STORE_04-0139;STORE_04;CASH-02;2026-08-15 20:26:58;SKU-008;1;12000;0;CARD
REC-20260815-STORE_04-0139;STORE_04;CASH-08;2026-08-15 20:26:58;SKU-001;4;45000;500;CARD
REC-20260815-STORE_04-0139;STORE_04;CASH-03;2026-08-15 20:26:58;SKU-002;3;12000;500;CARD
REC-20260815-STORE_04-0140;STORE_04;CASH-07;2026-08-15 18:31:21;SKU-001;2;45000;0;CARD
REC-20260815-STORE_04-0140;STORE_04;CASH-06;2026-08-15 18:31:21;SKU-001;3;45000;0;CARD
REC-20260815-STORE_04-0141;STORE_04;CASH-05;2026-08-15 11:44:08;SKU-007;2;12000;1000;CARD
REC-20260815-STORE_04-0142;STORE_04;CASH-09;2026-08-15 16:19:51;SKU-006;2;45000;500;CARD
REC-20260815-STORE_04-0142;STORE_04;CASH-03;2026-08-15 16:19:51;SKU-001;1;45000;0;CARD
REC-20260815-STORE_04-0142;STORE_04;CASH-01;2026-08-15 16:19:51;SKU-002;1;12000;0;CASH
REC-20260815-STORE_04-0142;STORE_04;CASH-01;2026-08-15 16:19:51;SKU-003;4;45000;0;CASH
REC-20260815-STORE_04-0142;STORE_04;CASH-08;2026-08-15 16:19:51;SKU-004;1;25000;0;CASH
REC-20260815-STORE_04-0143;STORE_04;CASH-02;2026-08-15 13:09:47;SKU-015;2;5000;500;CARD
REC-20260815-STORE_04-0143;STORE_04;CASH-06;2026-08-15 13:09:47;SKU-001;2;45000;500;CARD
REC-20260815-STORE_04-0143;STORE_04;CASH-09;2026-08-15 13:09:47;SKU-031;2;45000;0;CARD
REC-20260815-STORE_04-0143;STORE_04;CASH-06;2026-08-15 13:09:47;SKU-002;3;12000;1000;CARD
REC-20260815-STORE_04-0143;STORE_04;CASH-09;2026-08-15 13:09:47;SKU-005;2;5000;0;CARD
REC-20260815-STORE_04-0144;STORE_04;CASH-09;2026-08-15 11:53:44;SKU-002;4;12000;0;CARD
REC-20260815-STORE_04-0144;STORE_04;CASH-05;2026-08-15 11:53:44;SKU-008;2;12000;1000;CARD
REC-20260815-STORE_04-0144;STORE_04;CASH-05;2026-08-15 11:53:44;SKU-003;1;45000;0;CARD
REC-20260815-STORE_04-0144;STORE_04;CASH-05;2026-08-15 11:53:44;SKU-003;2;45000;500;CARD
REC-20260815-STORE_04-0145;STORE_04;CASH-10;2026-08-15 11:35:58;SKU-011;2;5000;0;CARD
REC-20260815-STORE_04-0145;STORE_04;CASH-03;2026-08-15 11:35:58;SKU-013;3;12000;0;CARD
REC-20260815-STORE_04-0145;STORE_04;CASH-10;2026-08-15 11:35:58;SKU-008;2;12000;1000;CARD
REC-20260815-STORE_04-0145;STORE_04;CASH-06;2026-08-15 11:35:58;SKU-001;1;45000;1000;CARD
REC-20260815-STORE_04-0146;STORE_04;CASH-09;2026-08-15 15:55:15;SKU-019;2;25000;0;CASH
REC-20260815-STORE_04-0146;STORE_04;CASH-09;2026-08-15 15:55:15;SKU-002;3;12000;0;CARD
REC-20260815-STORE_04-0146;STORE_04;CASH-01;2026-08-15 15:55:15;SKU-004;2;25000;1000;CASH
REC-20260815-STORE_04-0147;STORE_04;CASH-10;2026-08-15 13:39:41;SKU-010;3;25000;0;CARD
REC-20260815-STORE_04-0147;STORE_04;CASH-01;2026-08-15 13:39:41;SKU-010;3;25000;0;CARD
REC-20260815-STORE_04-0148;STORE_04;CASH-01;2026-08-15 10:31:53;SKU-002;1;12000;0;CARD
REC-20260815-STORE_04-0148;STORE_04;CASH-07;2026-08-15 10:31:53;SKU-003;2;45000;0;CARD
REC-20260815-STORE_04-0148;STORE_04;CASH-09;2026-08-15 10:31:53;SKU-037;3;45000;0;CARD
REC-20260815-STORE_04-0148;STORE_04;CASH-05;2026-08-15 10:31:53;SKU-011;1;5000;500;CARD
REC-20260815-STORE_04-0149;STORE_04;CASH-09;2026-08-15 17:50:20;SKU-005;3;5000;0;CARD
REC-20260815-STORE_04-0149;STORE_04;CASH-08;2026-08-15 17:50:20;SKU-003;2;45000;0;CASH
REC-20260815-STORE_04-0149;STORE_04;CASH-07;2026-08-15 17:50:20;SKU-020;2;12000;0;CARD
REC-20260815-STORE_04-0150;STORE_04;CASH-05;2026-08-15 10:14:40;SKU-002;1;12000;500;CASH
REC-20260815-STORE_04-0150;STORE_04;CASH-02;2026-08-15 10:14:40;SKU-010;2;25000;0;CASH
REC-20260815-STORE_04-0150;STORE_04;CASH-09;2026-08-15 10:14:40;SKU-018;2;5000;500;CARD
REC-20260815-STORE_04-0150;STORE_04;CASH-02;2026-08-15 10:14:40;SKU-043;3;25000;0;CARD
REC-20260815-STORE_04-0150;STORE_04;CASH-03;2026-08-15 10:14:40;SKU-001;3;45000;0;CARD
REC-20260815-STORE_04-0151;STORE_04;CASH-08;2026-08-15 20:11:07;SKU-001;1;45000;1000;CARD
REC-20260815-STORE_04-0152;STORE_04;CASH-06;2026-08-15 21:24:19;SKU-001;2;45000;500;CARD
REC-20260815-STORE_04-0152;STORE_04;CASH-10;2026-08-15 21:24:19;SKU-003;4;45000;500;CASH
REC-20260815-STORE_04-0152;STORE_04;CASH-03;2026-08-15 21:24:19;SKU-005;1;5000;0;CARD
REC-20260815-STORE_04-0152;STORE_04;CASH-06;2026-08-15 21:24:19;SKU-014;1;5000;0;CARD
REC-20260815-STORE_04-0152;STORE_04;CASH-10;2026-08-15 21:24:19;SKU-025;1;5000;0;CARD
REC-20260815-STORE_04-0153;STORE_04;CASH-05;2026-08-15 10:05:13;SKU-004;1;25000;500;CARD
REC-20260815-STORE_04-0153;STORE_04;CASH-09;2026-08-15 10:05:13;SKU-002;3;12000;0;CARD
REC-20260815-STORE_04-0153;STORE_04;CASH-09;2026-08-15 10:05:13;SKU-012;4;45000;0;CARD
REC-20260815-STORE_04-0153;STORE_04;CASH-09;2026-08-15 10:05:13;SKU-008;4;12000;0;CARD
REC-20260815-STORE_04-0153;STORE_04;CASH-04;2026-08-15 10:05:13;SKU-021;2;5000;0;CASH
REC-20260815-STORE_04-0154;STORE_04;CASH-09;2026-08-15 13:10:01;SKU-018;2;5000;0;CASH
REC-20260815-STORE_04-0154;STORE_04;CASH-04;2026-08-15 13:10:01;SKU-011;4;5000;500;CARD
REC-20260815-STORE_04-0154;STORE_04;CASH-02;2026-08-15 13:10:01;SKU-004;2;25000;0;CARD
REC-20260815-STORE_04-0154;STORE_04;CASH-02;2026-08-15 13:10:01;SKU-001;4;45000;0;CARD
REC-20260815-STORE_04-0155;STORE_04;CASH-08;2026-08-15 16:19:29;SKU-007;1;12000;0;CARD
REC-20260815-STORE_04-0155;STORE_04;CASH-05;2026-08-15 16:19:29;SKU-011;1;5000;0;CARD
REC-20260815-STORE_04-0155;STORE_04;CASH-01;2026-08-15 16:19:29;SKU-001;3;45000;0;CARD
REC-20260815-STORE_04-0155;STORE_04;CASH-10;2026-08-15 16:19:29;SKU-009;2;25000;0;CARD
REC-20260815-STORE_04-0156;STORE_04;CASH-10;2026-08-15 16:27:59;SKU-029;4;5000;1000;CASH
REC-20260815-STORE_04-0157;STORE_04;CASH-05;2026-08-15 17:22:37;SKU-034;3;25000;1000;CASH
REC-20260815-STORE_04-0157;STORE_04;CASH-01;2026-08-15 17:22:37;SKU-030;4;45000;0;CASH
REC-20260815-STORE_04-0157;STORE_04;CASH-04;2026-08-15 17:22:37;SKU-007;3;12000;0;CARD
REC-20260815-STORE_04-0157;STORE_04;CASH-10;2026-08-15 17:22:37;SKU-009;2;25000;1000;CARD
REC-20260815-STORE_04-0158;STORE_04;CASH-10;2026-08-15 11:46:46;SKU-005;3;5000;500;CARD
REC-20260815-STORE_04-0158;STORE_04;CASH-08;2026-08-15 11:46:46;SKU-003;2;45000;0;CARD
REC-20260815-STORE_04-0158;STORE_04;CASH-03;2026-08-15 11:46:46;SKU-025;1;5000;0;CASH
REC-20260815-STORE_04-0159;STORE_04;CASH-05;2026-08-15 18:44:26;SKU-001;3;45000;0;CARD
REC-20260815-STORE_04-0159;STORE_04;CASH-02;2026-08-15 18:44:26;SKU-004;4;25000;0;CASH
REC-20260815-STORE_04-0159;STORE_04;CASH-06;2026-08-15 18:44:26;SKU-034;2;25000;0;CARD
REC-20260815-STORE_04-0159;STORE_04;CASH-01;2026-08-15 18:44:26;SKU-014;3;5000;0;CARD
REC-20260815-STORE_04-0159;STORE_04;CASH-10;2026-08-15 18:44:26;SKU-006;4;45000;0;CASH
REC-20260815-STORE_04-0160;STORE_04;CASH-05;2026-08-15 12:59:42;SKU-003;1;45000;0;CARD
REC-20260815-STORE_04-0161;STORE_04;CASH-05;2026-08-15 19:12:54;SKU-001;2;45000;0;CARD
REC-20260815-STORE_04-0161;STORE_04;CASH-02;2026-08-15 19:12:54;SKU-001;3;45000;0;CASH
REC-20260815-STORE_04-0161;STORE_04;CASH-08;2026-08-15 19:12:54;SKU-002;2;12000;0;CARD
REC-20260815-STORE_04-0161;STORE_04;CASH-06;2026-08-15 19:12:54;SKU-028;3;5000;0;CARD
REC-20260815-STORE_04-0161;STORE_04;CASH-10;2026-08-15 19:12:54;SKU-001;3;45000;0;CARD
REC-20260815-STORE_04-0162;STORE_04;CASH-02;2026-08-15 10:43:18;SKU-002;2;12000;500;CARD
REC-20260815-STORE_04-0162;STORE_04;CASH-09;2026-08-15 10:43:18;SKU-002;2;12000;0;CARD
REC-20260815-STORE_04-0162;STORE_04;CASH-07;2026-08-15 10:43:18;SKU-001;4;45000;1000;CARD
REC-20260815-STORE_04-0162;STORE_04;CASH-08;2026-08-15 10:43:18;SKU-011;1;5000;1000;CASH
REC-20260815-STORE_04-0163;STORE_04;CASH-01;2026-08-15 20:41:27;SKU-001;2;45000;500;CARD
REC-20260815-STORE_04-0163;STORE_04;CASH-03;2026-08-15 20:41:27;SKU-002;3;12000;500;CASH
REC-20260815-STORE_04-0163;STORE_04;CASH-10;2026-08-15 20:41:27;SKU-001;3;45000;0;CARD
REC-20260815-STORE_04-0163;STORE_04;CASH-01;2026-08-15 20:41:27;SKU-012;3;45000;1000;CARD
REC-20260815-STORE_04-0164;STORE_04;CASH-10;2026-08-15 19:14:24;SKU-037;2;45000;1000;CARD
REC-20260815-STORE_04-0164;STORE_04;CASH-05;2026-08-15 19:14:24;SKU-008;3;12000;500;CASH
REC-20260815-STORE_04-0164;STORE_04;CASH-10;2026-08-15 19:14:24;SKU-006;1;45000;0;CASH
REC-20260815-STORE_04-0164;STORE_04;CASH-05;2026-08-15 19:14:24;SKU-016;1;25000;0;CARD
REC-20260815-STORE_04-0164;STORE_04;CASH-05;2026-08-15 19:14:24;SKU-001;4;45000;1000;CARD
REC-20260815-STORE_04-0165;STORE_04;CASH-10;2026-08-15 12:32:26;SKU-001;1;45000;0;CARD
REC-20260815-STORE_04-0165;STORE_04;CASH-08;2026-08-15 12:32:26;SKU-004;1;25000;0;CARD
REC-20260815-STORE_04-0166;STORE_04;CASH-01;2026-08-15 10:23:26;SKU-001;2;45000;500;CASH
REC-20260815-STORE_04-0166;STORE_04;CASH-06;2026-08-15 10:23:26;SKU-049;1;5000;0;CARD
REC-20260815-STORE_04-0166;STORE_04;CASH-08;2026-08-15 10:23:26;SKU-028;4;5000;1000;CARD
REC-20260815-STORE_04-0166;STORE_04;CASH-09;2026-08-15 10:23:26;SKU-006;4;45000;1000;CASH
REC-20260815-STORE_04-0166;STORE_04;CASH-09;2026-08-15 10:23:26;SKU-001;4;45000;0;CARD
REC-20260815-STORE_04-0167;STORE_04;CASH-02;2026-08-15 19:19:14;SKU-009;2;25000;0;CARD
REC-20260815-STORE_04-0167;STORE_04;CASH-05;2026-08-15 19:19:14;SKU-023;1;45000;0;CARD
REC-20260815-STORE_04-0167;STORE_04;CASH-07;2026-08-15 19:19:14;SKU-002;4;12000;0;CARD
REC-20260815-STORE_04-0167;STORE_04;CASH-03;2026-08-15 19:19:14;SKU-022;2;12000;0;CARD
REC-20260815-STORE_04-0168;STORE_04;CASH-09;2026-08-15 9:20:53;SKU-002;3;12000;500;CARD
REC-20260815-STORE_04-0168;STORE_04;CASH-08;2026-08-15 9:20:53;SKU-010;4;25000;500;CARD
REC-20260815-STORE_04-0168;STORE_04;CASH-03;2026-08-15 9:20:53;SKU-004;3;25000;1000;CASH
REC-20260815-STORE_04-0168;STORE_04;CASH-01;2026-08-15 9:20:53;SKU-021;4;5000;0;CARD
REC-20260815-STORE_04-0168;STORE_04;CASH-10;2026-08-15 9:20:53;SKU-002;3;12000;0;CASH
REC-20260815-STORE_04-0169;STORE_04;CASH-02;2026-08-15 15:13:15;SKU-001;3;45000;1000;CASH
REC-20260815-STORE_04-0169;STORE_04;CASH-03;2026-08-15 15:13:15;SKU-014;2;5000;0;CARD
REC-20260815-STORE_04-0169;STORE_04;CASH-09;2026-08-15 15:13:15;SKU-009;4;25000;1000;CARD
REC-20260815-STORE_04-0169;STORE_04;CASH-10;2026-08-15 15:13:15;SKU-005;2;5000;0;CARD
REC-20260815-STORE_04-0169;STORE_04;CASH-09;2026-08-15 15:13:15;SKU-004;4;25000;0;CARD
REC-20260815-STORE_04-0170;STORE_04;CASH-06;2026-08-15 17:38:13;SKU-002;1;12000;500;CARD
REC-20260815-STORE_04-0171;STORE_04;CASH-07;2026-08-15 21:41:04;SKU-013;4;12000;0;CARD
REC-20260815-STORE_04-0171;STORE_04;CASH-06;2026-08-15 21:41:04;SKU-024;4;12000;500;CARD
REC-20260815-STORE_04-0171;STORE_04;CASH-06;2026-08-15 21:41:04;SKU-002;4;12000;0;CARD
REC-20260815-STORE_04-0171;STORE_04;CASH-05;2026-08-15 21:41:04;SKU-012;1;45000;0;CARD
REC-20260815-STORE_04-0172;STORE_04;CASH-10;2026-08-15 16:12:54;SKU-004;4;25000;1000;CARD
REC-20260815-STORE_04-0172;STORE_04;CASH-09;2026-08-15 16:12:54;SKU-039;3;5000;1000;CARD
REC-20260815-STORE_04-0172;STORE_04;CASH-04;2026-08-15 16:12:54;SKU-002;2;12000;1000;CARD
REC-20260815-STORE_04-0172;STORE_04;CASH-08;2026-08-15 16:12:54;SKU-003;4;45000;0;CASH
REC-20260815-STORE_04-0173;STORE_04;CASH-03;2026-08-15 8:23:54;SKU-003;4;45000;0;CARD
REC-20260815-STORE_04-0173;STORE_04;CASH-09;2026-08-15 8:23:54;SKU-001;3;45000;0;CARD
REC-20260815-STORE_04-0173;STORE_04;CASH-09;2026-08-15 8:23:54;SKU-001;3;45000;0;CASH
REC-20260815-STORE_04-0173;STORE_04;CASH-03;2026-08-15 8:23:54;SKU-013;2;12000;0;CARD
REC-20260815-STORE_04-0173;STORE_04;CASH-10;2026-08-15 8:23:54;SKU-002;3;12000;0;CARD
REC-20260815-STORE_04-0174;STORE_04;CASH-07;2026-08-15 10:13:51;SKU-005;3;5000;0;CASH
REC-20260815-STORE_04-0174;STORE_04;CASH-09;2026-08-15 10:13:51;SKU-018;1;5000;0;CASH
REC-20260815-STORE_04-0174;STORE_04;CASH-09;2026-08-15 10:13:51;SKU-011;1;5000;0;CARD
REC-20260815-STORE_04-0174;STORE_04;CASH-10;2026-08-15 10:13:51;SKU-001;3;45000;0;CARD
REC-20260815-STORE_04-0174;STORE_04;CASH-08;2026-08-15 10:13:51;SKU-011;2;5000;500;CARD
REC-20260815-STORE_04-0175;STORE_04;CASH-06;2026-08-15 21:27:25;SKU-009;1;25000;0;CARD
REC-20260815-STORE_04-0175;STORE_04;CASH-08;2026-08-15 21:27:25;SKU-011;3;5000;0;CASH
REC-20260815-STORE_04-0176;STORE_04;CASH-06;2026-08-15 15:27:57;SKU-001;1;45000;0;CARD
REC-20260815-STORE_04-0176;STORE_04;CASH-08;2026-08-15 15:27:57;SKU-020;3;12000;0;CASH
REC-20260815-STORE_04-0176;STORE_04;CASH-02;2026-08-15 15:27:57;SKU-002;1;12000;0;CARD
REC-20260815-STORE_04-0176;STORE_04;CASH-02;2026-08-15 15:27:57;SKU-029;3;5000;1000;CARD
REC-20260815-STORE_04-0176;STORE_04;CASH-03;2026-08-15 15:27:57;SKU-004;2;25000;500;CASH
REC-20260815-STORE_04-0177;STORE_04;CASH-06;2026-08-15 15:24:50;SKU-001;3;45000;500;CARD
REC-20260815-STORE_04-0178;STORE_04;CASH-01;2026-08-15 14:56:18;SKU-047;4;5000;0;CARD
REC-20260815-STORE_04-0178;STORE_04;CASH-03;2026-08-15 14:56:18;SKU-001;1;45000;1000;CARD
REC-20260815-STORE_04-0178;STORE_04;CASH-10;2026-08-15 14:56:18;SKU-001;4;45000;1000;CASH
REC-20260815-STORE_04-0178;STORE_04;CASH-06;2026-08-15 14:56:18;SKU-022;4;12000;500;CARD
REC-20260815-STORE_04-0178;STORE_04;CASH-04;2026-08-15 14:56:18;SKU-001;2;45000;1000;CARD
REC-20260815-STORE_04-0179;STORE_04;CASH-05;2026-08-15 21:01:30;SKU-001;1;45000;0;CARD
REC-20260815-STORE_04-0179;STORE_04;CASH-09;2026-08-15 21:01:30;SKU-005;1;5000;0;CASH
REC-20260815-STORE_04-0179;STORE_04;CASH-03;2026-08-15 21:01:30;SKU-016;2;25000;0;CARD
REC-20260815-STORE_04-0179;STORE_04;CASH-10;2026-08-15 21:01:30;SKU-001;4;45000;1000;CARD
REC-20260815-STORE_04-0179;STORE_04;CASH-08;2026-08-15 21:01:30;SKU-016;3;25000;1000;CARD
REC-20260815-STORE_04-0180;STORE_04;CASH-07;2026-08-15 20:10:55;SKU-007;2;12000;0;CASH
REC-20260815-STORE_04-0180;STORE_04;CASH-06;2026-08-15 20:10:55;SKU-031;3;45000;0;CARD
REC-20260815-STORE_04-0180;STORE_04;CASH-07;2026-08-15 20:10:55;SKU-001;2;45000;0;CARD
REC-20260815-STORE_04-0180;STORE_04;CASH-01;2026-08-15 20:10:55;SKU-014;4;5000;0;CARD
REC-20260815-STORE_04-0180;STORE_04;CASH-08;2026-08-15 20:10:55;SKU-002;3;12000;0;CARD
REC-20260815-STORE_04-0181;STORE_04;CASH-04;2026-08-15 10:08:39;SKU-002;1;12000;1000;CARD
REC-20260815-STORE_04-0182;STORE_04;CASH-04;2026-08-15 15:36:20;SKU-010;4;25000;0;CASH
REC-20260815-STORE_04-0182;STORE_04;CASH-08;2026-08-15 15:36:20;SKU-002;2;12000;0;CASH
REC-20260815-STORE_04-0182;STORE_04;CASH-04;2026-08-15 15:36:20;SKU-002;4;12000;500;CARD
REC-20260815-STORE_04-0183;STORE_04;CASH-09;2026-08-15 9:03:01;SKU-003;3;45000;0;CARD
REC-20260815-STORE_04-0183;STORE_04;CASH-05;2026-08-15 9:03:01;SKU-001;2;45000;0;CARD
REC-20260815-STORE_04-0184;STORE_04;CASH-08;2026-08-15 15:24:20;SKU-025;2;5000;500;CARD
REC-20260815-STORE_04-0184;STORE_04;CASH-05;2026-08-15 15:24:20;SKU-011;2;5000;0;CARD
REC-20260815-STORE_04-0184;STORE_04;CASH-10;2026-08-15 15:24:20;SKU-021;3;5000;1000;CARD
REC-20260815-STORE_04-0185;STORE_04;CASH-09;2026-08-15 19:27:34;SKU-015;2;5000;500;CASH
REC-20260815-STORE_04-0186;STORE_04;CASH-01;2026-08-15 10:23:53;SKU-001;4;45000;1000;CARD
REC-20260815-STORE_04-0186;STORE_04;CASH-03;2026-08-15 10:23:53;SKU-004;3;25000;0;CARD
REC-20260815-STORE_04-0186;STORE_04;CASH-02;2026-08-15 10:23:53;SKU-022;1;12000;0;CARD
REC-20260815-STORE_04-0186;STORE_04;CASH-10;2026-08-15 10:23:53;SKU-007;1;12000;500;CASH
REC-20260815-STORE_04-0187;STORE_04;CASH-04;2026-08-15 16:31:09;SKU-006;4;45000;1000;CARD
REC-20260815-STORE_04-0187;STORE_04;CASH-07;2026-08-15 16:31:09;SKU-003;4;45000;0;CASH
REC-20260815-STORE_04-0187;STORE_04;CASH-04;2026-08-15 16:31:09;SKU-045;2;45000;0;CARD
REC-20260815-STORE_04-0187;STORE_04;CASH-06;2026-08-15 16:31:09;SKU-006;3;45000;1000;CARD
REC-20260815-STORE_04-0187;STORE_04;CASH-06;2026-08-15 16:31:09;SKU-006;4;45000;500;CASH
REC-20260815-STORE_04-0188;STORE_04;CASH-05;2026-08-15 19:24:30;SKU-002;1;12000;0;CARD
REC-20260815-STORE_04-0188;STORE_04;CASH-09;2026-08-15 19:24:30;SKU-025;1;5000;0;CARD
REC-20260815-STORE_04-0188;STORE_04;CASH-08;2026-08-15 19:24:30;SKU-004;3;25000;0;CARD
REC-20260815-STORE_04-0189;STORE_04;CASH-09;2026-08-15 13:21:05;SKU-005;4;5000;1000;CARD
REC-20260815-STORE_04-0189;STORE_04;CASH-09;2026-08-15 13:21:05;SKU-014;3;5000;0;CASH
REC-20260815-STORE_04-0189;STORE_04;CASH-02;2026-08-15 13:21:05;SKU-002;2;12000;0;CARD
REC-20260815-STORE_04-0189;STORE_04;CASH-02;2026-08-15 13:21:05;SKU-003;4;45000;500;CARD
REC-20260815-STORE_04-0189;STORE_04;CASH-02;2026-08-15 13:21:05;SKU-001;1;45000;0;CARD
REC-20260815-STORE_04-0190;STORE_04;CASH-05;2026-08-15 19:09:11;SKU-043;2;25000;0;CASH
REC-20260815-STORE_04-0190;STORE_04;CASH-05;2026-08-15 19:09:11;SKU-023;2;45000;0;CARD
REC-20260815-STORE_04-0190;STORE_04;CASH-07;2026-08-15 19:09:11;SKU-011;1;5000;0;CASH
REC-20260815-STORE_04-0191;STORE_04;CASH-04;2026-08-15 18:47:28;SKU-020;1;12000;1000;CASH
REC-20260815-STORE_04-0191;STORE_04;CASH-10;2026-08-15 18:47:28;SKU-012;1;45000;1000;CASH
REC-20260815-STORE_04-0191;STORE_04;CASH-03;2026-08-15 18:47:28;SKU-001;2;45000;0;CASH
REC-20260815-STORE_04-0191;STORE_04;CASH-08;2026-08-15 18:47:28;SKU-001;3;45000;0;CARD
REC-20260815-STORE_04-0191;STORE_04;CASH-07;2026-08-15 18:47:28;SKU-003;3;45000;0;CASH
REC-20260815-STORE_04-0192;STORE_04;CASH-05;2026-08-15 15:29:33;SKU-018;3;5000;500;CASH
REC-20260815-STORE_04-0192;STORE_04;CASH-08;2026-08-15 15:29:33;SKU-001;4;45000;0;CARD
REC-20260815-STORE_04-0192;STORE_04;CASH-08;2026-08-15 15:29:33;SKU-018;4;5000;0;CARD
REC-20260815-STORE_04-0193;STORE_04;CASH-02;2026-08-15 13:49:28;SKU-001;2;45000;1000;CASH
REC-20260815-STORE_04-0193;STORE_04;CASH-03;2026-08-15 13:49:28;SKU-001;2;45000;0;CARD
REC-20260815-STORE_04-0194;STORE_04;CASH-07;2026-08-15 8:22:20;SKU-003;2;45000;0;CARD
REC-20260815-STORE_04-0194;STORE_04;CASH-05;2026-08-15 8:22:20;SKU-007;2;12000;0;CASH
REC-20260815-STORE_04-0194;STORE_04;CASH-01;2026-08-15 8:22:20;SKU-001;4;45000;0;CARD
REC-20260815-STORE_04-0195;STORE_04;CASH-10;2026-08-15 12:00:20;SKU-030;1;45000;0;CARD
REC-20260815-STORE_04-0195;STORE_04;CASH-01;2026-08-15 12:00:20;SKU-027;3;5000;0;CARD
REC-20260815-STORE_04-0195;STORE_04;CASH-07;2026-08-15 12:00:20;SKU-001;2;45000;1000;CARD
REC-20260815-STORE_04-0195;STORE_04;CASH-05;2026-08-15 12:00:20;SKU-009;3;25000;0;CARD
REC-20260815-STORE_04-0196;STORE_04;CASH-09;2026-08-15 20:12:52;SKU-001;2;45000;0;CASH
REC-20260815-STORE_04-0196;STORE_04;CASH-08;2026-08-15 20:12:52;SKU-033;3;5000;0;CARD
REC-20260815-STORE_04-0196;STORE_04;CASH-07;2026-08-15 20:12:52;SKU-001;1;45000;0;CARD
REC-20260815-STORE_04-0196;STORE_04;CASH-03;2026-08-15 20:12:52;SKU-002;2;12000;1000;CASH
REC-20260815-STORE_04-0196;STORE_04;CASH-08;2026-08-15 20:12:52;SKU-001;1;45000;0;CARD
REC-20260815-STORE_04-0197;STORE_04;CASH-06;2026-08-15 20:49:46;SKU-001;2;45000;500;CARD
REC-20260815-STORE_04-0197;STORE_04;CASH-03;2026-08-15 20:49:46;SKU-002;3;12000;0;CARD
REC-20260815-STORE_04-0197;STORE_04;CASH-01;2026-08-15 20:49:46;SKU-021;3;5000;500;CARD
REC-20260815-STORE_04-0198;STORE_04;CASH-07;2026-08-15 9:31:21;SKU-001;4;45000;500;CARD
REC-20260815-STORE_04-0198;STORE_04;CASH-09;2026-08-15 9:31:21;SKU-003;1;45000;1000;CARD
REC-20260815-STORE_04-0198;STORE_04;CASH-06;2026-08-15 9:31:21;SKU-037;4;45000;0;CARD
REC-20260815-STORE_04-0199;STORE_04;CASH-08;2026-08-15 21:05:43;SKU-020;1;12000;0;CASH
REC-20260815-STORE_04-0199;STORE_04;CASH-01;2026-08-15 21:05:43;SKU-003;1;45000;1000;CARD
REC-20260815-STORE_04-0199;STORE_04;CASH-02;2026-08-15 21:05:43;SKU-009;3;25000;0;CARD
REC-20260815-STORE_04-0199;STORE_04;CASH-10;2026-08-15 21:05:43;SKU-001;3;45000;0;CARD
REC-20260815-STORE_04-0200;STORE_04;CASH-04;2026-08-15 14:12:24;SKU-001;1;45000;0;CARD
REC-20260815-STORE_04-0200;STORE_04;CASH-09;2026-08-15 14:12:24;SKU-001;3;45000;0;CARD
REC-20260815-STORE_04-0200;STORE_04;CASH-10;2026-08-15 14:12:24;SKU-001;3;45000;1000;CARD
REC-20260815-STORE_04-0201;STORE_04;CASH-04;2026-08-15 8:06:49;SKU-013;3;12000;0;CASH
REC-20260815-STORE_04-0201;STORE_04;CASH-02;2026-08-15 8:06:49;SKU-012;3;45000;0;CARD
REC-20260815-STORE_04-0201;STORE_04;CASH-03;2026-08-15 8:06:49;SKU-002;2;12000;1000;CARD
REC-20260815-STORE_04-0202;STORE_04;CASH-09;2026-08-15 15:31:35;SKU-027;3;5000;0;CASH
REC-20260815-STORE_04-0202;STORE_04;CASH-03;2026-08-15 15:31:35;SKU-004;2;25000;0;CARD
REC-20260815-STORE_04-0202;STORE_04;CASH-07;2026-08-15 15:31:35;SKU-020;4;12000;500;CARD
REC-20260815-STORE_04-0202;STORE_04;CASH-08;2026-08-15 15:31:35;SKU-006;2;45000;0;CARD
REC-20260815-STORE_04-0203;STORE_04;CASH-09;2026-08-15 10:40:05;SKU-029;4;5000;0;CARD
REC-20260815-STORE_04-0203;STORE_04;CASH-02;2026-08-15 10:40:05;SKU-001;1;45000;0;CASH
REC-20260815-STORE_04-0203;STORE_04;CASH-02;2026-08-15 10:40:05;SKU-001;4;45000;0;CARD
REC-20260815-STORE_04-0203;STORE_04;CASH-03;2026-08-15 10:40:05;SKU-001;3;45000;0;CARD
REC-20260815-STORE_04-0204;STORE_04;CASH-09;2026-08-15 8:28:41;SKU-016;4;25000;1000;CASH
REC-20260815-STORE_04-0205;STORE_04;CASH-01;2026-08-15 18:03:46;SKU-007;1;12000;0;CASH
REC-20260815-STORE_04-0205;STORE_04;CASH-05;2026-08-15 18:03:46;SKU-009;4;25000;1000;CARD
REC-20260815-STORE_04-0205;STORE_04;CASH-03;2026-08-15 18:03:46;SKU-001;3;45000;0;CARD
REC-20260815-STORE_04-0206;STORE_04;CASH-07;2026-08-15 16:57:30;SKU-002;3;12000;0;CARD
REC-20260815-STORE_04-0207;STORE_04;CASH-07;2026-08-15 19:27:03;SKU-028;3;5000;500;CARD
REC-20260815-STORE_04-0208;STORE_04;CASH-04;2026-08-15 18:31:38;SKU-012;4;45000;500;CARD
REC-20260815-STORE_04-0209;STORE_04;CASH-03;2026-08-15 21:24:45;SKU-001;1;45000;0;CARD
REC-20260815-STORE_04-0209;STORE_04;CASH-02;2026-08-15 21:24:45;SKU-036;4;45000;0;CARD
REC-20260815-STORE_04-0209;STORE_04;CASH-05;2026-08-15 21:24:45;SKU-048;4;25000;0;CARD
REC-20260815-STORE_04-0209;STORE_04;CASH-04;2026-08-15 21:24:45;SKU-002;3;12000;0;CARD
REC-20260815-STORE_04-0210;STORE_04;CASH-08;2026-08-15 21:03:58;SKU-020;3;12000;1000;CARD
REC-20260815-STORE_04-0210;STORE_04;CASH-01;2026-08-15 21:03:58;SKU-002;3;12000;1000;CASH
REC-20260815-STORE_04-0210;STORE_04;CASH-09;2026-08-15 21:03:58;SKU-031;1;45000;1000;CASH
REC-20260815-STORE_04-0210;STORE_04;CASH-06;2026-08-15 21:03:58;SKU-005;3;5000;0;CASH
REC-20260815-STORE_04-0210;STORE_04;CASH-03;2026-08-15 21:03:58;SKU-019;1;25000;0;CARD
REC-20260815-STORE_04-0211;STORE_04;CASH-02;2026-08-15 8:16:13;SKU-006;4;45000;0;CASH
REC-20260815-STORE_04-0211;STORE_04;CASH-09;2026-08-15 8:16:13;SKU-009;3;25000;0;CARD
REC-20260815-STORE_04-0211;STORE_04;CASH-10;2026-08-15 8:16:13;SKU-002;4;12000;1000;CASH
REC-20260815-STORE_04-0211;STORE_04;CASH-06;2026-08-15 8:16:13;SKU-001;4;45000;0;CARD
REC-20260815-STORE_04-0212;STORE_04;CASH-07;2026-08-15 10:33:04;SKU-011;3;5000;0;CARD
REC-20260815-STORE_04-0212;STORE_04;CASH-03;2026-08-15 10:33:04;SKU-001;2;45000;0;CARD
REC-20260815-STORE_04-0212;STORE_04;CASH-09;2026-08-15 10:33:04;SKU-006;1;45000;0;CARD
REC-20260815-STORE_04-0212;STORE_04;CASH-02;2026-08-15 10:33:04;SKU-002;2;12000;0;CASH
REC-20260815-STORE_04-0213;STORE_04;CASH-04;2026-08-15 16:04:44;SKU-030;2;45000;1000;CASH
REC-20260815-STORE_04-0213;STORE_04;CASH-10;2026-08-15 16:04:44;SKU-010;4;25000;0;CASH
REC-20260815-STORE_04-0213;STORE_04;CASH-09;2026-08-15 16:04:44;SKU-014;3;5000;0;CARD
REC-20260815-STORE_04-0213;STORE_04;CASH-01;2026-08-15 16:04:44;SKU-006;4;45000;0;CARD
REC-20260815-STORE_04-0214;STORE_04;CASH-04;2026-08-15 20:15:11;SKU-002;1;12000;1000;CARD
REC-20260815-STORE_04-0214;STORE_04;CASH-01;2026-08-15 20:15:11;SKU-003;3;45000;0;CARD
REC-20260815-STORE_04-0214;STORE_04;CASH-07;2026-08-15 20:15:11;SKU-025;4;5000;0;CARD
REC-20260815-STORE_04-0214;STORE_04;CASH-03;2026-08-15 20:15:11;SKU-002;4;12000;1000;CARD
REC-20260815-STORE_04-0215;STORE_04;CASH-09;2026-08-15 8:46:10;SKU-001;1;45000;0;CARD
REC-20260815-STORE_04-0215;STORE_04;CASH-01;2026-08-15 8:46:10;SKU-011;1;5000;0;CARD
REC-20260815-STORE_04-0215;STORE_04;CASH-09;2026-08-15 8:46:10;SKU-020;1;12000;500;CARD
REC-20260815-STORE_04-0215;STORE_04;CASH-04;2026-08-15 8:46:10;SKU-001;2;45000;1000;CASH
REC-20260815-STORE_04-0216;STORE_04;CASH-03;2026-08-15 9:19:12;SKU-001;1;45000;0;CASH
REC-20260815-STORE_04-0216;STORE_04;CASH-10;2026-08-15 9:19:12;SKU-009;3;25000;0;CASH
REC-20260815-STORE_04-0216;STORE_04;CASH-04;2026-08-15 9:19:12;SKU-002;1;12000;500;CARD
REC-20260815-STORE_04-0216;STORE_04;CASH-01;2026-08-15 9:19:12;SKU-006;1;45000;1000;CARD
REC-20260815-STORE_04-0216;STORE_04;CASH-04;2026-08-15 9:19:12;SKU-001;3;45000;0;CASH
REC-20260815-STORE_04-0217;STORE_04;CASH-08;2026-08-15 16:59:18;SKU-016;2;25000;0;CARD
REC-20260815-STORE_04-0217;STORE_04;CASH-03;2026-08-15 16:59:18;SKU-004;3;25000;500;CARD
REC-20260815-STORE_04-0217;STORE_04;CASH-01;2026-08-15 16:59:18;SKU-002;2;12000;0;CASH
REC-20260815-STORE_04-0218;STORE_04;CASH-07;2026-08-15 13:18:29;SKU-001;3;45000;1000;CARD
REC-20260815-STORE_04-0219;STORE_04;CASH-04;2026-08-15 10:43:43;SKU-008;2;12000;0;CARD
REC-20260815-STORE_04-0219;STORE_04;CASH-02;2026-08-15 10:43:43;SKU-002;4;12000;0;CARD
REC-20260815-STORE_04-0219;STORE_04;CASH-10;2026-08-15 10:43:43;SKU-004;4;25000;500;CASH
REC-20260815-STORE_04-0219;STORE_04;CASH-06;2026-08-15 10:43:43;SKU-017;4;12000;1000;CASH
REC-20260815-STORE_04-0220;STORE_04;CASH-08;2026-08-15 20:53:33;SKU-046;3;25000;1000;CARD
REC-20260815-STORE_04-0220;STORE_04;CASH-02;2026-08-15 20:53:33;SKU-005;1;5000;0;CARD
REC-20260815-STORE_04-0220;STORE_04;CASH-05;2026-08-15 20:53:33;SKU-016;3;25000;500;CARD
REC-20260815-STORE_04-0220;STORE_04;CASH-07;2026-08-15 20:53:33;SKU-003;2;45000;0;CARD
REC-20260815-STORE_04-0220;STORE_04;CASH-01;2026-08-15 20:53:33;SKU-004;3;25000;0;CARD
REC-20260815-STORE_04-0221;STORE_04;CASH-07;2026-08-15 17:42:26;SKU-038;1;12000;1000;CARD
REC-20260815-STORE_04-0221;STORE_04;CASH-10;2026-08-15 17:42:26;SKU-008;3;12000;500;CARD
REC-20260815-STORE_04-0221;STORE_04;CASH-01;2026-08-15 17:42:26;SKU-001;3;45000;0;CARD
REC-20260815-STORE_04-0222;STORE_04;CASH-02;2026-08-15 8:32:20;SKU-004;1;25000;0;CASH
REC-20260815-STORE_04-0222;STORE_04;CASH-05;2026-08-15 8:32:20;SKU-002;3;12000;500;CARD
REC-20260815-STORE_04-0223;STORE_04;CASH-08;2026-08-15 16:28:26;SKU-034;1;25000;0;CARD
REC-20260815-STORE_04-0223;STORE_04;CASH-07;2026-08-15 16:28:26;SKU-002;4;12000;0;CASH
REC-20260815-STORE_04-0223;STORE_04;CASH-10;2026-08-15 16:28:26;SKU-012;2;45000;0;CASH
REC-20260815-STORE_04-0223;STORE_04;CASH-09;2026-08-15 16:28:26;SKU-003;4;45000;500;CASH
REC-20260815-STORE_04-0224;STORE_04;CASH-08;2026-08-15 8:11:43;SKU-017;1;12000;0;CARD
REC-20260815-STORE_04-0225;STORE_04;CASH-10;2026-08-15 11:01:26;SKU-048;4;25000;1000;CASH
REC-20260815-STORE_04-0225;STORE_04;CASH-01;2026-08-15 11:01:26;SKU-002;1;12000;1000;CARD
REC-20260815-STORE_04-0226;STORE_04;CASH-06;2026-08-15 8:19:29;SKU-003;4;45000;0;CASH
REC-20260815-STORE_04-0226;STORE_04;CASH-01;2026-08-15 8:19:29;SKU-010;1;25000;0;CARD
REC-20260815-STORE_04-0227;STORE_04;CASH-09;2026-08-15 13:25:37;SKU-012;4;45000;0;CARD
REC-20260815-STORE_04-0227;STORE_04;CASH-01;2026-08-15 13:25:37;SKU-011;1;5000;1000;CASH
REC-20260815-STORE_04-0227;STORE_04;CASH-07;2026-08-15 13:25:37;SKU-001;1;45000;1000;CARD
REC-20260815-STORE_04-0228;STORE_04;CASH-05;2026-08-15 10:51:18;SKU-018;3;5000;500;CASH
REC-20260815-STORE_04-0229;STORE_04;CASH-07;2026-08-15 17:56:09;SKU-002;4;12000;0;CARD
REC-20260815-STORE_04-0229;STORE_04;CASH-06;2026-08-15 17:56:09;SKU-040;4;25000;0;CASH
REC-20260815-STORE_04-0229;STORE_04;CASH-09;2026-08-15 17:56:09;SKU-009;3;25000;500;CARD
REC-20260815-STORE_04-0230;STORE_04;CASH-06;2026-08-15 12:26:55;SKU-001;4;45000;500;CASH
REC-20260815-STORE_04-0230;STORE_04;CASH-10;2026-08-15 12:26:55;SKU-001;2;45000;0;CASH
REC-20260815-STORE_04-0230;STORE_04;CASH-02;2026-08-15 12:26:55;SKU-040;1;25000;0;CARD
REC-20260815-STORE_04-0230;STORE_04;CASH-05;2026-08-15 12:26:55;SKU-048;3;25000;1000;CARD
REC-20260815-STORE_04-0230;STORE_04;CASH-03;2026-08-15 12:26:55;SKU-005;1;5000;0;CARD
REC-20260815-STORE_04-0231;STORE_04;CASH-09;2026-08-15 19:35:10;SKU-001;3;45000;0;CARD
REC-20260815-STORE_04-0231;STORE_04;CASH-09;2026-08-15 19:35:10;SKU-042;1;5000;0;CASH
REC-20260815-STORE_04-0231;STORE_04;CASH-07;2026-08-15 19:35:10;SKU-007;1;12000;0;CARD
REC-20260815-STORE_04-0231;STORE_04;CASH-01;2026-08-15 19:35:10;SKU-013;4;12000;0;CASH
REC-20260815-STORE_04-0231;STORE_04;CASH-08;2026-08-15 19:35:10;SKU-003;1;45000;0;CASH
REC-20260815-STORE_04-0232;STORE_04;CASH-05;2026-08-15 17:45:00;SKU-008;3;12000;0;CARD
REC-20260815-STORE_04-0232;STORE_04;CASH-09;2026-08-15 17:45:00;SKU-001;4;45000;500;CARD
REC-20260815-STORE_04-0232;STORE_04;CASH-03;2026-08-15 17:45:00;SKU-011;3;5000;500;CARD
REC-20260815-STORE_04-0232;STORE_04;CASH-05;2026-08-15 17:45:00;SKU-001;2;45000;0;CARD
REC-20260815-STORE_04-0232;STORE_04;CASH-04;2026-08-15 17:45:00;SKU-010;3;25000;1000;CARD
REC-20260815-STORE_04-0233;STORE_04;CASH-08;2026-08-15 20:20:24;SKU-001;1;45000;1000;CASH
REC-20260815-STORE_04-0233;STORE_04;CASH-06;2026-08-15 20:20:24;SKU-013;1;12000;0;CASH
REC-20260815-STORE_04-0233;STORE_04;CASH-05;2026-08-15 20:20:24;SKU-001;3;45000;1000;CARD
REC-20260815-STORE_04-0234;STORE_04;CASH-10;2026-08-15 20:15:34;SKU-038;1;12000;1000;CARD
REC-20260815-STORE_04-0234;STORE_04;CASH-07;2026-08-15 20:15:34;SKU-001;3;45000;500;CARD
REC-20260815-STORE_04-0234;STORE_04;CASH-07;2026-08-15 20:15:34;SKU-002;1;12000;0;CARD
REC-20260815-STORE_04-0235;STORE_04;CASH-05;2026-08-15 11:00:38;SKU-004;4;25000;0;CARD
REC-20260815-STORE_04-0236;STORE_04;CASH-08;2026-08-15 19:40:24;SKU-001;4;45000;0;CASH
REC-20260815-STORE_04-0237;STORE_04;CASH-02;2026-08-15 12:32:17;SKU-008;2;12000;0;CARD
REC-20260815-STORE_04-0238;STORE_04;CASH-04;2026-08-15 8:12:21;SKU-013;1;12000;1000;CARD
REC-20260815-STORE_04-0239;STORE_04;CASH-04;2026-08-15 20:10:48;SKU-047;2;5000;1000;CASH
REC-20260815-STORE_04-0239;STORE_04;CASH-08;2026-08-15 20:10:48;SKU-001;1;45000;0;CARD
REC-20260815-STORE_04-0239;STORE_04;CASH-02;2026-08-15 20:10:48;SKU-001;1;45000;500;CARD
REC-20260815-STORE_04-0239;STORE_04;CASH-06;2026-08-15 20:10:48;SKU-009;2;25000;0;CARD
REC-20260815-STORE_04-0239;STORE_04;CASH-03;2026-08-15 20:10:48;SKU-018;1;5000;1000;CASH
REC-20260815-STORE_04-0240;STORE_04;CASH-03;2026-08-15 18:16:18;SKU-005;2;5000;500;CASH
REC-20260815-STORE_04-0240;STORE_04;CASH-05;2026-08-15 18:16:18;SKU-005;4;5000;1000;CASH
REC-20260815-STORE_04-0240;STORE_04;CASH-05;2026-08-15 18:16:18;SKU-020;1;12000;500;CARD
REC-20260815-STORE_04-0241;STORE_04;CASH-07;2026-08-15 21:00:47;SKU-023;2;45000;500;CASH
REC-20260815-STORE_04-0241;STORE_04;CASH-02;2026-08-15 21:00:47;SKU-001;3;45000;0;CARD
REC-20260815-STORE_04-0241;STORE_04;CASH-03;2026-08-15 21:00:47;SKU-021;4;5000;0;CARD
REC-20260815-STORE_04-0241;STORE_04;CASH-04;2026-08-15 21:00:47;SKU-022;4;12000;1000;CASH
REC-20260815-STORE_04-0241;STORE_04;CASH-06;2026-08-15 21:00:47;SKU-002;4;12000;0;CARD
REC-20260815-STORE_04-0242;STORE_04;CASH-09;2026-08-15 16:45:24;SKU-002;3;12000;0;CASH
REC-20260815-STORE_04-0243;STORE_04;CASH-01;2026-08-15 10:04:20;SKU-033;1;5000;500;CARD
REC-20260815-STORE_04-0243;STORE_04;CASH-08;2026-08-15 10:04:20;SKU-016;2;25000;500;CARD
REC-20260815-STORE_04-0244;STORE_04;CASH-07;2026-08-15 15:57:48;SKU-008;3;12000;500;CARD
REC-20260815-STORE_04-0245;STORE_04;CASH-10;2026-08-15 17:19:20;SKU-002;1;12000;0;CARD
REC-20260815-STORE_04-0245;STORE_04;CASH-08;2026-08-15 17:19:20;SKU-014;2;5000;0;CARD
REC-20260815-STORE_04-0246;STORE_04;CASH-07;2026-08-15 19:11:12;SKU-002;3;12000;500;CARD
REC-20260815-STORE_04-0246;STORE_04;CASH-03;2026-08-15 19:11:12;SKU-001;1;45000;0;CARD
REC-20260815-STORE_04-0246;STORE_04;CASH-09;2026-08-15 19:11:12;SKU-001;2;45000;500;CASH
REC-20260815-STORE_04-0246;STORE_04;CASH-04;2026-08-15 19:11:12;SKU-011;4;5000;0;CASH
REC-20260815-STORE_04-0246;STORE_04;CASH-10;2026-08-15 19:11:12;SKU-001;2;45000;0;CARD
REC-20260815-STORE_04-0247;STORE_04;CASH-01;2026-08-15 10:13:03;SKU-026;4;12000;0;CARD
REC-20260815-STORE_04-0247;STORE_04;CASH-06;2026-08-15 10:13:03;SKU-001;1;45000;0;CARD
REC-20260815-STORE_04-0247;STORE_04;CASH-08;2026-08-15 10:13:03;SKU-001;1;45000;1000;CARD
REC-20260815-STORE_04-0248;STORE_04;CASH-10;2026-08-15 12:12:16;SKU-010;2;25000;0;CARD
REC-20260815-STORE_04-0249;STORE_04;CASH-06;2026-08-15 21:52:48;SKU-001;2;45000;500;CARD
REC-20260815-STORE_04-0249;STORE_04;CASH-02;2026-08-15 21:52:48;SKU-005;2;5000;0;CARD
REC-20260815-STORE_04-0249;STORE_04;CASH-05;2026-08-15 21:52:48;SKU-002;3;12000;500;CARD
REC-20260815-STORE_04-0249;STORE_04;CASH-01;2026-08-15 21:52:48;SKU-007;3;12000;500;CARD
REC-20260815-STORE_04-0249;STORE_04;CASH-09;2026-08-15 21:52:48;SKU-050;3;25000;0;CASH
REC-20260815-STORE_04-0250;STORE_04;CASH-09;2026-08-15 17:20:32;SKU-001;4;45000;500;CASH
REC-20260815-STORE_04-0250;STORE_04;CASH-06;2026-08-15 17:20:32;SKU-022;2;12000;1000;CASH
REC-20260815-STORE_04-0250;STORE_04;CASH-01;2026-08-15 17:20:32;SKU-012;3;45000;0;CASH
REC-20260815-STORE_04-0250;STORE_04;CASH-02;2026-08-15 17:20:32;SKU-010;2;25000;500;CASH
REC-20260815-STORE_04-0251;STORE_04;CASH-09;2026-08-15 19:13:38;SKU-006;1;45000;0;CASH
REC-20260815-STORE_04-0251;STORE_04;CASH-09;2026-08-15 19:13:38;SKU-001;1;45000;0;CASH
REC-20260815-STORE_04-0251;STORE_04;CASH-01;2026-08-15 19:13:38;SKU-031;3;45000;1000;CARD
REC-20260815-STORE_04-0251;STORE_04;CASH-05;2026-08-15 19:13:38;SKU-032;2;25000;500;CARD
REC-20260815-STORE_04-0251;STORE_04;CASH-08;2026-08-15 19:13:38;SKU-030;2;45000;500;CASH
REC-20260815-STORE_04-0252;STORE_04;CASH-08;2026-08-15 19:11:49;SKU-001;4;45000;0;CASH
REC-20260815-STORE_04-0252;STORE_04;CASH-10;2026-08-15 19:11:49;SKU-008;3;12000;1000;CARD
REC-20260815-STORE_04-0252;STORE_04;CASH-07;2026-08-15 19:11:49;SKU-002;2;12000;0;CASH
REC-20260815-STORE_04-0253;STORE_04;CASH-04;2026-08-15 17:24:08;SKU-009;1;25000;0;CARD
REC-20260815-STORE_04-0254;STORE_04;CASH-09;2026-08-15 16:07:09;SKU-047;2;5000;1000;CASH
REC-20260815-STORE_04-0254;STORE_04;CASH-03;2026-08-15 16:07:09;SKU-006;2;45000;500;CARD
REC-20260815-STORE_04-0254;STORE_04;CASH-07;2026-08-15 16:07:09;SKU-013;1;12000;0;CARD
REC-20260815-STORE_04-0254;STORE_04;CASH-05;2026-08-15 16:07:09;SKU-004;2;25000;1000;CASH
REC-20260815-STORE_04-0255;STORE_04;CASH-01;2026-08-15 20:00:43;SKU-016;3;25000;0;CARD
REC-20260815-STORE_04-0256;STORE_04;CASH-09;2026-08-15 12:49:19;SKU-005;3;5000;0;CARD
REC-20260815-STORE_04-0256;STORE_04;CASH-09;2026-08-15 12:49:19;SKU-015;1;5000;1000;CASH
REC-20260815-STORE_04-0256;STORE_04;CASH-06;2026-08-15 12:49:19;SKU-027;3;5000;0;CARD
REC-20260815-STORE_04-0256;STORE_04;CASH-02;2026-08-15 12:49:19;SKU-001;4;45000;0;CARD
REC-20260815-STORE_04-0256;STORE_04;CASH-09;2026-08-15 12:49:19;SKU-004;2;25000;1000;CARD
REC-20260815-STORE_04-0257;STORE_04;CASH-07;2026-08-15 19:06:28;SKU-005;1;5000;0;CASH
REC-20260815-STORE_04-0257;STORE_04;CASH-06;2026-08-15 19:06:28;SKU-011;2;5000;500;CARD
REC-20260815-STORE_04-0257;STORE_04;CASH-09;2026-08-15 19:06:28;SKU-035;1;5000;500;CASH
REC-20260815-STORE_04-0257;STORE_04;CASH-10;2026-08-15 19:06:28;SKU-003;3;45000;0;CARD
REC-20260815-STORE_04-0257;STORE_04;CASH-06;2026-08-15 19:06:28;SKU-025;4;5000;0;CARD
REC-20260815-STORE_04-0258;STORE_04;CASH-01;2026-08-15 17:56:45;SKU-002;4;12000;0;CARD
REC-20260815-STORE_04-0258;STORE_04;CASH-10;2026-08-15 17:56:45;SKU-014;4;5000;1000;CARD
REC-20260815-STORE_04-0258;STORE_04;CASH-07;2026-08-15 17:56:45;SKU-002;1;12000;0;CASH
REC-20260815-STORE_04-0258;STORE_04;CASH-02;2026-08-15 17:56:45;SKU-001;3;45000;0;CARD
REC-20260815-STORE_04-0258;STORE_04;CASH-02;2026-08-15 17:56:45;SKU-012;1;45000;1000;CARD
REC-20260815-STORE_04-0259;STORE_04;CASH-10;2026-08-15 18:09:57;SKU-003;3;45000;1000;CARD
REC-20260815-STORE_04-0260;STORE_04;CASH-09;2026-08-15 10:35:16;SKU-004;4;25000;1000;CARD
REC-20260815-STORE_04-0261;STORE_04;CASH-01;2026-08-15 21:40:06;SKU-013;3;12000;0;CARD
REC-20260815-STORE_04-0261;STORE_04;CASH-04;2026-08-15 21:40:06;SKU-003;1;45000;0;CARD
REC-20260815-STORE_04-0261;STORE_04;CASH-04;2026-08-15 21:40:06;SKU-007;3;12000;0;CARD
REC-20260815-STORE_04-0261;STORE_04;CASH-04;2026-08-15 21:40:06;SKU-001;1;45000;1000;CASH
REC-20260815-STORE_04-0261;STORE_04;CASH-03;2026-08-15 21:40:06;SKU-004;3;25000;1000;CARD
REC-20260815-STORE_04-0262;STORE_04;CASH-04;2026-08-15 18:57:44;SKU-007;3;12000;0;CASH
REC-20260815-STORE_04-0262;STORE_04;CASH-08;2026-08-15 18:57:44;SKU-028;2;5000;0;CARD
REC-20260815-STORE_04-0262;STORE_04;CASH-02;2026-08-15 18:57:44;SKU-001;3;45000;0;CASH
REC-20260815-STORE_04-0262;STORE_04;CASH-02;2026-08-15 18:57:44;SKU-009;3;25000;500;CARD
REC-20260815-STORE_04-0263;STORE_04;CASH-05;2026-08-15 20:14:09;SKU-015;2;5000;500;CARD
REC-20260815-STORE_04-0263;STORE_04;CASH-08;2026-08-15 20:14:09;SKU-010;4;25000;0;CASH
REC-20260815-STORE_04-0264;STORE_04;CASH-10;2026-08-15 14:44:31;SKU-003;4;45000;500;CASH
REC-20260815-STORE_04-0264;STORE_04;CASH-03;2026-08-15 14:44:31;SKU-046;3;25000;0;CARD
REC-20260815-STORE_04-0264;STORE_04;CASH-08;2026-08-15 14:44:31;SKU-013;3;12000;1000;CARD
REC-20260815-STORE_04-0264;STORE_04;CASH-06;2026-08-15 14:44:31;SKU-001;4;45000;500;CARD
REC-20260815-STORE_04-0265;STORE_04;CASH-10;2026-08-15 14:37:12;SKU-048;1;25000;0;CARD
REC-20260815-STORE_04-0265;STORE_04;CASH-05;2026-08-15 14:37:12;SKU-014;2;5000;0;CARD
REC-20260815-STORE_04-0265;STORE_04;CASH-03;2026-08-15 14:37:12;SKU-002;1;12000;500;CARD
REC-20260815-STORE_04-0265;STORE_04;CASH-07;2026-08-15 14:37:12;SKU-010;3;25000;0;CARD
REC-20260815-STORE_04-0265;STORE_04;CASH-05;2026-08-15 14:37:12;SKU-010;2;25000;0;CARD
REC-20260815-STORE_04-0266;STORE_04;CASH-07;2026-08-15 11:54:49;SKU-026;2;12000;0;CARD
REC-20260815-STORE_04-0266;STORE_04;CASH-07;2026-08-15 11:54:49;SKU-013;4;12000;1000;CARD
REC-20260815-STORE_04-0267;STORE_04;CASH-09;2026-08-15 18:27:29;SKU-007;4;12000;1000;CARD
REC-20260815-STORE_04-0267;STORE_04;CASH-05;2026-08-15 18:27:29;SKU-001;2;45000;0;CARD
REC-20260815-STORE_04-0267;STORE_04;CASH-07;2026-08-15 18:27:29;SKU-029;3;5000;1000;CARD
REC-20260815-STORE_04-0268;STORE_04;CASH-04;2026-08-15 16:02:01;SKU-007;2;12000;0;CARD
REC-20260815-STORE_04-0269;STORE_04;CASH-07;2026-08-15 9:30:57;SKU-013;2;12000;0;CARD
REC-20260815-STORE_04-0269;STORE_04;CASH-09;2026-08-15 9:30:57;SKU-037;3;45000;0;CARD
REC-20260815-STORE_04-0269;STORE_04;CASH-03;2026-08-15 9:30:57;SKU-002;3;12000;0;CASH
REC-20260815-STORE_04-0269;STORE_04;CASH-06;2026-08-15 9:30:57;SKU-020;2;12000;1000;CARD
REC-20260815-STORE_04-0269;STORE_04;CASH-02;2026-08-15 9:30:57;SKU-010;2;25000;0;CARD
REC-20260815-STORE_04-0270;STORE_04;CASH-01;2026-08-15 8:21:45;SKU-022;1;12000;0;CARD
REC-20260815-STORE_04-0270;STORE_04;CASH-04;2026-08-15 8:21:45;SKU-006;3;45000;0;CASH
REC-20260815-STORE_04-0270;STORE_04;CASH-05;2026-08-15 8:21:45;SKU-001;4;45000;1000;CARD
REC-20260815-STORE_04-0270;STORE_04;CASH-01;2026-08-15 8:21:45;SKU-002;2;12000;1000;CARD
REC-20260815-STORE_04-0270;STORE_04;CASH-08;2026-08-15 8:21:45;SKU-017;2;12000;0;CARD
REC-20260815-STORE_04-0271;STORE_04;CASH-09;2026-08-15 16:33:24;SKU-001;2;45000;0;CARD
REC-20260815-STORE_04-0271;STORE_04;CASH-02;2026-08-15 16:33:24;SKU-025;4;5000;0;CARD
REC-20260815-STORE_04-0271;STORE_04;CASH-01;2026-08-15 16:33:24;SKU-001;4;45000;1000;CASH
REC-20260815-STORE_04-0271;STORE_04;CASH-03;2026-08-15 16:33:24;SKU-002;4;12000;1000;CARD
REC-20260815-STORE_04-0272;STORE_04;CASH-03;2026-08-15 15:55:48;SKU-007;2;12000;0;CARD
REC-20260815-STORE_04-0272;STORE_04;CASH-02;2026-08-15 15:55:48;SKU-002;4;12000;1000;CARD
REC-20260815-STORE_04-0272;STORE_04;CASH-06;2026-08-15 15:55:48;SKU-002;4;12000;0;CARD
REC-20260815-STORE_04-0272;STORE_04;CASH-03;2026-08-15 15:55:48;SKU-019;2;25000;0;CASH
REC-20260815-STORE_04-0272;STORE_04;CASH-01;2026-08-15 15:55:48;SKU-006;1;45000;500;CASH
REC-20260815-STORE_04-0273;STORE_04;CASH-06;2026-08-15 20:50:36;SKU-036;2;45000;1000;CASH
REC-20260815-STORE_04-0273;STORE_04;CASH-06;2026-08-15 20:50:36;SKU-004;1;25000;1000;CARD
REC-20260815-STORE_04-0273;STORE_04;CASH-04;2026-08-15 20:50:36;SKU-003;4;45000;500;CASH
REC-20260815-STORE_04-0273;STORE_04;CASH-08;2026-08-15 20:50:36;SKU-004;3;25000;0;CARD
REC-20260815-STORE_04-0273;STORE_04;CASH-09;2026-08-15 20:50:36;SKU-005;4;5000;500;CARD
REC-20260815-STORE_04-0274;STORE_04;CASH-03;2026-08-15 21:39:10;SKU-034;3;25000;0;CARD
REC-20260815-STORE_04-0274;STORE_04;CASH-04;2026-08-15 21:39:10;SKU-002;1;12000;0;CARD
REC-20260815-STORE_04-0275;STORE_04;CASH-05;2026-08-15 17:55:50;SKU-001;1;45000;500;CASH
REC-20260815-STORE_04-0275;STORE_04;CASH-09;2026-08-15 17:55:50;SKU-010;2;25000;1000;CASH
REC-20260815-STORE_04-0275;STORE_04;CASH-08;2026-08-15 17:55:50;SKU-018;2;5000;0;CASH
REC-20260815-STORE_04-0275;STORE_04;CASH-08;2026-08-15 17:55:50;SKU-001;2;45000;0;CARD
REC-20260815-STORE_04-0275;STORE_04;CASH-09;2026-08-15 17:55:50;SKU-028;3;5000;500;CARD
REC-20260815-STORE_04-0276;STORE_04;CASH-08;2026-08-15 18:32:10;SKU-048;3;25000;0;CASH
REC-20260815-STORE_04-0276;STORE_04;CASH-08;2026-08-15 18:32:10;SKU-014;2;5000;0;CASH
REC-20260815-STORE_04-0276;STORE_04;CASH-06;2026-08-15 18:32:10;SKU-019;4;25000;1000;CARD
REC-20260815-STORE_04-0276;STORE_04;CASH-02;2026-08-15 18:32:10;SKU-022;4;12000;0;CARD
REC-20260815-STORE_04-0277;STORE_04;CASH-08;2026-08-15 19:21:24;SKU-002;1;12000;0;CARD
REC-20260815-STORE_04-0277;STORE_04;CASH-04;2026-08-15 19:21:24;SKU-008;2;12000;0;CARD
REC-20260815-STORE_04-0277;STORE_04;CASH-10;2026-08-15 19:21:24;SKU-003;3;45000;0;CARD
REC-20260815-STORE_04-0278;STORE_04;CASH-03;2026-08-15 18:11:44;SKU-032;4;25000;0;CARD
REC-20260815-STORE_04-0279;STORE_04;CASH-06;2026-08-15 18:27:49;SKU-013;3;12000;0;CARD
REC-20260815-STORE_04-0279;STORE_04;CASH-03;2026-08-15 18:27:49;SKU-003;4;45000;1000;CARD
REC-20260815-STORE_04-0279;STORE_04;CASH-01;2026-08-15 18:27:49;SKU-014;4;5000;0;CARD
REC-20260815-STORE_04-0280;STORE_04;CASH-08;2026-08-15 20:13:16;SKU-005;2;5000;0;CASH
REC-20260815-STORE_04-0280;STORE_04;CASH-01;2026-08-15 20:13:16;SKU-033;2;5000;500;CASH
REC-20260815-STORE_04-0281;STORE_04;CASH-10;2026-08-15 18:21:41;SKU-002;2;12000;500;CARD
REC-20260815-STORE_04-0281;STORE_04;CASH-09;2026-08-15 18:21:41;SKU-007;2;12000;0;CARD
REC-20260815-STORE_04-0281;STORE_04;CASH-07;2026-08-15 18:21:41;SKU-002;1;12000;0;CASH
REC-20260815-STORE_04-0281;STORE_04;CASH-01;2026-08-15 18:21:41;SKU-011;1;5000;0;CARD
REC-20260815-STORE_04-0281;STORE_04;CASH-09;2026-08-15 18:21:41;SKU-002;1;12000;500;CARD
REC-20260815-STORE_04-0282;STORE_04;CASH-05;2026-08-15 21:03:09;SKU-033;4;5000;0;CARD
REC-20260815-STORE_04-0282;STORE_04;CASH-08;2026-08-15 21:03:09;SKU-028;1;5000;500;CARD
REC-20260815-STORE_04-0282;STORE_04;CASH-01;2026-08-15 21:03:09;SKU-006;3;45000;0;CARD
REC-20260815-STORE_04-0282;STORE_04;CASH-03;2026-08-15 21:03:09;SKU-021;3;5000;0;CASH
REC-20260815-STORE_04-0282;STORE_04;CASH-02;2026-08-15 21:03:09;SKU-002;3;12000;500;CARD
REC-20260815-STORE_04-0283;STORE_04;CASH-10;2026-08-15 14:43:36;SKU-010;2;25000;0;CARD
REC-20260815-STORE_04-0284;STORE_04;CASH-06;2026-08-15 20:14:53;SKU-020;4;12000;0;CASH
REC-20260815-STORE_04-0285;STORE_04;CASH-01;2026-08-15 13:02:26;SKU-029;1;5000;0;CARD
REC-20260815-STORE_04-0285;STORE_04;CASH-08;2026-08-15 13:02:26;SKU-001;1;45000;500;CASH
REC-20260815-STORE_04-0286;STORE_04;CASH-04;2026-08-15 13:20:08;SKU-005;2;5000;500;CASH
REC-20260815-STORE_04-0286;STORE_04;CASH-10;2026-08-15 13:20:08;SKU-016;1;25000;500;CASH
REC-20260815-STORE_04-0286;STORE_04;CASH-04;2026-08-15 13:20:08;SKU-049;3;5000;1000;CARD
REC-20260815-STORE_04-0287;STORE_04;CASH-08;2026-08-15 12:42:22;SKU-001;2;45000;0;CARD
REC-20260815-STORE_04-0287;STORE_04;CASH-04;2026-08-15 12:42:22;SKU-005;1;5000;0;CARD
REC-20260815-STORE_04-0287;STORE_04;CASH-10;2026-08-15 12:42:22;SKU-003;3;45000;0;CASH
REC-20260815-STORE_04-0287;STORE_04;CASH-03;2026-08-15 12:42:22;SKU-009;1;25000;1000;CARD
REC-20260815-STORE_04-0287;STORE_04;CASH-10;2026-08-15 12:42:22;SKU-033;2;5000;0;CARD
REC-20260815-STORE_04-0288;STORE_04;CASH-05;2026-08-15 20:00:41;SKU-001;1;45000;0;CARD
REC-20260815-STORE_04-0288;STORE_04;CASH-03;2026-08-15 20:00:41;SKU-002;4;12000;0;CARD
REC-20260815-STORE_04-0288;STORE_04;CASH-04;2026-08-15 20:00:41;SKU-005;4;5000;0;CARD
REC-20260815-STORE_04-0288;STORE_04;CASH-07;2026-08-15 20:00:41;SKU-004;1;25000;500;CASH
REC-20260815-STORE_04-0289;STORE_04;CASH-06;2026-08-15 14:02:42;SKU-007;4;12000;500;CASH
REC-20260815-STORE_04-0289;STORE_04;CASH-01;2026-08-15 14:02:42;SKU-014;3;5000;0;CARD
REC-20260815-STORE_04-0289;STORE_04;CASH-03;2026-08-15 14:02:42;SKU-010;1;25000;0;CASH
REC-20260815-STORE_04-0289;STORE_04;CASH-06;2026-08-15 14:02:42;SKU-001;3;45000;0;CASH
REC-20260815-STORE_04-0289;STORE_04;CASH-10;2026-08-15 14:02:42;SKU-001;3;45000;500;CARD
REC-20260815-STORE_04-0290;STORE_04;CASH-04;2026-08-15 20:44:36;SKU-007;1;12000;0;CARD
REC-20260815-STORE_04-0291;STORE_04;CASH-07;2026-08-15 18:58:21;SKU-003;4;45000;0;CARD
REC-20260815-STORE_04-0292;STORE_04;CASH-10;2026-08-15 12:56:34;SKU-001;1;45000;500;CASH
REC-20260815-STORE_04-0292;STORE_04;CASH-10;2026-08-15 12:56:34;SKU-001;2;45000;0;CARD
REC-20260815-STORE_04-0293;STORE_04;CASH-09;2026-08-15 13:01:42;SKU-003;4;45000;1000;CARD
REC-20260815-STORE_04-0293;STORE_04;CASH-04;2026-08-15 13:01:42;SKU-004;2;25000;0;CARD
REC-20260815-STORE_04-0293;STORE_04;CASH-07;2026-08-15 13:01:42;SKU-030;4;45000;0;CARD
REC-20260815-STORE_04-0293;STORE_04;CASH-06;2026-08-15 13:01:42;SKU-045;2;45000;0;CARD
REC-20260815-STORE_04-0293;STORE_04;CASH-04;2026-08-15 13:01:42;SKU-011;1;5000;1000;CASH
REC-20260815-STORE_04-0294;STORE_04;CASH-08;2026-08-15 19:05:16;SKU-026;1;12000;0;CASH
REC-20260815-STORE_04-0294;STORE_04;CASH-01;2026-08-15 19:05:16;SKU-004;4;25000;0;CASH
REC-20260815-STORE_04-0294;STORE_04;CASH-08;2026-08-15 19:05:16;SKU-020;2;12000;0;CARD
REC-20260815-STORE_04-0294;STORE_04;CASH-06;2026-08-15 19:05:16;SKU-015;1;5000;0;CARD
REC-20260815-STORE_04-0295;STORE_04;CASH-07;2026-08-15 19:22:56;SKU-001;2;45000;1000;CARD
REC-20260815-STORE_04-0295;STORE_04;CASH-01;2026-08-15 19:22:56;SKU-011;4;5000;500;CARD
REC-20260815-STORE_04-0295;STORE_04;CASH-10;2026-08-15 19:22:56;SKU-001;4;45000;0;CARD
REC-20260815-STORE_04-0295;STORE_04;CASH-03;2026-08-15 19:22:56;SKU-017;2;12000;1000;CARD
REC-20260815-STORE_04-0296;STORE_04;CASH-08;2026-08-15 17:35:01;SKU-048;3;25000;1000;CASH
REC-20260815-STORE_04-0296;STORE_04;CASH-05;2026-08-15 17:35:01;SKU-002;2;12000;0;CARD
REC-20260815-STORE_04-0296;STORE_04;CASH-02;2026-08-15 17:35:01;SKU-008;1;12000;0;CARD
REC-20260815-STORE_04-0296;STORE_04;CASH-05;2026-08-15 17:35:01;SKU-002;3;12000;0;CASH
REC-20260815-STORE_04-0297;STORE_04;CASH-06;2026-08-15 9:15:33;SKU-002;1;12000;0;CARD
REC-20260815-STORE_04-0297;STORE_04;CASH-05;2026-08-15 9:15:33;SKU-008;3;12000;1000;CARD
REC-20260815-STORE_04-0298;STORE_04;CASH-06;2026-08-15 15:02:40;SKU-018;2;5000;1000;CARD
REC-20260815-STORE_04-0298;STORE_04;CASH-10;2026-08-15 15:02:40;SKU-035;2;5000;500;CARD
REC-20260815-STORE_04-0298;STORE_04;CASH-06;2026-08-15 15:02:40;SKU-016;3;25000;0;CARD
REC-20260815-STORE_04-0298;STORE_04;CASH-10;2026-08-15 15:02:40;SKU-004;1;25000;500;CARD
REC-20260815-STORE_04-0299;STORE_04;CASH-07;2026-08-15 13:15:37;SKU-003;4;45000;500;CASH
REC-20260815-STORE_04-0300;STORE_04;CASH-10;2026-08-15 12:53:39;SKU-035;3;5000;0;CASH
REC-20260815-STORE_04-0300;STORE_04;CASH-03;2026-08-15 12:53:39;SKU-001;4;45000;0;CASH
REC-20260815-STORE_04-0301;STORE_04;CASH-06;2026-08-15 21:18:13;SKU-002;1;12000;500;CARD
REC-20260815-STORE_04-0301;STORE_04;CASH-01;2026-08-15 21:18:13;SKU-001;4;45000;500;CARD
REC-20260815-STORE_04-0301;STORE_04;CASH-10;2026-08-15 21:18:13;SKU-025;2;5000;0;CASH
REC-20260815-STORE_04-0301;STORE_04;CASH-05;2026-08-15 21:18:13;SKU-001;3;45000;0;CASH
REC-20260815-STORE_04-0302;STORE_04;CASH-06;2026-08-15 10:23:03;SKU-011;1;5000;1000;CARD
REC-20260815-STORE_04-0302;STORE_04;CASH-02;2026-08-15 10:23:03;SKU-014;3;5000;0;CASH
REC-20260815-STORE_04-0302;STORE_04;CASH-07;2026-08-15 10:23:03;SKU-005;2;5000;0;CARD
REC-20260815-STORE_04-0303;STORE_04;CASH-01;2026-08-15 16:23:48;SKU-003;3;45000;1000;CARD
REC-20260815-STORE_04-0303;STORE_04;CASH-10;2026-08-15 16:23:48;SKU-034;1;25000;1000;CARD
REC-20260815-STORE_04-0304;STORE_04;CASH-03;2026-08-15 19:16:24;SKU-001;1;45000;1000;CARD
REC-20260815-STORE_04-0304;STORE_04;CASH-06;2026-08-15 19:16:24;SKU-011;3;5000;0;CARD
REC-20260815-STORE_04-0304;STORE_04;CASH-06;2026-08-15 19:16:24;SKU-044;3;5000;500;CARD
REC-20260815-STORE_04-0304;STORE_04;CASH-08;2026-08-15 19:16:24;SKU-006;2;45000;0;CASH
REC-20260815-STORE_04-0305;STORE_04;CASH-01;2026-08-15 10:40:33;SKU-001;2;45000;1000;CASH
REC-20260815-STORE_04-0305;STORE_04;CASH-05;2026-08-15 10:40:33;SKU-002;1;12000;0;CASH
REC-20260815-STORE_04-0305;STORE_04;CASH-01;2026-08-15 10:40:33;SKU-005;2;5000;0;CARD
REC-20260815-STORE_04-0305;STORE_04;CASH-06;2026-08-15 10:40:33;SKU-001;3;45000;0;CARD
REC-20260815-STORE_04-0306;STORE_04;CASH-02;2026-08-15 16:01:53;SKU-019;2;25000;0;CARD
REC-20260815-STORE_04-0306;STORE_04;CASH-02;2026-08-15 16:01:53;SKU-001;4;45000;0;CARD
REC-20260815-STORE_04-0307;STORE_04;CASH-02;2026-08-15 11:22:05;SKU-028;3;5000;0;CARD
REC-20260815-STORE_04-0307;STORE_04;CASH-01;2026-08-15 11:22:05;SKU-004;3;25000;1000;CARD
REC-20260815-STORE_04-0307;STORE_04;CASH-04;2026-08-15 11:22:05;SKU-005;3;5000;500;CASH
REC-20260815-STORE_04-0307;STORE_04;CASH-02;2026-08-15 11:22:05;SKU-029;3;5000;500;CASH
REC-20260815-STORE_04-0307;STORE_04;CASH-04;2026-08-15 11:22:05;SKU-037;2;45000;500;CARD
REC-20260815-STORE_04-0308;STORE_04;CASH-08;2026-08-15 19:32:00;SKU-006;4;45000;0;CARD
REC-20260815-STORE_04-0308;STORE_04;CASH-08;2026-08-15 19:32:00;SKU-001;1;45000;1000;CARD
REC-20260815-STORE_04-0308;STORE_04;CASH-02;2026-08-15 19:32:00;SKU-002;2;12000;1000;CARD
REC-20260815-STORE_04-0309;STORE_04;CASH-03;2026-08-15 13:16:27;SKU-027;4;5000;500;CARD
REC-20260815-STORE_04-0309;STORE_04;CASH-01;2026-08-15 13:16:27;SKU-007;2;12000;1000;CARD
REC-20260815-STORE_04-0309;STORE_04;CASH-01;2026-08-15 13:16:27;SKU-046;3;25000;0;CARD
REC-20260815-STORE_04-0309;STORE_04;CASH-03;2026-08-15 13:16:27;SKU-004;4;25000;500;CARD
REC-20260815-STORE_04-0310;STORE_04;CASH-02;2026-08-15 12:18:01;SKU-008;1;12000;0;CARD
REC-20260815-STORE_04-0310;STORE_04;CASH-07;2026-08-15 12:18:01;SKU-028;2;5000;0;CASH
REC-20260815-STORE_04-0310;STORE_04;CASH-09;2026-08-15 12:18:01;SKU-029;1;5000;0;CARD
REC-20260815-STORE_04-0311;STORE_04;CASH-09;2026-08-15 20:28:18;SKU-034;3;25000;0;CARD
REC-20260815-STORE_04-0311;STORE_04;CASH-03;2026-08-15 20:28:18;SKU-001;4;45000;1000;CARD
REC-20260815-STORE_04-0311;STORE_04;CASH-03;2026-08-15 20:28:18;SKU-003;3;45000;1000;CARD
REC-20260815-STORE_04-0311;STORE_04;CASH-05;2026-08-15 20:28:18;SKU-001;2;45000;1000;CASH
REC-20260815-STORE_04-0312;STORE_04;CASH-09;2026-08-15 10:07:43;SKU-027;1;5000;1000;CARD
REC-20260815-STORE_04-0313;STORE_04;CASH-07;2026-08-15 19:57:46;SKU-024;2;12000;0;CASH
REC-20260815-STORE_04-0313;STORE_04;CASH-10;2026-08-15 19:57:46;SKU-011;4;5000;0;CASH
REC-20260815-STORE_04-0314;STORE_04;CASH-10;2026-08-15 10:48:02;SKU-001;4;45000;0;CASH
REC-20260815-STORE_04-0315;STORE_04;CASH-04;2026-08-15 9:05:21;SKU-002;4;12000;0;CARD
REC-20260815-STORE_04-0315;STORE_04;CASH-01;2026-08-15 9:05:21;SKU-001;2;45000;0;CARD
REC-20260815-STORE_04-0315;STORE_04;CASH-04;2026-08-15 9:05:21;SKU-005;4;5000;0;CASH
REC-20260815-STORE_04-0316;STORE_04;CASH-07;2026-08-15 17:30:43;SKU-010;2;25000;0;CARD
REC-20260815-STORE_04-0316;STORE_04;CASH-02;2026-08-15 17:30:43;SKU-001;4;45000;0;CARD
REC-20260815-STORE_04-0317;STORE_04;CASH-07;2026-08-15 17:11:17;SKU-020;3;12000;0;CARD
REC-20260815-STORE_04-0317;STORE_04;CASH-10;2026-08-15 17:11:17;SKU-001;3;45000;500;CARD
REC-20260815-STORE_04-0317;STORE_04;CASH-10;2026-08-15 17:11:17;SKU-003;1;45000;0;CASH
REC-20260815-STORE_04-0317;STORE_04;CASH-09;2026-08-15 17:11:17;SKU-003;1;45000;0;CARD
REC-20260815-STORE_04-0317;STORE_04;CASH-06;2026-08-15 17:11:17;SKU-037;2;45000;1000;CARD
REC-20260815-STORE_04-0318;STORE_04;CASH-09;2026-08-15 20:06:27;SKU-018;4;5000;0;CASH
REC-20260815-STORE_04-0318;STORE_04;CASH-10;2026-08-15 20:06:27;SKU-006;1;45000;1000;CARD
REC-20260815-STORE_04-0318;STORE_04;CASH-10;2026-08-15 20:06:27;SKU-014;1;5000;0;CARD
REC-20260815-STORE_04-0318;STORE_04;CASH-01;2026-08-15 20:06:27;SKU-011;2;5000;0;CARD
REC-20260815-STORE_04-0319;STORE_04;CASH-10;2026-08-15 21:41:36;SKU-001;2;45000;0;CARD
REC-20260815-STORE_04-0319;STORE_04;CASH-03;2026-08-15 21:41:36;SKU-001;2;45000;1000;CARD
REC-20260815-STORE_04-0320;STORE_04;CASH-07;2026-08-15 14:27:40;SKU-001;2;45000;0;CARD
REC-20260815-STORE_04-0321;STORE_04;CASH-06;2026-08-15 15:47:34;SKU-001;2;45000;500;CARD
REC-20260815-STORE_04-0321;STORE_04;CASH-08;2026-08-15 15:47:34;SKU-028;2;5000;500;CARD
REC-20260815-STORE_04-0321;STORE_04;CASH-07;2026-08-15 15:47:34;SKU-001;2;45000;0;CARD
REC-20260815-STORE_04-0321;STORE_04;CASH-04;2026-08-15 15:47:34;SKU-011;4;5000;500;CASH
REC-20260815-STORE_04-0322;STORE_04;CASH-08;2026-08-15 8:06:16;SKU-002;1;12000;0;CARD
REC-20260815-STORE_04-0322;STORE_04;CASH-07;2026-08-15 8:06:16;SKU-045;2;45000;0;CARD
REC-20260815-STORE_04-0322;STORE_04;CASH-04;2026-08-15 8:06:16;SKU-001;4;45000;500;CARD
REC-20260815-STORE_04-0322;STORE_04;CASH-02;2026-08-15 8:06:16;SKU-006;1;45000;0;CASH
REC-20260815-STORE_04-0323;STORE_04;CASH-06;2026-08-15 10:25:53;SKU-006;2;45000;0;CARD
REC-20260815-STORE_04-0324;STORE_04;CASH-04;2026-08-15 11:20:07;SKU-012;3;45000;0;CARD
REC-20260815-STORE_04-0324;STORE_04;CASH-05;2026-08-15 11:20:07;SKU-012;1;45000;0;CASH
REC-20260815-STORE_04-0324;STORE_04;CASH-09;2026-08-15 11:20:07;SKU-001;4;45000;500;CARD
REC-20260815-STORE_04-0324;STORE_04;CASH-07;2026-08-15 11:20:07;SKU-003;1;45000;0;CARD
REC-20260815-STORE_04-0325;STORE_04;CASH-04;2026-08-15 10:01:43;SKU-040;1;25000;0;CARD
REC-20260815-STORE_04-0325;STORE_04;CASH-05;2026-08-15 10:01:43;SKU-002;1;12000;0;CASH
REC-20260815-STORE_04-0325;STORE_04;CASH-05;2026-08-15 10:01:43;SKU-038;1;12000;1000;CARD
REC-20260815-STORE_04-0325;STORE_04;CASH-04;2026-08-15 10:01:43;SKU-022;1;12000;0;CASH
REC-20260815-STORE_04-0326;STORE_04;CASH-03;2026-08-15 21:22:24;SKU-010;3;25000;1000;CASH
REC-20260815-STORE_04-0326;STORE_04;CASH-04;2026-08-15 21:22:24;SKU-028;3;5000;500;CARD
REC-20260815-STORE_04-0326;STORE_04;CASH-02;2026-08-15 21:22:24;SKU-003;2;45000;0;CARD
REC-20260815-STORE_04-0327;STORE_04;CASH-05;2026-08-15 15:21:32;SKU-005;2;5000;500;CASH
REC-20260815-STORE_04-0327;STORE_04;CASH-06;2026-08-15 15:21:32;SKU-001;3;45000;500;CARD
REC-20260815-STORE_04-0327;STORE_04;CASH-10;2026-08-15 15:21:32;SKU-002;2;12000;500;CASH
REC-20260815-STORE_04-0327;STORE_04;CASH-10;2026-08-15 15:21:32;SKU-005;4;5000;0;CASH
REC-20260815-STORE_04-0328;STORE_04;CASH-07;2026-08-15 20:23:21;SKU-030;3;45000;0;CARD
REC-20260815-STORE_04-0329;STORE_04;CASH-07;2026-08-15 20:31:46;SKU-015;1;5000;500;CASH
REC-20260815-STORE_04-0329;STORE_04;CASH-04;2026-08-15 20:31:46;SKU-027;4;5000;1000;CASH
REC-20260815-STORE_04-0329;STORE_04;CASH-02;2026-08-15 20:31:46;SKU-003;1;45000;500;CARD
REC-20260815-STORE_04-0330;STORE_04;CASH-05;2026-08-15 8:58:41;SKU-010;4;25000;500;CARD
REC-20260815-STORE_04-0330;STORE_04;CASH-04;2026-08-15 8:58:41;SKU-007;3;12000;0;CARD
REC-20260815-STORE_04-0330;STORE_04;CASH-06;2026-08-15 8:58:41;SKU-007;1;12000;500;CARD
REC-20260815-STORE_04-0331;STORE_04;CASH-10;2026-08-15 20:52:02;SKU-002;1;12000;0;CASH
REC-20260815-STORE_04-0331;STORE_04;CASH-08;2026-08-15 20:52:02;SKU-012;2;45000;1000;CARD
REC-20260815-STORE_04-0331;STORE_04;CASH-04;2026-08-15 20:52:02;SKU-026;1;12000;500;CARD
REC-20260815-STORE_04-0332;STORE_04;CASH-08;2026-08-15 16:20:26;SKU-004;4;25000;1000;CASH
REC-20260815-STORE_04-0333;STORE_04;CASH-05;2026-08-15 10:54:07;SKU-002;4;12000;0;CASH
REC-20260815-STORE_04-0333;STORE_04;CASH-08;2026-08-15 10:54:07;SKU-001;1;45000;0;CARD
REC-20260815-STORE_04-0333;STORE_04;CASH-07;2026-08-15 10:54:07;SKU-008;3;12000;0;CARD
REC-20260815-STORE_04-0334;STORE_04;CASH-02;2026-08-15 12:41:47;SKU-018;1;5000;0;CARD
REC-20260815-STORE_04-0334;STORE_04;CASH-08;2026-08-15 12:41:47;SKU-002;3;12000;0;CARD
REC-20260815-STORE_04-0334;STORE_04;CASH-05;2026-08-15 12:41:47;SKU-002;3;12000;500;CARD
REC-20260815-STORE_04-0334;STORE_04;CASH-10;2026-08-15 12:41:47;SKU-001;1;45000;500;CARD
REC-20260815-STORE_04-0334;STORE_04;CASH-02;2026-08-15 12:41:47;SKU-022;4;12000;0;CARD
REC-20260815-STORE_04-0335;STORE_04;CASH-05;2026-08-15 10:01:24;SKU-009;2;25000;0;CARD
REC-20260815-STORE_04-0335;STORE_04;CASH-10;2026-08-15 10:01:24;SKU-028;2;5000;1000;CARD
REC-20260815-STORE_04-0336;STORE_04;CASH-07;2026-08-15 18:19:07;SKU-001;1;45000;500;CARD
REC-20260815-STORE_04-0336;STORE_04;CASH-01;2026-08-15 18:19:07;SKU-018;2;5000;1000;CASH
REC-20260815-STORE_04-0336;STORE_04;CASH-06;2026-08-15 18:19:07;SKU-013;2;12000;1000;CASH
REC-20260815-STORE_04-0336;STORE_04;CASH-07;2026-08-15 18:19:07;SKU-003;2;45000;0;CASH
REC-20260815-STORE_04-0336;STORE_04;CASH-04;2026-08-15 18:19:07;SKU-001;3;45000;0;CASH
REC-20260815-STORE_04-0337;STORE_04;CASH-08;2026-08-15 20:13:46;SKU-020;4;12000;0;CARD
REC-20260815-STORE_04-0337;STORE_04;CASH-08;2026-08-15 20:13:46;SKU-022;3;12000;1000;CARD
REC-20260815-STORE_04-0337;STORE_04;CASH-03;2026-08-15 20:13:46;SKU-002;4;12000;1000;CARD
REC-20260815-STORE_04-0338;STORE_04;CASH-06;2026-08-15 13:47:13;SKU-004;1;25000;0;CARD
REC-20260815-STORE_04-0339;STORE_04;CASH-10;2026-08-15 16:04:08;SKU-007;3;12000;1000;CARD
REC-20260815-STORE_04-0339;STORE_04;CASH-07;2026-08-15 16:04:08;SKU-049;4;5000;0;CASH
REC-20260815-STORE_04-0340;STORE_04;CASH-06;2026-08-15 9:21:37;SKU-002;2;12000;0;CARD
REC-20260815-STORE_04-0340;STORE_04;CASH-07;2026-08-15 9:21:37;SKU-005;3;5000;0;CARD
REC-20260815-STORE_04-0341;STORE_04;CASH-03;2026-08-15 10:34:24;SKU-001;4;45000;1000;CARD
REC-20260815-STORE_04-0342;STORE_04;CASH-06;2026-08-15 16:22:09;SKU-024;4;12000;0;CARD
REC-20260815-STORE_04-0343;STORE_04;CASH-03;2026-08-15 18:00:08;SKU-001;2;45000;1000;CARD
REC-20260815-STORE_04-0343;STORE_04;CASH-02;2026-08-15 18:00:08;SKU-031;3;45000;0;CASH
REC-20260815-STORE_04-0343;STORE_04;CASH-08;2026-08-15 18:00:08;SKU-018;3;5000;500;CARD
REC-20260815-STORE_04-0343;STORE_04;CASH-01;2026-08-15 18:00:08;SKU-006;1;45000;500;CARD
REC-20260815-STORE_04-0343;STORE_04;CASH-02;2026-08-15 18:00:08;SKU-002;3;12000;0;CARD
REC-20260815-STORE_04-0344;STORE_04;CASH-02;2026-08-15 8:26:32;SKU-001;1;45000;0;CASH
REC-20260815-STORE_04-0345;STORE_04;CASH-06;2026-08-15 13:19:10;SKU-025;1;5000;0;CASH
REC-20260815-STORE_04-0346;STORE_04;CASH-03;2026-08-15 16:11:09;SKU-022;1;12000;0;CARD
REC-20260815-STORE_04-0346;STORE_04;CASH-01;2026-08-15 16:11:09;SKU-001;4;45000;500;CARD
REC-20260815-STORE_04-0346;STORE_04;CASH-04;2026-08-15 16:11:09;SKU-042;2;5000;0;CARD
REC-20260815-STORE_04-0346;STORE_04;CASH-02;2026-08-15 16:11:09;SKU-009;2;25000;500;CARD
REC-20260815-STORE_04-0346;STORE_04;CASH-08;2026-08-15 16:11:09;SKU-039;3;5000;0;CARD
REC-20260815-STORE_04-0347;STORE_04;CASH-08;2026-08-15 11:58:38;SKU-003;1;45000;500;CASH
REC-20260815-STORE_04-0347;STORE_04;CASH-07;2026-08-15 11:58:38;SKU-003;2;45000;0;CARD
REC-20260815-STORE_04-0347;STORE_04;CASH-03;2026-08-15 11:58:38;SKU-023;1;45000;500;CARD
REC-20260815-STORE_04-0347;STORE_04;CASH-09;2026-08-15 11:58:38;SKU-012;4;45000;0;CARD
REC-20260815-STORE_04-0347;STORE_04;CASH-01;2026-08-15 11:58:38;SKU-002;2;12000;0;CARD
REC-20260815-STORE_04-0348;STORE_04;CASH-08;2026-08-15 12:53:09;SKU-039;1;5000;0;CARD
REC-20260815-STORE_04-0349;STORE_04;CASH-08;2026-08-15 10:59:21;SKU-003;2;45000;0;CARD
REC-20260815-STORE_04-0349;STORE_04;CASH-10;2026-08-15 10:59:21;SKU-001;4;45000;1000;CARD
REC-20260815-STORE_04-0349;STORE_04;CASH-04;2026-08-15 10:59:21;SKU-001;4;45000;1000;CARD
REC-20260815-STORE_04-0350;STORE_04;CASH-10;2026-08-15 9:48:35;SKU-001;4;45000;0;CARD
REC-20260815-STORE_04-0350;STORE_04;CASH-01;2026-08-15 9:48:35;SKU-001;3;45000;0;CASH
REC-20260815-STORE_04-0350;STORE_04;CASH-04;2026-08-15 9:48:35;SKU-005;3;5000;0;CARD
REC-20260815-STORE_04-0351;STORE_04;CASH-05;2026-08-15 20:13:48;SKU-001;1;45000;0;CARD
REC-20260815-STORE_04-0351;STORE_04;CASH-06;2026-08-15 20:13:48;SKU-001;1;45000;1000;CARD
REC-20260815-STORE_04-0351;STORE_04;CASH-06;2026-08-15 20:13:48;SKU-048;3;25000;0;CASH
REC-20260815-STORE_04-0351;STORE_04;CASH-05;2026-08-15 20:13:48;SKU-002;1;12000;0;CARD
REC-20260815-STORE_04-0351;STORE_04;CASH-10;2026-08-15 20:13:48;SKU-005;3;5000;0;CASH
REC-20260815-STORE_04-0352;STORE_04;CASH-01;2026-08-15 10:40:49;SKU-001;2;45000;1000;CASH
REC-20260815-STORE_04-0352;STORE_04;CASH-04;2026-08-15 10:40:49;SKU-007;4;12000;0;CARD
REC-20260815-STORE_04-0352;STORE_04;CASH-10;2026-08-15 10:40:49;SKU-001;2;45000;1000;CARD
REC-20260815-STORE_04-0353;STORE_04;CASH-10;2026-08-15 21:09:42;SKU-001;1;45000;0;CARD
REC-20260815-STORE_04-0353;STORE_04;CASH-02;2026-08-15 21:09:42;SKU-001;3;45000;0;CARD
REC-20260815-STORE_04-0354;STORE_04;CASH-02;2026-08-15 9:58:32;SKU-007;3;12000;0;CARD
REC-20260815-STORE_04-0355;STORE_04;CASH-03;2026-08-15 10:15:31;SKU-043;4;25000;1000;CARD
REC-20260815-STORE_04-0355;STORE_04;CASH-03;2026-08-15 10:15:31;SKU-002;2;12000;500;CARD
REC-20260815-STORE_04-0355;STORE_04;CASH-03;2026-08-15 10:15:31;SKU-006;4;45000;1000;CASH
REC-20260815-STORE_04-0355;STORE_04;CASH-01;2026-08-15 10:15:31;SKU-001;2;45000;0;CARD
REC-20260815-STORE_04-0355;STORE_04;CASH-04;2026-08-15 10:15:31;SKU-009;4;25000;0;CARD
REC-20260815-STORE_04-0356;STORE_04;CASH-08;2026-08-15 13:16:45;SKU-017;4;12000;0;CASH
REC-20260815-STORE_04-0356;STORE_04;CASH-10;2026-08-15 13:16:45;SKU-010;3;25000;0;CARD
REC-20260815-STORE_04-0356;STORE_04;CASH-04;2026-08-15 13:16:45;SKU-001;3;45000;0;CASH
REC-20260815-STORE_04-0356;STORE_04;CASH-10;2026-08-15 13:16:45;SKU-038;2;12000;1000;CARD
REC-20260815-STORE_04-0357;STORE_04;CASH-06;2026-08-15 9:41:18;SKU-003;1;45000;0;CARD
REC-20260815-STORE_04-0357;STORE_04;CASH-02;2026-08-15 9:41:18;SKU-007;4;12000;0;CARD
REC-20260815-STORE_04-0357;STORE_04;CASH-07;2026-08-15 9:41:18;SKU-044;4;5000;0;CARD
REC-20260815-STORE_04-0357;STORE_04;CASH-10;2026-08-15 9:41:18;SKU-013;3;12000;1000;CARD
REC-20260815-STORE_04-0357;STORE_04;CASH-04;2026-08-15 9:41:18;SKU-015;4;5000;1000;CARD
REC-20260815-STORE_04-0358;STORE_04;CASH-02;2026-08-15 15:40:54;SKU-001;1;45000;0;CARD
REC-20260815-STORE_04-0358;STORE_04;CASH-09;2026-08-15 15:40:54;SKU-004;2;25000;0;CARD
REC-20260815-STORE_04-0359;STORE_04;CASH-03;2026-08-15 8:19:02;SKU-004;1;25000;0;CASH
REC-20260815-STORE_04-0359;STORE_04;CASH-07;2026-08-15 8:19:02;SKU-001;2;45000;1000;CARD
REC-20260815-STORE_04-0359;STORE_04;CASH-07;2026-08-15 8:19:02;SKU-017;4;12000;0;CARD
REC-20260815-STORE_04-0359;STORE_04;CASH-04;2026-08-15 8:19:02;SKU-037;1;45000;1000;CARD
REC-20260815-STORE_04-0360;STORE_04;CASH-02;2026-08-15 11:03:48;SKU-007;4;12000;0;CARD
REC-20260815-STORE_04-0360;STORE_04;CASH-08;2026-08-15 11:03:48;SKU-005;2;5000;0;CARD
REC-20260815-STORE_04-0360;STORE_04;CASH-08;2026-08-15 11:03:48;SKU-004;3;25000;0;CASH
REC-20260815-STORE_04-0360;STORE_04;CASH-01;2026-08-15 11:03:48;SKU-001;1;45000;0;CARD
REC-20260815-STORE_04-0361;STORE_04;CASH-04;2026-08-15 21:07:40;SKU-033;3;5000;0;CASH
REC-20260815-STORE_04-0362;STORE_04;CASH-05;2026-08-15 10:00:03;SKU-001;1;45000;0;CARD
REC-20260815-STORE_04-0362;STORE_04;CASH-03;2026-08-15 10:00:03;SKU-001;2;45000;0;CASH
REC-20260815-STORE_04-0363;STORE_04;CASH-02;2026-08-15 18:07:51;SKU-001;2;45000;500;CARD
REC-20260815-STORE_04-0363;STORE_04;CASH-01;2026-08-15 18:07:51;SKU-004;3;25000;0;CARD
REC-20260815-STORE_04-0363;STORE_04;CASH-09;2026-08-15 18:07:51;SKU-013;1;12000;0;CARD
REC-20260815-STORE_04-0363;STORE_04;CASH-07;2026-08-15 18:07:51;SKU-047;4;5000;500;CARD
REC-20260815-STORE_04-0363;STORE_04;CASH-07;2026-08-15 18:07:51;SKU-030;1;45000;0;CASH
REC-20260815-STORE_04-0364;STORE_04;CASH-10;2026-08-15 15:35:12;SKU-017;3;12000;0;CASH
REC-20260815-STORE_04-0364;STORE_04;CASH-01;2026-08-15 15:35:12;SKU-008;4;12000;0;CARD
REC-20260815-STORE_04-0364;STORE_04;CASH-06;2026-08-15 15:35:12;SKU-001;4;45000;0;CARD
REC-20260815-STORE_04-0364;STORE_04;CASH-01;2026-08-15 15:35:12;SKU-002;3;12000;500;CARD
REC-20260815-STORE_04-0364;STORE_04;CASH-09;2026-08-15 15:35:12;SKU-027;2;5000;0;CARD
REC-20260815-STORE_04-0365;STORE_04;CASH-04;2026-08-15 15:32:51;SKU-007;2;12000;1000;CARD
REC-20260815-STORE_04-0365;STORE_04;CASH-06;2026-08-15 15:32:51;SKU-021;4;5000;0;CARD
REC-20260815-STORE_04-0365;STORE_04;CASH-03;2026-08-15 15:32:51;SKU-002;1;12000;500;CARD
REC-20260815-STORE_04-0365;STORE_04;CASH-01;2026-08-15 15:32:51;SKU-001;1;45000;500;CASH
REC-20260815-STORE_04-0366;STORE_04;CASH-10;2026-08-15 18:19:43;SKU-014;1;5000;0;CARD
REC-20260815-STORE_04-0366;STORE_04;CASH-06;2026-08-15 18:19:43;SKU-001;3;45000;0;CARD
REC-20260815-STORE_04-0366;STORE_04;CASH-04;2026-08-15 18:19:43;SKU-018;1;5000;0;CARD
REC-20260815-STORE_04-0366;STORE_04;CASH-01;2026-08-15 18:19:43;SKU-008;4;12000;500;CASH
REC-20260815-STORE_04-0366;STORE_04;CASH-08;2026-08-15 18:19:43;SKU-007;1;12000;0;CARD
REC-20260815-STORE_04-0367;STORE_04;CASH-10;2026-08-15 18:34:16;SKU-005;3;5000;0;CARD
REC-20260815-STORE_04-0368;STORE_04;CASH-04;2026-08-15 9:12:06;SKU-016;2;25000;500;CASH
REC-20260815-STORE_04-0368;STORE_04;CASH-08;2026-08-15 9:12:06;SKU-001;3;45000;0;CASH
REC-20260815-STORE_04-0368;STORE_04;CASH-08;2026-08-15 9:12:06;SKU-019;4;25000;0;CARD
REC-20260815-STORE_04-0368;STORE_04;CASH-05;2026-08-15 9:12:06;SKU-045;1;45000;0;CASH
REC-20260815-STORE_04-0369;STORE_04;CASH-05;2026-08-15 14:02:09;SKU-004;1;25000;0;CASH
REC-20260815-STORE_04-0369;STORE_04;CASH-05;2026-08-15 14:02:09;SKU-030;4;45000;1000;CASH
REC-20260815-STORE_04-0369;STORE_04;CASH-08;2026-08-15 14:02:09;SKU-003;1;45000;0;CASH
REC-20260815-STORE_04-0369;STORE_04;CASH-06;2026-08-15 14:02:09;SKU-001;2;45000;500;CARD
REC-20260815-STORE_04-0370;STORE_04;CASH-02;2026-08-15 15:46:57;SKU-046;4;25000;0;CARD
REC-20260815-STORE_04-0370;STORE_04;CASH-03;2026-08-15 15:46:57;SKU-040;2;25000;500;CARD
REC-20260815-STORE_04-0371;STORE_04;CASH-08;2026-08-15 9:32:17;SKU-002;1;12000;0;CASH
REC-20260815-STORE_04-0372;STORE_04;CASH-10;2026-08-15 17:26:25;SKU-001;3;45000;0;CASH
REC-20260815-STORE_04-0372;STORE_04;CASH-02;2026-08-15 17:26:25;SKU-003;1;45000;1000;CARD
REC-20260815-STORE_04-0372;STORE_04;CASH-02;2026-08-15 17:26:25;SKU-018;4;5000;0;CARD
REC-20260815-STORE_04-0373;STORE_04;CASH-02;2026-08-15 16:52:04;SKU-005;4;5000;1000;CARD
REC-20260815-STORE_04-0373;STORE_04;CASH-07;2026-08-15 16:52:04;SKU-030;1;45000;0;CARD
REC-20260815-STORE_04-0374;STORE_04;CASH-02;2026-08-15 17:20:42;SKU-002;1;12000;0;CARD
REC-20260815-STORE_04-0374;STORE_04;CASH-10;2026-08-15 17:20:42;SKU-009;4;25000;500;CARD
REC-20260815-STORE_04-0374;STORE_04;CASH-10;2026-08-15 17:20:42;SKU-002;4;12000;0;CARD
REC-20260815-STORE_04-0374;STORE_04;CASH-09;2026-08-15 17:20:42;SKU-010;3;25000;0;CARD
REC-20260815-STORE_04-0375;STORE_04;CASH-01;2026-08-15 19:00:17;SKU-001;2;45000;500;CARD
REC-20260815-STORE_04-0375;STORE_04;CASH-02;2026-08-15 19:00:17;SKU-049;1;5000;0;CARD
REC-20260815-STORE_04-0375;STORE_04;CASH-02;2026-08-15 19:00:17;SKU-004;2;25000;500;CARD
REC-20260815-STORE_04-0376;STORE_04;CASH-04;2026-08-15 13:01:51;SKU-050;3;25000;0;CARD
REC-20260815-STORE_04-0376;STORE_04;CASH-02;2026-08-15 13:01:51;SKU-004;1;25000;0;CARD
REC-20260815-STORE_04-0376;STORE_04;CASH-09;2026-08-15 13:01:51;SKU-001;4;45000;0;CARD
REC-20260815-STORE_04-0376;STORE_04;CASH-04;2026-08-15 13:01:51;SKU-040;2;25000;0;CARD
REC-20260815-STORE_04-0376;STORE_04;CASH-02;2026-08-15 13:01:51;SKU-019;2;25000;0;CARD
REC-20260815-STORE_04-0377;STORE_04;CASH-04;2026-08-15 9:23:44;SKU-018;4;5000;1000;CASH
REC-20260815-STORE_04-0377;STORE_04;CASH-01;2026-08-15 9:23:44;SKU-001;3;45000;0;CASH
REC-20260815-STORE_04-0377;STORE_04;CASH-07;2026-08-15 9:23:44;SKU-001;1;45000;1000;CARD
REC-20260815-STORE_04-0377;STORE_04;CASH-01;2026-08-15 9:23:44;SKU-031;1;45000;0;CASH
REC-20260815-STORE_04-0378;STORE_04;CASH-01;2026-08-15 12:57:38;SKU-004;3;25000;0;CARD
REC-20260815-STORE_04-0379;STORE_04;CASH-07;2026-08-15 15:04:01;SKU-001;4;45000;0;CARD
REC-20260815-STORE_04-0379;STORE_04;CASH-10;2026-08-15 15:04:01;SKU-012;3;45000;0;CARD
REC-20260815-STORE_04-0380;STORE_04;CASH-03;2026-08-15 19:04:26;SKU-007;3;12000;0;CARD
REC-20260815-STORE_04-0380;STORE_04;CASH-07;2026-08-15 19:04:26;SKU-018;1;5000;0;CASH
REC-20260815-STORE_04-0381;STORE_04;CASH-09;2026-08-15 20:03:14;SKU-004;3;25000;0;CARD
REC-20260815-STORE_04-0381;STORE_04;CASH-08;2026-08-15 20:03:14;SKU-029;1;5000;0;CASH
REC-20260815-STORE_04-0381;STORE_04;CASH-03;2026-08-15 20:03:14;SKU-029;2;5000;1000;CARD
REC-20260815-STORE_04-0381;STORE_04;CASH-02;2026-08-15 20:03:14;SKU-002;2;12000;0;CARD
REC-20260815-STORE_04-0382;STORE_04;CASH-07;2026-08-15 12:46:08;SKU-002;2;12000;1000;CARD
REC-20260815-STORE_04-0383;STORE_04;CASH-10;2026-08-15 16:39:11;SKU-016;4;25000;0;CASH
REC-20260815-STORE_04-0383;STORE_04;CASH-07;2026-08-15 16:39:11;SKU-001;4;45000;1000;CASH
REC-20260815-STORE_04-0383;STORE_04;CASH-05;2026-08-15 16:39:11;SKU-024;2;12000;0;CARD
REC-20260815-STORE_04-0383;STORE_04;CASH-09;2026-08-15 16:39:11;SKU-014;3;5000;0;CARD
REC-20260815-STORE_04-0383;STORE_04;CASH-07;2026-08-15 16:39:11;SKU-037;1;45000;500;CARD
REC-20260815-STORE_04-0384;STORE_04;CASH-01;2026-08-15 12:45:14;SKU-021;4;5000;1000;CARD
REC-20260815-STORE_04-0385;STORE_04;CASH-05;2026-08-15 10:13:14;SKU-010;3;25000;0;CASH
REC-20260815-STORE_04-0386;STORE_04;CASH-10;2026-08-15 21:31:03;SKU-001;1;45000;0;CASH
REC-20260815-STORE_04-0386;STORE_04;CASH-08;2026-08-15 21:31:03;SKU-042;3;5000;0;CARD
REC-20260815-STORE_04-0386;STORE_04;CASH-05;2026-08-15 21:31:03;SKU-009;2;25000;500;CARD
REC-20260815-STORE_04-0387;STORE_04;CASH-07;2026-08-15 12:29:46;SKU-010;3;25000;500;CARD
REC-20260815-STORE_04-0387;STORE_04;CASH-10;2026-08-15 12:29:46;SKU-001;4;45000;0;CASH
REC-20260815-STORE_04-0388;STORE_04;CASH-07;2026-08-15 11:22:35;SKU-003;3;45000;0;CARD
REC-20260815-STORE_04-0388;STORE_04;CASH-04;2026-08-15 11:22:35;SKU-001;1;45000;1000;CARD
REC-20260815-STORE_04-0388;STORE_04;CASH-06;2026-08-15 11:22:35;SKU-011;4;5000;0;CARD
REC-20260815-STORE_04-0388;STORE_04;CASH-02;2026-08-15 11:22:35;SKU-001;3;45000;0;CARD
REC-20260815-STORE_04-0388;STORE_04;CASH-03;2026-08-15 11:22:35;SKU-010;2;25000;0;CARD
REC-20260815-STORE_04-0389;STORE_04;CASH-05;2026-08-15 11:43:32;SKU-006;3;45000;500;CARD
REC-20260815-STORE_04-0390;STORE_04;CASH-01;2026-08-15 20:52:16;SKU-002;3;12000;500;CARD
REC-20260815-STORE_04-0390;STORE_04;CASH-01;2026-08-15 20:52:16;SKU-003;3;45000;1000;CARD
REC-20260815-STORE_04-0391;STORE_04;CASH-01;2026-08-15 17:43:54;SKU-008;4;12000;0;CASH
REC-20260815-STORE_04-0392;STORE_04;CASH-10;2026-08-15 9:40:45;SKU-003;3;45000;0;CASH
REC-20260815-STORE_04-0392;STORE_04;CASH-03;2026-08-15 9:40:45;SKU-007;2;12000;0;CARD
REC-20260815-STORE_04-0393;STORE_04;CASH-05;2026-08-15 16:55:33;SKU-013;2;12000;1000;CASH
REC-20260815-STORE_04-0393;STORE_04;CASH-04;2026-08-15 16:55:33;SKU-001;4;45000;500;CARD
REC-20260815-STORE_04-0393;STORE_04;CASH-02;2026-08-15 16:55:33;SKU-001;1;45000;0;CARD
REC-20260815-STORE_04-0393;STORE_04;CASH-03;2026-08-15 16:55:33;SKU-024;1;12000;0;CARD
REC-20260815-STORE_04-0393;STORE_04;CASH-09;2026-08-15 16:55:33;SKU-002;4;12000;0;CARD
REC-20260815-STORE_04-0394;STORE_04;CASH-10;2026-08-15 15:22:58;SKU-008;3;12000;0;CARD
REC-20260815-STORE_04-0394;STORE_04;CASH-08;2026-08-15 15:22:58;SKU-001;3;45000;0;CASH
REC-20260815-STORE_04-0395;STORE_04;CASH-01;2026-08-15 11:55:07;SKU-013;1;12000;0;CARD
REC-20260815-STORE_04-0395;STORE_04;CASH-02;2026-08-15 11:55:07;SKU-001;1;45000;0;CASH
REC-20260815-STORE_04-0396;STORE_04;CASH-07;2026-08-15 14:21:09;SKU-001;3;45000;0;CARD
REC-20260815-STORE_04-0396;STORE_04;CASH-06;2026-08-15 14:21:09;SKU-035;1;5000;1000;CARD
REC-20260815-STORE_04-0396;STORE_04;CASH-05;2026-08-15 14:21:09;SKU-001;1;45000;0;CARD
REC-20260815-STORE_04-0396;STORE_04;CASH-03;2026-08-15 14:21:09;SKU-001;4;45000;500;CARD
REC-20260815-STORE_04-0396;STORE_04;CASH-02;2026-08-15 14:21:09;SKU-001;2;45000;1000;CARD
REC-20260815-STORE_04-0397;STORE_04;CASH-06;2026-08-15 17:02:14;SKU-003;1;45000;0;CARD
REC-20260815-STORE_04-0397;STORE_04;CASH-10;2026-08-15 17:02:14;SKU-003;4;45000;0;CARD
REC-20260815-STORE_04-0397;STORE_04;CASH-07;2026-08-15 17:02:14;SKU-002;4;12000;0;CARD
REC-20260815-STORE_04-0398;STORE_04;CASH-01;2026-08-15 14:19:31;SKU-001;4;45000;1000;CARD
REC-20260815-STORE_04-0398;STORE_04;CASH-02;2026-08-15 14:19:31;SKU-002;3;12000;0;CARD
REC-20260815-STORE_04-0398;STORE_04;CASH-02;2026-08-15 14:19:31;SKU-019;3;25000;0;CASH
REC-20260815-STORE_04-0399;STORE_04;CASH-03;2026-08-15 10:19:45;SKU-010;4;25000;0;CASH
REC-20260815-STORE_04-0399;STORE_04;CASH-02;2026-08-15 10:19:45;SKU-048;1;25000;0;CARD
REC-20260815-STORE_04-0399;STORE_04;CASH-10;2026-08-15 10:19:45;SKU-046;1;25000;500;CARD
REC-20260815-STORE_04-0400;STORE_04;CASH-06;2026-08-15 16:46:40;SKU-007;3;12000;0;CARD
REC-20260815-STORE_04-0400;STORE_04;CASH-04;2026-08-15 16:46:40;SKU-006;2;45000;500;CASH
REC-20260815-STORE_04-0401;STORE_04;CASH-06;2026-08-15 9:41:13;SKU-001;2;45000;0;CARD
REC-20260815-STORE_04-0401;STORE_04;CASH-05;2026-08-15 9:41:13;SKU-044;4;5000;1000;CARD
REC-20260815-STORE_04-0402;STORE_04;CASH-01;2026-08-15 12:12:07;SKU-001;1;45000;0;CASH
REC-20260815-STORE_04-0402;STORE_04;CASH-05;2026-08-15 12:12:07;SKU-012;3;45000;0;CARD
REC-20260815-STORE_04-0402;STORE_04;CASH-09;2026-08-15 12:12:07;SKU-001;1;45000;0;CASH
REC-20260815-STORE_04-0403;STORE_04;CASH-04;2026-08-15 21:41:40;SKU-003;2;45000;1000;CASH
REC-20260815-STORE_04-0403;STORE_04;CASH-06;2026-08-15 21:41:40;SKU-001;1;45000;0;CASH
REC-20260815-STORE_04-0403;STORE_04;CASH-09;2026-08-15 21:41:40;SKU-021;3;5000;1000;CARD
REC-20260815-STORE_04-0403;STORE_04;CASH-04;2026-08-15 21:41:40;SKU-004;3;25000;0;CARD
REC-20260815-STORE_04-0404;STORE_04;CASH-10;2026-08-15 11:18:11;SKU-029;3;5000;500;CASH
REC-20260815-STORE_04-0404;STORE_04;CASH-10;2026-08-15 11:18:11;SKU-001;3;45000;0;CARD
REC-20260815-STORE_04-0405;STORE_04;CASH-01;2026-08-15 12:05:14;SKU-013;4;12000;0;CARD
REC-20260815-STORE_04-0406;STORE_04;CASH-07;2026-08-15 20:47:03;SKU-001;4;45000;0;CARD
REC-20260815-STORE_04-0406;STORE_04;CASH-04;2026-08-15 20:47:03;SKU-032;4;25000;1000;CASH
REC-20260815-STORE_04-0406;STORE_04;CASH-05;2026-08-15 20:47:03;SKU-005;3;5000;0;CARD
REC-20260815-STORE_04-0406;STORE_04;CASH-09;2026-08-15 20:47:03;SKU-045;1;45000;500;CARD
REC-20260815-STORE_04-0407;STORE_04;CASH-06;2026-08-15 18:50:12;SKU-013;1;12000;0;CASH
REC-20260815-STORE_04-0408;STORE_04;CASH-02;2026-08-15 10:08:26;SKU-026;4;12000;500;CASH
REC-20260815-STORE_04-0408;STORE_04;CASH-07;2026-08-15 10:08:26;SKU-011;3;5000;500;CARD
REC-20260815-STORE_04-0408;STORE_04;CASH-04;2026-08-15 10:08:26;SKU-045;1;45000;500;CARD
REC-20260815-STORE_04-0408;STORE_04;CASH-08;2026-08-15 10:08:26;SKU-018;1;5000;0;CASH
REC-20260815-STORE_04-0408;STORE_04;CASH-10;2026-08-15 10:08:26;SKU-001;4;45000;0;CARD
REC-20260815-STORE_04-0409;STORE_04;CASH-05;2026-08-15 21:55:06;SKU-004;3;25000;500;CARD
REC-20260815-STORE_04-0410;STORE_04;CASH-04;2026-08-15 16:34:13;SKU-031;3;45000;0;CARD
REC-20260815-STORE_04-0410;STORE_04;CASH-07;2026-08-15 16:34:13;SKU-001;3;45000;0;CARD
REC-20260815-STORE_04-0410;STORE_04;CASH-02;2026-08-15 16:34:13;SKU-001;2;45000;1000;CASH
REC-20260815-STORE_04-0410;STORE_04;CASH-08;2026-08-15 16:34:13;SKU-001;4;45000;0;CARD
REC-20260815-STORE_04-0411;STORE_04;CASH-07;2026-08-15 18:48:14;SKU-013;2;12000;0;CARD
REC-20260815-STORE_04-0411;STORE_04;CASH-06;2026-08-15 18:48:14;SKU-002;4;12000;1000;CASH
REC-20260815-STORE_04-0411;STORE_04;CASH-01;2026-08-15 18:48:14;SKU-001;2;45000;0;CASH
REC-20260815-STORE_04-0411;STORE_04;CASH-04;2026-08-15 18:48:14;SKU-007;2;12000;500;CARD
REC-20260815-STORE_04-0411;STORE_04;CASH-09;2026-08-15 18:48:14;SKU-003;1;45000;500;CARD
REC-20260815-STORE_04-0412;STORE_04;CASH-01;2026-08-15 13:31:52;SKU-032;1;25000;0;CARD
REC-20260815-STORE_04-0412;STORE_04;CASH-02;2026-08-15 13:31:52;SKU-024;3;12000;0;CARD
REC-20260815-STORE_04-0412;STORE_04;CASH-02;2026-08-15 13:31:52;SKU-001;3;45000;500;CARD
REC-20260815-STORE_04-0412;STORE_04;CASH-03;2026-08-15 13:31:52;SKU-008;3;12000;1000;CARD
REC-20260815-STORE_04-0412;STORE_04;CASH-05;2026-08-15 13:31:52;SKU-007;3;12000;0;CARD
REC-20260815-STORE_04-0413;STORE_04;CASH-02;2026-08-15 18:29:48;SKU-001;3;45000;1000;CARD
REC-20260815-STORE_04-0413;STORE_04;CASH-09;2026-08-15 18:29:48;SKU-002;2;12000;0;CARD
REC-20260815-STORE_04-0413;STORE_04;CASH-01;2026-08-15 18:29:48;SKU-001;1;45000;1000;CARD
REC-20260815-STORE_04-0413;STORE_04;CASH-05;2026-08-15 18:29:48;SKU-002;4;12000;0;CARD
REC-20260815-STORE_04-0413;STORE_04;CASH-02;2026-08-15 18:29:48;SKU-014;4;5000;0;CASH
REC-20260815-STORE_04-0414;STORE_04;CASH-07;2026-08-15 13:20:25;SKU-003;3;45000;0;CASH
REC-20260815-STORE_04-0414;STORE_04;CASH-04;2026-08-15 13:20:25;SKU-001;4;45000;0;CASH
REC-20260815-STORE_04-0414;STORE_04;CASH-04;2026-08-15 13:20:25;SKU-004;1;25000;1000;CARD
REC-20260815-STORE_04-0415;STORE_04;CASH-04;2026-08-15 11:31:46;SKU-035;2;5000;1000;CARD
REC-20260815-STORE_04-0415;STORE_04;CASH-08;2026-08-15 11:31:46;SKU-003;4;45000;1000;CASH
REC-20260815-STORE_04-0416;STORE_04;CASH-02;2026-08-15 8:23:16;SKU-004;4;25000;1000;CARD
REC-20260815-STORE_04-0416;STORE_04;CASH-01;2026-08-15 8:23:16;SKU-001;3;45000;1000;CASH
REC-20260815-STORE_04-0416;STORE_04;CASH-09;2026-08-15 8:23:16;SKU-003;3;45000;0;CARD
REC-20260815-STORE_04-0416;STORE_04;CASH-08;2026-08-15 8:23:16;SKU-019;4;25000;1000;CARD
REC-20260815-STORE_04-0416;STORE_04;CASH-10;2026-08-15 8:23:16;SKU-004;4;25000;0;CARD
REC-20260815-STORE_04-0417;STORE_04;CASH-06;2026-08-15 13:59:16;SKU-002;2;12000;0;CASH
REC-20260815-STORE_04-0417;STORE_04;CASH-05;2026-08-15 13:59:16;SKU-007;2;12000;0;CASH
REC-20260815-STORE_04-0417;STORE_04;CASH-03;2026-08-15 13:59:16;SKU-003;2;45000;0;CASH
REC-20260815-STORE_04-0417;STORE_04;CASH-03;2026-08-15 13:59:16;SKU-039;2;5000;0;CASH
REC-20260815-STORE_04-0417;STORE_04;CASH-05;2026-08-15 13:59:16;SKU-003;3;45000;0;CARD
REC-20260815-STORE_04-0418;STORE_04;CASH-01;2026-08-15 16:29:31;SKU-002;4;12000;0;CARD
REC-20260815-STORE_04-0418;STORE_04;CASH-08;2026-08-15 16:29:31;SKU-002;1;12000;0;CASH
REC-20260815-STORE_04-0418;STORE_04;CASH-01;2026-08-15 16:29:31;SKU-015;3;5000;1000;CARD
REC-20260815-STORE_04-0418;STORE_04;CASH-10;2026-08-15 16:29:31;SKU-001;3;45000;1000;CASH
REC-20260815-STORE_04-0419;STORE_04;CASH-07;2026-08-15 21:39:23;SKU-024;1;12000;500;CARD
REC-20260815-STORE_04-0419;STORE_04;CASH-07;2026-08-15 21:39:23;SKU-001;1;45000;0;CARD
REC-20260815-STORE_04-0419;STORE_04;CASH-06;2026-08-15 21:39:23;SKU-016;1;25000;500;CASH
REC-20260815-STORE_04-0420;STORE_04;CASH-10;2026-08-15 18:08:01;SKU-001;4;45000;0;CARD
REC-20260815-STORE_04-0421;STORE_04;CASH-02;2026-08-15 16:23:55;SKU-008;3;12000;0;CASH
REC-20260815-STORE_04-0421;STORE_04;CASH-09;2026-08-15 16:23:55;SKU-010;3;25000;500;CARD
REC-20260815-STORE_04-0421;STORE_04;CASH-10;2026-08-15 16:23:55;SKU-001;1;45000;1000;CARD
REC-20260815-STORE_04-0422;STORE_04;CASH-01;2026-08-15 9:10:36;SKU-001;2;45000;500;CARD
REC-20260815-STORE_04-0422;STORE_04;CASH-04;2026-08-15 9:10:36;SKU-001;3;45000;1000;CASH
REC-20260815-STORE_04-0423;STORE_04;CASH-09;2026-08-15 19:22:45;SKU-008;2;12000;0;CASH
REC-20260815-STORE_04-0423;STORE_04;CASH-06;2026-08-15 19:22:45;SKU-024;2;12000;1000;CARD
REC-20260815-STORE_04-0423;STORE_04;CASH-01;2026-08-15 19:22:45;SKU-013;4;12000;0;CARD
REC-20260815-STORE_04-0423;STORE_04;CASH-10;2026-08-15 19:22:45;SKU-036;2;45000;1000;CARD
REC-20260815-STORE_04-0424;STORE_04;CASH-02;2026-08-15 10:42:16;SKU-001;4;45000;0;CASH
REC-20260815-STORE_04-0424;STORE_04;CASH-06;2026-08-15 10:42:16;SKU-002;4;12000;500;CARD
REC-20260815-STORE_04-0424;STORE_04;CASH-06;2026-08-15 10:42:16;SKU-001;2;45000;1000;CARD
REC-20260815-STORE_04-0424;STORE_04;CASH-02;2026-08-15 10:42:16;SKU-003;1;45000;1000;CARD
REC-20260815-STORE_04-0425;STORE_04;CASH-09;2026-08-15 16:27:20;SKU-007;4;12000;1000;CARD
REC-20260815-STORE_04-0425;STORE_04;CASH-09;2026-08-15 16:27:20;SKU-001;3;45000;0;CASH
REC-20260815-STORE_04-0425;STORE_04;CASH-08;2026-08-15 16:27:20;SKU-006;1;45000;1000;CASH
REC-20260815-STORE_04-0426;STORE_04;CASH-09;2026-08-15 18:22:26;SKU-002;2;12000;500;CASH
REC-20260815-STORE_04-0426;STORE_04;CASH-09;2026-08-15 18:22:26;SKU-013;1;12000;1000;CASH
REC-20260815-STORE_04-0426;STORE_04;CASH-02;2026-08-15 18:22:26;SKU-049;1;5000;0;CASH
REC-20260815-STORE_04-0426;STORE_04;CASH-04;2026-08-15 18:22:26;SKU-001;1;45000;0;CASH
REC-20260815-STORE_04-0426;STORE_04;CASH-05;2026-08-15 18:22:26;SKU-015;3;5000;500;CARD
REC-20260815-STORE_04-0427;STORE_04;CASH-04;2026-08-15 9:37:24;SKU-001;2;45000;1000;CASH
REC-20260815-STORE_04-0427;STORE_04;CASH-02;2026-08-15 9:37:24;SKU-047;3;5000;1000;CASH
REC-20260815-STORE_04-0428;STORE_04;CASH-02;2026-08-15 9:53:16;SKU-001;4;45000;500;CARD
REC-20260815-STORE_04-0428;STORE_04;CASH-02;2026-08-15 9:53:16;SKU-021;4;5000;0;CARD
REC-20260815-STORE_04-0429;STORE_04;CASH-06;2026-08-15 8:06:23;SKU-003;2;45000;0;CASH
REC-20260815-STORE_04-0430;STORE_04;CASH-01;2026-08-15 10:55:58;SKU-030;1;45000;0;CARD
REC-20260815-STORE_04-0430;STORE_04;CASH-09;2026-08-15 10:55:58;SKU-004;3;25000;0;CARD
REC-20260815-STORE_04-0430;STORE_04;CASH-01;2026-08-15 10:55:58;SKU-020;3;12000;1000;CARD
REC-20260815-STORE_04-0430;STORE_04;CASH-01;2026-08-15 10:55:58;SKU-002;1;12000;500;CARD
REC-20260815-STORE_04-0430;STORE_04;CASH-01;2026-08-15 10:55:58;SKU-009;4;25000;0;CASH
REC-20260815-STORE_04-0431;STORE_04;CASH-02;2026-08-15 11:31:13;SKU-026;1;12000;0;CARD
REC-20260815-STORE_04-0431;STORE_04;CASH-09;2026-08-15 11:31:13;SKU-013;1;12000;0;CARD
REC-20260815-STORE_04-0431;STORE_04;CASH-06;2026-08-15 11:31:13;SKU-027;1;5000;0;CARD
REC-20260815-STORE_04-0432;STORE_04;CASH-10;2026-08-15 11:15:41;SKU-005;4;5000;1000;CARD
REC-20260815-STORE_04-0432;STORE_04;CASH-02;2026-08-15 11:15:41;SKU-010;3;25000;0;CARD
REC-20260815-STORE_04-0433;STORE_04;CASH-03;2026-08-15 14:36:32;SKU-007;2;12000;0;CARD
REC-20260815-STORE_04-0434;STORE_04;CASH-10;2026-08-15 10:09:45;SKU-006;1;45000;1000;CASH
REC-20260815-STORE_04-0434;STORE_04;CASH-02;2026-08-15 10:09:45;SKU-003;1;45000;0;CASH
REC-20260815-STORE_04-0434;STORE_04;CASH-07;2026-08-15 10:09:45;SKU-001;2;45000;0;CASH
REC-20260815-STORE_04-0434;STORE_04;CASH-07;2026-08-15 10:09:45;SKU-024;3;12000;1000;CARD
REC-20260815-STORE_04-0435;STORE_04;CASH-01;2026-08-15 8:54:07;SKU-005;1;5000;1000;CARD
REC-20260815-STORE_04-0435;STORE_04;CASH-09;2026-08-15 8:54:07;SKU-036;4;45000;1000;CARD
REC-20260815-STORE_04-0435;STORE_04;CASH-04;2026-08-15 8:54:07;SKU-002;1;12000;1000;CASH
REC-20260815-STORE_04-0436;STORE_04;CASH-02;2026-08-15 8:01:52;SKU-031;2;45000;1000;CARD
REC-20260815-STORE_04-0436;STORE_04;CASH-08;2026-08-15 8:01:52;SKU-001;4;45000;0;CARD
REC-20260815-STORE_04-0437;STORE_04;CASH-01;2026-08-15 15:45:23;SKU-042;4;5000;0;CASH
REC-20260815-STORE_04-0437;STORE_04;CASH-03;2026-08-15 15:45:23;SKU-007;2;12000;1000;CARD
REC-20260815-STORE_04-0438;STORE_04;CASH-10;2026-08-15 14:13:17;SKU-035;2;5000;500;CARD
REC-20260815-STORE_04-0438;STORE_04;CASH-06;2026-08-15 14:13:17;SKU-002;2;12000;0;CARD
REC-20260815-STORE_04-0438;STORE_04;CASH-01;2026-08-15 14:13:17;SKU-001;3;45000;1000;CARD
REC-20260815-STORE_04-0438;STORE_04;CASH-10;2026-08-15 14:13:17;SKU-005;1;5000;0;CARD
REC-20260815-STORE_04-0438;STORE_04;CASH-03;2026-08-15 14:13:17;SKU-001;4;45000;0;CASH
REC-20260815-STORE_04-0439;STORE_04;CASH-10;2026-08-15 11:50:51;SKU-027;3;5000;0;CASH
REC-20260815-STORE_04-0439;STORE_04;CASH-03;2026-08-15 11:50:51;SKU-001;4;45000;500;CASH
REC-20260815-STORE_04-0440;STORE_04;CASH-02;2026-08-15 12:18:52;SKU-001;1;45000;0;CARD
REC-20260815-STORE_04-0440;STORE_04;CASH-04;2026-08-15 12:18:52;SKU-002;2;12000;500;CASH
REC-20260815-STORE_04-0441;STORE_04;CASH-08;2026-08-15 11:18:49;SKU-002;2;12000;0;CARD
REC-20260815-STORE_04-0441;STORE_04;CASH-05;2026-08-15 11:18:49;SKU-004;1;25000;0;CARD
REC-20260815-STORE_04-0442;STORE_04;CASH-08;2026-08-15 19:35:07;SKU-003;4;45000;0;CARD
REC-20260815-STORE_04-0442;STORE_04;CASH-04;2026-08-15 19:35:07;SKU-003;3;45000;0;CASH
REC-20260815-STORE_04-0443;STORE_04;CASH-06;2026-08-15 9:47:40;SKU-026;4;12000;0;CASH
REC-20260815-STORE_04-0443;STORE_04;CASH-06;2026-08-15 9:47:40;SKU-001;2;45000;0;CARD
REC-20260815-STORE_04-0444;STORE_04;CASH-10;2026-08-15 15:10:31;SKU-003;4;45000;0;CARD
REC-20260815-STORE_04-0444;STORE_04;CASH-03;2026-08-15 15:10:31;SKU-001;1;45000;1000;CARD
REC-20260815-STORE_04-0444;STORE_04;CASH-01;2026-08-15 15:10:31;SKU-011;3;5000;0;CARD
REC-20260815-STORE_04-0444;STORE_04;CASH-05;2026-08-15 15:10:31;SKU-001;3;45000;500;CARD
REC-20260815-STORE_04-0445;STORE_04;CASH-04;2026-08-15 15:06:33;SKU-046;2;25000;500;CARD
REC-20260815-STORE_04-0445;STORE_04;CASH-10;2026-08-15 15:06:33;SKU-001;4;45000;0;CASH
REC-20260815-STORE_04-0445;STORE_04;CASH-02;2026-08-15 15:06:33;SKU-005;1;5000;500;CARD
REC-20260815-STORE_04-0445;STORE_04;CASH-01;2026-08-15 15:06:33;SKU-009;4;25000;0;CARD
REC-20260815-STORE_04-0445;STORE_04;CASH-01;2026-08-15 15:06:33;SKU-002;2;12000;500;CARD
REC-20260815-STORE_04-0446;STORE_04;CASH-06;2026-08-15 10:22:02;SKU-006;4;45000;500;CARD
REC-20260815-STORE_04-0446;STORE_04;CASH-01;2026-08-15 10:22:02;SKU-012;2;45000;500;CARD
REC-20260815-STORE_04-0446;STORE_04;CASH-04;2026-08-15 10:22:02;SKU-002;4;12000;0;CARD
REC-20260815-STORE_04-0446;STORE_04;CASH-05;2026-08-15 10:22:02;SKU-004;1;25000;1000;CASH
REC-20260815-STORE_04-0446;STORE_04;CASH-04;2026-08-15 10:22:02;SKU-004;3;25000;1000;CARD
REC-20260815-STORE_04-0447;STORE_04;CASH-05;2026-08-15 13:37:14;SKU-037;2;45000;0;CARD
REC-20260815-STORE_04-0447;STORE_04;CASH-10;2026-08-15 13:37:14;SKU-003;3;45000;0;CARD
REC-20260815-STORE_04-0448;STORE_04;CASH-03;2026-08-15 14:36:23;SKU-003;2;45000;0;CARD
REC-20260815-STORE_04-0448;STORE_04;CASH-01;2026-08-15 14:36:23;SKU-018;2;5000;1000;CASH
REC-20260815-STORE_04-0448;STORE_04;CASH-05;2026-08-15 14:36:23;SKU-001;2;45000;500;CARD
REC-20260815-STORE_04-0448;STORE_04;CASH-02;2026-08-15 14:36:23;SKU-025;3;5000;500;CARD
REC-20260815-STORE_04-0448;STORE_04;CASH-01;2026-08-15 14:36:23;SKU-008;2;12000;0;CASH
REC-20260815-STORE_04-0449;STORE_04;CASH-06;2026-08-15 16:13:18;SKU-012;3;45000;0;CASH
REC-20260815-STORE_04-0449;STORE_04;CASH-04;2026-08-15 16:13:18;SKU-039;4;5000;500;CARD
REC-20260815-STORE_04-0450;STORE_04;CASH-09;2026-08-15 8:55:19;SKU-001;3;45000;1000;CARD
REC-20260815-STORE_04-0450;STORE_04;CASH-01;2026-08-15 8:55:19;SKU-002;1;12000;1000;CARD
REC-20260815-STORE_04-0450;STORE_04;CASH-05;2026-08-15 8:55:19;SKU-007;4;12000;500;CARD
REC-20260815-STORE_04-0450;STORE_04;CASH-06;2026-08-15 8:55:19;SKU-001;3;45000;500;CARD
REC-20260815-STORE_04-0451;STORE_04;CASH-09;2026-08-15 10:17:45;SKU-003;3;45000;0;CARD
REC-20260815-STORE_04-0451;STORE_04;CASH-07;2026-08-15 10:17:45;SKU-005;3;5000;500;CARD
REC-20260815-STORE_04-0451;STORE_04;CASH-09;2026-08-15 10:17:45;SKU-005;1;5000;1000;CASH
REC-20260815-STORE_04-0452;STORE_04;CASH-07;2026-08-15 14:59:29;SKU-026;1;12000;0;CARD
REC-20260815-STORE_04-0452;STORE_04;CASH-10;2026-08-15 14:59:29;SKU-001;3;45000;1000;CARD
REC-20260815-STORE_04-0452;STORE_04;CASH-09;2026-08-15 14:59:29;SKU-032;4;25000;0;CASH
REC-20260815-STORE_04-0453;STORE_04;CASH-10;2026-08-15 14:37:16;SKU-007;2;12000;0;CARD
REC-20260815-STORE_04-0453;STORE_04;CASH-04;2026-08-15 14:37:16;SKU-002;2;12000;0;CARD
REC-20260815-STORE_04-0453;STORE_04;CASH-08;2026-08-15 14:37:16;SKU-025;2;5000;500;CARD
REC-20260815-STORE_04-0453;STORE_04;CASH-03;2026-08-15 14:37:16;SKU-003;2;45000;500;CASH
REC-20260815-STORE_04-0454;STORE_04;CASH-07;2026-08-15 11:13:18;SKU-002;2;12000;0;CASH
REC-20260815-STORE_04-0454;STORE_04;CASH-10;2026-08-15 11:13:18;SKU-019;4;25000;0;CARD
REC-20260815-STORE_04-0454;STORE_04;CASH-04;2026-08-15 11:13:18;SKU-002;4;12000;1000;CASH
REC-20260815-STORE_04-0455;STORE_04;CASH-07;2026-08-15 15:32:06;SKU-030;1;45000;0;CARD
REC-20260815-STORE_04-0455;STORE_04;CASH-10;2026-08-15 15:32:06;SKU-001;4;45000;0;CARD
REC-20260815-STORE_04-0455;STORE_04;CASH-06;2026-08-15 15:32:06;SKU-031;1;45000;0;CARD
REC-20260815-STORE_04-0456;STORE_04;CASH-07;2026-08-15 17:08:40;SKU-018;3;5000;0;CASH
REC-20260815-STORE_04-0457;STORE_04;CASH-02;2026-08-15 18:30:41;SKU-001;3;45000;1000;CASH
REC-20260815-STORE_04-0458;STORE_04;CASH-01;2026-08-15 21:10:47;SKU-002;4;12000;500;CARD
REC-20260815-STORE_04-0458;STORE_04;CASH-03;2026-08-15 21:10:47;SKU-030;1;45000;1000;CARD
REC-20260815-STORE_04-0458;STORE_04;CASH-09;2026-08-15 21:10:47;SKU-008;1;12000;0;CARD
REC-20260815-STORE_04-0458;STORE_04;CASH-01;2026-08-15 21:10:47;SKU-001;1;45000;1000;CARD
REC-20260815-STORE_04-0458;STORE_04;CASH-04;2026-08-15 21:10:47;SKU-002;4;12000;1000;CASH
REC-20260815-STORE_04-0459;STORE_04;CASH-01;2026-08-15 8:49:41;SKU-028;1;5000;1000;CASH
REC-20260815-STORE_04-0459;STORE_04;CASH-03;2026-08-15 8:49:41;SKU-003;3;45000;0;CARD
REC-20260815-STORE_04-0459;STORE_04;CASH-08;2026-08-15 8:49:41;SKU-002;3;12000;0;CASH
REC-20260815-STORE_04-0459;STORE_04;CASH-10;2026-08-15 8:49:41;SKU-003;2;45000;1000;CARD
REC-20260815-STORE_04-0459;STORE_04;CASH-07;2026-08-15 8:49:41;SKU-019;4;25000;0;CARD
REC-20260815-STORE_04-0460;STORE_04;CASH-01;2026-08-15 12:56:15;SKU-001;3;45000;0;CARD
REC-20260815-STORE_04-0460;STORE_04;CASH-01;2026-08-15 12:56:15;SKU-003;2;45000;500;CARD
REC-20260815-STORE_04-0461;STORE_04;CASH-04;2026-08-15 18:01:54;SKU-039;4;5000;500;CARD
REC-20260815-STORE_04-0461;STORE_04;CASH-03;2026-08-15 18:01:54;SKU-005;4;5000;0;CASH
REC-20260815-STORE_04-0461;STORE_04;CASH-09;2026-08-15 18:01:54;SKU-013;4;12000;0;CARD
REC-20260815-STORE_04-0461;STORE_04;CASH-05;2026-08-15 18:01:54;SKU-001;4;45000;0;CARD
REC-20260815-STORE_04-0461;STORE_04;CASH-10;2026-08-15 18:01:54;SKU-007;3;12000;0;CARD
REC-20260815-STORE_04-0462;STORE_04;CASH-10;2026-08-15 15:17:34;SKU-028;3;5000;0;CARD
REC-20260815-STORE_04-0462;STORE_04;CASH-02;2026-08-15 15:17:34;SKU-001;2;45000;1000;CARD
REC-20260815-STORE_04-0462;STORE_04;CASH-10;2026-08-15 15:17:34;SKU-026;2;12000;0;CARD
REC-20260815-STORE_04-0463;STORE_04;CASH-07;2026-08-15 10:56:52;SKU-023;2;45000;0;CASH
REC-20260815-STORE_04-0463;STORE_04;CASH-02;2026-08-15 10:56:52;SKU-003;3;45000;0;CARD
REC-20260815-STORE_04-0463;STORE_04;CASH-10;2026-08-15 10:56:52;SKU-002;2;12000;0;CARD
REC-20260815-STORE_04-0464;STORE_04;CASH-10;2026-08-15 19:11:53;SKU-001;4;45000;0;CARD
REC-20260815-STORE_04-0464;STORE_04;CASH-10;2026-08-15 19:11:53;SKU-017;1;12000;0;CARD
REC-20260815-STORE_04-0465;STORE_04;CASH-04;2026-08-15 16:38:03;SKU-001;1;45000;500;CARD
REC-20260815-STORE_04-0465;STORE_04;CASH-06;2026-08-15 16:38:03;SKU-003;4;45000;0;CARD
REC-20260815-STORE_04-0465;STORE_04;CASH-05;2026-08-15 16:38:03;SKU-003;2;45000;0;CARD
REC-20260815-STORE_04-0465;STORE_04;CASH-09;2026-08-15 16:38:03;SKU-003;1;45000;0;CARD
REC-20260815-STORE_04-0465;STORE_04;CASH-01;2026-08-15 16:38:03;SKU-007;3;12000;0;CARD
REC-20260815-STORE_04-0466;STORE_04;CASH-04;2026-08-15 14:11:11;SKU-005;3;5000;1000;CARD
REC-20260815-STORE_04-0466;STORE_04;CASH-05;2026-08-15 14:11:11;SKU-045;3;45000;0;CARD
REC-20260815-STORE_04-0466;STORE_04;CASH-03;2026-08-15 14:11:11;SKU-007;1;12000;0;CARD
REC-20260815-STORE_04-0467;STORE_04;CASH-09;2026-08-15 14:38:12;SKU-010;2;25000;500;CASH
REC-20260815-STORE_04-0467;STORE_04;CASH-02;2026-08-15 14:38:12;SKU-001;3;45000;0;CASH
REC-20260815-STORE_04-0467;STORE_04;CASH-02;2026-08-15 14:38:12;SKU-006;4;45000;500;CASH
REC-20260815-STORE_04-0467;STORE_04;CASH-06;2026-08-15 14:38:12;SKU-024;3;12000;0;CASH
REC-20260815-STORE_04-0467;STORE_04;CASH-01;2026-08-15 14:38:12;SKU-012;2;45000;0;CARD
REC-20260815-STORE_04-0468;STORE_04;CASH-07;2026-08-15 12:08:40;SKU-001;1;45000;0;CARD
REC-20260815-STORE_04-0468;STORE_04;CASH-02;2026-08-15 12:08:40;SKU-005;2;5000;0;CARD
REC-20260815-STORE_04-0468;STORE_04;CASH-07;2026-08-15 12:08:40;SKU-012;1;45000;0;CARD
REC-20260815-STORE_04-0469;STORE_04;CASH-03;2026-08-15 9:22:54;SKU-010;3;25000;500;CARD
REC-20260815-STORE_04-0469;STORE_04;CASH-02;2026-08-15 9:22:54;SKU-001;3;45000;0;CARD
REC-20260815-STORE_04-0469;STORE_04;CASH-10;2026-08-15 9:22:54;SKU-009;4;25000;0;CASH
REC-20260815-STORE_04-0469;STORE_04;CASH-05;2026-08-15 9:22:54;SKU-006;2;45000;0;CARD
REC-20260815-STORE_04-0470;STORE_04;CASH-04;2026-08-15 13:30:50;SKU-005;3;5000;0;CASH
REC-20260815-STORE_04-0470;STORE_04;CASH-10;2026-08-15 13:30:50;SKU-002;4;12000;0;CARD
REC-20260815-STORE_04-0470;STORE_04;CASH-01;2026-08-15 13:30:50;SKU-002;2;12000;0;CARD
REC-20260815-STORE_04-0470;STORE_04;CASH-03;2026-08-15 13:30:50;SKU-032;1;25000;500;CASH
REC-20260815-STORE_04-0470;STORE_04;CASH-10;2026-08-15 13:30:50;SKU-001;4;45000;0;CARD
REC-20260815-STORE_04-0471;STORE_04;CASH-04;2026-08-15 21:18:45;SKU-013;3;12000;1000;CASH
REC-20260815-STORE_04-0471;STORE_04;CASH-09;2026-08-15 21:18:45;SKU-006;2;45000;1000;CASH
REC-20260815-STORE_04-0472;STORE_04;CASH-04;2026-08-15 13:05:07;SKU-001;2;45000;0;CASH
REC-20260815-STORE_04-0472;STORE_04;CASH-02;2026-08-15 13:05:07;SKU-006;4;45000;500;CARD
REC-20260815-STORE_04-0473;STORE_04;CASH-01;2026-08-15 17:57:48;SKU-001;2;45000;1000;CASH
REC-20260815-STORE_04-0473;STORE_04;CASH-05;2026-08-15 17:57:48;SKU-001;4;45000;0;CARD
REC-20260815-STORE_04-0474;STORE_04;CASH-07;2026-08-15 12:19:38;SKU-007;1;12000;500;CARD
REC-20260815-STORE_04-0474;STORE_04;CASH-06;2026-08-15 12:19:38;SKU-005;4;5000;0;CARD
REC-20260815-STORE_04-0475;STORE_04;CASH-08;2026-08-15 21:14:26;SKU-006;2;45000;0;CARD
REC-20260815-STORE_04-0475;STORE_04;CASH-01;2026-08-15 21:14:26;SKU-002;3;12000;0;CARD
REC-20260815-STORE_04-0475;STORE_04;CASH-03;2026-08-15 21:14:26;SKU-042;2;5000;0;CARD
REC-20260815-STORE_04-0476;STORE_04;CASH-05;2026-08-15 9:27:44;SKU-018;3;5000;0;CARD
REC-20260815-STORE_04-0476;STORE_04;CASH-08;2026-08-15 9:27:44;SKU-013;2;12000;1000;CASH
REC-20260815-STORE_04-0476;STORE_04;CASH-07;2026-08-15 9:27:44;SKU-002;2;12000;0;CASH
REC-20260815-STORE_04-0476;STORE_04;CASH-09;2026-08-15 9:27:44;SKU-001;2;45000;1000;CASH
REC-20260815-STORE_04-0476;STORE_04;CASH-05;2026-08-15 9:27:44;SKU-009;4;25000;1000;CARD
REC-20260815-STORE_04-0477;STORE_04;CASH-06;2026-08-15 13:18:40;SKU-001;3;45000;0;CASH
REC-20260815-STORE_04-0478;STORE_04;CASH-07;2026-08-15 10:27:01;SKU-003;4;45000;500;CARD
REC-20260815-STORE_04-0478;STORE_04;CASH-01;2026-08-15 10:27:01;SKU-037;2;45000;1000;CASH
REC-20260815-STORE_04-0478;STORE_04;CASH-10;2026-08-15 10:27:01;SKU-002;4;12000;1000;CARD
REC-20260815-STORE_04-0479;STORE_04;CASH-05;2026-08-15 8:10:52;SKU-017;3;12000;1000;CARD
REC-20260815-STORE_04-0479;STORE_04;CASH-10;2026-08-15 8:10:52;SKU-008;3;12000;0;CARD
REC-20260815-STORE_04-0480;STORE_04;CASH-06;2026-08-15 12:48:29;SKU-015;4;5000;0;CASH
REC-20260815-STORE_04-0481;STORE_04;CASH-04;2026-08-15 8:22:59;SKU-026;3;12000;1000;CASH
REC-20260815-STORE_04-0481;STORE_04;CASH-05;2026-08-15 8:22:59;SKU-033;2;5000;0;CARD
REC-20260815-STORE_04-0481;STORE_04;CASH-06;2026-08-15 8:22:59;SKU-001;1;45000;0;CASH
REC-20260815-STORE_04-0481;STORE_04;CASH-08;2026-08-15 8:22:59;SKU-028;4;5000;1000;CASH
REC-20260815-STORE_04-0482;STORE_04;CASH-07;2026-08-15 16:57:49;SKU-017;1;12000;1000;CARD
REC-20260815-STORE_04-0482;STORE_04;CASH-01;2026-08-15 16:57:49;SKU-007;4;12000;500;CARD
REC-20260815-STORE_04-0482;STORE_04;CASH-07;2026-08-15 16:57:49;SKU-001;2;45000;500;CARD
REC-20260815-STORE_04-0483;STORE_04;CASH-03;2026-08-15 12:33:14;SKU-002;1;12000;0;CARD
REC-20260815-STORE_04-0483;STORE_04;CASH-04;2026-08-15 12:33:14;SKU-014;4;5000;1000;CASH
REC-20260815-STORE_04-0483;STORE_04;CASH-04;2026-08-15 12:33:14;SKU-024;1;12000;500;CARD
REC-20260815-STORE_04-0484;STORE_04;CASH-10;2026-08-15 18:41:54;SKU-036;3;45000;0;CARD
REC-20260815-STORE_04-0484;STORE_04;CASH-06;2026-08-15 18:41:54;SKU-023;4;45000;500;CASH
REC-20260815-STORE_04-0485;STORE_04;CASH-10;2026-08-15 19:53:22;SKU-002;2;12000;0;CARD
REC-20260815-STORE_04-0486;STORE_04;CASH-08;2026-08-15 9:37:39;SKU-002;3;12000;0;CASH
REC-20260815-STORE_04-0486;STORE_04;CASH-09;2026-08-15 9:37:39;SKU-003;4;45000;0;CARD
REC-20260815-STORE_04-0486;STORE_04;CASH-03;2026-08-15 9:37:39;SKU-042;3;5000;0;CARD
REC-20260815-STORE_04-0486;STORE_04;CASH-05;2026-08-15 9:37:39;SKU-014;1;5000;1000;CASH
REC-20260815-STORE_04-0486;STORE_04;CASH-08;2026-08-15 9:37:39;SKU-003;3;45000;0;CARD
REC-20260815-STORE_04-0487;STORE_04;CASH-09;2026-08-15 17:35:02;SKU-003;3;45000;0;CASH
REC-20260815-STORE_04-0488;STORE_04;CASH-09;2026-08-15 17:50:40;SKU-001;1;45000;0;CARD
REC-20260815-STORE_04-0488;STORE_04;CASH-05;2026-08-15 17:50:40;SKU-009;1;25000;0;CARD
REC-20260815-STORE_04-0488;STORE_04;CASH-03;2026-08-15 17:50:40;SKU-002;4;12000;1000;CARD
REC-20260815-STORE_04-0489;STORE_04;CASH-06;2026-08-15 12:38:46;SKU-014;3;5000;1000;CARD
REC-20260815-STORE_04-0489;STORE_04;CASH-05;2026-08-15 12:38:46;SKU-001;4;45000;0;CARD
REC-20260815-STORE_04-0489;STORE_04;CASH-08;2026-08-15 12:38:46;SKU-007;3;12000;1000;CASH
REC-20260815-STORE_04-0490;STORE_04;CASH-01;2026-08-15 16:56:05;SKU-045;1;45000;0;CARD
REC-20260815-STORE_04-0490;STORE_04;CASH-02;2026-08-15 16:56:05;SKU-001;1;45000;0;CASH
REC-20260815-STORE_04-0491;STORE_04;CASH-05;2026-08-15 17:30:42;SKU-005;2;5000;500;CARD
REC-20260815-STORE_04-0492;STORE_04;CASH-09;2026-08-15 9:42:41;SKU-015;2;5000;0;CASH
REC-20260815-STORE_04-0492;STORE_04;CASH-07;2026-08-15 9:42:41;SKU-002;1;12000;0;CASH
REC-20260815-STORE_04-0493;STORE_04;CASH-04;2026-08-15 14:27:41;SKU-003;4;45000;0;CASH
REC-20260815-STORE_04-0493;STORE_04;CASH-08;2026-08-15 14:27:41;SKU-006;4;45000;1000;CARD
REC-20260815-STORE_04-0493;STORE_04;CASH-05;2026-08-15 14:27:41;SKU-001;1;45000;0;CARD
REC-20260815-STORE_04-0493;STORE_04;CASH-02;2026-08-15 14:27:41;SKU-048;2;25000;500;CARD
REC-20260815-STORE_04-0494;STORE_04;CASH-02;2026-08-15 17:25:36;SKU-004;2;25000;0;CARD
REC-20260815-STORE_04-0494;STORE_04;CASH-07;2026-08-15 17:25:36;SKU-005;3;5000;0;CARD
REC-20260815-STORE_04-0494;STORE_04;CASH-04;2026-08-15 17:25:36;SKU-001;4;45000;0;CARD
REC-20260815-STORE_04-0494;STORE_04;CASH-07;2026-08-15 17:25:36;SKU-001;4;45000;0;CARD
REC-20260815-STORE_04-0494;STORE_04;CASH-04;2026-08-15 17:25:36;SKU-008;3;12000;0;CARD
REC-20260815-STORE_04-0495;STORE_04;CASH-05;2026-08-15 15:06:16;SKU-016;3;25000;500;CARD
REC-20260815-STORE_04-0495;STORE_04;CASH-04;2026-08-15 15:06:16;SKU-009;3;25000;1000;CASH
REC-20260815-STORE_04-0495;STORE_04;CASH-05;2026-08-15 15:06:16;SKU-003;4;45000;1000;CARD
REC-20260815-STORE_04-0495;STORE_04;CASH-04;2026-08-15 15:06:16;SKU-001;3;45000;0;CARD
REC-20260815-STORE_04-0495;STORE_04;CASH-02;2026-08-15 15:06:16;SKU-007;4;12000;0;CARD
REC-20260815-STORE_04-0496;STORE_04;CASH-04;2026-08-15 18:17:37;SKU-011;2;5000;1000;CARD
REC-20260815-STORE_04-0497;STORE_04;CASH-10;2026-08-15 16:22:10;SKU-006;1;45000;0;CARD
REC-20260815-STORE_04-0497;STORE_04;CASH-06;2026-08-15 16:22:10;SKU-001;4;45000;0;CASH
REC-20260815-STORE_04-0498;STORE_04;CASH-09;2026-08-15 16:56:35;SKU-001;2;45000;500;CARD
REC-20260815-STORE_04-0499;STORE_04;CASH-08;2026-08-15 14:17:44;SKU-002;1;12000;0;CARD
REC-20260815-STORE_04-0499;STORE_04;CASH-10;2026-08-15 14:17:44;SKU-002;3;12000;0;CARD
REC-20260815-STORE_04-0499;STORE_04;CASH-09;2026-08-15 14:17:44;SKU-008;3;12000;0;CARD
REC-20260815-STORE_04-0499;STORE_04;CASH-04;2026-08-15 14:17:44;SKU-035;1;5000;500;CASH
REC-20260815-STORE_04-0499;STORE_04;CASH-08;2026-08-15 14:17:44;SKU-005;2;5000;500;CARD
REC-20260815-STORE_04-0500;STORE_04;CASH-05;2026-08-15 8:24:28;SKU-009;2;25000;500;CASH
REC-20260815-STORE_04-0500;STORE_04;CASH-06;2026-08-15 8:24:28;SKU-011;1;5000;1000;CARD
REC-20260815-STORE_04-0500;STORE_04;CASH-03;2026-08-15 8:24:28;SKU-008;1;12000;0;CARD
REC-20260815-STORE_04-0500;STORE_04;CASH-03;2026-08-15 8:24:28;SKU-027;3;5000;0;CASH
REC-20260815-STORE_04-0501;STORE_04;CASH-08;2026-08-15 17:40:59;SKU-001;2;45000;0;CARD
REC-20260815-STORE_04-0501;STORE_04;CASH-07;2026-08-15 17:40:59;SKU-014;2;5000;0;CARD
REC-20260815-STORE_04-0502;STORE_04;CASH-09;2026-08-15 14:44:20;SKU-023;2;45000;0;CARD
REC-20260815-STORE_04-0502;STORE_04;CASH-06;2026-08-15 14:44:20;SKU-006;4;45000;1000;CARD
REC-20260815-STORE_04-0502;STORE_04;CASH-07;2026-08-15 14:44:20;SKU-001;1;45000;500;CARD
REC-20260815-STORE_04-0502;STORE_04;CASH-08;2026-08-15 14:44:20;SKU-042;2;5000;0;CASH
REC-20260815-STORE_04-0503;STORE_04;CASH-02;2026-08-15 12:42:49;SKU-024;3;12000;0;CASH
REC-20260815-STORE_04-0504;STORE_04;CASH-05;2026-08-15 20:41:22;SKU-002;3;12000;0;CARD
REC-20260815-STORE_04-0505;STORE_04;CASH-05;2026-08-15 17:24:51;SKU-001;3;45000;0;CARD
REC-20260815-STORE_04-0505;STORE_04;CASH-02;2026-08-15 17:24:51;SKU-011;4;5000;0;CARD
REC-20260815-STORE_04-0506;STORE_04;CASH-03;2026-08-15 9:52:10;SKU-001;4;45000;0;CASH
REC-20260815-STORE_04-0506;STORE_04;CASH-09;2026-08-15 9:52:10;SKU-001;1;45000;500;CARD
REC-20260815-STORE_04-0507;STORE_04;CASH-02;2026-08-15 16:35:34;SKU-002;4;12000;0;CASH
REC-20260815-STORE_04-0507;STORE_04;CASH-08;2026-08-15 16:35:34;SKU-003;3;45000;0;CARD
REC-20260815-STORE_04-0508;STORE_04;CASH-06;2026-08-15 19:58:52;SKU-046;1;25000;0;CARD
REC-20260815-STORE_04-0509;STORE_04;CASH-01;2026-08-15 11:50:38;SKU-002;1;12000;500;CASH
REC-20260815-STORE_04-0509;STORE_04;CASH-02;2026-08-15 11:50:38;SKU-011;2;5000;1000;CASH
REC-20260815-STORE_04-0509;STORE_04;CASH-08;2026-08-15 11:50:38;SKU-001;4;45000;0;CASH
REC-20260815-STORE_04-0509;STORE_04;CASH-08;2026-08-15 11:50:38;SKU-021;2;5000;1000;CASH
REC-20260815-STORE_04-0509;STORE_04;CASH-04;2026-08-15 11:50:38;SKU-001;3;45000;0;CARD
REC-20260815-STORE_04-0510;STORE_04;CASH-07;2026-08-15 16:28:47;SKU-013;4;12000;0;CASH
REC-20260815-STORE_04-0510;STORE_04;CASH-06;2026-08-15 16:28:47;SKU-035;2;5000;0;CARD
REC-20260815-STORE_04-0511;STORE_04;CASH-04;2026-08-15 18:55:14;SKU-015;2;5000;0;CARD
REC-20260815-STORE_04-0511;STORE_04;CASH-06;2026-08-15 18:55:14;SKU-001;1;45000;0;CARD
REC-20260815-STORE_04-0511;STORE_04;CASH-02;2026-08-15 18:55:14;SKU-008;3;12000;0;CARD
REC-20260815-STORE_04-0511;STORE_04;CASH-02;2026-08-15 18:55:14;SKU-001;3;45000;0;CARD
REC-20260815-STORE_04-0511;STORE_04;CASH-05;2026-08-15 18:55:14;SKU-005;3;5000;0;CASH
REC-20260815-STORE_04-0512;STORE_04;CASH-03;2026-08-15 21:40:27;SKU-011;2;5000;1000;CASH
REC-20260815-STORE_04-0513;STORE_04;CASH-09;2026-08-15 21:27:25;SKU-004;4;25000;0;CASH
REC-20260815-STORE_04-0513;STORE_04;CASH-01;2026-08-15 21:27:25;SKU-009;1;25000;1000;CARD
REC-20260815-STORE_04-0513;STORE_04;CASH-08;2026-08-15 21:27:25;SKU-001;1;45000;1000;CASH
REC-20260815-STORE_04-0513;STORE_04;CASH-07;2026-08-15 21:27:25;SKU-018;4;5000;0;CASH
REC-20260815-STORE_04-0514;STORE_04;CASH-08;2026-08-15 9:56:29;SKU-009;2;25000;0;CARD
REC-20260815-STORE_04-0514;STORE_04;CASH-03;2026-08-15 9:56:29;SKU-013;2;12000;0;CARD
REC-20260815-STORE_04-0514;STORE_04;CASH-08;2026-08-15 9:56:29;SKU-007;4;12000;0;CASH
REC-20260815-STORE_04-0514;STORE_04;CASH-02;2026-08-15 9:56:29;SKU-001;1;45000;1000;CARD
REC-20260815-STORE_04-0515;STORE_04;CASH-01;2026-08-15 19:47:01;SKU-003;3;45000;500;CARD
REC-20260815-STORE_04-0515;STORE_04;CASH-07;2026-08-15 19:47:01;SKU-002;3;12000;0;CARD
REC-20260815-STORE_04-0515;STORE_04;CASH-05;2026-08-15 19:47:01;SKU-007;2;12000;0;CASH
REC-20260815-STORE_04-0515;STORE_04;CASH-04;2026-08-15 19:47:01;SKU-008;4;12000;1000;CARD
REC-20260815-STORE_04-0516;STORE_04;CASH-02;2026-08-15 15:47:09;SKU-001;3;45000;1000;CARD
REC-20260815-STORE_04-0516;STORE_04;CASH-01;2026-08-15 15:47:09;SKU-003;1;45000;0;CARD
REC-20260815-STORE_04-0516;STORE_04;CASH-04;2026-08-15 15:47:09;SKU-002;4;12000;500;CASH
REC-20260815-STORE_04-0516;STORE_04;CASH-03;2026-08-15 15:47:09;SKU-022;1;12000;500;CARD
REC-20260815-STORE_04-0516;STORE_04;CASH-01;2026-08-15 15:47:09;SKU-002;4;12000;0;CASH
REC-20260815-STORE_04-0517;STORE_04;CASH-10;2026-08-15 21:19:45;SKU-001;2;45000;500;CARD
REC-20260815-STORE_04-0517;STORE_04;CASH-01;2026-08-15 21:19:45;SKU-010;3;25000;0;CASH
REC-20260815-STORE_04-0517;STORE_04;CASH-04;2026-08-15 21:19:45;SKU-001;4;45000;0;CARD
REC-20260815-STORE_04-0517;STORE_04;CASH-09;2026-08-15 21:19:45;SKU-004;4;25000;0;CARD
REC-20260815-STORE_04-0518;STORE_04;CASH-10;2026-08-15 10:58:18;SKU-006;1;45000;1000;CASH
REC-20260815-STORE_04-0518;STORE_04;CASH-02;2026-08-15 10:58:18;SKU-017;1;12000;500;CASH
REC-20260815-STORE_04-0518;STORE_04;CASH-07;2026-08-15 10:58:18;SKU-029;2;5000;500;CASH
REC-20260815-STORE_04-0519;STORE_04;CASH-02;2026-08-15 13:31:25;SKU-009;1;25000;500;CASH
REC-20260815-STORE_04-0519;STORE_04;CASH-06;2026-08-15 13:31:25;SKU-001;1;45000;0;CARD
REC-20260815-STORE_04-0520;STORE_04;CASH-03;2026-08-15 8:38:05;SKU-002;4;12000;0;CARD
REC-20260815-STORE_04-0520;STORE_04;CASH-02;2026-08-15 8:38:05;SKU-001;3;45000;0;CARD
REC-20260815-STORE_04-0520;STORE_04;CASH-03;2026-08-15 8:38:05;SKU-004;2;25000;0;CASH
REC-20260815-STORE_04-0520;STORE_04;CASH-07;2026-08-15 8:38:05;SKU-002;1;12000;500;CARD
REC-20260815-STORE_04-0521;STORE_04;CASH-02;2026-08-15 10:39:34;SKU-030;3;45000;0;CARD
REC-20260815-STORE_04-0521;STORE_04;CASH-03;2026-08-15 10:39:34;SKU-008;4;12000;0;CARD
REC-20260815-STORE_04-0521;STORE_04;CASH-06;2026-08-15 10:39:34;SKU-007;4;12000;0;CARD
REC-20260815-STORE_04-0522;STORE_04;CASH-06;2026-08-15 16:58:55;SKU-001;1;45000;0;CASH
REC-20260815-STORE_04-0522;STORE_04;CASH-03;2026-08-15 16:58:55;SKU-001;3;45000;0;CARD
REC-20260815-STORE_04-0522;STORE_04;CASH-09;2026-08-15 16:58:55;SKU-034;1;25000;0;CASH
REC-20260815-STORE_04-0523;STORE_04;CASH-04;2026-08-15 16:11:45;SKU-011;4;5000;0;CARD
REC-20260815-STORE_04-0524;STORE_04;CASH-06;2026-08-15 12:49:44;SKU-006;4;45000;1000;CARD
REC-20260815-STORE_04-0525;STORE_04;CASH-03;2026-08-15 18:56:39;SKU-001;3;45000;0;CARD
REC-20260815-STORE_04-0526;STORE_04;CASH-06;2026-08-15 17:05:13;SKU-043;4;25000;500;CARD
REC-20260815-STORE_04-0526;STORE_04;CASH-10;2026-08-15 17:05:13;SKU-003;1;45000;0;CARD
REC-20260815-STORE_04-0526;STORE_04;CASH-10;2026-08-15 17:05:13;SKU-020;3;12000;0;CARD
REC-20260815-STORE_04-0527;STORE_04;CASH-01;2026-08-15 11:05:40;SKU-001;1;45000;500;CASH
REC-20260815-STORE_04-0527;STORE_04;CASH-03;2026-08-15 11:05:40;SKU-038;4;12000;0;CASH
REC-20260815-STORE_04-0527;STORE_04;CASH-04;2026-08-15 11:05:40;SKU-003;2;45000;1000;CARD
REC-20260815-STORE_04-0528;STORE_04;CASH-07;2026-08-15 12:19:54;SKU-032;3;25000;0;CASH
REC-20260815-STORE_04-0528;STORE_04;CASH-01;2026-08-15 12:19:54;SKU-037;4;45000;0;CARD
REC-20260815-STORE_04-0528;STORE_04;CASH-01;2026-08-15 12:19:54;SKU-001;1;45000;0;CARD
REC-20260815-STORE_04-0528;STORE_04;CASH-07;2026-08-15 12:19:54;SKU-003;2;45000;0;CARD
REC-20260815-STORE_04-0529;STORE_04;CASH-02;2026-08-15 19:56:47;SKU-002;4;12000;0;CARD
REC-20260815-STORE_04-0529;STORE_04;CASH-07;2026-08-15 19:56:47;SKU-026;2;12000;0;CARD
REC-20260815-STORE_04-0529;STORE_04;CASH-02;2026-08-15 19:56:47;SKU-007;2;12000;0;CARD
REC-20260815-STORE_04-0529;STORE_04;CASH-09;2026-08-15 19:56:47;SKU-006;2;45000;500;CARD
REC-20260815-STORE_04-0530;STORE_04;CASH-01;2026-08-15 8:44:05;SKU-001;2;45000;0;CARD
REC-20260815-STORE_04-0530;STORE_04;CASH-10;2026-08-15 8:44:05;SKU-003;2;45000;0;CASH
REC-20260815-STORE_04-0530;STORE_04;CASH-10;2026-08-15 8:44:05;SKU-001;2;45000;500;CARD
REC-20260815-STORE_04-0531;STORE_04;CASH-04;2026-08-15 9:41:57;SKU-003;3;45000;1000;CASH
REC-20260815-STORE_04-0531;STORE_04;CASH-04;2026-08-15 9:41:57;SKU-030;4;45000;1000;CARD
REC-20260815-STORE_04-0532;STORE_04;CASH-08;2026-08-15 21:10:19;SKU-009;3;25000;0;CARD
REC-20260815-STORE_04-0532;STORE_04;CASH-06;2026-08-15 21:10:19;SKU-007;2;12000;1000;CARD
REC-20260815-STORE_04-0533;STORE_04;CASH-07;2026-08-15 20:48:30;SKU-040;2;25000;500;CARD
REC-20260815-STORE_04-0533;STORE_04;CASH-02;2026-08-15 20:48:30;SKU-007;3;12000;500;CARD
REC-20260815-STORE_04-0533;STORE_04;CASH-06;2026-08-15 20:48:30;SKU-017;2;12000;1000;CARD
REC-20260815-STORE_04-0533;STORE_04;CASH-10;2026-08-15 20:48:30;SKU-048;4;25000;0;CASH
REC-20260815-STORE_04-0533;STORE_04;CASH-01;2026-08-15 20:48:30;SKU-042;4;5000;0;CASH
REC-20260815-STORE_04-0534;STORE_04;CASH-01;2026-08-15 18:33:18;SKU-037;1;45000;0;CASH
REC-20260815-STORE_04-0535;STORE_04;CASH-02;2026-08-15 13:14:45;SKU-034;2;25000;0;CASH
REC-20260815-STORE_04-0535;STORE_04;CASH-01;2026-08-15 13:14:45;SKU-004;2;25000;0;CASH
REC-20260815-STORE_04-0536;STORE_04;CASH-10;2026-08-15 18:54:39;SKU-001;1;45000;0;CARD
REC-20260815-STORE_04-0536;STORE_04;CASH-03;2026-08-15 18:54:39;SKU-001;2;45000;1000;CARD
REC-20260815-STORE_04-0537;STORE_04;CASH-01;2026-08-15 8:32:11;SKU-001;2;45000;500;CARD
REC-20260815-STORE_04-0537;STORE_04;CASH-05;2026-08-15 8:32:11;SKU-001;3;45000;0;CASH
REC-20260815-STORE_04-0537;STORE_04;CASH-01;2026-08-15 8:32:11;SKU-003;1;45000;0;CARD
REC-20260815-STORE_04-0537;STORE_04;CASH-07;2026-08-15 8:32:11;SKU-039;4;5000;0;CASH
REC-20260815-STORE_04-0538;STORE_04;CASH-05;2026-08-15 8:29:50;SKU-010;1;25000;1000;CARD
REC-20260815-STORE_04-0538;STORE_04;CASH-09;2026-08-15 8:29:50;SKU-001;1;45000;500;CARD
REC-20260815-STORE_04-0539;STORE_04;CASH-08;2026-08-15 20:39:20;SKU-009;3;25000;500;CARD
REC-20260815-STORE_04-0539;STORE_04;CASH-02;2026-08-15 20:39:20;SKU-006;3;45000;500;CASH
REC-20260815-STORE_04-0539;STORE_04;CASH-10;2026-08-15 20:39:20;SKU-007;2;12000;0;CASH
REC-20260815-STORE_04-0539;STORE_04;CASH-03;2026-08-15 20:39:20;SKU-001;4;45000;0;CASH
REC-20260815-STORE_04-0539;STORE_04;CASH-01;2026-08-15 20:39:20;SKU-041;4;25000;0;CARD
REC-20260815-STORE_04-0540;STORE_04;CASH-03;2026-08-15 13:27:54;SKU-014;2;5000;1000;CASH
REC-20260815-STORE_04-0540;STORE_04;CASH-09;2026-08-15 13:27:54;SKU-001;4;45000;0;CARD
REC-20260815-STORE_04-0541;STORE_04;CASH-04;2026-08-15 19:36:48;SKU-029;2;5000;500;CASH
REC-20260815-STORE_04-0541;STORE_04;CASH-05;2026-08-15 19:36:48;SKU-005;2;5000;0;CARD
REC-20260815-STORE_04-0542;STORE_04;CASH-06;2026-08-15 8:59:24;SKU-010;3;25000;500;CASH
REC-20260815-STORE_04-0542;STORE_04;CASH-05;2026-08-15 8:59:24;SKU-001;2;45000;1000;CARD
REC-20260815-STORE_04-0542;STORE_04;CASH-05;2026-08-15 8:59:24;SKU-004;4;25000;0;CARD
REC-20260815-STORE_04-0543;STORE_04;CASH-04;2026-08-15 18:09:38;SKU-013;2;12000;1000;CASH
REC-20260815-STORE_04-0543;STORE_04;CASH-08;2026-08-15 18:09:38;SKU-008;4;12000;0;CARD
REC-20260815-STORE_04-0543;STORE_04;CASH-10;2026-08-15 18:09:38;SKU-023;3;45000;0;CARD
REC-20260815-STORE_04-0544;STORE_04;CASH-06;2026-08-15 18:07:59;SKU-003;3;45000;1000;CARD
REC-20260815-STORE_04-0544;STORE_04;CASH-03;2026-08-15 18:07:59;SKU-049;2;5000;0;CASH
REC-20260815-STORE_04-0545;STORE_04;CASH-08;2026-08-15 17:08:00;SKU-001;2;45000;500;CASH
REC-20260815-STORE_04-0545;STORE_04;CASH-05;2026-08-15 17:08:00;SKU-001;4;45000;0;CARD
REC-20260815-STORE_04-0545;STORE_04;CASH-07;2026-08-15 17:08:00;SKU-001;3;45000;0;CASH
REC-20260815-STORE_04-0545;STORE_04;CASH-01;2026-08-15 17:08:00;SKU-001;1;45000;0;CASH
REC-20260815-STORE_04-0546;STORE_04;CASH-08;2026-08-15 16:09:01;SKU-001;1;45000;0;CASH
REC-20260815-STORE_04-0547;STORE_04;CASH-06;2026-08-15 13:09:42;SKU-003;1;45000;500;CARD
REC-20260815-STORE_04-0547;STORE_04;CASH-07;2026-08-15 13:09:42;SKU-003;1;45000;0;CARD
REC-20260815-STORE_04-0547;STORE_04;CASH-10;2026-08-15 13:09:42;SKU-031;1;45000;0;CASH
REC-20260815-STORE_04-0547;STORE_04;CASH-05;2026-08-15 13:09:42;SKU-019;3;25000;0;CARD
REC-20260815-STORE_04-0547;STORE_04;CASH-04;2026-08-15 13:09:42;SKU-003;2;45000;0;CARD
REC-20260815-STORE_04-0548;STORE_04;CASH-09;2026-08-15 16:54:13;SKU-007;1;12000;1000;CARD
REC-20260815-STORE_04-0548;STORE_04;CASH-05;2026-08-15 16:54:13;SKU-002;3;12000;500;CARD
REC-20260815-STORE_04-0548;STORE_04;CASH-03;2026-08-15 16:54:13;SKU-010;3;25000;0;CARD
REC-20260815-STORE_04-0548;STORE_04;CASH-09;2026-08-15 16:54:13;SKU-050;3;25000;500;CARD
REC-20260815-STORE_04-0549;STORE_04;CASH-07;2026-08-15 16:47:18;SKU-014;2;5000;1000;CARD
REC-20260815-STORE_04-0549;STORE_04;CASH-10;2026-08-15 16:47:18;SKU-002;3;12000;1000;CARD
REC-20260815-STORE_04-0549;STORE_04;CASH-01;2026-08-15 16:47:18;SKU-003;2;45000;0;CASH
REC-20260815-STORE_04-0549;STORE_04;CASH-03;2026-08-15 16:47:18;SKU-008;4;12000;500;CASH
REC-20260815-STORE_04-0550;STORE_04;CASH-01;2026-08-15 10:53:55;SKU-038;3;12000;500;CARD
REC-20260815-STORE_04-0550;STORE_04;CASH-08;2026-08-15 10:53:55;SKU-003;2;45000;0;CARD
REC-20260815-STORE_04-0550;STORE_04;CASH-05;2026-08-15 10:53:55;SKU-018;1;5000;0;CASH
REC-20260815-STORE_04-0550;STORE_04;CASH-05;2026-08-15 10:53:55;SKU-006;1;45000;1000;CASH
REC-20260815-STORE_04-0550;STORE_04;CASH-08;2026-08-15 10:53:55;SKU-036;1;45000;500;CARD
REC-20260815-STORE_04-0551;STORE_04;CASH-05;2026-08-15 13:37:50;SKU-002;4;12000;0;CARD
REC-20260815-STORE_04-0552;STORE_04;CASH-05;2026-08-15 12:05:20;SKU-022;1;12000;0;CARD
REC-20260815-STORE_04-0552;STORE_04;CASH-05;2026-08-15 12:05:20;SKU-037;3;45000;0;CARD
REC-20260815-STORE_04-0553;STORE_04;CASH-06;2026-08-15 13:45:11;SKU-015;1;5000;0;CASH
REC-20260815-STORE_04-0553;STORE_04;CASH-07;2026-08-15 13:45:11;SKU-009;3;25000;1000;CASH
REC-20260815-STORE_04-0553;STORE_04;CASH-04;2026-08-15 13:45:11;SKU-001;3;45000;0;CARD
REC-20260815-STORE_04-0553;STORE_04;CASH-09;2026-08-15 13:45:11;SKU-001;1;45000;0;CARD
REC-20260815-STORE_04-0554;STORE_04;CASH-06;2026-08-15 14:00:01;SKU-029;1;5000;500;CARD
REC-20260815-STORE_04-0554;STORE_04;CASH-04;2026-08-15 14:00:01;SKU-002;3;12000;1000;CARD
REC-20260815-STORE_04-0554;STORE_04;CASH-09;2026-08-15 14:00:01;SKU-001;2;45000;500;CARD
REC-20260815-STORE_04-0555;STORE_04;CASH-08;2026-08-15 18:43:30;SKU-001;2;45000;1000;CASH
REC-20260815-STORE_04-0555;STORE_04;CASH-10;2026-08-15 18:43:30;SKU-001;4;45000;0;CASH
REC-20260815-STORE_04-0555;STORE_04;CASH-08;2026-08-15 18:43:30;SKU-045;2;45000;1000;CASH
REC-20260815-STORE_04-0555;STORE_04;CASH-08;2026-08-15 18:43:30;SKU-034;4;25000;0;CARD
REC-20260815-STORE_04-0555;STORE_04;CASH-07;2026-08-15 18:43:30;SKU-003;4;45000;500;CARD
REC-20260815-STORE_04-0556;STORE_04;CASH-01;2026-08-15 11:49:39;SKU-010;1;25000;0;CARD
REC-20260815-STORE_04-0556;STORE_04;CASH-05;2026-08-15 11:49:39;SKU-001;4;45000;1000;CARD
REC-20260815-STORE_04-0556;STORE_04;CASH-01;2026-08-15 11:49:39;SKU-017;3;12000;500;CARD
REC-20260815-STORE_04-0556;STORE_04;CASH-05;2026-08-15 11:49:39;SKU-002;4;12000;1000;CARD
REC-20260815-STORE_04-0556;STORE_04;CASH-08;2026-08-15 11:49:39;SKU-044;4;5000;0;CARD
REC-20260815-STORE_04-0557;STORE_04;CASH-07;2026-08-15 14:34:11;SKU-018;1;5000;500;CARD
REC-20260815-STORE_04-0557;STORE_04;CASH-10;2026-08-15 14:34:11;SKU-013;3;12000;0;CARD
REC-20260815-STORE_04-0558;STORE_04;CASH-05;2026-08-15 16:05:49;SKU-002;2;12000;0;CARD
REC-20260815-STORE_04-0558;STORE_04;CASH-06;2026-08-15 16:05:49;SKU-001;2;45000;0;CARD
REC-20260815-STORE_04-0558;STORE_04;CASH-03;2026-08-15 16:05:49;SKU-001;1;45000;0;CARD
REC-20260815-STORE_04-0558;STORE_04;CASH-08;2026-08-15 16:05:49;SKU-012;3;45000;0;CARD
REC-20260815-STORE_04-0559;STORE_04;CASH-10;2026-08-15 20:06:31;SKU-004;2;25000;1000;CARD
REC-20260815-STORE_04-0559;STORE_04;CASH-09;2026-08-15 20:06:31;SKU-007;4;12000;0;CASH
REC-20260815-STORE_04-0559;STORE_04;CASH-04;2026-08-15 20:06:31;SKU-008;1;12000;0;CASH
REC-20260815-STORE_04-0559;STORE_04;CASH-06;2026-08-15 20:06:31;SKU-002;1;12000;1000;CARD
REC-20260815-STORE_04-0560;STORE_04;CASH-09;2026-08-15 13:51:51;SKU-049;4;5000;500;CARD
REC-20260815-STORE_04-0560;STORE_04;CASH-02;2026-08-15 13:51:51;SKU-002;2;12000;1000;CARD
REC-20260815-STORE_04-0561;STORE_04;CASH-03;2026-08-15 13:12:20;SKU-049;3;5000;0;CARD
REC-20260815-STORE_04-0561;STORE_04;CASH-10;2026-08-15 13:12:20;SKU-003;1;45000;0;CASH
REC-20260815-STORE_04-0561;STORE_04;CASH-07;2026-08-15 13:12:20;SKU-008;4;12000;500;CARD
REC-20260815-STORE_04-0561;STORE_04;CASH-05;2026-08-15 13:12:20;SKU-012;3;45000;500;CASH
REC-20260815-STORE_04-0562;STORE_04;CASH-05;2026-08-15 19:58:58;SKU-002;4;12000;500;CASH
REC-20260815-STORE_04-0562;STORE_04;CASH-05;2026-08-15 19:58:58;SKU-001;3;45000;1000;CARD
REC-20260815-STORE_04-0562;STORE_04;CASH-09;2026-08-15 19:58:58;SKU-002;2;12000;0;CARD
REC-20260815-STORE_04-0562;STORE_04;CASH-01;2026-08-15 19:58:58;SKU-008;2;12000;0;CARD
REC-20260815-STORE_04-0563;STORE_04;CASH-01;2026-08-15 19:15:14;SKU-035;3;5000;500;CARD
REC-20260815-STORE_04-0563;STORE_04;CASH-09;2026-08-15 19:15:14;SKU-001;4;45000;0;CASH
REC-20260815-STORE_04-0563;STORE_04;CASH-10;2026-08-15 19:15:14;SKU-004;4;25000;0;CASH
REC-20260815-STORE_04-0564;STORE_04;CASH-01;2026-08-15 21:02:42;SKU-027;1;5000;500;CARD
REC-20260815-STORE_04-0564;STORE_04;CASH-05;2026-08-15 21:02:42;SKU-003;2;45000;0;CASH
REC-20260815-STORE_04-0564;STORE_04;CASH-09;2026-08-15 21:02:42;SKU-003;1;45000;1000;CASH
REC-20260815-STORE_04-0564;STORE_04;CASH-02;2026-08-15 21:02:42;SKU-009;1;25000;0;CARD
REC-20260815-STORE_04-0565;STORE_04;CASH-03;2026-08-15 11:09:50;SKU-001;4;45000;500;CARD
REC-20260815-STORE_04-0565;STORE_04;CASH-09;2026-08-15 11:09:50;SKU-040;3;25000;0;CASH
REC-20260815-STORE_04-0565;STORE_04;CASH-06;2026-08-15 11:09:50;SKU-002;3;12000;0;CARD
REC-20260815-STORE_04-0566;STORE_04;CASH-02;2026-08-15 18:13:10;SKU-001;4;45000;0;CARD
REC-20260815-STORE_04-0566;STORE_04;CASH-02;2026-08-15 18:13:10;SKU-001;3;45000;0;CASH
REC-20260815-STORE_04-0566;STORE_04;CASH-07;2026-08-15 18:13:10;SKU-003;1;45000;0;CARD
REC-20260815-STORE_04-0566;STORE_04;CASH-06;2026-08-15 18:13:10;SKU-032;4;25000;1000;CASH
REC-20260815-STORE_04-0566;STORE_04;CASH-06;2026-08-15 18:13:10;SKU-001;4;45000;0;CARD
REC-20260815-STORE_04-0567;STORE_04;CASH-03;2026-08-15 11:21:08;SKU-049;2;5000;1000;CASH
REC-20260815-STORE_04-0568;STORE_04;CASH-03;2026-08-15 18:55:57;SKU-001;1;45000;0;CARD
REC-20260815-STORE_04-0568;STORE_04;CASH-09;2026-08-15 18:55:57;SKU-016;4;25000;1000;CARD
REC-20260815-STORE_04-0568;STORE_04;CASH-02;2026-08-15 18:55:57;SKU-001;1;45000;0;CASH
REC-20260815-STORE_04-0568;STORE_04;CASH-06;2026-08-15 18:55:57;SKU-001;2;45000;0;CARD
REC-20260815-STORE_04-0569;STORE_04;CASH-02;2026-08-15 15:59:37;SKU-012;4;45000;0;CARD
REC-20260815-STORE_04-0569;STORE_04;CASH-06;2026-08-15 15:59:37;SKU-014;1;5000;0;CARD
REC-20260815-STORE_04-0570;STORE_04;CASH-05;2026-08-15 16:36:24;SKU-004;3;25000;500;CARD
REC-20260815-STORE_04-0571;STORE_04;CASH-04;2026-08-15 21:42:34;SKU-023;1;45000;0;CARD
REC-20260815-STORE_04-0571;STORE_04;CASH-08;2026-08-15 21:42:34;SKU-045;3;45000;0;CARD
REC-20260815-STORE_04-0571;STORE_04;CASH-05;2026-08-15 21:42:34;SKU-003;4;45000;1000;CARD
REC-20260815-STORE_04-0571;STORE_04;CASH-02;2026-08-15 21:42:34;SKU-004;2;25000;500;CASH
REC-20260815-STORE_04-0571;STORE_04;CASH-04;2026-08-15 21:42:34;SKU-001;2;45000;1000;CARD
REC-20260815-STORE_04-0572;STORE_04;CASH-01;2026-08-15 21:10:09;SKU-008;3;12000;0;CARD
REC-20260815-STORE_04-0572;STORE_04;CASH-08;2026-08-15 21:10:09;SKU-018;2;5000;0;CASH
REC-20260815-STORE_04-0573;STORE_04;CASH-02;2026-08-15 17:11:22;SKU-001;4;45000;0;CASH
REC-20260815-STORE_04-0573;STORE_04;CASH-09;2026-08-15 17:11:22;SKU-001;3;45000;0;CARD
REC-20260815-STORE_04-0573;STORE_04;CASH-01;2026-08-15 17:11:22;SKU-003;1;45000;0;CASH
REC-20260815-STORE_04-0574;STORE_04;CASH-05;2026-08-15 12:26:48;SKU-029;4;5000;1000;CASH
REC-20260815-STORE_04-0574;STORE_04;CASH-01;2026-08-15 12:26:48;SKU-015;4;5000;0;CASH
REC-20260815-STORE_04-0574;STORE_04;CASH-07;2026-08-15 12:26:48;SKU-013;4;12000;1000;CARD
REC-20260815-STORE_04-0574;STORE_04;CASH-10;2026-08-15 12:26:48;SKU-006;1;45000;0;CARD
REC-20260815-STORE_04-0574;STORE_04;CASH-05;2026-08-15 12:26:48;SKU-003;1;45000;0;CARD
REC-20260815-STORE_04-0575;STORE_04;CASH-07;2026-08-15 8:47:20;SKU-021;4;5000;0;CARD
REC-20260815-STORE_04-0575;STORE_04;CASH-01;2026-08-15 8:47:20;SKU-037;2;45000;1000;CARD
REC-20260815-STORE_04-0575;STORE_04;CASH-07;2026-08-15 8:47:20;SKU-005;3;5000;0;CASH
REC-20260815-STORE_04-0575;STORE_04;CASH-06;2026-08-15 8:47:20;SKU-005;1;5000;0;CARD
REC-20260815-STORE_04-0576;STORE_04;CASH-04;2026-08-15 20:32:03;SKU-027;4;5000;0;CARD
REC-20260815-STORE_04-0576;STORE_04;CASH-01;2026-08-15 20:32:03;SKU-017;4;12000;1000;CARD
REC-20260815-STORE_04-0576;STORE_04;CASH-03;2026-08-15 20:32:03;SKU-001;2;45000;0;CASH
REC-20260815-STORE_04-0576;STORE_04;CASH-09;2026-08-15 20:32:03;SKU-016;2;25000;500;CARD
REC-20260815-STORE_04-0577;STORE_04;CASH-08;2026-08-15 12:12:13;SKU-022;3;12000;1000;CARD
REC-20260815-STORE_04-0577;STORE_04;CASH-07;2026-08-15 12:12:13;SKU-001;3;45000;500;CARD
REC-20260815-STORE_04-0577;STORE_04;CASH-03;2026-08-15 12:12:13;SKU-037;3;45000;500;CARD
REC-20260815-STORE_04-0577;STORE_04;CASH-02;2026-08-15 12:12:13;SKU-002;2;12000;0;CARD
REC-20260815-STORE_04-0577;STORE_04;CASH-09;2026-08-15 12:12:13;SKU-009;3;25000;500;CASH
REC-20260815-STORE_04-0578;STORE_04;CASH-01;2026-08-15 19:11:37;SKU-010;1;25000;0;CARD
REC-20260815-STORE_04-0578;STORE_04;CASH-03;2026-08-15 19:11:37;SKU-001;4;45000;1000;CASH
REC-20260815-STORE_04-0579;STORE_04;CASH-02;2026-08-15 16:59:23;SKU-011;4;5000;1000;CARD
REC-20260815-STORE_04-0580;STORE_04;CASH-01;2026-08-15 8:27:00;SKU-032;2;25000;500;CARD
REC-20260815-STORE_04-0581;STORE_04;CASH-09;2026-08-15 15:17:39;SKU-024;4;12000;0;CARD
REC-20260815-STORE_04-0581;STORE_04;CASH-10;2026-08-15 15:17:39;SKU-011;1;5000;1000;CARD
REC-20260815-STORE_04-0581;STORE_04;CASH-02;2026-08-15 15:17:39;SKU-006;4;45000;0;CARD
REC-20260815-STORE_04-0581;STORE_04;CASH-01;2026-08-15 15:17:39;SKU-001;3;45000;1000;CARD
REC-20260815-STORE_04-0582;STORE_04;CASH-05;2026-08-15 15:23:06;SKU-010;4;25000;0;CARD
REC-20260815-STORE_04-0582;STORE_04;CASH-03;2026-08-15 15:23:06;SKU-006;4;45000;0;CASH
REC-20260815-STORE_04-0583;STORE_04;CASH-07;2026-08-15 20:26:07;SKU-001;4;45000;0;CASH
REC-20260815-STORE_04-0583;STORE_04;CASH-07;2026-08-15 20:26:07;SKU-042;2;5000;0;CARD
REC-20260815-STORE_04-0583;STORE_04;CASH-04;2026-08-15 20:26:07;SKU-038;2;12000;500;CASH
REC-20260815-STORE_04-0584;STORE_04;CASH-04;2026-08-15 14:55:44;SKU-026;3;12000;0;CARD
REC-20260815-STORE_04-0584;STORE_04;CASH-03;2026-08-15 14:55:44;SKU-002;2;12000;0;CARD
REC-20260815-STORE_04-0584;STORE_04;CASH-02;2026-08-15 14:55:44;SKU-001;1;45000;1000;CARD
REC-20260815-STORE_04-0584;STORE_04;CASH-02;2026-08-15 14:55:44;SKU-002;3;12000;500;CARD
REC-20260815-STORE_04-0585;STORE_04;CASH-05;2026-08-15 9:11:36;SKU-003;1;45000;0;CARD
REC-20260815-STORE_04-0585;STORE_04;CASH-02;2026-08-15 9:11:36;SKU-021;3;5000;1000;CARD
REC-20260815-STORE_04-0585;STORE_04;CASH-02;2026-08-15 9:11:36;SKU-004;2;25000;500;CARD
REC-20260815-STORE_04-0585;STORE_04;CASH-09;2026-08-15 9:11:36;SKU-016;2;25000;500;CARD
REC-20260815-STORE_04-0586;STORE_04;CASH-10;2026-08-15 12:10:02;SKU-001;3;45000;500;CASH
REC-20260815-STORE_04-0586;STORE_04;CASH-06;2026-08-15 12:10:02;SKU-001;3;45000;0;CASH
REC-20260815-STORE_04-0586;STORE_04;CASH-09;2026-08-15 12:10:02;SKU-006;1;45000;0;CARD
REC-20260815-STORE_04-0586;STORE_04;CASH-02;2026-08-15 12:10:02;SKU-005;4;5000;500;CARD
REC-20260815-STORE_04-0586;STORE_04;CASH-01;2026-08-15 12:10:02;SKU-011;1;5000;0;CARD
REC-20260815-STORE_04-0587;STORE_04;CASH-03;2026-08-15 8:23:26;SKU-005;4;5000;1000;CARD
REC-20260815-STORE_04-0587;STORE_04;CASH-03;2026-08-15 8:23:26;SKU-001;3;45000;0;CASH
REC-20260815-STORE_04-0587;STORE_04;CASH-01;2026-08-15 8:23:26;SKU-003;4;45000;0;CARD
REC-20260815-STORE_04-0588;STORE_04;CASH-10;2026-08-15 9:32:45;SKU-024;4;12000;0;CARD
REC-20260815-STORE_04-0588;STORE_04;CASH-08;2026-08-15 9:32:45;SKU-007;1;12000;1000;CARD
REC-20260815-STORE_04-0588;STORE_04;CASH-10;2026-08-15 9:32:45;SKU-006;3;45000;0;CARD
REC-20260815-STORE_04-0589;STORE_04;CASH-09;2026-08-15 20:04:58;SKU-007;1;12000;500;CARD
REC-20260815-STORE_04-0589;STORE_04;CASH-08;2026-08-15 20:04:58;SKU-003;2;45000;1000;CASH
REC-20260815-STORE_04-0589;STORE_04;CASH-06;2026-08-15 20:04:58;SKU-010;2;25000;1000;CASH
REC-20260815-STORE_04-0590;STORE_04;CASH-09;2026-08-15 11:38:46;SKU-003;4;45000;1000;CASH
REC-20260815-STORE_04-0590;STORE_04;CASH-08;2026-08-15 11:38:46;SKU-036;4;45000;0;CARD
REC-20260815-STORE_04-0590;STORE_04;CASH-04;2026-08-15 11:38:46;SKU-033;1;5000;1000;CARD
REC-20260815-STORE_04-0590;STORE_04;CASH-06;2026-08-15 11:38:46;SKU-039;3;5000;1000;CARD
REC-20260815-STORE_04-0591;STORE_04;CASH-04;2026-08-15 10:57:10;SKU-010;1;25000;0;CASH
REC-20260815-STORE_04-0592;STORE_04;CASH-08;2026-08-15 10:29:28;SKU-012;2;45000;500;CASH
REC-20260815-STORE_04-0592;STORE_04;CASH-08;2026-08-15 10:29:28;SKU-034;4;25000;0;CARD
REC-20260815-STORE_04-0592;STORE_04;CASH-01;2026-08-15 10:29:28;SKU-001;1;45000;500;CARD
REC-20260815-STORE_04-0592;STORE_04;CASH-06;2026-08-15 10:29:28;SKU-025;4;5000;0;CARD
REC-20260815-STORE_04-0593;STORE_04;CASH-10;2026-08-15 20:31:59;SKU-027;4;5000;500;CASH
REC-20260815-STORE_04-0594;STORE_04;CASH-02;2026-08-15 18:15:11;SKU-030;4;45000;0;CASH
REC-20260815-STORE_04-0595;STORE_04;CASH-06;2026-08-15 14:57:13;SKU-006;1;45000;1000;CARD
REC-20260815-STORE_04-0595;STORE_04;CASH-02;2026-08-15 14:57:13;SKU-002;4;12000;500;CASH
REC-20260815-STORE_04-0595;STORE_04;CASH-09;2026-08-15 14:57:13;SKU-005;1;5000;0;CARD
REC-20260815-STORE_04-0595;STORE_04;CASH-02;2026-08-15 14:57:13;SKU-035;2;5000;0;CASH
REC-20260815-STORE_04-0596;STORE_04;CASH-09;2026-08-15 21:53:13;SKU-002;4;12000;0;CARD
REC-20260815-STORE_04-0596;STORE_04;CASH-06;2026-08-15 21:53:13;SKU-001;1;45000;0;CARD
REC-20260815-STORE_04-0596;STORE_04;CASH-07;2026-08-15 21:53:13;SKU-015;1;5000;0;CASH
REC-20260815-STORE_04-0596;STORE_04;CASH-06;2026-08-15 21:53:13;SKU-005;4;5000;0;CARD
REC-20260815-STORE_04-0597;STORE_04;CASH-03;2026-08-15 11:11:27;SKU-028;1;5000;1000;CARD
REC-20260815-STORE_04-0597;STORE_04;CASH-04;2026-08-15 11:11:27;SKU-046;4;25000;0;CARD
REC-20260815-STORE_04-0597;STORE_04;CASH-05;2026-08-15 11:11:27;SKU-041;3;25000;500;CARD
REC-20260815-STORE_04-0598;STORE_04;CASH-06;2026-08-15 17:46:41;SKU-001;3;45000;0;CARD
REC-20260815-STORE_04-0598;STORE_04;CASH-03;2026-08-15 17:46:41;SKU-006;4;45000;0;CASH
REC-20260815-STORE_04-0598;STORE_04;CASH-03;2026-08-15 17:46:41;SKU-002;2;12000;1000;CARD
REC-20260815-STORE_04-0599;STORE_04;CASH-08;2026-08-15 11:16:53;SKU-011;2;5000;1000;CARD
REC-20260815-STORE_04-0599;STORE_04;CASH-09;2026-08-15 11:16:53;SKU-002;3;12000;1000;CARD
REC-20260815-STORE_04-0599;STORE_04;CASH-01;2026-08-15 11:16:53;SKU-005;3;5000;1000;CARD
REC-20260815-STORE_04-0599;STORE_04;CASH-10;2026-08-15 11:16:53;SKU-005;1;5000;500;CARD
REC-20260815-STORE_04-0600;STORE_04;CASH-02;2026-08-15 13:20:46;SKU-014;3;5000;0;CARD
REC-20260815-STORE_04-0600;STORE_04;CASH-04;2026-08-15 13:20:46;SKU-007;4;12000;0;CARD
REC-20260815-STORE_04-0600;STORE_04;CASH-07;2026-08-15 13:20:46;SKU-017;3;12000;500;CARD
REC-20260815-STORE_04-0601;STORE_04;CASH-10;2026-08-15 21:27:53;SKU-001;1;45000;0;CARD
REC-20260815-STORE_04-0601;STORE_04;CASH-07;2026-08-15 21:27:53;SKU-002;4;12000;0;CARD
REC-20260815-STORE_04-0602;STORE_04;CASH-10;2026-08-15 19:48:36;SKU-047;1;5000;0;CARD
REC-20260815-STORE_04-0603;STORE_04;CASH-04;2026-08-15 8:29:36;SKU-002;2;12000;500;CARD
REC-20260815-STORE_04-0604;STORE_04;CASH-05;2026-08-15 17:25:27;SKU-002;1;12000;0;CARD
REC-20260815-STORE_04-0604;STORE_04;CASH-03;2026-08-15 17:25:27;SKU-003;1;45000;0;CARD
REC-20260815-STORE_04-0604;STORE_04;CASH-02;2026-08-15 17:25:27;SKU-004;2;25000;0;CASH
REC-20260815-STORE_04-0605;STORE_04;CASH-04;2026-08-15 17:46:45;SKU-005;2;5000;0;CARD
REC-20260815-STORE_04-0605;STORE_04;CASH-01;2026-08-15 17:46:45;SKU-025;3;5000;0;CASH
REC-20260815-STORE_04-0605;STORE_04;CASH-01;2026-08-15 17:46:45;SKU-038;3;12000;500;CASH
REC-20260815-STORE_04-0605;STORE_04;CASH-05;2026-08-15 17:46:45;SKU-002;2;12000;0;CARD
REC-20260815-STORE_04-0605;STORE_04;CASH-02;2026-08-15 17:46:45;SKU-001;3;45000;1000;CARD
REC-20260815-STORE_04-0606;STORE_04;CASH-08;2026-08-15 8:03:26;SKU-023;3;45000;0;CASH
REC-20260815-STORE_04-0606;STORE_04;CASH-03;2026-08-15 8:03:26;SKU-001;2;45000;1000;CASH
REC-20260815-STORE_04-0607;STORE_04;CASH-07;2026-08-15 15:00:19;SKU-031;3;45000;0;CASH
REC-20260815-STORE_04-0608;STORE_04;CASH-06;2026-08-15 18:52:29;SKU-009;2;25000;500;CARD
REC-20260815-STORE_04-0608;STORE_04;CASH-02;2026-08-15 18:52:29;SKU-001;1;45000;0;CARD
REC-20260815-STORE_04-0609;STORE_04;CASH-01;2026-08-15 21:33:52;SKU-001;3;45000;0;CARD
REC-20260815-STORE_04-0609;STORE_04;CASH-03;2026-08-15 21:33:52;SKU-012;2;45000;0;CASH
REC-20260815-STORE_04-0609;STORE_04;CASH-10;2026-08-15 21:33:52;SKU-003;3;45000;1000;CARD
REC-20260815-STORE_04-0609;STORE_04;CASH-09;2026-08-15 21:33:52;SKU-001;3;45000;0;CARD
REC-20260815-STORE_04-0610;STORE_04;CASH-05;2026-08-15 20:45:31;SKU-001;3;45000;0;CARD
REC-20260815-STORE_04-0610;STORE_04;CASH-03;2026-08-15 20:45:31;SKU-006;3;45000;500;CASH
REC-20260815-STORE_04-0610;STORE_04;CASH-07;2026-08-15 20:45:31;SKU-010;4;25000;0;CARD
REC-20260815-STORE_04-0610;STORE_04;CASH-02;2026-08-15 20:45:31;SKU-007;4;12000;0;CASH
REC-20260815-STORE_04-0610;STORE_04;CASH-05;2026-08-15 20:45:31;SKU-001;2;45000;0;CASH
REC-20260815-STORE_04-0611;STORE_04;CASH-09;2026-08-15 17:17:16;SKU-006;1;45000;0;CARD
REC-20260815-STORE_04-0612;STORE_04;CASH-07;2026-08-15 11:46:13;SKU-016;3;25000;0;CARD
REC-20260815-STORE_04-0612;STORE_04;CASH-03;2026-08-15 11:46:13;SKU-004;3;25000;0;CASH
REC-20260815-STORE_04-0612;STORE_04;CASH-03;2026-08-15 11:46:13;SKU-002;3;12000;1000;CASH
REC-20260815-STORE_04-0612;STORE_04;CASH-03;2026-08-15 11:46:13;SKU-002;1;12000;500;CARD
REC-20260815-STORE_04-0612;STORE_04;CASH-08;2026-08-15 11:46:13;SKU-049;2;5000;0;CASH
REC-20260815-STORE_04-0613;STORE_04;CASH-05;2026-08-15 16:13:39;SKU-002;4;12000;0;CASH
REC-20260815-STORE_04-0614;STORE_04;CASH-01;2026-08-15 20:03:58;SKU-023;4;45000;0;CARD
REC-20260815-STORE_04-0614;STORE_04;CASH-06;2026-08-15 20:03:58;SKU-002;2;12000;0;CARD
REC-20260815-STORE_04-0615;STORE_04;CASH-02;2026-08-15 18:33:16;SKU-023;2;45000;1000;CARD
REC-20260815-STORE_04-0616;STORE_04;CASH-10;2026-08-15 19:30:00;SKU-008;4;12000;1000;CARD
REC-20260815-STORE_04-0617;STORE_04;CASH-05;2026-08-15 11:12:43;SKU-021;1;5000;500;CARD
REC-20260815-STORE_04-0617;STORE_04;CASH-02;2026-08-15 11:12:43;SKU-014;2;5000;500;CARD
REC-20260815-STORE_04-0617;STORE_04;CASH-08;2026-08-15 11:12:43;SKU-006;2;45000;1000;CASH
REC-20260815-STORE_04-0617;STORE_04;CASH-08;2026-08-15 11:12:43;SKU-001;2;45000;0;CARD
REC-20260815-STORE_04-0618;STORE_04;CASH-10;2026-08-15 21:21:16;SKU-027;3;5000;0;CASH
REC-20260815-STORE_04-0618;STORE_04;CASH-07;2026-08-15 21:21:16;SKU-015;4;5000;500;CARD
REC-20260815-STORE_04-0618;STORE_04;CASH-09;2026-08-15 21:21:16;SKU-026;4;12000;0;CASH
REC-20260815-STORE_04-0618;STORE_04;CASH-09;2026-08-15 21:21:16;SKU-025;3;5000;0;CASH
REC-20260815-STORE_04-0619;STORE_04;CASH-04;2026-08-15 15:38:31;SKU-008;2;12000;0;CARD
REC-20260815-STORE_04-0619;STORE_04;CASH-03;2026-08-15 15:38:31;SKU-009;1;25000;0;CARD
REC-20260815-STORE_04-0620;STORE_04;CASH-05;2026-08-15 20:05:00;SKU-004;2;25000;500;CARD
REC-20260815-STORE_04-0620;STORE_04;CASH-06;2026-08-15 20:05:00;SKU-006;2;45000;0;CARD
REC-20260815-STORE_04-0621;STORE_04;CASH-08;2026-08-15 11:36:38;SKU-014;3;5000;0;CARD
REC-20260815-STORE_04-0621;STORE_04;CASH-08;2026-08-15 11:36:38;SKU-001;2;45000;0;CASH
REC-20260815-STORE_04-0621;STORE_04;CASH-02;2026-08-15 11:36:38;SKU-001;2;45000;0;CASH
REC-20260815-STORE_04-0622;STORE_04;CASH-02;2026-08-15 12:51:27;SKU-001;1;45000;0;CARD
REC-20260815-STORE_04-0622;STORE_04;CASH-08;2026-08-15 12:51:27;SKU-010;4;25000;0;CASH
REC-20260815-STORE_04-0622;STORE_04;CASH-09;2026-08-15 12:51:27;SKU-010;1;25000;500;CARD
REC-20260815-STORE_04-0622;STORE_04;CASH-05;2026-08-15 12:51:27;SKU-030;2;45000;0;CARD
REC-20260815-STORE_04-0622;STORE_04;CASH-04;2026-08-15 12:51:27;SKU-003;1;45000;0;CARD
REC-20260815-STORE_04-0623;STORE_04;CASH-08;2026-08-15 10:43:55;SKU-005;3;5000;0;CASH
REC-20260815-STORE_04-0623;STORE_04;CASH-01;2026-08-15 10:43:55;SKU-007;4;12000;1000;CASH
REC-20260815-STORE_04-0623;STORE_04;CASH-05;2026-08-15 10:43:55;SKU-025;4;5000;0;CARD
REC-20260815-STORE_04-0623;STORE_04;CASH-03;2026-08-15 10:43:55;SKU-013;1;12000;1000;CASH
REC-20260815-STORE_04-0624;STORE_04;CASH-07;2026-08-15 16:20:55;SKU-001;4;45000;0;CASH
REC-20260815-STORE_04-0625;STORE_04;CASH-04;2026-08-15 17:18:17;SKU-005;3;5000;0;CARD
REC-20260815-STORE_04-0625;STORE_04;CASH-08;2026-08-15 17:18:17;SKU-001;1;45000;1000;CARD
REC-20260815-STORE_04-0625;STORE_04;CASH-09;2026-08-15 17:18:17;SKU-002;1;12000;1000;CARD
REC-20260815-STORE_04-0626;STORE_04;CASH-02;2026-08-15 16:19:55;SKU-002;2;12000;500;CASH
REC-20260815-STORE_04-0627;STORE_04;CASH-07;2026-08-15 10:58:15;SKU-026;2;12000;0;CARD
REC-20260815-STORE_04-0627;STORE_04;CASH-01;2026-08-15 10:58:15;SKU-002;2;12000;500;CARD
REC-20260815-STORE_04-0628;STORE_04;CASH-04;2026-08-15 18:38:32;SKU-002;3;12000;500;CASH
REC-20260815-STORE_04-0629;STORE_04;CASH-05;2026-08-15 11:30:30;SKU-015;3;5000;0;CARD
REC-20260815-STORE_04-0629;STORE_04;CASH-03;2026-08-15 11:30:30;SKU-004;4;25000;0;CARD
REC-20260815-STORE_04-0629;STORE_04;CASH-01;2026-08-15 11:30:30;SKU-001;2;45000;500;CARD
REC-20260815-STORE_04-0630;STORE_04;CASH-01;2026-08-15 19:29:20;SKU-007;4;12000;500;CARD
REC-20260815-STORE_04-0630;STORE_04;CASH-04;2026-08-15 19:29:20;SKU-003;3;45000;1000;CARD
REC-20260815-STORE_04-0630;STORE_04;CASH-02;2026-08-15 19:29:20;SKU-001;1;45000;0;CARD
REC-20260815-STORE_04-0631;STORE_04;CASH-06;2026-08-15 9:28:00;SKU-001;2;45000;1000;CARD
REC-20260815-STORE_04-0631;STORE_04;CASH-07;2026-08-15 9:28:00;SKU-001;2;45000;1000;CASH
REC-20260815-STORE_04-0632;STORE_04;CASH-03;2026-08-15 13:56:31;SKU-004;1;25000;0;CASH
REC-20260815-STORE_04-0632;STORE_04;CASH-04;2026-08-15 13:56:31;SKU-030;3;45000;0;CARD
REC-20260815-STORE_04-0632;STORE_04;CASH-05;2026-08-15 13:56:31;SKU-046;1;25000;0;CASH
REC-20260815-STORE_04-0632;STORE_04;CASH-07;2026-08-15 13:56:31;SKU-003;2;45000;500;CASH
REC-20260815-STORE_04-0632;STORE_04;CASH-04;2026-08-15 13:56:31;SKU-006;3;45000;0;CARD
REC-20260815-STORE_04-0633;STORE_04;CASH-10;2026-08-15 12:08:48;SKU-003;3;45000;0;CASH
REC-20260815-STORE_04-0634;STORE_04;CASH-01;2026-08-15 12:17:56;SKU-023;4;45000;0;CARD
REC-20260815-STORE_04-0634;STORE_04;CASH-08;2026-08-15 12:17:56;SKU-016;1;25000;0;CARD
REC-20260815-STORE_04-0634;STORE_04;CASH-10;2026-08-15 12:17:56;SKU-010;2;25000;0;CARD
REC-20260815-STORE_04-0634;STORE_04;CASH-06;2026-08-15 12:17:56;SKU-035;2;5000;0;CASH
REC-20260815-STORE_04-0634;STORE_04;CASH-07;2026-08-15 12:17:56;SKU-001;4;45000;0;CARD
REC-20260815-STORE_04-0635;STORE_04;CASH-06;2026-08-15 16:37:58;SKU-001;2;45000;1000;CARD
REC-20260815-STORE_04-0635;STORE_04;CASH-07;2026-08-15 16:37:58;SKU-002;4;12000;1000;CARD
REC-20260815-STORE_04-0635;STORE_04;CASH-08;2026-08-15 16:37:58;SKU-021;2;5000;500;CARD
REC-20260815-STORE_04-0635;STORE_04;CASH-05;2026-08-15 16:37:58;SKU-020;1;12000;0;CASH
REC-20260815-STORE_04-0636;STORE_04;CASH-08;2026-08-15 12:50:39;SKU-022;1;12000;0;CARD
REC-20260815-STORE_04-0637;STORE_04;CASH-05;2026-08-15 13:42:55;SKU-001;4;45000;0;CARD
REC-20260815-STORE_04-0637;STORE_04;CASH-04;2026-08-15 13:42:55;SKU-006;3;45000;1000;CARD
REC-20260815-STORE_04-0637;STORE_04;CASH-04;2026-08-15 13:42:55;SKU-001;3;45000;0;CARD
REC-20260815-STORE_04-0637;STORE_04;CASH-03;2026-08-15 13:42:55;SKU-017;3;12000;0;CARD
REC-20260815-STORE_04-0638;STORE_04;CASH-08;2026-08-15 15:31:45;SKU-034;2;25000;500;CARD
REC-20260815-STORE_04-0638;STORE_04;CASH-01;2026-08-15 15:31:45;SKU-024;1;12000;0;CASH
REC-20260815-STORE_04-0639;STORE_04;CASH-06;2026-08-15 8:00:18;SKU-022;4;12000;0;CARD
REC-20260815-STORE_04-0639;STORE_04;CASH-04;2026-08-15 8:00:18;SKU-032;3;25000;1000;CARD
REC-20260815-STORE_04-0639;STORE_04;CASH-09;2026-08-15 8:00:18;SKU-030;2;45000;1000;CARD
REC-20260815-STORE_04-0640;STORE_04;CASH-04;2026-08-15 8:52:34;SKU-020;2;12000;500;CARD
REC-20260815-STORE_04-0640;STORE_04;CASH-06;2026-08-15 8:52:34;SKU-002;4;12000;0;CASH
REC-20260815-STORE_04-0640;STORE_04;CASH-02;2026-08-15 8:52:34;SKU-011;1;5000;0;CARD
REC-20260815-STORE_04-0640;STORE_04;CASH-05;2026-08-15 8:52:34;SKU-001;4;45000;0;CASH
REC-20260815-STORE_04-0641;STORE_04;CASH-07;2026-08-15 21:52:11;SKU-044;2;5000;1000;CASH
REC-20260815-STORE_04-0641;STORE_04;CASH-05;2026-08-15 21:52:11;SKU-043;3;25000;500;CASH
REC-20260815-STORE_04-0642;STORE_04;CASH-04;2026-08-15 16:14:53;SKU-014;3;5000;1000;CARD
REC-20260815-STORE_04-0642;STORE_04;CASH-06;2026-08-15 16:14:53;SKU-008;1;12000;500;CASH
REC-20260815-STORE_04-0642;STORE_04;CASH-07;2026-08-15 16:14:53;SKU-012;4;45000;0;CARD
REC-20260815-STORE_04-0642;STORE_04;CASH-02;2026-08-15 16:14:53;SKU-049;1;5000;0;CASH
REC-20260815-STORE_04-0643;STORE_04;CASH-06;2026-08-15 14:56:39;SKU-047;3;5000;0;CASH
REC-20260815-STORE_04-0643;STORE_04;CASH-06;2026-08-15 14:56:39;SKU-017;3;12000;0;CARD
REC-20260815-STORE_04-0644;STORE_04;CASH-08;2026-08-15 18:10:50;SKU-001;3;45000;0;CARD
REC-20260815-STORE_04-0644;STORE_04;CASH-05;2026-08-15 18:10:50;SKU-044;4;5000;500;CARD
REC-20260815-STORE_04-0645;STORE_04;CASH-06;2026-08-15 17:03:28;SKU-001;3;45000;0;CARD
REC-20260815-STORE_04-0645;STORE_04;CASH-01;2026-08-15 17:03:28;SKU-020;1;12000;1000;CASH
REC-20260815-STORE_04-0645;STORE_04;CASH-04;2026-08-15 17:03:28;SKU-017;1;12000;500;CASH
REC-20260815-STORE_04-0645;STORE_04;CASH-10;2026-08-15 17:03:28;SKU-002;2;12000;1000;CASH
REC-20260815-STORE_04-0645;STORE_04;CASH-03;2026-08-15 17:03:28;SKU-021;2;5000;0;CARD
REC-20260815-STORE_04-0646;STORE_04;CASH-06;2026-08-15 15:37:45;SKU-001;1;45000;500;CASH
REC-20260815-STORE_04-0646;STORE_04;CASH-05;2026-08-15 15:37:45;SKU-006;2;45000;0;CARD
REC-20260815-STORE_04-0646;STORE_04;CASH-07;2026-08-15 15:37:45;SKU-002;1;12000;500;CARD
REC-20260815-STORE_04-0646;STORE_04;CASH-04;2026-08-15 15:37:45;SKU-026;3;12000;0;CASH
REC-20260815-STORE_04-0647;STORE_04;CASH-06;2026-08-15 20:38:48;SKU-011;4;5000;0;CASH
REC-20260815-STORE_04-0647;STORE_04;CASH-10;2026-08-15 20:38:48;SKU-001;1;45000;0;CASH
REC-20260815-STORE_04-0648;STORE_04;CASH-09;2026-08-15 17:18:03;SKU-011;1;5000;500;CASH
REC-20260815-STORE_04-0648;STORE_04;CASH-04;2026-08-15 17:18:03;SKU-005;1;5000;1000;CARD
REC-20260815-STORE_04-0649;STORE_04;CASH-06;2026-08-15 17:41:21;SKU-002;2;12000;500;CARD
REC-20260815-STORE_04-0649;STORE_04;CASH-10;2026-08-15 17:41:21;SKU-001;4;45000;0;CASH
REC-20260815-STORE_04-0650;STORE_04;CASH-06;2026-08-15 12:24:38;SKU-006;3;45000;1000;CASH
REC-20260815-STORE_04-0650;STORE_04;CASH-05;2026-08-15 12:24:38;SKU-032;1;25000;1000;CASH
REC-20260815-STORE_04-0651;STORE_04;CASH-05;2026-08-15 11:03:38;SKU-004;1;25000;1000;CASH
REC-20260815-STORE_04-0651;STORE_04;CASH-02;2026-08-15 11:03:38;SKU-001;3;45000;0;CARD
REC-20260815-STORE_04-0651;STORE_04;CASH-07;2026-08-15 11:03:38;SKU-014;1;5000;1000;CARD
REC-20260815-STORE_04-0651;STORE_04;CASH-07;2026-08-15 11:03:38;SKU-017;3;12000;1000;CARD
REC-20260815-STORE_04-0652;STORE_04;CASH-07;2026-08-15 21:32:41;SKU-002;4;12000;500;CASH
REC-20260815-STORE_04-0652;STORE_04;CASH-08;2026-08-15 21:32:41;SKU-001;2;45000;500;CARD
REC-20260815-STORE_04-0652;STORE_04;CASH-04;2026-08-15 21:32:41;SKU-003;3;45000;0;CASH
REC-20260815-STORE_04-0652;STORE_04;CASH-01;2026-08-15 21:32:41;SKU-024;1;12000;0;CARD
REC-20260815-STORE_04-0653;STORE_04;CASH-03;2026-08-15 17:50:30;SKU-003;2;45000;500;CASH
REC-20260815-STORE_04-0653;STORE_04;CASH-04;2026-08-15 17:50:30;SKU-001;1;45000;500;CARD
REC-20260815-STORE_04-0653;STORE_04;CASH-09;2026-08-15 17:50:30;SKU-004;1;25000;0;CARD
REC-20260815-STORE_04-0653;STORE_04;CASH-06;2026-08-15 17:50:30;SKU-031;2;45000;1000;CARD
REC-20260815-STORE_04-0653;STORE_04;CASH-02;2026-08-15 17:50:30;SKU-012;4;45000;500;CARD
REC-20260815-STORE_04-0654;STORE_04;CASH-01;2026-08-15 10:09:18;SKU-017;1;12000;1000;CARD
REC-20260815-STORE_04-0654;STORE_04;CASH-02;2026-08-15 10:09:18;SKU-002;4;12000;0;CARD
REC-20260815-STORE_04-0654;STORE_04;CASH-04;2026-08-15 10:09:18;SKU-005;2;5000;1000;CARD
REC-20260815-STORE_04-0655;STORE_04;CASH-02;2026-08-15 18:50:19;SKU-002;3;12000;1000;CARD
REC-20260815-STORE_04-0655;STORE_04;CASH-07;2026-08-15 18:50:19;SKU-002;4;12000;0;CARD
REC-20260815-STORE_04-0655;STORE_04;CASH-07;2026-08-15 18:50:19;SKU-020;3;12000;500;CARD
REC-20260815-STORE_04-0656;STORE_04;CASH-08;2026-08-15 10:42:22;SKU-002;4;12000;1000;CASH
REC-20260815-STORE_04-0656;STORE_04;CASH-09;2026-08-15 10:42:22;SKU-001;2;45000;0;CARD
REC-20260815-STORE_04-0656;STORE_04;CASH-04;2026-08-15 10:42:22;SKU-036;4;45000;500;CARD
REC-20260815-STORE_04-0657;STORE_04;CASH-02;2026-08-15 19:00:55;SKU-005;2;5000;0;CASH
REC-20260815-STORE_04-0657;STORE_04;CASH-04;2026-08-15 19:00:55;SKU-006;4;45000;0;CARD
REC-20260815-STORE_04-0657;STORE_04;CASH-07;2026-08-15 19:00:55;SKU-003;4;45000;1000;CARD
REC-20260815-STORE_04-0658;STORE_04;CASH-10;2026-08-15 11:53:49;SKU-033;3;5000;0;CARD
REC-20260815-STORE_04-0659;STORE_04;CASH-02;2026-08-15 8:05:32;SKU-001;3;45000;1000;CARD
REC-20260815-STORE_04-0659;STORE_04;CASH-05;2026-08-15 8:05:32;SKU-003;4;45000;0;CASH
REC-20260815-STORE_04-0659;STORE_04;CASH-09;2026-08-15 8:05:32;SKU-012;3;45000;0;CARD
REC-20260815-STORE_04-0660;STORE_04;CASH-05;2026-08-15 8:46:43;SKU-001;1;45000;500;CARD
REC-20260815-STORE_04-0660;STORE_04;CASH-05;2026-08-15 8:46:43;SKU-004;2;25000;500;CARD
REC-20260815-STORE_04-0660;STORE_04;CASH-10;2026-08-15 8:46:43;SKU-011;4;5000;0;CARD
REC-20260815-STORE_04-0661;STORE_04;CASH-05;2026-08-15 16:50:00;SKU-007;2;12000;0;CASH
REC-20260815-STORE_04-0662;STORE_04;CASH-05;2026-08-15 17:14:00;SKU-007;3;12000;500;CARD
REC-20260815-STORE_04-0662;STORE_04;CASH-01;2026-08-15 17:14:00;SKU-002;2;12000;0;CARD
REC-20260815-STORE_04-0662;STORE_04;CASH-01;2026-08-15 17:14:00;SKU-014;3;5000;0;CASH
REC-20260815-STORE_04-0662;STORE_04;CASH-05;2026-08-15 17:14:00;SKU-001;4;45000;500;CARD
REC-20260815-STORE_04-0662;STORE_04;CASH-08;2026-08-15 17:14:00;SKU-004;1;25000;0;CARD
REC-20260815-STORE_04-0663;STORE_04;CASH-05;2026-08-15 8:35:26;SKU-007;4;12000;500;CASH
REC-20260815-STORE_04-0663;STORE_04;CASH-07;2026-08-15 8:35:26;SKU-036;1;45000;0;CARD
REC-20260815-STORE_04-0663;STORE_04;CASH-10;2026-08-15 8:35:26;SKU-011;3;5000;0;CASH
REC-20260815-STORE_04-0663;STORE_04;CASH-02;2026-08-15 8:35:26;SKU-046;2;25000;0;CARD
REC-20260815-STORE_04-0663;STORE_04;CASH-06;2026-08-15 8:35:26;SKU-007;3;12000;0;CASH
REC-20260815-STORE_04-0664;STORE_04;CASH-04;2026-08-15 17:53:05;SKU-001;3;45000;0;CASH
REC-20260815-STORE_04-0664;STORE_04;CASH-01;2026-08-15 17:53:05;SKU-050;2;25000;1000;CASH
REC-20260815-STORE_04-0664;STORE_04;CASH-06;2026-08-15 17:53:05;SKU-005;2;5000;500;CASH
REC-20260815-STORE_04-0665;STORE_04;CASH-08;2026-08-15 11:44:04;SKU-001;4;45000;0;CASH
REC-20260815-STORE_04-0665;STORE_04;CASH-03;2026-08-15 11:44:04;SKU-001;2;45000;0;CARD
REC-20260815-STORE_04-0666;STORE_04;CASH-02;2026-08-15 11:30:41;SKU-004;1;25000;500;CARD
REC-20260815-STORE_04-0666;STORE_04;CASH-08;2026-08-15 11:30:41;SKU-008;3;12000;0;CARD
REC-20260815-STORE_04-0666;STORE_04;CASH-01;2026-08-15 11:30:41;SKU-002;1;12000;0;CARD
REC-20260815-STORE_04-0667;STORE_04;CASH-08;2026-08-15 17:21:32;SKU-001;4;45000;500;CARD
REC-20260815-STORE_04-0667;STORE_04;CASH-04;2026-08-15 17:21:32;SKU-001;2;45000;0;CARD
REC-20260815-STORE_04-0667;STORE_04;CASH-10;2026-08-15 17:21:32;SKU-007;3;12000;1000;CARD
REC-20260815-STORE_04-0668;STORE_04;CASH-09;2026-08-15 19:48:32;SKU-045;2;45000;1000;CARD
REC-20260815-STORE_04-0668;STORE_04;CASH-01;2026-08-15 19:48:32;SKU-001;3;45000;1000;CASH
REC-20260815-STORE_04-0668;STORE_04;CASH-04;2026-08-15 19:48:32;SKU-031;2;45000;500;CASH
REC-20260815-STORE_04-0668;STORE_04;CASH-03;2026-08-15 19:48:32;SKU-027;2;5000;0;CASH
REC-20260815-STORE_04-0668;STORE_04;CASH-01;2026-08-15 19:48:32;SKU-001;4;45000;0;CARD
REC-20260815-STORE_04-0669;STORE_04;CASH-03;2026-08-15 15:34:16;SKU-046;4;25000;0;CARD
REC-20260815-STORE_04-0670;STORE_04;CASH-08;2026-08-15 21:43:51;SKU-021;4;5000;1000;CARD
REC-20260815-STORE_04-0670;STORE_04;CASH-01;2026-08-15 21:43:51;SKU-005;3;5000;0;CARD
REC-20260815-STORE_04-0670;STORE_04;CASH-06;2026-08-15 21:43:51;SKU-003;2;45000;500;CARD
REC-20260815-STORE_04-0670;STORE_04;CASH-02;2026-08-15 21:43:51;SKU-035;4;5000;0;CASH
REC-20260815-STORE_04-0671;STORE_04;CASH-09;2026-08-15 9:06:12;SKU-001;3;45000;1000;CARD
REC-20260815-STORE_04-0671;STORE_04;CASH-05;2026-08-15 9:06:12;SKU-007;4;12000;0;CARD
REC-20260815-STORE_04-0671;STORE_04;CASH-08;2026-08-15 9:06:12;SKU-035;4;5000;0;CARD
REC-20260815-STORE_04-0671;STORE_04;CASH-05;2026-08-15 9:06:12;SKU-002;3;12000;0;CARD
REC-20260815-STORE_04-0672;STORE_04;CASH-05;2026-08-15 16:05:05;SKU-001;1;45000;0;CASH
REC-20260815-STORE_04-0673;STORE_04;CASH-06;2026-08-15 9:53:19;SKU-001;3;45000;0;CASH
REC-20260815-STORE_04-0673;STORE_04;CASH-04;2026-08-15 9:53:19;SKU-001;1;45000;500;CARD
REC-20260815-STORE_04-0673;STORE_04;CASH-04;2026-08-15 9:53:19;SKU-009;3;25000;0;CASH
REC-20260815-STORE_04-0673;STORE_04;CASH-04;2026-08-15 9:53:19;SKU-002;1;12000;0;CASH
REC-20260815-STORE_04-0674;STORE_04;CASH-03;2026-08-15 18:34:50;SKU-001;3;45000;0;CARD
REC-20260815-STORE_04-0674;STORE_04;CASH-09;2026-08-15 18:34:50;SKU-014;3;5000;0;CARD
REC-20260815-STORE_04-0675;STORE_04;CASH-06;2026-08-15 14:08:24;SKU-005;1;5000;0;CARD
REC-20260815-STORE_04-0675;STORE_04;CASH-05;2026-08-15 14:08:24;SKU-019;1;25000;0;CARD
REC-20260815-STORE_04-0675;STORE_04;CASH-06;2026-08-15 14:08:24;SKU-004;1;25000;0;CARD
REC-20260815-STORE_04-0676;STORE_04;CASH-10;2026-08-15 20:51:07;SKU-012;4;45000;0;CASH
REC-20260815-STORE_04-0676;STORE_04;CASH-01;2026-08-15 20:51:07;SKU-040;3;25000;0;CASH
REC-20260815-STORE_04-0676;STORE_04;CASH-04;2026-08-15 20:51:07;SKU-007;1;12000;0;CASH
REC-20260815-STORE_04-0676;STORE_04;CASH-09;2026-08-15 20:51:07;SKU-019;1;25000;500;CARD
REC-20260815-STORE_04-0677;STORE_04;CASH-02;2026-08-15 10:17:58;SKU-012;1;45000;1000;CARD
REC-20260815-STORE_04-0678;STORE_04;CASH-07;2026-08-15 10:13:22;SKU-002;1;12000;0;CASH
REC-20260815-STORE_04-0678;STORE_04;CASH-06;2026-08-15 10:13:22;SKU-010;1;25000;0;CARD
REC-20260815-STORE_04-0678;STORE_04;CASH-01;2026-08-15 10:13:22;SKU-024;4;12000;0;CARD
REC-20260815-STORE_04-0679;STORE_04;CASH-08;2026-08-15 16:32:42;SKU-041;3;25000;1000;CARD
REC-20260815-STORE_04-0679;STORE_04;CASH-02;2026-08-15 16:32:42;SKU-012;2;45000;0;CARD
REC-20260815-STORE_04-0679;STORE_04;CASH-01;2026-08-15 16:32:42;SKU-005;3;5000;0;CASH
REC-20260815-STORE_04-0680;STORE_04;CASH-04;2026-08-15 21:36:05;SKU-001;4;45000;0;CARD
REC-20260815-STORE_04-0681;STORE_04;CASH-09;2026-08-15 20:42:01;SKU-027;4;5000;1000;CARD
REC-20260815-STORE_04-0681;STORE_04;CASH-10;2026-08-15 20:42:01;SKU-003;4;45000;1000;CARD
REC-20260815-STORE_04-0682;STORE_04;CASH-07;2026-08-15 10:14:31;SKU-001;2;45000;1000;CARD
REC-20260815-STORE_04-0682;STORE_04;CASH-01;2026-08-15 10:14:31;SKU-026;4;12000;1000;CARD
REC-20260815-STORE_04-0683;STORE_04;CASH-02;2026-08-15 9:06:12;SKU-020;4;12000;0;CARD
REC-20260815-STORE_04-0683;STORE_04;CASH-08;2026-08-15 9:06:12;SKU-005;1;5000;0;CARD
REC-20260815-STORE_04-0683;STORE_04;CASH-01;2026-08-15 9:06:12;SKU-029;2;5000;1000;CASH
REC-20260815-STORE_04-0683;STORE_04;CASH-03;2026-08-15 9:06:12;SKU-005;3;5000;500;CASH
REC-20260815-STORE_04-0683;STORE_04;CASH-09;2026-08-15 9:06:12;SKU-019;3;25000;0;CARD
REC-20260815-STORE_04-0684;STORE_04;CASH-08;2026-08-15 15:12:48;SKU-003;4;45000;500;CARD
REC-20260815-STORE_04-0684;STORE_04;CASH-01;2026-08-15 15:12:48;SKU-001;4;45000;0;CARD
REC-20260815-STORE_04-0684;STORE_04;CASH-10;2026-08-15 15:12:48;SKU-012;3;45000;1000;CARD
REC-20260815-STORE_04-0685;STORE_04;CASH-05;2026-08-15 8:49:30;SKU-022;4;12000;500;CARD
REC-20260815-STORE_04-0685;STORE_04;CASH-07;2026-08-15 8:49:30;SKU-001;2;45000;1000;CARD
REC-20260815-STORE_04-0685;STORE_04;CASH-04;2026-08-15 8:49:30;SKU-003;1;45000;1000;CARD
REC-20260815-STORE_04-0685;STORE_04;CASH-08;2026-08-15 8:49:30;SKU-001;4;45000;500;CARD
REC-20260815-STORE_04-0686;STORE_04;CASH-07;2026-08-15 9:46:34;SKU-013;1;12000;0;CARD
REC-20260815-STORE_04-0686;STORE_04;CASH-09;2026-08-15 9:46:34;SKU-011;1;5000;0;CARD
REC-20260815-STORE_04-0686;STORE_04;CASH-04;2026-08-15 9:46:34;SKU-002;2;12000;1000;CARD
REC-20260815-STORE_04-0687;STORE_04;CASH-06;2026-08-15 14:44:33;SKU-004;2;25000;0;CARD
REC-20260815-STORE_04-0687;STORE_04;CASH-04;2026-08-15 14:44:33;SKU-006;4;45000;0;CARD
REC-20260815-STORE_04-0688;STORE_04;CASH-02;2026-08-15 9:05:15;SKU-002;2;12000;0;CASH
REC-20260815-STORE_04-0688;STORE_04;CASH-05;2026-08-15 9:05:15;SKU-006;4;45000;1000;CASH
REC-20260815-STORE_04-0688;STORE_04;CASH-02;2026-08-15 9:05:15;SKU-001;2;45000;0;CARD
REC-20260815-STORE_04-0688;STORE_04;CASH-02;2026-08-15 9:05:15;SKU-005;2;5000;0;CARD
REC-20260815-STORE_04-0688;STORE_04;CASH-04;2026-08-15 9:05:15;SKU-018;1;5000;0;CARD
REC-20260815-STORE_04-0689;STORE_04;CASH-05;2026-08-15 16:06:17;SKU-001;3;45000;0;CARD
REC-20260815-STORE_04-0689;STORE_04;CASH-10;2026-08-15 16:06:17;SKU-001;2;45000;0;CARD
REC-20260815-STORE_04-0689;STORE_04;CASH-09;2026-08-15 16:06:17;SKU-015;3;5000;1000;CARD
REC-20260815-STORE_04-0689;STORE_04;CASH-01;2026-08-15 16:06:17;SKU-025;3;5000;0;CARD
REC-20260815-STORE_04-0689;STORE_04;CASH-09;2026-08-15 16:06:17;SKU-001;3;45000;1000;CASH
REC-20260815-STORE_04-0690;STORE_04;CASH-03;2026-08-15 18:38:04;SKU-010;1;25000;0;CASH
REC-20260815-STORE_04-0691;STORE_04;CASH-06;2026-08-15 8:27:39;SKU-008;3;12000;500;CASH
REC-20260815-STORE_04-0691;STORE_04;CASH-08;2026-08-15 8:27:39;SKU-001;1;45000;0;CARD
REC-20260815-STORE_04-0691;STORE_04;CASH-05;2026-08-15 8:27:39;SKU-002;1;12000;500;CARD
REC-20260815-STORE_04-0691;STORE_04;CASH-07;2026-08-15 8:27:39;SKU-008;3;12000;0;CASH
REC-20260815-STORE_04-0692;STORE_04;CASH-10;2026-08-15 13:08:40;SKU-012;3;45000;0;CARD
REC-20260815-STORE_04-0692;STORE_04;CASH-10;2026-08-15 13:08:40;SKU-005;3;5000;1000;CARD
REC-20260815-STORE_04-0692;STORE_04;CASH-03;2026-08-15 13:08:40;SKU-032;2;25000;1000;CARD
REC-20260815-STORE_04-0692;STORE_04;CASH-08;2026-08-15 13:08:40;SKU-004;3;25000;1000;CASH
REC-20260815-STORE_04-0692;STORE_04;CASH-03;2026-08-15 13:08:40;SKU-002;1;12000;0;CARD
REC-20260815-STORE_04-0693;STORE_04;CASH-04;2026-08-15 16:38:16;SKU-001;3;45000;0;CASH
REC-20260815-STORE_04-0694;STORE_04;CASH-07;2026-08-15 17:16:08;SKU-013;4;12000;0;CASH
REC-20260815-STORE_04-0694;STORE_04;CASH-06;2026-08-15 17:16:08;SKU-002;3;12000;0;CASH
REC-20260815-STORE_04-0694;STORE_04;CASH-06;2026-08-15 17:16:08;SKU-003;1;45000;0;CARD
REC-20260815-STORE_04-0694;STORE_04;CASH-06;2026-08-15 17:16:08;SKU-001;3;45000;1000;CARD
REC-20260815-STORE_04-0695;STORE_04;CASH-02;2026-08-15 9:57:17;SKU-005;1;5000;500;CARD
REC-20260815-STORE_04-0695;STORE_04;CASH-07;2026-08-15 9:57:17;SKU-001;3;45000;0;CARD
REC-20260815-STORE_04-0695;STORE_04;CASH-09;2026-08-15 9:57:17;SKU-046;3;25000;0;CARD
REC-20260815-STORE_04-0695;STORE_04;CASH-03;2026-08-15 9:57:17;SKU-001;4;45000;0;CARD
REC-20260815-STORE_04-0695;STORE_04;CASH-04;2026-08-15 9:57:17;SKU-024;3;12000;0;CARD
REC-20260815-STORE_04-0696;STORE_04;CASH-09;2026-08-15 9:51:06;SKU-034;1;25000;500;CARD
REC-20260815-STORE_04-0696;STORE_04;CASH-02;2026-08-15 9:51:06;SKU-001;2;45000;0;CARD
REC-20260815-STORE_04-0696;STORE_04;CASH-08;2026-08-15 9:51:06;SKU-023;4;45000;500;CARD
REC-20260815-STORE_04-0696;STORE_04;CASH-05;2026-08-15 9:51:06;SKU-001;4;45000;500;CASH
REC-20260815-STORE_04-0696;STORE_04;CASH-03;2026-08-15 9:51:06;SKU-031;4;45000;0;CARD
REC-20260815-STORE_04-0697;STORE_04;CASH-04;2026-08-15 12:10:00;SKU-007;1;12000;0;CASH
REC-20260815-STORE_04-0698;STORE_04;CASH-03;2026-08-15 13:39:00;SKU-025;4;5000;0;CARD
REC-20260815-STORE_04-0698;STORE_04;CASH-04;2026-08-15 13:39:00;SKU-007;1;12000;500;CARD
REC-20260815-STORE_04-0698;STORE_04;CASH-03;2026-08-15 13:39:00;SKU-017;3;12000;0;CARD
REC-20260815-STORE_04-0698;STORE_04;CASH-03;2026-08-15 13:39:00;SKU-004;3;25000;0;CARD
REC-20260815-STORE_04-0698;STORE_04;CASH-06;2026-08-15 13:39:00;SKU-011;4;5000;0;CASH
REC-20260815-STORE_04-0699;STORE_04;CASH-01;2026-08-15 18:30:39;SKU-037;1;45000;0;CASH
REC-20260815-STORE_04-0699;STORE_04;CASH-07;2026-08-15 18:30:39;SKU-011;1;5000;1000;CARD
REC-20260815-STORE_04-0699;STORE_04;CASH-07;2026-08-15 18:30:39;SKU-036;4;45000;0;CARD
REC-20260815-STORE_04-0699;STORE_04;CASH-09;2026-08-15 18:30:39;SKU-004;3;25000;0;CARD
REC-20260815-STORE_04-0699;STORE_04;CASH-07;2026-08-15 18:30:39;SKU-001;2;45000;1000;CASH
REC-20260815-STORE_04-0700;STORE_04;CASH-08;2026-08-15 10:29:02;SKU-014;4;5000;500;CASH
REC-20260815-STORE_04-0700;STORE_04;CASH-02;2026-08-15 10:29:02;SKU-025;1;5000;500;CARD
REC-20260815-STORE_04-0700;STORE_04;CASH-03;2026-08-15 10:29:02;SKU-011;1;5000;0;CARD
REC-20260815-STORE_04-0700;STORE_04;CASH-07;2026-08-15 10:29:02;SKU-019;4;25000;0;CARD
REC-20260815-STORE_04-0700;STORE_04;CASH-10;2026-08-15 10:29:02;SKU-006;1;45000;500;CARD
REC-20260815-STORE_05-0001;STORE_05;CASH-09;2026-08-15 17:42:31;SKU-040;2;25000;500;CASH
REC-20260815-STORE_05-0002;STORE_05;CASH-08;2026-08-15 14:42:27;SKU-001;3;45000;0;CARD
REC-20260815-STORE_05-0002;STORE_05;CASH-08;2026-08-15 14:42:27;SKU-049;2;5000;0;CARD
REC-20260815-STORE_05-0002;STORE_05;CASH-06;2026-08-15 14:42:27;SKU-001;1;45000;1000;CARD
REC-20260815-STORE_05-0002;STORE_05;CASH-08;2026-08-15 14:42:27;SKU-014;4;5000;0;CASH
REC-20260815-STORE_05-0002;STORE_05;CASH-01;2026-08-15 14:42:27;SKU-050;1;25000;0;CARD
REC-20260815-STORE_05-0003;STORE_05;CASH-08;2026-08-15 8:22:39;SKU-001;2;45000;0;CASH
REC-20260815-STORE_05-0003;STORE_05;CASH-08;2026-08-15 8:22:39;SKU-003;1;45000;0;CARD
REC-20260815-STORE_05-0003;STORE_05;CASH-10;2026-08-15 8:22:39;SKU-047;3;5000;0;CARD
REC-20260815-STORE_05-0003;STORE_05;CASH-06;2026-08-15 8:22:39;SKU-001;2;45000;1000;CARD
REC-20260815-STORE_05-0003;STORE_05;CASH-06;2026-08-15 8:22:39;SKU-001;3;45000;0;CARD
REC-20260815-STORE_05-0004;STORE_05;CASH-10;2026-08-15 10:28:04;SKU-037;1;45000;1000;CASH
REC-20260815-STORE_05-0004;STORE_05;CASH-09;2026-08-15 10:28:04;SKU-001;3;45000;0;CASH
REC-20260815-STORE_05-0004;STORE_05;CASH-04;2026-08-15 10:28:04;SKU-001;3;45000;500;CARD
REC-20260815-STORE_05-0004;STORE_05;CASH-10;2026-08-15 10:28:04;SKU-021;2;5000;0;CARD
REC-20260815-STORE_05-0005;STORE_05;CASH-10;2026-08-15 19:31:48;SKU-025;4;5000;0;CARD
REC-20260815-STORE_05-0005;STORE_05;CASH-10;2026-08-15 19:31:48;SKU-005;2;5000;1000;CARD
REC-20260815-STORE_05-0005;STORE_05;CASH-07;2026-08-15 19:31:48;SKU-001;4;45000;0;CASH
REC-20260815-STORE_05-0005;STORE_05;CASH-10;2026-08-15 19:31:48;SKU-045;2;45000;0;CASH
REC-20260815-STORE_05-0005;STORE_05;CASH-04;2026-08-15 19:31:48;SKU-001;4;45000;1000;CARD
REC-20260815-STORE_05-0006;STORE_05;CASH-01;2026-08-15 8:45:53;SKU-001;3;45000;0;CARD
REC-20260815-STORE_05-0006;STORE_05;CASH-10;2026-08-15 8:45:53;SKU-003;4;45000;0;CASH
REC-20260815-STORE_05-0006;STORE_05;CASH-06;2026-08-15 8:45:53;SKU-005;3;5000;0;CARD
REC-20260815-STORE_05-0007;STORE_05;CASH-10;2026-08-15 14:18:10;SKU-003;1;45000;500;CASH
REC-20260815-STORE_05-0007;STORE_05;CASH-04;2026-08-15 14:18:10;SKU-026;4;12000;0;CARD
REC-20260815-STORE_05-0007;STORE_05;CASH-03;2026-08-15 14:18:10;SKU-001;3;45000;0;CARD
REC-20260815-STORE_05-0007;STORE_05;CASH-10;2026-08-15 14:18:10;SKU-035;3;5000;1000;CARD
REC-20260815-STORE_05-0007;STORE_05;CASH-07;2026-08-15 14:18:10;SKU-007;4;12000;1000;CASH
REC-20260815-STORE_05-0008;STORE_05;CASH-09;2026-08-15 10:48:21;SKU-004;3;25000;500;CARD
REC-20260815-STORE_05-0008;STORE_05;CASH-08;2026-08-15 10:48:21;SKU-006;4;45000;1000;CARD
REC-20260815-STORE_05-0009;STORE_05;CASH-06;2026-08-15 20:14:33;SKU-039;4;5000;0;CARD
REC-20260815-STORE_05-0010;STORE_05;CASH-07;2026-08-15 20:39:02;SKU-016;3;25000;0;CARD
REC-20260815-STORE_05-0010;STORE_05;CASH-01;2026-08-15 20:39:02;SKU-010;2;25000;0;CARD
REC-20260815-STORE_05-0010;STORE_05;CASH-03;2026-08-15 20:39:02;SKU-005;3;5000;1000;CASH
REC-20260815-STORE_05-0010;STORE_05;CASH-06;2026-08-15 20:39:02;SKU-001;2;45000;0;CASH
REC-20260815-STORE_05-0011;STORE_05;CASH-03;2026-08-15 9:14:14;SKU-002;2;12000;500;CARD
REC-20260815-STORE_05-0011;STORE_05;CASH-04;2026-08-15 9:14:14;SKU-001;2;45000;0;CASH
REC-20260815-STORE_05-0011;STORE_05;CASH-09;2026-08-15 9:14:14;SKU-003;4;45000;0;CASH
REC-20260815-STORE_05-0011;STORE_05;CASH-01;2026-08-15 9:14:14;SKU-031;3;45000;0;CARD
REC-20260815-STORE_05-0012;STORE_05;CASH-06;2026-08-15 10:14:37;SKU-001;3;45000;1000;CARD
REC-20260815-STORE_05-0012;STORE_05;CASH-10;2026-08-15 10:14:37;SKU-011;2;5000;0;CARD
REC-20260815-STORE_05-0012;STORE_05;CASH-04;2026-08-15 10:14:37;SKU-004;1;25000;0;CASH
REC-20260815-STORE_05-0013;STORE_05;CASH-04;2026-08-15 10:17:20;SKU-007;3;12000;0;CARD
REC-20260815-STORE_05-0013;STORE_05;CASH-06;2026-08-15 10:17:20;SKU-001;1;45000;0;CASH
REC-20260815-STORE_05-0013;STORE_05;CASH-02;2026-08-15 10:17:20;SKU-001;4;45000;0;CASH
REC-20260815-STORE_05-0013;STORE_05;CASH-04;2026-08-15 10:17:20;SKU-019;4;25000;0;CARD
REC-20260815-STORE_05-0014;STORE_05;CASH-01;2026-08-15 13:32:10;SKU-048;1;25000;0;CARD
REC-20260815-STORE_05-0015;STORE_05;CASH-08;2026-08-15 20:04:38;SKU-044;3;5000;0;CARD
REC-20260815-STORE_05-0015;STORE_05;CASH-04;2026-08-15 20:04:38;SKU-003;2;45000;0;CARD
REC-20260815-STORE_05-0016;STORE_05;CASH-09;2026-08-15 18:08:51;SKU-001;4;45000;0;CASH
REC-20260815-STORE_05-0016;STORE_05;CASH-04;2026-08-15 18:08:51;SKU-002;2;12000;0;CASH
REC-20260815-STORE_05-0017;STORE_05;CASH-06;2026-08-15 15:56:55;SKU-028;3;5000;500;CARD
REC-20260815-STORE_05-0017;STORE_05;CASH-01;2026-08-15 15:56:55;SKU-005;3;5000;0;CASH
REC-20260815-STORE_05-0017;STORE_05;CASH-03;2026-08-15 15:56:55;SKU-001;3;45000;0;CARD
REC-20260815-STORE_05-0017;STORE_05;CASH-07;2026-08-15 15:56:55;SKU-005;1;5000;500;CARD
REC-20260815-STORE_05-0018;STORE_05;CASH-08;2026-08-15 14:17:28;SKU-003;3;45000;0;CASH
REC-20260815-STORE_05-0018;STORE_05;CASH-10;2026-08-15 14:17:28;SKU-002;3;12000;0;CARD
REC-20260815-STORE_05-0019;STORE_05;CASH-06;2026-08-15 18:52:09;SKU-033;1;5000;0;CARD
REC-20260815-STORE_05-0019;STORE_05;CASH-08;2026-08-15 18:52:09;SKU-003;2;45000;0;CARD
REC-20260815-STORE_05-0019;STORE_05;CASH-09;2026-08-15 18:52:09;SKU-011;2;5000;0;CARD
REC-20260815-STORE_05-0020;STORE_05;CASH-01;2026-08-15 16:33:03;SKU-022;4;12000;500;CASH
REC-20260815-STORE_05-0021;STORE_05;CASH-09;2026-08-15 20:39:58;SKU-002;2;12000;0;CARD
REC-20260815-STORE_05-0021;STORE_05;CASH-02;2026-08-15 20:39:58;SKU-004;2;25000;500;CARD
REC-20260815-STORE_05-0021;STORE_05;CASH-06;2026-08-15 20:39:58;SKU-001;3;45000;1000;CARD
REC-20260815-STORE_05-0021;STORE_05;CASH-01;2026-08-15 20:39:58;SKU-002;1;12000;500;CASH
REC-20260815-STORE_05-0022;STORE_05;CASH-08;2026-08-15 9:56:04;SKU-006;1;45000;1000;CARD
REC-20260815-STORE_05-0023;STORE_05;CASH-07;2026-08-15 11:21:14;SKU-016;1;25000;0;CARD
REC-20260815-STORE_05-0023;STORE_05;CASH-01;2026-08-15 11:21:14;SKU-023;2;45000;500;CASH
REC-20260815-STORE_05-0024;STORE_05;CASH-04;2026-08-15 10:42:16;SKU-001;1;45000;500;CARD
REC-20260815-STORE_05-0024;STORE_05;CASH-05;2026-08-15 10:42:16;SKU-017;4;12000;0;CARD
REC-20260815-STORE_05-0025;STORE_05;CASH-09;2026-08-15 8:07:09;SKU-006;1;45000;0;CARD
REC-20260815-STORE_05-0026;STORE_05;CASH-10;2026-08-15 19:31:26;SKU-001;4;45000;0;CASH
REC-20260815-STORE_05-0027;STORE_05;CASH-01;2026-08-15 13:54:55;SKU-001;2;45000;1000;CASH
REC-20260815-STORE_05-0027;STORE_05;CASH-02;2026-08-15 13:54:55;SKU-017;1;12000;500;CARD
REC-20260815-STORE_05-0028;STORE_05;CASH-04;2026-08-15 20:49:54;SKU-001;1;45000;0;CASH
REC-20260815-STORE_05-0029;STORE_05;CASH-01;2026-08-15 13:43:44;SKU-001;4;45000;0;CARD
REC-20260815-STORE_05-0029;STORE_05;CASH-09;2026-08-15 13:43:44;SKU-006;4;45000;0;CASH
REC-20260815-STORE_05-0029;STORE_05;CASH-02;2026-08-15 13:43:44;SKU-001;3;45000;0;CASH
REC-20260815-STORE_05-0030;STORE_05;CASH-07;2026-08-15 9:55:55;SKU-001;1;45000;1000;CASH
REC-20260815-STORE_05-0030;STORE_05;CASH-09;2026-08-15 9:55:55;SKU-006;3;45000;0;CARD
REC-20260815-STORE_05-0030;STORE_05;CASH-06;2026-08-15 9:55:55;SKU-033;3;5000;1000;CARD
REC-20260815-STORE_05-0031;STORE_05;CASH-06;2026-08-15 16:01:21;SKU-050;3;25000;1000;CASH
REC-20260815-STORE_05-0031;STORE_05;CASH-05;2026-08-15 16:01:21;SKU-034;2;25000;0;CASH
REC-20260815-STORE_05-0031;STORE_05;CASH-04;2026-08-15 16:01:21;SKU-025;1;5000;500;CARD
REC-20260815-STORE_05-0031;STORE_05;CASH-01;2026-08-15 16:01:21;SKU-035;1;5000;1000;CASH
REC-20260815-STORE_05-0032;STORE_05;CASH-01;2026-08-15 10:15:50;SKU-002;1;12000;0;CASH
REC-20260815-STORE_05-0032;STORE_05;CASH-01;2026-08-15 10:15:50;SKU-001;4;45000;0;CASH
REC-20260815-STORE_05-0032;STORE_05;CASH-10;2026-08-15 10:15:50;SKU-012;2;45000;500;CARD
REC-20260815-STORE_05-0033;STORE_05;CASH-10;2026-08-15 16:41:29;SKU-020;2;12000;0;CARD
REC-20260815-STORE_05-0034;STORE_05;CASH-10;2026-08-15 14:44:19;SKU-003;3;45000;0;CARD
REC-20260815-STORE_05-0035;STORE_05;CASH-01;2026-08-15 16:55:39;SKU-024;2;12000;0;CARD
REC-20260815-STORE_05-0035;STORE_05;CASH-06;2026-08-15 16:55:39;SKU-020;1;12000;0;CARD
REC-20260815-STORE_05-0035;STORE_05;CASH-03;2026-08-15 16:55:39;SKU-002;1;12000;0;CARD
REC-20260815-STORE_05-0035;STORE_05;CASH-04;2026-08-15 16:55:39;SKU-049;2;5000;0;CARD
REC-20260815-STORE_05-0036;STORE_05;CASH-01;2026-08-15 12:13:09;SKU-001;3;45000;0;CARD
REC-20260815-STORE_05-0036;STORE_05;CASH-05;2026-08-15 12:13:09;SKU-001;2;45000;500;CARD
REC-20260815-STORE_05-0036;STORE_05;CASH-03;2026-08-15 12:13:09;SKU-023;4;45000;0;CARD
REC-20260815-STORE_05-0036;STORE_05;CASH-01;2026-08-15 12:13:09;SKU-012;3;45000;500;CARD
REC-20260815-STORE_05-0037;STORE_05;CASH-07;2026-08-15 9:10:02;SKU-002;1;12000;0;CARD
REC-20260815-STORE_05-0037;STORE_05;CASH-01;2026-08-15 9:10:02;SKU-046;3;25000;500;CARD
REC-20260815-STORE_05-0037;STORE_05;CASH-09;2026-08-15 9:10:02;SKU-044;1;5000;500;CASH
REC-20260815-STORE_05-0037;STORE_05;CASH-05;2026-08-15 9:10:02;SKU-003;3;45000;1000;CARD
REC-20260815-STORE_05-0037;STORE_05;CASH-07;2026-08-15 9:10:02;SKU-001;1;45000;0;CARD
REC-20260815-STORE_05-0038;STORE_05;CASH-05;2026-08-15 16:04:32;SKU-001;4;45000;0;CARD
REC-20260815-STORE_05-0038;STORE_05;CASH-03;2026-08-15 16:04:32;SKU-022;3;12000;0;CASH
REC-20260815-STORE_05-0038;STORE_05;CASH-06;2026-08-15 16:04:32;SKU-015;3;5000;1000;CARD
REC-20260815-STORE_05-0038;STORE_05;CASH-07;2026-08-15 16:04:32;SKU-002;1;12000;0;CARD
REC-20260815-STORE_05-0038;STORE_05;CASH-07;2026-08-15 16:04:32;SKU-001;2;45000;500;CARD
REC-20260815-STORE_05-0039;STORE_05;CASH-05;2026-08-15 16:05:57;SKU-014;4;5000;1000;CASH
REC-20260815-STORE_05-0039;STORE_05;CASH-10;2026-08-15 16:05:57;SKU-024;2;12000;0;CARD
REC-20260815-STORE_05-0039;STORE_05;CASH-02;2026-08-15 16:05:57;SKU-003;3;45000;1000;CASH
REC-20260815-STORE_05-0039;STORE_05;CASH-04;2026-08-15 16:05:57;SKU-002;2;12000;1000;CARD
REC-20260815-STORE_05-0040;STORE_05;CASH-03;2026-08-15 8:45:20;SKU-003;4;45000;0;CARD
REC-20260815-STORE_05-0040;STORE_05;CASH-06;2026-08-15 8:45:20;SKU-003;3;45000;0;CASH
REC-20260815-STORE_05-0041;STORE_05;CASH-04;2026-08-15 17:18:35;SKU-001;1;45000;0;CARD
REC-20260815-STORE_05-0041;STORE_05;CASH-07;2026-08-15 17:18:35;SKU-001;2;45000;1000;CARD
REC-20260815-STORE_05-0041;STORE_05;CASH-09;2026-08-15 17:18:35;SKU-007;1;12000;0;CARD
REC-20260815-STORE_05-0042;STORE_05;CASH-08;2026-08-15 20:13:16;SKU-003;2;45000;0;CARD
REC-20260815-STORE_05-0042;STORE_05;CASH-02;2026-08-15 20:13:16;SKU-007;1;12000;0;CARD
REC-20260815-STORE_05-0042;STORE_05;CASH-05;2026-08-15 20:13:16;SKU-011;4;5000;1000;CASH
REC-20260815-STORE_05-0042;STORE_05;CASH-03;2026-08-15 20:13:16;SKU-006;2;45000;0;CASH
REC-20260815-STORE_05-0043;STORE_05;CASH-09;2026-08-15 19:59:03;SKU-011;3;5000;0;CARD
REC-20260815-STORE_05-0043;STORE_05;CASH-09;2026-08-15 19:59:03;SKU-042;2;5000;1000;CARD
REC-20260815-STORE_05-0043;STORE_05;CASH-01;2026-08-15 19:59:03;SKU-027;1;5000;0;CARD
REC-20260815-STORE_05-0044;STORE_05;CASH-03;2026-08-15 16:03:21;SKU-002;3;12000;0;CARD
REC-20260815-STORE_05-0044;STORE_05;CASH-08;2026-08-15 16:03:21;SKU-021;4;5000;0;CARD
REC-20260815-STORE_05-0045;STORE_05;CASH-05;2026-08-15 13:18:39;SKU-002;3;12000;500;CASH
REC-20260815-STORE_05-0045;STORE_05;CASH-06;2026-08-15 13:18:39;SKU-003;1;45000;1000;CARD
REC-20260815-STORE_05-0045;STORE_05;CASH-09;2026-08-15 13:18:39;SKU-002;1;12000;1000;CASH
REC-20260815-STORE_05-0046;STORE_05;CASH-05;2026-08-15 20:30:37;SKU-011;2;5000;0;CARD
REC-20260815-STORE_05-0046;STORE_05;CASH-09;2026-08-15 20:30:37;SKU-001;3;45000;0;CASH
REC-20260815-STORE_05-0046;STORE_05;CASH-06;2026-08-15 20:30:37;SKU-028;4;5000;1000;CARD
REC-20260815-STORE_05-0046;STORE_05;CASH-03;2026-08-15 20:30:37;SKU-022;3;12000;0;CARD
REC-20260815-STORE_05-0047;STORE_05;CASH-09;2026-08-15 16:54:51;SKU-027;2;5000;500;CASH
REC-20260815-STORE_05-0048;STORE_05;CASH-02;2026-08-15 19:01:51;SKU-006;4;45000;0;CARD
REC-20260815-STORE_05-0048;STORE_05;CASH-02;2026-08-15 19:01:51;SKU-038;3;12000;0;CARD
REC-20260815-STORE_05-0049;STORE_05;CASH-10;2026-08-15 17:29:25;SKU-002;4;12000;0;CARD
REC-20260815-STORE_05-0049;STORE_05;CASH-07;2026-08-15 17:29:25;SKU-001;2;45000;0;CARD
REC-20260815-STORE_05-0049;STORE_05;CASH-01;2026-08-15 17:29:25;SKU-001;1;45000;0;CASH
REC-20260815-STORE_05-0049;STORE_05;CASH-07;2026-08-15 17:29:25;SKU-022;3;12000;0;CARD
REC-20260815-STORE_05-0049;STORE_05;CASH-05;2026-08-15 17:29:25;SKU-002;1;12000;0;CARD
REC-20260815-STORE_05-0050;STORE_05;CASH-01;2026-08-15 9:44:59;SKU-012;3;45000;0;CARD
REC-20260815-STORE_05-0050;STORE_05;CASH-01;2026-08-15 9:44:59;SKU-010;2;25000;500;CARD
REC-20260815-STORE_05-0050;STORE_05;CASH-10;2026-08-15 9:44:59;SKU-008;4;12000;0;CARD
REC-20260815-STORE_05-0051;STORE_05;CASH-09;2026-08-15 10:13:32;SKU-040;3;25000;0;CASH
REC-20260815-STORE_05-0052;STORE_05;CASH-10;2026-08-15 11:24:57;SKU-001;4;45000;0;CARD
REC-20260815-STORE_05-0052;STORE_05;CASH-02;2026-08-15 11:24:57;SKU-001;2;45000;0;CASH
REC-20260815-STORE_05-0053;STORE_05;CASH-09;2026-08-15 15:34:14;SKU-013;3;12000;500;CARD
REC-20260815-STORE_05-0053;STORE_05;CASH-10;2026-08-15 15:34:14;SKU-001;2;45000;500;CARD
REC-20260815-STORE_05-0053;STORE_05;CASH-03;2026-08-15 15:34:14;SKU-001;3;45000;0;CASH
REC-20260815-STORE_05-0053;STORE_05;CASH-04;2026-08-15 15:34:14;SKU-006;1;45000;0;CARD
REC-20260815-STORE_05-0054;STORE_05;CASH-07;2026-08-15 17:56:39;SKU-003;4;45000;0;CARD
REC-20260815-STORE_05-0054;STORE_05;CASH-07;2026-08-15 17:56:39;SKU-018;4;5000;0;CARD
REC-20260815-STORE_05-0054;STORE_05;CASH-01;2026-08-15 17:56:39;SKU-002;2;12000;500;CARD
REC-20260815-STORE_05-0055;STORE_05;CASH-06;2026-08-15 20:45:56;SKU-001;4;45000;0;CARD
REC-20260815-STORE_05-0055;STORE_05;CASH-02;2026-08-15 20:45:56;SKU-025;2;5000;0;CASH
REC-20260815-STORE_05-0055;STORE_05;CASH-07;2026-08-15 20:45:56;SKU-008;3;12000;0;CARD
REC-20260815-STORE_05-0055;STORE_05;CASH-02;2026-08-15 20:45:56;SKU-004;3;25000;1000;CARD
REC-20260815-STORE_05-0056;STORE_05;CASH-07;2026-08-15 15:27:25;SKU-002;3;12000;0;CARD
REC-20260815-STORE_05-0056;STORE_05;CASH-10;2026-08-15 15:27:25;SKU-001;4;45000;0;CASH
REC-20260815-STORE_05-0057;STORE_05;CASH-10;2026-08-15 18:41:04;SKU-001;2;45000;1000;CARD
REC-20260815-STORE_05-0057;STORE_05;CASH-02;2026-08-15 18:41:04;SKU-001;4;45000;0;CASH
REC-20260815-STORE_05-0058;STORE_05;CASH-09;2026-08-15 18:28:48;SKU-022;3;12000;500;CASH
REC-20260815-STORE_05-0058;STORE_05;CASH-09;2026-08-15 18:28:48;SKU-002;3;12000;0;CARD
REC-20260815-STORE_05-0059;STORE_05;CASH-03;2026-08-15 19:01:23;SKU-046;1;25000;500;CASH
REC-20260815-STORE_05-0059;STORE_05;CASH-06;2026-08-15 19:01:23;SKU-001;4;45000;0;CARD
REC-20260815-STORE_05-0059;STORE_05;CASH-10;2026-08-15 19:01:23;SKU-037;3;45000;0;CARD
REC-20260815-STORE_05-0059;STORE_05;CASH-02;2026-08-15 19:01:23;SKU-001;2;45000;1000;CARD
REC-20260815-STORE_05-0059;STORE_05;CASH-03;2026-08-15 19:01:23;SKU-007;2;12000;0;CARD
REC-20260815-STORE_05-0060;STORE_05;CASH-02;2026-08-15 10:11:20;SKU-005;2;5000;1000;CARD
REC-20260815-STORE_05-0060;STORE_05;CASH-05;2026-08-15 10:11:20;SKU-003;4;45000;0;CARD
REC-20260815-STORE_05-0061;STORE_05;CASH-03;2026-08-15 20:49:09;SKU-039;4;5000;500;CASH
REC-20260815-STORE_05-0061;STORE_05;CASH-03;2026-08-15 20:49:09;SKU-008;4;12000;0;CASH
REC-20260815-STORE_05-0061;STORE_05;CASH-07;2026-08-15 20:49:09;SKU-003;2;45000;500;CARD
REC-20260815-STORE_05-0061;STORE_05;CASH-05;2026-08-15 20:49:09;SKU-005;3;5000;500;CARD
REC-20260815-STORE_05-0061;STORE_05;CASH-03;2026-08-15 20:49:09;SKU-002;3;12000;0;CARD
REC-20260815-STORE_05-0062;STORE_05;CASH-10;2026-08-15 18:29:43;SKU-014;3;5000;500;CASH
REC-20260815-STORE_05-0062;STORE_05;CASH-01;2026-08-15 18:29:43;SKU-022;1;12000;0;CARD
REC-20260815-STORE_05-0062;STORE_05;CASH-02;2026-08-15 18:29:43;SKU-003;4;45000;1000;CASH
REC-20260815-STORE_05-0062;STORE_05;CASH-03;2026-08-15 18:29:43;SKU-006;4;45000;0;CARD
REC-20260815-STORE_05-0063;STORE_05;CASH-03;2026-08-15 13:18:40;SKU-024;4;12000;0;CASH
REC-20260815-STORE_05-0063;STORE_05;CASH-06;2026-08-15 13:18:40;SKU-002;1;12000;0;CASH
REC-20260815-STORE_05-0063;STORE_05;CASH-01;2026-08-15 13:18:40;SKU-006;4;45000;1000;CARD
REC-20260815-STORE_05-0064;STORE_05;CASH-06;2026-08-15 10:00:10;SKU-027;4;5000;1000;CARD
REC-20260815-STORE_05-0064;STORE_05;CASH-10;2026-08-15 10:00:10;SKU-005;4;5000;0;CARD
REC-20260815-STORE_05-0064;STORE_05;CASH-04;2026-08-15 10:00:10;SKU-001;4;45000;0;CARD
REC-20260815-STORE_05-0065;STORE_05;CASH-04;2026-08-15 10:17:53;SKU-003;1;45000;1000;CARD
REC-20260815-STORE_05-0066;STORE_05;CASH-06;2026-08-15 12:27:59;SKU-001;3;45000;0;CARD
REC-20260815-STORE_05-0066;STORE_05;CASH-06;2026-08-15 12:27:59;SKU-013;2;12000;0;CARD
REC-20260815-STORE_05-0067;STORE_05;CASH-04;2026-08-15 11:27:08;SKU-005;3;5000;0;CASH
REC-20260815-STORE_05-0067;STORE_05;CASH-02;2026-08-15 11:27:08;SKU-002;3;12000;500;CARD
REC-20260815-STORE_05-0067;STORE_05;CASH-06;2026-08-15 11:27:08;SKU-050;2;25000;0;CARD
REC-20260815-STORE_05-0068;STORE_05;CASH-05;2026-08-15 9:53:27;SKU-012;4;45000;500;CARD
REC-20260815-STORE_05-0068;STORE_05;CASH-07;2026-08-15 9:53:27;SKU-037;1;45000;0;CASH
REC-20260815-STORE_05-0068;STORE_05;CASH-03;2026-08-15 9:53:27;SKU-001;1;45000;1000;CARD
REC-20260815-STORE_05-0069;STORE_05;CASH-01;2026-08-15 9:51:09;SKU-033;2;5000;0;CASH
REC-20260815-STORE_05-0069;STORE_05;CASH-05;2026-08-15 9:51:09;SKU-001;4;45000;1000;CASH
REC-20260815-STORE_05-0069;STORE_05;CASH-01;2026-08-15 9:51:09;SKU-002;3;12000;500;CASH
REC-20260815-STORE_05-0069;STORE_05;CASH-10;2026-08-15 9:51:09;SKU-001;4;45000;500;CASH
REC-20260815-STORE_05-0070;STORE_05;CASH-07;2026-08-15 9:11:51;SKU-005;3;5000;0;CARD
REC-20260815-STORE_05-0070;STORE_05;CASH-07;2026-08-15 9:11:51;SKU-009;3;25000;0;CASH
REC-20260815-STORE_05-0071;STORE_05;CASH-03;2026-08-15 15:08:41;SKU-015;2;5000;0;CASH
REC-20260815-STORE_05-0072;STORE_05;CASH-06;2026-08-15 13:19:32;SKU-001;1;45000;0;CARD
REC-20260815-STORE_05-0072;STORE_05;CASH-07;2026-08-15 13:19:32;SKU-021;1;5000;0;CARD
REC-20260815-STORE_05-0072;STORE_05;CASH-01;2026-08-15 13:19:32;SKU-001;4;45000;0;CARD
REC-20260815-STORE_05-0073;STORE_05;CASH-09;2026-08-15 11:31:02;SKU-017;3;12000;0;CASH
REC-20260815-STORE_05-0073;STORE_05;CASH-04;2026-08-15 11:31:02;SKU-040;2;25000;1000;CARD
REC-20260815-STORE_05-0073;STORE_05;CASH-03;2026-08-15 11:31:02;SKU-025;3;5000;0;CARD
REC-20260815-STORE_05-0073;STORE_05;CASH-06;2026-08-15 11:31:02;SKU-002;3;12000;500;CARD
REC-20260815-STORE_05-0074;STORE_05;CASH-08;2026-08-15 20:00:05;SKU-009;1;25000;0;CARD
REC-20260815-STORE_05-0074;STORE_05;CASH-10;2026-08-15 20:00:05;SKU-004;4;25000;1000;CARD
REC-20260815-STORE_05-0074;STORE_05;CASH-09;2026-08-15 20:00:05;SKU-003;4;45000;500;CARD
REC-20260815-STORE_05-0074;STORE_05;CASH-10;2026-08-15 20:00:05;SKU-001;2;45000;1000;CARD
REC-20260815-STORE_05-0075;STORE_05;CASH-01;2026-08-15 16:03:50;SKU-001;2;45000;0;CASH
REC-20260815-STORE_05-0075;STORE_05;CASH-04;2026-08-15 16:03:50;SKU-005;2;5000;0;CARD
REC-20260815-STORE_05-0075;STORE_05;CASH-07;2026-08-15 16:03:50;SKU-003;3;45000;0;CASH
REC-20260815-STORE_05-0075;STORE_05;CASH-07;2026-08-15 16:03:50;SKU-003;3;45000;1000;CASH
REC-20260815-STORE_05-0075;STORE_05;CASH-02;2026-08-15 16:03:50;SKU-014;1;5000;500;CARD
REC-20260815-STORE_05-0076;STORE_05;CASH-03;2026-08-15 12:48:29;SKU-010;1;25000;0;CARD
REC-20260815-STORE_05-0076;STORE_05;CASH-02;2026-08-15 12:48:29;SKU-003;3;45000;0;CARD
REC-20260815-STORE_05-0076;STORE_05;CASH-10;2026-08-15 12:48:29;SKU-001;2;45000;0;CARD
REC-20260815-STORE_05-0076;STORE_05;CASH-10;2026-08-15 12:48:29;SKU-006;1;45000;1000;CARD
REC-20260815-STORE_05-0077;STORE_05;CASH-06;2026-08-15 8:24:19;SKU-016;2;25000;1000;CARD
REC-20260815-STORE_05-0077;STORE_05;CASH-01;2026-08-15 8:24:19;SKU-001;2;45000;1000;CARD
REC-20260815-STORE_05-0077;STORE_05;CASH-04;2026-08-15 8:24:19;SKU-048;4;25000;0;CASH
REC-20260815-STORE_05-0078;STORE_05;CASH-09;2026-08-15 19:28:43;SKU-001;1;45000;0;CARD
REC-20260815-STORE_05-0078;STORE_05;CASH-09;2026-08-15 19:28:43;SKU-002;1;12000;500;CASH
REC-20260815-STORE_05-0079;STORE_05;CASH-03;2026-08-15 21:55:03;SKU-020;4;12000;500;CARD
REC-20260815-STORE_05-0079;STORE_05;CASH-05;2026-08-15 21:55:03;SKU-023;2;45000;1000;CARD
REC-20260815-STORE_05-0080;STORE_05;CASH-10;2026-08-15 21:10:45;SKU-012;2;45000;1000;CASH
REC-20260815-STORE_05-0080;STORE_05;CASH-01;2026-08-15 21:10:45;SKU-001;4;45000;0;CASH
REC-20260815-STORE_05-0081;STORE_05;CASH-08;2026-08-15 20:08:05;SKU-034;2;25000;1000;CARD
REC-20260815-STORE_05-0082;STORE_05;CASH-06;2026-08-15 11:17:32;SKU-001;3;45000;0;CASH
REC-20260815-STORE_05-0082;STORE_05;CASH-01;2026-08-15 11:17:32;SKU-015;1;5000;500;CARD
REC-20260815-STORE_05-0082;STORE_05;CASH-10;2026-08-15 11:17:32;SKU-001;4;45000;0;CARD
REC-20260815-STORE_05-0082;STORE_05;CASH-02;2026-08-15 11:17:32;SKU-008;4;12000;500;CARD
REC-20260815-STORE_05-0082;STORE_05;CASH-07;2026-08-15 11:17:32;SKU-003;4;45000;0;CARD
REC-20260815-STORE_05-0083;STORE_05;CASH-02;2026-08-15 17:16:28;SKU-002;4;12000;500;CARD
REC-20260815-STORE_05-0083;STORE_05;CASH-02;2026-08-15 17:16:28;SKU-003;2;45000;500;CARD
REC-20260815-STORE_05-0083;STORE_05;CASH-02;2026-08-15 17:16:28;SKU-005;3;5000;500;CASH
REC-20260815-STORE_05-0084;STORE_05;CASH-05;2026-08-15 13:40:05;SKU-002;2;12000;0;CARD
REC-20260815-STORE_05-0085;STORE_05;CASH-08;2026-08-15 13:40:03;SKU-005;2;5000;0;CARD
REC-20260815-STORE_05-0085;STORE_05;CASH-03;2026-08-15 13:40:03;SKU-001;4;45000;0;CASH
REC-20260815-STORE_05-0085;STORE_05;CASH-02;2026-08-15 13:40:03;SKU-036;3;45000;1000;CASH
REC-20260815-STORE_05-0086;STORE_05;CASH-07;2026-08-15 11:35:22;SKU-003;1;45000;0;CARD
REC-20260815-STORE_05-0087;STORE_05;CASH-08;2026-08-15 20:43:46;SKU-001;3;45000;0;CASH
REC-20260815-STORE_05-0087;STORE_05;CASH-07;2026-08-15 20:43:46;SKU-001;2;45000;0;CARD
REC-20260815-STORE_05-0087;STORE_05;CASH-07;2026-08-15 20:43:46;SKU-002;2;12000;1000;CASH
REC-20260815-STORE_05-0087;STORE_05;CASH-04;2026-08-15 20:43:46;SKU-001;3;45000;0;CARD
REC-20260815-STORE_05-0088;STORE_05;CASH-08;2026-08-15 14:24:30;SKU-004;3;25000;1000;CARD
REC-20260815-STORE_05-0088;STORE_05;CASH-07;2026-08-15 14:24:30;SKU-002;3;12000;0;CARD
REC-20260815-STORE_05-0088;STORE_05;CASH-10;2026-08-15 14:24:30;SKU-001;4;45000;0;CARD
REC-20260815-STORE_05-0088;STORE_05;CASH-10;2026-08-15 14:24:30;SKU-015;3;5000;0;CARD
REC-20260815-STORE_05-0089;STORE_05;CASH-03;2026-08-15 11:57:04;SKU-001;3;45000;0;CARD
REC-20260815-STORE_05-0089;STORE_05;CASH-01;2026-08-15 11:57:04;SKU-001;2;45000;0;CARD
REC-20260815-STORE_05-0089;STORE_05;CASH-05;2026-08-15 11:57:04;SKU-018;2;5000;1000;CARD
REC-20260815-STORE_05-0089;STORE_05;CASH-03;2026-08-15 11:57:04;SKU-046;3;25000;0;CASH
REC-20260815-STORE_05-0089;STORE_05;CASH-02;2026-08-15 11:57:04;SKU-002;2;12000;1000;CARD
REC-20260815-STORE_05-0090;STORE_05;CASH-02;2026-08-15 9:33:35;SKU-013;1;12000;500;CARD
REC-20260815-STORE_05-0090;STORE_05;CASH-05;2026-08-15 9:33:35;SKU-002;1;12000;500;CARD
REC-20260815-STORE_05-0091;STORE_05;CASH-06;2026-08-15 8:43:48;SKU-028;2;5000;0;CARD
REC-20260815-STORE_05-0091;STORE_05;CASH-07;2026-08-15 8:43:48;SKU-001;4;45000;0;CASH
REC-20260815-STORE_05-0092;STORE_05;CASH-04;2026-08-15 17:38:14;SKU-017;4;12000;0;CASH
REC-20260815-STORE_05-0092;STORE_05;CASH-03;2026-08-15 17:38:14;SKU-023;2;45000;0;CASH
REC-20260815-STORE_05-0092;STORE_05;CASH-09;2026-08-15 17:38:14;SKU-034;4;25000;500;CASH
REC-20260815-STORE_05-0092;STORE_05;CASH-05;2026-08-15 17:38:14;SKU-016;1;25000;0;CARD
REC-20260815-STORE_05-0092;STORE_05;CASH-10;2026-08-15 17:38:14;SKU-049;4;5000;0;CASH
REC-20260815-STORE_05-0093;STORE_05;CASH-03;2026-08-15 9:33:37;SKU-001;3;45000;1000;CARD
REC-20260815-STORE_05-0094;STORE_05;CASH-02;2026-08-15 14:40:34;SKU-002;3;12000;0;CASH
REC-20260815-STORE_05-0095;STORE_05;CASH-04;2026-08-15 18:33:07;SKU-002;1;12000;1000;CARD
REC-20260815-STORE_05-0095;STORE_05;CASH-06;2026-08-15 18:33:07;SKU-008;4;12000;500;CASH
REC-20260815-STORE_05-0096;STORE_05;CASH-01;2026-08-15 18:55:11;SKU-005;3;5000;500;CASH
REC-20260815-STORE_05-0096;STORE_05;CASH-10;2026-08-15 18:55:11;SKU-005;3;5000;0;CASH
REC-20260815-STORE_05-0096;STORE_05;CASH-03;2026-08-15 18:55:11;SKU-001;2;45000;0;CARD
REC-20260815-STORE_05-0096;STORE_05;CASH-10;2026-08-15 18:55:11;SKU-029;3;5000;500;CARD
REC-20260815-STORE_05-0096;STORE_05;CASH-01;2026-08-15 18:55:11;SKU-004;3;25000;1000;CARD
REC-20260815-STORE_05-0097;STORE_05;CASH-04;2026-08-15 17:33:36;SKU-009;3;25000;0;CASH
REC-20260815-STORE_05-0098;STORE_05;CASH-04;2026-08-15 17:39:58;SKU-019;2;25000;0;CARD
REC-20260815-STORE_05-0098;STORE_05;CASH-10;2026-08-15 17:39:58;SKU-018;4;5000;500;CARD
REC-20260815-STORE_05-0098;STORE_05;CASH-09;2026-08-15 17:39:58;SKU-050;4;25000;0;CARD
REC-20260815-STORE_05-0099;STORE_05;CASH-02;2026-08-15 15:33:06;SKU-022;4;12000;0;CARD
REC-20260815-STORE_05-0099;STORE_05;CASH-04;2026-08-15 15:33:06;SKU-021;1;5000;1000;CARD
REC-20260815-STORE_05-0099;STORE_05;CASH-01;2026-08-15 15:33:06;SKU-009;3;25000;1000;CARD
REC-20260815-STORE_05-0099;STORE_05;CASH-02;2026-08-15 15:33:06;SKU-016;3;25000;500;CARD
REC-20260815-STORE_05-0099;STORE_05;CASH-10;2026-08-15 15:33:06;SKU-002;2;12000;1000;CARD
REC-20260815-STORE_05-0100;STORE_05;CASH-08;2026-08-15 13:09:11;SKU-026;3;12000;500;CASH
REC-20260815-STORE_05-0100;STORE_05;CASH-08;2026-08-15 13:09:11;SKU-010;3;25000;500;CARD
REC-20260815-STORE_05-0100;STORE_05;CASH-09;2026-08-15 13:09:11;SKU-035;3;5000;500;CARD
REC-20260815-STORE_05-0101;STORE_05;CASH-07;2026-08-15 14:11:09;SKU-004;2;25000;0;CASH
REC-20260815-STORE_05-0101;STORE_05;CASH-06;2026-08-15 14:11:09;SKU-013;3;12000;500;CARD
REC-20260815-STORE_05-0101;STORE_05;CASH-09;2026-08-15 14:11:09;SKU-001;3;45000;1000;CASH
REC-20260815-STORE_05-0101;STORE_05;CASH-02;2026-08-15 14:11:09;SKU-003;4;45000;1000;CASH
REC-20260815-STORE_05-0101;STORE_05;CASH-04;2026-08-15 14:11:09;SKU-001;2;45000;1000;CARD
REC-20260815-STORE_05-0102;STORE_05;CASH-01;2026-08-15 13:36:15;SKU-002;1;12000;0;CASH
REC-20260815-STORE_05-0102;STORE_05;CASH-05;2026-08-15 13:36:15;SKU-005;2;5000;0;CARD
REC-20260815-STORE_05-0102;STORE_05;CASH-09;2026-08-15 13:36:15;SKU-005;3;5000;500;CARD
REC-20260815-STORE_05-0102;STORE_05;CASH-05;2026-08-15 13:36:15;SKU-007;4;12000;0;CASH
REC-20260815-STORE_05-0102;STORE_05;CASH-07;2026-08-15 13:36:15;SKU-008;1;12000;0;CARD
REC-20260815-STORE_05-0103;STORE_05;CASH-10;2026-08-15 15:30:21;SKU-032;4;25000;500;CARD
REC-20260815-STORE_05-0104;STORE_05;CASH-06;2026-08-15 10:42:09;SKU-004;4;25000;0;CARD
REC-20260815-STORE_05-0104;STORE_05;CASH-05;2026-08-15 10:42:09;SKU-002;4;12000;500;CARD
REC-20260815-STORE_05-0104;STORE_05;CASH-10;2026-08-15 10:42:09;SKU-004;3;25000;500;CARD
REC-20260815-STORE_05-0105;STORE_05;CASH-04;2026-08-15 21:07:02;SKU-002;4;12000;0;CASH
REC-20260815-STORE_05-0106;STORE_05;CASH-10;2026-08-15 9:58:27;SKU-002;1;12000;0;CASH
REC-20260815-STORE_05-0107;STORE_05;CASH-09;2026-08-15 15:06:55;SKU-004;4;25000;500;CARD
REC-20260815-STORE_05-0107;STORE_05;CASH-01;2026-08-15 15:06:55;SKU-003;4;45000;0;CASH
REC-20260815-STORE_05-0108;STORE_05;CASH-10;2026-08-15 13:51:58;SKU-006;1;45000;500;CARD
REC-20260815-STORE_05-0109;STORE_05;CASH-03;2026-08-15 21:58:32;SKU-036;4;45000;0;CARD
REC-20260815-STORE_05-0110;STORE_05;CASH-01;2026-08-15 14:40:43;SKU-005;2;5000;500;CASH
REC-20260815-STORE_05-0110;STORE_05;CASH-10;2026-08-15 14:40:43;SKU-001;2;45000;0;CASH
REC-20260815-STORE_05-0110;STORE_05;CASH-04;2026-08-15 14:40:43;SKU-003;2;45000;0;CARD
REC-20260815-STORE_05-0110;STORE_05;CASH-10;2026-08-15 14:40:43;SKU-003;4;45000;0;CARD
REC-20260815-STORE_05-0110;STORE_05;CASH-01;2026-08-15 14:40:43;SKU-010;1;25000;500;CARD
REC-20260815-STORE_05-0111;STORE_05;CASH-04;2026-08-15 8:02:37;SKU-013;1;12000;0;CARD
REC-20260815-STORE_05-0111;STORE_05;CASH-10;2026-08-15 8:02:37;SKU-013;4;12000;0;CASH
REC-20260815-STORE_05-0111;STORE_05;CASH-09;2026-08-15 8:02:37;SKU-003;3;45000;1000;CASH
REC-20260815-STORE_05-0111;STORE_05;CASH-06;2026-08-15 8:02:37;SKU-004;3;25000;0;CARD
REC-20260815-STORE_05-0111;STORE_05;CASH-07;2026-08-15 8:02:37;SKU-001;3;45000;1000;CASH
REC-20260815-STORE_05-0112;STORE_05;CASH-04;2026-08-15 18:50:37;SKU-013;4;12000;1000;CARD
REC-20260815-STORE_05-0112;STORE_05;CASH-10;2026-08-15 18:50:37;SKU-018;3;5000;500;CASH
REC-20260815-STORE_05-0112;STORE_05;CASH-08;2026-08-15 18:50:37;SKU-003;4;45000;0;CARD
REC-20260815-STORE_05-0113;STORE_05;CASH-09;2026-08-15 15:46:50;SKU-004;1;25000;0;CARD
REC-20260815-STORE_05-0113;STORE_05;CASH-03;2026-08-15 15:46:50;SKU-035;3;5000;0;CASH
REC-20260815-STORE_05-0113;STORE_05;CASH-03;2026-08-15 15:46:50;SKU-001;4;45000;1000;CARD
REC-20260815-STORE_05-0113;STORE_05;CASH-10;2026-08-15 15:46:50;SKU-001;4;45000;0;CASH
REC-20260815-STORE_05-0114;STORE_05;CASH-09;2026-08-15 20:16:03;SKU-003;1;45000;0;CARD
REC-20260815-STORE_05-0114;STORE_05;CASH-09;2026-08-15 20:16:03;SKU-032;1;25000;1000;CARD
REC-20260815-STORE_05-0114;STORE_05;CASH-07;2026-08-15 20:16:03;SKU-048;1;25000;0;CARD
REC-20260815-STORE_05-0114;STORE_05;CASH-06;2026-08-15 20:16:03;SKU-002;4;12000;0;CARD
REC-20260815-STORE_05-0115;STORE_05;CASH-01;2026-08-15 17:40:34;SKU-002;2;12000;0;CASH
REC-20260815-STORE_05-0115;STORE_05;CASH-06;2026-08-15 17:40:34;SKU-002;4;12000;0;CARD
REC-20260815-STORE_05-0116;STORE_05;CASH-07;2026-08-15 17:26:06;SKU-002;4;12000;1000;CARD
REC-20260815-STORE_05-0117;STORE_05;CASH-09;2026-08-15 16:39:32;SKU-011;3;5000;0;CARD
REC-20260815-STORE_05-0117;STORE_05;CASH-10;2026-08-15 16:39:32;SKU-007;1;12000;0;CARD
REC-20260815-STORE_05-0117;STORE_05;CASH-03;2026-08-15 16:39:32;SKU-004;1;25000;1000;CARD
REC-20260815-STORE_05-0118;STORE_05;CASH-10;2026-08-15 16:10:14;SKU-005;1;5000;500;CARD
REC-20260815-STORE_05-0118;STORE_05;CASH-10;2026-08-15 16:10:14;SKU-019;4;25000;1000;CARD
REC-20260815-STORE_05-0118;STORE_05;CASH-08;2026-08-15 16:10:14;SKU-003;3;45000;0;CARD
REC-20260815-STORE_05-0119;STORE_05;CASH-08;2026-08-15 10:35:16;SKU-047;2;5000;0;CASH
REC-20260815-STORE_05-0119;STORE_05;CASH-05;2026-08-15 10:35:16;SKU-021;4;5000;0;CARD
REC-20260815-STORE_05-0119;STORE_05;CASH-09;2026-08-15 10:35:16;SKU-004;2;25000;1000;CARD
REC-20260815-STORE_05-0119;STORE_05;CASH-09;2026-08-15 10:35:16;SKU-006;4;45000;0;CARD
REC-20260815-STORE_05-0119;STORE_05;CASH-06;2026-08-15 10:35:16;SKU-026;2;12000;1000;CARD
REC-20260815-STORE_05-0120;STORE_05;CASH-05;2026-08-15 12:58:29;SKU-001;2;45000;1000;CASH
REC-20260815-STORE_05-0121;STORE_05;CASH-08;2026-08-15 12:51:02;SKU-039;3;5000;0;CASH
REC-20260815-STORE_05-0121;STORE_05;CASH-09;2026-08-15 12:51:02;SKU-023;2;45000;0;CASH
REC-20260815-STORE_05-0121;STORE_05;CASH-02;2026-08-15 12:51:02;SKU-023;4;45000;1000;CARD
REC-20260815-STORE_05-0122;STORE_05;CASH-04;2026-08-15 10:31:05;SKU-008;3;12000;500;CASH
REC-20260815-STORE_05-0123;STORE_05;CASH-06;2026-08-15 11:52:34;SKU-004;3;25000;500;CARD
REC-20260815-STORE_05-0123;STORE_05;CASH-09;2026-08-15 11:52:34;SKU-009;2;25000;0;CARD
REC-20260815-STORE_05-0124;STORE_05;CASH-10;2026-08-15 17:36:44;SKU-001;2;45000;0;CARD
REC-20260815-STORE_05-0124;STORE_05;CASH-07;2026-08-15 17:36:44;SKU-031;2;45000;0;CASH
REC-20260815-STORE_05-0124;STORE_05;CASH-08;2026-08-15 17:36:44;SKU-020;2;12000;500;CASH
REC-20260815-STORE_05-0125;STORE_05;CASH-01;2026-08-15 9:21:59;SKU-001;3;45000;0;CARD
REC-20260815-STORE_05-0125;STORE_05;CASH-04;2026-08-15 9:21:59;SKU-019;2;25000;500;CASH
REC-20260815-STORE_05-0125;STORE_05;CASH-06;2026-08-15 9:21:59;SKU-015;2;5000;1000;CASH
REC-20260815-STORE_05-0125;STORE_05;CASH-07;2026-08-15 9:21:59;SKU-026;2;12000;0;CARD
REC-20260815-STORE_05-0125;STORE_05;CASH-02;2026-08-15 9:21:59;SKU-001;1;45000;0;CARD
REC-20260815-STORE_05-0126;STORE_05;CASH-03;2026-08-15 15:21:56;SKU-001;3;45000;0;CARD
REC-20260815-STORE_05-0126;STORE_05;CASH-07;2026-08-15 15:21:56;SKU-004;2;25000;1000;CARD
REC-20260815-STORE_05-0126;STORE_05;CASH-01;2026-08-15 15:21:56;SKU-001;3;45000;1000;CARD
REC-20260815-STORE_05-0127;STORE_05;CASH-07;2026-08-15 14:47:41;SKU-001;3;45000;0;CASH
REC-20260815-STORE_05-0127;STORE_05;CASH-06;2026-08-15 14:47:41;SKU-001;1;45000;0;CARD
REC-20260815-STORE_05-0127;STORE_05;CASH-05;2026-08-15 14:47:41;SKU-005;3;5000;0;CASH
REC-20260815-STORE_05-0128;STORE_05;CASH-06;2026-08-15 14:18:06;SKU-004;2;25000;0;CARD
REC-20260815-STORE_05-0128;STORE_05;CASH-07;2026-08-15 14:18:06;SKU-001;4;45000;0;CASH
REC-20260815-STORE_05-0128;STORE_05;CASH-07;2026-08-15 14:18:06;SKU-012;1;45000;0;CASH
REC-20260815-STORE_05-0128;STORE_05;CASH-09;2026-08-15 14:18:06;SKU-002;1;12000;500;CASH
REC-20260815-STORE_05-0129;STORE_05;CASH-09;2026-08-15 21:55:56;SKU-019;3;25000;1000;CASH
REC-20260815-STORE_05-0129;STORE_05;CASH-08;2026-08-15 21:55:56;SKU-034;2;25000;0;CARD
REC-20260815-STORE_05-0129;STORE_05;CASH-02;2026-08-15 21:55:56;SKU-003;4;45000;500;CARD
REC-20260815-STORE_05-0129;STORE_05;CASH-01;2026-08-15 21:55:56;SKU-001;3;45000;0;CARD
REC-20260815-STORE_05-0129;STORE_05;CASH-06;2026-08-15 21:55:56;SKU-005;2;5000;1000;CARD
REC-20260815-STORE_05-0130;STORE_05;CASH-01;2026-08-15 12:46:58;SKU-002;4;12000;0;CARD
REC-20260815-STORE_05-0130;STORE_05;CASH-06;2026-08-15 12:46:58;SKU-033;1;5000;0;CARD
REC-20260815-STORE_05-0130;STORE_05;CASH-09;2026-08-15 12:46:58;SKU-003;3;45000;0;CARD
REC-20260815-STORE_05-0131;STORE_05;CASH-08;2026-08-15 14:45:13;SKU-001;1;45000;1000;CARD
REC-20260815-STORE_05-0131;STORE_05;CASH-08;2026-08-15 14:45:13;SKU-007;4;12000;0;CARD
REC-20260815-STORE_05-0132;STORE_05;CASH-03;2026-08-15 11:51:00;SKU-002;2;12000;1000;CARD
REC-20260815-STORE_05-0132;STORE_05;CASH-06;2026-08-15 11:51:00;SKU-017;2;12000;0;CARD
REC-20260815-STORE_05-0133;STORE_05;CASH-04;2026-08-15 21:15:13;SKU-004;2;25000;0;CASH
REC-20260815-STORE_05-0133;STORE_05;CASH-01;2026-08-15 21:15:13;SKU-003;1;45000;0;CASH
REC-20260815-STORE_05-0133;STORE_05;CASH-10;2026-08-15 21:15:13;SKU-004;3;25000;0;CASH
REC-20260815-STORE_05-0133;STORE_05;CASH-10;2026-08-15 21:15:13;SKU-002;1;12000;500;CARD
REC-20260815-STORE_05-0134;STORE_05;CASH-02;2026-08-15 16:17:33;SKU-021;3;5000;1000;CASH
REC-20260815-STORE_05-0134;STORE_05;CASH-01;2026-08-15 16:17:33;SKU-027;1;5000;0;CARD
REC-20260815-STORE_05-0134;STORE_05;CASH-05;2026-08-15 16:17:33;SKU-011;4;5000;0;CASH
REC-20260815-STORE_05-0134;STORE_05;CASH-08;2026-08-15 16:17:33;SKU-004;3;25000;500;CARD
REC-20260815-STORE_05-0134;STORE_05;CASH-02;2026-08-15 16:17:33;SKU-019;1;25000;0;CASH
REC-20260815-STORE_05-0135;STORE_05;CASH-02;2026-08-15 20:09:51;SKU-022;3;12000;0;CARD
REC-20260815-STORE_05-0135;STORE_05;CASH-08;2026-08-15 20:09:51;SKU-009;3;25000;0;CARD
REC-20260815-STORE_05-0135;STORE_05;CASH-10;2026-08-15 20:09:51;SKU-005;4;5000;1000;CARD
REC-20260815-STORE_05-0136;STORE_05;CASH-10;2026-08-15 12:30:42;SKU-008;1;12000;1000;CASH
REC-20260815-STORE_05-0136;STORE_05;CASH-02;2026-08-15 12:30:42;SKU-001;1;45000;0;CARD
REC-20260815-STORE_05-0136;STORE_05;CASH-05;2026-08-15 12:30:42;SKU-049;3;5000;0;CARD
REC-20260815-STORE_05-0137;STORE_05;CASH-09;2026-08-15 14:12:05;SKU-001;4;45000;0;CASH
REC-20260815-STORE_05-0137;STORE_05;CASH-01;2026-08-15 14:12:05;SKU-004;3;25000;0;CARD
REC-20260815-STORE_05-0137;STORE_05;CASH-03;2026-08-15 14:12:05;SKU-014;2;5000;0;CARD
REC-20260815-STORE_05-0137;STORE_05;CASH-02;2026-08-15 14:12:05;SKU-010;1;25000;0;CARD
REC-20260815-STORE_05-0138;STORE_05;CASH-08;2026-08-15 16:17:50;SKU-024;2;12000;0;CASH
REC-20260815-STORE_05-0139;STORE_05;CASH-05;2026-08-15 21:26:09;SKU-003;2;45000;1000;CASH
REC-20260815-STORE_05-0139;STORE_05;CASH-01;2026-08-15 21:26:09;SKU-002;2;12000;0;CARD
REC-20260815-STORE_05-0139;STORE_05;CASH-06;2026-08-15 21:26:09;SKU-024;2;12000;0;CASH
REC-20260815-STORE_05-0140;STORE_05;CASH-01;2026-08-15 19:32:59;SKU-005;3;5000;500;CARD
REC-20260815-STORE_05-0140;STORE_05;CASH-07;2026-08-15 19:32:59;SKU-002;2;12000;0;CARD
REC-20260815-STORE_05-0140;STORE_05;CASH-09;2026-08-15 19:32:59;SKU-015;3;5000;500;CARD
REC-20260815-STORE_05-0140;STORE_05;CASH-04;2026-08-15 19:32:59;SKU-006;1;45000;0;CARD
REC-20260815-STORE_05-0141;STORE_05;CASH-06;2026-08-15 8:10:33;SKU-002;2;12000;500;CARD
REC-20260815-STORE_05-0141;STORE_05;CASH-01;2026-08-15 8:10:33;SKU-012;4;45000;500;CARD
REC-20260815-STORE_05-0141;STORE_05;CASH-01;2026-08-15 8:10:33;SKU-020;4;12000;500;CARD
REC-20260815-STORE_05-0142;STORE_05;CASH-05;2026-08-15 21:01:53;SKU-009;2;25000;0;CARD
REC-20260815-STORE_05-0143;STORE_05;CASH-05;2026-08-15 9:15:29;SKU-001;3;45000;0;CASH
REC-20260815-STORE_05-0143;STORE_05;CASH-06;2026-08-15 9:15:29;SKU-001;3;45000;500;CARD
REC-20260815-STORE_05-0143;STORE_05;CASH-02;2026-08-15 9:15:29;SKU-020;4;12000;0;CARD
REC-20260815-STORE_05-0144;STORE_05;CASH-02;2026-08-15 8:21:05;SKU-001;1;45000;0;CARD
REC-20260815-STORE_05-0144;STORE_05;CASH-04;2026-08-15 8:21:05;SKU-001;4;45000;500;CARD
REC-20260815-STORE_05-0144;STORE_05;CASH-09;2026-08-15 8:21:05;SKU-001;4;45000;0;CARD
REC-20260815-STORE_05-0144;STORE_05;CASH-01;2026-08-15 8:21:05;SKU-001;3;45000;0;CASH
REC-20260815-STORE_05-0144;STORE_05;CASH-08;2026-08-15 8:21:05;SKU-001;2;45000;0;CASH
REC-20260815-STORE_05-0145;STORE_05;CASH-02;2026-08-15 14:58:44;SKU-002;3;12000;0;CASH
REC-20260815-STORE_05-0145;STORE_05;CASH-09;2026-08-15 14:58:44;SKU-004;2;25000;0;CARD
REC-20260815-STORE_05-0145;STORE_05;CASH-10;2026-08-15 14:58:44;SKU-004;4;25000;1000;CARD
REC-20260815-STORE_05-0145;STORE_05;CASH-09;2026-08-15 14:58:44;SKU-007;2;12000;0;CARD
REC-20260815-STORE_05-0145;STORE_05;CASH-10;2026-08-15 14:58:44;SKU-001;3;45000;0;CASH
REC-20260815-STORE_05-0146;STORE_05;CASH-04;2026-08-15 18:54:47;SKU-020;3;12000;500;CARD
REC-20260815-STORE_05-0146;STORE_05;CASH-04;2026-08-15 18:54:47;SKU-011;2;5000;500;CASH
REC-20260815-STORE_05-0146;STORE_05;CASH-04;2026-08-15 18:54:47;SKU-001;2;45000;500;CARD
REC-20260815-STORE_05-0146;STORE_05;CASH-06;2026-08-15 18:54:47;SKU-002;1;12000;0;CARD
REC-20260815-STORE_05-0147;STORE_05;CASH-04;2026-08-15 18:41:58;SKU-012;1;45000;0;CASH
REC-20260815-STORE_05-0147;STORE_05;CASH-02;2026-08-15 18:41:58;SKU-001;1;45000;1000;CARD
REC-20260815-STORE_05-0147;STORE_05;CASH-08;2026-08-15 18:41:58;SKU-001;3;45000;0;CARD
REC-20260815-STORE_05-0148;STORE_05;CASH-01;2026-08-15 11:54:28;SKU-002;3;12000;0;CASH
REC-20260815-STORE_05-0148;STORE_05;CASH-08;2026-08-15 11:54:28;SKU-003;4;45000;0;CARD
REC-20260815-STORE_05-0148;STORE_05;CASH-01;2026-08-15 11:54:28;SKU-001;2;45000;1000;CARD
REC-20260815-STORE_05-0149;STORE_05;CASH-08;2026-08-15 13:05:26;SKU-001;1;45000;0;CASH
REC-20260815-STORE_05-0149;STORE_05;CASH-04;2026-08-15 13:05:26;SKU-003;1;45000;0;CARD
REC-20260815-STORE_05-0150;STORE_05;CASH-09;2026-08-15 10:56:57;SKU-029;4;5000;0;CASH
REC-20260815-STORE_05-0150;STORE_05;CASH-01;2026-08-15 10:56:57;SKU-001;3;45000;1000;CARD
REC-20260815-STORE_05-0150;STORE_05;CASH-04;2026-08-15 10:56:57;SKU-001;4;45000;500;CARD
REC-20260815-STORE_05-0151;STORE_05;CASH-05;2026-08-15 18:31:28;SKU-006;2;45000;1000;CASH
REC-20260815-STORE_05-0152;STORE_05;CASH-01;2026-08-15 21:34:24;SKU-001;3;45000;0;CASH
REC-20260815-STORE_05-0152;STORE_05;CASH-06;2026-08-15 21:34:24;SKU-003;3;45000;1000;CARD
REC-20260815-STORE_05-0152;STORE_05;CASH-04;2026-08-15 21:34:24;SKU-002;4;12000;1000;CARD
REC-20260815-STORE_05-0152;STORE_05;CASH-02;2026-08-15 21:34:24;SKU-008;1;12000;1000;CARD
REC-20260815-STORE_05-0152;STORE_05;CASH-08;2026-08-15 21:34:24;SKU-004;2;25000;1000;CARD
REC-20260815-STORE_05-0153;STORE_05;CASH-01;2026-08-15 13:55:42;SKU-002;4;12000;1000;CASH
REC-20260815-STORE_05-0153;STORE_05;CASH-06;2026-08-15 13:55:42;SKU-002;2;12000;0;CARD
REC-20260815-STORE_05-0153;STORE_05;CASH-02;2026-08-15 13:55:42;SKU-001;1;45000;500;CASH
REC-20260815-STORE_05-0153;STORE_05;CASH-04;2026-08-15 13:55:42;SKU-008;1;12000;500;CARD
REC-20260815-STORE_05-0154;STORE_05;CASH-10;2026-08-15 16:08:29;SKU-001;3;45000;0;CASH
REC-20260815-STORE_05-0154;STORE_05;CASH-05;2026-08-15 16:08:29;SKU-005;4;5000;0;CARD
REC-20260815-STORE_05-0155;STORE_05;CASH-08;2026-08-15 18:57:39;SKU-001;3;45000;0;CARD
REC-20260815-STORE_05-0156;STORE_05;CASH-07;2026-08-15 20:05:24;SKU-008;2;12000;1000;CARD
REC-20260815-STORE_05-0156;STORE_05;CASH-03;2026-08-15 20:05:24;SKU-004;3;25000;0;CASH
REC-20260815-STORE_05-0156;STORE_05;CASH-01;2026-08-15 20:05:24;SKU-007;3;12000;500;CASH
REC-20260815-STORE_05-0156;STORE_05;CASH-01;2026-08-15 20:05:24;SKU-006;1;45000;0;CARD
REC-20260815-STORE_05-0156;STORE_05;CASH-09;2026-08-15 20:05:24;SKU-001;1;45000;500;CARD
REC-20260815-STORE_05-0157;STORE_05;CASH-06;2026-08-15 12:01:05;SKU-002;3;12000;0;CASH
REC-20260815-STORE_05-0157;STORE_05;CASH-01;2026-08-15 12:01:05;SKU-002;2;12000;500;CASH
REC-20260815-STORE_05-0158;STORE_05;CASH-04;2026-08-15 15:16:12;SKU-001;3;45000;1000;CARD
REC-20260815-STORE_05-0159;STORE_05;CASH-06;2026-08-15 18:41:40;SKU-002;4;12000;0;CASH
REC-20260815-STORE_05-0159;STORE_05;CASH-04;2026-08-15 18:41:40;SKU-001;3;45000;500;CASH
REC-20260815-STORE_05-0159;STORE_05;CASH-03;2026-08-15 18:41:40;SKU-022;4;12000;1000;CARD
REC-20260815-STORE_05-0160;STORE_05;CASH-05;2026-08-15 21:37:18;SKU-008;2;12000;1000;CARD
REC-20260815-STORE_05-0160;STORE_05;CASH-07;2026-08-15 21:37:18;SKU-001;4;45000;0;CARD
REC-20260815-STORE_05-0160;STORE_05;CASH-05;2026-08-15 21:37:18;SKU-013;4;12000;0;CARD
REC-20260815-STORE_05-0160;STORE_05;CASH-10;2026-08-15 21:37:18;SKU-002;3;12000;0;CARD
REC-20260815-STORE_05-0160;STORE_05;CASH-02;2026-08-15 21:37:18;SKU-032;4;25000;0;CARD
REC-20260815-STORE_05-0161;STORE_05;CASH-01;2026-08-15 9:00:42;SKU-040;1;25000;0;CASH
REC-20260815-STORE_05-0161;STORE_05;CASH-05;2026-08-15 9:00:42;SKU-005;3;5000;0;CASH
REC-20260815-STORE_05-0161;STORE_05;CASH-04;2026-08-15 9:00:42;SKU-020;1;12000;500;CARD
REC-20260815-STORE_05-0162;STORE_05;CASH-09;2026-08-15 18:30:50;SKU-044;1;5000;500;CARD
REC-20260815-STORE_05-0162;STORE_05;CASH-05;2026-08-15 18:30:50;SKU-003;2;45000;500;CARD
REC-20260815-STORE_05-0162;STORE_05;CASH-05;2026-08-15 18:30:50;SKU-003;3;45000;500;CARD
REC-20260815-STORE_05-0162;STORE_05;CASH-07;2026-08-15 18:30:50;SKU-005;1;5000;0;CARD
REC-20260815-STORE_05-0163;STORE_05;CASH-01;2026-08-15 13:26:38;SKU-002;1;12000;0;CASH
REC-20260815-STORE_05-0163;STORE_05;CASH-08;2026-08-15 13:26:38;SKU-006;2;45000;500;CARD
REC-20260815-STORE_05-0163;STORE_05;CASH-02;2026-08-15 13:26:38;SKU-009;1;25000;0;CARD
REC-20260815-STORE_05-0163;STORE_05;CASH-07;2026-08-15 13:26:38;SKU-007;4;12000;500;CARD
REC-20260815-STORE_05-0164;STORE_05;CASH-10;2026-08-15 19:40:34;SKU-002;4;12000;1000;CARD
REC-20260815-STORE_05-0164;STORE_05;CASH-05;2026-08-15 19:40:34;SKU-002;1;12000;500;CASH
REC-20260815-STORE_05-0164;STORE_05;CASH-10;2026-08-15 19:40:34;SKU-030;4;45000;500;CARD
REC-20260815-STORE_05-0164;STORE_05;CASH-07;2026-08-15 19:40:34;SKU-008;4;12000;0;CARD
REC-20260815-STORE_05-0164;STORE_05;CASH-10;2026-08-15 19:40:34;SKU-001;4;45000;500;CARD
REC-20260815-STORE_05-0165;STORE_05;CASH-09;2026-08-15 13:59:49;SKU-001;3;45000;500;CARD
REC-20260815-STORE_05-0165;STORE_05;CASH-07;2026-08-15 13:59:49;SKU-004;4;25000;1000;CASH
REC-20260815-STORE_05-0165;STORE_05;CASH-07;2026-08-15 13:59:49;SKU-001;1;45000;0;CARD
REC-20260815-STORE_05-0166;STORE_05;CASH-03;2026-08-15 9:44:27;SKU-004;2;25000;0;CARD
REC-20260815-STORE_05-0166;STORE_05;CASH-01;2026-08-15 9:44:27;SKU-002;4;12000;0;CASH
REC-20260815-STORE_05-0166;STORE_05;CASH-05;2026-08-15 9:44:27;SKU-022;4;12000;0;CARD
REC-20260815-STORE_05-0167;STORE_05;CASH-07;2026-08-15 20:35:32;SKU-006;4;45000;0;CARD
REC-20260815-STORE_05-0167;STORE_05;CASH-01;2026-08-15 20:35:32;SKU-002;2;12000;0;CARD
REC-20260815-STORE_05-0167;STORE_05;CASH-05;2026-08-15 20:35:32;SKU-042;1;5000;1000;CARD
REC-20260815-STORE_05-0167;STORE_05;CASH-10;2026-08-15 20:35:32;SKU-001;3;45000;500;CARD
REC-20260815-STORE_05-0167;STORE_05;CASH-08;2026-08-15 20:35:32;SKU-001;1;45000;0;CASH
REC-20260815-STORE_05-0168;STORE_05;CASH-04;2026-08-15 14:13:50;SKU-029;4;5000;0;CARD
REC-20260815-STORE_05-0168;STORE_05;CASH-08;2026-08-15 14:13:50;SKU-031;3;45000;0;CASH
REC-20260815-STORE_05-0168;STORE_05;CASH-04;2026-08-15 14:13:50;SKU-002;3;12000;0;CARD
REC-20260815-STORE_05-0168;STORE_05;CASH-01;2026-08-15 14:13:50;SKU-024;2;12000;0;CARD
REC-20260815-STORE_05-0168;STORE_05;CASH-08;2026-08-15 14:13:50;SKU-038;4;12000;0;CARD
REC-20260815-STORE_05-0169;STORE_05;CASH-04;2026-08-15 12:21:41;SKU-001;2;45000;0;CARD
REC-20260815-STORE_05-0169;STORE_05;CASH-10;2026-08-15 12:21:41;SKU-012;3;45000;500;CARD
REC-20260815-STORE_05-0169;STORE_05;CASH-05;2026-08-15 12:21:41;SKU-027;2;5000;0;CARD
REC-20260815-STORE_05-0170;STORE_05;CASH-01;2026-08-15 14:54:15;SKU-001;3;45000;500;CARD
REC-20260815-STORE_05-0170;STORE_05;CASH-02;2026-08-15 14:54:15;SKU-001;1;45000;0;CASH
REC-20260815-STORE_05-0170;STORE_05;CASH-03;2026-08-15 14:54:15;SKU-017;1;12000;500;CARD
REC-20260815-STORE_05-0170;STORE_05;CASH-08;2026-08-15 14:54:15;SKU-001;3;45000;0;CARD
REC-20260815-STORE_05-0170;STORE_05;CASH-07;2026-08-15 14:54:15;SKU-004;4;25000;0;CARD
REC-20260815-STORE_05-0171;STORE_05;CASH-09;2026-08-15 13:06:53;SKU-012;1;45000;1000;CASH
REC-20260815-STORE_05-0171;STORE_05;CASH-06;2026-08-15 13:06:53;SKU-020;2;12000;0;CARD
REC-20260815-STORE_05-0171;STORE_05;CASH-01;2026-08-15 13:06:53;SKU-009;2;25000;500;CASH
REC-20260815-STORE_05-0171;STORE_05;CASH-06;2026-08-15 13:06:53;SKU-006;3;45000;0;CARD
REC-20260815-STORE_05-0171;STORE_05;CASH-03;2026-08-15 13:06:53;SKU-002;1;12000;1000;CARD
REC-20260815-STORE_05-0172;STORE_05;CASH-08;2026-08-15 8:54:27;SKU-001;4;45000;500;CASH
REC-20260815-STORE_05-0172;STORE_05;CASH-06;2026-08-15 8:54:27;SKU-001;1;45000;500;CARD
REC-20260815-STORE_05-0173;STORE_05;CASH-09;2026-08-15 18:58:51;SKU-002;2;12000;1000;CASH
REC-20260815-STORE_05-0173;STORE_05;CASH-09;2026-08-15 18:58:51;SKU-039;3;5000;1000;CARD
REC-20260815-STORE_05-0173;STORE_05;CASH-07;2026-08-15 18:58:51;SKU-014;2;5000;0;CASH
REC-20260815-STORE_05-0174;STORE_05;CASH-03;2026-08-15 18:55:48;SKU-017;4;12000;0;CARD
REC-20260815-STORE_05-0174;STORE_05;CASH-07;2026-08-15 18:55:48;SKU-031;2;45000;500;CASH
REC-20260815-STORE_05-0174;STORE_05;CASH-02;2026-08-15 18:55:48;SKU-004;2;25000;1000;CASH
REC-20260815-STORE_05-0174;STORE_05;CASH-01;2026-08-15 18:55:48;SKU-001;1;45000;500;CARD
REC-20260815-STORE_05-0174;STORE_05;CASH-01;2026-08-15 18:55:48;SKU-003;1;45000;1000;CARD
REC-20260815-STORE_05-0175;STORE_05;CASH-01;2026-08-15 14:13:07;SKU-003;3;45000;0;CARD
REC-20260815-STORE_05-0175;STORE_05;CASH-04;2026-08-15 14:13:07;SKU-007;4;12000;0;CASH
REC-20260815-STORE_05-0175;STORE_05;CASH-09;2026-08-15 14:13:07;SKU-001;4;45000;0;CASH
REC-20260815-STORE_05-0175;STORE_05;CASH-09;2026-08-15 14:13:07;SKU-003;4;45000;0;CARD
REC-20260815-STORE_05-0176;STORE_05;CASH-08;2026-08-15 15:01:02;SKU-008;4;12000;0;CARD
REC-20260815-STORE_05-0177;STORE_05;CASH-05;2026-08-15 16:06:04;SKU-005;2;5000;1000;CASH
REC-20260815-STORE_05-0177;STORE_05;CASH-01;2026-08-15 16:06:04;SKU-032;2;25000;0;CARD
REC-20260815-STORE_05-0178;STORE_05;CASH-06;2026-08-15 11:18:24;SKU-007;2;12000;0;CARD
REC-20260815-STORE_05-0178;STORE_05;CASH-01;2026-08-15 11:18:24;SKU-004;1;25000;500;CARD
REC-20260815-STORE_05-0179;STORE_05;CASH-01;2026-08-15 16:34:24;SKU-015;1;5000;0;CARD
REC-20260815-STORE_05-0179;STORE_05;CASH-01;2026-08-15 16:34:24;SKU-001;3;45000;1000;CASH
REC-20260815-STORE_05-0179;STORE_05;CASH-04;2026-08-15 16:34:24;SKU-001;1;45000;500;CARD
REC-20260815-STORE_05-0179;STORE_05;CASH-06;2026-08-15 16:34:24;SKU-002;2;12000;0;CARD
REC-20260815-STORE_05-0180;STORE_05;CASH-08;2026-08-15 13:17:14;SKU-021;3;5000;1000;CARD
REC-20260815-STORE_05-0181;STORE_05;CASH-09;2026-08-15 12:07:22;SKU-011;1;5000;0;CARD
REC-20260815-STORE_05-0181;STORE_05;CASH-02;2026-08-15 12:07:22;SKU-033;4;5000;0;CASH
REC-20260815-STORE_05-0181;STORE_05;CASH-01;2026-08-15 12:07:22;SKU-006;3;45000;500;CARD
REC-20260815-STORE_05-0181;STORE_05;CASH-02;2026-08-15 12:07:22;SKU-014;4;5000;0;CARD
REC-20260815-STORE_05-0182;STORE_05;CASH-08;2026-08-15 13:41:56;SKU-002;1;12000;0;CASH
REC-20260815-STORE_05-0182;STORE_05;CASH-03;2026-08-15 13:41:56;SKU-021;4;5000;1000;CARD
REC-20260815-STORE_05-0182;STORE_05;CASH-09;2026-08-15 13:41:56;SKU-003;2;45000;1000;CARD
REC-20260815-STORE_05-0183;STORE_05;CASH-08;2026-08-15 9:39:50;SKU-017;3;12000;0;CASH
REC-20260815-STORE_05-0183;STORE_05;CASH-03;2026-08-15 9:39:50;SKU-025;3;5000;0;CASH
REC-20260815-STORE_05-0183;STORE_05;CASH-02;2026-08-15 9:39:50;SKU-003;3;45000;0;CARD
REC-20260815-STORE_05-0183;STORE_05;CASH-06;2026-08-15 9:39:50;SKU-036;2;45000;0;CARD
REC-20260815-STORE_05-0183;STORE_05;CASH-03;2026-08-15 9:39:50;SKU-023;4;45000;0;CARD
REC-20260815-STORE_05-0184;STORE_05;CASH-04;2026-08-15 17:01:22;SKU-004;3;25000;0;CARD
REC-20260815-STORE_05-0184;STORE_05;CASH-03;2026-08-15 17:01:22;SKU-026;4;12000;0;CARD
REC-20260815-STORE_05-0185;STORE_05;CASH-01;2026-08-15 19:11:36;SKU-003;4;45000;1000;CASH
REC-20260815-STORE_05-0185;STORE_05;CASH-04;2026-08-15 19:11:36;SKU-001;2;45000;1000;CASH
REC-20260815-STORE_05-0185;STORE_05;CASH-07;2026-08-15 19:11:36;SKU-003;3;45000;0;CARD
REC-20260815-STORE_05-0185;STORE_05;CASH-01;2026-08-15 19:11:36;SKU-004;4;25000;500;CASH
REC-20260815-STORE_05-0186;STORE_05;CASH-10;2026-08-15 16:48:28;SKU-001;2;45000;0;CARD
REC-20260815-STORE_05-0186;STORE_05;CASH-01;2026-08-15 16:48:28;SKU-016;3;25000;1000;CARD
REC-20260815-STORE_05-0186;STORE_05;CASH-02;2026-08-15 16:48:28;SKU-020;2;12000;1000;CARD
REC-20260815-STORE_05-0186;STORE_05;CASH-06;2026-08-15 16:48:28;SKU-001;1;45000;0;CASH
REC-20260815-STORE_05-0187;STORE_05;CASH-02;2026-08-15 18:58:03;SKU-006;4;45000;0;CASH
REC-20260815-STORE_05-0187;STORE_05;CASH-03;2026-08-15 18:58:03;SKU-021;3;5000;0;CARD
REC-20260815-STORE_05-0187;STORE_05;CASH-01;2026-08-15 18:58:03;SKU-005;2;5000;0;CARD
REC-20260815-STORE_05-0188;STORE_05;CASH-04;2026-08-15 19:48:43;SKU-003;1;45000;0;CARD
REC-20260815-STORE_05-0189;STORE_05;CASH-01;2026-08-15 8:23:55;SKU-024;2;12000;0;CARD
REC-20260815-STORE_05-0190;STORE_05;CASH-03;2026-08-15 19:40:50;SKU-002;3;12000;500;CARD
REC-20260815-STORE_05-0190;STORE_05;CASH-02;2026-08-15 19:40:50;SKU-002;4;12000;0;CARD
REC-20260815-STORE_05-0191;STORE_05;CASH-02;2026-08-15 17:35:59;SKU-002;1;12000;1000;CARD
REC-20260815-STORE_05-0191;STORE_05;CASH-09;2026-08-15 17:35:59;SKU-030;4;45000;0;CASH
REC-20260815-STORE_05-0191;STORE_05;CASH-06;2026-08-15 17:35:59;SKU-001;2;45000;1000;CARD
REC-20260815-STORE_05-0192;STORE_05;CASH-10;2026-08-15 9:13:01;SKU-035;1;5000;0;CARD
REC-20260815-STORE_05-0192;STORE_05;CASH-09;2026-08-15 9:13:01;SKU-001;4;45000;0;CASH
REC-20260815-STORE_05-0193;STORE_05;CASH-06;2026-08-15 12:01:31;SKU-002;3;12000;0;CASH
REC-20260815-STORE_05-0193;STORE_05;CASH-04;2026-08-15 12:01:31;SKU-003;2;45000;0;CASH
REC-20260815-STORE_05-0194;STORE_05;CASH-06;2026-08-15 12:34:25;SKU-027;4;5000;0;CASH
REC-20260815-STORE_05-0194;STORE_05;CASH-06;2026-08-15 12:34:25;SKU-006;2;45000;0;CARD
REC-20260815-STORE_05-0194;STORE_05;CASH-05;2026-08-15 12:34:25;SKU-004;4;25000;1000;CARD
REC-20260815-STORE_05-0194;STORE_05;CASH-04;2026-08-15 12:34:25;SKU-001;1;45000;0;CARD
REC-20260815-STORE_05-0194;STORE_05;CASH-06;2026-08-15 12:34:25;SKU-025;3;5000;500;CARD
REC-20260815-STORE_05-0195;STORE_05;CASH-03;2026-08-15 16:48:28;SKU-026;3;12000;0;CARD
REC-20260815-STORE_05-0195;STORE_05;CASH-08;2026-08-15 16:48:28;SKU-001;4;45000;0;CARD
REC-20260815-STORE_05-0195;STORE_05;CASH-04;2026-08-15 16:48:28;SKU-012;3;45000;1000;CASH
REC-20260815-STORE_05-0196;STORE_05;CASH-07;2026-08-15 16:45:12;SKU-001;1;45000;1000;CASH
REC-20260815-STORE_05-0197;STORE_05;CASH-02;2026-08-15 19:05:57;SKU-040;2;25000;0;CARD
REC-20260815-STORE_05-0197;STORE_05;CASH-06;2026-08-15 19:05:57;SKU-015;1;5000;1000;CARD
REC-20260815-STORE_05-0198;STORE_05;CASH-09;2026-08-15 13:53:15;SKU-001;1;45000;0;CARD
REC-20260815-STORE_05-0198;STORE_05;CASH-10;2026-08-15 13:53:15;SKU-003;4;45000;1000;CARD
REC-20260815-STORE_05-0199;STORE_05;CASH-02;2026-08-15 8:09:26;SKU-024;1;12000;1000;CASH
REC-20260815-STORE_05-0199;STORE_05;CASH-09;2026-08-15 8:09:26;SKU-001;1;45000;0;CARD
REC-20260815-STORE_05-0200;STORE_05;CASH-03;2026-08-15 13:09:47;SKU-049;2;5000;500;CASH
REC-20260815-STORE_05-0200;STORE_05;CASH-03;2026-08-15 13:09:47;SKU-023;4;45000;500;CARD
REC-20260815-STORE_05-0200;STORE_05;CASH-05;2026-08-15 13:09:47;SKU-003;3;45000;0;CASH
REC-20260815-STORE_05-0200;STORE_05;CASH-09;2026-08-15 13:09:47;SKU-002;4;12000;0;CARD
REC-20260815-STORE_05-0200;STORE_05;CASH-10;2026-08-15 13:09:47;SKU-032;4;25000;0;CARD
REC-20260815-STORE_05-0201;STORE_05;CASH-10;2026-08-15 20:31:47;SKU-042;4;5000;500;CARD
REC-20260815-STORE_05-0202;STORE_05;CASH-01;2026-08-15 16:38:06;SKU-036;2;45000;1000;CARD
REC-20260815-STORE_05-0202;STORE_05;CASH-01;2026-08-15 16:38:06;SKU-001;2;45000;0;CARD
REC-20260815-STORE_05-0202;STORE_05;CASH-04;2026-08-15 16:38:06;SKU-021;2;5000;0;CASH
REC-20260815-STORE_05-0202;STORE_05;CASH-01;2026-08-15 16:38:06;SKU-006;4;45000;1000;CASH
REC-20260815-STORE_05-0203;STORE_05;CASH-08;2026-08-15 9:37:09;SKU-004;3;25000;0;CARD
REC-20260815-STORE_05-0203;STORE_05;CASH-10;2026-08-15 9:37:09;SKU-001;4;45000;0;CARD
REC-20260815-STORE_05-0203;STORE_05;CASH-05;2026-08-15 9:37:09;SKU-003;1;45000;0;CARD
REC-20260815-STORE_05-0204;STORE_05;CASH-03;2026-08-15 21:05:14;SKU-026;1;12000;0;CASH
REC-20260815-STORE_05-0205;STORE_05;CASH-05;2026-08-15 18:17:47;SKU-003;4;45000;0;CARD
REC-20260815-STORE_05-0205;STORE_05;CASH-04;2026-08-15 18:17:47;SKU-001;1;45000;0;CARD
REC-20260815-STORE_05-0205;STORE_05;CASH-03;2026-08-15 18:17:47;SKU-001;3;45000;500;CARD
REC-20260815-STORE_05-0206;STORE_05;CASH-04;2026-08-15 19:58:21;SKU-001;3;45000;0;CARD
REC-20260815-STORE_05-0207;STORE_05;CASH-09;2026-08-15 21:27:44;SKU-011;3;5000;1000;CASH
REC-20260815-STORE_05-0207;STORE_05;CASH-06;2026-08-15 21:27:44;SKU-009;2;25000;0;CARD
REC-20260815-STORE_05-0207;STORE_05;CASH-10;2026-08-15 21:27:44;SKU-001;2;45000;0;CARD
REC-20260815-STORE_05-0207;STORE_05;CASH-09;2026-08-15 21:27:44;SKU-006;3;45000;0;CARD
REC-20260815-STORE_05-0208;STORE_05;CASH-07;2026-08-15 11:17:32;SKU-001;2;45000;0;CASH
REC-20260815-STORE_05-0208;STORE_05;CASH-07;2026-08-15 11:17:32;SKU-016;1;25000;1000;CASH
REC-20260815-STORE_05-0208;STORE_05;CASH-05;2026-08-15 11:17:32;SKU-017;2;12000;500;CARD
REC-20260815-STORE_05-0208;STORE_05;CASH-01;2026-08-15 11:17:32;SKU-025;1;5000;1000;CARD
REC-20260815-STORE_05-0208;STORE_05;CASH-01;2026-08-15 11:17:32;SKU-011;3;5000;500;CARD
REC-20260815-STORE_05-0209;STORE_05;CASH-08;2026-08-15 12:17:12;SKU-005;4;5000;0;CASH
REC-20260815-STORE_05-0209;STORE_05;CASH-09;2026-08-15 12:17:12;SKU-034;1;25000;0;CASH
REC-20260815-STORE_05-0210;STORE_05;CASH-08;2026-08-15 19:52:57;SKU-020;4;12000;0;CASH
REC-20260815-STORE_05-0210;STORE_05;CASH-08;2026-08-15 19:52:57;SKU-001;3;45000;0;CARD
REC-20260815-STORE_05-0210;STORE_05;CASH-04;2026-08-15 19:52:57;SKU-027;3;5000;0;CARD
REC-20260815-STORE_05-0211;STORE_05;CASH-02;2026-08-15 20:32:56;SKU-042;3;5000;0;CARD
REC-20260815-STORE_05-0211;STORE_05;CASH-07;2026-08-15 20:32:56;SKU-001;1;45000;0;CARD
REC-20260815-STORE_05-0211;STORE_05;CASH-08;2026-08-15 20:32:56;SKU-001;3;45000;1000;CARD
REC-20260815-STORE_05-0212;STORE_05;CASH-06;2026-08-15 17:31:45;SKU-029;4;5000;500;CASH
REC-20260815-STORE_05-0212;STORE_05;CASH-07;2026-08-15 17:31:45;SKU-006;1;45000;500;CARD
REC-20260815-STORE_05-0212;STORE_05;CASH-03;2026-08-15 17:31:45;SKU-002;4;12000;1000;CARD
REC-20260815-STORE_05-0213;STORE_05;CASH-02;2026-08-15 11:17:18;SKU-001;1;45000;0;CARD
REC-20260815-STORE_05-0213;STORE_05;CASH-06;2026-08-15 11:17:18;SKU-041;1;25000;1000;CASH
REC-20260815-STORE_05-0213;STORE_05;CASH-08;2026-08-15 11:17:18;SKU-002;3;12000;1000;CARD
REC-20260815-STORE_05-0213;STORE_05;CASH-09;2026-08-15 11:17:18;SKU-001;4;45000;0;CARD
REC-20260815-STORE_05-0213;STORE_05;CASH-10;2026-08-15 11:17:18;SKU-003;1;45000;1000;CARD
REC-20260815-STORE_05-0214;STORE_05;CASH-07;2026-08-15 11:48:29;SKU-005;4;5000;0;CARD
REC-20260815-STORE_05-0215;STORE_05;CASH-05;2026-08-15 17:24:00;SKU-004;4;25000;1000;CARD
REC-20260815-STORE_05-0215;STORE_05;CASH-06;2026-08-15 17:24:00;SKU-014;4;5000;1000;CARD
REC-20260815-STORE_05-0215;STORE_05;CASH-03;2026-08-15 17:24:00;SKU-020;1;12000;1000;CARD
REC-20260815-STORE_05-0215;STORE_05;CASH-01;2026-08-15 17:24:00;SKU-017;4;12000;1000;CASH
REC-20260815-STORE_05-0216;STORE_05;CASH-09;2026-08-15 13:10:34;SKU-001;1;45000;500;CASH
REC-20260815-STORE_05-0216;STORE_05;CASH-09;2026-08-15 13:10:34;SKU-006;4;45000;0;CASH
REC-20260815-STORE_05-0217;STORE_05;CASH-08;2026-08-15 18:03:59;SKU-009;4;25000;0;CARD
REC-20260815-STORE_05-0217;STORE_05;CASH-05;2026-08-15 18:03:59;SKU-011;2;5000;0;CARD
REC-20260815-STORE_05-0217;STORE_05;CASH-09;2026-08-15 18:03:59;SKU-001;2;45000;0;CASH
REC-20260815-STORE_05-0217;STORE_05;CASH-09;2026-08-15 18:03:59;SKU-002;4;12000;0;CARD
REC-20260815-STORE_05-0217;STORE_05;CASH-04;2026-08-15 18:03:59;SKU-007;2;12000;1000;CARD
REC-20260815-STORE_05-0218;STORE_05;CASH-06;2026-08-15 11:40:14;SKU-001;3;45000;0;CARD
REC-20260815-STORE_05-0218;STORE_05;CASH-09;2026-08-15 11:40:14;SKU-004;2;25000;0;CARD
REC-20260815-STORE_05-0218;STORE_05;CASH-01;2026-08-15 11:40:14;SKU-015;2;5000;0;CARD
REC-20260815-STORE_05-0218;STORE_05;CASH-05;2026-08-15 11:40:14;SKU-019;1;25000;0;CARD
REC-20260815-STORE_05-0218;STORE_05;CASH-07;2026-08-15 11:40:14;SKU-001;4;45000;0;CASH
REC-20260815-STORE_05-0219;STORE_05;CASH-07;2026-08-15 10:39:25;SKU-004;2;25000;0;CARD
REC-20260815-STORE_05-0219;STORE_05;CASH-03;2026-08-15 10:39:25;SKU-005;2;5000;0;CASH
REC-20260815-STORE_05-0219;STORE_05;CASH-02;2026-08-15 10:39:25;SKU-039;1;5000;1000;CARD
REC-20260815-STORE_05-0219;STORE_05;CASH-01;2026-08-15 10:39:25;SKU-001;4;45000;0;CASH
REC-20260815-STORE_05-0220;STORE_05;CASH-09;2026-08-15 15:39:34;SKU-001;3;45000;500;CARD
REC-20260815-STORE_05-0220;STORE_05;CASH-09;2026-08-15 15:39:34;SKU-028;4;5000;0;CASH
REC-20260815-STORE_05-0220;STORE_05;CASH-08;2026-08-15 15:39:34;SKU-001;2;45000;1000;CARD
REC-20260815-STORE_05-0220;STORE_05;CASH-04;2026-08-15 15:39:34;SKU-003;2;45000;1000;CASH
REC-20260815-STORE_05-0220;STORE_05;CASH-02;2026-08-15 15:39:34;SKU-001;1;45000;0;CARD
REC-20260815-STORE_05-0221;STORE_05;CASH-10;2026-08-15 14:03:43;SKU-048;2;25000;0;CARD
REC-20260815-STORE_05-0221;STORE_05;CASH-08;2026-08-15 14:03:43;SKU-002;1;12000;0;CARD
REC-20260815-STORE_05-0221;STORE_05;CASH-09;2026-08-15 14:03:43;SKU-013;1;12000;0;CASH
REC-20260815-STORE_05-0221;STORE_05;CASH-06;2026-08-15 14:03:43;SKU-029;2;5000;0;CARD
REC-20260815-STORE_05-0221;STORE_05;CASH-03;2026-08-15 14:03:43;SKU-030;2;45000;0;CARD
REC-20260815-STORE_05-0222;STORE_05;CASH-01;2026-08-15 9:26:43;SKU-008;1;12000;0;CARD
REC-20260815-STORE_05-0222;STORE_05;CASH-02;2026-08-15 9:26:43;SKU-003;2;45000;500;CARD
REC-20260815-STORE_05-0222;STORE_05;CASH-01;2026-08-15 9:26:43;SKU-033;3;5000;0;CARD
REC-20260815-STORE_05-0222;STORE_05;CASH-02;2026-08-15 9:26:43;SKU-002;1;12000;500;CARD
REC-20260815-STORE_05-0222;STORE_05;CASH-02;2026-08-15 9:26:43;SKU-005;2;5000;0;CASH
REC-20260815-STORE_05-0223;STORE_05;CASH-05;2026-08-15 10:08:42;SKU-006;2;45000;0;CARD
REC-20260815-STORE_05-0224;STORE_05;CASH-03;2026-08-15 16:29:59;SKU-017;4;12000;1000;CASH
REC-20260815-STORE_05-0224;STORE_05;CASH-10;2026-08-15 16:29:59;SKU-022;1;12000;0;CASH
REC-20260815-STORE_05-0225;STORE_05;CASH-10;2026-08-15 8:08:09;SKU-004;4;25000;0;CASH
REC-20260815-STORE_05-0225;STORE_05;CASH-02;2026-08-15 8:08:09;SKU-004;2;25000;0;CASH
REC-20260815-STORE_05-0225;STORE_05;CASH-01;2026-08-15 8:08:09;SKU-022;2;12000;0;CARD
REC-20260815-STORE_05-0226;STORE_05;CASH-10;2026-08-15 9:00:06;SKU-003;3;45000;0;CASH
REC-20260815-STORE_05-0226;STORE_05;CASH-08;2026-08-15 9:00:06;SKU-001;3;45000;0;CARD
REC-20260815-STORE_05-0226;STORE_05;CASH-07;2026-08-15 9:00:06;SKU-048;4;25000;0;CARD
REC-20260815-STORE_05-0227;STORE_05;CASH-07;2026-08-15 8:05:38;SKU-008;4;12000;0;CASH
REC-20260815-STORE_05-0228;STORE_05;CASH-06;2026-08-15 9:33:47;SKU-024;3;12000;500;CASH
REC-20260815-STORE_05-0228;STORE_05;CASH-08;2026-08-15 9:33:47;SKU-002;4;12000;1000;CARD
REC-20260815-STORE_05-0229;STORE_05;CASH-06;2026-08-15 18:53:06;SKU-002;2;12000;0;CARD
REC-20260815-STORE_05-0229;STORE_05;CASH-01;2026-08-15 18:53:06;SKU-001;3;45000;500;CARD
REC-20260815-STORE_05-0229;STORE_05;CASH-06;2026-08-15 18:53:06;SKU-002;1;12000;1000;CARD
REC-20260815-STORE_05-0229;STORE_05;CASH-09;2026-08-15 18:53:06;SKU-002;4;12000;0;CARD
REC-20260815-STORE_05-0230;STORE_05;CASH-04;2026-08-15 11:33:27;SKU-014;4;5000;0;CARD
REC-20260815-STORE_05-0230;STORE_05;CASH-06;2026-08-15 11:33:27;SKU-037;2;45000;0;CARD
REC-20260815-STORE_05-0230;STORE_05;CASH-03;2026-08-15 11:33:27;SKU-045;4;45000;0;CASH
REC-20260815-STORE_05-0230;STORE_05;CASH-07;2026-08-15 11:33:27;SKU-008;2;12000;1000;CASH
REC-20260815-STORE_05-0230;STORE_05;CASH-08;2026-08-15 11:33:27;SKU-025;3;5000;0;CARD
REC-20260815-STORE_05-0231;STORE_05;CASH-01;2026-08-15 12:56:39;SKU-007;4;12000;1000;CASH
REC-20260815-STORE_05-0231;STORE_05;CASH-10;2026-08-15 12:56:39;SKU-005;2;5000;1000;CARD
REC-20260815-STORE_05-0232;STORE_05;CASH-04;2026-08-15 10:01:17;SKU-003;3;45000;1000;CARD
REC-20260815-STORE_05-0232;STORE_05;CASH-02;2026-08-15 10:01:17;SKU-005;4;5000;1000;CASH
REC-20260815-STORE_05-0233;STORE_05;CASH-09;2026-08-15 16:09:00;SKU-001;2;45000;500;CARD
REC-20260815-STORE_05-0233;STORE_05;CASH-07;2026-08-15 16:09:00;SKU-004;3;25000;500;CARD
REC-20260815-STORE_05-0234;STORE_05;CASH-01;2026-08-15 20:45:19;SKU-017;4;12000;1000;CASH
REC-20260815-STORE_05-0234;STORE_05;CASH-01;2026-08-15 20:45:19;SKU-008;4;12000;1000;CARD
REC-20260815-STORE_05-0235;STORE_05;CASH-04;2026-08-15 20:30:17;SKU-021;4;5000;0;CASH
REC-20260815-STORE_05-0235;STORE_05;CASH-08;2026-08-15 20:30:17;SKU-001;4;45000;0;CARD
REC-20260815-STORE_05-0235;STORE_05;CASH-04;2026-08-15 20:30:17;SKU-018;3;5000;0;CASH
REC-20260815-STORE_05-0235;STORE_05;CASH-05;2026-08-15 20:30:17;SKU-016;4;25000;0;CARD
REC-20260815-STORE_05-0236;STORE_05;CASH-04;2026-08-15 19:39:36;SKU-014;2;5000;0;CASH
REC-20260815-STORE_05-0236;STORE_05;CASH-05;2026-08-15 19:39:36;SKU-007;2;12000;500;CASH
REC-20260815-STORE_05-0236;STORE_05;CASH-07;2026-08-15 19:39:36;SKU-010;3;25000;0;CASH
REC-20260815-STORE_05-0237;STORE_05;CASH-04;2026-08-15 9:56:47;SKU-029;1;5000;0;CARD
REC-20260815-STORE_05-0237;STORE_05;CASH-01;2026-08-15 9:56:47;SKU-002;4;12000;1000;CASH
REC-20260815-STORE_05-0237;STORE_05;CASH-02;2026-08-15 9:56:47;SKU-013;3;12000;0;CARD
REC-20260815-STORE_05-0237;STORE_05;CASH-02;2026-08-15 9:56:47;SKU-028;4;5000;0;CARD
REC-20260815-STORE_05-0238;STORE_05;CASH-09;2026-08-15 8:20:49;SKU-002;3;12000;0;CASH
REC-20260815-STORE_05-0238;STORE_05;CASH-01;2026-08-15 8:20:49;SKU-050;4;25000;500;CARD
REC-20260815-STORE_05-0239;STORE_05;CASH-09;2026-08-15 21:45:12;SKU-001;4;45000;0;CARD
REC-20260815-STORE_05-0239;STORE_05;CASH-02;2026-08-15 21:45:12;SKU-007;3;12000;0;CARD
REC-20260815-STORE_05-0239;STORE_05;CASH-05;2026-08-15 21:45:12;SKU-015;3;5000;0;CARD
REC-20260815-STORE_05-0240;STORE_05;CASH-02;2026-08-15 14:46:42;SKU-006;3;45000;500;CARD
REC-20260815-STORE_05-0240;STORE_05;CASH-08;2026-08-15 14:46:42;SKU-003;4;45000;0;CARD
REC-20260815-STORE_05-0241;STORE_05;CASH-09;2026-08-15 21:33:02;SKU-028;2;5000;0;CASH
REC-20260815-STORE_05-0242;STORE_05;CASH-05;2026-08-15 19:05:02;SKU-050;4;25000;1000;CARD
REC-20260815-STORE_05-0243;STORE_05;CASH-01;2026-08-15 11:19:29;SKU-014;2;5000;1000;CARD
REC-20260815-STORE_05-0243;STORE_05;CASH-07;2026-08-15 11:19:29;SKU-002;1;12000;0;CARD
REC-20260815-STORE_05-0244;STORE_05;CASH-01;2026-08-15 20:36:26;SKU-006;3;45000;0;CARD
REC-20260815-STORE_05-0244;STORE_05;CASH-08;2026-08-15 20:36:26;SKU-004;2;25000;1000;CASH
REC-20260815-STORE_05-0244;STORE_05;CASH-04;2026-08-15 20:36:26;SKU-001;4;45000;1000;CASH
REC-20260815-STORE_05-0244;STORE_05;CASH-04;2026-08-15 20:36:26;SKU-002;1;12000;1000;CASH
REC-20260815-STORE_05-0244;STORE_05;CASH-01;2026-08-15 20:36:26;SKU-001;1;45000;0;CARD
REC-20260815-STORE_05-0245;STORE_05;CASH-08;2026-08-15 8:00:13;SKU-003;3;45000;0;CARD
REC-20260815-STORE_05-0245;STORE_05;CASH-04;2026-08-15 8:00:13;SKU-001;2;45000;0;CARD
REC-20260815-STORE_05-0245;STORE_05;CASH-01;2026-08-15 8:00:13;SKU-013;1;12000;0;CASH
REC-20260815-STORE_05-0246;STORE_05;CASH-05;2026-08-15 20:31:43;SKU-003;4;45000;0;CASH
REC-20260815-STORE_05-0246;STORE_05;CASH-06;2026-08-15 20:31:43;SKU-005;4;5000;0;CASH
REC-20260815-STORE_05-0246;STORE_05;CASH-01;2026-08-15 20:31:43;SKU-001;1;45000;0;CASH
REC-20260815-STORE_05-0246;STORE_05;CASH-06;2026-08-15 20:31:43;SKU-006;1;45000;0;CARD
REC-20260815-STORE_05-0246;STORE_05;CASH-02;2026-08-15 20:31:43;SKU-012;4;45000;500;CARD
REC-20260815-STORE_05-0247;STORE_05;CASH-09;2026-08-15 8:10:38;SKU-002;2;12000;500;CARD
REC-20260815-STORE_05-0248;STORE_05;CASH-10;2026-08-15 17:13:32;SKU-003;2;45000;0;CARD
REC-20260815-STORE_05-0248;STORE_05;CASH-08;2026-08-15 17:13:32;SKU-002;3;12000;1000;CARD
REC-20260815-STORE_05-0248;STORE_05;CASH-10;2026-08-15 17:13:32;SKU-001;2;45000;0;CARD
REC-20260815-STORE_05-0248;STORE_05;CASH-01;2026-08-15 17:13:32;SKU-032;3;25000;500;CASH
REC-20260815-STORE_05-0248;STORE_05;CASH-06;2026-08-15 17:13:32;SKU-001;2;45000;1000;CASH
REC-20260815-STORE_05-0249;STORE_05;CASH-06;2026-08-15 21:21:27;SKU-013;4;12000;0;CASH
REC-20260815-STORE_05-0249;STORE_05;CASH-03;2026-08-15 21:21:27;SKU-004;1;25000;0;CARD
REC-20260815-STORE_05-0249;STORE_05;CASH-07;2026-08-15 21:21:27;SKU-004;1;25000;1000;CASH
REC-20260815-STORE_05-0249;STORE_05;CASH-03;2026-08-15 21:21:27;SKU-050;4;25000;1000;CASH
REC-20260815-STORE_05-0250;STORE_05;CASH-06;2026-08-15 19:12:00;SKU-007;2;12000;0;CARD
REC-20260815-STORE_05-0251;STORE_05;CASH-03;2026-08-15 13:41:10;SKU-003;1;45000;500;CARD
REC-20260815-STORE_05-0251;STORE_05;CASH-10;2026-08-15 13:41:10;SKU-005;3;5000;0;CARD
REC-20260815-STORE_05-0251;STORE_05;CASH-09;2026-08-15 13:41:10;SKU-001;3;45000;0;CARD
REC-20260815-STORE_05-0251;STORE_05;CASH-09;2026-08-15 13:41:10;SKU-002;3;12000;0;CARD
REC-20260815-STORE_05-0251;STORE_05;CASH-10;2026-08-15 13:41:10;SKU-008;2;12000;0;CARD
REC-20260815-STORE_05-0252;STORE_05;CASH-04;2026-08-15 20:39:20;SKU-001;1;45000;500;CARD
REC-20260815-STORE_05-0252;STORE_05;CASH-03;2026-08-15 20:39:20;SKU-019;4;25000;1000;CASH
REC-20260815-STORE_05-0252;STORE_05;CASH-04;2026-08-15 20:39:20;SKU-015;1;5000;500;CARD
REC-20260815-STORE_05-0253;STORE_05;CASH-07;2026-08-15 14:13:46;SKU-009;4;25000;0;CARD
REC-20260815-STORE_05-0254;STORE_05;CASH-09;2026-08-15 20:59:24;SKU-001;1;45000;1000;CASH
REC-20260815-STORE_05-0255;STORE_05;CASH-07;2026-08-15 15:05:31;SKU-030;2;45000;1000;CARD
REC-20260815-STORE_05-0255;STORE_05;CASH-09;2026-08-15 15:05:31;SKU-001;1;45000;1000;CARD
REC-20260815-STORE_05-0255;STORE_05;CASH-07;2026-08-15 15:05:31;SKU-002;3;12000;0;CASH
REC-20260815-STORE_05-0255;STORE_05;CASH-09;2026-08-15 15:05:31;SKU-003;3;45000;0;CARD
REC-20260815-STORE_05-0255;STORE_05;CASH-04;2026-08-15 15:05:31;SKU-010;2;25000;0;CASH
REC-20260815-STORE_05-0256;STORE_05;CASH-05;2026-08-15 21:19:57;SKU-002;4;12000;500;CASH
REC-20260815-STORE_05-0257;STORE_05;CASH-02;2026-08-15 20:51:29;SKU-001;2;45000;500;CASH
REC-20260815-STORE_05-0258;STORE_05;CASH-04;2026-08-15 19:35:32;SKU-039;1;5000;0;CARD
REC-20260815-STORE_05-0258;STORE_05;CASH-01;2026-08-15 19:35:32;SKU-038;4;12000;1000;CARD
REC-20260815-STORE_05-0258;STORE_05;CASH-05;2026-08-15 19:35:32;SKU-001;4;45000;1000;CARD
REC-20260815-STORE_05-0258;STORE_05;CASH-08;2026-08-15 19:35:32;SKU-029;3;5000;0;CARD
REC-20260815-STORE_05-0259;STORE_05;CASH-04;2026-08-15 18:29:37;SKU-008;3;12000;0;CARD
REC-20260815-STORE_05-0259;STORE_05;CASH-08;2026-08-15 18:29:37;SKU-010;1;25000;0;CARD
REC-20260815-STORE_05-0260;STORE_05;CASH-10;2026-08-15 18:38:51;SKU-003;4;45000;0;CASH
REC-20260815-STORE_05-0260;STORE_05;CASH-05;2026-08-15 18:38:51;SKU-010;3;25000;1000;CARD
REC-20260815-STORE_05-0261;STORE_05;CASH-03;2026-08-15 8:42:26;SKU-017;3;12000;0;CASH
REC-20260815-STORE_05-0261;STORE_05;CASH-03;2026-08-15 8:42:26;SKU-043;2;25000;0;CASH
REC-20260815-STORE_05-0261;STORE_05;CASH-10;2026-08-15 8:42:26;SKU-003;2;45000;0;CARD
REC-20260815-STORE_05-0261;STORE_05;CASH-09;2026-08-15 8:42:26;SKU-001;1;45000;0;CARD
REC-20260815-STORE_05-0262;STORE_05;CASH-05;2026-08-15 20:48:06;SKU-003;4;45000;0;CASH
REC-20260815-STORE_05-0262;STORE_05;CASH-03;2026-08-15 20:48:06;SKU-003;3;45000;0;CARD
REC-20260815-STORE_05-0262;STORE_05;CASH-06;2026-08-15 20:48:06;SKU-045;4;45000;0;CARD
REC-20260815-STORE_05-0262;STORE_05;CASH-01;2026-08-15 20:48:06;SKU-027;3;5000;1000;CARD
REC-20260815-STORE_05-0262;STORE_05;CASH-02;2026-08-15 20:48:06;SKU-002;1;12000;0;CASH
REC-20260815-STORE_05-0263;STORE_05;CASH-08;2026-08-15 11:04:46;SKU-029;4;5000;0;CARD
REC-20260815-STORE_05-0264;STORE_05;CASH-09;2026-08-15 11:58:27;SKU-038;2;12000;0;CARD
REC-20260815-STORE_05-0264;STORE_05;CASH-09;2026-08-15 11:58:27;SKU-010;2;25000;500;CARD
REC-20260815-STORE_05-0264;STORE_05;CASH-04;2026-08-15 11:58:27;SKU-022;4;12000;1000;CASH
REC-20260815-STORE_05-0265;STORE_05;CASH-06;2026-08-15 9:33:52;SKU-001;2;45000;0;CARD
REC-20260815-STORE_05-0265;STORE_05;CASH-04;2026-08-15 9:33:52;SKU-003;1;45000;0;CASH
REC-20260815-STORE_05-0265;STORE_05;CASH-03;2026-08-15 9:33:52;SKU-041;4;25000;0;CASH
REC-20260815-STORE_05-0265;STORE_05;CASH-07;2026-08-15 9:33:52;SKU-017;3;12000;0;CARD
REC-20260815-STORE_05-0265;STORE_05;CASH-06;2026-08-15 9:33:52;SKU-009;4;25000;0;CASH
REC-20260815-STORE_05-0266;STORE_05;CASH-02;2026-08-15 8:12:58;SKU-033;2;5000;1000;CARD
REC-20260815-STORE_05-0266;STORE_05;CASH-02;2026-08-15 8:12:58;SKU-030;3;45000;0;CARD
REC-20260815-STORE_05-0267;STORE_05;CASH-07;2026-08-15 12:35:02;SKU-007;3;12000;0;CASH
REC-20260815-STORE_05-0267;STORE_05;CASH-03;2026-08-15 12:35:02;SKU-009;2;25000;0;CARD
REC-20260815-STORE_05-0267;STORE_05;CASH-07;2026-08-15 12:35:02;SKU-048;4;25000;0;CARD
REC-20260815-STORE_05-0268;STORE_05;CASH-08;2026-08-15 10:12:43;SKU-002;1;12000;0;CARD
REC-20260815-STORE_05-0268;STORE_05;CASH-06;2026-08-15 10:12:43;SKU-004;3;25000;0;CARD
REC-20260815-STORE_05-0268;STORE_05;CASH-03;2026-08-15 10:12:43;SKU-007;3;12000;1000;CARD
REC-20260815-STORE_05-0268;STORE_05;CASH-10;2026-08-15 10:12:43;SKU-003;3;45000;1000;CARD
REC-20260815-STORE_05-0269;STORE_05;CASH-01;2026-08-15 11:28:38;SKU-005;2;5000;0;CASH
REC-20260815-STORE_05-0269;STORE_05;CASH-01;2026-08-15 11:28:38;SKU-007;2;12000;0;CASH
REC-20260815-STORE_05-0269;STORE_05;CASH-08;2026-08-15 11:28:38;SKU-045;3;45000;0;CARD
REC-20260815-STORE_05-0269;STORE_05;CASH-05;2026-08-15 11:28:38;SKU-010;4;25000;0;CARD
REC-20260815-STORE_05-0270;STORE_05;CASH-05;2026-08-15 16:29:31;SKU-005;1;5000;500;CASH
REC-20260815-STORE_05-0270;STORE_05;CASH-08;2026-08-15 16:29:31;SKU-009;4;25000;0;CARD
REC-20260815-STORE_05-0270;STORE_05;CASH-10;2026-08-15 16:29:31;SKU-008;1;12000;0;CARD
REC-20260815-STORE_05-0270;STORE_05;CASH-08;2026-08-15 16:29:31;SKU-013;1;12000;1000;CARD
REC-20260815-STORE_05-0270;STORE_05;CASH-08;2026-08-15 16:29:31;SKU-001;3;45000;0;CASH
REC-20260815-STORE_05-0271;STORE_05;CASH-03;2026-08-15 10:49:26;SKU-039;3;5000;0;CARD
REC-20260815-STORE_05-0271;STORE_05;CASH-03;2026-08-15 10:49:26;SKU-004;1;25000;0;CARD
REC-20260815-STORE_05-0271;STORE_05;CASH-08;2026-08-15 10:49:26;SKU-014;4;5000;1000;CASH
REC-20260815-STORE_05-0271;STORE_05;CASH-05;2026-08-15 10:49:26;SKU-017;2;12000;0;CARD
REC-20260815-STORE_05-0271;STORE_05;CASH-06;2026-08-15 10:49:26;SKU-010;3;25000;500;CARD
REC-20260815-STORE_05-0272;STORE_05;CASH-08;2026-08-15 9:32:28;SKU-003;1;45000;1000;CASH
REC-20260815-STORE_05-0273;STORE_05;CASH-09;2026-08-15 11:18:15;SKU-002;4;12000;1000;CARD
REC-20260815-STORE_05-0273;STORE_05;CASH-04;2026-08-15 11:18:15;SKU-013;4;12000;0;CARD
REC-20260815-STORE_05-0273;STORE_05;CASH-05;2026-08-15 11:18:15;SKU-001;3;45000;1000;CASH
REC-20260815-STORE_05-0273;STORE_05;CASH-04;2026-08-15 11:18:15;SKU-003;3;45000;0;CASH
REC-20260815-STORE_05-0274;STORE_05;CASH-09;2026-08-15 17:18:42;SKU-001;4;45000;0;CARD
REC-20260815-STORE_05-0275;STORE_05;CASH-02;2026-08-15 19:35:30;SKU-017;3;12000;0;CASH
REC-20260815-STORE_05-0275;STORE_05;CASH-07;2026-08-15 19:35:30;SKU-009;1;25000;0;CARD
REC-20260815-STORE_05-0276;STORE_05;CASH-06;2026-08-15 10:36:15;SKU-006;2;45000;0;CARD
REC-20260815-STORE_05-0277;STORE_05;CASH-03;2026-08-15 16:44:02;SKU-011;4;5000;500;CARD
REC-20260815-STORE_05-0277;STORE_05;CASH-09;2026-08-15 16:44:02;SKU-001;3;45000;0;CARD
REC-20260815-STORE_05-0278;STORE_05;CASH-07;2026-08-15 15:03:13;SKU-025;1;5000;0;CARD
REC-20260815-STORE_05-0278;STORE_05;CASH-08;2026-08-15 15:03:13;SKU-048;2;25000;0;CARD
REC-20260815-STORE_05-0279;STORE_05;CASH-10;2026-08-15 17:04:30;SKU-006;3;45000;0;CASH
REC-20260815-STORE_05-0279;STORE_05;CASH-05;2026-08-15 17:04:30;SKU-001;2;45000;0;CARD
REC-20260815-STORE_05-0280;STORE_05;CASH-08;2026-08-15 9:56:03;SKU-001;3;45000;500;CARD
REC-20260815-STORE_05-0280;STORE_05;CASH-07;2026-08-15 9:56:03;SKU-044;3;5000;0;CARD
REC-20260815-STORE_05-0280;STORE_05;CASH-06;2026-08-15 9:56:03;SKU-038;4;12000;0;CARD
REC-20260815-STORE_05-0281;STORE_05;CASH-05;2026-08-15 20:01:29;SKU-001;3;45000;1000;CARD
REC-20260815-STORE_05-0281;STORE_05;CASH-02;2026-08-15 20:01:29;SKU-003;3;45000;0;CARD
REC-20260815-STORE_05-0281;STORE_05;CASH-08;2026-08-15 20:01:29;SKU-002;2;12000;500;CARD
REC-20260815-STORE_05-0281;STORE_05;CASH-02;2026-08-15 20:01:29;SKU-002;2;12000;0;CASH
REC-20260815-STORE_05-0281;STORE_05;CASH-06;2026-08-15 20:01:29;SKU-001;4;45000;1000;CARD
REC-20260815-STORE_05-0282;STORE_05;CASH-10;2026-08-15 16:03:59;SKU-022;3;12000;0;CARD
REC-20260815-STORE_05-0282;STORE_05;CASH-10;2026-08-15 16:03:59;SKU-002;3;12000;500;CASH
REC-20260815-STORE_05-0282;STORE_05;CASH-01;2026-08-15 16:03:59;SKU-002;2;12000;0;CARD
REC-20260815-STORE_05-0283;STORE_05;CASH-06;2026-08-15 8:45:29;SKU-031;4;45000;500;CARD
REC-20260815-STORE_05-0284;STORE_05;CASH-04;2026-08-15 17:03:31;SKU-001;3;45000;0;CARD
REC-20260815-STORE_05-0285;STORE_05;CASH-08;2026-08-15 8:41:54;SKU-002;3;12000;1000;CARD
REC-20260815-STORE_05-0285;STORE_05;CASH-02;2026-08-15 8:41:54;SKU-001;2;45000;1000;CARD
REC-20260815-STORE_05-0285;STORE_05;CASH-07;2026-08-15 8:41:54;SKU-002;1;12000;1000;CASH
REC-20260815-STORE_05-0285;STORE_05;CASH-05;2026-08-15 8:41:54;SKU-002;2;12000;500;CASH
REC-20260815-STORE_05-0285;STORE_05;CASH-10;2026-08-15 8:41:54;SKU-011;1;5000;1000;CARD
REC-20260815-STORE_05-0286;STORE_05;CASH-05;2026-08-15 9:59:46;SKU-006;3;45000;1000;CARD
REC-20260815-STORE_05-0286;STORE_05;CASH-02;2026-08-15 9:59:46;SKU-045;1;45000;500;CARD
REC-20260815-STORE_05-0287;STORE_05;CASH-03;2026-08-15 20:13:02;SKU-004;3;25000;0;CASH
REC-20260815-STORE_05-0287;STORE_05;CASH-07;2026-08-15 20:13:02;SKU-030;3;45000;0;CARD
REC-20260815-STORE_05-0287;STORE_05;CASH-05;2026-08-15 20:13:02;SKU-016;1;25000;1000;CARD
REC-20260815-STORE_05-0287;STORE_05;CASH-09;2026-08-15 20:13:02;SKU-006;1;45000;0;CASH
REC-20260815-STORE_05-0288;STORE_05;CASH-01;2026-08-15 20:15:08;SKU-019;3;25000;0;CARD
REC-20260815-STORE_05-0288;STORE_05;CASH-09;2026-08-15 20:15:08;SKU-001;2;45000;0;CASH
REC-20260815-STORE_05-0288;STORE_05;CASH-03;2026-08-15 20:15:08;SKU-014;3;5000;500;CASH
REC-20260815-STORE_05-0288;STORE_05;CASH-06;2026-08-15 20:15:08;SKU-042;3;5000;1000;CARD
REC-20260815-STORE_05-0288;STORE_05;CASH-03;2026-08-15 20:15:08;SKU-014;3;5000;500;CARD
REC-20260815-STORE_05-0289;STORE_05;CASH-10;2026-08-15 11:16:59;SKU-008;2;12000;0;CASH
REC-20260815-STORE_05-0289;STORE_05;CASH-10;2026-08-15 11:16:59;SKU-001;4;45000;0;CARD
REC-20260815-STORE_05-0289;STORE_05;CASH-03;2026-08-15 11:16:59;SKU-001;3;45000;0;CASH
REC-20260815-STORE_05-0290;STORE_05;CASH-08;2026-08-15 14:34:54;SKU-005;2;5000;0;CARD
REC-20260815-STORE_05-0290;STORE_05;CASH-04;2026-08-15 14:34:54;SKU-003;2;45000;0;CASH
REC-20260815-STORE_05-0290;STORE_05;CASH-04;2026-08-15 14:34:54;SKU-002;3;12000;0;CASH
REC-20260815-STORE_05-0290;STORE_05;CASH-02;2026-08-15 14:34:54;SKU-002;2;12000;1000;CASH
REC-20260815-STORE_05-0290;STORE_05;CASH-08;2026-08-15 14:34:54;SKU-002;2;12000;1000;CARD
REC-20260815-STORE_05-0291;STORE_05;CASH-07;2026-08-15 15:25:27;SKU-004;3;25000;500;CARD
REC-20260815-STORE_05-0291;STORE_05;CASH-04;2026-08-15 15:25:27;SKU-006;1;45000;0;CARD
REC-20260815-STORE_05-0291;STORE_05;CASH-05;2026-08-15 15:25:27;SKU-005;3;5000;0;CASH
REC-20260815-STORE_05-0292;STORE_05;CASH-02;2026-08-15 16:59:52;SKU-002;3;12000;0;CASH
REC-20260815-STORE_05-0292;STORE_05;CASH-06;2026-08-15 16:59:52;SKU-004;3;25000;0;CARD
REC-20260815-STORE_05-0292;STORE_05;CASH-09;2026-08-15 16:59:52;SKU-006;4;45000;0;CASH
REC-20260815-STORE_05-0293;STORE_05;CASH-07;2026-08-15 18:58:05;SKU-003;3;45000;0;CARD
REC-20260815-STORE_05-0293;STORE_05;CASH-04;2026-08-15 18:58:05;SKU-013;1;12000;1000;CARD
REC-20260815-STORE_05-0294;STORE_05;CASH-06;2026-08-15 18:15:47;SKU-025;2;5000;0;CARD
REC-20260815-STORE_05-0295;STORE_05;CASH-01;2026-08-15 11:07:18;SKU-007;3;12000;0;CARD
REC-20260815-STORE_05-0295;STORE_05;CASH-10;2026-08-15 11:07:18;SKU-001;1;45000;0;CASH
REC-20260815-STORE_05-0296;STORE_05;CASH-09;2026-08-15 8:21:27;SKU-001;3;45000;0;CARD
REC-20260815-STORE_05-0297;STORE_05;CASH-09;2026-08-15 8:47:17;SKU-001;2;45000;0;CARD
REC-20260815-STORE_05-0298;STORE_05;CASH-03;2026-08-15 16:38:15;SKU-024;3;12000;1000;CARD
REC-20260815-STORE_05-0298;STORE_05;CASH-08;2026-08-15 16:38:15;SKU-009;1;25000;0;CASH
REC-20260815-STORE_05-0298;STORE_05;CASH-01;2026-08-15 16:38:15;SKU-004;3;25000;1000;CARD
REC-20260815-STORE_05-0298;STORE_05;CASH-09;2026-08-15 16:38:15;SKU-004;4;25000;0;CARD
REC-20260815-STORE_05-0299;STORE_05;CASH-10;2026-08-15 20:57:17;SKU-034;4;25000;500;CASH
REC-20260815-STORE_05-0299;STORE_05;CASH-05;2026-08-15 20:57:17;SKU-039;1;5000;0;CARD
REC-20260815-STORE_05-0300;STORE_05;CASH-03;2026-08-15 11:11:15;SKU-020;1;12000;500;CASH
REC-20260815-STORE_05-0300;STORE_05;CASH-10;2026-08-15 11:11:15;SKU-031;1;45000;0;CARD
REC-20260815-STORE_05-0300;STORE_05;CASH-10;2026-08-15 11:11:15;SKU-023;4;45000;0;CARD
REC-20260815-STORE_05-0300;STORE_05;CASH-10;2026-08-15 11:11:15;SKU-004;2;25000;0;CARD
REC-20260815-STORE_05-0300;STORE_05;CASH-07;2026-08-15 11:11:15;SKU-019;3;25000;0;CARD
REC-20260815-STORE_05-0301;STORE_05;CASH-06;2026-08-15 12:42:07;SKU-006;4;45000;0;CARD
REC-20260815-STORE_05-0301;STORE_05;CASH-07;2026-08-15 12:42:07;SKU-001;2;45000;0;CASH
REC-20260815-STORE_05-0301;STORE_05;CASH-01;2026-08-15 12:42:07;SKU-027;1;5000;0;CARD
REC-20260815-STORE_05-0301;STORE_05;CASH-03;2026-08-15 12:42:07;SKU-005;1;5000;500;CASH
REC-20260815-STORE_05-0301;STORE_05;CASH-04;2026-08-15 12:42:07;SKU-009;4;25000;500;CASH
REC-20260815-STORE_05-0302;STORE_05;CASH-03;2026-08-15 13:54:51;SKU-048;1;25000;500;CARD
REC-20260815-STORE_05-0303;STORE_05;CASH-07;2026-08-15 20:29:43;SKU-001;2;45000;0;CARD
REC-20260815-STORE_05-0304;STORE_05;CASH-05;2026-08-15 8:50:32;SKU-003;3;45000;500;CASH
REC-20260815-STORE_05-0304;STORE_05;CASH-07;2026-08-15 8:50:32;SKU-021;2;5000;1000;CASH
REC-20260815-STORE_05-0305;STORE_05;CASH-05;2026-08-15 21:02:24;SKU-022;1;12000;1000;CASH
REC-20260815-STORE_05-0305;STORE_05;CASH-06;2026-08-15 21:02:24;SKU-015;3;5000;0;CASH
REC-20260815-STORE_05-0306;STORE_05;CASH-07;2026-08-15 13:05:19;SKU-021;2;5000;0;CARD
REC-20260815-STORE_05-0306;STORE_05;CASH-01;2026-08-15 13:05:19;SKU-001;1;45000;0;CASH
REC-20260815-STORE_05-0307;STORE_05;CASH-10;2026-08-15 20:40:46;SKU-003;3;45000;500;CASH
REC-20260815-STORE_05-0307;STORE_05;CASH-08;2026-08-15 20:40:46;SKU-012;2;45000;500;CARD
REC-20260815-STORE_05-0308;STORE_05;CASH-10;2026-08-15 19:23:04;SKU-002;1;12000;0;CARD
REC-20260815-STORE_05-0308;STORE_05;CASH-02;2026-08-15 19:23:04;SKU-017;2;12000;0;CASH
REC-20260815-STORE_05-0308;STORE_05;CASH-02;2026-08-15 19:23:04;SKU-005;3;5000;1000;CARD
REC-20260815-STORE_05-0308;STORE_05;CASH-03;2026-08-15 19:23:04;SKU-005;1;5000;0;CARD
REC-20260815-STORE_05-0308;STORE_05;CASH-07;2026-08-15 19:23:04;SKU-001;2;45000;500;CASH
REC-20260815-STORE_05-0309;STORE_05;CASH-07;2026-08-15 12:09:56;SKU-003;4;45000;1000;CARD
REC-20260815-STORE_05-0310;STORE_05;CASH-01;2026-08-15 17:08:25;SKU-026;1;12000;0;CARD
REC-20260815-STORE_05-0310;STORE_05;CASH-07;2026-08-15 17:08:25;SKU-001;3;45000;0;CARD
REC-20260815-STORE_05-0311;STORE_05;CASH-04;2026-08-15 20:21:05;SKU-041;1;25000;0;CARD
REC-20260815-STORE_05-0312;STORE_05;CASH-09;2026-08-15 12:43:31;SKU-017;3;12000;0;CARD
REC-20260815-STORE_05-0312;STORE_05;CASH-03;2026-08-15 12:43:31;SKU-001;3;45000;0;CARD
REC-20260815-STORE_05-0312;STORE_05;CASH-04;2026-08-15 12:43:31;SKU-004;1;25000;0;CARD
REC-20260815-STORE_05-0312;STORE_05;CASH-03;2026-08-15 12:43:31;SKU-001;3;45000;1000;CASH
REC-20260815-STORE_05-0312;STORE_05;CASH-09;2026-08-15 12:43:31;SKU-012;4;45000;0;CARD
REC-20260815-STORE_05-0313;STORE_05;CASH-06;2026-08-15 16:26:47;SKU-012;1;45000;0;CARD
REC-20260815-STORE_05-0313;STORE_05;CASH-03;2026-08-15 16:26:47;SKU-030;1;45000;0;CARD
REC-20260815-STORE_05-0313;STORE_05;CASH-10;2026-08-15 16:26:47;SKU-008;4;12000;500;CASH
REC-20260815-STORE_05-0313;STORE_05;CASH-09;2026-08-15 16:26:47;SKU-040;4;25000;0;CARD
REC-20260815-STORE_05-0313;STORE_05;CASH-01;2026-08-15 16:26:47;SKU-001;1;45000;1000;CASH
REC-20260815-STORE_05-0314;STORE_05;CASH-03;2026-08-15 15:18:20;SKU-003;1;45000;1000;CARD
REC-20260815-STORE_05-0314;STORE_05;CASH-05;2026-08-15 15:18:20;SKU-001;1;45000;0;CARD
REC-20260815-STORE_05-0315;STORE_05;CASH-03;2026-08-15 10:52:58;SKU-044;1;5000;0;CARD
REC-20260815-STORE_05-0315;STORE_05;CASH-09;2026-08-15 10:52:58;SKU-001;3;45000;0;CARD
REC-20260815-STORE_05-0315;STORE_05;CASH-07;2026-08-15 10:52:58;SKU-011;1;5000;0;CASH
REC-20260815-STORE_05-0315;STORE_05;CASH-10;2026-08-15 10:52:58;SKU-001;1;45000;0;CASH
REC-20260815-STORE_05-0315;STORE_05;CASH-06;2026-08-15 10:52:58;SKU-005;1;5000;0;CASH
REC-20260815-STORE_05-0316;STORE_05;CASH-02;2026-08-15 17:02:09;SKU-026;3;12000;500;CARD
REC-20260815-STORE_05-0316;STORE_05;CASH-05;2026-08-15 17:02:09;SKU-004;2;25000;0;CASH
REC-20260815-STORE_05-0316;STORE_05;CASH-01;2026-08-15 17:02:09;SKU-009;4;25000;0;CARD
REC-20260815-STORE_05-0316;STORE_05;CASH-05;2026-08-15 17:02:09;SKU-001;2;45000;0;CASH
REC-20260815-STORE_05-0317;STORE_05;CASH-06;2026-08-15 15:17:43;SKU-030;2;45000;500;CASH
REC-20260815-STORE_05-0317;STORE_05;CASH-10;2026-08-15 15:17:43;SKU-001;4;45000;0;CASH
REC-20260815-STORE_05-0317;STORE_05;CASH-04;2026-08-15 15:17:43;SKU-002;2;12000;0;CARD
REC-20260815-STORE_05-0317;STORE_05;CASH-06;2026-08-15 15:17:43;SKU-010;2;25000;0;CARD
REC-20260815-STORE_05-0318;STORE_05;CASH-08;2026-08-15 10:39:02;SKU-001;1;45000;500;CARD
REC-20260815-STORE_05-0319;STORE_05;CASH-01;2026-08-15 11:01:19;SKU-007;2;12000;0;CASH
REC-20260815-STORE_05-0320;STORE_05;CASH-05;2026-08-15 14:23:11;SKU-002;1;12000;500;CASH
REC-20260815-STORE_05-0320;STORE_05;CASH-05;2026-08-15 14:23:11;SKU-001;1;45000;500;CARD
REC-20260815-STORE_05-0320;STORE_05;CASH-04;2026-08-15 14:23:11;SKU-001;1;45000;500;CASH
REC-20260815-STORE_05-0320;STORE_05;CASH-02;2026-08-15 14:23:11;SKU-008;1;12000;500;CARD
REC-20260815-STORE_05-0321;STORE_05;CASH-05;2026-08-15 9:22:57;SKU-003;3;45000;0;CARD
REC-20260815-STORE_05-0321;STORE_05;CASH-04;2026-08-15 9:22:57;SKU-003;4;45000;500;CARD
REC-20260815-STORE_05-0321;STORE_05;CASH-05;2026-08-15 9:22:57;SKU-009;2;25000;0;CARD
REC-20260815-STORE_05-0321;STORE_05;CASH-06;2026-08-15 9:22:57;SKU-044;3;5000;500;CARD
REC-20260815-STORE_05-0321;STORE_05;CASH-04;2026-08-15 9:22:57;SKU-001;3;45000;0;CARD
REC-20260815-STORE_05-0322;STORE_05;CASH-01;2026-08-15 11:23:05;SKU-027;4;5000;500;CARD
REC-20260815-STORE_05-0322;STORE_05;CASH-10;2026-08-15 11:23:05;SKU-007;1;12000;1000;CARD
REC-20260815-STORE_05-0322;STORE_05;CASH-09;2026-08-15 11:23:05;SKU-004;2;25000;1000;CARD
REC-20260815-STORE_05-0322;STORE_05;CASH-09;2026-08-15 11:23:05;SKU-002;2;12000;1000;CARD
REC-20260815-STORE_05-0322;STORE_05;CASH-03;2026-08-15 11:23:05;SKU-001;3;45000;0;CARD
REC-20260815-STORE_05-0323;STORE_05;CASH-04;2026-08-15 10:39:04;SKU-009;2;25000;0;CASH
REC-20260815-STORE_05-0323;STORE_05;CASH-01;2026-08-15 10:39:04;SKU-001;4;45000;0;CARD
REC-20260815-STORE_05-0324;STORE_05;CASH-02;2026-08-15 20:06:57;SKU-030;4;45000;1000;CARD
REC-20260815-STORE_05-0324;STORE_05;CASH-08;2026-08-15 20:06:57;SKU-001;1;45000;1000;CASH
REC-20260815-STORE_05-0324;STORE_05;CASH-02;2026-08-15 20:06:57;SKU-012;1;45000;500;CARD
REC-20260815-STORE_05-0325;STORE_05;CASH-09;2026-08-15 8:02:32;SKU-001;2;45000;500;CARD
REC-20260815-STORE_05-0325;STORE_05;CASH-08;2026-08-15 8:02:32;SKU-006;3;45000;0;CARD
REC-20260815-STORE_05-0325;STORE_05;CASH-05;2026-08-15 8:02:32;SKU-007;4;12000;0;CARD
REC-20260815-STORE_05-0326;STORE_05;CASH-10;2026-08-15 15:57:31;SKU-003;3;45000;500;CASH
REC-20260815-STORE_05-0326;STORE_05;CASH-04;2026-08-15 15:57:31;SKU-002;3;12000;0;CARD
REC-20260815-STORE_05-0327;STORE_05;CASH-05;2026-08-15 17:36:09;SKU-044;3;5000;0;CASH
REC-20260815-STORE_05-0327;STORE_05;CASH-10;2026-08-15 17:36:09;SKU-005;3;5000;1000;CARD
REC-20260815-STORE_05-0327;STORE_05;CASH-05;2026-08-15 17:36:09;SKU-008;4;12000;0;CASH
REC-20260815-STORE_05-0328;STORE_05;CASH-04;2026-08-15 10:29:57;SKU-018;3;5000;1000;CARD
REC-20260815-STORE_05-0328;STORE_05;CASH-10;2026-08-15 10:29:57;SKU-002;3;12000;0;CASH
REC-20260815-STORE_05-0328;STORE_05;CASH-04;2026-08-15 10:29:57;SKU-013;2;12000;0;CARD
REC-20260815-STORE_05-0328;STORE_05;CASH-05;2026-08-15 10:29:57;SKU-004;4;25000;0;CARD
REC-20260815-STORE_05-0329;STORE_05;CASH-08;2026-08-15 18:15:56;SKU-026;2;12000;0;CARD
REC-20260815-STORE_05-0329;STORE_05;CASH-02;2026-08-15 18:15:56;SKU-002;1;12000;0;CARD
REC-20260815-STORE_05-0329;STORE_05;CASH-04;2026-08-15 18:15:56;SKU-001;4;45000;0;CARD
REC-20260815-STORE_05-0329;STORE_05;CASH-02;2026-08-15 18:15:56;SKU-015;4;5000;500;CARD
REC-20260815-STORE_05-0329;STORE_05;CASH-08;2026-08-15 18:15:56;SKU-046;1;25000;0;CARD
REC-20260815-STORE_05-0330;STORE_05;CASH-04;2026-08-15 8:11:47;SKU-027;2;5000;0;CASH
REC-20260815-STORE_05-0330;STORE_05;CASH-10;2026-08-15 8:11:47;SKU-020;4;12000;0;CASH
REC-20260815-STORE_05-0330;STORE_05;CASH-08;2026-08-15 8:11:47;SKU-025;1;5000;0;CARD
REC-20260815-STORE_05-0330;STORE_05;CASH-03;2026-08-15 8:11:47;SKU-027;2;5000;500;CARD
REC-20260815-STORE_05-0330;STORE_05;CASH-04;2026-08-15 8:11:47;SKU-004;2;25000;500;CARD
REC-20260815-STORE_05-0331;STORE_05;CASH-08;2026-08-15 10:04:52;SKU-001;4;45000;0;CARD
REC-20260815-STORE_05-0331;STORE_05;CASH-05;2026-08-15 10:04:52;SKU-046;1;25000;1000;CARD
REC-20260815-STORE_05-0332;STORE_05;CASH-09;2026-08-15 17:42:09;SKU-002;4;12000;500;CARD
REC-20260815-STORE_05-0333;STORE_05;CASH-01;2026-08-15 16:53:37;SKU-014;3;5000;1000;CARD
REC-20260815-STORE_05-0333;STORE_05;CASH-07;2026-08-15 16:53:37;SKU-005;1;5000;0;CASH
REC-20260815-STORE_05-0334;STORE_05;CASH-02;2026-08-15 17:46:52;SKU-029;2;5000;0;CARD
REC-20260815-STORE_05-0334;STORE_05;CASH-04;2026-08-15 17:46:52;SKU-006;2;45000;500;CARD
REC-20260815-STORE_05-0334;STORE_05;CASH-06;2026-08-15 17:46:52;SKU-008;1;12000;500;CASH
REC-20260815-STORE_05-0334;STORE_05;CASH-05;2026-08-15 17:46:52;SKU-013;2;12000;0;CARD
REC-20260815-STORE_05-0335;STORE_05;CASH-08;2026-08-15 12:36:37;SKU-045;4;45000;0;CARD
REC-20260815-STORE_05-0335;STORE_05;CASH-03;2026-08-15 12:36:37;SKU-034;3;25000;0;CARD
REC-20260815-STORE_05-0335;STORE_05;CASH-09;2026-08-15 12:36:37;SKU-033;3;5000;0;CARD
REC-20260815-STORE_05-0335;STORE_05;CASH-09;2026-08-15 12:36:37;SKU-001;4;45000;0;CARD
REC-20260815-STORE_05-0335;STORE_05;CASH-06;2026-08-15 12:36:37;SKU-001;1;45000;0;CARD
REC-20260815-STORE_05-0336;STORE_05;CASH-07;2026-08-15 12:01:32;SKU-008;3;12000;0;CASH
REC-20260815-STORE_05-0336;STORE_05;CASH-10;2026-08-15 12:01:32;SKU-040;3;25000;500;CASH
REC-20260815-STORE_05-0337;STORE_05;CASH-04;2026-08-15 16:09:59;SKU-045;4;45000;0;CASH
REC-20260815-STORE_05-0337;STORE_05;CASH-05;2026-08-15 16:09:59;SKU-002;3;12000;500;CARD
REC-20260815-STORE_05-0338;STORE_05;CASH-07;2026-08-15 8:17:03;SKU-004;1;25000;500;CASH
REC-20260815-STORE_05-0338;STORE_05;CASH-03;2026-08-15 8:17:03;SKU-008;4;12000;500;CARD
REC-20260815-STORE_05-0338;STORE_05;CASH-03;2026-08-15 8:17:03;SKU-005;4;5000;1000;CARD
REC-20260815-STORE_05-0338;STORE_05;CASH-02;2026-08-15 8:17:03;SKU-005;4;5000;0;CARD
REC-20260815-STORE_05-0339;STORE_05;CASH-09;2026-08-15 18:13:56;SKU-011;2;5000;500;CARD
REC-20260815-STORE_05-0340;STORE_05;CASH-04;2026-08-15 11:08:13;SKU-005;4;5000;1000;CARD
REC-20260815-STORE_05-0340;STORE_05;CASH-09;2026-08-15 11:08:13;SKU-003;3;45000;500;CARD
REC-20260815-STORE_05-0341;STORE_05;CASH-06;2026-08-15 18:10:15;SKU-009;3;25000;0;CASH
REC-20260815-STORE_05-0341;STORE_05;CASH-10;2026-08-15 18:10:15;SKU-002;3;12000;0;CARD
REC-20260815-STORE_05-0341;STORE_05;CASH-01;2026-08-15 18:10:15;SKU-031;1;45000;0;CARD
REC-20260815-STORE_05-0342;STORE_05;CASH-03;2026-08-15 12:40:34;SKU-020;3;12000;0;CARD
REC-20260815-STORE_05-0342;STORE_05;CASH-03;2026-08-15 12:40:34;SKU-018;2;5000;0;CARD
REC-20260815-STORE_05-0342;STORE_05;CASH-03;2026-08-15 12:40:34;SKU-001;4;45000;500;CARD
REC-20260815-STORE_05-0342;STORE_05;CASH-06;2026-08-15 12:40:34;SKU-045;1;45000;0;CASH
REC-20260815-STORE_05-0343;STORE_05;CASH-04;2026-08-15 8:52:17;SKU-013;3;12000;0;CARD
REC-20260815-STORE_05-0343;STORE_05;CASH-10;2026-08-15 8:52:17;SKU-006;1;45000;0;CARD
REC-20260815-STORE_05-0343;STORE_05;CASH-08;2026-08-15 8:52:17;SKU-003;4;45000;0;CARD
REC-20260815-STORE_05-0343;STORE_05;CASH-04;2026-08-15 8:52:17;SKU-004;1;25000;0;CASH
REC-20260815-STORE_05-0343;STORE_05;CASH-01;2026-08-15 8:52:17;SKU-028;3;5000;1000;CARD
REC-20260815-STORE_05-0344;STORE_05;CASH-10;2026-08-15 9:11:02;SKU-001;3;45000;0;CARD
REC-20260815-STORE_05-0344;STORE_05;CASH-06;2026-08-15 9:11:02;SKU-003;4;45000;0;CARD
REC-20260815-STORE_05-0344;STORE_05;CASH-05;2026-08-15 9:11:02;SKU-007;4;12000;1000;CASH
REC-20260815-STORE_05-0345;STORE_05;CASH-10;2026-08-15 11:42:08;SKU-003;1;45000;1000;CARD
REC-20260815-STORE_05-0345;STORE_05;CASH-04;2026-08-15 11:42:08;SKU-001;2;45000;0;CARD
REC-20260815-STORE_05-0345;STORE_05;CASH-04;2026-08-15 11:42:08;SKU-003;3;45000;0;CASH
REC-20260815-STORE_05-0345;STORE_05;CASH-02;2026-08-15 11:42:08;SKU-002;3;12000;1000;CARD
REC-20260815-STORE_05-0345;STORE_05;CASH-04;2026-08-15 11:42:08;SKU-004;3;25000;0;CARD
REC-20260815-STORE_05-0346;STORE_05;CASH-01;2026-08-15 17:35:29;SKU-002;1;12000;1000;CARD
REC-20260815-STORE_05-0346;STORE_05;CASH-01;2026-08-15 17:35:29;SKU-001;2;45000;0;CARD
REC-20260815-STORE_05-0346;STORE_05;CASH-04;2026-08-15 17:35:29;SKU-009;2;25000;500;CASH
REC-20260815-STORE_05-0346;STORE_05;CASH-10;2026-08-15 17:35:29;SKU-007;4;12000;0;CARD
REC-20260815-STORE_05-0346;STORE_05;CASH-04;2026-08-15 17:35:29;SKU-042;3;5000;500;CASH
REC-20260815-STORE_05-0347;STORE_05;CASH-04;2026-08-15 21:00:52;SKU-022;2;12000;0;CARD
REC-20260815-STORE_05-0347;STORE_05;CASH-10;2026-08-15 21:00:52;SKU-004;4;25000;500;CARD
REC-20260815-STORE_05-0348;STORE_05;CASH-05;2026-08-15 20:47:05;SKU-002;4;12000;1000;CARD
REC-20260815-STORE_05-0349;STORE_05;CASH-09;2026-08-15 19:15:08;SKU-017;2;12000;0;CARD
REC-20260815-STORE_05-0349;STORE_05;CASH-05;2026-08-15 19:15:08;SKU-017;4;12000;0;CASH
REC-20260815-STORE_05-0349;STORE_05;CASH-03;2026-08-15 19:15:08;SKU-011;2;5000;0;CARD
REC-20260815-STORE_05-0349;STORE_05;CASH-10;2026-08-15 19:15:08;SKU-001;1;45000;1000;CARD
REC-20260815-STORE_05-0349;STORE_05;CASH-06;2026-08-15 19:15:08;SKU-025;1;5000;500;CARD
REC-20260815-STORE_05-0350;STORE_05;CASH-05;2026-08-15 9:13:05;SKU-002;2;12000;1000;CARD
REC-20260815-STORE_05-0351;STORE_05;CASH-04;2026-08-15 11:44:20;SKU-001;4;45000;500;CARD
REC-20260815-STORE_05-0351;STORE_05;CASH-08;2026-08-15 11:44:20;SKU-050;3;25000;0;CARD
REC-20260815-STORE_05-0351;STORE_05;CASH-10;2026-08-15 11:44:20;SKU-002;4;12000;0;CARD
REC-20260815-STORE_05-0351;STORE_05;CASH-03;2026-08-15 11:44:20;SKU-021;1;5000;0;CARD
REC-20260815-STORE_05-0351;STORE_05;CASH-01;2026-08-15 11:44:20;SKU-011;4;5000;0;CASH
REC-20260815-STORE_05-0352;STORE_05;CASH-06;2026-08-15 16:56:14;SKU-004;2;25000;0;CASH
REC-20260815-STORE_05-0353;STORE_05;CASH-09;2026-08-15 12:34:04;SKU-022;3;12000;1000;CARD
REC-20260815-STORE_05-0353;STORE_05;CASH-02;2026-08-15 12:34:04;SKU-002;4;12000;1000;CASH
REC-20260815-STORE_05-0354;STORE_05;CASH-03;2026-08-15 16:36:48;SKU-031;1;45000;0;CARD
REC-20260815-STORE_05-0355;STORE_05;CASH-06;2026-08-15 12:15:15;SKU-001;4;45000;0;CASH
REC-20260815-STORE_05-0355;STORE_05;CASH-03;2026-08-15 12:15:15;SKU-001;1;45000;0;CARD
REC-20260815-STORE_05-0355;STORE_05;CASH-10;2026-08-15 12:15:15;SKU-014;4;5000;0;CARD
REC-20260815-STORE_05-0355;STORE_05;CASH-08;2026-08-15 12:15:15;SKU-001;4;45000;0;CARD
REC-20260815-STORE_05-0355;STORE_05;CASH-07;2026-08-15 12:15:15;SKU-006;4;45000;1000;CARD
REC-20260815-STORE_05-0356;STORE_05;CASH-01;2026-08-15 10:39:40;SKU-009;2;25000;0;CARD
REC-20260815-STORE_05-0356;STORE_05;CASH-03;2026-08-15 10:39:40;SKU-033;4;5000;0;CARD
REC-20260815-STORE_05-0356;STORE_05;CASH-10;2026-08-15 10:39:40;SKU-006;1;45000;0;CARD
REC-20260815-STORE_05-0356;STORE_05;CASH-02;2026-08-15 10:39:40;SKU-014;3;5000;0;CARD
REC-20260815-STORE_05-0357;STORE_05;CASH-05;2026-08-15 15:56:29;SKU-005;4;5000;0;CASH
REC-20260815-STORE_05-0357;STORE_05;CASH-08;2026-08-15 15:56:29;SKU-002;3;12000;1000;CARD
REC-20260815-STORE_05-0357;STORE_05;CASH-02;2026-08-15 15:56:29;SKU-013;2;12000;0;CARD
REC-20260815-STORE_05-0357;STORE_05;CASH-10;2026-08-15 15:56:29;SKU-006;4;45000;0;CARD
REC-20260815-STORE_05-0357;STORE_05;CASH-05;2026-08-15 15:56:29;SKU-007;1;12000;1000;CASH
REC-20260815-STORE_05-0358;STORE_05;CASH-08;2026-08-15 11:58:53;SKU-002;3;12000;0;CASH
REC-20260815-STORE_05-0358;STORE_05;CASH-08;2026-08-15 11:58:53;SKU-009;1;25000;0;CARD
REC-20260815-STORE_05-0358;STORE_05;CASH-03;2026-08-15 11:58:53;SKU-007;1;12000;0;CASH
REC-20260815-STORE_05-0358;STORE_05;CASH-03;2026-08-15 11:58:53;SKU-022;3;12000;1000;CARD
REC-20260815-STORE_05-0359;STORE_05;CASH-05;2026-08-15 17:43:17;SKU-004;4;25000;1000;CASH
REC-20260815-STORE_05-0359;STORE_05;CASH-04;2026-08-15 17:43:17;SKU-007;4;12000;0;CASH
REC-20260815-STORE_05-0359;STORE_05;CASH-08;2026-08-15 17:43:17;SKU-001;4;45000;0;CASH
REC-20260815-STORE_05-0360;STORE_05;CASH-08;2026-08-15 14:35:00;SKU-001;2;45000;1000;CASH
REC-20260815-STORE_05-0360;STORE_05;CASH-05;2026-08-15 14:35:00;SKU-024;2;12000;0;CASH
REC-20260815-STORE_05-0360;STORE_05;CASH-10;2026-08-15 14:35:00;SKU-001;3;45000;0;CASH
REC-20260815-STORE_05-0360;STORE_05;CASH-07;2026-08-15 14:35:00;SKU-001;4;45000;0;CARD
REC-20260815-STORE_05-0360;STORE_05;CASH-09;2026-08-15 14:35:00;SKU-042;4;5000;500;CARD
REC-20260815-STORE_05-0361;STORE_05;CASH-04;2026-08-15 11:23:28;SKU-050;2;25000;0;CASH
REC-20260815-STORE_05-0362;STORE_05;CASH-05;2026-08-15 16:31:51;SKU-019;3;25000;0;CARD
REC-20260815-STORE_05-0362;STORE_05;CASH-05;2026-08-15 16:31:51;SKU-001;3;45000;1000;CARD
REC-20260815-STORE_05-0362;STORE_05;CASH-03;2026-08-15 16:31:51;SKU-047;4;5000;500;CARD
REC-20260815-STORE_05-0363;STORE_05;CASH-03;2026-08-15 9:22:02;SKU-003;4;45000;0;CARD
REC-20260815-STORE_05-0363;STORE_05;CASH-03;2026-08-15 9:22:02;SKU-002;1;12000;0;CARD
REC-20260815-STORE_05-0363;STORE_05;CASH-08;2026-08-15 9:22:02;SKU-003;4;45000;500;CARD
REC-20260815-STORE_05-0363;STORE_05;CASH-08;2026-08-15 9:22:02;SKU-007;4;12000;0;CARD
REC-20260815-STORE_05-0363;STORE_05;CASH-02;2026-08-15 9:22:02;SKU-040;2;25000;1000;CARD
REC-20260815-STORE_05-0364;STORE_05;CASH-08;2026-08-15 21:20:21;SKU-016;4;25000;0;CARD
REC-20260815-STORE_05-0364;STORE_05;CASH-10;2026-08-15 21:20:21;SKU-001;3;45000;500;CASH
REC-20260815-STORE_05-0364;STORE_05;CASH-03;2026-08-15 21:20:21;SKU-025;4;5000;0;CARD
REC-20260815-STORE_05-0364;STORE_05;CASH-06;2026-08-15 21:20:21;SKU-030;4;45000;0;CARD
REC-20260815-STORE_05-0364;STORE_05;CASH-08;2026-08-15 21:20:21;SKU-002;1;12000;500;CARD
REC-20260815-STORE_05-0365;STORE_05;CASH-09;2026-08-15 20:53:41;SKU-026;3;12000;500;CARD
REC-20260815-STORE_05-0366;STORE_05;CASH-06;2026-08-15 12:50:49;SKU-003;2;45000;0;CARD
REC-20260815-STORE_05-0367;STORE_05;CASH-10;2026-08-15 18:56:38;SKU-013;4;12000;0;CARD
REC-20260815-STORE_05-0368;STORE_05;CASH-02;2026-08-15 13:47:20;SKU-015;4;5000;0;CASH
REC-20260815-STORE_05-0368;STORE_05;CASH-04;2026-08-15 13:47:20;SKU-020;4;12000;0;CASH
REC-20260815-STORE_05-0369;STORE_05;CASH-09;2026-08-15 15:08:53;SKU-016;3;25000;0;CASH
REC-20260815-STORE_05-0369;STORE_05;CASH-06;2026-08-15 15:08:53;SKU-020;4;12000;1000;CARD
REC-20260815-STORE_05-0369;STORE_05;CASH-05;2026-08-15 15:08:53;SKU-017;2;12000;0;CARD
REC-20260815-STORE_05-0369;STORE_05;CASH-07;2026-08-15 15:08:53;SKU-009;4;25000;0;CARD
REC-20260815-STORE_05-0369;STORE_05;CASH-06;2026-08-15 15:08:53;SKU-015;1;5000;0;CARD
REC-20260815-STORE_05-0370;STORE_05;CASH-04;2026-08-15 12:11:17;SKU-001;1;45000;0;CARD
REC-20260815-STORE_05-0371;STORE_05;CASH-08;2026-08-15 13:56:48;SKU-037;2;45000;0;CARD
REC-20260815-STORE_05-0371;STORE_05;CASH-10;2026-08-15 13:56:48;SKU-013;2;12000;1000;CARD
REC-20260815-STORE_05-0371;STORE_05;CASH-02;2026-08-15 13:56:48;SKU-001;4;45000;0;CASH
REC-20260815-STORE_05-0371;STORE_05;CASH-10;2026-08-15 13:56:48;SKU-003;4;45000;500;CARD
REC-20260815-STORE_05-0372;STORE_05;CASH-03;2026-08-15 9:42:15;SKU-046;3;25000;0;CASH
REC-20260815-STORE_05-0372;STORE_05;CASH-05;2026-08-15 9:42:15;SKU-008;2;12000;0;CARD
REC-20260815-STORE_05-0372;STORE_05;CASH-03;2026-08-15 9:42:15;SKU-004;4;25000;0;CASH
REC-20260815-STORE_05-0372;STORE_05;CASH-08;2026-08-15 9:42:15;SKU-006;2;45000;500;CARD
REC-20260815-STORE_05-0373;STORE_05;CASH-06;2026-08-15 12:00:47;SKU-009;4;25000;500;CASH
REC-20260815-STORE_05-0373;STORE_05;CASH-09;2026-08-15 12:00:47;SKU-016;2;25000;0;CARD
REC-20260815-STORE_05-0373;STORE_05;CASH-07;2026-08-15 12:00:47;SKU-011;1;5000;1000;CARD
REC-20260815-STORE_05-0373;STORE_05;CASH-03;2026-08-15 12:00:47;SKU-001;4;45000;0;CARD
REC-20260815-STORE_05-0373;STORE_05;CASH-04;2026-08-15 12:00:47;SKU-025;1;5000;500;CASH
REC-20260815-STORE_05-0374;STORE_05;CASH-10;2026-08-15 21:33:39;SKU-001;3;45000;500;CARD
REC-20260815-STORE_05-0374;STORE_05;CASH-09;2026-08-15 21:33:39;SKU-040;2;25000;500;CARD
REC-20260815-STORE_05-0374;STORE_05;CASH-02;2026-08-15 21:33:39;SKU-002;2;12000;0;CARD
REC-20260815-STORE_05-0374;STORE_05;CASH-06;2026-08-15 21:33:39;SKU-004;3;25000;500;CASH
REC-20260815-STORE_05-0375;STORE_05;CASH-02;2026-08-15 9:00:20;SKU-001;4;45000;500;CARD
REC-20260815-STORE_05-0375;STORE_05;CASH-02;2026-08-15 9:00:20;SKU-006;4;45000;1000;CARD
REC-20260815-STORE_05-0375;STORE_05;CASH-05;2026-08-15 9:00:20;SKU-005;3;5000;0;CARD
REC-20260815-STORE_05-0375;STORE_05;CASH-04;2026-08-15 9:00:20;SKU-003;2;45000;0;CARD
REC-20260815-STORE_05-0376;STORE_05;CASH-03;2026-08-15 8:00:22;SKU-001;4;45000;0;CASH
REC-20260815-STORE_05-0377;STORE_05;CASH-07;2026-08-15 11:18:38;SKU-008;1;12000;0;CASH
REC-20260815-STORE_05-0377;STORE_05;CASH-08;2026-08-15 11:18:38;SKU-006;1;45000;500;CASH
REC-20260815-STORE_05-0377;STORE_05;CASH-05;2026-08-15 11:18:38;SKU-002;3;12000;1000;CARD
REC-20260815-STORE_05-0377;STORE_05;CASH-06;2026-08-15 11:18:38;SKU-018;1;5000;0;CASH
REC-20260815-STORE_05-0378;STORE_05;CASH-09;2026-08-15 18:22:44;SKU-007;2;12000;1000;CARD
REC-20260815-STORE_05-0378;STORE_05;CASH-02;2026-08-15 18:22:44;SKU-007;2;12000;0;CARD
REC-20260815-STORE_05-0378;STORE_05;CASH-08;2026-08-15 18:22:44;SKU-014;1;5000;1000;CARD
REC-20260815-STORE_05-0378;STORE_05;CASH-03;2026-08-15 18:22:44;SKU-033;2;5000;0;CASH
REC-20260815-STORE_05-0379;STORE_05;CASH-06;2026-08-15 20:28:55;SKU-017;2;12000;1000;CASH
REC-20260815-STORE_05-0379;STORE_05;CASH-02;2026-08-15 20:28:55;SKU-020;2;12000;500;CASH
REC-20260815-STORE_05-0379;STORE_05;CASH-07;2026-08-15 20:28:55;SKU-007;4;12000;1000;CARD
REC-20260815-STORE_05-0379;STORE_05;CASH-02;2026-08-15 20:28:55;SKU-030;1;45000;0;CARD
REC-20260815-STORE_05-0379;STORE_05;CASH-07;2026-08-15 20:28:55;SKU-004;2;25000;0;CARD
REC-20260815-STORE_05-0380;STORE_05;CASH-03;2026-08-15 13:01:54;SKU-001;2;45000;0;CARD
REC-20260815-STORE_05-0380;STORE_05;CASH-02;2026-08-15 13:01:54;SKU-005;2;5000;1000;CASH
REC-20260815-STORE_05-0380;STORE_05;CASH-01;2026-08-15 13:01:54;SKU-001;4;45000;0;CARD
REC-20260815-STORE_05-0380;STORE_05;CASH-08;2026-08-15 13:01:54;SKU-017;4;12000;0;CARD
REC-20260815-STORE_05-0381;STORE_05;CASH-06;2026-08-15 11:31:56;SKU-015;1;5000;0;CASH
REC-20260815-STORE_05-0381;STORE_05;CASH-04;2026-08-15 11:31:56;SKU-001;2;45000;0;CARD
REC-20260815-STORE_05-0382;STORE_05;CASH-09;2026-08-15 16:16:32;SKU-007;1;12000;0;CASH
REC-20260815-STORE_05-0382;STORE_05;CASH-03;2026-08-15 16:16:32;SKU-006;1;45000;1000;CARD
REC-20260815-STORE_05-0383;STORE_05;CASH-03;2026-08-15 18:15:26;SKU-027;2;5000;500;CARD
REC-20260815-STORE_05-0384;STORE_05;CASH-03;2026-08-15 10:46:05;SKU-009;2;25000;0;CARD
REC-20260815-STORE_05-0384;STORE_05;CASH-06;2026-08-15 10:46:05;SKU-012;2;45000;500;CARD
REC-20260815-STORE_05-0384;STORE_05;CASH-08;2026-08-15 10:46:05;SKU-039;3;5000;0;CASH
REC-20260815-STORE_05-0385;STORE_05;CASH-01;2026-08-15 14:25:01;SKU-048;2;25000;1000;CARD
REC-20260815-STORE_05-0385;STORE_05;CASH-09;2026-08-15 14:25:01;SKU-008;2;12000;0;CASH
REC-20260815-STORE_05-0385;STORE_05;CASH-06;2026-08-15 14:25:01;SKU-001;4;45000;1000;CARD
REC-20260815-STORE_05-0385;STORE_05;CASH-01;2026-08-15 14:25:01;SKU-013;2;12000;500;CARD
REC-20260815-STORE_05-0385;STORE_05;CASH-06;2026-08-15 14:25:01;SKU-013;1;12000;500;CARD
REC-20260815-STORE_05-0386;STORE_05;CASH-07;2026-08-15 11:29:39;SKU-003;3;45000;1000;CASH
REC-20260815-STORE_05-0386;STORE_05;CASH-05;2026-08-15 11:29:39;SKU-004;1;25000;0;CASH
REC-20260815-STORE_05-0386;STORE_05;CASH-09;2026-08-15 11:29:39;SKU-007;1;12000;1000;CARD
REC-20260815-STORE_05-0386;STORE_05;CASH-10;2026-08-15 11:29:39;SKU-011;1;5000;0;CARD
REC-20260815-STORE_05-0386;STORE_05;CASH-03;2026-08-15 11:29:39;SKU-004;3;25000;0;CARD
REC-20260815-STORE_05-0387;STORE_05;CASH-02;2026-08-15 10:14:22;SKU-003;3;45000;0;CARD
REC-20260815-STORE_05-0387;STORE_05;CASH-08;2026-08-15 10:14:22;SKU-001;3;45000;500;CARD
REC-20260815-STORE_05-0387;STORE_05;CASH-01;2026-08-15 10:14:22;SKU-001;4;45000;0;CARD
REC-20260815-STORE_05-0387;STORE_05;CASH-07;2026-08-15 10:14:22;SKU-002;1;12000;0;CARD
REC-20260815-STORE_05-0388;STORE_05;CASH-07;2026-08-15 11:03:48;SKU-009;2;25000;500;CARD
REC-20260815-STORE_05-0388;STORE_05;CASH-09;2026-08-15 11:03:48;SKU-005;4;5000;0;CARD
REC-20260815-STORE_05-0389;STORE_05;CASH-06;2026-08-15 15:32:20;SKU-001;2;45000;500;CARD
REC-20260815-STORE_05-0389;STORE_05;CASH-04;2026-08-15 15:32:20;SKU-009;1;25000;0;CASH
REC-20260815-STORE_05-0390;STORE_05;CASH-06;2026-08-15 11:12:51;SKU-001;1;45000;0;CASH
REC-20260815-STORE_05-0390;STORE_05;CASH-03;2026-08-15 11:12:51;SKU-001;3;45000;500;CARD
REC-20260815-STORE_05-0390;STORE_05;CASH-02;2026-08-15 11:12:51;SKU-002;3;12000;0;CASH
REC-20260815-STORE_05-0390;STORE_05;CASH-05;2026-08-15 11:12:51;SKU-030;3;45000;0;CARD
REC-20260815-STORE_05-0390;STORE_05;CASH-10;2026-08-15 11:12:51;SKU-021;2;5000;0;CARD
REC-20260815-STORE_05-0391;STORE_05;CASH-09;2026-08-15 19:28:19;SKU-003;4;45000;0;CASH
REC-20260815-STORE_05-0391;STORE_05;CASH-06;2026-08-15 19:28:19;SKU-001;2;45000;0;CARD
REC-20260815-STORE_05-0392;STORE_05;CASH-04;2026-08-15 17:01:00;SKU-003;1;45000;0;CASH
REC-20260815-STORE_05-0392;STORE_05;CASH-07;2026-08-15 17:01:00;SKU-018;4;5000;0;CARD
REC-20260815-STORE_05-0392;STORE_05;CASH-08;2026-08-15 17:01:00;SKU-001;2;45000;1000;CARD
REC-20260815-STORE_05-0392;STORE_05;CASH-02;2026-08-15 17:01:00;SKU-014;2;5000;0;CARD
REC-20260815-STORE_05-0393;STORE_05;CASH-01;2026-08-15 11:30:44;SKU-009;3;25000;0;CARD
REC-20260815-STORE_05-0393;STORE_05;CASH-09;2026-08-15 11:30:44;SKU-003;2;45000;0;CARD
REC-20260815-STORE_05-0393;STORE_05;CASH-02;2026-08-15 11:30:44;SKU-029;1;5000;1000;CARD
REC-20260815-STORE_05-0393;STORE_05;CASH-06;2026-08-15 11:30:44;SKU-007;1;12000;1000;CARD
REC-20260815-STORE_05-0394;STORE_05;CASH-05;2026-08-15 15:21:04;SKU-015;1;5000;0;CASH
REC-20260815-STORE_05-0394;STORE_05;CASH-04;2026-08-15 15:21:04;SKU-035;3;5000;500;CASH
REC-20260815-STORE_05-0394;STORE_05;CASH-09;2026-08-15 15:21:04;SKU-001;2;45000;1000;CARD
REC-20260815-STORE_05-0394;STORE_05;CASH-08;2026-08-15 15:21:04;SKU-001;1;45000;0;CARD
REC-20260815-STORE_05-0395;STORE_05;CASH-03;2026-08-15 11:36:25;SKU-003;3;45000;500;CARD
REC-20260815-STORE_05-0395;STORE_05;CASH-07;2026-08-15 11:36:25;SKU-045;2;45000;1000;CASH
REC-20260815-STORE_05-0395;STORE_05;CASH-07;2026-08-15 11:36:25;SKU-023;3;45000;500;CARD
REC-20260815-STORE_05-0395;STORE_05;CASH-07;2026-08-15 11:36:25;SKU-004;3;25000;0;CARD
REC-20260815-STORE_05-0396;STORE_05;CASH-06;2026-08-15 19:45:05;SKU-014;3;5000;1000;CARD
REC-20260815-STORE_05-0396;STORE_05;CASH-08;2026-08-15 19:45:05;SKU-002;2;12000;0;CARD
REC-20260815-STORE_05-0397;STORE_05;CASH-07;2026-08-15 11:26:12;SKU-023;3;45000;1000;CARD
REC-20260815-STORE_05-0398;STORE_05;CASH-01;2026-08-15 15:32:42;SKU-002;2;12000;0;CASH
REC-20260815-STORE_05-0398;STORE_05;CASH-03;2026-08-15 15:32:42;SKU-001;1;45000;0;CARD
REC-20260815-STORE_05-0398;STORE_05;CASH-06;2026-08-15 15:32:42;SKU-001;4;45000;0;CARD
REC-20260815-STORE_05-0398;STORE_05;CASH-01;2026-08-15 15:32:42;SKU-001;4;45000;0;CARD
REC-20260815-STORE_05-0399;STORE_05;CASH-04;2026-08-15 8:47:00;SKU-002;1;12000;0;CARD
REC-20260815-STORE_05-0399;STORE_05;CASH-10;2026-08-15 8:47:00;SKU-014;4;5000;500;CARD
REC-20260815-STORE_05-0399;STORE_05;CASH-10;2026-08-15 8:47:00;SKU-039;2;5000;0;CASH
REC-20260815-STORE_05-0399;STORE_05;CASH-02;2026-08-15 8:47:00;SKU-036;1;45000;500;CARD
REC-20260815-STORE_05-0400;STORE_05;CASH-04;2026-08-15 12:03:43;SKU-003;3;45000;0;CASH
REC-20260815-STORE_05-0400;STORE_05;CASH-03;2026-08-15 12:03:43;SKU-001;1;45000;1000;CASH
REC-20260815-STORE_05-0400;STORE_05;CASH-03;2026-08-15 12:03:43;SKU-001;1;45000;500;CARD
REC-20260815-STORE_05-0400;STORE_05;CASH-08;2026-08-15 12:03:43;SKU-005;4;5000;1000;CASH
REC-20260815-STORE_05-0401;STORE_05;CASH-08;2026-08-15 19:52:49;SKU-035;3;5000;0;CARD
REC-20260815-STORE_05-0401;STORE_05;CASH-03;2026-08-15 19:52:49;SKU-001;1;45000;500;CARD
REC-20260815-STORE_05-0402;STORE_05;CASH-07;2026-08-15 11:25:28;SKU-004;4;25000;0;CARD
REC-20260815-STORE_05-0402;STORE_05;CASH-05;2026-08-15 11:25:28;SKU-001;3;45000;0;CARD
REC-20260815-STORE_05-0402;STORE_05;CASH-02;2026-08-15 11:25:28;SKU-026;4;12000;0;CASH
REC-20260815-STORE_05-0402;STORE_05;CASH-02;2026-08-15 11:25:28;SKU-005;3;5000;500;CARD
REC-20260815-STORE_05-0402;STORE_05;CASH-06;2026-08-15 11:25:28;SKU-001;4;45000;0;CASH
REC-20260815-STORE_05-0403;STORE_05;CASH-04;2026-08-15 18:51:56;SKU-006;4;45000;0;CARD
REC-20260815-STORE_05-0404;STORE_05;CASH-05;2026-08-15 21:54:23;SKU-004;3;25000;500;CARD
REC-20260815-STORE_05-0404;STORE_05;CASH-09;2026-08-15 21:54:23;SKU-001;1;45000;0;CARD
REC-20260815-STORE_05-0404;STORE_05;CASH-09;2026-08-15 21:54:23;SKU-027;3;5000;0;CASH
REC-20260815-STORE_05-0405;STORE_05;CASH-05;2026-08-15 20:51:14;SKU-009;4;25000;500;CASH
REC-20260815-STORE_05-0405;STORE_05;CASH-08;2026-08-15 20:51:14;SKU-012;1;45000;500;CASH
REC-20260815-STORE_05-0405;STORE_05;CASH-01;2026-08-15 20:51:14;SKU-004;1;25000;0;CARD
REC-20260815-STORE_05-0405;STORE_05;CASH-09;2026-08-15 20:51:14;SKU-041;3;25000;500;CARD
REC-20260815-STORE_05-0406;STORE_05;CASH-01;2026-08-15 8:38:51;SKU-002;2;12000;1000;CARD
REC-20260815-STORE_05-0406;STORE_05;CASH-05;2026-08-15 8:38:51;SKU-021;1;5000;0;CARD
REC-20260815-STORE_05-0406;STORE_05;CASH-09;2026-08-15 8:38:51;SKU-003;1;45000;0;CARD
REC-20260815-STORE_05-0406;STORE_05;CASH-10;2026-08-15 8:38:51;SKU-009;1;25000;0;CASH
REC-20260815-STORE_05-0406;STORE_05;CASH-03;2026-08-15 8:38:51;SKU-017;1;12000;1000;CARD
REC-20260815-STORE_05-0407;STORE_05;CASH-06;2026-08-15 12:00:44;SKU-002;4;12000;1000;CARD
REC-20260815-STORE_05-0407;STORE_05;CASH-05;2026-08-15 12:00:44;SKU-021;4;5000;0;CASH
REC-20260815-STORE_05-0408;STORE_05;CASH-08;2026-08-15 8:20:10;SKU-003;3;45000;1000;CARD
REC-20260815-STORE_05-0408;STORE_05;CASH-09;2026-08-15 8:20:10;SKU-001;2;45000;500;CARD
REC-20260815-STORE_05-0409;STORE_05;CASH-09;2026-08-15 11:59:13;SKU-028;2;5000;1000;CARD
REC-20260815-STORE_05-0409;STORE_05;CASH-10;2026-08-15 11:59:13;SKU-002;3;12000;1000;CARD
REC-20260815-STORE_05-0410;STORE_05;CASH-03;2026-08-15 11:04:07;SKU-003;1;45000;0;CARD
REC-20260815-STORE_05-0410;STORE_05;CASH-01;2026-08-15 11:04:07;SKU-005;1;5000;500;CARD
REC-20260815-STORE_05-0411;STORE_05;CASH-07;2026-08-15 13:44:02;SKU-030;2;45000;0;CASH
REC-20260815-STORE_05-0411;STORE_05;CASH-08;2026-08-15 13:44:02;SKU-003;4;45000;0;CASH
REC-20260815-STORE_05-0412;STORE_05;CASH-04;2026-08-15 16:31:25;SKU-009;2;25000;500;CASH
REC-20260815-STORE_05-0412;STORE_05;CASH-01;2026-08-15 16:31:25;SKU-005;1;5000;1000;CARD
REC-20260815-STORE_05-0412;STORE_05;CASH-09;2026-08-15 16:31:25;SKU-030;2;45000;500;CARD
REC-20260815-STORE_05-0412;STORE_05;CASH-06;2026-08-15 16:31:25;SKU-001;1;45000;0;CASH
REC-20260815-STORE_05-0413;STORE_05;CASH-04;2026-08-15 10:22:40;SKU-009;1;25000;0;CASH
REC-20260815-STORE_05-0413;STORE_05;CASH-06;2026-08-15 10:22:40;SKU-004;1;25000;500;CASH
REC-20260815-STORE_05-0413;STORE_05;CASH-06;2026-08-15 10:22:40;SKU-047;4;5000;0;CARD
REC-20260815-STORE_05-0413;STORE_05;CASH-03;2026-08-15 10:22:40;SKU-027;1;5000;1000;CASH
REC-20260815-STORE_05-0413;STORE_05;CASH-02;2026-08-15 10:22:40;SKU-002;3;12000;0;CARD
REC-20260815-STORE_05-0414;STORE_05;CASH-04;2026-08-15 13:44:53;SKU-003;2;45000;0;CARD
REC-20260815-STORE_05-0415;STORE_05;CASH-10;2026-08-15 17:26:21;SKU-025;2;5000;1000;CARD
REC-20260815-STORE_05-0415;STORE_05;CASH-05;2026-08-15 17:26:21;SKU-005;3;5000;1000;CARD
REC-20260815-STORE_05-0415;STORE_05;CASH-08;2026-08-15 17:26:21;SKU-010;2;25000;0;CASH
REC-20260815-STORE_05-0416;STORE_05;CASH-08;2026-08-15 15:37:45;SKU-003;1;45000;1000;CARD
REC-20260815-STORE_05-0417;STORE_05;CASH-05;2026-08-15 10:23:31;SKU-010;4;25000;0;CASH
REC-20260815-STORE_05-0418;STORE_05;CASH-07;2026-08-15 16:59:03;SKU-004;2;25000;0;CARD
REC-20260815-STORE_05-0418;STORE_05;CASH-06;2026-08-15 16:59:03;SKU-002;4;12000;0;CASH
REC-20260815-STORE_05-0418;STORE_05;CASH-10;2026-08-15 16:59:03;SKU-001;2;45000;0;CASH
REC-20260815-STORE_05-0418;STORE_05;CASH-04;2026-08-15 16:59:03;SKU-001;1;45000;0;CARD
REC-20260815-STORE_05-0418;STORE_05;CASH-05;2026-08-15 16:59:03;SKU-036;4;45000;0;CARD
REC-20260815-STORE_05-0419;STORE_05;CASH-02;2026-08-15 8:13:13;SKU-004;2;25000;0;CARD
REC-20260815-STORE_05-0420;STORE_05;CASH-01;2026-08-15 14:28:01;SKU-007;4;12000;1000;CARD
REC-20260815-STORE_05-0420;STORE_05;CASH-07;2026-08-15 14:28:01;SKU-001;3;45000;0;CARD
REC-20260815-STORE_05-0420;STORE_05;CASH-02;2026-08-15 14:28:01;SKU-009;1;25000;0;CARD
REC-20260815-STORE_05-0420;STORE_05;CASH-06;2026-08-15 14:28:01;SKU-001;1;45000;1000;CARD
REC-20260815-STORE_05-0420;STORE_05;CASH-08;2026-08-15 14:28:01;SKU-006;1;45000;0;CASH
REC-20260815-STORE_05-0421;STORE_05;CASH-05;2026-08-15 18:05:00;SKU-012;4;45000;1000;CASH
REC-20260815-STORE_05-0421;STORE_05;CASH-03;2026-08-15 18:05:00;SKU-007;1;12000;0;CARD
REC-20260815-STORE_05-0421;STORE_05;CASH-10;2026-08-15 18:05:00;SKU-002;1;12000;1000;CASH
REC-20260815-STORE_05-0421;STORE_05;CASH-06;2026-08-15 18:05:00;SKU-027;4;5000;0;CARD
REC-20260815-STORE_05-0422;STORE_05;CASH-01;2026-08-15 19:57:59;SKU-036;3;45000;0;CARD
REC-20260815-STORE_05-0423;STORE_05;CASH-04;2026-08-15 17:11:44;SKU-003;4;45000;0;CASH
REC-20260815-STORE_05-0423;STORE_05;CASH-06;2026-08-15 17:11:44;SKU-004;2;25000;0;CASH
REC-20260815-STORE_05-0423;STORE_05;CASH-04;2026-08-15 17:11:44;SKU-001;4;45000;500;CARD
REC-20260815-STORE_05-0423;STORE_05;CASH-05;2026-08-15 17:11:44;SKU-001;3;45000;500;CARD
REC-20260815-STORE_05-0424;STORE_05;CASH-08;2026-08-15 19:32:06;SKU-012;4;45000;0;CARD
REC-20260815-STORE_05-0425;STORE_05;CASH-04;2026-08-15 13:48:02;SKU-014;4;5000;500;CARD
REC-20260815-STORE_05-0425;STORE_05;CASH-03;2026-08-15 13:48:02;SKU-001;1;45000;1000;CARD
REC-20260815-STORE_05-0425;STORE_05;CASH-02;2026-08-15 13:48:02;SKU-008;4;12000;500;CASH
REC-20260815-STORE_05-0426;STORE_05;CASH-07;2026-08-15 16:43:34;SKU-034;3;25000;0;CARD
REC-20260815-STORE_05-0426;STORE_05;CASH-06;2026-08-15 16:43:34;SKU-001;1;45000;500;CARD
REC-20260815-STORE_05-0427;STORE_05;CASH-07;2026-08-15 10:20:11;SKU-007;4;12000;0;CASH
REC-20260815-STORE_05-0427;STORE_05;CASH-06;2026-08-15 10:20:11;SKU-008;2;12000;1000;CARD
REC-20260815-STORE_05-0427;STORE_05;CASH-02;2026-08-15 10:20:11;SKU-001;2;45000;1000;CASH
REC-20260815-STORE_05-0427;STORE_05;CASH-07;2026-08-15 10:20:11;SKU-018;4;5000;0;CARD
REC-20260815-STORE_05-0427;STORE_05;CASH-04;2026-08-15 10:20:11;SKU-001;4;45000;500;CARD
REC-20260815-STORE_05-0428;STORE_05;CASH-10;2026-08-15 10:41:23;SKU-002;2;12000;0;CARD
REC-20260815-STORE_05-0428;STORE_05;CASH-03;2026-08-15 10:41:23;SKU-001;2;45000;1000;CASH
REC-20260815-STORE_05-0428;STORE_05;CASH-06;2026-08-15 10:41:23;SKU-002;4;12000;0;CARD
REC-20260815-STORE_05-0428;STORE_05;CASH-05;2026-08-15 10:41:23;SKU-003;1;45000;0;CASH
REC-20260815-STORE_05-0429;STORE_05;CASH-04;2026-08-15 20:17:23;SKU-001;1;45000;0;CASH
REC-20260815-STORE_05-0429;STORE_05;CASH-08;2026-08-15 20:17:23;SKU-038;2;12000;1000;CASH
REC-20260815-STORE_05-0429;STORE_05;CASH-02;2026-08-15 20:17:23;SKU-001;1;45000;0;CARD
REC-20260815-STORE_05-0429;STORE_05;CASH-09;2026-08-15 20:17:23;SKU-022;2;12000;1000;CARD
REC-20260815-STORE_05-0429;STORE_05;CASH-04;2026-08-15 20:17:23;SKU-008;4;12000;0;CARD
REC-20260815-STORE_05-0430;STORE_05;CASH-10;2026-08-15 17:46:27;SKU-034;2;25000;0;CARD
REC-20260815-STORE_05-0430;STORE_05;CASH-09;2026-08-15 17:46:27;SKU-001;3;45000;0;CASH
REC-20260815-STORE_05-0430;STORE_05;CASH-05;2026-08-15 17:46:27;SKU-003;4;45000;1000;CASH
REC-20260815-STORE_05-0431;STORE_05;CASH-09;2026-08-15 11:46:40;SKU-002;2;12000;0;CARD
REC-20260815-STORE_05-0431;STORE_05;CASH-08;2026-08-15 11:46:40;SKU-027;3;5000;0;CARD
REC-20260815-STORE_05-0431;STORE_05;CASH-01;2026-08-15 11:46:40;SKU-013;3;12000;0;CASH
REC-20260815-STORE_05-0431;STORE_05;CASH-05;2026-08-15 11:46:40;SKU-003;4;45000;500;CASH
REC-20260815-STORE_05-0431;STORE_05;CASH-04;2026-08-15 11:46:40;SKU-001;4;45000;0;CARD
REC-20260815-STORE_05-0432;STORE_05;CASH-06;2026-08-15 19:35:21;SKU-036;3;45000;0;CASH
REC-20260815-STORE_05-0432;STORE_05;CASH-02;2026-08-15 19:35:21;SKU-040;1;25000;0;CARD
REC-20260815-STORE_05-0433;STORE_05;CASH-08;2026-08-15 20:29:07;SKU-004;1;25000;0;CARD
REC-20260815-STORE_05-0433;STORE_05;CASH-07;2026-08-15 20:29:07;SKU-034;4;25000;1000;CASH
REC-20260815-STORE_05-0433;STORE_05;CASH-02;2026-08-15 20:29:07;SKU-007;3;12000;0;CARD
REC-20260815-STORE_05-0433;STORE_05;CASH-02;2026-08-15 20:29:07;SKU-014;1;5000;0;CARD
REC-20260815-STORE_05-0434;STORE_05;CASH-10;2026-08-15 21:35:59;SKU-035;2;5000;500;CARD
REC-20260815-STORE_05-0434;STORE_05;CASH-06;2026-08-15 21:35:59;SKU-004;1;25000;1000;CARD
REC-20260815-STORE_05-0434;STORE_05;CASH-05;2026-08-15 21:35:59;SKU-001;4;45000;500;CASH
REC-20260815-STORE_05-0435;STORE_05;CASH-09;2026-08-15 19:49:43;SKU-011;4;5000;500;CARD
REC-20260815-STORE_05-0436;STORE_05;CASH-09;2026-08-15 12:57:09;SKU-035;4;5000;0;CARD
REC-20260815-STORE_05-0436;STORE_05;CASH-08;2026-08-15 12:57:09;SKU-031;2;45000;0;CASH
REC-20260815-STORE_05-0436;STORE_05;CASH-03;2026-08-15 12:57:09;SKU-001;3;45000;0;CARD
REC-20260815-STORE_05-0436;STORE_05;CASH-02;2026-08-15 12:57:09;SKU-035;4;5000;0;CARD
REC-20260815-STORE_05-0436;STORE_05;CASH-07;2026-08-15 12:57:09;SKU-012;1;45000;0;CARD
REC-20260815-STORE_05-0437;STORE_05;CASH-02;2026-08-15 16:46:35;SKU-002;4;12000;0;CASH
REC-20260815-STORE_05-0437;STORE_05;CASH-06;2026-08-15 16:46:35;SKU-003;4;45000;500;CASH
REC-20260815-STORE_05-0437;STORE_05;CASH-07;2026-08-15 16:46:35;SKU-009;1;25000;0;CARD
REC-20260815-STORE_05-0437;STORE_05;CASH-02;2026-08-15 16:46:35;SKU-024;3;12000;500;CARD
REC-20260815-STORE_05-0437;STORE_05;CASH-02;2026-08-15 16:46:35;SKU-009;1;25000;0;CASH
REC-20260815-STORE_05-0438;STORE_05;CASH-03;2026-08-15 19:19:44;SKU-001;2;45000;0;CASH
REC-20260815-STORE_05-0438;STORE_05;CASH-06;2026-08-15 19:19:44;SKU-045;3;45000;0;CARD
REC-20260815-STORE_05-0439;STORE_05;CASH-06;2026-08-15 14:57:01;SKU-004;2;25000;0;CASH
REC-20260815-STORE_05-0439;STORE_05;CASH-05;2026-08-15 14:57:01;SKU-006;4;45000;0;CASH
REC-20260815-STORE_05-0439;STORE_05;CASH-04;2026-08-15 14:57:01;SKU-002;1;12000;0;CARD
REC-20260815-STORE_05-0439;STORE_05;CASH-03;2026-08-15 14:57:01;SKU-001;2;45000;1000;CASH
REC-20260815-STORE_05-0439;STORE_05;CASH-10;2026-08-15 14:57:01;SKU-005;4;5000;0;CARD
REC-20260815-STORE_05-0440;STORE_05;CASH-03;2026-08-15 13:51:28;SKU-003;3;45000;0;CASH
REC-20260815-STORE_05-0440;STORE_05;CASH-08;2026-08-15 13:51:28;SKU-005;1;5000;0;CASH
REC-20260815-STORE_05-0440;STORE_05;CASH-07;2026-08-15 13:51:28;SKU-003;2;45000;0;CARD
REC-20260815-STORE_05-0441;STORE_05;CASH-01;2026-08-15 12:01:07;SKU-005;3;5000;0;CASH
REC-20260815-STORE_05-0441;STORE_05;CASH-09;2026-08-15 12:01:07;SKU-001;4;45000;1000;CARD
REC-20260815-STORE_05-0442;STORE_05;CASH-07;2026-08-15 18:45:56;SKU-004;1;25000;0;CASH
REC-20260815-STORE_05-0442;STORE_05;CASH-02;2026-08-15 18:45:56;SKU-012;2;45000;1000;CARD
REC-20260815-STORE_05-0443;STORE_05;CASH-05;2026-08-15 15:31:13;SKU-001;2;45000;0;CARD
REC-20260815-STORE_05-0443;STORE_05;CASH-10;2026-08-15 15:31:13;SKU-001;1;45000;0;CASH
REC-20260815-STORE_05-0443;STORE_05;CASH-01;2026-08-15 15:31:13;SKU-010;2;25000;500;CARD
REC-20260815-STORE_05-0443;STORE_05;CASH-08;2026-08-15 15:31:13;SKU-025;3;5000;0;CASH
REC-20260815-STORE_05-0444;STORE_05;CASH-01;2026-08-15 13:44:18;SKU-001;4;45000;0;CASH
REC-20260815-STORE_05-0444;STORE_05;CASH-03;2026-08-15 13:44:18;SKU-031;1;45000;1000;CASH
REC-20260815-STORE_05-0444;STORE_05;CASH-08;2026-08-15 13:44:18;SKU-002;1;12000;0;CARD
REC-20260815-STORE_05-0444;STORE_05;CASH-05;2026-08-15 13:44:18;SKU-045;2;45000;500;CARD
REC-20260815-STORE_05-0445;STORE_05;CASH-07;2026-08-15 9:21:59;SKU-001;1;45000;500;CASH
REC-20260815-STORE_05-0445;STORE_05;CASH-04;2026-08-15 9:21:59;SKU-005;2;5000;0;CASH
REC-20260815-STORE_05-0445;STORE_05;CASH-10;2026-08-15 9:21:59;SKU-009;4;25000;0;CARD
REC-20260815-STORE_05-0445;STORE_05;CASH-10;2026-08-15 9:21:59;SKU-031;4;45000;0;CASH
REC-20260815-STORE_05-0446;STORE_05;CASH-03;2026-08-15 18:19:39;SKU-044;1;5000;0;CASH
REC-20260815-STORE_05-0447;STORE_05;CASH-10;2026-08-15 18:15:20;SKU-010;3;25000;1000;CARD
REC-20260815-STORE_05-0447;STORE_05;CASH-10;2026-08-15 18:15:20;SKU-004;1;25000;0;CARD
REC-20260815-STORE_05-0447;STORE_05;CASH-06;2026-08-15 18:15:20;SKU-002;1;12000;0;CARD
REC-20260815-STORE_05-0447;STORE_05;CASH-09;2026-08-15 18:15:20;SKU-006;1;45000;0;CARD
REC-20260815-STORE_05-0448;STORE_05;CASH-07;2026-08-15 18:47:39;SKU-028;2;5000;0;CARD
REC-20260815-STORE_05-0449;STORE_05;CASH-03;2026-08-15 12:37:33;SKU-013;1;12000;0;CARD
REC-20260815-STORE_05-0449;STORE_05;CASH-06;2026-08-15 12:37:33;SKU-003;4;45000;500;CASH
REC-20260815-STORE_05-0449;STORE_05;CASH-04;2026-08-15 12:37:33;SKU-012;4;45000;0;CARD
REC-20260815-STORE_05-0449;STORE_05;CASH-10;2026-08-15 12:37:33;SKU-045;4;45000;500;CARD
REC-20260815-STORE_05-0449;STORE_05;CASH-10;2026-08-15 12:37:33;SKU-009;3;25000;500;CARD
REC-20260815-STORE_05-0450;STORE_05;CASH-07;2026-08-15 9:16:47;SKU-020;3;12000;500;CARD
REC-20260815-STORE_05-0451;STORE_05;CASH-09;2026-08-15 12:49:43;SKU-001;1;45000;500;CASH
REC-20260815-STORE_05-0452;STORE_05;CASH-01;2026-08-15 17:38:42;SKU-007;3;12000;0;CARD
REC-20260815-STORE_05-0453;STORE_05;CASH-10;2026-08-15 19:12:19;SKU-006;4;45000;0;CASH
REC-20260815-STORE_05-0454;STORE_05;CASH-03;2026-08-15 8:22:07;SKU-012;3;45000;1000;CARD
REC-20260815-STORE_05-0454;STORE_05;CASH-09;2026-08-15 8:22:07;SKU-018;3;5000;0;CARD
REC-20260815-STORE_05-0454;STORE_05;CASH-04;2026-08-15 8:22:07;SKU-031;3;45000;500;CASH
REC-20260815-STORE_05-0454;STORE_05;CASH-01;2026-08-15 8:22:07;SKU-025;4;5000;0;CARD
REC-20260815-STORE_05-0455;STORE_05;CASH-03;2026-08-15 9:47:27;SKU-001;2;45000;500;CARD
REC-20260815-STORE_05-0455;STORE_05;CASH-05;2026-08-15 9:47:27;SKU-002;3;12000;0;CARD
REC-20260815-STORE_05-0456;STORE_05;CASH-06;2026-08-15 15:41:35;SKU-028;4;5000;0;CASH
REC-20260815-STORE_05-0456;STORE_05;CASH-10;2026-08-15 15:41:35;SKU-005;3;5000;0;CASH
REC-20260815-STORE_05-0456;STORE_05;CASH-04;2026-08-15 15:41:35;SKU-009;1;25000;0;CARD
REC-20260815-STORE_05-0456;STORE_05;CASH-06;2026-08-15 15:41:35;SKU-002;1;12000;0;CASH
REC-20260815-STORE_05-0456;STORE_05;CASH-08;2026-08-15 15:41:35;SKU-005;3;5000;0;CARD
REC-20260815-STORE_05-0457;STORE_05;CASH-08;2026-08-15 15:01:48;SKU-004;2;25000;0;CARD
REC-20260815-STORE_05-0457;STORE_05;CASH-01;2026-08-15 15:01:48;SKU-002;1;12000;0;CASH
REC-20260815-STORE_05-0458;STORE_05;CASH-03;2026-08-15 14:30:03;SKU-025;4;5000;0;CASH
REC-20260815-STORE_05-0459;STORE_05;CASH-07;2026-08-15 20:33:46;SKU-011;2;5000;1000;CARD
REC-20260815-STORE_05-0459;STORE_05;CASH-01;2026-08-15 20:33:46;SKU-018;3;5000;1000;CARD
REC-20260815-STORE_05-0459;STORE_05;CASH-02;2026-08-15 20:33:46;SKU-025;1;5000;1000;CASH
REC-20260815-STORE_05-0459;STORE_05;CASH-03;2026-08-15 20:33:46;SKU-012;2;45000;500;CASH
REC-20260815-STORE_05-0460;STORE_05;CASH-02;2026-08-15 18:13:37;SKU-035;3;5000;1000;CASH
REC-20260815-STORE_05-0460;STORE_05;CASH-05;2026-08-15 18:13:37;SKU-016;3;25000;1000;CARD
REC-20260815-STORE_05-0460;STORE_05;CASH-07;2026-08-15 18:13:37;SKU-030;4;45000;0;CARD
REC-20260815-STORE_05-0461;STORE_05;CASH-06;2026-08-15 21:03:54;SKU-003;1;45000;1000;CASH
REC-20260815-STORE_05-0461;STORE_05;CASH-01;2026-08-15 21:03:54;SKU-007;3;12000;0;CARD
REC-20260815-STORE_05-0462;STORE_05;CASH-10;2026-08-15 20:11:59;SKU-003;3;45000;0;CARD
REC-20260815-STORE_05-0462;STORE_05;CASH-05;2026-08-15 20:11:59;SKU-003;1;45000;1000;CARD
REC-20260815-STORE_05-0463;STORE_05;CASH-10;2026-08-15 11:52:21;SKU-025;4;5000;1000;CARD
REC-20260815-STORE_05-0464;STORE_05;CASH-06;2026-08-15 17:28:44;SKU-017;1;12000;1000;CARD
REC-20260815-STORE_05-0464;STORE_05;CASH-03;2026-08-15 17:28:44;SKU-010;4;25000;0;CASH
REC-20260815-STORE_05-0464;STORE_05;CASH-09;2026-08-15 17:28:44;SKU-036;2;45000;0;CARD
REC-20260815-STORE_05-0464;STORE_05;CASH-08;2026-08-15 17:28:44;SKU-001;3;45000;1000;CASH
REC-20260815-STORE_05-0464;STORE_05;CASH-01;2026-08-15 17:28:44;SKU-019;2;25000;0;CARD
REC-20260815-STORE_05-0465;STORE_05;CASH-03;2026-08-15 21:20:56;SKU-002;3;12000;1000;CASH
REC-20260815-STORE_05-0465;STORE_05;CASH-08;2026-08-15 21:20:56;SKU-012;4;45000;1000;CASH
REC-20260815-STORE_05-0466;STORE_05;CASH-05;2026-08-15 15:59:31;SKU-002;3;12000;0;CARD
REC-20260815-STORE_05-0466;STORE_05;CASH-07;2026-08-15 15:59:31;SKU-026;1;12000;0;CARD
REC-20260815-STORE_05-0466;STORE_05;CASH-04;2026-08-15 15:59:31;SKU-002;1;12000;0;CARD
REC-20260815-STORE_05-0466;STORE_05;CASH-01;2026-08-15 15:59:31;SKU-037;4;45000;0;CARD
REC-20260815-STORE_05-0466;STORE_05;CASH-09;2026-08-15 15:59:31;SKU-001;2;45000;0;CASH
REC-20260815-STORE_05-0467;STORE_05;CASH-09;2026-08-15 9:03:39;SKU-010;4;25000;500;CASH
REC-20260815-STORE_05-0467;STORE_05;CASH-08;2026-08-15 9:03:39;SKU-001;3;45000;0;CARD
REC-20260815-STORE_05-0468;STORE_05;CASH-03;2026-08-15 12:21:24;SKU-019;4;25000;0;CARD
REC-20260815-STORE_05-0468;STORE_05;CASH-04;2026-08-15 12:21:24;SKU-006;2;45000;0;CARD
REC-20260815-STORE_05-0469;STORE_05;CASH-05;2026-08-15 20:12:56;SKU-023;4;45000;500;CARD
REC-20260815-STORE_05-0470;STORE_05;CASH-02;2026-08-15 16:22:29;SKU-047;1;5000;1000;CARD
REC-20260815-STORE_05-0470;STORE_05;CASH-07;2026-08-15 16:22:29;SKU-001;1;45000;0;CASH
REC-20260815-STORE_05-0470;STORE_05;CASH-07;2026-08-15 16:22:29;SKU-002;2;12000;0;CASH
REC-20260815-STORE_05-0470;STORE_05;CASH-03;2026-08-15 16:22:29;SKU-008;1;12000;1000;CASH
REC-20260815-STORE_05-0471;STORE_05;CASH-09;2026-08-15 18:39:59;SKU-004;3;25000;1000;CARD
REC-20260815-STORE_05-0471;STORE_05;CASH-02;2026-08-15 18:39:59;SKU-004;3;25000;500;CASH
REC-20260815-STORE_05-0472;STORE_05;CASH-08;2026-08-15 17:30:01;SKU-035;3;5000;0;CARD
REC-20260815-STORE_05-0472;STORE_05;CASH-03;2026-08-15 17:30:01;SKU-038;3;12000;0;CASH
REC-20260815-STORE_05-0473;STORE_05;CASH-01;2026-08-15 18:24:00;SKU-001;1;45000;0;CASH
REC-20260815-STORE_05-0473;STORE_05;CASH-01;2026-08-15 18:24:00;SKU-050;2;25000;0;CASH
REC-20260815-STORE_05-0473;STORE_05;CASH-06;2026-08-15 18:24:00;SKU-009;4;25000;500;CARD
REC-20260815-STORE_05-0473;STORE_05;CASH-04;2026-08-15 18:24:00;SKU-001;4;45000;0;CARD
REC-20260815-STORE_05-0474;STORE_05;CASH-07;2026-08-15 20:38:18;SKU-007;3;12000;0;CARD
REC-20260815-STORE_05-0475;STORE_05;CASH-04;2026-08-15 13:21:28;SKU-007;3;12000;1000;CARD
REC-20260815-STORE_05-0475;STORE_05;CASH-02;2026-08-15 13:21:28;SKU-026;4;12000;1000;CARD
REC-20260815-STORE_05-0475;STORE_05;CASH-09;2026-08-15 13:21:28;SKU-006;2;45000;1000;CARD
REC-20260815-STORE_05-0475;STORE_05;CASH-09;2026-08-15 13:21:28;SKU-004;3;25000;500;CASH
REC-20260815-STORE_05-0475;STORE_05;CASH-07;2026-08-15 13:21:28;SKU-009;1;25000;0;CASH
REC-20260815-STORE_05-0476;STORE_05;CASH-03;2026-08-15 15:22:17;SKU-001;2;45000;0;CARD
REC-20260815-STORE_05-0477;STORE_05;CASH-08;2026-08-15 17:15:17;SKU-005;3;5000;0;CARD
REC-20260815-STORE_05-0478;STORE_05;CASH-04;2026-08-15 17:26:04;SKU-001;3;45000;0;CASH
REC-20260815-STORE_05-0478;STORE_05;CASH-02;2026-08-15 17:26:04;SKU-002;4;12000;0;CARD
REC-20260815-STORE_05-0478;STORE_05;CASH-05;2026-08-15 17:26:04;SKU-002;2;12000;1000;CARD
REC-20260815-STORE_05-0479;STORE_05;CASH-07;2026-08-15 9:35:37;SKU-002;4;12000;0;CARD
REC-20260815-STORE_05-0479;STORE_05;CASH-09;2026-08-15 9:35:37;SKU-014;1;5000;1000;CARD
REC-20260815-STORE_05-0479;STORE_05;CASH-03;2026-08-15 9:35:37;SKU-018;1;5000;0;CARD
REC-20260815-STORE_05-0480;STORE_05;CASH-04;2026-08-15 14:48:53;SKU-001;1;45000;0;CARD
REC-20260815-STORE_05-0480;STORE_05;CASH-08;2026-08-15 14:48:53;SKU-013;4;12000;0;CARD
REC-20260815-STORE_05-0481;STORE_05;CASH-06;2026-08-15 15:44:20;SKU-009;2;25000;500;CARD
REC-20260815-STORE_05-0481;STORE_05;CASH-01;2026-08-15 15:44:20;SKU-006;4;45000;500;CARD
REC-20260815-STORE_05-0482;STORE_05;CASH-08;2026-08-15 12:55:03;SKU-001;3;45000;500;CARD
REC-20260815-STORE_05-0482;STORE_05;CASH-03;2026-08-15 12:55:03;SKU-002;3;12000;500;CASH
REC-20260815-STORE_05-0482;STORE_05;CASH-05;2026-08-15 12:55:03;SKU-003;4;45000;1000;CARD
REC-20260815-STORE_05-0482;STORE_05;CASH-01;2026-08-15 12:55:03;SKU-008;1;12000;0;CASH
REC-20260815-STORE_05-0483;STORE_05;CASH-10;2026-08-15 19:49:03;SKU-039;3;5000;1000;CARD
REC-20260815-STORE_05-0483;STORE_05;CASH-09;2026-08-15 19:49:03;SKU-006;1;45000;0;CASH
REC-20260815-STORE_05-0484;STORE_05;CASH-06;2026-08-15 21:15:38;SKU-014;3;5000;1000;CASH
REC-20260815-STORE_05-0485;STORE_05;CASH-10;2026-08-15 18:41:34;SKU-019;2;25000;500;CASH
REC-20260815-STORE_05-0486;STORE_05;CASH-09;2026-08-15 16:43:43;SKU-001;4;45000;500;CASH
REC-20260815-STORE_05-0486;STORE_05;CASH-05;2026-08-15 16:43:43;SKU-003;4;45000;0;CASH
REC-20260815-STORE_05-0487;STORE_05;CASH-05;2026-08-15 20:31:21;SKU-002;2;12000;0;CARD
REC-20260815-STORE_05-0487;STORE_05;CASH-02;2026-08-15 20:31:21;SKU-001;2;45000;0;CASH
REC-20260815-STORE_05-0487;STORE_05;CASH-04;2026-08-15 20:31:21;SKU-014;2;5000;0;CARD
REC-20260815-STORE_05-0487;STORE_05;CASH-07;2026-08-15 20:31:21;SKU-002;4;12000;0;CARD
REC-20260815-STORE_05-0487;STORE_05;CASH-06;2026-08-15 20:31:21;SKU-002;2;12000;0;CARD
REC-20260815-STORE_05-0488;STORE_05;CASH-01;2026-08-15 8:53:06;SKU-036;2;45000;0;CARD
REC-20260815-STORE_05-0488;STORE_05;CASH-04;2026-08-15 8:53:06;SKU-009;4;25000;0;CARD
REC-20260815-STORE_05-0488;STORE_05;CASH-07;2026-08-15 8:53:06;SKU-043;2;25000;0;CASH
REC-20260815-STORE_05-0489;STORE_05;CASH-08;2026-08-15 17:47:40;SKU-001;3;45000;0;CASH
REC-20260815-STORE_05-0490;STORE_05;CASH-10;2026-08-15 10:39:56;SKU-003;1;45000;1000;CASH
REC-20260815-STORE_05-0490;STORE_05;CASH-02;2026-08-15 10:39:56;SKU-018;1;5000;500;CASH
REC-20260815-STORE_05-0491;STORE_05;CASH-07;2026-08-15 12:11:11;SKU-003;4;45000;0;CARD
REC-20260815-STORE_05-0491;STORE_05;CASH-05;2026-08-15 12:11:11;SKU-007;3;12000;0;CARD
REC-20260815-STORE_05-0492;STORE_05;CASH-03;2026-08-15 19:06:32;SKU-006;1;45000;0;CARD
REC-20260815-STORE_05-0492;STORE_05;CASH-01;2026-08-15 19:06:32;SKU-001;1;45000;0;CASH
REC-20260815-STORE_05-0492;STORE_05;CASH-02;2026-08-15 19:06:32;SKU-001;2;45000;0;CASH
REC-20260815-STORE_05-0492;STORE_05;CASH-01;2026-08-15 19:06:32;SKU-004;2;25000;500;CARD
REC-20260815-STORE_05-0492;STORE_05;CASH-10;2026-08-15 19:06:32;SKU-001;3;45000;500;CASH
REC-20260815-STORE_05-0493;STORE_05;CASH-04;2026-08-15 18:04:12;SKU-007;2;12000;0;CARD
REC-20260815-STORE_05-0493;STORE_05;CASH-07;2026-08-15 18:04:12;SKU-001;1;45000;0;CARD
REC-20260815-STORE_05-0494;STORE_05;CASH-05;2026-08-15 16:21:25;SKU-001;2;45000;0;CASH
REC-20260815-STORE_05-0494;STORE_05;CASH-03;2026-08-15 16:21:25;SKU-001;3;45000;0;CARD
REC-20260815-STORE_05-0495;STORE_05;CASH-10;2026-08-15 18:05:03;SKU-002;4;12000;0;CARD
REC-20260815-STORE_05-0496;STORE_05;CASH-07;2026-08-15 10:48:31;SKU-017;2;12000;0;CASH
REC-20260815-STORE_05-0496;STORE_05;CASH-02;2026-08-15 10:48:31;SKU-002;1;12000;0;CARD
REC-20260815-STORE_05-0496;STORE_05;CASH-05;2026-08-15 10:48:31;SKU-001;1;45000;0;CASH
REC-20260815-STORE_05-0496;STORE_05;CASH-02;2026-08-15 10:48:31;SKU-002;1;12000;0;CASH
REC-20260815-STORE_05-0496;STORE_05;CASH-09;2026-08-15 10:48:31;SKU-001;1;45000;0;CARD
REC-20260815-STORE_05-0497;STORE_05;CASH-01;2026-08-15 16:53:01;SKU-013;4;12000;0;CARD
REC-20260815-STORE_05-0497;STORE_05;CASH-05;2026-08-15 16:53:01;SKU-001;4;45000;500;CASH
REC-20260815-STORE_05-0497;STORE_05;CASH-04;2026-08-15 16:53:01;SKU-007;4;12000;0;CARD
REC-20260815-STORE_05-0497;STORE_05;CASH-03;2026-08-15 16:53:01;SKU-003;3;45000;1000;CASH
REC-20260815-STORE_05-0498;STORE_05;CASH-05;2026-08-15 21:01:39;SKU-001;4;45000;0;CASH
REC-20260815-STORE_05-0498;STORE_05;CASH-08;2026-08-15 21:01:39;SKU-006;4;45000;500;CARD
REC-20260815-STORE_05-0498;STORE_05;CASH-08;2026-08-15 21:01:39;SKU-001;3;45000;0;CASH
REC-20260815-STORE_05-0499;STORE_05;CASH-09;2026-08-15 13:40:35;SKU-045;4;45000;0;CARD
REC-20260815-STORE_05-0499;STORE_05;CASH-10;2026-08-15 13:40:35;SKU-037;3;45000;0;CARD
REC-20260815-STORE_05-0500;STORE_05;CASH-04;2026-08-15 14:12:55;SKU-012;2;45000;0;CARD
REC-20260815-STORE_05-0500;STORE_05;CASH-02;2026-08-15 14:12:55;SKU-029;2;5000;0;CARD
REC-20260815-STORE_05-0500;STORE_05;CASH-10;2026-08-15 14:12:55;SKU-001;1;45000;0;CARD
REC-20260815-STORE_05-0501;STORE_05;CASH-01;2026-08-15 18:26:02;SKU-009;1;25000;0;CARD
REC-20260815-STORE_05-0502;STORE_05;CASH-01;2026-08-15 19:52:30;SKU-003;2;45000;0;CARD
REC-20260815-STORE_05-0502;STORE_05;CASH-02;2026-08-15 19:52:30;SKU-001;2;45000;0;CARD
REC-20260815-STORE_05-0502;STORE_05;CASH-01;2026-08-15 19:52:30;SKU-002;4;12000;0;CASH
REC-20260815-STORE_05-0503;STORE_05;CASH-01;2026-08-15 17:57:59;SKU-011;3;5000;0;CARD
REC-20260815-STORE_05-0503;STORE_05;CASH-05;2026-08-15 17:57:59;SKU-006;3;45000;0;CARD
REC-20260815-STORE_05-0503;STORE_05;CASH-07;2026-08-15 17:57:59;SKU-001;4;45000;0;CASH
REC-20260815-STORE_05-0504;STORE_05;CASH-05;2026-08-15 14:49:50;SKU-042;2;5000;500;CARD
REC-20260815-STORE_05-0504;STORE_05;CASH-10;2026-08-15 14:49:50;SKU-001;3;45000;1000;CARD
REC-20260815-STORE_05-0504;STORE_05;CASH-07;2026-08-15 14:49:50;SKU-003;3;45000;0;CARD
REC-20260815-STORE_05-0504;STORE_05;CASH-09;2026-08-15 14:49:50;SKU-001;1;45000;0;CARD
REC-20260815-STORE_05-0505;STORE_05;CASH-09;2026-08-15 8:49:11;SKU-019;1;25000;500;CARD
REC-20260815-STORE_05-0505;STORE_05;CASH-01;2026-08-15 8:49:11;SKU-032;3;25000;1000;CARD
REC-20260815-STORE_05-0505;STORE_05;CASH-07;2026-08-15 8:49:11;SKU-005;2;5000;500;CASH
REC-20260815-STORE_05-0505;STORE_05;CASH-01;2026-08-15 8:49:11;SKU-010;3;25000;0;CARD
REC-20260815-STORE_05-0505;STORE_05;CASH-07;2026-08-15 8:49:11;SKU-004;1;25000;1000;CASH
REC-20260815-STORE_05-0506;STORE_05;CASH-08;2026-08-15 12:25:10;SKU-003;4;45000;0;CARD
REC-20260815-STORE_05-0506;STORE_05;CASH-10;2026-08-15 12:25:10;SKU-030;3;45000;0;CARD
REC-20260815-STORE_05-0506;STORE_05;CASH-10;2026-08-15 12:25:10;SKU-010;2;25000;0;CASH
REC-20260815-STORE_05-0506;STORE_05;CASH-03;2026-08-15 12:25:10;SKU-003;4;45000;0;CASH
REC-20260815-STORE_05-0507;STORE_05;CASH-02;2026-08-15 21:27:18;SKU-013;2;12000;0;CARD
REC-20260815-STORE_05-0507;STORE_05;CASH-02;2026-08-15 21:27:18;SKU-004;2;25000;0;CASH
REC-20260815-STORE_05-0508;STORE_05;CASH-07;2026-08-15 20:48:50;SKU-023;3;45000;1000;CARD
REC-20260815-STORE_05-0508;STORE_05;CASH-04;2026-08-15 20:48:50;SKU-002;4;12000;0;CASH
REC-20260815-STORE_05-0508;STORE_05;CASH-03;2026-08-15 20:48:50;SKU-006;2;45000;1000;CARD
REC-20260815-STORE_05-0509;STORE_05;CASH-09;2026-08-15 20:47:25;SKU-001;4;45000;0;CARD
REC-20260815-STORE_05-0509;STORE_05;CASH-10;2026-08-15 20:47:25;SKU-001;4;45000;0;CARD
REC-20260815-STORE_05-0509;STORE_05;CASH-03;2026-08-15 20:47:25;SKU-044;2;5000;500;CARD
REC-20260815-STORE_05-0510;STORE_05;CASH-01;2026-08-15 20:13:59;SKU-001;1;45000;500;CARD
REC-20260815-STORE_05-0511;STORE_05;CASH-04;2026-08-15 8:22:48;SKU-001;2;45000;500;CASH
REC-20260815-STORE_05-0511;STORE_05;CASH-02;2026-08-15 8:22:48;SKU-015;2;5000;1000;CARD
REC-20260815-STORE_05-0511;STORE_05;CASH-07;2026-08-15 8:22:48;SKU-003;1;45000;500;CARD
REC-20260815-STORE_05-0512;STORE_05;CASH-01;2026-08-15 13:55:34;SKU-025;1;5000;0;CARD
REC-20260815-STORE_05-0512;STORE_05;CASH-07;2026-08-15 13:55:34;SKU-001;2;45000;0;CARD
REC-20260815-STORE_05-0513;STORE_05;CASH-02;2026-08-15 8:38:09;SKU-001;2;45000;0;CASH
REC-20260815-STORE_05-0513;STORE_05;CASH-05;2026-08-15 8:38:09;SKU-008;1;12000;1000;CARD
REC-20260815-STORE_05-0513;STORE_05;CASH-08;2026-08-15 8:38:09;SKU-004;4;25000;0;CARD
REC-20260815-STORE_05-0514;STORE_05;CASH-10;2026-08-15 20:40:13;SKU-002;4;12000;1000;CASH
REC-20260815-STORE_05-0514;STORE_05;CASH-06;2026-08-15 20:40:13;SKU-033;1;5000;0;CARD
REC-20260815-STORE_05-0515;STORE_05;CASH-06;2026-08-15 20:55:21;SKU-001;2;45000;0;CARD
REC-20260815-STORE_05-0515;STORE_05;CASH-07;2026-08-15 20:55:21;SKU-003;2;45000;500;CASH
REC-20260815-STORE_05-0515;STORE_05;CASH-06;2026-08-15 20:55:21;SKU-002;2;12000;500;CASH
REC-20260815-STORE_05-0515;STORE_05;CASH-06;2026-08-15 20:55:21;SKU-001;4;45000;0;CASH
REC-20260815-STORE_05-0515;STORE_05;CASH-09;2026-08-15 20:55:21;SKU-012;3;45000;0;CARD
REC-20260815-STORE_05-0516;STORE_05;CASH-08;2026-08-15 9:41:35;SKU-039;2;5000;1000;CARD
REC-20260815-STORE_05-0516;STORE_05;CASH-06;2026-08-15 9:41:35;SKU-041;3;25000;1000;CASH
REC-20260815-STORE_05-0516;STORE_05;CASH-02;2026-08-15 9:41:35;SKU-026;4;12000;0;CASH
REC-20260815-STORE_05-0516;STORE_05;CASH-06;2026-08-15 9:41:35;SKU-004;3;25000;0;CARD
REC-20260815-STORE_05-0517;STORE_05;CASH-06;2026-08-15 11:24:57;SKU-004;4;25000;500;CARD
REC-20260815-STORE_05-0517;STORE_05;CASH-08;2026-08-15 11:24:57;SKU-047;3;5000;0;CARD
REC-20260815-STORE_05-0517;STORE_05;CASH-10;2026-08-15 11:24:57;SKU-023;3;45000;0;CASH
REC-20260815-STORE_05-0517;STORE_05;CASH-05;2026-08-15 11:24:57;SKU-006;1;45000;0;CASH
REC-20260815-STORE_05-0517;STORE_05;CASH-08;2026-08-15 11:24:57;SKU-018;3;5000;1000;CASH
REC-20260815-STORE_05-0518;STORE_05;CASH-05;2026-08-15 9:54:01;SKU-004;1;25000;0;CARD
REC-20260815-STORE_05-0519;STORE_05;CASH-08;2026-08-15 21:16:53;SKU-012;4;45000;0;CARD
REC-20260815-STORE_05-0519;STORE_05;CASH-02;2026-08-15 21:16:53;SKU-005;3;5000;0;CASH
REC-20260815-STORE_05-0519;STORE_05;CASH-05;2026-08-15 21:16:53;SKU-001;1;45000;0;CASH
REC-20260815-STORE_05-0519;STORE_05;CASH-08;2026-08-15 21:16:53;SKU-001;2;45000;0;CARD
REC-20260815-STORE_05-0519;STORE_05;CASH-07;2026-08-15 21:16:53;SKU-002;2;12000;500;CASH
REC-20260815-STORE_05-0520;STORE_05;CASH-08;2026-08-15 13:48:42;SKU-040;4;25000;500;CARD
REC-20260815-STORE_05-0520;STORE_05;CASH-03;2026-08-15 13:48:42;SKU-004;2;25000;0;CARD
REC-20260815-STORE_05-0521;STORE_05;CASH-08;2026-08-15 10:36:30;SKU-013;1;12000;500;CARD
REC-20260815-STORE_05-0521;STORE_05;CASH-09;2026-08-15 10:36:30;SKU-003;2;45000;1000;CARD
REC-20260815-STORE_05-0521;STORE_05;CASH-07;2026-08-15 10:36:30;SKU-003;2;45000;1000;CARD
REC-20260815-STORE_05-0521;STORE_05;CASH-07;2026-08-15 10:36:30;SKU-015;4;5000;0;CASH
REC-20260815-STORE_05-0522;STORE_05;CASH-09;2026-08-15 19:46:18;SKU-003;3;45000;500;CARD
REC-20260815-STORE_05-0522;STORE_05;CASH-10;2026-08-15 19:46:18;SKU-009;4;25000;0;CARD
REC-20260815-STORE_05-0522;STORE_05;CASH-02;2026-08-15 19:46:18;SKU-030;2;45000;1000;CARD
REC-20260815-STORE_05-0522;STORE_05;CASH-10;2026-08-15 19:46:18;SKU-001;2;45000;0;CARD
REC-20260815-STORE_05-0522;STORE_05;CASH-03;2026-08-15 19:46:18;SKU-003;4;45000;0;CARD
REC-20260815-STORE_05-0523;STORE_05;CASH-05;2026-08-15 20:53:33;SKU-001;1;45000;0;CASH
REC-20260815-STORE_05-0523;STORE_05;CASH-05;2026-08-15 20:53:33;SKU-022;3;12000;0;CARD
REC-20260815-STORE_05-0524;STORE_05;CASH-02;2026-08-15 11:47:16;SKU-001;4;45000;1000;CARD
REC-20260815-STORE_05-0525;STORE_05;CASH-03;2026-08-15 11:39:28;SKU-010;1;25000;0;CARD
REC-20260815-STORE_05-0526;STORE_05;CASH-06;2026-08-15 20:01:23;SKU-010;4;25000;0;CARD
REC-20260815-STORE_05-0526;STORE_05;CASH-06;2026-08-15 20:01:23;SKU-005;1;5000;0;CARD
REC-20260815-STORE_05-0527;STORE_05;CASH-01;2026-08-15 19:58:32;SKU-001;1;45000;0;CASH
REC-20260815-STORE_05-0527;STORE_05;CASH-02;2026-08-15 19:58:32;SKU-002;3;12000;0;CARD
REC-20260815-STORE_05-0528;STORE_05;CASH-02;2026-08-15 17:56:57;SKU-001;1;45000;0;CASH
REC-20260815-STORE_05-0529;STORE_05;CASH-10;2026-08-15 20:14:48;SKU-015;4;5000;1000;CARD
REC-20260815-STORE_05-0530;STORE_05;CASH-06;2026-08-15 9:41:27;SKU-001;2;45000;1000;CARD
REC-20260815-STORE_05-0530;STORE_05;CASH-02;2026-08-15 9:41:27;SKU-001;1;45000;0;CASH
REC-20260815-STORE_05-0530;STORE_05;CASH-02;2026-08-15 9:41:27;SKU-022;3;12000;0;CARD
REC-20260815-STORE_05-0530;STORE_05;CASH-07;2026-08-15 9:41:27;SKU-022;4;12000;1000;CARD
REC-20260815-STORE_05-0530;STORE_05;CASH-01;2026-08-15 9:41:27;SKU-013;1;12000;0;CASH
REC-20260815-STORE_05-0531;STORE_05;CASH-03;2026-08-15 19:10:53;SKU-005;4;5000;0;CASH
REC-20260815-STORE_05-0531;STORE_05;CASH-07;2026-08-15 19:10:53;SKU-039;1;5000;1000;CARD
REC-20260815-STORE_05-0531;STORE_05;CASH-09;2026-08-15 19:10:53;SKU-012;1;45000;0;CARD
REC-20260815-STORE_05-0532;STORE_05;CASH-09;2026-08-15 15:17:08;SKU-001;4;45000;0;CARD
REC-20260815-STORE_05-0532;STORE_05;CASH-03;2026-08-15 15:17:08;SKU-003;1;45000;0;CASH
REC-20260815-STORE_05-0532;STORE_05;CASH-08;2026-08-15 15:17:08;SKU-024;4;12000;500;CARD
REC-20260815-STORE_05-0532;STORE_05;CASH-06;2026-08-15 15:17:08;SKU-003;3;45000;500;CARD
REC-20260815-STORE_05-0532;STORE_05;CASH-02;2026-08-15 15:17:08;SKU-004;3;25000;0;CARD
REC-20260815-STORE_05-0533;STORE_05;CASH-02;2026-08-15 10:04:28;SKU-025;2;5000;0;CARD
REC-20260815-STORE_05-0533;STORE_05;CASH-02;2026-08-15 10:04:28;SKU-022;2;12000;0;CASH
REC-20260815-STORE_05-0533;STORE_05;CASH-02;2026-08-15 10:04:28;SKU-001;4;45000;500;CARD
REC-20260815-STORE_05-0534;STORE_05;CASH-09;2026-08-15 9:46:07;SKU-032;2;25000;0;CARD
REC-20260815-STORE_05-0534;STORE_05;CASH-05;2026-08-15 9:46:07;SKU-003;3;45000;0;CARD
REC-20260815-STORE_05-0534;STORE_05;CASH-01;2026-08-15 9:46:07;SKU-001;3;45000;1000;CARD
REC-20260815-STORE_05-0534;STORE_05;CASH-05;2026-08-15 9:46:07;SKU-012;2;45000;1000;CASH
REC-20260815-STORE_05-0535;STORE_05;CASH-03;2026-08-15 13:02:26;SKU-049;2;5000;0;CARD
REC-20260815-STORE_05-0535;STORE_05;CASH-09;2026-08-15 13:02:26;SKU-049;4;5000;1000;CARD
REC-20260815-STORE_05-0535;STORE_05;CASH-09;2026-08-15 13:02:26;SKU-001;1;45000;500;CASH
REC-20260815-STORE_05-0535;STORE_05;CASH-09;2026-08-15 13:02:26;SKU-001;3;45000;0;CARD
REC-20260815-STORE_05-0536;STORE_05;CASH-06;2026-08-15 15:21:23;SKU-008;2;12000;0;CARD
REC-20260815-STORE_05-0537;STORE_05;CASH-02;2026-08-15 14:03:26;SKU-001;3;45000;500;CARD
REC-20260815-STORE_05-0537;STORE_05;CASH-04;2026-08-15 14:03:26;SKU-002;1;12000;1000;CARD
REC-20260815-STORE_05-0538;STORE_05;CASH-01;2026-08-15 13:21:56;SKU-014;2;5000;500;CARD
REC-20260815-STORE_05-0538;STORE_05;CASH-08;2026-08-15 13:21:56;SKU-047;1;5000;0;CARD
REC-20260815-STORE_05-0538;STORE_05;CASH-01;2026-08-15 13:21:56;SKU-001;1;45000;1000;CARD
REC-20260815-STORE_05-0538;STORE_05;CASH-02;2026-08-15 13:21:56;SKU-008;2;12000;0;CARD
REC-20260815-STORE_05-0539;STORE_05;CASH-03;2026-08-15 8:54:10;SKU-001;3;45000;1000;CASH
REC-20260815-STORE_05-0540;STORE_05;CASH-01;2026-08-15 16:10:56;SKU-007;2;12000;1000;CARD
REC-20260815-STORE_05-0540;STORE_05;CASH-08;2026-08-15 16:10:56;SKU-011;3;5000;500;CARD
REC-20260815-STORE_05-0540;STORE_05;CASH-10;2026-08-15 16:10:56;SKU-020;2;12000;1000;CASH
REC-20260815-STORE_05-0540;STORE_05;CASH-07;2026-08-15 16:10:56;SKU-001;2;45000;0;CARD
REC-20260815-STORE_05-0541;STORE_05;CASH-10;2026-08-15 18:18:25;SKU-007;4;12000;0;CARD
REC-20260815-STORE_05-0541;STORE_05;CASH-02;2026-08-15 18:18:25;SKU-001;4;45000;0;CARD
REC-20260815-STORE_05-0541;STORE_05;CASH-07;2026-08-15 18:18:25;SKU-017;2;12000;0;CARD
REC-20260815-STORE_05-0542;STORE_05;CASH-03;2026-08-15 19:25:18;SKU-035;1;5000;500;CASH
REC-20260815-STORE_05-0543;STORE_05;CASH-07;2026-08-15 18:28:40;SKU-004;1;25000;1000;CARD
REC-20260815-STORE_05-0544;STORE_05;CASH-04;2026-08-15 12:15:39;SKU-001;2;45000;0;CARD
REC-20260815-STORE_05-0544;STORE_05;CASH-08;2026-08-15 12:15:39;SKU-007;1;12000;0;CASH
REC-20260815-STORE_05-0544;STORE_05;CASH-07;2026-08-15 12:15:39;SKU-022;4;12000;0;CARD
REC-20260815-STORE_05-0545;STORE_05;CASH-08;2026-08-15 10:31:19;SKU-039;3;5000;1000;CARD
REC-20260815-STORE_05-0545;STORE_05;CASH-01;2026-08-15 10:31:19;SKU-043;1;25000;0;CARD
REC-20260815-STORE_05-0545;STORE_05;CASH-02;2026-08-15 10:31:19;SKU-020;1;12000;500;CARD
REC-20260815-STORE_05-0545;STORE_05;CASH-02;2026-08-15 10:31:19;SKU-001;2;45000;500;CARD
REC-20260815-STORE_05-0546;STORE_05;CASH-01;2026-08-15 11:10:04;SKU-033;4;5000;0;CARD
REC-20260815-STORE_05-0546;STORE_05;CASH-03;2026-08-15 11:10:04;SKU-018;4;5000;0;CARD
REC-20260815-STORE_05-0546;STORE_05;CASH-09;2026-08-15 11:10:04;SKU-002;2;12000;1000;CARD
REC-20260815-STORE_05-0547;STORE_05;CASH-07;2026-08-15 12:37:10;SKU-009;4;25000;1000;CASH
REC-20260815-STORE_05-0547;STORE_05;CASH-05;2026-08-15 12:37:10;SKU-017;2;12000;0;CARD
REC-20260815-STORE_05-0547;STORE_05;CASH-03;2026-08-15 12:37:10;SKU-016;1;25000;0;CARD
REC-20260815-STORE_05-0548;STORE_05;CASH-02;2026-08-15 11:50:11;SKU-001;1;45000;0;CARD
REC-20260815-STORE_05-0548;STORE_05;CASH-05;2026-08-15 11:50:11;SKU-005;2;5000;0;CARD
REC-20260815-STORE_05-0549;STORE_05;CASH-08;2026-08-15 17:32:19;SKU-002;4;12000;0;CASH
REC-20260815-STORE_05-0549;STORE_05;CASH-10;2026-08-15 17:32:19;SKU-002;1;12000;0;CARD
REC-20260815-STORE_05-0549;STORE_05;CASH-06;2026-08-15 17:32:19;SKU-005;2;5000;1000;CARD
REC-20260815-STORE_05-0549;STORE_05;CASH-10;2026-08-15 17:32:19;SKU-008;4;12000;0;CARD
REC-20260815-STORE_05-0549;STORE_05;CASH-06;2026-08-15 17:32:19;SKU-002;4;12000;0;CARD
REC-20260815-STORE_05-0550;STORE_05;CASH-06;2026-08-15 18:24:34;SKU-003;4;45000;500;CARD
REC-20260815-STORE_05-0550;STORE_05;CASH-07;2026-08-15 18:24:34;SKU-002;3;12000;1000;CARD
REC-20260815-STORE_05-0550;STORE_05;CASH-05;2026-08-15 18:24:34;SKU-005;1;5000;1000;CARD
REC-20260815-STORE_05-0550;STORE_05;CASH-07;2026-08-15 18:24:34;SKU-006;4;45000;0;CARD
REC-20260815-STORE_05-0550;STORE_05;CASH-09;2026-08-15 18:24:34;SKU-002;2;12000;500;CARD
REC-20260815-STORE_05-0551;STORE_05;CASH-02;2026-08-15 16:09:19;SKU-017;3;12000;0;CASH
REC-20260815-STORE_05-0551;STORE_05;CASH-02;2026-08-15 16:09:19;SKU-001;3;45000;500;CASH
REC-20260815-STORE_05-0552;STORE_05;CASH-05;2026-08-15 8:37:35;SKU-029;1;5000;0;CARD
REC-20260815-STORE_05-0553;STORE_05;CASH-03;2026-08-15 13:55:07;SKU-017;2;12000;0;CASH
REC-20260815-STORE_05-0553;STORE_05;CASH-03;2026-08-15 13:55:07;SKU-001;1;45000;500;CARD
REC-20260815-STORE_05-0553;STORE_05;CASH-10;2026-08-15 13:55:07;SKU-001;4;45000;0;CARD
REC-20260815-STORE_05-0553;STORE_05;CASH-01;2026-08-15 13:55:07;SKU-004;3;25000;1000;CASH
REC-20260815-STORE_05-0553;STORE_05;CASH-08;2026-08-15 13:55:07;SKU-046;3;25000;0;CASH
REC-20260815-STORE_05-0554;STORE_05;CASH-05;2026-08-15 10:11:24;SKU-027;2;5000;0;CASH
REC-20260815-STORE_05-0554;STORE_05;CASH-02;2026-08-15 10:11:24;SKU-019;1;25000;0;CASH
REC-20260815-STORE_05-0554;STORE_05;CASH-03;2026-08-15 10:11:24;SKU-011;2;5000;1000;CARD
REC-20260815-STORE_05-0554;STORE_05;CASH-05;2026-08-15 10:11:24;SKU-002;3;12000;0;CARD
REC-20260815-STORE_05-0555;STORE_05;CASH-07;2026-08-15 9:42:31;SKU-004;1;25000;500;CASH
REC-20260815-STORE_05-0556;STORE_05;CASH-09;2026-08-15 9:18:07;SKU-002;3;12000;0;CARD
REC-20260815-STORE_05-0557;STORE_05;CASH-10;2026-08-15 20:58:28;SKU-029;3;5000;0;CASH
REC-20260815-STORE_05-0557;STORE_05;CASH-06;2026-08-15 20:58:28;SKU-001;2;45000;1000;CARD
REC-20260815-STORE_05-0557;STORE_05;CASH-08;2026-08-15 20:58:28;SKU-002;1;12000;500;CARD
REC-20260815-STORE_05-0558;STORE_05;CASH-08;2026-08-15 8:12:39;SKU-022;3;12000;0;CARD
REC-20260815-STORE_05-0558;STORE_05;CASH-03;2026-08-15 8:12:39;SKU-013;2;12000;500;CARD
REC-20260815-STORE_05-0559;STORE_05;CASH-07;2026-08-15 18:21:22;SKU-001;2;45000;0;CARD
REC-20260815-STORE_05-0559;STORE_05;CASH-01;2026-08-15 18:21:22;SKU-004;2;25000;0;CARD
REC-20260815-STORE_05-0560;STORE_05;CASH-07;2026-08-15 12:28:34;SKU-002;4;12000;0;CARD
REC-20260815-STORE_05-0560;STORE_05;CASH-01;2026-08-15 12:28:34;SKU-001;4;45000;0;CARD
REC-20260815-STORE_05-0561;STORE_05;CASH-09;2026-08-15 18:07:23;SKU-002;4;12000;500;CARD
REC-20260815-STORE_05-0561;STORE_05;CASH-03;2026-08-15 18:07:23;SKU-022;1;12000;0;CARD
REC-20260815-STORE_05-0561;STORE_05;CASH-05;2026-08-15 18:07:23;SKU-002;4;12000;0;CARD
REC-20260815-STORE_05-0562;STORE_05;CASH-04;2026-08-15 19:55:04;SKU-038;1;12000;0;CASH
REC-20260815-STORE_05-0563;STORE_05;CASH-06;2026-08-15 20:50:15;SKU-040;3;25000;0;CARD
REC-20260815-STORE_05-0563;STORE_05;CASH-04;2026-08-15 20:50:15;SKU-001;2;45000;1000;CASH
REC-20260815-STORE_05-0563;STORE_05;CASH-06;2026-08-15 20:50:15;SKU-013;3;12000;500;CARD
REC-20260815-STORE_05-0563;STORE_05;CASH-01;2026-08-15 20:50:15;SKU-017;1;12000;0;CASH
REC-20260815-STORE_05-0563;STORE_05;CASH-09;2026-08-15 20:50:15;SKU-005;4;5000;1000;CARD
REC-20260815-STORE_05-0564;STORE_05;CASH-06;2026-08-15 8:54:28;SKU-023;1;45000;0;CARD
REC-20260815-STORE_05-0564;STORE_05;CASH-03;2026-08-15 8:54:28;SKU-014;2;5000;0;CARD
REC-20260815-STORE_05-0564;STORE_05;CASH-03;2026-08-15 8:54:28;SKU-003;3;45000;0;CARD
REC-20260815-STORE_05-0565;STORE_05;CASH-03;2026-08-15 11:44:04;SKU-021;3;5000;1000;CASH
REC-20260815-STORE_05-0565;STORE_05;CASH-04;2026-08-15 11:44:04;SKU-008;2;12000;0;CASH
REC-20260815-STORE_05-0565;STORE_05;CASH-02;2026-08-15 11:44:04;SKU-032;1;25000;0;CARD
REC-20260815-STORE_05-0565;STORE_05;CASH-08;2026-08-15 11:44:04;SKU-003;2;45000;500;CARD
REC-20260815-STORE_05-0565;STORE_05;CASH-10;2026-08-15 11:44:04;SKU-006;2;45000;0;CASH
REC-20260815-STORE_05-0566;STORE_05;CASH-07;2026-08-15 12:57:59;SKU-001;1;45000;1000;CARD
REC-20260815-STORE_05-0566;STORE_05;CASH-01;2026-08-15 12:57:59;SKU-042;3;5000;0;CARD
REC-20260815-STORE_05-0566;STORE_05;CASH-01;2026-08-15 12:57:59;SKU-005;2;5000;0;CASH
REC-20260815-STORE_05-0566;STORE_05;CASH-05;2026-08-15 12:57:59;SKU-003;1;45000;0;CARD
REC-20260815-STORE_05-0566;STORE_05;CASH-02;2026-08-15 12:57:59;SKU-007;3;12000;1000;CASH
REC-20260815-STORE_05-0567;STORE_05;CASH-02;2026-08-15 19:20:34;SKU-010;1;25000;0;CARD
REC-20260815-STORE_05-0567;STORE_05;CASH-07;2026-08-15 19:20:34;SKU-001;1;45000;0;CASH
REC-20260815-STORE_05-0568;STORE_05;CASH-09;2026-08-15 16:26:16;SKU-002;2;12000;1000;CASH
REC-20260815-STORE_05-0568;STORE_05;CASH-04;2026-08-15 16:26:16;SKU-042;3;5000;500;CARD
REC-20260815-STORE_05-0568;STORE_05;CASH-10;2026-08-15 16:26:16;SKU-027;2;5000;0;CASH
REC-20260815-STORE_05-0568;STORE_05;CASH-02;2026-08-15 16:26:16;SKU-013;2;12000;500;CARD
REC-20260815-STORE_05-0569;STORE_05;CASH-09;2026-08-15 21:29:46;SKU-012;1;45000;0;CARD
REC-20260815-STORE_05-0569;STORE_05;CASH-04;2026-08-15 21:29:46;SKU-005;3;5000;0;CARD
REC-20260815-STORE_05-0570;STORE_05;CASH-10;2026-08-15 16:49:32;SKU-047;2;5000;0;CASH
REC-20260815-STORE_05-0570;STORE_05;CASH-09;2026-08-15 16:49:32;SKU-004;4;25000;0;CASH
REC-20260815-STORE_05-0570;STORE_05;CASH-05;2026-08-15 16:49:32;SKU-042;3;5000;0;CASH
REC-20260815-STORE_05-0571;STORE_05;CASH-09;2026-08-15 21:51:03;SKU-013;3;12000;0;CARD
REC-20260815-STORE_05-0571;STORE_05;CASH-04;2026-08-15 21:51:03;SKU-005;3;5000;500;CARD
REC-20260815-STORE_05-0571;STORE_05;CASH-08;2026-08-15 21:51:03;SKU-042;3;5000;1000;CARD
REC-20260815-STORE_05-0571;STORE_05;CASH-01;2026-08-15 21:51:03;SKU-002;4;12000;0;CARD
REC-20260815-STORE_05-0571;STORE_05;CASH-01;2026-08-15 21:51:03;SKU-017;1;12000;0;CASH
REC-20260815-STORE_05-0572;STORE_05;CASH-02;2026-08-15 13:41:23;SKU-001;4;45000;0;CARD
REC-20260815-STORE_05-0572;STORE_05;CASH-03;2026-08-15 13:41:23;SKU-021;1;5000;0;CARD
REC-20260815-STORE_05-0572;STORE_05;CASH-02;2026-08-15 13:41:23;SKU-045;4;45000;1000;CARD
REC-20260815-STORE_05-0573;STORE_05;CASH-03;2026-08-15 9:52:10;SKU-001;1;45000;500;CARD
REC-20260815-STORE_05-0573;STORE_05;CASH-10;2026-08-15 9:52:10;SKU-050;2;25000;0;CASH
REC-20260815-STORE_05-0574;STORE_05;CASH-04;2026-08-15 20:38:58;SKU-001;1;45000;1000;CASH
REC-20260815-STORE_05-0574;STORE_05;CASH-05;2026-08-15 20:38:58;SKU-050;3;25000;0;CASH
REC-20260815-STORE_05-0574;STORE_05;CASH-08;2026-08-15 20:38:58;SKU-045;3;45000;0;CASH
REC-20260815-STORE_05-0574;STORE_05;CASH-08;2026-08-15 20:38:58;SKU-003;3;45000;1000;CARD
REC-20260815-STORE_05-0575;STORE_05;CASH-04;2026-08-15 15:55:23;SKU-031;4;45000;0;CASH
REC-20260815-STORE_05-0575;STORE_05;CASH-06;2026-08-15 15:55:23;SKU-024;4;12000;1000;CARD
REC-20260815-STORE_05-0575;STORE_05;CASH-03;2026-08-15 15:55:23;SKU-047;3;5000;0;CARD
REC-20260815-STORE_05-0575;STORE_05;CASH-09;2026-08-15 15:55:23;SKU-005;4;5000;500;CARD
REC-20260815-STORE_05-0576;STORE_05;CASH-09;2026-08-15 10:39:47;SKU-015;1;5000;0;CARD
REC-20260815-STORE_05-0576;STORE_05;CASH-01;2026-08-15 10:39:47;SKU-004;1;25000;0;CASH
REC-20260815-STORE_05-0577;STORE_05;CASH-07;2026-08-15 21:18:53;SKU-002;4;12000;500;CASH
REC-20260815-STORE_05-0577;STORE_05;CASH-01;2026-08-15 21:18:53;SKU-001;3;45000;0;CARD
REC-20260815-STORE_05-0578;STORE_05;CASH-04;2026-08-15 13:58:34;SKU-038;1;12000;0;CARD
REC-20260815-STORE_05-0579;STORE_05;CASH-06;2026-08-15 14:05:51;SKU-005;2;5000;0;CARD
REC-20260815-STORE_05-0579;STORE_05;CASH-06;2026-08-15 14:05:51;SKU-006;3;45000;0;CARD
REC-20260815-STORE_05-0579;STORE_05;CASH-03;2026-08-15 14:05:51;SKU-009;1;25000;0;CARD
REC-20260815-STORE_05-0579;STORE_05;CASH-09;2026-08-15 14:05:51;SKU-007;2;12000;0;CARD
REC-20260815-STORE_05-0580;STORE_05;CASH-03;2026-08-15 17:59:31;SKU-005;2;5000;1000;CARD
REC-20260815-STORE_05-0580;STORE_05;CASH-04;2026-08-15 17:59:31;SKU-001;2;45000;0;CARD
REC-20260815-STORE_05-0580;STORE_05;CASH-04;2026-08-15 17:59:31;SKU-037;1;45000;0;CARD
REC-20260815-STORE_05-0580;STORE_05;CASH-06;2026-08-15 17:59:31;SKU-028;1;5000;0;CARD
REC-20260815-STORE_05-0581;STORE_05;CASH-05;2026-08-15 20:04:55;SKU-001;4;45000;500;CARD
REC-20260815-STORE_05-0581;STORE_05;CASH-01;2026-08-15 20:04:55;SKU-005;3;5000;0;CARD
REC-20260815-STORE_05-0581;STORE_05;CASH-09;2026-08-15 20:04:55;SKU-001;4;45000;1000;CARD
REC-20260815-STORE_05-0581;STORE_05;CASH-04;2026-08-15 20:04:55;SKU-007;4;12000;0;CASH
REC-20260815-STORE_05-0582;STORE_05;CASH-02;2026-08-15 16:26:33;SKU-036;3;45000;0;CARD
REC-20260815-STORE_05-0582;STORE_05;CASH-04;2026-08-15 16:26:33;SKU-004;4;25000;0;CASH
REC-20260815-STORE_05-0582;STORE_05;CASH-05;2026-08-15 16:26:33;SKU-005;1;5000;1000;CARD
REC-20260815-STORE_05-0583;STORE_05;CASH-03;2026-08-15 8:04:12;SKU-004;3;25000;0;CARD
REC-20260815-STORE_05-0583;STORE_05;CASH-10;2026-08-15 8:04:12;SKU-003;4;45000;1000;CARD
REC-20260815-STORE_05-0584;STORE_05;CASH-01;2026-08-15 14:56:22;SKU-021;4;5000;0;CARD
REC-20260815-STORE_05-0585;STORE_05;CASH-09;2026-08-15 11:52:54;SKU-010;1;25000;0;CARD
REC-20260815-STORE_05-0585;STORE_05;CASH-07;2026-08-15 11:52:54;SKU-001;4;45000;0;CARD
REC-20260815-STORE_05-0585;STORE_05;CASH-02;2026-08-15 11:52:54;SKU-010;4;25000;1000;CARD
REC-20260815-STORE_05-0586;STORE_05;CASH-08;2026-08-15 8:48:15;SKU-016;3;25000;0;CARD
REC-20260815-STORE_05-0586;STORE_05;CASH-07;2026-08-15 8:48:15;SKU-001;1;45000;500;CARD
REC-20260815-STORE_05-0587;STORE_05;CASH-04;2026-08-15 10:35:24;SKU-045;1;45000;0;CARD
REC-20260815-STORE_05-0587;STORE_05;CASH-01;2026-08-15 10:35:24;SKU-004;3;25000;500;CARD
REC-20260815-STORE_05-0587;STORE_05;CASH-10;2026-08-15 10:35:24;SKU-004;2;25000;1000;CASH
REC-20260815-STORE_05-0587;STORE_05;CASH-06;2026-08-15 10:35:24;SKU-001;4;45000;500;CARD
REC-20260815-STORE_05-0587;STORE_05;CASH-08;2026-08-15 10:35:24;SKU-005;2;5000;1000;CARD
REC-20260815-STORE_05-0588;STORE_05;CASH-05;2026-08-15 19:25:34;SKU-047;3;5000;500;CARD
REC-20260815-STORE_05-0589;STORE_05;CASH-05;2026-08-15 14:39:12;SKU-032;1;25000;0;CARD
REC-20260815-STORE_05-0590;STORE_05;CASH-01;2026-08-15 14:34:21;SKU-002;2;12000;0;CASH
REC-20260815-STORE_05-0590;STORE_05;CASH-03;2026-08-15 14:34:21;SKU-002;2;12000;0;CARD
REC-20260815-STORE_05-0590;STORE_05;CASH-07;2026-08-15 14:34:21;SKU-046;3;25000;0;CARD
REC-20260815-STORE_05-0591;STORE_05;CASH-09;2026-08-15 9:38:03;SKU-005;3;5000;500;CARD
REC-20260815-STORE_05-0591;STORE_05;CASH-03;2026-08-15 9:38:03;SKU-005;3;5000;0;CASH
REC-20260815-STORE_05-0592;STORE_05;CASH-06;2026-08-15 12:51:55;SKU-001;2;45000;0;CARD
REC-20260815-STORE_05-0592;STORE_05;CASH-04;2026-08-15 12:51:55;SKU-040;3;25000;1000;CARD
REC-20260815-STORE_05-0592;STORE_05;CASH-06;2026-08-15 12:51:55;SKU-002;4;12000;0;CASH
REC-20260815-STORE_05-0592;STORE_05;CASH-10;2026-08-15 12:51:55;SKU-043;3;25000;0;CARD
REC-20260815-STORE_05-0592;STORE_05;CASH-03;2026-08-15 12:51:55;SKU-001;3;45000;0;CARD
REC-20260815-STORE_05-0593;STORE_05;CASH-03;2026-08-15 15:05:41;SKU-001;1;45000;1000;CARD
REC-20260815-STORE_05-0593;STORE_05;CASH-05;2026-08-15 15:05:41;SKU-010;4;25000;0;CARD
REC-20260815-STORE_05-0593;STORE_05;CASH-07;2026-08-15 15:05:41;SKU-007;4;12000;500;CASH
REC-20260815-STORE_05-0593;STORE_05;CASH-02;2026-08-15 15:05:41;SKU-005;3;5000;0;CASH
REC-20260815-STORE_05-0593;STORE_05;CASH-09;2026-08-15 15:05:41;SKU-039;2;5000;0;CARD
REC-20260815-STORE_05-0594;STORE_05;CASH-01;2026-08-15 19:18:48;SKU-001;1;45000;500;CARD
REC-20260815-STORE_05-0594;STORE_05;CASH-09;2026-08-15 19:18:48;SKU-005;4;5000;1000;CASH
REC-20260815-STORE_05-0595;STORE_05;CASH-03;2026-08-15 19:32:01;SKU-010;2;25000;1000;CARD
REC-20260815-STORE_05-0595;STORE_05;CASH-10;2026-08-15 19:32:01;SKU-006;2;45000;0;CARD
REC-20260815-STORE_05-0595;STORE_05;CASH-02;2026-08-15 19:32:01;SKU-001;2;45000;0;CASH
REC-20260815-STORE_05-0595;STORE_05;CASH-01;2026-08-15 19:32:01;SKU-004;2;25000;0;CARD
REC-20260815-STORE_05-0596;STORE_05;CASH-09;2026-08-15 17:22:50;SKU-050;3;25000;1000;CARD
REC-20260815-STORE_05-0596;STORE_05;CASH-06;2026-08-15 17:22:50;SKU-018;2;5000;1000;CARD
REC-20260815-STORE_05-0596;STORE_05;CASH-06;2026-08-15 17:22:50;SKU-001;1;45000;0;CARD
REC-20260815-STORE_05-0596;STORE_05;CASH-08;2026-08-15 17:22:50;SKU-004;2;25000;0;CARD
REC-20260815-STORE_05-0597;STORE_05;CASH-04;2026-08-15 14:04:29;SKU-006;1;45000;0;CARD
REC-20260815-STORE_05-0598;STORE_05;CASH-05;2026-08-15 15:40:06;SKU-019;4;25000;500;CARD
REC-20260815-STORE_05-0598;STORE_05;CASH-09;2026-08-15 15:40:06;SKU-005;2;5000;0;CARD
REC-20260815-STORE_05-0598;STORE_05;CASH-08;2026-08-15 15:40:06;SKU-001;4;45000;1000;CARD
REC-20260815-STORE_05-0599;STORE_05;CASH-01;2026-08-15 13:28:05;SKU-033;3;5000;0;CARD
REC-20260815-STORE_05-0599;STORE_05;CASH-07;2026-08-15 13:28:05;SKU-001;1;45000;1000;CASH
REC-20260815-STORE_05-0599;STORE_05;CASH-10;2026-08-15 13:28:05;SKU-001;4;45000;0;CARD
REC-20260815-STORE_05-0599;STORE_05;CASH-02;2026-08-15 13:28:05;SKU-018;3;5000;1000;CARD
REC-20260815-STORE_05-0599;STORE_05;CASH-04;2026-08-15 13:28:05;SKU-004;3;25000;0;CASH
REC-20260815-STORE_05-0600;STORE_05;CASH-05;2026-08-15 8:47:21;SKU-006;1;45000;0;CARD
REC-20260815-STORE_05-0600;STORE_05;CASH-03;2026-08-15 8:47:21;SKU-031;4;45000;500;CARD
REC-20260815-STORE_05-0600;STORE_05;CASH-01;2026-08-15 8:47:21;SKU-041;1;25000;0;CASH
REC-20260815-STORE_05-0601;STORE_05;CASH-09;2026-08-15 10:16:51;SKU-023;1;45000;0;CASH
REC-20260815-STORE_05-0601;STORE_05;CASH-10;2026-08-15 10:16:51;SKU-002;2;12000;0;CASH
REC-20260815-STORE_05-0602;STORE_05;CASH-10;2026-08-15 10:26:12;SKU-001;4;45000;0;CARD
REC-20260815-STORE_05-0603;STORE_05;CASH-05;2026-08-15 14:10:56;SKU-004;2;25000;1000;CARD
REC-20260815-STORE_05-0603;STORE_05;CASH-07;2026-08-15 14:10:56;SKU-001;2;45000;500;CARD
REC-20260815-STORE_05-0603;STORE_05;CASH-03;2026-08-15 14:10:56;SKU-007;1;12000;0;CARD
REC-20260815-STORE_05-0603;STORE_05;CASH-02;2026-08-15 14:10:56;SKU-001;2;45000;0;CARD
REC-20260815-STORE_05-0603;STORE_05;CASH-04;2026-08-15 14:10:56;SKU-026;1;12000;0;CASH
REC-20260815-STORE_05-0604;STORE_05;CASH-06;2026-08-15 10:10:48;SKU-019;4;25000;1000;CARD
REC-20260815-STORE_05-0604;STORE_05;CASH-07;2026-08-15 10:10:48;SKU-008;1;12000;500;CARD
REC-20260815-STORE_05-0604;STORE_05;CASH-07;2026-08-15 10:10:48;SKU-015;4;5000;0;CARD
REC-20260815-STORE_05-0605;STORE_05;CASH-03;2026-08-15 13:56:43;SKU-027;3;5000;0;CARD
REC-20260815-STORE_05-0605;STORE_05;CASH-05;2026-08-15 13:56:43;SKU-002;3;12000;0;CARD
REC-20260815-STORE_05-0605;STORE_05;CASH-08;2026-08-15 13:56:43;SKU-016;2;25000;0;CARD
REC-20260815-STORE_05-0605;STORE_05;CASH-09;2026-08-15 13:56:43;SKU-014;3;5000;0;CASH
REC-20260815-STORE_05-0605;STORE_05;CASH-01;2026-08-15 13:56:43;SKU-001;1;45000;0;CARD
REC-20260815-STORE_05-0606;STORE_05;CASH-05;2026-08-15 15:15:49;SKU-001;4;45000;0;CARD
REC-20260815-STORE_05-0606;STORE_05;CASH-02;2026-08-15 15:15:49;SKU-003;3;45000;500;CARD
REC-20260815-STORE_05-0607;STORE_05;CASH-08;2026-08-15 19:57:46;SKU-019;3;25000;500;CARD
REC-20260815-STORE_05-0607;STORE_05;CASH-02;2026-08-15 19:57:46;SKU-009;1;25000;0;CARD
REC-20260815-STORE_05-0608;STORE_05;CASH-04;2026-08-15 18:05:01;SKU-040;2;25000;0;CARD
REC-20260815-STORE_05-0609;STORE_05;CASH-03;2026-08-15 9:22:19;SKU-002;1;12000;0;CASH
REC-20260815-STORE_05-0609;STORE_05;CASH-08;2026-08-15 9:22:19;SKU-003;3;45000;0;CARD
REC-20260815-STORE_05-0610;STORE_05;CASH-05;2026-08-15 8:18:37;SKU-001;3;45000;0;CARD
REC-20260815-STORE_05-0610;STORE_05;CASH-08;2026-08-15 8:18:37;SKU-001;1;45000;500;CARD
REC-20260815-STORE_05-0610;STORE_05;CASH-08;2026-08-15 8:18:37;SKU-022;4;12000;1000;CARD
REC-20260815-STORE_05-0610;STORE_05;CASH-04;2026-08-15 8:18:37;SKU-026;4;12000;1000;CASH
REC-20260815-STORE_05-0610;STORE_05;CASH-03;2026-08-15 8:18:37;SKU-004;3;25000;500;CASH
REC-20260815-STORE_05-0611;STORE_05;CASH-08;2026-08-15 10:58:14;SKU-001;3;45000;1000;CASH
REC-20260815-STORE_05-0611;STORE_05;CASH-08;2026-08-15 10:58:14;SKU-006;2;45000;0;CASH
REC-20260815-STORE_05-0611;STORE_05;CASH-05;2026-08-15 10:58:14;SKU-003;2;45000;0;CARD
REC-20260815-STORE_05-0612;STORE_05;CASH-06;2026-08-15 12:18:16;SKU-001;3;45000;0;CARD
REC-20260815-STORE_05-0612;STORE_05;CASH-07;2026-08-15 12:18:16;SKU-006;2;45000;500;CARD
REC-20260815-STORE_05-0613;STORE_05;CASH-08;2026-08-15 20:18:20;SKU-033;4;5000;0;CARD
REC-20260815-STORE_05-0613;STORE_05;CASH-04;2026-08-15 20:18:20;SKU-004;4;25000;500;CARD
REC-20260815-STORE_05-0614;STORE_05;CASH-08;2026-08-15 13:59:17;SKU-002;1;12000;0;CARD
REC-20260815-STORE_05-0614;STORE_05;CASH-07;2026-08-15 13:59:17;SKU-003;4;45000;1000;CASH
REC-20260815-STORE_05-0614;STORE_05;CASH-03;2026-08-15 13:59:17;SKU-004;3;25000;500;CARD
REC-20260815-STORE_05-0614;STORE_05;CASH-01;2026-08-15 13:59:17;SKU-001;4;45000;0;CASH
REC-20260815-STORE_05-0614;STORE_05;CASH-10;2026-08-15 13:59:17;SKU-024;4;12000;0;CARD
REC-20260815-STORE_05-0615;STORE_05;CASH-05;2026-08-15 8:57:56;SKU-007;4;12000;1000;CARD
REC-20260815-STORE_05-0615;STORE_05;CASH-09;2026-08-15 8:57:56;SKU-001;2;45000;0;CARD
REC-20260815-STORE_05-0616;STORE_05;CASH-03;2026-08-15 8:12:26;SKU-012;3;45000;1000;CARD
REC-20260815-STORE_05-0616;STORE_05;CASH-10;2026-08-15 8:12:26;SKU-011;2;5000;0;CASH
REC-20260815-STORE_05-0616;STORE_05;CASH-06;2026-08-15 8:12:26;SKU-024;3;12000;1000;CARD
REC-20260815-STORE_05-0616;STORE_05;CASH-02;2026-08-15 8:12:26;SKU-008;2;12000;0;CARD
REC-20260815-STORE_05-0616;STORE_05;CASH-06;2026-08-15 8:12:26;SKU-038;4;12000;500;CASH
REC-20260815-STORE_05-0617;STORE_05;CASH-03;2026-08-15 13:54:51;SKU-028;4;5000;0;CASH
REC-20260815-STORE_05-0618;STORE_05;CASH-04;2026-08-15 10:20:18;SKU-005;4;5000;0;CARD
REC-20260815-STORE_05-0618;STORE_05;CASH-07;2026-08-15 10:20:18;SKU-006;2;45000;1000;CASH
REC-20260815-STORE_05-0619;STORE_05;CASH-06;2026-08-15 19:11:12;SKU-018;1;5000;500;CARD
REC-20260815-STORE_05-0619;STORE_05;CASH-06;2026-08-15 19:11:12;SKU-001;1;45000;500;CARD
REC-20260815-STORE_05-0619;STORE_05;CASH-09;2026-08-15 19:11:12;SKU-004;4;25000;1000;CASH
REC-20260815-STORE_05-0619;STORE_05;CASH-06;2026-08-15 19:11:12;SKU-018;2;5000;1000;CASH
REC-20260815-STORE_05-0620;STORE_05;CASH-02;2026-08-15 18:12:45;SKU-014;4;5000;500;CARD
REC-20260815-STORE_05-0620;STORE_05;CASH-05;2026-08-15 18:12:45;SKU-034;4;25000;0;CASH
REC-20260815-STORE_05-0621;STORE_05;CASH-05;2026-08-15 8:38:14;SKU-002;2;12000;0;CARD
REC-20260815-STORE_05-0621;STORE_05;CASH-10;2026-08-15 8:38:14;SKU-004;3;25000;0;CARD
REC-20260815-STORE_05-0621;STORE_05;CASH-03;2026-08-15 8:38:14;SKU-002;4;12000;500;CARD
REC-20260815-STORE_05-0621;STORE_05;CASH-07;2026-08-15 8:38:14;SKU-010;2;25000;0;CASH
REC-20260815-STORE_05-0621;STORE_05;CASH-07;2026-08-15 8:38:14;SKU-009;4;25000;1000;CASH
REC-20260815-STORE_05-0622;STORE_05;CASH-05;2026-08-15 19:55:30;SKU-015;4;5000;1000;CARD
REC-20260815-STORE_05-0622;STORE_05;CASH-01;2026-08-15 19:55:30;SKU-001;4;45000;0;CARD
REC-20260815-STORE_05-0622;STORE_05;CASH-09;2026-08-15 19:55:30;SKU-002;1;12000;0;CARD
REC-20260815-STORE_05-0622;STORE_05;CASH-09;2026-08-15 19:55:30;SKU-001;2;45000;0;CARD
REC-20260815-STORE_05-0622;STORE_05;CASH-09;2026-08-15 19:55:30;SKU-001;2;45000;500;CARD
REC-20260815-STORE_05-0623;STORE_05;CASH-06;2026-08-15 14:17:17;SKU-035;1;5000;0;CARD
REC-20260815-STORE_05-0623;STORE_05;CASH-07;2026-08-15 14:17:17;SKU-004;3;25000;500;CARD
REC-20260815-STORE_05-0623;STORE_05;CASH-02;2026-08-15 14:17:17;SKU-002;1;12000;1000;CARD
REC-20260815-STORE_05-0624;STORE_05;CASH-04;2026-08-15 21:56:51;SKU-048;3;25000;500;CASH
REC-20260815-STORE_05-0624;STORE_05;CASH-04;2026-08-15 21:56:51;SKU-001;2;45000;1000;CARD
REC-20260815-STORE_05-0624;STORE_05;CASH-08;2026-08-15 21:56:51;SKU-002;2;12000;1000;CASH
REC-20260815-STORE_05-0624;STORE_05;CASH-02;2026-08-15 21:56:51;SKU-006;2;45000;500;CASH
REC-20260815-STORE_05-0624;STORE_05;CASH-03;2026-08-15 21:56:51;SKU-002;3;12000;1000;CARD
REC-20260815-STORE_05-0625;STORE_05;CASH-07;2026-08-15 13:39:01;SKU-001;3;45000;500;CASH
REC-20260815-STORE_05-0625;STORE_05;CASH-07;2026-08-15 13:39:01;SKU-005;3;5000;1000;CARD
REC-20260815-STORE_05-0625;STORE_05;CASH-07;2026-08-15 13:39:01;SKU-001;4;45000;0;CARD
REC-20260815-STORE_05-0626;STORE_05;CASH-02;2026-08-15 11:22:54;SKU-039;4;5000;0;CASH
REC-20260815-STORE_05-0626;STORE_05;CASH-02;2026-08-15 11:22:54;SKU-005;1;5000;500;CASH
REC-20260815-STORE_05-0626;STORE_05;CASH-05;2026-08-15 11:22:54;SKU-002;3;12000;0;CASH
REC-20260815-STORE_05-0626;STORE_05;CASH-05;2026-08-15 11:22:54;SKU-001;3;45000;1000;CASH
REC-20260815-STORE_05-0626;STORE_05;CASH-02;2026-08-15 11:22:54;SKU-001;2;45000;500;CASH
REC-20260815-STORE_05-0627;STORE_05;CASH-01;2026-08-15 8:39:54;SKU-002;4;12000;500;CARD
REC-20260815-STORE_05-0628;STORE_05;CASH-03;2026-08-15 17:18:01;SKU-001;1;45000;1000;CARD
REC-20260815-STORE_05-0629;STORE_05;CASH-02;2026-08-15 17:20:40;SKU-001;1;45000;0;CASH
REC-20260815-STORE_05-0630;STORE_05;CASH-07;2026-08-15 15:01:05;SKU-001;1;45000;500;CARD
REC-20260815-STORE_05-0631;STORE_05;CASH-07;2026-08-15 15:23:44;SKU-012;4;45000;0;CARD
REC-20260815-STORE_05-0631;STORE_05;CASH-05;2026-08-15 15:23:44;SKU-009;2;25000;0;CASH
REC-20260815-STORE_05-0631;STORE_05;CASH-07;2026-08-15 15:23:44;SKU-001;1;45000;500;CARD
REC-20260815-STORE_05-0632;STORE_05;CASH-03;2026-08-15 18:54:36;SKU-002;1;12000;500;CARD
REC-20260815-STORE_05-0632;STORE_05;CASH-08;2026-08-15 18:54:36;SKU-027;4;5000;0;CASH
REC-20260815-STORE_05-0633;STORE_05;CASH-01;2026-08-15 19:54:36;SKU-018;3;5000;0;CARD
REC-20260815-STORE_05-0633;STORE_05;CASH-10;2026-08-15 19:54:36;SKU-003;1;45000;0;CARD
REC-20260815-STORE_05-0634;STORE_05;CASH-09;2026-08-15 8:30:15;SKU-002;4;12000;0;CARD
REC-20260815-STORE_05-0635;STORE_05;CASH-07;2026-08-15 20:40:59;SKU-005;2;5000;0;CASH
REC-20260815-STORE_05-0635;STORE_05;CASH-01;2026-08-15 20:40:59;SKU-005;1;5000;1000;CASH
REC-20260815-STORE_05-0635;STORE_05;CASH-09;2026-08-15 20:40:59;SKU-038;2;12000;0;CARD
REC-20260815-STORE_05-0636;STORE_05;CASH-07;2026-08-15 18:00:49;SKU-008;4;12000;0;CARD
REC-20260815-STORE_05-0636;STORE_05;CASH-05;2026-08-15 18:00:49;SKU-005;4;5000;1000;CARD
REC-20260815-STORE_05-0636;STORE_05;CASH-01;2026-08-15 18:00:49;SKU-014;4;5000;0;CARD
REC-20260815-STORE_05-0637;STORE_05;CASH-09;2026-08-15 12:54:16;SKU-006;2;45000;0;CARD
REC-20260815-STORE_05-0637;STORE_05;CASH-04;2026-08-15 12:54:16;SKU-015;3;5000;1000;CARD
REC-20260815-STORE_05-0637;STORE_05;CASH-01;2026-08-15 12:54:16;SKU-005;4;5000;0;CARD
REC-20260815-STORE_05-0637;STORE_05;CASH-04;2026-08-15 12:54:16;SKU-001;4;45000;0;CASH
REC-20260815-STORE_05-0638;STORE_05;CASH-10;2026-08-15 10:09:49;SKU-001;4;45000;0;CARD
REC-20260815-STORE_05-0638;STORE_05;CASH-05;2026-08-15 10:09:49;SKU-013;2;12000;500;CARD
REC-20260815-STORE_05-0638;STORE_05;CASH-09;2026-08-15 10:09:49;SKU-001;1;45000;1000;CARD
REC-20260815-STORE_05-0638;STORE_05;CASH-01;2026-08-15 10:09:49;SKU-020;1;12000;500;CASH
REC-20260815-STORE_05-0638;STORE_05;CASH-05;2026-08-15 10:09:49;SKU-014;4;5000;1000;CARD
REC-20260815-STORE_05-0639;STORE_05;CASH-06;2026-08-15 20:05:18;SKU-004;2;25000;0;CASH
REC-20260815-STORE_05-0639;STORE_05;CASH-06;2026-08-15 20:05:18;SKU-001;3;45000;0;CARD
REC-20260815-STORE_05-0639;STORE_05;CASH-03;2026-08-15 20:05:18;SKU-003;2;45000;0;CARD
REC-20260815-STORE_05-0640;STORE_05;CASH-07;2026-08-15 18:22:20;SKU-032;1;25000;0;CARD
REC-20260815-STORE_05-0640;STORE_05;CASH-05;2026-08-15 18:22:20;SKU-014;2;5000;0;CARD
REC-20260815-STORE_05-0640;STORE_05;CASH-01;2026-08-15 18:22:20;SKU-005;3;5000;0;CASH
REC-20260815-STORE_05-0640;STORE_05;CASH-09;2026-08-15 18:22:20;SKU-032;4;25000;0;CARD
REC-20260815-STORE_05-0641;STORE_05;CASH-02;2026-08-15 9:11:23;SKU-006;2;45000;0;CARD
REC-20260815-STORE_05-0641;STORE_05;CASH-02;2026-08-15 9:11:23;SKU-006;3;45000;500;CARD
REC-20260815-STORE_05-0641;STORE_05;CASH-08;2026-08-15 9:11:23;SKU-010;4;25000;0;CASH
REC-20260815-STORE_05-0641;STORE_05;CASH-01;2026-08-15 9:11:23;SKU-006;4;45000;0;CARD
REC-20260815-STORE_05-0641;STORE_05;CASH-02;2026-08-15 9:11:23;SKU-001;1;45000;0;CARD
REC-20260815-STORE_05-0642;STORE_05;CASH-10;2026-08-15 9:28:46;SKU-010;1;25000;500;CASH
REC-20260815-STORE_05-0642;STORE_05;CASH-02;2026-08-15 9:28:46;SKU-001;3;45000;0;CARD
REC-20260815-STORE_05-0642;STORE_05;CASH-07;2026-08-15 9:28:46;SKU-006;1;45000;0;CASH
REC-20260815-STORE_05-0642;STORE_05;CASH-06;2026-08-15 9:28:46;SKU-003;3;45000;0;CARD
REC-20260815-STORE_05-0642;STORE_05;CASH-10;2026-08-15 9:28:46;SKU-003;4;45000;0;CARD
REC-20260815-STORE_05-0643;STORE_05;CASH-05;2026-08-15 13:56:54;SKU-003;1;45000;0;CASH
REC-20260815-STORE_05-0643;STORE_05;CASH-03;2026-08-15 13:56:54;SKU-003;2;45000;1000;CASH
REC-20260815-STORE_05-0643;STORE_05;CASH-09;2026-08-15 13:56:54;SKU-004;2;25000;1000;CASH
REC-20260815-STORE_05-0643;STORE_05;CASH-06;2026-08-15 13:56:54;SKU-002;2;12000;0;CARD
REC-20260815-STORE_05-0643;STORE_05;CASH-02;2026-08-15 13:56:54;SKU-002;3;12000;500;CASH
REC-20260815-STORE_05-0644;STORE_05;CASH-10;2026-08-15 15:35:19;SKU-005;2;5000;0;CARD
REC-20260815-STORE_05-0644;STORE_05;CASH-08;2026-08-15 15:35:19;SKU-025;2;5000;1000;CARD
REC-20260815-STORE_05-0644;STORE_05;CASH-06;2026-08-15 15:35:19;SKU-047;1;5000;500;CARD
REC-20260815-STORE_05-0645;STORE_05;CASH-08;2026-08-15 21:23:12;SKU-001;3;45000;0;CASH
REC-20260815-STORE_05-0645;STORE_05;CASH-09;2026-08-15 21:23:12;SKU-013;1;12000;0;CASH
REC-20260815-STORE_05-0645;STORE_05;CASH-04;2026-08-15 21:23:12;SKU-024;2;12000;500;CARD
REC-20260815-STORE_05-0646;STORE_05;CASH-01;2026-08-15 14:34:00;SKU-001;2;45000;1000;CASH
REC-20260815-STORE_05-0646;STORE_05;CASH-05;2026-08-15 14:34:00;SKU-001;3;45000;500;CARD
REC-20260815-STORE_05-0646;STORE_05;CASH-08;2026-08-15 14:34:00;SKU-015;3;5000;0;CASH
REC-20260815-STORE_05-0647;STORE_05;CASH-02;2026-08-15 10:07:41;SKU-021;4;5000;0;CASH
REC-20260815-STORE_05-0647;STORE_05;CASH-02;2026-08-15 10:07:41;SKU-009;3;25000;500;CASH
REC-20260815-STORE_05-0647;STORE_05;CASH-02;2026-08-15 10:07:41;SKU-002;2;12000;500;CASH
REC-20260815-STORE_05-0647;STORE_05;CASH-07;2026-08-15 10:07:41;SKU-011;3;5000;500;CASH
REC-20260815-STORE_05-0647;STORE_05;CASH-04;2026-08-15 10:07:41;SKU-001;2;45000;0;CARD
REC-20260815-STORE_05-0648;STORE_05;CASH-07;2026-08-15 11:56:30;SKU-034;1;25000;0;CASH
REC-20260815-STORE_05-0648;STORE_05;CASH-08;2026-08-15 11:56:30;SKU-001;3;45000;0;CARD
REC-20260815-STORE_05-0648;STORE_05;CASH-10;2026-08-15 11:56:30;SKU-004;2;25000;500;CARD
REC-20260815-STORE_05-0648;STORE_05;CASH-02;2026-08-15 11:56:30;SKU-031;3;45000;1000;CARD
REC-20260815-STORE_05-0648;STORE_05;CASH-01;2026-08-15 11:56:30;SKU-019;3;25000;0;CARD
REC-20260815-STORE_05-0649;STORE_05;CASH-04;2026-08-15 20:56:53;SKU-030;3;45000;0;CARD
REC-20260815-STORE_05-0649;STORE_05;CASH-09;2026-08-15 20:56:53;SKU-019;4;25000;500;CASH
REC-20260815-STORE_05-0650;STORE_05;CASH-08;2026-08-15 12:39:28;SKU-002;1;12000;500;CARD
REC-20260815-STORE_05-0650;STORE_05;CASH-09;2026-08-15 12:39:28;SKU-020;2;12000;0;CARD
REC-20260815-STORE_05-0650;STORE_05;CASH-04;2026-08-15 12:39:28;SKU-002;3;12000;0;CASH
REC-20260815-STORE_05-0650;STORE_05;CASH-03;2026-08-15 12:39:28;SKU-004;4;25000;0;CARD
REC-20260815-STORE_05-0651;STORE_05;CASH-02;2026-08-15 16:03:48;SKU-025;2;5000;0;CARD
REC-20260815-STORE_05-0651;STORE_05;CASH-06;2026-08-15 16:03:48;SKU-007;4;12000;500;CARD
REC-20260815-STORE_05-0652;STORE_05;CASH-09;2026-08-15 11:32:21;SKU-023;1;45000;0;CASH
REC-20260815-STORE_05-0652;STORE_05;CASH-05;2026-08-15 11:32:21;SKU-016;4;25000;0;CARD
REC-20260815-STORE_05-0653;STORE_05;CASH-06;2026-08-15 19:27:25;SKU-037;2;45000;0;CARD
REC-20260815-STORE_05-0653;STORE_05;CASH-03;2026-08-15 19:27:25;SKU-002;3;12000;500;CARD
REC-20260815-STORE_05-0653;STORE_05;CASH-04;2026-08-15 19:27:25;SKU-002;1;12000;0;CARD
REC-20260815-STORE_05-0653;STORE_05;CASH-01;2026-08-15 19:27:25;SKU-002;4;12000;0;CARD
REC-20260815-STORE_05-0654;STORE_05;CASH-07;2026-08-15 15:24:16;SKU-012;1;45000;0;CARD
REC-20260815-STORE_05-0654;STORE_05;CASH-02;2026-08-15 15:24:16;SKU-001;2;45000;500;CARD
REC-20260815-STORE_05-0654;STORE_05;CASH-08;2026-08-15 15:24:16;SKU-007;3;12000;500;CARD
REC-20260815-STORE_05-0654;STORE_05;CASH-01;2026-08-15 15:24:16;SKU-002;1;12000;500;CASH
REC-20260815-STORE_05-0655;STORE_05;CASH-10;2026-08-15 13:09:34;SKU-001;4;45000;0;CASH
REC-20260815-STORE_05-0655;STORE_05;CASH-07;2026-08-15 13:09:34;SKU-002;2;12000;0;CARD
REC-20260815-STORE_05-0655;STORE_05;CASH-09;2026-08-15 13:09:34;SKU-001;4;45000;0;CASH
REC-20260815-STORE_05-0656;STORE_05;CASH-03;2026-08-15 9:41:57;SKU-001;4;45000;500;CARD
REC-20260815-STORE_05-0656;STORE_05;CASH-03;2026-08-15 9:41:57;SKU-003;2;45000;500;CASH
REC-20260815-STORE_05-0657;STORE_05;CASH-04;2026-08-15 10:47:45;SKU-001;3;45000;0;CASH
REC-20260815-STORE_05-0657;STORE_05;CASH-10;2026-08-15 10:47:45;SKU-015;1;5000;500;CASH
REC-20260815-STORE_05-0657;STORE_05;CASH-01;2026-08-15 10:47:45;SKU-004;2;25000;0;CARD
REC-20260815-STORE_05-0658;STORE_05;CASH-05;2026-08-15 12:22:38;SKU-009;2;25000;0;CASH
REC-20260815-STORE_05-0658;STORE_05;CASH-03;2026-08-15 12:22:38;SKU-008;2;12000;0;CARD
REC-20260815-STORE_05-0658;STORE_05;CASH-06;2026-08-15 12:22:38;SKU-040;4;25000;1000;CARD
REC-20260815-STORE_05-0658;STORE_05;CASH-04;2026-08-15 12:22:38;SKU-004;2;25000;1000;CARD
REC-20260815-STORE_05-0658;STORE_05;CASH-02;2026-08-15 12:22:38;SKU-004;3;25000;500;CARD
REC-20260815-STORE_05-0659;STORE_05;CASH-05;2026-08-15 8:26:22;SKU-010;2;25000;0;CARD
REC-20260815-STORE_05-0659;STORE_05;CASH-02;2026-08-15 8:26:22;SKU-041;1;25000;1000;CARD
REC-20260815-STORE_05-0659;STORE_05;CASH-01;2026-08-15 8:26:22;SKU-019;3;25000;0;CASH
REC-20260815-STORE_05-0659;STORE_05;CASH-08;2026-08-15 8:26:22;SKU-009;3;25000;1000;CARD
REC-20260815-STORE_05-0660;STORE_05;CASH-09;2026-08-15 19:19:08;SKU-002;1;12000;0;CARD
REC-20260815-STORE_05-0660;STORE_05;CASH-02;2026-08-15 19:19:08;SKU-003;1;45000;0;CARD
REC-20260815-STORE_05-0660;STORE_05;CASH-01;2026-08-15 19:19:08;SKU-025;3;5000;1000;CASH
REC-20260815-STORE_05-0660;STORE_05;CASH-10;2026-08-15 19:19:08;SKU-002;3;12000;0;CARD
REC-20260815-STORE_05-0661;STORE_05;CASH-06;2026-08-15 13:15:51;SKU-021;3;5000;0;CARD
REC-20260815-STORE_05-0661;STORE_05;CASH-09;2026-08-15 13:15:51;SKU-001;4;45000;500;CARD
REC-20260815-STORE_05-0661;STORE_05;CASH-08;2026-08-15 13:15:51;SKU-001;4;45000;500;CARD
REC-20260815-STORE_05-0661;STORE_05;CASH-03;2026-08-15 13:15:51;SKU-037;2;45000;0;CASH
REC-20260815-STORE_05-0661;STORE_05;CASH-01;2026-08-15 13:15:51;SKU-002;3;12000;1000;CARD
REC-20260815-STORE_05-0662;STORE_05;CASH-10;2026-08-15 13:45:17;SKU-002;3;12000;0;CASH
REC-20260815-STORE_05-0662;STORE_05;CASH-09;2026-08-15 13:45:17;SKU-001;4;45000;500;CARD
REC-20260815-STORE_05-0662;STORE_05;CASH-07;2026-08-15 13:45:17;SKU-002;3;12000;1000;CARD
REC-20260815-STORE_05-0662;STORE_05;CASH-10;2026-08-15 13:45:17;SKU-042;2;5000;0;CASH
REC-20260815-STORE_05-0662;STORE_05;CASH-09;2026-08-15 13:45:17;SKU-002;4;12000;0;CASH
REC-20260815-STORE_05-0663;STORE_05;CASH-09;2026-08-15 21:34:43;SKU-001;3;45000;0;CASH
REC-20260815-STORE_05-0663;STORE_05;CASH-05;2026-08-15 21:34:43;SKU-001;3;45000;1000;CARD
REC-20260815-STORE_05-0663;STORE_05;CASH-04;2026-08-15 21:34:43;SKU-005;1;5000;0;CASH
REC-20260815-STORE_05-0664;STORE_05;CASH-02;2026-08-15 20:05:07;SKU-001;1;45000;1000;CASH
REC-20260815-STORE_05-0665;STORE_05;CASH-05;2026-08-15 12:37:15;SKU-002;1;12000;500;CARD
REC-20260815-STORE_05-0665;STORE_05;CASH-10;2026-08-15 12:37:15;SKU-001;3;45000;0;CASH
REC-20260815-STORE_05-0665;STORE_05;CASH-06;2026-08-15 12:37:15;SKU-032;3;25000;500;CARD
REC-20260815-STORE_05-0665;STORE_05;CASH-08;2026-08-15 12:37:15;SKU-001;4;45000;0;CARD
REC-20260815-STORE_05-0665;STORE_05;CASH-03;2026-08-15 12:37:15;SKU-003;2;45000;500;CARD
REC-20260815-STORE_05-0666;STORE_05;CASH-09;2026-08-15 11:20:52;SKU-001;3;45000;0;CARD
REC-20260815-STORE_05-0666;STORE_05;CASH-03;2026-08-15 11:20:52;SKU-011;4;5000;0;CARD
REC-20260815-STORE_05-0666;STORE_05;CASH-02;2026-08-15 11:20:52;SKU-010;2;25000;0;CARD
REC-20260815-STORE_05-0667;STORE_05;CASH-05;2026-08-15 21:50:56;SKU-003;2;45000;0;CASH
REC-20260815-STORE_05-0667;STORE_05;CASH-03;2026-08-15 21:50:56;SKU-001;2;45000;0;CARD
REC-20260815-STORE_05-0667;STORE_05;CASH-05;2026-08-15 21:50:56;SKU-015;2;5000;500;CARD
REC-20260815-STORE_05-0667;STORE_05;CASH-06;2026-08-15 21:50:56;SKU-001;4;45000;0;CASH
REC-20260815-STORE_05-0668;STORE_05;CASH-10;2026-08-15 11:26:29;SKU-004;4;25000;0;CASH
REC-20260815-STORE_05-0668;STORE_05;CASH-10;2026-08-15 11:26:29;SKU-005;4;5000;500;CARD
REC-20260815-STORE_05-0668;STORE_05;CASH-04;2026-08-15 11:26:29;SKU-002;4;12000;0;CARD
REC-20260815-STORE_05-0669;STORE_05;CASH-02;2026-08-15 16:13:42;SKU-002;4;12000;0;CARD
REC-20260815-STORE_05-0669;STORE_05;CASH-01;2026-08-15 16:13:42;SKU-001;4;45000;0;CASH
REC-20260815-STORE_05-0669;STORE_05;CASH-06;2026-08-15 16:13:42;SKU-018;2;5000;1000;CARD
REC-20260815-STORE_05-0670;STORE_05;CASH-03;2026-08-15 11:23:03;SKU-001;1;45000;0;CASH
REC-20260815-STORE_05-0670;STORE_05;CASH-05;2026-08-15 11:23:03;SKU-004;3;25000;500;CARD
REC-20260815-STORE_05-0670;STORE_05;CASH-05;2026-08-15 11:23:03;SKU-018;3;5000;1000;CARD
REC-20260815-STORE_05-0670;STORE_05;CASH-05;2026-08-15 11:23:03;SKU-019;4;25000;0;CARD
REC-20260815-STORE_05-0670;STORE_05;CASH-02;2026-08-15 11:23:03;SKU-002;3;12000;0;CASH
REC-20260815-STORE_05-0671;STORE_05;CASH-04;2026-08-15 11:51:52;SKU-042;1;5000;1000;CARD
REC-20260815-STORE_05-0671;STORE_05;CASH-02;2026-08-15 11:51:52;SKU-025;4;5000;0;CARD
REC-20260815-STORE_05-0671;STORE_05;CASH-08;2026-08-15 11:51:52;SKU-025;3;5000;0;CARD
REC-20260815-STORE_05-0672;STORE_05;CASH-07;2026-08-15 21:07:34;SKU-016;2;25000;0;CARD
REC-20260815-STORE_05-0672;STORE_05;CASH-02;2026-08-15 21:07:34;SKU-012;4;45000;1000;CARD
REC-20260815-STORE_05-0673;STORE_05;CASH-09;2026-08-15 19:42:04;SKU-001;3;45000;500;CARD
REC-20260815-STORE_05-0673;STORE_05;CASH-09;2026-08-15 19:42:04;SKU-003;2;45000;0;CASH
REC-20260815-STORE_05-0674;STORE_05;CASH-04;2026-08-15 15:38:59;SKU-037;4;45000;1000;CARD
REC-20260815-STORE_05-0674;STORE_05;CASH-02;2026-08-15 15:38:59;SKU-003;3;45000;0;CARD
REC-20260815-STORE_05-0674;STORE_05;CASH-07;2026-08-15 15:38:59;SKU-007;1;12000;500;CARD
REC-20260815-STORE_05-0674;STORE_05;CASH-10;2026-08-15 15:38:59;SKU-004;2;25000;500;CARD
REC-20260815-STORE_05-0675;STORE_05;CASH-10;2026-08-15 14:30:33;SKU-006;3;45000;0;CARD
REC-20260815-STORE_05-0676;STORE_05;CASH-02;2026-08-15 21:24:21;SKU-008;2;12000;500;CARD
REC-20260815-STORE_05-0676;STORE_05;CASH-03;2026-08-15 21:24:21;SKU-005;3;5000;1000;CARD
REC-20260815-STORE_05-0676;STORE_05;CASH-05;2026-08-15 21:24:21;SKU-022;3;12000;0;CARD
REC-20260815-STORE_05-0677;STORE_05;CASH-09;2026-08-15 10:04:22;SKU-007;2;12000;500;CARD
REC-20260815-STORE_05-0678;STORE_05;CASH-03;2026-08-15 16:45:23;SKU-021;2;5000;0;CARD
REC-20260815-STORE_05-0678;STORE_05;CASH-03;2026-08-15 16:45:23;SKU-032;4;25000;0;CASH
REC-20260815-STORE_05-0678;STORE_05;CASH-02;2026-08-15 16:45:23;SKU-018;1;5000;1000;CASH
REC-20260815-STORE_05-0679;STORE_05;CASH-01;2026-08-15 9:16:12;SKU-006;3;45000;500;CASH
REC-20260815-STORE_05-0679;STORE_05;CASH-04;2026-08-15 9:16:12;SKU-002;2;12000;500;CARD
REC-20260815-STORE_05-0679;STORE_05;CASH-01;2026-08-15 9:16:12;SKU-011;1;5000;0;CARD
REC-20260815-STORE_05-0679;STORE_05;CASH-10;2026-08-15 9:16:12;SKU-005;1;5000;0;CARD
REC-20260815-STORE_05-0679;STORE_05;CASH-01;2026-08-15 9:16:12;SKU-001;1;45000;0;CARD
REC-20260815-STORE_05-0680;STORE_05;CASH-02;2026-08-15 19:12:12;SKU-014;2;5000;1000;CARD
REC-20260815-STORE_05-0680;STORE_05;CASH-02;2026-08-15 19:12:12;SKU-001;1;45000;0;CASH
REC-20260815-STORE_05-0680;STORE_05;CASH-01;2026-08-15 19:12:12;SKU-041;2;25000;0;CASH
REC-20260815-STORE_05-0680;STORE_05;CASH-05;2026-08-15 19:12:12;SKU-021;3;5000;0;CASH
REC-20260815-STORE_05-0681;STORE_05;CASH-06;2026-08-15 12:38:11;SKU-006;2;45000;0;CASH
REC-20260815-STORE_05-0681;STORE_05;CASH-09;2026-08-15 12:38:11;SKU-045;1;45000;0;CARD
REC-20260815-STORE_05-0681;STORE_05;CASH-07;2026-08-15 12:38:11;SKU-006;2;45000;1000;CASH
REC-20260815-STORE_05-0682;STORE_05;CASH-09;2026-08-15 11:11:48;SKU-003;1;45000;0;CASH
REC-20260815-STORE_05-0682;STORE_05;CASH-08;2026-08-15 11:11:48;SKU-002;1;12000;0;CASH
REC-20260815-STORE_05-0682;STORE_05;CASH-08;2026-08-15 11:11:48;SKU-016;1;25000;0;CARD
REC-20260815-STORE_05-0683;STORE_05;CASH-01;2026-08-15 15:30:48;SKU-001;1;45000;1000;CARD
REC-20260815-STORE_05-0683;STORE_05;CASH-06;2026-08-15 15:30:48;SKU-001;2;45000;0;CASH
REC-20260815-STORE_05-0683;STORE_05;CASH-05;2026-08-15 15:30:48;SKU-007;1;12000;0;CASH
REC-20260815-STORE_05-0684;STORE_05;CASH-09;2026-08-15 11:06:25;SKU-001;2;45000;0;CARD
REC-20260815-STORE_05-0684;STORE_05;CASH-07;2026-08-15 11:06:25;SKU-006;1;45000;1000;CASH
REC-20260815-STORE_05-0684;STORE_05;CASH-05;2026-08-15 11:06:25;SKU-001;2;45000;0;CASH
REC-20260815-STORE_05-0684;STORE_05;CASH-09;2026-08-15 11:06:25;SKU-002;1;12000;1000;CASH
REC-20260815-STORE_05-0684;STORE_05;CASH-03;2026-08-15 11:06:25;SKU-012;2;45000;0;CARD
REC-20260815-STORE_05-0685;STORE_05;CASH-09;2026-08-15 11:44:08;SKU-015;4;5000;0;CARD
REC-20260815-STORE_05-0685;STORE_05;CASH-02;2026-08-15 11:44:08;SKU-001;2;45000;0;CASH
REC-20260815-STORE_05-0685;STORE_05;CASH-03;2026-08-15 11:44:08;SKU-001;3;45000;0;CARD
REC-20260815-STORE_05-0685;STORE_05;CASH-03;2026-08-15 11:44:08;SKU-020;1;12000;0;CARD
REC-20260815-STORE_05-0686;STORE_05;CASH-10;2026-08-15 17:55:34;SKU-001;3;45000;0;CARD
REC-20260815-STORE_05-0686;STORE_05;CASH-09;2026-08-15 17:55:34;SKU-001;4;45000;0;CARD
REC-20260815-STORE_05-0686;STORE_05;CASH-10;2026-08-15 17:55:34;SKU-017;4;12000;0;CARD
REC-20260815-STORE_05-0687;STORE_05;CASH-03;2026-08-15 21:18:29;SKU-002;1;12000;0;CARD
REC-20260815-STORE_05-0687;STORE_05;CASH-06;2026-08-15 21:18:29;SKU-041;4;25000;0;CARD
REC-20260815-STORE_05-0687;STORE_05;CASH-06;2026-08-15 21:18:29;SKU-001;4;45000;1000;CARD
REC-20260815-STORE_05-0688;STORE_05;CASH-06;2026-08-15 16:48:40;SKU-001;3;45000;500;CARD
REC-20260815-STORE_05-0688;STORE_05;CASH-04;2026-08-15 16:48:40;SKU-003;4;45000;0;CARD
REC-20260815-STORE_05-0688;STORE_05;CASH-04;2026-08-15 16:48:40;SKU-014;4;5000;0;CASH
REC-20260815-STORE_05-0689;STORE_05;CASH-02;2026-08-15 8:44:31;SKU-003;1;45000;0;CASH
REC-20260815-STORE_05-0690;STORE_05;CASH-04;2026-08-15 8:43:35;SKU-032;4;25000;500;CASH
REC-20260815-STORE_05-0690;STORE_05;CASH-05;2026-08-15 8:43:35;SKU-028;4;5000;0;CARD
REC-20260815-STORE_05-0691;STORE_05;CASH-06;2026-08-15 12:30:34;SKU-001;3;45000;0;CASH
REC-20260815-STORE_05-0691;STORE_05;CASH-03;2026-08-15 12:30:34;SKU-001;1;45000;1000;CARD
REC-20260815-STORE_05-0691;STORE_05;CASH-10;2026-08-15 12:30:34;SKU-001;4;45000;0;CASH
REC-20260815-STORE_05-0692;STORE_05;CASH-01;2026-08-15 11:13:20;SKU-003;1;45000;0;CARD
REC-20260815-STORE_05-0692;STORE_05;CASH-08;2026-08-15 11:13:20;SKU-005;2;5000;500;CARD
REC-20260815-STORE_05-0692;STORE_05;CASH-10;2026-08-15 11:13:20;SKU-001;1;45000;0;CARD
REC-20260815-STORE_05-0692;STORE_05;CASH-04;2026-08-15 11:13:20;SKU-032;4;25000;500;CARD
REC-20260815-STORE_05-0693;STORE_05;CASH-05;2026-08-15 10:38:05;SKU-026;2;12000;0;CARD
REC-20260815-STORE_05-0693;STORE_05;CASH-04;2026-08-15 10:38:05;SKU-001;3;45000;0;CARD
REC-20260815-STORE_05-0693;STORE_05;CASH-08;2026-08-15 10:38:05;SKU-013;2;12000;0;CASH
REC-20260815-STORE_05-0693;STORE_05;CASH-10;2026-08-15 10:38:05;SKU-010;3;25000;1000;CARD
REC-20260815-STORE_05-0693;STORE_05;CASH-01;2026-08-15 10:38:05;SKU-003;1;45000;1000;CASH
REC-20260815-STORE_05-0694;STORE_05;CASH-08;2026-08-15 19:24:45;SKU-003;2;45000;500;CARD
REC-20260815-STORE_05-0695;STORE_05;CASH-09;2026-08-15 18:36:57;SKU-026;1;12000;500;CARD
REC-20260815-STORE_05-0695;STORE_05;CASH-09;2026-08-15 18:36:57;SKU-001;1;45000;0;CARD
REC-20260815-STORE_05-0696;STORE_05;CASH-07;2026-08-15 21:25:47;SKU-014;1;5000;0;CARD
REC-20260815-STORE_05-0696;STORE_05;CASH-09;2026-08-15 21:25:47;SKU-001;3;45000;500;CASH
REC-20260815-STORE_05-0697;STORE_05;CASH-01;2026-08-15 12:10:47;SKU-001;2;45000;0;CARD
REC-20260815-STORE_05-0697;STORE_05;CASH-04;2026-08-15 12:10:47;SKU-013;3;12000;1000;CARD
REC-20260815-STORE_05-0697;STORE_05;CASH-03;2026-08-15 12:10:47;SKU-003;1;45000;1000;CARD
REC-20260815-STORE_05-0697;STORE_05;CASH-04;2026-08-15 12:10:47;SKU-001;3;45000;0;CASH
REC-20260815-STORE_05-0697;STORE_05;CASH-08;2026-08-15 12:10:47;SKU-007;4;12000;0;CARD
REC-20260815-STORE_05-0698;STORE_05;CASH-01;2026-08-15 11:25:54;SKU-001;4;45000;500;CARD
REC-20260815-STORE_05-0698;STORE_05;CASH-02;2026-08-15 11:25:54;SKU-025;2;5000;0;CARD
REC-20260815-STORE_05-0698;STORE_05;CASH-02;2026-08-15 11:25:54;SKU-022;3;12000;500;CARD
REC-20260815-STORE_05-0699;STORE_05;CASH-06;2026-08-15 16:54:44;SKU-035;4;5000;0;CARD
REC-20260815-STORE_05-0699;STORE_05;CASH-10;2026-08-15 16:54:44;SKU-004;3;25000;0;CASH
REC-20260815-STORE_05-0699;STORE_05;CASH-08;2026-08-15 16:54:44;SKU-004;2;25000;0;CARD
REC-20260815-STORE_05-0699;STORE_05;CASH-04;2026-08-15 16:54:44;SKU-001;3;45000;1000;CARD
REC-20260815-STORE_05-0700;STORE_05;CASH-08;2026-08-15 12:51:08;SKU-013;2;12000;0;CARD
